f1048   c31182944    i45029070    A:08 X:FF Y:08 S:DB P:nvUbdIzc  $06:8119: C6 F3    DEC $F3 = #$07
f1048   c31182949    i45029071    A:08 X:FF Y:08 S:DB P:nvUbdIzc  $06:811B: D0 AD    BNE $80CA
f1048   c31182953    i45029072    A:08 X:FF Y:08 S:DB P:nvUbdIzc  $06:80CA: AD 06 07 LDA $0706 = #$3C
f1048   c31182957    i45029073    A:3C X:FF Y:08 S:DB P:nvUbdIzc  $06:80CD: 4A       LSR
f1048   c31182959    i45029074    A:1E X:FF Y:08 S:DB P:nvUbdIzc  $06:80CE: 90 02    BCC $80D2
f1048   c31182962    i45029075    A:1E X:FF Y:08 S:DB P:nvUbdIzc  $06:80D2: 8D 06 07 STA $0706 = #$3C
f1048   c31182966    i45029076    A:1E X:FF Y:08 S:DB P:nvUbdIzc  $06:80D5: 90 35    BCC $810C
f1048   c31182970    i45029077    A:1E X:FF Y:08 S:DB P:nvUbdIzc  $06:810C: 18       CLC
f1048   c31182972    i45029078    A:1E X:FF Y:08 S:DB P:nvUbdIzc  $06:810D: A9 10    LDA #$10
f1048   c31182974    i45029079    A:10 X:FF Y:08 S:DB P:nvUbdIzc  $06:810F: 65 F0    ADC $F0 = #$47
f1048   c31182977    i45029080    A:57 X:FF Y:08 S:DB P:nvUbdIzc  $06:8111: 85 F0    STA $F0 = #$47
f1048   c31182980    i45029081    A:57 X:FF Y:08 S:DB P:nvUbdIzc  $06:8113: A9 04    LDA #$04
f1048   c31182982    i45029082    A:04 X:FF Y:08 S:DB P:nvUbdIzc  $06:8115: 65 F2    ADC $F2 = #$08
f1048   c31182985    i45029083    A:0C X:FF Y:08 S:DB P:nvUbdIzc  $06:8117: 85 F2    STA $F2 = #$08
f1048   c31182988    i45029084    A:0C X:FF Y:08 S:DB P:nvUbdIzc  $06:8119: C6 F3    DEC $F3 = #$06
f1048   c31182993    i45029085    A:0C X:FF Y:08 S:DB P:nvUbdIzc  $06:811B: D0 AD    BNE $80CA
f1048   c31182997    i45029086    A:0C X:FF Y:08 S:DB P:nvUbdIzc  $06:80CA: AD 06 07 LDA $0706 = #$1E
f1048   c31183001    i45029087    A:1E X:FF Y:08 S:DB P:nvUbdIzc  $06:80CD: 4A       LSR
f1048   c31183003    i45029088    A:0F X:FF Y:08 S:DB P:nvUbdIzc  $06:80CE: 90 02    BCC $80D2
f1048   c31183006    i45029089    A:0F X:FF Y:08 S:DB P:nvUbdIzc  $06:80D2: 8D 06 07 STA $0706 = #$1E
f1048   c31183010    i45029090    A:0F X:FF Y:08 S:DB P:nvUbdIzc  $06:80D5: 90 35    BCC $810C
f1048   c31183014    i45029091    A:0F X:FF Y:08 S:DB P:nvUbdIzc  $06:810C: 18       CLC
f1048   c31183016    i45029092    A:0F X:FF Y:08 S:DB P:nvUbdIzc  $06:810D: A9 10    LDA #$10
f1048   c31183018    i45029093    A:10 X:FF Y:08 S:DB P:nvUbdIzc  $06:810F: 65 F0    ADC $F0 = #$57
f1048   c31183021    i45029094    A:67 X:FF Y:08 S:DB P:nvUbdIzc  $06:8111: 85 F0    STA $F0 = #$57
f1048   c31183024    i45029095    A:67 X:FF Y:08 S:DB P:nvUbdIzc  $06:8113: A9 04    LDA #$04
f1048   c31183026    i45029096    A:04 X:FF Y:08 S:DB P:nvUbdIzc  $06:8115: 65 F2    ADC $F2 = #$0C
f1048   c31183029    i45029097    A:10 X:FF Y:08 S:DB P:nvUbdIzc  $06:8117: 85 F2    STA $F2 = #$0C
f1048   c31183032    i45029098    A:10 X:FF Y:08 S:DB P:nvUbdIzc  $06:8119: C6 F3    DEC $F3 = #$05
f1048   c31183037    i45029099    A:10 X:FF Y:08 S:DB P:nvUbdIzc  $06:811B: D0 AD    BNE $80CA
f1048   c31183045    i45029100    A:10 X:FF Y:08 S:DB P:nvUbdIzc  $06:80CA: AD 06 07 LDA $0706 = #$0F
f1048   c31183049    i45029101    A:0F X:FF Y:08 S:DB P:nvUbdIzc  $06:80CD: 4A       LSR
f1048   c31183051    i45029102    A:07 X:FF Y:08 S:DB P:nvUbdIzC  $06:80CE: 90 02    BCC $80D2
f1048   c31183053    i45029103    A:07 X:FF Y:08 S:DB P:nvUbdIzC  $06:80D0: 09 80    ORA #$80
f1048   c31183055    i45029104    A:87 X:FF Y:08 S:DB P:NvUbdIzC  $06:80D2: 8D 06 07 STA $0706 = #$0F
f1048   c31183059    i45029105    A:87 X:FF Y:08 S:DB P:NvUbdIzC  $06:80D5: 90 35    BCC $810C
f1048   c31183061    i45029106    A:87 X:FF Y:08 S:DB P:NvUbdIzC  $06:80D7: A6 F2    LDX $F2 = #$10
f1048   c31183064    i45029107    A:87 X:10 Y:08 S:DB P:nvUbdIzC  $06:80D9: DE 07 07 DEC $0707,X @ $0717 = #$06
f1048   c31183071    i45029108    A:87 X:10 Y:08 S:DB P:nvUbdIzC  $06:80DC: D0 03    BNE $80E1
f1048   c31183074    i45029109    A:87 X:10 Y:08 S:DB P:nvUbdIzC  $06:80E1: A6 F2    LDX $F2 = #$10
f1048   c31183077    i45029110    A:87 X:10 Y:08 S:DB P:nvUbdIzC  $06:80E3: DE 09 07 DEC $0709,X @ $0719 = #$FF
f1048   c31183084    i45029111    A:87 X:10 Y:08 S:DB P:NvUbdIzC  $06:80E6: D0 21    BNE $8109
f1049   c31212703    i45038469    A:08 X:FF Y:08 S:DB P:nvUbdIzc  $06:8119: C6 F3    DEC $F3 = #$07
f1049   c31212708    i45038470    A:08 X:FF Y:08 S:DB P:nvUbdIzc  $06:811B: D0 AD    BNE $80CA
f1049   c31212712    i45038471    A:08 X:FF Y:08 S:DB P:nvUbdIzc  $06:80CA: AD 06 07 LDA $0706 = #$3C
f1049   c31212716    i45038472    A:3C X:FF Y:08 S:DB P:nvUbdIzc  $06:80CD: 4A       LSR
f1049   c31212718    i45038473    A:1E X:FF Y:08 S:DB P:nvUbdIzc  $06:80CE: 90 02    BCC $80D2
f1049   c31212721    i45038474    A:1E X:FF Y:08 S:DB P:nvUbdIzc  $06:80D2: 8D 06 07 STA $0706 = #$3C
f1049   c31212725    i45038475    A:1E X:FF Y:08 S:DB P:nvUbdIzc  $06:80D5: 90 35    BCC $810C
f1049   c31212729    i45038476    A:1E X:FF Y:08 S:DB P:nvUbdIzc  $06:810C: 18       CLC
f1049   c31212731    i45038477    A:1E X:FF Y:08 S:DB P:nvUbdIzc  $06:810D: A9 10    LDA #$10
f1049   c31212733    i45038478    A:10 X:FF Y:08 S:DB P:nvUbdIzc  $06:810F: 65 F0    ADC $F0 = #$47
f1049   c31212736    i45038479    A:57 X:FF Y:08 S:DB P:nvUbdIzc  $06:8111: 85 F0    STA $F0 = #$47
f1049   c31212739    i45038480    A:57 X:FF Y:08 S:DB P:nvUbdIzc  $06:8113: A9 04    LDA #$04
f1049   c31212741    i45038481    A:04 X:FF Y:08 S:DB P:nvUbdIzc  $06:8115: 65 F2    ADC $F2 = #$08
f1049   c31212744    i45038482    A:0C X:FF Y:08 S:DB P:nvUbdIzc  $06:8117: 85 F2    STA $F2 = #$08
f1049   c31212747    i45038483    A:0C X:FF Y:08 S:DB P:nvUbdIzc  $06:8119: C6 F3    DEC $F3 = #$06
f1049   c31212752    i45038484    A:0C X:FF Y:08 S:DB P:nvUbdIzc  $06:811B: D0 AD    BNE $80CA
f1049   c31212756    i45038485    A:0C X:FF Y:08 S:DB P:nvUbdIzc  $06:80CA: AD 06 07 LDA $0706 = #$1E
f1049   c31212760    i45038486    A:1E X:FF Y:08 S:DB P:nvUbdIzc  $06:80CD: 4A       LSR
f1049   c31212762    i45038487    A:0F X:FF Y:08 S:DB P:nvUbdIzc  $06:80CE: 90 02    BCC $80D2
f1049   c31212765    i45038488    A:0F X:FF Y:08 S:DB P:nvUbdIzc  $06:80D2: 8D 06 07 STA $0706 = #$1E
f1049   c31212769    i45038489    A:0F X:FF Y:08 S:DB P:nvUbdIzc  $06:80D5: 90 35    BCC $810C
f1049   c31212773    i45038490    A:0F X:FF Y:08 S:DB P:nvUbdIzc  $06:810C: 18       CLC
f1049   c31212775    i45038491    A:0F X:FF Y:08 S:DB P:nvUbdIzc  $06:810D: A9 10    LDA #$10
f1049   c31212777    i45038492    A:10 X:FF Y:08 S:DB P:nvUbdIzc  $06:810F: 65 F0    ADC $F0 = #$57
f1049   c31212780    i45038493    A:67 X:FF Y:08 S:DB P:nvUbdIzc  $06:8111: 85 F0    STA $F0 = #$57
f1049   c31212783    i45038494    A:67 X:FF Y:08 S:DB P:nvUbdIzc  $06:8113: A9 04    LDA #$04
f1049   c31212785    i45038495    A:04 X:FF Y:08 S:DB P:nvUbdIzc  $06:8115: 65 F2    ADC $F2 = #$0C
f1049   c31212788    i45038496    A:10 X:FF Y:08 S:DB P:nvUbdIzc  $06:8117: 85 F2    STA $F2 = #$0C
f1049   c31212791    i45038497    A:10 X:FF Y:08 S:DB P:nvUbdIzc  $06:8119: C6 F3    DEC $F3 = #$05
f1049   c31212796    i45038498    A:10 X:FF Y:08 S:DB P:nvUbdIzc  $06:811B: D0 AD    BNE $80CA
f1049   c31212800    i45038499    A:10 X:FF Y:08 S:DB P:nvUbdIzc  $06:80CA: AD 06 07 LDA $0706 = #$0F
f1049   c31212804    i45038500    A:0F X:FF Y:08 S:DB P:nvUbdIzc  $06:80CD: 4A       LSR
f1049   c31212806    i45038501    A:07 X:FF Y:08 S:DB P:nvUbdIzC  $06:80CE: 90 02    BCC $80D2
f1049   c31212808    i45038502    A:07 X:FF Y:08 S:DB P:nvUbdIzC  $06:80D0: 09 80    ORA #$80
f1049   c31212810    i45038503    A:87 X:FF Y:08 S:DB P:NvUbdIzC  $06:80D2: 8D 06 07 STA $0706 = #$0F
f1049   c31212814    i45038504    A:87 X:FF Y:08 S:DB P:NvUbdIzC  $06:80D5: 90 35    BCC $810C
f1049   c31212816    i45038505    A:87 X:FF Y:08 S:DB P:NvUbdIzC  $06:80D7: A6 F2    LDX $F2 = #$10
f1049   c31212819    i45038506    A:87 X:10 Y:08 S:DB P:nvUbdIzC  $06:80D9: DE 07 07 DEC $0707,X @ $0717 = #$05
f1049   c31212826    i45038507    A:87 X:10 Y:08 S:DB P:nvUbdIzC  $06:80DC: D0 03    BNE $80E1
f1049   c31212829    i45038508    A:87 X:10 Y:08 S:DB P:nvUbdIzC  $06:80E1: A6 F2    LDX $F2 = #$10
f1049   c31212832    i45038509    A:87 X:10 Y:08 S:DB P:nvUbdIzC  $06:80E3: DE 09 07 DEC $0709,X @ $0719 = #$FE
f1049   c31212839    i45038510    A:87 X:10 Y:08 S:DB P:NvUbdIzC  $06:80E6: D0 21    BNE $8109
f1050   c31240918    i45047443    A:00 X:1C Y:01 S:DB P:nvUbdIzC  $01:A036: BD EB 05 LDA $05EB,X @ $0607 = #$00
f1050   c31240923    i45047444    A:00 X:1C Y:01 S:DB P:nvUbdIZC  $01:A039: 8D 07 20 STA $2007 = #$00
f1050   c31240927    i45047445    A:00 X:1C Y:01 S:DB P:nvUbdIZC  $01:A03C: E8       INX
f1050   c31240929    i45047446    A:00 X:1D Y:01 S:DB P:nvUbdIzC  $01:A03D: 88       DEY
f1050   c31240931    i45047447    A:00 X:1D Y:00 S:DB P:nvUbdIZC  $01:A03E: D0 F6    BNE $A036
f1050   c31240933    i45047448    A:00 X:1D Y:00 S:DB P:nvUbdIZC  $01:A040: E8       INX
f1050   c31240935    i45047449    A:00 X:1E Y:00 S:DB P:nvUbdIzC  $01:A041: E8       INX
f1050   c31240937    i45047450    A:00 X:1F Y:00 S:DB P:nvUbdIzC  $01:A042: E8       INX
f1050   c31240939    i45047451    A:00 X:20 Y:00 S:DB P:nvUbdIzC  $01:A043: BD E8 05 LDA $05E8,X @ $0608 = #$04
f1050   c31240944    i45047452    A:04 X:20 Y:00 S:DB P:nvUbdIzC  $01:A046: D0 D3    BNE $A01B
f1050   c31240947    i45047453    A:04 X:20 Y:00 S:DB P:nvUbdIzC  $01:A01B: A0 80    LDY #$80
f1050   c31240949    i45047454    A:04 X:20 Y:80 S:DB P:NvUbdIzC  $01:A01D: BD E8 05 LDA $05E8,X @ $0608 = #$04
f1050   c31240954    i45047455    A:04 X:20 Y:80 S:DB P:nvUbdIzC  $01:A020: 10 04    BPL $A026
f1050   c31240957    i45047456    A:04 X:20 Y:80 S:DB P:nvUbdIzC  $01:A026: 8C 00 20 STY $2000 = #$80
f1050   c31240961    i45047457    A:04 X:20 Y:80 S:DB P:nvUbdIzC  $01:A029: A8       TAY
f1050   c31240963    i45047458    A:04 X:20 Y:04 S:DB P:nvUbdIzC  $01:A02A: BD EA 05 LDA $05EA,X @ $060A = #$20
f1050   c31240968    i45047459    A:20 X:20 Y:04 S:DB P:nvUbdIzC  $01:A02D: 8D 06 20 STA $2006 = #$1C
f1050   c31240972    i45047460    A:20 X:20 Y:04 S:DB P:nvUbdIzC  $01:A030: BD E9 05 LDA $05E9,X @ $0609 = #$38
f1050   c31240977    i45047461    A:38 X:20 Y:04 S:DB P:nvUbdIzC  $01:A033: 8D 06 20 STA $2006 = #$1C
f1050   c31240981    i45047462    A:38 X:20 Y:04 S:DB P:nvUbdIzC  $01:A036: BD EB 05 LDA $05EB,X @ $060B = #$00
f1050   c31240986    i45047463    A:00 X:20 Y:04 S:DB P:nvUbdIZC  $01:A039: 8D 07 20 STA $2007 = #$00
f1050   c31240990    i45047464    A:00 X:20 Y:04 S:DB P:nvUbdIZC  $01:A03C: E8       INX
f1050   c31240992    i45047465    A:00 X:21 Y:04 S:DB P:nvUbdIzC  $01:A03D: 88       DEY
f1050   c31240994    i45047466    A:00 X:21 Y:03 S:DB P:nvUbdIzC  $01:A03E: D0 F6    BNE $A036
f1050   c31240997    i45047467    A:00 X:21 Y:03 S:DB P:nvUbdIzC  $01:A036: BD EB 05 LDA $05EB,X @ $060C = #$00
f1050   c31241002    i45047468    A:00 X:21 Y:03 S:DB P:nvUbdIZC  $01:A039: 8D 07 20 STA $2007 = #$00
f1050   c31241006    i45047469    A:00 X:21 Y:03 S:DB P:nvUbdIZC  $01:A03C: E8       INX
f1050   c31241008    i45047470    A:00 X:22 Y:03 S:DB P:nvUbdIzC  $01:A03D: 88       DEY
f1050   c31241010    i45047471    A:00 X:22 Y:02 S:DB P:nvUbdIzC  $01:A03E: D0 F6    BNE $A036
f1050   c31241013    i45047472    A:00 X:22 Y:02 S:DB P:nvUbdIzC  $01:A036: BD EB 05 LDA $05EB,X @ $060D = #$00
f1050   c31241018    i45047473    A:00 X:22 Y:02 S:DB P:nvUbdIZC  $01:A039: 8D 07 20 STA $2007 = #$00
f1050   c31241022    i45047474    A:00 X:22 Y:02 S:DB P:nvUbdIZC  $01:A03C: E8       INX
f1050   c31241024    i45047475    A:00 X:23 Y:02 S:DB P:nvUbdIzC  $01:A03D: 88       DEY
f1050   c31241026    i45047476    A:00 X:23 Y:01 S:DB P:nvUbdIzC  $01:A03E: D0 F6    BNE $A036
f1050   c31241029    i45047477    A:00 X:23 Y:01 S:DB P:nvUbdIzC  $01:A036: BD EB 05 LDA $05EB,X @ $060E = #$00
f1050   c31241034    i45047478    A:00 X:23 Y:01 S:DB P:nvUbdIZC  $01:A039: 8D 07 20 STA $2007 = #$00
f1050   c31241038    i45047479    A:00 X:23 Y:01 S:DB P:nvUbdIZC  $01:A03C: E8       INX
f1050   c31241040    i45047480    A:00 X:24 Y:01 S:DB P:nvUbdIzC  $01:A03D: 88       DEY
f1050   c31241042    i45047481    A:00 X:24 Y:00 S:DB P:nvUbdIZC  $01:A03E: D0 F6    BNE $A036
f1050   c31241044    i45047482    A:00 X:24 Y:00 S:DB P:nvUbdIZC  $01:A040: E8       INX
f1050   c31241046    i45047483    A:00 X:25 Y:00 S:DB P:nvUbdIzC  $01:A041: E8       INX
f1050   c31241048    i45047484    A:00 X:26 Y:00 S:DB P:nvUbdIzC  $01:A042: E8       INX
f1050   c31241858    i45047738    A:00 X:01 Y:07 S:DB P:nvUbdIzc  $01:A0ED: BD 15 40 LDA $4015,X @ $4016 = #$00
f1050   c31241862    i45047739    A:40 X:01 Y:07 S:DB P:nvUbdIzc  $01:A0F0: 4A       LSR
f1050   c31241864    i45047740    A:20 X:01 Y:07 S:DB P:nvUbdIzc  $01:A0F1: 26 3F    ROL $3F = #$00
f1050   c31241869    i45047741    A:20 X:01 Y:07 S:DB P:nvUbdIZc  $01:A0F3: 29 01    AND #$01
f1050   c31241871    i45047742    A:00 X:01 Y:07 S:DB P:nvUbdIZc  $01:A0F5: 05 3F    ORA $3F = #$00
f1050   c31241874    i45047743    A:00 X:01 Y:07 S:DB P:nvUbdIZc  $01:A0F7: 85 3F    STA $3F = #$00
f1050   c31241877    i45047744    A:00 X:01 Y:07 S:DB P:nvUbdIZc  $01:A0F9: 88       DEY
f1050   c31241879    i45047745    A:00 X:01 Y:06 S:DB P:nvUbdIzc  $01:A0FA: D0 F1    BNE $A0ED
f1050   c31241882    i45047746    A:00 X:01 Y:06 S:DB P:nvUbdIzc  $01:A0ED: BD 15 40 LDA $4015,X @ $4016 = #$00
f1050   c31241886    i45047747    A:40 X:01 Y:06 S:DB P:nvUbdIzc  $01:A0F0: 4A       LSR
f1050   c31241888    i45047748    A:20 X:01 Y:06 S:DB P:nvUbdIzc  $01:A0F1: 26 3F    ROL $3F = #$00
f1050   c31241893    i45047749    A:20 X:01 Y:06 S:DB P:nvUbdIZc  $01:A0F3: 29 01    AND #$01
f1050   c31241895    i45047750    A:00 X:01 Y:06 S:DB P:nvUbdIZc  $01:A0F5: 05 3F    ORA $3F = #$00
f1050   c31241898    i45047751    A:00 X:01 Y:06 S:DB P:nvUbdIZc  $01:A0F7: 85 3F    STA $3F = #$00
f1050   c31241901    i45047752    A:00 X:01 Y:06 S:DB P:nvUbdIZc  $01:A0F9: 88       DEY
f1050   c31241903    i45047753    A:00 X:01 Y:05 S:DB P:nvUbdIzc  $01:A0FA: D0 F1    BNE $A0ED
f1050   c31241906    i45047754    A:00 X:01 Y:05 S:DB P:nvUbdIzc  $01:A0ED: BD 15 40 LDA $4015,X @ $4016 = #$00
f1050   c31241910    i45047755    A:40 X:01 Y:05 S:DB P:nvUbdIzc  $01:A0F0: 4A       LSR
f1050   c31241912    i45047756    A:20 X:01 Y:05 S:DB P:nvUbdIzc  $01:A0F1: 26 3F    ROL $3F = #$00
f1050   c31241917    i45047757    A:20 X:01 Y:05 S:DB P:nvUbdIZc  $01:A0F3: 29 01    AND #$01
f1050   c31241919    i45047758    A:00 X:01 Y:05 S:DB P:nvUbdIZc  $01:A0F5: 05 3F    ORA $3F = #$00
f1050   c31241922    i45047759    A:00 X:01 Y:05 S:DB P:nvUbdIZc  $01:A0F7: 85 3F    STA $3F = #$00
f1050   c31241925    i45047760    A:00 X:01 Y:05 S:DB P:nvUbdIZc  $01:A0F9: 88       DEY
f1050   c31241927    i45047761    A:00 X:01 Y:04 S:DB P:nvUbdIzc  $01:A0FA: D0 F1    BNE $A0ED
f1050   c31241930    i45047762    A:00 X:01 Y:04 S:DB P:nvUbdIzc  $01:A0ED: BD 15 40 LDA $4015,X @ $4016 = #$00
f1050   c31241934    i45047763    A:40 X:01 Y:04 S:DB P:nvUbdIzc  $01:A0F0: 4A       LSR
f1050   c31241936    i45047764    A:20 X:01 Y:04 S:DB P:nvUbdIzc  $01:A0F1: 26 3F    ROL $3F = #$00
f1050   c31241941    i45047765    A:20 X:01 Y:04 S:DB P:nvUbdIZc  $01:A0F3: 29 01    AND #$01
f1050   c31241943    i45047766    A:00 X:01 Y:04 S:DB P:nvUbdIZc  $01:A0F5: 05 3F    ORA $3F = #$00
f1050   c31241946    i45047767    A:00 X:01 Y:04 S:DB P:nvUbdIZc  $01:A0F7: 85 3F    STA $3F = #$00
f1050   c31241949    i45047768    A:00 X:01 Y:04 S:DB P:nvUbdIZc  $01:A0F9: 88       DEY
f1050   c31241951    i45047769    A:00 X:01 Y:03 S:DB P:nvUbdIzc  $01:A0FA: D0 F1    BNE $A0ED
f1050   c31241954    i45047770    A:00 X:01 Y:03 S:DB P:nvUbdIzc  $01:A0ED: BD 15 40 LDA $4015,X @ $4016 = #$00
f1050   c31241958    i45047771    A:40 X:01 Y:03 S:DB P:nvUbdIzc  $01:A0F0: 4A       LSR
f1050   c31241960    i45047772    A:20 X:01 Y:03 S:DB P:nvUbdIzc  $01:A0F1: 26 3F    ROL $3F = #$00
f1050   c31241965    i45047773    A:20 X:01 Y:03 S:DB P:nvUbdIZc  $01:A0F3: 29 01    AND #$01
f1050   c31241967    i45047774    A:00 X:01 Y:03 S:DB P:nvUbdIZc  $01:A0F5: 05 3F    ORA $3F = #$00
f1050   c31241970    i45047775    A:00 X:01 Y:03 S:DB P:nvUbdIZc  $01:A0F7: 85 3F    STA $3F = #$00
f1050   c31241973    i45047776    A:00 X:01 Y:03 S:DB P:nvUbdIZc  $01:A0F9: 88       DEY
f1050   c31241975    i45047777    A:00 X:01 Y:02 S:DB P:nvUbdIzc  $01:A0FA: D0 F1    BNE $A0ED
f1050   c31241978    i45047778    A:00 X:01 Y:02 S:DB P:nvUbdIzc  $01:A0ED: BD 15 40 LDA $4015,X @ $4016 = #$00
f1050   c31241982    i45047779    A:40 X:01 Y:02 S:DB P:nvUbdIzc  $01:A0F0: 4A       LSR
f1051   c31270700    i45056932    A:C8 X:1C Y:01 S:DB P:NvUbdIzC  $01:A036: BD EB 05 LDA $05EB,X @ $0607 = #$AA
f1051   c31270705    i45056933    A:AA X:1C Y:01 S:DB P:NvUbdIzC  $01:A039: 8D 07 20 STA $2007 = #$00
f1051   c31270709    i45056934    A:AA X:1C Y:01 S:DB P:NvUbdIzC  $01:A03C: E8       INX
f1051   c31270711    i45056935    A:AA X:1D Y:01 S:DB P:nvUbdIzC  $01:A03D: 88       DEY
f1051   c31270713    i45056936    A:AA X:1D Y:00 S:DB P:nvUbdIZC  $01:A03E: D0 F6    BNE $A036
f1051   c31270715    i45056937    A:AA X:1D Y:00 S:DB P:nvUbdIZC  $01:A040: E8       INX
f1051   c31270717    i45056938    A:AA X:1E Y:00 S:DB P:nvUbdIzC  $01:A041: E8       INX
f1051   c31270719    i45056939    A:AA X:1F Y:00 S:DB P:nvUbdIzC  $01:A042: E8       INX
f1051   c31270721    i45056940    A:AA X:20 Y:00 S:DB P:nvUbdIzC  $01:A043: BD E8 05 LDA $05E8,X @ $0608 = #$04
f1051   c31270726    i45056941    A:04 X:20 Y:00 S:DB P:nvUbdIzC  $01:A046: D0 D3    BNE $A01B
f1051   c31270729    i45056942    A:04 X:20 Y:00 S:DB P:nvUbdIzC  $01:A01B: A0 80    LDY #$80
f1051   c31270731    i45056943    A:04 X:20 Y:80 S:DB P:NvUbdIzC  $01:A01D: BD E8 05 LDA $05E8,X @ $0608 = #$04
f1051   c31270736    i45056944    A:04 X:20 Y:80 S:DB P:nvUbdIzC  $01:A020: 10 04    BPL $A026
f1051   c31270739    i45056945    A:04 X:20 Y:80 S:DB P:nvUbdIzC  $01:A026: 8C 00 20 STY $2000 = #$80
f1051   c31270743    i45056946    A:04 X:20 Y:80 S:DB P:nvUbdIzC  $01:A029: A8       TAY
f1051   c31270745    i45056947    A:04 X:20 Y:04 S:DB P:nvUbdIzC  $01:A02A: BD EA 05 LDA $05EA,X @ $060A = #$20
f1051   c31270750    i45056948    A:20 X:20 Y:04 S:DB P:nvUbdIzC  $01:A02D: 8D 06 20 STA $2006 = #$C9
f1051   c31270754    i45056949    A:20 X:20 Y:04 S:DB P:nvUbdIzC  $01:A030: BD E9 05 LDA $05E9,X @ $0609 = #$80
f1051   c31270759    i45056950    A:80 X:20 Y:04 S:DB P:NvUbdIzC  $01:A033: 8D 06 20 STA $2006 = #$C9
f1051   c31270763    i45056951    A:80 X:20 Y:04 S:DB P:NvUbdIzC  $01:A036: BD EB 05 LDA $05EB,X @ $060B = #$01
f1051   c31270768    i45056952    A:01 X:20 Y:04 S:DB P:nvUbdIzC  $01:A039: 8D 07 20 STA $2007 = #$00
f1051   c31270772    i45056953    A:01 X:20 Y:04 S:DB P:nvUbdIzC  $01:A03C: E8       INX
f1051   c31270774    i45056954    A:01 X:21 Y:04 S:DB P:nvUbdIzC  $01:A03D: 88       DEY
f1051   c31270776    i45056955    A:01 X:21 Y:03 S:DB P:nvUbdIzC  $01:A03E: D0 F6    BNE $A036
f1051   c31270779    i45056956    A:01 X:21 Y:03 S:DB P:nvUbdIzC  $01:A036: BD EB 05 LDA $05EB,X @ $060C = #$01
f1051   c31270784    i45056957    A:01 X:21 Y:03 S:DB P:nvUbdIzC  $01:A039: 8D 07 20 STA $2007 = #$00
f1051   c31270788    i45056958    A:01 X:21 Y:03 S:DB P:nvUbdIzC  $01:A03C: E8       INX
f1051   c31270790    i45056959    A:01 X:22 Y:03 S:DB P:nvUbdIzC  $01:A03D: 88       DEY
f1051   c31270792    i45056960    A:01 X:22 Y:02 S:DB P:nvUbdIzC  $01:A03E: D0 F6    BNE $A036
f1051   c31270795    i45056961    A:01 X:22 Y:02 S:DB P:nvUbdIzC  $01:A036: BD EB 05 LDA $05EB,X @ $060D = #$01
f1051   c31270800    i45056962    A:01 X:22 Y:02 S:DB P:nvUbdIzC  $01:A039: 8D 07 20 STA $2007 = #$00
f1051   c31270804    i45056963    A:01 X:22 Y:02 S:DB P:nvUbdIzC  $01:A03C: E8       INX
f1051   c31270806    i45056964    A:01 X:23 Y:02 S:DB P:nvUbdIzC  $01:A03D: 88       DEY
f1051   c31270808    i45056965    A:01 X:23 Y:01 S:DB P:nvUbdIzC  $01:A03E: D0 F6    BNE $A036
f1051   c31270811    i45056966    A:01 X:23 Y:01 S:DB P:nvUbdIzC  $01:A036: BD EB 05 LDA $05EB,X @ $060E = #$01
f1051   c31270816    i45056967    A:01 X:23 Y:01 S:DB P:nvUbdIzC  $01:A039: 8D 07 20 STA $2007 = #$00
f1051   c31270820    i45056968    A:01 X:23 Y:01 S:DB P:nvUbdIzC  $01:A03C: E8       INX
f1051   c31270822    i45056969    A:01 X:24 Y:01 S:DB P:nvUbdIzC  $01:A03D: 88       DEY
f1051   c31270824    i45056970    A:01 X:24 Y:00 S:DB P:nvUbdIZC  $01:A03E: D0 F6    BNE $A036
f1051   c31270826    i45056971    A:01 X:24 Y:00 S:DB P:nvUbdIZC  $01:A040: E8       INX
f1051   c31270828    i45056972    A:01 X:25 Y:00 S:DB P:nvUbdIzC  $01:A041: E8       INX
f1051   c31270830    i45056973    A:01 X:26 Y:00 S:DB P:nvUbdIzC  $01:A042: E8       INX
f1052   c31302046    i45066916    A:08 X:FF Y:08 S:DB P:nvUbdIzc  $06:8119: C6 F3    DEC $F3 = #$07
f1052   c31302051    i45066917    A:08 X:FF Y:08 S:DB P:nvUbdIzc  $06:811B: D0 AD    BNE $80CA
f1052   c31302055    i45066918    A:08 X:FF Y:08 S:DB P:nvUbdIzc  $06:80CA: AD 06 07 LDA $0706 = #$3C
f1052   c31302059    i45066919    A:3C X:FF Y:08 S:DB P:nvUbdIzc  $06:80CD: 4A       LSR
f1052   c31302061    i45066920    A:1E X:FF Y:08 S:DB P:nvUbdIzc  $06:80CE: 90 02    BCC $80D2
f1052   c31302064    i45066921    A:1E X:FF Y:08 S:DB P:nvUbdIzc  $06:80D2: 8D 06 07 STA $0706 = #$3C
f1052   c31302068    i45066922    A:1E X:FF Y:08 S:DB P:nvUbdIzc  $06:80D5: 90 35    BCC $810C
f1052   c31302072    i45066923    A:1E X:FF Y:08 S:DB P:nvUbdIzc  $06:810C: 18       CLC
f1052   c31302074    i45066924    A:1E X:FF Y:08 S:DB P:nvUbdIzc  $06:810D: A9 10    LDA #$10
f1052   c31302076    i45066925    A:10 X:FF Y:08 S:DB P:nvUbdIzc  $06:810F: 65 F0    ADC $F0 = #$47
f1052   c31302079    i45066926    A:57 X:FF Y:08 S:DB P:nvUbdIzc  $06:8111: 85 F0    STA $F0 = #$47
f1052   c31302082    i45066927    A:57 X:FF Y:08 S:DB P:nvUbdIzc  $06:8113: A9 04    LDA #$04
f1052   c31302084    i45066928    A:04 X:FF Y:08 S:DB P:nvUbdIzc  $06:8115: 65 F2    ADC $F2 = #$08
f1052   c31302087    i45066929    A:0C X:FF Y:08 S:DB P:nvUbdIzc  $06:8117: 85 F2    STA $F2 = #$08
f1052   c31302090    i45066930    A:0C X:FF Y:08 S:DB P:nvUbdIzc  $06:8119: C6 F3    DEC $F3 = #$06
f1052   c31302095    i45066931    A:0C X:FF Y:08 S:DB P:nvUbdIzc  $06:811B: D0 AD    BNE $80CA
f1052   c31302099    i45066932    A:0C X:FF Y:08 S:DB P:nvUbdIzc  $06:80CA: AD 06 07 LDA $0706 = #$1E
f1052   c31302103    i45066933    A:1E X:FF Y:08 S:DB P:nvUbdIzc  $06:80CD: 4A       LSR
f1052   c31302105    i45066934    A:0F X:FF Y:08 S:DB P:nvUbdIzc  $06:80CE: 90 02    BCC $80D2
f1052   c31302108    i45066935    A:0F X:FF Y:08 S:DB P:nvUbdIzc  $06:80D2: 8D 06 07 STA $0706 = #$1E
f1052   c31302112    i45066936    A:0F X:FF Y:08 S:DB P:nvUbdIzc  $06:80D5: 90 35    BCC $810C
f1052   c31302116    i45066937    A:0F X:FF Y:08 S:DB P:nvUbdIzc  $06:810C: 18       CLC
f1052   c31302118    i45066938    A:0F X:FF Y:08 S:DB P:nvUbdIzc  $06:810D: A9 10    LDA #$10
f1052   c31302120    i45066939    A:10 X:FF Y:08 S:DB P:nvUbdIzc  $06:810F: 65 F0    ADC $F0 = #$57
f1052   c31302123    i45066940    A:67 X:FF Y:08 S:DB P:nvUbdIzc  $06:8111: 85 F0    STA $F0 = #$57
f1052   c31302126    i45066941    A:67 X:FF Y:08 S:DB P:nvUbdIzc  $06:8113: A9 04    LDA #$04
f1052   c31302128    i45066942    A:04 X:FF Y:08 S:DB P:nvUbdIzc  $06:8115: 65 F2    ADC $F2 = #$0C
f1052   c31302131    i45066943    A:10 X:FF Y:08 S:DB P:nvUbdIzc  $06:8117: 85 F2    STA $F2 = #$0C
f1052   c31302134    i45066944    A:10 X:FF Y:08 S:DB P:nvUbdIzc  $06:8119: C6 F3    DEC $F3 = #$05
f1052   c31302139    i45066945    A:10 X:FF Y:08 S:DB P:nvUbdIzc  $06:811B: D0 AD    BNE $80CA
f1052   c31302143    i45066946    A:10 X:FF Y:08 S:DB P:nvUbdIzc  $06:80CA: AD 06 07 LDA $0706 = #$0F
f1052   c31302147    i45066947    A:0F X:FF Y:08 S:DB P:nvUbdIzc  $06:80CD: 4A       LSR
f1052   c31302149    i45066948    A:07 X:FF Y:08 S:DB P:nvUbdIzC  $06:80CE: 90 02    BCC $80D2
f1052   c31302151    i45066949    A:07 X:FF Y:08 S:DB P:nvUbdIzC  $06:80D0: 09 80    ORA #$80
f1052   c31302153    i45066950    A:87 X:FF Y:08 S:DB P:NvUbdIzC  $06:80D2: 8D 06 07 STA $0706 = #$0F
f1052   c31302157    i45066951    A:87 X:FF Y:08 S:DB P:NvUbdIzC  $06:80D5: 90 35    BCC $810C
f1052   c31302159    i45066952    A:87 X:FF Y:08 S:DB P:NvUbdIzC  $06:80D7: A6 F2    LDX $F2 = #$10
f1052   c31302162    i45066953    A:87 X:10 Y:08 S:DB P:nvUbdIzC  $06:80D9: DE 07 07 DEC $0707,X @ $0717 = #$02
f1052   c31302169    i45066954    A:87 X:10 Y:08 S:DB P:nvUbdIzC  $06:80DC: D0 03    BNE $80E1
f1052   c31302172    i45066955    A:87 X:10 Y:08 S:DB P:nvUbdIzC  $06:80E1: A6 F2    LDX $F2 = #$10
f1052   c31302175    i45066956    A:87 X:10 Y:08 S:DB P:nvUbdIzC  $06:80E3: DE 09 07 DEC $0709,X @ $0719 = #$FB
f1052   c31302182    i45066957    A:87 X:10 Y:08 S:DB P:NvUbdIzC  $06:80E6: D0 21    BNE $8109
f1054   c31361631    i45085765    A:08 X:FF Y:08 S:DB P:nvUbdIzc  $06:8119: C6 F3    DEC $F3 = #$07
f1054   c31361636    i45085766    A:08 X:FF Y:08 S:DB P:nvUbdIzc  $06:811B: D0 AD    BNE $80CA
f1054   c31361640    i45085767    A:08 X:FF Y:08 S:DB P:nvUbdIzc  $06:80CA: AD 06 07 LDA $0706 = #$3C
f1054   c31361644    i45085768    A:3C X:FF Y:08 S:DB P:nvUbdIzc  $06:80CD: 4A       LSR
f1054   c31361646    i45085769    A:1E X:FF Y:08 S:DB P:nvUbdIzc  $06:80CE: 90 02    BCC $80D2
f1054   c31361649    i45085770    A:1E X:FF Y:08 S:DB P:nvUbdIzc  $06:80D2: 8D 06 07 STA $0706 = #$3C
f1054   c31361653    i45085771    A:1E X:FF Y:08 S:DB P:nvUbdIzc  $06:80D5: 90 35    BCC $810C
f1054   c31361657    i45085772    A:1E X:FF Y:08 S:DB P:nvUbdIzc  $06:810C: 18       CLC
f1054   c31361659    i45085773    A:1E X:FF Y:08 S:DB P:nvUbdIzc  $06:810D: A9 10    LDA #$10
f1054   c31361661    i45085774    A:10 X:FF Y:08 S:DB P:nvUbdIzc  $06:810F: 65 F0    ADC $F0 = #$47
f1054   c31361664    i45085775    A:57 X:FF Y:08 S:DB P:nvUbdIzc  $06:8111: 85 F0    STA $F0 = #$47
f1054   c31361667    i45085776    A:57 X:FF Y:08 S:DB P:nvUbdIzc  $06:8113: A9 04    LDA #$04
f1054   c31361669    i45085777    A:04 X:FF Y:08 S:DB P:nvUbdIzc  $06:8115: 65 F2    ADC $F2 = #$08
f1054   c31361672    i45085778    A:0C X:FF Y:08 S:DB P:nvUbdIzc  $06:8117: 85 F2    STA $F2 = #$08
f1054   c31361675    i45085779    A:0C X:FF Y:08 S:DB P:nvUbdIzc  $06:8119: C6 F3    DEC $F3 = #$06
f1054   c31361680    i45085780    A:0C X:FF Y:08 S:DB P:nvUbdIzc  $06:811B: D0 AD    BNE $80CA
f1054   c31361684    i45085781    A:0C X:FF Y:08 S:DB P:nvUbdIzc  $06:80CA: AD 06 07 LDA $0706 = #$1E
f1054   c31361688    i45085782    A:1E X:FF Y:08 S:DB P:nvUbdIzc  $06:80CD: 4A       LSR
f1054   c31361690    i45085783    A:0F X:FF Y:08 S:DB P:nvUbdIzc  $06:80CE: 90 02    BCC $80D2
f1054   c31361693    i45085784    A:0F X:FF Y:08 S:DB P:nvUbdIzc  $06:80D2: 8D 06 07 STA $0706 = #$1E
f1054   c31361697    i45085785    A:0F X:FF Y:08 S:DB P:nvUbdIzc  $06:80D5: 90 35    BCC $810C
f1054   c31361701    i45085786    A:0F X:FF Y:08 S:DB P:nvUbdIzc  $06:810C: 18       CLC
f1054   c31361703    i45085787    A:0F X:FF Y:08 S:DB P:nvUbdIzc  $06:810D: A9 10    LDA #$10
f1054   c31361705    i45085788    A:10 X:FF Y:08 S:DB P:nvUbdIzc  $06:810F: 65 F0    ADC $F0 = #$57
f1054   c31361708    i45085789    A:67 X:FF Y:08 S:DB P:nvUbdIzc  $06:8111: 85 F0    STA $F0 = #$57
f1054   c31361711    i45085790    A:67 X:FF Y:08 S:DB P:nvUbdIzc  $06:8113: A9 04    LDA #$04
f1054   c31361713    i45085791    A:04 X:FF Y:08 S:DB P:nvUbdIzc  $06:8115: 65 F2    ADC $F2 = #$0C
f1054   c31361716    i45085792    A:10 X:FF Y:08 S:DB P:nvUbdIzc  $06:8117: 85 F2    STA $F2 = #$0C
f1054   c31361719    i45085793    A:10 X:FF Y:08 S:DB P:nvUbdIzc  $06:8119: C6 F3    DEC $F3 = #$05
f1054   c31361724    i45085794    A:10 X:FF Y:08 S:DB P:nvUbdIzc  $06:811B: D0 AD    BNE $80CA
f1054   c31361728    i45085795    A:10 X:FF Y:08 S:DB P:nvUbdIzc  $06:80CA: AD 06 07 LDA $0706 = #$0F
f1054   c31361732    i45085796    A:0F X:FF Y:08 S:DB P:nvUbdIzc  $06:80CD: 4A       LSR
f1054   c31361734    i45085797    A:07 X:FF Y:08 S:DB P:nvUbdIzC  $06:80CE: 90 02    BCC $80D2
f1054   c31361736    i45085798    A:07 X:FF Y:08 S:DB P:nvUbdIzC  $06:80D0: 09 80    ORA #$80
f1054   c31361738    i45085799    A:87 X:FF Y:08 S:DB P:NvUbdIzC  $06:80D2: 8D 06 07 STA $0706 = #$0F
f1054   c31361742    i45085800    A:87 X:FF Y:08 S:DB P:NvUbdIzC  $06:80D5: 90 35    BCC $810C
f1054   c31361744    i45085801    A:87 X:FF Y:08 S:DB P:NvUbdIzC  $06:80D7: A6 F2    LDX $F2 = #$10
f1054   c31361747    i45085802    A:87 X:10 Y:08 S:DB P:nvUbdIzC  $06:80D9: DE 07 07 DEC $0707,X @ $0717 = #$0E
f1054   c31361754    i45085803    A:87 X:10 Y:08 S:DB P:nvUbdIzC  $06:80DC: D0 03    BNE $80E1
f1054   c31361757    i45085804    A:87 X:10 Y:08 S:DB P:nvUbdIzC  $06:80E1: A6 F2    LDX $F2 = #$10
f1054   c31361760    i45085805    A:87 X:10 Y:08 S:DB P:nvUbdIzC  $06:80E3: DE 09 07 DEC $0709,X @ $0719 = #$01
f1054   c31361767    i45085806    A:87 X:10 Y:08 S:DB P:nvUbdIZC  $06:80E6: D0 21    BNE $8109
f1056   c31421033    i45104496    A:0C X:00 Y:0F S:DB P:nvUbdIZc  $06:8002: BC 00 07 LDY $0700,X @ $0700 = #$00
f1056   c31421037    i45104497    A:0C X:00 Y:00 S:DB P:nvUbdIZc  $06:8005: C0 32    CPY #$32
f1056   c31421039    i45104498    A:0C X:00 Y:00 S:DB P:NvUbdIzc  $06:8007: B0 0E    BCS $8017
f1056   c31421041    i45104499    A:0C X:00 Y:00 S:DB P:NvUbdIzc  $06:8009: A0 07    LDY #$07
f1056   c31421043    i45104500    A:0C X:00 Y:07 S:DB P:nvUbdIzc  $06:800B: 8C 00 80 STY $8000 = #$A2
f1056   c31421047    i45104501    A:0C X:00 Y:07 S:DB P:nvUbdIzc  $06:800E: AC FC 07 LDY $07FC = #$0F
f1056   c31421051    i45104502    A:0C X:00 Y:0F S:DB P:nvUbdIzc  $06:8011: 8C 01 80 STY $8001 = #$05
f1056   c31421055    i45104503    A:0C X:00 Y:0F S:DB P:nvUbdIzc  $06:8014: 4C 5E 80 JMP $805E
f1056   c31421058    i45104504    A:0C X:00 Y:0F S:DB P:nvUbdIzc  $06:805E: CA       DEX
f1056   c31421060    i45104505    A:0C X:FF Y:0F S:DB P:NvUbdIzc  $06:805F: 10 A1    BPL $8002
f1056   c31421062    i45104506    A:0C X:FF Y:0F S:DB P:NvUbdIzc  $06:8061: A2 05    LDX #$05
f1056   c31421064    i45104507    A:0C X:05 Y:0F S:DB P:nvUbdIzc  $06:8063: BC 00 07 LDY $0700,X @ $0705 = #$00
f1056   c31421068    i45104508    A:0C X:05 Y:00 S:DB P:nvUbdIZc  $06:8066: F0 4F    BEQ $80B7
f1056   c31421075    i45104509    A:0C X:05 Y:00 S:DB P:nvUbdIZc  $06:80B7: CA       DEX
f1056   c31421077    i45104510    A:0C X:04 Y:00 S:DB P:nvUbdIzc  $06:80B8: 10 A9    BPL $8063
f1056   c31421080    i45104511    A:0C X:04 Y:00 S:DB P:nvUbdIzc  $06:8063: BC 00 07 LDY $0700,X @ $0704 = #$00
f1056   c31421084    i45104512    A:0C X:04 Y:00 S:DB P:nvUbdIZc  $06:8066: F0 4F    BEQ $80B7
f1056   c31421087    i45104513    A:0C X:04 Y:00 S:DB P:nvUbdIZc  $06:80B7: CA       DEX
f1056   c31421089    i45104514    A:0C X:03 Y:00 S:DB P:nvUbdIzc  $06:80B8: 10 A9    BPL $8063
f1056   c31421092    i45104515    A:0C X:03 Y:00 S:DB P:nvUbdIzc  $06:8063: BC 00 07 LDY $0700,X @ $0703 = #$00
f1056   c31421096    i45104516    A:0C X:03 Y:00 S:DB P:nvUbdIZc  $06:8066: F0 4F    BEQ $80B7
f1056   c31421099    i45104517    A:0C X:03 Y:00 S:DB P:nvUbdIZc  $06:80B7: CA       DEX
f1056   c31421101    i45104518    A:0C X:02 Y:00 S:DB P:nvUbdIzc  $06:80B8: 10 A9    BPL $8063
f1056   c31421104    i45104519    A:0C X:02 Y:00 S:DB P:nvUbdIzc  $06:8063: BC 00 07 LDY $0700,X @ $0702 = #$00
f1056   c31421108    i45104520    A:0C X:02 Y:00 S:DB P:nvUbdIZc  $06:8066: F0 4F    BEQ $80B7
f1056   c31421111    i45104521    A:0C X:02 Y:00 S:DB P:nvUbdIZc  $06:80B7: CA       DEX
f1056   c31421113    i45104522    A:0C X:01 Y:00 S:DB P:nvUbdIzc  $06:80B8: 10 A9    BPL $8063
f1056   c31421116    i45104523    A:0C X:01 Y:00 S:DB P:nvUbdIzc  $06:8063: BC 00 07 LDY $0700,X @ $0701 = #$00
f1056   c31421120    i45104524    A:0C X:01 Y:00 S:DB P:nvUbdIZc  $06:8066: F0 4F    BEQ $80B7
f1056   c31421123    i45104525    A:0C X:01 Y:00 S:DB P:nvUbdIZc  $06:80B7: CA       DEX
f1056   c31421125    i45104526    A:0C X:00 Y:00 S:DB P:nvUbdIZc  $06:80B8: 10 A9    BPL $8063
f1056   c31421128    i45104527    A:0C X:00 Y:00 S:DB P:nvUbdIZc  $06:8063: BC 00 07 LDY $0700,X @ $0700 = #$00
f1056   c31421132    i45104528    A:0C X:00 Y:00 S:DB P:nvUbdIZc  $06:8066: F0 4F    BEQ $80B7
f1056   c31421135    i45104529    A:0C X:00 Y:00 S:DB P:nvUbdIZc  $06:80B7: CA       DEX
f1056   c31421137    i45104530    A:0C X:FF Y:00 S:DB P:NvUbdIzc  $06:80B8: 10 A9    BPL $8063
f1056   c31421139    i45104531    A:0C X:FF Y:00 S:DB P:NvUbdIzc  $06:80BA: A9 27    LDA #$27
f1056   c31421141    i45104532    A:27 X:FF Y:00 S:DB P:nvUbdIzc  $06:80BC: 85 F0    STA $F0 = #$67
f1056   c31421144    i45104533    A:27 X:FF Y:00 S:DB P:nvUbdIzc  $06:80BE: A9 07    LDA #$07
f1056   c31421146    i45104534    A:07 X:FF Y:00 S:DB P:nvUbdIzc  $06:80C0: 85 F1    STA $F1 = #$07
f1056   c31421149    i45104535    A:07 X:FF Y:00 S:DB P:nvUbdIzc  $06:80C2: A9 00    LDA #$00
f1056   c31421151    i45104536    A:00 X:FF Y:00 S:DB P:nvUbdIZc  $06:80C4: 85 F2    STA $F2 = #$FF
f1056   c31421154    i45104537    A:00 X:FF Y:00 S:DB P:nvUbdIZc  $06:80C6: A0 08    LDY #$08
f1056   c31424942    i45105725    A:00 X:24 Y:D3 S:46 P:nvUbdiZc  $00:9B66: AD 29 06 LDA $0629 = #$41
f1056   c31424946    i45105726    A:41 X:24 Y:D3 S:46 P:nvUbdizc  $00:9B69: 29 BF    AND #$BF
f1056   c31424948    i45105727    A:01 X:24 Y:D3 S:46 P:nvUbdizc  $00:9B6B: 8D 29 06 STA $0629 = #$41
f1056   c31424952    i45105728    A:01 X:24 Y:D3 S:46 P:nvUbdizc  $00:9B6E: 60       RTS (from $9B5E)
f1056   c31424958    i45105729    A:01 X:24 Y:D3 S:48 P:nvUbdizc  $00:9048: 60       RTS (from $8FD1)
f1056   c31424968    i45105730    A:01 X:24 Y:D3 S:4A P:nvUbdizc  $00:8F34: E6 EA    INC $EA = #$11
f1056   c31424973    i45105731    A:01 X:24 Y:D3 S:4A P:nvUbdizc  $00:8F36: D0 02    BNE $8F3A
f1056   c31424976    i45105732    A:01 X:24 Y:D3 S:4A P:nvUbdizc  $00:8F3A: A9 04    LDA #$04
f1056   c31424978    i45105733    A:04 X:24 Y:D3 S:4A P:nvUbdizc  $00:8F3C: 85 E8    STA $E8 = #$00
f1056   c31424981    i45105734    A:04 X:24 Y:D3 S:4A P:nvUbdizc  $00:8F3E: A4 67    LDY $67 = #$0C
f1056   c31424984    i45105735    A:04 X:24 Y:0C S:4A P:nvUbdizc  $00:8F40: A6 68    LDX $68 = #$21
f1056   c31424987    i45105736    A:04 X:21 Y:0C S:4A P:nvUbdizc  $00:8F42: A9 04    LDA #$04
f1056   c31424989    i45105737    A:04 X:21 Y:0C S:4A P:nvUbdizc  $00:8F44: 20 28 9B JSR $9B28
f1056   c31424995    i45105738    A:04 X:21 Y:0C S:48 P:nvUbdizc  $00:9B28: 48       PHA
f1056   c31424998    i45105739    A:04 X:21 Y:0C S:47 P:nvUbdizc  $00:9B29: 2C 29 06 BIT $0629 = #$01
f1056   c31425002    i45105740    A:04 X:21 Y:0C S:47 P:nvUbdiZc  $00:9B2C: 50 09    BVC $9B37
f1056   c31425005    i45105741    A:04 X:21 Y:0C S:47 P:nvUbdiZc  $00:9B37: 29 3F    AND #$3F
f1056   c31425007    i45105742    A:04 X:21 Y:0C S:47 P:nvUbdizc  $00:9B39: 18       CLC
f1056   c31425009    i45105743    A:04 X:21 Y:0C S:47 P:nvUbdizc  $00:9B3A: 6D 28 06 ADC $0628 = #$24
f1056   c31425013    i45105744    A:28 X:21 Y:0C S:47 P:nvUbdizc  $00:9B3D: C9 3D    CMP #$3D
f1056   c31425015    i45105745    A:28 X:21 Y:0C S:47 P:NvUbdizc  $00:9B3F: B0 ED    BCS $9B2E
f1056   c31425017    i45105746    A:28 X:21 Y:0C S:47 P:NvUbdizc  $00:9B41: 68       PLA
f1056   c31425021    i45105747    A:04 X:21 Y:0C S:48 P:nvUbdizc  $00:9B42: 09 40    ORA #$40
f1056   c31425023    i45105748    A:44 X:21 Y:0C S:48 P:nvUbdizc  $00:9B44: 8D 29 06 STA $0629 = #$01
f1056   c31425027    i45105749    A:44 X:21 Y:0C S:48 P:nvUbdizc  $00:9B47: 8A       TXA
f1056   c31425029    i45105750    A:21 X:21 Y:0C S:48 P:nvUbdizc  $00:9B48: AE 28 06 LDX $0628 = #$24
f1056   c31425033    i45105751    A:21 X:24 Y:0C S:48 P:nvUbdizc  $00:9B4B: 9D EA 05 STA $05EA,X @ $060E = #$01
f1056   c31425038    i45105752    A:21 X:24 Y:0C S:48 P:nvUbdizc  $00:9B4E: 98       TYA
f1056   c31425040    i45105753    A:0C X:24 Y:0C S:48 P:nvUbdizc  $00:9B4F: 9D E9 05 STA $05E9,X @ $060D = #$01
f1056   c31425045    i45105754    A:0C X:24 Y:0C S:48 P:nvUbdizc  $00:9B52: AD 29 06 LDA $0629 = #$44
f1056   c31425049    i45105755    A:44 X:24 Y:0C S:48 P:nvUbdizc  $00:9B55: 29 BF    AND #$BF
f1056   c31425051    i45105756    A:04 X:24 Y:0C S:48 P:nvUbdizc  $00:9B57: 9D E8 05 STA $05E8,X @ $060C = #$00
f1056   c31425056    i45105757    A:04 X:24 Y:0C S:48 P:nvUbdizc  $00:9B5A: E8       INX
f1056   c31425058    i45105758    A:04 X:25 Y:0C S:48 P:nvUbdizc  $00:9B5B: E8       INX
f1056   c31425060    i45105759    A:04 X:26 Y:0C S:48 P:nvUbdizc  $00:9B5C: E8       INX
f1056   c31425062    i45105760    A:04 X:27 Y:0C S:48 P:nvUbdizc  $00:9B5D: 60       RTS (from $9B28)
f1056   c31425068    i45105761    A:04 X:27 Y:0C S:4A P:nvUbdizc  $00:8F47: A0 00    LDY #$00
f1056   c31425070    i45105762    A:04 X:27 Y:00 S:4A P:nvUbdiZc  $00:8F49: B1 EA    LDA ($EA),Y @ $B112 = #$01
f1056   c31425075    i45105763    A:01 X:27 Y:00 S:4A P:nvUbdizc  $00:8F4B: 9D E8 05 STA $05E8,X @ $060F = #$04
f1056   c31425080    i45105764    A:01 X:27 Y:00 S:4A P:nvUbdizc  $00:8F4E: E8       INX
f1056   c31425082    i45105765    A:01 X:28 Y:00 S:4A P:nvUbdizc  $00:8F4F: C8       INY
f1056   c31425084    i45105766    A:01 X:28 Y:01 S:4A P:nvUbdizc  $00:8F50: C0 04    CPY #$04
f1057   c31450970    i45113942    A:08 X:FF Y:08 S:DB P:nvUbdIzc  $06:8119: C6 F3    DEC $F3 = #$07
f1057   c31450975    i45113943    A:08 X:FF Y:08 S:DB P:nvUbdIzc  $06:811B: D0 AD    BNE $80CA
f1057   c31450979    i45113944    A:08 X:FF Y:08 S:DB P:nvUbdIzc  $06:80CA: AD 06 07 LDA $0706 = #$3C
f1057   c31450983    i45113945    A:3C X:FF Y:08 S:DB P:nvUbdIzc  $06:80CD: 4A       LSR
f1057   c31450985    i45113946    A:1E X:FF Y:08 S:DB P:nvUbdIzc  $06:80CE: 90 02    BCC $80D2
f1057   c31450988    i45113947    A:1E X:FF Y:08 S:DB P:nvUbdIzc  $06:80D2: 8D 06 07 STA $0706 = #$3C
f1057   c31450992    i45113948    A:1E X:FF Y:08 S:DB P:nvUbdIzc  $06:80D5: 90 35    BCC $810C
f1057   c31450996    i45113949    A:1E X:FF Y:08 S:DB P:nvUbdIzc  $06:810C: 18       CLC
f1057   c31450998    i45113950    A:1E X:FF Y:08 S:DB P:nvUbdIzc  $06:810D: A9 10    LDA #$10
f1057   c31451000    i45113951    A:10 X:FF Y:08 S:DB P:nvUbdIzc  $06:810F: 65 F0    ADC $F0 = #$47
f1057   c31451003    i45113952    A:57 X:FF Y:08 S:DB P:nvUbdIzc  $06:8111: 85 F0    STA $F0 = #$47
f1057   c31451006    i45113953    A:57 X:FF Y:08 S:DB P:nvUbdIzc  $06:8113: A9 04    LDA #$04
f1057   c31451008    i45113954    A:04 X:FF Y:08 S:DB P:nvUbdIzc  $06:8115: 65 F2    ADC $F2 = #$08
f1057   c31451011    i45113955    A:0C X:FF Y:08 S:DB P:nvUbdIzc  $06:8117: 85 F2    STA $F2 = #$08
f1057   c31451014    i45113956    A:0C X:FF Y:08 S:DB P:nvUbdIzc  $06:8119: C6 F3    DEC $F3 = #$06
f1057   c31451019    i45113957    A:0C X:FF Y:08 S:DB P:nvUbdIzc  $06:811B: D0 AD    BNE $80CA
f1057   c31451023    i45113958    A:0C X:FF Y:08 S:DB P:nvUbdIzc  $06:80CA: AD 06 07 LDA $0706 = #$1E
f1057   c31451027    i45113959    A:1E X:FF Y:08 S:DB P:nvUbdIzc  $06:80CD: 4A       LSR
f1057   c31451029    i45113960    A:0F X:FF Y:08 S:DB P:nvUbdIzc  $06:80CE: 90 02    BCC $80D2
f1057   c31451032    i45113961    A:0F X:FF Y:08 S:DB P:nvUbdIzc  $06:80D2: 8D 06 07 STA $0706 = #$1E
f1057   c31451036    i45113962    A:0F X:FF Y:08 S:DB P:nvUbdIzc  $06:80D5: 90 35    BCC $810C
f1057   c31451040    i45113963    A:0F X:FF Y:08 S:DB P:nvUbdIzc  $06:810C: 18       CLC
f1057   c31451042    i45113964    A:0F X:FF Y:08 S:DB P:nvUbdIzc  $06:810D: A9 10    LDA #$10
f1057   c31451044    i45113965    A:10 X:FF Y:08 S:DB P:nvUbdIzc  $06:810F: 65 F0    ADC $F0 = #$57
f1057   c31451047    i45113966    A:67 X:FF Y:08 S:DB P:nvUbdIzc  $06:8111: 85 F0    STA $F0 = #$57
f1057   c31451050    i45113967    A:67 X:FF Y:08 S:DB P:nvUbdIzc  $06:8113: A9 04    LDA #$04
f1057   c31451052    i45113968    A:04 X:FF Y:08 S:DB P:nvUbdIzc  $06:8115: 65 F2    ADC $F2 = #$0C
f1057   c31451055    i45113969    A:10 X:FF Y:08 S:DB P:nvUbdIzc  $06:8117: 85 F2    STA $F2 = #$0C
f1057   c31451058    i45113970    A:10 X:FF Y:08 S:DB P:nvUbdIzc  $06:8119: C6 F3    DEC $F3 = #$05
f1057   c31451063    i45113971    A:10 X:FF Y:08 S:DB P:nvUbdIzc  $06:811B: D0 AD    BNE $80CA
f1057   c31451067    i45113972    A:10 X:FF Y:08 S:DB P:nvUbdIzc  $06:80CA: AD 06 07 LDA $0706 = #$0F
f1057   c31451071    i45113973    A:0F X:FF Y:08 S:DB P:nvUbdIzc  $06:80CD: 4A       LSR
f1057   c31451073    i45113974    A:07 X:FF Y:08 S:DB P:nvUbdIzC  $06:80CE: 90 02    BCC $80D2
f1057   c31451075    i45113975    A:07 X:FF Y:08 S:DB P:nvUbdIzC  $06:80D0: 09 80    ORA #$80
f1057   c31451077    i45113976    A:87 X:FF Y:08 S:DB P:NvUbdIzC  $06:80D2: 8D 06 07 STA $0706 = #$0F
f1057   c31451081    i45113977    A:87 X:FF Y:08 S:DB P:NvUbdIzC  $06:80D5: 90 35    BCC $810C
f1057   c31451083    i45113978    A:87 X:FF Y:08 S:DB P:NvUbdIzC  $06:80D7: A6 F2    LDX $F2 = #$10
f1057   c31451086    i45113979    A:87 X:10 Y:08 S:DB P:nvUbdIzC  $06:80D9: DE 07 07 DEC $0707,X @ $0717 = #$0B
f1057   c31451093    i45113980    A:87 X:10 Y:08 S:DB P:nvUbdIzC  $06:80DC: D0 03    BNE $80E1
f1057   c31451096    i45113981    A:87 X:10 Y:08 S:DB P:nvUbdIzC  $06:80E1: A6 F2    LDX $F2 = #$10
f1057   c31451099    i45113982    A:87 X:10 Y:08 S:DB P:nvUbdIzC  $06:80E3: DE 09 07 DEC $0709,X @ $0719 = #$01
f1057   c31451106    i45113983    A:87 X:10 Y:08 S:DB P:nvUbdIZC  $06:80E6: D0 21    BNE $8109
f1058   c31478954    i45122757    A:01 X:0E Y:01 S:DB P:nvUbdIzC  $01:A036: BD EB 05 LDA $05EB,X @ $05F9 = #$01
f1058   c31478958    i45122758    A:01 X:0E Y:01 S:DB P:nvUbdIzC  $01:A039: 8D 07 20 STA $2007 = #$00
f1058   c31478966    i45122759    A:01 X:0E Y:01 S:DB P:nvUbdIzC  $01:A03C: E8       INX
f1058   c31478968    i45122760    A:01 X:0F Y:01 S:DB P:nvUbdIzC  $01:A03D: 88       DEY
f1058   c31478970    i45122761    A:01 X:0F Y:00 S:DB P:nvUbdIZC  $01:A03E: D0 F6    BNE $A036
f1058   c31478972    i45122762    A:01 X:0F Y:00 S:DB P:nvUbdIZC  $01:A040: E8       INX
f1058   c31478974    i45122763    A:01 X:10 Y:00 S:DB P:nvUbdIzC  $01:A041: E8       INX
f1058   c31478976    i45122764    A:01 X:11 Y:00 S:DB P:nvUbdIzC  $01:A042: E8       INX
f1058   c31478978    i45122765    A:01 X:12 Y:00 S:DB P:nvUbdIzC  $01:A043: BD E8 05 LDA $05E8,X @ $05FA = #$04
f1058   c31478982    i45122766    A:04 X:12 Y:00 S:DB P:nvUbdIzC  $01:A046: D0 D3    BNE $A01B
f1058   c31478985    i45122767    A:04 X:12 Y:00 S:DB P:nvUbdIzC  $01:A01B: A0 80    LDY #$80
f1058   c31478987    i45122768    A:04 X:12 Y:80 S:DB P:NvUbdIzC  $01:A01D: BD E8 05 LDA $05E8,X @ $05FA = #$04
f1058   c31478991    i45122769    A:04 X:12 Y:80 S:DB P:nvUbdIzC  $01:A020: 10 04    BPL $A026
f1058   c31478994    i45122770    A:04 X:12 Y:80 S:DB P:nvUbdIzC  $01:A026: 8C 00 20 STY $2000 = #$80
f1058   c31478998    i45122771    A:04 X:12 Y:80 S:DB P:nvUbdIzC  $01:A029: A8       TAY
f1058   c31479000    i45122772    A:04 X:12 Y:04 S:DB P:nvUbdIzC  $01:A02A: BD EA 05 LDA $05EA,X @ $05FC = #$21
f1058   c31479004    i45122773    A:21 X:12 Y:04 S:DB P:nvUbdIzC  $01:A02D: 8D 06 20 STA $2006 = #$14
f1058   c31479008    i45122774    A:21 X:12 Y:04 S:DB P:nvUbdIzC  $01:A030: BD E9 05 LDA $05E9,X @ $05FB = #$30
f1058   c31479012    i45122775    A:30 X:12 Y:04 S:DB P:nvUbdIzC  $01:A033: 8D 06 20 STA $2006 = #$14
f1058   c31479016    i45122776    A:30 X:12 Y:04 S:DB P:nvUbdIzC  $01:A036: BD EB 05 LDA $05EB,X @ $05FD = #$01
f1058   c31479020    i45122777    A:01 X:12 Y:04 S:DB P:nvUbdIzC  $01:A039: 8D 07 20 STA $2007 = #$00
f1058   c31479024    i45122778    A:01 X:12 Y:04 S:DB P:nvUbdIzC  $01:A03C: E8       INX
f1058   c31479026    i45122779    A:01 X:13 Y:04 S:DB P:nvUbdIzC  $01:A03D: 88       DEY
f1058   c31479028    i45122780    A:01 X:13 Y:03 S:DB P:nvUbdIzC  $01:A03E: D0 F6    BNE $A036
f1058   c31479031    i45122781    A:01 X:13 Y:03 S:DB P:nvUbdIzC  $01:A036: BD EB 05 LDA $05EB,X @ $05FE = #$01
f1058   c31479035    i45122782    A:01 X:13 Y:03 S:DB P:nvUbdIzC  $01:A039: 8D 07 20 STA $2007 = #$00
f1058   c31479039    i45122783    A:01 X:13 Y:03 S:DB P:nvUbdIzC  $01:A03C: E8       INX
f1058   c31479041    i45122784    A:01 X:14 Y:03 S:DB P:nvUbdIzC  $01:A03D: 88       DEY
f1058   c31479043    i45122785    A:01 X:14 Y:02 S:DB P:nvUbdIzC  $01:A03E: D0 F6    BNE $A036
f1058   c31479046    i45122786    A:01 X:14 Y:02 S:DB P:nvUbdIzC  $01:A036: BD EB 05 LDA $05EB,X @ $05FF = #$01
f1058   c31479050    i45122787    A:01 X:14 Y:02 S:DB P:nvUbdIzC  $01:A039: 8D 07 20 STA $2007 = #$00
f1058   c31479054    i45122788    A:01 X:14 Y:02 S:DB P:nvUbdIzC  $01:A03C: E8       INX
f1058   c31479056    i45122789    A:01 X:15 Y:02 S:DB P:nvUbdIzC  $01:A03D: 88       DEY
f1058   c31479058    i45122790    A:01 X:15 Y:01 S:DB P:nvUbdIzC  $01:A03E: D0 F6    BNE $A036
f1058   c31479061    i45122791    A:01 X:15 Y:01 S:DB P:nvUbdIzC  $01:A036: BD EB 05 LDA $05EB,X @ $0600 = #$01
f1058   c31479066    i45122792    A:01 X:15 Y:01 S:DB P:nvUbdIzC  $01:A039: 8D 07 20 STA $2007 = #$00
f1058   c31479070    i45122793    A:01 X:15 Y:01 S:DB P:nvUbdIzC  $01:A03C: E8       INX
f1058   c31479072    i45122794    A:01 X:16 Y:01 S:DB P:nvUbdIzC  $01:A03D: 88       DEY
f1058   c31479074    i45122795    A:01 X:16 Y:00 S:DB P:nvUbdIZC  $01:A03E: D0 F6    BNE $A036
f1058   c31479076    i45122796    A:01 X:16 Y:00 S:DB P:nvUbdIZC  $01:A040: E8       INX
f1058   c31479078    i45122797    A:01 X:17 Y:00 S:DB P:nvUbdIzC  $01:A041: E8       INX
f1058   c31479080    i45122798    A:01 X:18 Y:00 S:DB P:nvUbdIzC  $01:A042: E8       INX
f1060   c31538742    i45141610    A:1A X:1C Y:01 S:DB P:nvUbdIzC  $01:A039: 8D 07 20 STA $2007 = #$00
f1060   c31538746    i45141611    A:1A X:1C Y:01 S:DB P:nvUbdIzC  $01:A03C: E8       INX
f1060   c31538748    i45141612    A:1A X:1D Y:01 S:DB P:nvUbdIzC  $01:A03D: 88       DEY
f1060   c31538750    i45141613    A:1A X:1D Y:00 S:DB P:nvUbdIZC  $01:A03E: D0 F6    BNE $A036
f1060   c31538752    i45141614    A:1A X:1D Y:00 S:DB P:nvUbdIZC  $01:A040: E8       INX
f1060   c31538754    i45141615    A:1A X:1E Y:00 S:DB P:nvUbdIzC  $01:A041: E8       INX
f1060   c31538756    i45141616    A:1A X:1F Y:00 S:DB P:nvUbdIzC  $01:A042: E8       INX
f1060   c31538758    i45141617    A:1A X:20 Y:00 S:DB P:nvUbdIzC  $01:A043: BD E8 05 LDA $05E8,X @ $0608 = #$04
f1060   c31538763    i45141618    A:04 X:20 Y:00 S:DB P:nvUbdIzC  $01:A046: D0 D3    BNE $A01B
f1060   c31538766    i45141619    A:04 X:20 Y:00 S:DB P:nvUbdIzC  $01:A01B: A0 80    LDY #$80
f1060   c31538768    i45141620    A:04 X:20 Y:80 S:DB P:NvUbdIzC  $01:A01D: BD E8 05 LDA $05E8,X @ $0608 = #$04
f1060   c31538773    i45141621    A:04 X:20 Y:80 S:DB P:nvUbdIzC  $01:A020: 10 04    BPL $A026
f1060   c31538776    i45141622    A:04 X:20 Y:80 S:DB P:nvUbdIzC  $01:A026: 8C 00 20 STY $2000 = #$80
f1060   c31538780    i45141623    A:04 X:20 Y:80 S:DB P:nvUbdIzC  $01:A029: A8       TAY
f1060   c31538782    i45141624    A:04 X:20 Y:04 S:DB P:nvUbdIzC  $01:A02A: BD EA 05 LDA $05EA,X @ $060A = #$21
f1060   c31538787    i45141625    A:21 X:20 Y:04 S:DB P:nvUbdIzC  $01:A02D: 8D 06 20 STA $2006 = #$84
f1060   c31538791    i45141626    A:21 X:20 Y:04 S:DB P:nvUbdIzC  $01:A030: BD E9 05 LDA $05E9,X @ $0609 = #$A0
f1060   c31538796    i45141627    A:A0 X:20 Y:04 S:DB P:NvUbdIzC  $01:A033: 8D 06 20 STA $2006 = #$84
f1060   c31538800    i45141628    A:A0 X:20 Y:04 S:DB P:NvUbdIzC  $01:A036: BD EB 05 LDA $05EB,X @ $060B = #$21
f1060   c31538805    i45141629    A:21 X:20 Y:04 S:DB P:nvUbdIzC  $01:A039: 8D 07 20 STA $2007 = #$00
f1060   c31538809    i45141630    A:21 X:20 Y:04 S:DB P:nvUbdIzC  $01:A03C: E8       INX
f1060   c31538811    i45141631    A:21 X:21 Y:04 S:DB P:nvUbdIzC  $01:A03D: 88       DEY
f1060   c31538813    i45141632    A:21 X:21 Y:03 S:DB P:nvUbdIzC  $01:A03E: D0 F6    BNE $A036
f1060   c31538816    i45141633    A:21 X:21 Y:03 S:DB P:nvUbdIzC  $01:A036: BD EB 05 LDA $05EB,X @ $060C = #$0E
f1060   c31538821    i45141634    A:0E X:21 Y:03 S:DB P:nvUbdIzC  $01:A039: 8D 07 20 STA $2007 = #$00
f1060   c31538825    i45141635    A:0E X:21 Y:03 S:DB P:nvUbdIzC  $01:A03C: E8       INX
f1060   c31538827    i45141636    A:0E X:22 Y:03 S:DB P:nvUbdIzC  $01:A03D: 88       DEY
f1060   c31538829    i45141637    A:0E X:22 Y:02 S:DB P:nvUbdIzC  $01:A03E: D0 F6    BNE $A036
f1060   c31538832    i45141638    A:0E X:22 Y:02 S:DB P:nvUbdIzC  $01:A036: BD EB 05 LDA $05EB,X @ $060D = #$0F
f1060   c31538837    i45141639    A:0F X:22 Y:02 S:DB P:nvUbdIzC  $01:A039: 8D 07 20 STA $2007 = #$00
f1060   c31538841    i45141640    A:0F X:22 Y:02 S:DB P:nvUbdIzC  $01:A03C: E8       INX
f1060   c31538843    i45141641    A:0F X:23 Y:02 S:DB P:nvUbdIzC  $01:A03D: 88       DEY
f1060   c31538845    i45141642    A:0F X:23 Y:01 S:DB P:nvUbdIzC  $01:A03E: D0 F6    BNE $A036
f1060   c31538848    i45141643    A:0F X:23 Y:01 S:DB P:nvUbdIzC  $01:A036: BD EB 05 LDA $05EB,X @ $060E = #$30
f1060   c31538853    i45141644    A:30 X:23 Y:01 S:DB P:nvUbdIzC  $01:A039: 8D 07 20 STA $2007 = #$00
f1060   c31538857    i45141645    A:30 X:23 Y:01 S:DB P:nvUbdIzC  $01:A03C: E8       INX
f1060   c31538859    i45141646    A:30 X:24 Y:01 S:DB P:nvUbdIzC  $01:A03D: 88       DEY
f1060   c31538861    i45141647    A:30 X:24 Y:00 S:DB P:nvUbdIZC  $01:A03E: D0 F6    BNE $A036
f1060   c31538863    i45141648    A:30 X:24 Y:00 S:DB P:nvUbdIZC  $01:A040: E8       INX
f1060   c31538865    i45141649    A:30 X:25 Y:00 S:DB P:nvUbdIzC  $01:A041: E8       INX
f1060   c31538867    i45141650    A:30 X:26 Y:00 S:DB P:nvUbdIzC  $01:A042: E8       INX
f1060   c31538869    i45141651    A:30 X:27 Y:00 S:DB P:nvUbdIzC  $01:A043: BD E8 05 LDA $05E8,X @ $060F = #$04
f1062   c31599851    i45161020    A:08 X:FF Y:08 S:DB P:nvUbdIzc  $06:8119: C6 F3    DEC $F3 = #$07
f1062   c31599856    i45161021    A:08 X:FF Y:08 S:DB P:nvUbdIzc  $06:811B: D0 AD    BNE $80CA
f1062   c31599860    i45161022    A:08 X:FF Y:08 S:DB P:nvUbdIzc  $06:80CA: AD 06 07 LDA $0706 = #$3C
f1062   c31599864    i45161023    A:3C X:FF Y:08 S:DB P:nvUbdIzc  $06:80CD: 4A       LSR
f1062   c31599866    i45161024    A:1E X:FF Y:08 S:DB P:nvUbdIzc  $06:80CE: 90 02    BCC $80D2
f1062   c31599869    i45161025    A:1E X:FF Y:08 S:DB P:nvUbdIzc  $06:80D2: 8D 06 07 STA $0706 = #$3C
f1062   c31599873    i45161026    A:1E X:FF Y:08 S:DB P:nvUbdIzc  $06:80D5: 90 35    BCC $810C
f1062   c31599877    i45161027    A:1E X:FF Y:08 S:DB P:nvUbdIzc  $06:810C: 18       CLC
f1062   c31599879    i45161028    A:1E X:FF Y:08 S:DB P:nvUbdIzc  $06:810D: A9 10    LDA #$10
f1062   c31599881    i45161029    A:10 X:FF Y:08 S:DB P:nvUbdIzc  $06:810F: 65 F0    ADC $F0 = #$47
f1062   c31599884    i45161030    A:57 X:FF Y:08 S:DB P:nvUbdIzc  $06:8111: 85 F0    STA $F0 = #$47
f1062   c31599887    i45161031    A:57 X:FF Y:08 S:DB P:nvUbdIzc  $06:8113: A9 04    LDA #$04
f1062   c31599889    i45161032    A:04 X:FF Y:08 S:DB P:nvUbdIzc  $06:8115: 65 F2    ADC $F2 = #$08
f1062   c31599892    i45161033    A:0C X:FF Y:08 S:DB P:nvUbdIzc  $06:8117: 85 F2    STA $F2 = #$08
f1062   c31599895    i45161034    A:0C X:FF Y:08 S:DB P:nvUbdIzc  $06:8119: C6 F3    DEC $F3 = #$06
f1062   c31599900    i45161035    A:0C X:FF Y:08 S:DB P:nvUbdIzc  $06:811B: D0 AD    BNE $80CA
f1062   c31599904    i45161036    A:0C X:FF Y:08 S:DB P:nvUbdIzc  $06:80CA: AD 06 07 LDA $0706 = #$1E
f1062   c31599908    i45161037    A:1E X:FF Y:08 S:DB P:nvUbdIzc  $06:80CD: 4A       LSR
f1062   c31599910    i45161038    A:0F X:FF Y:08 S:DB P:nvUbdIzc  $06:80CE: 90 02    BCC $80D2
f1062   c31599913    i45161039    A:0F X:FF Y:08 S:DB P:nvUbdIzc  $06:80D2: 8D 06 07 STA $0706 = #$1E
f1062   c31599917    i45161040    A:0F X:FF Y:08 S:DB P:nvUbdIzc  $06:80D5: 90 35    BCC $810C
f1062   c31599921    i45161041    A:0F X:FF Y:08 S:DB P:nvUbdIzc  $06:810C: 18       CLC
f1062   c31599923    i45161042    A:0F X:FF Y:08 S:DB P:nvUbdIzc  $06:810D: A9 10    LDA #$10
f1062   c31599925    i45161043    A:10 X:FF Y:08 S:DB P:nvUbdIzc  $06:810F: 65 F0    ADC $F0 = #$57
f1062   c31599928    i45161044    A:67 X:FF Y:08 S:DB P:nvUbdIzc  $06:8111: 85 F0    STA $F0 = #$57
f1062   c31599931    i45161045    A:67 X:FF Y:08 S:DB P:nvUbdIzc  $06:8113: A9 04    LDA #$04
f1062   c31599933    i45161046    A:04 X:FF Y:08 S:DB P:nvUbdIzc  $06:8115: 65 F2    ADC $F2 = #$0C
f1062   c31599936    i45161047    A:10 X:FF Y:08 S:DB P:nvUbdIzc  $06:8117: 85 F2    STA $F2 = #$0C
f1062   c31599939    i45161048    A:10 X:FF Y:08 S:DB P:nvUbdIzc  $06:8119: C6 F3    DEC $F3 = #$05
f1062   c31599944    i45161049    A:10 X:FF Y:08 S:DB P:nvUbdIzc  $06:811B: D0 AD    BNE $80CA
f1062   c31599948    i45161050    A:10 X:FF Y:08 S:DB P:nvUbdIzc  $06:80CA: AD 06 07 LDA $0706 = #$0F
f1062   c31599952    i45161051    A:0F X:FF Y:08 S:DB P:nvUbdIzc  $06:80CD: 4A       LSR
f1062   c31599954    i45161052    A:07 X:FF Y:08 S:DB P:nvUbdIzC  $06:80CE: 90 02    BCC $80D2
f1062   c31599956    i45161053    A:07 X:FF Y:08 S:DB P:nvUbdIzC  $06:80D0: 09 80    ORA #$80
f1062   c31599958    i45161054    A:87 X:FF Y:08 S:DB P:NvUbdIzC  $06:80D2: 8D 06 07 STA $0706 = #$0F
f1062   c31599962    i45161055    A:87 X:FF Y:08 S:DB P:NvUbdIzC  $06:80D5: 90 35    BCC $810C
f1062   c31599964    i45161056    A:87 X:FF Y:08 S:DB P:NvUbdIzC  $06:80D7: A6 F2    LDX $F2 = #$10
f1062   c31599967    i45161057    A:87 X:10 Y:08 S:DB P:nvUbdIzC  $06:80D9: DE 07 07 DEC $0707,X @ $0717 = #$06
f1062   c31599974    i45161058    A:87 X:10 Y:08 S:DB P:nvUbdIzC  $06:80DC: D0 03    BNE $80E1
f1062   c31599977    i45161059    A:87 X:10 Y:08 S:DB P:nvUbdIzC  $06:80E1: A6 F2    LDX $F2 = #$10
f1062   c31599980    i45161060    A:87 X:10 Y:08 S:DB P:nvUbdIzC  $06:80E3: DE 09 07 DEC $0709,X @ $0719 = #$FF
f1062   c31599987    i45161061    A:87 X:10 Y:08 S:DB P:NvUbdIzC  $06:80E6: D0 21    BNE $8109
f1062   c31609491    i45163992    A:00 X:15 Y:00 S:E0 P:nvUbdiZc  $00:9FCF: 95 02    STA $02,X @ $0017 = #$00
f1062   c31609495    i45163993    A:00 X:15 Y:00 S:E0 P:nvUbdiZc  $00:9FD1: AD 25 00 LDA $0025 = #$02
f1062   c31609499    i45163994    A:02 X:15 Y:00 S:E0 P:nvUbdizc  $00:9FD4: 95 03    STA $03,X @ $0018 = #$02
f1062   c31609503    i45163995    A:02 X:15 Y:00 S:E0 P:nvUbdizc  $00:9FD6: A5 19    LDA $19 = #$01
f1062   c31609506    i45163996    A:01 X:15 Y:00 S:E0 P:nvUbdizc  $00:9FD8: F0 04    BEQ $9FDE
f1062   c31609508    i45163997    A:01 X:15 Y:00 S:E0 P:nvUbdizc  $00:9FDA: C9 FF    CMP #$FF
f1062   c31609510    i45163998    A:01 X:15 Y:00 S:E0 P:nvUbdizc  $00:9FDC: D0 02    BNE $9FE0
f1062   c31609513    i45163999    A:01 X:15 Y:00 S:E0 P:nvUbdizc  $00:9FE0: 95 00    STA $00,X @ $0015 = #$00
f1062   c31609517    i45164000    A:01 X:15 Y:00 S:E0 P:nvUbdizc  $00:9FE2: 4C FB 9E JMP $9EFB
f1062   c31609520    i45164001    A:01 X:15 Y:00 S:E0 P:nvUbdizc  $00:9EFB: 8A       TXA
f1062   c31609522    i45164002    A:15 X:15 Y:00 S:E0 P:nvUbdizc  $00:9EFC: 18       CLC
f1062   c31609524    i45164003    A:15 X:15 Y:00 S:E0 P:nvUbdizc  $00:9EFD: 69 04    ADC #$04
f1062   c31609526    i45164004    A:19 X:15 Y:00 S:E0 P:nvUbdizc  $00:9EFF: AA       TAX
f1062   c31609528    i45164005    A:19 X:19 Y:00 S:E0 P:nvUbdizc  $00:9F00: E0 19    CPX #$19
f1062   c31609530    i45164006    A:19 X:19 Y:00 S:E0 P:nvUbdiZC  $00:9F02: D0 EB    BNE $9EEF
f1062   c31609532    i45164007    A:19 X:19 Y:00 S:E0 P:nvUbdiZC  $00:9F04: A5 1B    LDA $1B = #$40
f1062   c31609535    i45164008    A:40 X:19 Y:00 S:E0 P:nvUbdizC  $00:9F06: 10 FC    BPL $9F04
f1062   c31609538    i45164009    A:40 X:19 Y:00 S:E0 P:nvUbdizC  $00:9F04: A5 1B    LDA $1B = #$40
f1062   c31609541    i45164010    A:40 X:19 Y:00 S:E0 P:nvUbdizC  $00:9F06: 10 FC    BPL $9F04
f1062   c31609544    i45164011    A:40 X:19 Y:00 S:E0 P:nvUbdizC  $00:9F04: A5 1B    LDA $1B = #$40
f1062   c31609547    i45164012    A:40 X:19 Y:00 S:E0 P:nvUbdizC  $00:9F06: 10 FC    BPL $9F04
f1062   c31609550    i45164013    A:40 X:19 Y:00 S:E0 P:nvUbdizC  $00:9F04: A5 1B    LDA $1B = #$40
f1062   c31609553    i45164014    A:40 X:19 Y:00 S:E0 P:nvUbdizC  $00:9F06: 10 FC    BPL $9F04
f1062   c31609556    i45164015    A:40 X:19 Y:00 S:E0 P:nvUbdizC  $00:9F04: A5 1B    LDA $1B = #$40
f1062   c31609559    i45164016    A:40 X:19 Y:00 S:E0 P:nvUbdizC  $00:9F06: 10 FC    BPL $9F04
f1062   c31609562    i45164017    A:40 X:19 Y:00 S:E0 P:nvUbdizC  $00:9F04: A5 1B    LDA $1B = #$40
f1062   c31609565    i45164018    A:40 X:19 Y:00 S:E0 P:nvUbdizC  $00:9F06: 10 FC    BPL $9F04
f1062   c31609568    i45164019    A:40 X:19 Y:00 S:E0 P:nvUbdizC  $00:9F04: A5 1B    LDA $1B = #$40
f1062   c31609571    i45164020    A:40 X:19 Y:00 S:E0 P:nvUbdizC  $00:9F06: 10 FC    BPL $9F04
f1062   c31609574    i45164021    A:40 X:19 Y:00 S:E0 P:nvUbdizC  $00:9F04: A5 1B    LDA $1B = #$40
f1062   c31609577    i45164022    A:40 X:19 Y:00 S:E0 P:nvUbdizC  $00:9F06: 10 FC    BPL $9F04
f1062   c31609580    i45164023    A:40 X:19 Y:00 S:E0 P:nvUbdizC  $00:9F04: A5 1B    LDA $1B = #$40
f1062   c31609583    i45164024    A:40 X:19 Y:00 S:E0 P:nvUbdizC  $00:9F06: 10 FC    BPL $9F04
f1062   c31609586    i45164025    A:40 X:19 Y:00 S:E0 P:nvUbdizC  $00:9F04: A5 1B    LDA $1B = #$40
f1062   c31609589    i45164026    A:40 X:19 Y:00 S:E0 P:nvUbdizC  $00:9F06: 10 FC    BPL $9F04
f1062   c31609592    i45164027    A:40 X:19 Y:00 S:E0 P:nvUbdizC  $00:9F04: A5 1B    LDA $1B = #$40
f1062   c31609595    i45164028    A:40 X:19 Y:00 S:E0 P:nvUbdizC  $00:9F06: 10 FC    BPL $9F04
f1062   c31609598    i45164029    A:40 X:19 Y:00 S:E0 P:nvUbdizC  $00:9F04: A5 1B    LDA $1B = #$40
f1062   c31609601    i45164030    A:40 X:19 Y:00 S:E0 P:nvUbdizC  $00:9F06: 10 FC    BPL $9F04
f1062   c31609604    i45164031    A:40 X:19 Y:00 S:E0 P:nvUbdizC  $00:9F04: A5 1B    LDA $1B = #$40
f1062   c31609607    i45164032    A:40 X:19 Y:00 S:E0 P:nvUbdizC  $00:9F06: 10 FC    BPL $9F04
f1062   c31609610    i45164033    A:40 X:19 Y:00 S:E0 P:nvUbdizC  $00:9F04: A5 1B    LDA $1B = #$40
f1063   c31627960    i45169964    A:01 X:15 Y:01 S:DB P:nvUbdIzC  $01:A039: 8D 07 20 STA $2007 = #$00
f1063   c31627964    i45169965    A:01 X:15 Y:01 S:DB P:nvUbdIzC  $01:A03C: E8       INX
f1063   c31627966    i45169966    A:01 X:16 Y:01 S:DB P:nvUbdIzC  $01:A03D: 88       DEY
f1063   c31627968    i45169967    A:01 X:16 Y:00 S:DB P:nvUbdIZC  $01:A03E: D0 F6    BNE $A036
f1063   c31627970    i45169968    A:01 X:16 Y:00 S:DB P:nvUbdIZC  $01:A040: E8       INX
f1063   c31627972    i45169969    A:01 X:17 Y:00 S:DB P:nvUbdIzC  $01:A041: E8       INX
f1063   c31627974    i45169970    A:01 X:18 Y:00 S:DB P:nvUbdIzC  $01:A042: E8       INX
f1063   c31627976    i45169971    A:01 X:19 Y:00 S:DB P:nvUbdIzC  $01:A043: BD E8 05 LDA $05E8,X @ $0601 = #$04
f1063   c31627981    i45169972    A:04 X:19 Y:00 S:DB P:nvUbdIzC  $01:A046: D0 D3    BNE $A01B
f1063   c31627984    i45169973    A:04 X:19 Y:00 S:DB P:nvUbdIzC  $01:A01B: A0 80    LDY #$80
f1063   c31627986    i45169974    A:04 X:19 Y:80 S:DB P:NvUbdIzC  $01:A01D: BD E8 05 LDA $05E8,X @ $0601 = #$04
f1063   c31627991    i45169975    A:04 X:19 Y:80 S:DB P:nvUbdIzC  $01:A020: 10 04    BPL $A026
f1063   c31627994    i45169976    A:04 X:19 Y:80 S:DB P:nvUbdIzC  $01:A026: 8C 00 20 STY $2000 = #$80
f1063   c31627998    i45169977    A:04 X:19 Y:80 S:DB P:nvUbdIzC  $01:A029: A8       TAY
f1063   c31628000    i45169978    A:04 X:19 Y:04 S:DB P:nvUbdIzC  $01:A02A: BD EA 05 LDA $05EA,X @ $0603 = #$21
f1063   c31628005    i45169979    A:21 X:19 Y:04 S:DB P:nvUbdIzC  $01:A02D: 8D 06 20 STA $2006 = #$B8
f1063   c31628009    i45169980    A:21 X:19 Y:04 S:DB P:nvUbdIzC  $01:A030: BD E9 05 LDA $05E9,X @ $0602 = #$D4
f1063   c31628014    i45169981    A:D4 X:19 Y:04 S:DB P:NvUbdIzC  $01:A033: 8D 06 20 STA $2006 = #$B8
f1063   c31628018    i45169982    A:D4 X:19 Y:04 S:DB P:NvUbdIzC  $01:A036: BD EB 05 LDA $05EB,X @ $0604 = #$22
f1063   c31628023    i45169983    A:22 X:19 Y:04 S:DB P:nvUbdIzC  $01:A039: 8D 07 20 STA $2007 = #$00
f1063   c31628027    i45169984    A:22 X:19 Y:04 S:DB P:nvUbdIzC  $01:A03C: E8       INX
f1063   c31628029    i45169985    A:22 X:1A Y:04 S:DB P:nvUbdIzC  $01:A03D: 88       DEY
f1063   c31628031    i45169986    A:22 X:1A Y:03 S:DB P:nvUbdIzC  $01:A03E: D0 F6    BNE $A036
f1063   c31628034    i45169987    A:22 X:1A Y:03 S:DB P:nvUbdIzC  $01:A036: BD EB 05 LDA $05EB,X @ $0605 = #$28
f1063   c31628039    i45169988    A:28 X:1A Y:03 S:DB P:nvUbdIzC  $01:A039: 8D 07 20 STA $2007 = #$00
f1063   c31628043    i45169989    A:28 X:1A Y:03 S:DB P:nvUbdIzC  $01:A03C: E8       INX
f1063   c31628045    i45169990    A:28 X:1B Y:03 S:DB P:nvUbdIzC  $01:A03D: 88       DEY
f1063   c31628047    i45169991    A:28 X:1B Y:02 S:DB P:nvUbdIzC  $01:A03E: D0 F6    BNE $A036
f1063   c31628050    i45169992    A:28 X:1B Y:02 S:DB P:nvUbdIzC  $01:A036: BD EB 05 LDA $05EB,X @ $0606 = #$2A
f1063   c31628055    i45169993    A:2A X:1B Y:02 S:DB P:nvUbdIzC  $01:A039: 8D 07 20 STA $2007 = #$00
f1063   c31628059    i45169994    A:2A X:1B Y:02 S:DB P:nvUbdIzC  $01:A03C: E8       INX
f1063   c31628061    i45169995    A:2A X:1C Y:02 S:DB P:nvUbdIzC  $01:A03D: 88       DEY
f1063   c31628063    i45169996    A:2A X:1C Y:01 S:DB P:nvUbdIzC  $01:A03E: D0 F6    BNE $A036
f1063   c31628066    i45169997    A:2A X:1C Y:01 S:DB P:nvUbdIzC  $01:A036: BD EB 05 LDA $05EB,X @ $0607 = #$10
f1063   c31628071    i45169998    A:10 X:1C Y:01 S:DB P:nvUbdIzC  $01:A039: 8D 07 20 STA $2007 = #$00
f1063   c31628075    i45169999    A:10 X:1C Y:01 S:DB P:nvUbdIzC  $01:A03C: E8       INX
f1063   c31628077    i45170000    A:10 X:1D Y:01 S:DB P:nvUbdIzC  $01:A03D: 88       DEY
f1063   c31628079    i45170001    A:10 X:1D Y:00 S:DB P:nvUbdIZC  $01:A03E: D0 F6    BNE $A036
f1063   c31628081    i45170002    A:10 X:1D Y:00 S:DB P:nvUbdIZC  $01:A040: E8       INX
f1063   c31628083    i45170003    A:10 X:1E Y:00 S:DB P:nvUbdIzC  $01:A041: E8       INX
f1063   c31628085    i45170004    A:10 X:1F Y:00 S:DB P:nvUbdIzC  $01:A042: E8       INX
f1063   c31628087    i45170005    A:10 X:20 Y:00 S:DB P:nvUbdIzC  $01:A043: BD E8 05 LDA $05E8,X @ $0608 = #$04
f1064   c31667133    i45182396    A:02 X:44 Y:2F S:C8 P:nvUbdizc  $00:91C1: 18       CLC
f1064   c31667135    i45182397    A:02 X:44 Y:2F S:C8 P:nvUbdizc  $00:91C2: 7D 68 04 ADC $0468,X @ $04AC = #$2C
f1064   c31667139    i45182398    A:2E X:44 Y:2F S:C8 P:nvUbdizc  $00:91C5: 9D 68 04 STA $0468,X @ $04AC = #$2C
f1064   c31667144    i45182399    A:2E X:44 Y:2F S:C8 P:nvUbdizc  $00:91C8: 6A       ROR
f1064   c31667146    i45182400    A:17 X:44 Y:2F S:C8 P:nvUbdizc  $00:91C9: 45 E6    EOR $E6 = #$02
f1064   c31667149    i45182401    A:15 X:44 Y:2F S:C8 P:nvUbdizc  $00:91CB: 10 08    BPL $91D5
f1064   c31667152    i45182402    A:15 X:44 Y:2F S:C8 P:nvUbdizc  $00:91D5: A5 E8    LDA $E8 = #$06
f1064   c31667155    i45182403    A:06 X:44 Y:2F S:C8 P:nvUbdizc  $00:91D7: 18       CLC
f1064   c31667157    i45182404    A:06 X:44 Y:2F S:C8 P:nvUbdizc  $00:91D8: 7D 6B 04 ADC $046B,X @ $04AF = #$FC
f1064   c31667161    i45182405    A:02 X:44 Y:2F S:C8 P:nvUbdizC  $00:91DB: 9D 6B 04 STA $046B,X @ $04AF = #$FC
f1064   c31667166    i45182406    A:02 X:44 Y:2F S:C8 P:nvUbdizC  $00:91DE: 6A       ROR
f1064   c31667168    i45182407    A:81 X:44 Y:2F S:C8 P:NvUbdizc  $00:91DF: 45 E8    EOR $E8 = #$06
f1064   c31667171    i45182408    A:87 X:44 Y:2F S:C8 P:NvUbdizc  $00:91E1: 10 08    BPL $91EB
f1064   c31667173    i45182409    A:87 X:44 Y:2F S:C8 P:NvUbdizc  $00:91E3: BD 6A 04 LDA $046A,X @ $04AE = #$07
f1064   c31667177    i45182410    A:07 X:44 Y:2F S:C8 P:nvUbdizc  $00:91E6: 49 04    EOR #$04
f1064   c31667179    i45182411    A:03 X:44 Y:2F S:C8 P:nvUbdizc  $00:91E8: 9D 6A 04 STA $046A,X @ $04AE = #$07
f1064   c31667184    i45182412    A:03 X:44 Y:2F S:C8 P:nvUbdizc  $00:91EB: 8A       TXA
f1064   c31667186    i45182413    A:44 X:44 Y:2F S:C8 P:nvUbdizc  $00:91EC: 18       CLC
f1064   c31667188    i45182414    A:44 X:44 Y:2F S:C8 P:nvUbdizc  $00:91ED: 69 04    ADC #$04
f1064   c31667190    i45182415    A:48 X:44 Y:2F S:C8 P:nvUbdizc  $00:91EF: AA       TAX
f1064   c31667192    i45182416    A:48 X:48 Y:2F S:C8 P:nvUbdizc  $00:91F0: 88       DEY
f1064   c31667194    i45182417    A:48 X:48 Y:2E S:C8 P:nvUbdizc  $00:91F1: D0 CC    BNE $91BF
f1064   c31667197    i45182418    A:48 X:48 Y:2E S:C8 P:nvUbdizc  $00:91BF: A5 E6    LDA $E6 = #$02
f1064   c31667200    i45182419    A:02 X:48 Y:2E S:C8 P:nvUbdizc  $00:91C1: 18       CLC
f1064   c31667202    i45182420    A:02 X:48 Y:2E S:C8 P:nvUbdizc  $00:91C2: 7D 68 04 ADC $0468,X @ $04B0 = #$24
f1064   c31667206    i45182421    A:26 X:48 Y:2E S:C8 P:nvUbdizc  $00:91C5: 9D 68 04 STA $0468,X @ $04B0 = #$24
f1064   c31667211    i45182422    A:26 X:48 Y:2E S:C8 P:nvUbdizc  $00:91C8: 6A       ROR
f1064   c31667213    i45182423    A:13 X:48 Y:2E S:C8 P:nvUbdizc  $00:91C9: 45 E6    EOR $E6 = #$02
f1064   c31667216    i45182424    A:11 X:48 Y:2E S:C8 P:nvUbdizc  $00:91CB: 10 08    BPL $91D5
f1064   c31667219    i45182425    A:11 X:48 Y:2E S:C8 P:nvUbdizc  $00:91D5: A5 E8    LDA $E8 = #$06
f1064   c31667222    i45182426    A:06 X:48 Y:2E S:C8 P:nvUbdizc  $00:91D7: 18       CLC
f1064   c31667224    i45182427    A:06 X:48 Y:2E S:C8 P:nvUbdizc  $00:91D8: 7D 6B 04 ADC $046B,X @ $04B3 = #$04
f1064   c31667228    i45182428    A:0A X:48 Y:2E S:C8 P:nvUbdizc  $00:91DB: 9D 6B 04 STA $046B,X @ $04B3 = #$04
f1064   c31667233    i45182429    A:0A X:48 Y:2E S:C8 P:nvUbdizc  $00:91DE: 6A       ROR
f1064   c31667235    i45182430    A:05 X:48 Y:2E S:C8 P:nvUbdizc  $00:91DF: 45 E8    EOR $E8 = #$06
f1064   c31667238    i45182431    A:03 X:48 Y:2E S:C8 P:nvUbdizc  $00:91E1: 10 08    BPL $91EB
f1064   c31667241    i45182432    A:03 X:48 Y:2E S:C8 P:nvUbdizc  $00:91EB: 8A       TXA
f1064   c31667243    i45182433    A:48 X:48 Y:2E S:C8 P:nvUbdizc  $00:91EC: 18       CLC
f1064   c31667245    i45182434    A:48 X:48 Y:2E S:C8 P:nvUbdizc  $00:91ED: 69 04    ADC #$04
f1064   c31667247    i45182435    A:4C X:48 Y:2E S:C8 P:nvUbdizc  $00:91EF: AA       TAX
f1064   c31667249    i45182436    A:4C X:4C Y:2E S:C8 P:nvUbdizc  $00:91F0: 88       DEY
f1064   c31667251    i45182437    A:4C X:4C Y:2D S:C8 P:nvUbdizc  $00:91F1: D0 CC    BNE $91BF
f1065   c31693494    i45190732    A:05 X:04 Y:0D S:C8 P:nvUbdizc  $00:91D7: 18       CLC
f1065   c31693496    i45190733    A:05 X:04 Y:0D S:C8 P:nvUbdizc  $00:91D8: 7D 6B 04 ADC $046B,X @ $046F = #$FD
f1065   c31693500    i45190734    A:02 X:04 Y:0D S:C8 P:nvUbdizC  $00:91DB: 9D 6B 04 STA $046B,X @ $046F = #$FD
f1065   c31693505    i45190735    A:02 X:04 Y:0D S:C8 P:nvUbdizC  $00:91DE: 6A       ROR
f1065   c31693507    i45190736    A:81 X:04 Y:0D S:C8 P:NvUbdizc  $00:91DF: 45 E8    EOR $E8 = #$05
f1065   c31693510    i45190737    A:84 X:04 Y:0D S:C8 P:NvUbdizc  $00:91E1: 10 08    BPL $91EB
f1065   c31693512    i45190738    A:84 X:04 Y:0D S:C8 P:NvUbdizc  $00:91E3: BD 6A 04 LDA $046A,X @ $046E = #$04
f1065   c31693516    i45190739    A:04 X:04 Y:0D S:C8 P:nvUbdizc  $00:91E6: 49 04    EOR #$04
f1065   c31693518    i45190740    A:00 X:04 Y:0D S:C8 P:nvUbdiZc  $00:91E8: 9D 6A 04 STA $046A,X @ $046E = #$04
f1065   c31693523    i45190741    A:00 X:04 Y:0D S:C8 P:nvUbdiZc  $00:91EB: 8A       TXA
f1065   c31693525    i45190742    A:04 X:04 Y:0D S:C8 P:nvUbdizc  $00:91EC: 18       CLC
f1065   c31693527    i45190743    A:04 X:04 Y:0D S:C8 P:nvUbdizc  $00:91ED: 69 04    ADC #$04
f1065   c31693529    i45190744    A:08 X:04 Y:0D S:C8 P:nvUbdizc  $00:91EF: AA       TAX
f1065   c31693531    i45190745    A:08 X:08 Y:0D S:C8 P:nvUbdizc  $00:91F0: 88       DEY
f1065   c31693533    i45190746    A:08 X:08 Y:0C S:C8 P:nvUbdizc  $00:91F1: D0 CC    BNE $91BF
f1065   c31693536    i45190747    A:08 X:08 Y:0C S:C8 P:nvUbdizc  $00:91BF: A5 E6    LDA $E6 = #$00
f1065   c31693539    i45190748    A:00 X:08 Y:0C S:C8 P:nvUbdiZc  $00:91C1: 18       CLC
f1065   c31693541    i45190749    A:00 X:08 Y:0C S:C8 P:nvUbdiZc  $00:91C2: 7D 68 04 ADC $0468,X @ $0470 = #$00
f1065   c31693545    i45190750    A:00 X:08 Y:0C S:C8 P:nvUbdiZc  $00:91C5: 9D 68 04 STA $0468,X @ $0470 = #$00
f1065   c31693550    i45190751    A:00 X:08 Y:0C S:C8 P:nvUbdiZc  $00:91C8: 6A       ROR
f1065   c31693552    i45190752    A:00 X:08 Y:0C S:C8 P:nvUbdiZc  $00:91C9: 45 E6    EOR $E6 = #$00
f1065   c31693555    i45190753    A:00 X:08 Y:0C S:C8 P:nvUbdiZc  $00:91CB: 10 08    BPL $91D5
f1065   c31693558    i45190754    A:00 X:08 Y:0C S:C8 P:nvUbdiZc  $00:91D5: A5 E8    LDA $E8 = #$05
f1065   c31693561    i45190755    A:05 X:08 Y:0C S:C8 P:nvUbdizc  $00:91D7: 18       CLC
f1065   c31693563    i45190756    A:05 X:08 Y:0C S:C8 P:nvUbdizc  $00:91D8: 7D 6B 04 ADC $046B,X @ $0473 = #$05
f1065   c31693567    i45190757    A:0A X:08 Y:0C S:C8 P:nvUbdizc  $00:91DB: 9D 6B 04 STA $046B,X @ $0473 = #$05
f1065   c31693572    i45190758    A:0A X:08 Y:0C S:C8 P:nvUbdizc  $00:91DE: 6A       ROR
f1065   c31693574    i45190759    A:05 X:08 Y:0C S:C8 P:nvUbdizc  $00:91DF: 45 E8    EOR $E8 = #$05
f1065   c31693577    i45190760    A:00 X:08 Y:0C S:C8 P:nvUbdiZc  $00:91E1: 10 08    BPL $91EB
f1065   c31693580    i45190761    A:00 X:08 Y:0C S:C8 P:nvUbdiZc  $00:91EB: 8A       TXA
f1065   c31693582    i45190762    A:08 X:08 Y:0C S:C8 P:nvUbdizc  $00:91EC: 18       CLC
f1065   c31693584    i45190763    A:08 X:08 Y:0C S:C8 P:nvUbdizc  $00:91ED: 69 04    ADC #$04
f1065   c31693586    i45190764    A:0C X:08 Y:0C S:C8 P:nvUbdizc  $00:91EF: AA       TAX
f1065   c31693588    i45190765    A:0C X:0C Y:0C S:C8 P:nvUbdizc  $00:91F0: 88       DEY
f1065   c31693590    i45190766    A:0C X:0C Y:0B S:C8 P:nvUbdizc  $00:91F1: D0 CC    BNE $91BF
f1065   c31693593    i45190767    A:0C X:0C Y:0B S:C8 P:nvUbdizc  $00:91BF: A5 E6    LDA $E6 = #$00
f1065   c31693596    i45190768    A:00 X:0C Y:0B S:C8 P:nvUbdiZc  $00:91C1: 18       CLC
f1065   c31693598    i45190769    A:00 X:0C Y:0B S:C8 P:nvUbdiZc  $00:91C2: 7D 68 04 ADC $0468,X @ $0474 = #$08
f1065   c31693602    i45190770    A:08 X:0C Y:0B S:C8 P:nvUbdizc  $00:91C5: 9D 68 04 STA $0468,X @ $0474 = #$08
f1065   c31693607    i45190771    A:08 X:0C Y:0B S:C8 P:nvUbdizc  $00:91C8: 6A       ROR
f1065   c31693609    i45190772    A:04 X:0C Y:0B S:C8 P:nvUbdizc  $00:91C9: 45 E6    EOR $E6 = #$00
f1065   c31693612    i45190773    A:04 X:0C Y:0B S:C8 P:nvUbdizc  $00:91CB: 10 08    BPL $91D5
f1066   c31718321    i45198641    A:0B X:05 Y:01 S:D9 P:nvUbdIzc  $06:845E: A6 F3    LDX $F3 = #$05
f1066   c31718324    i45198642    A:0B X:05 Y:01 S:D9 P:nvUbdIzc  $06:8460: CA       DEX
f1066   c31718326    i45198643    A:0B X:04 Y:01 S:D9 P:nvUbdIzc  $06:8461: BC F4 07 LDY $07F4,X @ $07F8 = #$00
f1066   c31718330    i45198644    A:0B X:04 Y:00 S:D9 P:nvUbdIZc  $06:8464: F0 29    BEQ $848F
f1066   c31718333    i45198645    A:0B X:04 Y:00 S:D9 P:nvUbdIZc  $06:848F: 18       CLC
f1066   c31718335    i45198646    A:0B X:04 Y:00 S:D9 P:nvUbdIZc  $06:8490: 7D A7 07 ADC $07A7,X @ $07AB = #$00
f1066   c31718339    i45198647    A:0B X:04 Y:00 S:D9 P:nvUbdIzc  $06:8493: A0 07    LDY #$07
f1066   c31718341    i45198648    A:0B X:04 Y:07 S:D9 P:nvUbdIzc  $06:8495: 91 F0    STA ($F0),Y @ $075E = #$0A
f1066   c31718347    i45198649    A:0B X:04 Y:07 S:D9 P:nvUbdIzc  $06:8497: 9D B7 07 STA $07B7,X @ $07BB = #$0A
f1066   c31718352    i45198650    A:0B X:04 Y:07 S:D9 P:nvUbdIzc  $06:849A: C8       INY
f1066   c31718354    i45198651    A:0B X:04 Y:08 S:D9 P:nvUbdIzc  $06:849B: A5 F5    LDA $F5 = #$00
f1066   c31718357    i45198652    A:00 X:04 Y:08 S:D9 P:nvUbdIZc  $06:849D: 69 00    ADC #$00
f1066   c31718359    i45198653    A:00 X:04 Y:08 S:D9 P:nvUbdIZc  $06:849F: 09 80    ORA #$80
f1066   c31718361    i45198654    A:80 X:04 Y:08 S:D9 P:NvUbdIzc  $06:84A1: 91 F0    STA ($F0),Y @ $075F = #$80
f1066   c31718367    i45198655    A:80 X:04 Y:08 S:D9 P:NvUbdIzc  $06:84A3: 9D BF 07 STA $07BF,X @ $07C3 = #$80
f1066   c31718372    i45198656    A:80 X:04 Y:08 S:D9 P:NvUbdIzc  $06:84A6: A6 F3    LDX $F3 = #$05
f1066   c31718375    i45198657    A:80 X:05 Y:08 S:D9 P:nvUbdIzc  $06:84A8: CA       DEX
f1066   c31718377    i45198658    A:80 X:04 Y:08 S:D9 P:nvUbdIzc  $06:84A9: A9 00    LDA #$00
f1066   c31718379    i45198659    A:00 X:04 Y:08 S:D9 P:nvUbdIZc  $06:84AB: 9D F4 07 STA $07F4,X @ $07F8 = #$00
f1066   c31718384    i45198660    A:00 X:04 Y:08 S:D9 P:nvUbdIZc  $06:84AE: BD EA 07 LDA $07EA,X @ $07EE = #$0F
f1066   c31718388    i45198661    A:0F X:04 Y:08 S:D9 P:nvUbdIzc  $06:84B1: D0 0D    BNE $84C0
f1066   c31718391    i45198662    A:0F X:04 Y:08 S:D9 P:nvUbdIzc  $06:84C0: A6 F2    LDX $F2 = #$0C
f1066   c31718394    i45198663    A:0F X:0C Y:08 S:D9 P:nvUbdIzc  $06:84C2: BD 08 07 LDA $0708,X @ $0714 = #$01
f1066   c31718398    i45198664    A:01 X:0C Y:08 S:D9 P:nvUbdIzc  $06:84C5: 9D 07 07 STA $0707,X @ $0713 = #$00
f1066   c31718403    i45198665    A:01 X:0C Y:08 S:D9 P:nvUbdIzc  $06:84C8: 60       RTS (from $83CB)
f1066   c31718409    i45198666    A:01 X:0C Y:08 S:DB P:nvUbdIzc  $06:80E1: A6 F2    LDX $F2 = #$0C
f1066   c31718412    i45198667    A:01 X:0C Y:08 S:DB P:nvUbdIzc  $06:80E3: DE 09 07 DEC $0709,X @ $0715 = #$02
f1066   c31718419    i45198668    A:01 X:0C Y:08 S:DB P:nvUbdIzc  $06:80E6: D0 21    BNE $8109
f1066   c31718423    i45198669    A:01 X:0C Y:08 S:DB P:nvUbdIzc  $06:8109: 20 DB 81 JSR $81DB
f1066   c31718429    i45198670    A:01 X:0C Y:08 S:D9 P:nvUbdIzc  $06:81DB: A0 05    LDY #$05
f1066   c31718431    i45198671    A:01 X:0C Y:05 S:D9 P:nvUbdIzc  $06:81DD: B1 F0    LDA ($F0),Y @ $075C = #$00
f1066   c31718436    i45198672    A:00 X:0C Y:05 S:D9 P:nvUbdIZc  $06:81DF: AA       TAX
f1066   c31718438    i45198673    A:00 X:00 Y:05 S:D9 P:nvUbdIZc  $06:81E0: 29 F0    AND #$F0
f1066   c31718440    i45198674    A:00 X:00 Y:05 S:D9 P:nvUbdIZc  $06:81E2: 85 F6    STA $F6 = #$3B
f1066   c31718443    i45198675    A:00 X:00 Y:05 S:D9 P:nvUbdIZc  $06:81E4: 29 20    AND #$20
f1066   c31718445    i45198676    A:00 X:00 Y:05 S:D9 P:nvUbdIZc  $06:81E6: F0 06    BEQ $81EE
f1066   c31718448    i45198677    A:00 X:00 Y:05 S:D9 P:nvUbdIZc  $06:81EE: 8A       TXA
f1066   c31718450    i45198678    A:00 X:00 Y:05 S:D9 P:nvUbdIZc  $06:81EF: 29 0F    AND #$0F
f1066   c31718452    i45198679    A:00 X:00 Y:05 S:D9 P:nvUbdIZc  $06:81F1: 85 F7    STA $F7 = #$85
f1066   c31718455    i45198680    A:00 X:00 Y:05 S:D9 P:nvUbdIZc  $06:81F3: A4 F3    LDY $F3 = #$05
f1066   c31718458    i45198681    A:00 X:00 Y:05 S:D9 P:nvUbdIzc  $06:81F5: 88       DEY
f1067   c31751602    i45209246    A:8F X:08 Y:08 S:D9 P:nvUbdIzC  $06:81A9: B1 F0    LDA ($F0),Y @ $078F = #$81
f1067   c31751607    i45209247    A:81 X:08 Y:08 S:D9 P:NvUbdIzC  $06:81AB: 10 2D    BPL $81DA
f1067   c31751609    i45209248    A:81 X:08 Y:08 S:D9 P:NvUbdIzC  $06:81AD: 29 7F    AND #$7F
f1067   c31751611    i45209249    A:01 X:08 Y:08 S:D9 P:nvUbdIzC  $06:81AF: 91 F0    STA ($F0),Y @ $078F = #$81
f1067   c31751617    i45209250    A:01 X:08 Y:08 S:D9 P:nvUbdIzC  $06:81B1: A0 07    LDY #$07
f1067   c31751619    i45209251    A:01 X:08 Y:07 S:D9 P:nvUbdIzC  $06:81B3: B1 F0    LDA ($F0),Y @ $078E = #$2E
f1067   c31751624    i45209252    A:2E X:08 Y:07 S:D9 P:nvUbdIzC  $06:81B5: 9D 02 40 STA $4002,X @ $400A = #$1D
f1067   c31751629    i45209253    A:2E X:08 Y:07 S:D9 P:nvUbdIzC  $06:81B8: C8       INY
f1067   c31751631    i45209254    A:2E X:08 Y:08 S:D9 P:nvUbdIzC  $06:81B9: B1 F0    LDA ($F0),Y @ $078F = #$01
f1067   c31751636    i45209255    A:01 X:08 Y:08 S:D9 P:nvUbdIzC  $06:81BB: 09 18    ORA #$18
f1067   c31751638    i45209256    A:19 X:08 Y:08 S:D9 P:nvUbdIzC  $06:81BD: A4 FB    LDY $FB = #$01
f1067   c31751641    i45209257    A:19 X:08 Y:01 S:D9 P:nvUbdIzC  $06:81BF: F0 09    BEQ $81CA
f1067   c31751643    i45209258    A:19 X:08 Y:01 S:D9 P:nvUbdIzC  $06:81C1: C0 01    CPY #$01
f1067   c31751645    i45209259    A:19 X:08 Y:01 S:D9 P:nvUbdIZC  $06:81C3: F0 05    BEQ $81CA
f1067   c31751648    i45209260    A:19 X:08 Y:01 S:D9 P:nvUbdIZC  $06:81CA: 9D 03 40 STA $4003,X @ $400B = #$19
f1067   c31751653    i45209261    A:19 X:08 Y:01 S:D9 P:nvUbdIZC  $06:81CD: 99 E0 07 STA $07E0,Y @ $07E1 = #$00
f1067   c31751658    i45209262    A:19 X:08 Y:01 S:D9 P:nvUbdIZC  $06:81D0: B9 E4 07 LDA $07E4,Y @ $07E5 = #$00
f1067   c31751662    i45209263    A:00 X:08 Y:01 S:D9 P:nvUbdIZC  $06:81D3: D0 05    BNE $81DA
f1067   c31751664    i45209264    A:00 X:08 Y:01 S:D9 P:nvUbdIZC  $06:81D5: A9 00    LDA #$00
f1067   c31751666    i45209265    A:00 X:08 Y:01 S:D9 P:nvUbdIZC  $06:81D7: 99 E0 07 STA $07E0,Y @ $07E1 = #$19
f1067   c31751671    i45209266    A:00 X:08 Y:01 S:D9 P:nvUbdIZC  $06:81DA: 60       RTS (from $816E)
f1067   c31751677    i45209267    A:00 X:08 Y:01 S:DB P:nvUbdIZC  $06:814C: 18       CLC
f1067   c31751679    i45209268    A:00 X:08 Y:01 S:DB P:nvUbdIZc  $06:814D: A9 10    LDA #$10
f1067   c31751681    i45209269    A:10 X:08 Y:01 S:DB P:nvUbdIzc  $06:814F: 65 FC    ADC $FC = #$47
f1067   c31751684    i45209270    A:57 X:08 Y:01 S:DB P:nvUbdIzc  $06:8151: 85 FC    STA $FC = #$47
f1067   c31751687    i45209271    A:57 X:08 Y:01 S:DB P:nvUbdIzc  $06:8153: 85 F0    STA $F0 = #$87
f1067   c31751690    i45209272    A:57 X:08 Y:01 S:DB P:nvUbdIzc  $06:8155: A9 00    LDA #$00
f1067   c31751692    i45209273    A:00 X:08 Y:01 S:DB P:nvUbdIZc  $06:8157: 65 FD    ADC $FD = #$07
f1067   c31751695    i45209274    A:07 X:08 Y:01 S:DB P:nvUbdIzc  $06:8159: 85 FD    STA $FD = #$07
f1067   c31751698    i45209275    A:07 X:08 Y:01 S:DB P:nvUbdIzc  $06:815B: 85 F1    STA $F1 = #$07
f1067   c31751701    i45209276    A:07 X:08 Y:01 S:DB P:nvUbdIzc  $06:815D: 06 F3    ASL $F3 = #$44
f1067   c31751706    i45209277    A:07 X:08 Y:01 S:DB P:NvUbdIzc  $06:815F: C6 F2    DEC $F2 = #$01
f1067   c31751711    i45209278    A:07 X:08 Y:01 S:DB P:nvUbdIZc  $06:8161: 10 CE    BPL $8131
f1067   c31751714    i45209279    A:07 X:08 Y:01 S:DB P:nvUbdIZc  $06:8131: AD 06 07 LDA $0706 = #$F8
f1067   c31751718    i45209280    A:F8 X:08 Y:01 S:DB P:NvUbdIzc  $06:8134: 25 F3    AND $F3 = #$88
f1067   c31751721    i45209281    A:88 X:08 Y:01 S:DB P:NvUbdIzc  $06:8136: F0 14    BEQ $814C
f1067   c31751723    i45209282    A:88 X:08 Y:01 S:DB P:NvUbdIzc  $06:8138: 29 0F    AND #$0F
f1067   c31751725    i45209283    A:08 X:08 Y:01 S:DB P:nvUbdIzc  $06:813A: D0 0D    BNE $8149
f1067   c31751728    i45209284    A:08 X:08 Y:01 S:DB P:nvUbdIzc  $06:8149: 20 6E 81 JSR $816E
f1067   c31751734    i45209285    A:08 X:08 Y:01 S:D9 P:nvUbdIzc  $06:816E: A9 03    LDA #$03
f1067   c31751736    i45209286    A:03 X:08 Y:01 S:D9 P:nvUbdIzc  $06:8170: 45 F2    EOR $F2 = #$00
f1067   c31754774    i45210267    A:24 X:54 Y:2B S:C8 P:nvUbdizc  $00:91CB: 10 08    BPL $91D5
f1067   c31754777    i45210268    A:24 X:54 Y:2B S:C8 P:nvUbdizc  $00:91D5: A5 E8    LDA $E8 = #$06
f1067   c31754780    i45210269    A:06 X:54 Y:2B S:C8 P:nvUbdizc  $00:91D7: 18       CLC
f1067   c31754782    i45210270    A:06 X:54 Y:2B S:C8 P:nvUbdizc  $00:91D8: 7D 6B 04 ADC $046B,X @ $04BF = #$F6
f1067   c31754786    i45210271    A:FC X:54 Y:2B S:C8 P:NvUbdizc  $00:91DB: 9D 6B 04 STA $046B,X @ $04BF = #$F6
f1067   c31754791    i45210272    A:FC X:54 Y:2B S:C8 P:NvUbdizc  $00:91DE: 6A       ROR
f1067   c31754793    i45210273    A:7E X:54 Y:2B S:C8 P:nvUbdizc  $00:91DF: 45 E8    EOR $E8 = #$06
f1067   c31754796    i45210274    A:78 X:54 Y:2B S:C8 P:nvUbdizc  $00:91E1: 10 08    BPL $91EB
f1067   c31754799    i45210275    A:78 X:54 Y:2B S:C8 P:nvUbdizc  $00:91EB: 8A       TXA
f1067   c31754801    i45210276    A:54 X:54 Y:2B S:C8 P:nvUbdizc  $00:91EC: 18       CLC
f1067   c31754803    i45210277    A:54 X:54 Y:2B S:C8 P:nvUbdizc  $00:91ED: 69 04    ADC #$04
f1067   c31754805    i45210278    A:58 X:54 Y:2B S:C8 P:nvUbdizc  $00:91EF: AA       TAX
f1067   c31754807    i45210279    A:58 X:58 Y:2B S:C8 P:nvUbdizc  $00:91F0: 88       DEY
f1067   c31754809    i45210280    A:58 X:58 Y:2A S:C8 P:nvUbdizc  $00:91F1: D0 CC    BNE $91BF
f1067   c31754812    i45210281    A:58 X:58 Y:2A S:C8 P:nvUbdizc  $00:91BF: A5 E6    LDA $E6 = #$02
f1067   c31754815    i45210282    A:02 X:58 Y:2A S:C8 P:nvUbdizc  $00:91C1: 18       CLC
f1067   c31754817    i45210283    A:02 X:58 Y:2A S:C8 P:nvUbdizc  $00:91C2: 7D 68 04 ADC $0468,X @ $04C0 = #$4A
f1067   c31754821    i45210284    A:4C X:58 Y:2A S:C8 P:nvUbdizc  $00:91C5: 9D 68 04 STA $0468,X @ $04C0 = #$4A
f1067   c31754826    i45210285    A:4C X:58 Y:2A S:C8 P:nvUbdizc  $00:91C8: 6A       ROR
f1067   c31754828    i45210286    A:26 X:58 Y:2A S:C8 P:nvUbdizc  $00:91C9: 45 E6    EOR $E6 = #$02
f1067   c31754831    i45210287    A:24 X:58 Y:2A S:C8 P:nvUbdizc  $00:91CB: 10 08    BPL $91D5
f1067   c31754834    i45210288    A:24 X:58 Y:2A S:C8 P:nvUbdizc  $00:91D5: A5 E8    LDA $E8 = #$06
f1067   c31754837    i45210289    A:06 X:58 Y:2A S:C8 P:nvUbdizc  $00:91D7: 18       CLC
f1067   c31754839    i45210290    A:06 X:58 Y:2A S:C8 P:nvUbdizc  $00:91D8: 7D 6B 04 ADC $046B,X @ $04C3 = #$FE
f1067   c31754843    i45210291    A:04 X:58 Y:2A S:C8 P:nvUbdizC  $00:91DB: 9D 6B 04 STA $046B,X @ $04C3 = #$FE
f1067   c31754848    i45210292    A:04 X:58 Y:2A S:C8 P:nvUbdizC  $00:91DE: 6A       ROR
f1067   c31754850    i45210293    A:82 X:58 Y:2A S:C8 P:NvUbdizc  $00:91DF: 45 E8    EOR $E8 = #$06
f1067   c31754853    i45210294    A:84 X:58 Y:2A S:C8 P:NvUbdizc  $00:91E1: 10 08    BPL $91EB
f1067   c31754855    i45210295    A:84 X:58 Y:2A S:C8 P:NvUbdizc  $00:91E3: BD 6A 04 LDA $046A,X @ $04C2 = #$05
f1067   c31754859    i45210296    A:05 X:58 Y:2A S:C8 P:nvUbdizc  $00:91E6: 49 04    EOR #$04
f1067   c31754861    i45210297    A:01 X:58 Y:2A S:C8 P:nvUbdizc  $00:91E8: 9D 6A 04 STA $046A,X @ $04C2 = #$05
f1067   c31754866    i45210298    A:01 X:58 Y:2A S:C8 P:nvUbdizc  $00:91EB: 8A       TXA
f1067   c31754868    i45210299    A:58 X:58 Y:2A S:C8 P:nvUbdizc  $00:91EC: 18       CLC
f1067   c31754870    i45210300    A:58 X:58 Y:2A S:C8 P:nvUbdizc  $00:91ED: 69 04    ADC #$04
f1067   c31754872    i45210301    A:5C X:58 Y:2A S:C8 P:nvUbdizc  $00:91EF: AA       TAX
f1067   c31754874    i45210302    A:5C X:5C Y:2A S:C8 P:nvUbdizc  $00:91F0: 88       DEY
f1067   c31754876    i45210303    A:5C X:5C Y:29 S:C8 P:nvUbdizc  $00:91F1: D0 CC    BNE $91BF
f1067   c31754879    i45210304    A:5C X:5C Y:29 S:C8 P:nvUbdizc  $00:91BF: A5 E6    LDA $E6 = #$02
f1067   c31754882    i45210305    A:02 X:5C Y:29 S:C8 P:nvUbdizc  $00:91C1: 18       CLC
f1067   c31754884    i45210306    A:02 X:5C Y:29 S:C8 P:nvUbdizc  $00:91C2: 7D 68 04 ADC $0468,X @ $04C4 = #$52
f1067   c31754888    i45210307    A:54 X:5C Y:29 S:C8 P:nvUbdizc  $00:91C5: 9D 68 04 STA $0468,X @ $04C4 = #$52
f1067   c31754893    i45210308    A:54 X:5C Y:29 S:C8 P:nvUbdizc  $00:91C8: 6A       ROR
f1071   c31882087    i45250608    A:40 X:19 Y:00 S:E0 P:nvUbdizC  $00:9F04: A5 1B    LDA $1B = #$40
f1071   c31882090    i45250609    A:40 X:19 Y:00 S:E0 P:nvUbdizC  $00:9F06: 10 FC    BPL $9F04
f1071   c31882093    i45250610    A:40 X:19 Y:00 S:E0 P:nvUbdizC  $00:9F04: A5 1B    LDA $1B = #$40
f1071   c31882096    i45250611    A:40 X:19 Y:00 S:E0 P:nvUbdizC  $00:9F06: 10 FC    BPL $9F04
f1071   c31882099    i45250612    A:40 X:19 Y:00 S:E0 P:nvUbdizC  $00:9F04: A5 1B    LDA $1B = #$40
f1071   c31882102    i45250613    A:40 X:19 Y:00 S:E0 P:nvUbdizC  $00:9F06: 10 FC    BPL $9F04
f1071   c31882105    i45250614    A:40 X:19 Y:00 S:E0 P:nvUbdizC  $00:9F04: A5 1B    LDA $1B = #$40
f1071   c31882108    i45250615    A:40 X:19 Y:00 S:E0 P:nvUbdizC  $00:9F06: 10 FC    BPL $9F04
f1071   c31882111    i45250616    A:40 X:19 Y:00 S:E0 P:nvUbdizC  $00:9F04: A5 1B    LDA $1B = #$40
f1071   c31882114    i45250617    A:40 X:19 Y:00 S:E0 P:nvUbdizC  $00:9F06: 10 FC    BPL $9F04
f1071   c31882117    i45250618    A:40 X:19 Y:00 S:E0 P:nvUbdizC  $00:9F04: A5 1B    LDA $1B = #$40
f1071   c31882120    i45250619    A:40 X:19 Y:00 S:E0 P:nvUbdizC  $00:9F06: 10 FC    BPL $9F04
f1071   c31882123    i45250620    A:40 X:19 Y:00 S:E0 P:nvUbdizC  $00:9F04: A5 1B    LDA $1B = #$40
f1071   c31882126    i45250621    A:40 X:19 Y:00 S:E0 P:nvUbdizC  $00:9F06: 10 FC    BPL $9F04
f1071   c31882129    i45250622    A:40 X:19 Y:00 S:E0 P:nvUbdizC  $00:9F04: A5 1B    LDA $1B = #$40
f1071   c31882132    i45250623    A:40 X:19 Y:00 S:E0 P:nvUbdizC  $00:9F06: 10 FC    BPL $9F04
f1071   c31882135    i45250624    A:40 X:19 Y:00 S:E0 P:nvUbdizC  $00:9F04: A5 1B    LDA $1B = #$40
f1071   c31882138    i45250625    A:40 X:19 Y:00 S:E0 P:nvUbdizC  $00:9F06: 10 FC    BPL $9F04
f1071   c31882141    i45250626    A:40 X:19 Y:00 S:E0 P:nvUbdizC  $00:9F04: A5 1B    LDA $1B = #$40
f1071   c31882144    i45250627    A:40 X:19 Y:00 S:E0 P:nvUbdizC  $00:9F06: 10 FC    BPL $9F04
f1071   c31882147    i45250628    A:40 X:19 Y:00 S:E0 P:nvUbdizC  $00:9F04: A5 1B    LDA $1B = #$40
f1071   c31882150    i45250629    A:40 X:19 Y:00 S:E0 P:nvUbdizC  $00:9F06: 10 FC    BPL $9F04
f1071   c31882153    i45250630    A:40 X:19 Y:00 S:E0 P:nvUbdizC  $00:9F04: A5 1B    LDA $1B = #$40
f1071   c31882156    i45250631    A:40 X:19 Y:00 S:E0 P:nvUbdizC  $00:9F06: 10 FC    BPL $9F04
f1071   c31882159    i45250632    A:40 X:19 Y:00 S:E0 P:nvUbdizC  $00:9F04: A5 1B    LDA $1B = #$40
f1071   c31882169    i45250633    A:40 X:19 Y:00 S:DD P:nvUbdIzC  $0F:C506: 4C 21 C8 JMP $C821
f1071   c31882172    i45250634    A:40 X:19 Y:00 S:DD P:nvUbdIzC  $0F:C821: 24 1B    BIT $1B = #$40
f1071   c31882175    i45250635    A:40 X:19 Y:00 S:DD P:nVUbdIzC  $0F:C823: 50 03    BVC $C828
f1071   c31882177    i45250636    A:40 X:19 Y:00 S:DD P:nVUbdIzC  $0F:C825: 4C 78 C4 JMP $C478
f1071   c31882180    i45250637    A:40 X:19 Y:00 S:DD P:nVUbdIzC  $0F:C478: 24 3B    BIT $3B = #$55
f1071   c31882183    i45250638    A:40 X:19 Y:00 S:DD P:nVUbdIzC  $0F:C47A: 30 32    BMI $C4AE
f1071   c31882185    i45250639    A:40 X:19 Y:00 S:DD P:nVUbdIzC  $0F:C47C: 38       SEC
f1071   c31882187    i45250640    A:40 X:19 Y:00 S:DD P:nVUbdIzC  $0F:C47D: 66 3B    ROR $3B = #$55
f1071   c31882192    i45250641    A:40 X:19 Y:00 S:DD P:NVUbdIzC  $0F:C47F: 85 3C    STA $3C = #$40
f1071   c31882195    i45250642    A:40 X:19 Y:00 S:DD P:NVUbdIzC  $0F:C481: 86 3D    STX $3D = #$19
f1071   c31882198    i45250643    A:40 X:19 Y:00 S:DD P:NVUbdIzC  $0F:C483: 84 3E    STY $3E = #$03
f1071   c31882201    i45250644    A:40 X:19 Y:00 S:DD P:NVUbdIzC  $0F:C485: A5 22    LDA $22 = #$00
f1071   c31882204    i45250645    A:00 X:19 Y:00 S:DD P:nVUbdIZC  $0F:C487: 09 07    ORA #$07
f1071   c31882206    i45250646    A:07 X:19 Y:00 S:DD P:nVUbdIzC  $0F:C489: 8D 00 80 STA $8000 = #$A5
f1071   c31882210    i45250647    A:07 X:19 Y:00 S:DD P:nVUbdIzC  $0F:C48C: A9 02    LDA #$02
f1071   c31882212    i45250648    A:02 X:19 Y:00 S:DD P:nVUbdIzC  $0F:C48E: 8D 01 80 STA $8001 = #$27
f1071   c31882216    i45250649    A:02 X:19 Y:00 S:DD P:nVUbdIzC  $0F:C491: 20 60 A1 JSR $A160
f1072   c31911867    i45260118    A:40 X:19 Y:05 S:E0 P:nvUbdizC  $00:9F04: A5 1B    LDA $1B = #$40
f1072   c31911870    i45260119    A:40 X:19 Y:05 S:E0 P:nvUbdizC  $00:9F06: 10 FC    BPL $9F04
f1072   c31911873    i45260120    A:40 X:19 Y:05 S:E0 P:nvUbdizC  $00:9F04: A5 1B    LDA $1B = #$40
f1072   c31911876    i45260121    A:40 X:19 Y:05 S:E0 P:nvUbdizC  $00:9F06: 10 FC    BPL $9F04
f1072   c31911879    i45260122    A:40 X:19 Y:05 S:E0 P:nvUbdizC  $00:9F04: A5 1B    LDA $1B = #$40
f1072   c31911882    i45260123    A:40 X:19 Y:05 S:E0 P:nvUbdizC  $00:9F06: 10 FC    BPL $9F04
f1072   c31911885    i45260124    A:40 X:19 Y:05 S:E0 P:nvUbdizC  $00:9F04: A5 1B    LDA $1B = #$40
f1072   c31911888    i45260125    A:40 X:19 Y:05 S:E0 P:nvUbdizC  $00:9F06: 10 FC    BPL $9F04
f1072   c31911891    i45260126    A:40 X:19 Y:05 S:E0 P:nvUbdizC  $00:9F04: A5 1B    LDA $1B = #$40
f1072   c31911894    i45260127    A:40 X:19 Y:05 S:E0 P:nvUbdizC  $00:9F06: 10 FC    BPL $9F04
f1072   c31911897    i45260128    A:40 X:19 Y:05 S:E0 P:nvUbdizC  $00:9F04: A5 1B    LDA $1B = #$40
f1072   c31911900    i45260129    A:40 X:19 Y:05 S:E0 P:nvUbdizC  $00:9F06: 10 FC    BPL $9F04
f1072   c31911903    i45260130    A:40 X:19 Y:05 S:E0 P:nvUbdizC  $00:9F04: A5 1B    LDA $1B = #$40
f1072   c31911906    i45260131    A:40 X:19 Y:05 S:E0 P:nvUbdizC  $00:9F06: 10 FC    BPL $9F04
f1072   c31911909    i45260132    A:40 X:19 Y:05 S:E0 P:nvUbdizC  $00:9F04: A5 1B    LDA $1B = #$40
f1072   c31911912    i45260133    A:40 X:19 Y:05 S:E0 P:nvUbdizC  $00:9F06: 10 FC    BPL $9F04
f1072   c31911915    i45260134    A:40 X:19 Y:05 S:E0 P:nvUbdizC  $00:9F04: A5 1B    LDA $1B = #$40
f1072   c31911918    i45260135    A:40 X:19 Y:05 S:E0 P:nvUbdizC  $00:9F06: 10 FC    BPL $9F04
f1072   c31911921    i45260136    A:40 X:19 Y:05 S:E0 P:nvUbdizC  $00:9F04: A5 1B    LDA $1B = #$40
f1072   c31911924    i45260137    A:40 X:19 Y:05 S:E0 P:nvUbdizC  $00:9F06: 10 FC    BPL $9F04
f1072   c31911927    i45260138    A:40 X:19 Y:05 S:E0 P:nvUbdizC  $00:9F04: A5 1B    LDA $1B = #$40
f1072   c31911930    i45260139    A:40 X:19 Y:05 S:E0 P:nvUbdizC  $00:9F06: 10 FC    BPL $9F04
f1072   c31911933    i45260140    A:40 X:19 Y:05 S:E0 P:nvUbdizC  $00:9F04: A5 1B    LDA $1B = #$40
f1072   c31911936    i45260141    A:40 X:19 Y:05 S:E0 P:nvUbdizC  $00:9F06: 10 FC    BPL $9F04
f1072   c31911939    i45260142    A:40 X:19 Y:05 S:E0 P:nvUbdizC  $00:9F04: A5 1B    LDA $1B = #$40
f1072   c31911949    i45260143    A:40 X:19 Y:05 S:DD P:nvUbdIzC  $0F:C506: 4C 21 C8 JMP $C821
f1072   c31911952    i45260144    A:40 X:19 Y:05 S:DD P:nvUbdIzC  $0F:C821: 24 1B    BIT $1B = #$40
f1072   c31911955    i45260145    A:40 X:19 Y:05 S:DD P:nVUbdIzC  $0F:C823: 50 03    BVC $C828
f1072   c31911957    i45260146    A:40 X:19 Y:05 S:DD P:nVUbdIzC  $0F:C825: 4C 78 C4 JMP $C478
f1072   c31911960    i45260147    A:40 X:19 Y:05 S:DD P:nVUbdIzC  $0F:C478: 24 3B    BIT $3B = #$55
f1072   c31911963    i45260148    A:40 X:19 Y:05 S:DD P:nVUbdIzC  $0F:C47A: 30 32    BMI $C4AE
f1072   c31911965    i45260149    A:40 X:19 Y:05 S:DD P:nVUbdIzC  $0F:C47C: 38       SEC
f1072   c31911967    i45260150    A:40 X:19 Y:05 S:DD P:nVUbdIzC  $0F:C47D: 66 3B    ROR $3B = #$55
f1072   c31911972    i45260151    A:40 X:19 Y:05 S:DD P:NVUbdIzC  $0F:C47F: 85 3C    STA $3C = #$40
f1072   c31911975    i45260152    A:40 X:19 Y:05 S:DD P:NVUbdIzC  $0F:C481: 86 3D    STX $3D = #$19
f1072   c31911978    i45260153    A:40 X:19 Y:05 S:DD P:NVUbdIzC  $0F:C483: 84 3E    STY $3E = #$00
f1072   c31911981    i45260154    A:40 X:19 Y:05 S:DD P:NVUbdIzC  $0F:C485: A5 22    LDA $22 = #$00
f1072   c31911984    i45260155    A:00 X:19 Y:05 S:DD P:nVUbdIZC  $0F:C487: 09 07    ORA #$07
f1072   c31911986    i45260156    A:07 X:19 Y:05 S:DD P:nVUbdIzC  $0F:C489: 8D 00 80 STA $8000 = #$A5
f1072   c31911990    i45260157    A:07 X:19 Y:05 S:DD P:nVUbdIzC  $0F:C48C: A9 02    LDA #$02
f1072   c31911992    i45260158    A:02 X:19 Y:05 S:DD P:nVUbdIzC  $0F:C48E: 8D 01 80 STA $8001 = #$27
f1072   c31911996    i45260159    A:02 X:19 Y:05 S:DD P:nVUbdIzC  $0F:C491: 20 60 A1 JSR $A160
f1077   c32048453    i45303739    A:05 X:02 Y:07 S:C8 P:nvUbdizC  $00:91A3: 4C B4 91 JMP $91B4
f1077   c32048456    i45303740    A:05 X:02 Y:07 S:C8 P:nvUbdizC  $00:91B4: A0 10    LDY #$10
f1077   c32048458    i45303741    A:05 X:02 Y:10 S:C8 P:nvUbdizC  $00:91B6: B1 94    LDA ($94),Y @ $0578 = #$00
f1077   c32048463    i45303742    A:00 X:02 Y:10 S:C8 P:nvUbdiZC  $00:91B8: AA       TAX
f1077   c32048465    i45303743    A:00 X:00 Y:10 S:C8 P:nvUbdiZC  $00:91B9: C8       INY
f1077   c32048467    i45303744    A:00 X:00 Y:11 S:C8 P:nvUbdizC  $00:91BA: B1 94    LDA ($94),Y @ $0579 = #$38
f1077   c32048472    i45303745    A:38 X:00 Y:11 S:C8 P:nvUbdizC  $00:91BC: 4A       LSR
f1077   c32048474    i45303746    A:1C X:00 Y:11 S:C8 P:nvUbdizc  $00:91BD: 4A       LSR
f1077   c32048476    i45303747    A:0E X:00 Y:11 S:C8 P:nvUbdizc  $00:91BE: A8       TAY
f1077   c32048478    i45303748    A:0E X:00 Y:0E S:C8 P:nvUbdizc  $00:91BF: A5 E6    LDA $E6 = #$00
f1077   c32048481    i45303749    A:00 X:00 Y:0E S:C8 P:nvUbdiZc  $00:91C1: 18       CLC
f1077   c32048483    i45303750    A:00 X:00 Y:0E S:C8 P:nvUbdiZc  $00:91C2: 7D 68 04 ADC $0468,X @ $0468 = #$00
f1077   c32048487    i45303751    A:00 X:00 Y:0E S:C8 P:nvUbdiZc  $00:91C5: 9D 68 04 STA $0468,X @ $0468 = #$00
f1077   c32048492    i45303752    A:00 X:00 Y:0E S:C8 P:nvUbdiZc  $00:91C8: 6A       ROR
f1077   c32048494    i45303753    A:00 X:00 Y:0E S:C8 P:nvUbdiZc  $00:91C9: 45 E6    EOR $E6 = #$00
f1077   c32048497    i45303754    A:00 X:00 Y:0E S:C8 P:nvUbdiZc  $00:91CB: 10 08    BPL $91D5
f1077   c32048500    i45303755    A:00 X:00 Y:0E S:C8 P:nvUbdiZc  $00:91D5: A5 E8    LDA $E8 = #$05
f1077   c32048503    i45303756    A:05 X:00 Y:0E S:C8 P:nvUbdizc  $00:91D7: 18       CLC
f1077   c32048505    i45303757    A:05 X:00 Y:0E S:C8 P:nvUbdizc  $00:91D8: 7D 6B 04 ADC $046B,X @ $046B = #$39
f1077   c32048509    i45303758    A:3E X:00 Y:0E S:C8 P:nvUbdizc  $00:91DB: 9D 6B 04 STA $046B,X @ $046B = #$39
f1077   c32048514    i45303759    A:3E X:00 Y:0E S:C8 P:nvUbdizc  $00:91DE: 6A       ROR
f1077   c32048516    i45303760    A:1F X:00 Y:0E S:C8 P:nvUbdizc  $00:91DF: 45 E8    EOR $E8 = #$05
f1077   c32048519    i45303761    A:1A X:00 Y:0E S:C8 P:nvUbdizc  $00:91E1: 10 08    BPL $91EB
f1077   c32048522    i45303762    A:1A X:00 Y:0E S:C8 P:nvUbdizc  $00:91EB: 8A       TXA
f1077   c32048524    i45303763    A:00 X:00 Y:0E S:C8 P:nvUbdiZc  $00:91EC: 18       CLC
f1077   c32048526    i45303764    A:00 X:00 Y:0E S:C8 P:nvUbdiZc  $00:91ED: 69 04    ADC #$04
f1077   c32048528    i45303765    A:04 X:00 Y:0E S:C8 P:nvUbdizc  $00:91EF: AA       TAX
f1077   c32048530    i45303766    A:04 X:04 Y:0E S:C8 P:nvUbdizc  $00:91F0: 88       DEY
f1077   c32048532    i45303767    A:04 X:04 Y:0D S:C8 P:nvUbdizc  $00:91F1: D0 CC    BNE $91BF
f1077   c32048535    i45303768    A:04 X:04 Y:0D S:C8 P:nvUbdizc  $00:91BF: A5 E6    LDA $E6 = #$00
f1077   c32048538    i45303769    A:00 X:04 Y:0D S:C8 P:nvUbdiZc  $00:91C1: 18       CLC
f1077   c32048540    i45303770    A:00 X:04 Y:0D S:C8 P:nvUbdiZc  $00:91C2: 7D 68 04 ADC $0468,X @ $046C = #$08
f1077   c32048544    i45303771    A:08 X:04 Y:0D S:C8 P:nvUbdizc  $00:91C5: 9D 68 04 STA $0468,X @ $046C = #$08
f1077   c32048549    i45303772    A:08 X:04 Y:0D S:C8 P:nvUbdizc  $00:91C8: 6A       ROR
f1077   c32048551    i45303773    A:04 X:04 Y:0D S:C8 P:nvUbdizc  $00:91C9: 45 E6    EOR $E6 = #$00
f1077   c32048554    i45303774    A:04 X:04 Y:0D S:C8 P:nvUbdizc  $00:91CB: 10 08    BPL $91D5
f1077   c32048557    i45303775    A:04 X:04 Y:0D S:C8 P:nvUbdizc  $00:91D5: A5 E8    LDA $E8 = #$05
f1077   c32048560    i45303776    A:05 X:04 Y:0D S:C8 P:nvUbdizc  $00:91D7: 18       CLC
f1077   c32048562    i45303777    A:05 X:04 Y:0D S:C8 P:nvUbdizc  $00:91D8: 7D 6B 04 ADC $046B,X @ $046F = #$39
f1077   c32048566    i45303778    A:3E X:04 Y:0D S:C8 P:nvUbdizc  $00:91DB: 9D 6B 04 STA $046B,X @ $046F = #$39
f1077   c32048571    i45303779    A:3E X:04 Y:0D S:C8 P:nvUbdizc  $00:91DE: 6A       ROR
f1077   c32048573    i45303780    A:1F X:04 Y:0D S:C8 P:nvUbdizc  $00:91DF: 45 E8    EOR $E8 = #$05
f1078   c32090547    i45317182    A:40 X:19 Y:05 S:E0 P:nvUbdizC  $00:9F04: A5 1B    LDA $1B = #$40
f1078   c32090550    i45317183    A:40 X:19 Y:05 S:E0 P:nvUbdizC  $00:9F06: 10 FC    BPL $9F04
f1078   c32090553    i45317184    A:40 X:19 Y:05 S:E0 P:nvUbdizC  $00:9F04: A5 1B    LDA $1B = #$40
f1078   c32090556    i45317185    A:40 X:19 Y:05 S:E0 P:nvUbdizC  $00:9F06: 10 FC    BPL $9F04
f1078   c32090559    i45317186    A:40 X:19 Y:05 S:E0 P:nvUbdizC  $00:9F04: A5 1B    LDA $1B = #$40
f1078   c32090562    i45317187    A:40 X:19 Y:05 S:E0 P:nvUbdizC  $00:9F06: 10 FC    BPL $9F04
f1078   c32090565    i45317188    A:40 X:19 Y:05 S:E0 P:nvUbdizC  $00:9F04: A5 1B    LDA $1B = #$40
f1078   c32090568    i45317189    A:40 X:19 Y:05 S:E0 P:nvUbdizC  $00:9F06: 10 FC    BPL $9F04
f1078   c32090571    i45317190    A:40 X:19 Y:05 S:E0 P:nvUbdizC  $00:9F04: A5 1B    LDA $1B = #$40
f1078   c32090574    i45317191    A:40 X:19 Y:05 S:E0 P:nvUbdizC  $00:9F06: 10 FC    BPL $9F04
f1078   c32090577    i45317192    A:40 X:19 Y:05 S:E0 P:nvUbdizC  $00:9F04: A5 1B    LDA $1B = #$40
f1078   c32090580    i45317193    A:40 X:19 Y:05 S:E0 P:nvUbdizC  $00:9F06: 10 FC    BPL $9F04
f1078   c32090583    i45317194    A:40 X:19 Y:05 S:E0 P:nvUbdizC  $00:9F04: A5 1B    LDA $1B = #$40
f1078   c32090586    i45317195    A:40 X:19 Y:05 S:E0 P:nvUbdizC  $00:9F06: 10 FC    BPL $9F04
f1078   c32090589    i45317196    A:40 X:19 Y:05 S:E0 P:nvUbdizC  $00:9F04: A5 1B    LDA $1B = #$40
f1078   c32090592    i45317197    A:40 X:19 Y:05 S:E0 P:nvUbdizC  $00:9F06: 10 FC    BPL $9F04
f1078   c32090595    i45317198    A:40 X:19 Y:05 S:E0 P:nvUbdizC  $00:9F04: A5 1B    LDA $1B = #$40
f1078   c32090598    i45317199    A:40 X:19 Y:05 S:E0 P:nvUbdizC  $00:9F06: 10 FC    BPL $9F04
f1078   c32090601    i45317200    A:40 X:19 Y:05 S:E0 P:nvUbdizC  $00:9F04: A5 1B    LDA $1B = #$40
f1078   c32090604    i45317201    A:40 X:19 Y:05 S:E0 P:nvUbdizC  $00:9F06: 10 FC    BPL $9F04
f1078   c32090607    i45317202    A:40 X:19 Y:05 S:E0 P:nvUbdizC  $00:9F04: A5 1B    LDA $1B = #$40
f1078   c32090610    i45317203    A:40 X:19 Y:05 S:E0 P:nvUbdizC  $00:9F06: 10 FC    BPL $9F04
f1078   c32090613    i45317204    A:40 X:19 Y:05 S:E0 P:nvUbdizC  $00:9F04: A5 1B    LDA $1B = #$40
f1078   c32090616    i45317205    A:40 X:19 Y:05 S:E0 P:nvUbdizC  $00:9F06: 10 FC    BPL $9F04
f1078   c32090619    i45317206    A:40 X:19 Y:05 S:E0 P:nvUbdizC  $00:9F04: A5 1B    LDA $1B = #$40
f1078   c32090622    i45317207    A:40 X:19 Y:05 S:E0 P:nvUbdizC  $00:9F06: 10 FC    BPL $9F04
f1078   c32090632    i45317208    A:40 X:19 Y:05 S:DD P:nvUbdIzC  $0F:C506: 4C 21 C8 JMP $C821
f1078   c32090635    i45317209    A:40 X:19 Y:05 S:DD P:nvUbdIzC  $0F:C821: 24 1B    BIT $1B = #$40
f1078   c32090638    i45317210    A:40 X:19 Y:05 S:DD P:nVUbdIzC  $0F:C823: 50 03    BVC $C828
f1078   c32090640    i45317211    A:40 X:19 Y:05 S:DD P:nVUbdIzC  $0F:C825: 4C 78 C4 JMP $C478
f1078   c32090643    i45317212    A:40 X:19 Y:05 S:DD P:nVUbdIzC  $0F:C478: 24 3B    BIT $3B = #$55
f1078   c32090646    i45317213    A:40 X:19 Y:05 S:DD P:nVUbdIzC  $0F:C47A: 30 32    BMI $C4AE
f1078   c32090648    i45317214    A:40 X:19 Y:05 S:DD P:nVUbdIzC  $0F:C47C: 38       SEC
f1078   c32090650    i45317215    A:40 X:19 Y:05 S:DD P:nVUbdIzC  $0F:C47D: 66 3B    ROR $3B = #$55
f1078   c32090655    i45317216    A:40 X:19 Y:05 S:DD P:NVUbdIzC  $0F:C47F: 85 3C    STA $3C = #$40
f1078   c32090658    i45317217    A:40 X:19 Y:05 S:DD P:NVUbdIzC  $0F:C481: 86 3D    STX $3D = #$19
f1078   c32090661    i45317218    A:40 X:19 Y:05 S:DD P:NVUbdIzC  $0F:C483: 84 3E    STY $3E = #$00
f1078   c32090664    i45317219    A:40 X:19 Y:05 S:DD P:NVUbdIzC  $0F:C485: A5 22    LDA $22 = #$00
f1078   c32090667    i45317220    A:00 X:19 Y:05 S:DD P:nVUbdIZC  $0F:C487: 09 07    ORA #$07
f1078   c32090669    i45317221    A:07 X:19 Y:05 S:DD P:nVUbdIzC  $0F:C489: 8D 00 80 STA $8000 = #$A5
f1078   c32090673    i45317222    A:07 X:19 Y:05 S:DD P:nVUbdIzC  $0F:C48C: A9 02    LDA #$02
f1078   c32090675    i45317223    A:02 X:19 Y:05 S:DD P:nVUbdIzC  $0F:C48E: 8D 01 80 STA $8001 = #$27
f1084   c32258794    i45370779    A:06 X:03 Y:07 S:C8 P:nvUbdizc  $00:91B4: A0 10    LDY #$10
f1084   c32258796    i45370780    A:06 X:03 Y:10 S:C8 P:nvUbdizc  $00:91B6: B1 94    LDA ($94),Y @ $0598 = #$38
f1084   c32258801    i45370781    A:38 X:03 Y:10 S:C8 P:nvUbdizc  $00:91B8: AA       TAX
f1084   c32258803    i45370782    A:38 X:38 Y:10 S:C8 P:nvUbdizc  $00:91B9: C8       INY
f1084   c32258805    i45370783    A:38 X:38 Y:11 S:C8 P:nvUbdizc  $00:91BA: B1 94    LDA ($94),Y @ $0599 = #$C8
f1084   c32258810    i45370784    A:C8 X:38 Y:11 S:C8 P:NvUbdizc  $00:91BC: 4A       LSR
f1084   c32258812    i45370785    A:64 X:38 Y:11 S:C8 P:nvUbdizc  $00:91BD: 4A       LSR
f1084   c32258814    i45370786    A:32 X:38 Y:11 S:C8 P:nvUbdizc  $00:91BE: A8       TAY
f1084   c32258816    i45370787    A:32 X:38 Y:32 S:C8 P:nvUbdizc  $00:91BF: A5 E6    LDA $E6 = #$02
f1084   c32258819    i45370788    A:02 X:38 Y:32 S:C8 P:nvUbdizc  $00:91C1: 18       CLC
f1084   c32258821    i45370789    A:02 X:38 Y:32 S:C8 P:nvUbdizc  $00:91C2: 7D 68 04 ADC $0468,X @ $04A0 = #$24
f1084   c32258825    i45370790    A:26 X:38 Y:32 S:C8 P:nvUbdizc  $00:91C5: 9D 68 04 STA $0468,X @ $04A0 = #$24
f1084   c32258830    i45370791    A:26 X:38 Y:32 S:C8 P:nvUbdizc  $00:91C8: 6A       ROR
f1084   c32258832    i45370792    A:13 X:38 Y:32 S:C8 P:nvUbdizc  $00:91C9: 45 E6    EOR $E6 = #$02
f1084   c32258835    i45370793    A:11 X:38 Y:32 S:C8 P:nvUbdizc  $00:91CB: 10 08    BPL $91D5
f1084   c32258838    i45370794    A:11 X:38 Y:32 S:C8 P:nvUbdizc  $00:91D5: A5 E8    LDA $E8 = #$06
f1084   c32258841    i45370795    A:06 X:38 Y:32 S:C8 P:nvUbdizc  $00:91D7: 18       CLC
f1084   c32258843    i45370796    A:06 X:38 Y:32 S:C8 P:nvUbdizc  $00:91D8: 7D 6B 04 ADC $046B,X @ $04A3 = #$F4
f1084   c32258847    i45370797    A:FA X:38 Y:32 S:C8 P:NvUbdizc  $00:91DB: 9D 6B 04 STA $046B,X @ $04A3 = #$F4
f1084   c32258852    i45370798    A:FA X:38 Y:32 S:C8 P:NvUbdizc  $00:91DE: 6A       ROR
f1084   c32258854    i45370799    A:7D X:38 Y:32 S:C8 P:nvUbdizc  $00:91DF: 45 E8    EOR $E8 = #$06
f1084   c32258857    i45370800    A:7B X:38 Y:32 S:C8 P:nvUbdizc  $00:91E1: 10 08    BPL $91EB
f1084   c32258860    i45370801    A:7B X:38 Y:32 S:C8 P:nvUbdizc  $00:91EB: 8A       TXA
f1084   c32258862    i45370802    A:38 X:38 Y:32 S:C8 P:nvUbdizc  $00:91EC: 18       CLC
f1084   c32258864    i45370803    A:38 X:38 Y:32 S:C8 P:nvUbdizc  $00:91ED: 69 04    ADC #$04
f1084   c32258866    i45370804    A:3C X:38 Y:32 S:C8 P:nvUbdizc  $00:91EF: AA       TAX
f1084   c32258868    i45370805    A:3C X:3C Y:32 S:C8 P:nvUbdizc  $00:91F0: 88       DEY
f1084   c32258870    i45370806    A:3C X:3C Y:31 S:C8 P:nvUbdizc  $00:91F1: D0 CC    BNE $91BF
f1084   c32258873    i45370807    A:3C X:3C Y:31 S:C8 P:nvUbdizc  $00:91BF: A5 E6    LDA $E6 = #$02
f1084   c32258876    i45370808    A:02 X:3C Y:31 S:C8 P:nvUbdizc  $00:91C1: 18       CLC
f1084   c32258878    i45370809    A:02 X:3C Y:31 S:C8 P:nvUbdizc  $00:91C2: 7D 68 04 ADC $0468,X @ $04A4 = #$2C
f1084   c32258882    i45370810    A:2E X:3C Y:31 S:C8 P:nvUbdizc  $00:91C5: 9D 68 04 STA $0468,X @ $04A4 = #$2C
f1084   c32258887    i45370811    A:2E X:3C Y:31 S:C8 P:nvUbdizc  $00:91C8: 6A       ROR
f1084   c32258889    i45370812    A:17 X:3C Y:31 S:C8 P:nvUbdizc  $00:91C9: 45 E6    EOR $E6 = #$02
f1084   c32258892    i45370813    A:15 X:3C Y:31 S:C8 P:nvUbdizc  $00:91CB: 10 08    BPL $91D5
f1084   c32258895    i45370814    A:15 X:3C Y:31 S:C8 P:nvUbdizc  $00:91D5: A5 E8    LDA $E8 = #$06
f1084   c32258898    i45370815    A:06 X:3C Y:31 S:C8 P:nvUbdizc  $00:91D7: 18       CLC
f1084   c32258900    i45370816    A:06 X:3C Y:31 S:C8 P:nvUbdizc  $00:91D8: 7D 6B 04 ADC $046B,X @ $04A7 = #$F4
f1084   c32258904    i45370817    A:FA X:3C Y:31 S:C8 P:NvUbdizc  $00:91DB: 9D 6B 04 STA $046B,X @ $04A7 = #$F4
f1084   c32258909    i45370818    A:FA X:3C Y:31 S:C8 P:NvUbdizc  $00:91DE: 6A       ROR
f1084   c32258911    i45370819    A:7D X:3C Y:31 S:C8 P:nvUbdizc  $00:91DF: 45 E8    EOR $E8 = #$06
f1084   c32258914    i45370820    A:7B X:3C Y:31 S:C8 P:nvUbdizc  $00:91E1: 10 08    BPL $91EB
f1084   c32259038    i45370863    A:87 X:44 Y:2F S:C8 P:NvUbdizc  $00:91E1: 10 08    BPL $91EB
f1084   c32259040    i45370864    A:87 X:44 Y:2F S:C8 P:NvUbdizc  $00:91E3: BD 6A 04 LDA $046A,X @ $04AE = #$07
f1084   c32259044    i45370865    A:07 X:44 Y:2F S:C8 P:nvUbdizc  $00:91E6: 49 04    EOR #$04
f1084   c32259046    i45370866    A:03 X:44 Y:2F S:C8 P:nvUbdizc  $00:91E8: 9D 6A 04 STA $046A,X @ $04AE = #$07
f1084   c32259051    i45370867    A:03 X:44 Y:2F S:C8 P:nvUbdizc  $00:91EB: 8A       TXA
f1084   c32259053    i45370868    A:44 X:44 Y:2F S:C8 P:nvUbdizc  $00:91EC: 18       CLC
f1084   c32259055    i45370869    A:44 X:44 Y:2F S:C8 P:nvUbdizc  $00:91ED: 69 04    ADC #$04
f1084   c32259057    i45370870    A:48 X:44 Y:2F S:C8 P:nvUbdizc  $00:91EF: AA       TAX
f1084   c32259059    i45370871    A:48 X:48 Y:2F S:C8 P:nvUbdizc  $00:91F0: 88       DEY
f1084   c32259061    i45370872    A:48 X:48 Y:2E S:C8 P:nvUbdizc  $00:91F1: D0 CC    BNE $91BF
f1084   c32259064    i45370873    A:48 X:48 Y:2E S:C8 P:nvUbdizc  $00:91BF: A5 E6    LDA $E6 = #$02
f1084   c32259067    i45370874    A:02 X:48 Y:2E S:C8 P:nvUbdizc  $00:91C1: 18       CLC
f1084   c32259069    i45370875    A:02 X:48 Y:2E S:C8 P:nvUbdizc  $00:91C2: 7D 68 04 ADC $0468,X @ $04B0 = #$24
f1084   c32259073    i45370876    A:26 X:48 Y:2E S:C8 P:nvUbdizc  $00:91C5: 9D 68 04 STA $0468,X @ $04B0 = #$24
f1084   c32259078    i45370877    A:26 X:48 Y:2E S:C8 P:nvUbdizc  $00:91C8: 6A       ROR
f1084   c32259080    i45370878    A:13 X:48 Y:2E S:C8 P:nvUbdizc  $00:91C9: 45 E6    EOR $E6 = #$02
f1084   c32259083    i45370879    A:11 X:48 Y:2E S:C8 P:nvUbdizc  $00:91CB: 10 08    BPL $91D5
f1084   c32259086    i45370880    A:11 X:48 Y:2E S:C8 P:nvUbdizc  $00:91D5: A5 E8    LDA $E8 = #$06
f1084   c32259089    i45370881    A:06 X:48 Y:2E S:C8 P:nvUbdizc  $00:91D7: 18       CLC
f1084   c32259091    i45370882    A:06 X:48 Y:2E S:C8 P:nvUbdizc  $00:91D8: 7D 6B 04 ADC $046B,X @ $04B3 = #$04
f1084   c32259095    i45370883    A:0A X:48 Y:2E S:C8 P:nvUbdizc  $00:91DB: 9D 6B 04 STA $046B,X @ $04B3 = #$04
f1084   c32259100    i45370884    A:0A X:48 Y:2E S:C8 P:nvUbdizc  $00:91DE: 6A       ROR
f1084   c32259102    i45370885    A:05 X:48 Y:2E S:C8 P:nvUbdizc  $00:91DF: 45 E8    EOR $E8 = #$06
f1084   c32259105    i45370886    A:03 X:48 Y:2E S:C8 P:nvUbdizc  $00:91E1: 10 08    BPL $91EB
f1084   c32259108    i45370887    A:03 X:48 Y:2E S:C8 P:nvUbdizc  $00:91EB: 8A       TXA
f1084   c32259110    i45370888    A:48 X:48 Y:2E S:C8 P:nvUbdizc  $00:91EC: 18       CLC
f1084   c32259112    i45370889    A:48 X:48 Y:2E S:C8 P:nvUbdizc  $00:91ED: 69 04    ADC #$04
f1084   c32259114    i45370890    A:4C X:48 Y:2E S:C8 P:nvUbdizc  $00:91EF: AA       TAX
f1084   c32259116    i45370891    A:4C X:4C Y:2E S:C8 P:nvUbdizc  $00:91F0: 88       DEY
f1084   c32259118    i45370892    A:4C X:4C Y:2D S:C8 P:nvUbdizc  $00:91F1: D0 CC    BNE $91BF
f1084   c32259121    i45370893    A:4C X:4C Y:2D S:C8 P:nvUbdizc  $00:91BF: A5 E6    LDA $E6 = #$02
f1084   c32259124    i45370894    A:02 X:4C Y:2D S:C8 P:nvUbdizc  $00:91C1: 18       CLC
f1084   c32259126    i45370895    A:02 X:4C Y:2D S:C8 P:nvUbdizc  $00:91C2: 7D 68 04 ADC $0468,X @ $04B4 = #$2C
f1084   c32259130    i45370896    A:2E X:4C Y:2D S:C8 P:nvUbdizc  $00:91C5: 9D 68 04 STA $0468,X @ $04B4 = #$2C
f1084   c32259135    i45370897    A:2E X:4C Y:2D S:C8 P:nvUbdizc  $00:91C8: 6A       ROR
f1084   c32259137    i45370898    A:17 X:4C Y:2D S:C8 P:nvUbdizc  $00:91C9: 45 E6    EOR $E6 = #$02
f1084   c32259140    i45370899    A:15 X:4C Y:2D S:C8 P:nvUbdizc  $00:91CB: 10 08    BPL $91D5
f1084   c32259143    i45370900    A:15 X:4C Y:2D S:C8 P:nvUbdizc  $00:91D5: A5 E8    LDA $E8 = #$06
f1084   c32259146    i45370901    A:06 X:4C Y:2D S:C8 P:nvUbdizc  $00:91D7: 18       CLC
f1084   c32259148    i45370902    A:06 X:4C Y:2D S:C8 P:nvUbdizc  $00:91D8: 7D 6B 04 ADC $046B,X @ $04B7 = #$04
f1084   c32259156    i45370903    A:0A X:4C Y:2D S:C8 P:nvUbdizc  $00:91DB: 9D 6B 04 STA $046B,X @ $04B7 = #$04
f1084   c32259161    i45370904    A:0A X:4C Y:2D S:C8 P:nvUbdizc  $00:91DE: 6A       ROR
f1086   c32328791    i45392993    A:40 X:19 Y:07 S:E0 P:nvUbdizC  $00:9F06: 10 FC    BPL $9F04
f1086   c32328794    i45392994    A:40 X:19 Y:07 S:E0 P:nvUbdizC  $00:9F04: A5 1B    LDA $1B = #$40
f1086   c32328797    i45392995    A:40 X:19 Y:07 S:E0 P:nvUbdizC  $00:9F06: 10 FC    BPL $9F04
f1086   c32328800    i45392996    A:40 X:19 Y:07 S:E0 P:nvUbdizC  $00:9F04: A5 1B    LDA $1B = #$40
f1086   c32328803    i45392997    A:40 X:19 Y:07 S:E0 P:nvUbdizC  $00:9F06: 10 FC    BPL $9F04
f1086   c32328806    i45392998    A:40 X:19 Y:07 S:E0 P:nvUbdizC  $00:9F04: A5 1B    LDA $1B = #$40
f1086   c32328809    i45392999    A:40 X:19 Y:07 S:E0 P:nvUbdizC  $00:9F06: 10 FC    BPL $9F04
f1086   c32328812    i45393000    A:40 X:19 Y:07 S:E0 P:nvUbdizC  $00:9F04: A5 1B    LDA $1B = #$40
f1086   c32328815    i45393001    A:40 X:19 Y:07 S:E0 P:nvUbdizC  $00:9F06: 10 FC    BPL $9F04
f1086   c32328818    i45393002    A:40 X:19 Y:07 S:E0 P:nvUbdizC  $00:9F04: A5 1B    LDA $1B = #$40
f1086   c32328821    i45393003    A:40 X:19 Y:07 S:E0 P:nvUbdizC  $00:9F06: 10 FC    BPL $9F04
f1086   c32328824    i45393004    A:40 X:19 Y:07 S:E0 P:nvUbdizC  $00:9F04: A5 1B    LDA $1B = #$40
f1086   c32328827    i45393005    A:40 X:19 Y:07 S:E0 P:nvUbdizC  $00:9F06: 10 FC    BPL $9F04
f1086   c32328830    i45393006    A:40 X:19 Y:07 S:E0 P:nvUbdizC  $00:9F04: A5 1B    LDA $1B = #$40
f1086   c32328833    i45393007    A:40 X:19 Y:07 S:E0 P:nvUbdizC  $00:9F06: 10 FC    BPL $9F04
f1086   c32328836    i45393008    A:40 X:19 Y:07 S:E0 P:nvUbdizC  $00:9F04: A5 1B    LDA $1B = #$40
f1086   c32328839    i45393009    A:40 X:19 Y:07 S:E0 P:nvUbdizC  $00:9F06: 10 FC    BPL $9F04
f1086   c32328842    i45393010    A:40 X:19 Y:07 S:E0 P:nvUbdizC  $00:9F04: A5 1B    LDA $1B = #$40
f1086   c32328845    i45393011    A:40 X:19 Y:07 S:E0 P:nvUbdizC  $00:9F06: 10 FC    BPL $9F04
f1086   c32328848    i45393012    A:40 X:19 Y:07 S:E0 P:nvUbdizC  $00:9F04: A5 1B    LDA $1B = #$40
f1086   c32328851    i45393013    A:40 X:19 Y:07 S:E0 P:nvUbdizC  $00:9F06: 10 FC    BPL $9F04
f1086   c32328854    i45393014    A:40 X:19 Y:07 S:E0 P:nvUbdizC  $00:9F04: A5 1B    LDA $1B = #$40
f1086   c32328857    i45393015    A:40 X:19 Y:07 S:E0 P:nvUbdizC  $00:9F06: 10 FC    BPL $9F04
f1086   c32328860    i45393016    A:40 X:19 Y:07 S:E0 P:nvUbdizC  $00:9F04: A5 1B    LDA $1B = #$40
f1086   c32328863    i45393017    A:40 X:19 Y:07 S:E0 P:nvUbdizC  $00:9F06: 10 FC    BPL $9F04
f1086   c32328866    i45393018    A:40 X:19 Y:07 S:E0 P:nvUbdizC  $00:9F04: A5 1B    LDA $1B = #$40
f1086   c32328876    i45393019    A:40 X:19 Y:07 S:DD P:nvUbdIzC  $0F:C506: 4C 21 C8 JMP $C821
f1086   c32328879    i45393020    A:40 X:19 Y:07 S:DD P:nvUbdIzC  $0F:C821: 24 1B    BIT $1B = #$40
f1086   c32328882    i45393021    A:40 X:19 Y:07 S:DD P:nVUbdIzC  $0F:C823: 50 03    BVC $C828
f1086   c32328884    i45393022    A:40 X:19 Y:07 S:DD P:nVUbdIzC  $0F:C825: 4C 78 C4 JMP $C478
f1086   c32328887    i45393023    A:40 X:19 Y:07 S:DD P:nVUbdIzC  $0F:C478: 24 3B    BIT $3B = #$55
f1086   c32328890    i45393024    A:40 X:19 Y:07 S:DD P:nVUbdIzC  $0F:C47A: 30 32    BMI $C4AE
f1086   c32328892    i45393025    A:40 X:19 Y:07 S:DD P:nVUbdIzC  $0F:C47C: 38       SEC
f1086   c32328894    i45393026    A:40 X:19 Y:07 S:DD P:nVUbdIzC  $0F:C47D: 66 3B    ROR $3B = #$55
f1086   c32328899    i45393027    A:40 X:19 Y:07 S:DD P:NVUbdIzC  $0F:C47F: 85 3C    STA $3C = #$40
f1086   c32328902    i45393028    A:40 X:19 Y:07 S:DD P:NVUbdIzC  $0F:C481: 86 3D    STX $3D = #$19
f1086   c32328905    i45393029    A:40 X:19 Y:07 S:DD P:NVUbdIzC  $0F:C483: 84 3E    STY $3E = #$00
f1086   c32328908    i45393030    A:40 X:19 Y:07 S:DD P:NVUbdIzC  $0F:C485: A5 22    LDA $22 = #$00
f1086   c32328911    i45393031    A:00 X:19 Y:07 S:DD P:nVUbdIZC  $0F:C487: 09 07    ORA #$07
f1086   c32328913    i45393032    A:07 X:19 Y:07 S:DD P:nVUbdIzC  $0F:C489: 8D 00 80 STA $8000 = #$A5
f1086   c32328917    i45393033    A:07 X:19 Y:07 S:DD P:nVUbdIzC  $0F:C48C: A9 02    LDA #$02
f1086   c32328919    i45393034    A:02 X:19 Y:07 S:DD P:nVUbdIzC  $0F:C48E: 8D 01 80 STA $8001 = #$27
f1089   c32408875    i45418610    A:16 X:90 Y:1C S:C8 P:nvUbdizc  $00:91E1: 10 08    BPL $91EB
f1089   c32408878    i45418611    A:16 X:90 Y:1C S:C8 P:nvUbdizc  $00:91EB: 8A       TXA
f1089   c32408880    i45418612    A:90 X:90 Y:1C S:C8 P:NvUbdizc  $00:91EC: 18       CLC
f1089   c32408882    i45418613    A:90 X:90 Y:1C S:C8 P:NvUbdizc  $00:91ED: 69 04    ADC #$04
f1089   c32408884    i45418614    A:94 X:90 Y:1C S:C8 P:NvUbdizc  $00:91EF: AA       TAX
f1089   c32408886    i45418615    A:94 X:94 Y:1C S:C8 P:NvUbdizc  $00:91F0: 88       DEY
f1089   c32408888    i45418616    A:94 X:94 Y:1B S:C8 P:nvUbdizc  $00:91F1: D0 CC    BNE $91BF
f1089   c32408891    i45418617    A:94 X:94 Y:1B S:C8 P:nvUbdizc  $00:91BF: A5 E6    LDA $E6 = #$02
f1089   c32408894    i45418618    A:02 X:94 Y:1B S:C8 P:nvUbdizc  $00:91C1: 18       CLC
f1089   c32408896    i45418619    A:02 X:94 Y:1B S:C8 P:nvUbdizc  $00:91C2: 7D 68 04 ADC $0468,X @ $04FC = #$56
f1089   c32408900    i45418620    A:58 X:94 Y:1B S:C8 P:nvUbdizc  $00:91C5: 9D 68 04 STA $0468,X @ $04FC = #$56
f1089   c32408905    i45418621    A:58 X:94 Y:1B S:C8 P:nvUbdizc  $00:91C8: 6A       ROR
f1089   c32408907    i45418622    A:2C X:94 Y:1B S:C8 P:nvUbdizc  $00:91C9: 45 E6    EOR $E6 = #$02
f1089   c32408910    i45418623    A:2E X:94 Y:1B S:C8 P:nvUbdizc  $00:91CB: 10 08    BPL $91D5
f1089   c32408913    i45418624    A:2E X:94 Y:1B S:C8 P:nvUbdizc  $00:91D5: A5 E8    LDA $E8 = #$06
f1089   c32408916    i45418625    A:06 X:94 Y:1B S:C8 P:nvUbdizc  $00:91D7: 18       CLC
f1089   c32408918    i45418626    A:06 X:94 Y:1B S:C8 P:nvUbdizc  $00:91D8: 7D 6B 04 ADC $046B,X @ $04FF = #$1A
f1089   c32408922    i45418627    A:20 X:94 Y:1B S:C8 P:nvUbdizc  $00:91DB: 9D 6B 04 STA $046B,X @ $04FF = #$1A
f1089   c32408927    i45418628    A:20 X:94 Y:1B S:C8 P:nvUbdizc  $00:91DE: 6A       ROR
f1089   c32408929    i45418629    A:10 X:94 Y:1B S:C8 P:nvUbdizc  $00:91DF: 45 E8    EOR $E8 = #$06
f1089   c32408932    i45418630    A:16 X:94 Y:1B S:C8 P:nvUbdizc  $00:91E1: 10 08    BPL $91EB
f1089   c32408935    i45418631    A:16 X:94 Y:1B S:C8 P:nvUbdizc  $00:91EB: 8A       TXA
f1089   c32408937    i45418632    A:94 X:94 Y:1B S:C8 P:NvUbdizc  $00:91EC: 18       CLC
f1089   c32408939    i45418633    A:94 X:94 Y:1B S:C8 P:NvUbdizc  $00:91ED: 69 04    ADC #$04
f1089   c32408941    i45418634    A:98 X:94 Y:1B S:C8 P:NvUbdizc  $00:91EF: AA       TAX
f1089   c32408943    i45418635    A:98 X:98 Y:1B S:C8 P:NvUbdizc  $00:91F0: 88       DEY
f1089   c32408945    i45418636    A:98 X:98 Y:1A S:C8 P:nvUbdizc  $00:91F1: D0 CC    BNE $91BF
f1089   c32408948    i45418637    A:98 X:98 Y:1A S:C8 P:nvUbdizc  $00:91BF: A5 E6    LDA $E6 = #$02
f1089   c32408951    i45418638    A:02 X:98 Y:1A S:C8 P:nvUbdizc  $00:91C1: 18       CLC
f1089   c32408953    i45418639    A:02 X:98 Y:1A S:C8 P:nvUbdizc  $00:91C2: 7D 68 04 ADC $0468,X @ $0500 = #$FE
f1089   c32408958    i45418640    A:00 X:98 Y:1A S:C8 P:nvUbdiZC  $00:91C5: 9D 68 04 STA $0468,X @ $0500 = #$FE
f1089   c32408963    i45418641    A:00 X:98 Y:1A S:C8 P:nvUbdiZC  $00:91C8: 6A       ROR
f1089   c32408965    i45418642    A:80 X:98 Y:1A S:C8 P:NvUbdizc  $00:91C9: 45 E6    EOR $E6 = #$02
f1089   c32408968    i45418643    A:82 X:98 Y:1A S:C8 P:NvUbdizc  $00:91CB: 10 08    BPL $91D5
f1089   c32408970    i45418644    A:82 X:98 Y:1A S:C8 P:NvUbdizc  $00:91CD: BD 6A 04 LDA $046A,X @ $0502 = #$0B
f1089   c32408975    i45418645    A:0B X:98 Y:1A S:C8 P:nvUbdizc  $00:91D0: 49 08    EOR #$08
f1089   c32408977    i45418646    A:03 X:98 Y:1A S:C8 P:nvUbdizc  $00:91D2: 9D 6A 04 STA $046A,X @ $0502 = #$0B
f1089   c32408982    i45418647    A:03 X:98 Y:1A S:C8 P:nvUbdizc  $00:91D5: A5 E8    LDA $E8 = #$06
f1089   c32408985    i45418648    A:06 X:98 Y:1A S:C8 P:nvUbdizc  $00:91D7: 18       CLC
f1089   c32408987    i45418649    A:06 X:98 Y:1A S:C8 P:nvUbdizc  $00:91D8: 7D 6B 04 ADC $046B,X @ $0503 = #$22
f1089   c32408992    i45418650    A:28 X:98 Y:1A S:C8 P:nvUbdizc  $00:91DB: 9D 6B 04 STA $046B,X @ $0503 = #$22
f1089   c32408997    i45418651    A:28 X:98 Y:1A S:C8 P:nvUbdizc  $00:91DE: 6A       ROR
f1097   c32644107    i45493457    A:05 X:02 Y:07 S:C8 P:nvUbdizC  $00:91A1: 85 E8    STA $E8 = #$39
f1097   c32644110    i45493458    A:05 X:02 Y:07 S:C8 P:nvUbdizC  $00:91A3: 4C B4 91 JMP $91B4
f1097   c32644113    i45493459    A:05 X:02 Y:07 S:C8 P:nvUbdizC  $00:91B4: A0 10    LDY #$10
f1097   c32644115    i45493460    A:05 X:02 Y:10 S:C8 P:nvUbdizC  $00:91B6: B1 94    LDA ($94),Y @ $0578 = #$00
f1097   c32644120    i45493461    A:00 X:02 Y:10 S:C8 P:nvUbdiZC  $00:91B8: AA       TAX
f1097   c32644122    i45493462    A:00 X:00 Y:10 S:C8 P:nvUbdiZC  $00:91B9: C8       INY
f1097   c32644124    i45493463    A:00 X:00 Y:11 S:C8 P:nvUbdizC  $00:91BA: B1 94    LDA ($94),Y @ $0579 = #$38
f1097   c32644129    i45493464    A:38 X:00 Y:11 S:C8 P:nvUbdizC  $00:91BC: 4A       LSR
f1097   c32644131    i45493465    A:1C X:00 Y:11 S:C8 P:nvUbdizc  $00:91BD: 4A       LSR
f1097   c32644133    i45493466    A:0E X:00 Y:11 S:C8 P:nvUbdizc  $00:91BE: A8       TAY
f1097   c32644135    i45493467    A:0E X:00 Y:0E S:C8 P:nvUbdizc  $00:91BF: A5 E6    LDA $E6 = #$00
f1097   c32644138    i45493468    A:00 X:00 Y:0E S:C8 P:nvUbdiZc  $00:91C1: 18       CLC
f1097   c32644140    i45493469    A:00 X:00 Y:0E S:C8 P:nvUbdiZc  $00:91C2: 7D 68 04 ADC $0468,X @ $0468 = #$00
f1097   c32644144    i45493470    A:00 X:00 Y:0E S:C8 P:nvUbdiZc  $00:91C5: 9D 68 04 STA $0468,X @ $0468 = #$00
f1097   c32644149    i45493471    A:00 X:00 Y:0E S:C8 P:nvUbdiZc  $00:91C8: 6A       ROR
f1097   c32644151    i45493472    A:00 X:00 Y:0E S:C8 P:nvUbdiZc  $00:91C9: 45 E6    EOR $E6 = #$00
f1097   c32644154    i45493473    A:00 X:00 Y:0E S:C8 P:nvUbdiZc  $00:91CB: 10 08    BPL $91D5
f1097   c32644157    i45493474    A:00 X:00 Y:0E S:C8 P:nvUbdiZc  $00:91D5: A5 E8    LDA $E8 = #$05
f1097   c32644160    i45493475    A:05 X:00 Y:0E S:C8 P:nvUbdizc  $00:91D7: 18       CLC
f1097   c32644162    i45493476    A:05 X:00 Y:0E S:C8 P:nvUbdizc  $00:91D8: 7D 6B 04 ADC $046B,X @ $046B = #$39
f1097   c32644166    i45493477    A:3E X:00 Y:0E S:C8 P:nvUbdizc  $00:91DB: 9D 6B 04 STA $046B,X @ $046B = #$39
f1097   c32644171    i45493478    A:3E X:00 Y:0E S:C8 P:nvUbdizc  $00:91DE: 6A       ROR
f1097   c32644173    i45493479    A:1F X:00 Y:0E S:C8 P:nvUbdizc  $00:91DF: 45 E8    EOR $E8 = #$05
f1097   c32644176    i45493480    A:1A X:00 Y:0E S:C8 P:nvUbdizc  $00:91E1: 10 08    BPL $91EB
f1097   c32644179    i45493481    A:1A X:00 Y:0E S:C8 P:nvUbdizc  $00:91EB: 8A       TXA
f1097   c32644181    i45493482    A:00 X:00 Y:0E S:C8 P:nvUbdiZc  $00:91EC: 18       CLC
f1097   c32644183    i45493483    A:00 X:00 Y:0E S:C8 P:nvUbdiZc  $00:91ED: 69 04    ADC #$04
f1097   c32644185    i45493484    A:04 X:00 Y:0E S:C8 P:nvUbdizc  $00:91EF: AA       TAX
f1097   c32644187    i45493485    A:04 X:04 Y:0E S:C8 P:nvUbdizc  $00:91F0: 88       DEY
f1097   c32644189    i45493486    A:04 X:04 Y:0D S:C8 P:nvUbdizc  $00:91F1: D0 CC    BNE $91BF
f1097   c32644192    i45493487    A:04 X:04 Y:0D S:C8 P:nvUbdizc  $00:91BF: A5 E6    LDA $E6 = #$00
f1097   c32644195    i45493488    A:00 X:04 Y:0D S:C8 P:nvUbdiZc  $00:91C1: 18       CLC
f1097   c32644197    i45493489    A:00 X:04 Y:0D S:C8 P:nvUbdiZc  $00:91C2: 7D 68 04 ADC $0468,X @ $046C = #$08
f1097   c32644201    i45493490    A:08 X:04 Y:0D S:C8 P:nvUbdizc  $00:91C5: 9D 68 04 STA $0468,X @ $046C = #$08
f1097   c32644206    i45493491    A:08 X:04 Y:0D S:C8 P:nvUbdizc  $00:91C8: 6A       ROR
f1097   c32644208    i45493492    A:04 X:04 Y:0D S:C8 P:nvUbdizc  $00:91C9: 45 E6    EOR $E6 = #$00
f1097   c32644211    i45493493    A:04 X:04 Y:0D S:C8 P:nvUbdizc  $00:91CB: 10 08    BPL $91D5
f1097   c32644214    i45493494    A:04 X:04 Y:0D S:C8 P:nvUbdizc  $00:91D5: A5 E8    LDA $E8 = #$05
f1097   c32644217    i45493495    A:05 X:04 Y:0D S:C8 P:nvUbdizc  $00:91D7: 18       CLC
f1097   c32644219    i45493496    A:05 X:04 Y:0D S:C8 P:nvUbdizc  $00:91D8: 7D 6B 04 ADC $046B,X @ $046F = #$39
f1097   c32644223    i45493497    A:3E X:04 Y:0D S:C8 P:nvUbdizc  $00:91DB: 9D 6B 04 STA $046B,X @ $046F = #$39
f1097   c32644228    i45493498    A:3E X:04 Y:0D S:C8 P:nvUbdizc  $00:91DE: 6A       ROR
f1100   c32745722    i45525831    A:40 X:19 Y:03 S:E0 P:nvUbdizC  $00:9F04: A5 1B    LDA $1B = #$40
f1100   c32745725    i45525832    A:40 X:19 Y:03 S:E0 P:nvUbdizC  $00:9F06: 10 FC    BPL $9F04
f1100   c32745728    i45525833    A:40 X:19 Y:03 S:E0 P:nvUbdizC  $00:9F04: A5 1B    LDA $1B = #$40
f1100   c32745731    i45525834    A:40 X:19 Y:03 S:E0 P:nvUbdizC  $00:9F06: 10 FC    BPL $9F04
f1100   c32745734    i45525835    A:40 X:19 Y:03 S:E0 P:nvUbdizC  $00:9F04: A5 1B    LDA $1B = #$40
f1100   c32745737    i45525836    A:40 X:19 Y:03 S:E0 P:nvUbdizC  $00:9F06: 10 FC    BPL $9F04
f1100   c32745740    i45525837    A:40 X:19 Y:03 S:E0 P:nvUbdizC  $00:9F04: A5 1B    LDA $1B = #$40
f1100   c32745743    i45525838    A:40 X:19 Y:03 S:E0 P:nvUbdizC  $00:9F06: 10 FC    BPL $9F04
f1100   c32745746    i45525839    A:40 X:19 Y:03 S:E0 P:nvUbdizC  $00:9F04: A5 1B    LDA $1B = #$40
f1100   c32745749    i45525840    A:40 X:19 Y:03 S:E0 P:nvUbdizC  $00:9F06: 10 FC    BPL $9F04
f1100   c32745752    i45525841    A:40 X:19 Y:03 S:E0 P:nvUbdizC  $00:9F04: A5 1B    LDA $1B = #$40
f1100   c32745755    i45525842    A:40 X:19 Y:03 S:E0 P:nvUbdizC  $00:9F06: 10 FC    BPL $9F04
f1100   c32745758    i45525843    A:40 X:19 Y:03 S:E0 P:nvUbdizC  $00:9F04: A5 1B    LDA $1B = #$40
f1100   c32745761    i45525844    A:40 X:19 Y:03 S:E0 P:nvUbdizC  $00:9F06: 10 FC    BPL $9F04
f1100   c32745764    i45525845    A:40 X:19 Y:03 S:E0 P:nvUbdizC  $00:9F04: A5 1B    LDA $1B = #$40
f1100   c32745767    i45525846    A:40 X:19 Y:03 S:E0 P:nvUbdizC  $00:9F06: 10 FC    BPL $9F04
f1100   c32745770    i45525847    A:40 X:19 Y:03 S:E0 P:nvUbdizC  $00:9F04: A5 1B    LDA $1B = #$40
f1100   c32745773    i45525848    A:40 X:19 Y:03 S:E0 P:nvUbdizC  $00:9F06: 10 FC    BPL $9F04
f1100   c32745776    i45525849    A:40 X:19 Y:03 S:E0 P:nvUbdizC  $00:9F04: A5 1B    LDA $1B = #$40
f1100   c32745779    i45525850    A:40 X:19 Y:03 S:E0 P:nvUbdizC  $00:9F06: 10 FC    BPL $9F04
f1100   c32745782    i45525851    A:40 X:19 Y:03 S:E0 P:nvUbdizC  $00:9F04: A5 1B    LDA $1B = #$40
f1100   c32745785    i45525852    A:40 X:19 Y:03 S:E0 P:nvUbdizC  $00:9F06: 10 FC    BPL $9F04
f1100   c32745788    i45525853    A:40 X:19 Y:03 S:E0 P:nvUbdizC  $00:9F04: A5 1B    LDA $1B = #$40
f1100   c32745791    i45525854    A:40 X:19 Y:03 S:E0 P:nvUbdizC  $00:9F06: 10 FC    BPL $9F04
f1100   c32745794    i45525855    A:40 X:19 Y:03 S:E0 P:nvUbdizC  $00:9F04: A5 1B    LDA $1B = #$40
f1100   c32745804    i45525856    A:40 X:19 Y:03 S:DD P:nvUbdIzC  $0F:C506: 4C 21 C8 JMP $C821
f1100   c32745807    i45525857    A:40 X:19 Y:03 S:DD P:nvUbdIzC  $0F:C821: 24 1B    BIT $1B = #$40
f1100   c32745810    i45525858    A:40 X:19 Y:03 S:DD P:nVUbdIzC  $0F:C823: 50 03    BVC $C828
f1100   c32745812    i45525859    A:40 X:19 Y:03 S:DD P:nVUbdIzC  $0F:C825: 4C 78 C4 JMP $C478
f1100   c32745815    i45525860    A:40 X:19 Y:03 S:DD P:nVUbdIzC  $0F:C478: 24 3B    BIT $3B = #$55
f1100   c32745818    i45525861    A:40 X:19 Y:03 S:DD P:nVUbdIzC  $0F:C47A: 30 32    BMI $C4AE
f1100   c32745820    i45525862    A:40 X:19 Y:03 S:DD P:nVUbdIzC  $0F:C47C: 38       SEC
f1100   c32745822    i45525863    A:40 X:19 Y:03 S:DD P:nVUbdIzC  $0F:C47D: 66 3B    ROR $3B = #$55
f1100   c32745827    i45525864    A:40 X:19 Y:03 S:DD P:NVUbdIzC  $0F:C47F: 85 3C    STA $3C = #$40
f1100   c32745830    i45525865    A:40 X:19 Y:03 S:DD P:NVUbdIzC  $0F:C481: 86 3D    STX $3D = #$19
f1100   c32745833    i45525866    A:40 X:19 Y:03 S:DD P:NVUbdIzC  $0F:C483: 84 3E    STY $3E = #$00
f1100   c32745836    i45525867    A:40 X:19 Y:03 S:DD P:NVUbdIzC  $0F:C485: A5 22    LDA $22 = #$00
f1100   c32745839    i45525868    A:00 X:19 Y:03 S:DD P:nVUbdIZC  $0F:C487: 09 07    ORA #$07
f1100   c32745841    i45525869    A:07 X:19 Y:03 S:DD P:nVUbdIzC  $0F:C489: 8D 00 80 STA $8000 = #$A5
f1100   c32745845    i45525870    A:07 X:19 Y:03 S:DD P:nVUbdIzC  $0F:C48C: A9 02    LDA #$02
f1100   c32745847    i45525871    A:02 X:19 Y:03 S:DD P:nVUbdIzC  $0F:C48E: 8D 01 80 STA $8001 = #$27
f1100   c32745851    i45525872    A:02 X:19 Y:03 S:DD P:nVUbdIzC  $0F:C491: 20 60 A1 JSR $A160
f1104   c32855816    i45561180    A:25 X:94 Y:1B S:C8 P:nvUbdizc  $00:91CB: 10 08    BPL $91D5
f1104   c32855819    i45561181    A:25 X:94 Y:1B S:C8 P:nvUbdizc  $00:91D5: A5 E8    LDA $E8 = #$06
f1104   c32855822    i45561182    A:06 X:94 Y:1B S:C8 P:nvUbdizc  $00:91D7: 18       CLC
f1104   c32855824    i45561183    A:06 X:94 Y:1B S:C8 P:nvUbdizc  $00:91D8: 7D 6B 04 ADC $046B,X @ $04FF = #$FC
f1104   c32855828    i45561184    A:02 X:94 Y:1B S:C8 P:nvUbdizC  $00:91DB: 9D 6B 04 STA $046B,X @ $04FF = #$FC
f1104   c32855833    i45561185    A:02 X:94 Y:1B S:C8 P:nvUbdizC  $00:91DE: 6A       ROR
f1104   c32855835    i45561186    A:81 X:94 Y:1B S:C8 P:NvUbdizc  $00:91DF: 45 E8    EOR $E8 = #$06
f1104   c32855838    i45561187    A:87 X:94 Y:1B S:C8 P:NvUbdizc  $00:91E1: 10 08    BPL $91EB
f1104   c32855840    i45561188    A:87 X:94 Y:1B S:C8 P:NvUbdizc  $00:91E3: BD 6A 04 LDA $046A,X @ $04FE = #$04
f1104   c32855844    i45561189    A:04 X:94 Y:1B S:C8 P:nvUbdizc  $00:91E6: 49 04    EOR #$04
f1104   c32855846    i45561190    A:00 X:94 Y:1B S:C8 P:nvUbdiZc  $00:91E8: 9D 6A 04 STA $046A,X @ $04FE = #$04
f1104   c32855851    i45561191    A:00 X:94 Y:1B S:C8 P:nvUbdiZc  $00:91EB: 8A       TXA
f1104   c32855853    i45561192    A:94 X:94 Y:1B S:C8 P:NvUbdizc  $00:91EC: 18       CLC
f1104   c32855855    i45561193    A:94 X:94 Y:1B S:C8 P:NvUbdizc  $00:91ED: 69 04    ADC #$04
f1104   c32855857    i45561194    A:98 X:94 Y:1B S:C8 P:NvUbdizc  $00:91EF: AA       TAX
f1104   c32855859    i45561195    A:98 X:98 Y:1B S:C8 P:NvUbdizc  $00:91F0: 88       DEY
f1104   c32855861    i45561196    A:98 X:98 Y:1A S:C8 P:nvUbdizc  $00:91F1: D0 CC    BNE $91BF
f1104   c32855864    i45561197    A:98 X:98 Y:1A S:C8 P:nvUbdizc  $00:91BF: A5 E6    LDA $E6 = #$02
f1104   c32855867    i45561198    A:02 X:98 Y:1A S:C8 P:nvUbdizc  $00:91C1: 18       CLC
f1104   c32855869    i45561199    A:02 X:98 Y:1A S:C8 P:nvUbdizc  $00:91C2: 7D 68 04 ADC $0468,X @ $0500 = #$F4
f1104   c32855874    i45561200    A:F6 X:98 Y:1A S:C8 P:NvUbdizc  $00:91C5: 9D 68 04 STA $0468,X @ $0500 = #$F4
f1104   c32855879    i45561201    A:F6 X:98 Y:1A S:C8 P:NvUbdizc  $00:91C8: 6A       ROR
f1104   c32855881    i45561202    A:7B X:98 Y:1A S:C8 P:nvUbdizc  $00:91C9: 45 E6    EOR $E6 = #$02
f1104   c32855884    i45561203    A:79 X:98 Y:1A S:C8 P:nvUbdizc  $00:91CB: 10 08    BPL $91D5
f1104   c32855887    i45561204    A:79 X:98 Y:1A S:C8 P:nvUbdizc  $00:91D5: A5 E8    LDA $E8 = #$06
f1104   c32855890    i45561205    A:06 X:98 Y:1A S:C8 P:nvUbdizc  $00:91D7: 18       CLC
f1104   c32855892    i45561206    A:06 X:98 Y:1A S:C8 P:nvUbdizc  $00:91D8: 7D 6B 04 ADC $046B,X @ $0503 = #$04
f1104   c32855897    i45561207    A:0A X:98 Y:1A S:C8 P:nvUbdizc  $00:91DB: 9D 6B 04 STA $046B,X @ $0503 = #$04
f1104   c32855902    i45561208    A:0A X:98 Y:1A S:C8 P:nvUbdizc  $00:91DE: 6A       ROR
f1104   c32855904    i45561209    A:05 X:98 Y:1A S:C8 P:nvUbdizc  $00:91DF: 45 E8    EOR $E8 = #$06
f1104   c32855907    i45561210    A:03 X:98 Y:1A S:C8 P:nvUbdizc  $00:91E1: 10 08    BPL $91EB
f1104   c32855910    i45561211    A:03 X:98 Y:1A S:C8 P:nvUbdizc  $00:91EB: 8A       TXA
f1104   c32855912    i45561212    A:98 X:98 Y:1A S:C8 P:NvUbdizc  $00:91EC: 18       CLC
f1104   c32855914    i45561213    A:98 X:98 Y:1A S:C8 P:NvUbdizc  $00:91ED: 69 04    ADC #$04
f1104   c32855916    i45561214    A:9C X:98 Y:1A S:C8 P:NvUbdizc  $00:91EF: AA       TAX
f1104   c32855918    i45561215    A:9C X:9C Y:1A S:C8 P:NvUbdizc  $00:91F0: 88       DEY
f1104   c32855920    i45561216    A:9C X:9C Y:19 S:C8 P:nvUbdizc  $00:91F1: D0 CC    BNE $91BF
f1104   c32855923    i45561217    A:9C X:9C Y:19 S:C8 P:nvUbdizc  $00:91BF: A5 E6    LDA $E6 = #$02
f1104   c32855926    i45561218    A:02 X:9C Y:19 S:C8 P:nvUbdizc  $00:91C1: 18       CLC
f1104   c32855928    i45561219    A:02 X:9C Y:19 S:C8 P:nvUbdizc  $00:91C2: 7D 68 04 ADC $0468,X @ $0504 = #$FC
f1104   c32855933    i45561220    A:FE X:9C Y:19 S:C8 P:NvUbdizc  $00:91C5: 9D 68 04 STA $0468,X @ $0504 = #$FC
f1104   c32855938    i45561221    A:FE X:9C Y:19 S:C8 P:NvUbdizc  $00:91C8: 6A       ROR
f1106   c32909541    i45578260    A:0B X:05 Y:01 S:D9 P:nvUbdIzc  $06:845E: A6 F3    LDX $F3 = #$05
f1106   c32909544    i45578261    A:0B X:05 Y:01 S:D9 P:nvUbdIzc  $06:8460: CA       DEX
f1106   c32909546    i45578262    A:0B X:04 Y:01 S:D9 P:nvUbdIzc  $06:8461: BC F4 07 LDY $07F4,X @ $07F8 = #$00
f1106   c32909550    i45578263    A:0B X:04 Y:00 S:D9 P:nvUbdIZc  $06:8464: F0 29    BEQ $848F
f1106   c32909553    i45578264    A:0B X:04 Y:00 S:D9 P:nvUbdIZc  $06:848F: 18       CLC
f1106   c32909555    i45578265    A:0B X:04 Y:00 S:D9 P:nvUbdIZc  $06:8490: 7D A7 07 ADC $07A7,X @ $07AB = #$00
f1106   c32909559    i45578266    A:0B X:04 Y:00 S:D9 P:nvUbdIzc  $06:8493: A0 07    LDY #$07
f1106   c32909561    i45578267    A:0B X:04 Y:07 S:D9 P:nvUbdIzc  $06:8495: 91 F0    STA ($F0),Y @ $075E = #$0A
f1106   c32909567    i45578268    A:0B X:04 Y:07 S:D9 P:nvUbdIzc  $06:8497: 9D B7 07 STA $07B7,X @ $07BB = #$0A
f1106   c32909572    i45578269    A:0B X:04 Y:07 S:D9 P:nvUbdIzc  $06:849A: C8       INY
f1106   c32909574    i45578270    A:0B X:04 Y:08 S:D9 P:nvUbdIzc  $06:849B: A5 F5    LDA $F5 = #$00
f1106   c32909577    i45578271    A:00 X:04 Y:08 S:D9 P:nvUbdIZc  $06:849D: 69 00    ADC #$00
f1106   c32909579    i45578272    A:00 X:04 Y:08 S:D9 P:nvUbdIZc  $06:849F: 09 80    ORA #$80
f1106   c32909581    i45578273    A:80 X:04 Y:08 S:D9 P:NvUbdIzc  $06:84A1: 91 F0    STA ($F0),Y @ $075F = #$80
f1106   c32909587    i45578274    A:80 X:04 Y:08 S:D9 P:NvUbdIzc  $06:84A3: 9D BF 07 STA $07BF,X @ $07C3 = #$80
f1106   c32909592    i45578275    A:80 X:04 Y:08 S:D9 P:NvUbdIzc  $06:84A6: A6 F3    LDX $F3 = #$05
f1106   c32909595    i45578276    A:80 X:05 Y:08 S:D9 P:nvUbdIzc  $06:84A8: CA       DEX
f1106   c32909597    i45578277    A:80 X:04 Y:08 S:D9 P:nvUbdIzc  $06:84A9: A9 00    LDA #$00
f1106   c32909599    i45578278    A:00 X:04 Y:08 S:D9 P:nvUbdIZc  $06:84AB: 9D F4 07 STA $07F4,X @ $07F8 = #$00
f1106   c32909604    i45578279    A:00 X:04 Y:08 S:D9 P:nvUbdIZc  $06:84AE: BD EA 07 LDA $07EA,X @ $07EE = #$0F
f1106   c32909608    i45578280    A:0F X:04 Y:08 S:D9 P:nvUbdIzc  $06:84B1: D0 0D    BNE $84C0
f1106   c32909611    i45578281    A:0F X:04 Y:08 S:D9 P:nvUbdIzc  $06:84C0: A6 F2    LDX $F2 = #$0C
f1106   c32909614    i45578282    A:0F X:0C Y:08 S:D9 P:nvUbdIzc  $06:84C2: BD 08 07 LDA $0708,X @ $0714 = #$01
f1106   c32909618    i45578283    A:01 X:0C Y:08 S:D9 P:nvUbdIzc  $06:84C5: 9D 07 07 STA $0707,X @ $0713 = #$00
f1106   c32909623    i45578284    A:01 X:0C Y:08 S:D9 P:nvUbdIzc  $06:84C8: 60       RTS (from $83CB)
f1106   c32909629    i45578285    A:01 X:0C Y:08 S:DB P:nvUbdIzc  $06:80E1: A6 F2    LDX $F2 = #$0C
f1106   c32909632    i45578286    A:01 X:0C Y:08 S:DB P:nvUbdIzc  $06:80E3: DE 09 07 DEC $0709,X @ $0715 = #$02
f1106   c32909639    i45578287    A:01 X:0C Y:08 S:DB P:nvUbdIzc  $06:80E6: D0 21    BNE $8109
f1106   c32909643    i45578288    A:01 X:0C Y:08 S:DB P:nvUbdIzc  $06:8109: 20 DB 81 JSR $81DB
f1106   c32909649    i45578289    A:01 X:0C Y:08 S:D9 P:nvUbdIzc  $06:81DB: A0 05    LDY #$05
f1106   c32909651    i45578290    A:01 X:0C Y:05 S:D9 P:nvUbdIzc  $06:81DD: B1 F0    LDA ($F0),Y @ $075C = #$00
f1106   c32909656    i45578291    A:00 X:0C Y:05 S:D9 P:nvUbdIZc  $06:81DF: AA       TAX
f1106   c32909658    i45578292    A:00 X:00 Y:05 S:D9 P:nvUbdIZc  $06:81E0: 29 F0    AND #$F0
f1106   c32909660    i45578293    A:00 X:00 Y:05 S:D9 P:nvUbdIZc  $06:81E2: 85 F6    STA $F6 = #$3B
f1106   c32909663    i45578294    A:00 X:00 Y:05 S:D9 P:nvUbdIZc  $06:81E4: 29 20    AND #$20
f1106   c32909665    i45578295    A:00 X:00 Y:05 S:D9 P:nvUbdIZc  $06:81E6: F0 06    BEQ $81EE
f1106   c32909668    i45578296    A:00 X:00 Y:05 S:D9 P:nvUbdIZc  $06:81EE: 8A       TXA
f1106   c32909670    i45578297    A:00 X:00 Y:05 S:D9 P:nvUbdIZc  $06:81EF: 29 0F    AND #$0F
f1106   c32909672    i45578298    A:00 X:00 Y:05 S:D9 P:nvUbdIZc  $06:81F1: 85 F7    STA $F7 = #$85
f1106   c32909675    i45578299    A:00 X:00 Y:05 S:D9 P:nvUbdIZc  $06:81F3: A4 F3    LDY $F3 = #$05
f1106   c32909678    i45578300    A:00 X:00 Y:05 S:D9 P:nvUbdIzc  $06:81F5: 88       DEY
f1107   c32946942    i45590276    A:00 X:15 Y:00 S:BC P:nvUbdiZc  $00:9F2E: 8D 01 80 STA $8001 = #$27
f1107   c32946946    i45590277    A:00 X:15 Y:00 S:BC P:nvUbdiZc  $00:9F31: B5 01    LDA $01,X @ $0016 = #$E0
f1107   c32946950    i45590278    A:E0 X:15 Y:00 S:BC P:NvUbdizc  $00:9F33: AA       TAX
f1107   c32946952    i45590279    A:E0 X:E0 Y:00 S:BC P:NvUbdizc  $00:9F34: 9A       TXS
f1107   c32946954    i45590280    A:E0 X:E0 Y:00 S:E0 P:NvUbdizc  $00:9F35: 68       PLA
f1107   c32946958    i45590281    A:30 X:E0 Y:00 S:E1 P:nvUbdizc  $00:9F36: 85 E6    STA $E6 = #$02
f1107   c32946961    i45590282    A:30 X:E0 Y:00 S:E1 P:nvUbdizc  $00:9F38: 68       PLA
f1107   c32946965    i45590283    A:23 X:E0 Y:00 S:E2 P:nvUbdizc  $00:9F39: 85 E7    STA $E7 = #$BA
f1107   c32946968    i45590284    A:23 X:E0 Y:00 S:E2 P:nvUbdizc  $00:9F3B: 68       PLA
f1107   c32946972    i45590285    A:00 X:E0 Y:00 S:E3 P:nvUbdiZc  $00:9F3C: 85 E8    STA $E8 = #$06
f1107   c32946975    i45590286    A:00 X:E0 Y:00 S:E3 P:nvUbdiZc  $00:9F3E: 68       PLA
f1107   c32946979    i45590287    A:00 X:E0 Y:00 S:E4 P:nvUbdiZc  $00:9F3F: 85 E9    STA $E9 = #$02
f1107   c32946982    i45590288    A:00 X:E0 Y:00 S:E4 P:nvUbdiZc  $00:9F41: 68       PLA
f1107   c32946986    i45590289    A:02 X:E0 Y:00 S:E5 P:nvUbdizc  $00:9F42: 85 EA    STA $EA = #$24
f1107   c32946989    i45590290    A:02 X:E0 Y:00 S:E5 P:nvUbdizc  $00:9F44: 68       PLA
f1107   c32946993    i45590291    A:03 X:E0 Y:00 S:E6 P:nvUbdizc  $00:9F45: 85 EB    STA $EB = #$00
f1107   c32946996    i45590292    A:03 X:E0 Y:00 S:E6 P:nvUbdizc  $00:9F47: 68       PLA
f1107   c32947000    i45590293    A:96 X:E0 Y:00 S:E7 P:NvUbdizc  $00:9F48: 85 EC    STA $EC = #$00
f1107   c32947003    i45590294    A:96 X:E0 Y:00 S:E7 P:NvUbdizc  $00:9F4A: 68       PLA
f1107   c32947007    i45590295    A:BA X:E0 Y:00 S:E8 P:NvUbdizc  $00:9F4B: 85 ED    STA $ED = #$06
f1107   c32947010    i45590296    A:BA X:E0 Y:00 S:E8 P:NvUbdizc  $00:9F4D: 68       PLA
f1107   c32947014    i45590297    A:03 X:E0 Y:00 S:E9 P:nvUbdizc  $00:9F4E: A8       TAY
f1107   c32947016    i45590298    A:03 X:E0 Y:03 S:E9 P:nvUbdizc  $00:9F4F: 68       PLA
f1107   c32947020    i45590299    A:02 X:E0 Y:03 S:EA P:nvUbdizc  $00:9F50: AA       TAX
f1107   c32947022    i45590300    A:02 X:02 Y:03 S:EA P:nvUbdizc  $00:9F51: 60       RTS (from $9FA8)
f1107   c32947028    i45590301    A:02 X:02 Y:03 S:EC P:nvUbdizc  $01:A8D3: A0 00    LDY #$00
f1107   c32947030    i45590302    A:02 X:02 Y:00 S:EC P:nvUbdiZc  $01:A8D5: BE 68 04 LDX $0468,Y @ $0468 = #$00
f1107   c32947034    i45590303    A:02 X:00 Y:00 S:EC P:nvUbdiZc  $01:A8D8: B9 6A 04 LDA $046A,Y @ $046A = #$00
f1107   c32947038    i45590304    A:00 X:00 Y:00 S:EC P:nvUbdiZc  $01:A8DB: 29 0C    AND #$0C
f1107   c32947040    i45590305    A:00 X:00 Y:00 S:EC P:nvUbdiZc  $01:A8DD: F0 02    BEQ $A8E1
f1107   c32947043    i45590306    A:00 X:00 Y:00 S:EC P:nvUbdiZc  $01:A8E1: 8A       TXA
f1107   c32947045    i45590307    A:00 X:00 Y:00 S:EC P:nvUbdiZc  $01:A8E2: 99 00 02 STA $0200,Y @ $0200 = #$00
f1107   c32947050    i45590308    A:00 X:00 Y:00 S:EC P:nvUbdiZc  $01:A8E5: B9 69 04 LDA $0469,Y @ $0469 = #$01
f1107   c32947054    i45590309    A:01 X:00 Y:00 S:EC P:nvUbdizc  $01:A8E8: 99 01 02 STA $0201,Y @ $0201 = #$01
f1107   c32947059    i45590310    A:01 X:00 Y:00 S:EC P:nvUbdizc  $01:A8EB: B9 6A 04 LDA $046A,Y @ $046A = #$00
f1107   c32947063    i45590311    A:00 X:00 Y:00 S:EC P:nvUbdiZc  $01:A8EE: 99 02 02 STA $0202,Y @ $0202 = #$00
f1107   c32947068    i45590312    A:00 X:00 Y:00 S:EC P:nvUbdiZc  $01:A8F1: B9 6B 04 LDA $046B,Y @ $046B = #$0C
f1107   c32947072    i45590313    A:0C X:00 Y:00 S:EC P:nvUbdizc  $01:A8F4: 99 03 02 STA $0203,Y @ $0203 = #$07
f1107   c32947077    i45590314    A:0C X:00 Y:00 S:EC P:nvUbdizc  $01:A8F7: C8       INY
f1107   c32947079    i45590315    A:0C X:00 Y:01 S:EC P:nvUbdizc  $01:A8F8: C8       INY
f1107   c32947081    i45590316    A:0C X:00 Y:02 S:EC P:nvUbdizc  $01:A8F9: C8       INY
f1107   c32947083    i45590317    A:0C X:00 Y:03 S:EC P:nvUbdizc  $01:A8FA: C8       INY
f1113   c33120591    i45645240    A:05 X:02 Y:07 S:C8 P:nvUbdizC  $00:91A3: 4C B4 91 JMP $91B4
f1113   c33120594    i45645241    A:05 X:02 Y:07 S:C8 P:nvUbdizC  $00:91B4: A0 10    LDY #$10
f1113   c33120596    i45645242    A:05 X:02 Y:10 S:C8 P:nvUbdizC  $00:91B6: B1 94    LDA ($94),Y @ $0578 = #$00
f1113   c33120601    i45645243    A:00 X:02 Y:10 S:C8 P:nvUbdiZC  $00:91B8: AA       TAX
f1113   c33120603    i45645244    A:00 X:00 Y:10 S:C8 P:nvUbdiZC  $00:91B9: C8       INY
f1113   c33120605    i45645245    A:00 X:00 Y:11 S:C8 P:nvUbdizC  $00:91BA: B1 94    LDA ($94),Y @ $0579 = #$38
f1113   c33120610    i45645246    A:38 X:00 Y:11 S:C8 P:nvUbdizC  $00:91BC: 4A       LSR
f1113   c33120612    i45645247    A:1C X:00 Y:11 S:C8 P:nvUbdizc  $00:91BD: 4A       LSR
f1113   c33120614    i45645248    A:0E X:00 Y:11 S:C8 P:nvUbdizc  $00:91BE: A8       TAY
f1113   c33120616    i45645249    A:0E X:00 Y:0E S:C8 P:nvUbdizc  $00:91BF: A5 E6    LDA $E6 = #$00
f1113   c33120619    i45645250    A:00 X:00 Y:0E S:C8 P:nvUbdiZc  $00:91C1: 18       CLC
f1113   c33120621    i45645251    A:00 X:00 Y:0E S:C8 P:nvUbdiZc  $00:91C2: 7D 68 04 ADC $0468,X @ $0468 = #$00
f1113   c33120625    i45645252    A:00 X:00 Y:0E S:C8 P:nvUbdiZc  $00:91C5: 9D 68 04 STA $0468,X @ $0468 = #$00
f1113   c33120630    i45645253    A:00 X:00 Y:0E S:C8 P:nvUbdiZc  $00:91C8: 6A       ROR
f1113   c33120632    i45645254    A:00 X:00 Y:0E S:C8 P:nvUbdiZc  $00:91C9: 45 E6    EOR $E6 = #$00
f1113   c33120635    i45645255    A:00 X:00 Y:0E S:C8 P:nvUbdiZc  $00:91CB: 10 08    BPL $91D5
f1113   c33120638    i45645256    A:00 X:00 Y:0E S:C8 P:nvUbdiZc  $00:91D5: A5 E8    LDA $E8 = #$05
f1113   c33120641    i45645257    A:05 X:00 Y:0E S:C8 P:nvUbdizc  $00:91D7: 18       CLC
f1113   c33120643    i45645258    A:05 X:00 Y:0E S:C8 P:nvUbdizc  $00:91D8: 7D 6B 04 ADC $046B,X @ $046B = #$25
f1113   c33120647    i45645259    A:2A X:00 Y:0E S:C8 P:nvUbdizc  $00:91DB: 9D 6B 04 STA $046B,X @ $046B = #$25
f1113   c33120652    i45645260    A:2A X:00 Y:0E S:C8 P:nvUbdizc  $00:91DE: 6A       ROR
f1113   c33120654    i45645261    A:15 X:00 Y:0E S:C8 P:nvUbdizc  $00:91DF: 45 E8    EOR $E8 = #$05
f1113   c33120657    i45645262    A:10 X:00 Y:0E S:C8 P:nvUbdizc  $00:91E1: 10 08    BPL $91EB
f1113   c33120660    i45645263    A:10 X:00 Y:0E S:C8 P:nvUbdizc  $00:91EB: 8A       TXA
f1113   c33120662    i45645264    A:00 X:00 Y:0E S:C8 P:nvUbdiZc  $00:91EC: 18       CLC
f1113   c33120664    i45645265    A:00 X:00 Y:0E S:C8 P:nvUbdiZc  $00:91ED: 69 04    ADC #$04
f1113   c33120666    i45645266    A:04 X:00 Y:0E S:C8 P:nvUbdizc  $00:91EF: AA       TAX
f1113   c33120668    i45645267    A:04 X:04 Y:0E S:C8 P:nvUbdizc  $00:91F0: 88       DEY
f1113   c33120670    i45645268    A:04 X:04 Y:0D S:C8 P:nvUbdizc  $00:91F1: D0 CC    BNE $91BF
f1113   c33120673    i45645269    A:04 X:04 Y:0D S:C8 P:nvUbdizc  $00:91BF: A5 E6    LDA $E6 = #$00
f1113   c33120676    i45645270    A:00 X:04 Y:0D S:C8 P:nvUbdiZc  $00:91C1: 18       CLC
f1113   c33120678    i45645271    A:00 X:04 Y:0D S:C8 P:nvUbdiZc  $00:91C2: 7D 68 04 ADC $0468,X @ $046C = #$08
f1113   c33120682    i45645272    A:08 X:04 Y:0D S:C8 P:nvUbdizc  $00:91C5: 9D 68 04 STA $0468,X @ $046C = #$08
f1113   c33120687    i45645273    A:08 X:04 Y:0D S:C8 P:nvUbdizc  $00:91C8: 6A       ROR
f1113   c33120689    i45645274    A:04 X:04 Y:0D S:C8 P:nvUbdizc  $00:91C9: 45 E6    EOR $E6 = #$00
f1113   c33120692    i45645275    A:04 X:04 Y:0D S:C8 P:nvUbdizc  $00:91CB: 10 08    BPL $91D5
f1113   c33120695    i45645276    A:04 X:04 Y:0D S:C8 P:nvUbdizc  $00:91D5: A5 E8    LDA $E8 = #$05
f1113   c33120698    i45645277    A:05 X:04 Y:0D S:C8 P:nvUbdizc  $00:91D7: 18       CLC
f1113   c33120700    i45645278    A:05 X:04 Y:0D S:C8 P:nvUbdizc  $00:91D8: 7D 6B 04 ADC $046B,X @ $046F = #$25
f1113   c33120704    i45645279    A:2A X:04 Y:0D S:C8 P:nvUbdizc  $00:91DB: 9D 6B 04 STA $046B,X @ $046F = #$25
f1113   c33120709    i45645280    A:2A X:04 Y:0D S:C8 P:nvUbdizc  $00:91DE: 6A       ROR
f1113   c33120711    i45645281    A:15 X:04 Y:0D S:C8 P:nvUbdizc  $00:91DF: 45 E8    EOR $E8 = #$05
f1113   c33132867    i45649125    A:40 X:19 Y:00 S:E0 P:nvUbdizC  $00:9F04: A5 1B    LDA $1B = #$40
f1113   c33132870    i45649126    A:40 X:19 Y:00 S:E0 P:nvUbdizC  $00:9F06: 10 FC    BPL $9F04
f1113   c33132873    i45649127    A:40 X:19 Y:00 S:E0 P:nvUbdizC  $00:9F04: A5 1B    LDA $1B = #$40
f1113   c33132876    i45649128    A:40 X:19 Y:00 S:E0 P:nvUbdizC  $00:9F06: 10 FC    BPL $9F04
f1113   c33132879    i45649129    A:40 X:19 Y:00 S:E0 P:nvUbdizC  $00:9F04: A5 1B    LDA $1B = #$40
f1113   c33132882    i45649130    A:40 X:19 Y:00 S:E0 P:nvUbdizC  $00:9F06: 10 FC    BPL $9F04
f1113   c33132885    i45649131    A:40 X:19 Y:00 S:E0 P:nvUbdizC  $00:9F04: A5 1B    LDA $1B = #$40
f1113   c33132888    i45649132    A:40 X:19 Y:00 S:E0 P:nvUbdizC  $00:9F06: 10 FC    BPL $9F04
f1113   c33132891    i45649133    A:40 X:19 Y:00 S:E0 P:nvUbdizC  $00:9F04: A5 1B    LDA $1B = #$40
f1113   c33132894    i45649134    A:40 X:19 Y:00 S:E0 P:nvUbdizC  $00:9F06: 10 FC    BPL $9F04
f1113   c33132897    i45649135    A:40 X:19 Y:00 S:E0 P:nvUbdizC  $00:9F04: A5 1B    LDA $1B = #$40
f1113   c33132900    i45649136    A:40 X:19 Y:00 S:E0 P:nvUbdizC  $00:9F06: 10 FC    BPL $9F04
f1113   c33132903    i45649137    A:40 X:19 Y:00 S:E0 P:nvUbdizC  $00:9F04: A5 1B    LDA $1B = #$40
f1113   c33132906    i45649138    A:40 X:19 Y:00 S:E0 P:nvUbdizC  $00:9F06: 10 FC    BPL $9F04
f1113   c33132909    i45649139    A:40 X:19 Y:00 S:E0 P:nvUbdizC  $00:9F04: A5 1B    LDA $1B = #$40
f1113   c33132912    i45649140    A:40 X:19 Y:00 S:E0 P:nvUbdizC  $00:9F06: 10 FC    BPL $9F04
f1113   c33132915    i45649141    A:40 X:19 Y:00 S:E0 P:nvUbdizC  $00:9F04: A5 1B    LDA $1B = #$40
f1113   c33132918    i45649142    A:40 X:19 Y:00 S:E0 P:nvUbdizC  $00:9F06: 10 FC    BPL $9F04
f1113   c33132921    i45649143    A:40 X:19 Y:00 S:E0 P:nvUbdizC  $00:9F04: A5 1B    LDA $1B = #$40
f1113   c33132924    i45649144    A:40 X:19 Y:00 S:E0 P:nvUbdizC  $00:9F06: 10 FC    BPL $9F04
f1113   c33132927    i45649145    A:40 X:19 Y:00 S:E0 P:nvUbdizC  $00:9F04: A5 1B    LDA $1B = #$40
f1113   c33132930    i45649146    A:40 X:19 Y:00 S:E0 P:nvUbdizC  $00:9F06: 10 FC    BPL $9F04
f1113   c33132933    i45649147    A:40 X:19 Y:00 S:E0 P:nvUbdizC  $00:9F04: A5 1B    LDA $1B = #$40
f1113   c33132936    i45649148    A:40 X:19 Y:00 S:E0 P:nvUbdizC  $00:9F06: 10 FC    BPL $9F04
f1113   c33132939    i45649149    A:40 X:19 Y:00 S:E0 P:nvUbdizC  $00:9F04: A5 1B    LDA $1B = #$40
f1113   c33132949    i45649150    A:40 X:19 Y:00 S:DD P:nvUbdIzC  $0F:C506: 4C 21 C8 JMP $C821
f1113   c33132952    i45649151    A:40 X:19 Y:00 S:DD P:nvUbdIzC  $0F:C821: 24 1B    BIT $1B = #$40
f1113   c33132955    i45649152    A:40 X:19 Y:00 S:DD P:nVUbdIzC  $0F:C823: 50 03    BVC $C828
f1113   c33132957    i45649153    A:40 X:19 Y:00 S:DD P:nVUbdIzC  $0F:C825: 4C 78 C4 JMP $C478
f1113   c33132960    i45649154    A:40 X:19 Y:00 S:DD P:nVUbdIzC  $0F:C478: 24 3B    BIT $3B = #$55
f1113   c33132963    i45649155    A:40 X:19 Y:00 S:DD P:nVUbdIzC  $0F:C47A: 30 32    BMI $C4AE
f1113   c33132965    i45649156    A:40 X:19 Y:00 S:DD P:nVUbdIzC  $0F:C47C: 38       SEC
f1113   c33132967    i45649157    A:40 X:19 Y:00 S:DD P:nVUbdIzC  $0F:C47D: 66 3B    ROR $3B = #$55
f1113   c33132972    i45649158    A:40 X:19 Y:00 S:DD P:NVUbdIzC  $0F:C47F: 85 3C    STA $3C = #$40
f1113   c33132975    i45649159    A:40 X:19 Y:00 S:DD P:NVUbdIzC  $0F:C481: 86 3D    STX $3D = #$19
f1113   c33132978    i45649160    A:40 X:19 Y:00 S:DD P:NVUbdIzC  $0F:C483: 84 3E    STY $3E = #$03
f1113   c33132981    i45649161    A:40 X:19 Y:00 S:DD P:NVUbdIzC  $0F:C485: A5 22    LDA $22 = #$00
f1113   c33132984    i45649162    A:00 X:19 Y:00 S:DD P:nVUbdIZC  $0F:C487: 09 07    ORA #$07
f1113   c33132986    i45649163    A:07 X:19 Y:00 S:DD P:nVUbdIzC  $0F:C489: 8D 00 80 STA $8000 = #$A5
f1113   c33132990    i45649164    A:07 X:19 Y:00 S:DD P:nVUbdIzC  $0F:C48C: A9 02    LDA #$02
f1113   c33132992    i45649165    A:02 X:19 Y:00 S:DD P:nVUbdIzC  $0F:C48E: 8D 01 80 STA $8001 = #$27
f1113   c33132996    i45649166    A:02 X:19 Y:00 S:DD P:nVUbdIzC  $0F:C491: 20 60 A1 JSR $A160
f1116   c33208991    i45673206    A:01 X:1C Y:08 S:D9 P:nvUbdIzc  $06:84BA: A9 00    LDA #$00
f1116   c33208993    i45673207    A:00 X:1C Y:08 S:D9 P:nvUbdIZc  $06:84BC: A0 04    LDY #$04
f1116   c33208995    i45673208    A:00 X:1C Y:04 S:D9 P:nvUbdIzc  $06:84BE: 91 F0    STA ($F0),Y @ $079B = #$0E
f1116   c33209001    i45673209    A:00 X:1C Y:04 S:D9 P:nvUbdIzc  $06:84C0: A6 F2    LDX $F2 = #$1C
f1116   c33209004    i45673210    A:00 X:1C Y:04 S:D9 P:nvUbdIzc  $06:84C2: BD 08 07 LDA $0708,X @ $0724 = #$07
f1116   c33209008    i45673211    A:07 X:1C Y:04 S:D9 P:nvUbdIzc  $06:84C5: 9D 07 07 STA $0707,X @ $0723 = #$00
f1116   c33209013    i45673212    A:07 X:1C Y:04 S:D9 P:nvUbdIzc  $06:84C8: 60       RTS (from $83CB)
f1116   c33209019    i45673213    A:07 X:1C Y:04 S:DB P:nvUbdIzc  $06:80E1: A6 F2    LDX $F2 = #$1C
f1116   c33209022    i45673214    A:07 X:1C Y:04 S:DB P:nvUbdIzc  $06:80E3: DE 09 07 DEC $0709,X @ $0725 = #$01
f1116   c33209029    i45673215    A:07 X:1C Y:04 S:DB P:nvUbdIZc  $06:80E6: D0 21    BNE $8109
f1116   c33209031    i45673216    A:07 X:1C Y:04 S:DB P:nvUbdIZc  $06:80E8: A0 02    LDY #$02
f1116   c33209033    i45673217    A:07 X:1C Y:02 S:DB P:nvUbdIzc  $06:80EA: B1 F0    LDA ($F0),Y @ $0799 = #$1E
f1116   c33209038    i45673218    A:1E X:1C Y:02 S:DB P:nvUbdIzc  $06:80EC: 85 F6    STA $F6 = #$00
f1116   c33209041    i45673219    A:1E X:1C Y:02 S:DB P:nvUbdIzc  $06:80EE: C8       INY
f1116   c33209043    i45673220    A:1E X:1C Y:03 S:DB P:nvUbdIzc  $06:80EF: B1 F0    LDA ($F0),Y @ $079A = #$8B
f1116   c33209048    i45673221    A:8B X:1C Y:03 S:DB P:NvUbdIzc  $06:80F1: 85 F7    STA $F7 = #$00
f1116   c33209051    i45673222    A:8B X:1C Y:03 S:DB P:NvUbdIzc  $06:80F3: C8       INY
f1116   c33209053    i45673223    A:8B X:1C Y:04 S:DB P:nvUbdIzc  $06:80F4: B1 F0    LDA ($F0),Y @ $079B = #$00
f1116   c33209058    i45673224    A:00 X:1C Y:04 S:DB P:nvUbdIZc  $06:80F6: 48       PHA
f1116   c33209061    i45673225    A:00 X:1C Y:04 S:DA P:nvUbdIZc  $06:80F7: 18       CLC
f1116   c33209063    i45673226    A:00 X:1C Y:04 S:DA P:nvUbdIZc  $06:80F8: 69 02    ADC #$02
f1116   c33209065    i45673227    A:02 X:1C Y:04 S:DA P:nvUbdIzc  $06:80FA: 91 F0    STA ($F0),Y @ $079B = #$00
f1116   c33209071    i45673228    A:02 X:1C Y:04 S:DA P:nvUbdIzc  $06:80FC: 68       PLA
f1116   c33209075    i45673229    A:00 X:1C Y:04 S:DB P:nvUbdIZc  $06:80FD: A8       TAY
f1116   c33209077    i45673230    A:00 X:1C Y:00 S:DB P:nvUbdIZc  $06:80FE: B1 F6    LDA ($F6),Y @ $8B1E = #$01
f1116   c33209082    i45673231    A:01 X:1C Y:00 S:DB P:nvUbdIzc  $06:8100: 9D 09 07 STA $0709,X @ $0725 = #$00
f1116   c33209087    i45673232    A:01 X:1C Y:00 S:DB P:nvUbdIzc  $06:8103: C8       INY
f1116   c33209089    i45673233    A:01 X:1C Y:01 S:DB P:nvUbdIzc  $06:8104: B1 F6    LDA ($F6),Y @ $8B1F = #$0F
f1116   c33209094    i45673234    A:0F X:1C Y:01 S:DB P:nvUbdIzc  $06:8106: 9D 0A 07 STA $070A,X @ $0726 = #$03
f1116   c33209099    i45673235    A:0F X:1C Y:01 S:DB P:nvUbdIzc  $06:8109: 20 DB 81 JSR $81DB
f1116   c33209105    i45673236    A:0F X:1C Y:01 S:D9 P:nvUbdIzc  $06:81DB: A0 05    LDY #$05
f1116   c33209107    i45673237    A:0F X:1C Y:05 S:D9 P:nvUbdIzc  $06:81DD: B1 F0    LDA ($F0),Y @ $079C = #$06
f1116   c33209112    i45673238    A:06 X:1C Y:05 S:D9 P:nvUbdIzc  $06:81DF: AA       TAX
f1116   c33209114    i45673239    A:06 X:06 Y:05 S:D9 P:nvUbdIzc  $06:81E0: 29 F0    AND #$F0
f1116   c33209116    i45673240    A:00 X:06 Y:05 S:D9 P:nvUbdIZc  $06:81E2: 85 F6    STA $F6 = #$1E
f1116   c33209123    i45673241    A:00 X:06 Y:05 S:D9 P:nvUbdIZc  $06:81E4: 29 20    AND #$20
f1116   c33209125    i45673242    A:00 X:06 Y:05 S:D9 P:nvUbdIZc  $06:81E6: F0 06    BEQ $81EE
f1116   c33209128    i45673243    A:00 X:06 Y:05 S:D9 P:nvUbdIZc  $06:81EE: 8A       TXA
f1116   c33209130    i45673244    A:06 X:06 Y:05 S:D9 P:nvUbdIzc  $06:81EF: 29 0F    AND #$0F
f1116   c33209132    i45673245    A:06 X:06 Y:05 S:D9 P:nvUbdIzc  $06:81F1: 85 F7    STA $F7 = #$8B
f1116   c33209135    i45673246    A:06 X:06 Y:05 S:D9 P:nvUbdIzc  $06:81F3: A4 F3    LDY $F3 = #$01
f1123   c33416754    i45739430    A:BF X:1C Y:01 S:D9 P:NvUbdIzC  $06:83DC: 85 F5    STA $F5 = #$01
f1123   c33416757    i45739431    A:BF X:1C Y:01 S:D9 P:NvUbdIzC  $06:83DE: 88       DEY
f1123   c33416759    i45739432    A:BF X:1C Y:00 S:D9 P:nvUbdIZC  $06:83DF: B1 F4    LDA ($F4),Y @ $BFE4 = #$F9
f1123   c33416764    i45739433    A:F9 X:1C Y:00 S:D9 P:NvUbdIzC  $06:83E1: 10 21    BPL $8404
f1123   c33416766    i45739434    A:F9 X:1C Y:00 S:D9 P:NvUbdIzC  $06:83E3: C8       INY
f1123   c33416768    i45739435    A:F9 X:1C Y:01 S:D9 P:nvUbdIzC  $06:83E4: C9 E0    CMP #$E0
f1123   c33416770    i45739436    A:F9 X:1C Y:01 S:D9 P:nvUbdIzC  $06:83E6: 90 05    BCC $83ED
f1123   c33416772    i45739437    A:F9 X:1C Y:01 S:D9 P:nvUbdIzC  $06:83E8: 20 C9 84 JSR $84C9
f1123   c33416778    i45739438    A:F9 X:1C Y:01 S:D7 P:nvUbdIzC  $06:84C9: 29 1F    AND #$1F
f1123   c33416780    i45739439    A:19 X:1C Y:01 S:D7 P:nvUbdIzC  $06:84CB: 0A       ASL
f1123   c33416782    i45739440    A:32 X:1C Y:01 S:D7 P:nvUbdIzc  $06:84CC: AA       TAX
f1123   c33416784    i45739441    A:32 X:32 Y:01 S:D7 P:nvUbdIzc  $06:84CD: BD DA 84 LDA $84DA,X @ $850C = #$99
f1123   c33416789    i45739442    A:99 X:32 Y:01 S:D7 P:NvUbdIzc  $06:84D0: 85 F6    STA $F6 = #$00
f1123   c33416792    i45739443    A:99 X:32 Y:01 S:D7 P:NvUbdIzc  $06:84D2: BD DB 84 LDA $84DB,X @ $850D = #$86
f1123   c33416797    i45739444    A:86 X:32 Y:01 S:D7 P:NvUbdIzc  $06:84D5: 85 F7    STA $F7 = #$00
f1123   c33416800    i45739445    A:86 X:32 Y:01 S:D7 P:NvUbdIzc  $06:84D7: 6C F6 00 JMP ($00F6) = $8699
f1123   c33416805    i45739446    A:86 X:32 Y:01 S:D7 P:NvUbdIzc  $06:8699: A9 0F    LDA #$0F
f1123   c33416807    i45739447    A:0F X:32 Y:01 S:D7 P:nvUbdIzc  $06:869B: 8D 15 40 STA $4015 = #$1F
f1123   c33416811    i45739448    A:0F X:32 Y:01 S:D7 P:nvUbdIzc  $06:869E: AD E8 07 LDA $07E8 = #$00
f1123   c33416815    i45739449    A:00 X:32 Y:01 S:D7 P:nvUbdIZc  $06:86A1: D0 14    BNE $86B7
f1123   c33416817    i45739450    A:00 X:32 Y:01 S:D7 P:nvUbdIZc  $06:86A3: A9 0F    LDA #$0F
f1123   c33416819    i45739451    A:0F X:32 Y:01 S:D7 P:nvUbdIzc  $06:86A5: 8D 10 40 STA $4010 = #$0F
f1123   c33416823    i45739452    A:0F X:32 Y:01 S:D7 P:nvUbdIzc  $06:86A8: A9 00    LDA #$00
f1123   c33416825    i45739453    A:00 X:32 Y:01 S:D7 P:nvUbdIZc  $06:86AA: 8D 12 40 STA $4012 = #$03
f1123   c33416829    i45739454    A:00 X:32 Y:01 S:D7 P:nvUbdIZc  $06:86AD: A9 0C    LDA #$0C
f1123   c33416831    i45739455    A:0C X:32 Y:01 S:D7 P:nvUbdIzc  $06:86AF: 8D 13 40 STA $4013 = #$20
f1123   c33416835    i45739456    A:0C X:32 Y:01 S:D7 P:nvUbdIzc  $06:86B2: A9 1F    LDA #$1F
f1123   c33416837    i45739457    A:1F X:32 Y:01 S:D7 P:nvUbdIzc  $06:86B4: 8D 15 40 STA $4015 = #$0F
f1123   c33416841    i45739458    A:1F X:32 Y:01 S:D7 P:nvUbdIzc  $06:86B7: 60       RTS (from $84C9)
f1123   c33416851    i45739459    A:1F X:32 Y:01 S:D9 P:nvUbdIzc  $06:83EB: 10 F2    BPL $83DF
f1123   c33416854    i45739460    A:1F X:32 Y:01 S:D9 P:nvUbdIzc  $06:83DF: B1 F4    LDA ($F4),Y @ $BFE5 = #$01
f1123   c33416859    i45739461    A:01 X:32 Y:01 S:D9 P:nvUbdIzc  $06:83E1: 10 21    BPL $8404
f1123   c33416863    i45739462    A:01 X:32 Y:01 S:D9 P:nvUbdIzc  $06:8404: C8       INY
f1123   c33416865    i45739463    A:01 X:32 Y:02 S:D9 P:nvUbdIzc  $06:8405: 48       PHA
f1123   c33416868    i45739464    A:01 X:32 Y:02 S:D8 P:nvUbdIzc  $06:8406: 98       TYA
f1123   c33416870    i45739465    A:02 X:32 Y:02 S:D8 P:nvUbdIzc  $06:8407: A0 00    LDY #$00
f1123   c33416872    i45739466    A:02 X:32 Y:00 S:D8 P:nvUbdIZc  $06:8409: 18       CLC
f1123   c33416874    i45739467    A:02 X:32 Y:00 S:D8 P:nvUbdIZc  $06:840A: 65 F4    ADC $F4 = #$E4
f1123   c33416877    i45739468    A:E6 X:32 Y:00 S:D8 P:NvUbdIzc  $06:840C: 91 F0    STA ($F0),Y @ $0797 = #$E4
f1123   c33416883    i45739469    A:E6 X:32 Y:00 S:D8 P:NvUbdIzc  $06:840E: C8       INY
f1123   c33416885    i45739470    A:E6 X:32 Y:01 S:D8 P:nvUbdIzc  $06:840F: A9 00    LDA #$00
f1123   c33416887    i45739471    A:00 X:32 Y:01 S:D8 P:nvUbdIZc  $06:8411: 65 F5    ADC $F5 = #$BF
f1123   c33420747    i45740703    A:06 X:03 Y:07 S:C8 P:nvUbdizC  $00:91A3: 4C B4 91 JMP $91B4
f1123   c33420750    i45740704    A:06 X:03 Y:07 S:C8 P:nvUbdizC  $00:91B4: A0 10    LDY #$10
f1123   c33420752    i45740705    A:06 X:03 Y:10 S:C8 P:nvUbdizC  $00:91B6: B1 94    LDA ($94),Y @ $0598 = #$38
f1123   c33420757    i45740706    A:38 X:03 Y:10 S:C8 P:nvUbdizC  $00:91B8: AA       TAX
f1123   c33420759    i45740707    A:38 X:38 Y:10 S:C8 P:nvUbdizC  $00:91B9: C8       INY
f1123   c33420761    i45740708    A:38 X:38 Y:11 S:C8 P:nvUbdizC  $00:91BA: B1 94    LDA ($94),Y @ $0599 = #$C8
f1123   c33420766    i45740709    A:C8 X:38 Y:11 S:C8 P:NvUbdizC  $00:91BC: 4A       LSR
f1123   c33420768    i45740710    A:64 X:38 Y:11 S:C8 P:nvUbdizc  $00:91BD: 4A       LSR
f1123   c33420770    i45740711    A:32 X:38 Y:11 S:C8 P:nvUbdizc  $00:91BE: A8       TAY
f1123   c33420772    i45740712    A:32 X:38 Y:32 S:C8 P:nvUbdizc  $00:91BF: A5 E6    LDA $E6 = #$02
f1123   c33420775    i45740713    A:02 X:38 Y:32 S:C8 P:nvUbdizc  $00:91C1: 18       CLC
f1123   c33420777    i45740714    A:02 X:38 Y:32 S:C8 P:nvUbdizc  $00:91C2: 7D 68 04 ADC $0468,X @ $04A0 = #$4A
f1123   c33420781    i45740715    A:4C X:38 Y:32 S:C8 P:nvUbdizc  $00:91C5: 9D 68 04 STA $0468,X @ $04A0 = #$4A
f1123   c33420786    i45740716    A:4C X:38 Y:32 S:C8 P:nvUbdizc  $00:91C8: 6A       ROR
f1123   c33420788    i45740717    A:26 X:38 Y:32 S:C8 P:nvUbdizc  $00:91C9: 45 E6    EOR $E6 = #$02
f1123   c33420791    i45740718    A:24 X:38 Y:32 S:C8 P:nvUbdizc  $00:91CB: 10 08    BPL $91D5
f1123   c33420794    i45740719    A:24 X:38 Y:32 S:C8 P:nvUbdizc  $00:91D5: A5 E8    LDA $E8 = #$06
f1123   c33420797    i45740720    A:06 X:38 Y:32 S:C8 P:nvUbdizc  $00:91D7: 18       CLC
f1123   c33420803    i45740721    A:06 X:38 Y:32 S:C8 P:nvUbdizc  $00:91D8: 7D 6B 04 ADC $046B,X @ $04A3 = #$66
f1123   c33420807    i45740722    A:6C X:38 Y:32 S:C8 P:nvUbdizc  $00:91DB: 9D 6B 04 STA $046B,X @ $04A3 = #$66
f1123   c33420812    i45740723    A:6C X:38 Y:32 S:C8 P:nvUbdizc  $00:91DE: 6A       ROR
f1123   c33420814    i45740724    A:36 X:38 Y:32 S:C8 P:nvUbdizc  $00:91DF: 45 E8    EOR $E8 = #$06
f1123   c33420817    i45740725    A:30 X:38 Y:32 S:C8 P:nvUbdizc  $00:91E1: 10 08    BPL $91EB
f1123   c33420820    i45740726    A:30 X:38 Y:32 S:C8 P:nvUbdizc  $00:91EB: 8A       TXA
f1123   c33420822    i45740727    A:38 X:38 Y:32 S:C8 P:nvUbdizc  $00:91EC: 18       CLC
f1123   c33420824    i45740728    A:38 X:38 Y:32 S:C8 P:nvUbdizc  $00:91ED: 69 04    ADC #$04
f1123   c33420826    i45740729    A:3C X:38 Y:32 S:C8 P:nvUbdizc  $00:91EF: AA       TAX
f1123   c33420828    i45740730    A:3C X:3C Y:32 S:C8 P:nvUbdizc  $00:91F0: 88       DEY
f1123   c33420830    i45740731    A:3C X:3C Y:31 S:C8 P:nvUbdizc  $00:91F1: D0 CC    BNE $91BF
f1123   c33420833    i45740732    A:3C X:3C Y:31 S:C8 P:nvUbdizc  $00:91BF: A5 E6    LDA $E6 = #$02
f1123   c33420836    i45740733    A:02 X:3C Y:31 S:C8 P:nvUbdizc  $00:91C1: 18       CLC
f1123   c33420838    i45740734    A:02 X:3C Y:31 S:C8 P:nvUbdizc  $00:91C2: 7D 68 04 ADC $0468,X @ $04A4 = #$52
f1123   c33420842    i45740735    A:54 X:3C Y:31 S:C8 P:nvUbdizc  $00:91C5: 9D 68 04 STA $0468,X @ $04A4 = #$52
f1123   c33420847    i45740736    A:54 X:3C Y:31 S:C8 P:nvUbdizc  $00:91C8: 6A       ROR
f1123   c33420849    i45740737    A:2A X:3C Y:31 S:C8 P:nvUbdizc  $00:91C9: 45 E6    EOR $E6 = #$02
f1123   c33420852    i45740738    A:28 X:3C Y:31 S:C8 P:nvUbdizc  $00:91CB: 10 08    BPL $91D5
f1123   c33420855    i45740739    A:28 X:3C Y:31 S:C8 P:nvUbdizc  $00:91D5: A5 E8    LDA $E8 = #$06
f1123   c33420858    i45740740    A:06 X:3C Y:31 S:C8 P:nvUbdizc  $00:91D7: 18       CLC
f1123   c33420860    i45740741    A:06 X:3C Y:31 S:C8 P:nvUbdizc  $00:91D8: 7D 6B 04 ADC $046B,X @ $04A7 = #$66
f1123   c33420864    i45740742    A:6C X:3C Y:31 S:C8 P:nvUbdizc  $00:91DB: 9D 6B 04 STA $046B,X @ $04A7 = #$66
f1123   c33420869    i45740743    A:6C X:3C Y:31 S:C8 P:nvUbdizc  $00:91DE: 6A       ROR
f1123   c33420871    i45740744    A:36 X:3C Y:31 S:C8 P:nvUbdizc  $00:91DF: 45 E8    EOR $E8 = #$06
f1127   c33535972    i45777507    A:01 X:0C Y:08 S:D9 P:nvUbdIzc  $06:84BA: A9 00    LDA #$00
f1127   c33535974    i45777508    A:00 X:0C Y:08 S:D9 P:nvUbdIZc  $06:84BC: A0 04    LDY #$04
f1127   c33535976    i45777509    A:00 X:0C Y:04 S:D9 P:nvUbdIzc  $06:84BE: 91 F0    STA ($F0),Y @ $075B = #$02
f1127   c33535982    i45777510    A:00 X:0C Y:04 S:D9 P:nvUbdIzc  $06:84C0: A6 F2    LDX $F2 = #$0C
f1127   c33535985    i45777511    A:00 X:0C Y:04 S:D9 P:nvUbdIzc  $06:84C2: BD 08 07 LDA $0708,X @ $0714 = #$01
f1127   c33535989    i45777512    A:01 X:0C Y:04 S:D9 P:nvUbdIzc  $06:84C5: 9D 07 07 STA $0707,X @ $0713 = #$01
f1127   c33535994    i45777513    A:01 X:0C Y:04 S:D9 P:nvUbdIzc  $06:84C8: 60       RTS (from $83CB)
f1127   c33536000    i45777514    A:01 X:0C Y:04 S:DB P:nvUbdIzc  $06:80E1: A6 F2    LDX $F2 = #$0C
f1127   c33536003    i45777515    A:01 X:0C Y:04 S:DB P:nvUbdIzc  $06:80E3: DE 09 07 DEC $0709,X @ $0715 = #$01
f1127   c33536010    i45777516    A:01 X:0C Y:04 S:DB P:nvUbdIZc  $06:80E6: D0 21    BNE $8109
f1127   c33536012    i45777517    A:01 X:0C Y:04 S:DB P:nvUbdIZc  $06:80E8: A0 02    LDY #$02
f1127   c33536014    i45777518    A:01 X:0C Y:02 S:DB P:nvUbdIzc  $06:80EA: B1 F0    LDA ($F0),Y @ $0759 = #$AC
f1127   c33536019    i45777519    A:AC X:0C Y:02 S:DB P:NvUbdIzc  $06:80EC: 85 F6    STA $F6 = #$80
f1127   c33536022    i45777520    A:AC X:0C Y:02 S:DB P:NvUbdIzc  $06:80EE: C8       INY
f1127   c33536024    i45777521    A:AC X:0C Y:03 S:DB P:nvUbdIzc  $06:80EF: B1 F0    LDA ($F0),Y @ $075A = #$8A
f1127   c33536029    i45777522    A:8A X:0C Y:03 S:DB P:NvUbdIzc  $06:80F1: 85 F7    STA $F7 = #$05
f1127   c33536032    i45777523    A:8A X:0C Y:03 S:DB P:NvUbdIzc  $06:80F3: C8       INY
f1127   c33536034    i45777524    A:8A X:0C Y:04 S:DB P:nvUbdIzc  $06:80F4: B1 F0    LDA ($F0),Y @ $075B = #$00
f1127   c33536039    i45777525    A:00 X:0C Y:04 S:DB P:nvUbdIZc  $06:80F6: 48       PHA
f1127   c33536042    i45777526    A:00 X:0C Y:04 S:DA P:nvUbdIZc  $06:80F7: 18       CLC
f1127   c33536044    i45777527    A:00 X:0C Y:04 S:DA P:nvUbdIZc  $06:80F8: 69 02    ADC #$02
f1127   c33536046    i45777528    A:02 X:0C Y:04 S:DA P:nvUbdIzc  $06:80FA: 91 F0    STA ($F0),Y @ $075B = #$00
f1127   c33536052    i45777529    A:02 X:0C Y:04 S:DA P:nvUbdIzc  $06:80FC: 68       PLA
f1127   c33536056    i45777530    A:00 X:0C Y:04 S:DB P:nvUbdIZc  $06:80FD: A8       TAY
f1127   c33536058    i45777531    A:00 X:0C Y:00 S:DB P:nvUbdIZc  $06:80FE: B1 F6    LDA ($F6),Y @ $8AAC = #$02
f1127   c33536063    i45777532    A:02 X:0C Y:00 S:DB P:nvUbdIzc  $06:8100: 9D 09 07 STA $0709,X @ $0715 = #$00
f1127   c33536068    i45777533    A:02 X:0C Y:00 S:DB P:nvUbdIzc  $06:8103: C8       INY
f1127   c33536070    i45777534    A:02 X:0C Y:01 S:DB P:nvUbdIzc  $06:8104: B1 F6    LDA ($F6),Y @ $8AAD = #$0F
f1127   c33536075    i45777535    A:0F X:0C Y:01 S:DB P:nvUbdIzc  $06:8106: 9D 0A 07 STA $070A,X @ $0716 = #$0F
f1127   c33536080    i45777536    A:0F X:0C Y:01 S:DB P:nvUbdIzc  $06:8109: 20 DB 81 JSR $81DB
f1127   c33536086    i45777537    A:0F X:0C Y:01 S:D9 P:nvUbdIzc  $06:81DB: A0 05    LDY #$05
f1127   c33536088    i45777538    A:0F X:0C Y:05 S:D9 P:nvUbdIzc  $06:81DD: B1 F0    LDA ($F0),Y @ $075C = #$00
f1127   c33536093    i45777539    A:00 X:0C Y:05 S:D9 P:nvUbdIZc  $06:81DF: AA       TAX
f1127   c33536095    i45777540    A:00 X:00 Y:05 S:D9 P:nvUbdIZc  $06:81E0: 29 F0    AND #$F0
f1127   c33536097    i45777541    A:00 X:00 Y:05 S:D9 P:nvUbdIZc  $06:81E2: 85 F6    STA $F6 = #$AC
f1127   c33536100    i45777542    A:00 X:00 Y:05 S:D9 P:nvUbdIZc  $06:81E4: 29 20    AND #$20
f1127   c33536102    i45777543    A:00 X:00 Y:05 S:D9 P:nvUbdIZc  $06:81E6: F0 06    BEQ $81EE
f1127   c33536105    i45777544    A:00 X:00 Y:05 S:D9 P:nvUbdIZc  $06:81EE: 8A       TXA
f1127   c33536107    i45777545    A:00 X:00 Y:05 S:D9 P:nvUbdIZc  $06:81EF: 29 0F    AND #$0F
f1127   c33536109    i45777546    A:00 X:00 Y:05 S:D9 P:nvUbdIZc  $06:81F1: 85 F7    STA $F7 = #$8A
f1127   c33536112    i45777547    A:00 X:00 Y:05 S:D9 P:nvUbdIZc  $06:81F3: A4 F3    LDY $F3 = #$05
f1128   c33569390    i45788269    A:00 X:00 Y:07 S:C8 P:nvUbdiZC  $00:91B4: A0 10    LDY #$10
f1128   c33569392    i45788270    A:00 X:00 Y:10 S:C8 P:nvUbdizC  $00:91B6: B1 94    LDA ($94),Y @ $0598 = #$38
f1128   c33569397    i45788271    A:38 X:00 Y:10 S:C8 P:nvUbdizC  $00:91B8: AA       TAX
f1128   c33569399    i45788272    A:38 X:38 Y:10 S:C8 P:nvUbdizC  $00:91B9: C8       INY
f1128   c33569401    i45788273    A:38 X:38 Y:11 S:C8 P:nvUbdizC  $00:91BA: B1 94    LDA ($94),Y @ $0599 = #$E0
f1128   c33569406    i45788274    A:E0 X:38 Y:11 S:C8 P:NvUbdizC  $00:91BC: 4A       LSR
f1128   c33569408    i45788275    A:70 X:38 Y:11 S:C8 P:nvUbdizc  $00:91BD: 4A       LSR
f1128   c33569410    i45788276    A:38 X:38 Y:11 S:C8 P:nvUbdizc  $00:91BE: A8       TAY
f1128   c33569412    i45788277    A:38 X:38 Y:38 S:C8 P:nvUbdizc  $00:91BF: A5 E6    LDA $E6 = #$FE
f1128   c33569415    i45788278    A:FE X:38 Y:38 S:C8 P:NvUbdizc  $00:91C1: 18       CLC
f1128   c33569417    i45788279    A:FE X:38 Y:38 S:C8 P:NvUbdizc  $00:91C2: 7D 68 04 ADC $0468,X @ $04A0 = #$4C
f1128   c33569421    i45788280    A:4A X:38 Y:38 S:C8 P:nvUbdizC  $00:91C5: 9D 68 04 STA $0468,X @ $04A0 = #$4C
f1128   c33569426    i45788281    A:4A X:38 Y:38 S:C8 P:nvUbdizC  $00:91C8: 6A       ROR
f1128   c33569428    i45788282    A:A5 X:38 Y:38 S:C8 P:NvUbdizc  $00:91C9: 45 E6    EOR $E6 = #$FE
f1128   c33569431    i45788283    A:5B X:38 Y:38 S:C8 P:nvUbdizc  $00:91CB: 10 08    BPL $91D5
f1128   c33569434    i45788284    A:5B X:38 Y:38 S:C8 P:nvUbdizc  $00:91D5: A5 E8    LDA $E8 = #$00
f1128   c33569437    i45788285    A:00 X:38 Y:38 S:C8 P:nvUbdiZc  $00:91D7: 18       CLC
f1128   c33569439    i45788286    A:00 X:38 Y:38 S:C8 P:nvUbdiZc  $00:91D8: 7D 6B 04 ADC $046B,X @ $04A3 = #$6C
f1128   c33569443    i45788287    A:6C X:38 Y:38 S:C8 P:nvUbdizc  $00:91DB: 9D 6B 04 STA $046B,X @ $04A3 = #$6C
f1128   c33569448    i45788288    A:6C X:38 Y:38 S:C8 P:nvUbdizc  $00:91DE: 6A       ROR
f1128   c33569450    i45788289    A:36 X:38 Y:38 S:C8 P:nvUbdizc  $00:91DF: 45 E8    EOR $E8 = #$00
f1128   c33569453    i45788290    A:36 X:38 Y:38 S:C8 P:nvUbdizc  $00:91E1: 10 08    BPL $91EB
f1128   c33569456    i45788291    A:36 X:38 Y:38 S:C8 P:nvUbdizc  $00:91EB: 8A       TXA
f1128   c33569458    i45788292    A:38 X:38 Y:38 S:C8 P:nvUbdizc  $00:91EC: 18       CLC
f1128   c33569460    i45788293    A:38 X:38 Y:38 S:C8 P:nvUbdizc  $00:91ED: 69 04    ADC #$04
f1128   c33569462    i45788294    A:3C X:38 Y:38 S:C8 P:nvUbdizc  $00:91EF: AA       TAX
f1128   c33569464    i45788295    A:3C X:3C Y:38 S:C8 P:nvUbdizc  $00:91F0: 88       DEY
f1128   c33569466    i45788296    A:3C X:3C Y:37 S:C8 P:nvUbdizc  $00:91F1: D0 CC    BNE $91BF
f1128   c33569469    i45788297    A:3C X:3C Y:37 S:C8 P:nvUbdizc  $00:91BF: A5 E6    LDA $E6 = #$FE
f1128   c33569472    i45788298    A:FE X:3C Y:37 S:C8 P:NvUbdizc  $00:91C1: 18       CLC
f1128   c33569474    i45788299    A:FE X:3C Y:37 S:C8 P:NvUbdizc  $00:91C2: 7D 68 04 ADC $0468,X @ $04A4 = #$54
f1128   c33569478    i45788300    A:52 X:3C Y:37 S:C8 P:nvUbdizC  $00:91C5: 9D 68 04 STA $0468,X @ $04A4 = #$54
f1128   c33569483    i45788301    A:52 X:3C Y:37 S:C8 P:nvUbdizC  $00:91C8: 6A       ROR
f1128   c33569485    i45788302    A:A9 X:3C Y:37 S:C8 P:NvUbdizc  $00:91C9: 45 E6    EOR $E6 = #$FE
f1128   c33569488    i45788303    A:57 X:3C Y:37 S:C8 P:nvUbdizc  $00:91CB: 10 08    BPL $91D5
f1128   c33569491    i45788304    A:57 X:3C Y:37 S:C8 P:nvUbdizc  $00:91D5: A5 E8    LDA $E8 = #$00
f1128   c33569494    i45788305    A:00 X:3C Y:37 S:C8 P:nvUbdiZc  $00:91D7: 18       CLC
f1128   c33569496    i45788306    A:00 X:3C Y:37 S:C8 P:nvUbdiZc  $00:91D8: 7D 6B 04 ADC $046B,X @ $04A7 = #$6C
f1128   c33569500    i45788307    A:6C X:3C Y:37 S:C8 P:nvUbdizc  $00:91DB: 9D 6B 04 STA $046B,X @ $04A7 = #$6C
f1128   c33569505    i45788308    A:6C X:3C Y:37 S:C8 P:nvUbdizc  $00:91DE: 6A       ROR
f1128   c33569507    i45788309    A:36 X:3C Y:37 S:C8 P:nvUbdizc  $00:91DF: 45 E8    EOR $E8 = #$00
f1128   c33569510    i45788310    A:36 X:3C Y:37 S:C8 P:nvUbdizc  $00:91E1: 10 08    BPL $91EB
f1129   c33599172    i45797760    A:00 X:00 Y:07 S:C8 P:nvUbdiZC  $00:91B4: A0 10    LDY #$10
f1129   c33599174    i45797761    A:00 X:00 Y:10 S:C8 P:nvUbdizC  $00:91B6: B1 94    LDA ($94),Y @ $0598 = #$38
f1129   c33599179    i45797762    A:38 X:00 Y:10 S:C8 P:nvUbdizC  $00:91B8: AA       TAX
f1129   c33599181    i45797763    A:38 X:38 Y:10 S:C8 P:nvUbdizC  $00:91B9: C8       INY
f1129   c33599183    i45797764    A:38 X:38 Y:11 S:C8 P:nvUbdizC  $00:91BA: B1 94    LDA ($94),Y @ $0599 = #$E0
f1129   c33599188    i45797765    A:E0 X:38 Y:11 S:C8 P:NvUbdizC  $00:91BC: 4A       LSR
f1129   c33599190    i45797766    A:70 X:38 Y:11 S:C8 P:nvUbdizc  $00:91BD: 4A       LSR
f1129   c33599192    i45797767    A:38 X:38 Y:11 S:C8 P:nvUbdizc  $00:91BE: A8       TAY
f1129   c33599194    i45797768    A:38 X:38 Y:38 S:C8 P:nvUbdizc  $00:91BF: A5 E6    LDA $E6 = #$FE
f1129   c33599197    i45797769    A:FE X:38 Y:38 S:C8 P:NvUbdizc  $00:91C1: 18       CLC
f1129   c33599199    i45797770    A:FE X:38 Y:38 S:C8 P:NvUbdizc  $00:91C2: 7D 68 04 ADC $0468,X @ $04A0 = #$4A
f1129   c33599203    i45797771    A:48 X:38 Y:38 S:C8 P:nvUbdizC  $00:91C5: 9D 68 04 STA $0468,X @ $04A0 = #$4A
f1129   c33599208    i45797772    A:48 X:38 Y:38 S:C8 P:nvUbdizC  $00:91C8: 6A       ROR
f1129   c33599210    i45797773    A:A4 X:38 Y:38 S:C8 P:NvUbdizc  $00:91C9: 45 E6    EOR $E6 = #$FE
f1129   c33599213    i45797774    A:5A X:38 Y:38 S:C8 P:nvUbdizc  $00:91CB: 10 08    BPL $91D5
f1129   c33599216    i45797775    A:5A X:38 Y:38 S:C8 P:nvUbdizc  $00:91D5: A5 E8    LDA $E8 = #$00
f1129   c33599219    i45797776    A:00 X:38 Y:38 S:C8 P:nvUbdiZc  $00:91D7: 18       CLC
f1129   c33599221    i45797777    A:00 X:38 Y:38 S:C8 P:nvUbdiZc  $00:91D8: 7D 6B 04 ADC $046B,X @ $04A3 = #$6C
f1129   c33599225    i45797778    A:6C X:38 Y:38 S:C8 P:nvUbdizc  $00:91DB: 9D 6B 04 STA $046B,X @ $04A3 = #$6C
f1129   c33599230    i45797779    A:6C X:38 Y:38 S:C8 P:nvUbdizc  $00:91DE: 6A       ROR
f1129   c33599232    i45797780    A:36 X:38 Y:38 S:C8 P:nvUbdizc  $00:91DF: 45 E8    EOR $E8 = #$00
f1129   c33599235    i45797781    A:36 X:38 Y:38 S:C8 P:nvUbdizc  $00:91E1: 10 08    BPL $91EB
f1129   c33599238    i45797782    A:36 X:38 Y:38 S:C8 P:nvUbdizc  $00:91EB: 8A       TXA
f1129   c33599240    i45797783    A:38 X:38 Y:38 S:C8 P:nvUbdizc  $00:91EC: 18       CLC
f1129   c33599242    i45797784    A:38 X:38 Y:38 S:C8 P:nvUbdizc  $00:91ED: 69 04    ADC #$04
f1129   c33599244    i45797785    A:3C X:38 Y:38 S:C8 P:nvUbdizc  $00:91EF: AA       TAX
f1129   c33599246    i45797786    A:3C X:3C Y:38 S:C8 P:nvUbdizc  $00:91F0: 88       DEY
f1129   c33599248    i45797787    A:3C X:3C Y:37 S:C8 P:nvUbdizc  $00:91F1: D0 CC    BNE $91BF
f1129   c33599251    i45797788    A:3C X:3C Y:37 S:C8 P:nvUbdizc  $00:91BF: A5 E6    LDA $E6 = #$FE
f1129   c33599254    i45797789    A:FE X:3C Y:37 S:C8 P:NvUbdizc  $00:91C1: 18       CLC
f1129   c33599256    i45797790    A:FE X:3C Y:37 S:C8 P:NvUbdizc  $00:91C2: 7D 68 04 ADC $0468,X @ $04A4 = #$52
f1129   c33599260    i45797791    A:50 X:3C Y:37 S:C8 P:nvUbdizC  $00:91C5: 9D 68 04 STA $0468,X @ $04A4 = #$52
f1129   c33599265    i45797792    A:50 X:3C Y:37 S:C8 P:nvUbdizC  $00:91C8: 6A       ROR
f1129   c33599267    i45797793    A:A8 X:3C Y:37 S:C8 P:NvUbdizc  $00:91C9: 45 E6    EOR $E6 = #$FE
f1129   c33599270    i45797794    A:56 X:3C Y:37 S:C8 P:nvUbdizc  $00:91CB: 10 08    BPL $91D5
f1129   c33599273    i45797795    A:56 X:3C Y:37 S:C8 P:nvUbdizc  $00:91D5: A5 E8    LDA $E8 = #$00
f1129   c33599276    i45797796    A:00 X:3C Y:37 S:C8 P:nvUbdiZc  $00:91D7: 18       CLC
f1129   c33599278    i45797797    A:00 X:3C Y:37 S:C8 P:nvUbdiZc  $00:91D8: 7D 6B 04 ADC $046B,X @ $04A7 = #$6C
f1129   c33599282    i45797798    A:6C X:3C Y:37 S:C8 P:nvUbdizc  $00:91DB: 9D 6B 04 STA $046B,X @ $04A7 = #$6C
f1129   c33599287    i45797799    A:6C X:3C Y:37 S:C8 P:nvUbdizc  $00:91DE: 6A       ROR
f1129   c33599289    i45797800    A:36 X:3C Y:37 S:C8 P:nvUbdizc  $00:91DF: 45 E8    EOR $E8 = #$00
f1129   c33599292    i45797801    A:36 X:3C Y:37 S:C8 P:nvUbdizc  $00:91E1: 10 08    BPL $91EB
f1129   c33603385    i45799213    A:00 X:44 Y:00 S:C6 P:nvUbdiZc  $00:9561: 85 EC    STA $EC = #$00
f1129   c33603388    i45799214    A:00 X:44 Y:00 S:C6 P:nvUbdiZc  $00:9563: B1 E6    LDA ($E6),Y @ $AE58 = #$0F
f1129   c33603393    i45799215    A:0F X:44 Y:00 S:C6 P:nvUbdizc  $00:9565: 29 03    AND #$03
f1129   c33603395    i45799216    A:03 X:44 Y:00 S:C6 P:nvUbdizc  $00:9567: 05 EC    ORA $EC = #$00
f1129   c33603398    i45799217    A:03 X:44 Y:00 S:C6 P:nvUbdizc  $00:9569: 9D 6A 04 STA $046A,X @ $04AE = #$03
f1129   c33603403    i45799218    A:03 X:44 Y:00 S:C6 P:nvUbdizc  $00:956C: C8       INY
f1129   c33603405    i45799219    A:03 X:44 Y:01 S:C6 P:nvUbdizc  $00:956D: B1 E6    LDA ($E6),Y @ $AE59 = #$7C
f1129   c33603410    i45799220    A:7C X:44 Y:01 S:C6 P:nvUbdizc  $00:956F: 9D 69 04 STA $0469,X @ $04AD = #$7A
f1129   c33603415    i45799221    A:7C X:44 Y:01 S:C6 P:nvUbdizc  $00:9572: A5 98    LDA $98 = #$44
f1129   c33603418    i45799222    A:44 X:44 Y:01 S:C6 P:nvUbdizc  $00:9574: 18       CLC
f1129   c33603420    i45799223    A:44 X:44 Y:01 S:C6 P:nvUbdizc  $00:9575: 69 04    ADC #$04
f1129   c33603422    i45799224    A:48 X:44 Y:01 S:C6 P:nvUbdizc  $00:9577: 85 98    STA $98 = #$44
f1129   c33603425    i45799225    A:48 X:44 Y:01 S:C6 P:nvUbdizc  $00:9579: A5 E6    LDA $E6 = #$58
f1129   c33603428    i45799226    A:58 X:44 Y:01 S:C6 P:nvUbdizc  $00:957B: 18       CLC
f1129   c33603430    i45799227    A:58 X:44 Y:01 S:C6 P:nvUbdizc  $00:957C: 69 02    ADC #$02
f1129   c33603432    i45799228    A:5A X:44 Y:01 S:C6 P:nvUbdizc  $00:957E: 85 E6    STA $E6 = #$58
f1129   c33603435    i45799229    A:5A X:44 Y:01 S:C6 P:nvUbdizc  $00:9580: A5 E7    LDA $E7 = #$AE
f1129   c33603438    i45799230    A:AE X:44 Y:01 S:C6 P:NvUbdizc  $00:9582: 69 00    ADC #$00
f1129   c33603440    i45799231    A:AE X:44 Y:01 S:C6 P:NvUbdizc  $00:9584: 85 E7    STA $E7 = #$AE
f1129   c33603443    i45799232    A:AE X:44 Y:01 S:C6 P:NvUbdizc  $00:9586: 4C 15 95 JMP $9515
f1129   c33603446    i45799233    A:AE X:44 Y:01 S:C6 P:NvUbdizc  $00:9515: A0 00    LDY #$00
f1129   c33603448    i45799234    A:AE X:44 Y:00 S:C6 P:nvUbdiZc  $00:9517: B1 E6    LDA ($E6),Y @ $AE5A = #$FB
f1129   c33603453    i45799235    A:FB X:44 Y:00 S:C6 P:NvUbdizc  $00:9519: 30 6E    BMI $9589
f1129   c33603456    i45799236    A:FB X:44 Y:00 S:C6 P:NvUbdizc  $00:9589: C9 A0    CMP #$A0
f1129   c33603458    i45799237    A:FB X:44 Y:00 S:C6 P:nvUbdizC  $00:958B: B0 22    BCS $95AF
f1129   c33603461    i45799238    A:FB X:44 Y:00 S:C6 P:nvUbdizC  $00:95AF: C9 C0    CMP #$C0
f1129   c33603463    i45799239    A:FB X:44 Y:00 S:C6 P:nvUbdizC  $00:95B1: B0 32    BCS $95E5
f1129   c33603466    i45799240    A:FB X:44 Y:00 S:C6 P:nvUbdizC  $00:95E5: C9 D0    CMP #$D0
f1129   c33603468    i45799241    A:FB X:44 Y:00 S:C6 P:nvUbdizC  $00:95E7: 90 03    BCC $95EC
f1129   c33603470    i45799242    A:FB X:44 Y:00 S:C6 P:nvUbdizC  $00:95E9: 4C 84 96 JMP $9684
f1129   c33603473    i45799243    A:FB X:44 Y:00 S:C6 P:nvUbdizC  $00:9684: 38       SEC
f1129   c33603475    i45799244    A:FB X:44 Y:00 S:C6 P:nvUbdizC  $00:9685: E9 F8    SBC #$F8
f1129   c33603477    i45799245    A:03 X:44 Y:00 S:C6 P:nvUbdizC  $00:9687: 0A       ASL
f1129   c33603479    i45799246    A:06 X:44 Y:00 S:C6 P:nvUbdizc  $00:9688: AA       TAX
f1129   c33603481    i45799247    A:06 X:06 Y:00 S:C6 P:nvUbdizc  $00:9689: BD 93 96 LDA $9693,X @ $9699 = #$96
f1129   c33603485    i45799248    A:96 X:06 Y:00 S:C6 P:NvUbdizc  $00:968C: 48       PHA
f1129   c33603488    i45799249    A:96 X:06 Y:00 S:C5 P:NvUbdizc  $00:968D: BD 92 96 LDA $9692,X @ $9698 = #$C6
f1129   c33603492    i45799250    A:C6 X:06 Y:00 S:C5 P:NvUbdizc  $00:9690: 48       PHA
f1129   c33603495    i45799251    A:C6 X:06 Y:00 S:C4 P:NvUbdizc  $00:9691: 60       RTS
f1129   c33603501    i45799252    A:C6 X:06 Y:00 S:C6 P:NvUbdizc  $00:96C7: A0 01    LDY #$01
f1129   c33603503    i45799253    A:C6 X:06 Y:01 S:C6 P:nvUbdizc  $00:96C9: B1 E6    LDA ($E6),Y @ $AE5B = #$46
f1129   c33603508    i45799254    A:46 X:06 Y:01 S:C6 P:nvUbdizc  $00:96CB: AA       TAX
f1131   c33656445    i45816109    A:04 X:00 Y:03 S:D9 P:nvUbdIzc  $06:8174: AA       TAX
f1131   c33656447    i45816110    A:04 X:04 Y:03 S:D9 P:nvUbdIzc  $06:8175: A0 06    LDY #$06
f1131   c33656449    i45816111    A:04 X:04 Y:06 S:D9 P:nvUbdIzc  $06:8177: B1 F0    LDA ($F0),Y @ $073D = #$8A
f1131   c33656454    i45816112    A:8A X:04 Y:06 S:D9 P:NvUbdIzc  $06:8179: 48       PHA
f1131   c33656457    i45816113    A:8A X:04 Y:06 S:D8 P:NvUbdIzc  $06:817A: A5 F2    LDA $F2 = #$02
f1131   c33656460    i45816114    A:02 X:04 Y:06 S:D8 P:nvUbdIzc  $06:817C: 85 FB    STA $FB = #$03
f1131   c33656463    i45816115    A:02 X:04 Y:06 S:D8 P:nvUbdIzc  $06:817E: C9 01    CMP #$01
f1131   c33656465    i45816116    A:02 X:04 Y:06 S:D8 P:nvUbdIzC  $06:8180: D0 07    BNE $8189
f1131   c33656468    i45816117    A:02 X:04 Y:06 S:D8 P:nvUbdIzC  $06:8189: 68       PLA
f1131   c33656472    i45816118    A:8A X:04 Y:06 S:D9 P:NvUbdIzC  $06:818A: 09 30    ORA #$30
f1131   c33656474    i45816119    A:BA X:04 Y:06 S:D9 P:NvUbdIzC  $06:818C: 9D 00 40 STA $4000,X @ $4004 = #$BA
f1131   c33656479    i45816120    A:BA X:04 Y:06 S:D9 P:NvUbdIzC  $06:818F: A9 10    LDA #$10
f1131   c33656481    i45816121    A:10 X:04 Y:06 S:D9 P:nvUbdIzC  $06:8191: A0 05    LDY #$05
f1131   c33656483    i45816122    A:10 X:04 Y:05 S:D9 P:nvUbdIzC  $06:8193: 31 F0    AND ($F0),Y @ $073C = #$85
f1131   c33656488    i45816123    A:00 X:04 Y:05 S:D9 P:nvUbdIZC  $06:8195: D0 10    BNE $81A7
f1131   c33656490    i45816124    A:00 X:04 Y:05 S:D9 P:nvUbdIZC  $06:8197: A9 08    LDA #$08
f1131   c33656492    i45816125    A:08 X:04 Y:05 S:D9 P:nvUbdIzC  $06:8199: A4 FB    LDY $FB = #$02
f1131   c33656495    i45816126    A:08 X:04 Y:02 S:D9 P:nvUbdIzC  $06:819B: 99 E4 07 STA $07E4,Y @ $07E6 = #$08
f1131   c33656500    i45816127    A:08 X:04 Y:02 S:D9 P:nvUbdIzC  $06:819E: 9D 01 40 STA $4001,X @ $4005 = #$08
f1131   c33656505    i45816128    A:08 X:04 Y:02 S:D9 P:nvUbdIzC  $06:81A1: 4C B1 81 JMP $81B1
f1131   c33656508    i45816129    A:08 X:04 Y:02 S:D9 P:nvUbdIzC  $06:81B1: A0 07    LDY #$07
f1131   c33656510    i45816130    A:08 X:04 Y:07 S:D9 P:nvUbdIzC  $06:81B3: B1 F0    LDA ($F0),Y @ $073E = #$BF
f1131   c33656515    i45816131    A:BF X:04 Y:07 S:D9 P:NvUbdIzC  $06:81B5: 9D 02 40 STA $4002,X @ $4006 = #$93
f1131   c33656520    i45816132    A:BF X:04 Y:07 S:D9 P:NvUbdIzC  $06:81B8: C8       INY
f1131   c33656522    i45816133    A:BF X:04 Y:08 S:D9 P:nvUbdIzC  $06:81B9: B1 F0    LDA ($F0),Y @ $073F = #$83
f1131   c33656527    i45816134    A:83 X:04 Y:08 S:D9 P:NvUbdIzC  $06:81BB: 09 18    ORA #$18
f1131   c33656529    i45816135    A:9B X:04 Y:08 S:D9 P:NvUbdIzC  $06:81BD: A4 FB    LDY $FB = #$02
f1131   c33656532    i45816136    A:9B X:04 Y:02 S:D9 P:nvUbdIzC  $06:81BF: F0 09    BEQ $81CA
f1131   c33656534    i45816137    A:9B X:04 Y:02 S:D9 P:nvUbdIzC  $06:81C1: C0 01    CPY #$01
f1131   c33656536    i45816138    A:9B X:04 Y:02 S:D9 P:nvUbdIzC  $06:81C3: F0 05    BEQ $81CA
f1131   c33656538    i45816139    A:9B X:04 Y:02 S:D9 P:nvUbdIzC  $06:81C5: D9 E0 07 CMP $07E0,Y @ $07E2 = #$99
f1131   c33656542    i45816140    A:9B X:04 Y:02 S:D9 P:nvUbdIzC  $06:81C8: F0 10    BEQ $81DA
f1131   c33656544    i45816141    A:9B X:04 Y:02 S:D9 P:nvUbdIzC  $06:81CA: 9D 03 40 STA $4003,X @ $4007 = #$99
f1131   c33656549    i45816142    A:9B X:04 Y:02 S:D9 P:nvUbdIzC  $06:81CD: 99 E0 07 STA $07E0,Y @ $07E2 = #$99
f1131   c33656554    i45816143    A:9B X:04 Y:02 S:D9 P:nvUbdIzC  $06:81D0: B9 E4 07 LDA $07E4,Y @ $07E6 = #$08
f1131   c33656558    i45816144    A:08 X:04 Y:02 S:D9 P:nvUbdIzC  $06:81D3: D0 05    BNE $81DA
f1131   c33656561    i45816145    A:08 X:04 Y:02 S:D9 P:nvUbdIzC  $06:81DA: 60       RTS (from $816E)
f1131   c33656567    i45816146    A:08 X:04 Y:02 S:DB P:nvUbdIzC  $06:814C: 18       CLC
f1131   c33656569    i45816147    A:08 X:04 Y:02 S:DB P:nvUbdIzc  $06:814D: A9 10    LDA #$10
f1131   c33656571    i45816148    A:10 X:04 Y:02 S:DB P:nvUbdIzc  $06:814F: 65 FC    ADC $FC = #$37
f1131   c33656574    i45816149    A:47 X:04 Y:02 S:DB P:nvUbdIzc  $06:8151: 85 FC    STA $FC = #$37
f1134   c33747265    i45845310    A:00 X:1D Y:04 S:4E P:nvUbdizc  $00:9908: D0 F9    BNE $9903
f1134   c33747268    i45845311    A:00 X:1D Y:04 S:4E P:nvUbdizc  $00:9903: 9D E8 05 STA $05E8,X @ $0605 = #$00
f1134   c33747273    i45845312    A:00 X:1D Y:04 S:4E P:nvUbdizc  $00:9906: E8       INX
f1134   c33747275    i45845313    A:00 X:1E Y:04 S:4E P:nvUbdizc  $00:9907: 88       DEY
f1134   c33747277    i45845314    A:00 X:1E Y:03 S:4E P:nvUbdizc  $00:9908: D0 F9    BNE $9903
f1134   c33747280    i45845315    A:00 X:1E Y:03 S:4E P:nvUbdizc  $00:9903: 9D E8 05 STA $05E8,X @ $0606 = #$00
f1134   c33747285    i45845316    A:00 X:1E Y:03 S:4E P:nvUbdizc  $00:9906: E8       INX
f1134   c33747287    i45845317    A:00 X:1F Y:03 S:4E P:nvUbdizc  $00:9907: 88       DEY
f1134   c33747289    i45845318    A:00 X:1F Y:02 S:4E P:nvUbdizc  $00:9908: D0 F9    BNE $9903
f1134   c33747292    i45845319    A:00 X:1F Y:02 S:4E P:nvUbdizc  $00:9903: 9D E8 05 STA $05E8,X @ $0607 = #$00
f1134   c33747297    i45845320    A:00 X:1F Y:02 S:4E P:nvUbdizc  $00:9906: E8       INX
f1134   c33747299    i45845321    A:00 X:20 Y:02 S:4E P:nvUbdizc  $00:9907: 88       DEY
f1134   c33747301    i45845322    A:00 X:20 Y:01 S:4E P:nvUbdizc  $00:9908: D0 F9    BNE $9903
f1134   c33747304    i45845323    A:00 X:20 Y:01 S:4E P:nvUbdizc  $00:9903: 9D E8 05 STA $05E8,X @ $0608 = #$00
f1134   c33747309    i45845324    A:00 X:20 Y:01 S:4E P:nvUbdizc  $00:9906: E8       INX
f1134   c33747311    i45845325    A:00 X:21 Y:01 S:4E P:nvUbdizc  $00:9907: 88       DEY
f1134   c33747313    i45845326    A:00 X:21 Y:00 S:4E P:nvUbdiZc  $00:9908: D0 F9    BNE $9903
f1134   c33747315    i45845327    A:00 X:21 Y:00 S:4E P:nvUbdiZc  $00:990A: 20 5E 9B JSR $9B5E
f1134   c33747321    i45845328    A:00 X:21 Y:00 S:4C P:nvUbdiZc  $00:9B5E: A9 00    LDA #$00
f1134   c33747323    i45845329    A:00 X:21 Y:00 S:4C P:nvUbdiZc  $00:9B60: 9D E8 05 STA $05E8,X @ $0609 = #$00
f1134   c33747328    i45845330    A:00 X:21 Y:00 S:4C P:nvUbdiZc  $00:9B63: 8E 28 06 STX $0628 = #$00
f1134   c33747332    i45845331    A:00 X:21 Y:00 S:4C P:nvUbdiZc  $00:9B66: AD 29 06 LDA $0629 = #$5E
f1134   c33747336    i45845332    A:5E X:21 Y:00 S:4C P:nvUbdizc  $00:9B69: 29 BF    AND #$BF
f1134   c33747338    i45845333    A:1E X:21 Y:00 S:4C P:nvUbdizc  $00:9B6B: 8D 29 06 STA $0629 = #$5E
f1134   c33747342    i45845334    A:1E X:21 Y:00 S:4C P:nvUbdizc  $00:9B6E: 60       RTS (from $9B5E)
f1134   c33747348    i45845335    A:1E X:21 Y:00 S:4E P:nvUbdizc  $00:990D: A5 E8    LDA $E8 = #$01
f1134   c33747351    i45845336    A:01 X:21 Y:00 S:4E P:nvUbdizc  $00:990F: 10 05    BPL $9916
f1134   c33747354    i45845337    A:01 X:21 Y:00 S:4E P:nvUbdizc  $00:9916: A5 E6    LDA $E6 = #$61
f1134   c33747357    i45845338    A:61 X:21 Y:00 S:4E P:nvUbdizc  $00:9918: 18       CLC
f1134   c33747359    i45845339    A:61 X:21 Y:00 S:4E P:nvUbdizc  $00:9919: 69 20    ADC #$20
f1134   c33747361    i45845340    A:81 X:21 Y:00 S:4E P:NVUbdizc  $00:991B: 85 E6    STA $E6 = #$61
f1134   c33747364    i45845341    A:81 X:21 Y:00 S:4E P:NVUbdizc  $00:991D: A5 E7    LDA $E7 = #$23
f1134   c33747367    i45845342    A:23 X:21 Y:00 S:4E P:nVUbdizc  $00:991F: 69 00    ADC #$00
f1134   c33747369    i45845343    A:23 X:21 Y:00 S:4E P:nvUbdizc  $00:9921: 85 E7    STA $E7 = #$23
f1134   c33747372    i45845344    A:23 X:21 Y:00 S:4E P:nvUbdizc  $00:9923: C6 E8    DEC $E8 = #$01
f1134   c33747377    i45845345    A:23 X:21 Y:00 S:4E P:nvUbdiZc  $00:9925: A5 E8    LDA $E8 = #$00
f1134   c33747380    i45845346    A:00 X:21 Y:00 S:4E P:nvUbdiZc  $00:9927: 29 7F    AND #$7F
f1134   c33747382    i45845347    A:00 X:21 Y:00 S:4E P:nvUbdiZc  $00:9929: D0 CB    BNE $98F6
f1134   c33747384    i45845348    A:00 X:21 Y:00 S:4E P:nvUbdiZc  $00:992B: 60       RTS (from $98E8)
f1134   c33747390    i45845349    A:00 X:21 Y:00 S:50 P:nvUbdiZc  $00:8659: A0 01    LDY #$01
f1134   c33747392    i45845350    A:00 X:21 Y:01 S:50 P:nvUbdizc  $00:865B: B1 4D    LDA ($4D),Y @ $A0D0 = #$01
f1134   c33747397    i45845351    A:01 X:21 Y:01 S:50 P:nvUbdizc  $00:865D: 0A       ASL
f1136   c33816268    i45867283    A:30 X:02 Y:03 S:E0 P:nvUbdizc  $00:9FC6: BA       TSX
f1136   c33816270    i45867284    A:30 X:E0 Y:03 S:E0 P:NvUbdizc  $00:9FC7: 8A       TXA
f1136   c33816272    i45867285    A:E0 X:E0 Y:03 S:E0 P:NvUbdizc  $00:9FC8: A6 00    LDX $00 = #$15
f1136   c33816275    i45867286    A:E0 X:15 Y:03 S:E0 P:nvUbdizc  $00:9FCA: 95 01    STA $01,X @ $0016 = #$E0
f1136   c33816279    i45867287    A:E0 X:15 Y:03 S:E0 P:nvUbdizc  $00:9FCC: AD 24 00 LDA $0024 = #$00
f1136   c33816283    i45867288    A:00 X:15 Y:03 S:E0 P:nvUbdiZc  $00:9FCF: 95 02    STA $02,X @ $0017 = #$00
f1136   c33816287    i45867289    A:00 X:15 Y:03 S:E0 P:nvUbdiZc  $00:9FD1: AD 25 00 LDA $0025 = #$02
f1136   c33816291    i45867290    A:02 X:15 Y:03 S:E0 P:nvUbdizc  $00:9FD4: 95 03    STA $03,X @ $0018 = #$02
f1136   c33816295    i45867291    A:02 X:15 Y:03 S:E0 P:nvUbdizc  $00:9FD6: A5 19    LDA $19 = #$01
f1136   c33816298    i45867292    A:01 X:15 Y:03 S:E0 P:nvUbdizc  $00:9FD8: F0 04    BEQ $9FDE
f1136   c33816300    i45867293    A:01 X:15 Y:03 S:E0 P:nvUbdizc  $00:9FDA: C9 FF    CMP #$FF
f1136   c33816302    i45867294    A:01 X:15 Y:03 S:E0 P:nvUbdizc  $00:9FDC: D0 02    BNE $9FE0
f1136   c33816305    i45867295    A:01 X:15 Y:03 S:E0 P:nvUbdizc  $00:9FE0: 95 00    STA $00,X @ $0015 = #$00
f1136   c33816309    i45867296    A:01 X:15 Y:03 S:E0 P:nvUbdizc  $00:9FE2: 4C FB 9E JMP $9EFB
f1136   c33816312    i45867297    A:01 X:15 Y:03 S:E0 P:nvUbdizc  $00:9EFB: 8A       TXA
f1136   c33816314    i45867298    A:15 X:15 Y:03 S:E0 P:nvUbdizc  $00:9EFC: 18       CLC
f1136   c33816316    i45867299    A:15 X:15 Y:03 S:E0 P:nvUbdizc  $00:9EFD: 69 04    ADC #$04
f1136   c33816318    i45867300    A:19 X:15 Y:03 S:E0 P:nvUbdizc  $00:9EFF: AA       TAX
f1136   c33816320    i45867301    A:19 X:19 Y:03 S:E0 P:nvUbdizc  $00:9F00: E0 19    CPX #$19
f1136   c33816322    i45867302    A:19 X:19 Y:03 S:E0 P:nvUbdiZC  $00:9F02: D0 EB    BNE $9EEF
f1136   c33816324    i45867303    A:19 X:19 Y:03 S:E0 P:nvUbdiZC  $00:9F04: A5 1B    LDA $1B = #$40
f1136   c33816327    i45867304    A:40 X:19 Y:03 S:E0 P:nvUbdizC  $00:9F06: 10 FC    BPL $9F04
f1136   c33816330    i45867305    A:40 X:19 Y:03 S:E0 P:nvUbdizC  $00:9F04: A5 1B    LDA $1B = #$40
f1136   c33816333    i45867306    A:40 X:19 Y:03 S:E0 P:nvUbdizC  $00:9F06: 10 FC    BPL $9F04
f1136   c33816336    i45867307    A:40 X:19 Y:03 S:E0 P:nvUbdizC  $00:9F04: A5 1B    LDA $1B = #$40
f1136   c33816339    i45867308    A:40 X:19 Y:03 S:E0 P:nvUbdizC  $00:9F06: 10 FC    BPL $9F04
f1136   c33816342    i45867309    A:40 X:19 Y:03 S:E0 P:nvUbdizC  $00:9F04: A5 1B    LDA $1B = #$40
f1136   c33816345    i45867310    A:40 X:19 Y:03 S:E0 P:nvUbdizC  $00:9F06: 10 FC    BPL $9F04
f1136   c33816348    i45867311    A:40 X:19 Y:03 S:E0 P:nvUbdizC  $00:9F04: A5 1B    LDA $1B = #$40
f1136   c33816351    i45867312    A:40 X:19 Y:03 S:E0 P:nvUbdizC  $00:9F06: 10 FC    BPL $9F04
f1136   c33816354    i45867313    A:40 X:19 Y:03 S:E0 P:nvUbdizC  $00:9F04: A5 1B    LDA $1B = #$40
f1136   c33816357    i45867314    A:40 X:19 Y:03 S:E0 P:nvUbdizC  $00:9F06: 10 FC    BPL $9F04
f1136   c33816360    i45867315    A:40 X:19 Y:03 S:E0 P:nvUbdizC  $00:9F04: A5 1B    LDA $1B = #$40
f1136   c33816363    i45867316    A:40 X:19 Y:03 S:E0 P:nvUbdizC  $00:9F06: 10 FC    BPL $9F04
f1136   c33816366    i45867317    A:40 X:19 Y:03 S:E0 P:nvUbdizC  $00:9F04: A5 1B    LDA $1B = #$40
f1136   c33816369    i45867318    A:40 X:19 Y:03 S:E0 P:nvUbdizC  $00:9F06: 10 FC    BPL $9F04
f1136   c33816372    i45867319    A:40 X:19 Y:03 S:E0 P:nvUbdizC  $00:9F04: A5 1B    LDA $1B = #$40
f1136   c33816375    i45867320    A:40 X:19 Y:03 S:E0 P:nvUbdizC  $00:9F06: 10 FC    BPL $9F04
f1136   c33816378    i45867321    A:40 X:19 Y:03 S:E0 P:nvUbdizC  $00:9F04: A5 1B    LDA $1B = #$40
f1136   c33816381    i45867322    A:40 X:19 Y:03 S:E0 P:nvUbdizC  $00:9F06: 10 FC    BPL $9F04
f1136   c33816384    i45867323    A:40 X:19 Y:03 S:E0 P:nvUbdizC  $00:9F04: A5 1B    LDA $1B = #$40
f1136   c33816387    i45867324    A:40 X:19 Y:03 S:E0 P:nvUbdizC  $00:9F06: 10 FC    BPL $9F04
f1139   c33895992    i45892658    A:00 X:00 Y:07 S:C8 P:nvUbdiZC  $00:91A1: 85 E8    STA $E8 = #$74
f1139   c33895995    i45892659    A:00 X:00 Y:07 S:C8 P:nvUbdiZC  $00:91A3: 4C B4 91 JMP $91B4
f1139   c33896002    i45892660    A:00 X:00 Y:07 S:C8 P:nvUbdiZC  $00:91B4: A0 10    LDY #$10
f1139   c33896004    i45892661    A:00 X:00 Y:10 S:C8 P:nvUbdizC  $00:91B6: B1 94    LDA ($94),Y @ $0598 = #$38
f1139   c33896009    i45892662    A:38 X:00 Y:10 S:C8 P:nvUbdizC  $00:91B8: AA       TAX
f1139   c33896011    i45892663    A:38 X:38 Y:10 S:C8 P:nvUbdizC  $00:91B9: C8       INY
f1139   c33896013    i45892664    A:38 X:38 Y:11 S:C8 P:nvUbdizC  $00:91BA: B1 94    LDA ($94),Y @ $0599 = #$E0
f1139   c33896018    i45892665    A:E0 X:38 Y:11 S:C8 P:NvUbdizC  $00:91BC: 4A       LSR
f1139   c33896020    i45892666    A:70 X:38 Y:11 S:C8 P:nvUbdizc  $00:91BD: 4A       LSR
f1139   c33896022    i45892667    A:38 X:38 Y:11 S:C8 P:nvUbdizc  $00:91BE: A8       TAY
f1139   c33896024    i45892668    A:38 X:38 Y:38 S:C8 P:nvUbdizc  $00:91BF: A5 E6    LDA $E6 = #$02
f1139   c33896027    i45892669    A:02 X:38 Y:38 S:C8 P:nvUbdizc  $00:91C1: 18       CLC
f1139   c33896029    i45892670    A:02 X:38 Y:38 S:C8 P:nvUbdizc  $00:91C2: 7D 68 04 ADC $0468,X @ $04A0 = #$4A
f1139   c33896033    i45892671    A:4C X:38 Y:38 S:C8 P:nvUbdizc  $00:91C5: 9D 68 04 STA $0468,X @ $04A0 = #$4A
f1139   c33896038    i45892672    A:4C X:38 Y:38 S:C8 P:nvUbdizc  $00:91C8: 6A       ROR
f1139   c33896040    i45892673    A:26 X:38 Y:38 S:C8 P:nvUbdizc  $00:91C9: 45 E6    EOR $E6 = #$02
f1139   c33896043    i45892674    A:24 X:38 Y:38 S:C8 P:nvUbdizc  $00:91CB: 10 08    BPL $91D5
f1139   c33896046    i45892675    A:24 X:38 Y:38 S:C8 P:nvUbdizc  $00:91D5: A5 E8    LDA $E8 = #$00
f1139   c33896049    i45892676    A:00 X:38 Y:38 S:C8 P:nvUbdiZc  $00:91D7: 18       CLC
f1139   c33896051    i45892677    A:00 X:38 Y:38 S:C8 P:nvUbdiZc  $00:91D8: 7D 6B 04 ADC $046B,X @ $04A3 = #$6C
f1139   c33896055    i45892678    A:6C X:38 Y:38 S:C8 P:nvUbdizc  $00:91DB: 9D 6B 04 STA $046B,X @ $04A3 = #$6C
f1139   c33896060    i45892679    A:6C X:38 Y:38 S:C8 P:nvUbdizc  $00:91DE: 6A       ROR
f1139   c33896062    i45892680    A:36 X:38 Y:38 S:C8 P:nvUbdizc  $00:91DF: 45 E8    EOR $E8 = #$00
f1139   c33896065    i45892681    A:36 X:38 Y:38 S:C8 P:nvUbdizc  $00:91E1: 10 08    BPL $91EB
f1139   c33896068    i45892682    A:36 X:38 Y:38 S:C8 P:nvUbdizc  $00:91EB: 8A       TXA
f1139   c33896070    i45892683    A:38 X:38 Y:38 S:C8 P:nvUbdizc  $00:91EC: 18       CLC
f1139   c33896072    i45892684    A:38 X:38 Y:38 S:C8 P:nvUbdizc  $00:91ED: 69 04    ADC #$04
f1139   c33896074    i45892685    A:3C X:38 Y:38 S:C8 P:nvUbdizc  $00:91EF: AA       TAX
f1139   c33896076    i45892686    A:3C X:3C Y:38 S:C8 P:nvUbdizc  $00:91F0: 88       DEY
f1139   c33896078    i45892687    A:3C X:3C Y:37 S:C8 P:nvUbdizc  $00:91F1: D0 CC    BNE $91BF
f1139   c33896081    i45892688    A:3C X:3C Y:37 S:C8 P:nvUbdizc  $00:91BF: A5 E6    LDA $E6 = #$02
f1139   c33896084    i45892689    A:02 X:3C Y:37 S:C8 P:nvUbdizc  $00:91C1: 18       CLC
f1139   c33896086    i45892690    A:02 X:3C Y:37 S:C8 P:nvUbdizc  $00:91C2: 7D 68 04 ADC $0468,X @ $04A4 = #$52
f1139   c33896090    i45892691    A:54 X:3C Y:37 S:C8 P:nvUbdizc  $00:91C5: 9D 68 04 STA $0468,X @ $04A4 = #$52
f1139   c33896095    i45892692    A:54 X:3C Y:37 S:C8 P:nvUbdizc  $00:91C8: 6A       ROR
f1139   c33896097    i45892693    A:2A X:3C Y:37 S:C8 P:nvUbdizc  $00:91C9: 45 E6    EOR $E6 = #$02
f1139   c33896100    i45892694    A:28 X:3C Y:37 S:C8 P:nvUbdizc  $00:91CB: 10 08    BPL $91D5
f1139   c33896103    i45892695    A:28 X:3C Y:37 S:C8 P:nvUbdizc  $00:91D5: A5 E8    LDA $E8 = #$00
f1139   c33896106    i45892696    A:00 X:3C Y:37 S:C8 P:nvUbdiZc  $00:91D7: 18       CLC
f1139   c33896108    i45892697    A:00 X:3C Y:37 S:C8 P:nvUbdiZc  $00:91D8: 7D 6B 04 ADC $046B,X @ $04A7 = #$6C
f1139   c33896112    i45892698    A:6C X:3C Y:37 S:C8 P:nvUbdizc  $00:91DB: 9D 6B 04 STA $046B,X @ $04A7 = #$6C
f1139   c33896117    i45892699    A:6C X:3C Y:37 S:C8 P:nvUbdizc  $00:91DE: 6A       ROR
f1139   c33899253    i45893772    A:4C X:14 Y:01 S:C8 P:nvUbdizc  $00:91C8: 6A       ROR
f1139   c33899255    i45893773    A:26 X:14 Y:01 S:C8 P:nvUbdizc  $00:91C9: 45 E6    EOR $E6 = #$02
f1139   c33899258    i45893774    A:24 X:14 Y:01 S:C8 P:nvUbdizc  $00:91CB: 10 08    BPL $91D5
f1139   c33899261    i45893775    A:24 X:14 Y:01 S:C8 P:nvUbdizc  $00:91D5: A5 E8    LDA $E8 = #$00
f1139   c33899264    i45893776    A:00 X:14 Y:01 S:C8 P:nvUbdiZc  $00:91D7: 18       CLC
f1139   c33899266    i45893777    A:00 X:14 Y:01 S:C8 P:nvUbdiZc  $00:91D8: 7D 6B 04 ADC $046B,X @ $047F = #$94
f1139   c33899270    i45893778    A:94 X:14 Y:01 S:C8 P:NvUbdizc  $00:91DB: 9D 6B 04 STA $046B,X @ $047F = #$94
f1139   c33899275    i45893779    A:94 X:14 Y:01 S:C8 P:NvUbdizc  $00:91DE: 6A       ROR
f1139   c33899277    i45893780    A:4A X:14 Y:01 S:C8 P:nvUbdizc  $00:91DF: 45 E8    EOR $E8 = #$00
f1139   c33899280    i45893781    A:4A X:14 Y:01 S:C8 P:nvUbdizc  $00:91E1: 10 08    BPL $91EB
f1139   c33899283    i45893782    A:4A X:14 Y:01 S:C8 P:nvUbdizc  $00:91EB: 8A       TXA
f1139   c33899285    i45893783    A:14 X:14 Y:01 S:C8 P:nvUbdizc  $00:91EC: 18       CLC
f1139   c33899287    i45893784    A:14 X:14 Y:01 S:C8 P:nvUbdizc  $00:91ED: 69 04    ADC #$04
f1139   c33899289    i45893785    A:18 X:14 Y:01 S:C8 P:nvUbdizc  $00:91EF: AA       TAX
f1139   c33899291    i45893786    A:18 X:18 Y:01 S:C8 P:nvUbdizc  $00:91F0: 88       DEY
f1139   c33899293    i45893787    A:18 X:18 Y:00 S:C8 P:nvUbdiZc  $00:91F1: D0 CC    BNE $91BF
f1139   c33899295    i45893788    A:18 X:18 Y:00 S:C8 P:nvUbdiZc  $00:91F3: A0 01    LDY #$01
f1139   c33899297    i45893789    A:18 X:18 Y:01 S:C8 P:nvUbdizc  $00:91F5: B1 94    LDA ($94),Y @ $0589 = #$01
f1139   c33899302    i45893790    A:01 X:18 Y:01 S:C8 P:nvUbdizc  $00:91F7: 38       SEC
f1139   c33899304    i45893791    A:01 X:18 Y:01 S:C8 P:nvUbdizC  $00:91F8: E9 01    SBC #$01
f1139   c33899306    i45893792    A:00 X:18 Y:01 S:C8 P:nvUbdiZC  $00:91FA: 91 94    STA ($94),Y @ $0589 = #$01
f1139   c33899312    i45893793    A:00 X:18 Y:01 S:C8 P:nvUbdiZC  $00:91FC: F0 03    BEQ $9201
f1139   c33899316    i45893794    A:00 X:18 Y:01 S:C8 P:nvUbdiZC  $00:9201: A0 00    LDY #$00
f1139   c33899318    i45893795    A:00 X:18 Y:00 S:C8 P:nvUbdiZC  $00:9203: B1 94    LDA ($94),Y @ $0588 = #$A9
f1139   c33899323    i45893796    A:A9 X:18 Y:00 S:C8 P:NvUbdizC  $00:9205: 29 01    AND #$01
f1139   c33899325    i45893797    A:01 X:18 Y:00 S:C8 P:nvUbdizC  $00:9207: 18       CLC
f1139   c33899327    i45893798    A:01 X:18 Y:00 S:C8 P:nvUbdizc  $00:9208: 69 09    ADC #$09
f1139   c33899329    i45893799    A:0A X:18 Y:00 S:C8 P:nvUbdizc  $00:920A: AA       TAX
f1139   c33899331    i45893800    A:0A X:0A Y:00 S:C8 P:nvUbdizc  $00:920B: 20 B9 C4 JSR $C4B9
f1139   c33899337    i45893801    A:0A X:0A Y:00 S:C6 P:nvUbdizc  $0F:C4B9: 86 25    STX $25 = #$0A
f1139   c33899340    i45893802    A:0A X:0A Y:00 S:C6 P:nvUbdizc  $0F:C4BB: A9 07    LDA #$07
f1139   c33899342    i45893803    A:07 X:0A Y:00 S:C6 P:nvUbdizc  $0F:C4BD: 05 22    ORA $22 = #$00
f1139   c33899345    i45893804    A:07 X:0A Y:00 S:C6 P:nvUbdizc  $0F:C4BF: 85 23    STA $23 = #$06
f1139   c33899348    i45893805    A:07 X:0A Y:00 S:C6 P:nvUbdizc  $0F:C4C1: 8D 00 80 STA $8000 = #$A5
f1139   c33899352    i45893806    A:07 X:0A Y:00 S:C6 P:nvUbdizc  $0F:C4C4: 8E 01 80 STX $8001 = #$27
f1139   c33899356    i45893807    A:07 X:0A Y:00 S:C6 P:nvUbdizc  $0F:C4C7: 60       RTS (from $C4B9)
f1139   c33899362    i45893808    A:07 X:0A Y:00 S:C8 P:nvUbdizc  $00:920E: A0 02    LDY #$02
f1139   c33899364    i45893809    A:07 X:0A Y:02 S:C8 P:nvUbdizc  $00:9210: B1 94    LDA ($94),Y @ $058A = #$8D
f1139   c33899369    i45893810    A:8D X:0A Y:02 S:C8 P:NvUbdizc  $00:9212: 85 92    STA $92 = #$8C
f1139   c33899372    i45893811    A:8D X:0A Y:02 S:C8 P:NvUbdizc  $00:9214: C8       INY
f1139   c33899374    i45893812    A:8D X:0A Y:03 S:C8 P:nvUbdizc  $00:9215: B1 94    LDA ($94),Y @ $058B = #$A2
f1139   c33899379    i45893813    A:A2 X:0A Y:03 S:C8 P:NvUbdizc  $00:9217: 85 93    STA $93 = #$A2
f1139   c33900617    i45894239    A:00 X:48 Y:00 S:C6 P:nvUbdiZc  $00:9563: B1 E6    LDA ($E6),Y @ $AE21 = #$03
f1139   c33900622    i45894240    A:03 X:48 Y:00 S:C6 P:nvUbdizc  $00:9565: 29 03    AND #$03
f1139   c33900624    i45894241    A:03 X:48 Y:00 S:C6 P:nvUbdizc  $00:9567: 05 EC    ORA $EC = #$00
f1139   c33900627    i45894242    A:03 X:48 Y:00 S:C6 P:nvUbdizc  $00:9569: 9D 6A 04 STA $046A,X @ $04B2 = #$03
f1139   c33900632    i45894243    A:03 X:48 Y:00 S:C6 P:nvUbdizc  $00:956C: C8       INY
f1139   c33900634    i45894244    A:03 X:48 Y:01 S:C6 P:nvUbdizc  $00:956D: B1 E6    LDA ($E6),Y @ $AE22 = #$65
f1139   c33900639    i45894245    A:65 X:48 Y:01 S:C6 P:nvUbdizc  $00:956F: 9D 69 04 STA $0469,X @ $04B1 = #$74
f1139   c33900644    i45894246    A:65 X:48 Y:01 S:C6 P:nvUbdizc  $00:9572: A5 98    LDA $98 = #$48
f1139   c33900647    i45894247    A:48 X:48 Y:01 S:C6 P:nvUbdizc  $00:9574: 18       CLC
f1139   c33900649    i45894248    A:48 X:48 Y:01 S:C6 P:nvUbdizc  $00:9575: 69 04    ADC #$04
f1139   c33900651    i45894249    A:4C X:48 Y:01 S:C6 P:nvUbdizc  $00:9577: 85 98    STA $98 = #$48
f1139   c33900654    i45894250    A:4C X:48 Y:01 S:C6 P:nvUbdizc  $00:9579: A5 E6    LDA $E6 = #$21
f1139   c33900657    i45894251    A:21 X:48 Y:01 S:C6 P:nvUbdizc  $00:957B: 18       CLC
f1139   c33900659    i45894252    A:21 X:48 Y:01 S:C6 P:nvUbdizc  $00:957C: 69 02    ADC #$02
f1139   c33900661    i45894253    A:23 X:48 Y:01 S:C6 P:nvUbdizc  $00:957E: 85 E6    STA $E6 = #$21
f1139   c33900664    i45894254    A:23 X:48 Y:01 S:C6 P:nvUbdizc  $00:9580: A5 E7    LDA $E7 = #$AE
f1139   c33900667    i45894255    A:AE X:48 Y:01 S:C6 P:NvUbdizc  $00:9582: 69 00    ADC #$00
f1139   c33900669    i45894256    A:AE X:48 Y:01 S:C6 P:NvUbdizc  $00:9584: 85 E7    STA $E7 = #$AE
f1139   c33900672    i45894257    A:AE X:48 Y:01 S:C6 P:NvUbdizc  $00:9586: 4C 15 95 JMP $9515
f1139   c33900675    i45894258    A:AE X:48 Y:01 S:C6 P:NvUbdizc  $00:9515: A0 00    LDY #$00
f1139   c33900677    i45894259    A:AE X:48 Y:00 S:C6 P:nvUbdiZc  $00:9517: B1 E6    LDA ($E6),Y @ $AE23 = #$FA
f1139   c33900682    i45894260    A:FA X:48 Y:00 S:C6 P:NvUbdizc  $00:9519: 30 6E    BMI $9589
f1139   c33900685    i45894261    A:FA X:48 Y:00 S:C6 P:NvUbdizc  $00:9589: C9 A0    CMP #$A0
f1139   c33900687    i45894262    A:FA X:48 Y:00 S:C6 P:nvUbdizC  $00:958B: B0 22    BCS $95AF
f1139   c33900690    i45894263    A:FA X:48 Y:00 S:C6 P:nvUbdizC  $00:95AF: C9 C0    CMP #$C0
f1139   c33900692    i45894264    A:FA X:48 Y:00 S:C6 P:nvUbdizC  $00:95B1: B0 32    BCS $95E5
f1139   c33900695    i45894265    A:FA X:48 Y:00 S:C6 P:nvUbdizC  $00:95E5: C9 D0    CMP #$D0
f1139   c33900697    i45894266    A:FA X:48 Y:00 S:C6 P:nvUbdizC  $00:95E7: 90 03    BCC $95EC
f1139   c33900699    i45894267    A:FA X:48 Y:00 S:C6 P:nvUbdizC  $00:95E9: 4C 84 96 JMP $9684
f1139   c33900702    i45894268    A:FA X:48 Y:00 S:C6 P:nvUbdizC  $00:9684: 38       SEC
f1139   c33900704    i45894269    A:FA X:48 Y:00 S:C6 P:nvUbdizC  $00:9685: E9 F8    SBC #$F8
f1139   c33900706    i45894270    A:02 X:48 Y:00 S:C6 P:nvUbdizC  $00:9687: 0A       ASL
f1139   c33900708    i45894271    A:04 X:48 Y:00 S:C6 P:nvUbdizc  $00:9688: AA       TAX
f1139   c33900710    i45894272    A:04 X:04 Y:00 S:C6 P:nvUbdizc  $00:9689: BD 93 96 LDA $9693,X @ $9697 = #$96
f1139   c33900714    i45894273    A:96 X:04 Y:00 S:C6 P:NvUbdizc  $00:968C: 48       PHA
f1139   c33900717    i45894274    A:96 X:04 Y:00 S:C5 P:NvUbdizc  $00:968D: BD 92 96 LDA $9692,X @ $9696 = #$A4
f1139   c33900721    i45894275    A:A4 X:04 Y:00 S:C5 P:NvUbdizc  $00:9690: 48       PHA
f1139   c33900724    i45894276    A:A4 X:04 Y:00 S:C4 P:NvUbdizc  $00:9691: 60       RTS
f1139   c33900730    i45894277    A:A4 X:04 Y:00 S:C6 P:NvUbdizc  $00:96A5: A0 13    LDY #$13
f1139   c33900732    i45894278    A:A4 X:04 Y:13 S:C6 P:nvUbdizc  $00:96A7: B1 94    LDA ($94),Y @ $059B = #$01
f1139   c33900737    i45894279    A:01 X:04 Y:13 S:C6 P:nvUbdizc  $00:96A9: C9 04    CMP #$04
f1139   c33900739    i45894280    A:01 X:04 Y:13 S:C6 P:NvUbdizc  $00:96AB: B0 FE    BCS $96AB
f1144   c34043118    i45939495    A:01 X:14 Y:08 S:D9 P:nvUbdIzc  $06:84BA: A9 00    LDA #$00
f1144   c34043120    i45939496    A:00 X:14 Y:08 S:D9 P:nvUbdIZc  $06:84BC: A0 04    LDY #$04
f1144   c34043122    i45939497    A:00 X:14 Y:04 S:D9 P:nvUbdIzc  $06:84BE: 91 F0    STA ($F0),Y @ $077B = #$0C
f1144   c34043128    i45939498    A:00 X:14 Y:04 S:D9 P:nvUbdIzc  $06:84C0: A6 F2    LDX $F2 = #$14
f1144   c34043131    i45939499    A:00 X:14 Y:04 S:D9 P:nvUbdIzc  $06:84C2: BD 08 07 LDA $0708,X @ $071C = #$07
f1144   c34043135    i45939500    A:07 X:14 Y:04 S:D9 P:nvUbdIzc  $06:84C5: 9D 07 07 STA $0707,X @ $071B = #$07
f1144   c34043140    i45939501    A:07 X:14 Y:04 S:D9 P:nvUbdIzc  $06:84C8: 60       RTS (from $83CB)
f1144   c34043146    i45939502    A:07 X:14 Y:04 S:DB P:nvUbdIzc  $06:80E1: A6 F2    LDX $F2 = #$14
f1144   c34043149    i45939503    A:07 X:14 Y:04 S:DB P:nvUbdIzc  $06:80E3: DE 09 07 DEC $0709,X @ $071D = #$01
f1144   c34043156    i45939504    A:07 X:14 Y:04 S:DB P:nvUbdIZc  $06:80E6: D0 21    BNE $8109
f1144   c34043158    i45939505    A:07 X:14 Y:04 S:DB P:nvUbdIZc  $06:80E8: A0 02    LDY #$02
f1144   c34043160    i45939506    A:07 X:14 Y:02 S:DB P:nvUbdIzc  $06:80EA: B1 F0    LDA ($F0),Y @ $0779 = #$92
f1144   c34043165    i45939507    A:92 X:14 Y:02 S:DB P:NvUbdIzc  $06:80EC: 85 F6    STA $F6 = #$02
f1144   c34043168    i45939508    A:92 X:14 Y:02 S:DB P:NvUbdIzc  $06:80EE: C8       INY
f1144   c34043170    i45939509    A:92 X:14 Y:03 S:DB P:nvUbdIzc  $06:80EF: B1 F0    LDA ($F0),Y @ $077A = #$88
f1144   c34043175    i45939510    A:88 X:14 Y:03 S:DB P:NvUbdIzc  $06:80F1: 85 F7    STA $F7 = #$85
f1144   c34043178    i45939511    A:88 X:14 Y:03 S:DB P:NvUbdIzc  $06:80F3: C8       INY
f1144   c34043180    i45939512    A:88 X:14 Y:04 S:DB P:nvUbdIzc  $06:80F4: B1 F0    LDA ($F0),Y @ $077B = #$00
f1144   c34043185    i45939513    A:00 X:14 Y:04 S:DB P:nvUbdIZc  $06:80F6: 48       PHA
f1144   c34043188    i45939514    A:00 X:14 Y:04 S:DA P:nvUbdIZc  $06:80F7: 18       CLC
f1144   c34043190    i45939515    A:00 X:14 Y:04 S:DA P:nvUbdIZc  $06:80F8: 69 02    ADC #$02
f1144   c34043192    i45939516    A:02 X:14 Y:04 S:DA P:nvUbdIzc  $06:80FA: 91 F0    STA ($F0),Y @ $077B = #$00
f1144   c34043198    i45939517    A:02 X:14 Y:04 S:DA P:nvUbdIzc  $06:80FC: 68       PLA
f1144   c34043202    i45939518    A:00 X:14 Y:04 S:DB P:nvUbdIZc  $06:80FD: A8       TAY
f1144   c34043204    i45939519    A:00 X:14 Y:00 S:DB P:nvUbdIZc  $06:80FE: B1 F6    LDA ($F6),Y @ $8892 = #$01
f1144   c34043209    i45939520    A:01 X:14 Y:00 S:DB P:nvUbdIzc  $06:8100: 9D 09 07 STA $0709,X @ $071D = #$00
f1144   c34043214    i45939521    A:01 X:14 Y:00 S:DB P:nvUbdIzc  $06:8103: C8       INY
f1144   c34043216    i45939522    A:01 X:14 Y:01 S:DB P:nvUbdIzc  $06:8104: B1 F6    LDA ($F6),Y @ $8893 = #$0C
f1144   c34043221    i45939523    A:0C X:14 Y:01 S:DB P:nvUbdIzc  $06:8106: 9D 0A 07 STA $070A,X @ $071E = #$0C
f1144   c34043226    i45939524    A:0C X:14 Y:01 S:DB P:nvUbdIzc  $06:8109: 20 DB 81 JSR $81DB
f1144   c34043232    i45939525    A:0C X:14 Y:01 S:D9 P:nvUbdIzc  $06:81DB: A0 05    LDY #$05
f1144   c34043234    i45939526    A:0C X:14 Y:05 S:D9 P:nvUbdIzc  $06:81DD: B1 F0    LDA ($F0),Y @ $077C = #$09
f1144   c34043239    i45939527    A:09 X:14 Y:05 S:D9 P:nvUbdIzc  $06:81DF: AA       TAX
f1144   c34043241    i45939528    A:09 X:09 Y:05 S:D9 P:nvUbdIzc  $06:81E0: 29 F0    AND #$F0
f1144   c34043243    i45939529    A:00 X:09 Y:05 S:D9 P:nvUbdIZc  $06:81E2: 85 F6    STA $F6 = #$92
f1144   c34043246    i45939530    A:00 X:09 Y:05 S:D9 P:nvUbdIZc  $06:81E4: 29 20    AND #$20
f1144   c34043248    i45939531    A:00 X:09 Y:05 S:D9 P:nvUbdIZc  $06:81E6: F0 06    BEQ $81EE
f1144   c34043251    i45939532    A:00 X:09 Y:05 S:D9 P:nvUbdIZc  $06:81EE: 8A       TXA
f1144   c34043253    i45939533    A:09 X:09 Y:05 S:D9 P:nvUbdIzc  $06:81EF: 29 0F    AND #$0F
f1144   c34043255    i45939534    A:09 X:09 Y:05 S:D9 P:nvUbdIzc  $06:81F1: 85 F7    STA $F7 = #$88
f1144   c34043258    i45939535    A:09 X:09 Y:05 S:D9 P:nvUbdIzc  $06:81F3: A4 F3    LDY $F3 = #$03
f1144   c34046674    i45940595    A:00 X:00 Y:07 S:C8 P:nvUbdiZC  $00:91A1: 85 E8    STA $E8 = #$74
f1144   c34046677    i45940596    A:00 X:00 Y:07 S:C8 P:nvUbdiZC  $00:91A3: 4C B4 91 JMP $91B4
f1144   c34046680    i45940597    A:00 X:00 Y:07 S:C8 P:nvUbdiZC  $00:91B4: A0 10    LDY #$10
f1144   c34046682    i45940598    A:00 X:00 Y:10 S:C8 P:nvUbdizC  $00:91B6: B1 94    LDA ($94),Y @ $0598 = #$38
f1144   c34046687    i45940599    A:38 X:00 Y:10 S:C8 P:nvUbdizC  $00:91B8: AA       TAX
f1144   c34046689    i45940600    A:38 X:38 Y:10 S:C8 P:nvUbdizC  $00:91B9: C8       INY
f1144   c34046691    i45940601    A:38 X:38 Y:11 S:C8 P:nvUbdizC  $00:91BA: B1 94    LDA ($94),Y @ $0599 = #$E0
f1144   c34046696    i45940602    A:E0 X:38 Y:11 S:C8 P:NvUbdizC  $00:91BC: 4A       LSR
f1144   c34046698    i45940603    A:70 X:38 Y:11 S:C8 P:nvUbdizc  $00:91BD: 4A       LSR
f1144   c34046700    i45940604    A:38 X:38 Y:11 S:C8 P:nvUbdizc  $00:91BE: A8       TAY
f1144   c34046702    i45940605    A:38 X:38 Y:38 S:C8 P:nvUbdizc  $00:91BF: A5 E6    LDA $E6 = #$FE
f1144   c34046705    i45940606    A:FE X:38 Y:38 S:C8 P:NvUbdizc  $00:91C1: 18       CLC
f1144   c34046707    i45940607    A:FE X:38 Y:38 S:C8 P:NvUbdizc  $00:91C2: 7D 68 04 ADC $0468,X @ $04A0 = #$4C
f1144   c34046711    i45940608    A:4A X:38 Y:38 S:C8 P:nvUbdizC  $00:91C5: 9D 68 04 STA $0468,X @ $04A0 = #$4C
f1144   c34046716    i45940609    A:4A X:38 Y:38 S:C8 P:nvUbdizC  $00:91C8: 6A       ROR
f1144   c34046718    i45940610    A:A5 X:38 Y:38 S:C8 P:NvUbdizc  $00:91C9: 45 E6    EOR $E6 = #$FE
f1144   c34046721    i45940611    A:5B X:38 Y:38 S:C8 P:nvUbdizc  $00:91CB: 10 08    BPL $91D5
f1144   c34046724    i45940612    A:5B X:38 Y:38 S:C8 P:nvUbdizc  $00:91D5: A5 E8    LDA $E8 = #$00
f1144   c34046727    i45940613    A:00 X:38 Y:38 S:C8 P:nvUbdiZc  $00:91D7: 18       CLC
f1144   c34046729    i45940614    A:00 X:38 Y:38 S:C8 P:nvUbdiZc  $00:91D8: 7D 6B 04 ADC $046B,X @ $04A3 = #$6C
f1144   c34046733    i45940615    A:6C X:38 Y:38 S:C8 P:nvUbdizc  $00:91DB: 9D 6B 04 STA $046B,X @ $04A3 = #$6C
f1144   c34046738    i45940616    A:6C X:38 Y:38 S:C8 P:nvUbdizc  $00:91DE: 6A       ROR
f1144   c34046740    i45940617    A:36 X:38 Y:38 S:C8 P:nvUbdizc  $00:91DF: 45 E8    EOR $E8 = #$00
f1144   c34046743    i45940618    A:36 X:38 Y:38 S:C8 P:nvUbdizc  $00:91E1: 10 08    BPL $91EB
f1144   c34046746    i45940619    A:36 X:38 Y:38 S:C8 P:nvUbdizc  $00:91EB: 8A       TXA
f1144   c34046748    i45940620    A:38 X:38 Y:38 S:C8 P:nvUbdizc  $00:91EC: 18       CLC
f1144   c34046750    i45940621    A:38 X:38 Y:38 S:C8 P:nvUbdizc  $00:91ED: 69 04    ADC #$04
f1144   c34046752    i45940622    A:3C X:38 Y:38 S:C8 P:nvUbdizc  $00:91EF: AA       TAX
f1144   c34046754    i45940623    A:3C X:3C Y:38 S:C8 P:nvUbdizc  $00:91F0: 88       DEY
f1144   c34046756    i45940624    A:3C X:3C Y:37 S:C8 P:nvUbdizc  $00:91F1: D0 CC    BNE $91BF
f1144   c34046759    i45940625    A:3C X:3C Y:37 S:C8 P:nvUbdizc  $00:91BF: A5 E6    LDA $E6 = #$FE
f1144   c34046762    i45940626    A:FE X:3C Y:37 S:C8 P:NvUbdizc  $00:91C1: 18       CLC
f1144   c34046764    i45940627    A:FE X:3C Y:37 S:C8 P:NvUbdizc  $00:91C2: 7D 68 04 ADC $0468,X @ $04A4 = #$54
f1144   c34046772    i45940628    A:52 X:3C Y:37 S:C8 P:nvUbdizC  $00:91C5: 9D 68 04 STA $0468,X @ $04A4 = #$54
f1144   c34046777    i45940629    A:52 X:3C Y:37 S:C8 P:nvUbdizC  $00:91C8: 6A       ROR
f1144   c34046779    i45940630    A:A9 X:3C Y:37 S:C8 P:NvUbdizc  $00:91C9: 45 E6    EOR $E6 = #$FE
f1144   c34046782    i45940631    A:57 X:3C Y:37 S:C8 P:nvUbdizc  $00:91CB: 10 08    BPL $91D5
f1144   c34046785    i45940632    A:57 X:3C Y:37 S:C8 P:nvUbdizc  $00:91D5: A5 E8    LDA $E8 = #$00
f1144   c34046788    i45940633    A:00 X:3C Y:37 S:C8 P:nvUbdiZc  $00:91D7: 18       CLC
f1144   c34046790    i45940634    A:00 X:3C Y:37 S:C8 P:nvUbdiZc  $00:91D8: 7D 6B 04 ADC $046B,X @ $04A7 = #$6C
f1144   c34046794    i45940635    A:6C X:3C Y:37 S:C8 P:nvUbdizc  $00:91DB: 9D 6B 04 STA $046B,X @ $04A7 = #$6C
f1144   c34046799    i45940636    A:6C X:3C Y:37 S:C8 P:nvUbdizc  $00:91DE: 6A       ROR
f1146   c34105414    i45959223    A:00 X:00 Y:07 S:C8 P:nvUbdiZC  $00:91A1: 85 E8    STA $E8 = #$74
f1146   c34105417    i45959224    A:00 X:00 Y:07 S:C8 P:nvUbdiZC  $00:91A3: 4C B4 91 JMP $91B4
f1146   c34105420    i45959225    A:00 X:00 Y:07 S:C8 P:nvUbdiZC  $00:91B4: A0 10    LDY #$10
f1146   c34105422    i45959226    A:00 X:00 Y:10 S:C8 P:nvUbdizC  $00:91B6: B1 94    LDA ($94),Y @ $0598 = #$38
f1146   c34105427    i45959227    A:38 X:00 Y:10 S:C8 P:nvUbdizC  $00:91B8: AA       TAX
f1146   c34105429    i45959228    A:38 X:38 Y:10 S:C8 P:nvUbdizC  $00:91B9: C8       INY
f1146   c34105431    i45959229    A:38 X:38 Y:11 S:C8 P:nvUbdizC  $00:91BA: B1 94    LDA ($94),Y @ $0599 = #$E0
f1146   c34105436    i45959230    A:E0 X:38 Y:11 S:C8 P:NvUbdizC  $00:91BC: 4A       LSR
f1146   c34105438    i45959231    A:70 X:38 Y:11 S:C8 P:nvUbdizc  $00:91BD: 4A       LSR
f1146   c34105440    i45959232    A:38 X:38 Y:11 S:C8 P:nvUbdizc  $00:91BE: A8       TAY
f1146   c34105442    i45959233    A:38 X:38 Y:38 S:C8 P:nvUbdizc  $00:91BF: A5 E6    LDA $E6 = #$02
f1146   c34105445    i45959234    A:02 X:38 Y:38 S:C8 P:nvUbdizc  $00:91C1: 18       CLC
f1146   c34105447    i45959235    A:02 X:38 Y:38 S:C8 P:nvUbdizc  $00:91C2: 7D 68 04 ADC $0468,X @ $04A0 = #$48
f1146   c34105451    i45959236    A:4A X:38 Y:38 S:C8 P:nvUbdizc  $00:91C5: 9D 68 04 STA $0468,X @ $04A0 = #$48
f1146   c34105456    i45959237    A:4A X:38 Y:38 S:C8 P:nvUbdizc  $00:91C8: 6A       ROR
f1146   c34105458    i45959238    A:25 X:38 Y:38 S:C8 P:nvUbdizc  $00:91C9: 45 E6    EOR $E6 = #$02
f1146   c34105461    i45959239    A:27 X:38 Y:38 S:C8 P:nvUbdizc  $00:91CB: 10 08    BPL $91D5
f1146   c34105464    i45959240    A:27 X:38 Y:38 S:C8 P:nvUbdizc  $00:91D5: A5 E8    LDA $E8 = #$00
f1146   c34105467    i45959241    A:00 X:38 Y:38 S:C8 P:nvUbdiZc  $00:91D7: 18       CLC
f1146   c34105469    i45959242    A:00 X:38 Y:38 S:C8 P:nvUbdiZc  $00:91D8: 7D 6B 04 ADC $046B,X @ $04A3 = #$6C
f1146   c34105473    i45959243    A:6C X:38 Y:38 S:C8 P:nvUbdizc  $00:91DB: 9D 6B 04 STA $046B,X @ $04A3 = #$6C
f1146   c34105478    i45959244    A:6C X:38 Y:38 S:C8 P:nvUbdizc  $00:91DE: 6A       ROR
f1146   c34105480    i45959245    A:36 X:38 Y:38 S:C8 P:nvUbdizc  $00:91DF: 45 E8    EOR $E8 = #$00
f1146   c34105483    i45959246    A:36 X:38 Y:38 S:C8 P:nvUbdizc  $00:91E1: 10 08    BPL $91EB
f1146   c34105486    i45959247    A:36 X:38 Y:38 S:C8 P:nvUbdizc  $00:91EB: 8A       TXA
f1146   c34105488    i45959248    A:38 X:38 Y:38 S:C8 P:nvUbdizc  $00:91EC: 18       CLC
f1146   c34105490    i45959249    A:38 X:38 Y:38 S:C8 P:nvUbdizc  $00:91ED: 69 04    ADC #$04
f1146   c34105492    i45959250    A:3C X:38 Y:38 S:C8 P:nvUbdizc  $00:91EF: AA       TAX
f1146   c34105494    i45959251    A:3C X:3C Y:38 S:C8 P:nvUbdizc  $00:91F0: 88       DEY
f1146   c34105496    i45959252    A:3C X:3C Y:37 S:C8 P:nvUbdizc  $00:91F1: D0 CC    BNE $91BF
f1146   c34105499    i45959253    A:3C X:3C Y:37 S:C8 P:nvUbdizc  $00:91BF: A5 E6    LDA $E6 = #$02
f1146   c34105502    i45959254    A:02 X:3C Y:37 S:C8 P:nvUbdizc  $00:91C1: 18       CLC
f1146   c34105504    i45959255    A:02 X:3C Y:37 S:C8 P:nvUbdizc  $00:91C2: 7D 68 04 ADC $0468,X @ $04A4 = #$50
f1146   c34105508    i45959256    A:52 X:3C Y:37 S:C8 P:nvUbdizc  $00:91C5: 9D 68 04 STA $0468,X @ $04A4 = #$50
f1146   c34105513    i45959257    A:52 X:3C Y:37 S:C8 P:nvUbdizc  $00:91C8: 6A       ROR
f1146   c34105515    i45959258    A:29 X:3C Y:37 S:C8 P:nvUbdizc  $00:91C9: 45 E6    EOR $E6 = #$02
f1146   c34105522    i45959259    A:2B X:3C Y:37 S:C8 P:nvUbdizc  $00:91CB: 10 08    BPL $91D5
f1146   c34105525    i45959260    A:2B X:3C Y:37 S:C8 P:nvUbdizc  $00:91D5: A5 E8    LDA $E8 = #$00
f1146   c34105528    i45959261    A:00 X:3C Y:37 S:C8 P:nvUbdiZc  $00:91D7: 18       CLC
f1146   c34105530    i45959262    A:00 X:3C Y:37 S:C8 P:nvUbdiZc  $00:91D8: 7D 6B 04 ADC $046B,X @ $04A7 = #$6C
f1146   c34105534    i45959263    A:6C X:3C Y:37 S:C8 P:nvUbdizc  $00:91DB: 9D 6B 04 STA $046B,X @ $04A7 = #$6C
f1146   c34105539    i45959264    A:6C X:3C Y:37 S:C8 P:nvUbdizc  $00:91DE: 6A       ROR
f1150   c34219870    i45995904    A:01 X:04 Y:08 S:D9 P:nvUbdIzc  $06:84BA: A9 00    LDA #$00
f1150   c34219872    i45995905    A:00 X:04 Y:08 S:D9 P:nvUbdIZc  $06:84BC: A0 04    LDY #$04
f1150   c34219874    i45995906    A:00 X:04 Y:04 S:D9 P:nvUbdIzc  $06:84BE: 91 F0    STA ($F0),Y @ $073B = #$02
f1150   c34219880    i45995907    A:00 X:04 Y:04 S:D9 P:nvUbdIzc  $06:84C0: A6 F2    LDX $F2 = #$04
f1150   c34219883    i45995908    A:00 X:04 Y:04 S:D9 P:nvUbdIzc  $06:84C2: BD 08 07 LDA $0708,X @ $070C = #$01
f1150   c34219887    i45995909    A:01 X:04 Y:04 S:D9 P:nvUbdIzc  $06:84C5: 9D 07 07 STA $0707,X @ $070B = #$00
f1150   c34219892    i45995910    A:01 X:04 Y:04 S:D9 P:nvUbdIzc  $06:84C8: 60       RTS (from $83CB)
f1150   c34219898    i45995911    A:01 X:04 Y:04 S:DB P:nvUbdIzc  $06:80E1: A6 F2    LDX $F2 = #$04
f1150   c34219901    i45995912    A:01 X:04 Y:04 S:DB P:nvUbdIzc  $06:80E3: DE 09 07 DEC $0709,X @ $070D = #$01
f1150   c34219908    i45995913    A:01 X:04 Y:04 S:DB P:nvUbdIZc  $06:80E6: D0 21    BNE $8109
f1150   c34219910    i45995914    A:01 X:04 Y:04 S:DB P:nvUbdIZc  $06:80E8: A0 02    LDY #$02
f1150   c34219912    i45995915    A:01 X:04 Y:02 S:DB P:nvUbdIzc  $06:80EA: B1 F0    LDA ($F0),Y @ $0739 = #$AC
f1150   c34219917    i45995916    A:AC X:04 Y:02 S:DB P:NvUbdIzc  $06:80EC: 85 F6    STA $F6 = #$00
f1150   c34219920    i45995917    A:AC X:04 Y:02 S:DB P:NvUbdIzc  $06:80EE: C8       INY
f1150   c34219922    i45995918    A:AC X:04 Y:03 S:DB P:nvUbdIzc  $06:80EF: B1 F0    LDA ($F0),Y @ $073A = #$8A
f1150   c34219927    i45995919    A:8A X:04 Y:03 S:DB P:NvUbdIzc  $06:80F1: 85 F7    STA $F7 = #$06
f1150   c34219930    i45995920    A:8A X:04 Y:03 S:DB P:NvUbdIzc  $06:80F3: C8       INY
f1150   c34219932    i45995921    A:8A X:04 Y:04 S:DB P:nvUbdIzc  $06:80F4: B1 F0    LDA ($F0),Y @ $073B = #$00
f1150   c34219937    i45995922    A:00 X:04 Y:04 S:DB P:nvUbdIZc  $06:80F6: 48       PHA
f1150   c34219940    i45995923    A:00 X:04 Y:04 S:DA P:nvUbdIZc  $06:80F7: 18       CLC
f1150   c34219942    i45995924    A:00 X:04 Y:04 S:DA P:nvUbdIZc  $06:80F8: 69 02    ADC #$02
f1150   c34219944    i45995925    A:02 X:04 Y:04 S:DA P:nvUbdIzc  $06:80FA: 91 F0    STA ($F0),Y @ $073B = #$00
f1150   c34219950    i45995926    A:02 X:04 Y:04 S:DA P:nvUbdIzc  $06:80FC: 68       PLA
f1150   c34219954    i45995927    A:00 X:04 Y:04 S:DB P:nvUbdIZc  $06:80FD: A8       TAY
f1150   c34219956    i45995928    A:00 X:04 Y:00 S:DB P:nvUbdIZc  $06:80FE: B1 F6    LDA ($F6),Y @ $8AAC = #$02
f1150   c34219961    i45995929    A:02 X:04 Y:00 S:DB P:nvUbdIzc  $06:8100: 9D 09 07 STA $0709,X @ $070D = #$00
f1150   c34219966    i45995930    A:02 X:04 Y:00 S:DB P:nvUbdIzc  $06:8103: C8       INY
f1150   c34219968    i45995931    A:02 X:04 Y:01 S:DB P:nvUbdIzc  $06:8104: B1 F6    LDA ($F6),Y @ $8AAD = #$0F
f1150   c34219973    i45995932    A:0F X:04 Y:01 S:DB P:nvUbdIzc  $06:8106: 9D 0A 07 STA $070A,X @ $070E = #$0F
f1150   c34219978    i45995933    A:0F X:04 Y:01 S:DB P:nvUbdIzc  $06:8109: 20 DB 81 JSR $81DB
f1150   c34219984    i45995934    A:0F X:04 Y:01 S:D9 P:nvUbdIzc  $06:81DB: A0 05    LDY #$05
f1150   c34219986    i45995935    A:0F X:04 Y:05 S:D9 P:nvUbdIzc  $06:81DD: B1 F0    LDA ($F0),Y @ $073C = #$85
f1150   c34219991    i45995936    A:85 X:04 Y:05 S:D9 P:NvUbdIzc  $06:81DF: AA       TAX
f1150   c34219993    i45995937    A:85 X:85 Y:05 S:D9 P:NvUbdIzc  $06:81E0: 29 F0    AND #$F0
f1150   c34219995    i45995938    A:80 X:85 Y:05 S:D9 P:NvUbdIzc  $06:81E2: 85 F6    STA $F6 = #$AC
f1150   c34219998    i45995939    A:80 X:85 Y:05 S:D9 P:NvUbdIzc  $06:81E4: 29 20    AND #$20
f1150   c34220000    i45995940    A:00 X:85 Y:05 S:D9 P:nvUbdIZc  $06:81E6: F0 06    BEQ $81EE
f1150   c34220003    i45995941    A:00 X:85 Y:05 S:D9 P:nvUbdIZc  $06:81EE: 8A       TXA
f1150   c34220005    i45995942    A:85 X:85 Y:05 S:D9 P:NvUbdIzc  $06:81EF: 29 0F    AND #$0F
f1150   c34220007    i45995943    A:05 X:85 Y:05 S:D9 P:nvUbdIzc  $06:81F1: 85 F7    STA $F7 = #$8A
f1150   c34220010    i45995944    A:05 X:85 Y:05 S:D9 P:nvUbdIzc  $06:81F3: A4 F3    LDY $F3 = #$07
f1154   c34338993    i46034081    A:01 X:04 Y:08 S:D9 P:nvUbdIzc  $06:84BA: A9 00    LDA #$00
f1154   c34338995    i46034082    A:00 X:04 Y:08 S:D9 P:nvUbdIZc  $06:84BC: A0 04    LDY #$04
f1154   c34338997    i46034083    A:00 X:04 Y:04 S:D9 P:nvUbdIzc  $06:84BE: 91 F0    STA ($F0),Y @ $073B = #$02
f1154   c34339003    i46034084    A:00 X:04 Y:04 S:D9 P:nvUbdIzc  $06:84C0: A6 F2    LDX $F2 = #$04
f1154   c34339006    i46034085    A:00 X:04 Y:04 S:D9 P:nvUbdIzc  $06:84C2: BD 08 07 LDA $0708,X @ $070C = #$01
f1154   c34339010    i46034086    A:01 X:04 Y:04 S:D9 P:nvUbdIzc  $06:84C5: 9D 07 07 STA $0707,X @ $070B = #$00
f1154   c34339015    i46034087    A:01 X:04 Y:04 S:D9 P:nvUbdIzc  $06:84C8: 60       RTS (from $83CB)
f1154   c34339021    i46034088    A:01 X:04 Y:04 S:DB P:nvUbdIzc  $06:80E1: A6 F2    LDX $F2 = #$04
f1154   c34339024    i46034089    A:01 X:04 Y:04 S:DB P:nvUbdIzc  $06:80E3: DE 09 07 DEC $0709,X @ $070D = #$01
f1154   c34339031    i46034090    A:01 X:04 Y:04 S:DB P:nvUbdIZc  $06:80E6: D0 21    BNE $8109
f1154   c34339033    i46034091    A:01 X:04 Y:04 S:DB P:nvUbdIZc  $06:80E8: A0 02    LDY #$02
f1154   c34339035    i46034092    A:01 X:04 Y:02 S:DB P:nvUbdIzc  $06:80EA: B1 F0    LDA ($F0),Y @ $0739 = #$AC
f1154   c34339040    i46034093    A:AC X:04 Y:02 S:DB P:NvUbdIzc  $06:80EC: 85 F6    STA $F6 = #$00
f1154   c34339043    i46034094    A:AC X:04 Y:02 S:DB P:NvUbdIzc  $06:80EE: C8       INY
f1154   c34339045    i46034095    A:AC X:04 Y:03 S:DB P:nvUbdIzc  $06:80EF: B1 F0    LDA ($F0),Y @ $073A = #$8A
f1154   c34339050    i46034096    A:8A X:04 Y:03 S:DB P:NvUbdIzc  $06:80F1: 85 F7    STA $F7 = #$06
f1154   c34339053    i46034097    A:8A X:04 Y:03 S:DB P:NvUbdIzc  $06:80F3: C8       INY
f1154   c34339055    i46034098    A:8A X:04 Y:04 S:DB P:nvUbdIzc  $06:80F4: B1 F0    LDA ($F0),Y @ $073B = #$00
f1154   c34339060    i46034099    A:00 X:04 Y:04 S:DB P:nvUbdIZc  $06:80F6: 48       PHA
f1154   c34339063    i46034100    A:00 X:04 Y:04 S:DA P:nvUbdIZc  $06:80F7: 18       CLC
f1154   c34339065    i46034101    A:00 X:04 Y:04 S:DA P:nvUbdIZc  $06:80F8: 69 02    ADC #$02
f1154   c34339067    i46034102    A:02 X:04 Y:04 S:DA P:nvUbdIzc  $06:80FA: 91 F0    STA ($F0),Y @ $073B = #$00
f1154   c34339073    i46034103    A:02 X:04 Y:04 S:DA P:nvUbdIzc  $06:80FC: 68       PLA
f1154   c34339077    i46034104    A:00 X:04 Y:04 S:DB P:nvUbdIZc  $06:80FD: A8       TAY
f1154   c34339079    i46034105    A:00 X:04 Y:00 S:DB P:nvUbdIZc  $06:80FE: B1 F6    LDA ($F6),Y @ $8AAC = #$02
f1154   c34339084    i46034106    A:02 X:04 Y:00 S:DB P:nvUbdIzc  $06:8100: 9D 09 07 STA $0709,X @ $070D = #$00
f1154   c34339089    i46034107    A:02 X:04 Y:00 S:DB P:nvUbdIzc  $06:8103: C8       INY
f1154   c34339091    i46034108    A:02 X:04 Y:01 S:DB P:nvUbdIzc  $06:8104: B1 F6    LDA ($F6),Y @ $8AAD = #$0F
f1154   c34339096    i46034109    A:0F X:04 Y:01 S:DB P:nvUbdIzc  $06:8106: 9D 0A 07 STA $070A,X @ $070E = #$0F
f1154   c34339101    i46034110    A:0F X:04 Y:01 S:DB P:nvUbdIzc  $06:8109: 20 DB 81 JSR $81DB
f1154   c34339107    i46034111    A:0F X:04 Y:01 S:D9 P:nvUbdIzc  $06:81DB: A0 05    LDY #$05
f1154   c34339109    i46034112    A:0F X:04 Y:05 S:D9 P:nvUbdIzc  $06:81DD: B1 F0    LDA ($F0),Y @ $073C = #$85
f1154   c34339114    i46034113    A:85 X:04 Y:05 S:D9 P:NvUbdIzc  $06:81DF: AA       TAX
f1154   c34339116    i46034114    A:85 X:85 Y:05 S:D9 P:NvUbdIzc  $06:81E0: 29 F0    AND #$F0
f1154   c34339118    i46034115    A:80 X:85 Y:05 S:D9 P:NvUbdIzc  $06:81E2: 85 F6    STA $F6 = #$AC
f1154   c34339121    i46034116    A:80 X:85 Y:05 S:D9 P:NvUbdIzc  $06:81E4: 29 20    AND #$20
f1154   c34339123    i46034117    A:00 X:85 Y:05 S:D9 P:nvUbdIZc  $06:81E6: F0 06    BEQ $81EE
f1154   c34339126    i46034118    A:00 X:85 Y:05 S:D9 P:nvUbdIZc  $06:81EE: 8A       TXA
f1154   c34339128    i46034119    A:85 X:85 Y:05 S:D9 P:NvUbdIzc  $06:81EF: 29 0F    AND #$0F
f1154   c34339130    i46034120    A:05 X:85 Y:05 S:D9 P:nvUbdIzc  $06:81F1: 85 F7    STA $F7 = #$8A
f1154   c34339133    i46034121    A:05 X:85 Y:05 S:D9 P:nvUbdIzc  $06:81F3: A4 F3    LDY $F3 = #$07
f1154   c34342647    i46035222    A:00 X:00 Y:07 S:C8 P:nvUbdiZC  $00:91A3: 4C B4 91 JMP $91B4
f1154   c34342650    i46035223    A:00 X:00 Y:07 S:C8 P:nvUbdiZC  $00:91B4: A0 10    LDY #$10
f1154   c34342652    i46035224    A:00 X:00 Y:10 S:C8 P:nvUbdizC  $00:91B6: B1 94    LDA ($94),Y @ $0598 = #$38
f1154   c34342657    i46035225    A:38 X:00 Y:10 S:C8 P:nvUbdizC  $00:91B8: AA       TAX
f1154   c34342659    i46035226    A:38 X:38 Y:10 S:C8 P:nvUbdizC  $00:91B9: C8       INY
f1154   c34342661    i46035227    A:38 X:38 Y:11 S:C8 P:nvUbdizC  $00:91BA: B1 94    LDA ($94),Y @ $0599 = #$E0
f1154   c34342666    i46035228    A:E0 X:38 Y:11 S:C8 P:NvUbdizC  $00:91BC: 4A       LSR
f1154   c34342668    i46035229    A:70 X:38 Y:11 S:C8 P:nvUbdizc  $00:91BD: 4A       LSR
f1154   c34342670    i46035230    A:38 X:38 Y:11 S:C8 P:nvUbdizc  $00:91BE: A8       TAY
f1154   c34342672    i46035231    A:38 X:38 Y:38 S:C8 P:nvUbdizc  $00:91BF: A5 E6    LDA $E6 = #$02
f1154   c34342675    i46035232    A:02 X:38 Y:38 S:C8 P:nvUbdizc  $00:91C1: 18       CLC
f1154   c34342677    i46035233    A:02 X:38 Y:38 S:C8 P:nvUbdizc  $00:91C2: 7D 68 04 ADC $0468,X @ $04A0 = #$48
f1154   c34342681    i46035234    A:4A X:38 Y:38 S:C8 P:nvUbdizc  $00:91C5: 9D 68 04 STA $0468,X @ $04A0 = #$48
f1154   c34342686    i46035235    A:4A X:38 Y:38 S:C8 P:nvUbdizc  $00:91C8: 6A       ROR
f1154   c34342688    i46035236    A:25 X:38 Y:38 S:C8 P:nvUbdizc  $00:91C9: 45 E6    EOR $E6 = #$02
f1154   c34342691    i46035237    A:27 X:38 Y:38 S:C8 P:nvUbdizc  $00:91CB: 10 08    BPL $91D5
f1154   c34342694    i46035238    A:27 X:38 Y:38 S:C8 P:nvUbdizc  $00:91D5: A5 E8    LDA $E8 = #$00
f1154   c34342697    i46035239    A:00 X:38 Y:38 S:C8 P:nvUbdiZc  $00:91D7: 18       CLC
f1154   c34342699    i46035240    A:00 X:38 Y:38 S:C8 P:nvUbdiZc  $00:91D8: 7D 6B 04 ADC $046B,X @ $04A3 = #$6C
f1154   c34342703    i46035241    A:6C X:38 Y:38 S:C8 P:nvUbdizc  $00:91DB: 9D 6B 04 STA $046B,X @ $04A3 = #$6C
f1154   c34342708    i46035242    A:6C X:38 Y:38 S:C8 P:nvUbdizc  $00:91DE: 6A       ROR
f1154   c34342710    i46035243    A:36 X:38 Y:38 S:C8 P:nvUbdizc  $00:91DF: 45 E8    EOR $E8 = #$00
f1154   c34342713    i46035244    A:36 X:38 Y:38 S:C8 P:nvUbdizc  $00:91E1: 10 08    BPL $91EB
f1154   c34342716    i46035245    A:36 X:38 Y:38 S:C8 P:nvUbdizc  $00:91EB: 8A       TXA
f1154   c34342718    i46035246    A:38 X:38 Y:38 S:C8 P:nvUbdizc  $00:91EC: 18       CLC
f1154   c34342720    i46035247    A:38 X:38 Y:38 S:C8 P:nvUbdizc  $00:91ED: 69 04    ADC #$04
f1154   c34342722    i46035248    A:3C X:38 Y:38 S:C8 P:nvUbdizc  $00:91EF: AA       TAX
f1154   c34342724    i46035249    A:3C X:3C Y:38 S:C8 P:nvUbdizc  $00:91F0: 88       DEY
f1154   c34342726    i46035250    A:3C X:3C Y:37 S:C8 P:nvUbdizc  $00:91F1: D0 CC    BNE $91BF
f1154   c34342729    i46035251    A:3C X:3C Y:37 S:C8 P:nvUbdizc  $00:91BF: A5 E6    LDA $E6 = #$02
f1154   c34342732    i46035252    A:02 X:3C Y:37 S:C8 P:nvUbdizc  $00:91C1: 18       CLC
f1154   c34342734    i46035253    A:02 X:3C Y:37 S:C8 P:nvUbdizc  $00:91C2: 7D 68 04 ADC $0468,X @ $04A4 = #$50
f1154   c34342738    i46035254    A:52 X:3C Y:37 S:C8 P:nvUbdizc  $00:91C5: 9D 68 04 STA $0468,X @ $04A4 = #$50
f1154   c34342743    i46035255    A:52 X:3C Y:37 S:C8 P:nvUbdizc  $00:91C8: 6A       ROR
f1154   c34342745    i46035256    A:29 X:3C Y:37 S:C8 P:nvUbdizc  $00:91C9: 45 E6    EOR $E6 = #$02
f1154   c34342748    i46035257    A:2B X:3C Y:37 S:C8 P:nvUbdizc  $00:91CB: 10 08    BPL $91D5
f1154   c34342751    i46035258    A:2B X:3C Y:37 S:C8 P:nvUbdizc  $00:91D5: A5 E8    LDA $E8 = #$00
f1154   c34342754    i46035259    A:00 X:3C Y:37 S:C8 P:nvUbdiZc  $00:91D7: 18       CLC
f1154   c34342756    i46035260    A:00 X:3C Y:37 S:C8 P:nvUbdiZc  $00:91D8: 7D 6B 04 ADC $046B,X @ $04A7 = #$6C
f1154   c34342760    i46035261    A:6C X:3C Y:37 S:C8 P:nvUbdizc  $00:91DB: 9D 6B 04 STA $046B,X @ $04A7 = #$6C
f1154   c34342765    i46035262    A:6C X:3C Y:37 S:C8 P:nvUbdizc  $00:91DE: 6A       ROR
f1154   c34342767    i46035263    A:36 X:3C Y:37 S:C8 P:nvUbdizc  $00:91DF: 45 E8    EOR $E8 = #$00
f1155   c34371612    i46044460    A:00 X:42 Y:00 S:49 P:nvUbdiZc  $00:9F4A: 68       PLA
f1155   c34371616    i46044461    A:03 X:42 Y:00 S:4A P:nvUbdizc  $00:9F4B: 85 ED    STA $ED = #$02
f1155   c34371619    i46044462    A:03 X:42 Y:00 S:4A P:nvUbdizc  $00:9F4D: 68       PLA
f1155   c34371623    i46044463    A:01 X:42 Y:00 S:4B P:nvUbdizc  $00:9F4E: A8       TAY
f1155   c34371625    i46044464    A:01 X:42 Y:01 S:4B P:nvUbdizc  $00:9F4F: 68       PLA
f1155   c34371629    i46044465    A:01 X:42 Y:01 S:4C P:nvUbdizc  $00:9F50: AA       TAX
f1155   c34371631    i46044466    A:01 X:01 Y:01 S:4C P:nvUbdizc  $00:9F51: 60       RTS (from $9FA8)
f1155   c34371637    i46044467    A:01 X:01 Y:01 S:4E P:nvUbdizc  $00:896B: 8A       TXA
f1155   c34371639    i46044468    A:01 X:01 Y:01 S:4E P:nvUbdizc  $00:896C: 48       PHA
f1155   c34371642    i46044469    A:01 X:01 Y:01 S:4D P:nvUbdizc  $00:896D: 20 FF 89 JSR $89FF
f1155   c34371648    i46044470    A:01 X:01 Y:01 S:4B P:nvUbdizc  $00:89FF: AD 52 06 LDA $0652 = #$84
f1155   c34371652    i46044471    A:84 X:01 Y:01 S:4B P:NvUbdizc  $00:8A02: 30 03    BMI $8A07
f1155   c34371655    i46044472    A:84 X:01 Y:01 S:4B P:NvUbdizc  $00:8A07: CE 53 06 DEC $0653 = #$02
f1155   c34371661    i46044473    A:84 X:01 Y:01 S:4B P:nvUbdizc  $00:8A0A: F0 03    BEQ $8A0F
f1155   c34371663    i46044474    A:84 X:01 Y:01 S:4B P:nvUbdizc  $00:8A0C: 4C 90 8A JMP $8A90
f1155   c34371666    i46044475    A:84 X:01 Y:01 S:4B P:nvUbdizc  $00:8A90: 60       RTS (from $89FF)
f1155   c34371672    i46044476    A:84 X:01 Y:01 S:4D P:nvUbdizc  $00:8970: 68       PLA
f1155   c34371676    i46044477    A:01 X:01 Y:01 S:4E P:nvUbdizc  $00:8971: AA       TAX
f1155   c34371678    i46044478    A:01 X:01 Y:01 S:4E P:nvUbdizc  $00:8972: CA       DEX
f1155   c34371680    i46044479    A:01 X:00 Y:01 S:4E P:nvUbdiZc  $00:8973: D0 F1    BNE $8966
f1155   c34371682    i46044480    A:01 X:00 Y:01 S:4E P:nvUbdiZc  $00:8975: 60       RTS (from $895D)
f1155   c34371688    i46044481    A:01 X:00 Y:01 S:50 P:nvUbdiZc  $00:84FF: A9 01    LDA #$01
f1155   c34371690    i46044482    A:01 X:00 Y:01 S:50 P:nvUbdizc  $00:8501: 4C 79 88 JMP $8879
f1155   c34371693    i46044483    A:01 X:00 Y:01 S:50 P:nvUbdizc  $00:8879: 18       CLC
f1155   c34371695    i46044484    A:01 X:00 Y:01 S:50 P:nvUbdizc  $00:887A: 65 4D    ADC $4D = #$D8
f1155   c34371698    i46044485    A:D9 X:00 Y:01 S:50 P:NvUbdizc  $00:887C: 85 4D    STA $4D = #$D8
f1155   c34371701    i46044486    A:D9 X:00 Y:01 S:50 P:NvUbdizc  $00:887E: A5 4E    LDA $4E = #$A0
f1155   c34371704    i46044487    A:A0 X:00 Y:01 S:50 P:NvUbdizc  $00:8880: 69 00    ADC #$00
f1155   c34371706    i46044488    A:A0 X:00 Y:01 S:50 P:NvUbdizc  $00:8882: 85 4E    STA $4E = #$A0
f1155   c34371709    i46044489    A:A0 X:00 Y:01 S:50 P:NvUbdizc  $00:8884: 4C E7 84 JMP $84E7
f1155   c34371712    i46044490    A:A0 X:00 Y:01 S:50 P:NvUbdizc  $00:84E7: A0 00    LDY #$00
f1155   c34371714    i46044491    A:A0 X:00 Y:00 S:50 P:nvUbdiZc  $00:84E9: B1 4D    LDA ($4D),Y @ $A0D9 = #$08
f1155   c34371719    i46044492    A:08 X:00 Y:00 S:50 P:nvUbdizc  $00:84EB: C9 D8    CMP #$D8
f1155   c34371721    i46044493    A:08 X:00 Y:00 S:50 P:nvUbdizc  $00:84ED: B0 15    BCS $8504
f1155   c34371723    i46044494    A:08 X:00 Y:00 S:50 P:nvUbdizc  $00:84EF: A6 52    LDX $52 = #$22
f1155   c34371726    i46044495    A:08 X:22 Y:00 S:50 P:nvUbdizc  $00:84F1: A4 53    LDY $53 = #$4D
f1155   c34371729    i46044496    A:08 X:22 Y:4D S:50 P:nvUbdizc  $00:84F3: 20 CA 88 JSR $88CA
f1155   c34371735    i46044497    A:08 X:22 Y:4D S:4E P:nvUbdizc  $00:88CA: 48       PHA
f1155   c34371738    i46044498    A:08 X:22 Y:4D S:4D P:nvUbdizc  $00:88CB: A9 82    LDA #$82
f1155   c34371740    i46044499    A:82 X:22 Y:4D S:4D P:NvUbdizc  $00:88CD: 20 28 9B JSR $9B28
f1155   c34371746    i46044500    A:82 X:22 Y:4D S:4B P:NvUbdizc  $00:9B28: 48       PHA
f1155   c34371749    i46044501    A:82 X:22 Y:4D S:4A P:NvUbdizc  $00:9B29: 2C 29 06 BIT $0629 = #$84
f1155   c34371753    i46044502    A:82 X:22 Y:4D S:4A P:NvUbdizc  $00:9B2C: 50 09    BVC $9B37
f1158   c34458114    i46072276    A:01 X:04 Y:08 S:D9 P:nvUbdIzc  $06:84BA: A9 00    LDA #$00
f1158   c34458116    i46072277    A:00 X:04 Y:08 S:D9 P:nvUbdIZc  $06:84BC: A0 04    LDY #$04
f1158   c34458118    i46072278    A:00 X:04 Y:04 S:D9 P:nvUbdIzc  $06:84BE: 91 F0    STA ($F0),Y @ $073B = #$02
f1158   c34458124    i46072279    A:00 X:04 Y:04 S:D9 P:nvUbdIzc  $06:84C0: A6 F2    LDX $F2 = #$04
f1158   c34458127    i46072280    A:00 X:04 Y:04 S:D9 P:nvUbdIzc  $06:84C2: BD 08 07 LDA $0708,X @ $070C = #$01
f1158   c34458131    i46072281    A:01 X:04 Y:04 S:D9 P:nvUbdIzc  $06:84C5: 9D 07 07 STA $0707,X @ $070B = #$00
f1158   c34458136    i46072282    A:01 X:04 Y:04 S:D9 P:nvUbdIzc  $06:84C8: 60       RTS (from $83CB)
f1158   c34458142    i46072283    A:01 X:04 Y:04 S:DB P:nvUbdIzc  $06:80E1: A6 F2    LDX $F2 = #$04
f1158   c34458145    i46072284    A:01 X:04 Y:04 S:DB P:nvUbdIzc  $06:80E3: DE 09 07 DEC $0709,X @ $070D = #$01
f1158   c34458152    i46072285    A:01 X:04 Y:04 S:DB P:nvUbdIZc  $06:80E6: D0 21    BNE $8109
f1158   c34458154    i46072286    A:01 X:04 Y:04 S:DB P:nvUbdIZc  $06:80E8: A0 02    LDY #$02
f1158   c34458156    i46072287    A:01 X:04 Y:02 S:DB P:nvUbdIzc  $06:80EA: B1 F0    LDA ($F0),Y @ $0739 = #$AC
f1158   c34458161    i46072288    A:AC X:04 Y:02 S:DB P:NvUbdIzc  $06:80EC: 85 F6    STA $F6 = #$00
f1158   c34458164    i46072289    A:AC X:04 Y:02 S:DB P:NvUbdIzc  $06:80EE: C8       INY
f1158   c34458166    i46072290    A:AC X:04 Y:03 S:DB P:nvUbdIzc  $06:80EF: B1 F0    LDA ($F0),Y @ $073A = #$8A
f1158   c34458171    i46072291    A:8A X:04 Y:03 S:DB P:NvUbdIzc  $06:80F1: 85 F7    STA $F7 = #$06
f1158   c34458174    i46072292    A:8A X:04 Y:03 S:DB P:NvUbdIzc  $06:80F3: C8       INY
f1158   c34458176    i46072293    A:8A X:04 Y:04 S:DB P:nvUbdIzc  $06:80F4: B1 F0    LDA ($F0),Y @ $073B = #$00
f1158   c34458181    i46072294    A:00 X:04 Y:04 S:DB P:nvUbdIZc  $06:80F6: 48       PHA
f1158   c34458184    i46072295    A:00 X:04 Y:04 S:DA P:nvUbdIZc  $06:80F7: 18       CLC
f1158   c34458186    i46072296    A:00 X:04 Y:04 S:DA P:nvUbdIZc  $06:80F8: 69 02    ADC #$02
f1158   c34458188    i46072297    A:02 X:04 Y:04 S:DA P:nvUbdIzc  $06:80FA: 91 F0    STA ($F0),Y @ $073B = #$00
f1158   c34458194    i46072298    A:02 X:04 Y:04 S:DA P:nvUbdIzc  $06:80FC: 68       PLA
f1158   c34458198    i46072299    A:00 X:04 Y:04 S:DB P:nvUbdIZc  $06:80FD: A8       TAY
f1158   c34458200    i46072300    A:00 X:04 Y:00 S:DB P:nvUbdIZc  $06:80FE: B1 F6    LDA ($F6),Y @ $8AAC = #$02
f1158   c34458205    i46072301    A:02 X:04 Y:00 S:DB P:nvUbdIzc  $06:8100: 9D 09 07 STA $0709,X @ $070D = #$00
f1158   c34458210    i46072302    A:02 X:04 Y:00 S:DB P:nvUbdIzc  $06:8103: C8       INY
f1158   c34458212    i46072303    A:02 X:04 Y:01 S:DB P:nvUbdIzc  $06:8104: B1 F6    LDA ($F6),Y @ $8AAD = #$0F
f1158   c34458217    i46072304    A:0F X:04 Y:01 S:DB P:nvUbdIzc  $06:8106: 9D 0A 07 STA $070A,X @ $070E = #$0F
f1158   c34458222    i46072305    A:0F X:04 Y:01 S:DB P:nvUbdIzc  $06:8109: 20 DB 81 JSR $81DB
f1158   c34458228    i46072306    A:0F X:04 Y:01 S:D9 P:nvUbdIzc  $06:81DB: A0 05    LDY #$05
f1158   c34458230    i46072307    A:0F X:04 Y:05 S:D9 P:nvUbdIzc  $06:81DD: B1 F0    LDA ($F0),Y @ $073C = #$85
f1158   c34458235    i46072308    A:85 X:04 Y:05 S:D9 P:NvUbdIzc  $06:81DF: AA       TAX
f1158   c34458237    i46072309    A:85 X:85 Y:05 S:D9 P:NvUbdIzc  $06:81E0: 29 F0    AND #$F0
f1158   c34458239    i46072310    A:80 X:85 Y:05 S:D9 P:NvUbdIzc  $06:81E2: 85 F6    STA $F6 = #$AC
f1158   c34458242    i46072311    A:80 X:85 Y:05 S:D9 P:NvUbdIzc  $06:81E4: 29 20    AND #$20
f1158   c34458244    i46072312    A:00 X:85 Y:05 S:D9 P:nvUbdIZc  $06:81E6: F0 06    BEQ $81EE
f1158   c34458247    i46072313    A:00 X:85 Y:05 S:D9 P:nvUbdIZc  $06:81EE: 8A       TXA
f1158   c34458249    i46072314    A:85 X:85 Y:05 S:D9 P:NvUbdIzc  $06:81EF: 29 0F    AND #$0F
f1158   c34458251    i46072315    A:05 X:85 Y:05 S:D9 P:nvUbdIzc  $06:81F1: 85 F7    STA $F7 = #$8A
f1158   c34458254    i46072316    A:05 X:85 Y:05 S:D9 P:nvUbdIzc  $06:81F3: A4 F3    LDY $F3 = #$07
f1159   c34491477    i46082779    A:00 X:00 Y:07 S:C8 P:nvUbdiZC  $00:91A1: 85 E8    STA $E8 = #$74
f1159   c34491480    i46082780    A:00 X:00 Y:07 S:C8 P:nvUbdiZC  $00:91A3: 4C B4 91 JMP $91B4
f1159   c34491483    i46082781    A:00 X:00 Y:07 S:C8 P:nvUbdiZC  $00:91B4: A0 10    LDY #$10
f1159   c34491485    i46082782    A:00 X:00 Y:10 S:C8 P:nvUbdizC  $00:91B6: B1 94    LDA ($94),Y @ $0598 = #$38
f1159   c34491490    i46082783    A:38 X:00 Y:10 S:C8 P:nvUbdizC  $00:91B8: AA       TAX
f1159   c34491492    i46082784    A:38 X:38 Y:10 S:C8 P:nvUbdizC  $00:91B9: C8       INY
f1159   c34491494    i46082785    A:38 X:38 Y:11 S:C8 P:nvUbdizC  $00:91BA: B1 94    LDA ($94),Y @ $0599 = #$E0
f1159   c34491499    i46082786    A:E0 X:38 Y:11 S:C8 P:NvUbdizC  $00:91BC: 4A       LSR
f1159   c34491501    i46082787    A:70 X:38 Y:11 S:C8 P:nvUbdizc  $00:91BD: 4A       LSR
f1159   c34491503    i46082788    A:38 X:38 Y:11 S:C8 P:nvUbdizc  $00:91BE: A8       TAY
f1159   c34491505    i46082789    A:38 X:38 Y:38 S:C8 P:nvUbdizc  $00:91BF: A5 E6    LDA $E6 = #$02
f1159   c34491508    i46082790    A:02 X:38 Y:38 S:C8 P:nvUbdizc  $00:91C1: 18       CLC
f1159   c34491510    i46082791    A:02 X:38 Y:38 S:C8 P:nvUbdizc  $00:91C2: 7D 68 04 ADC $0468,X @ $04A0 = #$42
f1159   c34491514    i46082792    A:44 X:38 Y:38 S:C8 P:nvUbdizc  $00:91C5: 9D 68 04 STA $0468,X @ $04A0 = #$42
f1159   c34491519    i46082793    A:44 X:38 Y:38 S:C8 P:nvUbdizc  $00:91C8: 6A       ROR
f1159   c34491521    i46082794    A:22 X:38 Y:38 S:C8 P:nvUbdizc  $00:91C9: 45 E6    EOR $E6 = #$02
f1159   c34491524    i46082795    A:20 X:38 Y:38 S:C8 P:nvUbdizc  $00:91CB: 10 08    BPL $91D5
f1159   c34491527    i46082796    A:20 X:38 Y:38 S:C8 P:nvUbdizc  $00:91D5: A5 E8    LDA $E8 = #$00
f1159   c34491530    i46082797    A:00 X:38 Y:38 S:C8 P:nvUbdiZc  $00:91D7: 18       CLC
f1159   c34491532    i46082798    A:00 X:38 Y:38 S:C8 P:nvUbdiZc  $00:91D8: 7D 6B 04 ADC $046B,X @ $04A3 = #$7C
f1159   c34491536    i46082799    A:7C X:38 Y:38 S:C8 P:nvUbdizc  $00:91DB: 9D 6B 04 STA $046B,X @ $04A3 = #$7C
f1159   c34491541    i46082800    A:7C X:38 Y:38 S:C8 P:nvUbdizc  $00:91DE: 6A       ROR
f1159   c34491543    i46082801    A:3E X:38 Y:38 S:C8 P:nvUbdizc  $00:91DF: 45 E8    EOR $E8 = #$00
f1159   c34491546    i46082802    A:3E X:38 Y:38 S:C8 P:nvUbdizc  $00:91E1: 10 08    BPL $91EB
f1159   c34491549    i46082803    A:3E X:38 Y:38 S:C8 P:nvUbdizc  $00:91EB: 8A       TXA
f1159   c34491551    i46082804    A:38 X:38 Y:38 S:C8 P:nvUbdizc  $00:91EC: 18       CLC
f1159   c34491553    i46082805    A:38 X:38 Y:38 S:C8 P:nvUbdizc  $00:91ED: 69 04    ADC #$04
f1159   c34491555    i46082806    A:3C X:38 Y:38 S:C8 P:nvUbdizc  $00:91EF: AA       TAX
f1159   c34491557    i46082807    A:3C X:3C Y:38 S:C8 P:nvUbdizc  $00:91F0: 88       DEY
f1159   c34491559    i46082808    A:3C X:3C Y:37 S:C8 P:nvUbdizc  $00:91F1: D0 CC    BNE $91BF
f1159   c34491562    i46082809    A:3C X:3C Y:37 S:C8 P:nvUbdizc  $00:91BF: A5 E6    LDA $E6 = #$02
f1159   c34491565    i46082810    A:02 X:3C Y:37 S:C8 P:nvUbdizc  $00:91C1: 18       CLC
f1159   c34491567    i46082811    A:02 X:3C Y:37 S:C8 P:nvUbdizc  $00:91C2: 7D 68 04 ADC $0468,X @ $04A4 = #$42
f1159   c34491571    i46082812    A:44 X:3C Y:37 S:C8 P:nvUbdizc  $00:91C5: 9D 68 04 STA $0468,X @ $04A4 = #$42
f1159   c34491576    i46082813    A:44 X:3C Y:37 S:C8 P:nvUbdizc  $00:91C8: 6A       ROR
f1159   c34491578    i46082814    A:22 X:3C Y:37 S:C8 P:nvUbdizc  $00:91C9: 45 E6    EOR $E6 = #$02
f1159   c34491581    i46082815    A:20 X:3C Y:37 S:C8 P:nvUbdizc  $00:91CB: 10 08    BPL $91D5
f1159   c34491584    i46082816    A:20 X:3C Y:37 S:C8 P:nvUbdizc  $00:91D5: A5 E8    LDA $E8 = #$00
f1159   c34491587    i46082817    A:00 X:3C Y:37 S:C8 P:nvUbdiZc  $00:91D7: 18       CLC
f1159   c34491589    i46082818    A:00 X:3C Y:37 S:C8 P:nvUbdiZc  $00:91D8: 7D 6B 04 ADC $046B,X @ $04A7 = #$84
f1159   c34491593    i46082819    A:84 X:3C Y:37 S:C8 P:NvUbdizc  $00:91DB: 9D 6B 04 STA $046B,X @ $04A7 = #$84
f1159   c34491598    i46082820    A:84 X:3C Y:37 S:C8 P:NvUbdizc  $00:91DE: 6A       ROR
f1159   c34494734    i46083893    A:4C X:14 Y:01 S:C8 P:nvUbdizc  $00:91C8: 6A       ROR
f1159   c34494736    i46083894    A:26 X:14 Y:01 S:C8 P:nvUbdizc  $00:91C9: 45 E6    EOR $E6 = #$02
f1159   c34494739    i46083895    A:24 X:14 Y:01 S:C8 P:nvUbdizc  $00:91CB: 10 08    BPL $91D5
f1159   c34494742    i46083896    A:24 X:14 Y:01 S:C8 P:nvUbdizc  $00:91D5: A5 E8    LDA $E8 = #$00
f1159   c34494745    i46083897    A:00 X:14 Y:01 S:C8 P:nvUbdiZc  $00:91D7: 18       CLC
f1159   c34494747    i46083898    A:00 X:14 Y:01 S:C8 P:nvUbdiZc  $00:91D8: 7D 6B 04 ADC $046B,X @ $047F = #$94
f1159   c34494755    i46083899    A:94 X:14 Y:01 S:C8 P:NvUbdizc  $00:91DB: 9D 6B 04 STA $046B,X @ $047F = #$94
f1159   c34494760    i46083900    A:94 X:14 Y:01 S:C8 P:NvUbdizc  $00:91DE: 6A       ROR
f1159   c34494762    i46083901    A:4A X:14 Y:01 S:C8 P:nvUbdizc  $00:91DF: 45 E8    EOR $E8 = #$00
f1159   c34494765    i46083902    A:4A X:14 Y:01 S:C8 P:nvUbdizc  $00:91E1: 10 08    BPL $91EB
f1159   c34494768    i46083903    A:4A X:14 Y:01 S:C8 P:nvUbdizc  $00:91EB: 8A       TXA
f1159   c34494770    i46083904    A:14 X:14 Y:01 S:C8 P:nvUbdizc  $00:91EC: 18       CLC
f1159   c34494772    i46083905    A:14 X:14 Y:01 S:C8 P:nvUbdizc  $00:91ED: 69 04    ADC #$04
f1159   c34494774    i46083906    A:18 X:14 Y:01 S:C8 P:nvUbdizc  $00:91EF: AA       TAX
f1159   c34494776    i46083907    A:18 X:18 Y:01 S:C8 P:nvUbdizc  $00:91F0: 88       DEY
f1159   c34494778    i46083908    A:18 X:18 Y:00 S:C8 P:nvUbdiZc  $00:91F1: D0 CC    BNE $91BF
f1159   c34494780    i46083909    A:18 X:18 Y:00 S:C8 P:nvUbdiZc  $00:91F3: A0 01    LDY #$01
f1159   c34494782    i46083910    A:18 X:18 Y:01 S:C8 P:nvUbdizc  $00:91F5: B1 94    LDA ($94),Y @ $0589 = #$01
f1159   c34494787    i46083911    A:01 X:18 Y:01 S:C8 P:nvUbdizc  $00:91F7: 38       SEC
f1159   c34494789    i46083912    A:01 X:18 Y:01 S:C8 P:nvUbdizC  $00:91F8: E9 01    SBC #$01
f1159   c34494791    i46083913    A:00 X:18 Y:01 S:C8 P:nvUbdiZC  $00:91FA: 91 94    STA ($94),Y @ $0589 = #$01
f1159   c34494797    i46083914    A:00 X:18 Y:01 S:C8 P:nvUbdiZC  $00:91FC: F0 03    BEQ $9201
f1159   c34494801    i46083915    A:00 X:18 Y:01 S:C8 P:nvUbdiZC  $00:9201: A0 00    LDY #$00
f1159   c34494803    i46083916    A:00 X:18 Y:00 S:C8 P:nvUbdiZC  $00:9203: B1 94    LDA ($94),Y @ $0588 = #$A9
f1159   c34494808    i46083917    A:A9 X:18 Y:00 S:C8 P:NvUbdizC  $00:9205: 29 01    AND #$01
f1159   c34494810    i46083918    A:01 X:18 Y:00 S:C8 P:nvUbdizC  $00:9207: 18       CLC
f1159   c34494812    i46083919    A:01 X:18 Y:00 S:C8 P:nvUbdizc  $00:9208: 69 09    ADC #$09
f1159   c34494814    i46083920    A:0A X:18 Y:00 S:C8 P:nvUbdizc  $00:920A: AA       TAX
f1159   c34494816    i46083921    A:0A X:0A Y:00 S:C8 P:nvUbdizc  $00:920B: 20 B9 C4 JSR $C4B9
f1159   c34494822    i46083922    A:0A X:0A Y:00 S:C6 P:nvUbdizc  $0F:C4B9: 86 25    STX $25 = #$0A
f1159   c34494825    i46083923    A:0A X:0A Y:00 S:C6 P:nvUbdizc  $0F:C4BB: A9 07    LDA #$07
f1159   c34494827    i46083924    A:07 X:0A Y:00 S:C6 P:nvUbdizc  $0F:C4BD: 05 22    ORA $22 = #$00
f1159   c34494830    i46083925    A:07 X:0A Y:00 S:C6 P:nvUbdizc  $0F:C4BF: 85 23    STA $23 = #$06
f1159   c34494833    i46083926    A:07 X:0A Y:00 S:C6 P:nvUbdizc  $0F:C4C1: 8D 00 80 STA $8000 = #$A5
f1159   c34494837    i46083927    A:07 X:0A Y:00 S:C6 P:nvUbdizc  $0F:C4C4: 8E 01 80 STX $8001 = #$27
f1159   c34494841    i46083928    A:07 X:0A Y:00 S:C6 P:nvUbdizc  $0F:C4C7: 60       RTS (from $C4B9)
f1159   c34494847    i46083929    A:07 X:0A Y:00 S:C8 P:nvUbdizc  $00:920E: A0 02    LDY #$02
f1159   c34494849    i46083930    A:07 X:0A Y:02 S:C8 P:nvUbdizc  $00:9210: B1 94    LDA ($94),Y @ $058A = #$7F
f1159   c34494854    i46083931    A:7F X:0A Y:02 S:C8 P:nvUbdizc  $00:9212: 85 92    STA $92 = #$7E
f1159   c34494857    i46083932    A:7F X:0A Y:02 S:C8 P:nvUbdizc  $00:9214: C8       INY
f1159   c34494859    i46083933    A:7F X:0A Y:03 S:C8 P:nvUbdizc  $00:9215: B1 94    LDA ($94),Y @ $058B = #$A2
f1159   c34494864    i46083934    A:A2 X:0A Y:03 S:C8 P:NvUbdizc  $00:9217: 85 93    STA $93 = #$A2
f1159   c34495973    i46084317    A:00 X:48 Y:00 S:C6 P:nvUbdiZc  $00:9561: 85 EC    STA $EC = #$00
f1159   c34495976    i46084318    A:00 X:48 Y:00 S:C6 P:nvUbdiZc  $00:9563: B1 E6    LDA ($E6),Y @ $AE47 = #$0F
f1159   c34495981    i46084319    A:0F X:48 Y:00 S:C6 P:nvUbdizc  $00:9565: 29 03    AND #$03
f1159   c34495983    i46084320    A:03 X:48 Y:00 S:C6 P:nvUbdizc  $00:9567: 05 EC    ORA $EC = #$00
f1159   c34495986    i46084321    A:03 X:48 Y:00 S:C6 P:nvUbdizc  $00:9569: 9D 6A 04 STA $046A,X @ $04B2 = #$03
f1159   c34495991    i46084322    A:03 X:48 Y:00 S:C6 P:nvUbdizc  $00:956C: C8       INY
f1159   c34495993    i46084323    A:03 X:48 Y:01 S:C6 P:nvUbdizc  $00:956D: B1 E6    LDA ($E6),Y @ $AE48 = #$74
f1159   c34495998    i46084324    A:74 X:48 Y:01 S:C6 P:nvUbdizc  $00:956F: 9D 69 04 STA $0469,X @ $04B1 = #$65
f1159   c34496003    i46084325    A:74 X:48 Y:01 S:C6 P:nvUbdizc  $00:9572: A5 98    LDA $98 = #$48
f1159   c34496006    i46084326    A:48 X:48 Y:01 S:C6 P:nvUbdizc  $00:9574: 18       CLC
f1159   c34496008    i46084327    A:48 X:48 Y:01 S:C6 P:nvUbdizc  $00:9575: 69 04    ADC #$04
f1159   c34496010    i46084328    A:4C X:48 Y:01 S:C6 P:nvUbdizc  $00:9577: 85 98    STA $98 = #$48
f1159   c34496013    i46084329    A:4C X:48 Y:01 S:C6 P:nvUbdizc  $00:9579: A5 E6    LDA $E6 = #$47
f1159   c34496016    i46084330    A:47 X:48 Y:01 S:C6 P:nvUbdizc  $00:957B: 18       CLC
f1159   c34496018    i46084331    A:47 X:48 Y:01 S:C6 P:nvUbdizc  $00:957C: 69 02    ADC #$02
f1159   c34496020    i46084332    A:49 X:48 Y:01 S:C6 P:nvUbdizc  $00:957E: 85 E6    STA $E6 = #$47
f1159   c34496023    i46084333    A:49 X:48 Y:01 S:C6 P:nvUbdizc  $00:9580: A5 E7    LDA $E7 = #$AE
f1159   c34496026    i46084334    A:AE X:48 Y:01 S:C6 P:NvUbdizc  $00:9582: 69 00    ADC #$00
f1159   c34496028    i46084335    A:AE X:48 Y:01 S:C6 P:NvUbdizc  $00:9584: 85 E7    STA $E7 = #$AE
f1159   c34496031    i46084336    A:AE X:48 Y:01 S:C6 P:NvUbdizc  $00:9586: 4C 15 95 JMP $9515
f1159   c34496034    i46084337    A:AE X:48 Y:01 S:C6 P:NvUbdizc  $00:9515: A0 00    LDY #$00
f1159   c34496036    i46084338    A:AE X:48 Y:00 S:C6 P:nvUbdiZc  $00:9517: B1 E6    LDA ($E6),Y @ $AE49 = #$FB
f1159   c34496041    i46084339    A:FB X:48 Y:00 S:C6 P:NvUbdizc  $00:9519: 30 6E    BMI $9589
f1159   c34496044    i46084340    A:FB X:48 Y:00 S:C6 P:NvUbdizc  $00:9589: C9 A0    CMP #$A0
f1159   c34496050    i46084341    A:FB X:48 Y:00 S:C6 P:nvUbdizC  $00:958B: B0 22    BCS $95AF
f1159   c34496053    i46084342    A:FB X:48 Y:00 S:C6 P:nvUbdizC  $00:95AF: C9 C0    CMP #$C0
f1159   c34496055    i46084343    A:FB X:48 Y:00 S:C6 P:nvUbdizC  $00:95B1: B0 32    BCS $95E5
f1159   c34496058    i46084344    A:FB X:48 Y:00 S:C6 P:nvUbdizC  $00:95E5: C9 D0    CMP #$D0
f1159   c34496060    i46084345    A:FB X:48 Y:00 S:C6 P:nvUbdizC  $00:95E7: 90 03    BCC $95EC
f1159   c34496062    i46084346    A:FB X:48 Y:00 S:C6 P:nvUbdizC  $00:95E9: 4C 84 96 JMP $9684
f1159   c34496065    i46084347    A:FB X:48 Y:00 S:C6 P:nvUbdizC  $00:9684: 38       SEC
f1159   c34496067    i46084348    A:FB X:48 Y:00 S:C6 P:nvUbdizC  $00:9685: E9 F8    SBC #$F8
f1159   c34496069    i46084349    A:03 X:48 Y:00 S:C6 P:nvUbdizC  $00:9687: 0A       ASL
f1159   c34496071    i46084350    A:06 X:48 Y:00 S:C6 P:nvUbdizc  $00:9688: AA       TAX
f1159   c34496073    i46084351    A:06 X:06 Y:00 S:C6 P:nvUbdizc  $00:9689: BD 93 96 LDA $9693,X @ $9699 = #$96
f1159   c34496077    i46084352    A:96 X:06 Y:00 S:C6 P:NvUbdizc  $00:968C: 48       PHA
f1159   c34496080    i46084353    A:96 X:06 Y:00 S:C5 P:NvUbdizc  $00:968D: BD 92 96 LDA $9692,X @ $9698 = #$C6
f1159   c34496084    i46084354    A:C6 X:06 Y:00 S:C5 P:NvUbdizc  $00:9690: 48       PHA
f1159   c34496087    i46084355    A:C6 X:06 Y:00 S:C4 P:NvUbdizc  $00:9691: 60       RTS
f1159   c34496093    i46084356    A:C6 X:06 Y:00 S:C6 P:NvUbdizc  $00:96C7: A0 01    LDY #$01
f1159   c34496095    i46084357    A:C6 X:06 Y:01 S:C6 P:nvUbdizc  $00:96C9: B1 E6    LDA ($E6),Y @ $AE4A = #$71
f1159   c34496100    i46084358    A:71 X:06 Y:01 S:C6 P:nvUbdizc  $00:96CB: AA       TAX
f1160   c34521386    i46092352    A:00 X:00 Y:07 S:C8 P:nvUbdiZC  $00:91A1: 85 E8    STA $E8 = #$74
f1160   c34521389    i46092353    A:00 X:00 Y:07 S:C8 P:nvUbdiZC  $00:91A3: 4C B4 91 JMP $91B4
f1160   c34521392    i46092354    A:00 X:00 Y:07 S:C8 P:nvUbdiZC  $00:91B4: A0 10    LDY #$10
f1160   c34521394    i46092355    A:00 X:00 Y:10 S:C8 P:nvUbdizC  $00:91B6: B1 94    LDA ($94),Y @ $0598 = #$38
f1160   c34521399    i46092356    A:38 X:00 Y:10 S:C8 P:nvUbdizC  $00:91B8: AA       TAX
f1160   c34521401    i46092357    A:38 X:38 Y:10 S:C8 P:nvUbdizC  $00:91B9: C8       INY
f1160   c34521403    i46092358    A:38 X:38 Y:11 S:C8 P:nvUbdizC  $00:91BA: B1 94    LDA ($94),Y @ $0599 = #$E0
f1160   c34521408    i46092359    A:E0 X:38 Y:11 S:C8 P:NvUbdizC  $00:91BC: 4A       LSR
f1160   c34521410    i46092360    A:70 X:38 Y:11 S:C8 P:nvUbdizc  $00:91BD: 4A       LSR
f1160   c34521412    i46092361    A:38 X:38 Y:11 S:C8 P:nvUbdizc  $00:91BE: A8       TAY
f1160   c34521414    i46092362    A:38 X:38 Y:38 S:C8 P:nvUbdizc  $00:91BF: A5 E6    LDA $E6 = #$FE
f1160   c34521417    i46092363    A:FE X:38 Y:38 S:C8 P:NvUbdizc  $00:91C1: 18       CLC
f1160   c34521419    i46092364    A:FE X:38 Y:38 S:C8 P:NvUbdizc  $00:91C2: 7D 68 04 ADC $0468,X @ $04A0 = #$4C
f1160   c34521423    i46092365    A:4A X:38 Y:38 S:C8 P:nvUbdizC  $00:91C5: 9D 68 04 STA $0468,X @ $04A0 = #$4C
f1160   c34521428    i46092366    A:4A X:38 Y:38 S:C8 P:nvUbdizC  $00:91C8: 6A       ROR
f1160   c34521430    i46092367    A:A5 X:38 Y:38 S:C8 P:NvUbdizc  $00:91C9: 45 E6    EOR $E6 = #$FE
f1160   c34521433    i46092368    A:5B X:38 Y:38 S:C8 P:nvUbdizc  $00:91CB: 10 08    BPL $91D5
f1160   c34521436    i46092369    A:5B X:38 Y:38 S:C8 P:nvUbdizc  $00:91D5: A5 E8    LDA $E8 = #$00
f1160   c34521439    i46092370    A:00 X:38 Y:38 S:C8 P:nvUbdiZc  $00:91D7: 18       CLC
f1160   c34521441    i46092371    A:00 X:38 Y:38 S:C8 P:nvUbdiZc  $00:91D8: 7D 6B 04 ADC $046B,X @ $04A3 = #$6C
f1160   c34521445    i46092372    A:6C X:38 Y:38 S:C8 P:nvUbdizc  $00:91DB: 9D 6B 04 STA $046B,X @ $04A3 = #$6C
f1160   c34521450    i46092373    A:6C X:38 Y:38 S:C8 P:nvUbdizc  $00:91DE: 6A       ROR
f1160   c34521452    i46092374    A:36 X:38 Y:38 S:C8 P:nvUbdizc  $00:91DF: 45 E8    EOR $E8 = #$00
f1160   c34521455    i46092375    A:36 X:38 Y:38 S:C8 P:nvUbdizc  $00:91E1: 10 08    BPL $91EB
f1160   c34521458    i46092376    A:36 X:38 Y:38 S:C8 P:nvUbdizc  $00:91EB: 8A       TXA
f1160   c34521460    i46092377    A:38 X:38 Y:38 S:C8 P:nvUbdizc  $00:91EC: 18       CLC
f1160   c34521462    i46092378    A:38 X:38 Y:38 S:C8 P:nvUbdizc  $00:91ED: 69 04    ADC #$04
f1160   c34521464    i46092379    A:3C X:38 Y:38 S:C8 P:nvUbdizc  $00:91EF: AA       TAX
f1160   c34521466    i46092380    A:3C X:3C Y:38 S:C8 P:nvUbdizc  $00:91F0: 88       DEY
f1160   c34521468    i46092381    A:3C X:3C Y:37 S:C8 P:nvUbdizc  $00:91F1: D0 CC    BNE $91BF
f1160   c34521471    i46092382    A:3C X:3C Y:37 S:C8 P:nvUbdizc  $00:91BF: A5 E6    LDA $E6 = #$FE
f1160   c34521474    i46092383    A:FE X:3C Y:37 S:C8 P:NvUbdizc  $00:91C1: 18       CLC
f1160   c34521476    i46092384    A:FE X:3C Y:37 S:C8 P:NvUbdizc  $00:91C2: 7D 68 04 ADC $0468,X @ $04A4 = #$54
f1160   c34521480    i46092385    A:52 X:3C Y:37 S:C8 P:nvUbdizC  $00:91C5: 9D 68 04 STA $0468,X @ $04A4 = #$54
f1160   c34521485    i46092386    A:52 X:3C Y:37 S:C8 P:nvUbdizC  $00:91C8: 6A       ROR
f1160   c34521487    i46092387    A:A9 X:3C Y:37 S:C8 P:NvUbdizc  $00:91C9: 45 E6    EOR $E6 = #$FE
f1160   c34521490    i46092388    A:57 X:3C Y:37 S:C8 P:nvUbdizc  $00:91CB: 10 08    BPL $91D5
f1160   c34521493    i46092389    A:57 X:3C Y:37 S:C8 P:nvUbdizc  $00:91D5: A5 E8    LDA $E8 = #$00
f1160   c34521496    i46092390    A:00 X:3C Y:37 S:C8 P:nvUbdiZc  $00:91D7: 18       CLC
f1160   c34521498    i46092391    A:00 X:3C Y:37 S:C8 P:nvUbdiZc  $00:91D8: 7D 6B 04 ADC $046B,X @ $04A7 = #$6C
f1160   c34521502    i46092392    A:6C X:3C Y:37 S:C8 P:nvUbdizc  $00:91DB: 9D 6B 04 STA $046B,X @ $04A7 = #$6C
f1160   c34521507    i46092393    A:6C X:3C Y:37 S:C8 P:nvUbdizc  $00:91DE: 6A       ROR
f1166   c34707239    i46151744    A:30 X:02 Y:03 S:E0 P:nvUbdizc  $00:9FC6: BA       TSX
f1166   c34707241    i46151745    A:30 X:E0 Y:03 S:E0 P:NvUbdizc  $00:9FC7: 8A       TXA
f1166   c34707243    i46151746    A:E0 X:E0 Y:03 S:E0 P:NvUbdizc  $00:9FC8: A6 00    LDX $00 = #$15
f1166   c34707246    i46151747    A:E0 X:15 Y:03 S:E0 P:nvUbdizc  $00:9FCA: 95 01    STA $01,X @ $0016 = #$E0
f1166   c34707250    i46151748    A:E0 X:15 Y:03 S:E0 P:nvUbdizc  $00:9FCC: AD 24 00 LDA $0024 = #$00
f1166   c34707254    i46151749    A:00 X:15 Y:03 S:E0 P:nvUbdiZc  $00:9FCF: 95 02    STA $02,X @ $0017 = #$00
f1166   c34707258    i46151750    A:00 X:15 Y:03 S:E0 P:nvUbdiZc  $00:9FD1: AD 25 00 LDA $0025 = #$02
f1166   c34707262    i46151751    A:02 X:15 Y:03 S:E0 P:nvUbdizc  $00:9FD4: 95 03    STA $03,X @ $0018 = #$02
f1166   c34707266    i46151752    A:02 X:15 Y:03 S:E0 P:nvUbdizc  $00:9FD6: A5 19    LDA $19 = #$01
f1166   c34707269    i46151753    A:01 X:15 Y:03 S:E0 P:nvUbdizc  $00:9FD8: F0 04    BEQ $9FDE
f1166   c34707271    i46151754    A:01 X:15 Y:03 S:E0 P:nvUbdizc  $00:9FDA: C9 FF    CMP #$FF
f1166   c34707273    i46151755    A:01 X:15 Y:03 S:E0 P:nvUbdizc  $00:9FDC: D0 02    BNE $9FE0
f1166   c34707276    i46151756    A:01 X:15 Y:03 S:E0 P:nvUbdizc  $00:9FE0: 95 00    STA $00,X @ $0015 = #$00
f1166   c34707280    i46151757    A:01 X:15 Y:03 S:E0 P:nvUbdizc  $00:9FE2: 4C FB 9E JMP $9EFB
f1166   c34707283    i46151758    A:01 X:15 Y:03 S:E0 P:nvUbdizc  $00:9EFB: 8A       TXA
f1166   c34707285    i46151759    A:15 X:15 Y:03 S:E0 P:nvUbdizc  $00:9EFC: 18       CLC
f1166   c34707287    i46151760    A:15 X:15 Y:03 S:E0 P:nvUbdizc  $00:9EFD: 69 04    ADC #$04
f1166   c34707289    i46151761    A:19 X:15 Y:03 S:E0 P:nvUbdizc  $00:9EFF: AA       TAX
f1166   c34707291    i46151762    A:19 X:19 Y:03 S:E0 P:nvUbdizc  $00:9F00: E0 19    CPX #$19
f1166   c34707297    i46151763    A:19 X:19 Y:03 S:E0 P:nvUbdiZC  $00:9F02: D0 EB    BNE $9EEF
f1166   c34707299    i46151764    A:19 X:19 Y:03 S:E0 P:nvUbdiZC  $00:9F04: A5 1B    LDA $1B = #$40
f1166   c34707302    i46151765    A:40 X:19 Y:03 S:E0 P:nvUbdizC  $00:9F06: 10 FC    BPL $9F04
f1166   c34707305    i46151766    A:40 X:19 Y:03 S:E0 P:nvUbdizC  $00:9F04: A5 1B    LDA $1B = #$40
f1166   c34707308    i46151767    A:40 X:19 Y:03 S:E0 P:nvUbdizC  $00:9F06: 10 FC    BPL $9F04
f1166   c34707311    i46151768    A:40 X:19 Y:03 S:E0 P:nvUbdizC  $00:9F04: A5 1B    LDA $1B = #$40
f1166   c34707314    i46151769    A:40 X:19 Y:03 S:E0 P:nvUbdizC  $00:9F06: 10 FC    BPL $9F04
f1166   c34707317    i46151770    A:40 X:19 Y:03 S:E0 P:nvUbdizC  $00:9F04: A5 1B    LDA $1B = #$40
f1166   c34707320    i46151771    A:40 X:19 Y:03 S:E0 P:nvUbdizC  $00:9F06: 10 FC    BPL $9F04
f1166   c34707323    i46151772    A:40 X:19 Y:03 S:E0 P:nvUbdizC  $00:9F04: A5 1B    LDA $1B = #$40
f1166   c34707326    i46151773    A:40 X:19 Y:03 S:E0 P:nvUbdizC  $00:9F06: 10 FC    BPL $9F04
f1166   c34707329    i46151774    A:40 X:19 Y:03 S:E0 P:nvUbdizC  $00:9F04: A5 1B    LDA $1B = #$40
f1166   c34707332    i46151775    A:40 X:19 Y:03 S:E0 P:nvUbdizC  $00:9F06: 10 FC    BPL $9F04
f1166   c34707335    i46151776    A:40 X:19 Y:03 S:E0 P:nvUbdizC  $00:9F04: A5 1B    LDA $1B = #$40
f1166   c34707338    i46151777    A:40 X:19 Y:03 S:E0 P:nvUbdizC  $00:9F06: 10 FC    BPL $9F04
f1166   c34707341    i46151778    A:40 X:19 Y:03 S:E0 P:nvUbdizC  $00:9F04: A5 1B    LDA $1B = #$40
f1166   c34707344    i46151779    A:40 X:19 Y:03 S:E0 P:nvUbdizC  $00:9F06: 10 FC    BPL $9F04
f1166   c34707347    i46151780    A:40 X:19 Y:03 S:E0 P:nvUbdizC  $00:9F04: A5 1B    LDA $1B = #$40
f1166   c34707350    i46151781    A:40 X:19 Y:03 S:E0 P:nvUbdizC  $00:9F06: 10 FC    BPL $9F04
f1166   c34707353    i46151782    A:40 X:19 Y:03 S:E0 P:nvUbdizC  $00:9F04: A5 1B    LDA $1B = #$40
f1166   c34707356    i46151783    A:40 X:19 Y:03 S:E0 P:nvUbdizC  $00:9F06: 10 FC    BPL $9F04
f1166   c34707359    i46151784    A:40 X:19 Y:03 S:E0 P:nvUbdizC  $00:9F04: A5 1B    LDA $1B = #$40
f1166   c34707362    i46151785    A:40 X:19 Y:03 S:E0 P:nvUbdizC  $00:9F06: 10 FC    BPL $9F04
f1167   c34724997    i46157420    A:00 X:02 Y:08 S:DB P:nVUbdIzc  $01:A0ED: BD 15 40 LDA $4015,X @ $4017 = #$01
f1167   c34725001    i46157421    A:40 X:02 Y:08 S:DB P:nVUbdIzc  $01:A0F0: 4A       LSR
f1167   c34725003    i46157422    A:20 X:02 Y:08 S:DB P:nVUbdIzc  $01:A0F1: 26 3F    ROL $3F = #$00
f1167   c34725012    i46157423    A:20 X:02 Y:08 S:DB P:nVUbdIZc  $01:A0F3: 29 01    AND #$01
f1167   c34725014    i46157424    A:00 X:02 Y:08 S:DB P:nVUbdIZc  $01:A0F5: 05 3F    ORA $3F = #$00
f1167   c34725017    i46157425    A:00 X:02 Y:08 S:DB P:nVUbdIZc  $01:A0F7: 85 3F    STA $3F = #$00
f1167   c34725020    i46157426    A:00 X:02 Y:08 S:DB P:nVUbdIZc  $01:A0F9: 88       DEY
f1167   c34725022    i46157427    A:00 X:02 Y:07 S:DB P:nVUbdIzc  $01:A0FA: D0 F1    BNE $A0ED
f1167   c34725025    i46157428    A:00 X:02 Y:07 S:DB P:nVUbdIzc  $01:A0ED: BD 15 40 LDA $4015,X @ $4017 = #$01
f1167   c34725029    i46157429    A:40 X:02 Y:07 S:DB P:nVUbdIzc  $01:A0F0: 4A       LSR
f1167   c34725031    i46157430    A:20 X:02 Y:07 S:DB P:nVUbdIzc  $01:A0F1: 26 3F    ROL $3F = #$00
f1167   c34725036    i46157431    A:20 X:02 Y:07 S:DB P:nVUbdIZc  $01:A0F3: 29 01    AND #$01
f1167   c34725038    i46157432    A:00 X:02 Y:07 S:DB P:nVUbdIZc  $01:A0F5: 05 3F    ORA $3F = #$00
f1167   c34725041    i46157433    A:00 X:02 Y:07 S:DB P:nVUbdIZc  $01:A0F7: 85 3F    STA $3F = #$00
f1167   c34725044    i46157434    A:00 X:02 Y:07 S:DB P:nVUbdIZc  $01:A0F9: 88       DEY
f1167   c34725046    i46157435    A:00 X:02 Y:06 S:DB P:nVUbdIzc  $01:A0FA: D0 F1    BNE $A0ED
f1167   c34725049    i46157436    A:00 X:02 Y:06 S:DB P:nVUbdIzc  $01:A0ED: BD 15 40 LDA $4015,X @ $4017 = #$01
f1167   c34725053    i46157437    A:40 X:02 Y:06 S:DB P:nVUbdIzc  $01:A0F0: 4A       LSR
f1167   c34725055    i46157438    A:20 X:02 Y:06 S:DB P:nVUbdIzc  $01:A0F1: 26 3F    ROL $3F = #$00
f1167   c34725060    i46157439    A:20 X:02 Y:06 S:DB P:nVUbdIZc  $01:A0F3: 29 01    AND #$01
f1167   c34725062    i46157440    A:00 X:02 Y:06 S:DB P:nVUbdIZc  $01:A0F5: 05 3F    ORA $3F = #$00
f1167   c34725065    i46157441    A:00 X:02 Y:06 S:DB P:nVUbdIZc  $01:A0F7: 85 3F    STA $3F = #$00
f1167   c34725068    i46157442    A:00 X:02 Y:06 S:DB P:nVUbdIZc  $01:A0F9: 88       DEY
f1167   c34725070    i46157443    A:00 X:02 Y:05 S:DB P:nVUbdIzc  $01:A0FA: D0 F1    BNE $A0ED
f1167   c34725073    i46157444    A:00 X:02 Y:05 S:DB P:nVUbdIzc  $01:A0ED: BD 15 40 LDA $4015,X @ $4017 = #$01
f1167   c34725077    i46157445    A:40 X:02 Y:05 S:DB P:nVUbdIzc  $01:A0F0: 4A       LSR
f1167   c34725079    i46157446    A:20 X:02 Y:05 S:DB P:nVUbdIzc  $01:A0F1: 26 3F    ROL $3F = #$00
f1167   c34725084    i46157447    A:20 X:02 Y:05 S:DB P:nVUbdIZc  $01:A0F3: 29 01    AND #$01
f1167   c34725086    i46157448    A:00 X:02 Y:05 S:DB P:nVUbdIZc  $01:A0F5: 05 3F    ORA $3F = #$00
f1167   c34725089    i46157449    A:00 X:02 Y:05 S:DB P:nVUbdIZc  $01:A0F7: 85 3F    STA $3F = #$00
f1167   c34725092    i46157450    A:00 X:02 Y:05 S:DB P:nVUbdIZc  $01:A0F9: 88       DEY
f1167   c34725094    i46157451    A:00 X:02 Y:04 S:DB P:nVUbdIzc  $01:A0FA: D0 F1    BNE $A0ED
f1167   c34725097    i46157452    A:00 X:02 Y:04 S:DB P:nVUbdIzc  $01:A0ED: BD 15 40 LDA $4015,X @ $4017 = #$01
f1167   c34725101    i46157453    A:40 X:02 Y:04 S:DB P:nVUbdIzc  $01:A0F0: 4A       LSR
f1167   c34725103    i46157454    A:20 X:02 Y:04 S:DB P:nVUbdIzc  $01:A0F1: 26 3F    ROL $3F = #$00
f1167   c34725108    i46157455    A:20 X:02 Y:04 S:DB P:nVUbdIZc  $01:A0F3: 29 01    AND #$01
f1167   c34725110    i46157456    A:00 X:02 Y:04 S:DB P:nVUbdIZc  $01:A0F5: 05 3F    ORA $3F = #$00
f1167   c34725113    i46157457    A:00 X:02 Y:04 S:DB P:nVUbdIZc  $01:A0F7: 85 3F    STA $3F = #$00
f1167   c34725116    i46157458    A:00 X:02 Y:04 S:DB P:nVUbdIZc  $01:A0F9: 88       DEY
f1167   c34725118    i46157459    A:00 X:02 Y:03 S:DB P:nVUbdIzc  $01:A0FA: D0 F1    BNE $A0ED
f1167   c34725121    i46157460    A:00 X:02 Y:03 S:DB P:nVUbdIzc  $01:A0ED: BD 15 40 LDA $4015,X @ $4017 = #$01
f1167   c34725125    i46157461    A:40 X:02 Y:03 S:DB P:nVUbdIzc  $01:A0F0: 4A       LSR
f1174   c34937720    i46225334    A:00 X:00 Y:07 S:C8 P:nvUbdiZC  $00:91A3: 4C B4 91 JMP $91B4
f1174   c34937723    i46225335    A:00 X:00 Y:07 S:C8 P:nvUbdiZC  $00:91B4: A0 10    LDY #$10
f1174   c34937725    i46225336    A:00 X:00 Y:10 S:C8 P:nvUbdizC  $00:91B6: B1 94    LDA ($94),Y @ $0598 = #$38
f1174   c34937730    i46225337    A:38 X:00 Y:10 S:C8 P:nvUbdizC  $00:91B8: AA       TAX
f1174   c34937732    i46225338    A:38 X:38 Y:10 S:C8 P:nvUbdizC  $00:91B9: C8       INY
f1174   c34937734    i46225339    A:38 X:38 Y:11 S:C8 P:nvUbdizC  $00:91BA: B1 94    LDA ($94),Y @ $0599 = #$E0
f1174   c34937739    i46225340    A:E0 X:38 Y:11 S:C8 P:NvUbdizC  $00:91BC: 4A       LSR
f1174   c34937741    i46225341    A:70 X:38 Y:11 S:C8 P:nvUbdizc  $00:91BD: 4A       LSR
f1174   c34937743    i46225342    A:38 X:38 Y:11 S:C8 P:nvUbdizc  $00:91BE: A8       TAY
f1174   c34937745    i46225343    A:38 X:38 Y:38 S:C8 P:nvUbdizc  $00:91BF: A5 E6    LDA $E6 = #$01
f1174   c34937748    i46225344    A:01 X:38 Y:38 S:C8 P:nvUbdizc  $00:91C1: 18       CLC
f1174   c34937750    i46225345    A:01 X:38 Y:38 S:C8 P:nvUbdizc  $00:91C2: 7D 68 04 ADC $0468,X @ $04A0 = #$4A
f1174   c34937754    i46225346    A:4B X:38 Y:38 S:C8 P:nvUbdizc  $00:91C5: 9D 68 04 STA $0468,X @ $04A0 = #$4A
f1174   c34937759    i46225347    A:4B X:38 Y:38 S:C8 P:nvUbdizc  $00:91C8: 6A       ROR
f1174   c34937761    i46225348    A:25 X:38 Y:38 S:C8 P:nvUbdizC  $00:91C9: 45 E6    EOR $E6 = #$01
f1174   c34937764    i46225349    A:24 X:38 Y:38 S:C8 P:nvUbdizC  $00:91CB: 10 08    BPL $91D5
f1174   c34937767    i46225350    A:24 X:38 Y:38 S:C8 P:nvUbdizC  $00:91D5: A5 E8    LDA $E8 = #$00
f1174   c34937770    i46225351    A:00 X:38 Y:38 S:C8 P:nvUbdiZC  $00:91D7: 18       CLC
f1174   c34937772    i46225352    A:00 X:38 Y:38 S:C8 P:nvUbdiZc  $00:91D8: 7D 6B 04 ADC $046B,X @ $04A3 = #$6C
f1174   c34937776    i46225353    A:6C X:38 Y:38 S:C8 P:nvUbdizc  $00:91DB: 9D 6B 04 STA $046B,X @ $04A3 = #$6C
f1174   c34937781    i46225354    A:6C X:38 Y:38 S:C8 P:nvUbdizc  $00:91DE: 6A       ROR
f1174   c34937783    i46225355    A:36 X:38 Y:38 S:C8 P:nvUbdizc  $00:91DF: 45 E8    EOR $E8 = #$00
f1174   c34937786    i46225356    A:36 X:38 Y:38 S:C8 P:nvUbdizc  $00:91E1: 10 08    BPL $91EB
f1174   c34937789    i46225357    A:36 X:38 Y:38 S:C8 P:nvUbdizc  $00:91EB: 8A       TXA
f1174   c34937791    i46225358    A:38 X:38 Y:38 S:C8 P:nvUbdizc  $00:91EC: 18       CLC
f1174   c34937793    i46225359    A:38 X:38 Y:38 S:C8 P:nvUbdizc  $00:91ED: 69 04    ADC #$04
f1174   c34937795    i46225360    A:3C X:38 Y:38 S:C8 P:nvUbdizc  $00:91EF: AA       TAX
f1174   c34937797    i46225361    A:3C X:3C Y:38 S:C8 P:nvUbdizc  $00:91F0: 88       DEY
f1174   c34937799    i46225362    A:3C X:3C Y:37 S:C8 P:nvUbdizc  $00:91F1: D0 CC    BNE $91BF
f1174   c34937802    i46225363    A:3C X:3C Y:37 S:C8 P:nvUbdizc  $00:91BF: A5 E6    LDA $E6 = #$01
f1174   c34937805    i46225364    A:01 X:3C Y:37 S:C8 P:nvUbdizc  $00:91C1: 18       CLC
f1174   c34937807    i46225365    A:01 X:3C Y:37 S:C8 P:nvUbdizc  $00:91C2: 7D 68 04 ADC $0468,X @ $04A4 = #$52
f1174   c34937811    i46225366    A:53 X:3C Y:37 S:C8 P:nvUbdizc  $00:91C5: 9D 68 04 STA $0468,X @ $04A4 = #$52
f1174   c34937816    i46225367    A:53 X:3C Y:37 S:C8 P:nvUbdizc  $00:91C8: 6A       ROR
f1174   c34937818    i46225368    A:29 X:3C Y:37 S:C8 P:nvUbdizC  $00:91C9: 45 E6    EOR $E6 = #$01
f1174   c34937821    i46225369    A:28 X:3C Y:37 S:C8 P:nvUbdizC  $00:91CB: 10 08    BPL $91D5
f1174   c34937824    i46225370    A:28 X:3C Y:37 S:C8 P:nvUbdizC  $00:91D5: A5 E8    LDA $E8 = #$00
f1174   c34937827    i46225371    A:00 X:3C Y:37 S:C8 P:nvUbdiZC  $00:91D7: 18       CLC
f1174   c34937829    i46225372    A:00 X:3C Y:37 S:C8 P:nvUbdiZc  $00:91D8: 7D 6B 04 ADC $046B,X @ $04A7 = #$6C
f1174   c34937833    i46225373    A:6C X:3C Y:37 S:C8 P:nvUbdizc  $00:91DB: 9D 6B 04 STA $046B,X @ $04A7 = #$6C
f1174   c34937838    i46225374    A:6C X:3C Y:37 S:C8 P:nvUbdizc  $00:91DE: 6A       ROR
f1174   c34937840    i46225375    A:36 X:3C Y:37 S:C8 P:nvUbdizc  $00:91DF: 45 E8    EOR $E8 = #$00
f1182   c35175537    i46301501    A:68 X:18 Y:00 S:C8 P:nvUbdizc  $00:94C3: 18       CLC
f1182   c35175539    i46301502    A:68 X:18 Y:00 S:C8 P:nvUbdizc  $00:94C4: 69 20    ADC #$20
f1182   c35175541    i46301503    A:88 X:18 Y:00 S:C8 P:NVUbdizc  $00:94C6: 85 94    STA $94 = #$68
f1182   c35175544    i46301504    A:88 X:18 Y:00 S:C8 P:NVUbdizc  $00:94C8: A5 95    LDA $95 = #$05
f1182   c35175547    i46301505    A:05 X:18 Y:00 S:C8 P:nVUbdizc  $00:94CA: 69 00    ADC #$00
f1182   c35175549    i46301506    A:05 X:18 Y:00 S:C8 P:nvUbdizc  $00:94CC: 85 95    STA $95 = #$05
f1182   c35175552    i46301507    A:05 X:18 Y:00 S:C8 P:nvUbdizc  $00:94CE: C6 96    DEC $96 = #$04
f1182   c35175557    i46301508    A:05 X:18 Y:00 S:C8 P:nvUbdizc  $00:94D0: F0 03    BEQ $94D5
f1182   c35175559    i46301509    A:05 X:18 Y:00 S:C8 P:nvUbdizc  $00:94D2: 4C 54 91 JMP $9154
f1182   c35175562    i46301510    A:05 X:18 Y:00 S:C8 P:nvUbdizc  $00:9154: A0 00    LDY #$00
f1182   c35175564    i46301511    A:05 X:18 Y:00 S:C8 P:nvUbdiZc  $00:9156: B1 94    LDA ($94),Y @ $0588 = #$A9
f1182   c35175569    i46301512    A:A9 X:18 Y:00 S:C8 P:NvUbdizc  $00:9158: 30 03    BMI $915D
f1182   c35175572    i46301513    A:A9 X:18 Y:00 S:C8 P:NvUbdizc  $00:915D: AA       TAX
f1182   c35175574    i46301514    A:A9 X:A9 Y:00 S:C8 P:NvUbdizc  $00:915E: A0 04    LDY #$04
f1182   c35175576    i46301515    A:A9 X:A9 Y:04 S:C8 P:nvUbdizc  $00:9160: 20 4A 97 JSR $974A
f1182   c35175582    i46301516    A:A9 X:A9 Y:04 S:C6 P:nvUbdizc  $00:974A: B1 94    LDA ($94),Y @ $058C = #$00
f1182   c35175587    i46301517    A:00 X:A9 Y:04 S:C6 P:nvUbdiZc  $00:974C: 0A       ASL
f1182   c35175589    i46301518    A:00 X:A9 Y:04 S:C6 P:nvUbdiZc  $00:974D: C8       INY
f1182   c35175591    i46301519    A:00 X:A9 Y:05 S:C6 P:nvUbdizc  $00:974E: B1 94    LDA ($94),Y @ $058D = #$21
f1182   c35175596    i46301520    A:21 X:A9 Y:05 S:C6 P:nvUbdizc  $00:9750: 2A       ROL
f1182   c35175598    i46301521    A:42 X:A9 Y:05 S:C6 P:nvUbdizc  $00:9751: 99 95 00 STA $0095,Y @ $009A = #$42
f1182   c35175603    i46301522    A:42 X:A9 Y:05 S:C6 P:nvUbdizc  $00:9754: A9 00    LDA #$00
f1182   c35175605    i46301523    A:00 X:A9 Y:05 S:C6 P:nvUbdiZc  $00:9756: 2A       ROL
f1182   c35175607    i46301524    A:00 X:A9 Y:05 S:C6 P:nvUbdiZc  $00:9757: 99 96 00 STA $0096,Y @ $009B = #$00
f1182   c35175612    i46301525    A:00 X:A9 Y:05 S:C6 P:nvUbdiZc  $00:975A: 60       RTS (from $974A)
f1182   c35175618    i46301526    A:00 X:A9 Y:05 S:C8 P:nvUbdiZc  $00:9163: A0 06    LDY #$06
f1182   c35175620    i46301527    A:00 X:A9 Y:06 S:C8 P:nvUbdizc  $00:9165: 20 4A 97 JSR $974A
f1182   c35175626    i46301528    A:00 X:A9 Y:06 S:C6 P:nvUbdizc  $00:974A: B1 94    LDA ($94),Y @ $058E = #$00
f1182   c35175631    i46301529    A:00 X:A9 Y:06 S:C6 P:nvUbdiZc  $00:974C: 0A       ASL
f1182   c35175633    i46301530    A:00 X:A9 Y:06 S:C6 P:nvUbdiZc  $00:974D: C8       INY
f1182   c35175635    i46301531    A:00 X:A9 Y:07 S:C6 P:nvUbdizc  $00:974E: B1 94    LDA ($94),Y @ $058F = #$3A
f1182   c35175640    i46301532    A:3A X:A9 Y:07 S:C6 P:nvUbdizc  $00:9750: 2A       ROL
f1182   c35175642    i46301533    A:74 X:A9 Y:07 S:C6 P:nvUbdizc  $00:9751: 99 95 00 STA $0095,Y @ $009C = #$74
f1182   c35175647    i46301534    A:74 X:A9 Y:07 S:C6 P:nvUbdizc  $00:9754: A9 00    LDA #$00
f1182   c35175649    i46301535    A:00 X:A9 Y:07 S:C6 P:nvUbdiZc  $00:9756: 2A       ROL
f1182   c35175651    i46301536    A:00 X:A9 Y:07 S:C6 P:nvUbdiZc  $00:9757: 99 96 00 STA $0096,Y @ $009D = #$00
f1182   c35175656    i46301537    A:00 X:A9 Y:07 S:C6 P:nvUbdiZc  $00:975A: 60       RTS (from $974A)
f1182   c35175662    i46301538    A:00 X:A9 Y:07 S:C8 P:nvUbdiZc  $00:9168: 8A       TXA
f1182   c35175664    i46301539    A:A9 X:A9 Y:07 S:C8 P:NvUbdizc  $00:9169: 29 10    AND #$10
f1182   c35175666    i46301540    A:00 X:A9 Y:07 S:C8 P:nvUbdiZc  $00:916B: D0 39    BNE $91A6
f1182   c35175668    i46301541    A:00 X:A9 Y:07 S:C8 P:nvUbdiZc  $00:916D: 8A       TXA
f1182   c35175670    i46301542    A:A9 X:A9 Y:07 S:C8 P:NvUbdizc  $00:916E: 29 20    AND #$20
f1184   c35240104    i46322320    A:00 X:15 Y:00 S:BC P:nvUbdiZc  $00:9F2E: 8D 01 80 STA $8001 = #$27
f1184   c35240108    i46322321    A:00 X:15 Y:00 S:BC P:nvUbdiZc  $00:9F31: B5 01    LDA $01,X @ $0016 = #$E0
f1184   c35240112    i46322322    A:E0 X:15 Y:00 S:BC P:NvUbdizc  $00:9F33: AA       TAX
f1184   c35240114    i46322323    A:E0 X:E0 Y:00 S:BC P:NvUbdizc  $00:9F34: 9A       TXS
f1184   c35240116    i46322324    A:E0 X:E0 Y:00 S:E0 P:NvUbdizc  $00:9F35: 68       PLA
f1184   c35240120    i46322325    A:30 X:E0 Y:00 S:E1 P:nvUbdizc  $00:9F36: 85 E6    STA $E6 = #$FF
f1184   c35240123    i46322326    A:30 X:E0 Y:00 S:E1 P:nvUbdizc  $00:9F38: 68       PLA
f1184   c35240127    i46322327    A:23 X:E0 Y:00 S:E2 P:nvUbdizc  $00:9F39: 85 E7    STA $E7 = #$BA
f1184   c35240130    i46322328    A:23 X:E0 Y:00 S:E2 P:nvUbdizc  $00:9F3B: 68       PLA
f1184   c35240134    i46322329    A:00 X:E0 Y:00 S:E3 P:nvUbdiZc  $00:9F3C: 85 E8    STA $E8 = #$00
f1184   c35240137    i46322330    A:00 X:E0 Y:00 S:E3 P:nvUbdiZc  $00:9F3E: 68       PLA
f1184   c35240141    i46322331    A:00 X:E0 Y:00 S:E4 P:nvUbdiZc  $00:9F3F: 85 E9    STA $E9 = #$00
f1184   c35240144    i46322332    A:00 X:E0 Y:00 S:E4 P:nvUbdiZc  $00:9F41: 68       PLA
f1184   c35240148    i46322333    A:01 X:E0 Y:00 S:E5 P:nvUbdizc  $00:9F42: 85 EA    STA $EA = #$4C
f1184   c35240151    i46322334    A:01 X:E0 Y:00 S:E5 P:nvUbdizc  $00:9F44: 68       PLA
f1184   c35240155    i46322335    A:07 X:E0 Y:00 S:E6 P:nvUbdizc  $00:9F45: 85 EB    STA $EB = #$00
f1184   c35240158    i46322336    A:07 X:E0 Y:00 S:E6 P:nvUbdizc  $00:9F47: 68       PLA
f1184   c35240162    i46322337    A:96 X:E0 Y:00 S:E7 P:NvUbdizc  $00:9F48: 85 EC    STA $EC = #$00
f1184   c35240165    i46322338    A:96 X:E0 Y:00 S:E7 P:NvUbdizc  $00:9F4A: 68       PLA
f1184   c35240169    i46322339    A:BA X:E0 Y:00 S:E8 P:NvUbdizc  $00:9F4B: 85 ED    STA $ED = #$06
f1184   c35240172    i46322340    A:BA X:E0 Y:00 S:E8 P:NvUbdizc  $00:9F4D: 68       PLA
f1184   c35240176    i46322341    A:00 X:E0 Y:00 S:E9 P:nvUbdiZc  $00:9F4E: A8       TAY
f1184   c35240178    i46322342    A:00 X:E0 Y:00 S:E9 P:nvUbdiZc  $00:9F4F: 68       PLA
f1184   c35240182    i46322343    A:02 X:E0 Y:00 S:EA P:nvUbdizc  $00:9F50: AA       TAX
f1184   c35240184    i46322344    A:02 X:02 Y:00 S:EA P:nvUbdizc  $00:9F51: 60       RTS (from $9FA8)
f1184   c35240190    i46322345    A:02 X:02 Y:00 S:EC P:nvUbdizc  $01:A8D3: A0 00    LDY #$00
f1184   c35240192    i46322346    A:02 X:02 Y:00 S:EC P:nvUbdiZc  $01:A8D5: BE 68 04 LDX $0468,Y @ $0468 = #$53
f1184   c35240196    i46322347    A:02 X:53 Y:00 S:EC P:nvUbdizc  $01:A8D8: B9 6A 04 LDA $046A,Y @ $046A = #$00
f1184   c35240200    i46322348    A:00 X:53 Y:00 S:EC P:nvUbdiZc  $01:A8DB: 29 0C    AND #$0C
f1184   c35240202    i46322349    A:00 X:53 Y:00 S:EC P:nvUbdiZc  $01:A8DD: F0 02    BEQ $A8E1
f1184   c35240205    i46322350    A:00 X:53 Y:00 S:EC P:nvUbdiZc  $01:A8E1: 8A       TXA
f1184   c35240207    i46322351    A:53 X:53 Y:00 S:EC P:nvUbdizc  $01:A8E2: 99 00 02 STA $0200,Y @ $0200 = #$54
f1184   c35240212    i46322352    A:53 X:53 Y:00 S:EC P:nvUbdizc  $01:A8E5: B9 69 04 LDA $0469,Y @ $0469 = #$11
f1184   c35240216    i46322353    A:11 X:53 Y:00 S:EC P:nvUbdizc  $01:A8E8: 99 01 02 STA $0201,Y @ $0201 = #$11
f1184   c35240221    i46322354    A:11 X:53 Y:00 S:EC P:nvUbdizc  $01:A8EB: B9 6A 04 LDA $046A,Y @ $046A = #$00
f1184   c35240225    i46322355    A:00 X:53 Y:00 S:EC P:nvUbdiZc  $01:A8EE: 99 02 02 STA $0202,Y @ $0202 = #$00
f1184   c35240230    i46322356    A:00 X:53 Y:00 S:EC P:nvUbdiZc  $01:A8F1: B9 6B 04 LDA $046B,Y @ $046B = #$8C
f1184   c35240234    i46322357    A:8C X:53 Y:00 S:EC P:NvUbdizc  $01:A8F4: 99 03 02 STA $0203,Y @ $0203 = #$8C
f1184   c35240239    i46322358    A:8C X:53 Y:00 S:EC P:NvUbdizc  $01:A8F7: C8       INY
f1184   c35240241    i46322359    A:8C X:53 Y:01 S:EC P:nvUbdizc  $01:A8F8: C8       INY
f1184   c35240243    i46322360    A:8C X:53 Y:02 S:EC P:nvUbdizc  $01:A8F9: C8       INY
f1184   c35240245    i46322361    A:8C X:53 Y:03 S:EC P:nvUbdizc  $01:A8FA: C8       INY
f1184   c35243993    i46323423    A:4B X:4B Y:FC S:EC P:nvUbdizc  $01:A8E5: B9 69 04 LDA $0469,Y @ $0565 = #$61
f1184   c35243998    i46323424    A:61 X:4B Y:FC S:EC P:nvUbdizc  $01:A8E8: 99 01 02 STA $0201,Y @ $02FD = #$61
f1184   c35244003    i46323425    A:61 X:4B Y:FC S:EC P:nvUbdizc  $01:A8EB: B9 6A 04 LDA $046A,Y @ $0566 = #$00
f1184   c35244008    i46323426    A:00 X:4B Y:FC S:EC P:nvUbdiZc  $01:A8EE: 99 02 02 STA $0202,Y @ $02FE = #$00
f1184   c35244013    i46323427    A:00 X:4B Y:FC S:EC P:nvUbdiZc  $01:A8F1: B9 6B 04 LDA $046B,Y @ $0567 = #$8C
f1184   c35244018    i46323428    A:8C X:4B Y:FC S:EC P:NvUbdizc  $01:A8F4: 99 03 02 STA $0203,Y @ $02FF = #$8C
f1184   c35244023    i46323429    A:8C X:4B Y:FC S:EC P:NvUbdizc  $01:A8F7: C8       INY
f1184   c35244025    i46323430    A:8C X:4B Y:FD S:EC P:NvUbdizc  $01:A8F8: C8       INY
f1184   c35244027    i46323431    A:8C X:4B Y:FE S:EC P:NvUbdizc  $01:A8F9: C8       INY
f1184   c35244029    i46323432    A:8C X:4B Y:FF S:EC P:NvUbdizc  $01:A8FA: C8       INY
f1184   c35244031    i46323433    A:8C X:4B Y:00 S:EC P:nvUbdiZc  $01:A8FB: D0 D8    BNE $A8D5
f1184   c35244033    i46323434    A:8C X:4B Y:00 S:EC P:nvUbdiZc  $01:A8FD: 60       RTS (from $A215)
f1184   c35244039    i46323435    A:8C X:4B Y:00 S:EE P:nvUbdiZc  $00:8392: A2 06    LDX #$06
f1184   c35244041    i46323436    A:8C X:06 Y:00 S:EE P:nvUbdizc  $00:8394: 20 B9 C4 JSR $C4B9
f1184   c35244047    i46323437    A:8C X:06 Y:00 S:EC P:nvUbdizc  $0F:C4B9: 86 25    STX $25 = #$02
f1184   c35244050    i46323438    A:8C X:06 Y:00 S:EC P:nvUbdizc  $0F:C4BB: A9 07    LDA #$07
f1184   c35244052    i46323439    A:07 X:06 Y:00 S:EC P:nvUbdizc  $0F:C4BD: 05 22    ORA $22 = #$00
f1184   c35244055    i46323440    A:07 X:06 Y:00 S:EC P:nvUbdizc  $0F:C4BF: 85 23    STA $23 = #$06
f1184   c35244058    i46323441    A:07 X:06 Y:00 S:EC P:nvUbdizc  $0F:C4C1: 8D 00 80 STA $8000 = #$A5
f1184   c35244062    i46323442    A:07 X:06 Y:00 S:EC P:nvUbdizc  $0F:C4C4: 8E 01 80 STX $8001 = #$27
f1184   c35244066    i46323443    A:07 X:06 Y:00 S:EC P:nvUbdizc  $0F:C4C7: 60       RTS (from $C4B9)
f1184   c35244072    i46323444    A:07 X:06 Y:00 S:EE P:nvUbdizc  $00:8397: 60       RTS (from $838A)
f1184   c35244078    i46323445    A:07 X:06 Y:00 S:F0 P:nvUbdizc  $00:8378: A5 4C    LDA $4C = #$90
f1184   c35244081    i46323446    A:90 X:06 Y:00 S:F0 P:NvUbdizc  $00:837A: 10 07    BPL $8383
f1184   c35244083    i46323447    A:90 X:06 Y:00 S:F0 P:NvUbdizc  $00:837C: C6 EA    DEC $EA = #$01
f1184   c35244088    i46323448    A:90 X:06 Y:00 S:F0 P:nvUbdiZc  $00:837E: D0 F5    BNE $8375
f1184   c35244090    i46323449    A:90 X:06 Y:00 S:F0 P:nvUbdiZc  $00:8380: 4C 5D 83 JMP $835D
f1184   c35244093    i46323450    A:90 X:06 Y:00 S:F0 P:nvUbdiZc  $00:835D: A4 EB    LDY $EB = #$07
f1184   c35244096    i46323451    A:90 X:06 Y:07 S:F0 P:nvUbdizc  $00:835F: B1 EC    LDA ($EC),Y @ $BA9D = #$FE
f1184   c35244101    i46323452    A:FE X:06 Y:07 S:F0 P:NvUbdizc  $00:8361: C9 FE    CMP #$FE
f1184   c35244103    i46323453    A:FE X:06 Y:07 S:F0 P:nvUbdiZC  $00:8363: F0 F4    BEQ $8359
f1184   c35244106    i46323454    A:FE X:06 Y:07 S:F0 P:nvUbdiZC  $00:8359: A9 01    LDA #$01
f1184   c35244108    i46323455    A:01 X:06 Y:07 S:F0 P:nvUbdizC  $00:835B: 85 EB    STA $EB = #$07
f1184   c35244111    i46323456    A:01 X:06 Y:07 S:F0 P:nvUbdizC  $00:835D: A4 EB    LDY $EB = #$01
f1184   c35244114    i46323457    A:01 X:06 Y:01 S:F0 P:nvUbdizC  $00:835F: B1 EC    LDA ($EC),Y @ $BA97 = #$40
f1184   c35244119    i46323458    A:40 X:06 Y:01 S:F0 P:nvUbdizC  $00:8361: C9 FE    CMP #$FE
f1184   c35244121    i46323459    A:40 X:06 Y:01 S:F0 P:nvUbdizc  $00:8363: F0 F4    BEQ $8359
f1184   c35244123    i46323460    A:40 X:06 Y:01 S:F0 P:nvUbdizc  $00:8365: C9 FF    CMP #$FF
f1184   c35244125    i46323461    A:40 X:06 Y:01 S:F0 P:nvUbdizc  $00:8367: F0 1A    BEQ $8383
f1184   c35244127    i46323462    A:40 X:06 Y:01 S:F0 P:nvUbdizc  $00:8369: A6 E9    LDX $E9 = #$00
f1184   c35244130    i46323463    A:40 X:00 Y:01 S:F0 P:nvUbdiZc  $00:836B: 95 8E    STA $8E,X @ $008E = #$44
f1186   c35295078    i46339895    A:00 X:00 Y:07 S:C8 P:nvUbdiZC  $00:91A1: 85 E8    STA $E8 = #$74
f1186   c35295081    i46339896    A:00 X:00 Y:07 S:C8 P:nvUbdiZC  $00:91A3: 4C B4 91 JMP $91B4
f1186   c35295084    i46339897    A:00 X:00 Y:07 S:C8 P:nvUbdiZC  $00:91B4: A0 10    LDY #$10
f1186   c35295086    i46339898    A:00 X:00 Y:10 S:C8 P:nvUbdizC  $00:91B6: B1 94    LDA ($94),Y @ $0598 = #$38
f1186   c35295091    i46339899    A:38 X:00 Y:10 S:C8 P:nvUbdizC  $00:91B8: AA       TAX
f1186   c35295093    i46339900    A:38 X:38 Y:10 S:C8 P:nvUbdizC  $00:91B9: C8       INY
f1186   c35295095    i46339901    A:38 X:38 Y:11 S:C8 P:nvUbdizC  $00:91BA: B1 94    LDA ($94),Y @ $0599 = #$E0
f1186   c35295100    i46339902    A:E0 X:38 Y:11 S:C8 P:NvUbdizC  $00:91BC: 4A       LSR
f1186   c35295102    i46339903    A:70 X:38 Y:11 S:C8 P:nvUbdizc  $00:91BD: 4A       LSR
f1186   c35295104    i46339904    A:38 X:38 Y:11 S:C8 P:nvUbdizc  $00:91BE: A8       TAY
f1186   c35295106    i46339905    A:38 X:38 Y:38 S:C8 P:nvUbdizc  $00:91BF: A5 E6    LDA $E6 = #$01
f1186   c35295109    i46339906    A:01 X:38 Y:38 S:C8 P:nvUbdizc  $00:91C1: 18       CLC
f1186   c35295111    i46339907    A:01 X:38 Y:38 S:C8 P:nvUbdizc  $00:91C2: 7D 68 04 ADC $0468,X @ $04A0 = #$4A
f1186   c35295115    i46339908    A:4B X:38 Y:38 S:C8 P:nvUbdizc  $00:91C5: 9D 68 04 STA $0468,X @ $04A0 = #$4A
f1186   c35295120    i46339909    A:4B X:38 Y:38 S:C8 P:nvUbdizc  $00:91C8: 6A       ROR
f1186   c35295122    i46339910    A:25 X:38 Y:38 S:C8 P:nvUbdizC  $00:91C9: 45 E6    EOR $E6 = #$01
f1186   c35295125    i46339911    A:24 X:38 Y:38 S:C8 P:nvUbdizC  $00:91CB: 10 08    BPL $91D5
f1186   c35295128    i46339912    A:24 X:38 Y:38 S:C8 P:nvUbdizC  $00:91D5: A5 E8    LDA $E8 = #$00
f1186   c35295131    i46339913    A:00 X:38 Y:38 S:C8 P:nvUbdiZC  $00:91D7: 18       CLC
f1186   c35295133    i46339914    A:00 X:38 Y:38 S:C8 P:nvUbdiZc  $00:91D8: 7D 6B 04 ADC $046B,X @ $04A3 = #$6C
f1186   c35295137    i46339915    A:6C X:38 Y:38 S:C8 P:nvUbdizc  $00:91DB: 9D 6B 04 STA $046B,X @ $04A3 = #$6C
f1186   c35295142    i46339916    A:6C X:38 Y:38 S:C8 P:nvUbdizc  $00:91DE: 6A       ROR
f1186   c35295144    i46339917    A:36 X:38 Y:38 S:C8 P:nvUbdizc  $00:91DF: 45 E8    EOR $E8 = #$00
f1186   c35295147    i46339918    A:36 X:38 Y:38 S:C8 P:nvUbdizc  $00:91E1: 10 08    BPL $91EB
f1186   c35295150    i46339919    A:36 X:38 Y:38 S:C8 P:nvUbdizc  $00:91EB: 8A       TXA
f1186   c35295152    i46339920    A:38 X:38 Y:38 S:C8 P:nvUbdizc  $00:91EC: 18       CLC
f1186   c35295154    i46339921    A:38 X:38 Y:38 S:C8 P:nvUbdizc  $00:91ED: 69 04    ADC #$04
f1186   c35295156    i46339922    A:3C X:38 Y:38 S:C8 P:nvUbdizc  $00:91EF: AA       TAX
f1186   c35295158    i46339923    A:3C X:3C Y:38 S:C8 P:nvUbdizc  $00:91F0: 88       DEY
f1186   c35295160    i46339924    A:3C X:3C Y:37 S:C8 P:nvUbdizc  $00:91F1: D0 CC    BNE $91BF
f1186   c35295163    i46339925    A:3C X:3C Y:37 S:C8 P:nvUbdizc  $00:91BF: A5 E6    LDA $E6 = #$01
f1186   c35295166    i46339926    A:01 X:3C Y:37 S:C8 P:nvUbdizc  $00:91C1: 18       CLC
f1186   c35295168    i46339927    A:01 X:3C Y:37 S:C8 P:nvUbdizc  $00:91C2: 7D 68 04 ADC $0468,X @ $04A4 = #$52
f1186   c35295172    i46339928    A:53 X:3C Y:37 S:C8 P:nvUbdizc  $00:91C5: 9D 68 04 STA $0468,X @ $04A4 = #$52
f1186   c35295177    i46339929    A:53 X:3C Y:37 S:C8 P:nvUbdizc  $00:91C8: 6A       ROR
f1186   c35295179    i46339930    A:29 X:3C Y:37 S:C8 P:nvUbdizC  $00:91C9: 45 E6    EOR $E6 = #$01
f1186   c35295182    i46339931    A:28 X:3C Y:37 S:C8 P:nvUbdizC  $00:91CB: 10 08    BPL $91D5
f1186   c35295185    i46339932    A:28 X:3C Y:37 S:C8 P:nvUbdizC  $00:91D5: A5 E8    LDA $E8 = #$00
f1186   c35295188    i46339933    A:00 X:3C Y:37 S:C8 P:nvUbdiZC  $00:91D7: 18       CLC
f1186   c35295190    i46339934    A:00 X:3C Y:37 S:C8 P:nvUbdiZc  $00:91D8: 7D 6B 04 ADC $046B,X @ $04A7 = #$6C
f1186   c35295194    i46339935    A:6C X:3C Y:37 S:C8 P:nvUbdizc  $00:91DB: 9D 6B 04 STA $046B,X @ $04A7 = #$6C
f1186   c35295199    i46339936    A:6C X:3C Y:37 S:C8 P:nvUbdizc  $00:91DE: 6A       ROR
f1189   c35383324    i46368216    A:01 X:01 Y:8C S:4E P:nvUbdizc  $00:896C: 48       PHA
f1189   c35383327    i46368217    A:01 X:01 Y:8C S:4D P:nvUbdizc  $00:896D: 20 FF 89 JSR $89FF
f1189   c35383333    i46368218    A:01 X:01 Y:8C S:4B P:nvUbdizc  $00:89FF: AD 52 06 LDA $0652 = #$89
f1189   c35383337    i46368219    A:89 X:01 Y:8C S:4B P:NvUbdizc  $00:8A02: 30 03    BMI $8A07
f1189   c35383340    i46368220    A:89 X:01 Y:8C S:4B P:NvUbdizc  $00:8A07: CE 53 06 DEC $0653 = #$01
f1189   c35383346    i46368221    A:89 X:01 Y:8C S:4B P:nvUbdiZc  $00:8A0A: F0 03    BEQ $8A0F
f1189   c35383349    i46368222    A:89 X:01 Y:8C S:4B P:nvUbdiZc  $00:8A0F: A2 06    LDX #$06
f1189   c35383351    i46368223    A:89 X:06 Y:8C S:4B P:nvUbdizc  $00:8A11: 20 B9 C4 JSR $C4B9
f1189   c35383357    i46368224    A:89 X:06 Y:8C S:49 P:nvUbdizc  $0F:C4B9: 86 25    STX $25 = #$03
f1189   c35383360    i46368225    A:89 X:06 Y:8C S:49 P:nvUbdizc  $0F:C4BB: A9 07    LDA #$07
f1189   c35383362    i46368226    A:07 X:06 Y:8C S:49 P:nvUbdizc  $0F:C4BD: 05 22    ORA $22 = #$00
f1189   c35383365    i46368227    A:07 X:06 Y:8C S:49 P:nvUbdizc  $0F:C4BF: 85 23    STA $23 = #$06
f1189   c35383368    i46368228    A:07 X:06 Y:8C S:49 P:nvUbdizc  $0F:C4C1: 8D 00 80 STA $8000 = #$A5
f1189   c35383372    i46368229    A:07 X:06 Y:8C S:49 P:nvUbdizc  $0F:C4C4: 8E 01 80 STX $8001 = #$27
f1189   c35383376    i46368230    A:07 X:06 Y:8C S:49 P:nvUbdizc  $0F:C4C7: 60       RTS (from $C4B9)
f1189   c35383382    i46368231    A:07 X:06 Y:8C S:4B P:nvUbdizc  $00:8A14: AD 54 06 LDA $0654 = #$4E
f1189   c35383386    i46368232    A:4E X:06 Y:8C S:4B P:nvUbdizc  $00:8A17: 85 E6    STA $E6 = #$56
f1189   c35383389    i46368233    A:4E X:06 Y:8C S:4B P:nvUbdizc  $00:8A19: AD 55 06 LDA $0655 = #$BD
f1189   c35383393    i46368234    A:BD X:06 Y:8C S:4B P:NvUbdizc  $00:8A1C: 85 E7    STA $E7 = #$BD
f1189   c35383396    i46368235    A:BD X:06 Y:8C S:4B P:NvUbdizc  $00:8A1E: AD 52 06 LDA $0652 = #$89
f1189   c35383400    i46368236    A:89 X:06 Y:8C S:4B P:NvUbdizc  $00:8A21: EE 52 06 INC $0652 = #$89
f1189   c35383406    i46368237    A:89 X:06 Y:8C S:4B P:NvUbdizc  $00:8A24: 29 3F    AND #$3F
f1189   c35383408    i46368238    A:09 X:06 Y:8C S:4B P:nvUbdizc  $00:8A26: 18       CLC
f1189   c35383410    i46368239    A:09 X:06 Y:8C S:4B P:nvUbdizc  $00:8A27: 65 E6    ADC $E6 = #$4E
f1189   c35383413    i46368240    A:57 X:06 Y:8C S:4B P:nvUbdizc  $00:8A29: 85 E6    STA $E6 = #$4E
f1189   c35383416    i46368241    A:57 X:06 Y:8C S:4B P:nvUbdizc  $00:8A2B: A5 E7    LDA $E7 = #$BD
f1189   c35383419    i46368242    A:BD X:06 Y:8C S:4B P:NvUbdizc  $00:8A2D: 69 00    ADC #$00
f1189   c35383421    i46368243    A:BD X:06 Y:8C S:4B P:NvUbdizc  $00:8A2F: 85 E7    STA $E7 = #$BD
f1189   c35383424    i46368244    A:BD X:06 Y:8C S:4B P:NvUbdizc  $00:8A31: A0 00    LDY #$00
f1189   c35383426    i46368245    A:BD X:06 Y:00 S:4B P:nvUbdiZc  $00:8A33: B1 E6    LDA ($E6),Y @ $BD57 = #$95
f1189   c35383431    i46368246    A:95 X:06 Y:00 S:4B P:NvUbdizc  $00:8A35: C9 FF    CMP #$FF
f1189   c35383433    i46368247    A:95 X:06 Y:00 S:4B P:NvUbdizc  $00:8A37: F0 4D    BEQ $8A86
f1189   c35383435    i46368248    A:95 X:06 Y:00 S:4B P:NvUbdizc  $00:8A39: C9 FE    CMP #$FE
f1189   c35383437    i46368249    A:95 X:06 Y:00 S:4B P:NvUbdizc  $00:8A3B: F0 3E    BEQ $8A7B
f1189   c35383439    i46368250    A:95 X:06 Y:00 S:4B P:NvUbdizc  $00:8A3D: 29 F8    AND #$F8
f1189   c35383441    i46368251    A:90 X:06 Y:00 S:4B P:NvUbdizc  $00:8A3F: 85 E8    STA $E8 = #$70
f1189   c35383444    i46368252    A:90 X:06 Y:00 S:4B P:NvUbdizc  $00:8A41: 4A       LSR
f1189   c35383446    i46368253    A:48 X:06 Y:00 S:4B P:nvUbdizc  $00:8A42: 18       CLC
f1189   c35383448    i46368254    A:48 X:06 Y:00 S:4B P:nvUbdizc  $00:8A43: 65 E8    ADC $E8 = #$90
f1189   c35383451    i46368255    A:D8 X:06 Y:00 S:4B P:NvUbdizc  $00:8A45: 85 E8    STA $E8 = #$90
f1189   c35383454    i46368256    A:D8 X:06 Y:00 S:4B P:NvUbdizc  $00:8A47: A9 00    LDA #$00
f1189   c35383456    i46368257    A:00 X:06 Y:00 S:4B P:nvUbdiZc  $00:8A49: 69 00    ADC #$00
f1196   c35593061    i46435380    A:68 X:18 Y:00 S:C8 P:nvUbdizc  $00:94C3: 18       CLC
f1196   c35593063    i46435381    A:68 X:18 Y:00 S:C8 P:nvUbdizc  $00:94C4: 69 20    ADC #$20
f1196   c35593065    i46435382    A:88 X:18 Y:00 S:C8 P:NVUbdizc  $00:94C6: 85 94    STA $94 = #$68
f1196   c35593068    i46435383    A:88 X:18 Y:00 S:C8 P:NVUbdizc  $00:94C8: A5 95    LDA $95 = #$05
f1196   c35593071    i46435384    A:05 X:18 Y:00 S:C8 P:nVUbdizc  $00:94CA: 69 00    ADC #$00
f1196   c35593073    i46435385    A:05 X:18 Y:00 S:C8 P:nvUbdizc  $00:94CC: 85 95    STA $95 = #$05
f1196   c35593076    i46435386    A:05 X:18 Y:00 S:C8 P:nvUbdizc  $00:94CE: C6 96    DEC $96 = #$04
f1196   c35593081    i46435387    A:05 X:18 Y:00 S:C8 P:nvUbdizc  $00:94D0: F0 03    BEQ $94D5
f1196   c35593083    i46435388    A:05 X:18 Y:00 S:C8 P:nvUbdizc  $00:94D2: 4C 54 91 JMP $9154
f1196   c35593086    i46435389    A:05 X:18 Y:00 S:C8 P:nvUbdizc  $00:9154: A0 00    LDY #$00
f1196   c35593088    i46435390    A:05 X:18 Y:00 S:C8 P:nvUbdiZc  $00:9156: B1 94    LDA ($94),Y @ $0588 = #$A9
f1196   c35593093    i46435391    A:A9 X:18 Y:00 S:C8 P:NvUbdizc  $00:9158: 30 03    BMI $915D
f1196   c35593096    i46435392    A:A9 X:18 Y:00 S:C8 P:NvUbdizc  $00:915D: AA       TAX
f1196   c35593098    i46435393    A:A9 X:A9 Y:00 S:C8 P:NvUbdizc  $00:915E: A0 04    LDY #$04
f1196   c35593100    i46435394    A:A9 X:A9 Y:04 S:C8 P:nvUbdizc  $00:9160: 20 4A 97 JSR $974A
f1196   c35593106    i46435395    A:A9 X:A9 Y:04 S:C6 P:nvUbdizc  $00:974A: B1 94    LDA ($94),Y @ $058C = #$00
f1196   c35593111    i46435396    A:00 X:A9 Y:04 S:C6 P:nvUbdiZc  $00:974C: 0A       ASL
f1196   c35593113    i46435397    A:00 X:A9 Y:04 S:C6 P:nvUbdiZc  $00:974D: C8       INY
f1196   c35593115    i46435398    A:00 X:A9 Y:05 S:C6 P:nvUbdizc  $00:974E: B1 94    LDA ($94),Y @ $058D = #$22
f1196   c35593120    i46435399    A:22 X:A9 Y:05 S:C6 P:nvUbdizc  $00:9750: 2A       ROL
f1196   c35593122    i46435400    A:44 X:A9 Y:05 S:C6 P:nvUbdizc  $00:9751: 99 95 00 STA $0095,Y @ $009A = #$44
f1196   c35593127    i46435401    A:44 X:A9 Y:05 S:C6 P:nvUbdizc  $00:9754: A9 00    LDA #$00
f1196   c35593129    i46435402    A:00 X:A9 Y:05 S:C6 P:nvUbdiZc  $00:9756: 2A       ROL
f1196   c35593131    i46435403    A:00 X:A9 Y:05 S:C6 P:nvUbdiZc  $00:9757: 99 96 00 STA $0096,Y @ $009B = #$00
f1196   c35593136    i46435404    A:00 X:A9 Y:05 S:C6 P:nvUbdiZc  $00:975A: 60       RTS (from $974A)
f1196   c35593142    i46435405    A:00 X:A9 Y:05 S:C8 P:nvUbdiZc  $00:9163: A0 06    LDY #$06
f1196   c35593144    i46435406    A:00 X:A9 Y:06 S:C8 P:nvUbdizc  $00:9165: 20 4A 97 JSR $974A
f1196   c35593150    i46435407    A:00 X:A9 Y:06 S:C6 P:nvUbdizc  $00:974A: B1 94    LDA ($94),Y @ $058E = #$00
f1196   c35593155    i46435408    A:00 X:A9 Y:06 S:C6 P:nvUbdiZc  $00:974C: 0A       ASL
f1196   c35593157    i46435409    A:00 X:A9 Y:06 S:C6 P:nvUbdiZc  $00:974D: C8       INY
f1196   c35593159    i46435410    A:00 X:A9 Y:07 S:C6 P:nvUbdizc  $00:974E: B1 94    LDA ($94),Y @ $058F = #$3A
f1196   c35593164    i46435411    A:3A X:A9 Y:07 S:C6 P:nvUbdizc  $00:9750: 2A       ROL
f1196   c35593166    i46435412    A:74 X:A9 Y:07 S:C6 P:nvUbdizc  $00:9751: 99 95 00 STA $0095,Y @ $009C = #$74
f1196   c35593171    i46435413    A:74 X:A9 Y:07 S:C6 P:nvUbdizc  $00:9754: A9 00    LDA #$00
f1196   c35593173    i46435414    A:00 X:A9 Y:07 S:C6 P:nvUbdiZc  $00:9756: 2A       ROL
f1196   c35593175    i46435415    A:00 X:A9 Y:07 S:C6 P:nvUbdiZc  $00:9757: 99 96 00 STA $0096,Y @ $009D = #$00
f1196   c35593180    i46435416    A:00 X:A9 Y:07 S:C6 P:nvUbdiZc  $00:975A: 60       RTS (from $974A)
f1196   c35593186    i46435417    A:00 X:A9 Y:07 S:C8 P:nvUbdiZc  $00:9168: 8A       TXA
f1196   c35593188    i46435418    A:A9 X:A9 Y:07 S:C8 P:NvUbdizc  $00:9169: 29 10    AND #$10
f1196   c35593190    i46435419    A:00 X:A9 Y:07 S:C8 P:nvUbdiZc  $00:916B: D0 39    BNE $91A6
f1196   c35593192    i46435420    A:00 X:A9 Y:07 S:C8 P:nvUbdiZc  $00:916D: 8A       TXA
f1196   c35593194    i46435421    A:A9 X:A9 Y:07 S:C8 P:NvUbdizc  $00:916E: 29 20    AND #$20
f1197   c35619047    i46443596    A:00 X:01 Y:07 S:DB P:nvUbdIzc  $01:A0ED: BD 15 40 LDA $4015,X @ $4016 = #$00
f1197   c35619051    i46443597    A:40 X:01 Y:07 S:DB P:nvUbdIzc  $01:A0F0: 4A       LSR
f1197   c35619053    i46443598    A:20 X:01 Y:07 S:DB P:nvUbdIzc  $01:A0F1: 26 3F    ROL $3F = #$00
f1197   c35619058    i46443599    A:20 X:01 Y:07 S:DB P:nvUbdIZc  $01:A0F3: 29 01    AND #$01
f1197   c35619060    i46443600    A:00 X:01 Y:07 S:DB P:nvUbdIZc  $01:A0F5: 05 3F    ORA $3F = #$00
f1197   c35619063    i46443601    A:00 X:01 Y:07 S:DB P:nvUbdIZc  $01:A0F7: 85 3F    STA $3F = #$00
f1197   c35619066    i46443602    A:00 X:01 Y:07 S:DB P:nvUbdIZc  $01:A0F9: 88       DEY
f1197   c35619068    i46443603    A:00 X:01 Y:06 S:DB P:nvUbdIzc  $01:A0FA: D0 F1    BNE $A0ED
f1197   c35619071    i46443604    A:00 X:01 Y:06 S:DB P:nvUbdIzc  $01:A0ED: BD 15 40 LDA $4015,X @ $4016 = #$00
f1197   c35619075    i46443605    A:40 X:01 Y:06 S:DB P:nvUbdIzc  $01:A0F0: 4A       LSR
f1197   c35619077    i46443606    A:20 X:01 Y:06 S:DB P:nvUbdIzc  $01:A0F1: 26 3F    ROL $3F = #$00
f1197   c35619082    i46443607    A:20 X:01 Y:06 S:DB P:nvUbdIZc  $01:A0F3: 29 01    AND #$01
f1197   c35619084    i46443608    A:00 X:01 Y:06 S:DB P:nvUbdIZc  $01:A0F5: 05 3F    ORA $3F = #$00
f1197   c35619087    i46443609    A:00 X:01 Y:06 S:DB P:nvUbdIZc  $01:A0F7: 85 3F    STA $3F = #$00
f1197   c35619090    i46443610    A:00 X:01 Y:06 S:DB P:nvUbdIZc  $01:A0F9: 88       DEY
f1197   c35619092    i46443611    A:00 X:01 Y:05 S:DB P:nvUbdIzc  $01:A0FA: D0 F1    BNE $A0ED
f1197   c35619095    i46443612    A:00 X:01 Y:05 S:DB P:nvUbdIzc  $01:A0ED: BD 15 40 LDA $4015,X @ $4016 = #$00
f1197   c35619099    i46443613    A:40 X:01 Y:05 S:DB P:nvUbdIzc  $01:A0F0: 4A       LSR
f1197   c35619101    i46443614    A:20 X:01 Y:05 S:DB P:nvUbdIzc  $01:A0F1: 26 3F    ROL $3F = #$00
f1197   c35619106    i46443615    A:20 X:01 Y:05 S:DB P:nvUbdIZc  $01:A0F3: 29 01    AND #$01
f1197   c35619108    i46443616    A:00 X:01 Y:05 S:DB P:nvUbdIZc  $01:A0F5: 05 3F    ORA $3F = #$00
f1197   c35619111    i46443617    A:00 X:01 Y:05 S:DB P:nvUbdIZc  $01:A0F7: 85 3F    STA $3F = #$00
f1197   c35619114    i46443618    A:00 X:01 Y:05 S:DB P:nvUbdIZc  $01:A0F9: 88       DEY
f1197   c35619116    i46443619    A:00 X:01 Y:04 S:DB P:nvUbdIzc  $01:A0FA: D0 F1    BNE $A0ED
f1197   c35619119    i46443620    A:00 X:01 Y:04 S:DB P:nvUbdIzc  $01:A0ED: BD 15 40 LDA $4015,X @ $4016 = #$00
f1197   c35619123    i46443621    A:40 X:01 Y:04 S:DB P:nvUbdIzc  $01:A0F0: 4A       LSR
f1197   c35619125    i46443622    A:20 X:01 Y:04 S:DB P:nvUbdIzc  $01:A0F1: 26 3F    ROL $3F = #$00
f1197   c35619130    i46443623    A:20 X:01 Y:04 S:DB P:nvUbdIZc  $01:A0F3: 29 01    AND #$01
f1197   c35619132    i46443624    A:00 X:01 Y:04 S:DB P:nvUbdIZc  $01:A0F5: 05 3F    ORA $3F = #$00
f1197   c35619135    i46443625    A:00 X:01 Y:04 S:DB P:nvUbdIZc  $01:A0F7: 85 3F    STA $3F = #$00
f1197   c35619138    i46443626    A:00 X:01 Y:04 S:DB P:nvUbdIZc  $01:A0F9: 88       DEY
f1197   c35619140    i46443627    A:00 X:01 Y:03 S:DB P:nvUbdIzc  $01:A0FA: D0 F1    BNE $A0ED
f1197   c35619143    i46443628    A:00 X:01 Y:03 S:DB P:nvUbdIzc  $01:A0ED: BD 15 40 LDA $4015,X @ $4016 = #$00
f1197   c35619147    i46443629    A:40 X:01 Y:03 S:DB P:nvUbdIzc  $01:A0F0: 4A       LSR
f1197   c35619149    i46443630    A:20 X:01 Y:03 S:DB P:nvUbdIzc  $01:A0F1: 26 3F    ROL $3F = #$00
f1197   c35619154    i46443631    A:20 X:01 Y:03 S:DB P:nvUbdIZc  $01:A0F3: 29 01    AND #$01
f1197   c35619156    i46443632    A:00 X:01 Y:03 S:DB P:nvUbdIZc  $01:A0F5: 05 3F    ORA $3F = #$00
f1197   c35619159    i46443633    A:00 X:01 Y:03 S:DB P:nvUbdIZc  $01:A0F7: 85 3F    STA $3F = #$00
f1197   c35619162    i46443634    A:00 X:01 Y:03 S:DB P:nvUbdIZc  $01:A0F9: 88       DEY
f1197   c35619164    i46443635    A:00 X:01 Y:02 S:DB P:nvUbdIzc  $01:A0FA: D0 F1    BNE $A0ED
f1197   c35619167    i46443636    A:00 X:01 Y:02 S:DB P:nvUbdIzc  $01:A0ED: BD 15 40 LDA $4015,X @ $4016 = #$00
f1197   c35619171    i46443637    A:40 X:01 Y:02 S:DB P:nvUbdIzc  $01:A0F0: 4A       LSR
f1197   c35619955    i46443891    A:01 X:0C Y:08 S:D9 P:nvUbdIzc  $06:84BA: A9 00    LDA #$00
f1197   c35619957    i46443892    A:00 X:0C Y:08 S:D9 P:nvUbdIZc  $06:84BC: A0 04    LDY #$04
f1197   c35619959    i46443893    A:00 X:0C Y:04 S:D9 P:nvUbdIzc  $06:84BE: 91 F0    STA ($F0),Y @ $075B = #$02
f1197   c35619965    i46443894    A:00 X:0C Y:04 S:D9 P:nvUbdIzc  $06:84C0: A6 F2    LDX $F2 = #$0C
f1197   c35619968    i46443895    A:00 X:0C Y:04 S:D9 P:nvUbdIzc  $06:84C2: BD 08 07 LDA $0708,X @ $0714 = #$03
f1197   c35619972    i46443896    A:03 X:0C Y:04 S:D9 P:nvUbdIzc  $06:84C5: 9D 07 07 STA $0707,X @ $0713 = #$00
f1197   c35619977    i46443897    A:03 X:0C Y:04 S:D9 P:nvUbdIzc  $06:84C8: 60       RTS (from $83CB)
f1197   c35619983    i46443898    A:03 X:0C Y:04 S:DB P:nvUbdIzc  $06:80E1: A6 F2    LDX $F2 = #$0C
f1197   c35619986    i46443899    A:03 X:0C Y:04 S:DB P:nvUbdIzc  $06:80E3: DE 09 07 DEC $0709,X @ $0715 = #$01
f1197   c35619993    i46443900    A:03 X:0C Y:04 S:DB P:nvUbdIZc  $06:80E6: D0 21    BNE $8109
f1197   c35619995    i46443901    A:03 X:0C Y:04 S:DB P:nvUbdIZc  $06:80E8: A0 02    LDY #$02
f1197   c35619997    i46443902    A:03 X:0C Y:02 S:DB P:nvUbdIzc  $06:80EA: B1 F0    LDA ($F0),Y @ $0759 = #$30
f1197   c35620002    i46443903    A:30 X:0C Y:02 S:DB P:nvUbdIzc  $06:80EC: 85 F6    STA $F6 = #$00
f1197   c35620005    i46443904    A:30 X:0C Y:02 S:DB P:nvUbdIzc  $06:80EE: C8       INY
f1197   c35620007    i46443905    A:30 X:0C Y:03 S:DB P:nvUbdIzc  $06:80EF: B1 F0    LDA ($F0),Y @ $075A = #$8B
f1197   c35620012    i46443906    A:8B X:0C Y:03 S:DB P:NvUbdIzc  $06:80F1: 85 F7    STA $F7 = #$06
f1197   c35620015    i46443907    A:8B X:0C Y:03 S:DB P:NvUbdIzc  $06:80F3: C8       INY
f1197   c35620017    i46443908    A:8B X:0C Y:04 S:DB P:nvUbdIzc  $06:80F4: B1 F0    LDA ($F0),Y @ $075B = #$00
f1197   c35620022    i46443909    A:00 X:0C Y:04 S:DB P:nvUbdIZc  $06:80F6: 48       PHA
f1197   c35620025    i46443910    A:00 X:0C Y:04 S:DA P:nvUbdIZc  $06:80F7: 18       CLC
f1197   c35620027    i46443911    A:00 X:0C Y:04 S:DA P:nvUbdIZc  $06:80F8: 69 02    ADC #$02
f1197   c35620029    i46443912    A:02 X:0C Y:04 S:DA P:nvUbdIzc  $06:80FA: 91 F0    STA ($F0),Y @ $075B = #$00
f1197   c35620035    i46443913    A:02 X:0C Y:04 S:DA P:nvUbdIzc  $06:80FC: 68       PLA
f1197   c35620039    i46443914    A:00 X:0C Y:04 S:DB P:nvUbdIZc  $06:80FD: A8       TAY
f1197   c35620041    i46443915    A:00 X:0C Y:00 S:DB P:nvUbdIZc  $06:80FE: B1 F6    LDA ($F6),Y @ $8B30 = #$FF
f1197   c35620046    i46443916    A:FF X:0C Y:00 S:DB P:NvUbdIzc  $06:8100: 9D 09 07 STA $0709,X @ $0715 = #$00
f1197   c35620051    i46443917    A:FF X:0C Y:00 S:DB P:NvUbdIzc  $06:8103: C8       INY
f1197   c35620053    i46443918    A:FF X:0C Y:01 S:DB P:nvUbdIzc  $06:8104: B1 F6    LDA ($F6),Y @ $8B31 = #$0F
f1197   c35620058    i46443919    A:0F X:0C Y:01 S:DB P:nvUbdIzc  $06:8106: 9D 0A 07 STA $070A,X @ $0716 = #$0F
f1197   c35620063    i46443920    A:0F X:0C Y:01 S:DB P:nvUbdIzc  $06:8109: 20 DB 81 JSR $81DB
f1197   c35620069    i46443921    A:0F X:0C Y:01 S:D9 P:nvUbdIzc  $06:81DB: A0 05    LDY #$05
f1197   c35620071    i46443922    A:0F X:0C Y:05 S:D9 P:nvUbdIzc  $06:81DD: B1 F0    LDA ($F0),Y @ $075C = #$03
f1197   c35620076    i46443923    A:03 X:0C Y:05 S:D9 P:nvUbdIzc  $06:81DF: AA       TAX
f1197   c35620078    i46443924    A:03 X:03 Y:05 S:D9 P:nvUbdIzc  $06:81E0: 29 F0    AND #$F0
f1197   c35620080    i46443925    A:00 X:03 Y:05 S:D9 P:nvUbdIZc  $06:81E2: 85 F6    STA $F6 = #$30
f1197   c35620083    i46443926    A:00 X:03 Y:05 S:D9 P:nvUbdIZc  $06:81E4: 29 20    AND #$20
f1197   c35620085    i46443927    A:00 X:03 Y:05 S:D9 P:nvUbdIZc  $06:81E6: F0 06    BEQ $81EE
f1197   c35620088    i46443928    A:00 X:03 Y:05 S:D9 P:nvUbdIZc  $06:81EE: 8A       TXA
f1197   c35620090    i46443929    A:03 X:03 Y:05 S:D9 P:nvUbdIzc  $06:81EF: 29 0F    AND #$0F
f1197   c35620092    i46443930    A:03 X:03 Y:05 S:D9 P:nvUbdIzc  $06:81F1: 85 F7    STA $F7 = #$8B
f1197   c35620095    i46443931    A:03 X:03 Y:05 S:D9 P:nvUbdIzc  $06:81F3: A4 F3    LDY $F3 = #$05
f1200   c35707878    i46471931    A:00 X:02 Y:08 S:DB P:nvUbdIzc  $01:A0ED: BD 15 40 LDA $4015,X @ $4017 = #$01
f1200   c35707882    i46471932    A:40 X:02 Y:08 S:DB P:nvUbdIzc  $01:A0F0: 4A       LSR
f1200   c35707884    i46471933    A:20 X:02 Y:08 S:DB P:nvUbdIzc  $01:A0F1: 26 3F    ROL $3F = #$00
f1200   c35707889    i46471934    A:20 X:02 Y:08 S:DB P:nvUbdIZc  $01:A0F3: 29 01    AND #$01
f1200   c35707891    i46471935    A:00 X:02 Y:08 S:DB P:nvUbdIZc  $01:A0F5: 05 3F    ORA $3F = #$00
f1200   c35707894    i46471936    A:00 X:02 Y:08 S:DB P:nvUbdIZc  $01:A0F7: 85 3F    STA $3F = #$00
f1200   c35707897    i46471937    A:00 X:02 Y:08 S:DB P:nvUbdIZc  $01:A0F9: 88       DEY
f1200   c35707899    i46471938    A:00 X:02 Y:07 S:DB P:nvUbdIzc  $01:A0FA: D0 F1    BNE $A0ED
f1200   c35707902    i46471939    A:00 X:02 Y:07 S:DB P:nvUbdIzc  $01:A0ED: BD 15 40 LDA $4015,X @ $4017 = #$01
f1200   c35707906    i46471940    A:40 X:02 Y:07 S:DB P:nvUbdIzc  $01:A0F0: 4A       LSR
f1200   c35707908    i46471941    A:20 X:02 Y:07 S:DB P:nvUbdIzc  $01:A0F1: 26 3F    ROL $3F = #$00
f1200   c35707913    i46471942    A:20 X:02 Y:07 S:DB P:nvUbdIZc  $01:A0F3: 29 01    AND #$01
f1200   c35707915    i46471943    A:00 X:02 Y:07 S:DB P:nvUbdIZc  $01:A0F5: 05 3F    ORA $3F = #$00
f1200   c35707918    i46471944    A:00 X:02 Y:07 S:DB P:nvUbdIZc  $01:A0F7: 85 3F    STA $3F = #$00
f1200   c35707921    i46471945    A:00 X:02 Y:07 S:DB P:nvUbdIZc  $01:A0F9: 88       DEY
f1200   c35707923    i46471946    A:00 X:02 Y:06 S:DB P:nvUbdIzc  $01:A0FA: D0 F1    BNE $A0ED
f1200   c35707926    i46471947    A:00 X:02 Y:06 S:DB P:nvUbdIzc  $01:A0ED: BD 15 40 LDA $4015,X @ $4017 = #$01
f1200   c35707930    i46471948    A:40 X:02 Y:06 S:DB P:nvUbdIzc  $01:A0F0: 4A       LSR
f1200   c35707932    i46471949    A:20 X:02 Y:06 S:DB P:nvUbdIzc  $01:A0F1: 26 3F    ROL $3F = #$00
f1200   c35707937    i46471950    A:20 X:02 Y:06 S:DB P:nvUbdIZc  $01:A0F3: 29 01    AND #$01
f1200   c35707939    i46471951    A:00 X:02 Y:06 S:DB P:nvUbdIZc  $01:A0F5: 05 3F    ORA $3F = #$00
f1200   c35707942    i46471952    A:00 X:02 Y:06 S:DB P:nvUbdIZc  $01:A0F7: 85 3F    STA $3F = #$00
f1200   c35707945    i46471953    A:00 X:02 Y:06 S:DB P:nvUbdIZc  $01:A0F9: 88       DEY
f1200   c35707947    i46471954    A:00 X:02 Y:05 S:DB P:nvUbdIzc  $01:A0FA: D0 F1    BNE $A0ED
f1200   c35707950    i46471955    A:00 X:02 Y:05 S:DB P:nvUbdIzc  $01:A0ED: BD 15 40 LDA $4015,X @ $4017 = #$01
f1200   c35707954    i46471956    A:40 X:02 Y:05 S:DB P:nvUbdIzc  $01:A0F0: 4A       LSR
f1200   c35707956    i46471957    A:20 X:02 Y:05 S:DB P:nvUbdIzc  $01:A0F1: 26 3F    ROL $3F = #$00
f1200   c35707961    i46471958    A:20 X:02 Y:05 S:DB P:nvUbdIZc  $01:A0F3: 29 01    AND #$01
f1200   c35707963    i46471959    A:00 X:02 Y:05 S:DB P:nvUbdIZc  $01:A0F5: 05 3F    ORA $3F = #$00
f1200   c35707966    i46471960    A:00 X:02 Y:05 S:DB P:nvUbdIZc  $01:A0F7: 85 3F    STA $3F = #$00
f1200   c35707969    i46471961    A:00 X:02 Y:05 S:DB P:nvUbdIZc  $01:A0F9: 88       DEY
f1200   c35707971    i46471962    A:00 X:02 Y:04 S:DB P:nvUbdIzc  $01:A0FA: D0 F1    BNE $A0ED
f1200   c35707974    i46471963    A:00 X:02 Y:04 S:DB P:nvUbdIzc  $01:A0ED: BD 15 40 LDA $4015,X @ $4017 = #$01
f1200   c35707978    i46471964    A:40 X:02 Y:04 S:DB P:nvUbdIzc  $01:A0F0: 4A       LSR
f1200   c35707980    i46471965    A:20 X:02 Y:04 S:DB P:nvUbdIzc  $01:A0F1: 26 3F    ROL $3F = #$00
f1200   c35707985    i46471966    A:20 X:02 Y:04 S:DB P:nvUbdIZc  $01:A0F3: 29 01    AND #$01
f1200   c35707987    i46471967    A:00 X:02 Y:04 S:DB P:nvUbdIZc  $01:A0F5: 05 3F    ORA $3F = #$00
f1200   c35707990    i46471968    A:00 X:02 Y:04 S:DB P:nvUbdIZc  $01:A0F7: 85 3F    STA $3F = #$00
f1200   c35707993    i46471969    A:00 X:02 Y:04 S:DB P:nvUbdIZc  $01:A0F9: 88       DEY
f1200   c35707995    i46471970    A:00 X:02 Y:03 S:DB P:nvUbdIzc  $01:A0FA: D0 F1    BNE $A0ED
f1200   c35707998    i46471971    A:00 X:02 Y:03 S:DB P:nvUbdIzc  $01:A0ED: BD 15 40 LDA $4015,X @ $4017 = #$01
f1200   c35708002    i46471972    A:40 X:02 Y:03 S:DB P:nvUbdIzc  $01:A0F0: 4A       LSR
f1200   c35712451    i46473368    A:00 X:00 Y:07 S:C8 P:nvUbdiZC  $00:91B4: A0 10    LDY #$10
f1200   c35712453    i46473369    A:00 X:00 Y:10 S:C8 P:nvUbdizC  $00:91B6: B1 94    LDA ($94),Y @ $0598 = #$38
f1200   c35712458    i46473370    A:38 X:00 Y:10 S:C8 P:nvUbdizC  $00:91B8: AA       TAX
f1200   c35712460    i46473371    A:38 X:38 Y:10 S:C8 P:nvUbdizC  $00:91B9: C8       INY
f1200   c35712462    i46473372    A:38 X:38 Y:11 S:C8 P:nvUbdizC  $00:91BA: B1 94    LDA ($94),Y @ $0599 = #$E0
f1200   c35712467    i46473373    A:E0 X:38 Y:11 S:C8 P:NvUbdizC  $00:91BC: 4A       LSR
f1200   c35712469    i46473374    A:70 X:38 Y:11 S:C8 P:nvUbdizc  $00:91BD: 4A       LSR
f1200   c35712471    i46473375    A:38 X:38 Y:11 S:C8 P:nvUbdizc  $00:91BE: A8       TAY
f1200   c35712473    i46473376    A:38 X:38 Y:38 S:C8 P:nvUbdizc  $00:91BF: A5 E6    LDA $E6 = #$FF
f1200   c35712476    i46473377    A:FF X:38 Y:38 S:C8 P:NvUbdizc  $00:91C1: 18       CLC
f1200   c35712478    i46473378    A:FF X:38 Y:38 S:C8 P:NvUbdizc  $00:91C2: 7D 68 04 ADC $0468,X @ $04A0 = #$4C
f1200   c35712482    i46473379    A:4B X:38 Y:38 S:C8 P:nvUbdizC  $00:91C5: 9D 68 04 STA $0468,X @ $04A0 = #$4C
f1200   c35712487    i46473380    A:4B X:38 Y:38 S:C8 P:nvUbdizC  $00:91C8: 6A       ROR
f1200   c35712489    i46473381    A:A5 X:38 Y:38 S:C8 P:NvUbdizC  $00:91C9: 45 E6    EOR $E6 = #$FF
f1200   c35712492    i46473382    A:5A X:38 Y:38 S:C8 P:nvUbdizC  $00:91CB: 10 08    BPL $91D5
f1200   c35712495    i46473383    A:5A X:38 Y:38 S:C8 P:nvUbdizC  $00:91D5: A5 E8    LDA $E8 = #$00
f1200   c35712498    i46473384    A:00 X:38 Y:38 S:C8 P:nvUbdiZC  $00:91D7: 18       CLC
f1200   c35712500    i46473385    A:00 X:38 Y:38 S:C8 P:nvUbdiZc  $00:91D8: 7D 6B 04 ADC $046B,X @ $04A3 = #$6C
f1200   c35712504    i46473386    A:6C X:38 Y:38 S:C8 P:nvUbdizc  $00:91DB: 9D 6B 04 STA $046B,X @ $04A3 = #$6C
f1200   c35712509    i46473387    A:6C X:38 Y:38 S:C8 P:nvUbdizc  $00:91DE: 6A       ROR
f1200   c35712511    i46473388    A:36 X:38 Y:38 S:C8 P:nvUbdizc  $00:91DF: 45 E8    EOR $E8 = #$00
f1200   c35712514    i46473389    A:36 X:38 Y:38 S:C8 P:nvUbdizc  $00:91E1: 10 08    BPL $91EB
f1200   c35712517    i46473390    A:36 X:38 Y:38 S:C8 P:nvUbdizc  $00:91EB: 8A       TXA
f1200   c35712519    i46473391    A:38 X:38 Y:38 S:C8 P:nvUbdizc  $00:91EC: 18       CLC
f1200   c35712521    i46473392    A:38 X:38 Y:38 S:C8 P:nvUbdizc  $00:91ED: 69 04    ADC #$04
f1200   c35712523    i46473393    A:3C X:38 Y:38 S:C8 P:nvUbdizc  $00:91EF: AA       TAX
f1200   c35712525    i46473394    A:3C X:3C Y:38 S:C8 P:nvUbdizc  $00:91F0: 88       DEY
f1200   c35712527    i46473395    A:3C X:3C Y:37 S:C8 P:nvUbdizc  $00:91F1: D0 CC    BNE $91BF
f1200   c35712530    i46473396    A:3C X:3C Y:37 S:C8 P:nvUbdizc  $00:91BF: A5 E6    LDA $E6 = #$FF
f1200   c35712533    i46473397    A:FF X:3C Y:37 S:C8 P:NvUbdizc  $00:91C1: 18       CLC
f1200   c35712535    i46473398    A:FF X:3C Y:37 S:C8 P:NvUbdizc  $00:91C2: 7D 68 04 ADC $0468,X @ $04A4 = #$54
f1200   c35712539    i46473399    A:53 X:3C Y:37 S:C8 P:nvUbdizC  $00:91C5: 9D 68 04 STA $0468,X @ $04A4 = #$54
f1200   c35712544    i46473400    A:53 X:3C Y:37 S:C8 P:nvUbdizC  $00:91C8: 6A       ROR
f1200   c35712546    i46473401    A:A9 X:3C Y:37 S:C8 P:NvUbdizC  $00:91C9: 45 E6    EOR $E6 = #$FF
f1200   c35712549    i46473402    A:56 X:3C Y:37 S:C8 P:nvUbdizC  $00:91CB: 10 08    BPL $91D5
f1200   c35712552    i46473403    A:56 X:3C Y:37 S:C8 P:nvUbdizC  $00:91D5: A5 E8    LDA $E8 = #$00
f1200   c35712555    i46473404    A:00 X:3C Y:37 S:C8 P:nvUbdiZC  $00:91D7: 18       CLC
f1200   c35712561    i46473405    A:00 X:3C Y:37 S:C8 P:nvUbdiZc  $00:91D8: 7D 6B 04 ADC $046B,X @ $04A7 = #$6C
f1200   c35712565    i46473406    A:6C X:3C Y:37 S:C8 P:nvUbdizc  $00:91DB: 9D 6B 04 STA $046B,X @ $04A7 = #$6C
f1200   c35712570    i46473407    A:6C X:3C Y:37 S:C8 P:nvUbdizc  $00:91DE: 6A       ROR
f1200   c35712572    i46473408    A:36 X:3C Y:37 S:C8 P:nvUbdizc  $00:91DF: 45 E8    EOR $E8 = #$00
f1200   c35712575    i46473409    A:36 X:3C Y:37 S:C8 P:nvUbdizc  $00:91E1: 10 08    BPL $91EB
f1202   c35779449    i46494790    A:30 X:02 Y:03 S:E0 P:nvUbdizc  $00:9FC6: BA       TSX
f1202   c35779451    i46494791    A:30 X:E0 Y:03 S:E0 P:NvUbdizc  $00:9FC7: 8A       TXA
f1202   c35779453    i46494792    A:E0 X:E0 Y:03 S:E0 P:NvUbdizc  $00:9FC8: A6 00    LDX $00 = #$15
f1202   c35779456    i46494793    A:E0 X:15 Y:03 S:E0 P:nvUbdizc  $00:9FCA: 95 01    STA $01,X @ $0016 = #$E0
f1202   c35779460    i46494794    A:E0 X:15 Y:03 S:E0 P:nvUbdizc  $00:9FCC: AD 24 00 LDA $0024 = #$00
f1202   c35779464    i46494795    A:00 X:15 Y:03 S:E0 P:nvUbdiZc  $00:9FCF: 95 02    STA $02,X @ $0017 = #$00
f1202   c35779468    i46494796    A:00 X:15 Y:03 S:E0 P:nvUbdiZc  $00:9FD1: AD 25 00 LDA $0025 = #$02
f1202   c35779472    i46494797    A:02 X:15 Y:03 S:E0 P:nvUbdizc  $00:9FD4: 95 03    STA $03,X @ $0018 = #$02
f1202   c35779476    i46494798    A:02 X:15 Y:03 S:E0 P:nvUbdizc  $00:9FD6: A5 19    LDA $19 = #$01
f1202   c35779479    i46494799    A:01 X:15 Y:03 S:E0 P:nvUbdizc  $00:9FD8: F0 04    BEQ $9FDE
f1202   c35779481    i46494800    A:01 X:15 Y:03 S:E0 P:nvUbdizc  $00:9FDA: C9 FF    CMP #$FF
f1202   c35779483    i46494801    A:01 X:15 Y:03 S:E0 P:nvUbdizc  $00:9FDC: D0 02    BNE $9FE0
f1202   c35779486    i46494802    A:01 X:15 Y:03 S:E0 P:nvUbdizc  $00:9FE0: 95 00    STA $00,X @ $0015 = #$00
f1202   c35779490    i46494803    A:01 X:15 Y:03 S:E0 P:nvUbdizc  $00:9FE2: 4C FB 9E JMP $9EFB
f1202   c35779493    i46494804    A:01 X:15 Y:03 S:E0 P:nvUbdizc  $00:9EFB: 8A       TXA
f1202   c35779495    i46494805    A:15 X:15 Y:03 S:E0 P:nvUbdizc  $00:9EFC: 18       CLC
f1202   c35779497    i46494806    A:15 X:15 Y:03 S:E0 P:nvUbdizc  $00:9EFD: 69 04    ADC #$04
f1202   c35779499    i46494807    A:19 X:15 Y:03 S:E0 P:nvUbdizc  $00:9EFF: AA       TAX
f1202   c35779501    i46494808    A:19 X:19 Y:03 S:E0 P:nvUbdizc  $00:9F00: E0 19    CPX #$19
f1202   c35779503    i46494809    A:19 X:19 Y:03 S:E0 P:nvUbdiZC  $00:9F02: D0 EB    BNE $9EEF
f1202   c35779505    i46494810    A:19 X:19 Y:03 S:E0 P:nvUbdiZC  $00:9F04: A5 1B    LDA $1B = #$40
f1202   c35779508    i46494811    A:40 X:19 Y:03 S:E0 P:nvUbdizC  $00:9F06: 10 FC    BPL $9F04
f1202   c35779511    i46494812    A:40 X:19 Y:03 S:E0 P:nvUbdizC  $00:9F04: A5 1B    LDA $1B = #$40
f1202   c35779514    i46494813    A:40 X:19 Y:03 S:E0 P:nvUbdizC  $00:9F06: 10 FC    BPL $9F04
f1202   c35779517    i46494814    A:40 X:19 Y:03 S:E0 P:nvUbdizC  $00:9F04: A5 1B    LDA $1B = #$40
f1202   c35779520    i46494815    A:40 X:19 Y:03 S:E0 P:nvUbdizC  $00:9F06: 10 FC    BPL $9F04
f1202   c35779523    i46494816    A:40 X:19 Y:03 S:E0 P:nvUbdizC  $00:9F04: A5 1B    LDA $1B = #$40
f1202   c35779526    i46494817    A:40 X:19 Y:03 S:E0 P:nvUbdizC  $00:9F06: 10 FC    BPL $9F04
f1202   c35779529    i46494818    A:40 X:19 Y:03 S:E0 P:nvUbdizC  $00:9F04: A5 1B    LDA $1B = #$40
f1202   c35779532    i46494819    A:40 X:19 Y:03 S:E0 P:nvUbdizC  $00:9F06: 10 FC    BPL $9F04
f1202   c35779535    i46494820    A:40 X:19 Y:03 S:E0 P:nvUbdizC  $00:9F04: A5 1B    LDA $1B = #$40
f1202   c35779538    i46494821    A:40 X:19 Y:03 S:E0 P:nvUbdizC  $00:9F06: 10 FC    BPL $9F04
f1202   c35779541    i46494822    A:40 X:19 Y:03 S:E0 P:nvUbdizC  $00:9F04: A5 1B    LDA $1B = #$40
f1202   c35779544    i46494823    A:40 X:19 Y:03 S:E0 P:nvUbdizC  $00:9F06: 10 FC    BPL $9F04
f1202   c35779547    i46494824    A:40 X:19 Y:03 S:E0 P:nvUbdizC  $00:9F04: A5 1B    LDA $1B = #$40
f1202   c35779550    i46494825    A:40 X:19 Y:03 S:E0 P:nvUbdizC  $00:9F06: 10 FC    BPL $9F04
f1202   c35779553    i46494826    A:40 X:19 Y:03 S:E0 P:nvUbdizC  $00:9F04: A5 1B    LDA $1B = #$40
f1202   c35779556    i46494827    A:40 X:19 Y:03 S:E0 P:nvUbdizC  $00:9F06: 10 FC    BPL $9F04
f1202   c35779559    i46494828    A:40 X:19 Y:03 S:E0 P:nvUbdizC  $00:9F04: A5 1B    LDA $1B = #$40
f1202   c35779562    i46494829    A:40 X:19 Y:03 S:E0 P:nvUbdizC  $00:9F06: 10 FC    BPL $9F04
f1202   c35779565    i46494830    A:40 X:19 Y:03 S:E0 P:nvUbdizC  $00:9F04: A5 1B    LDA $1B = #$40
f1202   c35779568    i46494831    A:40 X:19 Y:03 S:E0 P:nvUbdizC  $00:9F06: 10 FC    BPL $9F04
f1204   c35831138    i46511478    A:00 X:00 Y:07 S:C8 P:nvUbdiZC  $00:91A1: 85 E8    STA $E8 = #$74
f1204   c35831141    i46511479    A:00 X:00 Y:07 S:C8 P:nvUbdiZC  $00:91A3: 4C B4 91 JMP $91B4
f1204   c35831144    i46511480    A:00 X:00 Y:07 S:C8 P:nvUbdiZC  $00:91B4: A0 10    LDY #$10
f1204   c35831146    i46511481    A:00 X:00 Y:10 S:C8 P:nvUbdizC  $00:91B6: B1 94    LDA ($94),Y @ $0598 = #$38
f1204   c35831151    i46511482    A:38 X:00 Y:10 S:C8 P:nvUbdizC  $00:91B8: AA       TAX
f1204   c35831153    i46511483    A:38 X:38 Y:10 S:C8 P:nvUbdizC  $00:91B9: C8       INY
f1204   c35831155    i46511484    A:38 X:38 Y:11 S:C8 P:nvUbdizC  $00:91BA: B1 94    LDA ($94),Y @ $0599 = #$E0
f1204   c35831160    i46511485    A:E0 X:38 Y:11 S:C8 P:NvUbdizC  $00:91BC: 4A       LSR
f1204   c35831162    i46511486    A:70 X:38 Y:11 S:C8 P:nvUbdizc  $00:91BD: 4A       LSR
f1204   c35831164    i46511487    A:38 X:38 Y:11 S:C8 P:nvUbdizc  $00:91BE: A8       TAY
f1204   c35831166    i46511488    A:38 X:38 Y:38 S:C8 P:nvUbdizc  $00:91BF: A5 E6    LDA $E6 = #$FF
f1204   c35831169    i46511489    A:FF X:38 Y:38 S:C8 P:NvUbdizc  $00:91C1: 18       CLC
f1204   c35831171    i46511490    A:FF X:38 Y:38 S:C8 P:NvUbdizc  $00:91C2: 7D 68 04 ADC $0468,X @ $04A0 = #$4C
f1204   c35831175    i46511491    A:4B X:38 Y:38 S:C8 P:nvUbdizC  $00:91C5: 9D 68 04 STA $0468,X @ $04A0 = #$4C
f1204   c35831180    i46511492    A:4B X:38 Y:38 S:C8 P:nvUbdizC  $00:91C8: 6A       ROR
f1204   c35831182    i46511493    A:A5 X:38 Y:38 S:C8 P:NvUbdizC  $00:91C9: 45 E6    EOR $E6 = #$FF
f1204   c35831185    i46511494    A:5A X:38 Y:38 S:C8 P:nvUbdizC  $00:91CB: 10 08    BPL $91D5
f1204   c35831188    i46511495    A:5A X:38 Y:38 S:C8 P:nvUbdizC  $00:91D5: A5 E8    LDA $E8 = #$00
f1204   c35831191    i46511496    A:00 X:38 Y:38 S:C8 P:nvUbdiZC  $00:91D7: 18       CLC
f1204   c35831193    i46511497    A:00 X:38 Y:38 S:C8 P:nvUbdiZc  $00:91D8: 7D 6B 04 ADC $046B,X @ $04A3 = #$6C
f1204   c35831197    i46511498    A:6C X:38 Y:38 S:C8 P:nvUbdizc  $00:91DB: 9D 6B 04 STA $046B,X @ $04A3 = #$6C
f1204   c35831202    i46511499    A:6C X:38 Y:38 S:C8 P:nvUbdizc  $00:91DE: 6A       ROR
f1204   c35831204    i46511500    A:36 X:38 Y:38 S:C8 P:nvUbdizc  $00:91DF: 45 E8    EOR $E8 = #$00
f1204   c35831207    i46511501    A:36 X:38 Y:38 S:C8 P:nvUbdizc  $00:91E1: 10 08    BPL $91EB
f1204   c35831210    i46511502    A:36 X:38 Y:38 S:C8 P:nvUbdizc  $00:91EB: 8A       TXA
f1204   c35831212    i46511503    A:38 X:38 Y:38 S:C8 P:nvUbdizc  $00:91EC: 18       CLC
f1204   c35831214    i46511504    A:38 X:38 Y:38 S:C8 P:nvUbdizc  $00:91ED: 69 04    ADC #$04
f1204   c35831216    i46511505    A:3C X:38 Y:38 S:C8 P:nvUbdizc  $00:91EF: AA       TAX
f1204   c35831218    i46511506    A:3C X:3C Y:38 S:C8 P:nvUbdizc  $00:91F0: 88       DEY
f1204   c35831220    i46511507    A:3C X:3C Y:37 S:C8 P:nvUbdizc  $00:91F1: D0 CC    BNE $91BF
f1204   c35831223    i46511508    A:3C X:3C Y:37 S:C8 P:nvUbdizc  $00:91BF: A5 E6    LDA $E6 = #$FF
f1204   c35831226    i46511509    A:FF X:3C Y:37 S:C8 P:NvUbdizc  $00:91C1: 18       CLC
f1204   c35831228    i46511510    A:FF X:3C Y:37 S:C8 P:NvUbdizc  $00:91C2: 7D 68 04 ADC $0468,X @ $04A4 = #$54
f1204   c35831232    i46511511    A:53 X:3C Y:37 S:C8 P:nvUbdizC  $00:91C5: 9D 68 04 STA $0468,X @ $04A4 = #$54
f1204   c35831237    i46511512    A:53 X:3C Y:37 S:C8 P:nvUbdizC  $00:91C8: 6A       ROR
f1204   c35831239    i46511513    A:A9 X:3C Y:37 S:C8 P:NvUbdizC  $00:91C9: 45 E6    EOR $E6 = #$FF
f1204   c35831242    i46511514    A:56 X:3C Y:37 S:C8 P:nvUbdizC  $00:91CB: 10 08    BPL $91D5
f1204   c35831245    i46511515    A:56 X:3C Y:37 S:C8 P:nvUbdizC  $00:91D5: A5 E8    LDA $E8 = #$00
f1204   c35831248    i46511516    A:00 X:3C Y:37 S:C8 P:nvUbdiZC  $00:91D7: 18       CLC
f1204   c35831250    i46511517    A:00 X:3C Y:37 S:C8 P:nvUbdiZc  $00:91D8: 7D 6B 04 ADC $046B,X @ $04A7 = #$6C
f1204   c35831254    i46511518    A:6C X:3C Y:37 S:C8 P:nvUbdizc  $00:91DB: 9D 6B 04 STA $046B,X @ $04A7 = #$6C
f1204   c35831259    i46511519    A:6C X:3C Y:37 S:C8 P:nvUbdizc  $00:91DE: 6A       ROR
f1207   c35932431    i46544172    A:00 X:04 Y:22 S:C1 P:nVUbdIzC  $01:A178: 8D 06 20 STA $2006 = #$00
f1207   c35932435    i46544173    A:00 X:04 Y:22 S:C1 P:nVUbdIzC  $01:A17B: A5 20    LDA $20 = #$88
f1207   c35932438    i46544174    A:88 X:04 Y:22 S:C1 P:NVUbdIzC  $01:A17D: 29 FC    AND #$FC
f1207   c35932440    i46544175    A:88 X:04 Y:22 S:C1 P:NVUbdIzC  $01:A17F: 8D 00 20 STA $2000 = #$88
f1207   c35932444    i46544176    A:88 X:04 Y:22 S:C1 P:NVUbdIzC  $01:A182: A9 00    LDA #$00
f1207   c35932450    i46544177    A:00 X:04 Y:22 S:C1 P:nVUbdIZC  $01:A184: 8D 05 20 STA $2005 = #$00
f1207   c35932454    i46544178    A:00 X:04 Y:22 S:C1 P:nVUbdIZC  $01:A187: 8D 05 20 STA $2005 = #$00
f1207   c35932458    i46544179    A:00 X:04 Y:22 S:C1 P:nVUbdIZC  $01:A18A: 4C A8 A1 JMP $A1A8
f1207   c35932461    i46544180    A:00 X:04 Y:22 S:C1 P:nVUbdIZC  $01:A1A8: B5 78    LDA $78,X @ $007C = #$80
f1207   c35932465    i46544181    A:80 X:04 Y:22 S:C1 P:NVUbdIzC  $01:A1AA: 29 7F    AND #$7F
f1207   c35932467    i46544182    A:00 X:04 Y:22 S:C1 P:nVUbdIZC  $01:A1AC: F0 12    BEQ $A1C0
f1207   c35932470    i46544183    A:00 X:04 Y:22 S:C1 P:nVUbdIZC  $01:A1C0: 8D 00 E0 STA $E000 = #$FF
f1207   c35932474    i46544184    A:00 X:04 Y:22 S:C1 P:nVUbdIZC  $01:A1C3: 85 78    STA $78 = #$04
f1207   c35932477    i46544185    A:00 X:04 Y:22 S:C1 P:nVUbdIZC  $01:A1C5: A0 18    LDY #$18
f1207   c35932479    i46544186    A:00 X:04 Y:18 S:C1 P:nVUbdIzC  $01:A1C7: 20 CB A1 JSR $A1CB
f1207   c35932485    i46544187    A:00 X:04 Y:18 S:BF P:nVUbdIzC  $01:A1CB: B6 78    LDX $78,Y @ $0090 = #$00
f1207   c35932489    i46544188    A:00 X:00 Y:18 S:BF P:nVUbdIZC  $01:A1CD: A9 00    LDA #$00
f1207   c35932491    i46544189    A:00 X:00 Y:18 S:BF P:nVUbdIZC  $01:A1CF: 05 22    ORA $22 = #$00
f1207   c35932494    i46544190    A:00 X:00 Y:18 S:BF P:nVUbdIZC  $01:A1D1: 8D 00 80 STA $8000 = #$A5
f1207   c35932498    i46544191    A:00 X:00 Y:18 S:BF P:nVUbdIZC  $01:A1D4: 8E 01 80 STX $8001 = #$27
f1207   c35932502    i46544192    A:00 X:00 Y:18 S:BF P:nVUbdIZC  $01:A1D7: B6 79    LDX $79,Y @ $0091 = #$02
f1207   c35932506    i46544193    A:00 X:02 Y:18 S:BF P:nVUbdIzC  $01:A1D9: A9 01    LDA #$01
f1207   c35932508    i46544194    A:01 X:02 Y:18 S:BF P:nVUbdIzC  $01:A1DB: 05 22    ORA $22 = #$00
f1207   c35932511    i46544195    A:01 X:02 Y:18 S:BF P:nVUbdIzC  $01:A1DD: 8D 00 80 STA $8000 = #$A5
f1207   c35932515    i46544196    A:01 X:02 Y:18 S:BF P:nVUbdIzC  $01:A1E0: 8E 01 80 STX $8001 = #$27
f1207   c35932519    i46544197    A:01 X:02 Y:18 S:BF P:nVUbdIzC  $01:A1E3: 60       RTS (from $A1CB)
f1207   c35932525    i46544198    A:01 X:02 Y:18 S:C1 P:nVUbdIzC  $01:A1CA: 60       RTS (from $A160)
f1207   c35932531    i46544199    A:01 X:02 Y:18 S:C3 P:nVUbdIzC  $0F:C494: A5 22    LDA $22 = #$00
f1207   c35932534    i46544200    A:00 X:02 Y:18 S:C3 P:nVUbdIZC  $0F:C496: 09 07    ORA #$07
f1207   c35932536    i46544201    A:07 X:02 Y:18 S:C3 P:nVUbdIzC  $0F:C498: 8D 00 80 STA $8000 = #$A5
f1207   c35932540    i46544202    A:07 X:02 Y:18 S:C3 P:nVUbdIzC  $0F:C49B: A5 25    LDA $25 = #$0A
f1207   c35932543    i46544203    A:0A X:02 Y:18 S:C3 P:nVUbdIzC  $0F:C49D: 8D 01 80 STA $8001 = #$27
f1207   c35932547    i46544204    A:0A X:02 Y:18 S:C3 P:nVUbdIzC  $0F:C4A0: A5 23    LDA $23 = #$07
f1207   c35932550    i46544205    A:07 X:02 Y:18 S:C3 P:nVUbdIzC  $0F:C4A2: 8D 00 80 STA $8000 = #$A5
f1207   c35932554    i46544206    A:07 X:02 Y:18 S:C3 P:nVUbdIzC  $0F:C4A5: A4 3E    LDY $3E = #$00
f1207   c35932557    i46544207    A:07 X:02 Y:00 S:C3 P:nVUbdIZC  $0F:C4A7: A6 3D    LDX $3D = #$B8
f1207   c35932560    i46544208    A:07 X:B8 Y:00 S:C3 P:NVUbdIzC  $0F:C4A9: A5 3C    LDA $3C = #$00
f1207   c35932563    i46544209    A:00 X:B8 Y:00 S:C3 P:nVUbdIZC  $0F:C4AB: 46 3B    LSR $3B = #$AA
f1207   c35932568    i46544210    A:00 X:B8 Y:00 S:C3 P:nVUbdIzc  $0F:C4AD: 40       RTI
f1207   c35932574    i46544211    A:00 X:B8 Y:00 S:C6 P:nvUbdiZc  $00:9557: A0 00    LDY #$00
f1207   c35932576    i46544212    A:00 X:B8 Y:00 S:C6 P:nvUbdiZc  $00:9559: B1 E6    LDA ($E6),Y @ $BA33 = #$38
f1209   c35980735    i46559271    A:00 X:00 Y:07 S:C8 P:nvUbdiZC  $00:91A3: 4C B4 91 JMP $91B4
f1209   c35980738    i46559272    A:00 X:00 Y:07 S:C8 P:nvUbdiZC  $00:91B4: A0 10    LDY #$10
f1209   c35980740    i46559273    A:00 X:00 Y:10 S:C8 P:nvUbdizC  $00:91B6: B1 94    LDA ($94),Y @ $0598 = #$38
f1209   c35980745    i46559274    A:38 X:00 Y:10 S:C8 P:nvUbdizC  $00:91B8: AA       TAX
f1209   c35980747    i46559275    A:38 X:38 Y:10 S:C8 P:nvUbdizC  $00:91B9: C8       INY
f1209   c35980749    i46559276    A:38 X:38 Y:11 S:C8 P:nvUbdizC  $00:91BA: B1 94    LDA ($94),Y @ $0599 = #$E0
f1209   c35980754    i46559277    A:E0 X:38 Y:11 S:C8 P:NvUbdizC  $00:91BC: 4A       LSR
f1209   c35980756    i46559278    A:70 X:38 Y:11 S:C8 P:nvUbdizc  $00:91BD: 4A       LSR
f1209   c35980758    i46559279    A:38 X:38 Y:11 S:C8 P:nvUbdizc  $00:91BE: A8       TAY
f1209   c35980760    i46559280    A:38 X:38 Y:38 S:C8 P:nvUbdizc  $00:91BF: A5 E6    LDA $E6 = #$FF
f1209   c35980763    i46559281    A:FF X:38 Y:38 S:C8 P:NvUbdizc  $00:91C1: 18       CLC
f1209   c35980765    i46559282    A:FF X:38 Y:38 S:C8 P:NvUbdizc  $00:91C2: 7D 68 04 ADC $0468,X @ $04A0 = #$4B
f1209   c35980769    i46559283    A:4A X:38 Y:38 S:C8 P:nvUbdizC  $00:91C5: 9D 68 04 STA $0468,X @ $04A0 = #$4B
f1209   c35980774    i46559284    A:4A X:38 Y:38 S:C8 P:nvUbdizC  $00:91C8: 6A       ROR
f1209   c35980776    i46559285    A:A5 X:38 Y:38 S:C8 P:NvUbdizc  $00:91C9: 45 E6    EOR $E6 = #$FF
f1209   c35980779    i46559286    A:5A X:38 Y:38 S:C8 P:nvUbdizc  $00:91CB: 10 08    BPL $91D5
f1209   c35980782    i46559287    A:5A X:38 Y:38 S:C8 P:nvUbdizc  $00:91D5: A5 E8    LDA $E8 = #$00
f1209   c35980785    i46559288    A:00 X:38 Y:38 S:C8 P:nvUbdiZc  $00:91D7: 18       CLC
f1209   c35980787    i46559289    A:00 X:38 Y:38 S:C8 P:nvUbdiZc  $00:91D8: 7D 6B 04 ADC $046B,X @ $04A3 = #$6C
f1209   c35980791    i46559290    A:6C X:38 Y:38 S:C8 P:nvUbdizc  $00:91DB: 9D 6B 04 STA $046B,X @ $04A3 = #$6C
f1209   c35980796    i46559291    A:6C X:38 Y:38 S:C8 P:nvUbdizc  $00:91DE: 6A       ROR
f1209   c35980798    i46559292    A:36 X:38 Y:38 S:C8 P:nvUbdizc  $00:91DF: 45 E8    EOR $E8 = #$00
f1209   c35980801    i46559293    A:36 X:38 Y:38 S:C8 P:nvUbdizc  $00:91E1: 10 08    BPL $91EB
f1209   c35980804    i46559294    A:36 X:38 Y:38 S:C8 P:nvUbdizc  $00:91EB: 8A       TXA
f1209   c35980806    i46559295    A:38 X:38 Y:38 S:C8 P:nvUbdizc  $00:91EC: 18       CLC
f1209   c35980808    i46559296    A:38 X:38 Y:38 S:C8 P:nvUbdizc  $00:91ED: 69 04    ADC #$04
f1209   c35980810    i46559297    A:3C X:38 Y:38 S:C8 P:nvUbdizc  $00:91EF: AA       TAX
f1209   c35980812    i46559298    A:3C X:3C Y:38 S:C8 P:nvUbdizc  $00:91F0: 88       DEY
f1209   c35980814    i46559299    A:3C X:3C Y:37 S:C8 P:nvUbdizc  $00:91F1: D0 CC    BNE $91BF
f1209   c35980817    i46559300    A:3C X:3C Y:37 S:C8 P:nvUbdizc  $00:91BF: A5 E6    LDA $E6 = #$FF
f1209   c35980820    i46559301    A:FF X:3C Y:37 S:C8 P:NvUbdizc  $00:91C1: 18       CLC
f1209   c35980822    i46559302    A:FF X:3C Y:37 S:C8 P:NvUbdizc  $00:91C2: 7D 68 04 ADC $0468,X @ $04A4 = #$53
f1209   c35980826    i46559303    A:52 X:3C Y:37 S:C8 P:nvUbdizC  $00:91C5: 9D 68 04 STA $0468,X @ $04A4 = #$53
f1209   c35980831    i46559304    A:52 X:3C Y:37 S:C8 P:nvUbdizC  $00:91C8: 6A       ROR
f1209   c35980837    i46559305    A:A9 X:3C Y:37 S:C8 P:NvUbdizc  $00:91C9: 45 E6    EOR $E6 = #$FF
f1209   c35980840    i46559306    A:56 X:3C Y:37 S:C8 P:nvUbdizc  $00:91CB: 10 08    BPL $91D5
f1209   c35980843    i46559307    A:56 X:3C Y:37 S:C8 P:nvUbdizc  $00:91D5: A5 E8    LDA $E8 = #$00
f1209   c35980846    i46559308    A:00 X:3C Y:37 S:C8 P:nvUbdiZc  $00:91D7: 18       CLC
f1209   c35980848    i46559309    A:00 X:3C Y:37 S:C8 P:nvUbdiZc  $00:91D8: 7D 6B 04 ADC $046B,X @ $04A7 = #$6C
f1209   c35980852    i46559310    A:6C X:3C Y:37 S:C8 P:nvUbdizc  $00:91DB: 9D 6B 04 STA $046B,X @ $04A7 = #$6C
f1209   c35980857    i46559311    A:6C X:3C Y:37 S:C8 P:nvUbdizc  $00:91DE: 6A       ROR
f1209   c35980859    i46559312    A:36 X:3C Y:37 S:C8 P:nvUbdizc  $00:91DF: 45 E8    EOR $E8 = #$00
f1209   c35983993    i46560384    A:F6 X:14 Y:01 S:C8 P:NvUbdizC  $00:91C8: 6A       ROR
f1209   c35983995    i46560385    A:FB X:14 Y:01 S:C8 P:NvUbdizc  $00:91C9: 45 E6    EOR $E6 = #$FF
f1209   c35983998    i46560386    A:04 X:14 Y:01 S:C8 P:nvUbdizc  $00:91CB: 10 08    BPL $91D5
f1209   c35984001    i46560387    A:04 X:14 Y:01 S:C8 P:nvUbdizc  $00:91D5: A5 E8    LDA $E8 = #$00
f1209   c35984004    i46560388    A:00 X:14 Y:01 S:C8 P:nvUbdiZc  $00:91D7: 18       CLC
f1209   c35984006    i46560389    A:00 X:14 Y:01 S:C8 P:nvUbdiZc  $00:91D8: 7D 6B 04 ADC $046B,X @ $047F = #$94
f1209   c35984010    i46560390    A:94 X:14 Y:01 S:C8 P:NvUbdizc  $00:91DB: 9D 6B 04 STA $046B,X @ $047F = #$94
f1209   c35984015    i46560391    A:94 X:14 Y:01 S:C8 P:NvUbdizc  $00:91DE: 6A       ROR
f1209   c35984017    i46560392    A:4A X:14 Y:01 S:C8 P:nvUbdizc  $00:91DF: 45 E8    EOR $E8 = #$00
f1209   c35984020    i46560393    A:4A X:14 Y:01 S:C8 P:nvUbdizc  $00:91E1: 10 08    BPL $91EB
f1209   c35984023    i46560394    A:4A X:14 Y:01 S:C8 P:nvUbdizc  $00:91EB: 8A       TXA
f1209   c35984025    i46560395    A:14 X:14 Y:01 S:C8 P:nvUbdizc  $00:91EC: 18       CLC
f1209   c35984027    i46560396    A:14 X:14 Y:01 S:C8 P:nvUbdizc  $00:91ED: 69 04    ADC #$04
f1209   c35984029    i46560397    A:18 X:14 Y:01 S:C8 P:nvUbdizc  $00:91EF: AA       TAX
f1209   c35984031    i46560398    A:18 X:18 Y:01 S:C8 P:nvUbdizc  $00:91F0: 88       DEY
f1209   c35984033    i46560399    A:18 X:18 Y:00 S:C8 P:nvUbdiZc  $00:91F1: D0 CC    BNE $91BF
f1209   c35984035    i46560400    A:18 X:18 Y:00 S:C8 P:nvUbdiZc  $00:91F3: A0 01    LDY #$01
f1209   c35984037    i46560401    A:18 X:18 Y:01 S:C8 P:nvUbdizc  $00:91F5: B1 94    LDA ($94),Y @ $0589 = #$01
f1209   c35984042    i46560402    A:01 X:18 Y:01 S:C8 P:nvUbdizc  $00:91F7: 38       SEC
f1209   c35984044    i46560403    A:01 X:18 Y:01 S:C8 P:nvUbdizC  $00:91F8: E9 01    SBC #$01
f1209   c35984046    i46560404    A:00 X:18 Y:01 S:C8 P:nvUbdiZC  $00:91FA: 91 94    STA ($94),Y @ $0589 = #$01
f1209   c35984052    i46560405    A:00 X:18 Y:01 S:C8 P:nvUbdiZC  $00:91FC: F0 03    BEQ $9201
f1209   c35984056    i46560406    A:00 X:18 Y:01 S:C8 P:nvUbdiZC  $00:9201: A0 00    LDY #$00
f1209   c35984058    i46560407    A:00 X:18 Y:00 S:C8 P:nvUbdiZC  $00:9203: B1 94    LDA ($94),Y @ $0588 = #$A9
f1209   c35984063    i46560408    A:A9 X:18 Y:00 S:C8 P:NvUbdizC  $00:9205: 29 01    AND #$01
f1209   c35984065    i46560409    A:01 X:18 Y:00 S:C8 P:nvUbdizC  $00:9207: 18       CLC
f1209   c35984067    i46560410    A:01 X:18 Y:00 S:C8 P:nvUbdizc  $00:9208: 69 09    ADC #$09
f1209   c35984069    i46560411    A:0A X:18 Y:00 S:C8 P:nvUbdizc  $00:920A: AA       TAX
f1209   c35984071    i46560412    A:0A X:0A Y:00 S:C8 P:nvUbdizc  $00:920B: 20 B9 C4 JSR $C4B9
f1209   c35984077    i46560413    A:0A X:0A Y:00 S:C6 P:nvUbdizc  $0F:C4B9: 86 25    STX $25 = #$0A
f1209   c35984080    i46560414    A:0A X:0A Y:00 S:C6 P:nvUbdizc  $0F:C4BB: A9 07    LDA #$07
f1209   c35984082    i46560415    A:07 X:0A Y:00 S:C6 P:nvUbdizc  $0F:C4BD: 05 22    ORA $22 = #$00
f1209   c35984085    i46560416    A:07 X:0A Y:00 S:C6 P:nvUbdizc  $0F:C4BF: 85 23    STA $23 = #$06
f1209   c35984088    i46560417    A:07 X:0A Y:00 S:C6 P:nvUbdizc  $0F:C4C1: 8D 00 80 STA $8000 = #$A5
f1209   c35984092    i46560418    A:07 X:0A Y:00 S:C6 P:nvUbdizc  $0F:C4C4: 8E 01 80 STX $8001 = #$27
f1209   c35984096    i46560419    A:07 X:0A Y:00 S:C6 P:nvUbdizc  $0F:C4C7: 60       RTS (from $C4B9)
f1209   c35984102    i46560420    A:07 X:0A Y:00 S:C8 P:nvUbdizc  $00:920E: A0 02    LDY #$02
f1209   c35984104    i46560421    A:07 X:0A Y:02 S:C8 P:nvUbdizc  $00:9210: B1 94    LDA ($94),Y @ $058A = #$95
f1209   c35984109    i46560422    A:95 X:0A Y:02 S:C8 P:NvUbdizc  $00:9212: 85 92    STA $92 = #$94
f1209   c35984112    i46560423    A:95 X:0A Y:02 S:C8 P:NvUbdizc  $00:9214: C8       INY
f1209   c35984114    i46560424    A:95 X:0A Y:03 S:C8 P:nvUbdizc  $00:9215: B1 94    LDA ($94),Y @ $058B = #$A2
f1209   c35984119    i46560425    A:A2 X:0A Y:03 S:C8 P:NvUbdizc  $00:9217: 85 93    STA $93 = #$A2
f1211   c36051395    i46582200    A:08 X:E4 Y:00 S:C6 P:nvUbdizc  $00:9524: 18       CLC
f1211   c36051397    i46582201    A:08 X:E4 Y:00 S:C6 P:nvUbdizc  $00:9525: 65 9A    ADC $9A = #$44
f1211   c36051400    i46582202    A:4C X:E4 Y:00 S:C6 P:nvUbdizc  $00:9527: 9D 68 04 STA $0468,X @ $054C = #$4C
f1211   c36051405    i46582203    A:4C X:E4 Y:00 S:C6 P:nvUbdizc  $00:952A: 85 EA    STA $EA = #$4C
f1211   c36051408    i46582204    A:4C X:E4 Y:00 S:C6 P:nvUbdizc  $00:952C: A9 00    LDA #$00
f1211   c36051410    i46582205    A:00 X:E4 Y:00 S:C6 P:nvUbdiZc  $00:952E: 65 9B    ADC $9B = #$00
f1211   c36051413    i46582206    A:00 X:E4 Y:00 S:C6 P:nvUbdiZc  $00:9530: 4C 41 95 JMP $9541
f1211   c36051416    i46582207    A:00 X:E4 Y:00 S:C6 P:nvUbdiZc  $00:9541: 29 01    AND #$01
f1211   c36051418    i46582208    A:00 X:E4 Y:00 S:C6 P:nvUbdiZc  $00:9543: 85 EB    STA $EB = #$00
f1211   c36051421    i46582209    A:00 X:E4 Y:00 S:C6 P:nvUbdiZc  $00:9545: 0A       ASL
f1211   c36051423    i46582210    A:00 X:E4 Y:00 S:C6 P:nvUbdiZc  $00:9546: 85 EC    STA $EC = #$00
f1211   c36051426    i46582211    A:00 X:E4 Y:00 S:C6 P:nvUbdiZc  $00:9548: A5 E8    LDA $E8 = #$84
f1211   c36051429    i46582212    A:84 X:E4 Y:00 S:C6 P:NvUbdizc  $00:954A: 9D 6B 04 STA $046B,X @ $054F = #$84
f1211   c36051441    i46582213    A:84 X:E4 Y:00 S:C3 P:NvUbdIzc  $0F:C506: 4C 21 C8 JMP $C821
f1211   c36051444    i46582214    A:84 X:E4 Y:00 S:C3 P:NvUbdIzc  $0F:C821: 24 1B    BIT $1B = #$40
f1211   c36051447    i46582215    A:84 X:E4 Y:00 S:C3 P:nVUbdIZc  $0F:C823: 50 03    BVC $C828
f1211   c36051449    i46582216    A:84 X:E4 Y:00 S:C3 P:nVUbdIZc  $0F:C825: 4C 78 C4 JMP $C478
f1211   c36051452    i46582217    A:84 X:E4 Y:00 S:C3 P:nVUbdIZc  $0F:C478: 24 3B    BIT $3B = #$55
f1211   c36051455    i46582218    A:84 X:E4 Y:00 S:C3 P:nVUbdIzc  $0F:C47A: 30 32    BMI $C4AE
f1211   c36051457    i46582219    A:84 X:E4 Y:00 S:C3 P:nVUbdIzc  $0F:C47C: 38       SEC
f1211   c36051459    i46582220    A:84 X:E4 Y:00 S:C3 P:nVUbdIzC  $0F:C47D: 66 3B    ROR $3B = #$55
f1211   c36051464    i46582221    A:84 X:E4 Y:00 S:C3 P:NVUbdIzC  $0F:C47F: 85 3C    STA $3C = #$40
f1211   c36051467    i46582222    A:84 X:E4 Y:00 S:C3 P:NVUbdIzC  $0F:C481: 86 3D    STX $3D = #$19
f1211   c36051470    i46582223    A:84 X:E4 Y:00 S:C3 P:NVUbdIzC  $0F:C483: 84 3E    STY $3E = #$05
f1211   c36051473    i46582224    A:84 X:E4 Y:00 S:C3 P:NVUbdIzC  $0F:C485: A5 22    LDA $22 = #$00
f1211   c36051476    i46582225    A:00 X:E4 Y:00 S:C3 P:nVUbdIZC  $0F:C487: 09 07    ORA #$07
f1211   c36051478    i46582226    A:07 X:E4 Y:00 S:C3 P:nVUbdIzC  $0F:C489: 8D 00 80 STA $8000 = #$A5
f1211   c36051482    i46582227    A:07 X:E4 Y:00 S:C3 P:nVUbdIzC  $0F:C48C: A9 02    LDA #$02
f1211   c36051484    i46582228    A:02 X:E4 Y:00 S:C3 P:nVUbdIzC  $0F:C48E: 8D 01 80 STA $8001 = #$27
f1211   c36051488    i46582229    A:02 X:E4 Y:00 S:C3 P:nVUbdIzC  $0F:C491: 20 60 A1 JSR $A160
f1211   c36051494    i46582230    A:02 X:E4 Y:00 S:C1 P:nVUbdIzC  $01:A160: 8D 00 E0 STA $E000 = #$FF
f1211   c36051498    i46582231    A:02 X:E4 Y:00 S:C1 P:nVUbdIzC  $01:A163: 8D 01 E0 STA $E001 = #$18
f1211   c36051502    i46582232    A:02 X:E4 Y:00 S:C1 P:nVUbdIzC  $01:A166: A6 78    LDX $78 = #$04
f1211   c36051505    i46582233    A:02 X:04 Y:00 S:C1 P:nVUbdIzC  $01:A168: B5 78    LDA $78,X @ $007C = #$80
f1211   c36051509    i46582234    A:80 X:04 Y:00 S:C1 P:NVUbdIzC  $01:A16A: 10 21    BPL $A18D
f1211   c36051511    i46582235    A:80 X:04 Y:00 S:C1 P:NVUbdIzC  $01:A16C: A0 06    LDY #$06
f1211   c36051513    i46582236    A:80 X:04 Y:06 S:C1 P:nVUbdIzC  $01:A16E: 88       DEY
f1211   c36051515    i46582237    A:80 X:04 Y:05 S:C1 P:nVUbdIzC  $01:A16F: D0 FD    BNE $A16E
f1211   c36051518    i46582238    A:80 X:04 Y:05 S:C1 P:nVUbdIzC  $01:A16E: 88       DEY
f1211   c36051520    i46582239    A:80 X:04 Y:04 S:C1 P:nVUbdIzC  $01:A16F: D0 FD    BNE $A16E
f1211   c36051523    i46582240    A:80 X:04 Y:04 S:C1 P:nVUbdIzC  $01:A16E: 88       DEY
f1211   c36051525    i46582241    A:80 X:04 Y:03 S:C1 P:nVUbdIzC  $01:A16F: D0 FD    BNE $A16E
f1214   c36127311    i46606400    A:00 X:01 Y:06 S:D9 P:nvUbdIZC  $06:824B: C9 01    CMP #$01
f1214   c36127313    i46606401    A:00 X:01 Y:06 S:D9 P:NvUbdIzc  $06:824D: F0 08    BEQ $8257
f1214   c36127315    i46606402    A:00 X:01 Y:06 S:D9 P:NvUbdIzc  $06:824F: C9 02    CMP #$02
f1214   c36127317    i46606403    A:00 X:01 Y:06 S:D9 P:NvUbdIzc  $06:8251: D0 03    BNE $8256
f1214   c36127320    i46606404    A:00 X:01 Y:06 S:D9 P:NvUbdIzc  $06:8256: 60       RTS (from $81DB)
f1214   c36127326    i46606405    A:00 X:01 Y:06 S:DB P:NvUbdIzc  $06:810C: 18       CLC
f1214   c36127328    i46606406    A:00 X:01 Y:06 S:DB P:NvUbdIzc  $06:810D: A9 10    LDA #$10
f1214   c36127330    i46606407    A:10 X:01 Y:06 S:DB P:nvUbdIzc  $06:810F: 65 F0    ADC $F0 = #$87
f1214   c36127333    i46606408    A:97 X:01 Y:06 S:DB P:NvUbdIzc  $06:8111: 85 F0    STA $F0 = #$87
f1214   c36127336    i46606409    A:97 X:01 Y:06 S:DB P:NvUbdIzc  $06:8113: A9 04    LDA #$04
f1214   c36127338    i46606410    A:04 X:01 Y:06 S:DB P:nvUbdIzc  $06:8115: 65 F2    ADC $F2 = #$18
f1214   c36127341    i46606411    A:1C X:01 Y:06 S:DB P:nvUbdIzc  $06:8117: 85 F2    STA $F2 = #$18
f1214   c36127344    i46606412    A:1C X:01 Y:06 S:DB P:nvUbdIzc  $06:8119: C6 F3    DEC $F3 = #$02
f1214   c36127349    i46606413    A:1C X:01 Y:06 S:DB P:nvUbdIzc  $06:811B: D0 AD    BNE $80CA
f1214   c36127353    i46606414    A:1C X:01 Y:06 S:DB P:nvUbdIzc  $06:80CA: AD 06 07 LDA $0706 = #$F1
f1214   c36127357    i46606415    A:F1 X:01 Y:06 S:DB P:NvUbdIzc  $06:80CD: 4A       LSR
f1214   c36127359    i46606416    A:78 X:01 Y:06 S:DB P:nvUbdIzC  $06:80CE: 90 02    BCC $80D2
f1214   c36127361    i46606417    A:78 X:01 Y:06 S:DB P:nvUbdIzC  $06:80D0: 09 80    ORA #$80
f1214   c36127363    i46606418    A:F8 X:01 Y:06 S:DB P:NvUbdIzC  $06:80D2: 8D 06 07 STA $0706 = #$F1
f1214   c36127367    i46606419    A:F8 X:01 Y:06 S:DB P:NvUbdIzC  $06:80D5: 90 35    BCC $810C
f1214   c36127369    i46606420    A:F8 X:01 Y:06 S:DB P:NvUbdIzC  $06:80D7: A6 F2    LDX $F2 = #$1C
f1214   c36127372    i46606421    A:F8 X:1C Y:06 S:DB P:nvUbdIzC  $06:80D9: DE 07 07 DEC $0707,X @ $0723 = #$01
f1214   c36127379    i46606422    A:F8 X:1C Y:06 S:DB P:nvUbdIZC  $06:80DC: D0 03    BNE $80E1
f1214   c36127381    i46606423    A:F8 X:1C Y:06 S:DB P:nvUbdIZC  $06:80DE: 20 CB 83 JSR $83CB
f1214   c36127387    i46606424    A:F8 X:1C Y:06 S:D9 P:nvUbdIZC  $06:83CB: A9 CF    LDA #$CF
f1214   c36127389    i46606425    A:CF X:1C Y:06 S:D9 P:NvUbdIzC  $06:83CD: A0 05    LDY #$05
f1214   c36127391    i46606426    A:CF X:1C Y:05 S:D9 P:nvUbdIzC  $06:83CF: 31 F0    AND ($F0),Y @ $079C = #$06
f1214   c36127396    i46606427    A:06 X:1C Y:05 S:D9 P:nvUbdIzC  $06:83D1: 91 F0    STA ($F0),Y @ $079C = #$06
f1214   c36127402    i46606428    A:06 X:1C Y:05 S:D9 P:nvUbdIzC  $06:83D3: A0 00    LDY #$00
f1214   c36127404    i46606429    A:06 X:1C Y:00 S:D9 P:nvUbdIZC  $06:83D5: B1 F0    LDA ($F0),Y @ $0797 = #$E0
f1214   c36127409    i46606430    A:E0 X:1C Y:00 S:D9 P:NvUbdIzC  $06:83D7: 85 F4    STA $F4 = #$1D
f1214   c36127412    i46606431    A:E0 X:1C Y:00 S:D9 P:NvUbdIzC  $06:83D9: C8       INY
f1214   c36127414    i46606432    A:E0 X:1C Y:01 S:D9 P:nvUbdIzC  $06:83DA: B1 F0    LDA ($F0),Y @ $0798 = #$BF
f1214   c36127419    i46606433    A:BF X:1C Y:01 S:D9 P:NvUbdIzC  $06:83DC: 85 F5    STA $F5 = #$01
f1214   c36127422    i46606434    A:BF X:1C Y:01 S:D9 P:NvUbdIzC  $06:83DE: 88       DEY
f1214   c36127424    i46606435    A:BF X:1C Y:00 S:D9 P:nvUbdIZC  $06:83DF: B1 F4    LDA ($F4),Y @ $BFE0 = #$00
f1214   c36127429    i46606436    A:00 X:1C Y:00 S:D9 P:nvUbdIZC  $06:83E1: 10 21    BPL $8404
f1214   c36127433    i46606437    A:00 X:1C Y:00 S:D9 P:nvUbdIZC  $06:8404: C8       INY
f1214   c36127435    i46606438    A:00 X:1C Y:01 S:D9 P:nvUbdIzC  $06:8405: 48       PHA
f1214   c36127438    i46606439    A:00 X:1C Y:01 S:D8 P:nvUbdIzC  $06:8406: 98       TYA
f1214   c36127440    i46606440    A:01 X:1C Y:01 S:D8 P:nvUbdIzC  $06:8407: A0 00    LDY #$00
f1214   c36127442    i46606441    A:01 X:1C Y:00 S:D8 P:nvUbdIZC  $06:8409: 18       CLC
f1215   c36159386    i46616606    A:68 X:18 Y:00 S:C8 P:nvUbdizc  $00:94C3: 18       CLC
f1215   c36159388    i46616607    A:68 X:18 Y:00 S:C8 P:nvUbdizc  $00:94C4: 69 20    ADC #$20
f1215   c36159390    i46616608    A:88 X:18 Y:00 S:C8 P:NVUbdizc  $00:94C6: 85 94    STA $94 = #$68
f1215   c36159393    i46616609    A:88 X:18 Y:00 S:C8 P:NVUbdizc  $00:94C8: A5 95    LDA $95 = #$05
f1215   c36159396    i46616610    A:05 X:18 Y:00 S:C8 P:nVUbdizc  $00:94CA: 69 00    ADC #$00
f1215   c36159398    i46616611    A:05 X:18 Y:00 S:C8 P:nvUbdizc  $00:94CC: 85 95    STA $95 = #$05
f1215   c36159401    i46616612    A:05 X:18 Y:00 S:C8 P:nvUbdizc  $00:94CE: C6 96    DEC $96 = #$04
f1215   c36159406    i46616613    A:05 X:18 Y:00 S:C8 P:nvUbdizc  $00:94D0: F0 03    BEQ $94D5
f1215   c36159408    i46616614    A:05 X:18 Y:00 S:C8 P:nvUbdizc  $00:94D2: 4C 54 91 JMP $9154
f1215   c36159411    i46616615    A:05 X:18 Y:00 S:C8 P:nvUbdizc  $00:9154: A0 00    LDY #$00
f1215   c36159413    i46616616    A:05 X:18 Y:00 S:C8 P:nvUbdiZc  $00:9156: B1 94    LDA ($94),Y @ $0588 = #$A9
f1215   c36159418    i46616617    A:A9 X:18 Y:00 S:C8 P:NvUbdizc  $00:9158: 30 03    BMI $915D
f1215   c36159421    i46616618    A:A9 X:18 Y:00 S:C8 P:NvUbdizc  $00:915D: AA       TAX
f1215   c36159423    i46616619    A:A9 X:A9 Y:00 S:C8 P:NvUbdizc  $00:915E: A0 04    LDY #$04
f1215   c36159425    i46616620    A:A9 X:A9 Y:04 S:C8 P:nvUbdizc  $00:9160: 20 4A 97 JSR $974A
f1215   c36159431    i46616621    A:A9 X:A9 Y:04 S:C6 P:nvUbdizc  $00:974A: B1 94    LDA ($94),Y @ $058C = #$80
f1215   c36159436    i46616622    A:80 X:A9 Y:04 S:C6 P:NvUbdizc  $00:974C: 0A       ASL
f1215   c36159438    i46616623    A:00 X:A9 Y:04 S:C6 P:nvUbdiZC  $00:974D: C8       INY
f1215   c36159440    i46616624    A:00 X:A9 Y:05 S:C6 P:nvUbdizC  $00:974E: B1 94    LDA ($94),Y @ $058D = #$21
f1215   c36159445    i46616625    A:21 X:A9 Y:05 S:C6 P:nvUbdizC  $00:9750: 2A       ROL
f1215   c36159447    i46616626    A:43 X:A9 Y:05 S:C6 P:nvUbdizc  $00:9751: 99 95 00 STA $0095,Y @ $009A = #$43
f1215   c36159452    i46616627    A:43 X:A9 Y:05 S:C6 P:nvUbdizc  $00:9754: A9 00    LDA #$00
f1215   c36159454    i46616628    A:00 X:A9 Y:05 S:C6 P:nvUbdiZc  $00:9756: 2A       ROL
f1215   c36159456    i46616629    A:00 X:A9 Y:05 S:C6 P:nvUbdiZc  $00:9757: 99 96 00 STA $0096,Y @ $009B = #$00
f1215   c36159461    i46616630    A:00 X:A9 Y:05 S:C6 P:nvUbdiZc  $00:975A: 60       RTS (from $974A)
f1215   c36159467    i46616631    A:00 X:A9 Y:05 S:C8 P:nvUbdiZc  $00:9163: A0 06    LDY #$06
f1215   c36159469    i46616632    A:00 X:A9 Y:06 S:C8 P:nvUbdizc  $00:9165: 20 4A 97 JSR $974A
f1215   c36159475    i46616633    A:00 X:A9 Y:06 S:C6 P:nvUbdizc  $00:974A: B1 94    LDA ($94),Y @ $058E = #$00
f1215   c36159480    i46616634    A:00 X:A9 Y:06 S:C6 P:nvUbdiZc  $00:974C: 0A       ASL
f1215   c36159482    i46616635    A:00 X:A9 Y:06 S:C6 P:nvUbdiZc  $00:974D: C8       INY
f1215   c36159484    i46616636    A:00 X:A9 Y:07 S:C6 P:nvUbdizc  $00:974E: B1 94    LDA ($94),Y @ $058F = #$3A
f1215   c36159489    i46616637    A:3A X:A9 Y:07 S:C6 P:nvUbdizc  $00:9750: 2A       ROL
f1215   c36159491    i46616638    A:74 X:A9 Y:07 S:C6 P:nvUbdizc  $00:9751: 99 95 00 STA $0095,Y @ $009C = #$74
f1215   c36159496    i46616639    A:74 X:A9 Y:07 S:C6 P:nvUbdizc  $00:9754: A9 00    LDA #$00
f1215   c36159498    i46616640    A:00 X:A9 Y:07 S:C6 P:nvUbdiZc  $00:9756: 2A       ROL
f1215   c36159500    i46616641    A:00 X:A9 Y:07 S:C6 P:nvUbdiZc  $00:9757: 99 96 00 STA $0096,Y @ $009D = #$00
f1215   c36159505    i46616642    A:00 X:A9 Y:07 S:C6 P:nvUbdiZc  $00:975A: 60       RTS (from $974A)
f1215   c36159511    i46616643    A:00 X:A9 Y:07 S:C8 P:nvUbdiZc  $00:9168: 8A       TXA
f1215   c36159513    i46616644    A:A9 X:A9 Y:07 S:C8 P:NvUbdizc  $00:9169: 29 10    AND #$10
f1215   c36159515    i46616645    A:00 X:A9 Y:07 S:C8 P:nvUbdiZc  $00:916B: D0 39    BNE $91A6
f1215   c36159517    i46616646    A:00 X:A9 Y:07 S:C8 P:nvUbdiZc  $00:916D: 8A       TXA
f1215   c36159519    i46616647    A:A9 X:A9 Y:07 S:C8 P:NvUbdizc  $00:916E: 29 20    AND #$20
f1217   c36217574    i46635315    A:88 X:18 Y:00 S:C8 P:NVUbdizc  $00:94C8: A5 95    LDA $95 = #$05
f1217   c36217577    i46635316    A:05 X:18 Y:00 S:C8 P:nVUbdizc  $00:94CA: 69 00    ADC #$00
f1217   c36217579    i46635317    A:05 X:18 Y:00 S:C8 P:nvUbdizc  $00:94CC: 85 95    STA $95 = #$05
f1217   c36217582    i46635318    A:05 X:18 Y:00 S:C8 P:nvUbdizc  $00:94CE: C6 96    DEC $96 = #$04
f1217   c36217587    i46635319    A:05 X:18 Y:00 S:C8 P:nvUbdizc  $00:94D0: F0 03    BEQ $94D5
f1217   c36217589    i46635320    A:05 X:18 Y:00 S:C8 P:nvUbdizc  $00:94D2: 4C 54 91 JMP $9154
f1217   c36217592    i46635321    A:05 X:18 Y:00 S:C8 P:nvUbdizc  $00:9154: A0 00    LDY #$00
f1217   c36217594    i46635322    A:05 X:18 Y:00 S:C8 P:nvUbdiZc  $00:9156: B1 94    LDA ($94),Y @ $0588 = #$A9
f1217   c36217599    i46635323    A:A9 X:18 Y:00 S:C8 P:NvUbdizc  $00:9158: 30 03    BMI $915D
f1217   c36217602    i46635324    A:A9 X:18 Y:00 S:C8 P:NvUbdizc  $00:915D: AA       TAX
f1217   c36217604    i46635325    A:A9 X:A9 Y:00 S:C8 P:NvUbdizc  $00:915E: A0 04    LDY #$04
f1217   c36217606    i46635326    A:A9 X:A9 Y:04 S:C8 P:nvUbdizc  $00:9160: 20 4A 97 JSR $974A
f1217   c36217612    i46635327    A:A9 X:A9 Y:04 S:C6 P:nvUbdizc  $00:974A: B1 94    LDA ($94),Y @ $058C = #$80
f1217   c36217617    i46635328    A:80 X:A9 Y:04 S:C6 P:NvUbdizc  $00:974C: 0A       ASL
f1217   c36217619    i46635329    A:00 X:A9 Y:04 S:C6 P:nvUbdiZC  $00:974D: C8       INY
f1217   c36217621    i46635330    A:00 X:A9 Y:05 S:C6 P:nvUbdizC  $00:974E: B1 94    LDA ($94),Y @ $058D = #$21
f1217   c36217626    i46635331    A:21 X:A9 Y:05 S:C6 P:nvUbdizC  $00:9750: 2A       ROL
f1217   c36217628    i46635332    A:43 X:A9 Y:05 S:C6 P:nvUbdizc  $00:9751: 99 95 00 STA $0095,Y @ $009A = #$43
f1217   c36217633    i46635333    A:43 X:A9 Y:05 S:C6 P:nvUbdizc  $00:9754: A9 00    LDA #$00
f1217   c36217635    i46635334    A:00 X:A9 Y:05 S:C6 P:nvUbdiZc  $00:9756: 2A       ROL
f1217   c36217637    i46635335    A:00 X:A9 Y:05 S:C6 P:nvUbdiZc  $00:9757: 99 96 00 STA $0096,Y @ $009B = #$00
f1217   c36217642    i46635336    A:00 X:A9 Y:05 S:C6 P:nvUbdiZc  $00:975A: 60       RTS (from $974A)
f1217   c36217648    i46635337    A:00 X:A9 Y:05 S:C8 P:nvUbdiZc  $00:9163: A0 06    LDY #$06
f1217   c36217650    i46635338    A:00 X:A9 Y:06 S:C8 P:nvUbdizc  $00:9165: 20 4A 97 JSR $974A
f1217   c36217656    i46635339    A:00 X:A9 Y:06 S:C6 P:nvUbdizc  $00:974A: B1 94    LDA ($94),Y @ $058E = #$00
f1217   c36217661    i46635340    A:00 X:A9 Y:06 S:C6 P:nvUbdiZc  $00:974C: 0A       ASL
f1217   c36217663    i46635341    A:00 X:A9 Y:06 S:C6 P:nvUbdiZc  $00:974D: C8       INY
f1217   c36217665    i46635342    A:00 X:A9 Y:07 S:C6 P:nvUbdizc  $00:974E: B1 94    LDA ($94),Y @ $058F = #$3A
f1217   c36217670    i46635343    A:3A X:A9 Y:07 S:C6 P:nvUbdizc  $00:9750: 2A       ROL
f1217   c36217672    i46635344    A:74 X:A9 Y:07 S:C6 P:nvUbdizc  $00:9751: 99 95 00 STA $0095,Y @ $009C = #$74
f1217   c36217677    i46635345    A:74 X:A9 Y:07 S:C6 P:nvUbdizc  $00:9754: A9 00    LDA #$00
f1217   c36217679    i46635346    A:00 X:A9 Y:07 S:C6 P:nvUbdiZc  $00:9756: 2A       ROL
f1217   c36217681    i46635347    A:00 X:A9 Y:07 S:C6 P:nvUbdiZc  $00:9757: 99 96 00 STA $0096,Y @ $009D = #$00
f1217   c36217686    i46635348    A:00 X:A9 Y:07 S:C6 P:nvUbdiZc  $00:975A: 60       RTS (from $974A)
f1217   c36217692    i46635349    A:00 X:A9 Y:07 S:C8 P:nvUbdiZc  $00:9168: 8A       TXA
f1217   c36217694    i46635350    A:A9 X:A9 Y:07 S:C8 P:NvUbdizc  $00:9169: 29 10    AND #$10
f1217   c36217696    i46635351    A:00 X:A9 Y:07 S:C8 P:nvUbdiZc  $00:916B: D0 39    BNE $91A6
f1217   c36217698    i46635352    A:00 X:A9 Y:07 S:C8 P:nvUbdiZc  $00:916D: 8A       TXA
f1217   c36217700    i46635353    A:A9 X:A9 Y:07 S:C8 P:NvUbdizc  $00:916E: 29 20    AND #$20
f1217   c36217702    i46635354    A:20 X:A9 Y:07 S:C8 P:nvUbdizc  $00:9170: D0 03    BNE $9175
f1217   c36217705    i46635355    A:20 X:A9 Y:07 S:C8 P:nvUbdizc  $00:9175: A2 04    LDX #$04
f1217   c36217707    i46635356    A:20 X:04 Y:07 S:C8 P:nvUbdizc  $00:9177: A0 0A    LDY #$0A
f1224   c36430708    i46703637    A:00 X:15 Y:00 S:BC P:nvUbdiZc  $00:9F2E: 8D 01 80 STA $8001 = #$27
f1224   c36430712    i46703638    A:00 X:15 Y:00 S:BC P:nvUbdiZc  $00:9F31: B5 01    LDA $01,X @ $0016 = #$E0
f1224   c36430716    i46703639    A:E0 X:15 Y:00 S:BC P:NvUbdizc  $00:9F33: AA       TAX
f1224   c36430718    i46703640    A:E0 X:E0 Y:00 S:BC P:NvUbdizc  $00:9F34: 9A       TXS
f1224   c36430720    i46703641    A:E0 X:E0 Y:00 S:E0 P:NvUbdizc  $00:9F35: 68       PLA
f1224   c36430724    i46703642    A:30 X:E0 Y:00 S:E1 P:nvUbdizc  $00:9F36: 85 E6    STA $E6 = #$FF
f1224   c36430727    i46703643    A:30 X:E0 Y:00 S:E1 P:nvUbdizc  $00:9F38: 68       PLA
f1224   c36430731    i46703644    A:23 X:E0 Y:00 S:E2 P:nvUbdizc  $00:9F39: 85 E7    STA $E7 = #$BA
f1224   c36430734    i46703645    A:23 X:E0 Y:00 S:E2 P:nvUbdizc  $00:9F3B: 68       PLA
f1224   c36430738    i46703646    A:00 X:E0 Y:00 S:E3 P:nvUbdiZc  $00:9F3C: 85 E8    STA $E8 = #$00
f1224   c36430741    i46703647    A:00 X:E0 Y:00 S:E3 P:nvUbdiZc  $00:9F3E: 68       PLA
f1224   c36430745    i46703648    A:00 X:E0 Y:00 S:E4 P:nvUbdiZc  $00:9F3F: 85 E9    STA $E9 = #$00
f1224   c36430748    i46703649    A:00 X:E0 Y:00 S:E4 P:nvUbdiZc  $00:9F41: 68       PLA
f1224   c36430752    i46703650    A:01 X:E0 Y:00 S:E5 P:nvUbdizc  $00:9F42: 85 EA    STA $EA = #$4C
f1224   c36430755    i46703651    A:01 X:E0 Y:00 S:E5 P:nvUbdizc  $00:9F44: 68       PLA
f1224   c36430759    i46703652    A:05 X:E0 Y:00 S:E6 P:nvUbdizc  $00:9F45: 85 EB    STA $EB = #$00
f1224   c36430762    i46703653    A:05 X:E0 Y:00 S:E6 P:nvUbdizc  $00:9F47: 68       PLA
f1224   c36430766    i46703654    A:96 X:E0 Y:00 S:E7 P:NvUbdizc  $00:9F48: 85 EC    STA $EC = #$00
f1224   c36430769    i46703655    A:96 X:E0 Y:00 S:E7 P:NvUbdizc  $00:9F4A: 68       PLA
f1224   c36430773    i46703656    A:BA X:E0 Y:00 S:E8 P:NvUbdizc  $00:9F4B: 85 ED    STA $ED = #$06
f1224   c36430776    i46703657    A:BA X:E0 Y:00 S:E8 P:NvUbdizc  $00:9F4D: 68       PLA
f1224   c36430780    i46703658    A:00 X:E0 Y:00 S:E9 P:nvUbdiZc  $00:9F4E: A8       TAY
f1224   c36430782    i46703659    A:00 X:E0 Y:00 S:E9 P:nvUbdiZc  $00:9F4F: 68       PLA
f1224   c36430786    i46703660    A:02 X:E0 Y:00 S:EA P:nvUbdizc  $00:9F50: AA       TAX
f1224   c36430788    i46703661    A:02 X:02 Y:00 S:EA P:nvUbdizc  $00:9F51: 60       RTS (from $9FA8)
f1224   c36430794    i46703662    A:02 X:02 Y:00 S:EC P:nvUbdizc  $01:A8D3: A0 00    LDY #$00
f1224   c36430796    i46703663    A:02 X:02 Y:00 S:EC P:nvUbdiZc  $01:A8D5: BE 68 04 LDX $0468,Y @ $0468 = #$53
f1224   c36430800    i46703664    A:02 X:53 Y:00 S:EC P:nvUbdizc  $01:A8D8: B9 6A 04 LDA $046A,Y @ $046A = #$00
f1224   c36430804    i46703665    A:00 X:53 Y:00 S:EC P:nvUbdiZc  $01:A8DB: 29 0C    AND #$0C
f1224   c36430806    i46703666    A:00 X:53 Y:00 S:EC P:nvUbdiZc  $01:A8DD: F0 02    BEQ $A8E1
f1224   c36430809    i46703667    A:00 X:53 Y:00 S:EC P:nvUbdiZc  $01:A8E1: 8A       TXA
f1224   c36430811    i46703668    A:53 X:53 Y:00 S:EC P:nvUbdizc  $01:A8E2: 99 00 02 STA $0200,Y @ $0200 = #$54
f1224   c36430816    i46703669    A:53 X:53 Y:00 S:EC P:nvUbdizc  $01:A8E5: B9 69 04 LDA $0469,Y @ $0469 = #$11
f1224   c36430820    i46703670    A:11 X:53 Y:00 S:EC P:nvUbdizc  $01:A8E8: 99 01 02 STA $0201,Y @ $0201 = #$11
f1224   c36430825    i46703671    A:11 X:53 Y:00 S:EC P:nvUbdizc  $01:A8EB: B9 6A 04 LDA $046A,Y @ $046A = #$00
f1224   c36430829    i46703672    A:00 X:53 Y:00 S:EC P:nvUbdiZc  $01:A8EE: 99 02 02 STA $0202,Y @ $0202 = #$00
f1224   c36430834    i46703673    A:00 X:53 Y:00 S:EC P:nvUbdiZc  $01:A8F1: B9 6B 04 LDA $046B,Y @ $046B = #$8C
f1224   c36430838    i46703674    A:8C X:53 Y:00 S:EC P:NvUbdizc  $01:A8F4: 99 03 02 STA $0203,Y @ $0203 = #$8C
f1224   c36430843    i46703675    A:8C X:53 Y:00 S:EC P:NvUbdizc  $01:A8F7: C8       INY
f1224   c36430845    i46703676    A:8C X:53 Y:01 S:EC P:nvUbdizc  $01:A8F8: C8       INY
f1224   c36430847    i46703677    A:8C X:53 Y:02 S:EC P:nvUbdizc  $01:A8F9: C8       INY
f1224   c36430849    i46703678    A:8C X:53 Y:03 S:EC P:nvUbdizc  $01:A8FA: C8       INY
f1227   c36511831    i46729346    A:00 X:02 Y:08 S:DB P:nVUbdIzc  $01:A0ED: BD 15 40 LDA $4015,X @ $4017 = #$01
f1227   c36511835    i46729347    A:40 X:02 Y:08 S:DB P:nVUbdIzc  $01:A0F0: 4A       LSR
f1227   c36511837    i46729348    A:20 X:02 Y:08 S:DB P:nVUbdIzc  $01:A0F1: 26 3F    ROL $3F = #$00
f1227   c36511842    i46729349    A:20 X:02 Y:08 S:DB P:nVUbdIZc  $01:A0F3: 29 01    AND #$01
f1227   c36511844    i46729350    A:00 X:02 Y:08 S:DB P:nVUbdIZc  $01:A0F5: 05 3F    ORA $3F = #$00
f1227   c36511847    i46729351    A:00 X:02 Y:08 S:DB P:nVUbdIZc  $01:A0F7: 85 3F    STA $3F = #$00
f1227   c36511850    i46729352    A:00 X:02 Y:08 S:DB P:nVUbdIZc  $01:A0F9: 88       DEY
f1227   c36511852    i46729353    A:00 X:02 Y:07 S:DB P:nVUbdIzc  $01:A0FA: D0 F1    BNE $A0ED
f1227   c36511855    i46729354    A:00 X:02 Y:07 S:DB P:nVUbdIzc  $01:A0ED: BD 15 40 LDA $4015,X @ $4017 = #$01
f1227   c36511859    i46729355    A:40 X:02 Y:07 S:DB P:nVUbdIzc  $01:A0F0: 4A       LSR
f1227   c36511861    i46729356    A:20 X:02 Y:07 S:DB P:nVUbdIzc  $01:A0F1: 26 3F    ROL $3F = #$00
f1227   c36511866    i46729357    A:20 X:02 Y:07 S:DB P:nVUbdIZc  $01:A0F3: 29 01    AND #$01
f1227   c36511868    i46729358    A:00 X:02 Y:07 S:DB P:nVUbdIZc  $01:A0F5: 05 3F    ORA $3F = #$00
f1227   c36511871    i46729359    A:00 X:02 Y:07 S:DB P:nVUbdIZc  $01:A0F7: 85 3F    STA $3F = #$00
f1227   c36511874    i46729360    A:00 X:02 Y:07 S:DB P:nVUbdIZc  $01:A0F9: 88       DEY
f1227   c36511876    i46729361    A:00 X:02 Y:06 S:DB P:nVUbdIzc  $01:A0FA: D0 F1    BNE $A0ED
f1227   c36511879    i46729362    A:00 X:02 Y:06 S:DB P:nVUbdIzc  $01:A0ED: BD 15 40 LDA $4015,X @ $4017 = #$01
f1227   c36511883    i46729363    A:40 X:02 Y:06 S:DB P:nVUbdIzc  $01:A0F0: 4A       LSR
f1227   c36511885    i46729364    A:20 X:02 Y:06 S:DB P:nVUbdIzc  $01:A0F1: 26 3F    ROL $3F = #$00
f1227   c36511890    i46729365    A:20 X:02 Y:06 S:DB P:nVUbdIZc  $01:A0F3: 29 01    AND #$01
f1227   c36511892    i46729366    A:00 X:02 Y:06 S:DB P:nVUbdIZc  $01:A0F5: 05 3F    ORA $3F = #$00
f1227   c36511895    i46729367    A:00 X:02 Y:06 S:DB P:nVUbdIZc  $01:A0F7: 85 3F    STA $3F = #$00
f1227   c36511898    i46729368    A:00 X:02 Y:06 S:DB P:nVUbdIZc  $01:A0F9: 88       DEY
f1227   c36511900    i46729369    A:00 X:02 Y:05 S:DB P:nVUbdIzc  $01:A0FA: D0 F1    BNE $A0ED
f1227   c36511903    i46729370    A:00 X:02 Y:05 S:DB P:nVUbdIzc  $01:A0ED: BD 15 40 LDA $4015,X @ $4017 = #$01
f1227   c36511907    i46729371    A:40 X:02 Y:05 S:DB P:nVUbdIzc  $01:A0F0: 4A       LSR
f1227   c36511909    i46729372    A:20 X:02 Y:05 S:DB P:nVUbdIzc  $01:A0F1: 26 3F    ROL $3F = #$00
f1227   c36511914    i46729373    A:20 X:02 Y:05 S:DB P:nVUbdIZc  $01:A0F3: 29 01    AND #$01
f1227   c36511916    i46729374    A:00 X:02 Y:05 S:DB P:nVUbdIZc  $01:A0F5: 05 3F    ORA $3F = #$00
f1227   c36511919    i46729375    A:00 X:02 Y:05 S:DB P:nVUbdIZc  $01:A0F7: 85 3F    STA $3F = #$00
f1227   c36511922    i46729376    A:00 X:02 Y:05 S:DB P:nVUbdIZc  $01:A0F9: 88       DEY
f1227   c36511924    i46729377    A:00 X:02 Y:04 S:DB P:nVUbdIzc  $01:A0FA: D0 F1    BNE $A0ED
f1227   c36511927    i46729378    A:00 X:02 Y:04 S:DB P:nVUbdIzc  $01:A0ED: BD 15 40 LDA $4015,X @ $4017 = #$01
f1227   c36511931    i46729379    A:40 X:02 Y:04 S:DB P:nVUbdIzc  $01:A0F0: 4A       LSR
f1227   c36511933    i46729380    A:20 X:02 Y:04 S:DB P:nVUbdIzc  $01:A0F1: 26 3F    ROL $3F = #$00
f1227   c36511938    i46729381    A:20 X:02 Y:04 S:DB P:nVUbdIZc  $01:A0F3: 29 01    AND #$01
f1227   c36511940    i46729382    A:00 X:02 Y:04 S:DB P:nVUbdIZc  $01:A0F5: 05 3F    ORA $3F = #$00
f1227   c36511943    i46729383    A:00 X:02 Y:04 S:DB P:nVUbdIZc  $01:A0F7: 85 3F    STA $3F = #$00
f1227   c36511946    i46729384    A:00 X:02 Y:04 S:DB P:nVUbdIZc  $01:A0F9: 88       DEY
f1227   c36511948    i46729385    A:00 X:02 Y:03 S:DB P:nVUbdIzc  $01:A0FA: D0 F1    BNE $A0ED
f1227   c36511951    i46729386    A:00 X:02 Y:03 S:DB P:nVUbdIzc  $01:A0ED: BD 15 40 LDA $4015,X @ $4017 = #$01
f1227   c36511955    i46729387    A:40 X:02 Y:03 S:DB P:nVUbdIzc  $01:A0F0: 4A       LSR
f1227   c36523582    i46733215    A:00 X:64 Y:00 S:C6 P:nvUbdiZc  $00:9561: 85 EC    STA $EC = #$00
f1227   c36523585    i46733216    A:00 X:64 Y:00 S:C6 P:nvUbdiZc  $00:9563: B1 E6    LDA ($E6),Y @ $BA83 = #$0B
f1227   c36523590    i46733217    A:0B X:64 Y:00 S:C6 P:nvUbdizc  $00:9565: 29 03    AND #$03
f1227   c36523592    i46733218    A:03 X:64 Y:00 S:C6 P:nvUbdizc  $00:9567: 05 EC    ORA $EC = #$00
f1227   c36523595    i46733219    A:03 X:64 Y:00 S:C6 P:nvUbdizc  $00:9569: 9D 6A 04 STA $046A,X @ $04CE = #$03
f1227   c36523600    i46733220    A:03 X:64 Y:00 S:C6 P:nvUbdizc  $00:956C: C8       INY
f1227   c36523602    i46733221    A:03 X:64 Y:01 S:C6 P:nvUbdizc  $00:956D: B1 E6    LDA ($E6),Y @ $BA84 = #$5E
f1227   c36523607    i46733222    A:5E X:64 Y:01 S:C6 P:nvUbdizc  $00:956F: 9D 69 04 STA $0469,X @ $04CD = #$5E
f1227   c36523612    i46733223    A:5E X:64 Y:01 S:C6 P:nvUbdizc  $00:9572: A5 98    LDA $98 = #$64
f1227   c36523615    i46733224    A:64 X:64 Y:01 S:C6 P:nvUbdizc  $00:9574: 18       CLC
f1227   c36523617    i46733225    A:64 X:64 Y:01 S:C6 P:nvUbdizc  $00:9575: 69 04    ADC #$04
f1227   c36523619    i46733226    A:68 X:64 Y:01 S:C6 P:nvUbdizc  $00:9577: 85 98    STA $98 = #$64
f1227   c36523622    i46733227    A:68 X:64 Y:01 S:C6 P:nvUbdizc  $00:9579: A5 E6    LDA $E6 = #$83
f1227   c36523625    i46733228    A:83 X:64 Y:01 S:C6 P:NvUbdizc  $00:957B: 18       CLC
f1227   c36523627    i46733229    A:83 X:64 Y:01 S:C6 P:NvUbdizc  $00:957C: 69 02    ADC #$02
f1227   c36523629    i46733230    A:85 X:64 Y:01 S:C6 P:NvUbdizc  $00:957E: 85 E6    STA $E6 = #$83
f1227   c36523632    i46733231    A:85 X:64 Y:01 S:C6 P:NvUbdizc  $00:9580: A5 E7    LDA $E7 = #$BA
f1227   c36523635    i46733232    A:BA X:64 Y:01 S:C6 P:NvUbdizc  $00:9582: 69 00    ADC #$00
f1227   c36523637    i46733233    A:BA X:64 Y:01 S:C6 P:NvUbdizc  $00:9584: 85 E7    STA $E7 = #$BA
f1227   c36523640    i46733234    A:BA X:64 Y:01 S:C6 P:NvUbdizc  $00:9586: 4C 15 95 JMP $9515
f1227   c36523643    i46733235    A:BA X:64 Y:01 S:C6 P:NvUbdizc  $00:9515: A0 00    LDY #$00
f1227   c36523645    i46733236    A:BA X:64 Y:00 S:C6 P:nvUbdiZc  $00:9517: B1 E6    LDA ($E6),Y @ $BA85 = #$FB
f1227   c36523650    i46733237    A:FB X:64 Y:00 S:C6 P:NvUbdizc  $00:9519: 30 6E    BMI $9589
f1227   c36523653    i46733238    A:FB X:64 Y:00 S:C6 P:NvUbdizc  $00:9589: C9 A0    CMP #$A0
f1227   c36523655    i46733239    A:FB X:64 Y:00 S:C6 P:nvUbdizC  $00:958B: B0 22    BCS $95AF
f1227   c36523658    i46733240    A:FB X:64 Y:00 S:C6 P:nvUbdizC  $00:95AF: C9 C0    CMP #$C0
f1227   c36523660    i46733241    A:FB X:64 Y:00 S:C6 P:nvUbdizC  $00:95B1: B0 32    BCS $95E5
f1227   c36523663    i46733242    A:FB X:64 Y:00 S:C6 P:nvUbdizC  $00:95E5: C9 D0    CMP #$D0
f1227   c36523665    i46733243    A:FB X:64 Y:00 S:C6 P:nvUbdizC  $00:95E7: 90 03    BCC $95EC
f1227   c36523667    i46733244    A:FB X:64 Y:00 S:C6 P:nvUbdizC  $00:95E9: 4C 84 96 JMP $9684
f1227   c36523670    i46733245    A:FB X:64 Y:00 S:C6 P:nvUbdizC  $00:9684: 38       SEC
f1227   c36523672    i46733246    A:FB X:64 Y:00 S:C6 P:nvUbdizC  $00:9685: E9 F8    SBC #$F8
f1227   c36523674    i46733247    A:03 X:64 Y:00 S:C6 P:nvUbdizC  $00:9687: 0A       ASL
f1227   c36523676    i46733248    A:06 X:64 Y:00 S:C6 P:nvUbdizc  $00:9688: AA       TAX
f1227   c36523678    i46733249    A:06 X:06 Y:00 S:C6 P:nvUbdizc  $00:9689: BD 93 96 LDA $9693,X @ $9699 = #$96
f1227   c36523682    i46733250    A:96 X:06 Y:00 S:C6 P:NvUbdizc  $00:968C: 48       PHA
f1227   c36523685    i46733251    A:96 X:06 Y:00 S:C5 P:NvUbdizc  $00:968D: BD 92 96 LDA $9692,X @ $9698 = #$C6
f1227   c36523689    i46733252    A:C6 X:06 Y:00 S:C5 P:NvUbdizc  $00:9690: 48       PHA
f1227   c36523692    i46733253    A:C6 X:06 Y:00 S:C4 P:NvUbdizc  $00:9691: 60       RTS
f1227   c36523698    i46733254    A:C6 X:06 Y:00 S:C6 P:NvUbdizc  $00:96C7: A0 01    LDY #$01
f1227   c36523700    i46733255    A:C6 X:06 Y:01 S:C6 P:nvUbdizc  $00:96C9: B1 E6    LDA ($E6),Y @ $BA86 = #$06
f1227   c36523705    i46733256    A:06 X:06 Y:01 S:C6 P:nvUbdizc  $00:96CB: AA       TAX
f1228   c36542243    i46739083    A:00 X:01 Y:07 S:DB P:nvUbdIzc  $01:A0ED: BD 15 40 LDA $4015,X @ $4016 = #$00
f1228   c36542247    i46739084    A:40 X:01 Y:07 S:DB P:nvUbdIzc  $01:A0F0: 4A       LSR
f1228   c36542249    i46739085    A:20 X:01 Y:07 S:DB P:nvUbdIzc  $01:A0F1: 26 3F    ROL $3F = #$00
f1228   c36542254    i46739086    A:20 X:01 Y:07 S:DB P:nvUbdIZc  $01:A0F3: 29 01    AND #$01
f1228   c36542256    i46739087    A:00 X:01 Y:07 S:DB P:nvUbdIZc  $01:A0F5: 05 3F    ORA $3F = #$00
f1228   c36542259    i46739088    A:00 X:01 Y:07 S:DB P:nvUbdIZc  $01:A0F7: 85 3F    STA $3F = #$00
f1228   c36542262    i46739089    A:00 X:01 Y:07 S:DB P:nvUbdIZc  $01:A0F9: 88       DEY
f1228   c36542264    i46739090    A:00 X:01 Y:06 S:DB P:nvUbdIzc  $01:A0FA: D0 F1    BNE $A0ED
f1228   c36542267    i46739091    A:00 X:01 Y:06 S:DB P:nvUbdIzc  $01:A0ED: BD 15 40 LDA $4015,X @ $4016 = #$00
f1228   c36542271    i46739092    A:40 X:01 Y:06 S:DB P:nvUbdIzc  $01:A0F0: 4A       LSR
f1228   c36542273    i46739093    A:20 X:01 Y:06 S:DB P:nvUbdIzc  $01:A0F1: 26 3F    ROL $3F = #$00
f1228   c36542278    i46739094    A:20 X:01 Y:06 S:DB P:nvUbdIZc  $01:A0F3: 29 01    AND #$01
f1228   c36542280    i46739095    A:00 X:01 Y:06 S:DB P:nvUbdIZc  $01:A0F5: 05 3F    ORA $3F = #$00
f1228   c36542283    i46739096    A:00 X:01 Y:06 S:DB P:nvUbdIZc  $01:A0F7: 85 3F    STA $3F = #$00
f1228   c36542286    i46739097    A:00 X:01 Y:06 S:DB P:nvUbdIZc  $01:A0F9: 88       DEY
f1228   c36542288    i46739098    A:00 X:01 Y:05 S:DB P:nvUbdIzc  $01:A0FA: D0 F1    BNE $A0ED
f1228   c36542291    i46739099    A:00 X:01 Y:05 S:DB P:nvUbdIzc  $01:A0ED: BD 15 40 LDA $4015,X @ $4016 = #$00
f1228   c36542295    i46739100    A:40 X:01 Y:05 S:DB P:nvUbdIzc  $01:A0F0: 4A       LSR
f1228   c36542297    i46739101    A:20 X:01 Y:05 S:DB P:nvUbdIzc  $01:A0F1: 26 3F    ROL $3F = #$00
f1228   c36542302    i46739102    A:20 X:01 Y:05 S:DB P:nvUbdIZc  $01:A0F3: 29 01    AND #$01
f1228   c36542304    i46739103    A:00 X:01 Y:05 S:DB P:nvUbdIZc  $01:A0F5: 05 3F    ORA $3F = #$00
f1228   c36542307    i46739104    A:00 X:01 Y:05 S:DB P:nvUbdIZc  $01:A0F7: 85 3F    STA $3F = #$00
f1228   c36542310    i46739105    A:00 X:01 Y:05 S:DB P:nvUbdIZc  $01:A0F9: 88       DEY
f1228   c36542312    i46739106    A:00 X:01 Y:04 S:DB P:nvUbdIzc  $01:A0FA: D0 F1    BNE $A0ED
f1228   c36542315    i46739107    A:00 X:01 Y:04 S:DB P:nvUbdIzc  $01:A0ED: BD 15 40 LDA $4015,X @ $4016 = #$00
f1228   c36542319    i46739108    A:40 X:01 Y:04 S:DB P:nvUbdIzc  $01:A0F0: 4A       LSR
f1228   c36542321    i46739109    A:20 X:01 Y:04 S:DB P:nvUbdIzc  $01:A0F1: 26 3F    ROL $3F = #$00
f1228   c36542326    i46739110    A:20 X:01 Y:04 S:DB P:nvUbdIZc  $01:A0F3: 29 01    AND #$01
f1228   c36542328    i46739111    A:00 X:01 Y:04 S:DB P:nvUbdIZc  $01:A0F5: 05 3F    ORA $3F = #$00
f1228   c36542331    i46739112    A:00 X:01 Y:04 S:DB P:nvUbdIZc  $01:A0F7: 85 3F    STA $3F = #$00
f1228   c36542334    i46739113    A:00 X:01 Y:04 S:DB P:nvUbdIZc  $01:A0F9: 88       DEY
f1228   c36542336    i46739114    A:00 X:01 Y:03 S:DB P:nvUbdIzc  $01:A0FA: D0 F1    BNE $A0ED
f1228   c36542339    i46739115    A:00 X:01 Y:03 S:DB P:nvUbdIzc  $01:A0ED: BD 15 40 LDA $4015,X @ $4016 = #$00
f1228   c36542343    i46739116    A:40 X:01 Y:03 S:DB P:nvUbdIzc  $01:A0F0: 4A       LSR
f1228   c36542345    i46739117    A:20 X:01 Y:03 S:DB P:nvUbdIzc  $01:A0F1: 26 3F    ROL $3F = #$00
f1228   c36542350    i46739118    A:20 X:01 Y:03 S:DB P:nvUbdIZc  $01:A0F3: 29 01    AND #$01
f1228   c36542352    i46739119    A:00 X:01 Y:03 S:DB P:nvUbdIZc  $01:A0F5: 05 3F    ORA $3F = #$00
f1228   c36542355    i46739120    A:00 X:01 Y:03 S:DB P:nvUbdIZc  $01:A0F7: 85 3F    STA $3F = #$00
f1228   c36542358    i46739121    A:00 X:01 Y:03 S:DB P:nvUbdIZc  $01:A0F9: 88       DEY
f1228   c36542360    i46739122    A:00 X:01 Y:02 S:DB P:nvUbdIzc  $01:A0FA: D0 F1    BNE $A0ED
f1228   c36542363    i46739123    A:00 X:01 Y:02 S:DB P:nvUbdIzc  $01:A0ED: BD 15 40 LDA $4015,X @ $4016 = #$00
f1228   c36542367    i46739124    A:40 X:01 Y:02 S:DB P:nvUbdIzc  $01:A0F0: 4A       LSR
f1228   c36543691    i46739548    A:01 X:10 Y:08 S:D9 P:nvUbdIzc  $06:84BA: A9 00    LDA #$00
f1228   c36543693    i46739549    A:00 X:10 Y:08 S:D9 P:nvUbdIZc  $06:84BC: A0 04    LDY #$04
f1228   c36543695    i46739550    A:00 X:10 Y:04 S:D9 P:nvUbdIzc  $06:84BE: 91 F0    STA ($F0),Y @ $076B = #$0C
f1228   c36543701    i46739551    A:00 X:10 Y:04 S:D9 P:nvUbdIzc  $06:84C0: A6 F2    LDX $F2 = #$10
f1228   c36543704    i46739552    A:00 X:10 Y:04 S:D9 P:nvUbdIzc  $06:84C2: BD 08 07 LDA $0708,X @ $0718 = #$01
f1228   c36543708    i46739553    A:01 X:10 Y:04 S:D9 P:nvUbdIzc  $06:84C5: 9D 07 07 STA $0707,X @ $0717 = #$01
f1228   c36543713    i46739554    A:01 X:10 Y:04 S:D9 P:nvUbdIzc  $06:84C8: 60       RTS (from $83CB)
f1228   c36543719    i46739555    A:01 X:10 Y:04 S:DB P:nvUbdIzc  $06:80E1: A6 F2    LDX $F2 = #$10
f1228   c36543722    i46739556    A:01 X:10 Y:04 S:DB P:nvUbdIzc  $06:80E3: DE 09 07 DEC $0709,X @ $0719 = #$01
f1228   c36543729    i46739557    A:01 X:10 Y:04 S:DB P:nvUbdIZc  $06:80E6: D0 21    BNE $8109
f1228   c36543735    i46739558    A:01 X:10 Y:04 S:DB P:nvUbdIZc  $06:80E8: A0 02    LDY #$02
f1228   c36543737    i46739559    A:01 X:10 Y:02 S:DB P:nvUbdIzc  $06:80EA: B1 F0    LDA ($F0),Y @ $0769 = #$DC
f1228   c36543742    i46739560    A:DC X:10 Y:02 S:DB P:NvUbdIzc  $06:80EC: 85 F6    STA $F6 = #$02
f1228   c36543745    i46739561    A:DC X:10 Y:02 S:DB P:NvUbdIzc  $06:80EE: C8       INY
f1228   c36543747    i46739562    A:DC X:10 Y:03 S:DB P:nvUbdIzc  $06:80EF: B1 F0    LDA ($F0),Y @ $076A = #$88
f1228   c36543752    i46739563    A:88 X:10 Y:03 S:DB P:NvUbdIzc  $06:80F1: 85 F7    STA $F7 = #$85
f1228   c36543755    i46739564    A:88 X:10 Y:03 S:DB P:NvUbdIzc  $06:80F3: C8       INY
f1228   c36543757    i46739565    A:88 X:10 Y:04 S:DB P:nvUbdIzc  $06:80F4: B1 F0    LDA ($F0),Y @ $076B = #$00
f1228   c36543762    i46739566    A:00 X:10 Y:04 S:DB P:nvUbdIZc  $06:80F6: 48       PHA
f1228   c36543765    i46739567    A:00 X:10 Y:04 S:DA P:nvUbdIZc  $06:80F7: 18       CLC
f1228   c36543767    i46739568    A:00 X:10 Y:04 S:DA P:nvUbdIZc  $06:80F8: 69 02    ADC #$02
f1228   c36543769    i46739569    A:02 X:10 Y:04 S:DA P:nvUbdIzc  $06:80FA: 91 F0    STA ($F0),Y @ $076B = #$00
f1228   c36543775    i46739570    A:02 X:10 Y:04 S:DA P:nvUbdIzc  $06:80FC: 68       PLA
f1228   c36543779    i46739571    A:00 X:10 Y:04 S:DB P:nvUbdIZc  $06:80FD: A8       TAY
f1228   c36543781    i46739572    A:00 X:10 Y:00 S:DB P:nvUbdIZc  $06:80FE: B1 F6    LDA ($F6),Y @ $88DC = #$01
f1228   c36543786    i46739573    A:01 X:10 Y:00 S:DB P:nvUbdIzc  $06:8100: 9D 09 07 STA $0709,X @ $0719 = #$00
f1228   c36543791    i46739574    A:01 X:10 Y:00 S:DB P:nvUbdIzc  $06:8103: C8       INY
f1228   c36543793    i46739575    A:01 X:10 Y:01 S:DB P:nvUbdIzc  $06:8104: B1 F6    LDA ($F6),Y @ $88DD = #$0C
f1228   c36543798    i46739576    A:0C X:10 Y:01 S:DB P:nvUbdIzc  $06:8106: 9D 0A 07 STA $070A,X @ $071A = #$0C
f1228   c36543803    i46739577    A:0C X:10 Y:01 S:DB P:nvUbdIzc  $06:8109: 20 DB 81 JSR $81DB
f1228   c36543809    i46739578    A:0C X:10 Y:01 S:D9 P:nvUbdIzc  $06:81DB: A0 05    LDY #$05
f1228   c36543811    i46739579    A:0C X:10 Y:05 S:D9 P:nvUbdIzc  $06:81DD: B1 F0    LDA ($F0),Y @ $076C = #$C8
f1228   c36543816    i46739580    A:C8 X:10 Y:05 S:D9 P:NvUbdIzc  $06:81DF: AA       TAX
f1228   c36543818    i46739581    A:C8 X:C8 Y:05 S:D9 P:NvUbdIzc  $06:81E0: 29 F0    AND #$F0
f1228   c36543820    i46739582    A:C0 X:C8 Y:05 S:D9 P:NvUbdIzc  $06:81E2: 85 F6    STA $F6 = #$DC
f1228   c36543823    i46739583    A:C0 X:C8 Y:05 S:D9 P:NvUbdIzc  $06:81E4: 29 20    AND #$20
f1228   c36543825    i46739584    A:00 X:C8 Y:05 S:D9 P:nvUbdIZc  $06:81E6: F0 06    BEQ $81EE
f1228   c36543828    i46739585    A:00 X:C8 Y:05 S:D9 P:nvUbdIZc  $06:81EE: 8A       TXA
f1228   c36543830    i46739586    A:C8 X:C8 Y:05 S:D9 P:NvUbdIzc  $06:81EF: 29 0F    AND #$0F
f1228   c36543832    i46739587    A:08 X:C8 Y:05 S:D9 P:nvUbdIzc  $06:81F1: 85 F7    STA $F7 = #$88
f1228   c36543835    i46739588    A:08 X:C8 Y:05 S:D9 P:nvUbdIzc  $06:81F3: A4 F3    LDY $F3 = #$04
f1237   c36813223    i46825805    A:68 X:18 Y:00 S:C8 P:nvUbdizc  $00:94C3: 18       CLC
f1237   c36813225    i46825806    A:68 X:18 Y:00 S:C8 P:nvUbdizc  $00:94C4: 69 20    ADC #$20
f1237   c36813227    i46825807    A:88 X:18 Y:00 S:C8 P:NVUbdizc  $00:94C6: 85 94    STA $94 = #$68
f1237   c36813230    i46825808    A:88 X:18 Y:00 S:C8 P:NVUbdizc  $00:94C8: A5 95    LDA $95 = #$05
f1237   c36813233    i46825809    A:05 X:18 Y:00 S:C8 P:nVUbdizc  $00:94CA: 69 00    ADC #$00
f1237   c36813235    i46825810    A:05 X:18 Y:00 S:C8 P:nvUbdizc  $00:94CC: 85 95    STA $95 = #$05
f1237   c36813238    i46825811    A:05 X:18 Y:00 S:C8 P:nvUbdizc  $00:94CE: C6 96    DEC $96 = #$04
f1237   c36813243    i46825812    A:05 X:18 Y:00 S:C8 P:nvUbdizc  $00:94D0: F0 03    BEQ $94D5
f1237   c36813245    i46825813    A:05 X:18 Y:00 S:C8 P:nvUbdizc  $00:94D2: 4C 54 91 JMP $9154
f1237   c36813248    i46825814    A:05 X:18 Y:00 S:C8 P:nvUbdizc  $00:9154: A0 00    LDY #$00
f1237   c36813250    i46825815    A:05 X:18 Y:00 S:C8 P:nvUbdiZc  $00:9156: B1 94    LDA ($94),Y @ $0588 = #$A9
f1237   c36813255    i46825816    A:A9 X:18 Y:00 S:C8 P:NvUbdizc  $00:9158: 30 03    BMI $915D
f1237   c36813258    i46825817    A:A9 X:18 Y:00 S:C8 P:NvUbdizc  $00:915D: AA       TAX
f1237   c36813260    i46825818    A:A9 X:A9 Y:00 S:C8 P:NvUbdizc  $00:915E: A0 04    LDY #$04
f1237   c36813262    i46825819    A:A9 X:A9 Y:04 S:C8 P:nvUbdizc  $00:9160: 20 4A 97 JSR $974A
f1237   c36813268    i46825820    A:A9 X:A9 Y:04 S:C6 P:nvUbdizc  $00:974A: B1 94    LDA ($94),Y @ $058C = #$80
f1237   c36813273    i46825821    A:80 X:A9 Y:04 S:C6 P:NvUbdizc  $00:974C: 0A       ASL
f1237   c36813275    i46825822    A:00 X:A9 Y:04 S:C6 P:nvUbdiZC  $00:974D: C8       INY
f1237   c36813277    i46825823    A:00 X:A9 Y:05 S:C6 P:nvUbdizC  $00:974E: B1 94    LDA ($94),Y @ $058D = #$21
f1237   c36813282    i46825824    A:21 X:A9 Y:05 S:C6 P:nvUbdizC  $00:9750: 2A       ROL
f1237   c36813284    i46825825    A:43 X:A9 Y:05 S:C6 P:nvUbdizc  $00:9751: 99 95 00 STA $0095,Y @ $009A = #$43
f1237   c36813289    i46825826    A:43 X:A9 Y:05 S:C6 P:nvUbdizc  $00:9754: A9 00    LDA #$00
f1237   c36813291    i46825827    A:00 X:A9 Y:05 S:C6 P:nvUbdiZc  $00:9756: 2A       ROL
f1237   c36813297    i46825828    A:00 X:A9 Y:05 S:C6 P:nvUbdiZc  $00:9757: 99 96 00 STA $0096,Y @ $009B = #$00
f1237   c36813302    i46825829    A:00 X:A9 Y:05 S:C6 P:nvUbdiZc  $00:975A: 60       RTS (from $974A)
f1237   c36813308    i46825830    A:00 X:A9 Y:05 S:C8 P:nvUbdiZc  $00:9163: A0 06    LDY #$06
f1237   c36813310    i46825831    A:00 X:A9 Y:06 S:C8 P:nvUbdizc  $00:9165: 20 4A 97 JSR $974A
f1237   c36813316    i46825832    A:00 X:A9 Y:06 S:C6 P:nvUbdizc  $00:974A: B1 94    LDA ($94),Y @ $058E = #$00
f1237   c36813321    i46825833    A:00 X:A9 Y:06 S:C6 P:nvUbdiZc  $00:974C: 0A       ASL
f1237   c36813323    i46825834    A:00 X:A9 Y:06 S:C6 P:nvUbdiZc  $00:974D: C8       INY
f1237   c36813325    i46825835    A:00 X:A9 Y:07 S:C6 P:nvUbdizc  $00:974E: B1 94    LDA ($94),Y @ $058F = #$3A
f1237   c36813330    i46825836    A:3A X:A9 Y:07 S:C6 P:nvUbdizc  $00:9750: 2A       ROL
f1237   c36813332    i46825837    A:74 X:A9 Y:07 S:C6 P:nvUbdizc  $00:9751: 99 95 00 STA $0095,Y @ $009C = #$74
f1237   c36813337    i46825838    A:74 X:A9 Y:07 S:C6 P:nvUbdizc  $00:9754: A9 00    LDA #$00
f1237   c36813339    i46825839    A:00 X:A9 Y:07 S:C6 P:nvUbdiZc  $00:9756: 2A       ROL
f1237   c36813341    i46825840    A:00 X:A9 Y:07 S:C6 P:nvUbdiZc  $00:9757: 99 96 00 STA $0096,Y @ $009D = #$00
f1237   c36813346    i46825841    A:00 X:A9 Y:07 S:C6 P:nvUbdiZc  $00:975A: 60       RTS (from $974A)
f1237   c36813352    i46825842    A:00 X:A9 Y:07 S:C8 P:nvUbdiZc  $00:9168: 8A       TXA
f1237   c36813354    i46825843    A:A9 X:A9 Y:07 S:C8 P:NvUbdizc  $00:9169: 29 10    AND #$10
f1237   c36813356    i46825844    A:00 X:A9 Y:07 S:C8 P:nvUbdiZc  $00:916B: D0 39    BNE $91A6
f1237   c36813358    i46825845    A:00 X:A9 Y:07 S:C8 P:nvUbdiZc  $00:916D: 8A       TXA
f1237   c36813360    i46825846    A:A9 X:A9 Y:07 S:C8 P:NvUbdizc  $00:916E: 29 20    AND #$20
f1238   c36842976    i46835373    A:88 X:18 Y:00 S:C8 P:NVUbdizc  $00:94C8: A5 95    LDA $95 = #$05
f1238   c36842979    i46835374    A:05 X:18 Y:00 S:C8 P:nVUbdizc  $00:94CA: 69 00    ADC #$00
f1238   c36842981    i46835375    A:05 X:18 Y:00 S:C8 P:nvUbdizc  $00:94CC: 85 95    STA $95 = #$05
f1238   c36842984    i46835376    A:05 X:18 Y:00 S:C8 P:nvUbdizc  $00:94CE: C6 96    DEC $96 = #$04
f1238   c36842989    i46835377    A:05 X:18 Y:00 S:C8 P:nvUbdizc  $00:94D0: F0 03    BEQ $94D5
f1238   c36842991    i46835378    A:05 X:18 Y:00 S:C8 P:nvUbdizc  $00:94D2: 4C 54 91 JMP $9154
f1238   c36842994    i46835379    A:05 X:18 Y:00 S:C8 P:nvUbdizc  $00:9154: A0 00    LDY #$00
f1238   c36842996    i46835380    A:05 X:18 Y:00 S:C8 P:nvUbdiZc  $00:9156: B1 94    LDA ($94),Y @ $0588 = #$A9
f1238   c36843001    i46835381    A:A9 X:18 Y:00 S:C8 P:NvUbdizc  $00:9158: 30 03    BMI $915D
f1238   c36843004    i46835382    A:A9 X:18 Y:00 S:C8 P:NvUbdizc  $00:915D: AA       TAX
f1238   c36843006    i46835383    A:A9 X:A9 Y:00 S:C8 P:NvUbdizc  $00:915E: A0 04    LDY #$04
f1238   c36843008    i46835384    A:A9 X:A9 Y:04 S:C8 P:nvUbdizc  $00:9160: 20 4A 97 JSR $974A
f1238   c36843014    i46835385    A:A9 X:A9 Y:04 S:C6 P:nvUbdizc  $00:974A: B1 94    LDA ($94),Y @ $058C = #$00
f1238   c36843019    i46835386    A:00 X:A9 Y:04 S:C6 P:nvUbdiZc  $00:974C: 0A       ASL
f1238   c36843021    i46835387    A:00 X:A9 Y:04 S:C6 P:nvUbdiZc  $00:974D: C8       INY
f1238   c36843023    i46835388    A:00 X:A9 Y:05 S:C6 P:nvUbdizc  $00:974E: B1 94    LDA ($94),Y @ $058D = #$21
f1238   c36843028    i46835389    A:21 X:A9 Y:05 S:C6 P:nvUbdizc  $00:9750: 2A       ROL
f1238   c36843030    i46835390    A:42 X:A9 Y:05 S:C6 P:nvUbdizc  $00:9751: 99 95 00 STA $0095,Y @ $009A = #$42
f1238   c36843035    i46835391    A:42 X:A9 Y:05 S:C6 P:nvUbdizc  $00:9754: A9 00    LDA #$00
f1238   c36843037    i46835392    A:00 X:A9 Y:05 S:C6 P:nvUbdiZc  $00:9756: 2A       ROL
f1238   c36843039    i46835393    A:00 X:A9 Y:05 S:C6 P:nvUbdiZc  $00:9757: 99 96 00 STA $0096,Y @ $009B = #$00
f1238   c36843044    i46835394    A:00 X:A9 Y:05 S:C6 P:nvUbdiZc  $00:975A: 60       RTS (from $974A)
f1238   c36843050    i46835395    A:00 X:A9 Y:05 S:C8 P:nvUbdiZc  $00:9163: A0 06    LDY #$06
f1238   c36843052    i46835396    A:00 X:A9 Y:06 S:C8 P:nvUbdizc  $00:9165: 20 4A 97 JSR $974A
f1238   c36843058    i46835397    A:00 X:A9 Y:06 S:C6 P:nvUbdizc  $00:974A: B1 94    LDA ($94),Y @ $058E = #$00
f1238   c36843063    i46835398    A:00 X:A9 Y:06 S:C6 P:nvUbdiZc  $00:974C: 0A       ASL
f1238   c36843065    i46835399    A:00 X:A9 Y:06 S:C6 P:nvUbdiZc  $00:974D: C8       INY
f1238   c36843067    i46835400    A:00 X:A9 Y:07 S:C6 P:nvUbdizc  $00:974E: B1 94    LDA ($94),Y @ $058F = #$3A
f1238   c36843072    i46835401    A:3A X:A9 Y:07 S:C6 P:nvUbdizc  $00:9750: 2A       ROL
f1238   c36843074    i46835402    A:74 X:A9 Y:07 S:C6 P:nvUbdizc  $00:9751: 99 95 00 STA $0095,Y @ $009C = #$74
f1238   c36843079    i46835403    A:74 X:A9 Y:07 S:C6 P:nvUbdizc  $00:9754: A9 00    LDA #$00
f1238   c36843081    i46835404    A:00 X:A9 Y:07 S:C6 P:nvUbdiZc  $00:9756: 2A       ROL
f1238   c36843083    i46835405    A:00 X:A9 Y:07 S:C6 P:nvUbdiZc  $00:9757: 99 96 00 STA $0096,Y @ $009D = #$00
f1238   c36843088    i46835406    A:00 X:A9 Y:07 S:C6 P:nvUbdiZc  $00:975A: 60       RTS (from $974A)
f1238   c36843094    i46835407    A:00 X:A9 Y:07 S:C8 P:nvUbdiZc  $00:9168: 8A       TXA
f1238   c36843096    i46835408    A:A9 X:A9 Y:07 S:C8 P:NvUbdizc  $00:9169: 29 10    AND #$10
f1238   c36843098    i46835409    A:00 X:A9 Y:07 S:C8 P:nvUbdiZc  $00:916B: D0 39    BNE $91A6
f1238   c36843100    i46835410    A:00 X:A9 Y:07 S:C8 P:nvUbdiZc  $00:916D: 8A       TXA
f1238   c36843102    i46835411    A:A9 X:A9 Y:07 S:C8 P:NvUbdizc  $00:916E: 29 20    AND #$20
f1238   c36843104    i46835412    A:20 X:A9 Y:07 S:C8 P:nvUbdizc  $00:9170: D0 03    BNE $9175
f1238   c36843107    i46835413    A:20 X:A9 Y:07 S:C8 P:nvUbdizc  $00:9175: A2 04    LDX #$04
f1238   c36843109    i46835414    A:20 X:04 Y:07 S:C8 P:nvUbdizc  $00:9177: A0 0A    LDY #$0A
f1238   c36855430    i46839346    A:40 X:19 Y:03 S:E0 P:nvUbdizC  $00:9F04: A5 1B    LDA $1B = #$40
f1238   c36855433    i46839347    A:40 X:19 Y:03 S:E0 P:nvUbdizC  $00:9F06: 10 FC    BPL $9F04
f1238   c36855436    i46839348    A:40 X:19 Y:03 S:E0 P:nvUbdizC  $00:9F04: A5 1B    LDA $1B = #$40
f1238   c36855439    i46839349    A:40 X:19 Y:03 S:E0 P:nvUbdizC  $00:9F06: 10 FC    BPL $9F04
f1238   c36855442    i46839350    A:40 X:19 Y:03 S:E0 P:nvUbdizC  $00:9F04: A5 1B    LDA $1B = #$40
f1238   c36855445    i46839351    A:40 X:19 Y:03 S:E0 P:nvUbdizC  $00:9F06: 10 FC    BPL $9F04
f1238   c36855448    i46839352    A:40 X:19 Y:03 S:E0 P:nvUbdizC  $00:9F04: A5 1B    LDA $1B = #$40
f1238   c36855451    i46839353    A:40 X:19 Y:03 S:E0 P:nvUbdizC  $00:9F06: 10 FC    BPL $9F04
f1238   c36855454    i46839354    A:40 X:19 Y:03 S:E0 P:nvUbdizC  $00:9F04: A5 1B    LDA $1B = #$40
f1238   c36855457    i46839355    A:40 X:19 Y:03 S:E0 P:nvUbdizC  $00:9F06: 10 FC    BPL $9F04
f1238   c36855460    i46839356    A:40 X:19 Y:03 S:E0 P:nvUbdizC  $00:9F04: A5 1B    LDA $1B = #$40
f1238   c36855463    i46839357    A:40 X:19 Y:03 S:E0 P:nvUbdizC  $00:9F06: 10 FC    BPL $9F04
f1238   c36855466    i46839358    A:40 X:19 Y:03 S:E0 P:nvUbdizC  $00:9F04: A5 1B    LDA $1B = #$40
f1238   c36855469    i46839359    A:40 X:19 Y:03 S:E0 P:nvUbdizC  $00:9F06: 10 FC    BPL $9F04
f1238   c36855472    i46839360    A:40 X:19 Y:03 S:E0 P:nvUbdizC  $00:9F04: A5 1B    LDA $1B = #$40
f1238   c36855475    i46839361    A:40 X:19 Y:03 S:E0 P:nvUbdizC  $00:9F06: 10 FC    BPL $9F04
f1238   c36855478    i46839362    A:40 X:19 Y:03 S:E0 P:nvUbdizC  $00:9F04: A5 1B    LDA $1B = #$40
f1238   c36855481    i46839363    A:40 X:19 Y:03 S:E0 P:nvUbdizC  $00:9F06: 10 FC    BPL $9F04
f1238   c36855484    i46839364    A:40 X:19 Y:03 S:E0 P:nvUbdizC  $00:9F04: A5 1B    LDA $1B = #$40
f1238   c36855487    i46839365    A:40 X:19 Y:03 S:E0 P:nvUbdizC  $00:9F06: 10 FC    BPL $9F04
f1238   c36855490    i46839366    A:40 X:19 Y:03 S:E0 P:nvUbdizC  $00:9F04: A5 1B    LDA $1B = #$40
f1238   c36855493    i46839367    A:40 X:19 Y:03 S:E0 P:nvUbdizC  $00:9F06: 10 FC    BPL $9F04
f1238   c36855496    i46839368    A:40 X:19 Y:03 S:E0 P:nvUbdizC  $00:9F04: A5 1B    LDA $1B = #$40
f1238   c36855499    i46839369    A:40 X:19 Y:03 S:E0 P:nvUbdizC  $00:9F06: 10 FC    BPL $9F04
f1238   c36855502    i46839370    A:40 X:19 Y:03 S:E0 P:nvUbdizC  $00:9F04: A5 1B    LDA $1B = #$40
f1238   c36855512    i46839371    A:40 X:19 Y:03 S:DD P:nvUbdIzC  $0F:C506: 4C 21 C8 JMP $C821
f1238   c36855515    i46839372    A:40 X:19 Y:03 S:DD P:nvUbdIzC  $0F:C821: 24 1B    BIT $1B = #$40
f1238   c36855518    i46839373    A:40 X:19 Y:03 S:DD P:nVUbdIzC  $0F:C823: 50 03    BVC $C828
f1238   c36855520    i46839374    A:40 X:19 Y:03 S:DD P:nVUbdIzC  $0F:C825: 4C 78 C4 JMP $C478
f1238   c36855523    i46839375    A:40 X:19 Y:03 S:DD P:nVUbdIzC  $0F:C478: 24 3B    BIT $3B = #$55
f1238   c36855526    i46839376    A:40 X:19 Y:03 S:DD P:nVUbdIzC  $0F:C47A: 30 32    BMI $C4AE
f1238   c36855528    i46839377    A:40 X:19 Y:03 S:DD P:nVUbdIzC  $0F:C47C: 38       SEC
f1238   c36855530    i46839378    A:40 X:19 Y:03 S:DD P:nVUbdIzC  $0F:C47D: 66 3B    ROR $3B = #$55
f1238   c36855535    i46839379    A:40 X:19 Y:03 S:DD P:NVUbdIzC  $0F:C47F: 85 3C    STA $3C = #$40
f1238   c36855538    i46839380    A:40 X:19 Y:03 S:DD P:NVUbdIzC  $0F:C481: 86 3D    STX $3D = #$19
f1238   c36855541    i46839381    A:40 X:19 Y:03 S:DD P:NVUbdIzC  $0F:C483: 84 3E    STY $3E = #$00
f1238   c36855544    i46839382    A:40 X:19 Y:03 S:DD P:NVUbdIzC  $0F:C485: A5 22    LDA $22 = #$00
f1238   c36855547    i46839383    A:00 X:19 Y:03 S:DD P:nVUbdIZC  $0F:C487: 09 07    ORA #$07
f1238   c36855549    i46839384    A:07 X:19 Y:03 S:DD P:nVUbdIzC  $0F:C489: 8D 00 80 STA $8000 = #$A5
f1238   c36855553    i46839385    A:07 X:19 Y:03 S:DD P:nVUbdIzC  $0F:C48C: A9 02    LDA #$02
f1238   c36855555    i46839386    A:02 X:19 Y:03 S:DD P:nVUbdIzC  $0F:C48E: 8D 01 80 STA $8001 = #$27
f1238   c36855559    i46839387    A:02 X:19 Y:03 S:DD P:nVUbdIzC  $0F:C491: 20 60 A1 JSR $A160
f1246   c37081487    i46912087    A:00 X:00 Y:07 S:C8 P:nvUbdiZC  $00:91B4: A0 10    LDY #$10
f1246   c37081489    i46912088    A:00 X:00 Y:10 S:C8 P:nvUbdizC  $00:91B6: B1 94    LDA ($94),Y @ $0598 = #$38
f1246   c37081494    i46912089    A:38 X:00 Y:10 S:C8 P:nvUbdizC  $00:91B8: AA       TAX
f1246   c37081496    i46912090    A:38 X:38 Y:10 S:C8 P:nvUbdizC  $00:91B9: C8       INY
f1246   c37081498    i46912091    A:38 X:38 Y:11 S:C8 P:nvUbdizC  $00:91BA: B1 94    LDA ($94),Y @ $0599 = #$E0
f1246   c37081503    i46912092    A:E0 X:38 Y:11 S:C8 P:NvUbdizC  $00:91BC: 4A       LSR
f1246   c37081505    i46912093    A:70 X:38 Y:11 S:C8 P:nvUbdizc  $00:91BD: 4A       LSR
f1246   c37081507    i46912094    A:38 X:38 Y:11 S:C8 P:nvUbdizc  $00:91BE: A8       TAY
f1246   c37081509    i46912095    A:38 X:38 Y:38 S:C8 P:nvUbdizc  $00:91BF: A5 E6    LDA $E6 = #$01
f1246   c37081512    i46912096    A:01 X:38 Y:38 S:C8 P:nvUbdizc  $00:91C1: 18       CLC
f1246   c37081514    i46912097    A:01 X:38 Y:38 S:C8 P:nvUbdizc  $00:91C2: 7D 68 04 ADC $0468,X @ $04A0 = #$4A
f1246   c37081518    i46912098    A:4B X:38 Y:38 S:C8 P:nvUbdizc  $00:91C5: 9D 68 04 STA $0468,X @ $04A0 = #$4A
f1246   c37081523    i46912099    A:4B X:38 Y:38 S:C8 P:nvUbdizc  $00:91C8: 6A       ROR
f1246   c37081525    i46912100    A:25 X:38 Y:38 S:C8 P:nvUbdizC  $00:91C9: 45 E6    EOR $E6 = #$01
f1246   c37081528    i46912101    A:24 X:38 Y:38 S:C8 P:nvUbdizC  $00:91CB: 10 08    BPL $91D5
f1246   c37081531    i46912102    A:24 X:38 Y:38 S:C8 P:nvUbdizC  $00:91D5: A5 E8    LDA $E8 = #$00
f1246   c37081534    i46912103    A:00 X:38 Y:38 S:C8 P:nvUbdiZC  $00:91D7: 18       CLC
f1246   c37081536    i46912104    A:00 X:38 Y:38 S:C8 P:nvUbdiZc  $00:91D8: 7D 6B 04 ADC $046B,X @ $04A3 = #$6C
f1246   c37081540    i46912105    A:6C X:38 Y:38 S:C8 P:nvUbdizc  $00:91DB: 9D 6B 04 STA $046B,X @ $04A3 = #$6C
f1246   c37081545    i46912106    A:6C X:38 Y:38 S:C8 P:nvUbdizc  $00:91DE: 6A       ROR
f1246   c37081547    i46912107    A:36 X:38 Y:38 S:C8 P:nvUbdizc  $00:91DF: 45 E8    EOR $E8 = #$00
f1246   c37081550    i46912108    A:36 X:38 Y:38 S:C8 P:nvUbdizc  $00:91E1: 10 08    BPL $91EB
f1246   c37081553    i46912109    A:36 X:38 Y:38 S:C8 P:nvUbdizc  $00:91EB: 8A       TXA
f1246   c37081555    i46912110    A:38 X:38 Y:38 S:C8 P:nvUbdizc  $00:91EC: 18       CLC
f1246   c37081557    i46912111    A:38 X:38 Y:38 S:C8 P:nvUbdizc  $00:91ED: 69 04    ADC #$04
f1246   c37081559    i46912112    A:3C X:38 Y:38 S:C8 P:nvUbdizc  $00:91EF: AA       TAX
f1246   c37081561    i46912113    A:3C X:3C Y:38 S:C8 P:nvUbdizc  $00:91F0: 88       DEY
f1246   c37081563    i46912114    A:3C X:3C Y:37 S:C8 P:nvUbdizc  $00:91F1: D0 CC    BNE $91BF
f1246   c37081566    i46912115    A:3C X:3C Y:37 S:C8 P:nvUbdizc  $00:91BF: A5 E6    LDA $E6 = #$01
f1246   c37081569    i46912116    A:01 X:3C Y:37 S:C8 P:nvUbdizc  $00:91C1: 18       CLC
f1246   c37081571    i46912117    A:01 X:3C Y:37 S:C8 P:nvUbdizc  $00:91C2: 7D 68 04 ADC $0468,X @ $04A4 = #$52
f1246   c37081575    i46912118    A:53 X:3C Y:37 S:C8 P:nvUbdizc  $00:91C5: 9D 68 04 STA $0468,X @ $04A4 = #$52
f1246   c37081580    i46912119    A:53 X:3C Y:37 S:C8 P:nvUbdizc  $00:91C8: 6A       ROR
f1246   c37081582    i46912120    A:29 X:3C Y:37 S:C8 P:nvUbdizC  $00:91C9: 45 E6    EOR $E6 = #$01
f1246   c37081585    i46912121    A:28 X:3C Y:37 S:C8 P:nvUbdizC  $00:91CB: 10 08    BPL $91D5
f1246   c37081588    i46912122    A:28 X:3C Y:37 S:C8 P:nvUbdizC  $00:91D5: A5 E8    LDA $E8 = #$00
f1246   c37081591    i46912123    A:00 X:3C Y:37 S:C8 P:nvUbdiZC  $00:91D7: 18       CLC
f1246   c37081593    i46912124    A:00 X:3C Y:37 S:C8 P:nvUbdiZc  $00:91D8: 7D 6B 04 ADC $046B,X @ $04A7 = #$6C
f1246   c37081597    i46912125    A:6C X:3C Y:37 S:C8 P:nvUbdizc  $00:91DB: 9D 6B 04 STA $046B,X @ $04A7 = #$6C
f1246   c37081602    i46912126    A:6C X:3C Y:37 S:C8 P:nvUbdizc  $00:91DE: 6A       ROR
f1246   c37081604    i46912127    A:36 X:3C Y:37 S:C8 P:nvUbdizc  $00:91DF: 45 E8    EOR $E8 = #$00
f1246   c37081607    i46912128    A:36 X:3C Y:37 S:C8 P:nvUbdizc  $00:91E1: 10 08    BPL $91EB
f1247   c37107482    i46920400    A:00 X:02 Y:06 S:DB P:nVUbdIzc  $01:A0ED: BD 15 40 LDA $4015,X @ $4017 = #$01
f1247   c37107486    i46920401    A:40 X:02 Y:06 S:DB P:nVUbdIzc  $01:A0F0: 4A       LSR
f1247   c37107488    i46920402    A:20 X:02 Y:06 S:DB P:nVUbdIzc  $01:A0F1: 26 3F    ROL $3F = #$00
f1247   c37107493    i46920403    A:20 X:02 Y:06 S:DB P:nVUbdIZc  $01:A0F3: 29 01    AND #$01
f1247   c37107495    i46920404    A:00 X:02 Y:06 S:DB P:nVUbdIZc  $01:A0F5: 05 3F    ORA $3F = #$00
f1247   c37107498    i46920405    A:00 X:02 Y:06 S:DB P:nVUbdIZc  $01:A0F7: 85 3F    STA $3F = #$00
f1247   c37107501    i46920406    A:00 X:02 Y:06 S:DB P:nVUbdIZc  $01:A0F9: 88       DEY
f1247   c37107503    i46920407    A:00 X:02 Y:05 S:DB P:nVUbdIzc  $01:A0FA: D0 F1    BNE $A0ED
f1247   c37107506    i46920408    A:00 X:02 Y:05 S:DB P:nVUbdIzc  $01:A0ED: BD 15 40 LDA $4015,X @ $4017 = #$01
f1247   c37107510    i46920409    A:40 X:02 Y:05 S:DB P:nVUbdIzc  $01:A0F0: 4A       LSR
f1247   c37107512    i46920410    A:20 X:02 Y:05 S:DB P:nVUbdIzc  $01:A0F1: 26 3F    ROL $3F = #$00
f1247   c37107517    i46920411    A:20 X:02 Y:05 S:DB P:nVUbdIZc  $01:A0F3: 29 01    AND #$01
f1247   c37107519    i46920412    A:00 X:02 Y:05 S:DB P:nVUbdIZc  $01:A0F5: 05 3F    ORA $3F = #$00
f1247   c37107522    i46920413    A:00 X:02 Y:05 S:DB P:nVUbdIZc  $01:A0F7: 85 3F    STA $3F = #$00
f1247   c37107525    i46920414    A:00 X:02 Y:05 S:DB P:nVUbdIZc  $01:A0F9: 88       DEY
f1247   c37107527    i46920415    A:00 X:02 Y:04 S:DB P:nVUbdIzc  $01:A0FA: D0 F1    BNE $A0ED
f1247   c37107530    i46920416    A:00 X:02 Y:04 S:DB P:nVUbdIzc  $01:A0ED: BD 15 40 LDA $4015,X @ $4017 = #$01
f1247   c37107534    i46920417    A:40 X:02 Y:04 S:DB P:nVUbdIzc  $01:A0F0: 4A       LSR
f1247   c37107536    i46920418    A:20 X:02 Y:04 S:DB P:nVUbdIzc  $01:A0F1: 26 3F    ROL $3F = #$00
f1247   c37107541    i46920419    A:20 X:02 Y:04 S:DB P:nVUbdIZc  $01:A0F3: 29 01    AND #$01
f1247   c37107543    i46920420    A:00 X:02 Y:04 S:DB P:nVUbdIZc  $01:A0F5: 05 3F    ORA $3F = #$00
f1247   c37107546    i46920421    A:00 X:02 Y:04 S:DB P:nVUbdIZc  $01:A0F7: 85 3F    STA $3F = #$00
f1247   c37107549    i46920422    A:00 X:02 Y:04 S:DB P:nVUbdIZc  $01:A0F9: 88       DEY
f1247   c37107551    i46920423    A:00 X:02 Y:03 S:DB P:nVUbdIzc  $01:A0FA: D0 F1    BNE $A0ED
f1247   c37107554    i46920424    A:00 X:02 Y:03 S:DB P:nVUbdIzc  $01:A0ED: BD 15 40 LDA $4015,X @ $4017 = #$01
f1247   c37107558    i46920425    A:40 X:02 Y:03 S:DB P:nVUbdIzc  $01:A0F0: 4A       LSR
f1247   c37107560    i46920426    A:20 X:02 Y:03 S:DB P:nVUbdIzc  $01:A0F1: 26 3F    ROL $3F = #$00
f1247   c37107565    i46920427    A:20 X:02 Y:03 S:DB P:nVUbdIZc  $01:A0F3: 29 01    AND #$01
f1247   c37107567    i46920428    A:00 X:02 Y:03 S:DB P:nVUbdIZc  $01:A0F5: 05 3F    ORA $3F = #$00
f1247   c37107570    i46920429    A:00 X:02 Y:03 S:DB P:nVUbdIZc  $01:A0F7: 85 3F    STA $3F = #$00
f1247   c37107573    i46920430    A:00 X:02 Y:03 S:DB P:nVUbdIZc  $01:A0F9: 88       DEY
f1247   c37107575    i46920431    A:00 X:02 Y:02 S:DB P:nVUbdIzc  $01:A0FA: D0 F1    BNE $A0ED
f1247   c37107578    i46920432    A:00 X:02 Y:02 S:DB P:nVUbdIzc  $01:A0ED: BD 15 40 LDA $4015,X @ $4017 = #$01
f1247   c37107582    i46920433    A:40 X:02 Y:02 S:DB P:nVUbdIzc  $01:A0F0: 4A       LSR
f1247   c37107584    i46920434    A:20 X:02 Y:02 S:DB P:nVUbdIzc  $01:A0F1: 26 3F    ROL $3F = #$00
f1247   c37107589    i46920435    A:20 X:02 Y:02 S:DB P:nVUbdIZc  $01:A0F3: 29 01    AND #$01
f1247   c37107591    i46920436    A:00 X:02 Y:02 S:DB P:nVUbdIZc  $01:A0F5: 05 3F    ORA $3F = #$00
f1247   c37107594    i46920437    A:00 X:02 Y:02 S:DB P:nVUbdIZc  $01:A0F7: 85 3F    STA $3F = #$00
f1247   c37107597    i46920438    A:00 X:02 Y:02 S:DB P:nVUbdIZc  $01:A0F9: 88       DEY
f1247   c37107599    i46920439    A:00 X:02 Y:01 S:DB P:nVUbdIzc  $01:A0FA: D0 F1    BNE $A0ED
f1247   c37107602    i46920440    A:00 X:02 Y:01 S:DB P:nVUbdIzc  $01:A0ED: BD 15 40 LDA $4015,X @ $4017 = #$01
f1247   c37107606    i46920441    A:40 X:02 Y:01 S:DB P:nVUbdIzc  $01:A0F0: 4A       LSR
f1248   c37138861    i46930563    A:C6 X:10 Y:03 S:D9 P:NvUbdIzC  $06:8241: A0 06    LDY #$06
f1248   c37138863    i46930564    A:C6 X:10 Y:06 S:D9 P:nvUbdIzC  $06:8243: 91 F0    STA ($F0),Y @ $076D = #$C7
f1248   c37138869    i46930565    A:C6 X:10 Y:06 S:D9 P:nvUbdIzC  $06:8245: A6 F3    LDX $F3 = #$04
f1248   c37138872    i46930566    A:C6 X:04 Y:06 S:D9 P:nvUbdIzC  $06:8247: CA       DEX
f1248   c37138874    i46930567    A:C6 X:03 Y:06 S:D9 P:nvUbdIzC  $06:8248: BD AF 07 LDA $07AF,X @ $07B2 = #$01
f1248   c37138878    i46930568    A:01 X:03 Y:06 S:D9 P:nvUbdIzC  $06:824B: C9 01    CMP #$01
f1248   c37138880    i46930569    A:01 X:03 Y:06 S:D9 P:nvUbdIZC  $06:824D: F0 08    BEQ $8257
f1248   c37138883    i46930570    A:01 X:03 Y:06 S:D9 P:nvUbdIZC  $06:8257: BD C7 07 LDA $07C7,X @ $07CA = #$06
f1248   c37138887    i46930571    A:06 X:03 Y:06 S:D9 P:nvUbdIzC  $06:825A: 0A       ASL
f1248   c37138889    i46930572    A:0C X:03 Y:06 S:D9 P:nvUbdIzc  $06:825B: A8       TAY
f1248   c37138891    i46930573    A:0C X:03 Y:0C S:D9 P:nvUbdIzc  $06:825C: B9 69 82 LDA $8269,Y @ $8275 = #$97
f1248   c37138895    i46930574    A:97 X:03 Y:0C S:D9 P:NvUbdIzc  $06:825F: 85 F9    STA $F9 = #$2B
f1248   c37138898    i46930575    A:97 X:03 Y:0C S:D9 P:NvUbdIzc  $06:8261: B9 6A 82 LDA $826A,Y @ $8276 = #$82
f1248   c37138902    i46930576    A:82 X:03 Y:0C S:D9 P:NvUbdIzc  $06:8264: 85 FA    STA $FA = #$83
f1248   c37138905    i46930577    A:82 X:03 Y:0C S:D9 P:NvUbdIzc  $06:8266: 6C F9 00 JMP ($00F9) = $8297
f1248   c37138910    i46930578    A:82 X:03 Y:0C S:D9 P:NvUbdIzc  $06:8297: BD B7 07 LDA $07B7,X @ $07BA = #$0D
f1248   c37138914    i46930579    A:0D X:03 Y:0C S:D9 P:nvUbdIzc  $06:829A: A0 07    LDY #$07
f1248   c37138916    i46930580    A:0D X:03 Y:07 S:D9 P:nvUbdIzc  $06:829C: 91 F0    STA ($F0),Y @ $076E = #$0D
f1248   c37138922    i46930581    A:0D X:03 Y:07 S:D9 P:nvUbdIzc  $06:829E: BD BF 07 LDA $07BF,X @ $07C2 = #$81
f1248   c37138926    i46930582    A:81 X:03 Y:07 S:D9 P:NvUbdIzc  $06:82A1: C8       INY
f1248   c37138928    i46930583    A:81 X:03 Y:08 S:D9 P:nvUbdIzc  $06:82A2: 91 F0    STA ($F0),Y @ $076F = #$81
f1248   c37138934    i46930584    A:81 X:03 Y:08 S:D9 P:nvUbdIzc  $06:82A4: BD C7 07 LDA $07C7,X @ $07CA = #$06
f1248   c37138938    i46930585    A:06 X:03 Y:08 S:D9 P:nvUbdIzc  $06:82A7: 18       CLC
f1248   c37138940    i46930586    A:06 X:03 Y:08 S:D9 P:nvUbdIzc  $06:82A8: 69 01    ADC #$01
f1248   c37138942    i46930587    A:07 X:03 Y:08 S:D9 P:nvUbdIzc  $06:82AA: C9 0A    CMP #$0A
f1248   c37138944    i46930588    A:07 X:03 Y:08 S:D9 P:NvUbdIzc  $06:82AC: D0 02    BNE $82B0
f1248   c37138947    i46930589    A:07 X:03 Y:08 S:D9 P:NvUbdIzc  $06:82B0: 9D C7 07 STA $07C7,X @ $07CA = #$06
f1248   c37138952    i46930590    A:07 X:03 Y:08 S:D9 P:NvUbdIzc  $06:82B3: 60       RTS (from $81DB)
f1248   c37138958    i46930591    A:07 X:03 Y:08 S:DB P:NvUbdIzc  $06:810C: 18       CLC
f1248   c37138960    i46930592    A:07 X:03 Y:08 S:DB P:NvUbdIzc  $06:810D: A9 10    LDA #$10
f1248   c37138962    i46930593    A:10 X:03 Y:08 S:DB P:nvUbdIzc  $06:810F: 65 F0    ADC $F0 = #$67
f1248   c37138965    i46930594    A:77 X:03 Y:08 S:DB P:nvUbdIzc  $06:8111: 85 F0    STA $F0 = #$67
f1248   c37138968    i46930595    A:77 X:03 Y:08 S:DB P:nvUbdIzc  $06:8113: A9 04    LDA #$04
f1248   c37138970    i46930596    A:04 X:03 Y:08 S:DB P:nvUbdIzc  $06:8115: 65 F2    ADC $F2 = #$10
f1248   c37138973    i46930597    A:14 X:03 Y:08 S:DB P:nvUbdIzc  $06:8117: 85 F2    STA $F2 = #$10
f1248   c37138976    i46930598    A:14 X:03 Y:08 S:DB P:nvUbdIzc  $06:8119: C6 F3    DEC $F3 = #$04
f1248   c37138981    i46930599    A:14 X:03 Y:08 S:DB P:nvUbdIzc  $06:811B: D0 AD    BNE $80CA
f1248   c37138985    i46930600    A:14 X:03 Y:08 S:DB P:nvUbdIzc  $06:80CA: AD 06 07 LDA $0706 = #$C7
f1248   c37138989    i46930601    A:C7 X:03 Y:08 S:DB P:NvUbdIzc  $06:80CD: 4A       LSR
f1248   c37138991    i46930602    A:63 X:03 Y:08 S:DB P:nvUbdIzC  $06:80CE: 90 02    BCC $80D2
f1248   c37138993    i46930603    A:63 X:03 Y:08 S:DB P:nvUbdIzC  $06:80D0: 09 80    ORA #$80
f1249   c37168567    i46940046    A:09 X:00 Y:02 S:D9 P:nvUbdIZc  $06:8233: A6 F2    LDX $F2 = #$14
f1249   c37168570    i46940047    A:09 X:14 Y:02 S:D9 P:nvUbdIzc  $06:8235: BD 0A 07 LDA $070A,X @ $071E = #$0F
f1249   c37168574    i46940048    A:0F X:14 Y:02 S:D9 P:nvUbdIzc  $06:8238: 38       SEC
f1249   c37168576    i46940049    A:0F X:14 Y:02 S:D9 P:nvUbdIzC  $06:8239: E5 F7    SBC $F7 = #$09
f1249   c37168579    i46940050    A:06 X:14 Y:02 S:D9 P:nvUbdIzC  $06:823B: 10 02    BPL $823F
f1249   c37168582    i46940051    A:06 X:14 Y:02 S:D9 P:nvUbdIzC  $06:823F: 05 F6    ORA $F6 = #$00
f1249   c37168585    i46940052    A:06 X:14 Y:02 S:D9 P:nvUbdIzC  $06:8241: A0 06    LDY #$06
f1249   c37168587    i46940053    A:06 X:14 Y:06 S:D9 P:nvUbdIzC  $06:8243: 91 F0    STA ($F0),Y @ $077D = #$05
f1249   c37168593    i46940054    A:06 X:14 Y:06 S:D9 P:nvUbdIzC  $06:8245: A6 F3    LDX $F3 = #$03
f1249   c37168596    i46940055    A:06 X:03 Y:06 S:D9 P:nvUbdIzC  $06:8247: CA       DEX
f1249   c37168598    i46940056    A:06 X:02 Y:06 S:D9 P:nvUbdIzC  $06:8248: BD AF 07 LDA $07AF,X @ $07B1 = #$02
f1249   c37168602    i46940057    A:02 X:02 Y:06 S:D9 P:nvUbdIzC  $06:824B: C9 01    CMP #$01
f1249   c37168604    i46940058    A:02 X:02 Y:06 S:D9 P:nvUbdIzC  $06:824D: F0 08    BEQ $8257
f1249   c37168606    i46940059    A:02 X:02 Y:06 S:D9 P:nvUbdIzC  $06:824F: C9 02    CMP #$02
f1249   c37168608    i46940060    A:02 X:02 Y:06 S:D9 P:nvUbdIZC  $06:8251: D0 03    BNE $8256
f1249   c37168610    i46940061    A:02 X:02 Y:06 S:D9 P:nvUbdIZC  $06:8253: 4C D2 82 JMP $82D2
f1249   c37168613    i46940062    A:02 X:02 Y:06 S:D9 P:nvUbdIZC  $06:82D2: BD C7 07 LDA $07C7,X @ $07C9 = #$05
f1249   c37168617    i46940063    A:05 X:02 Y:06 S:D9 P:nvUbdIzC  $06:82D5: 0A       ASL
f1249   c37168619    i46940064    A:0A X:02 Y:06 S:D9 P:nvUbdIzc  $06:82D6: A8       TAY
f1249   c37168621    i46940065    A:0A X:02 Y:0A S:D9 P:nvUbdIzc  $06:82D7: B9 E4 82 LDA $82E4,Y @ $82EE = #$F4
f1249   c37168625    i46940066    A:F4 X:02 Y:0A S:D9 P:NvUbdIzc  $06:82DA: 85 F9    STA $F9 = #$7D
f1249   c37168628    i46940067    A:F4 X:02 Y:0A S:D9 P:NvUbdIzc  $06:82DC: B9 E5 82 LDA $82E5,Y @ $82EF = #$82
f1249   c37168632    i46940068    A:82 X:02 Y:0A S:D9 P:NvUbdIzc  $06:82DF: 85 FA    STA $FA = #$82
f1249   c37168635    i46940069    A:82 X:02 Y:0A S:D9 P:NvUbdIzc  $06:82E1: 6C F9 00 JMP ($00F9) = $82F4
f1249   c37168640    i46940070    A:82 X:02 Y:0A S:D9 P:NvUbdIzc  $06:82F4: A9 03    LDA #$03
f1249   c37168642    i46940071    A:03 X:02 Y:0A S:D9 P:nvUbdIzc  $06:82F6: 18       CLC
f1249   c37168644    i46940072    A:03 X:02 Y:0A S:D9 P:nvUbdIzc  $06:82F7: 7D B7 07 ADC $07B7,X @ $07B9 = #$AB
f1249   c37168648    i46940073    A:AE X:02 Y:0A S:D9 P:NvUbdIzc  $06:82FA: A0 07    LDY #$07
f1249   c37168650    i46940074    A:AE X:02 Y:07 S:D9 P:nvUbdIzc  $06:82FC: 91 F0    STA ($F0),Y @ $077E = #$AB
f1249   c37168656    i46940075    A:AE X:02 Y:07 S:D9 P:nvUbdIzc  $06:82FE: BD BF 07 LDA $07BF,X @ $07C1 = #$81
f1249   c37168660    i46940076    A:81 X:02 Y:07 S:D9 P:NvUbdIzc  $06:8301: 69 00    ADC #$00
f1249   c37168662    i46940077    A:81 X:02 Y:07 S:D9 P:NvUbdIzc  $06:8303: C8       INY
f1249   c37168664    i46940078    A:81 X:02 Y:08 S:D9 P:nvUbdIzc  $06:8304: 91 F0    STA ($F0),Y @ $077F = #$81
f1249   c37168670    i46940079    A:81 X:02 Y:08 S:D9 P:nvUbdIzc  $06:8306: 4C 1B 83 JMP $831B
f1249   c37168673    i46940080    A:81 X:02 Y:08 S:D9 P:nvUbdIzc  $06:831B: BD C7 07 LDA $07C7,X @ $07C9 = #$05
f1249   c37168677    i46940081    A:05 X:02 Y:08 S:D9 P:nvUbdIzc  $06:831E: 18       CLC
f1249   c37168679    i46940082    A:05 X:02 Y:08 S:D9 P:nvUbdIzc  $06:831F: 69 01    ADC #$01
f1249   c37168681    i46940083    A:06 X:02 Y:08 S:D9 P:nvUbdIzc  $06:8321: C9 08    CMP #$08
f1249   c37168683    i46940084    A:06 X:02 Y:08 S:D9 P:NvUbdIzc  $06:8323: D0 02    BNE $8327
f1249   c37168686    i46940085    A:06 X:02 Y:08 S:D9 P:NvUbdIzc  $06:8327: 9D C7 07 STA $07C7,X @ $07C9 = #$05
f1249   c37168691    i46940086    A:06 X:02 Y:08 S:D9 P:NvUbdIzc  $06:832A: 60       RTS (from $81DB)
f1254   c37319766    i46988268    A:68 X:18 Y:00 S:C8 P:nvUbdizc  $00:94C3: 18       CLC
f1254   c37319768    i46988269    A:68 X:18 Y:00 S:C8 P:nvUbdizc  $00:94C4: 69 20    ADC #$20
f1254   c37319770    i46988270    A:88 X:18 Y:00 S:C8 P:NVUbdizc  $00:94C6: 85 94    STA $94 = #$68
f1254   c37319773    i46988271    A:88 X:18 Y:00 S:C8 P:NVUbdizc  $00:94C8: A5 95    LDA $95 = #$05
f1254   c37319776    i46988272    A:05 X:18 Y:00 S:C8 P:nVUbdizc  $00:94CA: 69 00    ADC #$00
f1254   c37319778    i46988273    A:05 X:18 Y:00 S:C8 P:nvUbdizc  $00:94CC: 85 95    STA $95 = #$05
f1254   c37319781    i46988274    A:05 X:18 Y:00 S:C8 P:nvUbdizc  $00:94CE: C6 96    DEC $96 = #$04
f1254   c37319786    i46988275    A:05 X:18 Y:00 S:C8 P:nvUbdizc  $00:94D0: F0 03    BEQ $94D5
f1254   c37319788    i46988276    A:05 X:18 Y:00 S:C8 P:nvUbdizc  $00:94D2: 4C 54 91 JMP $9154
f1254   c37319791    i46988277    A:05 X:18 Y:00 S:C8 P:nvUbdizc  $00:9154: A0 00    LDY #$00
f1254   c37319793    i46988278    A:05 X:18 Y:00 S:C8 P:nvUbdiZc  $00:9156: B1 94    LDA ($94),Y @ $0588 = #$A9
f1254   c37319798    i46988279    A:A9 X:18 Y:00 S:C8 P:NvUbdizc  $00:9158: 30 03    BMI $915D
f1254   c37319801    i46988280    A:A9 X:18 Y:00 S:C8 P:NvUbdizc  $00:915D: AA       TAX
f1254   c37319803    i46988281    A:A9 X:A9 Y:00 S:C8 P:NvUbdizc  $00:915E: A0 04    LDY #$04
f1254   c37319805    i46988282    A:A9 X:A9 Y:04 S:C8 P:nvUbdizc  $00:9160: 20 4A 97 JSR $974A
f1254   c37319811    i46988283    A:A9 X:A9 Y:04 S:C6 P:nvUbdizc  $00:974A: B1 94    LDA ($94),Y @ $058C = #$00
f1254   c37319816    i46988284    A:00 X:A9 Y:04 S:C6 P:nvUbdiZc  $00:974C: 0A       ASL
f1254   c37319818    i46988285    A:00 X:A9 Y:04 S:C6 P:nvUbdiZc  $00:974D: C8       INY
f1254   c37319820    i46988286    A:00 X:A9 Y:05 S:C6 P:nvUbdizc  $00:974E: B1 94    LDA ($94),Y @ $058D = #$21
f1254   c37319825    i46988287    A:21 X:A9 Y:05 S:C6 P:nvUbdizc  $00:9750: 2A       ROL
f1254   c37319827    i46988288    A:42 X:A9 Y:05 S:C6 P:nvUbdizc  $00:9751: 99 95 00 STA $0095,Y @ $009A = #$42
f1254   c37319832    i46988289    A:42 X:A9 Y:05 S:C6 P:nvUbdizc  $00:9754: A9 00    LDA #$00
f1254   c37319834    i46988290    A:00 X:A9 Y:05 S:C6 P:nvUbdiZc  $00:9756: 2A       ROL
f1254   c37319836    i46988291    A:00 X:A9 Y:05 S:C6 P:nvUbdiZc  $00:9757: 99 96 00 STA $0096,Y @ $009B = #$00
f1254   c37319841    i46988292    A:00 X:A9 Y:05 S:C6 P:nvUbdiZc  $00:975A: 60       RTS (from $974A)
f1254   c37319847    i46988293    A:00 X:A9 Y:05 S:C8 P:nvUbdiZc  $00:9163: A0 06    LDY #$06
f1254   c37319849    i46988294    A:00 X:A9 Y:06 S:C8 P:nvUbdizc  $00:9165: 20 4A 97 JSR $974A
f1254   c37319855    i46988295    A:00 X:A9 Y:06 S:C6 P:nvUbdizc  $00:974A: B1 94    LDA ($94),Y @ $058E = #$00
f1254   c37319860    i46988296    A:00 X:A9 Y:06 S:C6 P:nvUbdiZc  $00:974C: 0A       ASL
f1254   c37319862    i46988297    A:00 X:A9 Y:06 S:C6 P:nvUbdiZc  $00:974D: C8       INY
f1254   c37319864    i46988298    A:00 X:A9 Y:07 S:C6 P:nvUbdizc  $00:974E: B1 94    LDA ($94),Y @ $058F = #$3A
f1254   c37319869    i46988299    A:3A X:A9 Y:07 S:C6 P:nvUbdizc  $00:9750: 2A       ROL
f1254   c37319871    i46988300    A:74 X:A9 Y:07 S:C6 P:nvUbdizc  $00:9751: 99 95 00 STA $0095,Y @ $009C = #$74
f1254   c37319876    i46988301    A:74 X:A9 Y:07 S:C6 P:nvUbdizc  $00:9754: A9 00    LDA #$00
f1254   c37319878    i46988302    A:00 X:A9 Y:07 S:C6 P:nvUbdiZc  $00:9756: 2A       ROL
f1254   c37319880    i46988303    A:00 X:A9 Y:07 S:C6 P:nvUbdiZc  $00:9757: 99 96 00 STA $0096,Y @ $009D = #$00
f1254   c37319885    i46988304    A:00 X:A9 Y:07 S:C6 P:nvUbdiZc  $00:975A: 60       RTS (from $974A)
f1254   c37319891    i46988305    A:00 X:A9 Y:07 S:C8 P:nvUbdiZc  $00:9168: 8A       TXA
f1254   c37319893    i46988306    A:A9 X:A9 Y:07 S:C8 P:NvUbdizc  $00:9169: 29 10    AND #$10
f1254   c37319895    i46988307    A:00 X:A9 Y:07 S:C8 P:nvUbdiZc  $00:916B: D0 39    BNE $91A6
f1254   c37319897    i46988308    A:00 X:A9 Y:07 S:C8 P:nvUbdiZc  $00:916D: 8A       TXA
f1254   c37319899    i46988309    A:A9 X:A9 Y:07 S:C8 P:NvUbdizc  $00:916E: 29 20    AND #$20
f1256   c37379743    i47007368    A:68 X:18 Y:00 S:C8 P:nvUbdizc  $00:94C3: 18       CLC
f1256   c37379745    i47007369    A:68 X:18 Y:00 S:C8 P:nvUbdizc  $00:94C4: 69 20    ADC #$20
f1256   c37379747    i47007370    A:88 X:18 Y:00 S:C8 P:NVUbdizc  $00:94C6: 85 94    STA $94 = #$68
f1256   c37379750    i47007371    A:88 X:18 Y:00 S:C8 P:NVUbdizc  $00:94C8: A5 95    LDA $95 = #$05
f1256   c37379753    i47007372    A:05 X:18 Y:00 S:C8 P:nVUbdizc  $00:94CA: 69 00    ADC #$00
f1256   c37379755    i47007373    A:05 X:18 Y:00 S:C8 P:nvUbdizc  $00:94CC: 85 95    STA $95 = #$05
f1256   c37379758    i47007374    A:05 X:18 Y:00 S:C8 P:nvUbdizc  $00:94CE: C6 96    DEC $96 = #$04
f1256   c37379763    i47007375    A:05 X:18 Y:00 S:C8 P:nvUbdizc  $00:94D0: F0 03    BEQ $94D5
f1256   c37379765    i47007376    A:05 X:18 Y:00 S:C8 P:nvUbdizc  $00:94D2: 4C 54 91 JMP $9154
f1256   c37379768    i47007377    A:05 X:18 Y:00 S:C8 P:nvUbdizc  $00:9154: A0 00    LDY #$00
f1256   c37379770    i47007378    A:05 X:18 Y:00 S:C8 P:nvUbdiZc  $00:9156: B1 94    LDA ($94),Y @ $0588 = #$A9
f1256   c37379775    i47007379    A:A9 X:18 Y:00 S:C8 P:NvUbdizc  $00:9158: 30 03    BMI $915D
f1256   c37379778    i47007380    A:A9 X:18 Y:00 S:C8 P:NvUbdizc  $00:915D: AA       TAX
f1256   c37379780    i47007381    A:A9 X:A9 Y:00 S:C8 P:NvUbdizc  $00:915E: A0 04    LDY #$04
f1256   c37379782    i47007382    A:A9 X:A9 Y:04 S:C8 P:nvUbdizc  $00:9160: 20 4A 97 JSR $974A
f1256   c37379788    i47007383    A:A9 X:A9 Y:04 S:C6 P:nvUbdizc  $00:974A: B1 94    LDA ($94),Y @ $058C = #$00
f1256   c37379793    i47007384    A:00 X:A9 Y:04 S:C6 P:nvUbdiZc  $00:974C: 0A       ASL
f1256   c37379795    i47007385    A:00 X:A9 Y:04 S:C6 P:nvUbdiZc  $00:974D: C8       INY
f1256   c37379797    i47007386    A:00 X:A9 Y:05 S:C6 P:nvUbdizc  $00:974E: B1 94    LDA ($94),Y @ $058D = #$22
f1256   c37379802    i47007387    A:22 X:A9 Y:05 S:C6 P:nvUbdizc  $00:9750: 2A       ROL
f1256   c37379804    i47007388    A:44 X:A9 Y:05 S:C6 P:nvUbdizc  $00:9751: 99 95 00 STA $0095,Y @ $009A = #$44
f1256   c37379809    i47007389    A:44 X:A9 Y:05 S:C6 P:nvUbdizc  $00:9754: A9 00    LDA #$00
f1256   c37379811    i47007390    A:00 X:A9 Y:05 S:C6 P:nvUbdiZc  $00:9756: 2A       ROL
f1256   c37379813    i47007391    A:00 X:A9 Y:05 S:C6 P:nvUbdiZc  $00:9757: 99 96 00 STA $0096,Y @ $009B = #$00
f1256   c37379818    i47007392    A:00 X:A9 Y:05 S:C6 P:nvUbdiZc  $00:975A: 60       RTS (from $974A)
f1256   c37379824    i47007393    A:00 X:A9 Y:05 S:C8 P:nvUbdiZc  $00:9163: A0 06    LDY #$06
f1256   c37379826    i47007394    A:00 X:A9 Y:06 S:C8 P:nvUbdizc  $00:9165: 20 4A 97 JSR $974A
f1256   c37379832    i47007395    A:00 X:A9 Y:06 S:C6 P:nvUbdizc  $00:974A: B1 94    LDA ($94),Y @ $058E = #$00
f1256   c37379837    i47007396    A:00 X:A9 Y:06 S:C6 P:nvUbdiZc  $00:974C: 0A       ASL
f1256   c37379839    i47007397    A:00 X:A9 Y:06 S:C6 P:nvUbdiZc  $00:974D: C8       INY
f1256   c37379841    i47007398    A:00 X:A9 Y:07 S:C6 P:nvUbdizc  $00:974E: B1 94    LDA ($94),Y @ $058F = #$3A
f1256   c37379846    i47007399    A:3A X:A9 Y:07 S:C6 P:nvUbdizc  $00:9750: 2A       ROL
f1256   c37379848    i47007400    A:74 X:A9 Y:07 S:C6 P:nvUbdizc  $00:9751: 99 95 00 STA $0095,Y @ $009C = #$74
f1256   c37379853    i47007401    A:74 X:A9 Y:07 S:C6 P:nvUbdizc  $00:9754: A9 00    LDA #$00
f1256   c37379855    i47007402    A:00 X:A9 Y:07 S:C6 P:nvUbdiZc  $00:9756: 2A       ROL
f1256   c37379857    i47007403    A:00 X:A9 Y:07 S:C6 P:nvUbdiZc  $00:9757: 99 96 00 STA $0096,Y @ $009D = #$00
f1256   c37379862    i47007404    A:00 X:A9 Y:07 S:C6 P:nvUbdiZc  $00:975A: 60       RTS (from $974A)
f1256   c37379868    i47007405    A:00 X:A9 Y:07 S:C8 P:nvUbdiZc  $00:9168: 8A       TXA
f1256   c37379870    i47007406    A:A9 X:A9 Y:07 S:C8 P:NvUbdizc  $00:9169: 29 10    AND #$10
f1256   c37379872    i47007407    A:00 X:A9 Y:07 S:C8 P:nvUbdiZc  $00:916B: D0 39    BNE $91A6
f1256   c37379874    i47007408    A:00 X:A9 Y:07 S:C8 P:nvUbdiZc  $00:916D: 8A       TXA
f1256   c37379876    i47007409    A:A9 X:A9 Y:07 S:C8 P:NvUbdizc  $00:916E: 29 20    AND #$20
f1268   c37736235    i47121802    A:88 X:18 Y:00 S:C8 P:NVUbdizc  $00:94C8: A5 95    LDA $95 = #$05
f1268   c37736238    i47121803    A:05 X:18 Y:00 S:C8 P:nVUbdizc  $00:94CA: 69 00    ADC #$00
f1268   c37736240    i47121804    A:05 X:18 Y:00 S:C8 P:nvUbdizc  $00:94CC: 85 95    STA $95 = #$05
f1268   c37736243    i47121805    A:05 X:18 Y:00 S:C8 P:nvUbdizc  $00:94CE: C6 96    DEC $96 = #$04
f1268   c37736248    i47121806    A:05 X:18 Y:00 S:C8 P:nvUbdizc  $00:94D0: F0 03    BEQ $94D5
f1268   c37736250    i47121807    A:05 X:18 Y:00 S:C8 P:nvUbdizc  $00:94D2: 4C 54 91 JMP $9154
f1268   c37736253    i47121808    A:05 X:18 Y:00 S:C8 P:nvUbdizc  $00:9154: A0 00    LDY #$00
f1268   c37736255    i47121809    A:05 X:18 Y:00 S:C8 P:nvUbdiZc  $00:9156: B1 94    LDA ($94),Y @ $0588 = #$A9
f1268   c37736260    i47121810    A:A9 X:18 Y:00 S:C8 P:NvUbdizc  $00:9158: 30 03    BMI $915D
f1268   c37736263    i47121811    A:A9 X:18 Y:00 S:C8 P:NvUbdizc  $00:915D: AA       TAX
f1268   c37736265    i47121812    A:A9 X:A9 Y:00 S:C8 P:NvUbdizc  $00:915E: A0 04    LDY #$04
f1268   c37736267    i47121813    A:A9 X:A9 Y:04 S:C8 P:nvUbdizc  $00:9160: 20 4A 97 JSR $974A
f1268   c37736273    i47121814    A:A9 X:A9 Y:04 S:C6 P:nvUbdizc  $00:974A: B1 94    LDA ($94),Y @ $058C = #$00
f1268   c37736278    i47121815    A:00 X:A9 Y:04 S:C6 P:nvUbdiZc  $00:974C: 0A       ASL
f1268   c37736280    i47121816    A:00 X:A9 Y:04 S:C6 P:nvUbdiZc  $00:974D: C8       INY
f1268   c37736282    i47121817    A:00 X:A9 Y:05 S:C6 P:nvUbdizc  $00:974E: B1 94    LDA ($94),Y @ $058D = #$22
f1268   c37736287    i47121818    A:22 X:A9 Y:05 S:C6 P:nvUbdizc  $00:9750: 2A       ROL
f1268   c37736289    i47121819    A:44 X:A9 Y:05 S:C6 P:nvUbdizc  $00:9751: 99 95 00 STA $0095,Y @ $009A = #$44
f1268   c37736294    i47121820    A:44 X:A9 Y:05 S:C6 P:nvUbdizc  $00:9754: A9 00    LDA #$00
f1268   c37736296    i47121821    A:00 X:A9 Y:05 S:C6 P:nvUbdiZc  $00:9756: 2A       ROL
f1268   c37736298    i47121822    A:00 X:A9 Y:05 S:C6 P:nvUbdiZc  $00:9757: 99 96 00 STA $0096,Y @ $009B = #$00
f1268   c37736303    i47121823    A:00 X:A9 Y:05 S:C6 P:nvUbdiZc  $00:975A: 60       RTS (from $974A)
f1268   c37736309    i47121824    A:00 X:A9 Y:05 S:C8 P:nvUbdiZc  $00:9163: A0 06    LDY #$06
f1268   c37736311    i47121825    A:00 X:A9 Y:06 S:C8 P:nvUbdizc  $00:9165: 20 4A 97 JSR $974A
f1268   c37736317    i47121826    A:00 X:A9 Y:06 S:C6 P:nvUbdizc  $00:974A: B1 94    LDA ($94),Y @ $058E = #$00
f1268   c37736322    i47121827    A:00 X:A9 Y:06 S:C6 P:nvUbdiZc  $00:974C: 0A       ASL
f1268   c37736324    i47121828    A:00 X:A9 Y:06 S:C6 P:nvUbdiZc  $00:974D: C8       INY
f1268   c37736326    i47121829    A:00 X:A9 Y:07 S:C6 P:nvUbdizc  $00:974E: B1 94    LDA ($94),Y @ $058F = #$3A
f1268   c37736331    i47121830    A:3A X:A9 Y:07 S:C6 P:nvUbdizc  $00:9750: 2A       ROL
f1268   c37736333    i47121831    A:74 X:A9 Y:07 S:C6 P:nvUbdizc  $00:9751: 99 95 00 STA $0095,Y @ $009C = #$74
f1268   c37736338    i47121832    A:74 X:A9 Y:07 S:C6 P:nvUbdizc  $00:9754: A9 00    LDA #$00
f1268   c37736340    i47121833    A:00 X:A9 Y:07 S:C6 P:nvUbdiZc  $00:9756: 2A       ROL
f1268   c37736342    i47121834    A:00 X:A9 Y:07 S:C6 P:nvUbdiZc  $00:9757: 99 96 00 STA $0096,Y @ $009D = #$00
f1268   c37736347    i47121835    A:00 X:A9 Y:07 S:C6 P:nvUbdiZc  $00:975A: 60       RTS (from $974A)
f1268   c37736353    i47121836    A:00 X:A9 Y:07 S:C8 P:nvUbdiZc  $00:9168: 8A       TXA
f1268   c37736355    i47121837    A:A9 X:A9 Y:07 S:C8 P:NvUbdizc  $00:9169: 29 10    AND #$10
f1268   c37736357    i47121838    A:00 X:A9 Y:07 S:C8 P:nvUbdiZc  $00:916B: D0 39    BNE $91A6
f1268   c37736359    i47121839    A:00 X:A9 Y:07 S:C8 P:nvUbdiZc  $00:916D: 8A       TXA
f1268   c37736361    i47121840    A:A9 X:A9 Y:07 S:C8 P:NvUbdizc  $00:916E: 29 20    AND #$20
f1268   c37736363    i47121841    A:20 X:A9 Y:07 S:C8 P:nvUbdizc  $00:9170: D0 03    BNE $9175
f1268   c37736366    i47121842    A:20 X:A9 Y:07 S:C8 P:nvUbdizc  $00:9175: A2 04    LDX #$04
f1268   c37736368    i47121843    A:20 X:04 Y:07 S:C8 P:nvUbdizc  $00:9177: A0 0A    LDY #$0A
f1269   c37766857    i47131576    A:00 X:00 Y:07 S:C8 P:nvUbdiZC  $00:91A1: 85 E8    STA $E8 = #$74
f1269   c37766860    i47131577    A:00 X:00 Y:07 S:C8 P:nvUbdiZC  $00:91A3: 4C B4 91 JMP $91B4
f1269   c37766863    i47131578    A:00 X:00 Y:07 S:C8 P:nvUbdiZC  $00:91B4: A0 10    LDY #$10
f1269   c37766865    i47131579    A:00 X:00 Y:10 S:C8 P:nvUbdizC  $00:91B6: B1 94    LDA ($94),Y @ $0598 = #$38
f1269   c37766870    i47131580    A:38 X:00 Y:10 S:C8 P:nvUbdizC  $00:91B8: AA       TAX
f1269   c37766872    i47131581    A:38 X:38 Y:10 S:C8 P:nvUbdizC  $00:91B9: C8       INY
f1269   c37766874    i47131582    A:38 X:38 Y:11 S:C8 P:nvUbdizC  $00:91BA: B1 94    LDA ($94),Y @ $0599 = #$E0
f1269   c37766879    i47131583    A:E0 X:38 Y:11 S:C8 P:NvUbdizC  $00:91BC: 4A       LSR
f1269   c37766881    i47131584    A:70 X:38 Y:11 S:C8 P:nvUbdizc  $00:91BD: 4A       LSR
f1269   c37766883    i47131585    A:38 X:38 Y:11 S:C8 P:nvUbdizc  $00:91BE: A8       TAY
f1269   c37766885    i47131586    A:38 X:38 Y:38 S:C8 P:nvUbdizc  $00:91BF: A5 E6    LDA $E6 = #$FF
f1269   c37766888    i47131587    A:FF X:38 Y:38 S:C8 P:NvUbdizc  $00:91C1: 18       CLC
f1269   c37766890    i47131588    A:FF X:38 Y:38 S:C8 P:NvUbdizc  $00:91C2: 7D 68 04 ADC $0468,X @ $04A0 = #$4B
f1269   c37766894    i47131589    A:4A X:38 Y:38 S:C8 P:nvUbdizC  $00:91C5: 9D 68 04 STA $0468,X @ $04A0 = #$4B
f1269   c37766899    i47131590    A:4A X:38 Y:38 S:C8 P:nvUbdizC  $00:91C8: 6A       ROR
f1269   c37766901    i47131591    A:A5 X:38 Y:38 S:C8 P:NvUbdizc  $00:91C9: 45 E6    EOR $E6 = #$FF
f1269   c37766904    i47131592    A:5A X:38 Y:38 S:C8 P:nvUbdizc  $00:91CB: 10 08    BPL $91D5
f1269   c37766907    i47131593    A:5A X:38 Y:38 S:C8 P:nvUbdizc  $00:91D5: A5 E8    LDA $E8 = #$00
f1269   c37766910    i47131594    A:00 X:38 Y:38 S:C8 P:nvUbdiZc  $00:91D7: 18       CLC
f1269   c37766912    i47131595    A:00 X:38 Y:38 S:C8 P:nvUbdiZc  $00:91D8: 7D 6B 04 ADC $046B,X @ $04A3 = #$6C
f1269   c37766916    i47131596    A:6C X:38 Y:38 S:C8 P:nvUbdizc  $00:91DB: 9D 6B 04 STA $046B,X @ $04A3 = #$6C
f1269   c37766921    i47131597    A:6C X:38 Y:38 S:C8 P:nvUbdizc  $00:91DE: 6A       ROR
f1269   c37766923    i47131598    A:36 X:38 Y:38 S:C8 P:nvUbdizc  $00:91DF: 45 E8    EOR $E8 = #$00
f1269   c37766926    i47131599    A:36 X:38 Y:38 S:C8 P:nvUbdizc  $00:91E1: 10 08    BPL $91EB
f1269   c37766929    i47131600    A:36 X:38 Y:38 S:C8 P:nvUbdizc  $00:91EB: 8A       TXA
f1269   c37766931    i47131601    A:38 X:38 Y:38 S:C8 P:nvUbdizc  $00:91EC: 18       CLC
f1269   c37766933    i47131602    A:38 X:38 Y:38 S:C8 P:nvUbdizc  $00:91ED: 69 04    ADC #$04
f1269   c37766935    i47131603    A:3C X:38 Y:38 S:C8 P:nvUbdizc  $00:91EF: AA       TAX
f1269   c37766937    i47131604    A:3C X:3C Y:38 S:C8 P:nvUbdizc  $00:91F0: 88       DEY
f1269   c37766939    i47131605    A:3C X:3C Y:37 S:C8 P:nvUbdizc  $00:91F1: D0 CC    BNE $91BF
f1269   c37766942    i47131606    A:3C X:3C Y:37 S:C8 P:nvUbdizc  $00:91BF: A5 E6    LDA $E6 = #$FF
f1269   c37766945    i47131607    A:FF X:3C Y:37 S:C8 P:NvUbdizc  $00:91C1: 18       CLC
f1269   c37766947    i47131608    A:FF X:3C Y:37 S:C8 P:NvUbdizc  $00:91C2: 7D 68 04 ADC $0468,X @ $04A4 = #$53
f1269   c37766951    i47131609    A:52 X:3C Y:37 S:C8 P:nvUbdizC  $00:91C5: 9D 68 04 STA $0468,X @ $04A4 = #$53
f1269   c37766956    i47131610    A:52 X:3C Y:37 S:C8 P:nvUbdizC  $00:91C8: 6A       ROR
f1269   c37766958    i47131611    A:A9 X:3C Y:37 S:C8 P:NvUbdizc  $00:91C9: 45 E6    EOR $E6 = #$FF
f1269   c37766961    i47131612    A:56 X:3C Y:37 S:C8 P:nvUbdizc  $00:91CB: 10 08    BPL $91D5
f1269   c37766964    i47131613    A:56 X:3C Y:37 S:C8 P:nvUbdizc  $00:91D5: A5 E8    LDA $E8 = #$00
f1269   c37766967    i47131614    A:00 X:3C Y:37 S:C8 P:nvUbdiZc  $00:91D7: 18       CLC
f1269   c37766969    i47131615    A:00 X:3C Y:37 S:C8 P:nvUbdiZc  $00:91D8: 7D 6B 04 ADC $046B,X @ $04A7 = #$6C
f1269   c37766973    i47131616    A:6C X:3C Y:37 S:C8 P:nvUbdizc  $00:91DB: 9D 6B 04 STA $046B,X @ $04A7 = #$6C
f1269   c37766978    i47131617    A:6C X:3C Y:37 S:C8 P:nvUbdizc  $00:91DE: 6A       ROR
f1269   c37770086    i47132690    A:F6 X:14 Y:01 S:C8 P:NvUbdizC  $00:91C8: 6A       ROR
f1269   c37770088    i47132691    A:FB X:14 Y:01 S:C8 P:NvUbdizc  $00:91C9: 45 E6    EOR $E6 = #$FF
f1269   c37770091    i47132692    A:04 X:14 Y:01 S:C8 P:nvUbdizc  $00:91CB: 10 08    BPL $91D5
f1269   c37770094    i47132693    A:04 X:14 Y:01 S:C8 P:nvUbdizc  $00:91D5: A5 E8    LDA $E8 = #$00
f1269   c37770097    i47132694    A:00 X:14 Y:01 S:C8 P:nvUbdiZc  $00:91D7: 18       CLC
f1269   c37770099    i47132695    A:00 X:14 Y:01 S:C8 P:nvUbdiZc  $00:91D8: 7D 6B 04 ADC $046B,X @ $047F = #$94
f1269   c37770103    i47132696    A:94 X:14 Y:01 S:C8 P:NvUbdizc  $00:91DB: 9D 6B 04 STA $046B,X @ $047F = #$94
f1269   c37770108    i47132697    A:94 X:14 Y:01 S:C8 P:NvUbdizc  $00:91DE: 6A       ROR
f1269   c37770110    i47132698    A:4A X:14 Y:01 S:C8 P:nvUbdizc  $00:91DF: 45 E8    EOR $E8 = #$00
f1269   c37770113    i47132699    A:4A X:14 Y:01 S:C8 P:nvUbdizc  $00:91E1: 10 08    BPL $91EB
f1269   c37770116    i47132700    A:4A X:14 Y:01 S:C8 P:nvUbdizc  $00:91EB: 8A       TXA
f1269   c37770118    i47132701    A:14 X:14 Y:01 S:C8 P:nvUbdizc  $00:91EC: 18       CLC
f1269   c37770120    i47132702    A:14 X:14 Y:01 S:C8 P:nvUbdizc  $00:91ED: 69 04    ADC #$04
f1269   c37770122    i47132703    A:18 X:14 Y:01 S:C8 P:nvUbdizc  $00:91EF: AA       TAX
f1269   c37770124    i47132704    A:18 X:18 Y:01 S:C8 P:nvUbdizc  $00:91F0: 88       DEY
f1269   c37770126    i47132705    A:18 X:18 Y:00 S:C8 P:nvUbdiZc  $00:91F1: D0 CC    BNE $91BF
f1269   c37770128    i47132706    A:18 X:18 Y:00 S:C8 P:nvUbdiZc  $00:91F3: A0 01    LDY #$01
f1269   c37770130    i47132707    A:18 X:18 Y:01 S:C8 P:nvUbdizc  $00:91F5: B1 94    LDA ($94),Y @ $0589 = #$01
f1269   c37770135    i47132708    A:01 X:18 Y:01 S:C8 P:nvUbdizc  $00:91F7: 38       SEC
f1269   c37770137    i47132709    A:01 X:18 Y:01 S:C8 P:nvUbdizC  $00:91F8: E9 01    SBC #$01
f1269   c37770139    i47132710    A:00 X:18 Y:01 S:C8 P:nvUbdiZC  $00:91FA: 91 94    STA ($94),Y @ $0589 = #$01
f1269   c37770145    i47132711    A:00 X:18 Y:01 S:C8 P:nvUbdiZC  $00:91FC: F0 03    BEQ $9201
f1269   c37770149    i47132712    A:00 X:18 Y:01 S:C8 P:nvUbdiZC  $00:9201: A0 00    LDY #$00
f1269   c37770151    i47132713    A:00 X:18 Y:00 S:C8 P:nvUbdiZC  $00:9203: B1 94    LDA ($94),Y @ $0588 = #$A9
f1269   c37770156    i47132714    A:A9 X:18 Y:00 S:C8 P:NvUbdizC  $00:9205: 29 01    AND #$01
f1269   c37770158    i47132715    A:01 X:18 Y:00 S:C8 P:nvUbdizC  $00:9207: 18       CLC
f1269   c37770160    i47132716    A:01 X:18 Y:00 S:C8 P:nvUbdizc  $00:9208: 69 09    ADC #$09
f1269   c37770162    i47132717    A:0A X:18 Y:00 S:C8 P:nvUbdizc  $00:920A: AA       TAX
f1269   c37770164    i47132718    A:0A X:0A Y:00 S:C8 P:nvUbdizc  $00:920B: 20 B9 C4 JSR $C4B9
f1269   c37770170    i47132719    A:0A X:0A Y:00 S:C6 P:nvUbdizc  $0F:C4B9: 86 25    STX $25 = #$0A
f1269   c37770173    i47132720    A:0A X:0A Y:00 S:C6 P:nvUbdizc  $0F:C4BB: A9 07    LDA #$07
f1269   c37770175    i47132721    A:07 X:0A Y:00 S:C6 P:nvUbdizc  $0F:C4BD: 05 22    ORA $22 = #$00
f1269   c37770178    i47132722    A:07 X:0A Y:00 S:C6 P:nvUbdizc  $0F:C4BF: 85 23    STA $23 = #$06
f1269   c37770181    i47132723    A:07 X:0A Y:00 S:C6 P:nvUbdizc  $0F:C4C1: 8D 00 80 STA $8000 = #$A5
f1269   c37770185    i47132724    A:07 X:0A Y:00 S:C6 P:nvUbdizc  $0F:C4C4: 8E 01 80 STX $8001 = #$27
f1269   c37770189    i47132725    A:07 X:0A Y:00 S:C6 P:nvUbdizc  $0F:C4C7: 60       RTS (from $C4B9)
f1269   c37770195    i47132726    A:07 X:0A Y:00 S:C8 P:nvUbdizc  $00:920E: A0 02    LDY #$02
f1269   c37770197    i47132727    A:07 X:0A Y:02 S:C8 P:nvUbdizc  $00:9210: B1 94    LDA ($94),Y @ $058A = #$95
f1269   c37770202    i47132728    A:95 X:0A Y:02 S:C8 P:NvUbdizc  $00:9212: 85 92    STA $92 = #$94
f1269   c37770205    i47132729    A:95 X:0A Y:02 S:C8 P:NvUbdizc  $00:9214: C8       INY
f1269   c37770207    i47132730    A:95 X:0A Y:03 S:C8 P:nvUbdizc  $00:9215: B1 94    LDA ($94),Y @ $058B = #$A2
f1269   c37770212    i47132731    A:A2 X:0A Y:03 S:C8 P:NvUbdizc  $00:9217: 85 93    STA $93 = #$A2
f1272   c37853530    i47159344    A:08 X:00 Y:03 S:D9 P:nvUbdIZC  $06:8233: A6 F2    LDX $F2 = #$10
f1272   c37853533    i47159345    A:08 X:10 Y:03 S:D9 P:nvUbdIzC  $06:8235: BD 0A 07 LDA $070A,X @ $071A = #$0C
f1272   c37853537    i47159346    A:0C X:10 Y:03 S:D9 P:nvUbdIzC  $06:8238: 38       SEC
f1272   c37853539    i47159347    A:0C X:10 Y:03 S:D9 P:nvUbdIzC  $06:8239: E5 F7    SBC $F7 = #$08
f1272   c37853542    i47159348    A:04 X:10 Y:03 S:D9 P:nvUbdIzC  $06:823B: 10 02    BPL $823F
f1272   c37853545    i47159349    A:04 X:10 Y:03 S:D9 P:nvUbdIzC  $06:823F: 05 F6    ORA $F6 = #$C0
f1272   c37853548    i47159350    A:C4 X:10 Y:03 S:D9 P:NvUbdIzC  $06:8241: A0 06    LDY #$06
f1272   c37853554    i47159351    A:C4 X:10 Y:06 S:D9 P:nvUbdIzC  $06:8243: 91 F0    STA ($F0),Y @ $076D = #$C4
f1272   c37853560    i47159352    A:C4 X:10 Y:06 S:D9 P:nvUbdIzC  $06:8245: A6 F3    LDX $F3 = #$04
f1272   c37853563    i47159353    A:C4 X:04 Y:06 S:D9 P:nvUbdIzC  $06:8247: CA       DEX
f1272   c37853565    i47159354    A:C4 X:03 Y:06 S:D9 P:nvUbdIzC  $06:8248: BD AF 07 LDA $07AF,X @ $07B2 = #$02
f1272   c37853569    i47159355    A:02 X:03 Y:06 S:D9 P:nvUbdIzC  $06:824B: C9 01    CMP #$01
f1272   c37853571    i47159356    A:02 X:03 Y:06 S:D9 P:nvUbdIzC  $06:824D: F0 08    BEQ $8257
f1272   c37853573    i47159357    A:02 X:03 Y:06 S:D9 P:nvUbdIzC  $06:824F: C9 02    CMP #$02
f1272   c37853575    i47159358    A:02 X:03 Y:06 S:D9 P:nvUbdIZC  $06:8251: D0 03    BNE $8256
f1272   c37853577    i47159359    A:02 X:03 Y:06 S:D9 P:nvUbdIZC  $06:8253: 4C D2 82 JMP $82D2
f1272   c37853580    i47159360    A:02 X:03 Y:06 S:D9 P:nvUbdIZC  $06:82D2: BD C7 07 LDA $07C7,X @ $07CA = #$01
f1272   c37853584    i47159361    A:01 X:03 Y:06 S:D9 P:nvUbdIzC  $06:82D5: 0A       ASL
f1272   c37853586    i47159362    A:02 X:03 Y:06 S:D9 P:nvUbdIzc  $06:82D6: A8       TAY
f1272   c37853588    i47159363    A:02 X:03 Y:02 S:D9 P:nvUbdIzc  $06:82D7: B9 E4 82 LDA $82E4,Y @ $82E6 = #$2B
f1272   c37853592    i47159364    A:2B X:03 Y:02 S:D9 P:nvUbdIzc  $06:82DA: 85 F9    STA $F9 = #$2B
f1272   c37853595    i47159365    A:2B X:03 Y:02 S:D9 P:nvUbdIzc  $06:82DC: B9 E5 82 LDA $82E5,Y @ $82E7 = #$83
f1272   c37853599    i47159366    A:83 X:03 Y:02 S:D9 P:NvUbdIzc  $06:82DF: 85 FA    STA $FA = #$83
f1272   c37853602    i47159367    A:83 X:03 Y:02 S:D9 P:NvUbdIzc  $06:82E1: 6C F9 00 JMP ($00F9) = $832B
f1272   c37853607    i47159368    A:83 X:03 Y:02 S:D9 P:NvUbdIzc  $06:832B: BD B7 07 LDA $07B7,X @ $07BA = #$0D
f1272   c37853611    i47159369    A:0D X:03 Y:02 S:D9 P:nvUbdIzc  $06:832E: 38       SEC
f1272   c37853613    i47159370    A:0D X:03 Y:02 S:D9 P:nvUbdIzC  $06:832F: E9 03    SBC #$03
f1272   c37853615    i47159371    A:0A X:03 Y:02 S:D9 P:nvUbdIzC  $06:8331: A0 07    LDY #$07
f1272   c37853617    i47159372    A:0A X:03 Y:07 S:D9 P:nvUbdIzC  $06:8333: 91 F0    STA ($F0),Y @ $076E = #$0D
f1272   c37853623    i47159373    A:0A X:03 Y:07 S:D9 P:nvUbdIzC  $06:8335: BD BF 07 LDA $07BF,X @ $07C2 = #$81
f1272   c37853627    i47159374    A:81 X:03 Y:07 S:D9 P:NvUbdIzC  $06:8338: E9 00    SBC #$00
f1272   c37853629    i47159375    A:81 X:03 Y:07 S:D9 P:NvUbdIzC  $06:833A: C8       INY
f1272   c37853631    i47159376    A:81 X:03 Y:08 S:D9 P:nvUbdIzC  $06:833B: 91 F0    STA ($F0),Y @ $076F = #$81
f1272   c37853637    i47159377    A:81 X:03 Y:08 S:D9 P:nvUbdIzC  $06:833D: 4C 1B 83 JMP $831B
f1272   c37853640    i47159378    A:81 X:03 Y:08 S:D9 P:nvUbdIzC  $06:831B: BD C7 07 LDA $07C7,X @ $07CA = #$01
f1272   c37853644    i47159379    A:01 X:03 Y:08 S:D9 P:nvUbdIzC  $06:831E: 18       CLC
f1272   c37853646    i47159380    A:01 X:03 Y:08 S:D9 P:nvUbdIzc  $06:831F: 69 01    ADC #$01
f1272   c37853648    i47159381    A:02 X:03 Y:08 S:D9 P:nvUbdIzc  $06:8321: C9 08    CMP #$08
f1272   c37853650    i47159382    A:02 X:03 Y:08 S:D9 P:NvUbdIzc  $06:8323: D0 02    BNE $8327
f1272   c37853653    i47159383    A:02 X:03 Y:08 S:D9 P:NvUbdIzc  $06:8327: 9D C7 07 STA $07C7,X @ $07CA = #$01
f1272   c37853658    i47159384    A:02 X:03 Y:08 S:D9 P:NvUbdIzc  $06:832A: 60       RTS (from $81DB)
f1274   c37915342    i47179146    A:00 X:00 Y:07 S:C8 P:nvUbdiZC  $00:91A1: 85 E8    STA $E8 = #$74
f1274   c37915345    i47179147    A:00 X:00 Y:07 S:C8 P:nvUbdiZC  $00:91A3: 4C B4 91 JMP $91B4
f1274   c37915348    i47179148    A:00 X:00 Y:07 S:C8 P:nvUbdiZC  $00:91B4: A0 10    LDY #$10
f1274   c37915350    i47179149    A:00 X:00 Y:10 S:C8 P:nvUbdizC  $00:91B6: B1 94    LDA ($94),Y @ $0598 = #$38
f1274   c37915355    i47179150    A:38 X:00 Y:10 S:C8 P:nvUbdizC  $00:91B8: AA       TAX
f1274   c37915357    i47179151    A:38 X:38 Y:10 S:C8 P:nvUbdizC  $00:91B9: C8       INY
f1274   c37915359    i47179152    A:38 X:38 Y:11 S:C8 P:nvUbdizC  $00:91BA: B1 94    LDA ($94),Y @ $0599 = #$E0
f1274   c37915364    i47179153    A:E0 X:38 Y:11 S:C8 P:NvUbdizC  $00:91BC: 4A       LSR
f1274   c37915366    i47179154    A:70 X:38 Y:11 S:C8 P:nvUbdizc  $00:91BD: 4A       LSR
f1274   c37915368    i47179155    A:38 X:38 Y:11 S:C8 P:nvUbdizc  $00:91BE: A8       TAY
f1274   c37915370    i47179156    A:38 X:38 Y:38 S:C8 P:nvUbdizc  $00:91BF: A5 E6    LDA $E6 = #$01
f1274   c37915373    i47179157    A:01 X:38 Y:38 S:C8 P:nvUbdizc  $00:91C1: 18       CLC
f1274   c37915375    i47179158    A:01 X:38 Y:38 S:C8 P:nvUbdizc  $00:91C2: 7D 68 04 ADC $0468,X @ $04A0 = #$4A
f1274   c37915379    i47179159    A:4B X:38 Y:38 S:C8 P:nvUbdizc  $00:91C5: 9D 68 04 STA $0468,X @ $04A0 = #$4A
f1274   c37915384    i47179160    A:4B X:38 Y:38 S:C8 P:nvUbdizc  $00:91C8: 6A       ROR
f1274   c37915386    i47179161    A:25 X:38 Y:38 S:C8 P:nvUbdizC  $00:91C9: 45 E6    EOR $E6 = #$01
f1274   c37915389    i47179162    A:24 X:38 Y:38 S:C8 P:nvUbdizC  $00:91CB: 10 08    BPL $91D5
f1274   c37915392    i47179163    A:24 X:38 Y:38 S:C8 P:nvUbdizC  $00:91D5: A5 E8    LDA $E8 = #$00
f1274   c37915395    i47179164    A:00 X:38 Y:38 S:C8 P:nvUbdiZC  $00:91D7: 18       CLC
f1274   c37915397    i47179165    A:00 X:38 Y:38 S:C8 P:nvUbdiZc  $00:91D8: 7D 6B 04 ADC $046B,X @ $04A3 = #$6C
f1274   c37915401    i47179166    A:6C X:38 Y:38 S:C8 P:nvUbdizc  $00:91DB: 9D 6B 04 STA $046B,X @ $04A3 = #$6C
f1274   c37915406    i47179167    A:6C X:38 Y:38 S:C8 P:nvUbdizc  $00:91DE: 6A       ROR
f1274   c37915408    i47179168    A:36 X:38 Y:38 S:C8 P:nvUbdizc  $00:91DF: 45 E8    EOR $E8 = #$00
f1274   c37915411    i47179169    A:36 X:38 Y:38 S:C8 P:nvUbdizc  $00:91E1: 10 08    BPL $91EB
f1274   c37915414    i47179170    A:36 X:38 Y:38 S:C8 P:nvUbdizc  $00:91EB: 8A       TXA
f1274   c37915416    i47179171    A:38 X:38 Y:38 S:C8 P:nvUbdizc  $00:91EC: 18       CLC
f1274   c37915418    i47179172    A:38 X:38 Y:38 S:C8 P:nvUbdizc  $00:91ED: 69 04    ADC #$04
f1274   c37915420    i47179173    A:3C X:38 Y:38 S:C8 P:nvUbdizc  $00:91EF: AA       TAX
f1274   c37915422    i47179174    A:3C X:3C Y:38 S:C8 P:nvUbdizc  $00:91F0: 88       DEY
f1274   c37915424    i47179175    A:3C X:3C Y:37 S:C8 P:nvUbdizc  $00:91F1: D0 CC    BNE $91BF
f1274   c37915427    i47179176    A:3C X:3C Y:37 S:C8 P:nvUbdizc  $00:91BF: A5 E6    LDA $E6 = #$01
f1274   c37915430    i47179177    A:01 X:3C Y:37 S:C8 P:nvUbdizc  $00:91C1: 18       CLC
f1274   c37915432    i47179178    A:01 X:3C Y:37 S:C8 P:nvUbdizc  $00:91C2: 7D 68 04 ADC $0468,X @ $04A4 = #$52
f1274   c37915436    i47179179    A:53 X:3C Y:37 S:C8 P:nvUbdizc  $00:91C5: 9D 68 04 STA $0468,X @ $04A4 = #$52
f1274   c37915441    i47179180    A:53 X:3C Y:37 S:C8 P:nvUbdizc  $00:91C8: 6A       ROR
f1274   c37915443    i47179181    A:29 X:3C Y:37 S:C8 P:nvUbdizC  $00:91C9: 45 E6    EOR $E6 = #$01
f1274   c37915446    i47179182    A:28 X:3C Y:37 S:C8 P:nvUbdizC  $00:91CB: 10 08    BPL $91D5
f1274   c37915449    i47179183    A:28 X:3C Y:37 S:C8 P:nvUbdizC  $00:91D5: A5 E8    LDA $E8 = #$00
f1274   c37915452    i47179184    A:00 X:3C Y:37 S:C8 P:nvUbdiZC  $00:91D7: 18       CLC
f1274   c37915454    i47179185    A:00 X:3C Y:37 S:C8 P:nvUbdiZc  $00:91D8: 7D 6B 04 ADC $046B,X @ $04A7 = #$6C
f1274   c37915458    i47179186    A:6C X:3C Y:37 S:C8 P:nvUbdizc  $00:91DB: 9D 6B 04 STA $046B,X @ $04A7 = #$6C
f1274   c37915463    i47179187    A:6C X:3C Y:37 S:C8 P:nvUbdizc  $00:91DE: 6A       ROR
f1281   c38124272    i47245906    A:00 X:00 Y:07 S:C8 P:nvUbdiZC  $00:91A1: 85 E8    STA $E8 = #$74
f1281   c38124275    i47245907    A:00 X:00 Y:07 S:C8 P:nvUbdiZC  $00:91A3: 4C B4 91 JMP $91B4
f1281   c38124278    i47245908    A:00 X:00 Y:07 S:C8 P:nvUbdiZC  $00:91B4: A0 10    LDY #$10
f1281   c38124280    i47245909    A:00 X:00 Y:10 S:C8 P:nvUbdizC  $00:91B6: B1 94    LDA ($94),Y @ $0598 = #$38
f1281   c38124285    i47245910    A:38 X:00 Y:10 S:C8 P:nvUbdizC  $00:91B8: AA       TAX
f1281   c38124287    i47245911    A:38 X:38 Y:10 S:C8 P:nvUbdizC  $00:91B9: C8       INY
f1281   c38124289    i47245912    A:38 X:38 Y:11 S:C8 P:nvUbdizC  $00:91BA: B1 94    LDA ($94),Y @ $0599 = #$E0
f1281   c38124294    i47245913    A:E0 X:38 Y:11 S:C8 P:NvUbdizC  $00:91BC: 4A       LSR
f1281   c38124296    i47245914    A:70 X:38 Y:11 S:C8 P:nvUbdizc  $00:91BD: 4A       LSR
f1281   c38124298    i47245915    A:38 X:38 Y:11 S:C8 P:nvUbdizc  $00:91BE: A8       TAY
f1281   c38124300    i47245916    A:38 X:38 Y:38 S:C8 P:nvUbdizc  $00:91BF: A5 E6    LDA $E6 = #$FF
f1281   c38124303    i47245917    A:FF X:38 Y:38 S:C8 P:NvUbdizc  $00:91C1: 18       CLC
f1281   c38124305    i47245918    A:FF X:38 Y:38 S:C8 P:NvUbdizc  $00:91C2: 7D 68 04 ADC $0468,X @ $04A0 = #$4B
f1281   c38124309    i47245919    A:4A X:38 Y:38 S:C8 P:nvUbdizC  $00:91C5: 9D 68 04 STA $0468,X @ $04A0 = #$4B
f1281   c38124314    i47245920    A:4A X:38 Y:38 S:C8 P:nvUbdizC  $00:91C8: 6A       ROR
f1281   c38124316    i47245921    A:A5 X:38 Y:38 S:C8 P:NvUbdizc  $00:91C9: 45 E6    EOR $E6 = #$FF
f1281   c38124319    i47245922    A:5A X:38 Y:38 S:C8 P:nvUbdizc  $00:91CB: 10 08    BPL $91D5
f1281   c38124322    i47245923    A:5A X:38 Y:38 S:C8 P:nvUbdizc  $00:91D5: A5 E8    LDA $E8 = #$00
f1281   c38124325    i47245924    A:00 X:38 Y:38 S:C8 P:nvUbdiZc  $00:91D7: 18       CLC
f1281   c38124327    i47245925    A:00 X:38 Y:38 S:C8 P:nvUbdiZc  $00:91D8: 7D 6B 04 ADC $046B,X @ $04A3 = #$6C
f1281   c38124331    i47245926    A:6C X:38 Y:38 S:C8 P:nvUbdizc  $00:91DB: 9D 6B 04 STA $046B,X @ $04A3 = #$6C
f1281   c38124336    i47245927    A:6C X:38 Y:38 S:C8 P:nvUbdizc  $00:91DE: 6A       ROR
f1281   c38124338    i47245928    A:36 X:38 Y:38 S:C8 P:nvUbdizc  $00:91DF: 45 E8    EOR $E8 = #$00
f1281   c38124341    i47245929    A:36 X:38 Y:38 S:C8 P:nvUbdizc  $00:91E1: 10 08    BPL $91EB
f1281   c38124344    i47245930    A:36 X:38 Y:38 S:C8 P:nvUbdizc  $00:91EB: 8A       TXA
f1281   c38124346    i47245931    A:38 X:38 Y:38 S:C8 P:nvUbdizc  $00:91EC: 18       CLC
f1281   c38124348    i47245932    A:38 X:38 Y:38 S:C8 P:nvUbdizc  $00:91ED: 69 04    ADC #$04
f1281   c38124350    i47245933    A:3C X:38 Y:38 S:C8 P:nvUbdizc  $00:91EF: AA       TAX
f1281   c38124352    i47245934    A:3C X:3C Y:38 S:C8 P:nvUbdizc  $00:91F0: 88       DEY
f1281   c38124354    i47245935    A:3C X:3C Y:37 S:C8 P:nvUbdizc  $00:91F1: D0 CC    BNE $91BF
f1281   c38124357    i47245936    A:3C X:3C Y:37 S:C8 P:nvUbdizc  $00:91BF: A5 E6    LDA $E6 = #$FF
f1281   c38124360    i47245937    A:FF X:3C Y:37 S:C8 P:NvUbdizc  $00:91C1: 18       CLC
f1281   c38124362    i47245938    A:FF X:3C Y:37 S:C8 P:NvUbdizc  $00:91C2: 7D 68 04 ADC $0468,X @ $04A4 = #$53
f1281   c38124366    i47245939    A:52 X:3C Y:37 S:C8 P:nvUbdizC  $00:91C5: 9D 68 04 STA $0468,X @ $04A4 = #$53
f1281   c38124371    i47245940    A:52 X:3C Y:37 S:C8 P:nvUbdizC  $00:91C8: 6A       ROR
f1281   c38124373    i47245941    A:A9 X:3C Y:37 S:C8 P:NvUbdizc  $00:91C9: 45 E6    EOR $E6 = #$FF
f1281   c38124376    i47245942    A:56 X:3C Y:37 S:C8 P:nvUbdizc  $00:91CB: 10 08    BPL $91D5
f1281   c38124379    i47245943    A:56 X:3C Y:37 S:C8 P:nvUbdizc  $00:91D5: A5 E8    LDA $E8 = #$00
f1281   c38124382    i47245944    A:00 X:3C Y:37 S:C8 P:nvUbdiZc  $00:91D7: 18       CLC
f1281   c38124384    i47245945    A:00 X:3C Y:37 S:C8 P:nvUbdiZc  $00:91D8: 7D 6B 04 ADC $046B,X @ $04A7 = #$6C
f1281   c38124388    i47245946    A:6C X:3C Y:37 S:C8 P:nvUbdizc  $00:91DB: 9D 6B 04 STA $046B,X @ $04A7 = #$6C
f1281   c38124393    i47245947    A:6C X:3C Y:37 S:C8 P:nvUbdizc  $00:91DE: 6A       ROR
f1281   c38127533    i47247020    A:F6 X:14 Y:01 S:C8 P:NvUbdizC  $00:91C8: 6A       ROR
f1281   c38127535    i47247021    A:FB X:14 Y:01 S:C8 P:NvUbdizc  $00:91C9: 45 E6    EOR $E6 = #$FF
f1281   c38127538    i47247022    A:04 X:14 Y:01 S:C8 P:nvUbdizc  $00:91CB: 10 08    BPL $91D5
f1281   c38127541    i47247023    A:04 X:14 Y:01 S:C8 P:nvUbdizc  $00:91D5: A5 E8    LDA $E8 = #$00
f1281   c38127544    i47247024    A:00 X:14 Y:01 S:C8 P:nvUbdiZc  $00:91D7: 18       CLC
f1281   c38127546    i47247025    A:00 X:14 Y:01 S:C8 P:nvUbdiZc  $00:91D8: 7D 6B 04 ADC $046B,X @ $047F = #$94
f1281   c38127550    i47247026    A:94 X:14 Y:01 S:C8 P:NvUbdizc  $00:91DB: 9D 6B 04 STA $046B,X @ $047F = #$94
f1281   c38127555    i47247027    A:94 X:14 Y:01 S:C8 P:NvUbdizc  $00:91DE: 6A       ROR
f1281   c38127557    i47247028    A:4A X:14 Y:01 S:C8 P:nvUbdizc  $00:91DF: 45 E8    EOR $E8 = #$00
f1281   c38127560    i47247029    A:4A X:14 Y:01 S:C8 P:nvUbdizc  $00:91E1: 10 08    BPL $91EB
f1281   c38127563    i47247030    A:4A X:14 Y:01 S:C8 P:nvUbdizc  $00:91EB: 8A       TXA
f1281   c38127565    i47247031    A:14 X:14 Y:01 S:C8 P:nvUbdizc  $00:91EC: 18       CLC
f1281   c38127567    i47247032    A:14 X:14 Y:01 S:C8 P:nvUbdizc  $00:91ED: 69 04    ADC #$04
f1281   c38127569    i47247033    A:18 X:14 Y:01 S:C8 P:nvUbdizc  $00:91EF: AA       TAX
f1281   c38127571    i47247034    A:18 X:18 Y:01 S:C8 P:nvUbdizc  $00:91F0: 88       DEY
f1281   c38127573    i47247035    A:18 X:18 Y:00 S:C8 P:nvUbdiZc  $00:91F1: D0 CC    BNE $91BF
f1281   c38127575    i47247036    A:18 X:18 Y:00 S:C8 P:nvUbdiZc  $00:91F3: A0 01    LDY #$01
f1281   c38127577    i47247037    A:18 X:18 Y:01 S:C8 P:nvUbdizc  $00:91F5: B1 94    LDA ($94),Y @ $0589 = #$01
f1281   c38127582    i47247038    A:01 X:18 Y:01 S:C8 P:nvUbdizc  $00:91F7: 38       SEC
f1281   c38127584    i47247039    A:01 X:18 Y:01 S:C8 P:nvUbdizC  $00:91F8: E9 01    SBC #$01
f1281   c38127586    i47247040    A:00 X:18 Y:01 S:C8 P:nvUbdiZC  $00:91FA: 91 94    STA ($94),Y @ $0589 = #$01
f1281   c38127592    i47247041    A:00 X:18 Y:01 S:C8 P:nvUbdiZC  $00:91FC: F0 03    BEQ $9201
f1281   c38127596    i47247042    A:00 X:18 Y:01 S:C8 P:nvUbdiZC  $00:9201: A0 00    LDY #$00
f1281   c38127598    i47247043    A:00 X:18 Y:00 S:C8 P:nvUbdiZC  $00:9203: B1 94    LDA ($94),Y @ $0588 = #$A9
f1281   c38127603    i47247044    A:A9 X:18 Y:00 S:C8 P:NvUbdizC  $00:9205: 29 01    AND #$01
f1281   c38127605    i47247045    A:01 X:18 Y:00 S:C8 P:nvUbdizC  $00:9207: 18       CLC
f1281   c38127607    i47247046    A:01 X:18 Y:00 S:C8 P:nvUbdizc  $00:9208: 69 09    ADC #$09
f1281   c38127609    i47247047    A:0A X:18 Y:00 S:C8 P:nvUbdizc  $00:920A: AA       TAX
f1281   c38127611    i47247048    A:0A X:0A Y:00 S:C8 P:nvUbdizc  $00:920B: 20 B9 C4 JSR $C4B9
f1281   c38127617    i47247049    A:0A X:0A Y:00 S:C6 P:nvUbdizc  $0F:C4B9: 86 25    STX $25 = #$0A
f1281   c38127620    i47247050    A:0A X:0A Y:00 S:C6 P:nvUbdizc  $0F:C4BB: A9 07    LDA #$07
f1281   c38127622    i47247051    A:07 X:0A Y:00 S:C6 P:nvUbdizc  $0F:C4BD: 05 22    ORA $22 = #$00
f1281   c38127625    i47247052    A:07 X:0A Y:00 S:C6 P:nvUbdizc  $0F:C4BF: 85 23    STA $23 = #$06
f1281   c38127628    i47247053    A:07 X:0A Y:00 S:C6 P:nvUbdizc  $0F:C4C1: 8D 00 80 STA $8000 = #$A5
f1281   c38127632    i47247054    A:07 X:0A Y:00 S:C6 P:nvUbdizc  $0F:C4C4: 8E 01 80 STX $8001 = #$27
f1281   c38127636    i47247055    A:07 X:0A Y:00 S:C6 P:nvUbdizc  $0F:C4C7: 60       RTS (from $C4B9)
f1281   c38127642    i47247056    A:07 X:0A Y:00 S:C8 P:nvUbdizc  $00:920E: A0 02    LDY #$02
f1281   c38127644    i47247057    A:07 X:0A Y:02 S:C8 P:nvUbdizc  $00:9210: B1 94    LDA ($94),Y @ $058A = #$95
f1281   c38127649    i47247058    A:95 X:0A Y:02 S:C8 P:NvUbdizc  $00:9212: 85 92    STA $92 = #$94
f1281   c38127652    i47247059    A:95 X:0A Y:02 S:C8 P:NvUbdizc  $00:9214: C8       INY
f1281   c38127654    i47247060    A:95 X:0A Y:03 S:C8 P:nvUbdizc  $00:9215: B1 94    LDA ($94),Y @ $058B = #$A2
f1281   c38127659    i47247061    A:A2 X:0A Y:03 S:C8 P:NvUbdizc  $00:9217: 85 93    STA $93 = #$A2
f1291   c38424219    i47341990    A:00 X:00 Y:07 S:C8 P:nvUbdiZC  $00:91A3: 4C B4 91 JMP $91B4
f1291   c38424226    i47341991    A:00 X:00 Y:07 S:C8 P:nvUbdiZC  $00:91B4: A0 10    LDY #$10
f1291   c38424228    i47341992    A:00 X:00 Y:10 S:C8 P:nvUbdizC  $00:91B6: B1 94    LDA ($94),Y @ $0598 = #$38
f1291   c38424233    i47341993    A:38 X:00 Y:10 S:C8 P:nvUbdizC  $00:91B8: AA       TAX
f1291   c38424235    i47341994    A:38 X:38 Y:10 S:C8 P:nvUbdizC  $00:91B9: C8       INY
f1291   c38424237    i47341995    A:38 X:38 Y:11 S:C8 P:nvUbdizC  $00:91BA: B1 94    LDA ($94),Y @ $0599 = #$E0
f1291   c38424242    i47341996    A:E0 X:38 Y:11 S:C8 P:NvUbdizC  $00:91BC: 4A       LSR
f1291   c38424244    i47341997    A:70 X:38 Y:11 S:C8 P:nvUbdizc  $00:91BD: 4A       LSR
f1291   c38424246    i47341998    A:38 X:38 Y:11 S:C8 P:nvUbdizc  $00:91BE: A8       TAY
f1291   c38424248    i47341999    A:38 X:38 Y:38 S:C8 P:nvUbdizc  $00:91BF: A5 E6    LDA $E6 = #$01
f1291   c38424251    i47342000    A:01 X:38 Y:38 S:C8 P:nvUbdizc  $00:91C1: 18       CLC
f1291   c38424253    i47342001    A:01 X:38 Y:38 S:C8 P:nvUbdizc  $00:91C2: 7D 68 04 ADC $0468,X @ $04A0 = #$4B
f1291   c38424257    i47342002    A:4C X:38 Y:38 S:C8 P:nvUbdizc  $00:91C5: 9D 68 04 STA $0468,X @ $04A0 = #$4B
f1291   c38424262    i47342003    A:4C X:38 Y:38 S:C8 P:nvUbdizc  $00:91C8: 6A       ROR
f1291   c38424264    i47342004    A:26 X:38 Y:38 S:C8 P:nvUbdizc  $00:91C9: 45 E6    EOR $E6 = #$01
f1291   c38424267    i47342005    A:27 X:38 Y:38 S:C8 P:nvUbdizc  $00:91CB: 10 08    BPL $91D5
f1291   c38424270    i47342006    A:27 X:38 Y:38 S:C8 P:nvUbdizc  $00:91D5: A5 E8    LDA $E8 = #$00
f1291   c38424273    i47342007    A:00 X:38 Y:38 S:C8 P:nvUbdiZc  $00:91D7: 18       CLC
f1291   c38424275    i47342008    A:00 X:38 Y:38 S:C8 P:nvUbdiZc  $00:91D8: 7D 6B 04 ADC $046B,X @ $04A3 = #$6C
f1291   c38424279    i47342009    A:6C X:38 Y:38 S:C8 P:nvUbdizc  $00:91DB: 9D 6B 04 STA $046B,X @ $04A3 = #$6C
f1291   c38424284    i47342010    A:6C X:38 Y:38 S:C8 P:nvUbdizc  $00:91DE: 6A       ROR
f1291   c38424286    i47342011    A:36 X:38 Y:38 S:C8 P:nvUbdizc  $00:91DF: 45 E8    EOR $E8 = #$00
f1291   c38424289    i47342012    A:36 X:38 Y:38 S:C8 P:nvUbdizc  $00:91E1: 10 08    BPL $91EB
f1291   c38424292    i47342013    A:36 X:38 Y:38 S:C8 P:nvUbdizc  $00:91EB: 8A       TXA
f1291   c38424294    i47342014    A:38 X:38 Y:38 S:C8 P:nvUbdizc  $00:91EC: 18       CLC
f1291   c38424296    i47342015    A:38 X:38 Y:38 S:C8 P:nvUbdizc  $00:91ED: 69 04    ADC #$04
f1291   c38424298    i47342016    A:3C X:38 Y:38 S:C8 P:nvUbdizc  $00:91EF: AA       TAX
f1291   c38424300    i47342017    A:3C X:3C Y:38 S:C8 P:nvUbdizc  $00:91F0: 88       DEY
f1291   c38424302    i47342018    A:3C X:3C Y:37 S:C8 P:nvUbdizc  $00:91F1: D0 CC    BNE $91BF
f1291   c38424305    i47342019    A:3C X:3C Y:37 S:C8 P:nvUbdizc  $00:91BF: A5 E6    LDA $E6 = #$01
f1291   c38424308    i47342020    A:01 X:3C Y:37 S:C8 P:nvUbdizc  $00:91C1: 18       CLC
f1291   c38424310    i47342021    A:01 X:3C Y:37 S:C8 P:nvUbdizc  $00:91C2: 7D 68 04 ADC $0468,X @ $04A4 = #$53
f1291   c38424314    i47342022    A:54 X:3C Y:37 S:C8 P:nvUbdizc  $00:91C5: 9D 68 04 STA $0468,X @ $04A4 = #$53
f1291   c38424319    i47342023    A:54 X:3C Y:37 S:C8 P:nvUbdizc  $00:91C8: 6A       ROR
f1291   c38424321    i47342024    A:2A X:3C Y:37 S:C8 P:nvUbdizc  $00:91C9: 45 E6    EOR $E6 = #$01
f1291   c38424324    i47342025    A:2B X:3C Y:37 S:C8 P:nvUbdizc  $00:91CB: 10 08    BPL $91D5
f1291   c38424327    i47342026    A:2B X:3C Y:37 S:C8 P:nvUbdizc  $00:91D5: A5 E8    LDA $E8 = #$00
f1291   c38424330    i47342027    A:00 X:3C Y:37 S:C8 P:nvUbdiZc  $00:91D7: 18       CLC
f1291   c38424332    i47342028    A:00 X:3C Y:37 S:C8 P:nvUbdiZc  $00:91D8: 7D 6B 04 ADC $046B,X @ $04A7 = #$6C
f1291   c38424336    i47342029    A:6C X:3C Y:37 S:C8 P:nvUbdizc  $00:91DB: 9D 6B 04 STA $046B,X @ $04A7 = #$6C
f1291   c38424341    i47342030    A:6C X:3C Y:37 S:C8 P:nvUbdizc  $00:91DE: 6A       ROR
f1291   c38424343    i47342031    A:36 X:3C Y:37 S:C8 P:nvUbdizc  $00:91DF: 45 E8    EOR $E8 = #$00
f1291   c38427477    i47343103    A:FA X:14 Y:01 S:C8 P:NvUbdizc  $00:91C8: 6A       ROR
f1291   c38427479    i47343104    A:7D X:14 Y:01 S:C8 P:nvUbdizc  $00:91C9: 45 E6    EOR $E6 = #$01
f1291   c38427482    i47343105    A:7C X:14 Y:01 S:C8 P:nvUbdizc  $00:91CB: 10 08    BPL $91D5
f1291   c38427485    i47343106    A:7C X:14 Y:01 S:C8 P:nvUbdizc  $00:91D5: A5 E8    LDA $E8 = #$00
f1291   c38427488    i47343107    A:00 X:14 Y:01 S:C8 P:nvUbdiZc  $00:91D7: 18       CLC
f1291   c38427490    i47343108    A:00 X:14 Y:01 S:C8 P:nvUbdiZc  $00:91D8: 7D 6B 04 ADC $046B,X @ $047F = #$94
f1291   c38427494    i47343109    A:94 X:14 Y:01 S:C8 P:NvUbdizc  $00:91DB: 9D 6B 04 STA $046B,X @ $047F = #$94
f1291   c38427499    i47343110    A:94 X:14 Y:01 S:C8 P:NvUbdizc  $00:91DE: 6A       ROR
f1291   c38427501    i47343111    A:4A X:14 Y:01 S:C8 P:nvUbdizc  $00:91DF: 45 E8    EOR $E8 = #$00
f1291   c38427504    i47343112    A:4A X:14 Y:01 S:C8 P:nvUbdizc  $00:91E1: 10 08    BPL $91EB
f1291   c38427507    i47343113    A:4A X:14 Y:01 S:C8 P:nvUbdizc  $00:91EB: 8A       TXA
f1291   c38427509    i47343114    A:14 X:14 Y:01 S:C8 P:nvUbdizc  $00:91EC: 18       CLC
f1291   c38427511    i47343115    A:14 X:14 Y:01 S:C8 P:nvUbdizc  $00:91ED: 69 04    ADC #$04
f1291   c38427513    i47343116    A:18 X:14 Y:01 S:C8 P:nvUbdizc  $00:91EF: AA       TAX
f1291   c38427515    i47343117    A:18 X:18 Y:01 S:C8 P:nvUbdizc  $00:91F0: 88       DEY
f1291   c38427517    i47343118    A:18 X:18 Y:00 S:C8 P:nvUbdiZc  $00:91F1: D0 CC    BNE $91BF
f1291   c38427519    i47343119    A:18 X:18 Y:00 S:C8 P:nvUbdiZc  $00:91F3: A0 01    LDY #$01
f1291   c38427521    i47343120    A:18 X:18 Y:01 S:C8 P:nvUbdizc  $00:91F5: B1 94    LDA ($94),Y @ $0589 = #$01
f1291   c38427526    i47343121    A:01 X:18 Y:01 S:C8 P:nvUbdizc  $00:91F7: 38       SEC
f1291   c38427528    i47343122    A:01 X:18 Y:01 S:C8 P:nvUbdizC  $00:91F8: E9 01    SBC #$01
f1291   c38427530    i47343123    A:00 X:18 Y:01 S:C8 P:nvUbdiZC  $00:91FA: 91 94    STA ($94),Y @ $0589 = #$01
f1291   c38427536    i47343124    A:00 X:18 Y:01 S:C8 P:nvUbdiZC  $00:91FC: F0 03    BEQ $9201
f1291   c38427540    i47343125    A:00 X:18 Y:01 S:C8 P:nvUbdiZC  $00:9201: A0 00    LDY #$00
f1291   c38427542    i47343126    A:00 X:18 Y:00 S:C8 P:nvUbdiZC  $00:9203: B1 94    LDA ($94),Y @ $0588 = #$A9
f1291   c38427547    i47343127    A:A9 X:18 Y:00 S:C8 P:NvUbdizC  $00:9205: 29 01    AND #$01
f1291   c38427549    i47343128    A:01 X:18 Y:00 S:C8 P:nvUbdizC  $00:9207: 18       CLC
f1291   c38427551    i47343129    A:01 X:18 Y:00 S:C8 P:nvUbdizc  $00:9208: 69 09    ADC #$09
f1291   c38427553    i47343130    A:0A X:18 Y:00 S:C8 P:nvUbdizc  $00:920A: AA       TAX
f1291   c38427555    i47343131    A:0A X:0A Y:00 S:C8 P:nvUbdizc  $00:920B: 20 B9 C4 JSR $C4B9
f1291   c38427561    i47343132    A:0A X:0A Y:00 S:C6 P:nvUbdizc  $0F:C4B9: 86 25    STX $25 = #$0A
f1291   c38427564    i47343133    A:0A X:0A Y:00 S:C6 P:nvUbdizc  $0F:C4BB: A9 07    LDA #$07
f1291   c38427566    i47343134    A:07 X:0A Y:00 S:C6 P:nvUbdizc  $0F:C4BD: 05 22    ORA $22 = #$00
f1291   c38427569    i47343135    A:07 X:0A Y:00 S:C6 P:nvUbdizc  $0F:C4BF: 85 23    STA $23 = #$06
f1291   c38427572    i47343136    A:07 X:0A Y:00 S:C6 P:nvUbdizc  $0F:C4C1: 8D 00 80 STA $8000 = #$A5
f1291   c38427576    i47343137    A:07 X:0A Y:00 S:C6 P:nvUbdizc  $0F:C4C4: 8E 01 80 STX $8001 = #$27
f1291   c38427580    i47343138    A:07 X:0A Y:00 S:C6 P:nvUbdizc  $0F:C4C7: 60       RTS (from $C4B9)
f1291   c38427586    i47343139    A:07 X:0A Y:00 S:C8 P:nvUbdizc  $00:920E: A0 02    LDY #$02
f1291   c38427588    i47343140    A:07 X:0A Y:02 S:C8 P:nvUbdizc  $00:9210: B1 94    LDA ($94),Y @ $058A = #$9C
f1291   c38427593    i47343141    A:9C X:0A Y:02 S:C8 P:NvUbdizc  $00:9212: 85 92    STA $92 = #$9B
f1291   c38427596    i47343142    A:9C X:0A Y:02 S:C8 P:NvUbdizc  $00:9214: C8       INY
f1291   c38427598    i47343143    A:9C X:0A Y:03 S:C8 P:nvUbdizc  $00:9215: B1 94    LDA ($94),Y @ $058B = #$A2
f1291   c38427603    i47343144    A:A2 X:0A Y:03 S:C8 P:NvUbdizc  $00:9217: 85 93    STA $93 = #$A2
f1293   c38477340    i47358899    A:00 X:02 Y:08 S:DB P:nVUbdIzc  $01:A0ED: BD 15 40 LDA $4015,X @ $4017 = #$01
f1293   c38477344    i47358900    A:40 X:02 Y:08 S:DB P:nVUbdIzc  $01:A0F0: 4A       LSR
f1293   c38477346    i47358901    A:20 X:02 Y:08 S:DB P:nVUbdIzc  $01:A0F1: 26 3F    ROL $3F = #$00
f1293   c38477351    i47358902    A:20 X:02 Y:08 S:DB P:nVUbdIZc  $01:A0F3: 29 01    AND #$01
f1293   c38477353    i47358903    A:00 X:02 Y:08 S:DB P:nVUbdIZc  $01:A0F5: 05 3F    ORA $3F = #$00
f1293   c38477356    i47358904    A:00 X:02 Y:08 S:DB P:nVUbdIZc  $01:A0F7: 85 3F    STA $3F = #$00
f1293   c38477363    i47358905    A:00 X:02 Y:08 S:DB P:nVUbdIZc  $01:A0F9: 88       DEY
f1293   c38477365    i47358906    A:00 X:02 Y:07 S:DB P:nVUbdIzc  $01:A0FA: D0 F1    BNE $A0ED
f1293   c38477368    i47358907    A:00 X:02 Y:07 S:DB P:nVUbdIzc  $01:A0ED: BD 15 40 LDA $4015,X @ $4017 = #$01
f1293   c38477372    i47358908    A:40 X:02 Y:07 S:DB P:nVUbdIzc  $01:A0F0: 4A       LSR
f1293   c38477374    i47358909    A:20 X:02 Y:07 S:DB P:nVUbdIzc  $01:A0F1: 26 3F    ROL $3F = #$00
f1293   c38477379    i47358910    A:20 X:02 Y:07 S:DB P:nVUbdIZc  $01:A0F3: 29 01    AND #$01
f1293   c38477381    i47358911    A:00 X:02 Y:07 S:DB P:nVUbdIZc  $01:A0F5: 05 3F    ORA $3F = #$00
f1293   c38477384    i47358912    A:00 X:02 Y:07 S:DB P:nVUbdIZc  $01:A0F7: 85 3F    STA $3F = #$00
f1293   c38477387    i47358913    A:00 X:02 Y:07 S:DB P:nVUbdIZc  $01:A0F9: 88       DEY
f1293   c38477389    i47358914    A:00 X:02 Y:06 S:DB P:nVUbdIzc  $01:A0FA: D0 F1    BNE $A0ED
f1293   c38477392    i47358915    A:00 X:02 Y:06 S:DB P:nVUbdIzc  $01:A0ED: BD 15 40 LDA $4015,X @ $4017 = #$01
f1293   c38477396    i47358916    A:40 X:02 Y:06 S:DB P:nVUbdIzc  $01:A0F0: 4A       LSR
f1293   c38477398    i47358917    A:20 X:02 Y:06 S:DB P:nVUbdIzc  $01:A0F1: 26 3F    ROL $3F = #$00
f1293   c38477403    i47358918    A:20 X:02 Y:06 S:DB P:nVUbdIZc  $01:A0F3: 29 01    AND #$01
f1293   c38477405    i47358919    A:00 X:02 Y:06 S:DB P:nVUbdIZc  $01:A0F5: 05 3F    ORA $3F = #$00
f1293   c38477408    i47358920    A:00 X:02 Y:06 S:DB P:nVUbdIZc  $01:A0F7: 85 3F    STA $3F = #$00
f1293   c38477411    i47358921    A:00 X:02 Y:06 S:DB P:nVUbdIZc  $01:A0F9: 88       DEY
f1293   c38477413    i47358922    A:00 X:02 Y:05 S:DB P:nVUbdIzc  $01:A0FA: D0 F1    BNE $A0ED
f1293   c38477416    i47358923    A:00 X:02 Y:05 S:DB P:nVUbdIzc  $01:A0ED: BD 15 40 LDA $4015,X @ $4017 = #$01
f1293   c38477420    i47358924    A:40 X:02 Y:05 S:DB P:nVUbdIzc  $01:A0F0: 4A       LSR
f1293   c38477422    i47358925    A:20 X:02 Y:05 S:DB P:nVUbdIzc  $01:A0F1: 26 3F    ROL $3F = #$00
f1293   c38477427    i47358926    A:20 X:02 Y:05 S:DB P:nVUbdIZc  $01:A0F3: 29 01    AND #$01
f1293   c38477429    i47358927    A:00 X:02 Y:05 S:DB P:nVUbdIZc  $01:A0F5: 05 3F    ORA $3F = #$00
f1293   c38477432    i47358928    A:00 X:02 Y:05 S:DB P:nVUbdIZc  $01:A0F7: 85 3F    STA $3F = #$00
f1293   c38477435    i47358929    A:00 X:02 Y:05 S:DB P:nVUbdIZc  $01:A0F9: 88       DEY
f1293   c38477437    i47358930    A:00 X:02 Y:04 S:DB P:nVUbdIzc  $01:A0FA: D0 F1    BNE $A0ED
f1293   c38477440    i47358931    A:00 X:02 Y:04 S:DB P:nVUbdIzc  $01:A0ED: BD 15 40 LDA $4015,X @ $4017 = #$01
f1293   c38477444    i47358932    A:40 X:02 Y:04 S:DB P:nVUbdIzc  $01:A0F0: 4A       LSR
f1293   c38477446    i47358933    A:20 X:02 Y:04 S:DB P:nVUbdIzc  $01:A0F1: 26 3F    ROL $3F = #$00
f1293   c38477451    i47358934    A:20 X:02 Y:04 S:DB P:nVUbdIZc  $01:A0F3: 29 01    AND #$01
f1293   c38477453    i47358935    A:00 X:02 Y:04 S:DB P:nVUbdIZc  $01:A0F5: 05 3F    ORA $3F = #$00
f1293   c38477456    i47358936    A:00 X:02 Y:04 S:DB P:nVUbdIZc  $01:A0F7: 85 3F    STA $3F = #$00
f1293   c38477459    i47358937    A:00 X:02 Y:04 S:DB P:nVUbdIZc  $01:A0F9: 88       DEY
f1293   c38477461    i47358938    A:00 X:02 Y:03 S:DB P:nVUbdIzc  $01:A0FA: D0 F1    BNE $A0ED
f1293   c38477464    i47358939    A:00 X:02 Y:03 S:DB P:nVUbdIzc  $01:A0ED: BD 15 40 LDA $4015,X @ $4017 = #$01
f1293   c38477468    i47358940    A:40 X:02 Y:03 S:DB P:nVUbdIzc  $01:A0F0: 4A       LSR
f1294   c38507233    i47368487    A:00 X:02 Y:08 S:DB P:nvUbdIzc  $01:A0ED: BD 15 40 LDA $4015,X @ $4017 = #$01
f1294   c38507237    i47368488    A:40 X:02 Y:08 S:DB P:nvUbdIzc  $01:A0F0: 4A       LSR
f1294   c38507239    i47368489    A:20 X:02 Y:08 S:DB P:nvUbdIzc  $01:A0F1: 26 3F    ROL $3F = #$00
f1294   c38507244    i47368490    A:20 X:02 Y:08 S:DB P:nvUbdIZc  $01:A0F3: 29 01    AND #$01
f1294   c38507246    i47368491    A:00 X:02 Y:08 S:DB P:nvUbdIZc  $01:A0F5: 05 3F    ORA $3F = #$00
f1294   c38507249    i47368492    A:00 X:02 Y:08 S:DB P:nvUbdIZc  $01:A0F7: 85 3F    STA $3F = #$00
f1294   c38507252    i47368493    A:00 X:02 Y:08 S:DB P:nvUbdIZc  $01:A0F9: 88       DEY
f1294   c38507254    i47368494    A:00 X:02 Y:07 S:DB P:nvUbdIzc  $01:A0FA: D0 F1    BNE $A0ED
f1294   c38507257    i47368495    A:00 X:02 Y:07 S:DB P:nvUbdIzc  $01:A0ED: BD 15 40 LDA $4015,X @ $4017 = #$01
f1294   c38507261    i47368496    A:40 X:02 Y:07 S:DB P:nvUbdIzc  $01:A0F0: 4A       LSR
f1294   c38507263    i47368497    A:20 X:02 Y:07 S:DB P:nvUbdIzc  $01:A0F1: 26 3F    ROL $3F = #$00
f1294   c38507268    i47368498    A:20 X:02 Y:07 S:DB P:nvUbdIZc  $01:A0F3: 29 01    AND #$01
f1294   c38507270    i47368499    A:00 X:02 Y:07 S:DB P:nvUbdIZc  $01:A0F5: 05 3F    ORA $3F = #$00
f1294   c38507273    i47368500    A:00 X:02 Y:07 S:DB P:nvUbdIZc  $01:A0F7: 85 3F    STA $3F = #$00
f1294   c38507276    i47368501    A:00 X:02 Y:07 S:DB P:nvUbdIZc  $01:A0F9: 88       DEY
f1294   c38507278    i47368502    A:00 X:02 Y:06 S:DB P:nvUbdIzc  $01:A0FA: D0 F1    BNE $A0ED
f1294   c38507281    i47368503    A:00 X:02 Y:06 S:DB P:nvUbdIzc  $01:A0ED: BD 15 40 LDA $4015,X @ $4017 = #$01
f1294   c38507285    i47368504    A:40 X:02 Y:06 S:DB P:nvUbdIzc  $01:A0F0: 4A       LSR
f1294   c38507287    i47368505    A:20 X:02 Y:06 S:DB P:nvUbdIzc  $01:A0F1: 26 3F    ROL $3F = #$00
f1294   c38507292    i47368506    A:20 X:02 Y:06 S:DB P:nvUbdIZc  $01:A0F3: 29 01    AND #$01
f1294   c38507294    i47368507    A:00 X:02 Y:06 S:DB P:nvUbdIZc  $01:A0F5: 05 3F    ORA $3F = #$00
f1294   c38507297    i47368508    A:00 X:02 Y:06 S:DB P:nvUbdIZc  $01:A0F7: 85 3F    STA $3F = #$00
f1294   c38507300    i47368509    A:00 X:02 Y:06 S:DB P:nvUbdIZc  $01:A0F9: 88       DEY
f1294   c38507302    i47368510    A:00 X:02 Y:05 S:DB P:nvUbdIzc  $01:A0FA: D0 F1    BNE $A0ED
f1294   c38507305    i47368511    A:00 X:02 Y:05 S:DB P:nvUbdIzc  $01:A0ED: BD 15 40 LDA $4015,X @ $4017 = #$01
f1294   c38507309    i47368512    A:40 X:02 Y:05 S:DB P:nvUbdIzc  $01:A0F0: 4A       LSR
f1294   c38507311    i47368513    A:20 X:02 Y:05 S:DB P:nvUbdIzc  $01:A0F1: 26 3F    ROL $3F = #$00
f1294   c38507316    i47368514    A:20 X:02 Y:05 S:DB P:nvUbdIZc  $01:A0F3: 29 01    AND #$01
f1294   c38507318    i47368515    A:00 X:02 Y:05 S:DB P:nvUbdIZc  $01:A0F5: 05 3F    ORA $3F = #$00
f1294   c38507321    i47368516    A:00 X:02 Y:05 S:DB P:nvUbdIZc  $01:A0F7: 85 3F    STA $3F = #$00
f1294   c38507324    i47368517    A:00 X:02 Y:05 S:DB P:nvUbdIZc  $01:A0F9: 88       DEY
f1294   c38507326    i47368518    A:00 X:02 Y:04 S:DB P:nvUbdIzc  $01:A0FA: D0 F1    BNE $A0ED
f1294   c38507329    i47368519    A:00 X:02 Y:04 S:DB P:nvUbdIzc  $01:A0ED: BD 15 40 LDA $4015,X @ $4017 = #$01
f1294   c38507333    i47368520    A:40 X:02 Y:04 S:DB P:nvUbdIzc  $01:A0F0: 4A       LSR
f1294   c38507335    i47368521    A:20 X:02 Y:04 S:DB P:nvUbdIzc  $01:A0F1: 26 3F    ROL $3F = #$00
f1294   c38507340    i47368522    A:20 X:02 Y:04 S:DB P:nvUbdIZc  $01:A0F3: 29 01    AND #$01
f1294   c38507342    i47368523    A:00 X:02 Y:04 S:DB P:nvUbdIZc  $01:A0F5: 05 3F    ORA $3F = #$00
f1294   c38507345    i47368524    A:00 X:02 Y:04 S:DB P:nvUbdIZc  $01:A0F7: 85 3F    STA $3F = #$00
f1294   c38507348    i47368525    A:00 X:02 Y:04 S:DB P:nvUbdIZc  $01:A0F9: 88       DEY
f1294   c38507350    i47368526    A:00 X:02 Y:03 S:DB P:nvUbdIzc  $01:A0FA: D0 F1    BNE $A0ED
f1294   c38507353    i47368527    A:00 X:02 Y:03 S:DB P:nvUbdIzc  $01:A0ED: BD 15 40 LDA $4015,X @ $4017 = #$01
f1294   c38507357    i47368528    A:40 X:02 Y:03 S:DB P:nvUbdIzc  $01:A0F0: 4A       LSR
f1295   c38537591    i47378199    A:0C X:00 Y:0F S:DB P:nvUbdIZc  $06:8002: BC 00 07 LDY $0700,X @ $0700 = #$00
f1295   c38537595    i47378200    A:0C X:00 Y:00 S:DB P:nvUbdIZc  $06:8005: C0 32    CPY #$32
f1295   c38537597    i47378201    A:0C X:00 Y:00 S:DB P:NvUbdIzc  $06:8007: B0 0E    BCS $8017
f1295   c38537599    i47378202    A:0C X:00 Y:00 S:DB P:NvUbdIzc  $06:8009: A0 07    LDY #$07
f1295   c38537601    i47378203    A:0C X:00 Y:07 S:DB P:nvUbdIzc  $06:800B: 8C 00 80 STY $8000 = #$A2
f1295   c38537605    i47378204    A:0C X:00 Y:07 S:DB P:nvUbdIzc  $06:800E: AC FC 07 LDY $07FC = #$0F
f1295   c38537609    i47378205    A:0C X:00 Y:0F S:DB P:nvUbdIzc  $06:8011: 8C 01 80 STY $8001 = #$05
f1295   c38537613    i47378206    A:0C X:00 Y:0F S:DB P:nvUbdIzc  $06:8014: 4C 5E 80 JMP $805E
f1295   c38537616    i47378207    A:0C X:00 Y:0F S:DB P:nvUbdIzc  $06:805E: CA       DEX
f1295   c38537618    i47378208    A:0C X:FF Y:0F S:DB P:NvUbdIzc  $06:805F: 10 A1    BPL $8002
f1295   c38537620    i47378209    A:0C X:FF Y:0F S:DB P:NvUbdIzc  $06:8061: A2 05    LDX #$05
f1295   c38537622    i47378210    A:0C X:05 Y:0F S:DB P:nvUbdIzc  $06:8063: BC 00 07 LDY $0700,X @ $0705 = #$00
f1295   c38537626    i47378211    A:0C X:05 Y:00 S:DB P:nvUbdIZc  $06:8066: F0 4F    BEQ $80B7
f1295   c38537629    i47378212    A:0C X:05 Y:00 S:DB P:nvUbdIZc  $06:80B7: CA       DEX
f1295   c38537631    i47378213    A:0C X:04 Y:00 S:DB P:nvUbdIzc  $06:80B8: 10 A9    BPL $8063
f1295   c38537634    i47378214    A:0C X:04 Y:00 S:DB P:nvUbdIzc  $06:8063: BC 00 07 LDY $0700,X @ $0704 = #$00
f1295   c38537638    i47378215    A:0C X:04 Y:00 S:DB P:nvUbdIZc  $06:8066: F0 4F    BEQ $80B7
f1295   c38537641    i47378216    A:0C X:04 Y:00 S:DB P:nvUbdIZc  $06:80B7: CA       DEX
f1295   c38537643    i47378217    A:0C X:03 Y:00 S:DB P:nvUbdIzc  $06:80B8: 10 A9    BPL $8063
f1295   c38537646    i47378218    A:0C X:03 Y:00 S:DB P:nvUbdIzc  $06:8063: BC 00 07 LDY $0700,X @ $0703 = #$00
f1295   c38537650    i47378219    A:0C X:03 Y:00 S:DB P:nvUbdIZc  $06:8066: F0 4F    BEQ $80B7
f1295   c38537653    i47378220    A:0C X:03 Y:00 S:DB P:nvUbdIZc  $06:80B7: CA       DEX
f1295   c38537655    i47378221    A:0C X:02 Y:00 S:DB P:nvUbdIzc  $06:80B8: 10 A9    BPL $8063
f1295   c38537658    i47378222    A:0C X:02 Y:00 S:DB P:nvUbdIzc  $06:8063: BC 00 07 LDY $0700,X @ $0702 = #$00
f1295   c38537662    i47378223    A:0C X:02 Y:00 S:DB P:nvUbdIZc  $06:8066: F0 4F    BEQ $80B7
f1295   c38537665    i47378224    A:0C X:02 Y:00 S:DB P:nvUbdIZc  $06:80B7: CA       DEX
f1295   c38537667    i47378225    A:0C X:01 Y:00 S:DB P:nvUbdIzc  $06:80B8: 10 A9    BPL $8063
f1295   c38537670    i47378226    A:0C X:01 Y:00 S:DB P:nvUbdIzc  $06:8063: BC 00 07 LDY $0700,X @ $0701 = #$00
f1295   c38537674    i47378227    A:0C X:01 Y:00 S:DB P:nvUbdIZc  $06:8066: F0 4F    BEQ $80B7
f1295   c38537677    i47378228    A:0C X:01 Y:00 S:DB P:nvUbdIZc  $06:80B7: CA       DEX
f1295   c38537679    i47378229    A:0C X:00 Y:00 S:DB P:nvUbdIZc  $06:80B8: 10 A9    BPL $8063
f1295   c38537682    i47378230    A:0C X:00 Y:00 S:DB P:nvUbdIZc  $06:8063: BC 00 07 LDY $0700,X @ $0700 = #$00
f1295   c38537686    i47378231    A:0C X:00 Y:00 S:DB P:nvUbdIZc  $06:8066: F0 4F    BEQ $80B7
f1295   c38537689    i47378232    A:0C X:00 Y:00 S:DB P:nvUbdIZc  $06:80B7: CA       DEX
f1295   c38537691    i47378233    A:0C X:FF Y:00 S:DB P:NvUbdIzc  $06:80B8: 10 A9    BPL $8063
f1295   c38537693    i47378234    A:0C X:FF Y:00 S:DB P:NvUbdIzc  $06:80BA: A9 27    LDA #$27
f1295   c38537695    i47378235    A:27 X:FF Y:00 S:DB P:nvUbdIzc  $06:80BC: 85 F0    STA $F0 = #$67
f1295   c38537698    i47378236    A:27 X:FF Y:00 S:DB P:nvUbdIzc  $06:80BE: A9 07    LDA #$07
f1295   c38537700    i47378237    A:07 X:FF Y:00 S:DB P:nvUbdIzc  $06:80C0: 85 F1    STA $F1 = #$07
f1295   c38537703    i47378238    A:07 X:FF Y:00 S:DB P:nvUbdIzc  $06:80C2: A9 00    LDA #$00
f1295   c38537705    i47378239    A:00 X:FF Y:00 S:DB P:nvUbdIZc  $06:80C4: 85 F2    STA $F2 = #$FF
f1295   c38537708    i47378240    A:00 X:FF Y:00 S:DB P:nvUbdIZc  $06:80C6: A0 08    LDY #$08
f1302   c38753204    i47447667    A:00 X:15 Y:00 S:BC P:nvUbdiZc  $00:9F2E: 8D 01 80 STA $8001 = #$27
f1302   c38753208    i47447668    A:00 X:15 Y:00 S:BC P:nvUbdiZc  $00:9F31: B5 01    LDA $01,X @ $0016 = #$E0
f1302   c38753212    i47447669    A:E0 X:15 Y:00 S:BC P:NvUbdizc  $00:9F33: AA       TAX
f1302   c38753214    i47447670    A:E0 X:E0 Y:00 S:BC P:NvUbdizc  $00:9F34: 9A       TXS
f1302   c38753216    i47447671    A:E0 X:E0 Y:00 S:E0 P:NvUbdizc  $00:9F35: 68       PLA
f1302   c38753220    i47447672    A:30 X:E0 Y:00 S:E1 P:nvUbdizc  $00:9F36: 85 E6    STA $E6 = #$01
f1302   c38753223    i47447673    A:30 X:E0 Y:00 S:E1 P:nvUbdizc  $00:9F38: 68       PLA
f1302   c38753227    i47447674    A:23 X:E0 Y:00 S:E2 P:nvUbdizc  $00:9F39: 85 E7    STA $E7 = #$BA
f1302   c38753230    i47447675    A:23 X:E0 Y:00 S:E2 P:nvUbdizc  $00:9F3B: 68       PLA
f1302   c38753234    i47447676    A:00 X:E0 Y:00 S:E3 P:nvUbdiZc  $00:9F3C: 85 E8    STA $E8 = #$00
f1302   c38753237    i47447677    A:00 X:E0 Y:00 S:E3 P:nvUbdiZc  $00:9F3E: 68       PLA
f1302   c38753241    i47447678    A:00 X:E0 Y:00 S:E4 P:nvUbdiZc  $00:9F3F: 85 E9    STA $E9 = #$00
f1302   c38753244    i47447679    A:00 X:E0 Y:00 S:E4 P:nvUbdiZc  $00:9F41: 68       PLA
f1302   c38753248    i47447680    A:01 X:E0 Y:00 S:E5 P:nvUbdizc  $00:9F42: 85 EA    STA $EA = #$4A
f1302   c38753251    i47447681    A:01 X:E0 Y:00 S:E5 P:nvUbdizc  $00:9F44: 68       PLA
f1302   c38753255    i47447682    A:05 X:E0 Y:00 S:E6 P:nvUbdizc  $00:9F45: 85 EB    STA $EB = #$00
f1302   c38753258    i47447683    A:05 X:E0 Y:00 S:E6 P:nvUbdizc  $00:9F47: 68       PLA
f1302   c38753262    i47447684    A:96 X:E0 Y:00 S:E7 P:NvUbdizc  $00:9F48: 85 EC    STA $EC = #$00
f1302   c38753265    i47447685    A:96 X:E0 Y:00 S:E7 P:NvUbdizc  $00:9F4A: 68       PLA
f1302   c38753269    i47447686    A:BA X:E0 Y:00 S:E8 P:NvUbdizc  $00:9F4B: 85 ED    STA $ED = #$06
f1302   c38753272    i47447687    A:BA X:E0 Y:00 S:E8 P:NvUbdizc  $00:9F4D: 68       PLA
f1302   c38753276    i47447688    A:00 X:E0 Y:00 S:E9 P:nvUbdiZc  $00:9F4E: A8       TAY
f1302   c38753278    i47447689    A:00 X:E0 Y:00 S:E9 P:nvUbdiZc  $00:9F4F: 68       PLA
f1302   c38753282    i47447690    A:02 X:E0 Y:00 S:EA P:nvUbdizc  $00:9F50: AA       TAX
f1302   c38753284    i47447691    A:02 X:02 Y:00 S:EA P:nvUbdizc  $00:9F51: 60       RTS (from $9FA8)
f1302   c38753290    i47447692    A:02 X:02 Y:00 S:EC P:nvUbdizc  $01:A8D3: A0 00    LDY #$00
f1302   c38753292    i47447693    A:02 X:02 Y:00 S:EC P:nvUbdiZc  $01:A8D5: BE 68 04 LDX $0468,Y @ $0468 = #$53
f1302   c38753296    i47447694    A:02 X:53 Y:00 S:EC P:nvUbdizc  $01:A8D8: B9 6A 04 LDA $046A,Y @ $046A = #$00
f1302   c38753300    i47447695    A:00 X:53 Y:00 S:EC P:nvUbdiZc  $01:A8DB: 29 0C    AND #$0C
f1302   c38753302    i47447696    A:00 X:53 Y:00 S:EC P:nvUbdiZc  $01:A8DD: F0 02    BEQ $A8E1
f1302   c38753305    i47447697    A:00 X:53 Y:00 S:EC P:nvUbdiZc  $01:A8E1: 8A       TXA
f1302   c38753307    i47447698    A:53 X:53 Y:00 S:EC P:nvUbdizc  $01:A8E2: 99 00 02 STA $0200,Y @ $0200 = #$52
f1302   c38753312    i47447699    A:53 X:53 Y:00 S:EC P:nvUbdizc  $01:A8E5: B9 69 04 LDA $0469,Y @ $0469 = #$11
f1302   c38753316    i47447700    A:11 X:53 Y:00 S:EC P:nvUbdizc  $01:A8E8: 99 01 02 STA $0201,Y @ $0201 = #$11
f1302   c38753321    i47447701    A:11 X:53 Y:00 S:EC P:nvUbdizc  $01:A8EB: B9 6A 04 LDA $046A,Y @ $046A = #$00
f1302   c38753325    i47447702    A:00 X:53 Y:00 S:EC P:nvUbdiZc  $01:A8EE: 99 02 02 STA $0202,Y @ $0202 = #$00
f1302   c38753330    i47447703    A:00 X:53 Y:00 S:EC P:nvUbdiZc  $01:A8F1: B9 6B 04 LDA $046B,Y @ $046B = #$8C
f1302   c38753334    i47447704    A:8C X:53 Y:00 S:EC P:NvUbdizc  $01:A8F4: 99 03 02 STA $0203,Y @ $0203 = #$8C
f1302   c38753339    i47447705    A:8C X:53 Y:00 S:EC P:NvUbdizc  $01:A8F7: C8       INY
f1302   c38753341    i47447706    A:8C X:53 Y:01 S:EC P:nvUbdizc  $01:A8F8: C8       INY
f1302   c38753343    i47447707    A:8C X:53 Y:02 S:EC P:nvUbdizc  $01:A8F9: C8       INY
f1302   c38753345    i47447708    A:8C X:53 Y:03 S:EC P:nvUbdizc  $01:A8FA: C8       INY
f1304   c38816808    i47467976    A:30 X:02 Y:03 S:E0 P:nvUbdizc  $00:9FC6: BA       TSX
f1304   c38816810    i47467977    A:30 X:E0 Y:03 S:E0 P:NvUbdizc  $00:9FC7: 8A       TXA
f1304   c38816812    i47467978    A:E0 X:E0 Y:03 S:E0 P:NvUbdizc  $00:9FC8: A6 00    LDX $00 = #$15
f1304   c38816815    i47467979    A:E0 X:15 Y:03 S:E0 P:nvUbdizc  $00:9FCA: 95 01    STA $01,X @ $0016 = #$E0
f1304   c38816819    i47467980    A:E0 X:15 Y:03 S:E0 P:nvUbdizc  $00:9FCC: AD 24 00 LDA $0024 = #$00
f1304   c38816823    i47467981    A:00 X:15 Y:03 S:E0 P:nvUbdiZc  $00:9FCF: 95 02    STA $02,X @ $0017 = #$00
f1304   c38816827    i47467982    A:00 X:15 Y:03 S:E0 P:nvUbdiZc  $00:9FD1: AD 25 00 LDA $0025 = #$02
f1304   c38816831    i47467983    A:02 X:15 Y:03 S:E0 P:nvUbdizc  $00:9FD4: 95 03    STA $03,X @ $0018 = #$02
f1304   c38816835    i47467984    A:02 X:15 Y:03 S:E0 P:nvUbdizc  $00:9FD6: A5 19    LDA $19 = #$01
f1304   c38816838    i47467985    A:01 X:15 Y:03 S:E0 P:nvUbdizc  $00:9FD8: F0 04    BEQ $9FDE
f1304   c38816840    i47467986    A:01 X:15 Y:03 S:E0 P:nvUbdizc  $00:9FDA: C9 FF    CMP #$FF
f1304   c38816842    i47467987    A:01 X:15 Y:03 S:E0 P:nvUbdizc  $00:9FDC: D0 02    BNE $9FE0
f1304   c38816845    i47467988    A:01 X:15 Y:03 S:E0 P:nvUbdizc  $00:9FE0: 95 00    STA $00,X @ $0015 = #$00
f1304   c38816849    i47467989    A:01 X:15 Y:03 S:E0 P:nvUbdizc  $00:9FE2: 4C FB 9E JMP $9EFB
f1304   c38816852    i47467990    A:01 X:15 Y:03 S:E0 P:nvUbdizc  $00:9EFB: 8A       TXA
f1304   c38816854    i47467991    A:15 X:15 Y:03 S:E0 P:nvUbdizc  $00:9EFC: 18       CLC
f1304   c38816856    i47467992    A:15 X:15 Y:03 S:E0 P:nvUbdizc  $00:9EFD: 69 04    ADC #$04
f1304   c38816858    i47467993    A:19 X:15 Y:03 S:E0 P:nvUbdizc  $00:9EFF: AA       TAX
f1304   c38816860    i47467994    A:19 X:19 Y:03 S:E0 P:nvUbdizc  $00:9F00: E0 19    CPX #$19
f1304   c38816862    i47467995    A:19 X:19 Y:03 S:E0 P:nvUbdiZC  $00:9F02: D0 EB    BNE $9EEF
f1304   c38816864    i47467996    A:19 X:19 Y:03 S:E0 P:nvUbdiZC  $00:9F04: A5 1B    LDA $1B = #$40
f1304   c38816867    i47467997    A:40 X:19 Y:03 S:E0 P:nvUbdizC  $00:9F06: 10 FC    BPL $9F04
f1304   c38816870    i47467998    A:40 X:19 Y:03 S:E0 P:nvUbdizC  $00:9F04: A5 1B    LDA $1B = #$40
f1304   c38816873    i47467999    A:40 X:19 Y:03 S:E0 P:nvUbdizC  $00:9F06: 10 FC    BPL $9F04
f1304   c38816876    i47468000    A:40 X:19 Y:03 S:E0 P:nvUbdizC  $00:9F04: A5 1B    LDA $1B = #$40
f1304   c38816879    i47468001    A:40 X:19 Y:03 S:E0 P:nvUbdizC  $00:9F06: 10 FC    BPL $9F04
f1304   c38816882    i47468002    A:40 X:19 Y:03 S:E0 P:nvUbdizC  $00:9F04: A5 1B    LDA $1B = #$40
f1304   c38816885    i47468003    A:40 X:19 Y:03 S:E0 P:nvUbdizC  $00:9F06: 10 FC    BPL $9F04
f1304   c38816888    i47468004    A:40 X:19 Y:03 S:E0 P:nvUbdizC  $00:9F04: A5 1B    LDA $1B = #$40
f1304   c38816891    i47468005    A:40 X:19 Y:03 S:E0 P:nvUbdizC  $00:9F06: 10 FC    BPL $9F04
f1304   c38816894    i47468006    A:40 X:19 Y:03 S:E0 P:nvUbdizC  $00:9F04: A5 1B    LDA $1B = #$40
f1304   c38816897    i47468007    A:40 X:19 Y:03 S:E0 P:nvUbdizC  $00:9F06: 10 FC    BPL $9F04
f1304   c38816900    i47468008    A:40 X:19 Y:03 S:E0 P:nvUbdizC  $00:9F04: A5 1B    LDA $1B = #$40
f1304   c38816903    i47468009    A:40 X:19 Y:03 S:E0 P:nvUbdizC  $00:9F06: 10 FC    BPL $9F04
f1304   c38816906    i47468010    A:40 X:19 Y:03 S:E0 P:nvUbdizC  $00:9F04: A5 1B    LDA $1B = #$40
f1304   c38816909    i47468011    A:40 X:19 Y:03 S:E0 P:nvUbdizC  $00:9F06: 10 FC    BPL $9F04
f1304   c38816912    i47468012    A:40 X:19 Y:03 S:E0 P:nvUbdizC  $00:9F04: A5 1B    LDA $1B = #$40
f1304   c38816915    i47468013    A:40 X:19 Y:03 S:E0 P:nvUbdizC  $00:9F06: 10 FC    BPL $9F04
f1304   c38816918    i47468014    A:40 X:19 Y:03 S:E0 P:nvUbdizC  $00:9F04: A5 1B    LDA $1B = #$40
f1304   c38816921    i47468015    A:40 X:19 Y:03 S:E0 P:nvUbdizC  $00:9F06: 10 FC    BPL $9F04
f1304   c38816924    i47468016    A:40 X:19 Y:03 S:E0 P:nvUbdizC  $00:9F04: A5 1B    LDA $1B = #$40
f1304   c38816927    i47468017    A:40 X:19 Y:03 S:E0 P:nvUbdizC  $00:9F06: 10 FC    BPL $9F04
f1308   c38927592    i47503646    A:00 X:42 Y:00 S:49 P:nvUbdiZc  $00:9F4A: 68       PLA
f1308   c38927596    i47503647    A:03 X:42 Y:00 S:4A P:nvUbdizc  $00:9F4B: 85 ED    STA $ED = #$02
f1308   c38927599    i47503648    A:03 X:42 Y:00 S:4A P:nvUbdizc  $00:9F4D: 68       PLA
f1308   c38927603    i47503649    A:01 X:42 Y:00 S:4B P:nvUbdizc  $00:9F4E: A8       TAY
f1308   c38927605    i47503650    A:01 X:42 Y:01 S:4B P:nvUbdizc  $00:9F4F: 68       PLA
f1308   c38927609    i47503651    A:01 X:42 Y:01 S:4C P:nvUbdizc  $00:9F50: AA       TAX
f1308   c38927611    i47503652    A:01 X:01 Y:01 S:4C P:nvUbdizc  $00:9F51: 60       RTS (from $9FA8)
f1308   c38927617    i47503653    A:01 X:01 Y:01 S:4E P:nvUbdizc  $00:896B: 8A       TXA
f1308   c38927619    i47503654    A:01 X:01 Y:01 S:4E P:nvUbdizc  $00:896C: 48       PHA
f1308   c38927622    i47503655    A:01 X:01 Y:01 S:4D P:nvUbdizc  $00:896D: 20 FF 89 JSR $89FF
f1308   c38927628    i47503656    A:01 X:01 Y:01 S:4B P:nvUbdizc  $00:89FF: AD 52 06 LDA $0652 = #$96
f1308   c38927632    i47503657    A:96 X:01 Y:01 S:4B P:NvUbdizc  $00:8A02: 30 03    BMI $8A07
f1308   c38927635    i47503658    A:96 X:01 Y:01 S:4B P:NvUbdizc  $00:8A07: CE 53 06 DEC $0653 = #$05
f1308   c38927641    i47503659    A:96 X:01 Y:01 S:4B P:nvUbdizc  $00:8A0A: F0 03    BEQ $8A0F
f1308   c38927643    i47503660    A:96 X:01 Y:01 S:4B P:nvUbdizc  $00:8A0C: 4C 90 8A JMP $8A90
f1308   c38927646    i47503661    A:96 X:01 Y:01 S:4B P:nvUbdizc  $00:8A90: 60       RTS (from $89FF)
f1308   c38927652    i47503662    A:96 X:01 Y:01 S:4D P:nvUbdizc  $00:8970: 68       PLA
f1308   c38927656    i47503663    A:01 X:01 Y:01 S:4E P:nvUbdizc  $00:8971: AA       TAX
f1308   c38927658    i47503664    A:01 X:01 Y:01 S:4E P:nvUbdizc  $00:8972: CA       DEX
f1308   c38927660    i47503665    A:01 X:00 Y:01 S:4E P:nvUbdiZc  $00:8973: D0 F1    BNE $8966
f1308   c38927662    i47503666    A:01 X:00 Y:01 S:4E P:nvUbdiZc  $00:8975: 60       RTS (from $895D)
f1308   c38927668    i47503667    A:01 X:00 Y:01 S:50 P:nvUbdiZc  $00:84FF: A9 01    LDA #$01
f1308   c38927670    i47503668    A:01 X:00 Y:01 S:50 P:nvUbdizc  $00:8501: 4C 79 88 JMP $8879
f1308   c38927673    i47503669    A:01 X:00 Y:01 S:50 P:nvUbdizc  $00:8879: 18       CLC
f1308   c38927675    i47503670    A:01 X:00 Y:01 S:50 P:nvUbdizc  $00:887A: 65 4D    ADC $4D = #$F2
f1308   c38927678    i47503671    A:F3 X:00 Y:01 S:50 P:NvUbdizc  $00:887C: 85 4D    STA $4D = #$F2
f1308   c38927681    i47503672    A:F3 X:00 Y:01 S:50 P:NvUbdizc  $00:887E: A5 4E    LDA $4E = #$A0
f1308   c38927684    i47503673    A:A0 X:00 Y:01 S:50 P:NvUbdizc  $00:8880: 69 00    ADC #$00
f1308   c38927686    i47503674    A:A0 X:00 Y:01 S:50 P:NvUbdizc  $00:8882: 85 4E    STA $4E = #$A0
f1308   c38927689    i47503675    A:A0 X:00 Y:01 S:50 P:NvUbdizc  $00:8884: 4C E7 84 JMP $84E7
f1308   c38927692    i47503676    A:A0 X:00 Y:01 S:50 P:NvUbdizc  $00:84E7: A0 00    LDY #$00
f1308   c38927694    i47503677    A:A0 X:00 Y:00 S:50 P:nvUbdiZc  $00:84E9: B1 4D    LDA ($4D),Y @ $A0F3 = #$27
f1308   c38927699    i47503678    A:27 X:00 Y:00 S:50 P:nvUbdizc  $00:84EB: C9 D8    CMP #$D8
f1308   c38927701    i47503679    A:27 X:00 Y:00 S:50 P:nvUbdizc  $00:84ED: B0 15    BCS $8504
f1308   c38927703    i47503680    A:27 X:00 Y:00 S:50 P:nvUbdizc  $00:84EF: A6 52    LDX $52 = #$22
f1308   c38927706    i47503681    A:27 X:22 Y:00 S:50 P:nvUbdizc  $00:84F1: A4 53    LDY $53 = #$CE
f1308   c38927709    i47503682    A:27 X:22 Y:CE S:50 P:NvUbdizc  $00:84F3: 20 CA 88 JSR $88CA
f1308   c38927715    i47503683    A:27 X:22 Y:CE S:4E P:NvUbdizc  $00:88CA: 48       PHA
f1308   c38927718    i47503684    A:27 X:22 Y:CE S:4D P:NvUbdizc  $00:88CB: A9 82    LDA #$82
f1308   c38927720    i47503685    A:82 X:22 Y:CE S:4D P:NvUbdizc  $00:88CD: 20 28 9B JSR $9B28
f1308   c38927726    i47503686    A:82 X:22 Y:CE S:4B P:NvUbdizc  $00:9B28: 48       PHA
f1308   c38927729    i47503687    A:82 X:22 Y:CE S:4A P:NvUbdizc  $00:9B29: 2C 29 06 BIT $0629 = #$84
f1308   c38927733    i47503688    A:82 X:22 Y:CE S:4A P:NvUbdizc  $00:9B2C: 50 09    BVC $9B37
f1311   c39017757    i47532556    A:00 X:00 Y:07 S:C8 P:nvUbdiZC  $00:91A1: 85 E8    STA $E8 = #$74
f1311   c39017760    i47532557    A:00 X:00 Y:07 S:C8 P:nvUbdiZC  $00:91A3: 4C B4 91 JMP $91B4
f1311   c39017763    i47532558    A:00 X:00 Y:07 S:C8 P:nvUbdiZC  $00:91B4: A0 10    LDY #$10
f1311   c39017765    i47532559    A:00 X:00 Y:10 S:C8 P:nvUbdizC  $00:91B6: B1 94    LDA ($94),Y @ $0598 = #$38
f1311   c39017770    i47532560    A:38 X:00 Y:10 S:C8 P:nvUbdizC  $00:91B8: AA       TAX
f1311   c39017772    i47532561    A:38 X:38 Y:10 S:C8 P:nvUbdizC  $00:91B9: C8       INY
f1311   c39017774    i47532562    A:38 X:38 Y:11 S:C8 P:nvUbdizC  $00:91BA: B1 94    LDA ($94),Y @ $0599 = #$E0
f1311   c39017779    i47532563    A:E0 X:38 Y:11 S:C8 P:NvUbdizC  $00:91BC: 4A       LSR
f1311   c39017781    i47532564    A:70 X:38 Y:11 S:C8 P:nvUbdizc  $00:91BD: 4A       LSR
f1311   c39017783    i47532565    A:38 X:38 Y:11 S:C8 P:nvUbdizc  $00:91BE: A8       TAY
f1311   c39017785    i47532566    A:38 X:38 Y:38 S:C8 P:nvUbdizc  $00:91BF: A5 E6    LDA $E6 = #$01
f1311   c39017788    i47532567    A:01 X:38 Y:38 S:C8 P:nvUbdizc  $00:91C1: 18       CLC
f1311   c39017790    i47532568    A:01 X:38 Y:38 S:C8 P:nvUbdizc  $00:91C2: 7D 68 04 ADC $0468,X @ $04A0 = #$4B
f1311   c39017794    i47532569    A:4C X:38 Y:38 S:C8 P:nvUbdizc  $00:91C5: 9D 68 04 STA $0468,X @ $04A0 = #$4B
f1311   c39017799    i47532570    A:4C X:38 Y:38 S:C8 P:nvUbdizc  $00:91C8: 6A       ROR
f1311   c39017801    i47532571    A:26 X:38 Y:38 S:C8 P:nvUbdizc  $00:91C9: 45 E6    EOR $E6 = #$01
f1311   c39017804    i47532572    A:27 X:38 Y:38 S:C8 P:nvUbdizc  $00:91CB: 10 08    BPL $91D5
f1311   c39017807    i47532573    A:27 X:38 Y:38 S:C8 P:nvUbdizc  $00:91D5: A5 E8    LDA $E8 = #$00
f1311   c39017810    i47532574    A:00 X:38 Y:38 S:C8 P:nvUbdiZc  $00:91D7: 18       CLC
f1311   c39017812    i47532575    A:00 X:38 Y:38 S:C8 P:nvUbdiZc  $00:91D8: 7D 6B 04 ADC $046B,X @ $04A3 = #$6C
f1311   c39017816    i47532576    A:6C X:38 Y:38 S:C8 P:nvUbdizc  $00:91DB: 9D 6B 04 STA $046B,X @ $04A3 = #$6C
f1311   c39017821    i47532577    A:6C X:38 Y:38 S:C8 P:nvUbdizc  $00:91DE: 6A       ROR
f1311   c39017823    i47532578    A:36 X:38 Y:38 S:C8 P:nvUbdizc  $00:91DF: 45 E8    EOR $E8 = #$00
f1311   c39017826    i47532579    A:36 X:38 Y:38 S:C8 P:nvUbdizc  $00:91E1: 10 08    BPL $91EB
f1311   c39017829    i47532580    A:36 X:38 Y:38 S:C8 P:nvUbdizc  $00:91EB: 8A       TXA
f1311   c39017831    i47532581    A:38 X:38 Y:38 S:C8 P:nvUbdizc  $00:91EC: 18       CLC
f1311   c39017833    i47532582    A:38 X:38 Y:38 S:C8 P:nvUbdizc  $00:91ED: 69 04    ADC #$04
f1311   c39017835    i47532583    A:3C X:38 Y:38 S:C8 P:nvUbdizc  $00:91EF: AA       TAX
f1311   c39017837    i47532584    A:3C X:3C Y:38 S:C8 P:nvUbdizc  $00:91F0: 88       DEY
f1311   c39017839    i47532585    A:3C X:3C Y:37 S:C8 P:nvUbdizc  $00:91F1: D0 CC    BNE $91BF
f1311   c39017842    i47532586    A:3C X:3C Y:37 S:C8 P:nvUbdizc  $00:91BF: A5 E6    LDA $E6 = #$01
f1311   c39017845    i47532587    A:01 X:3C Y:37 S:C8 P:nvUbdizc  $00:91C1: 18       CLC
f1311   c39017847    i47532588    A:01 X:3C Y:37 S:C8 P:nvUbdizc  $00:91C2: 7D 68 04 ADC $0468,X @ $04A4 = #$53
f1311   c39017851    i47532589    A:54 X:3C Y:37 S:C8 P:nvUbdizc  $00:91C5: 9D 68 04 STA $0468,X @ $04A4 = #$53
f1311   c39017856    i47532590    A:54 X:3C Y:37 S:C8 P:nvUbdizc  $00:91C8: 6A       ROR
f1311   c39017858    i47532591    A:2A X:3C Y:37 S:C8 P:nvUbdizc  $00:91C9: 45 E6    EOR $E6 = #$01
f1311   c39017861    i47532592    A:2B X:3C Y:37 S:C8 P:nvUbdizc  $00:91CB: 10 08    BPL $91D5
f1311   c39017864    i47532593    A:2B X:3C Y:37 S:C8 P:nvUbdizc  $00:91D5: A5 E8    LDA $E8 = #$00
f1311   c39017867    i47532594    A:00 X:3C Y:37 S:C8 P:nvUbdiZc  $00:91D7: 18       CLC
f1311   c39017869    i47532595    A:00 X:3C Y:37 S:C8 P:nvUbdiZc  $00:91D8: 7D 6B 04 ADC $046B,X @ $04A7 = #$6C
f1311   c39017873    i47532596    A:6C X:3C Y:37 S:C8 P:nvUbdizc  $00:91DB: 9D 6B 04 STA $046B,X @ $04A7 = #$6C
f1311   c39017878    i47532597    A:6C X:3C Y:37 S:C8 P:nvUbdizc  $00:91DE: 6A       ROR
f1311   c39020986    i47533670    A:FA X:14 Y:01 S:C8 P:NvUbdizc  $00:91C8: 6A       ROR
f1311   c39020988    i47533671    A:7D X:14 Y:01 S:C8 P:nvUbdizc  $00:91C9: 45 E6    EOR $E6 = #$01
f1311   c39020991    i47533672    A:7C X:14 Y:01 S:C8 P:nvUbdizc  $00:91CB: 10 08    BPL $91D5
f1311   c39020994    i47533673    A:7C X:14 Y:01 S:C8 P:nvUbdizc  $00:91D5: A5 E8    LDA $E8 = #$00
f1311   c39020997    i47533674    A:00 X:14 Y:01 S:C8 P:nvUbdiZc  $00:91D7: 18       CLC
f1311   c39020999    i47533675    A:00 X:14 Y:01 S:C8 P:nvUbdiZc  $00:91D8: 7D 6B 04 ADC $046B,X @ $047F = #$94
f1311   c39021003    i47533676    A:94 X:14 Y:01 S:C8 P:NvUbdizc  $00:91DB: 9D 6B 04 STA $046B,X @ $047F = #$94
f1311   c39021008    i47533677    A:94 X:14 Y:01 S:C8 P:NvUbdizc  $00:91DE: 6A       ROR
f1311   c39021010    i47533678    A:4A X:14 Y:01 S:C8 P:nvUbdizc  $00:91DF: 45 E8    EOR $E8 = #$00
f1311   c39021013    i47533679    A:4A X:14 Y:01 S:C8 P:nvUbdizc  $00:91E1: 10 08    BPL $91EB
f1311   c39021016    i47533680    A:4A X:14 Y:01 S:C8 P:nvUbdizc  $00:91EB: 8A       TXA
f1311   c39021018    i47533681    A:14 X:14 Y:01 S:C8 P:nvUbdizc  $00:91EC: 18       CLC
f1311   c39021020    i47533682    A:14 X:14 Y:01 S:C8 P:nvUbdizc  $00:91ED: 69 04    ADC #$04
f1311   c39021022    i47533683    A:18 X:14 Y:01 S:C8 P:nvUbdizc  $00:91EF: AA       TAX
f1311   c39021024    i47533684    A:18 X:18 Y:01 S:C8 P:nvUbdizc  $00:91F0: 88       DEY
f1311   c39021026    i47533685    A:18 X:18 Y:00 S:C8 P:nvUbdiZc  $00:91F1: D0 CC    BNE $91BF
f1311   c39021028    i47533686    A:18 X:18 Y:00 S:C8 P:nvUbdiZc  $00:91F3: A0 01    LDY #$01
f1311   c39021030    i47533687    A:18 X:18 Y:01 S:C8 P:nvUbdizc  $00:91F5: B1 94    LDA ($94),Y @ $0589 = #$01
f1311   c39021035    i47533688    A:01 X:18 Y:01 S:C8 P:nvUbdizc  $00:91F7: 38       SEC
f1311   c39021037    i47533689    A:01 X:18 Y:01 S:C8 P:nvUbdizC  $00:91F8: E9 01    SBC #$01
f1311   c39021039    i47533690    A:00 X:18 Y:01 S:C8 P:nvUbdiZC  $00:91FA: 91 94    STA ($94),Y @ $0589 = #$01
f1311   c39021045    i47533691    A:00 X:18 Y:01 S:C8 P:nvUbdiZC  $00:91FC: F0 03    BEQ $9201
f1311   c39021049    i47533692    A:00 X:18 Y:01 S:C8 P:nvUbdiZC  $00:9201: A0 00    LDY #$00
f1311   c39021051    i47533693    A:00 X:18 Y:00 S:C8 P:nvUbdiZC  $00:9203: B1 94    LDA ($94),Y @ $0588 = #$A9
f1311   c39021056    i47533694    A:A9 X:18 Y:00 S:C8 P:NvUbdizC  $00:9205: 29 01    AND #$01
f1311   c39021058    i47533695    A:01 X:18 Y:00 S:C8 P:nvUbdizC  $00:9207: 18       CLC
f1311   c39021060    i47533696    A:01 X:18 Y:00 S:C8 P:nvUbdizc  $00:9208: 69 09    ADC #$09
f1311   c39021062    i47533697    A:0A X:18 Y:00 S:C8 P:nvUbdizc  $00:920A: AA       TAX
f1311   c39021064    i47533698    A:0A X:0A Y:00 S:C8 P:nvUbdizc  $00:920B: 20 B9 C4 JSR $C4B9
f1311   c39021070    i47533699    A:0A X:0A Y:00 S:C6 P:nvUbdizc  $0F:C4B9: 86 25    STX $25 = #$0A
f1311   c39021073    i47533700    A:0A X:0A Y:00 S:C6 P:nvUbdizc  $0F:C4BB: A9 07    LDA #$07
f1311   c39021075    i47533701    A:07 X:0A Y:00 S:C6 P:nvUbdizc  $0F:C4BD: 05 22    ORA $22 = #$00
f1311   c39021078    i47533702    A:07 X:0A Y:00 S:C6 P:nvUbdizc  $0F:C4BF: 85 23    STA $23 = #$06
f1311   c39021081    i47533703    A:07 X:0A Y:00 S:C6 P:nvUbdizc  $0F:C4C1: 8D 00 80 STA $8000 = #$A5
f1311   c39021085    i47533704    A:07 X:0A Y:00 S:C6 P:nvUbdizc  $0F:C4C4: 8E 01 80 STX $8001 = #$27
f1311   c39021089    i47533705    A:07 X:0A Y:00 S:C6 P:nvUbdizc  $0F:C4C7: 60       RTS (from $C4B9)
f1311   c39021095    i47533706    A:07 X:0A Y:00 S:C8 P:nvUbdizc  $00:920E: A0 02    LDY #$02
f1311   c39021097    i47533707    A:07 X:0A Y:02 S:C8 P:nvUbdizc  $00:9210: B1 94    LDA ($94),Y @ $058A = #$9C
f1311   c39021102    i47533708    A:9C X:0A Y:02 S:C8 P:NvUbdizc  $00:9212: 85 92    STA $92 = #$9B
f1311   c39021105    i47533709    A:9C X:0A Y:02 S:C8 P:NvUbdizc  $00:9214: C8       INY
f1311   c39021107    i47533710    A:9C X:0A Y:03 S:C8 P:nvUbdizc  $00:9215: B1 94    LDA ($94),Y @ $058B = #$A2
f1311   c39021112    i47533711    A:A2 X:0A Y:03 S:C8 P:NvUbdizc  $00:9217: 85 93    STA $93 = #$A2
f1312   c39048108    i47542371    A:00 X:00 Y:07 S:C8 P:nvUbdiZC  $00:91A1: 85 E8    STA $E8 = #$74
f1312   c39048111    i47542372    A:00 X:00 Y:07 S:C8 P:nvUbdiZC  $00:91A3: 4C B4 91 JMP $91B4
f1312   c39048114    i47542373    A:00 X:00 Y:07 S:C8 P:nvUbdiZC  $00:91B4: A0 10    LDY #$10
f1312   c39048116    i47542374    A:00 X:00 Y:10 S:C8 P:nvUbdizC  $00:91B6: B1 94    LDA ($94),Y @ $0598 = #$38
f1312   c39048121    i47542375    A:38 X:00 Y:10 S:C8 P:nvUbdizC  $00:91B8: AA       TAX
f1312   c39048123    i47542376    A:38 X:38 Y:10 S:C8 P:nvUbdizC  $00:91B9: C8       INY
f1312   c39048125    i47542377    A:38 X:38 Y:11 S:C8 P:nvUbdizC  $00:91BA: B1 94    LDA ($94),Y @ $0599 = #$E0
f1312   c39048130    i47542378    A:E0 X:38 Y:11 S:C8 P:NvUbdizC  $00:91BC: 4A       LSR
f1312   c39048132    i47542379    A:70 X:38 Y:11 S:C8 P:nvUbdizc  $00:91BD: 4A       LSR
f1312   c39048134    i47542380    A:38 X:38 Y:11 S:C8 P:nvUbdizc  $00:91BE: A8       TAY
f1312   c39048136    i47542381    A:38 X:38 Y:38 S:C8 P:nvUbdizc  $00:91BF: A5 E6    LDA $E6 = #$FF
f1312   c39048139    i47542382    A:FF X:38 Y:38 S:C8 P:NvUbdizc  $00:91C1: 18       CLC
f1312   c39048141    i47542383    A:FF X:38 Y:38 S:C8 P:NvUbdizc  $00:91C2: 7D 68 04 ADC $0468,X @ $04A0 = #$4C
f1312   c39048145    i47542384    A:4B X:38 Y:38 S:C8 P:nvUbdizC  $00:91C5: 9D 68 04 STA $0468,X @ $04A0 = #$4C
f1312   c39048150    i47542385    A:4B X:38 Y:38 S:C8 P:nvUbdizC  $00:91C8: 6A       ROR
f1312   c39048152    i47542386    A:A5 X:38 Y:38 S:C8 P:NvUbdizC  $00:91C9: 45 E6    EOR $E6 = #$FF
f1312   c39048155    i47542387    A:5A X:38 Y:38 S:C8 P:nvUbdizC  $00:91CB: 10 08    BPL $91D5
f1312   c39048158    i47542388    A:5A X:38 Y:38 S:C8 P:nvUbdizC  $00:91D5: A5 E8    LDA $E8 = #$00
f1312   c39048161    i47542389    A:00 X:38 Y:38 S:C8 P:nvUbdiZC  $00:91D7: 18       CLC
f1312   c39048163    i47542390    A:00 X:38 Y:38 S:C8 P:nvUbdiZc  $00:91D8: 7D 6B 04 ADC $046B,X @ $04A3 = #$6C
f1312   c39048167    i47542391    A:6C X:38 Y:38 S:C8 P:nvUbdizc  $00:91DB: 9D 6B 04 STA $046B,X @ $04A3 = #$6C
f1312   c39048172    i47542392    A:6C X:38 Y:38 S:C8 P:nvUbdizc  $00:91DE: 6A       ROR
f1312   c39048174    i47542393    A:36 X:38 Y:38 S:C8 P:nvUbdizc  $00:91DF: 45 E8    EOR $E8 = #$00
f1312   c39048177    i47542394    A:36 X:38 Y:38 S:C8 P:nvUbdizc  $00:91E1: 10 08    BPL $91EB
f1312   c39048180    i47542395    A:36 X:38 Y:38 S:C8 P:nvUbdizc  $00:91EB: 8A       TXA
f1312   c39048182    i47542396    A:38 X:38 Y:38 S:C8 P:nvUbdizc  $00:91EC: 18       CLC
f1312   c39048184    i47542397    A:38 X:38 Y:38 S:C8 P:nvUbdizc  $00:91ED: 69 04    ADC #$04
f1312   c39048186    i47542398    A:3C X:38 Y:38 S:C8 P:nvUbdizc  $00:91EF: AA       TAX
f1312   c39048188    i47542399    A:3C X:3C Y:38 S:C8 P:nvUbdizc  $00:91F0: 88       DEY
f1312   c39048190    i47542400    A:3C X:3C Y:37 S:C8 P:nvUbdizc  $00:91F1: D0 CC    BNE $91BF
f1312   c39048193    i47542401    A:3C X:3C Y:37 S:C8 P:nvUbdizc  $00:91BF: A5 E6    LDA $E6 = #$FF
f1312   c39048196    i47542402    A:FF X:3C Y:37 S:C8 P:NvUbdizc  $00:91C1: 18       CLC
f1312   c39048198    i47542403    A:FF X:3C Y:37 S:C8 P:NvUbdizc  $00:91C2: 7D 68 04 ADC $0468,X @ $04A4 = #$54
f1312   c39048202    i47542404    A:53 X:3C Y:37 S:C8 P:nvUbdizC  $00:91C5: 9D 68 04 STA $0468,X @ $04A4 = #$54
f1312   c39048207    i47542405    A:53 X:3C Y:37 S:C8 P:nvUbdizC  $00:91C8: 6A       ROR
f1312   c39048209    i47542406    A:A9 X:3C Y:37 S:C8 P:NvUbdizC  $00:91C9: 45 E6    EOR $E6 = #$FF
f1312   c39048212    i47542407    A:56 X:3C Y:37 S:C8 P:nvUbdizC  $00:91CB: 10 08    BPL $91D5
f1312   c39048215    i47542408    A:56 X:3C Y:37 S:C8 P:nvUbdizC  $00:91D5: A5 E8    LDA $E8 = #$00
f1312   c39048218    i47542409    A:00 X:3C Y:37 S:C8 P:nvUbdiZC  $00:91D7: 18       CLC
f1312   c39048220    i47542410    A:00 X:3C Y:37 S:C8 P:nvUbdiZc  $00:91D8: 7D 6B 04 ADC $046B,X @ $04A7 = #$6C
f1312   c39048224    i47542411    A:6C X:3C Y:37 S:C8 P:nvUbdizc  $00:91DB: 9D 6B 04 STA $046B,X @ $04A7 = #$6C
f1312   c39048229    i47542412    A:6C X:3C Y:37 S:C8 P:nvUbdizc  $00:91DE: 6A       ROR
f1314   c39101839    i47559823    A:40 X:19 Y:00 S:E0 P:nvUbdizC  $00:9F06: 10 FC    BPL $9F04
f1314   c39101842    i47559824    A:40 X:19 Y:00 S:E0 P:nvUbdizC  $00:9F04: A5 1B    LDA $1B = #$40
f1314   c39101845    i47559825    A:40 X:19 Y:00 S:E0 P:nvUbdizC  $00:9F06: 10 FC    BPL $9F04
f1314   c39101848    i47559826    A:40 X:19 Y:00 S:E0 P:nvUbdizC  $00:9F04: A5 1B    LDA $1B = #$40
f1314   c39101851    i47559827    A:40 X:19 Y:00 S:E0 P:nvUbdizC  $00:9F06: 10 FC    BPL $9F04
f1314   c39101854    i47559828    A:40 X:19 Y:00 S:E0 P:nvUbdizC  $00:9F04: A5 1B    LDA $1B = #$40
f1314   c39101857    i47559829    A:40 X:19 Y:00 S:E0 P:nvUbdizC  $00:9F06: 10 FC    BPL $9F04
f1314   c39101860    i47559830    A:40 X:19 Y:00 S:E0 P:nvUbdizC  $00:9F04: A5 1B    LDA $1B = #$40
f1314   c39101863    i47559831    A:40 X:19 Y:00 S:E0 P:nvUbdizC  $00:9F06: 10 FC    BPL $9F04
f1314   c39101866    i47559832    A:40 X:19 Y:00 S:E0 P:nvUbdizC  $00:9F04: A5 1B    LDA $1B = #$40
f1314   c39101869    i47559833    A:40 X:19 Y:00 S:E0 P:nvUbdizC  $00:9F06: 10 FC    BPL $9F04
f1314   c39101872    i47559834    A:40 X:19 Y:00 S:E0 P:nvUbdizC  $00:9F04: A5 1B    LDA $1B = #$40
f1314   c39101875    i47559835    A:40 X:19 Y:00 S:E0 P:nvUbdizC  $00:9F06: 10 FC    BPL $9F04
f1314   c39101878    i47559836    A:40 X:19 Y:00 S:E0 P:nvUbdizC  $00:9F04: A5 1B    LDA $1B = #$40
f1314   c39101881    i47559837    A:40 X:19 Y:00 S:E0 P:nvUbdizC  $00:9F06: 10 FC    BPL $9F04
f1314   c39101884    i47559838    A:40 X:19 Y:00 S:E0 P:nvUbdizC  $00:9F04: A5 1B    LDA $1B = #$40
f1314   c39101887    i47559839    A:40 X:19 Y:00 S:E0 P:nvUbdizC  $00:9F06: 10 FC    BPL $9F04
f1314   c39101890    i47559840    A:40 X:19 Y:00 S:E0 P:nvUbdizC  $00:9F04: A5 1B    LDA $1B = #$40
f1314   c39101893    i47559841    A:40 X:19 Y:00 S:E0 P:nvUbdizC  $00:9F06: 10 FC    BPL $9F04
f1314   c39101896    i47559842    A:40 X:19 Y:00 S:E0 P:nvUbdizC  $00:9F04: A5 1B    LDA $1B = #$40
f1314   c39101899    i47559843    A:40 X:19 Y:00 S:E0 P:nvUbdizC  $00:9F06: 10 FC    BPL $9F04
f1314   c39101902    i47559844    A:40 X:19 Y:00 S:E0 P:nvUbdizC  $00:9F04: A5 1B    LDA $1B = #$40
f1314   c39101905    i47559845    A:40 X:19 Y:00 S:E0 P:nvUbdizC  $00:9F06: 10 FC    BPL $9F04
f1314   c39101908    i47559846    A:40 X:19 Y:00 S:E0 P:nvUbdizC  $00:9F04: A5 1B    LDA $1B = #$40
f1314   c39101911    i47559847    A:40 X:19 Y:00 S:E0 P:nvUbdizC  $00:9F06: 10 FC    BPL $9F04
f1314   c39101914    i47559848    A:40 X:19 Y:00 S:E0 P:nvUbdizC  $00:9F04: A5 1B    LDA $1B = #$40
f1314   c39101924    i47559849    A:40 X:19 Y:00 S:DD P:nvUbdIzC  $0F:C500: 4C 6E C7 JMP $C76E
f1314   c39101927    i47559850    A:40 X:19 Y:00 S:DD P:nvUbdIzC  $0F:C76E: 24 1B    BIT $1B = #$40
f1314   c39101930    i47559851    A:40 X:19 Y:00 S:DD P:nVUbdIzC  $0F:C770: 50 03    BVC $C775
f1314   c39101932    i47559852    A:40 X:19 Y:00 S:DD P:nVUbdIzC  $0F:C772: 4C 21 C4 JMP $C421
f1314   c39101935    i47559853    A:40 X:19 Y:00 S:DD P:nVUbdIzC  $0F:C421: 24 3B    BIT $3B = #$55
f1314   c39101938    i47559854    A:40 X:19 Y:00 S:DD P:nVUbdIzC  $0F:C423: 30 4D    BMI $C472
f1314   c39101940    i47559855    A:40 X:19 Y:00 S:DD P:nVUbdIzC  $0F:C425: 38       SEC
f1314   c39101942    i47559856    A:40 X:19 Y:00 S:DD P:nVUbdIzC  $0F:C426: 66 3B    ROR $3B = #$55
f1314   c39101947    i47559857    A:40 X:19 Y:00 S:DD P:NVUbdIzC  $0F:C428: 85 3C    STA $3C = #$84
f1314   c39101950    i47559858    A:40 X:19 Y:00 S:DD P:NVUbdIzC  $0F:C42A: 86 3D    STX $3D = #$D8
f1314   c39101953    i47559859    A:40 X:19 Y:00 S:DD P:NVUbdIzC  $0F:C42C: 84 3E    STY $3E = #$00
f1314   c39101956    i47559860    A:40 X:19 Y:00 S:DD P:NVUbdIzC  $0F:C42E: A5 22    LDA $22 = #$00
f1314   c39101959    i47559861    A:00 X:19 Y:00 S:DD P:nVUbdIZC  $0F:C430: 09 07    ORA #$07
f1314   c39101961    i47559862    A:07 X:19 Y:00 S:DD P:nVUbdIzC  $0F:C432: 8D 00 80 STA $8000 = #$A5
f1314   c39101965    i47559863    A:07 X:19 Y:00 S:DD P:nVUbdIzC  $0F:C435: A9 02    LDA #$02
f1314   c39101967    i47559864    A:02 X:19 Y:00 S:DD P:nVUbdIzC  $0F:C437: 8D 01 80 STA $8001 = #$27
f1316   c39178310    i47584223    A:40 X:19 Y:03 S:E0 P:nvUbdizC  $00:9F04: A5 1B    LDA $1B = #$40
f1316   c39178313    i47584224    A:40 X:19 Y:03 S:E0 P:nvUbdizC  $00:9F06: 10 FC    BPL $9F04
f1316   c39178316    i47584225    A:40 X:19 Y:03 S:E0 P:nvUbdizC  $00:9F04: A5 1B    LDA $1B = #$40
f1316   c39178319    i47584226    A:40 X:19 Y:03 S:E0 P:nvUbdizC  $00:9F06: 10 FC    BPL $9F04
f1316   c39178322    i47584227    A:40 X:19 Y:03 S:E0 P:nvUbdizC  $00:9F04: A5 1B    LDA $1B = #$40
f1316   c39178325    i47584228    A:40 X:19 Y:03 S:E0 P:nvUbdizC  $00:9F06: 10 FC    BPL $9F04
f1316   c39178328    i47584229    A:40 X:19 Y:03 S:E0 P:nvUbdizC  $00:9F04: A5 1B    LDA $1B = #$40
f1316   c39178331    i47584230    A:40 X:19 Y:03 S:E0 P:nvUbdizC  $00:9F06: 10 FC    BPL $9F04
f1316   c39178334    i47584231    A:40 X:19 Y:03 S:E0 P:nvUbdizC  $00:9F04: A5 1B    LDA $1B = #$40
f1316   c39178337    i47584232    A:40 X:19 Y:03 S:E0 P:nvUbdizC  $00:9F06: 10 FC    BPL $9F04
f1316   c39178340    i47584233    A:40 X:19 Y:03 S:E0 P:nvUbdizC  $00:9F04: A5 1B    LDA $1B = #$40
f1316   c39178343    i47584234    A:40 X:19 Y:03 S:E0 P:nvUbdizC  $00:9F06: 10 FC    BPL $9F04
f1316   c39178346    i47584235    A:40 X:19 Y:03 S:E0 P:nvUbdizC  $00:9F04: A5 1B    LDA $1B = #$40
f1316   c39178349    i47584236    A:40 X:19 Y:03 S:E0 P:nvUbdizC  $00:9F06: 10 FC    BPL $9F04
f1316   c39178352    i47584237    A:40 X:19 Y:03 S:E0 P:nvUbdizC  $00:9F04: A5 1B    LDA $1B = #$40
f1316   c39178355    i47584238    A:40 X:19 Y:03 S:E0 P:nvUbdizC  $00:9F06: 10 FC    BPL $9F04
f1316   c39178358    i47584239    A:40 X:19 Y:03 S:E0 P:nvUbdizC  $00:9F04: A5 1B    LDA $1B = #$40
f1316   c39178361    i47584240    A:40 X:19 Y:03 S:E0 P:nvUbdizC  $00:9F06: 10 FC    BPL $9F04
f1316   c39178364    i47584241    A:40 X:19 Y:03 S:E0 P:nvUbdizC  $00:9F04: A5 1B    LDA $1B = #$40
f1316   c39178367    i47584242    A:40 X:19 Y:03 S:E0 P:nvUbdizC  $00:9F06: 10 FC    BPL $9F04
f1316   c39178370    i47584243    A:40 X:19 Y:03 S:E0 P:nvUbdizC  $00:9F04: A5 1B    LDA $1B = #$40
f1316   c39178373    i47584244    A:40 X:19 Y:03 S:E0 P:nvUbdizC  $00:9F06: 10 FC    BPL $9F04
f1316   c39178376    i47584245    A:40 X:19 Y:03 S:E0 P:nvUbdizC  $00:9F04: A5 1B    LDA $1B = #$40
f1316   c39178379    i47584246    A:40 X:19 Y:03 S:E0 P:nvUbdizC  $00:9F06: 10 FC    BPL $9F04
f1316   c39178382    i47584247    A:40 X:19 Y:03 S:E0 P:nvUbdizC  $00:9F04: A5 1B    LDA $1B = #$40
f1316   c39178392    i47584248    A:40 X:19 Y:03 S:DD P:nvUbdIzC  $0F:C506: 4C 21 C8 JMP $C821
f1316   c39178395    i47584249    A:40 X:19 Y:03 S:DD P:nvUbdIzC  $0F:C821: 24 1B    BIT $1B = #$40
f1316   c39178398    i47584250    A:40 X:19 Y:03 S:DD P:nVUbdIzC  $0F:C823: 50 03    BVC $C828
f1316   c39178400    i47584251    A:40 X:19 Y:03 S:DD P:nVUbdIzC  $0F:C825: 4C 78 C4 JMP $C478
f1316   c39178403    i47584252    A:40 X:19 Y:03 S:DD P:nVUbdIzC  $0F:C478: 24 3B    BIT $3B = #$55
f1316   c39178406    i47584253    A:40 X:19 Y:03 S:DD P:nVUbdIzC  $0F:C47A: 30 32    BMI $C4AE
f1316   c39178408    i47584254    A:40 X:19 Y:03 S:DD P:nVUbdIzC  $0F:C47C: 38       SEC
f1316   c39178410    i47584255    A:40 X:19 Y:03 S:DD P:nVUbdIzC  $0F:C47D: 66 3B    ROR $3B = #$55
f1316   c39178415    i47584256    A:40 X:19 Y:03 S:DD P:NVUbdIzC  $0F:C47F: 85 3C    STA $3C = #$40
f1316   c39178418    i47584257    A:40 X:19 Y:03 S:DD P:NVUbdIzC  $0F:C481: 86 3D    STX $3D = #$19
f1316   c39178421    i47584258    A:40 X:19 Y:03 S:DD P:NVUbdIzC  $0F:C483: 84 3E    STY $3E = #$00
f1316   c39178424    i47584259    A:40 X:19 Y:03 S:DD P:NVUbdIzC  $0F:C485: A5 22    LDA $22 = #$00
f1316   c39178427    i47584260    A:00 X:19 Y:03 S:DD P:nVUbdIZC  $0F:C487: 09 07    ORA #$07
f1316   c39178429    i47584261    A:07 X:19 Y:03 S:DD P:nVUbdIzC  $0F:C489: 8D 00 80 STA $8000 = #$A5
f1316   c39178433    i47584262    A:07 X:19 Y:03 S:DD P:nVUbdIzC  $0F:C48C: A9 02    LDA #$02
f1316   c39178435    i47584263    A:02 X:19 Y:03 S:DD P:nVUbdIzC  $0F:C48E: 8D 01 80 STA $8001 = #$27
f1316   c39178439    i47584264    A:02 X:19 Y:03 S:DD P:nVUbdIzC  $0F:C491: 20 60 A1 JSR $A160
f1317   c39196315    i47589971    A:00 X:00 Y:07 S:C8 P:nvUbdiZC  $00:91A1: 85 E8    STA $E8 = #$74
f1317   c39196318    i47589972    A:00 X:00 Y:07 S:C8 P:nvUbdiZC  $00:91A3: 4C B4 91 JMP $91B4
f1317   c39196321    i47589973    A:00 X:00 Y:07 S:C8 P:nvUbdiZC  $00:91B4: A0 10    LDY #$10
f1317   c39196323    i47589974    A:00 X:00 Y:10 S:C8 P:nvUbdizC  $00:91B6: B1 94    LDA ($94),Y @ $0598 = #$38
f1317   c39196328    i47589975    A:38 X:00 Y:10 S:C8 P:nvUbdizC  $00:91B8: AA       TAX
f1317   c39196330    i47589976    A:38 X:38 Y:10 S:C8 P:nvUbdizC  $00:91B9: C8       INY
f1317   c39196332    i47589977    A:38 X:38 Y:11 S:C8 P:nvUbdizC  $00:91BA: B1 94    LDA ($94),Y @ $0599 = #$E0
f1317   c39196337    i47589978    A:E0 X:38 Y:11 S:C8 P:NvUbdizC  $00:91BC: 4A       LSR
f1317   c39196339    i47589979    A:70 X:38 Y:11 S:C8 P:nvUbdizc  $00:91BD: 4A       LSR
f1317   c39196341    i47589980    A:38 X:38 Y:11 S:C8 P:nvUbdizc  $00:91BE: A8       TAY
f1317   c39196343    i47589981    A:38 X:38 Y:38 S:C8 P:nvUbdizc  $00:91BF: A5 E6    LDA $E6 = #$FF
f1317   c39196346    i47589982    A:FF X:38 Y:38 S:C8 P:NvUbdizc  $00:91C1: 18       CLC
f1317   c39196348    i47589983    A:FF X:38 Y:38 S:C8 P:NvUbdizc  $00:91C2: 7D 68 04 ADC $0468,X @ $04A0 = #$4B
f1317   c39196352    i47589984    A:4A X:38 Y:38 S:C8 P:nvUbdizC  $00:91C5: 9D 68 04 STA $0468,X @ $04A0 = #$4B
f1317   c39196357    i47589985    A:4A X:38 Y:38 S:C8 P:nvUbdizC  $00:91C8: 6A       ROR
f1317   c39196359    i47589986    A:A5 X:38 Y:38 S:C8 P:NvUbdizc  $00:91C9: 45 E6    EOR $E6 = #$FF
f1317   c39196362    i47589987    A:5A X:38 Y:38 S:C8 P:nvUbdizc  $00:91CB: 10 08    BPL $91D5
f1317   c39196365    i47589988    A:5A X:38 Y:38 S:C8 P:nvUbdizc  $00:91D5: A5 E8    LDA $E8 = #$00
f1317   c39196368    i47589989    A:00 X:38 Y:38 S:C8 P:nvUbdiZc  $00:91D7: 18       CLC
f1317   c39196370    i47589990    A:00 X:38 Y:38 S:C8 P:nvUbdiZc  $00:91D8: 7D 6B 04 ADC $046B,X @ $04A3 = #$6C
f1317   c39196374    i47589991    A:6C X:38 Y:38 S:C8 P:nvUbdizc  $00:91DB: 9D 6B 04 STA $046B,X @ $04A3 = #$6C
f1317   c39196379    i47589992    A:6C X:38 Y:38 S:C8 P:nvUbdizc  $00:91DE: 6A       ROR
f1317   c39196381    i47589993    A:36 X:38 Y:38 S:C8 P:nvUbdizc  $00:91DF: 45 E8    EOR $E8 = #$00
f1317   c39196384    i47589994    A:36 X:38 Y:38 S:C8 P:nvUbdizc  $00:91E1: 10 08    BPL $91EB
f1317   c39196387    i47589995    A:36 X:38 Y:38 S:C8 P:nvUbdizc  $00:91EB: 8A       TXA
f1317   c39196389    i47589996    A:38 X:38 Y:38 S:C8 P:nvUbdizc  $00:91EC: 18       CLC
f1317   c39196391    i47589997    A:38 X:38 Y:38 S:C8 P:nvUbdizc  $00:91ED: 69 04    ADC #$04
f1317   c39196393    i47589998    A:3C X:38 Y:38 S:C8 P:nvUbdizc  $00:91EF: AA       TAX
f1317   c39196395    i47589999    A:3C X:3C Y:38 S:C8 P:nvUbdizc  $00:91F0: 88       DEY
f1317   c39196397    i47590000    A:3C X:3C Y:37 S:C8 P:nvUbdizc  $00:91F1: D0 CC    BNE $91BF
f1317   c39196400    i47590001    A:3C X:3C Y:37 S:C8 P:nvUbdizc  $00:91BF: A5 E6    LDA $E6 = #$FF
f1317   c39196403    i47590002    A:FF X:3C Y:37 S:C8 P:NvUbdizc  $00:91C1: 18       CLC
f1317   c39196405    i47590003    A:FF X:3C Y:37 S:C8 P:NvUbdizc  $00:91C2: 7D 68 04 ADC $0468,X @ $04A4 = #$53
f1317   c39196409    i47590004    A:52 X:3C Y:37 S:C8 P:nvUbdizC  $00:91C5: 9D 68 04 STA $0468,X @ $04A4 = #$53
f1317   c39196414    i47590005    A:52 X:3C Y:37 S:C8 P:nvUbdizC  $00:91C8: 6A       ROR
f1317   c39196416    i47590006    A:A9 X:3C Y:37 S:C8 P:NvUbdizc  $00:91C9: 45 E6    EOR $E6 = #$FF
f1317   c39196419    i47590007    A:56 X:3C Y:37 S:C8 P:nvUbdizc  $00:91CB: 10 08    BPL $91D5
f1317   c39196422    i47590008    A:56 X:3C Y:37 S:C8 P:nvUbdizc  $00:91D5: A5 E8    LDA $E8 = #$00
f1317   c39196425    i47590009    A:00 X:3C Y:37 S:C8 P:nvUbdiZc  $00:91D7: 18       CLC
f1317   c39196427    i47590010    A:00 X:3C Y:37 S:C8 P:nvUbdiZc  $00:91D8: 7D 6B 04 ADC $046B,X @ $04A7 = #$6C
f1317   c39196431    i47590011    A:6C X:3C Y:37 S:C8 P:nvUbdizc  $00:91DB: 9D 6B 04 STA $046B,X @ $04A7 = #$6C
f1317   c39196436    i47590012    A:6C X:3C Y:37 S:C8 P:nvUbdizc  $00:91DE: 6A       ROR
f1317   c39199544    i47591085    A:F6 X:14 Y:01 S:C8 P:NvUbdizC  $00:91C8: 6A       ROR
f1317   c39199546    i47591086    A:FB X:14 Y:01 S:C8 P:NvUbdizc  $00:91C9: 45 E6    EOR $E6 = #$FF
f1317   c39199549    i47591087    A:04 X:14 Y:01 S:C8 P:nvUbdizc  $00:91CB: 10 08    BPL $91D5
f1317   c39199552    i47591088    A:04 X:14 Y:01 S:C8 P:nvUbdizc  $00:91D5: A5 E8    LDA $E8 = #$00
f1317   c39199555    i47591089    A:00 X:14 Y:01 S:C8 P:nvUbdiZc  $00:91D7: 18       CLC
f1317   c39199557    i47591090    A:00 X:14 Y:01 S:C8 P:nvUbdiZc  $00:91D8: 7D 6B 04 ADC $046B,X @ $047F = #$94
f1317   c39199561    i47591091    A:94 X:14 Y:01 S:C8 P:NvUbdizc  $00:91DB: 9D 6B 04 STA $046B,X @ $047F = #$94
f1317   c39199566    i47591092    A:94 X:14 Y:01 S:C8 P:NvUbdizc  $00:91DE: 6A       ROR
f1317   c39199568    i47591093    A:4A X:14 Y:01 S:C8 P:nvUbdizc  $00:91DF: 45 E8    EOR $E8 = #$00
f1317   c39199571    i47591094    A:4A X:14 Y:01 S:C8 P:nvUbdizc  $00:91E1: 10 08    BPL $91EB
f1317   c39199574    i47591095    A:4A X:14 Y:01 S:C8 P:nvUbdizc  $00:91EB: 8A       TXA
f1317   c39199576    i47591096    A:14 X:14 Y:01 S:C8 P:nvUbdizc  $00:91EC: 18       CLC
f1317   c39199578    i47591097    A:14 X:14 Y:01 S:C8 P:nvUbdizc  $00:91ED: 69 04    ADC #$04
f1317   c39199580    i47591098    A:18 X:14 Y:01 S:C8 P:nvUbdizc  $00:91EF: AA       TAX
f1317   c39199582    i47591099    A:18 X:18 Y:01 S:C8 P:nvUbdizc  $00:91F0: 88       DEY
f1317   c39199584    i47591100    A:18 X:18 Y:00 S:C8 P:nvUbdiZc  $00:91F1: D0 CC    BNE $91BF
f1317   c39199586    i47591101    A:18 X:18 Y:00 S:C8 P:nvUbdiZc  $00:91F3: A0 01    LDY #$01
f1317   c39199588    i47591102    A:18 X:18 Y:01 S:C8 P:nvUbdizc  $00:91F5: B1 94    LDA ($94),Y @ $0589 = #$01
f1317   c39199593    i47591103    A:01 X:18 Y:01 S:C8 P:nvUbdizc  $00:91F7: 38       SEC
f1317   c39199595    i47591104    A:01 X:18 Y:01 S:C8 P:nvUbdizC  $00:91F8: E9 01    SBC #$01
f1317   c39199597    i47591105    A:00 X:18 Y:01 S:C8 P:nvUbdiZC  $00:91FA: 91 94    STA ($94),Y @ $0589 = #$01
f1317   c39199603    i47591106    A:00 X:18 Y:01 S:C8 P:nvUbdiZC  $00:91FC: F0 03    BEQ $9201
f1317   c39199607    i47591107    A:00 X:18 Y:01 S:C8 P:nvUbdiZC  $00:9201: A0 00    LDY #$00
f1317   c39199609    i47591108    A:00 X:18 Y:00 S:C8 P:nvUbdiZC  $00:9203: B1 94    LDA ($94),Y @ $0588 = #$A9
f1317   c39199614    i47591109    A:A9 X:18 Y:00 S:C8 P:NvUbdizC  $00:9205: 29 01    AND #$01
f1317   c39199616    i47591110    A:01 X:18 Y:00 S:C8 P:nvUbdizC  $00:9207: 18       CLC
f1317   c39199618    i47591111    A:01 X:18 Y:00 S:C8 P:nvUbdizc  $00:9208: 69 09    ADC #$09
f1317   c39199620    i47591112    A:0A X:18 Y:00 S:C8 P:nvUbdizc  $00:920A: AA       TAX
f1317   c39199622    i47591113    A:0A X:0A Y:00 S:C8 P:nvUbdizc  $00:920B: 20 B9 C4 JSR $C4B9
f1317   c39199628    i47591114    A:0A X:0A Y:00 S:C6 P:nvUbdizc  $0F:C4B9: 86 25    STX $25 = #$0A
f1317   c39199631    i47591115    A:0A X:0A Y:00 S:C6 P:nvUbdizc  $0F:C4BB: A9 07    LDA #$07
f1317   c39199633    i47591116    A:07 X:0A Y:00 S:C6 P:nvUbdizc  $0F:C4BD: 05 22    ORA $22 = #$00
f1317   c39199636    i47591117    A:07 X:0A Y:00 S:C6 P:nvUbdizc  $0F:C4BF: 85 23    STA $23 = #$06
f1317   c39199639    i47591118    A:07 X:0A Y:00 S:C6 P:nvUbdizc  $0F:C4C1: 8D 00 80 STA $8000 = #$A5
f1317   c39199643    i47591119    A:07 X:0A Y:00 S:C6 P:nvUbdizc  $0F:C4C4: 8E 01 80 STX $8001 = #$27
f1317   c39199647    i47591120    A:07 X:0A Y:00 S:C6 P:nvUbdizc  $0F:C4C7: 60       RTS (from $C4B9)
f1317   c39199653    i47591121    A:07 X:0A Y:00 S:C8 P:nvUbdizc  $00:920E: A0 02    LDY #$02
f1317   c39199655    i47591122    A:07 X:0A Y:02 S:C8 P:nvUbdizc  $00:9210: B1 94    LDA ($94),Y @ $058A = #$95
f1317   c39199660    i47591123    A:95 X:0A Y:02 S:C8 P:NvUbdizc  $00:9212: 85 92    STA $92 = #$94
f1317   c39199663    i47591124    A:95 X:0A Y:02 S:C8 P:NvUbdizc  $00:9214: C8       INY
f1317   c39199665    i47591125    A:95 X:0A Y:03 S:C8 P:nvUbdizc  $00:9215: B1 94    LDA ($94),Y @ $058B = #$A2
f1317   c39199670    i47591126    A:A2 X:0A Y:03 S:C8 P:NvUbdizc  $00:9217: 85 93    STA $93 = #$A2
f1318   c39221874    i47598269    A:00 X:02 Y:07 S:DB P:nVUbdIzc  $01:A0ED: BD 15 40 LDA $4015,X @ $4017 = #$01
f1318   c39221878    i47598270    A:40 X:02 Y:07 S:DB P:nVUbdIzc  $01:A0F0: 4A       LSR
f1318   c39221880    i47598271    A:20 X:02 Y:07 S:DB P:nVUbdIzc  $01:A0F1: 26 3F    ROL $3F = #$00
f1318   c39221885    i47598272    A:20 X:02 Y:07 S:DB P:nVUbdIZc  $01:A0F3: 29 01    AND #$01
f1318   c39221887    i47598273    A:00 X:02 Y:07 S:DB P:nVUbdIZc  $01:A0F5: 05 3F    ORA $3F = #$00
f1318   c39221890    i47598274    A:00 X:02 Y:07 S:DB P:nVUbdIZc  $01:A0F7: 85 3F    STA $3F = #$00
f1318   c39221893    i47598275    A:00 X:02 Y:07 S:DB P:nVUbdIZc  $01:A0F9: 88       DEY
f1318   c39221895    i47598276    A:00 X:02 Y:06 S:DB P:nVUbdIzc  $01:A0FA: D0 F1    BNE $A0ED
f1318   c39221898    i47598277    A:00 X:02 Y:06 S:DB P:nVUbdIzc  $01:A0ED: BD 15 40 LDA $4015,X @ $4017 = #$01
f1318   c39221902    i47598278    A:40 X:02 Y:06 S:DB P:nVUbdIzc  $01:A0F0: 4A       LSR
f1318   c39221904    i47598279    A:20 X:02 Y:06 S:DB P:nVUbdIzc  $01:A0F1: 26 3F    ROL $3F = #$00
f1318   c39221909    i47598280    A:20 X:02 Y:06 S:DB P:nVUbdIZc  $01:A0F3: 29 01    AND #$01
f1318   c39221911    i47598281    A:00 X:02 Y:06 S:DB P:nVUbdIZc  $01:A0F5: 05 3F    ORA $3F = #$00
f1318   c39221914    i47598282    A:00 X:02 Y:06 S:DB P:nVUbdIZc  $01:A0F7: 85 3F    STA $3F = #$00
f1318   c39221917    i47598283    A:00 X:02 Y:06 S:DB P:nVUbdIZc  $01:A0F9: 88       DEY
f1318   c39221919    i47598284    A:00 X:02 Y:05 S:DB P:nVUbdIzc  $01:A0FA: D0 F1    BNE $A0ED
f1318   c39221922    i47598285    A:00 X:02 Y:05 S:DB P:nVUbdIzc  $01:A0ED: BD 15 40 LDA $4015,X @ $4017 = #$01
f1318   c39221926    i47598286    A:40 X:02 Y:05 S:DB P:nVUbdIzc  $01:A0F0: 4A       LSR
f1318   c39221928    i47598287    A:20 X:02 Y:05 S:DB P:nVUbdIzc  $01:A0F1: 26 3F    ROL $3F = #$00
f1318   c39221933    i47598288    A:20 X:02 Y:05 S:DB P:nVUbdIZc  $01:A0F3: 29 01    AND #$01
f1318   c39221935    i47598289    A:00 X:02 Y:05 S:DB P:nVUbdIZc  $01:A0F5: 05 3F    ORA $3F = #$00
f1318   c39221938    i47598290    A:00 X:02 Y:05 S:DB P:nVUbdIZc  $01:A0F7: 85 3F    STA $3F = #$00
f1318   c39221941    i47598291    A:00 X:02 Y:05 S:DB P:nVUbdIZc  $01:A0F9: 88       DEY
f1318   c39221943    i47598292    A:00 X:02 Y:04 S:DB P:nVUbdIzc  $01:A0FA: D0 F1    BNE $A0ED
f1318   c39221946    i47598293    A:00 X:02 Y:04 S:DB P:nVUbdIzc  $01:A0ED: BD 15 40 LDA $4015,X @ $4017 = #$01
f1318   c39221950    i47598294    A:40 X:02 Y:04 S:DB P:nVUbdIzc  $01:A0F0: 4A       LSR
f1318   c39221952    i47598295    A:20 X:02 Y:04 S:DB P:nVUbdIzc  $01:A0F1: 26 3F    ROL $3F = #$00
f1318   c39221957    i47598296    A:20 X:02 Y:04 S:DB P:nVUbdIZc  $01:A0F3: 29 01    AND #$01
f1318   c39221959    i47598297    A:00 X:02 Y:04 S:DB P:nVUbdIZc  $01:A0F5: 05 3F    ORA $3F = #$00
f1318   c39221962    i47598298    A:00 X:02 Y:04 S:DB P:nVUbdIZc  $01:A0F7: 85 3F    STA $3F = #$00
f1318   c39221965    i47598299    A:00 X:02 Y:04 S:DB P:nVUbdIZc  $01:A0F9: 88       DEY
f1318   c39221967    i47598300    A:00 X:02 Y:03 S:DB P:nVUbdIzc  $01:A0FA: D0 F1    BNE $A0ED
f1318   c39221970    i47598301    A:00 X:02 Y:03 S:DB P:nVUbdIzc  $01:A0ED: BD 15 40 LDA $4015,X @ $4017 = #$01
f1318   c39221974    i47598302    A:40 X:02 Y:03 S:DB P:nVUbdIzc  $01:A0F0: 4A       LSR
f1318   c39221976    i47598303    A:20 X:02 Y:03 S:DB P:nVUbdIzc  $01:A0F1: 26 3F    ROL $3F = #$00
f1318   c39221981    i47598304    A:20 X:02 Y:03 S:DB P:nVUbdIZc  $01:A0F3: 29 01    AND #$01
f1318   c39221983    i47598305    A:00 X:02 Y:03 S:DB P:nVUbdIZc  $01:A0F5: 05 3F    ORA $3F = #$00
f1318   c39221986    i47598306    A:00 X:02 Y:03 S:DB P:nVUbdIZc  $01:A0F7: 85 3F    STA $3F = #$00
f1318   c39221989    i47598307    A:00 X:02 Y:03 S:DB P:nVUbdIZc  $01:A0F9: 88       DEY
f1318   c39221991    i47598308    A:00 X:02 Y:02 S:DB P:nVUbdIzc  $01:A0FA: D0 F1    BNE $A0ED
f1318   c39221994    i47598309    A:00 X:02 Y:02 S:DB P:nVUbdIzc  $01:A0ED: BD 15 40 LDA $4015,X @ $4017 = #$01
f1318   c39221998    i47598310    A:40 X:02 Y:02 S:DB P:nVUbdIzc  $01:A0F0: 4A       LSR
f1319   c39256380    i47609276    A:00 X:00 Y:07 S:C8 P:nvUbdiZC  $00:91A1: 85 E8    STA $E8 = #$74
f1319   c39256383    i47609277    A:00 X:00 Y:07 S:C8 P:nvUbdiZC  $00:91A3: 4C B4 91 JMP $91B4
f1319   c39256386    i47609278    A:00 X:00 Y:07 S:C8 P:nvUbdiZC  $00:91B4: A0 10    LDY #$10
f1319   c39256388    i47609279    A:00 X:00 Y:10 S:C8 P:nvUbdizC  $00:91B6: B1 94    LDA ($94),Y @ $0598 = #$38
f1319   c39256393    i47609280    A:38 X:00 Y:10 S:C8 P:nvUbdizC  $00:91B8: AA       TAX
f1319   c39256395    i47609281    A:38 X:38 Y:10 S:C8 P:nvUbdizC  $00:91B9: C8       INY
f1319   c39256397    i47609282    A:38 X:38 Y:11 S:C8 P:nvUbdizC  $00:91BA: B1 94    LDA ($94),Y @ $0599 = #$E0
f1319   c39256402    i47609283    A:E0 X:38 Y:11 S:C8 P:NvUbdizC  $00:91BC: 4A       LSR
f1319   c39256404    i47609284    A:70 X:38 Y:11 S:C8 P:nvUbdizc  $00:91BD: 4A       LSR
f1319   c39256406    i47609285    A:38 X:38 Y:11 S:C8 P:nvUbdizc  $00:91BE: A8       TAY
f1319   c39256408    i47609286    A:38 X:38 Y:38 S:C8 P:nvUbdizc  $00:91BF: A5 E6    LDA $E6 = #$01
f1319   c39256411    i47609287    A:01 X:38 Y:38 S:C8 P:nvUbdizc  $00:91C1: 18       CLC
f1319   c39256413    i47609288    A:01 X:38 Y:38 S:C8 P:nvUbdizc  $00:91C2: 7D 68 04 ADC $0468,X @ $04A0 = #$4B
f1319   c39256417    i47609289    A:4C X:38 Y:38 S:C8 P:nvUbdizc  $00:91C5: 9D 68 04 STA $0468,X @ $04A0 = #$4B
f1319   c39256422    i47609290    A:4C X:38 Y:38 S:C8 P:nvUbdizc  $00:91C8: 6A       ROR
f1319   c39256424    i47609291    A:26 X:38 Y:38 S:C8 P:nvUbdizc  $00:91C9: 45 E6    EOR $E6 = #$01
f1319   c39256427    i47609292    A:27 X:38 Y:38 S:C8 P:nvUbdizc  $00:91CB: 10 08    BPL $91D5
f1319   c39256430    i47609293    A:27 X:38 Y:38 S:C8 P:nvUbdizc  $00:91D5: A5 E8    LDA $E8 = #$00
f1319   c39256433    i47609294    A:00 X:38 Y:38 S:C8 P:nvUbdiZc  $00:91D7: 18       CLC
f1319   c39256435    i47609295    A:00 X:38 Y:38 S:C8 P:nvUbdiZc  $00:91D8: 7D 6B 04 ADC $046B,X @ $04A3 = #$6C
f1319   c39256439    i47609296    A:6C X:38 Y:38 S:C8 P:nvUbdizc  $00:91DB: 9D 6B 04 STA $046B,X @ $04A3 = #$6C
f1319   c39256444    i47609297    A:6C X:38 Y:38 S:C8 P:nvUbdizc  $00:91DE: 6A       ROR
f1319   c39256446    i47609298    A:36 X:38 Y:38 S:C8 P:nvUbdizc  $00:91DF: 45 E8    EOR $E8 = #$00
f1319   c39256449    i47609299    A:36 X:38 Y:38 S:C8 P:nvUbdizc  $00:91E1: 10 08    BPL $91EB
f1319   c39256452    i47609300    A:36 X:38 Y:38 S:C8 P:nvUbdizc  $00:91EB: 8A       TXA
f1319   c39256454    i47609301    A:38 X:38 Y:38 S:C8 P:nvUbdizc  $00:91EC: 18       CLC
f1319   c39256456    i47609302    A:38 X:38 Y:38 S:C8 P:nvUbdizc  $00:91ED: 69 04    ADC #$04
f1319   c39256458    i47609303    A:3C X:38 Y:38 S:C8 P:nvUbdizc  $00:91EF: AA       TAX
f1319   c39256460    i47609304    A:3C X:3C Y:38 S:C8 P:nvUbdizc  $00:91F0: 88       DEY
f1319   c39256462    i47609305    A:3C X:3C Y:37 S:C8 P:nvUbdizc  $00:91F1: D0 CC    BNE $91BF
f1319   c39256465    i47609306    A:3C X:3C Y:37 S:C8 P:nvUbdizc  $00:91BF: A5 E6    LDA $E6 = #$01
f1319   c39256468    i47609307    A:01 X:3C Y:37 S:C8 P:nvUbdizc  $00:91C1: 18       CLC
f1319   c39256470    i47609308    A:01 X:3C Y:37 S:C8 P:nvUbdizc  $00:91C2: 7D 68 04 ADC $0468,X @ $04A4 = #$53
f1319   c39256474    i47609309    A:54 X:3C Y:37 S:C8 P:nvUbdizc  $00:91C5: 9D 68 04 STA $0468,X @ $04A4 = #$53
f1319   c39256479    i47609310    A:54 X:3C Y:37 S:C8 P:nvUbdizc  $00:91C8: 6A       ROR
f1319   c39256481    i47609311    A:2A X:3C Y:37 S:C8 P:nvUbdizc  $00:91C9: 45 E6    EOR $E6 = #$01
f1319   c39256484    i47609312    A:2B X:3C Y:37 S:C8 P:nvUbdizc  $00:91CB: 10 08    BPL $91D5
f1319   c39256487    i47609313    A:2B X:3C Y:37 S:C8 P:nvUbdizc  $00:91D5: A5 E8    LDA $E8 = #$00
f1319   c39256490    i47609314    A:00 X:3C Y:37 S:C8 P:nvUbdiZc  $00:91D7: 18       CLC
f1319   c39256492    i47609315    A:00 X:3C Y:37 S:C8 P:nvUbdiZc  $00:91D8: 7D 6B 04 ADC $046B,X @ $04A7 = #$6C
f1319   c39256496    i47609316    A:6C X:3C Y:37 S:C8 P:nvUbdizc  $00:91DB: 9D 6B 04 STA $046B,X @ $04A7 = #$6C
f1319   c39256501    i47609317    A:6C X:3C Y:37 S:C8 P:nvUbdizc  $00:91DE: 6A       ROR
f1319   c39259609    i47610390    A:FA X:14 Y:01 S:C8 P:NvUbdizc  $00:91C8: 6A       ROR
f1319   c39259611    i47610391    A:7D X:14 Y:01 S:C8 P:nvUbdizc  $00:91C9: 45 E6    EOR $E6 = #$01
f1319   c39259614    i47610392    A:7C X:14 Y:01 S:C8 P:nvUbdizc  $00:91CB: 10 08    BPL $91D5
f1319   c39259617    i47610393    A:7C X:14 Y:01 S:C8 P:nvUbdizc  $00:91D5: A5 E8    LDA $E8 = #$00
f1319   c39259620    i47610394    A:00 X:14 Y:01 S:C8 P:nvUbdiZc  $00:91D7: 18       CLC
f1319   c39259622    i47610395    A:00 X:14 Y:01 S:C8 P:nvUbdiZc  $00:91D8: 7D 6B 04 ADC $046B,X @ $047F = #$94
f1319   c39259626    i47610396    A:94 X:14 Y:01 S:C8 P:NvUbdizc  $00:91DB: 9D 6B 04 STA $046B,X @ $047F = #$94
f1319   c39259631    i47610397    A:94 X:14 Y:01 S:C8 P:NvUbdizc  $00:91DE: 6A       ROR
f1319   c39259633    i47610398    A:4A X:14 Y:01 S:C8 P:nvUbdizc  $00:91DF: 45 E8    EOR $E8 = #$00
f1319   c39259636    i47610399    A:4A X:14 Y:01 S:C8 P:nvUbdizc  $00:91E1: 10 08    BPL $91EB
f1319   c39259639    i47610400    A:4A X:14 Y:01 S:C8 P:nvUbdizc  $00:91EB: 8A       TXA
f1319   c39259641    i47610401    A:14 X:14 Y:01 S:C8 P:nvUbdizc  $00:91EC: 18       CLC
f1319   c39259643    i47610402    A:14 X:14 Y:01 S:C8 P:nvUbdizc  $00:91ED: 69 04    ADC #$04
f1319   c39259645    i47610403    A:18 X:14 Y:01 S:C8 P:nvUbdizc  $00:91EF: AA       TAX
f1319   c39259647    i47610404    A:18 X:18 Y:01 S:C8 P:nvUbdizc  $00:91F0: 88       DEY
f1319   c39259649    i47610405    A:18 X:18 Y:00 S:C8 P:nvUbdiZc  $00:91F1: D0 CC    BNE $91BF
f1319   c39259651    i47610406    A:18 X:18 Y:00 S:C8 P:nvUbdiZc  $00:91F3: A0 01    LDY #$01
f1319   c39259653    i47610407    A:18 X:18 Y:01 S:C8 P:nvUbdizc  $00:91F5: B1 94    LDA ($94),Y @ $0589 = #$01
f1319   c39259658    i47610408    A:01 X:18 Y:01 S:C8 P:nvUbdizc  $00:91F7: 38       SEC
f1319   c39259660    i47610409    A:01 X:18 Y:01 S:C8 P:nvUbdizC  $00:91F8: E9 01    SBC #$01
f1319   c39259662    i47610410    A:00 X:18 Y:01 S:C8 P:nvUbdiZC  $00:91FA: 91 94    STA ($94),Y @ $0589 = #$01
f1319   c39259668    i47610411    A:00 X:18 Y:01 S:C8 P:nvUbdiZC  $00:91FC: F0 03    BEQ $9201
f1319   c39259672    i47610412    A:00 X:18 Y:01 S:C8 P:nvUbdiZC  $00:9201: A0 00    LDY #$00
f1319   c39259674    i47610413    A:00 X:18 Y:00 S:C8 P:nvUbdiZC  $00:9203: B1 94    LDA ($94),Y @ $0588 = #$A9
f1319   c39259679    i47610414    A:A9 X:18 Y:00 S:C8 P:NvUbdizC  $00:9205: 29 01    AND #$01
f1319   c39259681    i47610415    A:01 X:18 Y:00 S:C8 P:nvUbdizC  $00:9207: 18       CLC
f1319   c39259683    i47610416    A:01 X:18 Y:00 S:C8 P:nvUbdizc  $00:9208: 69 09    ADC #$09
f1319   c39259685    i47610417    A:0A X:18 Y:00 S:C8 P:nvUbdizc  $00:920A: AA       TAX
f1319   c39259687    i47610418    A:0A X:0A Y:00 S:C8 P:nvUbdizc  $00:920B: 20 B9 C4 JSR $C4B9
f1319   c39259693    i47610419    A:0A X:0A Y:00 S:C6 P:nvUbdizc  $0F:C4B9: 86 25    STX $25 = #$0A
f1319   c39259696    i47610420    A:0A X:0A Y:00 S:C6 P:nvUbdizc  $0F:C4BB: A9 07    LDA #$07
f1319   c39259698    i47610421    A:07 X:0A Y:00 S:C6 P:nvUbdizc  $0F:C4BD: 05 22    ORA $22 = #$00
f1319   c39259701    i47610422    A:07 X:0A Y:00 S:C6 P:nvUbdizc  $0F:C4BF: 85 23    STA $23 = #$06
f1319   c39259704    i47610423    A:07 X:0A Y:00 S:C6 P:nvUbdizc  $0F:C4C1: 8D 00 80 STA $8000 = #$A5
f1319   c39259708    i47610424    A:07 X:0A Y:00 S:C6 P:nvUbdizc  $0F:C4C4: 8E 01 80 STX $8001 = #$27
f1319   c39259712    i47610425    A:07 X:0A Y:00 S:C6 P:nvUbdizc  $0F:C4C7: 60       RTS (from $C4B9)
f1319   c39259718    i47610426    A:07 X:0A Y:00 S:C8 P:nvUbdizc  $00:920E: A0 02    LDY #$02
f1319   c39259720    i47610427    A:07 X:0A Y:02 S:C8 P:nvUbdizc  $00:9210: B1 94    LDA ($94),Y @ $058A = #$9C
f1319   c39259725    i47610428    A:9C X:0A Y:02 S:C8 P:NvUbdizc  $00:9212: 85 92    STA $92 = #$9B
f1319   c39259728    i47610429    A:9C X:0A Y:02 S:C8 P:NvUbdizc  $00:9214: C8       INY
f1319   c39259730    i47610430    A:9C X:0A Y:03 S:C8 P:nvUbdizc  $00:9215: B1 94    LDA ($94),Y @ $058B = #$A2
f1319   c39259735    i47610431    A:A2 X:0A Y:03 S:C8 P:NvUbdizc  $00:9217: 85 93    STA $93 = #$A2
f1321   c39315160    i47628178    A:00 X:00 Y:07 S:C8 P:nvUbdiZC  $00:91A3: 4C B4 91 JMP $91B4
f1321   c39315163    i47628179    A:00 X:00 Y:07 S:C8 P:nvUbdiZC  $00:91B4: A0 10    LDY #$10
f1321   c39315165    i47628180    A:00 X:00 Y:10 S:C8 P:nvUbdizC  $00:91B6: B1 94    LDA ($94),Y @ $0598 = #$38
f1321   c39315170    i47628181    A:38 X:00 Y:10 S:C8 P:nvUbdizC  $00:91B8: AA       TAX
f1321   c39315172    i47628182    A:38 X:38 Y:10 S:C8 P:nvUbdizC  $00:91B9: C8       INY
f1321   c39315174    i47628183    A:38 X:38 Y:11 S:C8 P:nvUbdizC  $00:91BA: B1 94    LDA ($94),Y @ $0599 = #$E0
f1321   c39315179    i47628184    A:E0 X:38 Y:11 S:C8 P:NvUbdizC  $00:91BC: 4A       LSR
f1321   c39315181    i47628185    A:70 X:38 Y:11 S:C8 P:nvUbdizc  $00:91BD: 4A       LSR
f1321   c39315183    i47628186    A:38 X:38 Y:11 S:C8 P:nvUbdizc  $00:91BE: A8       TAY
f1321   c39315185    i47628187    A:38 X:38 Y:38 S:C8 P:nvUbdizc  $00:91BF: A5 E6    LDA $E6 = #$FF
f1321   c39315188    i47628188    A:FF X:38 Y:38 S:C8 P:NvUbdizc  $00:91C1: 18       CLC
f1321   c39315190    i47628189    A:FF X:38 Y:38 S:C8 P:NvUbdizc  $00:91C2: 7D 68 04 ADC $0468,X @ $04A0 = #$4B
f1321   c39315194    i47628190    A:4A X:38 Y:38 S:C8 P:nvUbdizC  $00:91C5: 9D 68 04 STA $0468,X @ $04A0 = #$4B
f1321   c39315199    i47628191    A:4A X:38 Y:38 S:C8 P:nvUbdizC  $00:91C8: 6A       ROR
f1321   c39315201    i47628192    A:A5 X:38 Y:38 S:C8 P:NvUbdizc  $00:91C9: 45 E6    EOR $E6 = #$FF
f1321   c39315204    i47628193    A:5A X:38 Y:38 S:C8 P:nvUbdizc  $00:91CB: 10 08    BPL $91D5
f1321   c39315207    i47628194    A:5A X:38 Y:38 S:C8 P:nvUbdizc  $00:91D5: A5 E8    LDA $E8 = #$00
f1321   c39315210    i47628195    A:00 X:38 Y:38 S:C8 P:nvUbdiZc  $00:91D7: 18       CLC
f1321   c39315212    i47628196    A:00 X:38 Y:38 S:C8 P:nvUbdiZc  $00:91D8: 7D 6B 04 ADC $046B,X @ $04A3 = #$6C
f1321   c39315216    i47628197    A:6C X:38 Y:38 S:C8 P:nvUbdizc  $00:91DB: 9D 6B 04 STA $046B,X @ $04A3 = #$6C
f1321   c39315221    i47628198    A:6C X:38 Y:38 S:C8 P:nvUbdizc  $00:91DE: 6A       ROR
f1321   c39315223    i47628199    A:36 X:38 Y:38 S:C8 P:nvUbdizc  $00:91DF: 45 E8    EOR $E8 = #$00
f1321   c39315226    i47628200    A:36 X:38 Y:38 S:C8 P:nvUbdizc  $00:91E1: 10 08    BPL $91EB
f1321   c39315229    i47628201    A:36 X:38 Y:38 S:C8 P:nvUbdizc  $00:91EB: 8A       TXA
f1321   c39315231    i47628202    A:38 X:38 Y:38 S:C8 P:nvUbdizc  $00:91EC: 18       CLC
f1321   c39315233    i47628203    A:38 X:38 Y:38 S:C8 P:nvUbdizc  $00:91ED: 69 04    ADC #$04
f1321   c39315235    i47628204    A:3C X:38 Y:38 S:C8 P:nvUbdizc  $00:91EF: AA       TAX
f1321   c39315237    i47628205    A:3C X:3C Y:38 S:C8 P:nvUbdizc  $00:91F0: 88       DEY
f1321   c39315239    i47628206    A:3C X:3C Y:37 S:C8 P:nvUbdizc  $00:91F1: D0 CC    BNE $91BF
f1321   c39315242    i47628207    A:3C X:3C Y:37 S:C8 P:nvUbdizc  $00:91BF: A5 E6    LDA $E6 = #$FF
f1321   c39315245    i47628208    A:FF X:3C Y:37 S:C8 P:NvUbdizc  $00:91C1: 18       CLC
f1321   c39315247    i47628209    A:FF X:3C Y:37 S:C8 P:NvUbdizc  $00:91C2: 7D 68 04 ADC $0468,X @ $04A4 = #$53
f1321   c39315251    i47628210    A:52 X:3C Y:37 S:C8 P:nvUbdizC  $00:91C5: 9D 68 04 STA $0468,X @ $04A4 = #$53
f1321   c39315256    i47628211    A:52 X:3C Y:37 S:C8 P:nvUbdizC  $00:91C8: 6A       ROR
f1321   c39315258    i47628212    A:A9 X:3C Y:37 S:C8 P:NvUbdizc  $00:91C9: 45 E6    EOR $E6 = #$FF
f1321   c39315261    i47628213    A:56 X:3C Y:37 S:C8 P:nvUbdizc  $00:91CB: 10 08    BPL $91D5
f1321   c39315264    i47628214    A:56 X:3C Y:37 S:C8 P:nvUbdizc  $00:91D5: A5 E8    LDA $E8 = #$00
f1321   c39315267    i47628215    A:00 X:3C Y:37 S:C8 P:nvUbdiZc  $00:91D7: 18       CLC
f1321   c39315269    i47628216    A:00 X:3C Y:37 S:C8 P:nvUbdiZc  $00:91D8: 7D 6B 04 ADC $046B,X @ $04A7 = #$6C
f1321   c39315273    i47628217    A:6C X:3C Y:37 S:C8 P:nvUbdizc  $00:91DB: 9D 6B 04 STA $046B,X @ $04A7 = #$6C
f1321   c39315278    i47628218    A:6C X:3C Y:37 S:C8 P:nvUbdizc  $00:91DE: 6A       ROR
f1321   c39315280    i47628219    A:36 X:3C Y:37 S:C8 P:nvUbdizc  $00:91DF: 45 E8    EOR $E8 = #$00
f1321   c39318386    i47629291    A:F6 X:14 Y:01 S:C8 P:NvUbdizC  $00:91C8: 6A       ROR
f1321   c39318388    i47629292    A:FB X:14 Y:01 S:C8 P:NvUbdizc  $00:91C9: 45 E6    EOR $E6 = #$FF
f1321   c39318391    i47629293    A:04 X:14 Y:01 S:C8 P:nvUbdizc  $00:91CB: 10 08    BPL $91D5
f1321   c39318394    i47629294    A:04 X:14 Y:01 S:C8 P:nvUbdizc  $00:91D5: A5 E8    LDA $E8 = #$00
f1321   c39318397    i47629295    A:00 X:14 Y:01 S:C8 P:nvUbdiZc  $00:91D7: 18       CLC
f1321   c39318399    i47629296    A:00 X:14 Y:01 S:C8 P:nvUbdiZc  $00:91D8: 7D 6B 04 ADC $046B,X @ $047F = #$94
f1321   c39318403    i47629297    A:94 X:14 Y:01 S:C8 P:NvUbdizc  $00:91DB: 9D 6B 04 STA $046B,X @ $047F = #$94
f1321   c39318408    i47629298    A:94 X:14 Y:01 S:C8 P:NvUbdizc  $00:91DE: 6A       ROR
f1321   c39318410    i47629299    A:4A X:14 Y:01 S:C8 P:nvUbdizc  $00:91DF: 45 E8    EOR $E8 = #$00
f1321   c39318413    i47629300    A:4A X:14 Y:01 S:C8 P:nvUbdizc  $00:91E1: 10 08    BPL $91EB
f1321   c39318416    i47629301    A:4A X:14 Y:01 S:C8 P:nvUbdizc  $00:91EB: 8A       TXA
f1321   c39318418    i47629302    A:14 X:14 Y:01 S:C8 P:nvUbdizc  $00:91EC: 18       CLC
f1321   c39318420    i47629303    A:14 X:14 Y:01 S:C8 P:nvUbdizc  $00:91ED: 69 04    ADC #$04
f1321   c39318422    i47629304    A:18 X:14 Y:01 S:C8 P:nvUbdizc  $00:91EF: AA       TAX
f1321   c39318424    i47629305    A:18 X:18 Y:01 S:C8 P:nvUbdizc  $00:91F0: 88       DEY
f1321   c39318426    i47629306    A:18 X:18 Y:00 S:C8 P:nvUbdiZc  $00:91F1: D0 CC    BNE $91BF
f1321   c39318428    i47629307    A:18 X:18 Y:00 S:C8 P:nvUbdiZc  $00:91F3: A0 01    LDY #$01
f1321   c39318430    i47629308    A:18 X:18 Y:01 S:C8 P:nvUbdizc  $00:91F5: B1 94    LDA ($94),Y @ $0589 = #$01
f1321   c39318435    i47629309    A:01 X:18 Y:01 S:C8 P:nvUbdizc  $00:91F7: 38       SEC
f1321   c39318437    i47629310    A:01 X:18 Y:01 S:C8 P:nvUbdizC  $00:91F8: E9 01    SBC #$01
f1321   c39318439    i47629311    A:00 X:18 Y:01 S:C8 P:nvUbdiZC  $00:91FA: 91 94    STA ($94),Y @ $0589 = #$01
f1321   c39318445    i47629312    A:00 X:18 Y:01 S:C8 P:nvUbdiZC  $00:91FC: F0 03    BEQ $9201
f1321   c39318449    i47629313    A:00 X:18 Y:01 S:C8 P:nvUbdiZC  $00:9201: A0 00    LDY #$00
f1321   c39318451    i47629314    A:00 X:18 Y:00 S:C8 P:nvUbdiZC  $00:9203: B1 94    LDA ($94),Y @ $0588 = #$A9
f1321   c39318456    i47629315    A:A9 X:18 Y:00 S:C8 P:NvUbdizC  $00:9205: 29 01    AND #$01
f1321   c39318458    i47629316    A:01 X:18 Y:00 S:C8 P:nvUbdizC  $00:9207: 18       CLC
f1321   c39318460    i47629317    A:01 X:18 Y:00 S:C8 P:nvUbdizc  $00:9208: 69 09    ADC #$09
f1321   c39318462    i47629318    A:0A X:18 Y:00 S:C8 P:nvUbdizc  $00:920A: AA       TAX
f1321   c39318464    i47629319    A:0A X:0A Y:00 S:C8 P:nvUbdizc  $00:920B: 20 B9 C4 JSR $C4B9
f1321   c39318470    i47629320    A:0A X:0A Y:00 S:C6 P:nvUbdizc  $0F:C4B9: 86 25    STX $25 = #$0A
f1321   c39318473    i47629321    A:0A X:0A Y:00 S:C6 P:nvUbdizc  $0F:C4BB: A9 07    LDA #$07
f1321   c39318475    i47629322    A:07 X:0A Y:00 S:C6 P:nvUbdizc  $0F:C4BD: 05 22    ORA $22 = #$00
f1321   c39318478    i47629323    A:07 X:0A Y:00 S:C6 P:nvUbdizc  $0F:C4BF: 85 23    STA $23 = #$06
f1321   c39318481    i47629324    A:07 X:0A Y:00 S:C6 P:nvUbdizc  $0F:C4C1: 8D 00 80 STA $8000 = #$A5
f1321   c39318485    i47629325    A:07 X:0A Y:00 S:C6 P:nvUbdizc  $0F:C4C4: 8E 01 80 STX $8001 = #$27
f1321   c39318489    i47629326    A:07 X:0A Y:00 S:C6 P:nvUbdizc  $0F:C4C7: 60       RTS (from $C4B9)
f1321   c39318495    i47629327    A:07 X:0A Y:00 S:C8 P:nvUbdizc  $00:920E: A0 02    LDY #$02
f1321   c39318497    i47629328    A:07 X:0A Y:02 S:C8 P:nvUbdizc  $00:9210: B1 94    LDA ($94),Y @ $058A = #$95
f1321   c39318502    i47629329    A:95 X:0A Y:02 S:C8 P:NvUbdizc  $00:9212: 85 92    STA $92 = #$94
f1321   c39318505    i47629330    A:95 X:0A Y:02 S:C8 P:NvUbdizc  $00:9214: C8       INY
f1321   c39318507    i47629331    A:95 X:0A Y:03 S:C8 P:nvUbdizc  $00:9215: B1 94    LDA ($94),Y @ $058B = #$A2
f1321   c39318512    i47629332    A:A2 X:0A Y:03 S:C8 P:NvUbdizc  $00:9217: 85 93    STA $93 = #$A2
f1322   c39344940    i47637830    A:00 X:00 Y:07 S:C8 P:nvUbdiZC  $00:91A3: 4C B4 91 JMP $91B4
f1322   c39344943    i47637831    A:00 X:00 Y:07 S:C8 P:nvUbdiZC  $00:91B4: A0 10    LDY #$10
f1322   c39344945    i47637832    A:00 X:00 Y:10 S:C8 P:nvUbdizC  $00:91B6: B1 94    LDA ($94),Y @ $0598 = #$38
f1322   c39344950    i47637833    A:38 X:00 Y:10 S:C8 P:nvUbdizC  $00:91B8: AA       TAX
f1322   c39344952    i47637834    A:38 X:38 Y:10 S:C8 P:nvUbdizC  $00:91B9: C8       INY
f1322   c39344954    i47637835    A:38 X:38 Y:11 S:C8 P:nvUbdizC  $00:91BA: B1 94    LDA ($94),Y @ $0599 = #$E0
f1322   c39344959    i47637836    A:E0 X:38 Y:11 S:C8 P:NvUbdizC  $00:91BC: 4A       LSR
f1322   c39344961    i47637837    A:70 X:38 Y:11 S:C8 P:nvUbdizc  $00:91BD: 4A       LSR
f1322   c39344963    i47637838    A:38 X:38 Y:11 S:C8 P:nvUbdizc  $00:91BE: A8       TAY
f1322   c39344965    i47637839    A:38 X:38 Y:38 S:C8 P:nvUbdizc  $00:91BF: A5 E6    LDA $E6 = #$01
f1322   c39344968    i47637840    A:01 X:38 Y:38 S:C8 P:nvUbdizc  $00:91C1: 18       CLC
f1322   c39344970    i47637841    A:01 X:38 Y:38 S:C8 P:nvUbdizc  $00:91C2: 7D 68 04 ADC $0468,X @ $04A0 = #$4A
f1322   c39344974    i47637842    A:4B X:38 Y:38 S:C8 P:nvUbdizc  $00:91C5: 9D 68 04 STA $0468,X @ $04A0 = #$4A
f1322   c39344979    i47637843    A:4B X:38 Y:38 S:C8 P:nvUbdizc  $00:91C8: 6A       ROR
f1322   c39344981    i47637844    A:25 X:38 Y:38 S:C8 P:nvUbdizC  $00:91C9: 45 E6    EOR $E6 = #$01
f1322   c39344984    i47637845    A:24 X:38 Y:38 S:C8 P:nvUbdizC  $00:91CB: 10 08    BPL $91D5
f1322   c39344987    i47637846    A:24 X:38 Y:38 S:C8 P:nvUbdizC  $00:91D5: A5 E8    LDA $E8 = #$00
f1322   c39344990    i47637847    A:00 X:38 Y:38 S:C8 P:nvUbdiZC  $00:91D7: 18       CLC
f1322   c39344992    i47637848    A:00 X:38 Y:38 S:C8 P:nvUbdiZc  $00:91D8: 7D 6B 04 ADC $046B,X @ $04A3 = #$6C
f1322   c39344996    i47637849    A:6C X:38 Y:38 S:C8 P:nvUbdizc  $00:91DB: 9D 6B 04 STA $046B,X @ $04A3 = #$6C
f1322   c39345001    i47637850    A:6C X:38 Y:38 S:C8 P:nvUbdizc  $00:91DE: 6A       ROR
f1322   c39345003    i47637851    A:36 X:38 Y:38 S:C8 P:nvUbdizc  $00:91DF: 45 E8    EOR $E8 = #$00
f1322   c39345006    i47637852    A:36 X:38 Y:38 S:C8 P:nvUbdizc  $00:91E1: 10 08    BPL $91EB
f1322   c39345009    i47637853    A:36 X:38 Y:38 S:C8 P:nvUbdizc  $00:91EB: 8A       TXA
f1322   c39345011    i47637854    A:38 X:38 Y:38 S:C8 P:nvUbdizc  $00:91EC: 18       CLC
f1322   c39345013    i47637855    A:38 X:38 Y:38 S:C8 P:nvUbdizc  $00:91ED: 69 04    ADC #$04
f1322   c39345015    i47637856    A:3C X:38 Y:38 S:C8 P:nvUbdizc  $00:91EF: AA       TAX
f1322   c39345017    i47637857    A:3C X:3C Y:38 S:C8 P:nvUbdizc  $00:91F0: 88       DEY
f1322   c39345019    i47637858    A:3C X:3C Y:37 S:C8 P:nvUbdizc  $00:91F1: D0 CC    BNE $91BF
f1322   c39345022    i47637859    A:3C X:3C Y:37 S:C8 P:nvUbdizc  $00:91BF: A5 E6    LDA $E6 = #$01
f1322   c39345025    i47637860    A:01 X:3C Y:37 S:C8 P:nvUbdizc  $00:91C1: 18       CLC
f1322   c39345027    i47637861    A:01 X:3C Y:37 S:C8 P:nvUbdizc  $00:91C2: 7D 68 04 ADC $0468,X @ $04A4 = #$52
f1322   c39345031    i47637862    A:53 X:3C Y:37 S:C8 P:nvUbdizc  $00:91C5: 9D 68 04 STA $0468,X @ $04A4 = #$52
f1322   c39345036    i47637863    A:53 X:3C Y:37 S:C8 P:nvUbdizc  $00:91C8: 6A       ROR
f1322   c39345038    i47637864    A:29 X:3C Y:37 S:C8 P:nvUbdizC  $00:91C9: 45 E6    EOR $E6 = #$01
f1322   c39345041    i47637865    A:28 X:3C Y:37 S:C8 P:nvUbdizC  $00:91CB: 10 08    BPL $91D5
f1322   c39345044    i47637866    A:28 X:3C Y:37 S:C8 P:nvUbdizC  $00:91D5: A5 E8    LDA $E8 = #$00
f1322   c39345047    i47637867    A:00 X:3C Y:37 S:C8 P:nvUbdiZC  $00:91D7: 18       CLC
f1322   c39345049    i47637868    A:00 X:3C Y:37 S:C8 P:nvUbdiZc  $00:91D8: 7D 6B 04 ADC $046B,X @ $04A7 = #$6C
f1322   c39345053    i47637869    A:6C X:3C Y:37 S:C8 P:nvUbdizc  $00:91DB: 9D 6B 04 STA $046B,X @ $04A7 = #$6C
f1322   c39345058    i47637870    A:6C X:3C Y:37 S:C8 P:nvUbdizc  $00:91DE: 6A       ROR
f1322   c39345060    i47637871    A:36 X:3C Y:37 S:C8 P:nvUbdizc  $00:91DF: 45 E8    EOR $E8 = #$00
f1323   c39386808    i47651472    A:40 X:C8 Y:00 S:C6 P:nvUbdizc  $00:9521: 30 10    BMI $9533
f1323   c39386810    i47651473    A:40 X:C8 Y:00 S:C6 P:nvUbdizc  $00:9523: 4A       LSR
f1323   c39386812    i47651474    A:20 X:C8 Y:00 S:C6 P:nvUbdizc  $00:9524: 18       CLC
f1323   c39386814    i47651475    A:20 X:C8 Y:00 S:C6 P:nvUbdizc  $00:9525: 65 9A    ADC $9A = #$44
f1323   c39386817    i47651476    A:64 X:C8 Y:00 S:C6 P:nvUbdizc  $00:9527: 9D 68 04 STA $0468,X @ $0530 = #$64
f1323   c39386822    i47651477    A:64 X:C8 Y:00 S:C6 P:nvUbdizc  $00:952A: 85 EA    STA $EA = #$5C
f1323   c39386825    i47651478    A:64 X:C8 Y:00 S:C6 P:nvUbdizc  $00:952C: A9 00    LDA #$00
f1323   c39386827    i47651479    A:00 X:C8 Y:00 S:C6 P:nvUbdiZc  $00:952E: 65 9B    ADC $9B = #$00
f1323   c39386830    i47651480    A:00 X:C8 Y:00 S:C6 P:nvUbdiZc  $00:9530: 4C 41 95 JMP $9541
f1323   c39386833    i47651481    A:00 X:C8 Y:00 S:C6 P:nvUbdiZc  $00:9541: 29 01    AND #$01
f1323   c39386835    i47651482    A:00 X:C8 Y:00 S:C6 P:nvUbdiZc  $00:9543: 85 EB    STA $EB = #$00
f1323   c39386838    i47651483    A:00 X:C8 Y:00 S:C6 P:nvUbdiZc  $00:9545: 0A       ASL
f1323   c39386840    i47651484    A:00 X:C8 Y:00 S:C6 P:nvUbdiZc  $00:9546: 85 EC    STA $EC = #$00
f1323   c39386843    i47651485    A:00 X:C8 Y:00 S:C6 P:nvUbdiZc  $00:9548: A5 E8    LDA $E8 = #$7C
f1323   c39386846    i47651486    A:7C X:C8 Y:00 S:C6 P:nvUbdizc  $00:954A: 9D 6B 04 STA $046B,X @ $0533 = #$7C
f1323   c39386858    i47651487    A:7C X:C8 Y:00 S:C3 P:nvUbdIzc  $0F:C506: 4C 21 C8 JMP $C821
f1323   c39386861    i47651488    A:7C X:C8 Y:00 S:C3 P:nvUbdIzc  $0F:C821: 24 1B    BIT $1B = #$40
f1323   c39386864    i47651489    A:7C X:C8 Y:00 S:C3 P:nVUbdIzc  $0F:C823: 50 03    BVC $C828
f1323   c39386866    i47651490    A:7C X:C8 Y:00 S:C3 P:nVUbdIzc  $0F:C825: 4C 78 C4 JMP $C478
f1323   c39386869    i47651491    A:7C X:C8 Y:00 S:C3 P:nVUbdIzc  $0F:C478: 24 3B    BIT $3B = #$55
f1323   c39386872    i47651492    A:7C X:C8 Y:00 S:C3 P:nVUbdIzc  $0F:C47A: 30 32    BMI $C4AE
f1323   c39386874    i47651493    A:7C X:C8 Y:00 S:C3 P:nVUbdIzc  $0F:C47C: 38       SEC
f1323   c39386876    i47651494    A:7C X:C8 Y:00 S:C3 P:nVUbdIzC  $0F:C47D: 66 3B    ROR $3B = #$55
f1323   c39386881    i47651495    A:7C X:C8 Y:00 S:C3 P:NVUbdIzC  $0F:C47F: 85 3C    STA $3C = #$40
f1323   c39386884    i47651496    A:7C X:C8 Y:00 S:C3 P:NVUbdIzC  $0F:C481: 86 3D    STX $3D = #$19
f1323   c39386887    i47651497    A:7C X:C8 Y:00 S:C3 P:NVUbdIzC  $0F:C483: 84 3E    STY $3E = #$03
f1323   c39386890    i47651498    A:7C X:C8 Y:00 S:C3 P:NVUbdIzC  $0F:C485: A5 22    LDA $22 = #$00
f1323   c39386893    i47651499    A:00 X:C8 Y:00 S:C3 P:nVUbdIZC  $0F:C487: 09 07    ORA #$07
f1323   c39386895    i47651500    A:07 X:C8 Y:00 S:C3 P:nVUbdIzC  $0F:C489: 8D 00 80 STA $8000 = #$A5
f1323   c39386899    i47651501    A:07 X:C8 Y:00 S:C3 P:nVUbdIzC  $0F:C48C: A9 02    LDA #$02
f1323   c39386901    i47651502    A:02 X:C8 Y:00 S:C3 P:nVUbdIzC  $0F:C48E: 8D 01 80 STA $8001 = #$27
f1323   c39386905    i47651503    A:02 X:C8 Y:00 S:C3 P:nVUbdIzC  $0F:C491: 20 60 A1 JSR $A160
f1323   c39386911    i47651504    A:02 X:C8 Y:00 S:C1 P:nVUbdIzC  $01:A160: 8D 00 E0 STA $E000 = #$FF
f1323   c39386915    i47651505    A:02 X:C8 Y:00 S:C1 P:nVUbdIzC  $01:A163: 8D 01 E0 STA $E001 = #$18
f1323   c39386919    i47651506    A:02 X:C8 Y:00 S:C1 P:nVUbdIzC  $01:A166: A6 78    LDX $78 = #$04
f1323   c39386922    i47651507    A:02 X:04 Y:00 S:C1 P:nVUbdIzC  $01:A168: B5 78    LDA $78,X @ $007C = #$80
f1323   c39386926    i47651508    A:80 X:04 Y:00 S:C1 P:NVUbdIzC  $01:A16A: 10 21    BPL $A18D
f1323   c39386928    i47651509    A:80 X:04 Y:00 S:C1 P:NVUbdIzC  $01:A16C: A0 06    LDY #$06
f1323   c39386930    i47651510    A:80 X:04 Y:06 S:C1 P:nVUbdIzC  $01:A16E: 88       DEY
f1323   c39386932    i47651511    A:80 X:04 Y:05 S:C1 P:nVUbdIzC  $01:A16F: D0 FD    BNE $A16E
f1323   c39386935    i47651512    A:80 X:04 Y:05 S:C1 P:nVUbdIzC  $01:A16E: 88       DEY
f1323   c39386937    i47651513    A:80 X:04 Y:04 S:C1 P:nVUbdIzC  $01:A16F: D0 FD    BNE $A16E
f1324   c39401662    i47656073    A:0C X:00 Y:0F S:DB P:nvUbdIZc  $06:8002: BC 00 07 LDY $0700,X @ $0700 = #$00
f1324   c39401666    i47656074    A:0C X:00 Y:00 S:DB P:nvUbdIZc  $06:8005: C0 32    CPY #$32
f1324   c39401668    i47656075    A:0C X:00 Y:00 S:DB P:NvUbdIzc  $06:8007: B0 0E    BCS $8017
f1324   c39401670    i47656076    A:0C X:00 Y:00 S:DB P:NvUbdIzc  $06:8009: A0 07    LDY #$07
f1324   c39401672    i47656077    A:0C X:00 Y:07 S:DB P:nvUbdIzc  $06:800B: 8C 00 80 STY $8000 = #$A2
f1324   c39401676    i47656078    A:0C X:00 Y:07 S:DB P:nvUbdIzc  $06:800E: AC FC 07 LDY $07FC = #$0F
f1324   c39401680    i47656079    A:0C X:00 Y:0F S:DB P:nvUbdIzc  $06:8011: 8C 01 80 STY $8001 = #$05
f1324   c39401684    i47656080    A:0C X:00 Y:0F S:DB P:nvUbdIzc  $06:8014: 4C 5E 80 JMP $805E
f1324   c39401687    i47656081    A:0C X:00 Y:0F S:DB P:nvUbdIzc  $06:805E: CA       DEX
f1324   c39401689    i47656082    A:0C X:FF Y:0F S:DB P:NvUbdIzc  $06:805F: 10 A1    BPL $8002
f1324   c39401691    i47656083    A:0C X:FF Y:0F S:DB P:NvUbdIzc  $06:8061: A2 05    LDX #$05
f1324   c39401693    i47656084    A:0C X:05 Y:0F S:DB P:nvUbdIzc  $06:8063: BC 00 07 LDY $0700,X @ $0705 = #$00
f1324   c39401697    i47656085    A:0C X:05 Y:00 S:DB P:nvUbdIZc  $06:8066: F0 4F    BEQ $80B7
f1324   c39401700    i47656086    A:0C X:05 Y:00 S:DB P:nvUbdIZc  $06:80B7: CA       DEX
f1324   c39401702    i47656087    A:0C X:04 Y:00 S:DB P:nvUbdIzc  $06:80B8: 10 A9    BPL $8063
f1324   c39401705    i47656088    A:0C X:04 Y:00 S:DB P:nvUbdIzc  $06:8063: BC 00 07 LDY $0700,X @ $0704 = #$00
f1324   c39401709    i47656089    A:0C X:04 Y:00 S:DB P:nvUbdIZc  $06:8066: F0 4F    BEQ $80B7
f1324   c39401712    i47656090    A:0C X:04 Y:00 S:DB P:nvUbdIZc  $06:80B7: CA       DEX
f1324   c39401714    i47656091    A:0C X:03 Y:00 S:DB P:nvUbdIzc  $06:80B8: 10 A9    BPL $8063
f1324   c39401717    i47656092    A:0C X:03 Y:00 S:DB P:nvUbdIzc  $06:8063: BC 00 07 LDY $0700,X @ $0703 = #$00
f1324   c39401721    i47656093    A:0C X:03 Y:00 S:DB P:nvUbdIZc  $06:8066: F0 4F    BEQ $80B7
f1324   c39401724    i47656094    A:0C X:03 Y:00 S:DB P:nvUbdIZc  $06:80B7: CA       DEX
f1324   c39401726    i47656095    A:0C X:02 Y:00 S:DB P:nvUbdIzc  $06:80B8: 10 A9    BPL $8063
f1324   c39401729    i47656096    A:0C X:02 Y:00 S:DB P:nvUbdIzc  $06:8063: BC 00 07 LDY $0700,X @ $0702 = #$00
f1324   c39401733    i47656097    A:0C X:02 Y:00 S:DB P:nvUbdIZc  $06:8066: F0 4F    BEQ $80B7
f1324   c39401736    i47656098    A:0C X:02 Y:00 S:DB P:nvUbdIZc  $06:80B7: CA       DEX
f1324   c39401738    i47656099    A:0C X:01 Y:00 S:DB P:nvUbdIzc  $06:80B8: 10 A9    BPL $8063
f1324   c39401741    i47656100    A:0C X:01 Y:00 S:DB P:nvUbdIzc  $06:8063: BC 00 07 LDY $0700,X @ $0701 = #$00
f1324   c39401745    i47656101    A:0C X:01 Y:00 S:DB P:nvUbdIZc  $06:8066: F0 4F    BEQ $80B7
f1324   c39401748    i47656102    A:0C X:01 Y:00 S:DB P:nvUbdIZc  $06:80B7: CA       DEX
f1324   c39401750    i47656103    A:0C X:00 Y:00 S:DB P:nvUbdIZc  $06:80B8: 10 A9    BPL $8063
f1324   c39401753    i47656104    A:0C X:00 Y:00 S:DB P:nvUbdIZc  $06:8063: BC 00 07 LDY $0700,X @ $0700 = #$00
f1324   c39401757    i47656105    A:0C X:00 Y:00 S:DB P:nvUbdIZc  $06:8066: F0 4F    BEQ $80B7
f1324   c39401760    i47656106    A:0C X:00 Y:00 S:DB P:nvUbdIZc  $06:80B7: CA       DEX
f1324   c39401762    i47656107    A:0C X:FF Y:00 S:DB P:NvUbdIzc  $06:80B8: 10 A9    BPL $8063
f1324   c39401764    i47656108    A:0C X:FF Y:00 S:DB P:NvUbdIzc  $06:80BA: A9 27    LDA #$27
f1324   c39401766    i47656109    A:27 X:FF Y:00 S:DB P:nvUbdIzc  $06:80BC: 85 F0    STA $F0 = #$67
f1324   c39401769    i47656110    A:27 X:FF Y:00 S:DB P:nvUbdIzc  $06:80BE: A9 07    LDA #$07
f1324   c39401771    i47656111    A:07 X:FF Y:00 S:DB P:nvUbdIzc  $06:80C0: 85 F1    STA $F1 = #$07
f1324   c39401774    i47656112    A:07 X:FF Y:00 S:DB P:nvUbdIzc  $06:80C2: A9 00    LDA #$00
f1324   c39401776    i47656113    A:00 X:FF Y:00 S:DB P:nvUbdIZc  $06:80C4: 85 F2    STA $F2 = #$FF
f1324   c39401779    i47656114    A:00 X:FF Y:00 S:DB P:nvUbdIZc  $06:80C6: A0 08    LDY #$08
f1325   c39434281    i47666489    A:00 X:00 Y:07 S:C8 P:nvUbdiZC  $00:91A3: 4C B4 91 JMP $91B4
f1325   c39434284    i47666490    A:00 X:00 Y:07 S:C8 P:nvUbdiZC  $00:91B4: A0 10    LDY #$10
f1325   c39434286    i47666491    A:00 X:00 Y:10 S:C8 P:nvUbdizC  $00:91B6: B1 94    LDA ($94),Y @ $0598 = #$38
f1325   c39434291    i47666492    A:38 X:00 Y:10 S:C8 P:nvUbdizC  $00:91B8: AA       TAX
f1325   c39434293    i47666493    A:38 X:38 Y:10 S:C8 P:nvUbdizC  $00:91B9: C8       INY
f1325   c39434295    i47666494    A:38 X:38 Y:11 S:C8 P:nvUbdizC  $00:91BA: B1 94    LDA ($94),Y @ $0599 = #$E0
f1325   c39434300    i47666495    A:E0 X:38 Y:11 S:C8 P:NvUbdizC  $00:91BC: 4A       LSR
f1325   c39434302    i47666496    A:70 X:38 Y:11 S:C8 P:nvUbdizc  $00:91BD: 4A       LSR
f1325   c39434304    i47666497    A:38 X:38 Y:11 S:C8 P:nvUbdizc  $00:91BE: A8       TAY
f1325   c39434306    i47666498    A:38 X:38 Y:38 S:C8 P:nvUbdizc  $00:91BF: A5 E6    LDA $E6 = #$FF
f1325   c39434309    i47666499    A:FF X:38 Y:38 S:C8 P:NvUbdizc  $00:91C1: 18       CLC
f1325   c39434311    i47666500    A:FF X:38 Y:38 S:C8 P:NvUbdizc  $00:91C2: 7D 68 04 ADC $0468,X @ $04A0 = #$4B
f1325   c39434315    i47666501    A:4A X:38 Y:38 S:C8 P:nvUbdizC  $00:91C5: 9D 68 04 STA $0468,X @ $04A0 = #$4B
f1325   c39434320    i47666502    A:4A X:38 Y:38 S:C8 P:nvUbdizC  $00:91C8: 6A       ROR
f1325   c39434322    i47666503    A:A5 X:38 Y:38 S:C8 P:NvUbdizc  $00:91C9: 45 E6    EOR $E6 = #$FF
f1325   c39434325    i47666504    A:5A X:38 Y:38 S:C8 P:nvUbdizc  $00:91CB: 10 08    BPL $91D5
f1325   c39434328    i47666505    A:5A X:38 Y:38 S:C8 P:nvUbdizc  $00:91D5: A5 E8    LDA $E8 = #$00
f1325   c39434331    i47666506    A:00 X:38 Y:38 S:C8 P:nvUbdiZc  $00:91D7: 18       CLC
f1325   c39434333    i47666507    A:00 X:38 Y:38 S:C8 P:nvUbdiZc  $00:91D8: 7D 6B 04 ADC $046B,X @ $04A3 = #$6C
f1325   c39434337    i47666508    A:6C X:38 Y:38 S:C8 P:nvUbdizc  $00:91DB: 9D 6B 04 STA $046B,X @ $04A3 = #$6C
f1325   c39434342    i47666509    A:6C X:38 Y:38 S:C8 P:nvUbdizc  $00:91DE: 6A       ROR
f1325   c39434344    i47666510    A:36 X:38 Y:38 S:C8 P:nvUbdizc  $00:91DF: 45 E8    EOR $E8 = #$00
f1325   c39434347    i47666511    A:36 X:38 Y:38 S:C8 P:nvUbdizc  $00:91E1: 10 08    BPL $91EB
f1325   c39434350    i47666512    A:36 X:38 Y:38 S:C8 P:nvUbdizc  $00:91EB: 8A       TXA
f1325   c39434352    i47666513    A:38 X:38 Y:38 S:C8 P:nvUbdizc  $00:91EC: 18       CLC
f1325   c39434354    i47666514    A:38 X:38 Y:38 S:C8 P:nvUbdizc  $00:91ED: 69 04    ADC #$04
f1325   c39434356    i47666515    A:3C X:38 Y:38 S:C8 P:nvUbdizc  $00:91EF: AA       TAX
f1325   c39434358    i47666516    A:3C X:3C Y:38 S:C8 P:nvUbdizc  $00:91F0: 88       DEY
f1325   c39434360    i47666517    A:3C X:3C Y:37 S:C8 P:nvUbdizc  $00:91F1: D0 CC    BNE $91BF
f1325   c39434363    i47666518    A:3C X:3C Y:37 S:C8 P:nvUbdizc  $00:91BF: A5 E6    LDA $E6 = #$FF
f1325   c39434366    i47666519    A:FF X:3C Y:37 S:C8 P:NvUbdizc  $00:91C1: 18       CLC
f1325   c39434368    i47666520    A:FF X:3C Y:37 S:C8 P:NvUbdizc  $00:91C2: 7D 68 04 ADC $0468,X @ $04A4 = #$53
f1325   c39434372    i47666521    A:52 X:3C Y:37 S:C8 P:nvUbdizC  $00:91C5: 9D 68 04 STA $0468,X @ $04A4 = #$53
f1325   c39434377    i47666522    A:52 X:3C Y:37 S:C8 P:nvUbdizC  $00:91C8: 6A       ROR
f1325   c39434379    i47666523    A:A9 X:3C Y:37 S:C8 P:NvUbdizc  $00:91C9: 45 E6    EOR $E6 = #$FF
f1325   c39434382    i47666524    A:56 X:3C Y:37 S:C8 P:nvUbdizc  $00:91CB: 10 08    BPL $91D5
f1325   c39434385    i47666525    A:56 X:3C Y:37 S:C8 P:nvUbdizc  $00:91D5: A5 E8    LDA $E8 = #$00
f1325   c39434388    i47666526    A:00 X:3C Y:37 S:C8 P:nvUbdiZc  $00:91D7: 18       CLC
f1325   c39434390    i47666527    A:00 X:3C Y:37 S:C8 P:nvUbdiZc  $00:91D8: 7D 6B 04 ADC $046B,X @ $04A7 = #$6C
f1325   c39434394    i47666528    A:6C X:3C Y:37 S:C8 P:nvUbdizc  $00:91DB: 9D 6B 04 STA $046B,X @ $04A7 = #$6C
f1325   c39434399    i47666529    A:6C X:3C Y:37 S:C8 P:nvUbdizc  $00:91DE: 6A       ROR
f1325   c39434401    i47666530    A:36 X:3C Y:37 S:C8 P:nvUbdizc  $00:91DF: 45 E8    EOR $E8 = #$00
f1325   c39437507    i47667602    A:F6 X:14 Y:01 S:C8 P:NvUbdizC  $00:91C8: 6A       ROR
f1325   c39437509    i47667603    A:FB X:14 Y:01 S:C8 P:NvUbdizc  $00:91C9: 45 E6    EOR $E6 = #$FF
f1325   c39437512    i47667604    A:04 X:14 Y:01 S:C8 P:nvUbdizc  $00:91CB: 10 08    BPL $91D5
f1325   c39437515    i47667605    A:04 X:14 Y:01 S:C8 P:nvUbdizc  $00:91D5: A5 E8    LDA $E8 = #$00
f1325   c39437518    i47667606    A:00 X:14 Y:01 S:C8 P:nvUbdiZc  $00:91D7: 18       CLC
f1325   c39437520    i47667607    A:00 X:14 Y:01 S:C8 P:nvUbdiZc  $00:91D8: 7D 6B 04 ADC $046B,X @ $047F = #$94
f1325   c39437524    i47667608    A:94 X:14 Y:01 S:C8 P:NvUbdizc  $00:91DB: 9D 6B 04 STA $046B,X @ $047F = #$94
f1325   c39437529    i47667609    A:94 X:14 Y:01 S:C8 P:NvUbdizc  $00:91DE: 6A       ROR
f1325   c39437531    i47667610    A:4A X:14 Y:01 S:C8 P:nvUbdizc  $00:91DF: 45 E8    EOR $E8 = #$00
f1325   c39437534    i47667611    A:4A X:14 Y:01 S:C8 P:nvUbdizc  $00:91E1: 10 08    BPL $91EB
f1325   c39437537    i47667612    A:4A X:14 Y:01 S:C8 P:nvUbdizc  $00:91EB: 8A       TXA
f1325   c39437539    i47667613    A:14 X:14 Y:01 S:C8 P:nvUbdizc  $00:91EC: 18       CLC
f1325   c39437541    i47667614    A:14 X:14 Y:01 S:C8 P:nvUbdizc  $00:91ED: 69 04    ADC #$04
f1325   c39437543    i47667615    A:18 X:14 Y:01 S:C8 P:nvUbdizc  $00:91EF: AA       TAX
f1325   c39437545    i47667616    A:18 X:18 Y:01 S:C8 P:nvUbdizc  $00:91F0: 88       DEY
f1325   c39437547    i47667617    A:18 X:18 Y:00 S:C8 P:nvUbdiZc  $00:91F1: D0 CC    BNE $91BF
f1325   c39437549    i47667618    A:18 X:18 Y:00 S:C8 P:nvUbdiZc  $00:91F3: A0 01    LDY #$01
f1325   c39437551    i47667619    A:18 X:18 Y:01 S:C8 P:nvUbdizc  $00:91F5: B1 94    LDA ($94),Y @ $0589 = #$01
f1325   c39437556    i47667620    A:01 X:18 Y:01 S:C8 P:nvUbdizc  $00:91F7: 38       SEC
f1325   c39437558    i47667621    A:01 X:18 Y:01 S:C8 P:nvUbdizC  $00:91F8: E9 01    SBC #$01
f1325   c39437560    i47667622    A:00 X:18 Y:01 S:C8 P:nvUbdiZC  $00:91FA: 91 94    STA ($94),Y @ $0589 = #$01
f1325   c39437566    i47667623    A:00 X:18 Y:01 S:C8 P:nvUbdiZC  $00:91FC: F0 03    BEQ $9201
f1325   c39437570    i47667624    A:00 X:18 Y:01 S:C8 P:nvUbdiZC  $00:9201: A0 00    LDY #$00
f1325   c39437572    i47667625    A:00 X:18 Y:00 S:C8 P:nvUbdiZC  $00:9203: B1 94    LDA ($94),Y @ $0588 = #$A9
f1325   c39437577    i47667626    A:A9 X:18 Y:00 S:C8 P:NvUbdizC  $00:9205: 29 01    AND #$01
f1325   c39437579    i47667627    A:01 X:18 Y:00 S:C8 P:nvUbdizC  $00:9207: 18       CLC
f1325   c39437581    i47667628    A:01 X:18 Y:00 S:C8 P:nvUbdizc  $00:9208: 69 09    ADC #$09
f1325   c39437583    i47667629    A:0A X:18 Y:00 S:C8 P:nvUbdizc  $00:920A: AA       TAX
f1325   c39437585    i47667630    A:0A X:0A Y:00 S:C8 P:nvUbdizc  $00:920B: 20 B9 C4 JSR $C4B9
f1325   c39437591    i47667631    A:0A X:0A Y:00 S:C6 P:nvUbdizc  $0F:C4B9: 86 25    STX $25 = #$0A
f1325   c39437594    i47667632    A:0A X:0A Y:00 S:C6 P:nvUbdizc  $0F:C4BB: A9 07    LDA #$07
f1325   c39437596    i47667633    A:07 X:0A Y:00 S:C6 P:nvUbdizc  $0F:C4BD: 05 22    ORA $22 = #$00
f1325   c39437599    i47667634    A:07 X:0A Y:00 S:C6 P:nvUbdizc  $0F:C4BF: 85 23    STA $23 = #$06
f1325   c39437602    i47667635    A:07 X:0A Y:00 S:C6 P:nvUbdizc  $0F:C4C1: 8D 00 80 STA $8000 = #$A5
f1325   c39437606    i47667636    A:07 X:0A Y:00 S:C6 P:nvUbdizc  $0F:C4C4: 8E 01 80 STX $8001 = #$27
f1325   c39437610    i47667637    A:07 X:0A Y:00 S:C6 P:nvUbdizc  $0F:C4C7: 60       RTS (from $C4B9)
f1325   c39437616    i47667638    A:07 X:0A Y:00 S:C8 P:nvUbdizc  $00:920E: A0 02    LDY #$02
f1325   c39437618    i47667639    A:07 X:0A Y:02 S:C8 P:nvUbdizc  $00:9210: B1 94    LDA ($94),Y @ $058A = #$95
f1325   c39437623    i47667640    A:95 X:0A Y:02 S:C8 P:NvUbdizc  $00:9212: 85 92    STA $92 = #$94
f1325   c39437626    i47667641    A:95 X:0A Y:02 S:C8 P:NvUbdizc  $00:9214: C8       INY
f1325   c39437628    i47667642    A:95 X:0A Y:03 S:C8 P:nvUbdizc  $00:9215: B1 94    LDA ($94),Y @ $058B = #$A2
f1325   c39437633    i47667643    A:A2 X:0A Y:03 S:C8 P:NvUbdizc  $00:9217: 85 93    STA $93 = #$A2
f1327   c39506117    i47689886    A:00 X:04 Y:22 S:C1 P:nVUbdIZC  $01:A1A8: B5 78    LDA $78,X @ $007C = #$80
f1327   c39506121    i47689887    A:80 X:04 Y:22 S:C1 P:NVUbdIzC  $01:A1AA: 29 7F    AND #$7F
f1327   c39506123    i47689888    A:00 X:04 Y:22 S:C1 P:nVUbdIZC  $01:A1AC: F0 12    BEQ $A1C0
f1327   c39506126    i47689889    A:00 X:04 Y:22 S:C1 P:nVUbdIZC  $01:A1C0: 8D 00 E0 STA $E000 = #$FF
f1327   c39506130    i47689890    A:00 X:04 Y:22 S:C1 P:nVUbdIZC  $01:A1C3: 85 78    STA $78 = #$04
f1327   c39506133    i47689891    A:00 X:04 Y:22 S:C1 P:nVUbdIZC  $01:A1C5: A0 18    LDY #$18
f1327   c39506135    i47689892    A:00 X:04 Y:18 S:C1 P:nVUbdIzC  $01:A1C7: 20 CB A1 JSR $A1CB
f1327   c39506141    i47689893    A:00 X:04 Y:18 S:BF P:nVUbdIzC  $01:A1CB: B6 78    LDX $78,Y @ $0090 = #$00
f1327   c39506145    i47689894    A:00 X:00 Y:18 S:BF P:nVUbdIZC  $01:A1CD: A9 00    LDA #$00
f1327   c39506147    i47689895    A:00 X:00 Y:18 S:BF P:nVUbdIZC  $01:A1CF: 05 22    ORA $22 = #$00
f1327   c39506150    i47689896    A:00 X:00 Y:18 S:BF P:nVUbdIZC  $01:A1D1: 8D 00 80 STA $8000 = #$A5
f1327   c39506154    i47689897    A:00 X:00 Y:18 S:BF P:nVUbdIZC  $01:A1D4: 8E 01 80 STX $8001 = #$27
f1327   c39506158    i47689898    A:00 X:00 Y:18 S:BF P:nVUbdIZC  $01:A1D7: B6 79    LDX $79,Y @ $0091 = #$02
f1327   c39506162    i47689899    A:00 X:02 Y:18 S:BF P:nVUbdIzC  $01:A1D9: A9 01    LDA #$01
f1327   c39506164    i47689900    A:01 X:02 Y:18 S:BF P:nVUbdIzC  $01:A1DB: 05 22    ORA $22 = #$00
f1327   c39506167    i47689901    A:01 X:02 Y:18 S:BF P:nVUbdIzC  $01:A1DD: 8D 00 80 STA $8000 = #$A5
f1327   c39506171    i47689902    A:01 X:02 Y:18 S:BF P:nVUbdIzC  $01:A1E0: 8E 01 80 STX $8001 = #$27
f1327   c39506175    i47689903    A:01 X:02 Y:18 S:BF P:nVUbdIzC  $01:A1E3: 60       RTS (from $A1CB)
f1327   c39506181    i47689904    A:01 X:02 Y:18 S:C1 P:nVUbdIzC  $01:A1CA: 60       RTS (from $A160)
f1327   c39506187    i47689905    A:01 X:02 Y:18 S:C3 P:nVUbdIzC  $0F:C494: A5 22    LDA $22 = #$00
f1327   c39506190    i47689906    A:00 X:02 Y:18 S:C3 P:nVUbdIZC  $0F:C496: 09 07    ORA #$07
f1327   c39506192    i47689907    A:07 X:02 Y:18 S:C3 P:nVUbdIzC  $0F:C498: 8D 00 80 STA $8000 = #$A5
f1327   c39506196    i47689908    A:07 X:02 Y:18 S:C3 P:nVUbdIzC  $0F:C49B: A5 25    LDA $25 = #$0A
f1327   c39506199    i47689909    A:0A X:02 Y:18 S:C3 P:nVUbdIzC  $0F:C49D: 8D 01 80 STA $8001 = #$27
f1327   c39506203    i47689910    A:0A X:02 Y:18 S:C3 P:nVUbdIzC  $0F:C4A0: A5 23    LDA $23 = #$07
f1327   c39506206    i47689911    A:07 X:02 Y:18 S:C3 P:nVUbdIzC  $0F:C4A2: 8D 00 80 STA $8000 = #$A5
f1327   c39506210    i47689912    A:07 X:02 Y:18 S:C3 P:nVUbdIzC  $0F:C4A5: A4 3E    LDY $3E = #$00
f1327   c39506213    i47689913    A:07 X:02 Y:00 S:C3 P:nVUbdIZC  $0F:C4A7: A6 3D    LDX $3D = #$E8
f1327   c39506216    i47689914    A:07 X:E8 Y:00 S:C3 P:NVUbdIzC  $0F:C4A9: A5 3C    LDA $3C = #$01
f1327   c39506219    i47689915    A:01 X:E8 Y:00 S:C3 P:nVUbdIzC  $0F:C4AB: 46 3B    LSR $3B = #$AA
f1327   c39506224    i47689916    A:01 X:E8 Y:00 S:C3 P:nVUbdIzc  $0F:C4AD: 40       RTI
f1327   c39506230    i47689917    A:01 X:E8 Y:00 S:C6 P:nvUbdizc  $00:9569: 9D 6A 04 STA $046A,X @ $0552 = #$01
f1327   c39506235    i47689918    A:01 X:E8 Y:00 S:C6 P:nvUbdizc  $00:956C: C8       INY
f1327   c39506237    i47689919    A:01 X:E8 Y:01 S:C6 P:nvUbdizc  $00:956D: B1 E6    LDA ($E6),Y @ $BA4D = #$2A
f1327   c39506242    i47689920    A:2A X:E8 Y:01 S:C6 P:nvUbdizc  $00:956F: 9D 69 04 STA $0469,X @ $0551 = #$2A
f1327   c39506247    i47689921    A:2A X:E8 Y:01 S:C6 P:nvUbdizc  $00:9572: A5 98    LDA $98 = #$E8
f1327   c39506250    i47689922    A:E8 X:E8 Y:01 S:C6 P:NvUbdizc  $00:9574: 18       CLC
f1327   c39506252    i47689923    A:E8 X:E8 Y:01 S:C6 P:NvUbdizc  $00:9575: 69 04    ADC #$04
f1327   c39506254    i47689924    A:EC X:E8 Y:01 S:C6 P:NvUbdizc  $00:9577: 85 98    STA $98 = #$E8
f1327   c39506257    i47689925    A:EC X:E8 Y:01 S:C6 P:NvUbdizc  $00:9579: A5 E6    LDA $E6 = #$4C
f1327   c39506260    i47689926    A:4C X:E8 Y:01 S:C6 P:nvUbdizc  $00:957B: 18       CLC
f1329   c39553637    i47704883    A:68 X:18 Y:00 S:C8 P:nvUbdizc  $00:94C3: 18       CLC
f1329   c39553639    i47704884    A:68 X:18 Y:00 S:C8 P:nvUbdizc  $00:94C4: 69 20    ADC #$20
f1329   c39553641    i47704885    A:88 X:18 Y:00 S:C8 P:NVUbdizc  $00:94C6: 85 94    STA $94 = #$68
f1329   c39553644    i47704886    A:88 X:18 Y:00 S:C8 P:NVUbdizc  $00:94C8: A5 95    LDA $95 = #$05
f1329   c39553647    i47704887    A:05 X:18 Y:00 S:C8 P:nVUbdizc  $00:94CA: 69 00    ADC #$00
f1329   c39553649    i47704888    A:05 X:18 Y:00 S:C8 P:nvUbdizc  $00:94CC: 85 95    STA $95 = #$05
f1329   c39553652    i47704889    A:05 X:18 Y:00 S:C8 P:nvUbdizc  $00:94CE: C6 96    DEC $96 = #$04
f1329   c39553657    i47704890    A:05 X:18 Y:00 S:C8 P:nvUbdizc  $00:94D0: F0 03    BEQ $94D5
f1329   c39553659    i47704891    A:05 X:18 Y:00 S:C8 P:nvUbdizc  $00:94D2: 4C 54 91 JMP $9154
f1329   c39553662    i47704892    A:05 X:18 Y:00 S:C8 P:nvUbdizc  $00:9154: A0 00    LDY #$00
f1329   c39553664    i47704893    A:05 X:18 Y:00 S:C8 P:nvUbdiZc  $00:9156: B1 94    LDA ($94),Y @ $0588 = #$A9
f1329   c39553669    i47704894    A:A9 X:18 Y:00 S:C8 P:NvUbdizc  $00:9158: 30 03    BMI $915D
f1329   c39553672    i47704895    A:A9 X:18 Y:00 S:C8 P:NvUbdizc  $00:915D: AA       TAX
f1329   c39553674    i47704896    A:A9 X:A9 Y:00 S:C8 P:NvUbdizc  $00:915E: A0 04    LDY #$04
f1329   c39553676    i47704897    A:A9 X:A9 Y:04 S:C8 P:nvUbdizc  $00:9160: 20 4A 97 JSR $974A
f1329   c39553682    i47704898    A:A9 X:A9 Y:04 S:C6 P:nvUbdizc  $00:974A: B1 94    LDA ($94),Y @ $058C = #$80
f1329   c39553687    i47704899    A:80 X:A9 Y:04 S:C6 P:NvUbdizc  $00:974C: 0A       ASL
f1329   c39553689    i47704900    A:00 X:A9 Y:04 S:C6 P:nvUbdiZC  $00:974D: C8       INY
f1329   c39553691    i47704901    A:00 X:A9 Y:05 S:C6 P:nvUbdizC  $00:974E: B1 94    LDA ($94),Y @ $058D = #$21
f1329   c39553696    i47704902    A:21 X:A9 Y:05 S:C6 P:nvUbdizC  $00:9750: 2A       ROL
f1329   c39553698    i47704903    A:43 X:A9 Y:05 S:C6 P:nvUbdizc  $00:9751: 99 95 00 STA $0095,Y @ $009A = #$43
f1329   c39553703    i47704904    A:43 X:A9 Y:05 S:C6 P:nvUbdizc  $00:9754: A9 00    LDA #$00
f1329   c39553705    i47704905    A:00 X:A9 Y:05 S:C6 P:nvUbdiZc  $00:9756: 2A       ROL
f1329   c39553707    i47704906    A:00 X:A9 Y:05 S:C6 P:nvUbdiZc  $00:9757: 99 96 00 STA $0096,Y @ $009B = #$00
f1329   c39553712    i47704907    A:00 X:A9 Y:05 S:C6 P:nvUbdiZc  $00:975A: 60       RTS (from $974A)
f1329   c39553718    i47704908    A:00 X:A9 Y:05 S:C8 P:nvUbdiZc  $00:9163: A0 06    LDY #$06
f1329   c39553720    i47704909    A:00 X:A9 Y:06 S:C8 P:nvUbdizc  $00:9165: 20 4A 97 JSR $974A
f1329   c39553726    i47704910    A:00 X:A9 Y:06 S:C6 P:nvUbdizc  $00:974A: B1 94    LDA ($94),Y @ $058E = #$00
f1329   c39553731    i47704911    A:00 X:A9 Y:06 S:C6 P:nvUbdiZc  $00:974C: 0A       ASL
f1329   c39553733    i47704912    A:00 X:A9 Y:06 S:C6 P:nvUbdiZc  $00:974D: C8       INY
f1329   c39553735    i47704913    A:00 X:A9 Y:07 S:C6 P:nvUbdizc  $00:974E: B1 94    LDA ($94),Y @ $058F = #$3A
f1329   c39553740    i47704914    A:3A X:A9 Y:07 S:C6 P:nvUbdizc  $00:9750: 2A       ROL
f1329   c39553742    i47704915    A:74 X:A9 Y:07 S:C6 P:nvUbdizc  $00:9751: 99 95 00 STA $0095,Y @ $009C = #$74
f1329   c39553747    i47704916    A:74 X:A9 Y:07 S:C6 P:nvUbdizc  $00:9754: A9 00    LDA #$00
f1329   c39553749    i47704917    A:00 X:A9 Y:07 S:C6 P:nvUbdiZc  $00:9756: 2A       ROL
f1329   c39553751    i47704918    A:00 X:A9 Y:07 S:C6 P:nvUbdiZc  $00:9757: 99 96 00 STA $0096,Y @ $009D = #$00
f1329   c39553756    i47704919    A:00 X:A9 Y:07 S:C6 P:nvUbdiZc  $00:975A: 60       RTS (from $974A)
f1329   c39553762    i47704920    A:00 X:A9 Y:07 S:C8 P:nvUbdiZc  $00:9168: 8A       TXA
f1329   c39553764    i47704921    A:A9 X:A9 Y:07 S:C8 P:NvUbdizc  $00:9169: 29 10    AND #$10
f1329   c39553766    i47704922    A:00 X:A9 Y:07 S:C8 P:nvUbdiZc  $00:916B: D0 39    BNE $91A6
f1329   c39553768    i47704923    A:00 X:A9 Y:07 S:C8 P:nvUbdiZc  $00:916D: 8A       TXA
f1329   c39553770    i47704924    A:A9 X:A9 Y:07 S:C8 P:NvUbdizc  $00:916E: 29 20    AND #$20
f1330   c39583185    i47714442    A:00 X:00 Y:07 S:C8 P:nvUbdiZC  $00:91A3: 4C B4 91 JMP $91B4
f1330   c39583188    i47714443    A:00 X:00 Y:07 S:C8 P:nvUbdiZC  $00:91B4: A0 10    LDY #$10
f1330   c39583190    i47714444    A:00 X:00 Y:10 S:C8 P:nvUbdizC  $00:91B6: B1 94    LDA ($94),Y @ $0598 = #$38
f1330   c39583195    i47714445    A:38 X:00 Y:10 S:C8 P:nvUbdizC  $00:91B8: AA       TAX
f1330   c39583197    i47714446    A:38 X:38 Y:10 S:C8 P:nvUbdizC  $00:91B9: C8       INY
f1330   c39583199    i47714447    A:38 X:38 Y:11 S:C8 P:nvUbdizC  $00:91BA: B1 94    LDA ($94),Y @ $0599 = #$E0
f1330   c39583204    i47714448    A:E0 X:38 Y:11 S:C8 P:NvUbdizC  $00:91BC: 4A       LSR
f1330   c39583206    i47714449    A:70 X:38 Y:11 S:C8 P:nvUbdizc  $00:91BD: 4A       LSR
f1330   c39583208    i47714450    A:38 X:38 Y:11 S:C8 P:nvUbdizc  $00:91BE: A8       TAY
f1330   c39583210    i47714451    A:38 X:38 Y:38 S:C8 P:nvUbdizc  $00:91BF: A5 E6    LDA $E6 = #$01
f1330   c39583213    i47714452    A:01 X:38 Y:38 S:C8 P:nvUbdizc  $00:91C1: 18       CLC
f1330   c39583215    i47714453    A:01 X:38 Y:38 S:C8 P:nvUbdizc  $00:91C2: 7D 68 04 ADC $0468,X @ $04A0 = #$4A
f1330   c39583219    i47714454    A:4B X:38 Y:38 S:C8 P:nvUbdizc  $00:91C5: 9D 68 04 STA $0468,X @ $04A0 = #$4A
f1330   c39583224    i47714455    A:4B X:38 Y:38 S:C8 P:nvUbdizc  $00:91C8: 6A       ROR
f1330   c39583226    i47714456    A:25 X:38 Y:38 S:C8 P:nvUbdizC  $00:91C9: 45 E6    EOR $E6 = #$01
f1330   c39583229    i47714457    A:24 X:38 Y:38 S:C8 P:nvUbdizC  $00:91CB: 10 08    BPL $91D5
f1330   c39583232    i47714458    A:24 X:38 Y:38 S:C8 P:nvUbdizC  $00:91D5: A5 E8    LDA $E8 = #$00
f1330   c39583235    i47714459    A:00 X:38 Y:38 S:C8 P:nvUbdiZC  $00:91D7: 18       CLC
f1330   c39583237    i47714460    A:00 X:38 Y:38 S:C8 P:nvUbdiZc  $00:91D8: 7D 6B 04 ADC $046B,X @ $04A3 = #$6C
f1330   c39583241    i47714461    A:6C X:38 Y:38 S:C8 P:nvUbdizc  $00:91DB: 9D 6B 04 STA $046B,X @ $04A3 = #$6C
f1330   c39583246    i47714462    A:6C X:38 Y:38 S:C8 P:nvUbdizc  $00:91DE: 6A       ROR
f1330   c39583248    i47714463    A:36 X:38 Y:38 S:C8 P:nvUbdizc  $00:91DF: 45 E8    EOR $E8 = #$00
f1330   c39583251    i47714464    A:36 X:38 Y:38 S:C8 P:nvUbdizc  $00:91E1: 10 08    BPL $91EB
f1330   c39583254    i47714465    A:36 X:38 Y:38 S:C8 P:nvUbdizc  $00:91EB: 8A       TXA
f1330   c39583256    i47714466    A:38 X:38 Y:38 S:C8 P:nvUbdizc  $00:91EC: 18       CLC
f1330   c39583258    i47714467    A:38 X:38 Y:38 S:C8 P:nvUbdizc  $00:91ED: 69 04    ADC #$04
f1330   c39583260    i47714468    A:3C X:38 Y:38 S:C8 P:nvUbdizc  $00:91EF: AA       TAX
f1330   c39583262    i47714469    A:3C X:3C Y:38 S:C8 P:nvUbdizc  $00:91F0: 88       DEY
f1330   c39583264    i47714470    A:3C X:3C Y:37 S:C8 P:nvUbdizc  $00:91F1: D0 CC    BNE $91BF
f1330   c39583267    i47714471    A:3C X:3C Y:37 S:C8 P:nvUbdizc  $00:91BF: A5 E6    LDA $E6 = #$01
f1330   c39583270    i47714472    A:01 X:3C Y:37 S:C8 P:nvUbdizc  $00:91C1: 18       CLC
f1330   c39583272    i47714473    A:01 X:3C Y:37 S:C8 P:nvUbdizc  $00:91C2: 7D 68 04 ADC $0468,X @ $04A4 = #$52
f1330   c39583276    i47714474    A:53 X:3C Y:37 S:C8 P:nvUbdizc  $00:91C5: 9D 68 04 STA $0468,X @ $04A4 = #$52
f1330   c39583281    i47714475    A:53 X:3C Y:37 S:C8 P:nvUbdizc  $00:91C8: 6A       ROR
f1330   c39583283    i47714476    A:29 X:3C Y:37 S:C8 P:nvUbdizC  $00:91C9: 45 E6    EOR $E6 = #$01
f1330   c39583286    i47714477    A:28 X:3C Y:37 S:C8 P:nvUbdizC  $00:91CB: 10 08    BPL $91D5
f1330   c39583289    i47714478    A:28 X:3C Y:37 S:C8 P:nvUbdizC  $00:91D5: A5 E8    LDA $E8 = #$00
f1330   c39583292    i47714479    A:00 X:3C Y:37 S:C8 P:nvUbdiZC  $00:91D7: 18       CLC
f1330   c39583294    i47714480    A:00 X:3C Y:37 S:C8 P:nvUbdiZc  $00:91D8: 7D 6B 04 ADC $046B,X @ $04A7 = #$6C
f1330   c39583298    i47714481    A:6C X:3C Y:37 S:C8 P:nvUbdizc  $00:91DB: 9D 6B 04 STA $046B,X @ $04A7 = #$6C
f1330   c39583303    i47714482    A:6C X:3C Y:37 S:C8 P:nvUbdizc  $00:91DE: 6A       ROR
f1330   c39583305    i47714483    A:36 X:3C Y:37 S:C8 P:nvUbdizc  $00:91DF: 45 E8    EOR $E8 = #$00
f1334   c39699483    i47751729    A:0C X:00 Y:0F S:DB P:nvUbdIZc  $06:8002: BC 00 07 LDY $0700,X @ $0700 = #$00
f1334   c39699487    i47751730    A:0C X:00 Y:00 S:DB P:nvUbdIZc  $06:8005: C0 32    CPY #$32
f1334   c39699493    i47751731    A:0C X:00 Y:00 S:DB P:NvUbdIzc  $06:8007: B0 0E    BCS $8017
f1334   c39699495    i47751732    A:0C X:00 Y:00 S:DB P:NvUbdIzc  $06:8009: A0 07    LDY #$07
f1334   c39699497    i47751733    A:0C X:00 Y:07 S:DB P:nvUbdIzc  $06:800B: 8C 00 80 STY $8000 = #$A2
f1334   c39699501    i47751734    A:0C X:00 Y:07 S:DB P:nvUbdIzc  $06:800E: AC FC 07 LDY $07FC = #$0F
f1334   c39699505    i47751735    A:0C X:00 Y:0F S:DB P:nvUbdIzc  $06:8011: 8C 01 80 STY $8001 = #$05
f1334   c39699509    i47751736    A:0C X:00 Y:0F S:DB P:nvUbdIzc  $06:8014: 4C 5E 80 JMP $805E
f1334   c39699512    i47751737    A:0C X:00 Y:0F S:DB P:nvUbdIzc  $06:805E: CA       DEX
f1334   c39699514    i47751738    A:0C X:FF Y:0F S:DB P:NvUbdIzc  $06:805F: 10 A1    BPL $8002
f1334   c39699516    i47751739    A:0C X:FF Y:0F S:DB P:NvUbdIzc  $06:8061: A2 05    LDX #$05
f1334   c39699518    i47751740    A:0C X:05 Y:0F S:DB P:nvUbdIzc  $06:8063: BC 00 07 LDY $0700,X @ $0705 = #$00
f1334   c39699522    i47751741    A:0C X:05 Y:00 S:DB P:nvUbdIZc  $06:8066: F0 4F    BEQ $80B7
f1334   c39699525    i47751742    A:0C X:05 Y:00 S:DB P:nvUbdIZc  $06:80B7: CA       DEX
f1334   c39699527    i47751743    A:0C X:04 Y:00 S:DB P:nvUbdIzc  $06:80B8: 10 A9    BPL $8063
f1334   c39699530    i47751744    A:0C X:04 Y:00 S:DB P:nvUbdIzc  $06:8063: BC 00 07 LDY $0700,X @ $0704 = #$00
f1334   c39699534    i47751745    A:0C X:04 Y:00 S:DB P:nvUbdIZc  $06:8066: F0 4F    BEQ $80B7
f1334   c39699537    i47751746    A:0C X:04 Y:00 S:DB P:nvUbdIZc  $06:80B7: CA       DEX
f1334   c39699539    i47751747    A:0C X:03 Y:00 S:DB P:nvUbdIzc  $06:80B8: 10 A9    BPL $8063
f1334   c39699542    i47751748    A:0C X:03 Y:00 S:DB P:nvUbdIzc  $06:8063: BC 00 07 LDY $0700,X @ $0703 = #$00
f1334   c39699546    i47751749    A:0C X:03 Y:00 S:DB P:nvUbdIZc  $06:8066: F0 4F    BEQ $80B7
f1334   c39699549    i47751750    A:0C X:03 Y:00 S:DB P:nvUbdIZc  $06:80B7: CA       DEX
f1334   c39699551    i47751751    A:0C X:02 Y:00 S:DB P:nvUbdIzc  $06:80B8: 10 A9    BPL $8063
f1334   c39699554    i47751752    A:0C X:02 Y:00 S:DB P:nvUbdIzc  $06:8063: BC 00 07 LDY $0700,X @ $0702 = #$00
f1334   c39699558    i47751753    A:0C X:02 Y:00 S:DB P:nvUbdIZc  $06:8066: F0 4F    BEQ $80B7
f1334   c39699561    i47751754    A:0C X:02 Y:00 S:DB P:nvUbdIZc  $06:80B7: CA       DEX
f1334   c39699563    i47751755    A:0C X:01 Y:00 S:DB P:nvUbdIzc  $06:80B8: 10 A9    BPL $8063
f1334   c39699566    i47751756    A:0C X:01 Y:00 S:DB P:nvUbdIzc  $06:8063: BC 00 07 LDY $0700,X @ $0701 = #$00
f1334   c39699570    i47751757    A:0C X:01 Y:00 S:DB P:nvUbdIZc  $06:8066: F0 4F    BEQ $80B7
f1334   c39699573    i47751758    A:0C X:01 Y:00 S:DB P:nvUbdIZc  $06:80B7: CA       DEX
f1334   c39699575    i47751759    A:0C X:00 Y:00 S:DB P:nvUbdIZc  $06:80B8: 10 A9    BPL $8063
f1334   c39699578    i47751760    A:0C X:00 Y:00 S:DB P:nvUbdIZc  $06:8063: BC 00 07 LDY $0700,X @ $0700 = #$00
f1334   c39699582    i47751761    A:0C X:00 Y:00 S:DB P:nvUbdIZc  $06:8066: F0 4F    BEQ $80B7
f1334   c39699585    i47751762    A:0C X:00 Y:00 S:DB P:nvUbdIZc  $06:80B7: CA       DEX
f1334   c39699587    i47751763    A:0C X:FF Y:00 S:DB P:NvUbdIzc  $06:80B8: 10 A9    BPL $8063
f1334   c39699589    i47751764    A:0C X:FF Y:00 S:DB P:NvUbdIzc  $06:80BA: A9 27    LDA #$27
f1334   c39699591    i47751765    A:27 X:FF Y:00 S:DB P:nvUbdIzc  $06:80BC: 85 F0    STA $F0 = #$67
f1334   c39699594    i47751766    A:27 X:FF Y:00 S:DB P:nvUbdIzc  $06:80BE: A9 07    LDA #$07
f1334   c39699596    i47751767    A:07 X:FF Y:00 S:DB P:nvUbdIzc  $06:80C0: 85 F1    STA $F1 = #$07
f1334   c39699599    i47751768    A:07 X:FF Y:00 S:DB P:nvUbdIzc  $06:80C2: A9 00    LDA #$00
f1334   c39699601    i47751769    A:00 X:FF Y:00 S:DB P:nvUbdIZc  $06:80C4: 85 F2    STA $F2 = #$FF
f1334   c39699604    i47751770    A:00 X:FF Y:00 S:DB P:nvUbdIZc  $06:80C6: A0 08    LDY #$08
f1335   c39732415    i47762127    A:00 X:00 Y:07 S:C8 P:nvUbdiZC  $00:91A1: 85 E8    STA $E8 = #$74
f1335   c39732418    i47762128    A:00 X:00 Y:07 S:C8 P:nvUbdiZC  $00:91A3: 4C B4 91 JMP $91B4
f1335   c39732421    i47762129    A:00 X:00 Y:07 S:C8 P:nvUbdiZC  $00:91B4: A0 10    LDY #$10
f1335   c39732423    i47762130    A:00 X:00 Y:10 S:C8 P:nvUbdizC  $00:91B6: B1 94    LDA ($94),Y @ $0598 = #$38
f1335   c39732428    i47762131    A:38 X:00 Y:10 S:C8 P:nvUbdizC  $00:91B8: AA       TAX
f1335   c39732430    i47762132    A:38 X:38 Y:10 S:C8 P:nvUbdizC  $00:91B9: C8       INY
f1335   c39732432    i47762133    A:38 X:38 Y:11 S:C8 P:nvUbdizC  $00:91BA: B1 94    LDA ($94),Y @ $0599 = #$E0
f1335   c39732437    i47762134    A:E0 X:38 Y:11 S:C8 P:NvUbdizC  $00:91BC: 4A       LSR
f1335   c39732439    i47762135    A:70 X:38 Y:11 S:C8 P:nvUbdizc  $00:91BD: 4A       LSR
f1335   c39732441    i47762136    A:38 X:38 Y:11 S:C8 P:nvUbdizc  $00:91BE: A8       TAY
f1335   c39732443    i47762137    A:38 X:38 Y:38 S:C8 P:nvUbdizc  $00:91BF: A5 E6    LDA $E6 = #$01
f1335   c39732446    i47762138    A:01 X:38 Y:38 S:C8 P:nvUbdizc  $00:91C1: 18       CLC
f1335   c39732448    i47762139    A:01 X:38 Y:38 S:C8 P:nvUbdizc  $00:91C2: 7D 68 04 ADC $0468,X @ $04A0 = #$4B
f1335   c39732452    i47762140    A:4C X:38 Y:38 S:C8 P:nvUbdizc  $00:91C5: 9D 68 04 STA $0468,X @ $04A0 = #$4B
f1335   c39732457    i47762141    A:4C X:38 Y:38 S:C8 P:nvUbdizc  $00:91C8: 6A       ROR
f1335   c39732459    i47762142    A:26 X:38 Y:38 S:C8 P:nvUbdizc  $00:91C9: 45 E6    EOR $E6 = #$01
f1335   c39732462    i47762143    A:27 X:38 Y:38 S:C8 P:nvUbdizc  $00:91CB: 10 08    BPL $91D5
f1335   c39732465    i47762144    A:27 X:38 Y:38 S:C8 P:nvUbdizc  $00:91D5: A5 E8    LDA $E8 = #$00
f1335   c39732468    i47762145    A:00 X:38 Y:38 S:C8 P:nvUbdiZc  $00:91D7: 18       CLC
f1335   c39732470    i47762146    A:00 X:38 Y:38 S:C8 P:nvUbdiZc  $00:91D8: 7D 6B 04 ADC $046B,X @ $04A3 = #$6C
f1335   c39732474    i47762147    A:6C X:38 Y:38 S:C8 P:nvUbdizc  $00:91DB: 9D 6B 04 STA $046B,X @ $04A3 = #$6C
f1335   c39732479    i47762148    A:6C X:38 Y:38 S:C8 P:nvUbdizc  $00:91DE: 6A       ROR
f1335   c39732481    i47762149    A:36 X:38 Y:38 S:C8 P:nvUbdizc  $00:91DF: 45 E8    EOR $E8 = #$00
f1335   c39732484    i47762150    A:36 X:38 Y:38 S:C8 P:nvUbdizc  $00:91E1: 10 08    BPL $91EB
f1335   c39732487    i47762151    A:36 X:38 Y:38 S:C8 P:nvUbdizc  $00:91EB: 8A       TXA
f1335   c39732489    i47762152    A:38 X:38 Y:38 S:C8 P:nvUbdizc  $00:91EC: 18       CLC
f1335   c39732491    i47762153    A:38 X:38 Y:38 S:C8 P:nvUbdizc  $00:91ED: 69 04    ADC #$04
f1335   c39732493    i47762154    A:3C X:38 Y:38 S:C8 P:nvUbdizc  $00:91EF: AA       TAX
f1335   c39732495    i47762155    A:3C X:3C Y:38 S:C8 P:nvUbdizc  $00:91F0: 88       DEY
f1335   c39732497    i47762156    A:3C X:3C Y:37 S:C8 P:nvUbdizc  $00:91F1: D0 CC    BNE $91BF
f1335   c39732500    i47762157    A:3C X:3C Y:37 S:C8 P:nvUbdizc  $00:91BF: A5 E6    LDA $E6 = #$01
f1335   c39732503    i47762158    A:01 X:3C Y:37 S:C8 P:nvUbdizc  $00:91C1: 18       CLC
f1335   c39732505    i47762159    A:01 X:3C Y:37 S:C8 P:nvUbdizc  $00:91C2: 7D 68 04 ADC $0468,X @ $04A4 = #$53
f1335   c39732509    i47762160    A:54 X:3C Y:37 S:C8 P:nvUbdizc  $00:91C5: 9D 68 04 STA $0468,X @ $04A4 = #$53
f1335   c39732514    i47762161    A:54 X:3C Y:37 S:C8 P:nvUbdizc  $00:91C8: 6A       ROR
f1335   c39732516    i47762162    A:2A X:3C Y:37 S:C8 P:nvUbdizc  $00:91C9: 45 E6    EOR $E6 = #$01
f1335   c39732519    i47762163    A:2B X:3C Y:37 S:C8 P:nvUbdizc  $00:91CB: 10 08    BPL $91D5
f1335   c39732522    i47762164    A:2B X:3C Y:37 S:C8 P:nvUbdizc  $00:91D5: A5 E8    LDA $E8 = #$00
f1335   c39732525    i47762165    A:00 X:3C Y:37 S:C8 P:nvUbdiZc  $00:91D7: 18       CLC
f1335   c39732527    i47762166    A:00 X:3C Y:37 S:C8 P:nvUbdiZc  $00:91D8: 7D 6B 04 ADC $046B,X @ $04A7 = #$6C
f1335   c39732531    i47762167    A:6C X:3C Y:37 S:C8 P:nvUbdizc  $00:91DB: 9D 6B 04 STA $046B,X @ $04A7 = #$6C
f1335   c39732536    i47762168    A:6C X:3C Y:37 S:C8 P:nvUbdizc  $00:91DE: 6A       ROR
f1335   c39735672    i47763241    A:FA X:14 Y:01 S:C8 P:NvUbdizc  $00:91C8: 6A       ROR
f1335   c39735674    i47763242    A:7D X:14 Y:01 S:C8 P:nvUbdizc  $00:91C9: 45 E6    EOR $E6 = #$01
f1335   c39735677    i47763243    A:7C X:14 Y:01 S:C8 P:nvUbdizc  $00:91CB: 10 08    BPL $91D5
f1335   c39735680    i47763244    A:7C X:14 Y:01 S:C8 P:nvUbdizc  $00:91D5: A5 E8    LDA $E8 = #$00
f1335   c39735683    i47763245    A:00 X:14 Y:01 S:C8 P:nvUbdiZc  $00:91D7: 18       CLC
f1335   c39735685    i47763246    A:00 X:14 Y:01 S:C8 P:nvUbdiZc  $00:91D8: 7D 6B 04 ADC $046B,X @ $047F = #$94
f1335   c39735689    i47763247    A:94 X:14 Y:01 S:C8 P:NvUbdizc  $00:91DB: 9D 6B 04 STA $046B,X @ $047F = #$94
f1335   c39735694    i47763248    A:94 X:14 Y:01 S:C8 P:NvUbdizc  $00:91DE: 6A       ROR
f1335   c39735696    i47763249    A:4A X:14 Y:01 S:C8 P:nvUbdizc  $00:91DF: 45 E8    EOR $E8 = #$00
f1335   c39735699    i47763250    A:4A X:14 Y:01 S:C8 P:nvUbdizc  $00:91E1: 10 08    BPL $91EB
f1335   c39735702    i47763251    A:4A X:14 Y:01 S:C8 P:nvUbdizc  $00:91EB: 8A       TXA
f1335   c39735704    i47763252    A:14 X:14 Y:01 S:C8 P:nvUbdizc  $00:91EC: 18       CLC
f1335   c39735706    i47763253    A:14 X:14 Y:01 S:C8 P:nvUbdizc  $00:91ED: 69 04    ADC #$04
f1335   c39735708    i47763254    A:18 X:14 Y:01 S:C8 P:nvUbdizc  $00:91EF: AA       TAX
f1335   c39735710    i47763255    A:18 X:18 Y:01 S:C8 P:nvUbdizc  $00:91F0: 88       DEY
f1335   c39735712    i47763256    A:18 X:18 Y:00 S:C8 P:nvUbdiZc  $00:91F1: D0 CC    BNE $91BF
f1335   c39735714    i47763257    A:18 X:18 Y:00 S:C8 P:nvUbdiZc  $00:91F3: A0 01    LDY #$01
f1335   c39735716    i47763258    A:18 X:18 Y:01 S:C8 P:nvUbdizc  $00:91F5: B1 94    LDA ($94),Y @ $0589 = #$01
f1335   c39735721    i47763259    A:01 X:18 Y:01 S:C8 P:nvUbdizc  $00:91F7: 38       SEC
f1335   c39735723    i47763260    A:01 X:18 Y:01 S:C8 P:nvUbdizC  $00:91F8: E9 01    SBC #$01
f1335   c39735725    i47763261    A:00 X:18 Y:01 S:C8 P:nvUbdiZC  $00:91FA: 91 94    STA ($94),Y @ $0589 = #$01
f1335   c39735731    i47763262    A:00 X:18 Y:01 S:C8 P:nvUbdiZC  $00:91FC: F0 03    BEQ $9201
f1335   c39735735    i47763263    A:00 X:18 Y:01 S:C8 P:nvUbdiZC  $00:9201: A0 00    LDY #$00
f1335   c39735737    i47763264    A:00 X:18 Y:00 S:C8 P:nvUbdiZC  $00:9203: B1 94    LDA ($94),Y @ $0588 = #$A9
f1335   c39735742    i47763265    A:A9 X:18 Y:00 S:C8 P:NvUbdizC  $00:9205: 29 01    AND #$01
f1335   c39735744    i47763266    A:01 X:18 Y:00 S:C8 P:nvUbdizC  $00:9207: 18       CLC
f1335   c39735746    i47763267    A:01 X:18 Y:00 S:C8 P:nvUbdizc  $00:9208: 69 09    ADC #$09
f1335   c39735748    i47763268    A:0A X:18 Y:00 S:C8 P:nvUbdizc  $00:920A: AA       TAX
f1335   c39735750    i47763269    A:0A X:0A Y:00 S:C8 P:nvUbdizc  $00:920B: 20 B9 C4 JSR $C4B9
f1335   c39735756    i47763270    A:0A X:0A Y:00 S:C6 P:nvUbdizc  $0F:C4B9: 86 25    STX $25 = #$0A
f1335   c39735759    i47763271    A:0A X:0A Y:00 S:C6 P:nvUbdizc  $0F:C4BB: A9 07    LDA #$07
f1335   c39735761    i47763272    A:07 X:0A Y:00 S:C6 P:nvUbdizc  $0F:C4BD: 05 22    ORA $22 = #$00
f1335   c39735764    i47763273    A:07 X:0A Y:00 S:C6 P:nvUbdizc  $0F:C4BF: 85 23    STA $23 = #$06
f1335   c39735767    i47763274    A:07 X:0A Y:00 S:C6 P:nvUbdizc  $0F:C4C1: 8D 00 80 STA $8000 = #$A5
f1335   c39735771    i47763275    A:07 X:0A Y:00 S:C6 P:nvUbdizc  $0F:C4C4: 8E 01 80 STX $8001 = #$27
f1335   c39735779    i47763276    A:07 X:0A Y:00 S:C6 P:nvUbdizc  $0F:C4C7: 60       RTS (from $C4B9)
f1335   c39735785    i47763277    A:07 X:0A Y:00 S:C8 P:nvUbdizc  $00:920E: A0 02    LDY #$02
f1335   c39735787    i47763278    A:07 X:0A Y:02 S:C8 P:nvUbdizc  $00:9210: B1 94    LDA ($94),Y @ $058A = #$9C
f1335   c39735792    i47763279    A:9C X:0A Y:02 S:C8 P:NvUbdizc  $00:9212: 85 92    STA $92 = #$9B
f1335   c39735795    i47763280    A:9C X:0A Y:02 S:C8 P:NvUbdizc  $00:9214: C8       INY
f1335   c39735797    i47763281    A:9C X:0A Y:03 S:C8 P:nvUbdizc  $00:9215: B1 94    LDA ($94),Y @ $058B = #$A2
f1335   c39735802    i47763282    A:A2 X:0A Y:03 S:C8 P:NvUbdizc  $00:9217: 85 93    STA $93 = #$A2
f1339   c39851689    i47800114    A:00 X:00 Y:07 S:C8 P:nvUbdiZC  $00:91B4: A0 10    LDY #$10
f1339   c39851691    i47800115    A:00 X:00 Y:10 S:C8 P:nvUbdizC  $00:91B6: B1 94    LDA ($94),Y @ $0598 = #$38
f1339   c39851696    i47800116    A:38 X:00 Y:10 S:C8 P:nvUbdizC  $00:91B8: AA       TAX
f1339   c39851698    i47800117    A:38 X:38 Y:10 S:C8 P:nvUbdizC  $00:91B9: C8       INY
f1339   c39851700    i47800118    A:38 X:38 Y:11 S:C8 P:nvUbdizC  $00:91BA: B1 94    LDA ($94),Y @ $0599 = #$E0
f1339   c39851705    i47800119    A:E0 X:38 Y:11 S:C8 P:NvUbdizC  $00:91BC: 4A       LSR
f1339   c39851707    i47800120    A:70 X:38 Y:11 S:C8 P:nvUbdizc  $00:91BD: 4A       LSR
f1339   c39851709    i47800121    A:38 X:38 Y:11 S:C8 P:nvUbdizc  $00:91BE: A8       TAY
f1339   c39851711    i47800122    A:38 X:38 Y:38 S:C8 P:nvUbdizc  $00:91BF: A5 E6    LDA $E6 = #$01
f1339   c39851714    i47800123    A:01 X:38 Y:38 S:C8 P:nvUbdizc  $00:91C1: 18       CLC
f1339   c39851716    i47800124    A:01 X:38 Y:38 S:C8 P:nvUbdizc  $00:91C2: 7D 68 04 ADC $0468,X @ $04A0 = #$4B
f1339   c39851720    i47800125    A:4C X:38 Y:38 S:C8 P:nvUbdizc  $00:91C5: 9D 68 04 STA $0468,X @ $04A0 = #$4B
f1339   c39851725    i47800126    A:4C X:38 Y:38 S:C8 P:nvUbdizc  $00:91C8: 6A       ROR
f1339   c39851727    i47800127    A:26 X:38 Y:38 S:C8 P:nvUbdizc  $00:91C9: 45 E6    EOR $E6 = #$01
f1339   c39851730    i47800128    A:27 X:38 Y:38 S:C8 P:nvUbdizc  $00:91CB: 10 08    BPL $91D5
f1339   c39851733    i47800129    A:27 X:38 Y:38 S:C8 P:nvUbdizc  $00:91D5: A5 E8    LDA $E8 = #$00
f1339   c39851736    i47800130    A:00 X:38 Y:38 S:C8 P:nvUbdiZc  $00:91D7: 18       CLC
f1339   c39851738    i47800131    A:00 X:38 Y:38 S:C8 P:nvUbdiZc  $00:91D8: 7D 6B 04 ADC $046B,X @ $04A3 = #$6C
f1339   c39851742    i47800132    A:6C X:38 Y:38 S:C8 P:nvUbdizc  $00:91DB: 9D 6B 04 STA $046B,X @ $04A3 = #$6C
f1339   c39851747    i47800133    A:6C X:38 Y:38 S:C8 P:nvUbdizc  $00:91DE: 6A       ROR
f1339   c39851749    i47800134    A:36 X:38 Y:38 S:C8 P:nvUbdizc  $00:91DF: 45 E8    EOR $E8 = #$00
f1339   c39851752    i47800135    A:36 X:38 Y:38 S:C8 P:nvUbdizc  $00:91E1: 10 08    BPL $91EB
f1339   c39851755    i47800136    A:36 X:38 Y:38 S:C8 P:nvUbdizc  $00:91EB: 8A       TXA
f1339   c39851757    i47800137    A:38 X:38 Y:38 S:C8 P:nvUbdizc  $00:91EC: 18       CLC
f1339   c39851759    i47800138    A:38 X:38 Y:38 S:C8 P:nvUbdizc  $00:91ED: 69 04    ADC #$04
f1339   c39851761    i47800139    A:3C X:38 Y:38 S:C8 P:nvUbdizc  $00:91EF: AA       TAX
f1339   c39851763    i47800140    A:3C X:3C Y:38 S:C8 P:nvUbdizc  $00:91F0: 88       DEY
f1339   c39851765    i47800141    A:3C X:3C Y:37 S:C8 P:nvUbdizc  $00:91F1: D0 CC    BNE $91BF
f1339   c39851768    i47800142    A:3C X:3C Y:37 S:C8 P:nvUbdizc  $00:91BF: A5 E6    LDA $E6 = #$01
f1339   c39851771    i47800143    A:01 X:3C Y:37 S:C8 P:nvUbdizc  $00:91C1: 18       CLC
f1339   c39851773    i47800144    A:01 X:3C Y:37 S:C8 P:nvUbdizc  $00:91C2: 7D 68 04 ADC $0468,X @ $04A4 = #$53
f1339   c39851777    i47800145    A:54 X:3C Y:37 S:C8 P:nvUbdizc  $00:91C5: 9D 68 04 STA $0468,X @ $04A4 = #$53
f1339   c39851782    i47800146    A:54 X:3C Y:37 S:C8 P:nvUbdizc  $00:91C8: 6A       ROR
f1339   c39851784    i47800147    A:2A X:3C Y:37 S:C8 P:nvUbdizc  $00:91C9: 45 E6    EOR $E6 = #$01
f1339   c39851787    i47800148    A:2B X:3C Y:37 S:C8 P:nvUbdizc  $00:91CB: 10 08    BPL $91D5
f1339   c39851790    i47800149    A:2B X:3C Y:37 S:C8 P:nvUbdizc  $00:91D5: A5 E8    LDA $E8 = #$00
f1339   c39851793    i47800150    A:00 X:3C Y:37 S:C8 P:nvUbdiZc  $00:91D7: 18       CLC
f1339   c39851795    i47800151    A:00 X:3C Y:37 S:C8 P:nvUbdiZc  $00:91D8: 7D 6B 04 ADC $046B,X @ $04A7 = #$6C
f1339   c39851799    i47800152    A:6C X:3C Y:37 S:C8 P:nvUbdizc  $00:91DB: 9D 6B 04 STA $046B,X @ $04A7 = #$6C
f1339   c39851804    i47800153    A:6C X:3C Y:37 S:C8 P:nvUbdizc  $00:91DE: 6A       ROR
f1339   c39851806    i47800154    A:36 X:3C Y:37 S:C8 P:nvUbdizc  $00:91DF: 45 E8    EOR $E8 = #$00
f1339   c39851809    i47800155    A:36 X:3C Y:37 S:C8 P:nvUbdizc  $00:91E1: 10 08    BPL $91EB
f1341   c39911052    i47819083    A:00 X:00 Y:07 S:C8 P:nvUbdiZC  $00:91A1: 85 E8    STA $E8 = #$74
f1341   c39911055    i47819084    A:00 X:00 Y:07 S:C8 P:nvUbdiZC  $00:91A3: 4C B4 91 JMP $91B4
f1341   c39911058    i47819085    A:00 X:00 Y:07 S:C8 P:nvUbdiZC  $00:91B4: A0 10    LDY #$10
f1341   c39911060    i47819086    A:00 X:00 Y:10 S:C8 P:nvUbdizC  $00:91B6: B1 94    LDA ($94),Y @ $0598 = #$38
f1341   c39911065    i47819087    A:38 X:00 Y:10 S:C8 P:nvUbdizC  $00:91B8: AA       TAX
f1341   c39911067    i47819088    A:38 X:38 Y:10 S:C8 P:nvUbdizC  $00:91B9: C8       INY
f1341   c39911069    i47819089    A:38 X:38 Y:11 S:C8 P:nvUbdizC  $00:91BA: B1 94    LDA ($94),Y @ $0599 = #$E0
f1341   c39911074    i47819090    A:E0 X:38 Y:11 S:C8 P:NvUbdizC  $00:91BC: 4A       LSR
f1341   c39911076    i47819091    A:70 X:38 Y:11 S:C8 P:nvUbdizc  $00:91BD: 4A       LSR
f1341   c39911078    i47819092    A:38 X:38 Y:11 S:C8 P:nvUbdizc  $00:91BE: A8       TAY
f1341   c39911080    i47819093    A:38 X:38 Y:38 S:C8 P:nvUbdizc  $00:91BF: A5 E6    LDA $E6 = #$FF
f1341   c39911083    i47819094    A:FF X:38 Y:38 S:C8 P:NvUbdizc  $00:91C1: 18       CLC
f1341   c39911085    i47819095    A:FF X:38 Y:38 S:C8 P:NvUbdizc  $00:91C2: 7D 68 04 ADC $0468,X @ $04A0 = #$4B
f1341   c39911089    i47819096    A:4A X:38 Y:38 S:C8 P:nvUbdizC  $00:91C5: 9D 68 04 STA $0468,X @ $04A0 = #$4B
f1341   c39911094    i47819097    A:4A X:38 Y:38 S:C8 P:nvUbdizC  $00:91C8: 6A       ROR
f1341   c39911096    i47819098    A:A5 X:38 Y:38 S:C8 P:NvUbdizc  $00:91C9: 45 E6    EOR $E6 = #$FF
f1341   c39911099    i47819099    A:5A X:38 Y:38 S:C8 P:nvUbdizc  $00:91CB: 10 08    BPL $91D5
f1341   c39911102    i47819100    A:5A X:38 Y:38 S:C8 P:nvUbdizc  $00:91D5: A5 E8    LDA $E8 = #$00
f1341   c39911105    i47819101    A:00 X:38 Y:38 S:C8 P:nvUbdiZc  $00:91D7: 18       CLC
f1341   c39911107    i47819102    A:00 X:38 Y:38 S:C8 P:nvUbdiZc  $00:91D8: 7D 6B 04 ADC $046B,X @ $04A3 = #$6C
f1341   c39911111    i47819103    A:6C X:38 Y:38 S:C8 P:nvUbdizc  $00:91DB: 9D 6B 04 STA $046B,X @ $04A3 = #$6C
f1341   c39911116    i47819104    A:6C X:38 Y:38 S:C8 P:nvUbdizc  $00:91DE: 6A       ROR
f1341   c39911118    i47819105    A:36 X:38 Y:38 S:C8 P:nvUbdizc  $00:91DF: 45 E8    EOR $E8 = #$00
f1341   c39911121    i47819106    A:36 X:38 Y:38 S:C8 P:nvUbdizc  $00:91E1: 10 08    BPL $91EB
f1341   c39911124    i47819107    A:36 X:38 Y:38 S:C8 P:nvUbdizc  $00:91EB: 8A       TXA
f1341   c39911126    i47819108    A:38 X:38 Y:38 S:C8 P:nvUbdizc  $00:91EC: 18       CLC
f1341   c39911128    i47819109    A:38 X:38 Y:38 S:C8 P:nvUbdizc  $00:91ED: 69 04    ADC #$04
f1341   c39911130    i47819110    A:3C X:38 Y:38 S:C8 P:nvUbdizc  $00:91EF: AA       TAX
f1341   c39911132    i47819111    A:3C X:3C Y:38 S:C8 P:nvUbdizc  $00:91F0: 88       DEY
f1341   c39911134    i47819112    A:3C X:3C Y:37 S:C8 P:nvUbdizc  $00:91F1: D0 CC    BNE $91BF
f1341   c39911137    i47819113    A:3C X:3C Y:37 S:C8 P:nvUbdizc  $00:91BF: A5 E6    LDA $E6 = #$FF
f1341   c39911140    i47819114    A:FF X:3C Y:37 S:C8 P:NvUbdizc  $00:91C1: 18       CLC
f1341   c39911142    i47819115    A:FF X:3C Y:37 S:C8 P:NvUbdizc  $00:91C2: 7D 68 04 ADC $0468,X @ $04A4 = #$53
f1341   c39911146    i47819116    A:52 X:3C Y:37 S:C8 P:nvUbdizC  $00:91C5: 9D 68 04 STA $0468,X @ $04A4 = #$53
f1341   c39911151    i47819117    A:52 X:3C Y:37 S:C8 P:nvUbdizC  $00:91C8: 6A       ROR
f1341   c39911153    i47819118    A:A9 X:3C Y:37 S:C8 P:NvUbdizc  $00:91C9: 45 E6    EOR $E6 = #$FF
f1341   c39911156    i47819119    A:56 X:3C Y:37 S:C8 P:nvUbdizc  $00:91CB: 10 08    BPL $91D5
f1341   c39911159    i47819120    A:56 X:3C Y:37 S:C8 P:nvUbdizc  $00:91D5: A5 E8    LDA $E8 = #$00
f1341   c39911162    i47819121    A:00 X:3C Y:37 S:C8 P:nvUbdiZc  $00:91D7: 18       CLC
f1341   c39911164    i47819122    A:00 X:3C Y:37 S:C8 P:nvUbdiZc  $00:91D8: 7D 6B 04 ADC $046B,X @ $04A7 = #$6C
f1341   c39911168    i47819123    A:6C X:3C Y:37 S:C8 P:nvUbdizc  $00:91DB: 9D 6B 04 STA $046B,X @ $04A7 = #$6C
f1341   c39911173    i47819124    A:6C X:3C Y:37 S:C8 P:nvUbdizc  $00:91DE: 6A       ROR
f1341   c39914281    i47820197    A:F6 X:14 Y:01 S:C8 P:NvUbdizC  $00:91C8: 6A       ROR
f1341   c39914283    i47820198    A:FB X:14 Y:01 S:C8 P:NvUbdizc  $00:91C9: 45 E6    EOR $E6 = #$FF
f1341   c39914286    i47820199    A:04 X:14 Y:01 S:C8 P:nvUbdizc  $00:91CB: 10 08    BPL $91D5
f1341   c39914289    i47820200    A:04 X:14 Y:01 S:C8 P:nvUbdizc  $00:91D5: A5 E8    LDA $E8 = #$00
f1341   c39914292    i47820201    A:00 X:14 Y:01 S:C8 P:nvUbdiZc  $00:91D7: 18       CLC
f1341   c39914294    i47820202    A:00 X:14 Y:01 S:C8 P:nvUbdiZc  $00:91D8: 7D 6B 04 ADC $046B,X @ $047F = #$94
f1341   c39914298    i47820203    A:94 X:14 Y:01 S:C8 P:NvUbdizc  $00:91DB: 9D 6B 04 STA $046B,X @ $047F = #$94
f1341   c39914303    i47820204    A:94 X:14 Y:01 S:C8 P:NvUbdizc  $00:91DE: 6A       ROR
f1341   c39914305    i47820205    A:4A X:14 Y:01 S:C8 P:nvUbdizc  $00:91DF: 45 E8    EOR $E8 = #$00
f1341   c39914308    i47820206    A:4A X:14 Y:01 S:C8 P:nvUbdizc  $00:91E1: 10 08    BPL $91EB
f1341   c39914311    i47820207    A:4A X:14 Y:01 S:C8 P:nvUbdizc  $00:91EB: 8A       TXA
f1341   c39914313    i47820208    A:14 X:14 Y:01 S:C8 P:nvUbdizc  $00:91EC: 18       CLC
f1341   c39914315    i47820209    A:14 X:14 Y:01 S:C8 P:nvUbdizc  $00:91ED: 69 04    ADC #$04
f1341   c39914317    i47820210    A:18 X:14 Y:01 S:C8 P:nvUbdizc  $00:91EF: AA       TAX
f1341   c39914319    i47820211    A:18 X:18 Y:01 S:C8 P:nvUbdizc  $00:91F0: 88       DEY
f1341   c39914321    i47820212    A:18 X:18 Y:00 S:C8 P:nvUbdiZc  $00:91F1: D0 CC    BNE $91BF
f1341   c39914323    i47820213    A:18 X:18 Y:00 S:C8 P:nvUbdiZc  $00:91F3: A0 01    LDY #$01
f1341   c39914325    i47820214    A:18 X:18 Y:01 S:C8 P:nvUbdizc  $00:91F5: B1 94    LDA ($94),Y @ $0589 = #$01
f1341   c39914330    i47820215    A:01 X:18 Y:01 S:C8 P:nvUbdizc  $00:91F7: 38       SEC
f1341   c39914332    i47820216    A:01 X:18 Y:01 S:C8 P:nvUbdizC  $00:91F8: E9 01    SBC #$01
f1341   c39914334    i47820217    A:00 X:18 Y:01 S:C8 P:nvUbdiZC  $00:91FA: 91 94    STA ($94),Y @ $0589 = #$01
f1341   c39914340    i47820218    A:00 X:18 Y:01 S:C8 P:nvUbdiZC  $00:91FC: F0 03    BEQ $9201
f1341   c39914344    i47820219    A:00 X:18 Y:01 S:C8 P:nvUbdiZC  $00:9201: A0 00    LDY #$00
f1341   c39914346    i47820220    A:00 X:18 Y:00 S:C8 P:nvUbdiZC  $00:9203: B1 94    LDA ($94),Y @ $0588 = #$A9
f1341   c39914351    i47820221    A:A9 X:18 Y:00 S:C8 P:NvUbdizC  $00:9205: 29 01    AND #$01
f1341   c39914353    i47820222    A:01 X:18 Y:00 S:C8 P:nvUbdizC  $00:9207: 18       CLC
f1341   c39914355    i47820223    A:01 X:18 Y:00 S:C8 P:nvUbdizc  $00:9208: 69 09    ADC #$09
f1341   c39914357    i47820224    A:0A X:18 Y:00 S:C8 P:nvUbdizc  $00:920A: AA       TAX
f1341   c39914359    i47820225    A:0A X:0A Y:00 S:C8 P:nvUbdizc  $00:920B: 20 B9 C4 JSR $C4B9
f1341   c39914365    i47820226    A:0A X:0A Y:00 S:C6 P:nvUbdizc  $0F:C4B9: 86 25    STX $25 = #$0A
f1341   c39914368    i47820227    A:0A X:0A Y:00 S:C6 P:nvUbdizc  $0F:C4BB: A9 07    LDA #$07
f1341   c39914370    i47820228    A:07 X:0A Y:00 S:C6 P:nvUbdizc  $0F:C4BD: 05 22    ORA $22 = #$00
f1341   c39914373    i47820229    A:07 X:0A Y:00 S:C6 P:nvUbdizc  $0F:C4BF: 85 23    STA $23 = #$06
f1341   c39914376    i47820230    A:07 X:0A Y:00 S:C6 P:nvUbdizc  $0F:C4C1: 8D 00 80 STA $8000 = #$A5
f1341   c39914380    i47820231    A:07 X:0A Y:00 S:C6 P:nvUbdizc  $0F:C4C4: 8E 01 80 STX $8001 = #$27
f1341   c39914384    i47820232    A:07 X:0A Y:00 S:C6 P:nvUbdizc  $0F:C4C7: 60       RTS (from $C4B9)
f1341   c39914390    i47820233    A:07 X:0A Y:00 S:C8 P:nvUbdizc  $00:920E: A0 02    LDY #$02
f1341   c39914392    i47820234    A:07 X:0A Y:02 S:C8 P:nvUbdizc  $00:9210: B1 94    LDA ($94),Y @ $058A = #$95
f1341   c39914397    i47820235    A:95 X:0A Y:02 S:C8 P:NvUbdizc  $00:9212: 85 92    STA $92 = #$94
f1341   c39914400    i47820236    A:95 X:0A Y:02 S:C8 P:NvUbdizc  $00:9214: C8       INY
f1341   c39914402    i47820237    A:95 X:0A Y:03 S:C8 P:nvUbdizc  $00:9215: B1 94    LDA ($94),Y @ $058B = #$A2
f1341   c39914407    i47820238    A:A2 X:0A Y:03 S:C8 P:NvUbdizc  $00:9217: 85 93    STA $93 = #$A2
f1343   c39970485    i47838210    A:00 X:00 Y:07 S:C8 P:nvUbdiZC  $00:91A3: 4C B4 91 JMP $91B4
f1343   c39970488    i47838211    A:00 X:00 Y:07 S:C8 P:nvUbdiZC  $00:91B4: A0 10    LDY #$10
f1343   c39970490    i47838212    A:00 X:00 Y:10 S:C8 P:nvUbdizC  $00:91B6: B1 94    LDA ($94),Y @ $0598 = #$38
f1343   c39970495    i47838213    A:38 X:00 Y:10 S:C8 P:nvUbdizC  $00:91B8: AA       TAX
f1343   c39970497    i47838214    A:38 X:38 Y:10 S:C8 P:nvUbdizC  $00:91B9: C8       INY
f1343   c39970499    i47838215    A:38 X:38 Y:11 S:C8 P:nvUbdizC  $00:91BA: B1 94    LDA ($94),Y @ $0599 = #$E0
f1343   c39970504    i47838216    A:E0 X:38 Y:11 S:C8 P:NvUbdizC  $00:91BC: 4A       LSR
f1343   c39970506    i47838217    A:70 X:38 Y:11 S:C8 P:nvUbdizc  $00:91BD: 4A       LSR
f1343   c39970508    i47838218    A:38 X:38 Y:11 S:C8 P:nvUbdizc  $00:91BE: A8       TAY
f1343   c39970510    i47838219    A:38 X:38 Y:38 S:C8 P:nvUbdizc  $00:91BF: A5 E6    LDA $E6 = #$01
f1343   c39970513    i47838220    A:01 X:38 Y:38 S:C8 P:nvUbdizc  $00:91C1: 18       CLC
f1343   c39970515    i47838221    A:01 X:38 Y:38 S:C8 P:nvUbdizc  $00:91C2: 7D 68 04 ADC $0468,X @ $04A0 = #$4B
f1343   c39970519    i47838222    A:4C X:38 Y:38 S:C8 P:nvUbdizc  $00:91C5: 9D 68 04 STA $0468,X @ $04A0 = #$4B
f1343   c39970524    i47838223    A:4C X:38 Y:38 S:C8 P:nvUbdizc  $00:91C8: 6A       ROR
f1343   c39970526    i47838224    A:26 X:38 Y:38 S:C8 P:nvUbdizc  $00:91C9: 45 E6    EOR $E6 = #$01
f1343   c39970529    i47838225    A:27 X:38 Y:38 S:C8 P:nvUbdizc  $00:91CB: 10 08    BPL $91D5
f1343   c39970532    i47838226    A:27 X:38 Y:38 S:C8 P:nvUbdizc  $00:91D5: A5 E8    LDA $E8 = #$00
f1343   c39970535    i47838227    A:00 X:38 Y:38 S:C8 P:nvUbdiZc  $00:91D7: 18       CLC
f1343   c39970537    i47838228    A:00 X:38 Y:38 S:C8 P:nvUbdiZc  $00:91D8: 7D 6B 04 ADC $046B,X @ $04A3 = #$6C
f1343   c39970541    i47838229    A:6C X:38 Y:38 S:C8 P:nvUbdizc  $00:91DB: 9D 6B 04 STA $046B,X @ $04A3 = #$6C
f1343   c39970546    i47838230    A:6C X:38 Y:38 S:C8 P:nvUbdizc  $00:91DE: 6A       ROR
f1343   c39970548    i47838231    A:36 X:38 Y:38 S:C8 P:nvUbdizc  $00:91DF: 45 E8    EOR $E8 = #$00
f1343   c39970551    i47838232    A:36 X:38 Y:38 S:C8 P:nvUbdizc  $00:91E1: 10 08    BPL $91EB
f1343   c39970554    i47838233    A:36 X:38 Y:38 S:C8 P:nvUbdizc  $00:91EB: 8A       TXA
f1343   c39970556    i47838234    A:38 X:38 Y:38 S:C8 P:nvUbdizc  $00:91EC: 18       CLC
f1343   c39970558    i47838235    A:38 X:38 Y:38 S:C8 P:nvUbdizc  $00:91ED: 69 04    ADC #$04
f1343   c39970560    i47838236    A:3C X:38 Y:38 S:C8 P:nvUbdizc  $00:91EF: AA       TAX
f1343   c39970562    i47838237    A:3C X:3C Y:38 S:C8 P:nvUbdizc  $00:91F0: 88       DEY
f1343   c39970564    i47838238    A:3C X:3C Y:37 S:C8 P:nvUbdizc  $00:91F1: D0 CC    BNE $91BF
f1343   c39970567    i47838239    A:3C X:3C Y:37 S:C8 P:nvUbdizc  $00:91BF: A5 E6    LDA $E6 = #$01
f1343   c39970570    i47838240    A:01 X:3C Y:37 S:C8 P:nvUbdizc  $00:91C1: 18       CLC
f1343   c39970572    i47838241    A:01 X:3C Y:37 S:C8 P:nvUbdizc  $00:91C2: 7D 68 04 ADC $0468,X @ $04A4 = #$53
f1343   c39970576    i47838242    A:54 X:3C Y:37 S:C8 P:nvUbdizc  $00:91C5: 9D 68 04 STA $0468,X @ $04A4 = #$53
f1343   c39970581    i47838243    A:54 X:3C Y:37 S:C8 P:nvUbdizc  $00:91C8: 6A       ROR
f1343   c39970583    i47838244    A:2A X:3C Y:37 S:C8 P:nvUbdizc  $00:91C9: 45 E6    EOR $E6 = #$01
f1343   c39970586    i47838245    A:2B X:3C Y:37 S:C8 P:nvUbdizc  $00:91CB: 10 08    BPL $91D5
f1343   c39970589    i47838246    A:2B X:3C Y:37 S:C8 P:nvUbdizc  $00:91D5: A5 E8    LDA $E8 = #$00
f1343   c39970592    i47838247    A:00 X:3C Y:37 S:C8 P:nvUbdiZc  $00:91D7: 18       CLC
f1343   c39970594    i47838248    A:00 X:3C Y:37 S:C8 P:nvUbdiZc  $00:91D8: 7D 6B 04 ADC $046B,X @ $04A7 = #$6C
f1343   c39970598    i47838249    A:6C X:3C Y:37 S:C8 P:nvUbdizc  $00:91DB: 9D 6B 04 STA $046B,X @ $04A7 = #$6C
f1343   c39970603    i47838250    A:6C X:3C Y:37 S:C8 P:nvUbdizc  $00:91DE: 6A       ROR
f1343   c39970605    i47838251    A:36 X:3C Y:37 S:C8 P:nvUbdizc  $00:91DF: 45 E8    EOR $E8 = #$00
f1343   c39973711    i47839323    A:FA X:14 Y:01 S:C8 P:NvUbdizc  $00:91C8: 6A       ROR
f1343   c39973713    i47839324    A:7D X:14 Y:01 S:C8 P:nvUbdizc  $00:91C9: 45 E6    EOR $E6 = #$01
f1343   c39973716    i47839325    A:7C X:14 Y:01 S:C8 P:nvUbdizc  $00:91CB: 10 08    BPL $91D5
f1343   c39973719    i47839326    A:7C X:14 Y:01 S:C8 P:nvUbdizc  $00:91D5: A5 E8    LDA $E8 = #$00
f1343   c39973722    i47839327    A:00 X:14 Y:01 S:C8 P:nvUbdiZc  $00:91D7: 18       CLC
f1343   c39973724    i47839328    A:00 X:14 Y:01 S:C8 P:nvUbdiZc  $00:91D8: 7D 6B 04 ADC $046B,X @ $047F = #$94
f1343   c39973728    i47839329    A:94 X:14 Y:01 S:C8 P:NvUbdizc  $00:91DB: 9D 6B 04 STA $046B,X @ $047F = #$94
f1343   c39973733    i47839330    A:94 X:14 Y:01 S:C8 P:NvUbdizc  $00:91DE: 6A       ROR
f1343   c39973735    i47839331    A:4A X:14 Y:01 S:C8 P:nvUbdizc  $00:91DF: 45 E8    EOR $E8 = #$00
f1343   c39973738    i47839332    A:4A X:14 Y:01 S:C8 P:nvUbdizc  $00:91E1: 10 08    BPL $91EB
f1343   c39973741    i47839333    A:4A X:14 Y:01 S:C8 P:nvUbdizc  $00:91EB: 8A       TXA
f1343   c39973743    i47839334    A:14 X:14 Y:01 S:C8 P:nvUbdizc  $00:91EC: 18       CLC
f1343   c39973745    i47839335    A:14 X:14 Y:01 S:C8 P:nvUbdizc  $00:91ED: 69 04    ADC #$04
f1343   c39973747    i47839336    A:18 X:14 Y:01 S:C8 P:nvUbdizc  $00:91EF: AA       TAX
f1343   c39973749    i47839337    A:18 X:18 Y:01 S:C8 P:nvUbdizc  $00:91F0: 88       DEY
f1343   c39973751    i47839338    A:18 X:18 Y:00 S:C8 P:nvUbdiZc  $00:91F1: D0 CC    BNE $91BF
f1343   c39973753    i47839339    A:18 X:18 Y:00 S:C8 P:nvUbdiZc  $00:91F3: A0 01    LDY #$01
f1343   c39973755    i47839340    A:18 X:18 Y:01 S:C8 P:nvUbdizc  $00:91F5: B1 94    LDA ($94),Y @ $0589 = #$01
f1343   c39973760    i47839341    A:01 X:18 Y:01 S:C8 P:nvUbdizc  $00:91F7: 38       SEC
f1343   c39973762    i47839342    A:01 X:18 Y:01 S:C8 P:nvUbdizC  $00:91F8: E9 01    SBC #$01
f1343   c39973764    i47839343    A:00 X:18 Y:01 S:C8 P:nvUbdiZC  $00:91FA: 91 94    STA ($94),Y @ $0589 = #$01
f1343   c39973770    i47839344    A:00 X:18 Y:01 S:C8 P:nvUbdiZC  $00:91FC: F0 03    BEQ $9201
f1343   c39973774    i47839345    A:00 X:18 Y:01 S:C8 P:nvUbdiZC  $00:9201: A0 00    LDY #$00
f1343   c39973776    i47839346    A:00 X:18 Y:00 S:C8 P:nvUbdiZC  $00:9203: B1 94    LDA ($94),Y @ $0588 = #$A9
f1343   c39973781    i47839347    A:A9 X:18 Y:00 S:C8 P:NvUbdizC  $00:9205: 29 01    AND #$01
f1343   c39973783    i47839348    A:01 X:18 Y:00 S:C8 P:nvUbdizC  $00:9207: 18       CLC
f1343   c39973785    i47839349    A:01 X:18 Y:00 S:C8 P:nvUbdizc  $00:9208: 69 09    ADC #$09
f1343   c39973787    i47839350    A:0A X:18 Y:00 S:C8 P:nvUbdizc  $00:920A: AA       TAX
f1343   c39973789    i47839351    A:0A X:0A Y:00 S:C8 P:nvUbdizc  $00:920B: 20 B9 C4 JSR $C4B9
f1343   c39973795    i47839352    A:0A X:0A Y:00 S:C6 P:nvUbdizc  $0F:C4B9: 86 25    STX $25 = #$0A
f1343   c39973798    i47839353    A:0A X:0A Y:00 S:C6 P:nvUbdizc  $0F:C4BB: A9 07    LDA #$07
f1343   c39973800    i47839354    A:07 X:0A Y:00 S:C6 P:nvUbdizc  $0F:C4BD: 05 22    ORA $22 = #$00
f1343   c39973803    i47839355    A:07 X:0A Y:00 S:C6 P:nvUbdizc  $0F:C4BF: 85 23    STA $23 = #$06
f1343   c39973806    i47839356    A:07 X:0A Y:00 S:C6 P:nvUbdizc  $0F:C4C1: 8D 00 80 STA $8000 = #$A5
f1343   c39973810    i47839357    A:07 X:0A Y:00 S:C6 P:nvUbdizc  $0F:C4C4: 8E 01 80 STX $8001 = #$27
f1343   c39973814    i47839358    A:07 X:0A Y:00 S:C6 P:nvUbdizc  $0F:C4C7: 60       RTS (from $C4B9)
f1343   c39973820    i47839359    A:07 X:0A Y:00 S:C8 P:nvUbdizc  $00:920E: A0 02    LDY #$02
f1343   c39973822    i47839360    A:07 X:0A Y:02 S:C8 P:nvUbdizc  $00:9210: B1 94    LDA ($94),Y @ $058A = #$9C
f1343   c39973827    i47839361    A:9C X:0A Y:02 S:C8 P:NvUbdizc  $00:9212: 85 92    STA $92 = #$9B
f1343   c39973830    i47839362    A:9C X:0A Y:02 S:C8 P:NvUbdizc  $00:9214: C8       INY
f1343   c39973832    i47839363    A:9C X:0A Y:03 S:C8 P:nvUbdizc  $00:9215: B1 94    LDA ($94),Y @ $058B = #$A2
f1343   c39973837    i47839364    A:A2 X:0A Y:03 S:C8 P:NvUbdizc  $00:9217: 85 93    STA $93 = #$A2
f1344   c40000514    i47847936    A:00 X:00 Y:07 S:C8 P:nvUbdiZC  $00:91A1: 85 E8    STA $E8 = #$74
f1344   c40000517    i47847937    A:00 X:00 Y:07 S:C8 P:nvUbdiZC  $00:91A3: 4C B4 91 JMP $91B4
f1344   c40000520    i47847938    A:00 X:00 Y:07 S:C8 P:nvUbdiZC  $00:91B4: A0 10    LDY #$10
f1344   c40000522    i47847939    A:00 X:00 Y:10 S:C8 P:nvUbdizC  $00:91B6: B1 94    LDA ($94),Y @ $0598 = #$38
f1344   c40000527    i47847940    A:38 X:00 Y:10 S:C8 P:nvUbdizC  $00:91B8: AA       TAX
f1344   c40000529    i47847941    A:38 X:38 Y:10 S:C8 P:nvUbdizC  $00:91B9: C8       INY
f1344   c40000531    i47847942    A:38 X:38 Y:11 S:C8 P:nvUbdizC  $00:91BA: B1 94    LDA ($94),Y @ $0599 = #$E0
f1344   c40000536    i47847943    A:E0 X:38 Y:11 S:C8 P:NvUbdizC  $00:91BC: 4A       LSR
f1344   c40000538    i47847944    A:70 X:38 Y:11 S:C8 P:nvUbdizc  $00:91BD: 4A       LSR
f1344   c40000540    i47847945    A:38 X:38 Y:11 S:C8 P:nvUbdizc  $00:91BE: A8       TAY
f1344   c40000542    i47847946    A:38 X:38 Y:38 S:C8 P:nvUbdizc  $00:91BF: A5 E6    LDA $E6 = #$FF
f1344   c40000545    i47847947    A:FF X:38 Y:38 S:C8 P:NvUbdizc  $00:91C1: 18       CLC
f1344   c40000547    i47847948    A:FF X:38 Y:38 S:C8 P:NvUbdizc  $00:91C2: 7D 68 04 ADC $0468,X @ $04A0 = #$4C
f1344   c40000551    i47847949    A:4B X:38 Y:38 S:C8 P:nvUbdizC  $00:91C5: 9D 68 04 STA $0468,X @ $04A0 = #$4C
f1344   c40000556    i47847950    A:4B X:38 Y:38 S:C8 P:nvUbdizC  $00:91C8: 6A       ROR
f1344   c40000558    i47847951    A:A5 X:38 Y:38 S:C8 P:NvUbdizC  $00:91C9: 45 E6    EOR $E6 = #$FF
f1344   c40000561    i47847952    A:5A X:38 Y:38 S:C8 P:nvUbdizC  $00:91CB: 10 08    BPL $91D5
f1344   c40000564    i47847953    A:5A X:38 Y:38 S:C8 P:nvUbdizC  $00:91D5: A5 E8    LDA $E8 = #$00
f1344   c40000567    i47847954    A:00 X:38 Y:38 S:C8 P:nvUbdiZC  $00:91D7: 18       CLC
f1344   c40000569    i47847955    A:00 X:38 Y:38 S:C8 P:nvUbdiZc  $00:91D8: 7D 6B 04 ADC $046B,X @ $04A3 = #$6C
f1344   c40000573    i47847956    A:6C X:38 Y:38 S:C8 P:nvUbdizc  $00:91DB: 9D 6B 04 STA $046B,X @ $04A3 = #$6C
f1344   c40000578    i47847957    A:6C X:38 Y:38 S:C8 P:nvUbdizc  $00:91DE: 6A       ROR
f1344   c40000580    i47847958    A:36 X:38 Y:38 S:C8 P:nvUbdizc  $00:91DF: 45 E8    EOR $E8 = #$00
f1344   c40000583    i47847959    A:36 X:38 Y:38 S:C8 P:nvUbdizc  $00:91E1: 10 08    BPL $91EB
f1344   c40000586    i47847960    A:36 X:38 Y:38 S:C8 P:nvUbdizc  $00:91EB: 8A       TXA
f1344   c40000588    i47847961    A:38 X:38 Y:38 S:C8 P:nvUbdizc  $00:91EC: 18       CLC
f1344   c40000590    i47847962    A:38 X:38 Y:38 S:C8 P:nvUbdizc  $00:91ED: 69 04    ADC #$04
f1344   c40000592    i47847963    A:3C X:38 Y:38 S:C8 P:nvUbdizc  $00:91EF: AA       TAX
f1344   c40000594    i47847964    A:3C X:3C Y:38 S:C8 P:nvUbdizc  $00:91F0: 88       DEY
f1344   c40000596    i47847965    A:3C X:3C Y:37 S:C8 P:nvUbdizc  $00:91F1: D0 CC    BNE $91BF
f1344   c40000599    i47847966    A:3C X:3C Y:37 S:C8 P:nvUbdizc  $00:91BF: A5 E6    LDA $E6 = #$FF
f1344   c40000602    i47847967    A:FF X:3C Y:37 S:C8 P:NvUbdizc  $00:91C1: 18       CLC
f1344   c40000604    i47847968    A:FF X:3C Y:37 S:C8 P:NvUbdizc  $00:91C2: 7D 68 04 ADC $0468,X @ $04A4 = #$54
f1344   c40000608    i47847969    A:53 X:3C Y:37 S:C8 P:nvUbdizC  $00:91C5: 9D 68 04 STA $0468,X @ $04A4 = #$54
f1344   c40000613    i47847970    A:53 X:3C Y:37 S:C8 P:nvUbdizC  $00:91C8: 6A       ROR
f1344   c40000615    i47847971    A:A9 X:3C Y:37 S:C8 P:NvUbdizC  $00:91C9: 45 E6    EOR $E6 = #$FF
f1344   c40000618    i47847972    A:56 X:3C Y:37 S:C8 P:nvUbdizC  $00:91CB: 10 08    BPL $91D5
f1344   c40000621    i47847973    A:56 X:3C Y:37 S:C8 P:nvUbdizC  $00:91D5: A5 E8    LDA $E8 = #$00
f1344   c40000624    i47847974    A:00 X:3C Y:37 S:C8 P:nvUbdiZC  $00:91D7: 18       CLC
f1344   c40000626    i47847975    A:00 X:3C Y:37 S:C8 P:nvUbdiZc  $00:91D8: 7D 6B 04 ADC $046B,X @ $04A7 = #$6C
f1344   c40000630    i47847976    A:6C X:3C Y:37 S:C8 P:nvUbdizc  $00:91DB: 9D 6B 04 STA $046B,X @ $04A7 = #$6C
f1344   c40000635    i47847977    A:6C X:3C Y:37 S:C8 P:nvUbdizc  $00:91DE: 6A       ROR
f1347   c40088002    i47876011    A:F8 X:1C Y:06 S:DB P:NvUbdIzC  $06:80E6: D0 21    BNE $8109
f1347   c40088006    i47876012    A:F8 X:1C Y:06 S:DB P:NvUbdIzC  $06:8109: 20 DB 81 JSR $81DB
f1347   c40088012    i47876013    A:F8 X:1C Y:06 S:D9 P:NvUbdIzC  $06:81DB: A0 05    LDY #$05
f1347   c40088014    i47876014    A:F8 X:1C Y:05 S:D9 P:nvUbdIzC  $06:81DD: B1 F0    LDA ($F0),Y @ $079C = #$06
f1347   c40088019    i47876015    A:06 X:1C Y:05 S:D9 P:nvUbdIzC  $06:81DF: AA       TAX
f1347   c40088021    i47876016    A:06 X:06 Y:05 S:D9 P:nvUbdIzC  $06:81E0: 29 F0    AND #$F0
f1347   c40088023    i47876017    A:00 X:06 Y:05 S:D9 P:nvUbdIZC  $06:81E2: 85 F6    STA $F6 = #$00
f1347   c40088026    i47876018    A:00 X:06 Y:05 S:D9 P:nvUbdIZC  $06:81E4: 29 20    AND #$20
f1347   c40088028    i47876019    A:00 X:06 Y:05 S:D9 P:nvUbdIZC  $06:81E6: F0 06    BEQ $81EE
f1347   c40088031    i47876020    A:00 X:06 Y:05 S:D9 P:nvUbdIZC  $06:81EE: 8A       TXA
f1347   c40088033    i47876021    A:06 X:06 Y:05 S:D9 P:nvUbdIzC  $06:81EF: 29 0F    AND #$0F
f1347   c40088035    i47876022    A:06 X:06 Y:05 S:D9 P:nvUbdIzC  $06:81F1: 85 F7    STA $F7 = #$00
f1347   c40088038    i47876023    A:06 X:06 Y:05 S:D9 P:nvUbdIzC  $06:81F3: A4 F3    LDY $F3 = #$01
f1347   c40088041    i47876024    A:06 X:06 Y:01 S:D9 P:nvUbdIzC  $06:81F5: 88       DEY
f1347   c40088043    i47876025    A:06 X:06 Y:00 S:D9 P:nvUbdIZC  $06:81F6: BE CF 07 LDX $07CF,Y @ $07CF = #$00
f1347   c40088047    i47876026    A:06 X:00 Y:00 S:D9 P:nvUbdIZC  $06:81F9: F0 38    BEQ $8233
f1347   c40088051    i47876027    A:06 X:00 Y:00 S:D9 P:nvUbdIZC  $06:8233: A6 F2    LDX $F2 = #$1C
f1347   c40088054    i47876028    A:06 X:1C Y:00 S:D9 P:nvUbdIzC  $06:8235: BD 0A 07 LDA $070A,X @ $0726 = #$00
f1347   c40088058    i47876029    A:00 X:1C Y:00 S:D9 P:nvUbdIZC  $06:8238: 38       SEC
f1347   c40088060    i47876030    A:00 X:1C Y:00 S:D9 P:nvUbdIZC  $06:8239: E5 F7    SBC $F7 = #$06
f1347   c40088063    i47876031    A:FA X:1C Y:00 S:D9 P:NvUbdIzc  $06:823B: 10 02    BPL $823F
f1347   c40088065    i47876032    A:FA X:1C Y:00 S:D9 P:NvUbdIzc  $06:823D: A9 00    LDA #$00
f1347   c40088067    i47876033    A:00 X:1C Y:00 S:D9 P:nvUbdIZc  $06:823F: 05 F6    ORA $F6 = #$00
f1347   c40088070    i47876034    A:00 X:1C Y:00 S:D9 P:nvUbdIZc  $06:8241: A0 06    LDY #$06
f1347   c40088072    i47876035    A:00 X:1C Y:06 S:D9 P:nvUbdIzc  $06:8243: 91 F0    STA ($F0),Y @ $079D = #$00
f1347   c40088078    i47876036    A:00 X:1C Y:06 S:D9 P:nvUbdIzc  $06:8245: A6 F3    LDX $F3 = #$01
f1347   c40088081    i47876037    A:00 X:01 Y:06 S:D9 P:nvUbdIzc  $06:8247: CA       DEX
f1347   c40088083    i47876038    A:00 X:00 Y:06 S:D9 P:nvUbdIZc  $06:8248: BD AF 07 LDA $07AF,X @ $07AF = #$00
f1347   c40088087    i47876039    A:00 X:00 Y:06 S:D9 P:nvUbdIZc  $06:824B: C9 01    CMP #$01
f1347   c40088089    i47876040    A:00 X:00 Y:06 S:D9 P:NvUbdIzc  $06:824D: F0 08    BEQ $8257
f1347   c40088091    i47876041    A:00 X:00 Y:06 S:D9 P:NvUbdIzc  $06:824F: C9 02    CMP #$02
f1347   c40088093    i47876042    A:00 X:00 Y:06 S:D9 P:NvUbdIzc  $06:8251: D0 03    BNE $8256
f1347   c40088096    i47876043    A:00 X:00 Y:06 S:D9 P:NvUbdIzc  $06:8256: 60       RTS (from $81DB)
f1347   c40088102    i47876044    A:00 X:00 Y:06 S:DB P:NvUbdIzc  $06:810C: 18       CLC
f1347   c40088104    i47876045    A:00 X:00 Y:06 S:DB P:NvUbdIzc  $06:810D: A9 10    LDA #$10
f1347   c40088106    i47876046    A:10 X:00 Y:06 S:DB P:nvUbdIzc  $06:810F: 65 F0    ADC $F0 = #$97
f1347   c40088109    i47876047    A:A7 X:00 Y:06 S:DB P:NvUbdIzc  $06:8111: 85 F0    STA $F0 = #$97
f1347   c40088112    i47876048    A:A7 X:00 Y:06 S:DB P:NvUbdIzc  $06:8113: A9 04    LDA #$04
f1347   c40088114    i47876049    A:04 X:00 Y:06 S:DB P:nvUbdIzc  $06:8115: 65 F2    ADC $F2 = #$1C
f1347   c40088117    i47876050    A:20 X:00 Y:06 S:DB P:nvUbdIzc  $06:8117: 85 F2    STA $F2 = #$1C
f1347   c40088120    i47876051    A:20 X:00 Y:06 S:DB P:nvUbdIzc  $06:8119: C6 F3    DEC $F3 = #$01
f1347   c40088125    i47876052    A:20 X:00 Y:06 S:DB P:nvUbdIZc  $06:811B: D0 AD    BNE $80CA
f1350   c40178282    i47905111    A:04 X:04 Y:D6 S:4E P:nvUbdizc  $00:896C: 48       PHA
f1350   c40178285    i47905112    A:04 X:04 Y:D6 S:4D P:nvUbdizc  $00:896D: 20 FF 89 JSR $89FF
f1350   c40178291    i47905113    A:04 X:04 Y:D6 S:4B P:nvUbdizc  $00:89FF: AD 52 06 LDA $0652 = #$86
f1350   c40178295    i47905114    A:86 X:04 Y:D6 S:4B P:NvUbdizc  $00:8A02: 30 03    BMI $8A07
f1350   c40178298    i47905115    A:86 X:04 Y:D6 S:4B P:NvUbdizc  $00:8A07: CE 53 06 DEC $0653 = #$01
f1350   c40178304    i47905116    A:86 X:04 Y:D6 S:4B P:nvUbdiZc  $00:8A0A: F0 03    BEQ $8A0F
f1350   c40178307    i47905117    A:86 X:04 Y:D6 S:4B P:nvUbdiZc  $00:8A0F: A2 06    LDX #$06
f1350   c40178309    i47905118    A:86 X:06 Y:D6 S:4B P:nvUbdizc  $00:8A11: 20 B9 C4 JSR $C4B9
f1350   c40178315    i47905119    A:86 X:06 Y:D6 S:49 P:nvUbdizc  $0F:C4B9: 86 25    STX $25 = #$03
f1350   c40178318    i47905120    A:86 X:06 Y:D6 S:49 P:nvUbdizc  $0F:C4BB: A9 07    LDA #$07
f1350   c40178320    i47905121    A:07 X:06 Y:D6 S:49 P:nvUbdizc  $0F:C4BD: 05 22    ORA $22 = #$00
f1350   c40178323    i47905122    A:07 X:06 Y:D6 S:49 P:nvUbdizc  $0F:C4BF: 85 23    STA $23 = #$06
f1350   c40178326    i47905123    A:07 X:06 Y:D6 S:49 P:nvUbdizc  $0F:C4C1: 8D 00 80 STA $8000 = #$A5
f1350   c40178330    i47905124    A:07 X:06 Y:D6 S:49 P:nvUbdizc  $0F:C4C4: 8E 01 80 STX $8001 = #$27
f1350   c40178334    i47905125    A:07 X:06 Y:D6 S:49 P:nvUbdizc  $0F:C4C7: 60       RTS (from $C4B9)
f1350   c40178340    i47905126    A:07 X:06 Y:D6 S:4B P:nvUbdizc  $00:8A14: AD 54 06 LDA $0654 = #$4E
f1350   c40178344    i47905127    A:4E X:06 Y:D6 S:4B P:nvUbdizc  $00:8A17: 85 E6    STA $E6 = #$53
f1350   c40178347    i47905128    A:4E X:06 Y:D6 S:4B P:nvUbdizc  $00:8A19: AD 55 06 LDA $0655 = #$BD
f1350   c40178351    i47905129    A:BD X:06 Y:D6 S:4B P:NvUbdizc  $00:8A1C: 85 E7    STA $E7 = #$BD
f1350   c40178354    i47905130    A:BD X:06 Y:D6 S:4B P:NvUbdizc  $00:8A1E: AD 52 06 LDA $0652 = #$86
f1350   c40178358    i47905131    A:86 X:06 Y:D6 S:4B P:NvUbdizc  $00:8A21: EE 52 06 INC $0652 = #$86
f1350   c40178364    i47905132    A:86 X:06 Y:D6 S:4B P:NvUbdizc  $00:8A24: 29 3F    AND #$3F
f1350   c40178366    i47905133    A:06 X:06 Y:D6 S:4B P:nvUbdizc  $00:8A26: 18       CLC
f1350   c40178368    i47905134    A:06 X:06 Y:D6 S:4B P:nvUbdizc  $00:8A27: 65 E6    ADC $E6 = #$4E
f1350   c40178371    i47905135    A:54 X:06 Y:D6 S:4B P:nvUbdizc  $00:8A29: 85 E6    STA $E6 = #$4E
f1350   c40178374    i47905136    A:54 X:06 Y:D6 S:4B P:nvUbdizc  $00:8A2B: A5 E7    LDA $E7 = #$BD
f1350   c40178377    i47905137    A:BD X:06 Y:D6 S:4B P:NvUbdizc  $00:8A2D: 69 00    ADC #$00
f1350   c40178379    i47905138    A:BD X:06 Y:D6 S:4B P:NvUbdizc  $00:8A2F: 85 E7    STA $E7 = #$BD
f1350   c40178382    i47905139    A:BD X:06 Y:D6 S:4B P:NvUbdizc  $00:8A31: A0 00    LDY #$00
f1350   c40178384    i47905140    A:BD X:06 Y:00 S:4B P:nvUbdiZc  $00:8A33: B1 E6    LDA ($E6),Y @ $BD54 = #$9D
f1350   c40178389    i47905141    A:9D X:06 Y:00 S:4B P:NvUbdizc  $00:8A35: C9 FF    CMP #$FF
f1350   c40178391    i47905142    A:9D X:06 Y:00 S:4B P:NvUbdizc  $00:8A37: F0 4D    BEQ $8A86
f1350   c40178393    i47905143    A:9D X:06 Y:00 S:4B P:NvUbdizc  $00:8A39: C9 FE    CMP #$FE
f1350   c40178395    i47905144    A:9D X:06 Y:00 S:4B P:NvUbdizc  $00:8A3B: F0 3E    BEQ $8A7B
f1350   c40178397    i47905145    A:9D X:06 Y:00 S:4B P:NvUbdizc  $00:8A3D: 29 F8    AND #$F8
f1350   c40178399    i47905146    A:98 X:06 Y:00 S:4B P:NvUbdizc  $00:8A3F: 85 E8    STA $E8 = #$7C
f1350   c40178402    i47905147    A:98 X:06 Y:00 S:4B P:NvUbdizc  $00:8A41: 4A       LSR
f1350   c40178404    i47905148    A:4C X:06 Y:00 S:4B P:nvUbdizc  $00:8A42: 18       CLC
f1350   c40178406    i47905149    A:4C X:06 Y:00 S:4B P:nvUbdizc  $00:8A43: 65 E8    ADC $E8 = #$98
f1350   c40178409    i47905150    A:E4 X:06 Y:00 S:4B P:NvUbdizc  $00:8A45: 85 E8    STA $E8 = #$98
f1350   c40178412    i47905151    A:E4 X:06 Y:00 S:4B P:NvUbdizc  $00:8A47: A9 00    LDA #$00
f1350   c40178414    i47905152    A:00 X:06 Y:00 S:4B P:nvUbdiZc  $00:8A49: 69 00    ADC #$00
f1356   c40352618    i47961347    A:40 X:19 Y:00 S:E0 P:nvUbdizC  $00:9F04: A5 1B    LDA $1B = #$40
f1356   c40352621    i47961348    A:40 X:19 Y:00 S:E0 P:nvUbdizC  $00:9F06: 10 FC    BPL $9F04
f1356   c40352624    i47961349    A:40 X:19 Y:00 S:E0 P:nvUbdizC  $00:9F04: A5 1B    LDA $1B = #$40
f1356   c40352627    i47961350    A:40 X:19 Y:00 S:E0 P:nvUbdizC  $00:9F06: 10 FC    BPL $9F04
f1356   c40352630    i47961351    A:40 X:19 Y:00 S:E0 P:nvUbdizC  $00:9F04: A5 1B    LDA $1B = #$40
f1356   c40352633    i47961352    A:40 X:19 Y:00 S:E0 P:nvUbdizC  $00:9F06: 10 FC    BPL $9F04
f1356   c40352636    i47961353    A:40 X:19 Y:00 S:E0 P:nvUbdizC  $00:9F04: A5 1B    LDA $1B = #$40
f1356   c40352639    i47961354    A:40 X:19 Y:00 S:E0 P:nvUbdizC  $00:9F06: 10 FC    BPL $9F04
f1356   c40352642    i47961355    A:40 X:19 Y:00 S:E0 P:nvUbdizC  $00:9F04: A5 1B    LDA $1B = #$40
f1356   c40352645    i47961356    A:40 X:19 Y:00 S:E0 P:nvUbdizC  $00:9F06: 10 FC    BPL $9F04
f1356   c40352648    i47961357    A:40 X:19 Y:00 S:E0 P:nvUbdizC  $00:9F04: A5 1B    LDA $1B = #$40
f1356   c40352651    i47961358    A:40 X:19 Y:00 S:E0 P:nvUbdizC  $00:9F06: 10 FC    BPL $9F04
f1356   c40352654    i47961359    A:40 X:19 Y:00 S:E0 P:nvUbdizC  $00:9F04: A5 1B    LDA $1B = #$40
f1356   c40352657    i47961360    A:40 X:19 Y:00 S:E0 P:nvUbdizC  $00:9F06: 10 FC    BPL $9F04
f1356   c40352660    i47961361    A:40 X:19 Y:00 S:E0 P:nvUbdizC  $00:9F04: A5 1B    LDA $1B = #$40
f1356   c40352663    i47961362    A:40 X:19 Y:00 S:E0 P:nvUbdizC  $00:9F06: 10 FC    BPL $9F04
f1356   c40352666    i47961363    A:40 X:19 Y:00 S:E0 P:nvUbdizC  $00:9F04: A5 1B    LDA $1B = #$40
f1356   c40352669    i47961364    A:40 X:19 Y:00 S:E0 P:nvUbdizC  $00:9F06: 10 FC    BPL $9F04
f1356   c40352672    i47961365    A:40 X:19 Y:00 S:E0 P:nvUbdizC  $00:9F04: A5 1B    LDA $1B = #$40
f1356   c40352675    i47961366    A:40 X:19 Y:00 S:E0 P:nvUbdizC  $00:9F06: 10 FC    BPL $9F04
f1356   c40352678    i47961367    A:40 X:19 Y:00 S:E0 P:nvUbdizC  $00:9F04: A5 1B    LDA $1B = #$40
f1356   c40352681    i47961368    A:40 X:19 Y:00 S:E0 P:nvUbdizC  $00:9F06: 10 FC    BPL $9F04
f1356   c40352684    i47961369    A:40 X:19 Y:00 S:E0 P:nvUbdizC  $00:9F04: A5 1B    LDA $1B = #$40
f1356   c40352687    i47961370    A:40 X:19 Y:00 S:E0 P:nvUbdizC  $00:9F06: 10 FC    BPL $9F04
f1356   c40352690    i47961371    A:40 X:19 Y:00 S:E0 P:nvUbdizC  $00:9F04: A5 1B    LDA $1B = #$40
f1356   c40352693    i47961372    A:40 X:19 Y:00 S:E0 P:nvUbdizC  $00:9F06: 10 FC    BPL $9F04
f1356   c40352703    i47961373    A:40 X:19 Y:00 S:DD P:nvUbdIzC  $0F:C500: 4C 6E C7 JMP $C76E
f1356   c40352706    i47961374    A:40 X:19 Y:00 S:DD P:nvUbdIzC  $0F:C76E: 24 1B    BIT $1B = #$40
f1356   c40352709    i47961375    A:40 X:19 Y:00 S:DD P:nVUbdIzC  $0F:C770: 50 03    BVC $C775
f1356   c40352711    i47961376    A:40 X:19 Y:00 S:DD P:nVUbdIzC  $0F:C772: 4C 21 C4 JMP $C421
f1356   c40352714    i47961377    A:40 X:19 Y:00 S:DD P:nVUbdIzC  $0F:C421: 24 3B    BIT $3B = #$55
f1356   c40352717    i47961378    A:40 X:19 Y:00 S:DD P:nVUbdIzC  $0F:C423: 30 4D    BMI $C472
f1356   c40352719    i47961379    A:40 X:19 Y:00 S:DD P:nVUbdIzC  $0F:C425: 38       SEC
f1356   c40352721    i47961380    A:40 X:19 Y:00 S:DD P:nVUbdIzC  $0F:C426: 66 3B    ROR $3B = #$55
f1356   c40352726    i47961381    A:40 X:19 Y:00 S:DD P:NVUbdIzC  $0F:C428: 85 3C    STA $3C = #$5C
f1356   c40352729    i47961382    A:40 X:19 Y:00 S:DD P:NVUbdIzC  $0F:C42A: 86 3D    STX $3D = #$EC
f1356   c40352732    i47961383    A:40 X:19 Y:00 S:DD P:NVUbdIzC  $0F:C42C: 84 3E    STY $3E = #$00
f1356   c40352735    i47961384    A:40 X:19 Y:00 S:DD P:NVUbdIzC  $0F:C42E: A5 22    LDA $22 = #$00
f1356   c40352738    i47961385    A:00 X:19 Y:00 S:DD P:nVUbdIZC  $0F:C430: 09 07    ORA #$07
f1356   c40352740    i47961386    A:07 X:19 Y:00 S:DD P:nVUbdIzC  $0F:C432: 8D 00 80 STA $8000 = #$A5
f1356   c40352744    i47961387    A:07 X:19 Y:00 S:DD P:nVUbdIzC  $0F:C435: A9 02    LDA #$02
f1356   c40352746    i47961388    A:02 X:19 Y:00 S:DD P:nVUbdIzC  $0F:C437: 8D 01 80 STA $8001 = #$27
f1358   c40413185    i47980647    A:00 X:02 Y:08 S:DB P:nvUbdIzc  $01:A0ED: BD 15 40 LDA $4015,X @ $4017 = #$01
f1358   c40413189    i47980648    A:40 X:02 Y:08 S:DB P:nvUbdIzc  $01:A0F0: 4A       LSR
f1358   c40413191    i47980649    A:20 X:02 Y:08 S:DB P:nvUbdIzc  $01:A0F1: 26 3F    ROL $3F = #$00
f1358   c40413196    i47980650    A:20 X:02 Y:08 S:DB P:nvUbdIZc  $01:A0F3: 29 01    AND #$01
f1358   c40413198    i47980651    A:00 X:02 Y:08 S:DB P:nvUbdIZc  $01:A0F5: 05 3F    ORA $3F = #$00
f1358   c40413201    i47980652    A:00 X:02 Y:08 S:DB P:nvUbdIZc  $01:A0F7: 85 3F    STA $3F = #$00
f1358   c40413204    i47980653    A:00 X:02 Y:08 S:DB P:nvUbdIZc  $01:A0F9: 88       DEY
f1358   c40413206    i47980654    A:00 X:02 Y:07 S:DB P:nvUbdIzc  $01:A0FA: D0 F1    BNE $A0ED
f1358   c40413209    i47980655    A:00 X:02 Y:07 S:DB P:nvUbdIzc  $01:A0ED: BD 15 40 LDA $4015,X @ $4017 = #$01
f1358   c40413213    i47980656    A:40 X:02 Y:07 S:DB P:nvUbdIzc  $01:A0F0: 4A       LSR
f1358   c40413215    i47980657    A:20 X:02 Y:07 S:DB P:nvUbdIzc  $01:A0F1: 26 3F    ROL $3F = #$00
f1358   c40413220    i47980658    A:20 X:02 Y:07 S:DB P:nvUbdIZc  $01:A0F3: 29 01    AND #$01
f1358   c40413222    i47980659    A:00 X:02 Y:07 S:DB P:nvUbdIZc  $01:A0F5: 05 3F    ORA $3F = #$00
f1358   c40413225    i47980660    A:00 X:02 Y:07 S:DB P:nvUbdIZc  $01:A0F7: 85 3F    STA $3F = #$00
f1358   c40413228    i47980661    A:00 X:02 Y:07 S:DB P:nvUbdIZc  $01:A0F9: 88       DEY
f1358   c40413230    i47980662    A:00 X:02 Y:06 S:DB P:nvUbdIzc  $01:A0FA: D0 F1    BNE $A0ED
f1358   c40413233    i47980663    A:00 X:02 Y:06 S:DB P:nvUbdIzc  $01:A0ED: BD 15 40 LDA $4015,X @ $4017 = #$01
f1358   c40413237    i47980664    A:40 X:02 Y:06 S:DB P:nvUbdIzc  $01:A0F0: 4A       LSR
f1358   c40413239    i47980665    A:20 X:02 Y:06 S:DB P:nvUbdIzc  $01:A0F1: 26 3F    ROL $3F = #$00
f1358   c40413244    i47980666    A:20 X:02 Y:06 S:DB P:nvUbdIZc  $01:A0F3: 29 01    AND #$01
f1358   c40413246    i47980667    A:00 X:02 Y:06 S:DB P:nvUbdIZc  $01:A0F5: 05 3F    ORA $3F = #$00
f1358   c40413249    i47980668    A:00 X:02 Y:06 S:DB P:nvUbdIZc  $01:A0F7: 85 3F    STA $3F = #$00
f1358   c40413252    i47980669    A:00 X:02 Y:06 S:DB P:nvUbdIZc  $01:A0F9: 88       DEY
f1358   c40413254    i47980670    A:00 X:02 Y:05 S:DB P:nvUbdIzc  $01:A0FA: D0 F1    BNE $A0ED
f1358   c40413257    i47980671    A:00 X:02 Y:05 S:DB P:nvUbdIzc  $01:A0ED: BD 15 40 LDA $4015,X @ $4017 = #$01
f1358   c40413261    i47980672    A:40 X:02 Y:05 S:DB P:nvUbdIzc  $01:A0F0: 4A       LSR
f1358   c40413263    i47980673    A:20 X:02 Y:05 S:DB P:nvUbdIzc  $01:A0F1: 26 3F    ROL $3F = #$00
f1358   c40413268    i47980674    A:20 X:02 Y:05 S:DB P:nvUbdIZc  $01:A0F3: 29 01    AND #$01
f1358   c40413270    i47980675    A:00 X:02 Y:05 S:DB P:nvUbdIZc  $01:A0F5: 05 3F    ORA $3F = #$00
f1358   c40413273    i47980676    A:00 X:02 Y:05 S:DB P:nvUbdIZc  $01:A0F7: 85 3F    STA $3F = #$00
f1358   c40413276    i47980677    A:00 X:02 Y:05 S:DB P:nvUbdIZc  $01:A0F9: 88       DEY
f1358   c40413278    i47980678    A:00 X:02 Y:04 S:DB P:nvUbdIzc  $01:A0FA: D0 F1    BNE $A0ED
f1358   c40413281    i47980679    A:00 X:02 Y:04 S:DB P:nvUbdIzc  $01:A0ED: BD 15 40 LDA $4015,X @ $4017 = #$01
f1358   c40413285    i47980680    A:40 X:02 Y:04 S:DB P:nvUbdIzc  $01:A0F0: 4A       LSR
f1358   c40413287    i47980681    A:20 X:02 Y:04 S:DB P:nvUbdIzc  $01:A0F1: 26 3F    ROL $3F = #$00
f1358   c40413292    i47980682    A:20 X:02 Y:04 S:DB P:nvUbdIZc  $01:A0F3: 29 01    AND #$01
f1358   c40413294    i47980683    A:00 X:02 Y:04 S:DB P:nvUbdIZc  $01:A0F5: 05 3F    ORA $3F = #$00
f1358   c40413297    i47980684    A:00 X:02 Y:04 S:DB P:nvUbdIZc  $01:A0F7: 85 3F    STA $3F = #$00
f1358   c40413300    i47980685    A:00 X:02 Y:04 S:DB P:nvUbdIZc  $01:A0F9: 88       DEY
f1358   c40413302    i47980686    A:00 X:02 Y:03 S:DB P:nvUbdIzc  $01:A0FA: D0 F1    BNE $A0ED
f1358   c40413305    i47980687    A:00 X:02 Y:03 S:DB P:nvUbdIzc  $01:A0ED: BD 15 40 LDA $4015,X @ $4017 = #$01
f1358   c40413309    i47980688    A:40 X:02 Y:03 S:DB P:nvUbdIzc  $01:A0F0: 4A       LSR
f1358   c40425101    i47984391    A:30 X:02 Y:03 S:E0 P:nvUbdizc  $00:9FC6: BA       TSX
f1358   c40425103    i47984392    A:30 X:E0 Y:03 S:E0 P:NvUbdizc  $00:9FC7: 8A       TXA
f1358   c40425105    i47984393    A:E0 X:E0 Y:03 S:E0 P:NvUbdizc  $00:9FC8: A6 00    LDX $00 = #$15
f1358   c40425108    i47984394    A:E0 X:15 Y:03 S:E0 P:nvUbdizc  $00:9FCA: 95 01    STA $01,X @ $0016 = #$E0
f1358   c40425112    i47984395    A:E0 X:15 Y:03 S:E0 P:nvUbdizc  $00:9FCC: AD 24 00 LDA $0024 = #$00
f1358   c40425116    i47984396    A:00 X:15 Y:03 S:E0 P:nvUbdiZc  $00:9FCF: 95 02    STA $02,X @ $0017 = #$00
f1358   c40425120    i47984397    A:00 X:15 Y:03 S:E0 P:nvUbdiZc  $00:9FD1: AD 25 00 LDA $0025 = #$02
f1358   c40425124    i47984398    A:02 X:15 Y:03 S:E0 P:nvUbdizc  $00:9FD4: 95 03    STA $03,X @ $0018 = #$02
f1358   c40425128    i47984399    A:02 X:15 Y:03 S:E0 P:nvUbdizc  $00:9FD6: A5 19    LDA $19 = #$01
f1358   c40425131    i47984400    A:01 X:15 Y:03 S:E0 P:nvUbdizc  $00:9FD8: F0 04    BEQ $9FDE
f1358   c40425133    i47984401    A:01 X:15 Y:03 S:E0 P:nvUbdizc  $00:9FDA: C9 FF    CMP #$FF
f1358   c40425135    i47984402    A:01 X:15 Y:03 S:E0 P:nvUbdizc  $00:9FDC: D0 02    BNE $9FE0
f1358   c40425138    i47984403    A:01 X:15 Y:03 S:E0 P:nvUbdizc  $00:9FE0: 95 00    STA $00,X @ $0015 = #$00
f1358   c40425142    i47984404    A:01 X:15 Y:03 S:E0 P:nvUbdizc  $00:9FE2: 4C FB 9E JMP $9EFB
f1358   c40425145    i47984405    A:01 X:15 Y:03 S:E0 P:nvUbdizc  $00:9EFB: 8A       TXA
f1358   c40425147    i47984406    A:15 X:15 Y:03 S:E0 P:nvUbdizc  $00:9EFC: 18       CLC
f1358   c40425149    i47984407    A:15 X:15 Y:03 S:E0 P:nvUbdizc  $00:9EFD: 69 04    ADC #$04
f1358   c40425151    i47984408    A:19 X:15 Y:03 S:E0 P:nvUbdizc  $00:9EFF: AA       TAX
f1358   c40425153    i47984409    A:19 X:19 Y:03 S:E0 P:nvUbdizc  $00:9F00: E0 19    CPX #$19
f1358   c40425155    i47984410    A:19 X:19 Y:03 S:E0 P:nvUbdiZC  $00:9F02: D0 EB    BNE $9EEF
f1358   c40425157    i47984411    A:19 X:19 Y:03 S:E0 P:nvUbdiZC  $00:9F04: A5 1B    LDA $1B = #$40
f1358   c40425160    i47984412    A:40 X:19 Y:03 S:E0 P:nvUbdizC  $00:9F06: 10 FC    BPL $9F04
f1358   c40425163    i47984413    A:40 X:19 Y:03 S:E0 P:nvUbdizC  $00:9F04: A5 1B    LDA $1B = #$40
f1358   c40425166    i47984414    A:40 X:19 Y:03 S:E0 P:nvUbdizC  $00:9F06: 10 FC    BPL $9F04
f1358   c40425169    i47984415    A:40 X:19 Y:03 S:E0 P:nvUbdizC  $00:9F04: A5 1B    LDA $1B = #$40
f1358   c40425172    i47984416    A:40 X:19 Y:03 S:E0 P:nvUbdizC  $00:9F06: 10 FC    BPL $9F04
f1358   c40425175    i47984417    A:40 X:19 Y:03 S:E0 P:nvUbdizC  $00:9F04: A5 1B    LDA $1B = #$40
f1358   c40425178    i47984418    A:40 X:19 Y:03 S:E0 P:nvUbdizC  $00:9F06: 10 FC    BPL $9F04
f1358   c40425181    i47984419    A:40 X:19 Y:03 S:E0 P:nvUbdizC  $00:9F04: A5 1B    LDA $1B = #$40
f1358   c40425184    i47984420    A:40 X:19 Y:03 S:E0 P:nvUbdizC  $00:9F06: 10 FC    BPL $9F04
f1358   c40425187    i47984421    A:40 X:19 Y:03 S:E0 P:nvUbdizC  $00:9F04: A5 1B    LDA $1B = #$40
f1358   c40425190    i47984422    A:40 X:19 Y:03 S:E0 P:nvUbdizC  $00:9F06: 10 FC    BPL $9F04
f1358   c40425193    i47984423    A:40 X:19 Y:03 S:E0 P:nvUbdizC  $00:9F04: A5 1B    LDA $1B = #$40
f1358   c40425196    i47984424    A:40 X:19 Y:03 S:E0 P:nvUbdizC  $00:9F06: 10 FC    BPL $9F04
f1358   c40425199    i47984425    A:40 X:19 Y:03 S:E0 P:nvUbdizC  $00:9F04: A5 1B    LDA $1B = #$40
f1358   c40425202    i47984426    A:40 X:19 Y:03 S:E0 P:nvUbdizC  $00:9F06: 10 FC    BPL $9F04
f1358   c40425205    i47984427    A:40 X:19 Y:03 S:E0 P:nvUbdizC  $00:9F04: A5 1B    LDA $1B = #$40
f1358   c40425208    i47984428    A:40 X:19 Y:03 S:E0 P:nvUbdizC  $00:9F06: 10 FC    BPL $9F04
f1358   c40425211    i47984429    A:40 X:19 Y:03 S:E0 P:nvUbdizC  $00:9F04: A5 1B    LDA $1B = #$40
f1358   c40425214    i47984430    A:40 X:19 Y:03 S:E0 P:nvUbdizC  $00:9F06: 10 FC    BPL $9F04
f1358   c40425217    i47984431    A:40 X:19 Y:03 S:E0 P:nvUbdizC  $00:9F04: A5 1B    LDA $1B = #$40
f1358   c40425220    i47984432    A:40 X:19 Y:03 S:E0 P:nvUbdizC  $00:9F06: 10 FC    BPL $9F04
f1359   c40448167    i47991798    A:00 X:00 Y:07 S:C8 P:nvUbdiZC  $00:91B4: A0 10    LDY #$10
f1359   c40448169    i47991799    A:00 X:00 Y:10 S:C8 P:nvUbdizC  $00:91B6: B1 94    LDA ($94),Y @ $0598 = #$38
f1359   c40448174    i47991800    A:38 X:00 Y:10 S:C8 P:nvUbdizC  $00:91B8: AA       TAX
f1359   c40448176    i47991801    A:38 X:38 Y:10 S:C8 P:nvUbdizC  $00:91B9: C8       INY
f1359   c40448178    i47991802    A:38 X:38 Y:11 S:C8 P:nvUbdizC  $00:91BA: B1 94    LDA ($94),Y @ $0599 = #$E0
f1359   c40448183    i47991803    A:E0 X:38 Y:11 S:C8 P:NvUbdizC  $00:91BC: 4A       LSR
f1359   c40448185    i47991804    A:70 X:38 Y:11 S:C8 P:nvUbdizc  $00:91BD: 4A       LSR
f1359   c40448187    i47991805    A:38 X:38 Y:11 S:C8 P:nvUbdizc  $00:91BE: A8       TAY
f1359   c40448189    i47991806    A:38 X:38 Y:38 S:C8 P:nvUbdizc  $00:91BF: A5 E6    LDA $E6 = #$01
f1359   c40448192    i47991807    A:01 X:38 Y:38 S:C8 P:nvUbdizc  $00:91C1: 18       CLC
f1359   c40448194    i47991808    A:01 X:38 Y:38 S:C8 P:nvUbdizc  $00:91C2: 7D 68 04 ADC $0468,X @ $04A0 = #$4B
f1359   c40448198    i47991809    A:4C X:38 Y:38 S:C8 P:nvUbdizc  $00:91C5: 9D 68 04 STA $0468,X @ $04A0 = #$4B
f1359   c40448203    i47991810    A:4C X:38 Y:38 S:C8 P:nvUbdizc  $00:91C8: 6A       ROR
f1359   c40448205    i47991811    A:26 X:38 Y:38 S:C8 P:nvUbdizc  $00:91C9: 45 E6    EOR $E6 = #$01
f1359   c40448208    i47991812    A:27 X:38 Y:38 S:C8 P:nvUbdizc  $00:91CB: 10 08    BPL $91D5
f1359   c40448211    i47991813    A:27 X:38 Y:38 S:C8 P:nvUbdizc  $00:91D5: A5 E8    LDA $E8 = #$00
f1359   c40448214    i47991814    A:00 X:38 Y:38 S:C8 P:nvUbdiZc  $00:91D7: 18       CLC
f1359   c40448216    i47991815    A:00 X:38 Y:38 S:C8 P:nvUbdiZc  $00:91D8: 7D 6B 04 ADC $046B,X @ $04A3 = #$6C
f1359   c40448220    i47991816    A:6C X:38 Y:38 S:C8 P:nvUbdizc  $00:91DB: 9D 6B 04 STA $046B,X @ $04A3 = #$6C
f1359   c40448225    i47991817    A:6C X:38 Y:38 S:C8 P:nvUbdizc  $00:91DE: 6A       ROR
f1359   c40448227    i47991818    A:36 X:38 Y:38 S:C8 P:nvUbdizc  $00:91DF: 45 E8    EOR $E8 = #$00
f1359   c40448230    i47991819    A:36 X:38 Y:38 S:C8 P:nvUbdizc  $00:91E1: 10 08    BPL $91EB
f1359   c40448233    i47991820    A:36 X:38 Y:38 S:C8 P:nvUbdizc  $00:91EB: 8A       TXA
f1359   c40448235    i47991821    A:38 X:38 Y:38 S:C8 P:nvUbdizc  $00:91EC: 18       CLC
f1359   c40448237    i47991822    A:38 X:38 Y:38 S:C8 P:nvUbdizc  $00:91ED: 69 04    ADC #$04
f1359   c40448239    i47991823    A:3C X:38 Y:38 S:C8 P:nvUbdizc  $00:91EF: AA       TAX
f1359   c40448241    i47991824    A:3C X:3C Y:38 S:C8 P:nvUbdizc  $00:91F0: 88       DEY
f1359   c40448243    i47991825    A:3C X:3C Y:37 S:C8 P:nvUbdizc  $00:91F1: D0 CC    BNE $91BF
f1359   c40448246    i47991826    A:3C X:3C Y:37 S:C8 P:nvUbdizc  $00:91BF: A5 E6    LDA $E6 = #$01
f1359   c40448249    i47991827    A:01 X:3C Y:37 S:C8 P:nvUbdizc  $00:91C1: 18       CLC
f1359   c40448251    i47991828    A:01 X:3C Y:37 S:C8 P:nvUbdizc  $00:91C2: 7D 68 04 ADC $0468,X @ $04A4 = #$53
f1359   c40448255    i47991829    A:54 X:3C Y:37 S:C8 P:nvUbdizc  $00:91C5: 9D 68 04 STA $0468,X @ $04A4 = #$53
f1359   c40448260    i47991830    A:54 X:3C Y:37 S:C8 P:nvUbdizc  $00:91C8: 6A       ROR
f1359   c40448262    i47991831    A:2A X:3C Y:37 S:C8 P:nvUbdizc  $00:91C9: 45 E6    EOR $E6 = #$01
f1359   c40448265    i47991832    A:2B X:3C Y:37 S:C8 P:nvUbdizc  $00:91CB: 10 08    BPL $91D5
f1359   c40448268    i47991833    A:2B X:3C Y:37 S:C8 P:nvUbdizc  $00:91D5: A5 E8    LDA $E8 = #$00
f1359   c40448271    i47991834    A:00 X:3C Y:37 S:C8 P:nvUbdiZc  $00:91D7: 18       CLC
f1359   c40448273    i47991835    A:00 X:3C Y:37 S:C8 P:nvUbdiZc  $00:91D8: 7D 6B 04 ADC $046B,X @ $04A7 = #$6C
f1359   c40448277    i47991836    A:6C X:3C Y:37 S:C8 P:nvUbdizc  $00:91DB: 9D 6B 04 STA $046B,X @ $04A7 = #$6C
f1359   c40448282    i47991837    A:6C X:3C Y:37 S:C8 P:nvUbdizc  $00:91DE: 6A       ROR
f1359   c40448284    i47991838    A:36 X:3C Y:37 S:C8 P:nvUbdizc  $00:91DF: 45 E8    EOR $E8 = #$00
f1359   c40448287    i47991839    A:36 X:3C Y:37 S:C8 P:nvUbdizc  $00:91E1: 10 08    BPL $91EB
f1362   c40536498    i48020147    A:68 X:18 Y:00 S:C8 P:nvUbdizc  $00:94C3: 18       CLC
f1362   c40536500    i48020148    A:68 X:18 Y:00 S:C8 P:nvUbdizc  $00:94C4: 69 20    ADC #$20
f1362   c40536502    i48020149    A:88 X:18 Y:00 S:C8 P:NVUbdizc  $00:94C6: 85 94    STA $94 = #$68
f1362   c40536505    i48020150    A:88 X:18 Y:00 S:C8 P:NVUbdizc  $00:94C8: A5 95    LDA $95 = #$05
f1362   c40536508    i48020151    A:05 X:18 Y:00 S:C8 P:nVUbdizc  $00:94CA: 69 00    ADC #$00
f1362   c40536510    i48020152    A:05 X:18 Y:00 S:C8 P:nvUbdizc  $00:94CC: 85 95    STA $95 = #$05
f1362   c40536513    i48020153    A:05 X:18 Y:00 S:C8 P:nvUbdizc  $00:94CE: C6 96    DEC $96 = #$04
f1362   c40536518    i48020154    A:05 X:18 Y:00 S:C8 P:nvUbdizc  $00:94D0: F0 03    BEQ $94D5
f1362   c40536520    i48020155    A:05 X:18 Y:00 S:C8 P:nvUbdizc  $00:94D2: 4C 54 91 JMP $9154
f1362   c40536523    i48020156    A:05 X:18 Y:00 S:C8 P:nvUbdizc  $00:9154: A0 00    LDY #$00
f1362   c40536525    i48020157    A:05 X:18 Y:00 S:C8 P:nvUbdiZc  $00:9156: B1 94    LDA ($94),Y @ $0588 = #$A9
f1362   c40536530    i48020158    A:A9 X:18 Y:00 S:C8 P:NvUbdizc  $00:9158: 30 03    BMI $915D
f1362   c40536533    i48020159    A:A9 X:18 Y:00 S:C8 P:NvUbdizc  $00:915D: AA       TAX
f1362   c40536535    i48020160    A:A9 X:A9 Y:00 S:C8 P:NvUbdizc  $00:915E: A0 04    LDY #$04
f1362   c40536537    i48020161    A:A9 X:A9 Y:04 S:C8 P:nvUbdizc  $00:9160: 20 4A 97 JSR $974A
f1362   c40536543    i48020162    A:A9 X:A9 Y:04 S:C6 P:nvUbdizc  $00:974A: B1 94    LDA ($94),Y @ $058C = #$00
f1362   c40536548    i48020163    A:00 X:A9 Y:04 S:C6 P:nvUbdiZc  $00:974C: 0A       ASL
f1362   c40536550    i48020164    A:00 X:A9 Y:04 S:C6 P:nvUbdiZc  $00:974D: C8       INY
f1362   c40536552    i48020165    A:00 X:A9 Y:05 S:C6 P:nvUbdizc  $00:974E: B1 94    LDA ($94),Y @ $058D = #$21
f1362   c40536557    i48020166    A:21 X:A9 Y:05 S:C6 P:nvUbdizc  $00:9750: 2A       ROL
f1362   c40536559    i48020167    A:42 X:A9 Y:05 S:C6 P:nvUbdizc  $00:9751: 99 95 00 STA $0095,Y @ $009A = #$42
f1362   c40536564    i48020168    A:42 X:A9 Y:05 S:C6 P:nvUbdizc  $00:9754: A9 00    LDA #$00
f1362   c40536566    i48020169    A:00 X:A9 Y:05 S:C6 P:nvUbdiZc  $00:9756: 2A       ROL
f1362   c40536568    i48020170    A:00 X:A9 Y:05 S:C6 P:nvUbdiZc  $00:9757: 99 96 00 STA $0096,Y @ $009B = #$00
f1362   c40536573    i48020171    A:00 X:A9 Y:05 S:C6 P:nvUbdiZc  $00:975A: 60       RTS (from $974A)
f1362   c40536579    i48020172    A:00 X:A9 Y:05 S:C8 P:nvUbdiZc  $00:9163: A0 06    LDY #$06
f1362   c40536581    i48020173    A:00 X:A9 Y:06 S:C8 P:nvUbdizc  $00:9165: 20 4A 97 JSR $974A
f1362   c40536587    i48020174    A:00 X:A9 Y:06 S:C6 P:nvUbdizc  $00:974A: B1 94    LDA ($94),Y @ $058E = #$00
f1362   c40536592    i48020175    A:00 X:A9 Y:06 S:C6 P:nvUbdiZc  $00:974C: 0A       ASL
f1362   c40536594    i48020176    A:00 X:A9 Y:06 S:C6 P:nvUbdiZc  $00:974D: C8       INY
f1362   c40536596    i48020177    A:00 X:A9 Y:07 S:C6 P:nvUbdizc  $00:974E: B1 94    LDA ($94),Y @ $058F = #$3A
f1362   c40536601    i48020178    A:3A X:A9 Y:07 S:C6 P:nvUbdizc  $00:9750: 2A       ROL
f1362   c40536603    i48020179    A:74 X:A9 Y:07 S:C6 P:nvUbdizc  $00:9751: 99 95 00 STA $0095,Y @ $009C = #$74
f1362   c40536608    i48020180    A:74 X:A9 Y:07 S:C6 P:nvUbdizc  $00:9754: A9 00    LDA #$00
f1362   c40536610    i48020181    A:00 X:A9 Y:07 S:C6 P:nvUbdiZc  $00:9756: 2A       ROL
f1362   c40536612    i48020182    A:00 X:A9 Y:07 S:C6 P:nvUbdiZc  $00:9757: 99 96 00 STA $0096,Y @ $009D = #$00
f1362   c40536617    i48020183    A:00 X:A9 Y:07 S:C6 P:nvUbdiZc  $00:975A: 60       RTS (from $974A)
f1362   c40536623    i48020184    A:00 X:A9 Y:07 S:C8 P:nvUbdiZc  $00:9168: 8A       TXA
f1362   c40536625    i48020185    A:A9 X:A9 Y:07 S:C8 P:NvUbdizc  $00:9169: 29 10    AND #$10
f1362   c40536627    i48020186    A:00 X:A9 Y:07 S:C8 P:nvUbdiZc  $00:916B: D0 39    BNE $91A6
f1362   c40536629    i48020187    A:00 X:A9 Y:07 S:C8 P:nvUbdiZc  $00:916D: 8A       TXA
f1362   c40536631    i48020188    A:A9 X:A9 Y:07 S:C8 P:NvUbdizc  $00:916E: 29 20    AND #$20
f1369   c40744212    i48086248    A:68 X:18 Y:00 S:C8 P:nvUbdizc  $00:94C3: 18       CLC
f1369   c40744214    i48086249    A:68 X:18 Y:00 S:C8 P:nvUbdizc  $00:94C4: 69 20    ADC #$20
f1369   c40744216    i48086250    A:88 X:18 Y:00 S:C8 P:NVUbdizc  $00:94C6: 85 94    STA $94 = #$68
f1369   c40744219    i48086251    A:88 X:18 Y:00 S:C8 P:NVUbdizc  $00:94C8: A5 95    LDA $95 = #$05
f1369   c40744222    i48086252    A:05 X:18 Y:00 S:C8 P:nVUbdizc  $00:94CA: 69 00    ADC #$00
f1369   c40744224    i48086253    A:05 X:18 Y:00 S:C8 P:nvUbdizc  $00:94CC: 85 95    STA $95 = #$05
f1369   c40744227    i48086254    A:05 X:18 Y:00 S:C8 P:nvUbdizc  $00:94CE: C6 96    DEC $96 = #$04
f1369   c40744232    i48086255    A:05 X:18 Y:00 S:C8 P:nvUbdizc  $00:94D0: F0 03    BEQ $94D5
f1369   c40744234    i48086256    A:05 X:18 Y:00 S:C8 P:nvUbdizc  $00:94D2: 4C 54 91 JMP $9154
f1369   c40744237    i48086257    A:05 X:18 Y:00 S:C8 P:nvUbdizc  $00:9154: A0 00    LDY #$00
f1369   c40744239    i48086258    A:05 X:18 Y:00 S:C8 P:nvUbdiZc  $00:9156: B1 94    LDA ($94),Y @ $0588 = #$A9
f1369   c40744244    i48086259    A:A9 X:18 Y:00 S:C8 P:NvUbdizc  $00:9158: 30 03    BMI $915D
f1369   c40744247    i48086260    A:A9 X:18 Y:00 S:C8 P:NvUbdizc  $00:915D: AA       TAX
f1369   c40744249    i48086261    A:A9 X:A9 Y:00 S:C8 P:NvUbdizc  $00:915E: A0 04    LDY #$04
f1369   c40744251    i48086262    A:A9 X:A9 Y:04 S:C8 P:nvUbdizc  $00:9160: 20 4A 97 JSR $974A
f1369   c40744257    i48086263    A:A9 X:A9 Y:04 S:C6 P:nvUbdizc  $00:974A: B1 94    LDA ($94),Y @ $058C = #$80
f1369   c40744262    i48086264    A:80 X:A9 Y:04 S:C6 P:NvUbdizc  $00:974C: 0A       ASL
f1369   c40744264    i48086265    A:00 X:A9 Y:04 S:C6 P:nvUbdiZC  $00:974D: C8       INY
f1369   c40744266    i48086266    A:00 X:A9 Y:05 S:C6 P:nvUbdizC  $00:974E: B1 94    LDA ($94),Y @ $058D = #$21
f1369   c40744271    i48086267    A:21 X:A9 Y:05 S:C6 P:nvUbdizC  $00:9750: 2A       ROL
f1369   c40744273    i48086268    A:43 X:A9 Y:05 S:C6 P:nvUbdizc  $00:9751: 99 95 00 STA $0095,Y @ $009A = #$43
f1369   c40744278    i48086269    A:43 X:A9 Y:05 S:C6 P:nvUbdizc  $00:9754: A9 00    LDA #$00
f1369   c40744280    i48086270    A:00 X:A9 Y:05 S:C6 P:nvUbdiZc  $00:9756: 2A       ROL
f1369   c40744282    i48086271    A:00 X:A9 Y:05 S:C6 P:nvUbdiZc  $00:9757: 99 96 00 STA $0096,Y @ $009B = #$00
f1369   c40744287    i48086272    A:00 X:A9 Y:05 S:C6 P:nvUbdiZc  $00:975A: 60       RTS (from $974A)
f1369   c40744293    i48086273    A:00 X:A9 Y:05 S:C8 P:nvUbdiZc  $00:9163: A0 06    LDY #$06
f1369   c40744295    i48086274    A:00 X:A9 Y:06 S:C8 P:nvUbdizc  $00:9165: 20 4A 97 JSR $974A
f1369   c40744301    i48086275    A:00 X:A9 Y:06 S:C6 P:nvUbdizc  $00:974A: B1 94    LDA ($94),Y @ $058E = #$00
f1369   c40744306    i48086276    A:00 X:A9 Y:06 S:C6 P:nvUbdiZc  $00:974C: 0A       ASL
f1369   c40744308    i48086277    A:00 X:A9 Y:06 S:C6 P:nvUbdiZc  $00:974D: C8       INY
f1369   c40744310    i48086278    A:00 X:A9 Y:07 S:C6 P:nvUbdizc  $00:974E: B1 94    LDA ($94),Y @ $058F = #$3A
f1369   c40744315    i48086279    A:3A X:A9 Y:07 S:C6 P:nvUbdizc  $00:9750: 2A       ROL
f1369   c40744317    i48086280    A:74 X:A9 Y:07 S:C6 P:nvUbdizc  $00:9751: 99 95 00 STA $0095,Y @ $009C = #$74
f1369   c40744322    i48086281    A:74 X:A9 Y:07 S:C6 P:nvUbdizc  $00:9754: A9 00    LDA #$00
f1369   c40744324    i48086282    A:00 X:A9 Y:07 S:C6 P:nvUbdiZc  $00:9756: 2A       ROL
f1369   c40744326    i48086283    A:00 X:A9 Y:07 S:C6 P:nvUbdiZc  $00:9757: 99 96 00 STA $0096,Y @ $009D = #$00
f1369   c40744331    i48086284    A:00 X:A9 Y:07 S:C6 P:nvUbdiZc  $00:975A: 60       RTS (from $974A)
f1369   c40744337    i48086285    A:00 X:A9 Y:07 S:C8 P:nvUbdiZc  $00:9168: 8A       TXA
f1369   c40744339    i48086286    A:A9 X:A9 Y:07 S:C8 P:NvUbdizc  $00:9169: 29 10    AND #$10
f1369   c40744341    i48086287    A:00 X:A9 Y:07 S:C8 P:nvUbdiZc  $00:916B: D0 39    BNE $91A6
f1369   c40744343    i48086288    A:00 X:A9 Y:07 S:C8 P:nvUbdiZc  $00:916D: 8A       TXA
f1369   c40744345    i48086289    A:A9 X:A9 Y:07 S:C8 P:NvUbdizc  $00:916E: 29 20    AND #$20
f1370   c40774133    i48095938    A:88 X:18 Y:00 S:C8 P:NVUbdizc  $00:94C8: A5 95    LDA $95 = #$05
f1370   c40774136    i48095939    A:05 X:18 Y:00 S:C8 P:nVUbdizc  $00:94CA: 69 00    ADC #$00
f1370   c40774138    i48095940    A:05 X:18 Y:00 S:C8 P:nvUbdizc  $00:94CC: 85 95    STA $95 = #$05
f1370   c40774141    i48095941    A:05 X:18 Y:00 S:C8 P:nvUbdizc  $00:94CE: C6 96    DEC $96 = #$04
f1370   c40774146    i48095942    A:05 X:18 Y:00 S:C8 P:nvUbdizc  $00:94D0: F0 03    BEQ $94D5
f1370   c40774148    i48095943    A:05 X:18 Y:00 S:C8 P:nvUbdizc  $00:94D2: 4C 54 91 JMP $9154
f1370   c40774151    i48095944    A:05 X:18 Y:00 S:C8 P:nvUbdizc  $00:9154: A0 00    LDY #$00
f1370   c40774153    i48095945    A:05 X:18 Y:00 S:C8 P:nvUbdiZc  $00:9156: B1 94    LDA ($94),Y @ $0588 = #$A9
f1370   c40774158    i48095946    A:A9 X:18 Y:00 S:C8 P:NvUbdizc  $00:9158: 30 03    BMI $915D
f1370   c40774161    i48095947    A:A9 X:18 Y:00 S:C8 P:NvUbdizc  $00:915D: AA       TAX
f1370   c40774163    i48095948    A:A9 X:A9 Y:00 S:C8 P:NvUbdizc  $00:915E: A0 04    LDY #$04
f1370   c40774165    i48095949    A:A9 X:A9 Y:04 S:C8 P:nvUbdizc  $00:9160: 20 4A 97 JSR $974A
f1370   c40774171    i48095950    A:A9 X:A9 Y:04 S:C6 P:nvUbdizc  $00:974A: B1 94    LDA ($94),Y @ $058C = #$00
f1370   c40774176    i48095951    A:00 X:A9 Y:04 S:C6 P:nvUbdiZc  $00:974C: 0A       ASL
f1370   c40774178    i48095952    A:00 X:A9 Y:04 S:C6 P:nvUbdiZc  $00:974D: C8       INY
f1370   c40774180    i48095953    A:00 X:A9 Y:05 S:C6 P:nvUbdizc  $00:974E: B1 94    LDA ($94),Y @ $058D = #$21
f1370   c40774185    i48095954    A:21 X:A9 Y:05 S:C6 P:nvUbdizc  $00:9750: 2A       ROL
f1370   c40774187    i48095955    A:42 X:A9 Y:05 S:C6 P:nvUbdizc  $00:9751: 99 95 00 STA $0095,Y @ $009A = #$42
f1370   c40774192    i48095956    A:42 X:A9 Y:05 S:C6 P:nvUbdizc  $00:9754: A9 00    LDA #$00
f1370   c40774194    i48095957    A:00 X:A9 Y:05 S:C6 P:nvUbdiZc  $00:9756: 2A       ROL
f1370   c40774196    i48095958    A:00 X:A9 Y:05 S:C6 P:nvUbdiZc  $00:9757: 99 96 00 STA $0096,Y @ $009B = #$00
f1370   c40774201    i48095959    A:00 X:A9 Y:05 S:C6 P:nvUbdiZc  $00:975A: 60       RTS (from $974A)
f1370   c40774207    i48095960    A:00 X:A9 Y:05 S:C8 P:nvUbdiZc  $00:9163: A0 06    LDY #$06
f1370   c40774209    i48095961    A:00 X:A9 Y:06 S:C8 P:nvUbdizc  $00:9165: 20 4A 97 JSR $974A
f1370   c40774215    i48095962    A:00 X:A9 Y:06 S:C6 P:nvUbdizc  $00:974A: B1 94    LDA ($94),Y @ $058E = #$00
f1370   c40774220    i48095963    A:00 X:A9 Y:06 S:C6 P:nvUbdiZc  $00:974C: 0A       ASL
f1370   c40774222    i48095964    A:00 X:A9 Y:06 S:C6 P:nvUbdiZc  $00:974D: C8       INY
f1370   c40774224    i48095965    A:00 X:A9 Y:07 S:C6 P:nvUbdizc  $00:974E: B1 94    LDA ($94),Y @ $058F = #$3A
f1370   c40774229    i48095966    A:3A X:A9 Y:07 S:C6 P:nvUbdizc  $00:9750: 2A       ROL
f1370   c40774231    i48095967    A:74 X:A9 Y:07 S:C6 P:nvUbdizc  $00:9751: 99 95 00 STA $0095,Y @ $009C = #$74
f1370   c40774236    i48095968    A:74 X:A9 Y:07 S:C6 P:nvUbdizc  $00:9754: A9 00    LDA #$00
f1370   c40774238    i48095969    A:00 X:A9 Y:07 S:C6 P:nvUbdiZc  $00:9756: 2A       ROL
f1370   c40774240    i48095970    A:00 X:A9 Y:07 S:C6 P:nvUbdiZc  $00:9757: 99 96 00 STA $0096,Y @ $009D = #$00
f1370   c40774245    i48095971    A:00 X:A9 Y:07 S:C6 P:nvUbdiZc  $00:975A: 60       RTS (from $974A)
f1370   c40774251    i48095972    A:00 X:A9 Y:07 S:C8 P:nvUbdiZc  $00:9168: 8A       TXA
f1370   c40774253    i48095973    A:A9 X:A9 Y:07 S:C8 P:NvUbdizc  $00:9169: 29 10    AND #$10
f1370   c40774255    i48095974    A:00 X:A9 Y:07 S:C8 P:nvUbdiZc  $00:916B: D0 39    BNE $91A6
f1370   c40774257    i48095975    A:00 X:A9 Y:07 S:C8 P:nvUbdiZc  $00:916D: 8A       TXA
f1370   c40774259    i48095976    A:A9 X:A9 Y:07 S:C8 P:NvUbdizc  $00:916E: 29 20    AND #$20
f1370   c40774261    i48095977    A:20 X:A9 Y:07 S:C8 P:nvUbdizc  $00:9170: D0 03    BNE $9175
f1370   c40774264    i48095978    A:20 X:A9 Y:07 S:C8 P:nvUbdizc  $00:9175: A2 04    LDX #$04
f1370   c40774266    i48095979    A:20 X:04 Y:07 S:C8 P:nvUbdizc  $00:9177: A0 0A    LDY #$0A
f1375   c40923728    i48143931    A:00 X:00 Y:07 S:C8 P:nvUbdiZC  $00:91A3: 4C B4 91 JMP $91B4
f1375   c40923731    i48143932    A:00 X:00 Y:07 S:C8 P:nvUbdiZC  $00:91B4: A0 10    LDY #$10
f1375   c40923733    i48143933    A:00 X:00 Y:10 S:C8 P:nvUbdizC  $00:91B6: B1 94    LDA ($94),Y @ $0598 = #$38
f1375   c40923738    i48143934    A:38 X:00 Y:10 S:C8 P:nvUbdizC  $00:91B8: AA       TAX
f1375   c40923740    i48143935    A:38 X:38 Y:10 S:C8 P:nvUbdizC  $00:91B9: C8       INY
f1375   c40923742    i48143936    A:38 X:38 Y:11 S:C8 P:nvUbdizC  $00:91BA: B1 94    LDA ($94),Y @ $0599 = #$E0
f1375   c40923747    i48143937    A:E0 X:38 Y:11 S:C8 P:NvUbdizC  $00:91BC: 4A       LSR
f1375   c40923749    i48143938    A:70 X:38 Y:11 S:C8 P:nvUbdizc  $00:91BD: 4A       LSR
f1375   c40923751    i48143939    A:38 X:38 Y:11 S:C8 P:nvUbdizc  $00:91BE: A8       TAY
f1375   c40923753    i48143940    A:38 X:38 Y:38 S:C8 P:nvUbdizc  $00:91BF: A5 E6    LDA $E6 = #$01
f1375   c40923756    i48143941    A:01 X:38 Y:38 S:C8 P:nvUbdizc  $00:91C1: 18       CLC
f1375   c40923758    i48143942    A:01 X:38 Y:38 S:C8 P:nvUbdizc  $00:91C2: 7D 68 04 ADC $0468,X @ $04A0 = #$4B
f1375   c40923762    i48143943    A:4C X:38 Y:38 S:C8 P:nvUbdizc  $00:91C5: 9D 68 04 STA $0468,X @ $04A0 = #$4B
f1375   c40923767    i48143944    A:4C X:38 Y:38 S:C8 P:nvUbdizc  $00:91C8: 6A       ROR
f1375   c40923769    i48143945    A:26 X:38 Y:38 S:C8 P:nvUbdizc  $00:91C9: 45 E6    EOR $E6 = #$01
f1375   c40923772    i48143946    A:27 X:38 Y:38 S:C8 P:nvUbdizc  $00:91CB: 10 08    BPL $91D5
f1375   c40923779    i48143947    A:27 X:38 Y:38 S:C8 P:nvUbdizc  $00:91D5: A5 E8    LDA $E8 = #$00
f1375   c40923782    i48143948    A:00 X:38 Y:38 S:C8 P:nvUbdiZc  $00:91D7: 18       CLC
f1375   c40923784    i48143949    A:00 X:38 Y:38 S:C8 P:nvUbdiZc  $00:91D8: 7D 6B 04 ADC $046B,X @ $04A3 = #$6C
f1375   c40923788    i48143950    A:6C X:38 Y:38 S:C8 P:nvUbdizc  $00:91DB: 9D 6B 04 STA $046B,X @ $04A3 = #$6C
f1375   c40923793    i48143951    A:6C X:38 Y:38 S:C8 P:nvUbdizc  $00:91DE: 6A       ROR
f1375   c40923795    i48143952    A:36 X:38 Y:38 S:C8 P:nvUbdizc  $00:91DF: 45 E8    EOR $E8 = #$00
f1375   c40923798    i48143953    A:36 X:38 Y:38 S:C8 P:nvUbdizc  $00:91E1: 10 08    BPL $91EB
f1375   c40923801    i48143954    A:36 X:38 Y:38 S:C8 P:nvUbdizc  $00:91EB: 8A       TXA
f1375   c40923803    i48143955    A:38 X:38 Y:38 S:C8 P:nvUbdizc  $00:91EC: 18       CLC
f1375   c40923805    i48143956    A:38 X:38 Y:38 S:C8 P:nvUbdizc  $00:91ED: 69 04    ADC #$04
f1375   c40923807    i48143957    A:3C X:38 Y:38 S:C8 P:nvUbdizc  $00:91EF: AA       TAX
f1375   c40923809    i48143958    A:3C X:3C Y:38 S:C8 P:nvUbdizc  $00:91F0: 88       DEY
f1375   c40923811    i48143959    A:3C X:3C Y:37 S:C8 P:nvUbdizc  $00:91F1: D0 CC    BNE $91BF
f1375   c40923814    i48143960    A:3C X:3C Y:37 S:C8 P:nvUbdizc  $00:91BF: A5 E6    LDA $E6 = #$01
f1375   c40923817    i48143961    A:01 X:3C Y:37 S:C8 P:nvUbdizc  $00:91C1: 18       CLC
f1375   c40923819    i48143962    A:01 X:3C Y:37 S:C8 P:nvUbdizc  $00:91C2: 7D 68 04 ADC $0468,X @ $04A4 = #$53
f1375   c40923823    i48143963    A:54 X:3C Y:37 S:C8 P:nvUbdizc  $00:91C5: 9D 68 04 STA $0468,X @ $04A4 = #$53
f1375   c40923828    i48143964    A:54 X:3C Y:37 S:C8 P:nvUbdizc  $00:91C8: 6A       ROR
f1375   c40923830    i48143965    A:2A X:3C Y:37 S:C8 P:nvUbdizc  $00:91C9: 45 E6    EOR $E6 = #$01
f1375   c40923833    i48143966    A:2B X:3C Y:37 S:C8 P:nvUbdizc  $00:91CB: 10 08    BPL $91D5
f1375   c40923836    i48143967    A:2B X:3C Y:37 S:C8 P:nvUbdizc  $00:91D5: A5 E8    LDA $E8 = #$00
f1375   c40923839    i48143968    A:00 X:3C Y:37 S:C8 P:nvUbdiZc  $00:91D7: 18       CLC
f1375   c40923841    i48143969    A:00 X:3C Y:37 S:C8 P:nvUbdiZc  $00:91D8: 7D 6B 04 ADC $046B,X @ $04A7 = #$6C
f1375   c40923845    i48143970    A:6C X:3C Y:37 S:C8 P:nvUbdizc  $00:91DB: 9D 6B 04 STA $046B,X @ $04A7 = #$6C
f1375   c40923850    i48143971    A:6C X:3C Y:37 S:C8 P:nvUbdizc  $00:91DE: 6A       ROR
f1375   c40923852    i48143972    A:36 X:3C Y:37 S:C8 P:nvUbdizc  $00:91DF: 45 E8    EOR $E8 = #$00
f1375   c40926986    i48145044    A:FA X:14 Y:01 S:C8 P:NvUbdizc  $00:91C8: 6A       ROR
f1375   c40926988    i48145045    A:7D X:14 Y:01 S:C8 P:nvUbdizc  $00:91C9: 45 E6    EOR $E6 = #$01
f1375   c40926991    i48145046    A:7C X:14 Y:01 S:C8 P:nvUbdizc  $00:91CB: 10 08    BPL $91D5
f1375   c40926994    i48145047    A:7C X:14 Y:01 S:C8 P:nvUbdizc  $00:91D5: A5 E8    LDA $E8 = #$00
f1375   c40926997    i48145048    A:00 X:14 Y:01 S:C8 P:nvUbdiZc  $00:91D7: 18       CLC
f1375   c40926999    i48145049    A:00 X:14 Y:01 S:C8 P:nvUbdiZc  $00:91D8: 7D 6B 04 ADC $046B,X @ $047F = #$94
f1375   c40927003    i48145050    A:94 X:14 Y:01 S:C8 P:NvUbdizc  $00:91DB: 9D 6B 04 STA $046B,X @ $047F = #$94
f1375   c40927008    i48145051    A:94 X:14 Y:01 S:C8 P:NvUbdizc  $00:91DE: 6A       ROR
f1375   c40927010    i48145052    A:4A X:14 Y:01 S:C8 P:nvUbdizc  $00:91DF: 45 E8    EOR $E8 = #$00
f1375   c40927013    i48145053    A:4A X:14 Y:01 S:C8 P:nvUbdizc  $00:91E1: 10 08    BPL $91EB
f1375   c40927016    i48145054    A:4A X:14 Y:01 S:C8 P:nvUbdizc  $00:91EB: 8A       TXA
f1375   c40927018    i48145055    A:14 X:14 Y:01 S:C8 P:nvUbdizc  $00:91EC: 18       CLC
f1375   c40927020    i48145056    A:14 X:14 Y:01 S:C8 P:nvUbdizc  $00:91ED: 69 04    ADC #$04
f1375   c40927022    i48145057    A:18 X:14 Y:01 S:C8 P:nvUbdizc  $00:91EF: AA       TAX
f1375   c40927024    i48145058    A:18 X:18 Y:01 S:C8 P:nvUbdizc  $00:91F0: 88       DEY
f1375   c40927026    i48145059    A:18 X:18 Y:00 S:C8 P:nvUbdiZc  $00:91F1: D0 CC    BNE $91BF
f1375   c40927028    i48145060    A:18 X:18 Y:00 S:C8 P:nvUbdiZc  $00:91F3: A0 01    LDY #$01
f1375   c40927030    i48145061    A:18 X:18 Y:01 S:C8 P:nvUbdizc  $00:91F5: B1 94    LDA ($94),Y @ $0589 = #$01
f1375   c40927035    i48145062    A:01 X:18 Y:01 S:C8 P:nvUbdizc  $00:91F7: 38       SEC
f1375   c40927037    i48145063    A:01 X:18 Y:01 S:C8 P:nvUbdizC  $00:91F8: E9 01    SBC #$01
f1375   c40927039    i48145064    A:00 X:18 Y:01 S:C8 P:nvUbdiZC  $00:91FA: 91 94    STA ($94),Y @ $0589 = #$01
f1375   c40927045    i48145065    A:00 X:18 Y:01 S:C8 P:nvUbdiZC  $00:91FC: F0 03    BEQ $9201
f1375   c40927049    i48145066    A:00 X:18 Y:01 S:C8 P:nvUbdiZC  $00:9201: A0 00    LDY #$00
f1375   c40927051    i48145067    A:00 X:18 Y:00 S:C8 P:nvUbdiZC  $00:9203: B1 94    LDA ($94),Y @ $0588 = #$A9
f1375   c40927056    i48145068    A:A9 X:18 Y:00 S:C8 P:NvUbdizC  $00:9205: 29 01    AND #$01
f1375   c40927058    i48145069    A:01 X:18 Y:00 S:C8 P:nvUbdizC  $00:9207: 18       CLC
f1375   c40927060    i48145070    A:01 X:18 Y:00 S:C8 P:nvUbdizc  $00:9208: 69 09    ADC #$09
f1375   c40927062    i48145071    A:0A X:18 Y:00 S:C8 P:nvUbdizc  $00:920A: AA       TAX
f1375   c40927064    i48145072    A:0A X:0A Y:00 S:C8 P:nvUbdizc  $00:920B: 20 B9 C4 JSR $C4B9
f1375   c40927070    i48145073    A:0A X:0A Y:00 S:C6 P:nvUbdizc  $0F:C4B9: 86 25    STX $25 = #$0A
f1375   c40927073    i48145074    A:0A X:0A Y:00 S:C6 P:nvUbdizc  $0F:C4BB: A9 07    LDA #$07
f1375   c40927075    i48145075    A:07 X:0A Y:00 S:C6 P:nvUbdizc  $0F:C4BD: 05 22    ORA $22 = #$00
f1375   c40927078    i48145076    A:07 X:0A Y:00 S:C6 P:nvUbdizc  $0F:C4BF: 85 23    STA $23 = #$06
f1375   c40927081    i48145077    A:07 X:0A Y:00 S:C6 P:nvUbdizc  $0F:C4C1: 8D 00 80 STA $8000 = #$A5
f1375   c40927085    i48145078    A:07 X:0A Y:00 S:C6 P:nvUbdizc  $0F:C4C4: 8E 01 80 STX $8001 = #$27
f1375   c40927089    i48145079    A:07 X:0A Y:00 S:C6 P:nvUbdizc  $0F:C4C7: 60       RTS (from $C4B9)
f1375   c40927095    i48145080    A:07 X:0A Y:00 S:C8 P:nvUbdizc  $00:920E: A0 02    LDY #$02
f1375   c40927097    i48145081    A:07 X:0A Y:02 S:C8 P:nvUbdizc  $00:9210: B1 94    LDA ($94),Y @ $058A = #$9C
f1375   c40927102    i48145082    A:9C X:0A Y:02 S:C8 P:NvUbdizc  $00:9212: 85 92    STA $92 = #$9B
f1375   c40927105    i48145083    A:9C X:0A Y:02 S:C8 P:NvUbdizc  $00:9214: C8       INY
f1375   c40927107    i48145084    A:9C X:0A Y:03 S:C8 P:nvUbdizc  $00:9215: B1 94    LDA ($94),Y @ $058B = #$A2
f1375   c40927112    i48145085    A:A2 X:0A Y:03 S:C8 P:NvUbdizc  $00:9217: 85 93    STA $93 = #$A2
f1378   c41017508    i48173928    A:00 X:15 Y:00 S:BC P:nvUbdiZc  $00:9F2E: 8D 01 80 STA $8001 = #$27
f1378   c41017512    i48173929    A:00 X:15 Y:00 S:BC P:nvUbdiZc  $00:9F31: B5 01    LDA $01,X @ $0016 = #$E0
f1378   c41017516    i48173930    A:E0 X:15 Y:00 S:BC P:NvUbdizc  $00:9F33: AA       TAX
f1378   c41017522    i48173931    A:E0 X:E0 Y:00 S:BC P:NvUbdizc  $00:9F34: 9A       TXS
f1378   c41017524    i48173932    A:E0 X:E0 Y:00 S:E0 P:NvUbdizc  $00:9F35: 68       PLA
f1378   c41017528    i48173933    A:30 X:E0 Y:00 S:E1 P:nvUbdizc  $00:9F36: 85 E6    STA $E6 = #$01
f1378   c41017531    i48173934    A:30 X:E0 Y:00 S:E1 P:nvUbdizc  $00:9F38: 68       PLA
f1378   c41017535    i48173935    A:23 X:E0 Y:00 S:E2 P:nvUbdizc  $00:9F39: 85 E7    STA $E7 = #$BA
f1378   c41017538    i48173936    A:23 X:E0 Y:00 S:E2 P:nvUbdizc  $00:9F3B: 68       PLA
f1378   c41017542    i48173937    A:00 X:E0 Y:00 S:E3 P:nvUbdiZc  $00:9F3C: 85 E8    STA $E8 = #$00
f1378   c41017545    i48173938    A:00 X:E0 Y:00 S:E3 P:nvUbdiZc  $00:9F3E: 68       PLA
f1378   c41017549    i48173939    A:00 X:E0 Y:00 S:E4 P:nvUbdiZc  $00:9F3F: 85 E9    STA $E9 = #$00
f1378   c41017552    i48173940    A:00 X:E0 Y:00 S:E4 P:nvUbdiZc  $00:9F41: 68       PLA
f1378   c41017556    i48173941    A:01 X:E0 Y:00 S:E5 P:nvUbdizc  $00:9F42: 85 EA    STA $EA = #$4A
f1378   c41017559    i48173942    A:01 X:E0 Y:00 S:E5 P:nvUbdizc  $00:9F44: 68       PLA
f1378   c41017563    i48173943    A:03 X:E0 Y:00 S:E6 P:nvUbdizc  $00:9F45: 85 EB    STA $EB = #$00
f1378   c41017566    i48173944    A:03 X:E0 Y:00 S:E6 P:nvUbdizc  $00:9F47: 68       PLA
f1378   c41017570    i48173945    A:96 X:E0 Y:00 S:E7 P:NvUbdizc  $00:9F48: 85 EC    STA $EC = #$00
f1378   c41017573    i48173946    A:96 X:E0 Y:00 S:E7 P:NvUbdizc  $00:9F4A: 68       PLA
f1378   c41017577    i48173947    A:BA X:E0 Y:00 S:E8 P:NvUbdizc  $00:9F4B: 85 ED    STA $ED = #$06
f1378   c41017580    i48173948    A:BA X:E0 Y:00 S:E8 P:NvUbdizc  $00:9F4D: 68       PLA
f1378   c41017584    i48173949    A:00 X:E0 Y:00 S:E9 P:nvUbdiZc  $00:9F4E: A8       TAY
f1378   c41017586    i48173950    A:00 X:E0 Y:00 S:E9 P:nvUbdiZc  $00:9F4F: 68       PLA
f1378   c41017590    i48173951    A:02 X:E0 Y:00 S:EA P:nvUbdizc  $00:9F50: AA       TAX
f1378   c41017592    i48173952    A:02 X:02 Y:00 S:EA P:nvUbdizc  $00:9F51: 60       RTS (from $9FA8)
f1378   c41017598    i48173953    A:02 X:02 Y:00 S:EC P:nvUbdizc  $01:A8D3: A0 00    LDY #$00
f1378   c41017600    i48173954    A:02 X:02 Y:00 S:EC P:nvUbdiZc  $01:A8D5: BE 68 04 LDX $0468,Y @ $0468 = #$53
f1378   c41017604    i48173955    A:02 X:53 Y:00 S:EC P:nvUbdizc  $01:A8D8: B9 6A 04 LDA $046A,Y @ $046A = #$00
f1378   c41017608    i48173956    A:00 X:53 Y:00 S:EC P:nvUbdiZc  $01:A8DB: 29 0C    AND #$0C
f1378   c41017610    i48173957    A:00 X:53 Y:00 S:EC P:nvUbdiZc  $01:A8DD: F0 02    BEQ $A8E1
f1378   c41017613    i48173958    A:00 X:53 Y:00 S:EC P:nvUbdiZc  $01:A8E1: 8A       TXA
f1378   c41017615    i48173959    A:53 X:53 Y:00 S:EC P:nvUbdizc  $01:A8E2: 99 00 02 STA $0200,Y @ $0200 = #$52
f1378   c41017620    i48173960    A:53 X:53 Y:00 S:EC P:nvUbdizc  $01:A8E5: B9 69 04 LDA $0469,Y @ $0469 = #$11
f1378   c41017624    i48173961    A:11 X:53 Y:00 S:EC P:nvUbdizc  $01:A8E8: 99 01 02 STA $0201,Y @ $0201 = #$11
f1378   c41017629    i48173962    A:11 X:53 Y:00 S:EC P:nvUbdizc  $01:A8EB: B9 6A 04 LDA $046A,Y @ $046A = #$00
f1378   c41017633    i48173963    A:00 X:53 Y:00 S:EC P:nvUbdiZc  $01:A8EE: 99 02 02 STA $0202,Y @ $0202 = #$00
f1378   c41017638    i48173964    A:00 X:53 Y:00 S:EC P:nvUbdiZc  $01:A8F1: B9 6B 04 LDA $046B,Y @ $046B = #$8C
f1378   c41017642    i48173965    A:8C X:53 Y:00 S:EC P:NvUbdizc  $01:A8F4: 99 03 02 STA $0203,Y @ $0203 = #$8C
f1378   c41017647    i48173966    A:8C X:53 Y:00 S:EC P:NvUbdizc  $01:A8F7: C8       INY
f1378   c41017649    i48173967    A:8C X:53 Y:01 S:EC P:nvUbdizc  $01:A8F8: C8       INY
f1378   c41017651    i48173968    A:8C X:53 Y:02 S:EC P:nvUbdizc  $01:A8F9: C8       INY
f1378   c41017653    i48173969    A:8C X:53 Y:03 S:EC P:nvUbdizc  $01:A8FA: C8       INY
f1379   c41042421    i48181725    A:88 X:18 Y:00 S:C8 P:NVUbdizc  $00:94C8: A5 95    LDA $95 = #$05
f1379   c41042424    i48181726    A:05 X:18 Y:00 S:C8 P:nVUbdizc  $00:94CA: 69 00    ADC #$00
f1379   c41042426    i48181727    A:05 X:18 Y:00 S:C8 P:nvUbdizc  $00:94CC: 85 95    STA $95 = #$05
f1379   c41042429    i48181728    A:05 X:18 Y:00 S:C8 P:nvUbdizc  $00:94CE: C6 96    DEC $96 = #$04
f1379   c41042434    i48181729    A:05 X:18 Y:00 S:C8 P:nvUbdizc  $00:94D0: F0 03    BEQ $94D5
f1379   c41042436    i48181730    A:05 X:18 Y:00 S:C8 P:nvUbdizc  $00:94D2: 4C 54 91 JMP $9154
f1379   c41042439    i48181731    A:05 X:18 Y:00 S:C8 P:nvUbdizc  $00:9154: A0 00    LDY #$00
f1379   c41042441    i48181732    A:05 X:18 Y:00 S:C8 P:nvUbdiZc  $00:9156: B1 94    LDA ($94),Y @ $0588 = #$A9
f1379   c41042446    i48181733    A:A9 X:18 Y:00 S:C8 P:NvUbdizc  $00:9158: 30 03    BMI $915D
f1379   c41042449    i48181734    A:A9 X:18 Y:00 S:C8 P:NvUbdizc  $00:915D: AA       TAX
f1379   c41042451    i48181735    A:A9 X:A9 Y:00 S:C8 P:NvUbdizc  $00:915E: A0 04    LDY #$04
f1379   c41042453    i48181736    A:A9 X:A9 Y:04 S:C8 P:nvUbdizc  $00:9160: 20 4A 97 JSR $974A
f1379   c41042459    i48181737    A:A9 X:A9 Y:04 S:C6 P:nvUbdizc  $00:974A: B1 94    LDA ($94),Y @ $058C = #$80
f1379   c41042464    i48181738    A:80 X:A9 Y:04 S:C6 P:NvUbdizc  $00:974C: 0A       ASL
f1379   c41042466    i48181739    A:00 X:A9 Y:04 S:C6 P:nvUbdiZC  $00:974D: C8       INY
f1379   c41042468    i48181740    A:00 X:A9 Y:05 S:C6 P:nvUbdizC  $00:974E: B1 94    LDA ($94),Y @ $058D = #$21
f1379   c41042473    i48181741    A:21 X:A9 Y:05 S:C6 P:nvUbdizC  $00:9750: 2A       ROL
f1379   c41042475    i48181742    A:43 X:A9 Y:05 S:C6 P:nvUbdizc  $00:9751: 99 95 00 STA $0095,Y @ $009A = #$43
f1379   c41042480    i48181743    A:43 X:A9 Y:05 S:C6 P:nvUbdizc  $00:9754: A9 00    LDA #$00
f1379   c41042482    i48181744    A:00 X:A9 Y:05 S:C6 P:nvUbdiZc  $00:9756: 2A       ROL
f1379   c41042484    i48181745    A:00 X:A9 Y:05 S:C6 P:nvUbdiZc  $00:9757: 99 96 00 STA $0096,Y @ $009B = #$00
f1379   c41042489    i48181746    A:00 X:A9 Y:05 S:C6 P:nvUbdiZc  $00:975A: 60       RTS (from $974A)
f1379   c41042495    i48181747    A:00 X:A9 Y:05 S:C8 P:nvUbdiZc  $00:9163: A0 06    LDY #$06
f1379   c41042497    i48181748    A:00 X:A9 Y:06 S:C8 P:nvUbdizc  $00:9165: 20 4A 97 JSR $974A
f1379   c41042503    i48181749    A:00 X:A9 Y:06 S:C6 P:nvUbdizc  $00:974A: B1 94    LDA ($94),Y @ $058E = #$00
f1379   c41042508    i48181750    A:00 X:A9 Y:06 S:C6 P:nvUbdiZc  $00:974C: 0A       ASL
f1379   c41042510    i48181751    A:00 X:A9 Y:06 S:C6 P:nvUbdiZc  $00:974D: C8       INY
f1379   c41042512    i48181752    A:00 X:A9 Y:07 S:C6 P:nvUbdizc  $00:974E: B1 94    LDA ($94),Y @ $058F = #$3A
f1379   c41042517    i48181753    A:3A X:A9 Y:07 S:C6 P:nvUbdizc  $00:9750: 2A       ROL
f1379   c41042519    i48181754    A:74 X:A9 Y:07 S:C6 P:nvUbdizc  $00:9751: 99 95 00 STA $0095,Y @ $009C = #$74
f1379   c41042524    i48181755    A:74 X:A9 Y:07 S:C6 P:nvUbdizc  $00:9754: A9 00    LDA #$00
f1379   c41042526    i48181756    A:00 X:A9 Y:07 S:C6 P:nvUbdiZc  $00:9756: 2A       ROL
f1379   c41042528    i48181757    A:00 X:A9 Y:07 S:C6 P:nvUbdiZc  $00:9757: 99 96 00 STA $0096,Y @ $009D = #$00
f1379   c41042533    i48181758    A:00 X:A9 Y:07 S:C6 P:nvUbdiZc  $00:975A: 60       RTS (from $974A)
f1379   c41042539    i48181759    A:00 X:A9 Y:07 S:C8 P:nvUbdiZc  $00:9168: 8A       TXA
f1379   c41042541    i48181760    A:A9 X:A9 Y:07 S:C8 P:NvUbdizc  $00:9169: 29 10    AND #$10
f1379   c41042543    i48181761    A:00 X:A9 Y:07 S:C8 P:nvUbdiZc  $00:916B: D0 39    BNE $91A6
f1379   c41042545    i48181762    A:00 X:A9 Y:07 S:C8 P:nvUbdiZc  $00:916D: 8A       TXA
f1379   c41042547    i48181763    A:A9 X:A9 Y:07 S:C8 P:NvUbdizc  $00:916E: 29 20    AND #$20
f1379   c41042549    i48181764    A:20 X:A9 Y:07 S:C8 P:nvUbdizc  $00:9170: D0 03    BNE $9175
f1379   c41042552    i48181765    A:20 X:A9 Y:07 S:C8 P:nvUbdizc  $00:9175: A2 04    LDX #$04
f1379   c41042554    i48181766    A:20 X:04 Y:07 S:C8 P:nvUbdizc  $00:9177: A0 0A    LDY #$0A
f1381   c41101617    i48200568    A:68 X:18 Y:00 S:C8 P:nvUbdizc  $00:94C3: 18       CLC
f1381   c41101619    i48200569    A:68 X:18 Y:00 S:C8 P:nvUbdizc  $00:94C4: 69 20    ADC #$20
f1381   c41101621    i48200570    A:88 X:18 Y:00 S:C8 P:NVUbdizc  $00:94C6: 85 94    STA $94 = #$68
f1381   c41101624    i48200571    A:88 X:18 Y:00 S:C8 P:NVUbdizc  $00:94C8: A5 95    LDA $95 = #$05
f1381   c41101627    i48200572    A:05 X:18 Y:00 S:C8 P:nVUbdizc  $00:94CA: 69 00    ADC #$00
f1381   c41101629    i48200573    A:05 X:18 Y:00 S:C8 P:nvUbdizc  $00:94CC: 85 95    STA $95 = #$05
f1381   c41101632    i48200574    A:05 X:18 Y:00 S:C8 P:nvUbdizc  $00:94CE: C6 96    DEC $96 = #$04
f1381   c41101637    i48200575    A:05 X:18 Y:00 S:C8 P:nvUbdizc  $00:94D0: F0 03    BEQ $94D5
f1381   c41101639    i48200576    A:05 X:18 Y:00 S:C8 P:nvUbdizc  $00:94D2: 4C 54 91 JMP $9154
f1381   c41101642    i48200577    A:05 X:18 Y:00 S:C8 P:nvUbdizc  $00:9154: A0 00    LDY #$00
f1381   c41101644    i48200578    A:05 X:18 Y:00 S:C8 P:nvUbdiZc  $00:9156: B1 94    LDA ($94),Y @ $0588 = #$A9
f1381   c41101649    i48200579    A:A9 X:18 Y:00 S:C8 P:NvUbdizc  $00:9158: 30 03    BMI $915D
f1381   c41101652    i48200580    A:A9 X:18 Y:00 S:C8 P:NvUbdizc  $00:915D: AA       TAX
f1381   c41101654    i48200581    A:A9 X:A9 Y:00 S:C8 P:NvUbdizc  $00:915E: A0 04    LDY #$04
f1381   c41101656    i48200582    A:A9 X:A9 Y:04 S:C8 P:nvUbdizc  $00:9160: 20 4A 97 JSR $974A
f1381   c41101662    i48200583    A:A9 X:A9 Y:04 S:C6 P:nvUbdizc  $00:974A: B1 94    LDA ($94),Y @ $058C = #$80
f1381   c41101667    i48200584    A:80 X:A9 Y:04 S:C6 P:NvUbdizc  $00:974C: 0A       ASL
f1381   c41101669    i48200585    A:00 X:A9 Y:04 S:C6 P:nvUbdiZC  $00:974D: C8       INY
f1381   c41101671    i48200586    A:00 X:A9 Y:05 S:C6 P:nvUbdizC  $00:974E: B1 94    LDA ($94),Y @ $058D = #$21
f1381   c41101676    i48200587    A:21 X:A9 Y:05 S:C6 P:nvUbdizC  $00:9750: 2A       ROL
f1381   c41101678    i48200588    A:43 X:A9 Y:05 S:C6 P:nvUbdizc  $00:9751: 99 95 00 STA $0095,Y @ $009A = #$43
f1381   c41101683    i48200589    A:43 X:A9 Y:05 S:C6 P:nvUbdizc  $00:9754: A9 00    LDA #$00
f1381   c41101685    i48200590    A:00 X:A9 Y:05 S:C6 P:nvUbdiZc  $00:9756: 2A       ROL
f1381   c41101687    i48200591    A:00 X:A9 Y:05 S:C6 P:nvUbdiZc  $00:9757: 99 96 00 STA $0096,Y @ $009B = #$00
f1381   c41101692    i48200592    A:00 X:A9 Y:05 S:C6 P:nvUbdiZc  $00:975A: 60       RTS (from $974A)
f1381   c41101698    i48200593    A:00 X:A9 Y:05 S:C8 P:nvUbdiZc  $00:9163: A0 06    LDY #$06
f1381   c41101700    i48200594    A:00 X:A9 Y:06 S:C8 P:nvUbdizc  $00:9165: 20 4A 97 JSR $974A
f1381   c41101706    i48200595    A:00 X:A9 Y:06 S:C6 P:nvUbdizc  $00:974A: B1 94    LDA ($94),Y @ $058E = #$00
f1381   c41101711    i48200596    A:00 X:A9 Y:06 S:C6 P:nvUbdiZc  $00:974C: 0A       ASL
f1381   c41101713    i48200597    A:00 X:A9 Y:06 S:C6 P:nvUbdiZc  $00:974D: C8       INY
f1381   c41101715    i48200598    A:00 X:A9 Y:07 S:C6 P:nvUbdizc  $00:974E: B1 94    LDA ($94),Y @ $058F = #$3A
f1381   c41101720    i48200599    A:3A X:A9 Y:07 S:C6 P:nvUbdizc  $00:9750: 2A       ROL
f1381   c41101722    i48200600    A:74 X:A9 Y:07 S:C6 P:nvUbdizc  $00:9751: 99 95 00 STA $0095,Y @ $009C = #$74
f1381   c41101727    i48200601    A:74 X:A9 Y:07 S:C6 P:nvUbdizc  $00:9754: A9 00    LDA #$00
f1381   c41101729    i48200602    A:00 X:A9 Y:07 S:C6 P:nvUbdiZc  $00:9756: 2A       ROL
f1381   c41101731    i48200603    A:00 X:A9 Y:07 S:C6 P:nvUbdiZc  $00:9757: 99 96 00 STA $0096,Y @ $009D = #$00
f1381   c41101736    i48200604    A:00 X:A9 Y:07 S:C6 P:nvUbdiZc  $00:975A: 60       RTS (from $974A)
f1381   c41101742    i48200605    A:00 X:A9 Y:07 S:C8 P:nvUbdiZc  $00:9168: 8A       TXA
f1381   c41101744    i48200606    A:A9 X:A9 Y:07 S:C8 P:NvUbdizc  $00:9169: 29 10    AND #$10
f1381   c41101746    i48200607    A:00 X:A9 Y:07 S:C8 P:nvUbdiZc  $00:916B: D0 39    BNE $91A6
f1381   c41101748    i48200608    A:00 X:A9 Y:07 S:C8 P:nvUbdiZc  $00:916D: 8A       TXA
f1381   c41101750    i48200609    A:A9 X:A9 Y:07 S:C8 P:NvUbdizc  $00:916E: 29 20    AND #$20
f1382   c41140418    i48212902    A:30 X:02 Y:03 S:E0 P:nvUbdizc  $00:9FC6: BA       TSX
f1382   c41140420    i48212903    A:30 X:E0 Y:03 S:E0 P:NvUbdizc  $00:9FC7: 8A       TXA
f1382   c41140422    i48212904    A:E0 X:E0 Y:03 S:E0 P:NvUbdizc  $00:9FC8: A6 00    LDX $00 = #$15
f1382   c41140425    i48212905    A:E0 X:15 Y:03 S:E0 P:nvUbdizc  $00:9FCA: 95 01    STA $01,X @ $0016 = #$E0
f1382   c41140429    i48212906    A:E0 X:15 Y:03 S:E0 P:nvUbdizc  $00:9FCC: AD 24 00 LDA $0024 = #$00
f1382   c41140433    i48212907    A:00 X:15 Y:03 S:E0 P:nvUbdiZc  $00:9FCF: 95 02    STA $02,X @ $0017 = #$00
f1382   c41140437    i48212908    A:00 X:15 Y:03 S:E0 P:nvUbdiZc  $00:9FD1: AD 25 00 LDA $0025 = #$02
f1382   c41140441    i48212909    A:02 X:15 Y:03 S:E0 P:nvUbdizc  $00:9FD4: 95 03    STA $03,X @ $0018 = #$02
f1382   c41140445    i48212910    A:02 X:15 Y:03 S:E0 P:nvUbdizc  $00:9FD6: A5 19    LDA $19 = #$01
f1382   c41140448    i48212911    A:01 X:15 Y:03 S:E0 P:nvUbdizc  $00:9FD8: F0 04    BEQ $9FDE
f1382   c41140450    i48212912    A:01 X:15 Y:03 S:E0 P:nvUbdizc  $00:9FDA: C9 FF    CMP #$FF
f1382   c41140452    i48212913    A:01 X:15 Y:03 S:E0 P:nvUbdizc  $00:9FDC: D0 02    BNE $9FE0
f1382   c41140455    i48212914    A:01 X:15 Y:03 S:E0 P:nvUbdizc  $00:9FE0: 95 00    STA $00,X @ $0015 = #$00
f1382   c41140459    i48212915    A:01 X:15 Y:03 S:E0 P:nvUbdizc  $00:9FE2: 4C FB 9E JMP $9EFB
f1382   c41140462    i48212916    A:01 X:15 Y:03 S:E0 P:nvUbdizc  $00:9EFB: 8A       TXA
f1382   c41140464    i48212917    A:15 X:15 Y:03 S:E0 P:nvUbdizc  $00:9EFC: 18       CLC
f1382   c41140466    i48212918    A:15 X:15 Y:03 S:E0 P:nvUbdizc  $00:9EFD: 69 04    ADC #$04
f1382   c41140468    i48212919    A:19 X:15 Y:03 S:E0 P:nvUbdizc  $00:9EFF: AA       TAX
f1382   c41140470    i48212920    A:19 X:19 Y:03 S:E0 P:nvUbdizc  $00:9F00: E0 19    CPX #$19
f1382   c41140472    i48212921    A:19 X:19 Y:03 S:E0 P:nvUbdiZC  $00:9F02: D0 EB    BNE $9EEF
f1382   c41140474    i48212922    A:19 X:19 Y:03 S:E0 P:nvUbdiZC  $00:9F04: A5 1B    LDA $1B = #$40
f1382   c41140477    i48212923    A:40 X:19 Y:03 S:E0 P:nvUbdizC  $00:9F06: 10 FC    BPL $9F04
f1382   c41140480    i48212924    A:40 X:19 Y:03 S:E0 P:nvUbdizC  $00:9F04: A5 1B    LDA $1B = #$40
f1382   c41140483    i48212925    A:40 X:19 Y:03 S:E0 P:nvUbdizC  $00:9F06: 10 FC    BPL $9F04
f1382   c41140486    i48212926    A:40 X:19 Y:03 S:E0 P:nvUbdizC  $00:9F04: A5 1B    LDA $1B = #$40
f1382   c41140489    i48212927    A:40 X:19 Y:03 S:E0 P:nvUbdizC  $00:9F06: 10 FC    BPL $9F04
f1382   c41140492    i48212928    A:40 X:19 Y:03 S:E0 P:nvUbdizC  $00:9F04: A5 1B    LDA $1B = #$40
f1382   c41140495    i48212929    A:40 X:19 Y:03 S:E0 P:nvUbdizC  $00:9F06: 10 FC    BPL $9F04
f1382   c41140498    i48212930    A:40 X:19 Y:03 S:E0 P:nvUbdizC  $00:9F04: A5 1B    LDA $1B = #$40
f1382   c41140501    i48212931    A:40 X:19 Y:03 S:E0 P:nvUbdizC  $00:9F06: 10 FC    BPL $9F04
f1382   c41140504    i48212932    A:40 X:19 Y:03 S:E0 P:nvUbdizC  $00:9F04: A5 1B    LDA $1B = #$40
f1382   c41140507    i48212933    A:40 X:19 Y:03 S:E0 P:nvUbdizC  $00:9F06: 10 FC    BPL $9F04
f1382   c41140510    i48212934    A:40 X:19 Y:03 S:E0 P:nvUbdizC  $00:9F04: A5 1B    LDA $1B = #$40
f1382   c41140513    i48212935    A:40 X:19 Y:03 S:E0 P:nvUbdizC  $00:9F06: 10 FC    BPL $9F04
f1382   c41140516    i48212936    A:40 X:19 Y:03 S:E0 P:nvUbdizC  $00:9F04: A5 1B    LDA $1B = #$40
f1382   c41140519    i48212937    A:40 X:19 Y:03 S:E0 P:nvUbdizC  $00:9F06: 10 FC    BPL $9F04
f1382   c41140522    i48212938    A:40 X:19 Y:03 S:E0 P:nvUbdizC  $00:9F04: A5 1B    LDA $1B = #$40
f1382   c41140525    i48212939    A:40 X:19 Y:03 S:E0 P:nvUbdizC  $00:9F06: 10 FC    BPL $9F04
f1382   c41140528    i48212940    A:40 X:19 Y:03 S:E0 P:nvUbdizC  $00:9F04: A5 1B    LDA $1B = #$40
f1382   c41140531    i48212941    A:40 X:19 Y:03 S:E0 P:nvUbdizC  $00:9F06: 10 FC    BPL $9F04
f1382   c41140534    i48212942    A:40 X:19 Y:03 S:E0 P:nvUbdizC  $00:9F04: A5 1B    LDA $1B = #$40
f1382   c41140537    i48212943    A:40 X:19 Y:03 S:E0 P:nvUbdizC  $00:9F06: 10 FC    BPL $9F04
f1384   c41187999    i48228122    A:00 X:01 Y:07 S:DB P:nvUbdIzc  $01:A0ED: BD 15 40 LDA $4015,X @ $4016 = #$00
f1384   c41188003    i48228123    A:40 X:01 Y:07 S:DB P:nvUbdIzc  $01:A0F0: 4A       LSR
f1384   c41188005    i48228124    A:20 X:01 Y:07 S:DB P:nvUbdIzc  $01:A0F1: 26 3F    ROL $3F = #$00
f1384   c41188010    i48228125    A:20 X:01 Y:07 S:DB P:nvUbdIZc  $01:A0F3: 29 01    AND #$01
f1384   c41188012    i48228126    A:00 X:01 Y:07 S:DB P:nvUbdIZc  $01:A0F5: 05 3F    ORA $3F = #$00
f1384   c41188015    i48228127    A:00 X:01 Y:07 S:DB P:nvUbdIZc  $01:A0F7: 85 3F    STA $3F = #$00
f1384   c41188018    i48228128    A:00 X:01 Y:07 S:DB P:nvUbdIZc  $01:A0F9: 88       DEY
f1384   c41188020    i48228129    A:00 X:01 Y:06 S:DB P:nvUbdIzc  $01:A0FA: D0 F1    BNE $A0ED
f1384   c41188023    i48228130    A:00 X:01 Y:06 S:DB P:nvUbdIzc  $01:A0ED: BD 15 40 LDA $4015,X @ $4016 = #$00
f1384   c41188027    i48228131    A:40 X:01 Y:06 S:DB P:nvUbdIzc  $01:A0F0: 4A       LSR
f1384   c41188029    i48228132    A:20 X:01 Y:06 S:DB P:nvUbdIzc  $01:A0F1: 26 3F    ROL $3F = #$00
f1384   c41188034    i48228133    A:20 X:01 Y:06 S:DB P:nvUbdIZc  $01:A0F3: 29 01    AND #$01
f1384   c41188036    i48228134    A:00 X:01 Y:06 S:DB P:nvUbdIZc  $01:A0F5: 05 3F    ORA $3F = #$00
f1384   c41188039    i48228135    A:00 X:01 Y:06 S:DB P:nvUbdIZc  $01:A0F7: 85 3F    STA $3F = #$00
f1384   c41188042    i48228136    A:00 X:01 Y:06 S:DB P:nvUbdIZc  $01:A0F9: 88       DEY
f1384   c41188044    i48228137    A:00 X:01 Y:05 S:DB P:nvUbdIzc  $01:A0FA: D0 F1    BNE $A0ED
f1384   c41188047    i48228138    A:00 X:01 Y:05 S:DB P:nvUbdIzc  $01:A0ED: BD 15 40 LDA $4015,X @ $4016 = #$00
f1384   c41188051    i48228139    A:40 X:01 Y:05 S:DB P:nvUbdIzc  $01:A0F0: 4A       LSR
f1384   c41188053    i48228140    A:20 X:01 Y:05 S:DB P:nvUbdIzc  $01:A0F1: 26 3F    ROL $3F = #$00
f1384   c41188058    i48228141    A:20 X:01 Y:05 S:DB P:nvUbdIZc  $01:A0F3: 29 01    AND #$01
f1384   c41188060    i48228142    A:00 X:01 Y:05 S:DB P:nvUbdIZc  $01:A0F5: 05 3F    ORA $3F = #$00
f1384   c41188063    i48228143    A:00 X:01 Y:05 S:DB P:nvUbdIZc  $01:A0F7: 85 3F    STA $3F = #$00
f1384   c41188066    i48228144    A:00 X:01 Y:05 S:DB P:nvUbdIZc  $01:A0F9: 88       DEY
f1384   c41188068    i48228145    A:00 X:01 Y:04 S:DB P:nvUbdIzc  $01:A0FA: D0 F1    BNE $A0ED
f1384   c41188071    i48228146    A:00 X:01 Y:04 S:DB P:nvUbdIzc  $01:A0ED: BD 15 40 LDA $4015,X @ $4016 = #$00
f1384   c41188075    i48228147    A:40 X:01 Y:04 S:DB P:nvUbdIzc  $01:A0F0: 4A       LSR
f1384   c41188077    i48228148    A:20 X:01 Y:04 S:DB P:nvUbdIzc  $01:A0F1: 26 3F    ROL $3F = #$00
f1384   c41188082    i48228149    A:20 X:01 Y:04 S:DB P:nvUbdIZc  $01:A0F3: 29 01    AND #$01
f1384   c41188084    i48228150    A:00 X:01 Y:04 S:DB P:nvUbdIZc  $01:A0F5: 05 3F    ORA $3F = #$00
f1384   c41188087    i48228151    A:00 X:01 Y:04 S:DB P:nvUbdIZc  $01:A0F7: 85 3F    STA $3F = #$00
f1384   c41188090    i48228152    A:00 X:01 Y:04 S:DB P:nvUbdIZc  $01:A0F9: 88       DEY
f1384   c41188092    i48228153    A:00 X:01 Y:03 S:DB P:nvUbdIzc  $01:A0FA: D0 F1    BNE $A0ED
f1384   c41188095    i48228154    A:00 X:01 Y:03 S:DB P:nvUbdIzc  $01:A0ED: BD 15 40 LDA $4015,X @ $4016 = #$00
f1384   c41188099    i48228155    A:40 X:01 Y:03 S:DB P:nvUbdIzc  $01:A0F0: 4A       LSR
f1384   c41188101    i48228156    A:20 X:01 Y:03 S:DB P:nvUbdIzc  $01:A0F1: 26 3F    ROL $3F = #$00
f1384   c41188106    i48228157    A:20 X:01 Y:03 S:DB P:nvUbdIZc  $01:A0F3: 29 01    AND #$01
f1384   c41188108    i48228158    A:00 X:01 Y:03 S:DB P:nvUbdIZc  $01:A0F5: 05 3F    ORA $3F = #$00
f1384   c41188111    i48228159    A:00 X:01 Y:03 S:DB P:nvUbdIZc  $01:A0F7: 85 3F    STA $3F = #$00
f1384   c41188114    i48228160    A:00 X:01 Y:03 S:DB P:nvUbdIZc  $01:A0F9: 88       DEY
f1384   c41188116    i48228161    A:00 X:01 Y:02 S:DB P:nvUbdIzc  $01:A0FA: D0 F1    BNE $A0ED
f1384   c41188119    i48228162    A:00 X:01 Y:02 S:DB P:nvUbdIzc  $01:A0ED: BD 15 40 LDA $4015,X @ $4016 = #$00
f1384   c41188123    i48228163    A:40 X:01 Y:02 S:DB P:nvUbdIzc  $01:A0F0: 4A       LSR
f1385   c41217150    i48237332    A:00 X:02 Y:08 S:DB P:nVUbdIzc  $01:A0ED: BD 15 40 LDA $4015,X @ $4017 = #$01
f1385   c41217154    i48237333    A:40 X:02 Y:08 S:DB P:nVUbdIzc  $01:A0F0: 4A       LSR
f1385   c41217156    i48237334    A:20 X:02 Y:08 S:DB P:nVUbdIzc  $01:A0F1: 26 3F    ROL $3F = #$00
f1385   c41217161    i48237335    A:20 X:02 Y:08 S:DB P:nVUbdIZc  $01:A0F3: 29 01    AND #$01
f1385   c41217163    i48237336    A:00 X:02 Y:08 S:DB P:nVUbdIZc  $01:A0F5: 05 3F    ORA $3F = #$00
f1385   c41217166    i48237337    A:00 X:02 Y:08 S:DB P:nVUbdIZc  $01:A0F7: 85 3F    STA $3F = #$00
f1385   c41217169    i48237338    A:00 X:02 Y:08 S:DB P:nVUbdIZc  $01:A0F9: 88       DEY
f1385   c41217171    i48237339    A:00 X:02 Y:07 S:DB P:nVUbdIzc  $01:A0FA: D0 F1    BNE $A0ED
f1385   c41217174    i48237340    A:00 X:02 Y:07 S:DB P:nVUbdIzc  $01:A0ED: BD 15 40 LDA $4015,X @ $4017 = #$01
f1385   c41217178    i48237341    A:40 X:02 Y:07 S:DB P:nVUbdIzc  $01:A0F0: 4A       LSR
f1385   c41217180    i48237342    A:20 X:02 Y:07 S:DB P:nVUbdIzc  $01:A0F1: 26 3F    ROL $3F = #$00
f1385   c41217185    i48237343    A:20 X:02 Y:07 S:DB P:nVUbdIZc  $01:A0F3: 29 01    AND #$01
f1385   c41217187    i48237344    A:00 X:02 Y:07 S:DB P:nVUbdIZc  $01:A0F5: 05 3F    ORA $3F = #$00
f1385   c41217190    i48237345    A:00 X:02 Y:07 S:DB P:nVUbdIZc  $01:A0F7: 85 3F    STA $3F = #$00
f1385   c41217193    i48237346    A:00 X:02 Y:07 S:DB P:nVUbdIZc  $01:A0F9: 88       DEY
f1385   c41217195    i48237347    A:00 X:02 Y:06 S:DB P:nVUbdIzc  $01:A0FA: D0 F1    BNE $A0ED
f1385   c41217198    i48237348    A:00 X:02 Y:06 S:DB P:nVUbdIzc  $01:A0ED: BD 15 40 LDA $4015,X @ $4017 = #$01
f1385   c41217202    i48237349    A:40 X:02 Y:06 S:DB P:nVUbdIzc  $01:A0F0: 4A       LSR
f1385   c41217204    i48237350    A:20 X:02 Y:06 S:DB P:nVUbdIzc  $01:A0F1: 26 3F    ROL $3F = #$00
f1385   c41217209    i48237351    A:20 X:02 Y:06 S:DB P:nVUbdIZc  $01:A0F3: 29 01    AND #$01
f1385   c41217211    i48237352    A:00 X:02 Y:06 S:DB P:nVUbdIZc  $01:A0F5: 05 3F    ORA $3F = #$00
f1385   c41217214    i48237353    A:00 X:02 Y:06 S:DB P:nVUbdIZc  $01:A0F7: 85 3F    STA $3F = #$00
f1385   c41217217    i48237354    A:00 X:02 Y:06 S:DB P:nVUbdIZc  $01:A0F9: 88       DEY
f1385   c41217219    i48237355    A:00 X:02 Y:05 S:DB P:nVUbdIzc  $01:A0FA: D0 F1    BNE $A0ED
f1385   c41217222    i48237356    A:00 X:02 Y:05 S:DB P:nVUbdIzc  $01:A0ED: BD 15 40 LDA $4015,X @ $4017 = #$01
f1385   c41217226    i48237357    A:40 X:02 Y:05 S:DB P:nVUbdIzc  $01:A0F0: 4A       LSR
f1385   c41217228    i48237358    A:20 X:02 Y:05 S:DB P:nVUbdIzc  $01:A0F1: 26 3F    ROL $3F = #$00
f1385   c41217233    i48237359    A:20 X:02 Y:05 S:DB P:nVUbdIZc  $01:A0F3: 29 01    AND #$01
f1385   c41217235    i48237360    A:00 X:02 Y:05 S:DB P:nVUbdIZc  $01:A0F5: 05 3F    ORA $3F = #$00
f1385   c41217238    i48237361    A:00 X:02 Y:05 S:DB P:nVUbdIZc  $01:A0F7: 85 3F    STA $3F = #$00
f1385   c41217241    i48237362    A:00 X:02 Y:05 S:DB P:nVUbdIZc  $01:A0F9: 88       DEY
f1385   c41217243    i48237363    A:00 X:02 Y:04 S:DB P:nVUbdIzc  $01:A0FA: D0 F1    BNE $A0ED
f1385   c41217246    i48237364    A:00 X:02 Y:04 S:DB P:nVUbdIzc  $01:A0ED: BD 15 40 LDA $4015,X @ $4017 = #$01
f1385   c41217250    i48237365    A:40 X:02 Y:04 S:DB P:nVUbdIzc  $01:A0F0: 4A       LSR
f1385   c41217252    i48237366    A:20 X:02 Y:04 S:DB P:nVUbdIzc  $01:A0F1: 26 3F    ROL $3F = #$00
f1385   c41217257    i48237367    A:20 X:02 Y:04 S:DB P:nVUbdIZc  $01:A0F3: 29 01    AND #$01
f1385   c41217259    i48237368    A:00 X:02 Y:04 S:DB P:nVUbdIZc  $01:A0F5: 05 3F    ORA $3F = #$00
f1385   c41217262    i48237369    A:00 X:02 Y:04 S:DB P:nVUbdIZc  $01:A0F7: 85 3F    STA $3F = #$00
f1385   c41217265    i48237370    A:00 X:02 Y:04 S:DB P:nVUbdIZc  $01:A0F9: 88       DEY
f1385   c41217267    i48237371    A:00 X:02 Y:03 S:DB P:nVUbdIzc  $01:A0FA: D0 F1    BNE $A0ED
f1385   c41217270    i48237372    A:00 X:02 Y:03 S:DB P:nVUbdIzc  $01:A0ED: BD 15 40 LDA $4015,X @ $4017 = #$01
f1385   c41217274    i48237373    A:40 X:02 Y:03 S:DB P:nVUbdIzc  $01:A0F0: 4A       LSR
f1395   c41525732    i48335711    A:00 X:64 Y:00 S:C6 P:nvUbdiZc  $00:9561: 85 EC    STA $EC = #$00
f1395   c41525735    i48335712    A:00 X:64 Y:00 S:C6 P:nvUbdiZc  $00:9563: B1 E6    LDA ($E6),Y @ $BA83 = #$0B
f1395   c41525740    i48335713    A:0B X:64 Y:00 S:C6 P:nvUbdizc  $00:9565: 29 03    AND #$03
f1395   c41525742    i48335714    A:03 X:64 Y:00 S:C6 P:nvUbdizc  $00:9567: 05 EC    ORA $EC = #$00
f1395   c41525745    i48335715    A:03 X:64 Y:00 S:C6 P:nvUbdizc  $00:9569: 9D 6A 04 STA $046A,X @ $04CE = #$03
f1395   c41525750    i48335716    A:03 X:64 Y:00 S:C6 P:nvUbdizc  $00:956C: C8       INY
f1395   c41525752    i48335717    A:03 X:64 Y:01 S:C6 P:nvUbdizc  $00:956D: B1 E6    LDA ($E6),Y @ $BA84 = #$5E
f1395   c41525757    i48335718    A:5E X:64 Y:01 S:C6 P:nvUbdizc  $00:956F: 9D 69 04 STA $0469,X @ $04CD = #$5E
f1395   c41525762    i48335719    A:5E X:64 Y:01 S:C6 P:nvUbdizc  $00:9572: A5 98    LDA $98 = #$64
f1395   c41525765    i48335720    A:64 X:64 Y:01 S:C6 P:nvUbdizc  $00:9574: 18       CLC
f1395   c41525767    i48335721    A:64 X:64 Y:01 S:C6 P:nvUbdizc  $00:9575: 69 04    ADC #$04
f1395   c41525769    i48335722    A:68 X:64 Y:01 S:C6 P:nvUbdizc  $00:9577: 85 98    STA $98 = #$64
f1395   c41525772    i48335723    A:68 X:64 Y:01 S:C6 P:nvUbdizc  $00:9579: A5 E6    LDA $E6 = #$83
f1395   c41525775    i48335724    A:83 X:64 Y:01 S:C6 P:NvUbdizc  $00:957B: 18       CLC
f1395   c41525777    i48335725    A:83 X:64 Y:01 S:C6 P:NvUbdizc  $00:957C: 69 02    ADC #$02
f1395   c41525779    i48335726    A:85 X:64 Y:01 S:C6 P:NvUbdizc  $00:957E: 85 E6    STA $E6 = #$83
f1395   c41525782    i48335727    A:85 X:64 Y:01 S:C6 P:NvUbdizc  $00:9580: A5 E7    LDA $E7 = #$BA
f1395   c41525785    i48335728    A:BA X:64 Y:01 S:C6 P:NvUbdizc  $00:9582: 69 00    ADC #$00
f1395   c41525787    i48335729    A:BA X:64 Y:01 S:C6 P:NvUbdizc  $00:9584: 85 E7    STA $E7 = #$BA
f1395   c41525790    i48335730    A:BA X:64 Y:01 S:C6 P:NvUbdizc  $00:9586: 4C 15 95 JMP $9515
f1395   c41525793    i48335731    A:BA X:64 Y:01 S:C6 P:NvUbdizc  $00:9515: A0 00    LDY #$00
f1395   c41525795    i48335732    A:BA X:64 Y:00 S:C6 P:nvUbdiZc  $00:9517: B1 E6    LDA ($E6),Y @ $BA85 = #$FB
f1395   c41525800    i48335733    A:FB X:64 Y:00 S:C6 P:NvUbdizc  $00:9519: 30 6E    BMI $9589
f1395   c41525803    i48335734    A:FB X:64 Y:00 S:C6 P:NvUbdizc  $00:9589: C9 A0    CMP #$A0
f1395   c41525805    i48335735    A:FB X:64 Y:00 S:C6 P:nvUbdizC  $00:958B: B0 22    BCS $95AF
f1395   c41525808    i48335736    A:FB X:64 Y:00 S:C6 P:nvUbdizC  $00:95AF: C9 C0    CMP #$C0
f1395   c41525810    i48335737    A:FB X:64 Y:00 S:C6 P:nvUbdizC  $00:95B1: B0 32    BCS $95E5
f1395   c41525813    i48335738    A:FB X:64 Y:00 S:C6 P:nvUbdizC  $00:95E5: C9 D0    CMP #$D0
f1395   c41525815    i48335739    A:FB X:64 Y:00 S:C6 P:nvUbdizC  $00:95E7: 90 03    BCC $95EC
f1395   c41525817    i48335740    A:FB X:64 Y:00 S:C6 P:nvUbdizC  $00:95E9: 4C 84 96 JMP $9684
f1395   c41525820    i48335741    A:FB X:64 Y:00 S:C6 P:nvUbdizC  $00:9684: 38       SEC
f1395   c41525822    i48335742    A:FB X:64 Y:00 S:C6 P:nvUbdizC  $00:9685: E9 F8    SBC #$F8
f1395   c41525824    i48335743    A:03 X:64 Y:00 S:C6 P:nvUbdizC  $00:9687: 0A       ASL
f1395   c41525826    i48335744    A:06 X:64 Y:00 S:C6 P:nvUbdizc  $00:9688: AA       TAX
f1395   c41525828    i48335745    A:06 X:06 Y:00 S:C6 P:nvUbdizc  $00:9689: BD 93 96 LDA $9693,X @ $9699 = #$96
f1395   c41525832    i48335746    A:96 X:06 Y:00 S:C6 P:NvUbdizc  $00:968C: 48       PHA
f1395   c41525835    i48335747    A:96 X:06 Y:00 S:C5 P:NvUbdizc  $00:968D: BD 92 96 LDA $9692,X @ $9698 = #$C6
f1395   c41525839    i48335748    A:C6 X:06 Y:00 S:C5 P:NvUbdizc  $00:9690: 48       PHA
f1395   c41525842    i48335749    A:C6 X:06 Y:00 S:C4 P:NvUbdizc  $00:9691: 60       RTS
f1395   c41525848    i48335750    A:C6 X:06 Y:00 S:C6 P:NvUbdizc  $00:96C7: A0 01    LDY #$01
f1395   c41525850    i48335751    A:C6 X:06 Y:01 S:C6 P:nvUbdizc  $00:96C9: B1 E6    LDA ($E6),Y @ $BA86 = #$06
f1395   c41525855    i48335752    A:06 X:06 Y:01 S:C6 P:nvUbdizc  $00:96CB: AA       TAX
f1407   c41890877    i48452890    A:00 X:10 Y:00 S:C6 P:nvUbdiZc  $00:9567: 05 EC    ORA $EC = #$00
f1407   c41890880    i48452891    A:00 X:10 Y:00 S:C6 P:nvUbdiZc  $00:9569: 9D 6A 04 STA $046A,X @ $047A = #$00
f1407   c41890885    i48452892    A:00 X:10 Y:00 S:C6 P:nvUbdiZc  $00:956C: C8       INY
f1407   c41890887    i48452893    A:00 X:10 Y:01 S:C6 P:nvUbdizc  $00:956D: B1 E6    LDA ($E6),Y @ $BA63 = #$1B
f1407   c41890892    i48452894    A:1B X:10 Y:01 S:C6 P:nvUbdizc  $00:956F: 9D 69 04 STA $0469,X @ $0479 = #$1B
f1407   c41890897    i48452895    A:1B X:10 Y:01 S:C6 P:nvUbdizc  $00:9572: A5 98    LDA $98 = #$10
f1407   c41890900    i48452896    A:10 X:10 Y:01 S:C6 P:nvUbdizc  $00:9574: 18       CLC
f1407   c41890902    i48452897    A:10 X:10 Y:01 S:C6 P:nvUbdizc  $00:9575: 69 04    ADC #$04
f1407   c41890904    i48452898    A:14 X:10 Y:01 S:C6 P:nvUbdizc  $00:9577: 85 98    STA $98 = #$10
f1407   c41890907    i48452899    A:14 X:10 Y:01 S:C6 P:nvUbdizc  $00:9579: A5 E6    LDA $E6 = #$62
f1407   c41890910    i48452900    A:62 X:10 Y:01 S:C6 P:nvUbdizc  $00:957B: 18       CLC
f1407   c41890912    i48452901    A:62 X:10 Y:01 S:C6 P:nvUbdizc  $00:957C: 69 02    ADC #$02
f1407   c41890914    i48452902    A:64 X:10 Y:01 S:C6 P:nvUbdizc  $00:957E: 85 E6    STA $E6 = #$62
f1407   c41890917    i48452903    A:64 X:10 Y:01 S:C6 P:nvUbdizc  $00:9580: A5 E7    LDA $E7 = #$BA
f1407   c41890920    i48452904    A:BA X:10 Y:01 S:C6 P:NvUbdizc  $00:9582: 69 00    ADC #$00
f1407   c41890922    i48452905    A:BA X:10 Y:01 S:C6 P:NvUbdizc  $00:9584: 85 E7    STA $E7 = #$BA
f1407   c41890925    i48452906    A:BA X:10 Y:01 S:C6 P:NvUbdizc  $00:9586: 4C 15 95 JMP $9515
f1407   c41890928    i48452907    A:BA X:10 Y:01 S:C6 P:NvUbdizc  $00:9515: A0 00    LDY #$00
f1407   c41890930    i48452908    A:BA X:10 Y:00 S:C6 P:nvUbdiZc  $00:9517: B1 E6    LDA ($E6),Y @ $BA64 = #$FF
f1407   c41890935    i48452909    A:FF X:10 Y:00 S:C6 P:NvUbdizc  $00:9519: 30 6E    BMI $9589
f1407   c41890938    i48452910    A:FF X:10 Y:00 S:C6 P:NvUbdizc  $00:9589: C9 A0    CMP #$A0
f1407   c41890940    i48452911    A:FF X:10 Y:00 S:C6 P:nvUbdizC  $00:958B: B0 22    BCS $95AF
f1407   c41890943    i48452912    A:FF X:10 Y:00 S:C6 P:nvUbdizC  $00:95AF: C9 C0    CMP #$C0
f1407   c41890945    i48452913    A:FF X:10 Y:00 S:C6 P:nvUbdizC  $00:95B1: B0 32    BCS $95E5
f1407   c41890948    i48452914    A:FF X:10 Y:00 S:C6 P:nvUbdizC  $00:95E5: C9 D0    CMP #$D0
f1407   c41890950    i48452915    A:FF X:10 Y:00 S:C6 P:nvUbdizC  $00:95E7: 90 03    BCC $95EC
f1407   c41890952    i48452916    A:FF X:10 Y:00 S:C6 P:nvUbdizC  $00:95E9: 4C 84 96 JMP $9684
f1407   c41890955    i48452917    A:FF X:10 Y:00 S:C6 P:nvUbdizC  $00:9684: 38       SEC
f1407   c41890957    i48452918    A:FF X:10 Y:00 S:C6 P:nvUbdizC  $00:9685: E9 F8    SBC #$F8
f1407   c41890959    i48452919    A:07 X:10 Y:00 S:C6 P:nvUbdizC  $00:9687: 0A       ASL
f1407   c41890961    i48452920    A:0E X:10 Y:00 S:C6 P:nvUbdizc  $00:9688: AA       TAX
f1407   c41890963    i48452921    A:0E X:0E Y:00 S:C6 P:nvUbdizc  $00:9689: BD 93 96 LDA $9693,X @ $96A1 = #$96
f1407   c41890967    i48452922    A:96 X:0E Y:00 S:C6 P:NvUbdizc  $00:968C: 48       PHA
f1407   c41890970    i48452923    A:96 X:0E Y:00 S:C5 P:NvUbdizc  $00:968D: BD 92 96 LDA $9692,X @ $96A0 = #$F1
f1407   c41890974    i48452924    A:F1 X:0E Y:00 S:C5 P:NvUbdizc  $00:9690: 48       PHA
f1407   c41890977    i48452925    A:F1 X:0E Y:00 S:C4 P:NvUbdizc  $00:9691: 60       RTS
f1407   c41890983    i48452926    A:F1 X:0E Y:00 S:C6 P:NvUbdizc  $00:96F2: A0 00    LDY #$00
f1407   c41890985    i48452927    A:F1 X:0E Y:00 S:C6 P:nvUbdiZc  $00:96F4: B1 94    LDA ($94),Y @ $0588 = #$A9
f1407   c41890990    i48452928    A:A9 X:0E Y:00 S:C6 P:NvUbdizc  $00:96F6: 29 08    AND #$08
f1407   c41890992    i48452929    A:08 X:0E Y:00 S:C6 P:nvUbdizc  $00:96F8: D0 09    BNE $9703
f1407   c41890996    i48452930    A:08 X:0E Y:00 S:C6 P:nvUbdizc  $00:9703: A0 10    LDY #$10
f1407   c41890998    i48452931    A:08 X:0E Y:10 S:C6 P:nvUbdizc  $00:9705: B1 94    LDA ($94),Y @ $0598 = #$38
f1408   c41902210    i48456289    A:00 X:02 Y:08 S:DB P:nvUbdIzc  $01:A0ED: BD 15 40 LDA $4015,X @ $4017 = #$01
f1408   c41902214    i48456290    A:40 X:02 Y:08 S:DB P:nvUbdIzc  $01:A0F0: 4A       LSR
f1408   c41902216    i48456291    A:20 X:02 Y:08 S:DB P:nvUbdIzc  $01:A0F1: 26 3F    ROL $3F = #$00
f1408   c41902221    i48456292    A:20 X:02 Y:08 S:DB P:nvUbdIZc  $01:A0F3: 29 01    AND #$01
f1408   c41902223    i48456293    A:00 X:02 Y:08 S:DB P:nvUbdIZc  $01:A0F5: 05 3F    ORA $3F = #$00
f1408   c41902226    i48456294    A:00 X:02 Y:08 S:DB P:nvUbdIZc  $01:A0F7: 85 3F    STA $3F = #$00
f1408   c41902229    i48456295    A:00 X:02 Y:08 S:DB P:nvUbdIZc  $01:A0F9: 88       DEY
f1408   c41902231    i48456296    A:00 X:02 Y:07 S:DB P:nvUbdIzc  $01:A0FA: D0 F1    BNE $A0ED
f1408   c41902234    i48456297    A:00 X:02 Y:07 S:DB P:nvUbdIzc  $01:A0ED: BD 15 40 LDA $4015,X @ $4017 = #$01
f1408   c41902238    i48456298    A:40 X:02 Y:07 S:DB P:nvUbdIzc  $01:A0F0: 4A       LSR
f1408   c41902240    i48456299    A:20 X:02 Y:07 S:DB P:nvUbdIzc  $01:A0F1: 26 3F    ROL $3F = #$00
f1408   c41902245    i48456300    A:20 X:02 Y:07 S:DB P:nvUbdIZc  $01:A0F3: 29 01    AND #$01
f1408   c41902247    i48456301    A:00 X:02 Y:07 S:DB P:nvUbdIZc  $01:A0F5: 05 3F    ORA $3F = #$00
f1408   c41902250    i48456302    A:00 X:02 Y:07 S:DB P:nvUbdIZc  $01:A0F7: 85 3F    STA $3F = #$00
f1408   c41902253    i48456303    A:00 X:02 Y:07 S:DB P:nvUbdIZc  $01:A0F9: 88       DEY
f1408   c41902255    i48456304    A:00 X:02 Y:06 S:DB P:nvUbdIzc  $01:A0FA: D0 F1    BNE $A0ED
f1408   c41902258    i48456305    A:00 X:02 Y:06 S:DB P:nvUbdIzc  $01:A0ED: BD 15 40 LDA $4015,X @ $4017 = #$01
f1408   c41902262    i48456306    A:40 X:02 Y:06 S:DB P:nvUbdIzc  $01:A0F0: 4A       LSR
f1408   c41902264    i48456307    A:20 X:02 Y:06 S:DB P:nvUbdIzc  $01:A0F1: 26 3F    ROL $3F = #$00
f1408   c41902269    i48456308    A:20 X:02 Y:06 S:DB P:nvUbdIZc  $01:A0F3: 29 01    AND #$01
f1408   c41902271    i48456309    A:00 X:02 Y:06 S:DB P:nvUbdIZc  $01:A0F5: 05 3F    ORA $3F = #$00
f1408   c41902274    i48456310    A:00 X:02 Y:06 S:DB P:nvUbdIZc  $01:A0F7: 85 3F    STA $3F = #$00
f1408   c41902277    i48456311    A:00 X:02 Y:06 S:DB P:nvUbdIZc  $01:A0F9: 88       DEY
f1408   c41902279    i48456312    A:00 X:02 Y:05 S:DB P:nvUbdIzc  $01:A0FA: D0 F1    BNE $A0ED
f1408   c41902282    i48456313    A:00 X:02 Y:05 S:DB P:nvUbdIzc  $01:A0ED: BD 15 40 LDA $4015,X @ $4017 = #$01
f1408   c41902286    i48456314    A:40 X:02 Y:05 S:DB P:nvUbdIzc  $01:A0F0: 4A       LSR
f1408   c41902288    i48456315    A:20 X:02 Y:05 S:DB P:nvUbdIzc  $01:A0F1: 26 3F    ROL $3F = #$00
f1408   c41902293    i48456316    A:20 X:02 Y:05 S:DB P:nvUbdIZc  $01:A0F3: 29 01    AND #$01
f1408   c41902295    i48456317    A:00 X:02 Y:05 S:DB P:nvUbdIZc  $01:A0F5: 05 3F    ORA $3F = #$00
f1408   c41902298    i48456318    A:00 X:02 Y:05 S:DB P:nvUbdIZc  $01:A0F7: 85 3F    STA $3F = #$00
f1408   c41902301    i48456319    A:00 X:02 Y:05 S:DB P:nvUbdIZc  $01:A0F9: 88       DEY
f1408   c41902303    i48456320    A:00 X:02 Y:04 S:DB P:nvUbdIzc  $01:A0FA: D0 F1    BNE $A0ED
f1408   c41902306    i48456321    A:00 X:02 Y:04 S:DB P:nvUbdIzc  $01:A0ED: BD 15 40 LDA $4015,X @ $4017 = #$01
f1408   c41902310    i48456322    A:40 X:02 Y:04 S:DB P:nvUbdIzc  $01:A0F0: 4A       LSR
f1408   c41902312    i48456323    A:20 X:02 Y:04 S:DB P:nvUbdIzc  $01:A0F1: 26 3F    ROL $3F = #$00
f1408   c41902317    i48456324    A:20 X:02 Y:04 S:DB P:nvUbdIZc  $01:A0F3: 29 01    AND #$01
f1408   c41902319    i48456325    A:00 X:02 Y:04 S:DB P:nvUbdIZc  $01:A0F5: 05 3F    ORA $3F = #$00
f1408   c41902322    i48456326    A:00 X:02 Y:04 S:DB P:nvUbdIZc  $01:A0F7: 85 3F    STA $3F = #$00
f1408   c41902325    i48456327    A:00 X:02 Y:04 S:DB P:nvUbdIZc  $01:A0F9: 88       DEY
f1408   c41902327    i48456328    A:00 X:02 Y:03 S:DB P:nvUbdIzc  $01:A0FA: D0 F1    BNE $A0ED
f1408   c41902330    i48456329    A:00 X:02 Y:03 S:DB P:nvUbdIzc  $01:A0ED: BD 15 40 LDA $4015,X @ $4017 = #$01
f1408   c41902334    i48456330    A:40 X:02 Y:03 S:DB P:nvUbdIzc  $01:A0F0: 4A       LSR
f1410   c41960797    i48475296    A:40 X:19 Y:00 S:E0 P:nvUbdizC  $00:9F06: 10 FC    BPL $9F04
f1410   c41960800    i48475297    A:40 X:19 Y:00 S:E0 P:nvUbdizC  $00:9F04: A5 1B    LDA $1B = #$40
f1410   c41960803    i48475298    A:40 X:19 Y:00 S:E0 P:nvUbdizC  $00:9F06: 10 FC    BPL $9F04
f1410   c41960806    i48475299    A:40 X:19 Y:00 S:E0 P:nvUbdizC  $00:9F04: A5 1B    LDA $1B = #$40
f1410   c41960809    i48475300    A:40 X:19 Y:00 S:E0 P:nvUbdizC  $00:9F06: 10 FC    BPL $9F04
f1410   c41960812    i48475301    A:40 X:19 Y:00 S:E0 P:nvUbdizC  $00:9F04: A5 1B    LDA $1B = #$40
f1410   c41960815    i48475302    A:40 X:19 Y:00 S:E0 P:nvUbdizC  $00:9F06: 10 FC    BPL $9F04
f1410   c41960818    i48475303    A:40 X:19 Y:00 S:E0 P:nvUbdizC  $00:9F04: A5 1B    LDA $1B = #$40
f1410   c41960821    i48475304    A:40 X:19 Y:00 S:E0 P:nvUbdizC  $00:9F06: 10 FC    BPL $9F04
f1410   c41960824    i48475305    A:40 X:19 Y:00 S:E0 P:nvUbdizC  $00:9F04: A5 1B    LDA $1B = #$40
f1410   c41960827    i48475306    A:40 X:19 Y:00 S:E0 P:nvUbdizC  $00:9F06: 10 FC    BPL $9F04
f1410   c41960830    i48475307    A:40 X:19 Y:00 S:E0 P:nvUbdizC  $00:9F04: A5 1B    LDA $1B = #$40
f1410   c41960833    i48475308    A:40 X:19 Y:00 S:E0 P:nvUbdizC  $00:9F06: 10 FC    BPL $9F04
f1410   c41960836    i48475309    A:40 X:19 Y:00 S:E0 P:nvUbdizC  $00:9F04: A5 1B    LDA $1B = #$40
f1410   c41960839    i48475310    A:40 X:19 Y:00 S:E0 P:nvUbdizC  $00:9F06: 10 FC    BPL $9F04
f1410   c41960842    i48475311    A:40 X:19 Y:00 S:E0 P:nvUbdizC  $00:9F04: A5 1B    LDA $1B = #$40
f1410   c41960852    i48475312    A:40 X:19 Y:00 S:DD P:nvUbdIzC  $0F:C500: 4C 6E C7 JMP $C76E
f1410   c41960855    i48475313    A:40 X:19 Y:00 S:DD P:nvUbdIzC  $0F:C76E: 24 1B    BIT $1B = #$40
f1410   c41960858    i48475314    A:40 X:19 Y:00 S:DD P:nVUbdIzC  $0F:C770: 50 03    BVC $C775
f1410   c41960860    i48475315    A:40 X:19 Y:00 S:DD P:nVUbdIzC  $0F:C772: 4C 21 C4 JMP $C421
f1410   c41960863    i48475316    A:40 X:19 Y:00 S:DD P:nVUbdIzC  $0F:C421: 24 3B    BIT $3B = #$55
f1410   c41960866    i48475317    A:40 X:19 Y:00 S:DD P:nVUbdIzC  $0F:C423: 30 4D    BMI $C472
f1410   c41960868    i48475318    A:40 X:19 Y:00 S:DD P:nVUbdIzC  $0F:C425: 38       SEC
f1410   c41960870    i48475319    A:40 X:19 Y:00 S:DD P:nVUbdIzC  $0F:C426: 66 3B    ROR $3B = #$55
f1410   c41960875    i48475320    A:40 X:19 Y:00 S:DD P:NVUbdIzC  $0F:C428: 85 3C    STA $3C = #$3C
f1410   c41960878    i48475321    A:40 X:19 Y:00 S:DD P:NVUbdIzC  $0F:C42A: 86 3D    STX $3D = #$D4
f1410   c41960881    i48475322    A:40 X:19 Y:00 S:DD P:NVUbdIzC  $0F:C42C: 84 3E    STY $3E = #$00
f1410   c41960884    i48475323    A:40 X:19 Y:00 S:DD P:NVUbdIzC  $0F:C42E: A5 22    LDA $22 = #$00
f1410   c41960887    i48475324    A:00 X:19 Y:00 S:DD P:nVUbdIZC  $0F:C430: 09 07    ORA #$07
f1410   c41960889    i48475325    A:07 X:19 Y:00 S:DD P:nVUbdIzC  $0F:C432: 8D 00 80 STA $8000 = #$A5
f1410   c41960893    i48475326    A:07 X:19 Y:00 S:DD P:nVUbdIzC  $0F:C435: A9 02    LDA #$02
f1410   c41960895    i48475327    A:02 X:19 Y:00 S:DD P:nVUbdIzC  $0F:C437: 8D 01 80 STA $8001 = #$27
f1410   c41960899    i48475328    A:02 X:19 Y:00 S:DD P:nVUbdIzC  $0F:C43A: 20 00 A0 JSR $A000
f1410   c41960905    i48475329    A:02 X:19 Y:00 S:DB P:nVUbdIzC  $01:A000: A9 00    LDA #$00
f1410   c41960907    i48475330    A:00 X:19 Y:00 S:DB P:nVUbdIZC  $01:A002: 8D 03 20 STA $2003 = #$00
f1410   c41960911    i48475331    A:00 X:19 Y:00 S:DB P:nVUbdIZC  $01:A005: A9 02    LDA #$02
f1410   c41960913    i48475332    A:02 X:19 Y:00 S:DB P:nVUbdIzC  $01:A007: 8D 14 40 STA $4014 = #$02
f1410   c41961429    i48475333    A:02 X:19 Y:00 S:DB P:nVUbdIzC  $01:A00A: AD 28 06 LDA $0628 = #$15
f1410   c41961433    i48475334    A:15 X:19 Y:00 S:DB P:nVUbdIzC  $01:A00D: F0 4E    BEQ $A05D
f1410   c41961435    i48475335    A:15 X:19 Y:00 S:DB P:nVUbdIzC  $01:A00F: 2C 29 06 BIT $0629 = #$84
f1410   c41961439    i48475336    A:15 X:19 Y:00 S:DB P:NvUbdIzC  $01:A012: 70 49    BVS $A05D
f1410   c41961441    i48475337    A:15 X:19 Y:00 S:DB P:NvUbdIzC  $01:A014: A9 00    LDA #$00
f1424   c42391521    i48613678    A:30 X:02 Y:03 S:E0 P:nvUbdizc  $00:9FC6: BA       TSX
f1424   c42391523    i48613679    A:30 X:E0 Y:03 S:E0 P:NvUbdizc  $00:9FC7: 8A       TXA
f1424   c42391525    i48613680    A:E0 X:E0 Y:03 S:E0 P:NvUbdizc  $00:9FC8: A6 00    LDX $00 = #$15
f1424   c42391528    i48613681    A:E0 X:15 Y:03 S:E0 P:nvUbdizc  $00:9FCA: 95 01    STA $01,X @ $0016 = #$E0
f1424   c42391532    i48613682    A:E0 X:15 Y:03 S:E0 P:nvUbdizc  $00:9FCC: AD 24 00 LDA $0024 = #$00
f1424   c42391536    i48613683    A:00 X:15 Y:03 S:E0 P:nvUbdiZc  $00:9FCF: 95 02    STA $02,X @ $0017 = #$00
f1424   c42391540    i48613684    A:00 X:15 Y:03 S:E0 P:nvUbdiZc  $00:9FD1: AD 25 00 LDA $0025 = #$02
f1424   c42391544    i48613685    A:02 X:15 Y:03 S:E0 P:nvUbdizc  $00:9FD4: 95 03    STA $03,X @ $0018 = #$02
f1424   c42391548    i48613686    A:02 X:15 Y:03 S:E0 P:nvUbdizc  $00:9FD6: A5 19    LDA $19 = #$01
f1424   c42391551    i48613687    A:01 X:15 Y:03 S:E0 P:nvUbdizc  $00:9FD8: F0 04    BEQ $9FDE
f1424   c42391553    i48613688    A:01 X:15 Y:03 S:E0 P:nvUbdizc  $00:9FDA: C9 FF    CMP #$FF
f1424   c42391555    i48613689    A:01 X:15 Y:03 S:E0 P:nvUbdizc  $00:9FDC: D0 02    BNE $9FE0
f1424   c42391558    i48613690    A:01 X:15 Y:03 S:E0 P:nvUbdizc  $00:9FE0: 95 00    STA $00,X @ $0015 = #$00
f1424   c42391562    i48613691    A:01 X:15 Y:03 S:E0 P:nvUbdizc  $00:9FE2: 4C FB 9E JMP $9EFB
f1424   c42391565    i48613692    A:01 X:15 Y:03 S:E0 P:nvUbdizc  $00:9EFB: 8A       TXA
f1424   c42391567    i48613693    A:15 X:15 Y:03 S:E0 P:nvUbdizc  $00:9EFC: 18       CLC
f1424   c42391569    i48613694    A:15 X:15 Y:03 S:E0 P:nvUbdizc  $00:9EFD: 69 04    ADC #$04
f1424   c42391571    i48613695    A:19 X:15 Y:03 S:E0 P:nvUbdizc  $00:9EFF: AA       TAX
f1424   c42391573    i48613696    A:19 X:19 Y:03 S:E0 P:nvUbdizc  $00:9F00: E0 19    CPX #$19
f1424   c42391575    i48613697    A:19 X:19 Y:03 S:E0 P:nvUbdiZC  $00:9F02: D0 EB    BNE $9EEF
f1424   c42391577    i48613698    A:19 X:19 Y:03 S:E0 P:nvUbdiZC  $00:9F04: A5 1B    LDA $1B = #$40
f1424   c42391580    i48613699    A:40 X:19 Y:03 S:E0 P:nvUbdizC  $00:9F06: 10 FC    BPL $9F04
f1424   c42391583    i48613700    A:40 X:19 Y:03 S:E0 P:nvUbdizC  $00:9F04: A5 1B    LDA $1B = #$40
f1424   c42391586    i48613701    A:40 X:19 Y:03 S:E0 P:nvUbdizC  $00:9F06: 10 FC    BPL $9F04
f1424   c42391589    i48613702    A:40 X:19 Y:03 S:E0 P:nvUbdizC  $00:9F04: A5 1B    LDA $1B = #$40
f1424   c42391592    i48613703    A:40 X:19 Y:03 S:E0 P:nvUbdizC  $00:9F06: 10 FC    BPL $9F04
f1424   c42391595    i48613704    A:40 X:19 Y:03 S:E0 P:nvUbdizC  $00:9F04: A5 1B    LDA $1B = #$40
f1424   c42391598    i48613705    A:40 X:19 Y:03 S:E0 P:nvUbdizC  $00:9F06: 10 FC    BPL $9F04
f1424   c42391601    i48613706    A:40 X:19 Y:03 S:E0 P:nvUbdizC  $00:9F04: A5 1B    LDA $1B = #$40
f1424   c42391604    i48613707    A:40 X:19 Y:03 S:E0 P:nvUbdizC  $00:9F06: 10 FC    BPL $9F04
f1424   c42391607    i48613708    A:40 X:19 Y:03 S:E0 P:nvUbdizC  $00:9F04: A5 1B    LDA $1B = #$40
f1424   c42391610    i48613709    A:40 X:19 Y:03 S:E0 P:nvUbdizC  $00:9F06: 10 FC    BPL $9F04
f1424   c42391613    i48613710    A:40 X:19 Y:03 S:E0 P:nvUbdizC  $00:9F04: A5 1B    LDA $1B = #$40
f1424   c42391616    i48613711    A:40 X:19 Y:03 S:E0 P:nvUbdizC  $00:9F06: 10 FC    BPL $9F04
f1424   c42391619    i48613712    A:40 X:19 Y:03 S:E0 P:nvUbdizC  $00:9F04: A5 1B    LDA $1B = #$40
f1424   c42391622    i48613713    A:40 X:19 Y:03 S:E0 P:nvUbdizC  $00:9F06: 10 FC    BPL $9F04
f1424   c42391625    i48613714    A:40 X:19 Y:03 S:E0 P:nvUbdizC  $00:9F04: A5 1B    LDA $1B = #$40
f1424   c42391628    i48613715    A:40 X:19 Y:03 S:E0 P:nvUbdizC  $00:9F06: 10 FC    BPL $9F04
f1424   c42391631    i48613716    A:40 X:19 Y:03 S:E0 P:nvUbdizC  $00:9F04: A5 1B    LDA $1B = #$40
f1424   c42391634    i48613717    A:40 X:19 Y:03 S:E0 P:nvUbdizC  $00:9F06: 10 FC    BPL $9F04
f1424   c42391637    i48613718    A:40 X:19 Y:03 S:E0 P:nvUbdizC  $00:9F04: A5 1B    LDA $1B = #$40
f1424   c42391640    i48613719    A:40 X:19 Y:03 S:E0 P:nvUbdizC  $00:9F06: 10 FC    BPL $9F04
f1435   c42713210    i48717101    A:93 X:0E Y:00 S:C8 P:NvUbdizc  $00:92DF: 48       PHA
f1435   c42713213    i48717102    A:93 X:0E Y:00 S:C7 P:NvUbdizc  $00:92E0: BD E5 92 LDA $92E5,X @ $92F3 = #$A6
f1435   c42713217    i48717103    A:A6 X:0E Y:00 S:C7 P:NvUbdizc  $00:92E3: 48       PHA
f1435   c42713220    i48717104    A:A6 X:0E Y:00 S:C6 P:NvUbdizc  $00:92E4: 60       RTS
f1435   c42713226    i48717105    A:A6 X:0E Y:00 S:C8 P:NvUbdizc  $00:93A7: A0 01    LDY #$01
f1435   c42713228    i48717106    A:A6 X:0E Y:01 S:C8 P:nvUbdizc  $00:93A9: B1 92    LDA ($92),Y @ $A28F = #$F0
f1435   c42713233    i48717107    A:F0 X:0E Y:01 S:C8 P:NvUbdizc  $00:93AB: 4A       LSR
f1435   c42713235    i48717108    A:78 X:0E Y:01 S:C8 P:nvUbdizc  $00:93AC: 4A       LSR
f1435   c42713237    i48717109    A:3C X:0E Y:01 S:C8 P:nvUbdizc  $00:93AD: 4A       LSR
f1435   c42713239    i48717110    A:1E X:0E Y:01 S:C8 P:nvUbdizc  $00:93AE: 4A       LSR
f1435   c42713241    i48717111    A:0F X:0E Y:01 S:C8 P:nvUbdizc  $00:93AF: 4A       LSR
f1435   c42713243    i48717112    A:07 X:0E Y:01 S:C8 P:nvUbdizC  $00:93B0: A0 09    LDY #$09
f1435   c42713245    i48717113    A:07 X:0E Y:09 S:C8 P:nvUbdizC  $00:93B2: 91 94    STA ($94),Y @ $0591 = #$00
f1435   c42713251    i48717114    A:07 X:0E Y:09 S:C8 P:nvUbdizC  $00:93B4: 29 04    AND #$04
f1435   c42713253    i48717115    A:04 X:0E Y:09 S:C8 P:nvUbdizC  $00:93B6: D0 0F    BNE $93C7
f1435   c42713256    i48717116    A:04 X:0E Y:09 S:C8 P:nvUbdizC  $00:93C7: B1 94    LDA ($94),Y @ $0591 = #$07
f1435   c42713261    i48717117    A:07 X:0E Y:09 S:C8 P:nvUbdizC  $00:93C9: 09 F8    ORA #$F8
f1435   c42713263    i48717118    A:FF X:0E Y:09 S:C8 P:NvUbdizC  $00:93CB: 91 94    STA ($94),Y @ $0591 = #$07
f1435   c42713269    i48717119    A:FF X:0E Y:09 S:C8 P:NvUbdizC  $00:93CD: A9 00    LDA #$00
f1435   c42713271    i48717120    A:00 X:0E Y:09 S:C8 P:nvUbdiZC  $00:93CF: 6A       ROR
f1435   c42713273    i48717121    A:80 X:0E Y:09 S:C8 P:NvUbdizc  $00:93D0: 88       DEY
f1435   c42713275    i48717122    A:80 X:0E Y:08 S:C8 P:nvUbdizc  $00:93D1: 91 94    STA ($94),Y @ $0590 = #$80
f1435   c42713281    i48717123    A:80 X:0E Y:08 S:C8 P:nvUbdizc  $00:93D3: A0 02    LDY #$02
f1435   c42713283    i48717124    A:80 X:0E Y:02 S:C8 P:nvUbdizc  $00:93D5: A9 00    LDA #$00
f1435   c42713285    i48717125    A:00 X:0E Y:02 S:C8 P:nvUbdiZc  $00:93D7: 38       SEC
f1435   c42713287    i48717126    A:00 X:0E Y:02 S:C8 P:nvUbdiZC  $00:93D8: F1 92    SBC ($92),Y @ $A290 = #$00
f1435   c42713292    i48717127    A:00 X:0E Y:02 S:C8 P:nvUbdiZC  $00:93DA: A0 0A    LDY #$0A
f1435   c42713294    i48717128    A:00 X:0E Y:0A S:C8 P:nvUbdizC  $00:93DC: 91 94    STA ($94),Y @ $0592 = #$00
f1435   c42713300    i48717129    A:00 X:0E Y:0A S:C8 P:nvUbdizC  $00:93DE: A0 01    LDY #$01
f1435   c42713302    i48717130    A:00 X:0E Y:01 S:C8 P:nvUbdizC  $00:93E0: B1 92    LDA ($92),Y @ $A28F = #$F0
f1435   c42713307    i48717131    A:F0 X:0E Y:01 S:C8 P:NvUbdizC  $00:93E2: 29 0F    AND #$0F
f1435   c42713309    i48717132    A:00 X:0E Y:01 S:C8 P:nvUbdiZC  $00:93E4: 4A       LSR
f1435   c42713311    i48717133    A:00 X:0E Y:01 S:C8 P:nvUbdiZc  $00:93E5: A0 0D    LDY #$0D
f1435   c42713313    i48717134    A:00 X:0E Y:0D S:C8 P:nvUbdizc  $00:93E7: 91 94    STA ($94),Y @ $0595 = #$00
f1435   c42713319    i48717135    A:00 X:0E Y:0D S:C8 P:nvUbdizc  $00:93E9: 29 04    AND #$04
f1435   c42713321    i48717136    A:00 X:0E Y:0D S:C8 P:nvUbdiZc  $00:93EB: D0 0F    BNE $93FC
f1435   c42713323    i48717137    A:00 X:0E Y:0D S:C8 P:nvUbdiZc  $00:93ED: 6A       ROR
f1435   c42713325    i48717138    A:00 X:0E Y:0D S:C8 P:nvUbdiZc  $00:93EE: 88       DEY
f1435   c42713327    i48717139    A:00 X:0E Y:0C S:C8 P:nvUbdizc  $00:93EF: 91 94    STA ($94),Y @ $0594 = #$00
f1435   c42713333    i48717140    A:00 X:0E Y:0C S:C8 P:nvUbdizc  $00:93F1: A0 03    LDY #$03
f1435   c42713335    i48717141    A:00 X:0E Y:03 S:C8 P:nvUbdizc  $00:93F3: B1 92    LDA ($92),Y @ $A291 = #$00
f1435   c42713340    i48717142    A:00 X:0E Y:03 S:C8 P:nvUbdiZc  $00:93F5: A0 0E    LDY #$0E
f1436   c42747429    i48728034    A:30 X:02 Y:03 S:E0 P:nvUbdizc  $00:9FC6: BA       TSX
f1436   c42747431    i48728035    A:30 X:E0 Y:03 S:E0 P:NvUbdizc  $00:9FC7: 8A       TXA
f1436   c42747433    i48728036    A:E0 X:E0 Y:03 S:E0 P:NvUbdizc  $00:9FC8: A6 00    LDX $00 = #$15
f1436   c42747436    i48728037    A:E0 X:15 Y:03 S:E0 P:nvUbdizc  $00:9FCA: 95 01    STA $01,X @ $0016 = #$E0
f1436   c42747440    i48728038    A:E0 X:15 Y:03 S:E0 P:nvUbdizc  $00:9FCC: AD 24 00 LDA $0024 = #$00
f1436   c42747444    i48728039    A:00 X:15 Y:03 S:E0 P:nvUbdiZc  $00:9FCF: 95 02    STA $02,X @ $0017 = #$00
f1436   c42747448    i48728040    A:00 X:15 Y:03 S:E0 P:nvUbdiZc  $00:9FD1: AD 25 00 LDA $0025 = #$02
f1436   c42747452    i48728041    A:02 X:15 Y:03 S:E0 P:nvUbdizc  $00:9FD4: 95 03    STA $03,X @ $0018 = #$02
f1436   c42747456    i48728042    A:02 X:15 Y:03 S:E0 P:nvUbdizc  $00:9FD6: A5 19    LDA $19 = #$01
f1436   c42747459    i48728043    A:01 X:15 Y:03 S:E0 P:nvUbdizc  $00:9FD8: F0 04    BEQ $9FDE
f1436   c42747461    i48728044    A:01 X:15 Y:03 S:E0 P:nvUbdizc  $00:9FDA: C9 FF    CMP #$FF
f1436   c42747463    i48728045    A:01 X:15 Y:03 S:E0 P:nvUbdizc  $00:9FDC: D0 02    BNE $9FE0
f1436   c42747466    i48728046    A:01 X:15 Y:03 S:E0 P:nvUbdizc  $00:9FE0: 95 00    STA $00,X @ $0015 = #$00
f1436   c42747470    i48728047    A:01 X:15 Y:03 S:E0 P:nvUbdizc  $00:9FE2: 4C FB 9E JMP $9EFB
f1436   c42747473    i48728048    A:01 X:15 Y:03 S:E0 P:nvUbdizc  $00:9EFB: 8A       TXA
f1436   c42747475    i48728049    A:15 X:15 Y:03 S:E0 P:nvUbdizc  $00:9EFC: 18       CLC
f1436   c42747477    i48728050    A:15 X:15 Y:03 S:E0 P:nvUbdizc  $00:9EFD: 69 04    ADC #$04
f1436   c42747479    i48728051    A:19 X:15 Y:03 S:E0 P:nvUbdizc  $00:9EFF: AA       TAX
f1436   c42747481    i48728052    A:19 X:19 Y:03 S:E0 P:nvUbdizc  $00:9F00: E0 19    CPX #$19
f1436   c42747483    i48728053    A:19 X:19 Y:03 S:E0 P:nvUbdiZC  $00:9F02: D0 EB    BNE $9EEF
f1436   c42747485    i48728054    A:19 X:19 Y:03 S:E0 P:nvUbdiZC  $00:9F04: A5 1B    LDA $1B = #$40
f1436   c42747488    i48728055    A:40 X:19 Y:03 S:E0 P:nvUbdizC  $00:9F06: 10 FC    BPL $9F04
f1436   c42747491    i48728056    A:40 X:19 Y:03 S:E0 P:nvUbdizC  $00:9F04: A5 1B    LDA $1B = #$40
f1436   c42747494    i48728057    A:40 X:19 Y:03 S:E0 P:nvUbdizC  $00:9F06: 10 FC    BPL $9F04
f1436   c42747497    i48728058    A:40 X:19 Y:03 S:E0 P:nvUbdizC  $00:9F04: A5 1B    LDA $1B = #$40
f1436   c42747500    i48728059    A:40 X:19 Y:03 S:E0 P:nvUbdizC  $00:9F06: 10 FC    BPL $9F04
f1436   c42747503    i48728060    A:40 X:19 Y:03 S:E0 P:nvUbdizC  $00:9F04: A5 1B    LDA $1B = #$40
f1436   c42747506    i48728061    A:40 X:19 Y:03 S:E0 P:nvUbdizC  $00:9F06: 10 FC    BPL $9F04
f1436   c42747509    i48728062    A:40 X:19 Y:03 S:E0 P:nvUbdizC  $00:9F04: A5 1B    LDA $1B = #$40
f1436   c42747512    i48728063    A:40 X:19 Y:03 S:E0 P:nvUbdizC  $00:9F06: 10 FC    BPL $9F04
f1436   c42747515    i48728064    A:40 X:19 Y:03 S:E0 P:nvUbdizC  $00:9F04: A5 1B    LDA $1B = #$40
f1436   c42747518    i48728065    A:40 X:19 Y:03 S:E0 P:nvUbdizC  $00:9F06: 10 FC    BPL $9F04
f1436   c42747521    i48728066    A:40 X:19 Y:03 S:E0 P:nvUbdizC  $00:9F04: A5 1B    LDA $1B = #$40
f1436   c42747524    i48728067    A:40 X:19 Y:03 S:E0 P:nvUbdizC  $00:9F06: 10 FC    BPL $9F04
f1436   c42747527    i48728068    A:40 X:19 Y:03 S:E0 P:nvUbdizC  $00:9F04: A5 1B    LDA $1B = #$40
f1436   c42747530    i48728069    A:40 X:19 Y:03 S:E0 P:nvUbdizC  $00:9F06: 10 FC    BPL $9F04
f1436   c42747533    i48728070    A:40 X:19 Y:03 S:E0 P:nvUbdizC  $00:9F04: A5 1B    LDA $1B = #$40
f1436   c42747536    i48728071    A:40 X:19 Y:03 S:E0 P:nvUbdizC  $00:9F06: 10 FC    BPL $9F04
f1436   c42747539    i48728072    A:40 X:19 Y:03 S:E0 P:nvUbdizC  $00:9F04: A5 1B    LDA $1B = #$40
f1436   c42747542    i48728073    A:40 X:19 Y:03 S:E0 P:nvUbdizC  $00:9F06: 10 FC    BPL $9F04
f1436   c42747545    i48728074    A:40 X:19 Y:03 S:E0 P:nvUbdizC  $00:9F04: A5 1B    LDA $1B = #$40
f1436   c42747548    i48728075    A:40 X:19 Y:03 S:E0 P:nvUbdizC  $00:9F06: 10 FC    BPL $9F04
f1442   c42925978    i48785547    A:30 X:02 Y:03 S:E0 P:nvUbdizc  $00:9FC6: BA       TSX
f1442   c42925980    i48785548    A:30 X:E0 Y:03 S:E0 P:NvUbdizc  $00:9FC7: 8A       TXA
f1442   c42925982    i48785549    A:E0 X:E0 Y:03 S:E0 P:NvUbdizc  $00:9FC8: A6 00    LDX $00 = #$15
f1442   c42925985    i48785550    A:E0 X:15 Y:03 S:E0 P:nvUbdizc  $00:9FCA: 95 01    STA $01,X @ $0016 = #$E0
f1442   c42925989    i48785551    A:E0 X:15 Y:03 S:E0 P:nvUbdizc  $00:9FCC: AD 24 00 LDA $0024 = #$00
f1442   c42925993    i48785552    A:00 X:15 Y:03 S:E0 P:nvUbdiZc  $00:9FCF: 95 02    STA $02,X @ $0017 = #$00
f1442   c42925997    i48785553    A:00 X:15 Y:03 S:E0 P:nvUbdiZc  $00:9FD1: AD 25 00 LDA $0025 = #$02
f1442   c42926001    i48785554    A:02 X:15 Y:03 S:E0 P:nvUbdizc  $00:9FD4: 95 03    STA $03,X @ $0018 = #$02
f1442   c42926005    i48785555    A:02 X:15 Y:03 S:E0 P:nvUbdizc  $00:9FD6: A5 19    LDA $19 = #$01
f1442   c42926008    i48785556    A:01 X:15 Y:03 S:E0 P:nvUbdizc  $00:9FD8: F0 04    BEQ $9FDE
f1442   c42926010    i48785557    A:01 X:15 Y:03 S:E0 P:nvUbdizc  $00:9FDA: C9 FF    CMP #$FF
f1442   c42926012    i48785558    A:01 X:15 Y:03 S:E0 P:nvUbdizc  $00:9FDC: D0 02    BNE $9FE0
f1442   c42926015    i48785559    A:01 X:15 Y:03 S:E0 P:nvUbdizc  $00:9FE0: 95 00    STA $00,X @ $0015 = #$00
f1442   c42926019    i48785560    A:01 X:15 Y:03 S:E0 P:nvUbdizc  $00:9FE2: 4C FB 9E JMP $9EFB
f1442   c42926022    i48785561    A:01 X:15 Y:03 S:E0 P:nvUbdizc  $00:9EFB: 8A       TXA
f1442   c42926024    i48785562    A:15 X:15 Y:03 S:E0 P:nvUbdizc  $00:9EFC: 18       CLC
f1442   c42926026    i48785563    A:15 X:15 Y:03 S:E0 P:nvUbdizc  $00:9EFD: 69 04    ADC #$04
f1442   c42926028    i48785564    A:19 X:15 Y:03 S:E0 P:nvUbdizc  $00:9EFF: AA       TAX
f1442   c42926030    i48785565    A:19 X:19 Y:03 S:E0 P:nvUbdizc  $00:9F00: E0 19    CPX #$19
f1442   c42926032    i48785566    A:19 X:19 Y:03 S:E0 P:nvUbdiZC  $00:9F02: D0 EB    BNE $9EEF
f1442   c42926034    i48785567    A:19 X:19 Y:03 S:E0 P:nvUbdiZC  $00:9F04: A5 1B    LDA $1B = #$40
f1442   c42926037    i48785568    A:40 X:19 Y:03 S:E0 P:nvUbdizC  $00:9F06: 10 FC    BPL $9F04
f1442   c42926040    i48785569    A:40 X:19 Y:03 S:E0 P:nvUbdizC  $00:9F04: A5 1B    LDA $1B = #$40
f1442   c42926043    i48785570    A:40 X:19 Y:03 S:E0 P:nvUbdizC  $00:9F06: 10 FC    BPL $9F04
f1442   c42926046    i48785571    A:40 X:19 Y:03 S:E0 P:nvUbdizC  $00:9F04: A5 1B    LDA $1B = #$40
f1442   c42926049    i48785572    A:40 X:19 Y:03 S:E0 P:nvUbdizC  $00:9F06: 10 FC    BPL $9F04
f1442   c42926052    i48785573    A:40 X:19 Y:03 S:E0 P:nvUbdizC  $00:9F04: A5 1B    LDA $1B = #$40
f1442   c42926055    i48785574    A:40 X:19 Y:03 S:E0 P:nvUbdizC  $00:9F06: 10 FC    BPL $9F04
f1442   c42926058    i48785575    A:40 X:19 Y:03 S:E0 P:nvUbdizC  $00:9F04: A5 1B    LDA $1B = #$40
f1442   c42926061    i48785576    A:40 X:19 Y:03 S:E0 P:nvUbdizC  $00:9F06: 10 FC    BPL $9F04
f1442   c42926064    i48785577    A:40 X:19 Y:03 S:E0 P:nvUbdizC  $00:9F04: A5 1B    LDA $1B = #$40
f1442   c42926067    i48785578    A:40 X:19 Y:03 S:E0 P:nvUbdizC  $00:9F06: 10 FC    BPL $9F04
f1442   c42926070    i48785579    A:40 X:19 Y:03 S:E0 P:nvUbdizC  $00:9F04: A5 1B    LDA $1B = #$40
f1442   c42926073    i48785580    A:40 X:19 Y:03 S:E0 P:nvUbdizC  $00:9F06: 10 FC    BPL $9F04
f1442   c42926076    i48785581    A:40 X:19 Y:03 S:E0 P:nvUbdizC  $00:9F04: A5 1B    LDA $1B = #$40
f1442   c42926079    i48785582    A:40 X:19 Y:03 S:E0 P:nvUbdizC  $00:9F06: 10 FC    BPL $9F04
f1442   c42926082    i48785583    A:40 X:19 Y:03 S:E0 P:nvUbdizC  $00:9F04: A5 1B    LDA $1B = #$40
f1442   c42926085    i48785584    A:40 X:19 Y:03 S:E0 P:nvUbdizC  $00:9F06: 10 FC    BPL $9F04
f1442   c42926088    i48785585    A:40 X:19 Y:03 S:E0 P:nvUbdizC  $00:9F04: A5 1B    LDA $1B = #$40
f1442   c42926091    i48785586    A:40 X:19 Y:03 S:E0 P:nvUbdizC  $00:9F06: 10 FC    BPL $9F04
f1442   c42926094    i48785587    A:40 X:19 Y:03 S:E0 P:nvUbdizC  $00:9F04: A5 1B    LDA $1B = #$40
f1442   c42926097    i48785588    A:40 X:19 Y:03 S:E0 P:nvUbdizC  $00:9F06: 10 FC    BPL $9F04
f1443   c42948299    i48792746    A:00 X:00 Y:07 S:C8 P:nvUbdiZC  $00:91B4: A0 10    LDY #$10
f1443   c42948301    i48792747    A:00 X:00 Y:10 S:C8 P:nvUbdizC  $00:91B6: B1 94    LDA ($94),Y @ $0598 = #$38
f1443   c42948306    i48792748    A:38 X:00 Y:10 S:C8 P:nvUbdizC  $00:91B8: AA       TAX
f1443   c42948308    i48792749    A:38 X:38 Y:10 S:C8 P:nvUbdizC  $00:91B9: C8       INY
f1443   c42948310    i48792750    A:38 X:38 Y:11 S:C8 P:nvUbdizC  $00:91BA: B1 94    LDA ($94),Y @ $0599 = #$E0
f1443   c42948315    i48792751    A:E0 X:38 Y:11 S:C8 P:NvUbdizC  $00:91BC: 4A       LSR
f1443   c42948317    i48792752    A:70 X:38 Y:11 S:C8 P:nvUbdizc  $00:91BD: 4A       LSR
f1443   c42948319    i48792753    A:38 X:38 Y:11 S:C8 P:nvUbdizc  $00:91BE: A8       TAY
f1443   c42948321    i48792754    A:38 X:38 Y:38 S:C8 P:nvUbdizc  $00:91BF: A5 E6    LDA $E6 = #$01
f1443   c42948324    i48792755    A:01 X:38 Y:38 S:C8 P:nvUbdizc  $00:91C1: 18       CLC
f1443   c42948326    i48792756    A:01 X:38 Y:38 S:C8 P:nvUbdizc  $00:91C2: 7D 68 04 ADC $0468,X @ $04A0 = #$4B
f1443   c42948330    i48792757    A:4C X:38 Y:38 S:C8 P:nvUbdizc  $00:91C5: 9D 68 04 STA $0468,X @ $04A0 = #$4B
f1443   c42948335    i48792758    A:4C X:38 Y:38 S:C8 P:nvUbdizc  $00:91C8: 6A       ROR
f1443   c42948337    i48792759    A:26 X:38 Y:38 S:C8 P:nvUbdizc  $00:91C9: 45 E6    EOR $E6 = #$01
f1443   c42948340    i48792760    A:27 X:38 Y:38 S:C8 P:nvUbdizc  $00:91CB: 10 08    BPL $91D5
f1443   c42948343    i48792761    A:27 X:38 Y:38 S:C8 P:nvUbdizc  $00:91D5: A5 E8    LDA $E8 = #$00
f1443   c42948346    i48792762    A:00 X:38 Y:38 S:C8 P:nvUbdiZc  $00:91D7: 18       CLC
f1443   c42948348    i48792763    A:00 X:38 Y:38 S:C8 P:nvUbdiZc  $00:91D8: 7D 6B 04 ADC $046B,X @ $04A3 = #$6C
f1443   c42948352    i48792764    A:6C X:38 Y:38 S:C8 P:nvUbdizc  $00:91DB: 9D 6B 04 STA $046B,X @ $04A3 = #$6C
f1443   c42948357    i48792765    A:6C X:38 Y:38 S:C8 P:nvUbdizc  $00:91DE: 6A       ROR
f1443   c42948359    i48792766    A:36 X:38 Y:38 S:C8 P:nvUbdizc  $00:91DF: 45 E8    EOR $E8 = #$00
f1443   c42948362    i48792767    A:36 X:38 Y:38 S:C8 P:nvUbdizc  $00:91E1: 10 08    BPL $91EB
f1443   c42948365    i48792768    A:36 X:38 Y:38 S:C8 P:nvUbdizc  $00:91EB: 8A       TXA
f1443   c42948367    i48792769    A:38 X:38 Y:38 S:C8 P:nvUbdizc  $00:91EC: 18       CLC
f1443   c42948369    i48792770    A:38 X:38 Y:38 S:C8 P:nvUbdizc  $00:91ED: 69 04    ADC #$04
f1443   c42948371    i48792771    A:3C X:38 Y:38 S:C8 P:nvUbdizc  $00:91EF: AA       TAX
f1443   c42948373    i48792772    A:3C X:3C Y:38 S:C8 P:nvUbdizc  $00:91F0: 88       DEY
f1443   c42948375    i48792773    A:3C X:3C Y:37 S:C8 P:nvUbdizc  $00:91F1: D0 CC    BNE $91BF
f1443   c42948378    i48792774    A:3C X:3C Y:37 S:C8 P:nvUbdizc  $00:91BF: A5 E6    LDA $E6 = #$01
f1443   c42948381    i48792775    A:01 X:3C Y:37 S:C8 P:nvUbdizc  $00:91C1: 18       CLC
f1443   c42948383    i48792776    A:01 X:3C Y:37 S:C8 P:nvUbdizc  $00:91C2: 7D 68 04 ADC $0468,X @ $04A4 = #$53
f1443   c42948387    i48792777    A:54 X:3C Y:37 S:C8 P:nvUbdizc  $00:91C5: 9D 68 04 STA $0468,X @ $04A4 = #$53
f1443   c42948392    i48792778    A:54 X:3C Y:37 S:C8 P:nvUbdizc  $00:91C8: 6A       ROR
f1443   c42948394    i48792779    A:2A X:3C Y:37 S:C8 P:nvUbdizc  $00:91C9: 45 E6    EOR $E6 = #$01
f1443   c42948397    i48792780    A:2B X:3C Y:37 S:C8 P:nvUbdizc  $00:91CB: 10 08    BPL $91D5
f1443   c42948400    i48792781    A:2B X:3C Y:37 S:C8 P:nvUbdizc  $00:91D5: A5 E8    LDA $E8 = #$00
f1443   c42948403    i48792782    A:00 X:3C Y:37 S:C8 P:nvUbdiZc  $00:91D7: 18       CLC
f1443   c42948405    i48792783    A:00 X:3C Y:37 S:C8 P:nvUbdiZc  $00:91D8: 7D 6B 04 ADC $046B,X @ $04A7 = #$6C
f1443   c42948409    i48792784    A:6C X:3C Y:37 S:C8 P:nvUbdizc  $00:91DB: 9D 6B 04 STA $046B,X @ $04A7 = #$6C
f1443   c42948414    i48792785    A:6C X:3C Y:37 S:C8 P:nvUbdizc  $00:91DE: 6A       ROR
f1443   c42948416    i48792786    A:36 X:3C Y:37 S:C8 P:nvUbdizc  $00:91DF: 45 E8    EOR $E8 = #$00
f1443   c42948419    i48792787    A:36 X:3C Y:37 S:C8 P:nvUbdizc  $00:91E1: 10 08    BPL $91EB
f1444   c42974887    i48801386    A:0C X:00 Y:0F S:DB P:nvUbdIZc  $06:8002: BC 00 07 LDY $0700,X @ $0700 = #$00
f1444   c42974891    i48801387    A:0C X:00 Y:00 S:DB P:nvUbdIZc  $06:8005: C0 32    CPY #$32
f1444   c42974893    i48801388    A:0C X:00 Y:00 S:DB P:NvUbdIzc  $06:8007: B0 0E    BCS $8017
f1444   c42974895    i48801389    A:0C X:00 Y:00 S:DB P:NvUbdIzc  $06:8009: A0 07    LDY #$07
f1444   c42974897    i48801390    A:0C X:00 Y:07 S:DB P:nvUbdIzc  $06:800B: 8C 00 80 STY $8000 = #$A2
f1444   c42974901    i48801391    A:0C X:00 Y:07 S:DB P:nvUbdIzc  $06:800E: AC FC 07 LDY $07FC = #$0F
f1444   c42974905    i48801392    A:0C X:00 Y:0F S:DB P:nvUbdIzc  $06:8011: 8C 01 80 STY $8001 = #$05
f1444   c42974909    i48801393    A:0C X:00 Y:0F S:DB P:nvUbdIzc  $06:8014: 4C 5E 80 JMP $805E
f1444   c42974912    i48801394    A:0C X:00 Y:0F S:DB P:nvUbdIzc  $06:805E: CA       DEX
f1444   c42974914    i48801395    A:0C X:FF Y:0F S:DB P:NvUbdIzc  $06:805F: 10 A1    BPL $8002
f1444   c42974916    i48801396    A:0C X:FF Y:0F S:DB P:NvUbdIzc  $06:8061: A2 05    LDX #$05
f1444   c42974918    i48801397    A:0C X:05 Y:0F S:DB P:nvUbdIzc  $06:8063: BC 00 07 LDY $0700,X @ $0705 = #$00
f1444   c42974922    i48801398    A:0C X:05 Y:00 S:DB P:nvUbdIZc  $06:8066: F0 4F    BEQ $80B7
f1444   c42974925    i48801399    A:0C X:05 Y:00 S:DB P:nvUbdIZc  $06:80B7: CA       DEX
f1444   c42974927    i48801400    A:0C X:04 Y:00 S:DB P:nvUbdIzc  $06:80B8: 10 A9    BPL $8063
f1444   c42974930    i48801401    A:0C X:04 Y:00 S:DB P:nvUbdIzc  $06:8063: BC 00 07 LDY $0700,X @ $0704 = #$00
f1444   c42974934    i48801402    A:0C X:04 Y:00 S:DB P:nvUbdIZc  $06:8066: F0 4F    BEQ $80B7
f1444   c42974937    i48801403    A:0C X:04 Y:00 S:DB P:nvUbdIZc  $06:80B7: CA       DEX
f1444   c42974939    i48801404    A:0C X:03 Y:00 S:DB P:nvUbdIzc  $06:80B8: 10 A9    BPL $8063
f1444   c42974942    i48801405    A:0C X:03 Y:00 S:DB P:nvUbdIzc  $06:8063: BC 00 07 LDY $0700,X @ $0703 = #$00
f1444   c42974946    i48801406    A:0C X:03 Y:00 S:DB P:nvUbdIZc  $06:8066: F0 4F    BEQ $80B7
f1444   c42974949    i48801407    A:0C X:03 Y:00 S:DB P:nvUbdIZc  $06:80B7: CA       DEX
f1444   c42974951    i48801408    A:0C X:02 Y:00 S:DB P:nvUbdIzc  $06:80B8: 10 A9    BPL $8063
f1444   c42974954    i48801409    A:0C X:02 Y:00 S:DB P:nvUbdIzc  $06:8063: BC 00 07 LDY $0700,X @ $0702 = #$00
f1444   c42974958    i48801410    A:0C X:02 Y:00 S:DB P:nvUbdIZc  $06:8066: F0 4F    BEQ $80B7
f1444   c42974961    i48801411    A:0C X:02 Y:00 S:DB P:nvUbdIZc  $06:80B7: CA       DEX
f1444   c42974963    i48801412    A:0C X:01 Y:00 S:DB P:nvUbdIzc  $06:80B8: 10 A9    BPL $8063
f1444   c42974966    i48801413    A:0C X:01 Y:00 S:DB P:nvUbdIzc  $06:8063: BC 00 07 LDY $0700,X @ $0701 = #$00
f1444   c42974970    i48801414    A:0C X:01 Y:00 S:DB P:nvUbdIZc  $06:8066: F0 4F    BEQ $80B7
f1444   c42974973    i48801415    A:0C X:01 Y:00 S:DB P:nvUbdIZc  $06:80B7: CA       DEX
f1444   c42974975    i48801416    A:0C X:00 Y:00 S:DB P:nvUbdIZc  $06:80B8: 10 A9    BPL $8063
f1444   c42974978    i48801417    A:0C X:00 Y:00 S:DB P:nvUbdIZc  $06:8063: BC 00 07 LDY $0700,X @ $0700 = #$00
f1444   c42974982    i48801418    A:0C X:00 Y:00 S:DB P:nvUbdIZc  $06:8066: F0 4F    BEQ $80B7
f1444   c42974985    i48801419    A:0C X:00 Y:00 S:DB P:nvUbdIZc  $06:80B7: CA       DEX
f1444   c42974987    i48801420    A:0C X:FF Y:00 S:DB P:NvUbdIzc  $06:80B8: 10 A9    BPL $8063
f1444   c42974989    i48801421    A:0C X:FF Y:00 S:DB P:NvUbdIzc  $06:80BA: A9 27    LDA #$27
f1444   c42974991    i48801422    A:27 X:FF Y:00 S:DB P:nvUbdIzc  $06:80BC: 85 F0    STA $F0 = #$67
f1444   c42974994    i48801423    A:27 X:FF Y:00 S:DB P:nvUbdIzc  $06:80BE: A9 07    LDA #$07
f1444   c42974996    i48801424    A:07 X:FF Y:00 S:DB P:nvUbdIzc  $06:80C0: 85 F1    STA $F1 = #$07
f1444   c42974999    i48801425    A:07 X:FF Y:00 S:DB P:nvUbdIzc  $06:80C2: A9 00    LDA #$00
f1444   c42975001    i48801426    A:00 X:FF Y:00 S:DB P:nvUbdIZc  $06:80C4: 85 F2    STA $F2 = #$FF
f1444   c42975004    i48801427    A:00 X:FF Y:00 S:DB P:nvUbdIZc  $06:80C6: A0 08    LDY #$08
f1449   c43123102    i48848645    A:00 X:02 Y:08 S:DB P:nVUbdIzc  $01:A0ED: BD 15 40 LDA $4015,X @ $4017 = #$01
f1449   c43123106    i48848646    A:40 X:02 Y:08 S:DB P:nVUbdIzc  $01:A0F0: 4A       LSR
f1449   c43123108    i48848647    A:20 X:02 Y:08 S:DB P:nVUbdIzc  $01:A0F1: 26 3F    ROL $3F = #$00
f1449   c43123113    i48848648    A:20 X:02 Y:08 S:DB P:nVUbdIZc  $01:A0F3: 29 01    AND #$01
f1449   c43123115    i48848649    A:00 X:02 Y:08 S:DB P:nVUbdIZc  $01:A0F5: 05 3F    ORA $3F = #$00
f1449   c43123118    i48848650    A:00 X:02 Y:08 S:DB P:nVUbdIZc  $01:A0F7: 85 3F    STA $3F = #$00
f1449   c43123121    i48848651    A:00 X:02 Y:08 S:DB P:nVUbdIZc  $01:A0F9: 88       DEY
f1449   c43123123    i48848652    A:00 X:02 Y:07 S:DB P:nVUbdIzc  $01:A0FA: D0 F1    BNE $A0ED
f1449   c43123126    i48848653    A:00 X:02 Y:07 S:DB P:nVUbdIzc  $01:A0ED: BD 15 40 LDA $4015,X @ $4017 = #$01
f1449   c43123130    i48848654    A:40 X:02 Y:07 S:DB P:nVUbdIzc  $01:A0F0: 4A       LSR
f1449   c43123132    i48848655    A:20 X:02 Y:07 S:DB P:nVUbdIzc  $01:A0F1: 26 3F    ROL $3F = #$00
f1449   c43123137    i48848656    A:20 X:02 Y:07 S:DB P:nVUbdIZc  $01:A0F3: 29 01    AND #$01
f1449   c43123139    i48848657    A:00 X:02 Y:07 S:DB P:nVUbdIZc  $01:A0F5: 05 3F    ORA $3F = #$00
f1449   c43123142    i48848658    A:00 X:02 Y:07 S:DB P:nVUbdIZc  $01:A0F7: 85 3F    STA $3F = #$00
f1449   c43123145    i48848659    A:00 X:02 Y:07 S:DB P:nVUbdIZc  $01:A0F9: 88       DEY
f1449   c43123147    i48848660    A:00 X:02 Y:06 S:DB P:nVUbdIzc  $01:A0FA: D0 F1    BNE $A0ED
f1449   c43123150    i48848661    A:00 X:02 Y:06 S:DB P:nVUbdIzc  $01:A0ED: BD 15 40 LDA $4015,X @ $4017 = #$01
f1449   c43123154    i48848662    A:40 X:02 Y:06 S:DB P:nVUbdIzc  $01:A0F0: 4A       LSR
f1449   c43123156    i48848663    A:20 X:02 Y:06 S:DB P:nVUbdIzc  $01:A0F1: 26 3F    ROL $3F = #$00
f1449   c43123161    i48848664    A:20 X:02 Y:06 S:DB P:nVUbdIZc  $01:A0F3: 29 01    AND #$01
f1449   c43123163    i48848665    A:00 X:02 Y:06 S:DB P:nVUbdIZc  $01:A0F5: 05 3F    ORA $3F = #$00
f1449   c43123166    i48848666    A:00 X:02 Y:06 S:DB P:nVUbdIZc  $01:A0F7: 85 3F    STA $3F = #$00
f1449   c43123169    i48848667    A:00 X:02 Y:06 S:DB P:nVUbdIZc  $01:A0F9: 88       DEY
f1449   c43123171    i48848668    A:00 X:02 Y:05 S:DB P:nVUbdIzc  $01:A0FA: D0 F1    BNE $A0ED
f1449   c43123174    i48848669    A:00 X:02 Y:05 S:DB P:nVUbdIzc  $01:A0ED: BD 15 40 LDA $4015,X @ $4017 = #$01
f1449   c43123178    i48848670    A:40 X:02 Y:05 S:DB P:nVUbdIzc  $01:A0F0: 4A       LSR
f1449   c43123180    i48848671    A:20 X:02 Y:05 S:DB P:nVUbdIzc  $01:A0F1: 26 3F    ROL $3F = #$00
f1449   c43123185    i48848672    A:20 X:02 Y:05 S:DB P:nVUbdIZc  $01:A0F3: 29 01    AND #$01
f1449   c43123187    i48848673    A:00 X:02 Y:05 S:DB P:nVUbdIZc  $01:A0F5: 05 3F    ORA $3F = #$00
f1449   c43123190    i48848674    A:00 X:02 Y:05 S:DB P:nVUbdIZc  $01:A0F7: 85 3F    STA $3F = #$00
f1449   c43123193    i48848675    A:00 X:02 Y:05 S:DB P:nVUbdIZc  $01:A0F9: 88       DEY
f1449   c43123195    i48848676    A:00 X:02 Y:04 S:DB P:nVUbdIzc  $01:A0FA: D0 F1    BNE $A0ED
f1449   c43123198    i48848677    A:00 X:02 Y:04 S:DB P:nVUbdIzc  $01:A0ED: BD 15 40 LDA $4015,X @ $4017 = #$01
f1449   c43123202    i48848678    A:40 X:02 Y:04 S:DB P:nVUbdIzc  $01:A0F0: 4A       LSR
f1449   c43123204    i48848679    A:20 X:02 Y:04 S:DB P:nVUbdIzc  $01:A0F1: 26 3F    ROL $3F = #$00
f1449   c43123209    i48848680    A:20 X:02 Y:04 S:DB P:nVUbdIZc  $01:A0F3: 29 01    AND #$01
f1449   c43123211    i48848681    A:00 X:02 Y:04 S:DB P:nVUbdIZc  $01:A0F5: 05 3F    ORA $3F = #$00
f1449   c43123214    i48848682    A:00 X:02 Y:04 S:DB P:nVUbdIZc  $01:A0F7: 85 3F    STA $3F = #$00
f1449   c43123217    i48848683    A:00 X:02 Y:04 S:DB P:nVUbdIZc  $01:A0F9: 88       DEY
f1449   c43123219    i48848684    A:00 X:02 Y:03 S:DB P:nVUbdIzc  $01:A0FA: D0 F1    BNE $A0ED
f1449   c43123222    i48848685    A:00 X:02 Y:03 S:DB P:nVUbdIzc  $01:A0ED: BD 15 40 LDA $4015,X @ $4017 = #$01
f1449   c43123226    i48848686    A:40 X:02 Y:03 S:DB P:nVUbdIzc  $01:A0F0: 4A       LSR
f1454   c43283357    i48899912    A:30 X:02 Y:03 S:E0 P:nvUbdizc  $00:9FC6: BA       TSX
f1454   c43283359    i48899913    A:30 X:E0 Y:03 S:E0 P:NvUbdizc  $00:9FC7: 8A       TXA
f1454   c43283361    i48899914    A:E0 X:E0 Y:03 S:E0 P:NvUbdizc  $00:9FC8: A6 00    LDX $00 = #$15
f1454   c43283364    i48899915    A:E0 X:15 Y:03 S:E0 P:nvUbdizc  $00:9FCA: 95 01    STA $01,X @ $0016 = #$E0
f1454   c43283368    i48899916    A:E0 X:15 Y:03 S:E0 P:nvUbdizc  $00:9FCC: AD 24 00 LDA $0024 = #$00
f1454   c43283372    i48899917    A:00 X:15 Y:03 S:E0 P:nvUbdiZc  $00:9FCF: 95 02    STA $02,X @ $0017 = #$00
f1454   c43283376    i48899918    A:00 X:15 Y:03 S:E0 P:nvUbdiZc  $00:9FD1: AD 25 00 LDA $0025 = #$02
f1454   c43283380    i48899919    A:02 X:15 Y:03 S:E0 P:nvUbdizc  $00:9FD4: 95 03    STA $03,X @ $0018 = #$02
f1454   c43283384    i48899920    A:02 X:15 Y:03 S:E0 P:nvUbdizc  $00:9FD6: A5 19    LDA $19 = #$01
f1454   c43283387    i48899921    A:01 X:15 Y:03 S:E0 P:nvUbdizc  $00:9FD8: F0 04    BEQ $9FDE
f1454   c43283389    i48899922    A:01 X:15 Y:03 S:E0 P:nvUbdizc  $00:9FDA: C9 FF    CMP #$FF
f1454   c43283391    i48899923    A:01 X:15 Y:03 S:E0 P:nvUbdizc  $00:9FDC: D0 02    BNE $9FE0
f1454   c43283394    i48899924    A:01 X:15 Y:03 S:E0 P:nvUbdizc  $00:9FE0: 95 00    STA $00,X @ $0015 = #$00
f1454   c43283398    i48899925    A:01 X:15 Y:03 S:E0 P:nvUbdizc  $00:9FE2: 4C FB 9E JMP $9EFB
f1454   c43283401    i48899926    A:01 X:15 Y:03 S:E0 P:nvUbdizc  $00:9EFB: 8A       TXA
f1454   c43283403    i48899927    A:15 X:15 Y:03 S:E0 P:nvUbdizc  $00:9EFC: 18       CLC
f1454   c43283405    i48899928    A:15 X:15 Y:03 S:E0 P:nvUbdizc  $00:9EFD: 69 04    ADC #$04
f1454   c43283407    i48899929    A:19 X:15 Y:03 S:E0 P:nvUbdizc  $00:9EFF: AA       TAX
f1454   c43283409    i48899930    A:19 X:19 Y:03 S:E0 P:nvUbdizc  $00:9F00: E0 19    CPX #$19
f1454   c43283411    i48899931    A:19 X:19 Y:03 S:E0 P:nvUbdiZC  $00:9F02: D0 EB    BNE $9EEF
f1454   c43283413    i48899932    A:19 X:19 Y:03 S:E0 P:nvUbdiZC  $00:9F04: A5 1B    LDA $1B = #$40
f1454   c43283416    i48899933    A:40 X:19 Y:03 S:E0 P:nvUbdizC  $00:9F06: 10 FC    BPL $9F04
f1454   c43283419    i48899934    A:40 X:19 Y:03 S:E0 P:nvUbdizC  $00:9F04: A5 1B    LDA $1B = #$40
f1454   c43283422    i48899935    A:40 X:19 Y:03 S:E0 P:nvUbdizC  $00:9F06: 10 FC    BPL $9F04
f1454   c43283425    i48899936    A:40 X:19 Y:03 S:E0 P:nvUbdizC  $00:9F04: A5 1B    LDA $1B = #$40
f1454   c43283428    i48899937    A:40 X:19 Y:03 S:E0 P:nvUbdizC  $00:9F06: 10 FC    BPL $9F04
f1454   c43283431    i48899938    A:40 X:19 Y:03 S:E0 P:nvUbdizC  $00:9F04: A5 1B    LDA $1B = #$40
f1454   c43283434    i48899939    A:40 X:19 Y:03 S:E0 P:nvUbdizC  $00:9F06: 10 FC    BPL $9F04
f1454   c43283437    i48899940    A:40 X:19 Y:03 S:E0 P:nvUbdizC  $00:9F04: A5 1B    LDA $1B = #$40
f1454   c43283440    i48899941    A:40 X:19 Y:03 S:E0 P:nvUbdizC  $00:9F06: 10 FC    BPL $9F04
f1454   c43283443    i48899942    A:40 X:19 Y:03 S:E0 P:nvUbdizC  $00:9F04: A5 1B    LDA $1B = #$40
f1454   c43283446    i48899943    A:40 X:19 Y:03 S:E0 P:nvUbdizC  $00:9F06: 10 FC    BPL $9F04
f1454   c43283449    i48899944    A:40 X:19 Y:03 S:E0 P:nvUbdizC  $00:9F04: A5 1B    LDA $1B = #$40
f1454   c43283452    i48899945    A:40 X:19 Y:03 S:E0 P:nvUbdizC  $00:9F06: 10 FC    BPL $9F04
f1454   c43283455    i48899946    A:40 X:19 Y:03 S:E0 P:nvUbdizC  $00:9F04: A5 1B    LDA $1B = #$40
f1454   c43283458    i48899947    A:40 X:19 Y:03 S:E0 P:nvUbdizC  $00:9F06: 10 FC    BPL $9F04
f1454   c43283461    i48899948    A:40 X:19 Y:03 S:E0 P:nvUbdizC  $00:9F04: A5 1B    LDA $1B = #$40
f1454   c43283464    i48899949    A:40 X:19 Y:03 S:E0 P:nvUbdizC  $00:9F06: 10 FC    BPL $9F04
f1454   c43283467    i48899950    A:40 X:19 Y:03 S:E0 P:nvUbdizC  $00:9F04: A5 1B    LDA $1B = #$40
f1454   c43283470    i48899951    A:40 X:19 Y:03 S:E0 P:nvUbdizC  $00:9F06: 10 FC    BPL $9F04
f1454   c43283473    i48899952    A:40 X:19 Y:03 S:E0 P:nvUbdizC  $00:9F04: A5 1B    LDA $1B = #$40
f1454   c43283476    i48899953    A:40 X:19 Y:03 S:E0 P:nvUbdizC  $00:9F06: 10 FC    BPL $9F04
f1455   c43305678    i48907111    A:00 X:00 Y:07 S:C8 P:nvUbdiZC  $00:91B4: A0 10    LDY #$10
f1455   c43305680    i48907112    A:00 X:00 Y:10 S:C8 P:nvUbdizC  $00:91B6: B1 94    LDA ($94),Y @ $0598 = #$38
f1455   c43305685    i48907113    A:38 X:00 Y:10 S:C8 P:nvUbdizC  $00:91B8: AA       TAX
f1455   c43305687    i48907114    A:38 X:38 Y:10 S:C8 P:nvUbdizC  $00:91B9: C8       INY
f1455   c43305689    i48907115    A:38 X:38 Y:11 S:C8 P:nvUbdizC  $00:91BA: B1 94    LDA ($94),Y @ $0599 = #$E0
f1455   c43305694    i48907116    A:E0 X:38 Y:11 S:C8 P:NvUbdizC  $00:91BC: 4A       LSR
f1455   c43305696    i48907117    A:70 X:38 Y:11 S:C8 P:nvUbdizc  $00:91BD: 4A       LSR
f1455   c43305698    i48907118    A:38 X:38 Y:11 S:C8 P:nvUbdizc  $00:91BE: A8       TAY
f1455   c43305700    i48907119    A:38 X:38 Y:38 S:C8 P:nvUbdizc  $00:91BF: A5 E6    LDA $E6 = #$01
f1455   c43305703    i48907120    A:01 X:38 Y:38 S:C8 P:nvUbdizc  $00:91C1: 18       CLC
f1455   c43305705    i48907121    A:01 X:38 Y:38 S:C8 P:nvUbdizc  $00:91C2: 7D 68 04 ADC $0468,X @ $04A0 = #$4B
f1455   c43305709    i48907122    A:4C X:38 Y:38 S:C8 P:nvUbdizc  $00:91C5: 9D 68 04 STA $0468,X @ $04A0 = #$4B
f1455   c43305714    i48907123    A:4C X:38 Y:38 S:C8 P:nvUbdizc  $00:91C8: 6A       ROR
f1455   c43305716    i48907124    A:26 X:38 Y:38 S:C8 P:nvUbdizc  $00:91C9: 45 E6    EOR $E6 = #$01
f1455   c43305719    i48907125    A:27 X:38 Y:38 S:C8 P:nvUbdizc  $00:91CB: 10 08    BPL $91D5
f1455   c43305722    i48907126    A:27 X:38 Y:38 S:C8 P:nvUbdizc  $00:91D5: A5 E8    LDA $E8 = #$00
f1455   c43305725    i48907127    A:00 X:38 Y:38 S:C8 P:nvUbdiZc  $00:91D7: 18       CLC
f1455   c43305727    i48907128    A:00 X:38 Y:38 S:C8 P:nvUbdiZc  $00:91D8: 7D 6B 04 ADC $046B,X @ $04A3 = #$6C
f1455   c43305731    i48907129    A:6C X:38 Y:38 S:C8 P:nvUbdizc  $00:91DB: 9D 6B 04 STA $046B,X @ $04A3 = #$6C
f1455   c43305736    i48907130    A:6C X:38 Y:38 S:C8 P:nvUbdizc  $00:91DE: 6A       ROR
f1455   c43305738    i48907131    A:36 X:38 Y:38 S:C8 P:nvUbdizc  $00:91DF: 45 E8    EOR $E8 = #$00
f1455   c43305741    i48907132    A:36 X:38 Y:38 S:C8 P:nvUbdizc  $00:91E1: 10 08    BPL $91EB
f1455   c43305744    i48907133    A:36 X:38 Y:38 S:C8 P:nvUbdizc  $00:91EB: 8A       TXA
f1455   c43305746    i48907134    A:38 X:38 Y:38 S:C8 P:nvUbdizc  $00:91EC: 18       CLC
f1455   c43305748    i48907135    A:38 X:38 Y:38 S:C8 P:nvUbdizc  $00:91ED: 69 04    ADC #$04
f1455   c43305750    i48907136    A:3C X:38 Y:38 S:C8 P:nvUbdizc  $00:91EF: AA       TAX
f1455   c43305752    i48907137    A:3C X:3C Y:38 S:C8 P:nvUbdizc  $00:91F0: 88       DEY
f1455   c43305754    i48907138    A:3C X:3C Y:37 S:C8 P:nvUbdizc  $00:91F1: D0 CC    BNE $91BF
f1455   c43305757    i48907139    A:3C X:3C Y:37 S:C8 P:nvUbdizc  $00:91BF: A5 E6    LDA $E6 = #$01
f1455   c43305760    i48907140    A:01 X:3C Y:37 S:C8 P:nvUbdizc  $00:91C1: 18       CLC
f1455   c43305762    i48907141    A:01 X:3C Y:37 S:C8 P:nvUbdizc  $00:91C2: 7D 68 04 ADC $0468,X @ $04A4 = #$53
f1455   c43305766    i48907142    A:54 X:3C Y:37 S:C8 P:nvUbdizc  $00:91C5: 9D 68 04 STA $0468,X @ $04A4 = #$53
f1455   c43305771    i48907143    A:54 X:3C Y:37 S:C8 P:nvUbdizc  $00:91C8: 6A       ROR
f1455   c43305773    i48907144    A:2A X:3C Y:37 S:C8 P:nvUbdizc  $00:91C9: 45 E6    EOR $E6 = #$01
f1455   c43305776    i48907145    A:2B X:3C Y:37 S:C8 P:nvUbdizc  $00:91CB: 10 08    BPL $91D5
f1455   c43305779    i48907146    A:2B X:3C Y:37 S:C8 P:nvUbdizc  $00:91D5: A5 E8    LDA $E8 = #$00
f1455   c43305782    i48907147    A:00 X:3C Y:37 S:C8 P:nvUbdiZc  $00:91D7: 18       CLC
f1455   c43305784    i48907148    A:00 X:3C Y:37 S:C8 P:nvUbdiZc  $00:91D8: 7D 6B 04 ADC $046B,X @ $04A7 = #$6C
f1455   c43305788    i48907149    A:6C X:3C Y:37 S:C8 P:nvUbdizc  $00:91DB: 9D 6B 04 STA $046B,X @ $04A7 = #$6C
f1455   c43305793    i48907150    A:6C X:3C Y:37 S:C8 P:nvUbdizc  $00:91DE: 6A       ROR
f1455   c43305795    i48907151    A:36 X:3C Y:37 S:C8 P:nvUbdizc  $00:91DF: 45 E8    EOR $E8 = #$00
f1455   c43305798    i48907152    A:36 X:3C Y:37 S:C8 P:nvUbdizc  $00:91E1: 10 08    BPL $91EB
f1458   c43395087    i48935978    A:00 X:00 Y:07 S:C8 P:nvUbdiZC  $00:91A3: 4C B4 91 JMP $91B4
f1458   c43395090    i48935979    A:00 X:00 Y:07 S:C8 P:nvUbdiZC  $00:91B4: A0 10    LDY #$10
f1458   c43395092    i48935980    A:00 X:00 Y:10 S:C8 P:nvUbdizC  $00:91B6: B1 94    LDA ($94),Y @ $0598 = #$38
f1458   c43395097    i48935981    A:38 X:00 Y:10 S:C8 P:nvUbdizC  $00:91B8: AA       TAX
f1458   c43395099    i48935982    A:38 X:38 Y:10 S:C8 P:nvUbdizC  $00:91B9: C8       INY
f1458   c43395101    i48935983    A:38 X:38 Y:11 S:C8 P:nvUbdizC  $00:91BA: B1 94    LDA ($94),Y @ $0599 = #$E0
f1458   c43395106    i48935984    A:E0 X:38 Y:11 S:C8 P:NvUbdizC  $00:91BC: 4A       LSR
f1458   c43395108    i48935985    A:70 X:38 Y:11 S:C8 P:nvUbdizc  $00:91BD: 4A       LSR
f1458   c43395110    i48935986    A:38 X:38 Y:11 S:C8 P:nvUbdizc  $00:91BE: A8       TAY
f1458   c43395112    i48935987    A:38 X:38 Y:38 S:C8 P:nvUbdizc  $00:91BF: A5 E6    LDA $E6 = #$01
f1458   c43395115    i48935988    A:01 X:38 Y:38 S:C8 P:nvUbdizc  $00:91C1: 18       CLC
f1458   c43395117    i48935989    A:01 X:38 Y:38 S:C8 P:nvUbdizc  $00:91C2: 7D 68 04 ADC $0468,X @ $04A0 = #$4A
f1458   c43395121    i48935990    A:4B X:38 Y:38 S:C8 P:nvUbdizc  $00:91C5: 9D 68 04 STA $0468,X @ $04A0 = #$4A
f1458   c43395126    i48935991    A:4B X:38 Y:38 S:C8 P:nvUbdizc  $00:91C8: 6A       ROR
f1458   c43395128    i48935992    A:25 X:38 Y:38 S:C8 P:nvUbdizC  $00:91C9: 45 E6    EOR $E6 = #$01
f1458   c43395131    i48935993    A:24 X:38 Y:38 S:C8 P:nvUbdizC  $00:91CB: 10 08    BPL $91D5
f1458   c43395134    i48935994    A:24 X:38 Y:38 S:C8 P:nvUbdizC  $00:91D5: A5 E8    LDA $E8 = #$00
f1458   c43395137    i48935995    A:00 X:38 Y:38 S:C8 P:nvUbdiZC  $00:91D7: 18       CLC
f1458   c43395139    i48935996    A:00 X:38 Y:38 S:C8 P:nvUbdiZc  $00:91D8: 7D 6B 04 ADC $046B,X @ $04A3 = #$6C
f1458   c43395143    i48935997    A:6C X:38 Y:38 S:C8 P:nvUbdizc  $00:91DB: 9D 6B 04 STA $046B,X @ $04A3 = #$6C
f1458   c43395148    i48935998    A:6C X:38 Y:38 S:C8 P:nvUbdizc  $00:91DE: 6A       ROR
f1458   c43395150    i48935999    A:36 X:38 Y:38 S:C8 P:nvUbdizc  $00:91DF: 45 E8    EOR $E8 = #$00
f1458   c43395153    i48936000    A:36 X:38 Y:38 S:C8 P:nvUbdizc  $00:91E1: 10 08    BPL $91EB
f1458   c43395156    i48936001    A:36 X:38 Y:38 S:C8 P:nvUbdizc  $00:91EB: 8A       TXA
f1458   c43395158    i48936002    A:38 X:38 Y:38 S:C8 P:nvUbdizc  $00:91EC: 18       CLC
f1458   c43395160    i48936003    A:38 X:38 Y:38 S:C8 P:nvUbdizc  $00:91ED: 69 04    ADC #$04
f1458   c43395162    i48936004    A:3C X:38 Y:38 S:C8 P:nvUbdizc  $00:91EF: AA       TAX
f1458   c43395164    i48936005    A:3C X:3C Y:38 S:C8 P:nvUbdizc  $00:91F0: 88       DEY
f1458   c43395166    i48936006    A:3C X:3C Y:37 S:C8 P:nvUbdizc  $00:91F1: D0 CC    BNE $91BF
f1458   c43395169    i48936007    A:3C X:3C Y:37 S:C8 P:nvUbdizc  $00:91BF: A5 E6    LDA $E6 = #$01
f1458   c43395172    i48936008    A:01 X:3C Y:37 S:C8 P:nvUbdizc  $00:91C1: 18       CLC
f1458   c43395174    i48936009    A:01 X:3C Y:37 S:C8 P:nvUbdizc  $00:91C2: 7D 68 04 ADC $0468,X @ $04A4 = #$52
f1458   c43395178    i48936010    A:53 X:3C Y:37 S:C8 P:nvUbdizc  $00:91C5: 9D 68 04 STA $0468,X @ $04A4 = #$52
f1458   c43395183    i48936011    A:53 X:3C Y:37 S:C8 P:nvUbdizc  $00:91C8: 6A       ROR
f1458   c43395185    i48936012    A:29 X:3C Y:37 S:C8 P:nvUbdizC  $00:91C9: 45 E6    EOR $E6 = #$01
f1458   c43395188    i48936013    A:28 X:3C Y:37 S:C8 P:nvUbdizC  $00:91CB: 10 08    BPL $91D5
f1458   c43395191    i48936014    A:28 X:3C Y:37 S:C8 P:nvUbdizC  $00:91D5: A5 E8    LDA $E8 = #$00
f1458   c43395194    i48936015    A:00 X:3C Y:37 S:C8 P:nvUbdiZC  $00:91D7: 18       CLC
f1458   c43395196    i48936016    A:00 X:3C Y:37 S:C8 P:nvUbdiZc  $00:91D8: 7D 6B 04 ADC $046B,X @ $04A7 = #$6C
f1458   c43395200    i48936017    A:6C X:3C Y:37 S:C8 P:nvUbdizc  $00:91DB: 9D 6B 04 STA $046B,X @ $04A7 = #$6C
f1458   c43395205    i48936018    A:6C X:3C Y:37 S:C8 P:nvUbdizc  $00:91DE: 6A       ROR
f1458   c43395207    i48936019    A:36 X:3C Y:37 S:C8 P:nvUbdizc  $00:91DF: 45 E8    EOR $E8 = #$00
f1461   c43484429    i48964671    A:00 X:00 Y:07 S:C8 P:nvUbdiZC  $00:91A1: 85 E8    STA $E8 = #$74
f1461   c43484432    i48964672    A:00 X:00 Y:07 S:C8 P:nvUbdiZC  $00:91A3: 4C B4 91 JMP $91B4
f1461   c43484435    i48964673    A:00 X:00 Y:07 S:C8 P:nvUbdiZC  $00:91B4: A0 10    LDY #$10
f1461   c43484437    i48964674    A:00 X:00 Y:10 S:C8 P:nvUbdizC  $00:91B6: B1 94    LDA ($94),Y @ $0598 = #$38
f1461   c43484442    i48964675    A:38 X:00 Y:10 S:C8 P:nvUbdizC  $00:91B8: AA       TAX
f1461   c43484444    i48964676    A:38 X:38 Y:10 S:C8 P:nvUbdizC  $00:91B9: C8       INY
f1461   c43484446    i48964677    A:38 X:38 Y:11 S:C8 P:nvUbdizC  $00:91BA: B1 94    LDA ($94),Y @ $0599 = #$E0
f1461   c43484451    i48964678    A:E0 X:38 Y:11 S:C8 P:NvUbdizC  $00:91BC: 4A       LSR
f1461   c43484453    i48964679    A:70 X:38 Y:11 S:C8 P:nvUbdizc  $00:91BD: 4A       LSR
f1461   c43484455    i48964680    A:38 X:38 Y:11 S:C8 P:nvUbdizc  $00:91BE: A8       TAY
f1461   c43484457    i48964681    A:38 X:38 Y:38 S:C8 P:nvUbdizc  $00:91BF: A5 E6    LDA $E6 = #$FF
f1461   c43484460    i48964682    A:FF X:38 Y:38 S:C8 P:NvUbdizc  $00:91C1: 18       CLC
f1461   c43484462    i48964683    A:FF X:38 Y:38 S:C8 P:NvUbdizc  $00:91C2: 7D 68 04 ADC $0468,X @ $04A0 = #$4B
f1461   c43484466    i48964684    A:4A X:38 Y:38 S:C8 P:nvUbdizC  $00:91C5: 9D 68 04 STA $0468,X @ $04A0 = #$4B
f1461   c43484471    i48964685    A:4A X:38 Y:38 S:C8 P:nvUbdizC  $00:91C8: 6A       ROR
f1461   c43484473    i48964686    A:A5 X:38 Y:38 S:C8 P:NvUbdizc  $00:91C9: 45 E6    EOR $E6 = #$FF
f1461   c43484476    i48964687    A:5A X:38 Y:38 S:C8 P:nvUbdizc  $00:91CB: 10 08    BPL $91D5
f1461   c43484479    i48964688    A:5A X:38 Y:38 S:C8 P:nvUbdizc  $00:91D5: A5 E8    LDA $E8 = #$00
f1461   c43484482    i48964689    A:00 X:38 Y:38 S:C8 P:nvUbdiZc  $00:91D7: 18       CLC
f1461   c43484484    i48964690    A:00 X:38 Y:38 S:C8 P:nvUbdiZc  $00:91D8: 7D 6B 04 ADC $046B,X @ $04A3 = #$6C
f1461   c43484488    i48964691    A:6C X:38 Y:38 S:C8 P:nvUbdizc  $00:91DB: 9D 6B 04 STA $046B,X @ $04A3 = #$6C
f1461   c43484493    i48964692    A:6C X:38 Y:38 S:C8 P:nvUbdizc  $00:91DE: 6A       ROR
f1461   c43484495    i48964693    A:36 X:38 Y:38 S:C8 P:nvUbdizc  $00:91DF: 45 E8    EOR $E8 = #$00
f1461   c43484498    i48964694    A:36 X:38 Y:38 S:C8 P:nvUbdizc  $00:91E1: 10 08    BPL $91EB
f1461   c43484501    i48964695    A:36 X:38 Y:38 S:C8 P:nvUbdizc  $00:91EB: 8A       TXA
f1461   c43484503    i48964696    A:38 X:38 Y:38 S:C8 P:nvUbdizc  $00:91EC: 18       CLC
f1461   c43484505    i48964697    A:38 X:38 Y:38 S:C8 P:nvUbdizc  $00:91ED: 69 04    ADC #$04
f1461   c43484507    i48964698    A:3C X:38 Y:38 S:C8 P:nvUbdizc  $00:91EF: AA       TAX
f1461   c43484509    i48964699    A:3C X:3C Y:38 S:C8 P:nvUbdizc  $00:91F0: 88       DEY
f1461   c43484511    i48964700    A:3C X:3C Y:37 S:C8 P:nvUbdizc  $00:91F1: D0 CC    BNE $91BF
f1461   c43484514    i48964701    A:3C X:3C Y:37 S:C8 P:nvUbdizc  $00:91BF: A5 E6    LDA $E6 = #$FF
f1461   c43484517    i48964702    A:FF X:3C Y:37 S:C8 P:NvUbdizc  $00:91C1: 18       CLC
f1461   c43484519    i48964703    A:FF X:3C Y:37 S:C8 P:NvUbdizc  $00:91C2: 7D 68 04 ADC $0468,X @ $04A4 = #$53
f1461   c43484523    i48964704    A:52 X:3C Y:37 S:C8 P:nvUbdizC  $00:91C5: 9D 68 04 STA $0468,X @ $04A4 = #$53
f1461   c43484528    i48964705    A:52 X:3C Y:37 S:C8 P:nvUbdizC  $00:91C8: 6A       ROR
f1461   c43484530    i48964706    A:A9 X:3C Y:37 S:C8 P:NvUbdizc  $00:91C9: 45 E6    EOR $E6 = #$FF
f1461   c43484533    i48964707    A:56 X:3C Y:37 S:C8 P:nvUbdizc  $00:91CB: 10 08    BPL $91D5
f1461   c43484536    i48964708    A:56 X:3C Y:37 S:C8 P:nvUbdizc  $00:91D5: A5 E8    LDA $E8 = #$00
f1461   c43484539    i48964709    A:00 X:3C Y:37 S:C8 P:nvUbdiZc  $00:91D7: 18       CLC
f1461   c43484541    i48964710    A:00 X:3C Y:37 S:C8 P:nvUbdiZc  $00:91D8: 7D 6B 04 ADC $046B,X @ $04A7 = #$6C
f1461   c43484545    i48964711    A:6C X:3C Y:37 S:C8 P:nvUbdizc  $00:91DB: 9D 6B 04 STA $046B,X @ $04A7 = #$6C
f1461   c43484550    i48964712    A:6C X:3C Y:37 S:C8 P:nvUbdizc  $00:91DE: 6A       ROR
f1461   c43487658    i48965785    A:F6 X:14 Y:01 S:C8 P:NvUbdizC  $00:91C8: 6A       ROR
f1461   c43487660    i48965786    A:FB X:14 Y:01 S:C8 P:NvUbdizc  $00:91C9: 45 E6    EOR $E6 = #$FF
f1461   c43487663    i48965787    A:04 X:14 Y:01 S:C8 P:nvUbdizc  $00:91CB: 10 08    BPL $91D5
f1461   c43487666    i48965788    A:04 X:14 Y:01 S:C8 P:nvUbdizc  $00:91D5: A5 E8    LDA $E8 = #$00
f1461   c43487669    i48965789    A:00 X:14 Y:01 S:C8 P:nvUbdiZc  $00:91D7: 18       CLC
f1461   c43487671    i48965790    A:00 X:14 Y:01 S:C8 P:nvUbdiZc  $00:91D8: 7D 6B 04 ADC $046B,X @ $047F = #$94
f1461   c43487675    i48965791    A:94 X:14 Y:01 S:C8 P:NvUbdizc  $00:91DB: 9D 6B 04 STA $046B,X @ $047F = #$94
f1461   c43487680    i48965792    A:94 X:14 Y:01 S:C8 P:NvUbdizc  $00:91DE: 6A       ROR
f1461   c43487682    i48965793    A:4A X:14 Y:01 S:C8 P:nvUbdizc  $00:91DF: 45 E8    EOR $E8 = #$00
f1461   c43487685    i48965794    A:4A X:14 Y:01 S:C8 P:nvUbdizc  $00:91E1: 10 08    BPL $91EB
f1461   c43487688    i48965795    A:4A X:14 Y:01 S:C8 P:nvUbdizc  $00:91EB: 8A       TXA
f1461   c43487690    i48965796    A:14 X:14 Y:01 S:C8 P:nvUbdizc  $00:91EC: 18       CLC
f1461   c43487692    i48965797    A:14 X:14 Y:01 S:C8 P:nvUbdizc  $00:91ED: 69 04    ADC #$04
f1461   c43487694    i48965798    A:18 X:14 Y:01 S:C8 P:nvUbdizc  $00:91EF: AA       TAX
f1461   c43487696    i48965799    A:18 X:18 Y:01 S:C8 P:nvUbdizc  $00:91F0: 88       DEY
f1461   c43487698    i48965800    A:18 X:18 Y:00 S:C8 P:nvUbdiZc  $00:91F1: D0 CC    BNE $91BF
f1461   c43487700    i48965801    A:18 X:18 Y:00 S:C8 P:nvUbdiZc  $00:91F3: A0 01    LDY #$01
f1461   c43487702    i48965802    A:18 X:18 Y:01 S:C8 P:nvUbdizc  $00:91F5: B1 94    LDA ($94),Y @ $0589 = #$01
f1461   c43487707    i48965803    A:01 X:18 Y:01 S:C8 P:nvUbdizc  $00:91F7: 38       SEC
f1461   c43487709    i48965804    A:01 X:18 Y:01 S:C8 P:nvUbdizC  $00:91F8: E9 01    SBC #$01
f1461   c43487711    i48965805    A:00 X:18 Y:01 S:C8 P:nvUbdiZC  $00:91FA: 91 94    STA ($94),Y @ $0589 = #$01
f1461   c43487717    i48965806    A:00 X:18 Y:01 S:C8 P:nvUbdiZC  $00:91FC: F0 03    BEQ $9201
f1461   c43487721    i48965807    A:00 X:18 Y:01 S:C8 P:nvUbdiZC  $00:9201: A0 00    LDY #$00
f1461   c43487723    i48965808    A:00 X:18 Y:00 S:C8 P:nvUbdiZC  $00:9203: B1 94    LDA ($94),Y @ $0588 = #$A9
f1461   c43487728    i48965809    A:A9 X:18 Y:00 S:C8 P:NvUbdizC  $00:9205: 29 01    AND #$01
f1461   c43487730    i48965810    A:01 X:18 Y:00 S:C8 P:nvUbdizC  $00:9207: 18       CLC
f1461   c43487732    i48965811    A:01 X:18 Y:00 S:C8 P:nvUbdizc  $00:9208: 69 09    ADC #$09
f1461   c43487734    i48965812    A:0A X:18 Y:00 S:C8 P:nvUbdizc  $00:920A: AA       TAX
f1461   c43487736    i48965813    A:0A X:0A Y:00 S:C8 P:nvUbdizc  $00:920B: 20 B9 C4 JSR $C4B9
f1461   c43487742    i48965814    A:0A X:0A Y:00 S:C6 P:nvUbdizc  $0F:C4B9: 86 25    STX $25 = #$0A
f1461   c43487745    i48965815    A:0A X:0A Y:00 S:C6 P:nvUbdizc  $0F:C4BB: A9 07    LDA #$07
f1461   c43487747    i48965816    A:07 X:0A Y:00 S:C6 P:nvUbdizc  $0F:C4BD: 05 22    ORA $22 = #$00
f1461   c43487750    i48965817    A:07 X:0A Y:00 S:C6 P:nvUbdizc  $0F:C4BF: 85 23    STA $23 = #$06
f1461   c43487753    i48965818    A:07 X:0A Y:00 S:C6 P:nvUbdizc  $0F:C4C1: 8D 00 80 STA $8000 = #$A5
f1461   c43487757    i48965819    A:07 X:0A Y:00 S:C6 P:nvUbdizc  $0F:C4C4: 8E 01 80 STX $8001 = #$27
f1461   c43487761    i48965820    A:07 X:0A Y:00 S:C6 P:nvUbdizc  $0F:C4C7: 60       RTS (from $C4B9)
f1461   c43487767    i48965821    A:07 X:0A Y:00 S:C8 P:nvUbdizc  $00:920E: A0 02    LDY #$02
f1461   c43487769    i48965822    A:07 X:0A Y:02 S:C8 P:nvUbdizc  $00:9210: B1 94    LDA ($94),Y @ $058A = #$95
f1461   c43487774    i48965823    A:95 X:0A Y:02 S:C8 P:NvUbdizc  $00:9212: 85 92    STA $92 = #$94
f1461   c43487777    i48965824    A:95 X:0A Y:02 S:C8 P:NvUbdizc  $00:9214: C8       INY
f1461   c43487779    i48965825    A:95 X:0A Y:03 S:C8 P:nvUbdizc  $00:9215: B1 94    LDA ($94),Y @ $058B = #$A2
f1461   c43487784    i48965826    A:A2 X:0A Y:03 S:C8 P:NvUbdizc  $00:9217: 85 93    STA $93 = #$A2
f1462   c43513929    i48974237    A:00 X:00 Y:07 S:C8 P:nvUbdiZC  $00:91A3: 4C B4 91 JMP $91B4
f1462   c43513932    i48974238    A:00 X:00 Y:07 S:C8 P:nvUbdiZC  $00:91B4: A0 10    LDY #$10
f1462   c43513934    i48974239    A:00 X:00 Y:10 S:C8 P:nvUbdizC  $00:91B6: B1 94    LDA ($94),Y @ $0598 = #$38
f1462   c43513939    i48974240    A:38 X:00 Y:10 S:C8 P:nvUbdizC  $00:91B8: AA       TAX
f1462   c43513941    i48974241    A:38 X:38 Y:10 S:C8 P:nvUbdizC  $00:91B9: C8       INY
f1462   c43513943    i48974242    A:38 X:38 Y:11 S:C8 P:nvUbdizC  $00:91BA: B1 94    LDA ($94),Y @ $0599 = #$E0
f1462   c43513948    i48974243    A:E0 X:38 Y:11 S:C8 P:NvUbdizC  $00:91BC: 4A       LSR
f1462   c43513950    i48974244    A:70 X:38 Y:11 S:C8 P:nvUbdizc  $00:91BD: 4A       LSR
f1462   c43513952    i48974245    A:38 X:38 Y:11 S:C8 P:nvUbdizc  $00:91BE: A8       TAY
f1462   c43513954    i48974246    A:38 X:38 Y:38 S:C8 P:nvUbdizc  $00:91BF: A5 E6    LDA $E6 = #$01
f1462   c43513957    i48974247    A:01 X:38 Y:38 S:C8 P:nvUbdizc  $00:91C1: 18       CLC
f1462   c43513959    i48974248    A:01 X:38 Y:38 S:C8 P:nvUbdizc  $00:91C2: 7D 68 04 ADC $0468,X @ $04A0 = #$4A
f1462   c43513963    i48974249    A:4B X:38 Y:38 S:C8 P:nvUbdizc  $00:91C5: 9D 68 04 STA $0468,X @ $04A0 = #$4A
f1462   c43513968    i48974250    A:4B X:38 Y:38 S:C8 P:nvUbdizc  $00:91C8: 6A       ROR
f1462   c43513970    i48974251    A:25 X:38 Y:38 S:C8 P:nvUbdizC  $00:91C9: 45 E6    EOR $E6 = #$01
f1462   c43513973    i48974252    A:24 X:38 Y:38 S:C8 P:nvUbdizC  $00:91CB: 10 08    BPL $91D5
f1462   c43513976    i48974253    A:24 X:38 Y:38 S:C8 P:nvUbdizC  $00:91D5: A5 E8    LDA $E8 = #$00
f1462   c43513979    i48974254    A:00 X:38 Y:38 S:C8 P:nvUbdiZC  $00:91D7: 18       CLC
f1462   c43513981    i48974255    A:00 X:38 Y:38 S:C8 P:nvUbdiZc  $00:91D8: 7D 6B 04 ADC $046B,X @ $04A3 = #$6C
f1462   c43513985    i48974256    A:6C X:38 Y:38 S:C8 P:nvUbdizc  $00:91DB: 9D 6B 04 STA $046B,X @ $04A3 = #$6C
f1462   c43513990    i48974257    A:6C X:38 Y:38 S:C8 P:nvUbdizc  $00:91DE: 6A       ROR
f1462   c43513992    i48974258    A:36 X:38 Y:38 S:C8 P:nvUbdizc  $00:91DF: 45 E8    EOR $E8 = #$00
f1462   c43513995    i48974259    A:36 X:38 Y:38 S:C8 P:nvUbdizc  $00:91E1: 10 08    BPL $91EB
f1462   c43513998    i48974260    A:36 X:38 Y:38 S:C8 P:nvUbdizc  $00:91EB: 8A       TXA
f1462   c43514000    i48974261    A:38 X:38 Y:38 S:C8 P:nvUbdizc  $00:91EC: 18       CLC
f1462   c43514002    i48974262    A:38 X:38 Y:38 S:C8 P:nvUbdizc  $00:91ED: 69 04    ADC #$04
f1462   c43514004    i48974263    A:3C X:38 Y:38 S:C8 P:nvUbdizc  $00:91EF: AA       TAX
f1462   c43514006    i48974264    A:3C X:3C Y:38 S:C8 P:nvUbdizc  $00:91F0: 88       DEY
f1462   c43514008    i48974265    A:3C X:3C Y:37 S:C8 P:nvUbdizc  $00:91F1: D0 CC    BNE $91BF
f1462   c43514011    i48974266    A:3C X:3C Y:37 S:C8 P:nvUbdizc  $00:91BF: A5 E6    LDA $E6 = #$01
f1462   c43514014    i48974267    A:01 X:3C Y:37 S:C8 P:nvUbdizc  $00:91C1: 18       CLC
f1462   c43514016    i48974268    A:01 X:3C Y:37 S:C8 P:nvUbdizc  $00:91C2: 7D 68 04 ADC $0468,X @ $04A4 = #$52
f1462   c43514020    i48974269    A:53 X:3C Y:37 S:C8 P:nvUbdizc  $00:91C5: 9D 68 04 STA $0468,X @ $04A4 = #$52
f1462   c43514025    i48974270    A:53 X:3C Y:37 S:C8 P:nvUbdizc  $00:91C8: 6A       ROR
f1462   c43514027    i48974271    A:29 X:3C Y:37 S:C8 P:nvUbdizC  $00:91C9: 45 E6    EOR $E6 = #$01
f1462   c43514030    i48974272    A:28 X:3C Y:37 S:C8 P:nvUbdizC  $00:91CB: 10 08    BPL $91D5
f1462   c43514033    i48974273    A:28 X:3C Y:37 S:C8 P:nvUbdizC  $00:91D5: A5 E8    LDA $E8 = #$00
f1462   c43514036    i48974274    A:00 X:3C Y:37 S:C8 P:nvUbdiZC  $00:91D7: 18       CLC
f1462   c43514038    i48974275    A:00 X:3C Y:37 S:C8 P:nvUbdiZc  $00:91D8: 7D 6B 04 ADC $046B,X @ $04A7 = #$6C
f1462   c43514042    i48974276    A:6C X:3C Y:37 S:C8 P:nvUbdizc  $00:91DB: 9D 6B 04 STA $046B,X @ $04A7 = #$6C
f1462   c43514047    i48974277    A:6C X:3C Y:37 S:C8 P:nvUbdizc  $00:91DE: 6A       ROR
f1462   c43514049    i48974278    A:36 X:3C Y:37 S:C8 P:nvUbdizc  $00:91DF: 45 E8    EOR $E8 = #$00
f1464   c43573350    i48993382    A:68 X:18 Y:00 S:C8 P:nvUbdizc  $00:94C3: 18       CLC
f1464   c43573352    i48993383    A:68 X:18 Y:00 S:C8 P:nvUbdizc  $00:94C4: 69 20    ADC #$20
f1464   c43573354    i48993384    A:88 X:18 Y:00 S:C8 P:NVUbdizc  $00:94C6: 85 94    STA $94 = #$68
f1464   c43573357    i48993385    A:88 X:18 Y:00 S:C8 P:NVUbdizc  $00:94C8: A5 95    LDA $95 = #$05
f1464   c43573360    i48993386    A:05 X:18 Y:00 S:C8 P:nVUbdizc  $00:94CA: 69 00    ADC #$00
f1464   c43573362    i48993387    A:05 X:18 Y:00 S:C8 P:nvUbdizc  $00:94CC: 85 95    STA $95 = #$05
f1464   c43573365    i48993388    A:05 X:18 Y:00 S:C8 P:nvUbdizc  $00:94CE: C6 96    DEC $96 = #$04
f1464   c43573370    i48993389    A:05 X:18 Y:00 S:C8 P:nvUbdizc  $00:94D0: F0 03    BEQ $94D5
f1464   c43573372    i48993390    A:05 X:18 Y:00 S:C8 P:nvUbdizc  $00:94D2: 4C 54 91 JMP $9154
f1464   c43573375    i48993391    A:05 X:18 Y:00 S:C8 P:nvUbdizc  $00:9154: A0 00    LDY #$00
f1464   c43573377    i48993392    A:05 X:18 Y:00 S:C8 P:nvUbdiZc  $00:9156: B1 94    LDA ($94),Y @ $0588 = #$A9
f1464   c43573382    i48993393    A:A9 X:18 Y:00 S:C8 P:NvUbdizc  $00:9158: 30 03    BMI $915D
f1464   c43573385    i48993394    A:A9 X:18 Y:00 S:C8 P:NvUbdizc  $00:915D: AA       TAX
f1464   c43573387    i48993395    A:A9 X:A9 Y:00 S:C8 P:NvUbdizc  $00:915E: A0 04    LDY #$04
f1464   c43573389    i48993396    A:A9 X:A9 Y:04 S:C8 P:nvUbdizc  $00:9160: 20 4A 97 JSR $974A
f1464   c43573395    i48993397    A:A9 X:A9 Y:04 S:C6 P:nvUbdizc  $00:974A: B1 94    LDA ($94),Y @ $058C = #$00
f1464   c43573400    i48993398    A:00 X:A9 Y:04 S:C6 P:nvUbdiZc  $00:974C: 0A       ASL
f1464   c43573402    i48993399    A:00 X:A9 Y:04 S:C6 P:nvUbdiZc  $00:974D: C8       INY
f1464   c43573404    i48993400    A:00 X:A9 Y:05 S:C6 P:nvUbdizc  $00:974E: B1 94    LDA ($94),Y @ $058D = #$22
f1464   c43573409    i48993401    A:22 X:A9 Y:05 S:C6 P:nvUbdizc  $00:9750: 2A       ROL
f1464   c43573411    i48993402    A:44 X:A9 Y:05 S:C6 P:nvUbdizc  $00:9751: 99 95 00 STA $0095,Y @ $009A = #$44
f1464   c43573416    i48993403    A:44 X:A9 Y:05 S:C6 P:nvUbdizc  $00:9754: A9 00    LDA #$00
f1464   c43573418    i48993404    A:00 X:A9 Y:05 S:C6 P:nvUbdiZc  $00:9756: 2A       ROL
f1464   c43573420    i48993405    A:00 X:A9 Y:05 S:C6 P:nvUbdiZc  $00:9757: 99 96 00 STA $0096,Y @ $009B = #$00
f1464   c43573425    i48993406    A:00 X:A9 Y:05 S:C6 P:nvUbdiZc  $00:975A: 60       RTS (from $974A)
f1464   c43573431    i48993407    A:00 X:A9 Y:05 S:C8 P:nvUbdiZc  $00:9163: A0 06    LDY #$06
f1464   c43573433    i48993408    A:00 X:A9 Y:06 S:C8 P:nvUbdizc  $00:9165: 20 4A 97 JSR $974A
f1464   c43573439    i48993409    A:00 X:A9 Y:06 S:C6 P:nvUbdizc  $00:974A: B1 94    LDA ($94),Y @ $058E = #$00
f1464   c43573444    i48993410    A:00 X:A9 Y:06 S:C6 P:nvUbdiZc  $00:974C: 0A       ASL
f1464   c43573446    i48993411    A:00 X:A9 Y:06 S:C6 P:nvUbdiZc  $00:974D: C8       INY
f1464   c43573448    i48993412    A:00 X:A9 Y:07 S:C6 P:nvUbdizc  $00:974E: B1 94    LDA ($94),Y @ $058F = #$3A
f1464   c43573453    i48993413    A:3A X:A9 Y:07 S:C6 P:nvUbdizc  $00:9750: 2A       ROL
f1464   c43573455    i48993414    A:74 X:A9 Y:07 S:C6 P:nvUbdizc  $00:9751: 99 95 00 STA $0095,Y @ $009C = #$74
f1464   c43573460    i48993415    A:74 X:A9 Y:07 S:C6 P:nvUbdizc  $00:9754: A9 00    LDA #$00
f1464   c43573462    i48993416    A:00 X:A9 Y:07 S:C6 P:nvUbdiZc  $00:9756: 2A       ROL
f1464   c43573464    i48993417    A:00 X:A9 Y:07 S:C6 P:nvUbdiZc  $00:9757: 99 96 00 STA $0096,Y @ $009D = #$00
f1464   c43573469    i48993418    A:00 X:A9 Y:07 S:C6 P:nvUbdiZc  $00:975A: 60       RTS (from $974A)
f1464   c43573475    i48993419    A:00 X:A9 Y:07 S:C8 P:nvUbdiZc  $00:9168: 8A       TXA
f1464   c43573477    i48993420    A:A9 X:A9 Y:07 S:C8 P:NvUbdizc  $00:9169: 29 10    AND #$10
f1464   c43573479    i48993421    A:00 X:A9 Y:07 S:C8 P:nvUbdiZc  $00:916B: D0 39    BNE $91A6
f1464   c43573481    i48993422    A:00 X:A9 Y:07 S:C8 P:nvUbdiZc  $00:916D: 8A       TXA
f1464   c43573483    i48993423    A:A9 X:A9 Y:07 S:C8 P:NvUbdizc  $00:916E: 29 20    AND #$20
f1465   c43601427    i49002349    A:F8 X:1C Y:06 S:DB P:NvUbdIzC  $06:80E6: D0 21    BNE $8109
f1465   c43601431    i49002350    A:F8 X:1C Y:06 S:DB P:NvUbdIzC  $06:8109: 20 DB 81 JSR $81DB
f1465   c43601437    i49002351    A:F8 X:1C Y:06 S:D9 P:NvUbdIzC  $06:81DB: A0 05    LDY #$05
f1465   c43601439    i49002352    A:F8 X:1C Y:05 S:D9 P:nvUbdIzC  $06:81DD: B1 F0    LDA ($F0),Y @ $079C = #$06
f1465   c43601444    i49002353    A:06 X:1C Y:05 S:D9 P:nvUbdIzC  $06:81DF: AA       TAX
f1465   c43601446    i49002354    A:06 X:06 Y:05 S:D9 P:nvUbdIzC  $06:81E0: 29 F0    AND #$F0
f1465   c43601448    i49002355    A:00 X:06 Y:05 S:D9 P:nvUbdIZC  $06:81E2: 85 F6    STA $F6 = #$00
f1465   c43601451    i49002356    A:00 X:06 Y:05 S:D9 P:nvUbdIZC  $06:81E4: 29 20    AND #$20
f1465   c43601453    i49002357    A:00 X:06 Y:05 S:D9 P:nvUbdIZC  $06:81E6: F0 06    BEQ $81EE
f1465   c43601456    i49002358    A:00 X:06 Y:05 S:D9 P:nvUbdIZC  $06:81EE: 8A       TXA
f1465   c43601458    i49002359    A:06 X:06 Y:05 S:D9 P:nvUbdIzC  $06:81EF: 29 0F    AND #$0F
f1465   c43601460    i49002360    A:06 X:06 Y:05 S:D9 P:nvUbdIzC  $06:81F1: 85 F7    STA $F7 = #$00
f1465   c43601463    i49002361    A:06 X:06 Y:05 S:D9 P:nvUbdIzC  $06:81F3: A4 F3    LDY $F3 = #$01
f1465   c43601466    i49002362    A:06 X:06 Y:01 S:D9 P:nvUbdIzC  $06:81F5: 88       DEY
f1465   c43601468    i49002363    A:06 X:06 Y:00 S:D9 P:nvUbdIZC  $06:81F6: BE CF 07 LDX $07CF,Y @ $07CF = #$00
f1465   c43601472    i49002364    A:06 X:00 Y:00 S:D9 P:nvUbdIZC  $06:81F9: F0 38    BEQ $8233
f1465   c43601476    i49002365    A:06 X:00 Y:00 S:D9 P:nvUbdIZC  $06:8233: A6 F2    LDX $F2 = #$1C
f1465   c43601479    i49002366    A:06 X:1C Y:00 S:D9 P:nvUbdIzC  $06:8235: BD 0A 07 LDA $070A,X @ $0726 = #$00
f1465   c43601483    i49002367    A:00 X:1C Y:00 S:D9 P:nvUbdIZC  $06:8238: 38       SEC
f1465   c43601485    i49002368    A:00 X:1C Y:00 S:D9 P:nvUbdIZC  $06:8239: E5 F7    SBC $F7 = #$06
f1465   c43601488    i49002369    A:FA X:1C Y:00 S:D9 P:NvUbdIzc  $06:823B: 10 02    BPL $823F
f1465   c43601490    i49002370    A:FA X:1C Y:00 S:D9 P:NvUbdIzc  $06:823D: A9 00    LDA #$00
f1465   c43601492    i49002371    A:00 X:1C Y:00 S:D9 P:nvUbdIZc  $06:823F: 05 F6    ORA $F6 = #$00
f1465   c43601495    i49002372    A:00 X:1C Y:00 S:D9 P:nvUbdIZc  $06:8241: A0 06    LDY #$06
f1465   c43601497    i49002373    A:00 X:1C Y:06 S:D9 P:nvUbdIzc  $06:8243: 91 F0    STA ($F0),Y @ $079D = #$00
f1465   c43601503    i49002374    A:00 X:1C Y:06 S:D9 P:nvUbdIzc  $06:8245: A6 F3    LDX $F3 = #$01
f1465   c43601506    i49002375    A:00 X:01 Y:06 S:D9 P:nvUbdIzc  $06:8247: CA       DEX
f1465   c43601508    i49002376    A:00 X:00 Y:06 S:D9 P:nvUbdIZc  $06:8248: BD AF 07 LDA $07AF,X @ $07AF = #$00
f1465   c43601512    i49002377    A:00 X:00 Y:06 S:D9 P:nvUbdIZc  $06:824B: C9 01    CMP #$01
f1465   c43601514    i49002378    A:00 X:00 Y:06 S:D9 P:NvUbdIzc  $06:824D: F0 08    BEQ $8257
f1465   c43601516    i49002379    A:00 X:00 Y:06 S:D9 P:NvUbdIzc  $06:824F: C9 02    CMP #$02
f1465   c43601518    i49002380    A:00 X:00 Y:06 S:D9 P:NvUbdIzc  $06:8251: D0 03    BNE $8256
f1465   c43601521    i49002381    A:00 X:00 Y:06 S:D9 P:NvUbdIzc  $06:8256: 60       RTS (from $81DB)
f1465   c43601527    i49002382    A:00 X:00 Y:06 S:DB P:NvUbdIzc  $06:810C: 18       CLC
f1465   c43601529    i49002383    A:00 X:00 Y:06 S:DB P:NvUbdIzc  $06:810D: A9 10    LDA #$10
f1465   c43601531    i49002384    A:10 X:00 Y:06 S:DB P:nvUbdIzc  $06:810F: 65 F0    ADC $F0 = #$97
f1465   c43601534    i49002385    A:A7 X:00 Y:06 S:DB P:NvUbdIzc  $06:8111: 85 F0    STA $F0 = #$97
f1465   c43601537    i49002386    A:A7 X:00 Y:06 S:DB P:NvUbdIzc  $06:8113: A9 04    LDA #$04
f1465   c43601539    i49002387    A:04 X:00 Y:06 S:DB P:nvUbdIzc  $06:8115: 65 F2    ADC $F2 = #$1C
f1465   c43601542    i49002388    A:20 X:00 Y:06 S:DB P:nvUbdIzc  $06:8117: 85 F2    STA $F2 = #$1C
f1465   c43601545    i49002389    A:20 X:00 Y:06 S:DB P:nvUbdIzc  $06:8119: C6 F3    DEC $F3 = #$01
f1465   c43601550    i49002390    A:20 X:00 Y:06 S:DB P:nvUbdIZc  $06:811B: D0 AD    BNE $80CA
f1466   c43641264    i49015153    A:30 X:02 Y:03 S:E0 P:nvUbdizc  $00:9FC6: BA       TSX
f1466   c43641266    i49015154    A:30 X:E0 Y:03 S:E0 P:NvUbdizc  $00:9FC7: 8A       TXA
f1466   c43641268    i49015155    A:E0 X:E0 Y:03 S:E0 P:NvUbdizc  $00:9FC8: A6 00    LDX $00 = #$15
f1466   c43641271    i49015156    A:E0 X:15 Y:03 S:E0 P:nvUbdizc  $00:9FCA: 95 01    STA $01,X @ $0016 = #$E0
f1466   c43641275    i49015157    A:E0 X:15 Y:03 S:E0 P:nvUbdizc  $00:9FCC: AD 24 00 LDA $0024 = #$00
f1466   c43641279    i49015158    A:00 X:15 Y:03 S:E0 P:nvUbdiZc  $00:9FCF: 95 02    STA $02,X @ $0017 = #$00
f1466   c43641283    i49015159    A:00 X:15 Y:03 S:E0 P:nvUbdiZc  $00:9FD1: AD 25 00 LDA $0025 = #$02
f1466   c43641287    i49015160    A:02 X:15 Y:03 S:E0 P:nvUbdizc  $00:9FD4: 95 03    STA $03,X @ $0018 = #$02
f1466   c43641291    i49015161    A:02 X:15 Y:03 S:E0 P:nvUbdizc  $00:9FD6: A5 19    LDA $19 = #$01
f1466   c43641294    i49015162    A:01 X:15 Y:03 S:E0 P:nvUbdizc  $00:9FD8: F0 04    BEQ $9FDE
f1466   c43641296    i49015163    A:01 X:15 Y:03 S:E0 P:nvUbdizc  $00:9FDA: C9 FF    CMP #$FF
f1466   c43641298    i49015164    A:01 X:15 Y:03 S:E0 P:nvUbdizc  $00:9FDC: D0 02    BNE $9FE0
f1466   c43641301    i49015165    A:01 X:15 Y:03 S:E0 P:nvUbdizc  $00:9FE0: 95 00    STA $00,X @ $0015 = #$00
f1466   c43641305    i49015166    A:01 X:15 Y:03 S:E0 P:nvUbdizc  $00:9FE2: 4C FB 9E JMP $9EFB
f1466   c43641308    i49015167    A:01 X:15 Y:03 S:E0 P:nvUbdizc  $00:9EFB: 8A       TXA
f1466   c43641310    i49015168    A:15 X:15 Y:03 S:E0 P:nvUbdizc  $00:9EFC: 18       CLC
f1466   c43641312    i49015169    A:15 X:15 Y:03 S:E0 P:nvUbdizc  $00:9EFD: 69 04    ADC #$04
f1466   c43641314    i49015170    A:19 X:15 Y:03 S:E0 P:nvUbdizc  $00:9EFF: AA       TAX
f1466   c43641316    i49015171    A:19 X:19 Y:03 S:E0 P:nvUbdizc  $00:9F00: E0 19    CPX #$19
f1466   c43641318    i49015172    A:19 X:19 Y:03 S:E0 P:nvUbdiZC  $00:9F02: D0 EB    BNE $9EEF
f1466   c43641320    i49015173    A:19 X:19 Y:03 S:E0 P:nvUbdiZC  $00:9F04: A5 1B    LDA $1B = #$40
f1466   c43641323    i49015174    A:40 X:19 Y:03 S:E0 P:nvUbdizC  $00:9F06: 10 FC    BPL $9F04
f1466   c43641326    i49015175    A:40 X:19 Y:03 S:E0 P:nvUbdizC  $00:9F04: A5 1B    LDA $1B = #$40
f1466   c43641329    i49015176    A:40 X:19 Y:03 S:E0 P:nvUbdizC  $00:9F06: 10 FC    BPL $9F04
f1466   c43641332    i49015177    A:40 X:19 Y:03 S:E0 P:nvUbdizC  $00:9F04: A5 1B    LDA $1B = #$40
f1466   c43641335    i49015178    A:40 X:19 Y:03 S:E0 P:nvUbdizC  $00:9F06: 10 FC    BPL $9F04
f1466   c43641338    i49015179    A:40 X:19 Y:03 S:E0 P:nvUbdizC  $00:9F04: A5 1B    LDA $1B = #$40
f1466   c43641341    i49015180    A:40 X:19 Y:03 S:E0 P:nvUbdizC  $00:9F06: 10 FC    BPL $9F04
f1466   c43641344    i49015181    A:40 X:19 Y:03 S:E0 P:nvUbdizC  $00:9F04: A5 1B    LDA $1B = #$40
f1466   c43641347    i49015182    A:40 X:19 Y:03 S:E0 P:nvUbdizC  $00:9F06: 10 FC    BPL $9F04
f1466   c43641350    i49015183    A:40 X:19 Y:03 S:E0 P:nvUbdizC  $00:9F04: A5 1B    LDA $1B = #$40
f1466   c43641353    i49015184    A:40 X:19 Y:03 S:E0 P:nvUbdizC  $00:9F06: 10 FC    BPL $9F04
f1466   c43641356    i49015185    A:40 X:19 Y:03 S:E0 P:nvUbdizC  $00:9F04: A5 1B    LDA $1B = #$40
f1466   c43641359    i49015186    A:40 X:19 Y:03 S:E0 P:nvUbdizC  $00:9F06: 10 FC    BPL $9F04
f1466   c43641362    i49015187    A:40 X:19 Y:03 S:E0 P:nvUbdizC  $00:9F04: A5 1B    LDA $1B = #$40
f1466   c43641365    i49015188    A:40 X:19 Y:03 S:E0 P:nvUbdizC  $00:9F06: 10 FC    BPL $9F04
f1466   c43641368    i49015189    A:40 X:19 Y:03 S:E0 P:nvUbdizC  $00:9F04: A5 1B    LDA $1B = #$40
f1466   c43641371    i49015190    A:40 X:19 Y:03 S:E0 P:nvUbdizC  $00:9F06: 10 FC    BPL $9F04
f1466   c43641374    i49015191    A:40 X:19 Y:03 S:E0 P:nvUbdizC  $00:9F04: A5 1B    LDA $1B = #$40
f1466   c43641377    i49015192    A:40 X:19 Y:03 S:E0 P:nvUbdizC  $00:9F06: 10 FC    BPL $9F04
f1466   c43641380    i49015193    A:40 X:19 Y:03 S:E0 P:nvUbdizC  $00:9F04: A5 1B    LDA $1B = #$40
f1466   c43641383    i49015194    A:40 X:19 Y:03 S:E0 P:nvUbdizC  $00:9F06: 10 FC    BPL $9F04
f1472   c43819684    i49072552    A:30 X:02 Y:03 S:E0 P:nvUbdizc  $00:9FC6: BA       TSX
f1472   c43819686    i49072553    A:30 X:E0 Y:03 S:E0 P:NvUbdizc  $00:9FC7: 8A       TXA
f1472   c43819688    i49072554    A:E0 X:E0 Y:03 S:E0 P:NvUbdizc  $00:9FC8: A6 00    LDX $00 = #$15
f1472   c43819691    i49072555    A:E0 X:15 Y:03 S:E0 P:nvUbdizc  $00:9FCA: 95 01    STA $01,X @ $0016 = #$E0
f1472   c43819695    i49072556    A:E0 X:15 Y:03 S:E0 P:nvUbdizc  $00:9FCC: AD 24 00 LDA $0024 = #$00
f1472   c43819699    i49072557    A:00 X:15 Y:03 S:E0 P:nvUbdiZc  $00:9FCF: 95 02    STA $02,X @ $0017 = #$00
f1472   c43819703    i49072558    A:00 X:15 Y:03 S:E0 P:nvUbdiZc  $00:9FD1: AD 25 00 LDA $0025 = #$02
f1472   c43819707    i49072559    A:02 X:15 Y:03 S:E0 P:nvUbdizc  $00:9FD4: 95 03    STA $03,X @ $0018 = #$02
f1472   c43819711    i49072560    A:02 X:15 Y:03 S:E0 P:nvUbdizc  $00:9FD6: A5 19    LDA $19 = #$01
f1472   c43819714    i49072561    A:01 X:15 Y:03 S:E0 P:nvUbdizc  $00:9FD8: F0 04    BEQ $9FDE
f1472   c43819716    i49072562    A:01 X:15 Y:03 S:E0 P:nvUbdizc  $00:9FDA: C9 FF    CMP #$FF
f1472   c43819718    i49072563    A:01 X:15 Y:03 S:E0 P:nvUbdizc  $00:9FDC: D0 02    BNE $9FE0
f1472   c43819721    i49072564    A:01 X:15 Y:03 S:E0 P:nvUbdizc  $00:9FE0: 95 00    STA $00,X @ $0015 = #$00
f1472   c43819725    i49072565    A:01 X:15 Y:03 S:E0 P:nvUbdizc  $00:9FE2: 4C FB 9E JMP $9EFB
f1472   c43819728    i49072566    A:01 X:15 Y:03 S:E0 P:nvUbdizc  $00:9EFB: 8A       TXA
f1472   c43819730    i49072567    A:15 X:15 Y:03 S:E0 P:nvUbdizc  $00:9EFC: 18       CLC
f1472   c43819732    i49072568    A:15 X:15 Y:03 S:E0 P:nvUbdizc  $00:9EFD: 69 04    ADC #$04
f1472   c43819734    i49072569    A:19 X:15 Y:03 S:E0 P:nvUbdizc  $00:9EFF: AA       TAX
f1472   c43819736    i49072570    A:19 X:19 Y:03 S:E0 P:nvUbdizc  $00:9F00: E0 19    CPX #$19
f1472   c43819738    i49072571    A:19 X:19 Y:03 S:E0 P:nvUbdiZC  $00:9F02: D0 EB    BNE $9EEF
f1472   c43819740    i49072572    A:19 X:19 Y:03 S:E0 P:nvUbdiZC  $00:9F04: A5 1B    LDA $1B = #$40
f1472   c43819743    i49072573    A:40 X:19 Y:03 S:E0 P:nvUbdizC  $00:9F06: 10 FC    BPL $9F04
f1472   c43819746    i49072574    A:40 X:19 Y:03 S:E0 P:nvUbdizC  $00:9F04: A5 1B    LDA $1B = #$40
f1472   c43819749    i49072575    A:40 X:19 Y:03 S:E0 P:nvUbdizC  $00:9F06: 10 FC    BPL $9F04
f1472   c43819752    i49072576    A:40 X:19 Y:03 S:E0 P:nvUbdizC  $00:9F04: A5 1B    LDA $1B = #$40
f1472   c43819755    i49072577    A:40 X:19 Y:03 S:E0 P:nvUbdizC  $00:9F06: 10 FC    BPL $9F04
f1472   c43819758    i49072578    A:40 X:19 Y:03 S:E0 P:nvUbdizC  $00:9F04: A5 1B    LDA $1B = #$40
f1472   c43819761    i49072579    A:40 X:19 Y:03 S:E0 P:nvUbdizC  $00:9F06: 10 FC    BPL $9F04
f1472   c43819764    i49072580    A:40 X:19 Y:03 S:E0 P:nvUbdizC  $00:9F04: A5 1B    LDA $1B = #$40
f1472   c43819767    i49072581    A:40 X:19 Y:03 S:E0 P:nvUbdizC  $00:9F06: 10 FC    BPL $9F04
f1472   c43819770    i49072582    A:40 X:19 Y:03 S:E0 P:nvUbdizC  $00:9F04: A5 1B    LDA $1B = #$40
f1472   c43819773    i49072583    A:40 X:19 Y:03 S:E0 P:nvUbdizC  $00:9F06: 10 FC    BPL $9F04
f1472   c43819776    i49072584    A:40 X:19 Y:03 S:E0 P:nvUbdizC  $00:9F04: A5 1B    LDA $1B = #$40
f1472   c43819779    i49072585    A:40 X:19 Y:03 S:E0 P:nvUbdizC  $00:9F06: 10 FC    BPL $9F04
f1472   c43819782    i49072586    A:40 X:19 Y:03 S:E0 P:nvUbdizC  $00:9F04: A5 1B    LDA $1B = #$40
f1472   c43819785    i49072587    A:40 X:19 Y:03 S:E0 P:nvUbdizC  $00:9F06: 10 FC    BPL $9F04
f1472   c43819788    i49072588    A:40 X:19 Y:03 S:E0 P:nvUbdizC  $00:9F04: A5 1B    LDA $1B = #$40
f1472   c43819791    i49072589    A:40 X:19 Y:03 S:E0 P:nvUbdizC  $00:9F06: 10 FC    BPL $9F04
f1472   c43819794    i49072590    A:40 X:19 Y:03 S:E0 P:nvUbdizC  $00:9F04: A5 1B    LDA $1B = #$40
f1472   c43819797    i49072591    A:40 X:19 Y:03 S:E0 P:nvUbdizC  $00:9F06: 10 FC    BPL $9F04
f1472   c43819800    i49072592    A:40 X:19 Y:03 S:E0 P:nvUbdizC  $00:9F04: A5 1B    LDA $1B = #$40
f1472   c43819803    i49072593    A:40 X:19 Y:03 S:E0 P:nvUbdizC  $00:9F06: 10 FC    BPL $9F04
f1472   c43824063    i49074013    A:40 X:19 Y:03 S:E0 P:nvUbdizC  $00:9F06: 10 FC    BPL $9F04
f1472   c43824066    i49074014    A:40 X:19 Y:03 S:E0 P:nvUbdizC  $00:9F04: A5 1B    LDA $1B = #$40
f1472   c43824069    i49074015    A:40 X:19 Y:03 S:E0 P:nvUbdizC  $00:9F06: 10 FC    BPL $9F04
f1472   c43824072    i49074016    A:40 X:19 Y:03 S:E0 P:nvUbdizC  $00:9F04: A5 1B    LDA $1B = #$40
f1472   c43824075    i49074017    A:40 X:19 Y:03 S:E0 P:nvUbdizC  $00:9F06: 10 FC    BPL $9F04
f1472   c43824078    i49074018    A:40 X:19 Y:03 S:E0 P:nvUbdizC  $00:9F04: A5 1B    LDA $1B = #$40
f1472   c43824081    i49074019    A:40 X:19 Y:03 S:E0 P:nvUbdizC  $00:9F06: 10 FC    BPL $9F04
f1472   c43824084    i49074020    A:40 X:19 Y:03 S:E0 P:nvUbdizC  $00:9F04: A5 1B    LDA $1B = #$40
f1472   c43824087    i49074021    A:40 X:19 Y:03 S:E0 P:nvUbdizC  $00:9F06: 10 FC    BPL $9F04
f1472   c43824090    i49074022    A:40 X:19 Y:03 S:E0 P:nvUbdizC  $00:9F04: A5 1B    LDA $1B = #$40
f1472   c43824093    i49074023    A:40 X:19 Y:03 S:E0 P:nvUbdizC  $00:9F06: 10 FC    BPL $9F04
f1472   c43824096    i49074024    A:40 X:19 Y:03 S:E0 P:nvUbdizC  $00:9F04: A5 1B    LDA $1B = #$40
f1472   c43824099    i49074025    A:40 X:19 Y:03 S:E0 P:nvUbdizC  $00:9F06: 10 FC    BPL $9F04
f1472   c43824102    i49074026    A:40 X:19 Y:03 S:E0 P:nvUbdizC  $00:9F04: A5 1B    LDA $1B = #$40
f1472   c43824105    i49074027    A:40 X:19 Y:03 S:E0 P:nvUbdizC  $00:9F06: 10 FC    BPL $9F04
f1472   c43824108    i49074028    A:40 X:19 Y:03 S:E0 P:nvUbdizC  $00:9F04: A5 1B    LDA $1B = #$40
f1472   c43824111    i49074029    A:40 X:19 Y:03 S:E0 P:nvUbdizC  $00:9F06: 10 FC    BPL $9F04
f1472   c43824114    i49074030    A:40 X:19 Y:03 S:E0 P:nvUbdizC  $00:9F04: A5 1B    LDA $1B = #$40
f1472   c43824117    i49074031    A:40 X:19 Y:03 S:E0 P:nvUbdizC  $00:9F06: 10 FC    BPL $9F04
f1472   c43824120    i49074032    A:40 X:19 Y:03 S:E0 P:nvUbdizC  $00:9F04: A5 1B    LDA $1B = #$40
f1472   c43824123    i49074033    A:40 X:19 Y:03 S:E0 P:nvUbdizC  $00:9F06: 10 FC    BPL $9F04
f1472   c43824126    i49074034    A:40 X:19 Y:03 S:E0 P:nvUbdizC  $00:9F04: A5 1B    LDA $1B = #$40
f1472   c43824129    i49074035    A:40 X:19 Y:03 S:E0 P:nvUbdizC  $00:9F06: 10 FC    BPL $9F04
f1472   c43824132    i49074036    A:40 X:19 Y:03 S:E0 P:nvUbdizC  $00:9F04: A5 1B    LDA $1B = #$40
f1472   c43824135    i49074037    A:40 X:19 Y:03 S:E0 P:nvUbdizC  $00:9F06: 10 FC    BPL $9F04
f1472   c43824138    i49074038    A:40 X:19 Y:03 S:E0 P:nvUbdizC  $00:9F04: A5 1B    LDA $1B = #$40
f1472   c43824148    i49074039    A:40 X:19 Y:03 S:DD P:nvUbdIzC  $0F:C506: 4C 21 C8 JMP $C821
f1472   c43824151    i49074040    A:40 X:19 Y:03 S:DD P:nvUbdIzC  $0F:C821: 24 1B    BIT $1B = #$40
f1472   c43824154    i49074041    A:40 X:19 Y:03 S:DD P:nVUbdIzC  $0F:C823: 50 03    BVC $C828
f1472   c43824156    i49074042    A:40 X:19 Y:03 S:DD P:nVUbdIzC  $0F:C825: 4C 78 C4 JMP $C478
f1472   c43824159    i49074043    A:40 X:19 Y:03 S:DD P:nVUbdIzC  $0F:C478: 24 3B    BIT $3B = #$55
f1472   c43824162    i49074044    A:40 X:19 Y:03 S:DD P:nVUbdIzC  $0F:C47A: 30 32    BMI $C4AE
f1472   c43824164    i49074045    A:40 X:19 Y:03 S:DD P:nVUbdIzC  $0F:C47C: 38       SEC
f1472   c43824166    i49074046    A:40 X:19 Y:03 S:DD P:nVUbdIzC  $0F:C47D: 66 3B    ROR $3B = #$55
f1472   c43824171    i49074047    A:40 X:19 Y:03 S:DD P:NVUbdIzC  $0F:C47F: 85 3C    STA $3C = #$40
f1472   c43824174    i49074048    A:40 X:19 Y:03 S:DD P:NVUbdIzC  $0F:C481: 86 3D    STX $3D = #$19
f1472   c43824177    i49074049    A:40 X:19 Y:03 S:DD P:NVUbdIzC  $0F:C483: 84 3E    STY $3E = #$00
f1472   c43824180    i49074050    A:40 X:19 Y:03 S:DD P:NVUbdIzC  $0F:C485: A5 22    LDA $22 = #$00
f1472   c43824183    i49074051    A:00 X:19 Y:03 S:DD P:nVUbdIZC  $0F:C487: 09 07    ORA #$07
f1472   c43824185    i49074052    A:07 X:19 Y:03 S:DD P:nVUbdIzC  $0F:C489: 8D 00 80 STA $8000 = #$A5
f1472   c43824189    i49074053    A:07 X:19 Y:03 S:DD P:nVUbdIzC  $0F:C48C: A9 02    LDA #$02
f1472   c43824191    i49074054    A:02 X:19 Y:03 S:DD P:nVUbdIzC  $0F:C48E: 8D 01 80 STA $8001 = #$27
f1478   c43990818    i49127108    A:3C X:3C Y:03 S:4A P:nvUbdizc  $00:9AA3: BD A2 9E LDA $9EA2,X @ $9EDE = #$30
f1478   c43990822    i49127109    A:30 X:3C Y:03 S:4A P:nvUbdizc  $00:9AA6: 85 E6    STA $E6 = #$30
f1478   c43990825    i49127110    A:30 X:3C Y:03 S:4A P:nvUbdizc  $00:9AA8: B9 2A 06 LDA $062A,Y @ $062D = #$30
f1478   c43990829    i49127111    A:30 X:3C Y:03 S:4A P:nvUbdizc  $00:9AAB: 29 0F    AND #$0F
f1478   c43990831    i49127112    A:00 X:3C Y:03 S:4A P:nvUbdiZc  $00:9AAD: 05 E6    ORA $E6 = #$30
f1478   c43990834    i49127113    A:30 X:3C Y:03 S:4A P:nvUbdizc  $00:9AAF: A6 E7    LDX $E7 = #$06
f1478   c43990837    i49127114    A:30 X:06 Y:03 S:4A P:nvUbdizc  $00:9AB1: 9D E8 05 STA $05E8,X @ $05EE = #$30
f1478   c43990842    i49127115    A:30 X:06 Y:03 S:4A P:nvUbdizc  $00:9AB4: E6 E7    INC $E7 = #$06
f1478   c43990847    i49127116    A:30 X:06 Y:03 S:4A P:nvUbdizc  $00:9AB6: C8       INY
f1478   c43990849    i49127117    A:30 X:06 Y:04 S:4A P:nvUbdizc  $00:9AB7: 60       RTS (from $9AA2)
f1478   c43990855    i49127118    A:30 X:06 Y:04 S:4C P:nvUbdizc  $00:9A89: C0 10    CPY #$10
f1478   c43990857    i49127119    A:30 X:06 Y:04 S:4C P:NvUbdizc  $00:9A8B: D0 F1    BNE $9A7E
f1478   c43990860    i49127120    A:30 X:06 Y:04 S:4C P:NvUbdizc  $00:9A7E: B9 2A 06 LDA $062A,Y @ $062E = #$0F
f1478   c43990864    i49127121    A:0F X:06 Y:04 S:4C P:nvUbdizc  $00:9A81: 29 30    AND #$30
f1478   c43990866    i49127122    A:00 X:06 Y:04 S:4C P:nvUbdiZc  $00:9A83: 18       CLC
f1478   c43990868    i49127123    A:00 X:06 Y:04 S:4C P:nvUbdiZc  $00:9A84: 65 4A    ADC $4A = #$0C
f1478   c43990871    i49127124    A:0C X:06 Y:04 S:4C P:nvUbdizc  $00:9A86: 20 A2 9A JSR $9AA2
f1478   c43990877    i49127125    A:0C X:06 Y:04 S:4A P:nvUbdizc  $00:9AA2: AA       TAX
f1478   c43990879    i49127126    A:0C X:0C Y:04 S:4A P:nvUbdizc  $00:9AA3: BD A2 9E LDA $9EA2,X @ $9EAE = #$00
f1478   c43990883    i49127127    A:00 X:0C Y:04 S:4A P:nvUbdiZc  $00:9AA6: 85 E6    STA $E6 = #$30
f1478   c43990886    i49127128    A:00 X:0C Y:04 S:4A P:nvUbdiZc  $00:9AA8: B9 2A 06 LDA $062A,Y @ $062E = #$0F
f1478   c43990890    i49127129    A:0F X:0C Y:04 S:4A P:nvUbdizc  $00:9AAB: 29 0F    AND #$0F
f1478   c43990892    i49127130    A:0F X:0C Y:04 S:4A P:nvUbdizc  $00:9AAD: 05 E6    ORA $E6 = #$00
f1478   c43990895    i49127131    A:0F X:0C Y:04 S:4A P:nvUbdizc  $00:9AAF: A6 E7    LDX $E7 = #$07
f1478   c43990898    i49127132    A:0F X:07 Y:04 S:4A P:nvUbdizc  $00:9AB1: 9D E8 05 STA $05E8,X @ $05EF = #$0F
f1478   c43990903    i49127133    A:0F X:07 Y:04 S:4A P:nvUbdizc  $00:9AB4: E6 E7    INC $E7 = #$07
f1478   c43990908    i49127134    A:0F X:07 Y:04 S:4A P:nvUbdizc  $00:9AB6: C8       INY
f1478   c43990910    i49127135    A:0F X:07 Y:05 S:4A P:nvUbdizc  $00:9AB7: 60       RTS (from $9AA2)
f1478   c43990916    i49127136    A:0F X:07 Y:05 S:4C P:nvUbdizc  $00:9A89: C0 10    CPY #$10
f1478   c43990918    i49127137    A:0F X:07 Y:05 S:4C P:NvUbdizc  $00:9A8B: D0 F1    BNE $9A7E
f1478   c43990921    i49127138    A:0F X:07 Y:05 S:4C P:NvUbdizc  $00:9A7E: B9 2A 06 LDA $062A,Y @ $062F = #$36
f1478   c43990925    i49127139    A:36 X:07 Y:05 S:4C P:nvUbdizc  $00:9A81: 29 30    AND #$30
f1478   c43990927    i49127140    A:30 X:07 Y:05 S:4C P:nvUbdizc  $00:9A83: 18       CLC
f1478   c43990929    i49127141    A:30 X:07 Y:05 S:4C P:nvUbdizc  $00:9A84: 65 4A    ADC $4A = #$0C
f1478   c43990932    i49127142    A:3C X:07 Y:05 S:4C P:nvUbdizc  $00:9A86: 20 A2 9A JSR $9AA2
f1478   c43990938    i49127143    A:3C X:07 Y:05 S:4A P:nvUbdizc  $00:9AA2: AA       TAX
f1478   c43990940    i49127144    A:3C X:3C Y:05 S:4A P:nvUbdizc  $00:9AA3: BD A2 9E LDA $9EA2,X @ $9EDE = #$30
f1478   c43990944    i49127145    A:30 X:3C Y:05 S:4A P:nvUbdizc  $00:9AA6: 85 E6    STA $E6 = #$00
f1478   c43990947    i49127146    A:30 X:3C Y:05 S:4A P:nvUbdizc  $00:9AA8: B9 2A 06 LDA $062A,Y @ $062F = #$36
f1478   c43990951    i49127147    A:36 X:3C Y:05 S:4A P:nvUbdizc  $00:9AAB: 29 0F    AND #$0F
f1478   c43990953    i49127148    A:06 X:3C Y:05 S:4A P:nvUbdizc  $00:9AAD: 05 E6    ORA $E6 = #$30
f1479   c44018180    i49135781    A:C5 X:10 Y:03 S:D9 P:NvUbdIzC  $06:8241: A0 06    LDY #$06
f1479   c44018182    i49135782    A:C5 X:10 Y:06 S:D9 P:nvUbdIzC  $06:8243: 91 F0    STA ($F0),Y @ $076D = #$C5
f1479   c44018188    i49135783    A:C5 X:10 Y:06 S:D9 P:nvUbdIzC  $06:8245: A6 F3    LDX $F3 = #$04
f1479   c44018191    i49135784    A:C5 X:04 Y:06 S:D9 P:nvUbdIzC  $06:8247: CA       DEX
f1479   c44018193    i49135785    A:C5 X:03 Y:06 S:D9 P:nvUbdIzC  $06:8248: BD AF 07 LDA $07AF,X @ $07B2 = #$01
f1479   c44018197    i49135786    A:01 X:03 Y:06 S:D9 P:nvUbdIzC  $06:824B: C9 01    CMP #$01
f1479   c44018199    i49135787    A:01 X:03 Y:06 S:D9 P:nvUbdIZC  $06:824D: F0 08    BEQ $8257
f1479   c44018202    i49135788    A:01 X:03 Y:06 S:D9 P:nvUbdIZC  $06:8257: BD C7 07 LDA $07C7,X @ $07CA = #$00
f1479   c44018206    i49135789    A:00 X:03 Y:06 S:D9 P:nvUbdIZC  $06:825A: 0A       ASL
f1479   c44018208    i49135790    A:00 X:03 Y:06 S:D9 P:nvUbdIZc  $06:825B: A8       TAY
f1479   c44018210    i49135791    A:00 X:03 Y:00 S:D9 P:nvUbdIZc  $06:825C: B9 69 82 LDA $8269,Y @ $8269 = #$97
f1479   c44018214    i49135792    A:97 X:03 Y:00 S:D9 P:NvUbdIzc  $06:825F: 85 F9    STA $F9 = #$7D
f1479   c44018217    i49135793    A:97 X:03 Y:00 S:D9 P:NvUbdIzc  $06:8261: B9 6A 82 LDA $826A,Y @ $826A = #$82
f1479   c44018221    i49135794    A:82 X:03 Y:00 S:D9 P:NvUbdIzc  $06:8264: 85 FA    STA $FA = #$82
f1479   c44018224    i49135795    A:82 X:03 Y:00 S:D9 P:NvUbdIzc  $06:8266: 6C F9 00 JMP ($00F9) = $8297
f1479   c44018229    i49135796    A:82 X:03 Y:00 S:D9 P:NvUbdIzc  $06:8297: BD B7 07 LDA $07B7,X @ $07BA = #$E2
f1479   c44018233    i49135797    A:E2 X:03 Y:00 S:D9 P:NvUbdIzc  $06:829A: A0 07    LDY #$07
f1479   c44018235    i49135798    A:E2 X:03 Y:07 S:D9 P:nvUbdIzc  $06:829C: 91 F0    STA ($F0),Y @ $076E = #$E3
f1479   c44018241    i49135799    A:E2 X:03 Y:07 S:D9 P:nvUbdIzc  $06:829E: BD BF 07 LDA $07BF,X @ $07C2 = #$80
f1479   c44018245    i49135800    A:80 X:03 Y:07 S:D9 P:NvUbdIzc  $06:82A1: C8       INY
f1479   c44018247    i49135801    A:80 X:03 Y:08 S:D9 P:nvUbdIzc  $06:82A2: 91 F0    STA ($F0),Y @ $076F = #$80
f1479   c44018253    i49135802    A:80 X:03 Y:08 S:D9 P:nvUbdIzc  $06:82A4: BD C7 07 LDA $07C7,X @ $07CA = #$00
f1479   c44018257    i49135803    A:00 X:03 Y:08 S:D9 P:nvUbdIZc  $06:82A7: 18       CLC
f1479   c44018259    i49135804    A:00 X:03 Y:08 S:D9 P:nvUbdIZc  $06:82A8: 69 01    ADC #$01
f1479   c44018261    i49135805    A:01 X:03 Y:08 S:D9 P:nvUbdIzc  $06:82AA: C9 0A    CMP #$0A
f1479   c44018263    i49135806    A:01 X:03 Y:08 S:D9 P:NvUbdIzc  $06:82AC: D0 02    BNE $82B0
f1479   c44018266    i49135807    A:01 X:03 Y:08 S:D9 P:NvUbdIzc  $06:82B0: 9D C7 07 STA $07C7,X @ $07CA = #$00
f1479   c44018271    i49135808    A:01 X:03 Y:08 S:D9 P:NvUbdIzc  $06:82B3: 60       RTS (from $81DB)
f1479   c44018277    i49135809    A:01 X:03 Y:08 S:DB P:NvUbdIzc  $06:810C: 18       CLC
f1479   c44018279    i49135810    A:01 X:03 Y:08 S:DB P:NvUbdIzc  $06:810D: A9 10    LDA #$10
f1479   c44018281    i49135811    A:10 X:03 Y:08 S:DB P:nvUbdIzc  $06:810F: 65 F0    ADC $F0 = #$67
f1479   c44018284    i49135812    A:77 X:03 Y:08 S:DB P:nvUbdIzc  $06:8111: 85 F0    STA $F0 = #$67
f1479   c44018287    i49135813    A:77 X:03 Y:08 S:DB P:nvUbdIzc  $06:8113: A9 04    LDA #$04
f1479   c44018289    i49135814    A:04 X:03 Y:08 S:DB P:nvUbdIzc  $06:8115: 65 F2    ADC $F2 = #$10
f1479   c44018292    i49135815    A:14 X:03 Y:08 S:DB P:nvUbdIzc  $06:8117: 85 F2    STA $F2 = #$10
f1479   c44018295    i49135816    A:14 X:03 Y:08 S:DB P:nvUbdIzc  $06:8119: C6 F3    DEC $F3 = #$04
f1479   c44018300    i49135817    A:14 X:03 Y:08 S:DB P:nvUbdIzc  $06:811B: D0 AD    BNE $80CA
f1479   c44018304    i49135818    A:14 X:03 Y:08 S:DB P:nvUbdIzc  $06:80CA: AD 06 07 LDA $0706 = #$87
f1479   c44018308    i49135819    A:87 X:03 Y:08 S:DB P:NvUbdIzc  $06:80CD: 4A       LSR
f1479   c44018310    i49135820    A:43 X:03 Y:08 S:DB P:nvUbdIzC  $06:80CE: 90 02    BCC $80D2
f1479   c44018312    i49135821    A:43 X:03 Y:08 S:DB P:nvUbdIzC  $06:80D0: 09 80    ORA #$80
f1479   c44020459    i49136500    A:30 X:3B Y:03 S:4A P:nvUbdizc  $00:9AA8: B9 2A 06 LDA $062A,Y @ $062D = #$30
f1479   c44020463    i49136501    A:30 X:3B Y:03 S:4A P:nvUbdizc  $00:9AAB: 29 0F    AND #$0F
f1479   c44020465    i49136502    A:00 X:3B Y:03 S:4A P:nvUbdiZc  $00:9AAD: 05 E6    ORA $E6 = #$30
f1479   c44020468    i49136503    A:30 X:3B Y:03 S:4A P:nvUbdizc  $00:9AAF: A6 E7    LDX $E7 = #$06
f1479   c44020471    i49136504    A:30 X:06 Y:03 S:4A P:nvUbdizc  $00:9AB1: 9D E8 05 STA $05E8,X @ $05EE = #$30
f1479   c44020476    i49136505    A:30 X:06 Y:03 S:4A P:nvUbdizc  $00:9AB4: E6 E7    INC $E7 = #$06
f1479   c44020481    i49136506    A:30 X:06 Y:03 S:4A P:nvUbdizc  $00:9AB6: C8       INY
f1479   c44020483    i49136507    A:30 X:06 Y:04 S:4A P:nvUbdizc  $00:9AB7: 60       RTS (from $9AA2)
f1479   c44020489    i49136508    A:30 X:06 Y:04 S:4C P:nvUbdizc  $00:9A89: C0 10    CPY #$10
f1479   c44020491    i49136509    A:30 X:06 Y:04 S:4C P:NvUbdizc  $00:9A8B: D0 F1    BNE $9A7E
f1479   c44020494    i49136510    A:30 X:06 Y:04 S:4C P:NvUbdizc  $00:9A7E: B9 2A 06 LDA $062A,Y @ $062E = #$0F
f1479   c44020498    i49136511    A:0F X:06 Y:04 S:4C P:nvUbdizc  $00:9A81: 29 30    AND #$30
f1479   c44020500    i49136512    A:00 X:06 Y:04 S:4C P:nvUbdiZc  $00:9A83: 18       CLC
f1479   c44020502    i49136513    A:00 X:06 Y:04 S:4C P:nvUbdiZc  $00:9A84: 65 4A    ADC $4A = #$0B
f1479   c44020505    i49136514    A:0B X:06 Y:04 S:4C P:nvUbdizc  $00:9A86: 20 A2 9A JSR $9AA2
f1479   c44020511    i49136515    A:0B X:06 Y:04 S:4A P:nvUbdizc  $00:9AA2: AA       TAX
f1479   c44020513    i49136516    A:0B X:0B Y:04 S:4A P:nvUbdizc  $00:9AA3: BD A2 9E LDA $9EA2,X @ $9EAD = #$00
f1479   c44020517    i49136517    A:00 X:0B Y:04 S:4A P:nvUbdiZc  $00:9AA6: 85 E6    STA $E6 = #$30
f1479   c44020520    i49136518    A:00 X:0B Y:04 S:4A P:nvUbdiZc  $00:9AA8: B9 2A 06 LDA $062A,Y @ $062E = #$0F
f1479   c44020524    i49136519    A:0F X:0B Y:04 S:4A P:nvUbdizc  $00:9AAB: 29 0F    AND #$0F
f1479   c44020526    i49136520    A:0F X:0B Y:04 S:4A P:nvUbdizc  $00:9AAD: 05 E6    ORA $E6 = #$00
f1479   c44020529    i49136521    A:0F X:0B Y:04 S:4A P:nvUbdizc  $00:9AAF: A6 E7    LDX $E7 = #$07
f1479   c44020532    i49136522    A:0F X:07 Y:04 S:4A P:nvUbdizc  $00:9AB1: 9D E8 05 STA $05E8,X @ $05EF = #$0F
f1479   c44020537    i49136523    A:0F X:07 Y:04 S:4A P:nvUbdizc  $00:9AB4: E6 E7    INC $E7 = #$07
f1479   c44020542    i49136524    A:0F X:07 Y:04 S:4A P:nvUbdizc  $00:9AB6: C8       INY
f1479   c44020544    i49136525    A:0F X:07 Y:05 S:4A P:nvUbdizc  $00:9AB7: 60       RTS (from $9AA2)
f1479   c44020550    i49136526    A:0F X:07 Y:05 S:4C P:nvUbdizc  $00:9A89: C0 10    CPY #$10
f1479   c44020552    i49136527    A:0F X:07 Y:05 S:4C P:NvUbdizc  $00:9A8B: D0 F1    BNE $9A7E
f1479   c44020555    i49136528    A:0F X:07 Y:05 S:4C P:NvUbdizc  $00:9A7E: B9 2A 06 LDA $062A,Y @ $062F = #$36
f1479   c44020559    i49136529    A:36 X:07 Y:05 S:4C P:nvUbdizc  $00:9A81: 29 30    AND #$30
f1479   c44020561    i49136530    A:30 X:07 Y:05 S:4C P:nvUbdizc  $00:9A83: 18       CLC
f1479   c44020563    i49136531    A:30 X:07 Y:05 S:4C P:nvUbdizc  $00:9A84: 65 4A    ADC $4A = #$0B
f1479   c44020566    i49136532    A:3B X:07 Y:05 S:4C P:nvUbdizc  $00:9A86: 20 A2 9A JSR $9AA2
f1479   c44020572    i49136533    A:3B X:07 Y:05 S:4A P:nvUbdizc  $00:9AA2: AA       TAX
f1479   c44020574    i49136534    A:3B X:3B Y:05 S:4A P:nvUbdizc  $00:9AA3: BD A2 9E LDA $9EA2,X @ $9EDD = #$30
f1479   c44020578    i49136535    A:30 X:3B Y:05 S:4A P:nvUbdizc  $00:9AA6: 85 E6    STA $E6 = #$00
f1479   c44020581    i49136536    A:30 X:3B Y:05 S:4A P:nvUbdizc  $00:9AA8: B9 2A 06 LDA $062A,Y @ $062F = #$36
f1479   c44020585    i49136537    A:36 X:3B Y:05 S:4A P:nvUbdizc  $00:9AAB: 29 0F    AND #$0F
f1479   c44020587    i49136538    A:06 X:3B Y:05 S:4A P:nvUbdizc  $00:9AAD: 05 E6    ORA $E6 = #$30
f1479   c44020590    i49136539    A:36 X:3B Y:05 S:4A P:nvUbdizc  $00:9AAF: A6 E7    LDX $E7 = #$08
f1479   c44020593    i49136540    A:36 X:08 Y:05 S:4A P:nvUbdizc  $00:9AB1: 9D E8 05 STA $05E8,X @ $05F0 = #$36
f1483   c44139717    i49174536    A:30 X:37 Y:05 S:4A P:nvUbdizc  $00:9AA8: B9 2A 06 LDA $062A,Y @ $062F = #$36
f1483   c44139721    i49174537    A:36 X:37 Y:05 S:4A P:nvUbdizc  $00:9AAB: 29 0F    AND #$0F
f1483   c44139723    i49174538    A:06 X:37 Y:05 S:4A P:nvUbdizc  $00:9AAD: 05 E6    ORA $E6 = #$30
f1483   c44139726    i49174539    A:36 X:37 Y:05 S:4A P:nvUbdizc  $00:9AAF: A6 E7    LDX $E7 = #$08
f1483   c44139729    i49174540    A:36 X:08 Y:05 S:4A P:nvUbdizc  $00:9AB1: 9D E8 05 STA $05E8,X @ $05F0 = #$36
f1483   c44139734    i49174541    A:36 X:08 Y:05 S:4A P:nvUbdizc  $00:9AB4: E6 E7    INC $E7 = #$08
f1483   c44139739    i49174542    A:36 X:08 Y:05 S:4A P:nvUbdizc  $00:9AB6: C8       INY
f1483   c44139741    i49174543    A:36 X:08 Y:06 S:4A P:nvUbdizc  $00:9AB7: 60       RTS (from $9AA2)
f1483   c44139747    i49174544    A:36 X:08 Y:06 S:4C P:nvUbdizc  $00:9A89: C0 10    CPY #$10
f1483   c44139749    i49174545    A:36 X:08 Y:06 S:4C P:NvUbdizc  $00:9A8B: D0 F1    BNE $9A7E
f1483   c44139752    i49174546    A:36 X:08 Y:06 S:4C P:NvUbdizc  $00:9A7E: B9 2A 06 LDA $062A,Y @ $0630 = #$25
f1483   c44139756    i49174547    A:25 X:08 Y:06 S:4C P:nvUbdizc  $00:9A81: 29 30    AND #$30
f1483   c44139758    i49174548    A:20 X:08 Y:06 S:4C P:nvUbdizc  $00:9A83: 18       CLC
f1483   c44139760    i49174549    A:20 X:08 Y:06 S:4C P:nvUbdizc  $00:9A84: 65 4A    ADC $4A = #$07
f1483   c44139763    i49174550    A:27 X:08 Y:06 S:4C P:nvUbdizc  $00:9A86: 20 A2 9A JSR $9AA2
f1483   c44139769    i49174551    A:27 X:08 Y:06 S:4A P:nvUbdizc  $00:9AA2: AA       TAX
f1483   c44139771    i49174552    A:27 X:27 Y:06 S:4A P:nvUbdizc  $00:9AA3: BD A2 9E LDA $9EA2,X @ $9EC9 = #$20
f1483   c44139775    i49174553    A:20 X:27 Y:06 S:4A P:nvUbdizc  $00:9AA6: 85 E6    STA $E6 = #$30
f1483   c44139778    i49174554    A:20 X:27 Y:06 S:4A P:nvUbdizc  $00:9AA8: B9 2A 06 LDA $062A,Y @ $0630 = #$25
f1483   c44139782    i49174555    A:25 X:27 Y:06 S:4A P:nvUbdizc  $00:9AAB: 29 0F    AND #$0F
f1483   c44139784    i49174556    A:05 X:27 Y:06 S:4A P:nvUbdizc  $00:9AAD: 05 E6    ORA $E6 = #$20
f1483   c44139787    i49174557    A:25 X:27 Y:06 S:4A P:nvUbdizc  $00:9AAF: A6 E7    LDX $E7 = #$09
f1483   c44139790    i49174558    A:25 X:09 Y:06 S:4A P:nvUbdizc  $00:9AB1: 9D E8 05 STA $05E8,X @ $05F1 = #$25
f1483   c44139795    i49174559    A:25 X:09 Y:06 S:4A P:nvUbdizc  $00:9AB4: E6 E7    INC $E7 = #$09
f1483   c44139800    i49174560    A:25 X:09 Y:06 S:4A P:nvUbdizc  $00:9AB6: C8       INY
f1483   c44139802    i49174561    A:25 X:09 Y:07 S:4A P:nvUbdizc  $00:9AB7: 60       RTS (from $9AA2)
f1483   c44139808    i49174562    A:25 X:09 Y:07 S:4C P:nvUbdizc  $00:9A89: C0 10    CPY #$10
f1483   c44139810    i49174563    A:25 X:09 Y:07 S:4C P:NvUbdizc  $00:9A8B: D0 F1    BNE $9A7E
f1483   c44139813    i49174564    A:25 X:09 Y:07 S:4C P:NvUbdizc  $00:9A7E: B9 2A 06 LDA $062A,Y @ $0631 = #$30
f1483   c44139817    i49174565    A:30 X:09 Y:07 S:4C P:nvUbdizc  $00:9A81: 29 30    AND #$30
f1483   c44139819    i49174566    A:30 X:09 Y:07 S:4C P:nvUbdizc  $00:9A83: 18       CLC
f1483   c44139821    i49174567    A:30 X:09 Y:07 S:4C P:nvUbdizc  $00:9A84: 65 4A    ADC $4A = #$07
f1483   c44139824    i49174568    A:37 X:09 Y:07 S:4C P:nvUbdizc  $00:9A86: 20 A2 9A JSR $9AA2
f1483   c44139830    i49174569    A:37 X:09 Y:07 S:4A P:nvUbdizc  $00:9AA2: AA       TAX
f1483   c44139832    i49174570    A:37 X:37 Y:07 S:4A P:nvUbdizc  $00:9AA3: BD A2 9E LDA $9EA2,X @ $9ED9 = #$30
f1483   c44139836    i49174571    A:30 X:37 Y:07 S:4A P:nvUbdizc  $00:9AA6: 85 E6    STA $E6 = #$20
f1483   c44139839    i49174572    A:30 X:37 Y:07 S:4A P:nvUbdizc  $00:9AA8: B9 2A 06 LDA $062A,Y @ $0631 = #$30
f1483   c44139843    i49174573    A:30 X:37 Y:07 S:4A P:nvUbdizc  $00:9AAB: 29 0F    AND #$0F
f1483   c44139845    i49174574    A:00 X:37 Y:07 S:4A P:nvUbdiZc  $00:9AAD: 05 E6    ORA $E6 = #$30
f1483   c44139848    i49174575    A:30 X:37 Y:07 S:4A P:nvUbdizc  $00:9AAF: A6 E7    LDX $E7 = #$0A
f1483   c44139851    i49174576    A:30 X:0A Y:07 S:4A P:nvUbdizc  $00:9AB1: 9D E8 05 STA $05E8,X @ $05F2 = #$30
f1487   c44256961    i49211953    A:BF X:1C Y:01 S:D9 P:NvUbdIzC  $06:83DC: 85 F5    STA $F5 = #$00
f1487   c44256964    i49211954    A:BF X:1C Y:01 S:D9 P:NvUbdIzC  $06:83DE: 88       DEY
f1487   c44256966    i49211955    A:BF X:1C Y:00 S:D9 P:nvUbdIZC  $06:83DF: B1 F4    LDA ($F4),Y @ $BF72 = #$FA
f1487   c44256971    i49211956    A:FA X:1C Y:00 S:D9 P:NvUbdIzC  $06:83E1: 10 21    BPL $8404
f1487   c44256973    i49211957    A:FA X:1C Y:00 S:D9 P:NvUbdIzC  $06:83E3: C8       INY
f1487   c44256975    i49211958    A:FA X:1C Y:01 S:D9 P:nvUbdIzC  $06:83E4: C9 E0    CMP #$E0
f1487   c44256977    i49211959    A:FA X:1C Y:01 S:D9 P:nvUbdIzC  $06:83E6: 90 05    BCC $83ED
f1487   c44256979    i49211960    A:FA X:1C Y:01 S:D9 P:nvUbdIzC  $06:83E8: 20 C9 84 JSR $84C9
f1487   c44256985    i49211961    A:FA X:1C Y:01 S:D7 P:nvUbdIzC  $06:84C9: 29 1F    AND #$1F
f1487   c44256987    i49211962    A:1A X:1C Y:01 S:D7 P:nvUbdIzC  $06:84CB: 0A       ASL
f1487   c44256989    i49211963    A:34 X:1C Y:01 S:D7 P:nvUbdIzc  $06:84CC: AA       TAX
f1487   c44256991    i49211964    A:34 X:34 Y:01 S:D7 P:nvUbdIzc  $06:84CD: BD DA 84 LDA $84DA,X @ $850E = #$B8
f1487   c44256996    i49211965    A:B8 X:34 Y:01 S:D7 P:NvUbdIzc  $06:84D0: 85 F6    STA $F6 = #$00
f1487   c44256999    i49211966    A:B8 X:34 Y:01 S:D7 P:NvUbdIzc  $06:84D2: BD DB 84 LDA $84DB,X @ $850F = #$86
f1487   c44257004    i49211967    A:86 X:34 Y:01 S:D7 P:NvUbdIzc  $06:84D5: 85 F7    STA $F7 = #$00
f1487   c44257007    i49211968    A:86 X:34 Y:01 S:D7 P:NvUbdIzc  $06:84D7: 6C F6 00 JMP ($00F6) = $86B8
f1487   c44257012    i49211969    A:86 X:34 Y:01 S:D7 P:NvUbdIzc  $06:86B8: A9 0F    LDA #$0F
f1487   c44257014    i49211970    A:0F X:34 Y:01 S:D7 P:nvUbdIzc  $06:86BA: 8D 15 40 STA $4015 = #$0F
f1487   c44257018    i49211971    A:0F X:34 Y:01 S:D7 P:nvUbdIzc  $06:86BD: AD E8 07 LDA $07E8 = #$00
f1487   c44257022    i49211972    A:00 X:34 Y:01 S:D7 P:nvUbdIZc  $06:86C0: D0 14    BNE $86D6
f1487   c44257024    i49211973    A:00 X:34 Y:01 S:D7 P:nvUbdIZc  $06:86C2: A9 0F    LDA #$0F
f1487   c44257026    i49211974    A:0F X:34 Y:01 S:D7 P:nvUbdIzc  $06:86C4: 8D 10 40 STA $4010 = #$0F
f1487   c44257030    i49211975    A:0F X:34 Y:01 S:D7 P:nvUbdIzc  $06:86C7: A9 03    LDA #$03
f1487   c44257032    i49211976    A:03 X:34 Y:01 S:D7 P:nvUbdIzc  $06:86C9: 8D 12 40 STA $4012 = #$03
f1487   c44257036    i49211977    A:03 X:34 Y:01 S:D7 P:nvUbdIzc  $06:86CC: A9 20    LDA #$20
f1487   c44257038    i49211978    A:20 X:34 Y:01 S:D7 P:nvUbdIzc  $06:86CE: 8D 13 40 STA $4013 = #$20
f1487   c44257042    i49211979    A:20 X:34 Y:01 S:D7 P:nvUbdIzc  $06:86D1: A9 1F    LDA #$1F
f1487   c44257044    i49211980    A:1F X:34 Y:01 S:D7 P:nvUbdIzc  $06:86D3: 8D 15 40 STA $4015 = #$0F
f1487   c44257048    i49211981    A:1F X:34 Y:01 S:D7 P:nvUbdIzc  $06:86D6: 60       RTS (from $84C9)
f1487   c44257058    i49211982    A:1F X:34 Y:01 S:D9 P:nvUbdIzc  $06:83EB: 10 F2    BPL $83DF
f1487   c44257061    i49211983    A:1F X:34 Y:01 S:D9 P:nvUbdIzc  $06:83DF: B1 F4    LDA ($F4),Y @ $BF73 = #$05
f1487   c44257066    i49211984    A:05 X:34 Y:01 S:D9 P:nvUbdIzc  $06:83E1: 10 21    BPL $8404
f1487   c44257070    i49211985    A:05 X:34 Y:01 S:D9 P:nvUbdIzc  $06:8404: C8       INY
f1487   c44257072    i49211986    A:05 X:34 Y:02 S:D9 P:nvUbdIzc  $06:8405: 48       PHA
f1487   c44257075    i49211987    A:05 X:34 Y:02 S:D8 P:nvUbdIzc  $06:8406: 98       TYA
f1487   c44257077    i49211988    A:02 X:34 Y:02 S:D8 P:nvUbdIzc  $06:8407: A0 00    LDY #$00
f1487   c44257079    i49211989    A:02 X:34 Y:00 S:D8 P:nvUbdIZc  $06:8409: 18       CLC
f1487   c44257081    i49211990    A:02 X:34 Y:00 S:D8 P:nvUbdIZc  $06:840A: 65 F4    ADC $F4 = #$72
f1487   c44257084    i49211991    A:74 X:34 Y:00 S:D8 P:nvUbdIzc  $06:840C: 91 F0    STA ($F0),Y @ $0797 = #$72
f1487   c44257094    i49211992    A:74 X:34 Y:00 S:D8 P:nvUbdIzc  $06:840E: C8       INY
f1487   c44257096    i49211993    A:74 X:34 Y:01 S:D8 P:nvUbdIzc  $06:840F: A9 00    LDA #$00
f1487   c44257098    i49211994    A:00 X:34 Y:01 S:D8 P:nvUbdIZc  $06:8411: 65 F5    ADC $F5 = #$BF
