f1497   c44553759    i49305731    A:00 X:01 Y:07 S:DB P:nvUbdIzc  $01:A0ED: BD 15 40 LDA $4015,X @ $4016 = #$00
f1497   c44553763    i49305732    A:40 X:01 Y:07 S:DB P:nvUbdIzc  $01:A0F0: 4A       LSR
f1497   c44553765    i49305733    A:20 X:01 Y:07 S:DB P:nvUbdIzc  $01:A0F1: 26 3F    ROL $3F = #$00
f1497   c44553770    i49305734    A:20 X:01 Y:07 S:DB P:nvUbdIZc  $01:A0F3: 29 01    AND #$01
f1497   c44553772    i49305735    A:00 X:01 Y:07 S:DB P:nvUbdIZc  $01:A0F5: 05 3F    ORA $3F = #$00
f1497   c44553775    i49305736    A:00 X:01 Y:07 S:DB P:nvUbdIZc  $01:A0F7: 85 3F    STA $3F = #$00
f1497   c44553778    i49305737    A:00 X:01 Y:07 S:DB P:nvUbdIZc  $01:A0F9: 88       DEY
f1497   c44553780    i49305738    A:00 X:01 Y:06 S:DB P:nvUbdIzc  $01:A0FA: D0 F1    BNE $A0ED
f1497   c44553783    i49305739    A:00 X:01 Y:06 S:DB P:nvUbdIzc  $01:A0ED: BD 15 40 LDA $4015,X @ $4016 = #$00
f1497   c44553787    i49305740    A:40 X:01 Y:06 S:DB P:nvUbdIzc  $01:A0F0: 4A       LSR
f1497   c44553789    i49305741    A:20 X:01 Y:06 S:DB P:nvUbdIzc  $01:A0F1: 26 3F    ROL $3F = #$00
f1497   c44553794    i49305742    A:20 X:01 Y:06 S:DB P:nvUbdIZc  $01:A0F3: 29 01    AND #$01
f1497   c44553796    i49305743    A:00 X:01 Y:06 S:DB P:nvUbdIZc  $01:A0F5: 05 3F    ORA $3F = #$00
f1497   c44553799    i49305744    A:00 X:01 Y:06 S:DB P:nvUbdIZc  $01:A0F7: 85 3F    STA $3F = #$00
f1497   c44553802    i49305745    A:00 X:01 Y:06 S:DB P:nvUbdIZc  $01:A0F9: 88       DEY
f1497   c44553804    i49305746    A:00 X:01 Y:05 S:DB P:nvUbdIzc  $01:A0FA: D0 F1    BNE $A0ED
f1497   c44553807    i49305747    A:00 X:01 Y:05 S:DB P:nvUbdIzc  $01:A0ED: BD 15 40 LDA $4015,X @ $4016 = #$00
f1497   c44553811    i49305748    A:40 X:01 Y:05 S:DB P:nvUbdIzc  $01:A0F0: 4A       LSR
f1497   c44553813    i49305749    A:20 X:01 Y:05 S:DB P:nvUbdIzc  $01:A0F1: 26 3F    ROL $3F = #$00
f1497   c44553818    i49305750    A:20 X:01 Y:05 S:DB P:nvUbdIZc  $01:A0F3: 29 01    AND #$01
f1497   c44553820    i49305751    A:00 X:01 Y:05 S:DB P:nvUbdIZc  $01:A0F5: 05 3F    ORA $3F = #$00
f1497   c44553823    i49305752    A:00 X:01 Y:05 S:DB P:nvUbdIZc  $01:A0F7: 85 3F    STA $3F = #$00
f1497   c44553826    i49305753    A:00 X:01 Y:05 S:DB P:nvUbdIZc  $01:A0F9: 88       DEY
f1497   c44553828    i49305754    A:00 X:01 Y:04 S:DB P:nvUbdIzc  $01:A0FA: D0 F1    BNE $A0ED
f1497   c44553831    i49305755    A:00 X:01 Y:04 S:DB P:nvUbdIzc  $01:A0ED: BD 15 40 LDA $4015,X @ $4016 = #$00
f1497   c44553835    i49305756    A:40 X:01 Y:04 S:DB P:nvUbdIzc  $01:A0F0: 4A       LSR
f1497   c44553837    i49305757    A:20 X:01 Y:04 S:DB P:nvUbdIzc  $01:A0F1: 26 3F    ROL $3F = #$00
f1497   c44553842    i49305758    A:20 X:01 Y:04 S:DB P:nvUbdIZc  $01:A0F3: 29 01    AND #$01
f1497   c44553844    i49305759    A:00 X:01 Y:04 S:DB P:nvUbdIZc  $01:A0F5: 05 3F    ORA $3F = #$00
f1497   c44553847    i49305760    A:00 X:01 Y:04 S:DB P:nvUbdIZc  $01:A0F7: 85 3F    STA $3F = #$00
f1497   c44553850    i49305761    A:00 X:01 Y:04 S:DB P:nvUbdIZc  $01:A0F9: 88       DEY
f1497   c44553852    i49305762    A:00 X:01 Y:03 S:DB P:nvUbdIzc  $01:A0FA: D0 F1    BNE $A0ED
f1497   c44553855    i49305763    A:00 X:01 Y:03 S:DB P:nvUbdIzc  $01:A0ED: BD 15 40 LDA $4015,X @ $4016 = #$00
f1497   c44553859    i49305764    A:40 X:01 Y:03 S:DB P:nvUbdIzc  $01:A0F0: 4A       LSR
f1497   c44553861    i49305765    A:20 X:01 Y:03 S:DB P:nvUbdIzc  $01:A0F1: 26 3F    ROL $3F = #$00
f1497   c44553866    i49305766    A:20 X:01 Y:03 S:DB P:nvUbdIZc  $01:A0F3: 29 01    AND #$01
f1497   c44553868    i49305767    A:00 X:01 Y:03 S:DB P:nvUbdIZc  $01:A0F5: 05 3F    ORA $3F = #$00
f1497   c44553875    i49305768    A:00 X:01 Y:03 S:DB P:nvUbdIZc  $01:A0F7: 85 3F    STA $3F = #$00
f1497   c44553878    i49305769    A:00 X:01 Y:03 S:DB P:nvUbdIZc  $01:A0F9: 88       DEY
f1497   c44553880    i49305770    A:00 X:01 Y:02 S:DB P:nvUbdIzc  $01:A0FA: D0 F1    BNE $A0ED
f1497   c44553883    i49305771    A:00 X:01 Y:02 S:DB P:nvUbdIzc  $01:A0ED: BD 15 40 LDA $4015,X @ $4016 = #$00
f1497   c44553887    i49305772    A:40 X:01 Y:02 S:DB P:nvUbdIzc  $01:A0F0: 4A       LSR
f1498   c44582590    i49314826    A:01 X:1C Y:01 S:DB P:nvUbdIzC  $01:A036: BD EB 05 LDA $05EB,X @ $0607 = #$01
f1498   c44582595    i49314827    A:01 X:1C Y:01 S:DB P:nvUbdIzC  $01:A039: 8D 07 20 STA $2007 = #$00
f1498   c44582599    i49314828    A:01 X:1C Y:01 S:DB P:nvUbdIzC  $01:A03C: E8       INX
f1498   c44582601    i49314829    A:01 X:1D Y:01 S:DB P:nvUbdIzC  $01:A03D: 88       DEY
f1498   c44582603    i49314830    A:01 X:1D Y:00 S:DB P:nvUbdIZC  $01:A03E: D0 F6    BNE $A036
f1498   c44582605    i49314831    A:01 X:1D Y:00 S:DB P:nvUbdIZC  $01:A040: E8       INX
f1498   c44582607    i49314832    A:01 X:1E Y:00 S:DB P:nvUbdIzC  $01:A041: E8       INX
f1498   c44582609    i49314833    A:01 X:1F Y:00 S:DB P:nvUbdIzC  $01:A042: E8       INX
f1498   c44582611    i49314834    A:01 X:20 Y:00 S:DB P:nvUbdIzC  $01:A043: BD E8 05 LDA $05E8,X @ $0608 = #$04
f1498   c44582616    i49314835    A:04 X:20 Y:00 S:DB P:nvUbdIzC  $01:A046: D0 D3    BNE $A01B
f1498   c44582619    i49314836    A:04 X:20 Y:00 S:DB P:nvUbdIzC  $01:A01B: A0 80    LDY #$80
f1498   c44582621    i49314837    A:04 X:20 Y:80 S:DB P:NvUbdIzC  $01:A01D: BD E8 05 LDA $05E8,X @ $0608 = #$04
f1498   c44582626    i49314838    A:04 X:20 Y:80 S:DB P:nvUbdIzC  $01:A020: 10 04    BPL $A026
f1498   c44582629    i49314839    A:04 X:20 Y:80 S:DB P:nvUbdIzC  $01:A026: 8C 00 20 STY $2000 = #$80
f1498   c44582633    i49314840    A:04 X:20 Y:80 S:DB P:nvUbdIzC  $01:A029: A8       TAY
f1498   c44582635    i49314841    A:04 X:20 Y:04 S:DB P:nvUbdIzC  $01:A02A: BD EA 05 LDA $05EA,X @ $060A = #$25
f1498   c44582640    i49314842    A:25 X:20 Y:04 S:DB P:nvUbdIzC  $01:A02D: 8D 06 20 STA $2006 = #$50
f1498   c44582644    i49314843    A:25 X:20 Y:04 S:DB P:nvUbdIzC  $01:A030: BD E9 05 LDA $05E9,X @ $0609 = #$6C
f1498   c44582649    i49314844    A:6C X:20 Y:04 S:DB P:nvUbdIzC  $01:A033: 8D 06 20 STA $2006 = #$50
f1498   c44582653    i49314845    A:6C X:20 Y:04 S:DB P:nvUbdIzC  $01:A036: BD EB 05 LDA $05EB,X @ $060B = #$01
f1498   c44582658    i49314846    A:01 X:20 Y:04 S:DB P:nvUbdIzC  $01:A039: 8D 07 20 STA $2007 = #$00
f1498   c44582662    i49314847    A:01 X:20 Y:04 S:DB P:nvUbdIzC  $01:A03C: E8       INX
f1498   c44582664    i49314848    A:01 X:21 Y:04 S:DB P:nvUbdIzC  $01:A03D: 88       DEY
f1498   c44582666    i49314849    A:01 X:21 Y:03 S:DB P:nvUbdIzC  $01:A03E: D0 F6    BNE $A036
f1498   c44582669    i49314850    A:01 X:21 Y:03 S:DB P:nvUbdIzC  $01:A036: BD EB 05 LDA $05EB,X @ $060C = #$01
f1498   c44582674    i49314851    A:01 X:21 Y:03 S:DB P:nvUbdIzC  $01:A039: 8D 07 20 STA $2007 = #$00
f1498   c44582678    i49314852    A:01 X:21 Y:03 S:DB P:nvUbdIzC  $01:A03C: E8       INX
f1498   c44582680    i49314853    A:01 X:22 Y:03 S:DB P:nvUbdIzC  $01:A03D: 88       DEY
f1498   c44582682    i49314854    A:01 X:22 Y:02 S:DB P:nvUbdIzC  $01:A03E: D0 F6    BNE $A036
f1498   c44582685    i49314855    A:01 X:22 Y:02 S:DB P:nvUbdIzC  $01:A036: BD EB 05 LDA $05EB,X @ $060D = #$01
f1498   c44582690    i49314856    A:01 X:22 Y:02 S:DB P:nvUbdIzC  $01:A039: 8D 07 20 STA $2007 = #$00
f1498   c44582694    i49314857    A:01 X:22 Y:02 S:DB P:nvUbdIzC  $01:A03C: E8       INX
f1498   c44582696    i49314858    A:01 X:23 Y:02 S:DB P:nvUbdIzC  $01:A03D: 88       DEY
f1498   c44582698    i49314859    A:01 X:23 Y:01 S:DB P:nvUbdIzC  $01:A03E: D0 F6    BNE $A036
f1498   c44582701    i49314860    A:01 X:23 Y:01 S:DB P:nvUbdIzC  $01:A036: BD EB 05 LDA $05EB,X @ $060E = #$01
f1498   c44582706    i49314861    A:01 X:23 Y:01 S:DB P:nvUbdIzC  $01:A039: 8D 07 20 STA $2007 = #$00
f1498   c44582710    i49314862    A:01 X:23 Y:01 S:DB P:nvUbdIzC  $01:A03C: E8       INX
f1498   c44582712    i49314863    A:01 X:24 Y:01 S:DB P:nvUbdIzC  $01:A03D: 88       DEY
f1498   c44582714    i49314864    A:01 X:24 Y:00 S:DB P:nvUbdIZC  $01:A03E: D0 F6    BNE $A036
f1498   c44582716    i49314865    A:01 X:24 Y:00 S:DB P:nvUbdIZC  $01:A040: E8       INX
f1498   c44582718    i49314866    A:01 X:25 Y:00 S:DB P:nvUbdIzC  $01:A041: E8       INX
f1498   c44582720    i49314867    A:01 X:26 Y:00 S:DB P:nvUbdIzC  $01:A042: E8       INX
f1498   c44583538    i49315121    A:00 X:01 Y:07 S:DB P:nvUbdIzc  $01:A0ED: BD 15 40 LDA $4015,X @ $4016 = #$00
f1498   c44583542    i49315122    A:40 X:01 Y:07 S:DB P:nvUbdIzc  $01:A0F0: 4A       LSR
f1498   c44583544    i49315123    A:20 X:01 Y:07 S:DB P:nvUbdIzc  $01:A0F1: 26 3F    ROL $3F = #$00
f1498   c44583549    i49315124    A:20 X:01 Y:07 S:DB P:nvUbdIZc  $01:A0F3: 29 01    AND #$01
f1498   c44583551    i49315125    A:00 X:01 Y:07 S:DB P:nvUbdIZc  $01:A0F5: 05 3F    ORA $3F = #$00
f1498   c44583554    i49315126    A:00 X:01 Y:07 S:DB P:nvUbdIZc  $01:A0F7: 85 3F    STA $3F = #$00
f1498   c44583557    i49315127    A:00 X:01 Y:07 S:DB P:nvUbdIZc  $01:A0F9: 88       DEY
f1498   c44583559    i49315128    A:00 X:01 Y:06 S:DB P:nvUbdIzc  $01:A0FA: D0 F1    BNE $A0ED
f1498   c44583562    i49315129    A:00 X:01 Y:06 S:DB P:nvUbdIzc  $01:A0ED: BD 15 40 LDA $4015,X @ $4016 = #$00
f1498   c44583566    i49315130    A:40 X:01 Y:06 S:DB P:nvUbdIzc  $01:A0F0: 4A       LSR
f1498   c44583568    i49315131    A:20 X:01 Y:06 S:DB P:nvUbdIzc  $01:A0F1: 26 3F    ROL $3F = #$00
f1498   c44583573    i49315132    A:20 X:01 Y:06 S:DB P:nvUbdIZc  $01:A0F3: 29 01    AND #$01
f1498   c44583575    i49315133    A:00 X:01 Y:06 S:DB P:nvUbdIZc  $01:A0F5: 05 3F    ORA $3F = #$00
f1498   c44583578    i49315134    A:00 X:01 Y:06 S:DB P:nvUbdIZc  $01:A0F7: 85 3F    STA $3F = #$00
f1498   c44583581    i49315135    A:00 X:01 Y:06 S:DB P:nvUbdIZc  $01:A0F9: 88       DEY
f1498   c44583583    i49315136    A:00 X:01 Y:05 S:DB P:nvUbdIzc  $01:A0FA: D0 F1    BNE $A0ED
f1498   c44583586    i49315137    A:00 X:01 Y:05 S:DB P:nvUbdIzc  $01:A0ED: BD 15 40 LDA $4015,X @ $4016 = #$00
f1498   c44583590    i49315138    A:40 X:01 Y:05 S:DB P:nvUbdIzc  $01:A0F0: 4A       LSR
f1498   c44583592    i49315139    A:20 X:01 Y:05 S:DB P:nvUbdIzc  $01:A0F1: 26 3F    ROL $3F = #$00
f1498   c44583597    i49315140    A:20 X:01 Y:05 S:DB P:nvUbdIZc  $01:A0F3: 29 01    AND #$01
f1498   c44583599    i49315141    A:00 X:01 Y:05 S:DB P:nvUbdIZc  $01:A0F5: 05 3F    ORA $3F = #$00
f1498   c44583602    i49315142    A:00 X:01 Y:05 S:DB P:nvUbdIZc  $01:A0F7: 85 3F    STA $3F = #$00
f1498   c44583605    i49315143    A:00 X:01 Y:05 S:DB P:nvUbdIZc  $01:A0F9: 88       DEY
f1498   c44583607    i49315144    A:00 X:01 Y:04 S:DB P:nvUbdIzc  $01:A0FA: D0 F1    BNE $A0ED
f1498   c44583610    i49315145    A:00 X:01 Y:04 S:DB P:nvUbdIzc  $01:A0ED: BD 15 40 LDA $4015,X @ $4016 = #$00
f1498   c44583614    i49315146    A:40 X:01 Y:04 S:DB P:nvUbdIzc  $01:A0F0: 4A       LSR
f1498   c44583616    i49315147    A:20 X:01 Y:04 S:DB P:nvUbdIzc  $01:A0F1: 26 3F    ROL $3F = #$00
f1498   c44583621    i49315148    A:20 X:01 Y:04 S:DB P:nvUbdIZc  $01:A0F3: 29 01    AND #$01
f1498   c44583623    i49315149    A:00 X:01 Y:04 S:DB P:nvUbdIZc  $01:A0F5: 05 3F    ORA $3F = #$00
f1498   c44583626    i49315150    A:00 X:01 Y:04 S:DB P:nvUbdIZc  $01:A0F7: 85 3F    STA $3F = #$00
f1498   c44583629    i49315151    A:00 X:01 Y:04 S:DB P:nvUbdIZc  $01:A0F9: 88       DEY
f1498   c44583631    i49315152    A:00 X:01 Y:03 S:DB P:nvUbdIzc  $01:A0FA: D0 F1    BNE $A0ED
f1498   c44583634    i49315153    A:00 X:01 Y:03 S:DB P:nvUbdIzc  $01:A0ED: BD 15 40 LDA $4015,X @ $4016 = #$00
f1498   c44583638    i49315154    A:40 X:01 Y:03 S:DB P:nvUbdIzc  $01:A0F0: 4A       LSR
f1498   c44583640    i49315155    A:20 X:01 Y:03 S:DB P:nvUbdIzc  $01:A0F1: 26 3F    ROL $3F = #$00
f1498   c44583645    i49315156    A:20 X:01 Y:03 S:DB P:nvUbdIZc  $01:A0F3: 29 01    AND #$01
f1498   c44583647    i49315157    A:00 X:01 Y:03 S:DB P:nvUbdIZc  $01:A0F5: 05 3F    ORA $3F = #$00
f1498   c44583650    i49315158    A:00 X:01 Y:03 S:DB P:nvUbdIZc  $01:A0F7: 85 3F    STA $3F = #$00
f1498   c44583653    i49315159    A:00 X:01 Y:03 S:DB P:nvUbdIZc  $01:A0F9: 88       DEY
f1498   c44583655    i49315160    A:00 X:01 Y:02 S:DB P:nvUbdIzc  $01:A0FA: D0 F1    BNE $A0ED
f1498   c44583658    i49315161    A:00 X:01 Y:02 S:DB P:nvUbdIzc  $01:A0ED: BD 15 40 LDA $4015,X @ $4016 = #$00
f1498   c44583662    i49315162    A:40 X:01 Y:02 S:DB P:nvUbdIzc  $01:A0F0: 4A       LSR
f1499   c44613957    i49324720    A:08 X:FF Y:08 S:DB P:nvUbdIzc  $06:8119: C6 F3    DEC $F3 = #$07
f1499   c44613962    i49324721    A:08 X:FF Y:08 S:DB P:nvUbdIzc  $06:811B: D0 AD    BNE $80CA
f1499   c44613966    i49324722    A:08 X:FF Y:08 S:DB P:nvUbdIzc  $06:80CA: AD 06 07 LDA $0706 = #$3C
f1499   c44613970    i49324723    A:3C X:FF Y:08 S:DB P:nvUbdIzc  $06:80CD: 4A       LSR
f1499   c44613972    i49324724    A:1E X:FF Y:08 S:DB P:nvUbdIzc  $06:80CE: 90 02    BCC $80D2
f1499   c44613975    i49324725    A:1E X:FF Y:08 S:DB P:nvUbdIzc  $06:80D2: 8D 06 07 STA $0706 = #$3C
f1499   c44613979    i49324726    A:1E X:FF Y:08 S:DB P:nvUbdIzc  $06:80D5: 90 35    BCC $810C
f1499   c44613983    i49324727    A:1E X:FF Y:08 S:DB P:nvUbdIzc  $06:810C: 18       CLC
f1499   c44613985    i49324728    A:1E X:FF Y:08 S:DB P:nvUbdIzc  $06:810D: A9 10    LDA #$10
f1499   c44613987    i49324729    A:10 X:FF Y:08 S:DB P:nvUbdIzc  $06:810F: 65 F0    ADC $F0 = #$47
f1499   c44613990    i49324730    A:57 X:FF Y:08 S:DB P:nvUbdIzc  $06:8111: 85 F0    STA $F0 = #$47
f1499   c44613993    i49324731    A:57 X:FF Y:08 S:DB P:nvUbdIzc  $06:8113: A9 04    LDA #$04
f1499   c44613995    i49324732    A:04 X:FF Y:08 S:DB P:nvUbdIzc  $06:8115: 65 F2    ADC $F2 = #$08
f1499   c44613998    i49324733    A:0C X:FF Y:08 S:DB P:nvUbdIzc  $06:8117: 85 F2    STA $F2 = #$08
f1499   c44614001    i49324734    A:0C X:FF Y:08 S:DB P:nvUbdIzc  $06:8119: C6 F3    DEC $F3 = #$06
f1499   c44614006    i49324735    A:0C X:FF Y:08 S:DB P:nvUbdIzc  $06:811B: D0 AD    BNE $80CA
f1499   c44614010    i49324736    A:0C X:FF Y:08 S:DB P:nvUbdIzc  $06:80CA: AD 06 07 LDA $0706 = #$1E
f1499   c44614014    i49324737    A:1E X:FF Y:08 S:DB P:nvUbdIzc  $06:80CD: 4A       LSR
f1499   c44614016    i49324738    A:0F X:FF Y:08 S:DB P:nvUbdIzc  $06:80CE: 90 02    BCC $80D2
f1499   c44614019    i49324739    A:0F X:FF Y:08 S:DB P:nvUbdIzc  $06:80D2: 8D 06 07 STA $0706 = #$1E
f1499   c44614023    i49324740    A:0F X:FF Y:08 S:DB P:nvUbdIzc  $06:80D5: 90 35    BCC $810C
f1499   c44614027    i49324741    A:0F X:FF Y:08 S:DB P:nvUbdIzc  $06:810C: 18       CLC
f1499   c44614029    i49324742    A:0F X:FF Y:08 S:DB P:nvUbdIzc  $06:810D: A9 10    LDA #$10
f1499   c44614031    i49324743    A:10 X:FF Y:08 S:DB P:nvUbdIzc  $06:810F: 65 F0    ADC $F0 = #$57
f1499   c44614034    i49324744    A:67 X:FF Y:08 S:DB P:nvUbdIzc  $06:8111: 85 F0    STA $F0 = #$57
f1499   c44614037    i49324745    A:67 X:FF Y:08 S:DB P:nvUbdIzc  $06:8113: A9 04    LDA #$04
f1499   c44614039    i49324746    A:04 X:FF Y:08 S:DB P:nvUbdIzc  $06:8115: 65 F2    ADC $F2 = #$0C
f1499   c44614042    i49324747    A:10 X:FF Y:08 S:DB P:nvUbdIzc  $06:8117: 85 F2    STA $F2 = #$0C
f1499   c44614045    i49324748    A:10 X:FF Y:08 S:DB P:nvUbdIzc  $06:8119: C6 F3    DEC $F3 = #$05
f1499   c44614050    i49324749    A:10 X:FF Y:08 S:DB P:nvUbdIzc  $06:811B: D0 AD    BNE $80CA
f1499   c44614054    i49324750    A:10 X:FF Y:08 S:DB P:nvUbdIzc  $06:80CA: AD 06 07 LDA $0706 = #$0F
f1499   c44614058    i49324751    A:0F X:FF Y:08 S:DB P:nvUbdIzc  $06:80CD: 4A       LSR
f1499   c44614060    i49324752    A:07 X:FF Y:08 S:DB P:nvUbdIzC  $06:80CE: 90 02    BCC $80D2
f1499   c44614062    i49324753    A:07 X:FF Y:08 S:DB P:nvUbdIzC  $06:80D0: 09 80    ORA #$80
f1499   c44614064    i49324754    A:87 X:FF Y:08 S:DB P:NvUbdIzC  $06:80D2: 8D 06 07 STA $0706 = #$0F
f1499   c44614068    i49324755    A:87 X:FF Y:08 S:DB P:NvUbdIzC  $06:80D5: 90 35    BCC $810C
f1499   c44614070    i49324756    A:87 X:FF Y:08 S:DB P:NvUbdIzC  $06:80D7: A6 F2    LDX $F2 = #$10
f1499   c44614073    i49324757    A:87 X:10 Y:08 S:DB P:nvUbdIzC  $06:80D9: DE 07 07 DEC $0707,X @ $0717 = #$03
f1499   c44614080    i49324758    A:87 X:10 Y:08 S:DB P:nvUbdIzC  $06:80DC: D0 03    BNE $80E1
f1499   c44614083    i49324759    A:87 X:10 Y:08 S:DB P:nvUbdIzC  $06:80E1: A6 F2    LDX $F2 = #$10
f1499   c44614086    i49324760    A:87 X:10 Y:08 S:DB P:nvUbdIzC  $06:80E3: DE 09 07 DEC $0709,X @ $0719 = #$02
f1499   c44614093    i49324761    A:87 X:10 Y:08 S:DB P:nvUbdIzC  $06:80E6: D0 21    BNE $8109
f1500   c44642156    i49333606    A:03 X:1C Y:01 S:DB P:nvUbdIzC  $01:A036: BD EB 05 LDA $05EB,X @ $0607 = #$33
f1500   c44642161    i49333607    A:33 X:1C Y:01 S:DB P:nvUbdIzC  $01:A039: 8D 07 20 STA $2007 = #$00
f1500   c44642165    i49333608    A:33 X:1C Y:01 S:DB P:nvUbdIzC  $01:A03C: E8       INX
f1500   c44642167    i49333609    A:33 X:1D Y:01 S:DB P:nvUbdIzC  $01:A03D: 88       DEY
f1500   c44642169    i49333610    A:33 X:1D Y:00 S:DB P:nvUbdIZC  $01:A03E: D0 F6    BNE $A036
f1500   c44642171    i49333611    A:33 X:1D Y:00 S:DB P:nvUbdIZC  $01:A040: E8       INX
f1500   c44642173    i49333612    A:33 X:1E Y:00 S:DB P:nvUbdIzC  $01:A041: E8       INX
f1500   c44642175    i49333613    A:33 X:1F Y:00 S:DB P:nvUbdIzC  $01:A042: E8       INX
f1500   c44642177    i49333614    A:33 X:20 Y:00 S:DB P:nvUbdIzC  $01:A043: BD E8 05 LDA $05E8,X @ $0608 = #$04
f1500   c44642182    i49333615    A:04 X:20 Y:00 S:DB P:nvUbdIzC  $01:A046: D0 D3    BNE $A01B
f1500   c44642185    i49333616    A:04 X:20 Y:00 S:DB P:nvUbdIzC  $01:A01B: A0 80    LDY #$80
f1500   c44642187    i49333617    A:04 X:20 Y:80 S:DB P:NvUbdIzC  $01:A01D: BD E8 05 LDA $05E8,X @ $0608 = #$04
f1500   c44642192    i49333618    A:04 X:20 Y:80 S:DB P:nvUbdIzC  $01:A020: 10 04    BPL $A026
f1500   c44642195    i49333619    A:04 X:20 Y:80 S:DB P:nvUbdIzC  $01:A026: 8C 00 20 STY $2000 = #$80
f1500   c44642199    i49333620    A:04 X:20 Y:80 S:DB P:nvUbdIzC  $01:A029: A8       TAY
f1500   c44642201    i49333621    A:04 X:20 Y:04 S:DB P:nvUbdIzC  $01:A02A: BD EA 05 LDA $05EA,X @ $060A = #$25
f1500   c44642206    i49333622    A:25 X:20 Y:04 S:DB P:nvUbdIzC  $01:A02D: 8D 06 20 STA $2006 = #$90
f1500   c44642210    i49333623    A:25 X:20 Y:04 S:DB P:nvUbdIzC  $01:A030: BD E9 05 LDA $05E9,X @ $0609 = #$AC
f1500   c44642215    i49333624    A:AC X:20 Y:04 S:DB P:NvUbdIzC  $01:A033: 8D 06 20 STA $2006 = #$90
f1500   c44642219    i49333625    A:AC X:20 Y:04 S:DB P:NvUbdIzC  $01:A036: BD EB 05 LDA $05EB,X @ $060B = #$01
f1500   c44642224    i49333626    A:01 X:20 Y:04 S:DB P:nvUbdIzC  $01:A039: 8D 07 20 STA $2007 = #$00
f1500   c44642228    i49333627    A:01 X:20 Y:04 S:DB P:nvUbdIzC  $01:A03C: E8       INX
f1500   c44642230    i49333628    A:01 X:21 Y:04 S:DB P:nvUbdIzC  $01:A03D: 88       DEY
f1500   c44642232    i49333629    A:01 X:21 Y:03 S:DB P:nvUbdIzC  $01:A03E: D0 F6    BNE $A036
f1500   c44642235    i49333630    A:01 X:21 Y:03 S:DB P:nvUbdIzC  $01:A036: BD EB 05 LDA $05EB,X @ $060C = #$37
f1500   c44642240    i49333631    A:37 X:21 Y:03 S:DB P:nvUbdIzC  $01:A039: 8D 07 20 STA $2007 = #$00
f1500   c44642244    i49333632    A:37 X:21 Y:03 S:DB P:nvUbdIzC  $01:A03C: E8       INX
f1500   c44642246    i49333633    A:37 X:22 Y:03 S:DB P:nvUbdIzC  $01:A03D: 88       DEY
f1500   c44642248    i49333634    A:37 X:22 Y:02 S:DB P:nvUbdIzC  $01:A03E: D0 F6    BNE $A036
f1500   c44642251    i49333635    A:37 X:22 Y:02 S:DB P:nvUbdIzC  $01:A036: BD EB 05 LDA $05EB,X @ $060D = #$09
f1500   c44642256    i49333636    A:09 X:22 Y:02 S:DB P:nvUbdIzC  $01:A039: 8D 07 20 STA $2007 = #$00
f1500   c44642260    i49333637    A:09 X:22 Y:02 S:DB P:nvUbdIzC  $01:A03C: E8       INX
f1500   c44642262    i49333638    A:09 X:23 Y:02 S:DB P:nvUbdIzC  $01:A03D: 88       DEY
f1500   c44642264    i49333639    A:09 X:23 Y:01 S:DB P:nvUbdIzC  $01:A03E: D0 F6    BNE $A036
f1500   c44642267    i49333640    A:09 X:23 Y:01 S:DB P:nvUbdIzC  $01:A036: BD EB 05 LDA $05EB,X @ $060E = #$09
f1500   c44642272    i49333641    A:09 X:23 Y:01 S:DB P:nvUbdIzC  $01:A039: 8D 07 20 STA $2007 = #$00
f1500   c44642276    i49333642    A:09 X:23 Y:01 S:DB P:nvUbdIzC  $01:A03C: E8       INX
f1500   c44642278    i49333643    A:09 X:24 Y:01 S:DB P:nvUbdIzC  $01:A03D: 88       DEY
f1500   c44642280    i49333644    A:09 X:24 Y:00 S:DB P:nvUbdIZC  $01:A03E: D0 F6    BNE $A036
f1500   c44642282    i49333645    A:09 X:24 Y:00 S:DB P:nvUbdIZC  $01:A040: E8       INX
f1500   c44642284    i49333646    A:09 X:25 Y:00 S:DB P:nvUbdIzC  $01:A041: E8       INX
f1500   c44642286    i49333647    A:09 X:26 Y:00 S:DB P:nvUbdIzC  $01:A042: E8       INX
f1500   c44643104    i49333901    A:00 X:01 Y:07 S:DB P:nvUbdIzc  $01:A0ED: BD 15 40 LDA $4015,X @ $4016 = #$00
f1500   c44643108    i49333902    A:40 X:01 Y:07 S:DB P:nvUbdIzc  $01:A0F0: 4A       LSR
f1500   c44643110    i49333903    A:20 X:01 Y:07 S:DB P:nvUbdIzc  $01:A0F1: 26 3F    ROL $3F = #$00
f1500   c44643115    i49333904    A:20 X:01 Y:07 S:DB P:nvUbdIZc  $01:A0F3: 29 01    AND #$01
f1500   c44643117    i49333905    A:00 X:01 Y:07 S:DB P:nvUbdIZc  $01:A0F5: 05 3F    ORA $3F = #$00
f1500   c44643120    i49333906    A:00 X:01 Y:07 S:DB P:nvUbdIZc  $01:A0F7: 85 3F    STA $3F = #$00
f1500   c44643123    i49333907    A:00 X:01 Y:07 S:DB P:nvUbdIZc  $01:A0F9: 88       DEY
f1500   c44643125    i49333908    A:00 X:01 Y:06 S:DB P:nvUbdIzc  $01:A0FA: D0 F1    BNE $A0ED
f1500   c44643128    i49333909    A:00 X:01 Y:06 S:DB P:nvUbdIzc  $01:A0ED: BD 15 40 LDA $4015,X @ $4016 = #$00
f1500   c44643132    i49333910    A:40 X:01 Y:06 S:DB P:nvUbdIzc  $01:A0F0: 4A       LSR
f1500   c44643134    i49333911    A:20 X:01 Y:06 S:DB P:nvUbdIzc  $01:A0F1: 26 3F    ROL $3F = #$00
f1500   c44643139    i49333912    A:20 X:01 Y:06 S:DB P:nvUbdIZc  $01:A0F3: 29 01    AND #$01
f1500   c44643141    i49333913    A:00 X:01 Y:06 S:DB P:nvUbdIZc  $01:A0F5: 05 3F    ORA $3F = #$00
f1500   c44643144    i49333914    A:00 X:01 Y:06 S:DB P:nvUbdIZc  $01:A0F7: 85 3F    STA $3F = #$00
f1500   c44643147    i49333915    A:00 X:01 Y:06 S:DB P:nvUbdIZc  $01:A0F9: 88       DEY
f1500   c44643149    i49333916    A:00 X:01 Y:05 S:DB P:nvUbdIzc  $01:A0FA: D0 F1    BNE $A0ED
f1500   c44643152    i49333917    A:00 X:01 Y:05 S:DB P:nvUbdIzc  $01:A0ED: BD 15 40 LDA $4015,X @ $4016 = #$00
f1500   c44643156    i49333918    A:40 X:01 Y:05 S:DB P:nvUbdIzc  $01:A0F0: 4A       LSR
f1500   c44643158    i49333919    A:20 X:01 Y:05 S:DB P:nvUbdIzc  $01:A0F1: 26 3F    ROL $3F = #$00
f1500   c44643163    i49333920    A:20 X:01 Y:05 S:DB P:nvUbdIZc  $01:A0F3: 29 01    AND #$01
f1500   c44643165    i49333921    A:00 X:01 Y:05 S:DB P:nvUbdIZc  $01:A0F5: 05 3F    ORA $3F = #$00
f1500   c44643168    i49333922    A:00 X:01 Y:05 S:DB P:nvUbdIZc  $01:A0F7: 85 3F    STA $3F = #$00
f1500   c44643171    i49333923    A:00 X:01 Y:05 S:DB P:nvUbdIZc  $01:A0F9: 88       DEY
f1500   c44643173    i49333924    A:00 X:01 Y:04 S:DB P:nvUbdIzc  $01:A0FA: D0 F1    BNE $A0ED
f1500   c44643176    i49333925    A:00 X:01 Y:04 S:DB P:nvUbdIzc  $01:A0ED: BD 15 40 LDA $4015,X @ $4016 = #$00
f1500   c44643180    i49333926    A:40 X:01 Y:04 S:DB P:nvUbdIzc  $01:A0F0: 4A       LSR
f1500   c44643182    i49333927    A:20 X:01 Y:04 S:DB P:nvUbdIzc  $01:A0F1: 26 3F    ROL $3F = #$00
f1500   c44643187    i49333928    A:20 X:01 Y:04 S:DB P:nvUbdIZc  $01:A0F3: 29 01    AND #$01
f1500   c44643189    i49333929    A:00 X:01 Y:04 S:DB P:nvUbdIZc  $01:A0F5: 05 3F    ORA $3F = #$00
f1500   c44643192    i49333930    A:00 X:01 Y:04 S:DB P:nvUbdIZc  $01:A0F7: 85 3F    STA $3F = #$00
f1500   c44643195    i49333931    A:00 X:01 Y:04 S:DB P:nvUbdIZc  $01:A0F9: 88       DEY
f1500   c44643197    i49333932    A:00 X:01 Y:03 S:DB P:nvUbdIzc  $01:A0FA: D0 F1    BNE $A0ED
f1500   c44643200    i49333933    A:00 X:01 Y:03 S:DB P:nvUbdIzc  $01:A0ED: BD 15 40 LDA $4015,X @ $4016 = #$00
f1500   c44643204    i49333934    A:40 X:01 Y:03 S:DB P:nvUbdIzc  $01:A0F0: 4A       LSR
f1500   c44643206    i49333935    A:20 X:01 Y:03 S:DB P:nvUbdIzc  $01:A0F1: 26 3F    ROL $3F = #$00
f1500   c44643211    i49333936    A:20 X:01 Y:03 S:DB P:nvUbdIZc  $01:A0F3: 29 01    AND #$01
f1500   c44643213    i49333937    A:00 X:01 Y:03 S:DB P:nvUbdIZc  $01:A0F5: 05 3F    ORA $3F = #$00
f1500   c44643216    i49333938    A:00 X:01 Y:03 S:DB P:nvUbdIZc  $01:A0F7: 85 3F    STA $3F = #$00
f1500   c44643219    i49333939    A:00 X:01 Y:03 S:DB P:nvUbdIZc  $01:A0F9: 88       DEY
f1500   c44643221    i49333940    A:00 X:01 Y:02 S:DB P:nvUbdIzc  $01:A0FA: D0 F1    BNE $A0ED
f1500   c44643224    i49333941    A:00 X:01 Y:02 S:DB P:nvUbdIzc  $01:A0ED: BD 15 40 LDA $4015,X @ $4016 = #$00
f1500   c44643228    i49333942    A:40 X:01 Y:02 S:DB P:nvUbdIzc  $01:A0F0: 4A       LSR
f1500   c44654440    i49337363    A:00 X:09 Y:00 S:6C P:nvUbdiZC  $00:9FCF: 95 02    STA $02,X @ $000B = #$00
f1500   c44654444    i49337364    A:00 X:09 Y:00 S:6C P:nvUbdiZC  $00:9FD1: AD 25 00 LDA $0025 = #$07
f1500   c44654448    i49337365    A:07 X:09 Y:00 S:6C P:nvUbdizC  $00:9FD4: 95 03    STA $03,X @ $000C = #$07
f1500   c44654452    i49337366    A:07 X:09 Y:00 S:6C P:nvUbdizC  $00:9FD6: A5 19    LDA $19 = #$02
f1500   c44654455    i49337367    A:02 X:09 Y:00 S:6C P:nvUbdizC  $00:9FD8: F0 04    BEQ $9FDE
f1500   c44654457    i49337368    A:02 X:09 Y:00 S:6C P:nvUbdizC  $00:9FDA: C9 FF    CMP #$FF
f1500   c44654459    i49337369    A:02 X:09 Y:00 S:6C P:nvUbdizc  $00:9FDC: D0 02    BNE $9FE0
f1500   c44654462    i49337370    A:02 X:09 Y:00 S:6C P:nvUbdizc  $00:9FE0: 95 00    STA $00,X @ $0009 = #$FF
f1500   c44654466    i49337371    A:02 X:09 Y:00 S:6C P:nvUbdizc  $00:9FE2: 4C FB 9E JMP $9EFB
f1500   c44654469    i49337372    A:02 X:09 Y:00 S:6C P:nvUbdizc  $00:9EFB: 8A       TXA
f1500   c44654471    i49337373    A:09 X:09 Y:00 S:6C P:nvUbdizc  $00:9EFC: 18       CLC
f1500   c44654473    i49337374    A:09 X:09 Y:00 S:6C P:nvUbdizc  $00:9EFD: 69 04    ADC #$04
f1500   c44654475    i49337375    A:0D X:09 Y:00 S:6C P:nvUbdizc  $00:9EFF: AA       TAX
f1500   c44654477    i49337376    A:0D X:0D Y:00 S:6C P:nvUbdizc  $00:9F00: E0 19    CPX #$19
f1500   c44654479    i49337377    A:0D X:0D Y:00 S:6C P:NvUbdizc  $00:9F02: D0 EB    BNE $9EEF
f1500   c44654483    i49337378    A:0D X:0D Y:00 S:6C P:NvUbdizc  $00:9EEF: B5 00    LDA $00,X @ $000D = #$00
f1500   c44654487    i49337379    A:00 X:0D Y:00 S:6C P:nvUbdiZc  $00:9EF1: F0 08    BEQ $9EFB
f1500   c44654490    i49337380    A:00 X:0D Y:00 S:6C P:nvUbdiZc  $00:9EFB: 8A       TXA
f1500   c44654492    i49337381    A:0D X:0D Y:00 S:6C P:nvUbdizc  $00:9EFC: 18       CLC
f1500   c44654494    i49337382    A:0D X:0D Y:00 S:6C P:nvUbdizc  $00:9EFD: 69 04    ADC #$04
f1500   c44654496    i49337383    A:11 X:0D Y:00 S:6C P:nvUbdizc  $00:9EFF: AA       TAX
f1500   c44654498    i49337384    A:11 X:11 Y:00 S:6C P:nvUbdizc  $00:9F00: E0 19    CPX #$19
f1500   c44654500    i49337385    A:11 X:11 Y:00 S:6C P:NvUbdizc  $00:9F02: D0 EB    BNE $9EEF
f1500   c44654504    i49337386    A:11 X:11 Y:00 S:6C P:NvUbdizc  $00:9EEF: B5 00    LDA $00,X @ $0011 = #$FF
f1500   c44654508    i49337387    A:FF X:11 Y:00 S:6C P:NvUbdizc  $00:9EF1: F0 08    BEQ $9EFB
f1500   c44654510    i49337388    A:FF X:11 Y:00 S:6C P:NvUbdizc  $00:9EF3: C9 FF    CMP #$FF
f1500   c44654512    i49337389    A:FF X:11 Y:00 S:6C P:nvUbdiZC  $00:9EF5: F0 5B    BEQ $9F52
f1500   c44654516    i49337390    A:FF X:11 Y:00 S:6C P:nvUbdiZC  $00:9F52: 86 00    STX $00 = #$09
f1500   c44654519    i49337391    A:FF X:11 Y:00 S:6C P:nvUbdiZC  $00:9F54: A9 06    LDA #$06
f1500   c44654521    i49337392    A:06 X:11 Y:00 S:6C P:nvUbdizC  $00:9F56: 05 22    ORA $22 = #$00
f1500   c44654524    i49337393    A:06 X:11 Y:00 S:6C P:nvUbdizC  $00:9F58: 85 23    STA $23 = #$07
f1500   c44654531    i49337394    A:06 X:11 Y:00 S:6C P:nvUbdizC  $00:9F5A: 8D 00 80 STA $8000 = #$A5
f1500   c44654535    i49337395    A:06 X:11 Y:00 S:6C P:nvUbdizC  $00:9F5D: B5 02    LDA $02,X @ $0013 = #$00
f1500   c44654539    i49337396    A:00 X:11 Y:00 S:6C P:nvUbdiZC  $00:9F5F: 85 24    STA $24 = #$00
f1500   c44654542    i49337397    A:00 X:11 Y:00 S:6C P:nvUbdiZC  $00:9F61: 8D 01 80 STA $8001 = #$27
f1500   c44654546    i49337398    A:00 X:11 Y:00 S:6C P:nvUbdiZC  $00:9F64: B5 01    LDA $01,X @ $0012 = #$C6
f1500   c44654550    i49337399    A:C6 X:11 Y:00 S:6C P:NvUbdizC  $00:9F66: AA       TAX
f1500   c44654552    i49337400    A:C6 X:C6 Y:00 S:6C P:NvUbdizC  $00:9F67: 9A       TXS
f1500   c44654554    i49337401    A:C6 X:C6 Y:00 S:C6 P:NvUbdizC  $00:9F68: 60       RTS (from $9FA8)
f1500   c44654560    i49337402    A:C6 X:C6 Y:00 S:C8 P:NvUbdizC  $00:9148: A9 68    LDA #$68
f1500   c44654562    i49337403    A:68 X:C6 Y:00 S:C8 P:nvUbdizC  $00:914A: 85 94    STA $94 = #$88
f1500   c44654565    i49337404    A:68 X:C6 Y:00 S:C8 P:nvUbdizC  $00:914C: A9 05    LDA #$05
f1503   c44734676    i49362718    A:00 X:D9 Y:04 S:C6 P:nvUbdiZc  $00:974D: C8       INY
f1503   c44734678    i49362719    A:00 X:D9 Y:05 S:C6 P:nvUbdizc  $00:974E: B1 94    LDA ($94),Y @ $056D = #$30
f1503   c44734683    i49362720    A:30 X:D9 Y:05 S:C6 P:nvUbdizc  $00:9750: 2A       ROL
f1503   c44734685    i49362721    A:60 X:D9 Y:05 S:C6 P:nvUbdizc  $00:9751: 99 95 00 STA $0095,Y @ $009A = #$60
f1503   c44734690    i49362722    A:60 X:D9 Y:05 S:C6 P:nvUbdizc  $00:9754: A9 00    LDA #$00
f1503   c44734692    i49362723    A:00 X:D9 Y:05 S:C6 P:nvUbdiZc  $00:9756: 2A       ROL
f1503   c44734694    i49362724    A:00 X:D9 Y:05 S:C6 P:nvUbdiZc  $00:9757: 99 96 00 STA $0096,Y @ $009B = #$00
f1503   c44734699    i49362725    A:00 X:D9 Y:05 S:C6 P:nvUbdiZc  $00:975A: 60       RTS (from $974A)
f1503   c44734705    i49362726    A:00 X:D9 Y:05 S:C8 P:nvUbdiZc  $00:9163: A0 06    LDY #$06
f1503   c44734707    i49362727    A:00 X:D9 Y:06 S:C8 P:nvUbdizc  $00:9165: 20 4A 97 JSR $974A
f1503   c44734713    i49362728    A:00 X:D9 Y:06 S:C6 P:nvUbdizc  $00:974A: B1 94    LDA ($94),Y @ $056E = #$00
f1503   c44734718    i49362729    A:00 X:D9 Y:06 S:C6 P:nvUbdiZc  $00:974C: 0A       ASL
f1503   c44734720    i49362730    A:00 X:D9 Y:06 S:C6 P:nvUbdiZc  $00:974D: C8       INY
f1503   c44734722    i49362731    A:00 X:D9 Y:07 S:C6 P:nvUbdizc  $00:974E: B1 94    LDA ($94),Y @ $056F = #$C0
f1503   c44734727    i49362732    A:C0 X:D9 Y:07 S:C6 P:NvUbdizc  $00:9750: 2A       ROL
f1503   c44734729    i49362733    A:80 X:D9 Y:07 S:C6 P:NvUbdizC  $00:9751: 99 95 00 STA $0095,Y @ $009C = #$80
f1503   c44734734    i49362734    A:80 X:D9 Y:07 S:C6 P:NvUbdizC  $00:9754: A9 00    LDA #$00
f1503   c44734736    i49362735    A:00 X:D9 Y:07 S:C6 P:nvUbdiZC  $00:9756: 2A       ROL
f1503   c44734738    i49362736    A:01 X:D9 Y:07 S:C6 P:nvUbdizc  $00:9757: 99 96 00 STA $0096,Y @ $009D = #$01
f1503   c44734743    i49362737    A:01 X:D9 Y:07 S:C6 P:nvUbdizc  $00:975A: 60       RTS (from $974A)
f1503   c44734749    i49362738    A:01 X:D9 Y:07 S:C8 P:nvUbdizc  $00:9168: 8A       TXA
f1503   c44734751    i49362739    A:D9 X:D9 Y:07 S:C8 P:NvUbdizc  $00:9169: 29 10    AND #$10
f1503   c44734753    i49362740    A:10 X:D9 Y:07 S:C8 P:nvUbdizc  $00:916B: D0 39    BNE $91A6
f1503   c44734756    i49362741    A:10 X:D9 Y:07 S:C8 P:nvUbdizc  $00:91A6: A9 00    LDA #$00
f1503   c44734758    i49362742    A:00 X:D9 Y:07 S:C8 P:nvUbdiZc  $00:91A8: 38       SEC
f1503   c44734760    i49362743    A:00 X:D9 Y:07 S:C8 P:nvUbdiZC  $00:91A9: E5 46    SBC $46 = #$00
f1503   c44734763    i49362744    A:00 X:D9 Y:07 S:C8 P:nvUbdiZC  $00:91AB: 85 E6    STA $E6 = #$00
f1503   c44734766    i49362745    A:00 X:D9 Y:07 S:C8 P:nvUbdiZC  $00:91AD: A9 00    LDA #$00
f1503   c44734768    i49362746    A:00 X:D9 Y:07 S:C8 P:nvUbdiZC  $00:91AF: 38       SEC
f1503   c44734770    i49362747    A:00 X:D9 Y:07 S:C8 P:nvUbdiZC  $00:91B0: E5 47    SBC $47 = #$F8
f1503   c44734773    i49362748    A:08 X:D9 Y:07 S:C8 P:nvUbdizc  $00:91B2: 85 E8    STA $E8 = #$00
f1503   c44734776    i49362749    A:08 X:D9 Y:07 S:C8 P:nvUbdizc  $00:91B4: A0 10    LDY #$10
f1503   c44734778    i49362750    A:08 X:D9 Y:10 S:C8 P:nvUbdizc  $00:91B6: B1 94    LDA ($94),Y @ $0578 = #$00
f1503   c44734783    i49362751    A:00 X:D9 Y:10 S:C8 P:nvUbdiZc  $00:91B8: AA       TAX
f1503   c44734785    i49362752    A:00 X:00 Y:10 S:C8 P:nvUbdiZc  $00:91B9: C8       INY
f1503   c44734787    i49362753    A:00 X:00 Y:11 S:C8 P:nvUbdizc  $00:91BA: B1 94    LDA ($94),Y @ $0579 = #$A8
f1503   c44734792    i49362754    A:A8 X:00 Y:11 S:C8 P:NvUbdizc  $00:91BC: 4A       LSR
f1503   c44734794    i49362755    A:54 X:00 Y:11 S:C8 P:nvUbdizc  $00:91BD: 4A       LSR
f1503   c44734796    i49362756    A:2A X:00 Y:11 S:C8 P:nvUbdizc  $00:91BE: A8       TAY
f1503   c44734798    i49362757    A:2A X:00 Y:2A S:C8 P:nvUbdizc  $00:91BF: A5 E6    LDA $E6 = #$00
f1503   c44734801    i49362758    A:00 X:00 Y:2A S:C8 P:nvUbdiZc  $00:91C1: 18       CLC
f1503   c44734803    i49362759    A:00 X:00 Y:2A S:C8 P:nvUbdiZc  $00:91C2: 7D 68 04 ADC $0468,X @ $0468 = #$50
f1509   c44913409    i49419486    A:0F X:0F Y:06 S:4C P:nvUbdizc  $00:9AA3: BD A2 9E LDA $9EA2,X @ $9EB1 = #$00
f1509   c44913413    i49419487    A:00 X:0F Y:06 S:4C P:nvUbdiZc  $00:9AA6: 85 E6    STA $E6 = #$00
f1509   c44913416    i49419488    A:00 X:0F Y:06 S:4C P:nvUbdiZc  $00:9AA8: B9 2A 06 LDA $062A,Y @ $0630 = #$0F
f1509   c44913420    i49419489    A:0F X:0F Y:06 S:4C P:nvUbdizc  $00:9AAB: 29 0F    AND #$0F
f1509   c44913422    i49419490    A:0F X:0F Y:06 S:4C P:nvUbdizc  $00:9AAD: 05 E6    ORA $E6 = #$00
f1509   c44913425    i49419491    A:0F X:0F Y:06 S:4C P:nvUbdizc  $00:9AAF: A6 E7    LDX $E7 = #$09
f1509   c44913428    i49419492    A:0F X:09 Y:06 S:4C P:nvUbdizc  $00:9AB1: 9D E8 05 STA $05E8,X @ $05F1 = #$0F
f1509   c44913433    i49419493    A:0F X:09 Y:06 S:4C P:nvUbdizc  $00:9AB4: E6 E7    INC $E7 = #$09
f1509   c44913438    i49419494    A:0F X:09 Y:06 S:4C P:nvUbdizc  $00:9AB6: C8       INY
f1509   c44913440    i49419495    A:0F X:09 Y:07 S:4C P:nvUbdizc  $00:9AB7: 60       RTS (from $9AA2)
f1509   c44913446    i49419496    A:0F X:09 Y:07 S:4E P:nvUbdizc  $00:9A89: C0 10    CPY #$10
f1509   c44913448    i49419497    A:0F X:09 Y:07 S:4E P:NvUbdizc  $00:9A8B: D0 F1    BNE $9A7E
f1509   c44913451    i49419498    A:0F X:09 Y:07 S:4E P:NvUbdizc  $00:9A7E: B9 2A 06 LDA $062A,Y @ $0631 = #$10
f1509   c44913455    i49419499    A:10 X:09 Y:07 S:4E P:nvUbdizc  $00:9A81: 29 30    AND #$30
f1509   c44913457    i49419500    A:10 X:09 Y:07 S:4E P:nvUbdizc  $00:9A83: 18       CLC
f1509   c44913459    i49419501    A:10 X:09 Y:07 S:4E P:nvUbdizc  $00:9A84: 65 4A    ADC $4A = #$0F
f1509   c44913462    i49419502    A:1F X:09 Y:07 S:4E P:nvUbdizc  $00:9A86: 20 A2 9A JSR $9AA2
f1509   c44913468    i49419503    A:1F X:09 Y:07 S:4C P:nvUbdizc  $00:9AA2: AA       TAX
f1509   c44913470    i49419504    A:1F X:1F Y:07 S:4C P:nvUbdizc  $00:9AA3: BD A2 9E LDA $9EA2,X @ $9EC1 = #$10
f1509   c44913474    i49419505    A:10 X:1F Y:07 S:4C P:nvUbdizc  $00:9AA6: 85 E6    STA $E6 = #$00
f1509   c44913477    i49419506    A:10 X:1F Y:07 S:4C P:nvUbdizc  $00:9AA8: B9 2A 06 LDA $062A,Y @ $0631 = #$10
f1509   c44913481    i49419507    A:10 X:1F Y:07 S:4C P:nvUbdizc  $00:9AAB: 29 0F    AND #$0F
f1509   c44913483    i49419508    A:00 X:1F Y:07 S:4C P:nvUbdiZc  $00:9AAD: 05 E6    ORA $E6 = #$10
f1509   c44913486    i49419509    A:10 X:1F Y:07 S:4C P:nvUbdizc  $00:9AAF: A6 E7    LDX $E7 = #$0A
f1509   c44913489    i49419510    A:10 X:0A Y:07 S:4C P:nvUbdizc  $00:9AB1: 9D E8 05 STA $05E8,X @ $05F2 = #$20
f1509   c44913494    i49419511    A:10 X:0A Y:07 S:4C P:nvUbdizc  $00:9AB4: E6 E7    INC $E7 = #$0A
f1509   c44913499    i49419512    A:10 X:0A Y:07 S:4C P:nvUbdizc  $00:9AB6: C8       INY
f1509   c44913501    i49419513    A:10 X:0A Y:08 S:4C P:nvUbdizc  $00:9AB7: 60       RTS (from $9AA2)
f1509   c44913507    i49419514    A:10 X:0A Y:08 S:4E P:nvUbdizc  $00:9A89: C0 10    CPY #$10
f1509   c44913509    i49419515    A:10 X:0A Y:08 S:4E P:NvUbdizc  $00:9A8B: D0 F1    BNE $9A7E
f1509   c44913512    i49419516    A:10 X:0A Y:08 S:4E P:NvUbdizc  $00:9A7E: B9 2A 06 LDA $062A,Y @ $0632 = #$0F
f1509   c44913516    i49419517    A:0F X:0A Y:08 S:4E P:nvUbdizc  $00:9A81: 29 30    AND #$30
f1509   c44913518    i49419518    A:00 X:0A Y:08 S:4E P:nvUbdiZc  $00:9A83: 18       CLC
f1509   c44913520    i49419519    A:00 X:0A Y:08 S:4E P:nvUbdiZc  $00:9A84: 65 4A    ADC $4A = #$0F
f1509   c44913523    i49419520    A:0F X:0A Y:08 S:4E P:nvUbdizc  $00:9A86: 20 A2 9A JSR $9AA2
f1509   c44913529    i49419521    A:0F X:0A Y:08 S:4C P:nvUbdizc  $00:9AA2: AA       TAX
f1509   c44913531    i49419522    A:0F X:0F Y:08 S:4C P:nvUbdizc  $00:9AA3: BD A2 9E LDA $9EA2,X @ $9EB1 = #$00
f1509   c44913535    i49419523    A:00 X:0F Y:08 S:4C P:nvUbdiZc  $00:9AA6: 85 E6    STA $E6 = #$10
f1509   c44913538    i49419524    A:00 X:0F Y:08 S:4C P:nvUbdiZc  $00:9AA8: B9 2A 06 LDA $062A,Y @ $0632 = #$0F
f1509   c44913542    i49419525    A:0F X:0F Y:08 S:4C P:nvUbdizc  $00:9AAB: 29 0F    AND #$0F
f1509   c44913544    i49419526    A:0F X:0F Y:08 S:4C P:nvUbdizc  $00:9AAD: 05 E6    ORA $E6 = #$00
f1511   c44972925    i49438352    A:D9 X:D9 Y:04 S:C6 P:nvUbdizc  $00:974A: B1 94    LDA ($94),Y @ $056C = #$00
f1511   c44972930    i49438353    A:00 X:D9 Y:04 S:C6 P:nvUbdiZc  $00:974C: 0A       ASL
f1511   c44972932    i49438354    A:00 X:D9 Y:04 S:C6 P:nvUbdiZc  $00:974D: C8       INY
f1511   c44972934    i49438355    A:00 X:D9 Y:05 S:C6 P:nvUbdizc  $00:974E: B1 94    LDA ($94),Y @ $056D = #$30
f1511   c44972939    i49438356    A:30 X:D9 Y:05 S:C6 P:nvUbdizc  $00:9750: 2A       ROL
f1511   c44972941    i49438357    A:60 X:D9 Y:05 S:C6 P:nvUbdizc  $00:9751: 99 95 00 STA $0095,Y @ $009A = #$60
f1511   c44972946    i49438358    A:60 X:D9 Y:05 S:C6 P:nvUbdizc  $00:9754: A9 00    LDA #$00
f1511   c44972948    i49438359    A:00 X:D9 Y:05 S:C6 P:nvUbdiZc  $00:9756: 2A       ROL
f1511   c44972950    i49438360    A:00 X:D9 Y:05 S:C6 P:nvUbdiZc  $00:9757: 99 96 00 STA $0096,Y @ $009B = #$00
f1511   c44972955    i49438361    A:00 X:D9 Y:05 S:C6 P:nvUbdiZc  $00:975A: 60       RTS (from $974A)
f1511   c44972961    i49438362    A:00 X:D9 Y:05 S:C8 P:nvUbdiZc  $00:9163: A0 06    LDY #$06
f1511   c44972963    i49438363    A:00 X:D9 Y:06 S:C8 P:nvUbdizc  $00:9165: 20 4A 97 JSR $974A
f1511   c44972969    i49438364    A:00 X:D9 Y:06 S:C6 P:nvUbdizc  $00:974A: B1 94    LDA ($94),Y @ $056E = #$00
f1511   c44972974    i49438365    A:00 X:D9 Y:06 S:C6 P:nvUbdiZc  $00:974C: 0A       ASL
f1511   c44972976    i49438366    A:00 X:D9 Y:06 S:C6 P:nvUbdiZc  $00:974D: C8       INY
f1511   c44972978    i49438367    A:00 X:D9 Y:07 S:C6 P:nvUbdizc  $00:974E: B1 94    LDA ($94),Y @ $056F = #$C0
f1511   c44972983    i49438368    A:C0 X:D9 Y:07 S:C6 P:NvUbdizc  $00:9750: 2A       ROL
f1511   c44972985    i49438369    A:80 X:D9 Y:07 S:C6 P:NvUbdizC  $00:9751: 99 95 00 STA $0095,Y @ $009C = #$80
f1511   c44972990    i49438370    A:80 X:D9 Y:07 S:C6 P:NvUbdizC  $00:9754: A9 00    LDA #$00
f1511   c44972992    i49438371    A:00 X:D9 Y:07 S:C6 P:nvUbdiZC  $00:9756: 2A       ROL
f1511   c44972994    i49438372    A:01 X:D9 Y:07 S:C6 P:nvUbdizc  $00:9757: 99 96 00 STA $0096,Y @ $009D = #$01
f1511   c44972999    i49438373    A:01 X:D9 Y:07 S:C6 P:nvUbdizc  $00:975A: 60       RTS (from $974A)
f1511   c44973005    i49438374    A:01 X:D9 Y:07 S:C8 P:nvUbdizc  $00:9168: 8A       TXA
f1511   c44973007    i49438375    A:D9 X:D9 Y:07 S:C8 P:NvUbdizc  $00:9169: 29 10    AND #$10
f1511   c44973009    i49438376    A:10 X:D9 Y:07 S:C8 P:nvUbdizc  $00:916B: D0 39    BNE $91A6
f1511   c44973012    i49438377    A:10 X:D9 Y:07 S:C8 P:nvUbdizc  $00:91A6: A9 00    LDA #$00
f1511   c44973014    i49438378    A:00 X:D9 Y:07 S:C8 P:nvUbdiZc  $00:91A8: 38       SEC
f1511   c44973016    i49438379    A:00 X:D9 Y:07 S:C8 P:nvUbdiZC  $00:91A9: E5 46    SBC $46 = #$00
f1511   c44973019    i49438380    A:00 X:D9 Y:07 S:C8 P:nvUbdiZC  $00:91AB: 85 E6    STA $E6 = #$00
f1511   c44973022    i49438381    A:00 X:D9 Y:07 S:C8 P:nvUbdiZC  $00:91AD: A9 00    LDA #$00
f1511   c44973024    i49438382    A:00 X:D9 Y:07 S:C8 P:nvUbdiZC  $00:91AF: 38       SEC
f1511   c44973026    i49438383    A:00 X:D9 Y:07 S:C8 P:nvUbdiZC  $00:91B0: E5 47    SBC $47 = #$F8
f1511   c44973029    i49438384    A:08 X:D9 Y:07 S:C8 P:nvUbdizc  $00:91B2: 85 E8    STA $E8 = #$07
f1511   c44973032    i49438385    A:08 X:D9 Y:07 S:C8 P:nvUbdizc  $00:91B4: A0 10    LDY #$10
f1511   c44973034    i49438386    A:08 X:D9 Y:10 S:C8 P:nvUbdizc  $00:91B6: B1 94    LDA ($94),Y @ $0578 = #$00
f1511   c44973039    i49438387    A:00 X:D9 Y:10 S:C8 P:nvUbdiZc  $00:91B8: AA       TAX
f1511   c44973041    i49438388    A:00 X:00 Y:10 S:C8 P:nvUbdiZc  $00:91B9: C8       INY
f1511   c44973043    i49438389    A:00 X:00 Y:11 S:C8 P:nvUbdizc  $00:91BA: B1 94    LDA ($94),Y @ $0579 = #$A8
f1511   c44973048    i49438390    A:A8 X:00 Y:11 S:C8 P:NvUbdizc  $00:91BC: 4A       LSR
f1511   c44973050    i49438391    A:54 X:00 Y:11 S:C8 P:nvUbdizc  $00:91BD: 4A       LSR
f1511   c44973052    i49438392    A:2A X:00 Y:11 S:C8 P:nvUbdizc  $00:91BE: A8       TAY
f1511   c44973054    i49438393    A:2A X:00 Y:2A S:C8 P:nvUbdizc  $00:91BF: A5 E6    LDA $E6 = #$00
f1512   c45015284    i49451848    A:40 X:19 Y:00 S:E0 P:nvUbdizC  $00:9F06: 10 FC    BPL $9F04
f1512   c45015287    i49451849    A:40 X:19 Y:00 S:E0 P:nvUbdizC  $00:9F04: A5 1B    LDA $1B = #$40
f1512   c45015290    i49451850    A:40 X:19 Y:00 S:E0 P:nvUbdizC  $00:9F06: 10 FC    BPL $9F04
f1512   c45015293    i49451851    A:40 X:19 Y:00 S:E0 P:nvUbdizC  $00:9F04: A5 1B    LDA $1B = #$40
f1512   c45015296    i49451852    A:40 X:19 Y:00 S:E0 P:nvUbdizC  $00:9F06: 10 FC    BPL $9F04
f1512   c45015299    i49451853    A:40 X:19 Y:00 S:E0 P:nvUbdizC  $00:9F04: A5 1B    LDA $1B = #$40
f1512   c45015302    i49451854    A:40 X:19 Y:00 S:E0 P:nvUbdizC  $00:9F06: 10 FC    BPL $9F04
f1512   c45015305    i49451855    A:40 X:19 Y:00 S:E0 P:nvUbdizC  $00:9F04: A5 1B    LDA $1B = #$40
f1512   c45015308    i49451856    A:40 X:19 Y:00 S:E0 P:nvUbdizC  $00:9F06: 10 FC    BPL $9F04
f1512   c45015311    i49451857    A:40 X:19 Y:00 S:E0 P:nvUbdizC  $00:9F04: A5 1B    LDA $1B = #$40
f1512   c45015314    i49451858    A:40 X:19 Y:00 S:E0 P:nvUbdizC  $00:9F06: 10 FC    BPL $9F04
f1512   c45015317    i49451859    A:40 X:19 Y:00 S:E0 P:nvUbdizC  $00:9F04: A5 1B    LDA $1B = #$40
f1512   c45015320    i49451860    A:40 X:19 Y:00 S:E0 P:nvUbdizC  $00:9F06: 10 FC    BPL $9F04
f1512   c45015323    i49451861    A:40 X:19 Y:00 S:E0 P:nvUbdizC  $00:9F04: A5 1B    LDA $1B = #$40
f1512   c45015326    i49451862    A:40 X:19 Y:00 S:E0 P:nvUbdizC  $00:9F06: 10 FC    BPL $9F04
f1512   c45015329    i49451863    A:40 X:19 Y:00 S:E0 P:nvUbdizC  $00:9F04: A5 1B    LDA $1B = #$40
f1512   c45015332    i49451864    A:40 X:19 Y:00 S:E0 P:nvUbdizC  $00:9F06: 10 FC    BPL $9F04
f1512   c45015335    i49451865    A:40 X:19 Y:00 S:E0 P:nvUbdizC  $00:9F04: A5 1B    LDA $1B = #$40
f1512   c45015338    i49451866    A:40 X:19 Y:00 S:E0 P:nvUbdizC  $00:9F06: 10 FC    BPL $9F04
f1512   c45015341    i49451867    A:40 X:19 Y:00 S:E0 P:nvUbdizC  $00:9F04: A5 1B    LDA $1B = #$40
f1512   c45015344    i49451868    A:40 X:19 Y:00 S:E0 P:nvUbdizC  $00:9F06: 10 FC    BPL $9F04
f1512   c45015347    i49451869    A:40 X:19 Y:00 S:E0 P:nvUbdizC  $00:9F04: A5 1B    LDA $1B = #$40
f1512   c45015350    i49451870    A:40 X:19 Y:00 S:E0 P:nvUbdizC  $00:9F06: 10 FC    BPL $9F04
f1512   c45015353    i49451871    A:40 X:19 Y:00 S:E0 P:nvUbdizC  $00:9F04: A5 1B    LDA $1B = #$40
f1512   c45015356    i49451872    A:40 X:19 Y:00 S:E0 P:nvUbdizC  $00:9F06: 10 FC    BPL $9F04
f1512   c45015359    i49451873    A:40 X:19 Y:00 S:E0 P:nvUbdizC  $00:9F04: A5 1B    LDA $1B = #$40
f1512   c45015369    i49451874    A:40 X:19 Y:00 S:DD P:nvUbdIzC  $0F:C506: 4C 21 C8 JMP $C821
f1512   c45015372    i49451875    A:40 X:19 Y:00 S:DD P:nvUbdIzC  $0F:C821: 24 1B    BIT $1B = #$40
f1512   c45015375    i49451876    A:40 X:19 Y:00 S:DD P:nVUbdIzC  $0F:C823: 50 03    BVC $C828
f1512   c45015377    i49451877    A:40 X:19 Y:00 S:DD P:nVUbdIzC  $0F:C825: 4C 78 C4 JMP $C478
f1512   c45015380    i49451878    A:40 X:19 Y:00 S:DD P:nVUbdIzC  $0F:C478: 24 3B    BIT $3B = #$55
f1512   c45015383    i49451879    A:40 X:19 Y:00 S:DD P:nVUbdIzC  $0F:C47A: 30 32    BMI $C4AE
f1512   c45015385    i49451880    A:40 X:19 Y:00 S:DD P:nVUbdIzC  $0F:C47C: 38       SEC
f1512   c45015387    i49451881    A:40 X:19 Y:00 S:DD P:nVUbdIzC  $0F:C47D: 66 3B    ROR $3B = #$55
f1512   c45015392    i49451882    A:40 X:19 Y:00 S:DD P:NVUbdIzC  $0F:C47F: 85 3C    STA $3C = #$40
f1512   c45015395    i49451883    A:40 X:19 Y:00 S:DD P:NVUbdIzC  $0F:C481: 86 3D    STX $3D = #$19
f1512   c45015398    i49451884    A:40 X:19 Y:00 S:DD P:NVUbdIzC  $0F:C483: 84 3E    STY $3E = #$00
f1512   c45015401    i49451885    A:40 X:19 Y:00 S:DD P:NVUbdIzC  $0F:C485: A5 22    LDA $22 = #$00
f1512   c45015404    i49451886    A:00 X:19 Y:00 S:DD P:nVUbdIZC  $0F:C487: 09 07    ORA #$07
f1512   c45015406    i49451887    A:07 X:19 Y:00 S:DD P:nVUbdIzC  $0F:C489: 8D 00 80 STA $8000 = #$A5
f1512   c45015410    i49451888    A:07 X:19 Y:00 S:DD P:nVUbdIzC  $0F:C48C: A9 02    LDA #$02
f1512   c45015412    i49451889    A:02 X:19 Y:00 S:DD P:nVUbdIzC  $0F:C48E: 8D 01 80 STA $8001 = #$27
f1513   c45032533    i49457306    A:0F X:0F Y:06 S:4C P:nvUbdizc  $00:9AA3: BD A2 9E LDA $9EA2,X @ $9EB1 = #$00
f1513   c45032537    i49457307    A:00 X:0F Y:06 S:4C P:nvUbdiZc  $00:9AA6: 85 E6    STA $E6 = #$00
f1513   c45032540    i49457308    A:00 X:0F Y:06 S:4C P:nvUbdiZc  $00:9AA8: B9 2A 06 LDA $062A,Y @ $0630 = #$0F
f1513   c45032544    i49457309    A:0F X:0F Y:06 S:4C P:nvUbdizc  $00:9AAB: 29 0F    AND #$0F
f1513   c45032546    i49457310    A:0F X:0F Y:06 S:4C P:nvUbdizc  $00:9AAD: 05 E6    ORA $E6 = #$00
f1513   c45032549    i49457311    A:0F X:0F Y:06 S:4C P:nvUbdizc  $00:9AAF: A6 E7    LDX $E7 = #$09
f1513   c45032552    i49457312    A:0F X:09 Y:06 S:4C P:nvUbdizc  $00:9AB1: 9D E8 05 STA $05E8,X @ $05F1 = #$0F
f1513   c45032557    i49457313    A:0F X:09 Y:06 S:4C P:nvUbdizc  $00:9AB4: E6 E7    INC $E7 = #$09
f1513   c45032562    i49457314    A:0F X:09 Y:06 S:4C P:nvUbdizc  $00:9AB6: C8       INY
f1513   c45032564    i49457315    A:0F X:09 Y:07 S:4C P:nvUbdizc  $00:9AB7: 60       RTS (from $9AA2)
f1513   c45032570    i49457316    A:0F X:09 Y:07 S:4E P:nvUbdizc  $00:9A89: C0 10    CPY #$10
f1513   c45032572    i49457317    A:0F X:09 Y:07 S:4E P:NvUbdizc  $00:9A8B: D0 F1    BNE $9A7E
f1513   c45032575    i49457318    A:0F X:09 Y:07 S:4E P:NvUbdizc  $00:9A7E: B9 2A 06 LDA $062A,Y @ $0631 = #$0F
f1513   c45032579    i49457319    A:0F X:09 Y:07 S:4E P:nvUbdizc  $00:9A81: 29 30    AND #$30
f1513   c45032581    i49457320    A:00 X:09 Y:07 S:4E P:nvUbdiZc  $00:9A83: 18       CLC
f1513   c45032583    i49457321    A:00 X:09 Y:07 S:4E P:nvUbdiZc  $00:9A84: 65 4A    ADC $4A = #$0F
f1513   c45032586    i49457322    A:0F X:09 Y:07 S:4E P:nvUbdizc  $00:9A86: 20 A2 9A JSR $9AA2
f1513   c45032592    i49457323    A:0F X:09 Y:07 S:4C P:nvUbdizc  $00:9AA2: AA       TAX
f1513   c45032594    i49457324    A:0F X:0F Y:07 S:4C P:nvUbdizc  $00:9AA3: BD A2 9E LDA $9EA2,X @ $9EB1 = #$00
f1513   c45032598    i49457325    A:00 X:0F Y:07 S:4C P:nvUbdiZc  $00:9AA6: 85 E6    STA $E6 = #$00
f1513   c45032601    i49457326    A:00 X:0F Y:07 S:4C P:nvUbdiZc  $00:9AA8: B9 2A 06 LDA $062A,Y @ $0631 = #$0F
f1513   c45032605    i49457327    A:0F X:0F Y:07 S:4C P:nvUbdizc  $00:9AAB: 29 0F    AND #$0F
f1513   c45032607    i49457328    A:0F X:0F Y:07 S:4C P:nvUbdizc  $00:9AAD: 05 E6    ORA $E6 = #$00
f1513   c45032610    i49457329    A:0F X:0F Y:07 S:4C P:nvUbdizc  $00:9AAF: A6 E7    LDX $E7 = #$0A
f1513   c45032613    i49457330    A:0F X:0A Y:07 S:4C P:nvUbdizc  $00:9AB1: 9D E8 05 STA $05E8,X @ $05F2 = #$10
f1513   c45032618    i49457331    A:0F X:0A Y:07 S:4C P:nvUbdizc  $00:9AB4: E6 E7    INC $E7 = #$0A
f1513   c45032623    i49457332    A:0F X:0A Y:07 S:4C P:nvUbdizc  $00:9AB6: C8       INY
f1513   c45032625    i49457333    A:0F X:0A Y:08 S:4C P:nvUbdizc  $00:9AB7: 60       RTS (from $9AA2)
f1513   c45032631    i49457334    A:0F X:0A Y:08 S:4E P:nvUbdizc  $00:9A89: C0 10    CPY #$10
f1513   c45032633    i49457335    A:0F X:0A Y:08 S:4E P:NvUbdizc  $00:9A8B: D0 F1    BNE $9A7E
f1513   c45032636    i49457336    A:0F X:0A Y:08 S:4E P:NvUbdizc  $00:9A7E: B9 2A 06 LDA $062A,Y @ $0632 = #$0F
f1513   c45032640    i49457337    A:0F X:0A Y:08 S:4E P:nvUbdizc  $00:9A81: 29 30    AND #$30
f1513   c45032642    i49457338    A:00 X:0A Y:08 S:4E P:nvUbdiZc  $00:9A83: 18       CLC
f1513   c45032644    i49457339    A:00 X:0A Y:08 S:4E P:nvUbdiZc  $00:9A84: 65 4A    ADC $4A = #$0F
f1513   c45032647    i49457340    A:0F X:0A Y:08 S:4E P:nvUbdizc  $00:9A86: 20 A2 9A JSR $9AA2
f1513   c45032653    i49457341    A:0F X:0A Y:08 S:4C P:nvUbdizc  $00:9AA2: AA       TAX
f1513   c45032655    i49457342    A:0F X:0F Y:08 S:4C P:nvUbdizc  $00:9AA3: BD A2 9E LDA $9EA2,X @ $9EB1 = #$00
f1513   c45032659    i49457343    A:00 X:0F Y:08 S:4C P:nvUbdiZc  $00:9AA6: 85 E6    STA $E6 = #$00
f1513   c45032662    i49457344    A:00 X:0F Y:08 S:4C P:nvUbdiZc  $00:9AA8: B9 2A 06 LDA $062A,Y @ $0632 = #$0F
f1513   c45032666    i49457345    A:0F X:0F Y:08 S:4C P:nvUbdizc  $00:9AAB: 29 0F    AND #$0F
f1513   c45032668    i49457346    A:0F X:0F Y:08 S:4C P:nvUbdizc  $00:9AAD: 05 E6    ORA $E6 = #$00
f1516   c45121981    i49485653    A:D9 X:A8 Y:00 S:C8 P:NvUbdizc  $00:915D: AA       TAX
f1516   c45121983    i49485654    A:D9 X:D9 Y:00 S:C8 P:NvUbdizc  $00:915E: A0 04    LDY #$04
f1516   c45121985    i49485655    A:D9 X:D9 Y:04 S:C8 P:nvUbdizc  $00:9160: 20 4A 97 JSR $974A
f1516   c45121991    i49485656    A:D9 X:D9 Y:04 S:C6 P:nvUbdizc  $00:974A: B1 94    LDA ($94),Y @ $056C = #$00
f1516   c45121996    i49485657    A:00 X:D9 Y:04 S:C6 P:nvUbdiZc  $00:974C: 0A       ASL
f1516   c45121998    i49485658    A:00 X:D9 Y:04 S:C6 P:nvUbdiZc  $00:974D: C8       INY
f1516   c45122000    i49485659    A:00 X:D9 Y:05 S:C6 P:nvUbdizc  $00:974E: B1 94    LDA ($94),Y @ $056D = #$30
f1516   c45122005    i49485660    A:30 X:D9 Y:05 S:C6 P:nvUbdizc  $00:9750: 2A       ROL
f1516   c45122007    i49485661    A:60 X:D9 Y:05 S:C6 P:nvUbdizc  $00:9751: 99 95 00 STA $0095,Y @ $009A = #$60
f1516   c45122012    i49485662    A:60 X:D9 Y:05 S:C6 P:nvUbdizc  $00:9754: A9 00    LDA #$00
f1516   c45122014    i49485663    A:00 X:D9 Y:05 S:C6 P:nvUbdiZc  $00:9756: 2A       ROL
f1516   c45122016    i49485664    A:00 X:D9 Y:05 S:C6 P:nvUbdiZc  $00:9757: 99 96 00 STA $0096,Y @ $009B = #$00
f1516   c45122021    i49485665    A:00 X:D9 Y:05 S:C6 P:nvUbdiZc  $00:975A: 60       RTS (from $974A)
f1516   c45122027    i49485666    A:00 X:D9 Y:05 S:C8 P:nvUbdiZc  $00:9163: A0 06    LDY #$06
f1516   c45122029    i49485667    A:00 X:D9 Y:06 S:C8 P:nvUbdizc  $00:9165: 20 4A 97 JSR $974A
f1516   c45122035    i49485668    A:00 X:D9 Y:06 S:C6 P:nvUbdizc  $00:974A: B1 94    LDA ($94),Y @ $056E = #$00
f1516   c45122040    i49485669    A:00 X:D9 Y:06 S:C6 P:nvUbdiZc  $00:974C: 0A       ASL
f1516   c45122042    i49485670    A:00 X:D9 Y:06 S:C6 P:nvUbdiZc  $00:974D: C8       INY
f1516   c45122044    i49485671    A:00 X:D9 Y:07 S:C6 P:nvUbdizc  $00:974E: B1 94    LDA ($94),Y @ $056F = #$C0
f1516   c45122049    i49485672    A:C0 X:D9 Y:07 S:C6 P:NvUbdizc  $00:9750: 2A       ROL
f1516   c45122051    i49485673    A:80 X:D9 Y:07 S:C6 P:NvUbdizC  $00:9751: 99 95 00 STA $0095,Y @ $009C = #$80
f1516   c45122056    i49485674    A:80 X:D9 Y:07 S:C6 P:NvUbdizC  $00:9754: A9 00    LDA #$00
f1516   c45122058    i49485675    A:00 X:D9 Y:07 S:C6 P:nvUbdiZC  $00:9756: 2A       ROL
f1516   c45122060    i49485676    A:01 X:D9 Y:07 S:C6 P:nvUbdizc  $00:9757: 99 96 00 STA $0096,Y @ $009D = #$01
f1516   c45122065    i49485677    A:01 X:D9 Y:07 S:C6 P:nvUbdizc  $00:975A: 60       RTS (from $974A)
f1516   c45122071    i49485678    A:01 X:D9 Y:07 S:C8 P:nvUbdizc  $00:9168: 8A       TXA
f1516   c45122073    i49485679    A:D9 X:D9 Y:07 S:C8 P:NvUbdizc  $00:9169: 29 10    AND #$10
f1516   c45122075    i49485680    A:10 X:D9 Y:07 S:C8 P:nvUbdizc  $00:916B: D0 39    BNE $91A6
f1516   c45122078    i49485681    A:10 X:D9 Y:07 S:C8 P:nvUbdizc  $00:91A6: A9 00    LDA #$00
f1516   c45122080    i49485682    A:00 X:D9 Y:07 S:C8 P:nvUbdiZc  $00:91A8: 38       SEC
f1516   c45122082    i49485683    A:00 X:D9 Y:07 S:C8 P:nvUbdiZC  $00:91A9: E5 46    SBC $46 = #$00
f1516   c45122085    i49485684    A:00 X:D9 Y:07 S:C8 P:nvUbdiZC  $00:91AB: 85 E6    STA $E6 = #$00
f1516   c45122088    i49485685    A:00 X:D9 Y:07 S:C8 P:nvUbdiZC  $00:91AD: A9 00    LDA #$00
f1516   c45122090    i49485686    A:00 X:D9 Y:07 S:C8 P:nvUbdiZC  $00:91AF: 38       SEC
f1516   c45122092    i49485687    A:00 X:D9 Y:07 S:C8 P:nvUbdiZC  $00:91B0: E5 47    SBC $47 = #$F8
f1516   c45122095    i49485688    A:08 X:D9 Y:07 S:C8 P:nvUbdizc  $00:91B2: 85 E8    STA $E8 = #$08
f1516   c45122098    i49485689    A:08 X:D9 Y:07 S:C8 P:nvUbdizc  $00:91B4: A0 10    LDY #$10
f1516   c45122100    i49485690    A:08 X:D9 Y:10 S:C8 P:nvUbdizc  $00:91B6: B1 94    LDA ($94),Y @ $0578 = #$00
f1516   c45122105    i49485691    A:00 X:D9 Y:10 S:C8 P:nvUbdiZc  $00:91B8: AA       TAX
f1516   c45122107    i49485692    A:00 X:00 Y:10 S:C8 P:nvUbdiZc  $00:91B9: C8       INY
f1516   c45122109    i49485693    A:00 X:00 Y:11 S:C8 P:nvUbdizc  $00:91BA: B1 94    LDA ($94),Y @ $0579 = #$A8
f1516   c45122114    i49485694    A:A8 X:00 Y:11 S:C8 P:NvUbdizc  $00:91BC: 4A       LSR
f1519   c45211734    i49514174    A:00 X:D9 Y:05 S:C6 P:nvUbdiZc  $00:9756: 2A       ROL
f1519   c45211736    i49514175    A:00 X:D9 Y:05 S:C6 P:nvUbdiZc  $00:9757: 99 96 00 STA $0096,Y @ $009B = #$00
f1519   c45211741    i49514176    A:00 X:D9 Y:05 S:C6 P:nvUbdiZc  $00:975A: 60       RTS (from $974A)
f1519   c45211747    i49514177    A:00 X:D9 Y:05 S:C8 P:nvUbdiZc  $00:9163: A0 06    LDY #$06
f1519   c45211749    i49514178    A:00 X:D9 Y:06 S:C8 P:nvUbdizc  $00:9165: 20 4A 97 JSR $974A
f1519   c45211755    i49514179    A:00 X:D9 Y:06 S:C6 P:nvUbdizc  $00:974A: B1 94    LDA ($94),Y @ $056E = #$00
f1519   c45211760    i49514180    A:00 X:D9 Y:06 S:C6 P:nvUbdiZc  $00:974C: 0A       ASL
f1519   c45211762    i49514181    A:00 X:D9 Y:06 S:C6 P:nvUbdiZc  $00:974D: C8       INY
f1519   c45211764    i49514182    A:00 X:D9 Y:07 S:C6 P:nvUbdizc  $00:974E: B1 94    LDA ($94),Y @ $056F = #$C0
f1519   c45211769    i49514183    A:C0 X:D9 Y:07 S:C6 P:NvUbdizc  $00:9750: 2A       ROL
f1519   c45211771    i49514184    A:80 X:D9 Y:07 S:C6 P:NvUbdizC  $00:9751: 99 95 00 STA $0095,Y @ $009C = #$80
f1519   c45211776    i49514185    A:80 X:D9 Y:07 S:C6 P:NvUbdizC  $00:9754: A9 00    LDA #$00
f1519   c45211778    i49514186    A:00 X:D9 Y:07 S:C6 P:nvUbdiZC  $00:9756: 2A       ROL
f1519   c45211780    i49514187    A:01 X:D9 Y:07 S:C6 P:nvUbdizc  $00:9757: 99 96 00 STA $0096,Y @ $009D = #$01
f1519   c45211785    i49514188    A:01 X:D9 Y:07 S:C6 P:nvUbdizc  $00:975A: 60       RTS (from $974A)
f1519   c45211791    i49514189    A:01 X:D9 Y:07 S:C8 P:nvUbdizc  $00:9168: 8A       TXA
f1519   c45211793    i49514190    A:D9 X:D9 Y:07 S:C8 P:NvUbdizc  $00:9169: 29 10    AND #$10
f1519   c45211795    i49514191    A:10 X:D9 Y:07 S:C8 P:nvUbdizc  $00:916B: D0 39    BNE $91A6
f1519   c45211798    i49514192    A:10 X:D9 Y:07 S:C8 P:nvUbdizc  $00:91A6: A9 00    LDA #$00
f1519   c45211800    i49514193    A:00 X:D9 Y:07 S:C8 P:nvUbdiZc  $00:91A8: 38       SEC
f1519   c45211802    i49514194    A:00 X:D9 Y:07 S:C8 P:nvUbdiZC  $00:91A9: E5 46    SBC $46 = #$00
f1519   c45211805    i49514195    A:00 X:D9 Y:07 S:C8 P:nvUbdiZC  $00:91AB: 85 E6    STA $E6 = #$00
f1519   c45211812    i49514196    A:00 X:D9 Y:07 S:C8 P:nvUbdiZC  $00:91AD: A9 00    LDA #$00
f1519   c45211814    i49514197    A:00 X:D9 Y:07 S:C8 P:nvUbdiZC  $00:91AF: 38       SEC
f1519   c45211816    i49514198    A:00 X:D9 Y:07 S:C8 P:nvUbdiZC  $00:91B0: E5 47    SBC $47 = #$F8
f1519   c45211819    i49514199    A:08 X:D9 Y:07 S:C8 P:nvUbdizc  $00:91B2: 85 E8    STA $E8 = #$07
f1519   c45211822    i49514200    A:08 X:D9 Y:07 S:C8 P:nvUbdizc  $00:91B4: A0 10    LDY #$10
f1519   c45211824    i49514201    A:08 X:D9 Y:10 S:C8 P:nvUbdizc  $00:91B6: B1 94    LDA ($94),Y @ $0578 = #$00
f1519   c45211829    i49514202    A:00 X:D9 Y:10 S:C8 P:nvUbdiZc  $00:91B8: AA       TAX
f1519   c45211831    i49514203    A:00 X:00 Y:10 S:C8 P:nvUbdiZc  $00:91B9: C8       INY
f1519   c45211833    i49514204    A:00 X:00 Y:11 S:C8 P:nvUbdizc  $00:91BA: B1 94    LDA ($94),Y @ $0579 = #$A8
f1519   c45211838    i49514205    A:A8 X:00 Y:11 S:C8 P:NvUbdizc  $00:91BC: 4A       LSR
f1519   c45211840    i49514206    A:54 X:00 Y:11 S:C8 P:nvUbdizc  $00:91BD: 4A       LSR
f1519   c45211842    i49514207    A:2A X:00 Y:11 S:C8 P:nvUbdizc  $00:91BE: A8       TAY
f1519   c45211844    i49514208    A:2A X:00 Y:2A S:C8 P:nvUbdizc  $00:91BF: A5 E6    LDA $E6 = #$00
f1519   c45211847    i49514209    A:00 X:00 Y:2A S:C8 P:nvUbdiZc  $00:91C1: 18       CLC
f1519   c45211849    i49514210    A:00 X:00 Y:2A S:C8 P:nvUbdiZc  $00:91C2: 7D 68 04 ADC $0468,X @ $0468 = #$50
f1519   c45211853    i49514211    A:50 X:00 Y:2A S:C8 P:nvUbdizc  $00:91C5: 9D 68 04 STA $0468,X @ $0468 = #$50
f1519   c45211858    i49514212    A:50 X:00 Y:2A S:C8 P:nvUbdizc  $00:91C8: 6A       ROR
f1519   c45211860    i49514213    A:28 X:00 Y:2A S:C8 P:nvUbdizc  $00:91C9: 45 E6    EOR $E6 = #$00
f1519   c45211863    i49514214    A:28 X:00 Y:2A S:C8 P:nvUbdizc  $00:91CB: 10 08    BPL $91D5
f1519   c45211866    i49514215    A:28 X:00 Y:2A S:C8 P:nvUbdizc  $00:91D5: A5 E8    LDA $E8 = #$08
f1519   c45218592    i49516300    A:00 X:00 Y:F8 S:EC P:nvUbdiZc  $01:A8EE: 99 02 02 STA $0202,Y @ $02FA = #$00
f1519   c45218597    i49516301    A:00 X:00 Y:F8 S:EC P:nvUbdiZc  $01:A8F1: B9 6B 04 LDA $046B,Y @ $0563 = #$00
f1519   c45218602    i49516302    A:00 X:00 Y:F8 S:EC P:nvUbdiZc  $01:A8F4: 99 03 02 STA $0203,Y @ $02FB = #$00
f1519   c45218607    i49516303    A:00 X:00 Y:F8 S:EC P:nvUbdiZc  $01:A8F7: C8       INY
f1519   c45218609    i49516304    A:00 X:00 Y:F9 S:EC P:NvUbdizc  $01:A8F8: C8       INY
f1519   c45218611    i49516305    A:00 X:00 Y:FA S:EC P:NvUbdizc  $01:A8F9: C8       INY
f1519   c45218613    i49516306    A:00 X:00 Y:FB S:EC P:NvUbdizc  $01:A8FA: C8       INY
f1519   c45218615    i49516307    A:00 X:00 Y:FC S:EC P:NvUbdizc  $01:A8FB: D0 D8    BNE $A8D5
f1519   c45218618    i49516308    A:00 X:00 Y:FC S:EC P:NvUbdizc  $01:A8D5: BE 68 04 LDX $0468,Y @ $0564 = #$00
f1519   c45218623    i49516309    A:00 X:00 Y:FC S:EC P:nvUbdiZc  $01:A8D8: B9 6A 04 LDA $046A,Y @ $0566 = #$00
f1519   c45218628    i49516310    A:00 X:00 Y:FC S:EC P:nvUbdiZc  $01:A8DB: 29 0C    AND #$0C
f1519   c45218630    i49516311    A:00 X:00 Y:FC S:EC P:nvUbdiZc  $01:A8DD: F0 02    BEQ $A8E1
f1519   c45218633    i49516312    A:00 X:00 Y:FC S:EC P:nvUbdiZc  $01:A8E1: 8A       TXA
f1519   c45218635    i49516313    A:00 X:00 Y:FC S:EC P:nvUbdiZc  $01:A8E2: 99 00 02 STA $0200,Y @ $02FC = #$00
f1519   c45218640    i49516314    A:00 X:00 Y:FC S:EC P:nvUbdiZc  $01:A8E5: B9 69 04 LDA $0469,Y @ $0565 = #$00
f1519   c45218645    i49516315    A:00 X:00 Y:FC S:EC P:nvUbdiZc  $01:A8E8: 99 01 02 STA $0201,Y @ $02FD = #$00
f1519   c45218650    i49516316    A:00 X:00 Y:FC S:EC P:nvUbdiZc  $01:A8EB: B9 6A 04 LDA $046A,Y @ $0566 = #$00
f1519   c45218655    i49516317    A:00 X:00 Y:FC S:EC P:nvUbdiZc  $01:A8EE: 99 02 02 STA $0202,Y @ $02FE = #$00
f1519   c45218660    i49516318    A:00 X:00 Y:FC S:EC P:nvUbdiZc  $01:A8F1: B9 6B 04 LDA $046B,Y @ $0567 = #$F8
f1519   c45218665    i49516319    A:F8 X:00 Y:FC S:EC P:NvUbdizc  $01:A8F4: 99 03 02 STA $0203,Y @ $02FF = #$F8
f1519   c45218670    i49516320    A:F8 X:00 Y:FC S:EC P:NvUbdizc  $01:A8F7: C8       INY
f1519   c45218672    i49516321    A:F8 X:00 Y:FD S:EC P:NvUbdizc  $01:A8F8: C8       INY
f1519   c45218674    i49516322    A:F8 X:00 Y:FE S:EC P:NvUbdizc  $01:A8F9: C8       INY
f1519   c45218676    i49516323    A:F8 X:00 Y:FF S:EC P:NvUbdizc  $01:A8FA: C8       INY
f1519   c45218678    i49516324    A:F8 X:00 Y:00 S:EC P:nvUbdiZc  $01:A8FB: D0 D8    BNE $A8D5
f1519   c45218680    i49516325    A:F8 X:00 Y:00 S:EC P:nvUbdiZc  $01:A8FD: 60       RTS (from $A215)
f1519   c45218686    i49516326    A:F8 X:00 Y:00 S:EE P:nvUbdiZc  $00:8392: A2 06    LDX #$06
f1519   c45218688    i49516327    A:F8 X:06 Y:00 S:EE P:nvUbdizc  $00:8394: 20 B9 C4 JSR $C4B9
f1519   c45218694    i49516328    A:F8 X:06 Y:00 S:EC P:nvUbdizc  $0F:C4B9: 86 25    STX $25 = #$02
f1519   c45218697    i49516329    A:F8 X:06 Y:00 S:EC P:nvUbdizc  $0F:C4BB: A9 07    LDA #$07
f1519   c45218699    i49516330    A:07 X:06 Y:00 S:EC P:nvUbdizc  $0F:C4BD: 05 22    ORA $22 = #$00
f1519   c45218702    i49516331    A:07 X:06 Y:00 S:EC P:nvUbdizc  $0F:C4BF: 85 23    STA $23 = #$06
f1519   c45218705    i49516332    A:07 X:06 Y:00 S:EC P:nvUbdizc  $0F:C4C1: 8D 00 80 STA $8000 = #$A5
f1519   c45218709    i49516333    A:07 X:06 Y:00 S:EC P:nvUbdizc  $0F:C4C4: 8E 01 80 STX $8001 = #$27
f1519   c45218713    i49516334    A:07 X:06 Y:00 S:EC P:nvUbdizc  $0F:C4C7: 60       RTS (from $C4B9)
f1519   c45218719    i49516335    A:07 X:06 Y:00 S:EE P:nvUbdizc  $00:8397: 60       RTS (from $838A)
f1519   c45218729    i49516336    A:07 X:06 Y:00 S:F0 P:nvUbdizc  $00:82F0: A5 4C    LDA $4C = #$00
f1519   c45218732    i49516337    A:00 X:06 Y:00 S:F0 P:nvUbdiZc  $00:82F2: 10 F9    BPL $82ED
f1519   c45218735    i49516338    A:00 X:06 Y:00 S:F0 P:nvUbdiZc  $00:82ED: 20 8A 83 JSR $838A
f1519   c45218741    i49516339    A:00 X:06 Y:00 S:EE P:nvUbdiZc  $00:838A: A2 02    LDX #$02
f1519   c45218743    i49516340    A:00 X:02 Y:00 S:EE P:nvUbdizc  $00:838C: 20 B9 C4 JSR $C4B9
f1521   c45271297    i49533076    A:00 X:D9 Y:05 S:C6 P:nvUbdiZc  $00:975A: 60       RTS (from $974A)
f1521   c45271303    i49533077    A:00 X:D9 Y:05 S:C8 P:nvUbdiZc  $00:9163: A0 06    LDY #$06
f1521   c45271305    i49533078    A:00 X:D9 Y:06 S:C8 P:nvUbdizc  $00:9165: 20 4A 97 JSR $974A
f1521   c45271311    i49533079    A:00 X:D9 Y:06 S:C6 P:nvUbdizc  $00:974A: B1 94    LDA ($94),Y @ $056E = #$00
f1521   c45271316    i49533080    A:00 X:D9 Y:06 S:C6 P:nvUbdiZc  $00:974C: 0A       ASL
f1521   c45271318    i49533081    A:00 X:D9 Y:06 S:C6 P:nvUbdiZc  $00:974D: C8       INY
f1521   c45271320    i49533082    A:00 X:D9 Y:07 S:C6 P:nvUbdizc  $00:974E: B1 94    LDA ($94),Y @ $056F = #$C0
f1521   c45271325    i49533083    A:C0 X:D9 Y:07 S:C6 P:NvUbdizc  $00:9750: 2A       ROL
f1521   c45271327    i49533084    A:80 X:D9 Y:07 S:C6 P:NvUbdizC  $00:9751: 99 95 00 STA $0095,Y @ $009C = #$80
f1521   c45271332    i49533085    A:80 X:D9 Y:07 S:C6 P:NvUbdizC  $00:9754: A9 00    LDA #$00
f1521   c45271334    i49533086    A:00 X:D9 Y:07 S:C6 P:nvUbdiZC  $00:9756: 2A       ROL
f1521   c45271336    i49533087    A:01 X:D9 Y:07 S:C6 P:nvUbdizc  $00:9757: 99 96 00 STA $0096,Y @ $009D = #$01
f1521   c45271341    i49533088    A:01 X:D9 Y:07 S:C6 P:nvUbdizc  $00:975A: 60       RTS (from $974A)
f1521   c45271347    i49533089    A:01 X:D9 Y:07 S:C8 P:nvUbdizc  $00:9168: 8A       TXA
f1521   c45271349    i49533090    A:D9 X:D9 Y:07 S:C8 P:NvUbdizc  $00:9169: 29 10    AND #$10
f1521   c45271351    i49533091    A:10 X:D9 Y:07 S:C8 P:nvUbdizc  $00:916B: D0 39    BNE $91A6
f1521   c45271354    i49533092    A:10 X:D9 Y:07 S:C8 P:nvUbdizc  $00:91A6: A9 00    LDA #$00
f1521   c45271356    i49533093    A:00 X:D9 Y:07 S:C8 P:nvUbdiZc  $00:91A8: 38       SEC
f1521   c45271358    i49533094    A:00 X:D9 Y:07 S:C8 P:nvUbdiZC  $00:91A9: E5 46    SBC $46 = #$00
f1521   c45271361    i49533095    A:00 X:D9 Y:07 S:C8 P:nvUbdiZC  $00:91AB: 85 E6    STA $E6 = #$00
f1521   c45271364    i49533096    A:00 X:D9 Y:07 S:C8 P:nvUbdiZC  $00:91AD: A9 00    LDA #$00
f1521   c45271366    i49533097    A:00 X:D9 Y:07 S:C8 P:nvUbdiZC  $00:91AF: 38       SEC
f1521   c45271368    i49533098    A:00 X:D9 Y:07 S:C8 P:nvUbdiZC  $00:91B0: E5 47    SBC $47 = #$F8
f1521   c45271371    i49533099    A:08 X:D9 Y:07 S:C8 P:nvUbdizc  $00:91B2: 85 E8    STA $E8 = #$08
f1521   c45271374    i49533100    A:08 X:D9 Y:07 S:C8 P:nvUbdizc  $00:91B4: A0 10    LDY #$10
f1521   c45271376    i49533101    A:08 X:D9 Y:10 S:C8 P:nvUbdizc  $00:91B6: B1 94    LDA ($94),Y @ $0578 = #$00
f1521   c45271381    i49533102    A:00 X:D9 Y:10 S:C8 P:nvUbdiZc  $00:91B8: AA       TAX
f1521   c45271383    i49533103    A:00 X:00 Y:10 S:C8 P:nvUbdiZc  $00:91B9: C8       INY
f1521   c45271385    i49533104    A:00 X:00 Y:11 S:C8 P:nvUbdizc  $00:91BA: B1 94    LDA ($94),Y @ $0579 = #$A8
f1521   c45271390    i49533105    A:A8 X:00 Y:11 S:C8 P:NvUbdizc  $00:91BC: 4A       LSR
f1521   c45271392    i49533106    A:54 X:00 Y:11 S:C8 P:nvUbdizc  $00:91BD: 4A       LSR
f1521   c45271394    i49533107    A:2A X:00 Y:11 S:C8 P:nvUbdizc  $00:91BE: A8       TAY
f1521   c45271396    i49533108    A:2A X:00 Y:2A S:C8 P:nvUbdizc  $00:91BF: A5 E6    LDA $E6 = #$00
f1521   c45271399    i49533109    A:00 X:00 Y:2A S:C8 P:nvUbdiZc  $00:91C1: 18       CLC
f1521   c45271401    i49533110    A:00 X:00 Y:2A S:C8 P:nvUbdiZc  $00:91C2: 7D 68 04 ADC $0468,X @ $0468 = #$50
f1521   c45271405    i49533111    A:50 X:00 Y:2A S:C8 P:nvUbdizc  $00:91C5: 9D 68 04 STA $0468,X @ $0468 = #$50
f1521   c45271410    i49533112    A:50 X:00 Y:2A S:C8 P:nvUbdizc  $00:91C8: 6A       ROR
f1521   c45271412    i49533113    A:28 X:00 Y:2A S:C8 P:nvUbdizc  $00:91C9: 45 E6    EOR $E6 = #$00
f1521   c45271415    i49533114    A:28 X:00 Y:2A S:C8 P:nvUbdizc  $00:91CB: 10 08    BPL $91D5
f1521   c45271418    i49533115    A:28 X:00 Y:2A S:C8 P:nvUbdizc  $00:91D5: A5 E8    LDA $E8 = #$08
f1521   c45271421    i49533116    A:08 X:00 Y:2A S:C8 P:nvUbdizc  $00:91D7: 18       CLC
f1521   c45271427    i49533117    A:08 X:00 Y:2A S:C8 P:nvUbdizc  $00:91D8: 7D 6B 04 ADC $046B,X @ $046B = #$24
f1522   c45303913    i49543499    A:00 X:15 Y:00 S:BC P:nvUbdiZc  $00:9F2E: 8D 01 80 STA $8001 = #$27
f1522   c45303917    i49543500    A:00 X:15 Y:00 S:BC P:nvUbdiZc  $00:9F31: B5 01    LDA $01,X @ $0016 = #$E0
f1522   c45303921    i49543501    A:E0 X:15 Y:00 S:BC P:NvUbdizc  $00:9F33: AA       TAX
f1522   c45303923    i49543502    A:E0 X:E0 Y:00 S:BC P:NvUbdizc  $00:9F34: 9A       TXS
f1522   c45303925    i49543503    A:E0 X:E0 Y:00 S:E0 P:NvUbdizc  $00:9F35: 68       PLA
f1522   c45303929    i49543504    A:30 X:E0 Y:00 S:E1 P:nvUbdizc  $00:9F36: 85 E6    STA $E6 = #$00
f1522   c45303932    i49543505    A:30 X:E0 Y:00 S:E1 P:nvUbdizc  $00:9F38: 68       PLA
f1522   c45303936    i49543506    A:23 X:E0 Y:00 S:E2 P:nvUbdizc  $00:9F39: 85 E7    STA $E7 = #$AB
f1522   c45303939    i49543507    A:23 X:E0 Y:00 S:E2 P:nvUbdizc  $00:9F3B: 68       PLA
f1522   c45303943    i49543508    A:00 X:E0 Y:00 S:E3 P:nvUbdiZc  $00:9F3C: 85 E8    STA $E8 = #$07
f1522   c45303946    i49543509    A:00 X:E0 Y:00 S:E3 P:nvUbdiZc  $00:9F3E: 68       PLA
f1522   c45303950    i49543510    A:00 X:E0 Y:00 S:E4 P:nvUbdiZc  $00:9F3F: 85 E9    STA $E9 = #$01
f1522   c45303953    i49543511    A:00 X:E0 Y:00 S:E4 P:nvUbdiZc  $00:9F41: 68       PLA
f1522   c45303957    i49543512    A:02 X:E0 Y:00 S:E5 P:nvUbdizc  $00:9F42: 85 EA    STA $EA = #$78
f1522   c45303960    i49543513    A:02 X:E0 Y:00 S:E5 P:nvUbdizc  $00:9F44: 68       PLA
f1522   c45303964    i49543514    A:03 X:E0 Y:00 S:E6 P:nvUbdizc  $00:9F45: 85 EB    STA $EB = #$00
f1522   c45303967    i49543515    A:03 X:E0 Y:00 S:E6 P:nvUbdizc  $00:9F47: 68       PLA
f1522   c45303971    i49543516    A:96 X:E0 Y:00 S:E7 P:NvUbdizc  $00:9F48: 85 EC    STA $EC = #$44
f1522   c45303974    i49543517    A:96 X:E0 Y:00 S:E7 P:NvUbdizc  $00:9F4A: 68       PLA
f1522   c45303978    i49543518    A:BA X:E0 Y:00 S:E8 P:NvUbdizc  $00:9F4B: 85 ED    STA $ED = #$00
f1522   c45303981    i49543519    A:BA X:E0 Y:00 S:E8 P:NvUbdizc  $00:9F4D: 68       PLA
f1522   c45303985    i49543520    A:00 X:E0 Y:00 S:E9 P:nvUbdiZc  $00:9F4E: A8       TAY
f1522   c45303987    i49543521    A:00 X:E0 Y:00 S:E9 P:nvUbdiZc  $00:9F4F: 68       PLA
f1522   c45303991    i49543522    A:02 X:E0 Y:00 S:EA P:nvUbdizc  $00:9F50: AA       TAX
f1522   c45303993    i49543523    A:02 X:02 Y:00 S:EA P:nvUbdizc  $00:9F51: 60       RTS (from $9FA8)
f1522   c45303999    i49543524    A:02 X:02 Y:00 S:EC P:nvUbdizc  $01:A8D3: A0 00    LDY #$00
f1522   c45304001    i49543525    A:02 X:02 Y:00 S:EC P:nvUbdiZc  $01:A8D5: BE 68 04 LDX $0468,Y @ $0468 = #$50
f1522   c45304005    i49543526    A:02 X:50 Y:00 S:EC P:nvUbdizc  $01:A8D8: B9 6A 04 LDA $046A,Y @ $046A = #$40
f1522   c45304009    i49543527    A:40 X:50 Y:00 S:EC P:nvUbdizc  $01:A8DB: 29 0C    AND #$0C
f1522   c45304011    i49543528    A:00 X:50 Y:00 S:EC P:nvUbdiZc  $01:A8DD: F0 02    BEQ $A8E1
f1522   c45304014    i49543529    A:00 X:50 Y:00 S:EC P:nvUbdiZc  $01:A8E1: 8A       TXA
f1522   c45304016    i49543530    A:50 X:50 Y:00 S:EC P:nvUbdizc  $01:A8E2: 99 00 02 STA $0200,Y @ $0200 = #$50
f1522   c45304021    i49543531    A:50 X:50 Y:00 S:EC P:nvUbdizc  $01:A8E5: B9 69 04 LDA $0469,Y @ $0469 = #$81
f1522   c45304025    i49543532    A:81 X:50 Y:00 S:EC P:NvUbdizc  $01:A8E8: 99 01 02 STA $0201,Y @ $0201 = #$81
f1522   c45304030    i49543533    A:81 X:50 Y:00 S:EC P:NvUbdizc  $01:A8EB: B9 6A 04 LDA $046A,Y @ $046A = #$40
f1522   c45304034    i49543534    A:40 X:50 Y:00 S:EC P:nvUbdizc  $01:A8EE: 99 02 02 STA $0202,Y @ $0202 = #$40
f1522   c45304039    i49543535    A:40 X:50 Y:00 S:EC P:nvUbdizc  $01:A8F1: B9 6B 04 LDA $046B,Y @ $046B = #$33
f1522   c45304043    i49543536    A:33 X:50 Y:00 S:EC P:nvUbdizc  $01:A8F4: 99 03 02 STA $0203,Y @ $0203 = #$2C
f1522   c45304048    i49543537    A:33 X:50 Y:00 S:EC P:nvUbdizc  $01:A8F7: C8       INY
f1522   c45304050    i49543538    A:33 X:50 Y:01 S:EC P:nvUbdizc  $01:A8F8: C8       INY
f1522   c45304052    i49543539    A:33 X:50 Y:02 S:EC P:nvUbdizc  $01:A8F9: C8       INY
f1522   c45304054    i49543540    A:33 X:50 Y:03 S:EC P:nvUbdizc  $01:A8FA: C8       INY
f1523   c45330812    i49551998    A:30 X:D9 Y:05 S:C6 P:nvUbdizc  $00:9750: 2A       ROL
f1523   c45330814    i49551999    A:60 X:D9 Y:05 S:C6 P:nvUbdizc  $00:9751: 99 95 00 STA $0095,Y @ $009A = #$60
f1523   c45330819    i49552000    A:60 X:D9 Y:05 S:C6 P:nvUbdizc  $00:9754: A9 00    LDA #$00
f1523   c45330821    i49552001    A:00 X:D9 Y:05 S:C6 P:nvUbdiZc  $00:9756: 2A       ROL
f1523   c45330823    i49552002    A:00 X:D9 Y:05 S:C6 P:nvUbdiZc  $00:9757: 99 96 00 STA $0096,Y @ $009B = #$00
f1523   c45330828    i49552003    A:00 X:D9 Y:05 S:C6 P:nvUbdiZc  $00:975A: 60       RTS (from $974A)
f1523   c45330834    i49552004    A:00 X:D9 Y:05 S:C8 P:nvUbdiZc  $00:9163: A0 06    LDY #$06
f1523   c45330836    i49552005    A:00 X:D9 Y:06 S:C8 P:nvUbdizc  $00:9165: 20 4A 97 JSR $974A
f1523   c45330842    i49552006    A:00 X:D9 Y:06 S:C6 P:nvUbdizc  $00:974A: B1 94    LDA ($94),Y @ $056E = #$00
f1523   c45330847    i49552007    A:00 X:D9 Y:06 S:C6 P:nvUbdiZc  $00:974C: 0A       ASL
f1523   c45330849    i49552008    A:00 X:D9 Y:06 S:C6 P:nvUbdiZc  $00:974D: C8       INY
f1523   c45330851    i49552009    A:00 X:D9 Y:07 S:C6 P:nvUbdizc  $00:974E: B1 94    LDA ($94),Y @ $056F = #$C0
f1523   c45330856    i49552010    A:C0 X:D9 Y:07 S:C6 P:NvUbdizc  $00:9750: 2A       ROL
f1523   c45330858    i49552011    A:80 X:D9 Y:07 S:C6 P:NvUbdizC  $00:9751: 99 95 00 STA $0095,Y @ $009C = #$80
f1523   c45330863    i49552012    A:80 X:D9 Y:07 S:C6 P:NvUbdizC  $00:9754: A9 00    LDA #$00
f1523   c45330865    i49552013    A:00 X:D9 Y:07 S:C6 P:nvUbdiZC  $00:9756: 2A       ROL
f1523   c45330867    i49552014    A:01 X:D9 Y:07 S:C6 P:nvUbdizc  $00:9757: 99 96 00 STA $0096,Y @ $009D = #$01
f1523   c45330872    i49552015    A:01 X:D9 Y:07 S:C6 P:nvUbdizc  $00:975A: 60       RTS (from $974A)
f1523   c45330878    i49552016    A:01 X:D9 Y:07 S:C8 P:nvUbdizc  $00:9168: 8A       TXA
f1523   c45330880    i49552017    A:D9 X:D9 Y:07 S:C8 P:NvUbdizc  $00:9169: 29 10    AND #$10
f1523   c45330882    i49552018    A:10 X:D9 Y:07 S:C8 P:nvUbdizc  $00:916B: D0 39    BNE $91A6
f1523   c45330885    i49552019    A:10 X:D9 Y:07 S:C8 P:nvUbdizc  $00:91A6: A9 00    LDA #$00
f1523   c45330887    i49552020    A:00 X:D9 Y:07 S:C8 P:nvUbdiZc  $00:91A8: 38       SEC
f1523   c45330889    i49552021    A:00 X:D9 Y:07 S:C8 P:nvUbdiZC  $00:91A9: E5 46    SBC $46 = #$00
f1523   c45330892    i49552022    A:00 X:D9 Y:07 S:C8 P:nvUbdiZC  $00:91AB: 85 E6    STA $E6 = #$00
f1523   c45330895    i49552023    A:00 X:D9 Y:07 S:C8 P:nvUbdiZC  $00:91AD: A9 00    LDA #$00
f1523   c45330897    i49552024    A:00 X:D9 Y:07 S:C8 P:nvUbdiZC  $00:91AF: 38       SEC
f1523   c45330899    i49552025    A:00 X:D9 Y:07 S:C8 P:nvUbdiZC  $00:91B0: E5 47    SBC $47 = #$F8
f1523   c45330902    i49552026    A:08 X:D9 Y:07 S:C8 P:nvUbdizc  $00:91B2: 85 E8    STA $E8 = #$07
f1523   c45330905    i49552027    A:08 X:D9 Y:07 S:C8 P:nvUbdizc  $00:91B4: A0 10    LDY #$10
f1523   c45330907    i49552028    A:08 X:D9 Y:10 S:C8 P:nvUbdizc  $00:91B6: B1 94    LDA ($94),Y @ $0578 = #$00
f1523   c45330912    i49552029    A:00 X:D9 Y:10 S:C8 P:nvUbdiZc  $00:91B8: AA       TAX
f1523   c45330914    i49552030    A:00 X:00 Y:10 S:C8 P:nvUbdiZc  $00:91B9: C8       INY
f1523   c45330916    i49552031    A:00 X:00 Y:11 S:C8 P:nvUbdizc  $00:91BA: B1 94    LDA ($94),Y @ $0579 = #$A8
f1523   c45330921    i49552032    A:A8 X:00 Y:11 S:C8 P:NvUbdizc  $00:91BC: 4A       LSR
f1523   c45330923    i49552033    A:54 X:00 Y:11 S:C8 P:nvUbdizc  $00:91BD: 4A       LSR
f1523   c45330925    i49552034    A:2A X:00 Y:11 S:C8 P:nvUbdizc  $00:91BE: A8       TAY
f1523   c45330927    i49552035    A:2A X:00 Y:2A S:C8 P:nvUbdizc  $00:91BF: A5 E6    LDA $E6 = #$00
f1523   c45330930    i49552036    A:00 X:00 Y:2A S:C8 P:nvUbdiZc  $00:91C1: 18       CLC
f1523   c45330932    i49552037    A:00 X:00 Y:2A S:C8 P:nvUbdiZc  $00:91C2: 7D 68 04 ADC $0468,X @ $0468 = #$50
f1523   c45330936    i49552038    A:50 X:00 Y:2A S:C8 P:nvUbdizc  $00:91C5: 9D 68 04 STA $0468,X @ $0468 = #$50
f1523   c45330941    i49552039    A:50 X:00 Y:2A S:C8 P:nvUbdizc  $00:91C8: 6A       ROR
f1524   c45360422    i49561479    A:00 X:D9 Y:05 S:C6 P:nvUbdiZc  $00:975A: 60       RTS (from $974A)
f1524   c45360428    i49561480    A:00 X:D9 Y:05 S:C8 P:nvUbdiZc  $00:9163: A0 06    LDY #$06
f1524   c45360430    i49561481    A:00 X:D9 Y:06 S:C8 P:nvUbdizc  $00:9165: 20 4A 97 JSR $974A
f1524   c45360436    i49561482    A:00 X:D9 Y:06 S:C6 P:nvUbdizc  $00:974A: B1 94    LDA ($94),Y @ $056E = #$00
f1524   c45360441    i49561483    A:00 X:D9 Y:06 S:C6 P:nvUbdiZc  $00:974C: 0A       ASL
f1524   c45360443    i49561484    A:00 X:D9 Y:06 S:C6 P:nvUbdiZc  $00:974D: C8       INY
f1524   c45360445    i49561485    A:00 X:D9 Y:07 S:C6 P:nvUbdizc  $00:974E: B1 94    LDA ($94),Y @ $056F = #$C0
f1524   c45360450    i49561486    A:C0 X:D9 Y:07 S:C6 P:NvUbdizc  $00:9750: 2A       ROL
f1524   c45360452    i49561487    A:80 X:D9 Y:07 S:C6 P:NvUbdizC  $00:9751: 99 95 00 STA $0095,Y @ $009C = #$80
f1524   c45360457    i49561488    A:80 X:D9 Y:07 S:C6 P:NvUbdizC  $00:9754: A9 00    LDA #$00
f1524   c45360459    i49561489    A:00 X:D9 Y:07 S:C6 P:nvUbdiZC  $00:9756: 2A       ROL
f1524   c45360461    i49561490    A:01 X:D9 Y:07 S:C6 P:nvUbdizc  $00:9757: 99 96 00 STA $0096,Y @ $009D = #$01
f1524   c45360466    i49561491    A:01 X:D9 Y:07 S:C6 P:nvUbdizc  $00:975A: 60       RTS (from $974A)
f1524   c45360472    i49561492    A:01 X:D9 Y:07 S:C8 P:nvUbdizc  $00:9168: 8A       TXA
f1524   c45360474    i49561493    A:D9 X:D9 Y:07 S:C8 P:NvUbdizc  $00:9169: 29 10    AND #$10
f1524   c45360476    i49561494    A:10 X:D9 Y:07 S:C8 P:nvUbdizc  $00:916B: D0 39    BNE $91A6
f1524   c45360479    i49561495    A:10 X:D9 Y:07 S:C8 P:nvUbdizc  $00:91A6: A9 00    LDA #$00
f1524   c45360481    i49561496    A:00 X:D9 Y:07 S:C8 P:nvUbdiZc  $00:91A8: 38       SEC
f1524   c45360483    i49561497    A:00 X:D9 Y:07 S:C8 P:nvUbdiZC  $00:91A9: E5 46    SBC $46 = #$00
f1524   c45360486    i49561498    A:00 X:D9 Y:07 S:C8 P:nvUbdiZC  $00:91AB: 85 E6    STA $E6 = #$00
f1524   c45360489    i49561499    A:00 X:D9 Y:07 S:C8 P:nvUbdiZC  $00:91AD: A9 00    LDA #$00
f1524   c45360491    i49561500    A:00 X:D9 Y:07 S:C8 P:nvUbdiZC  $00:91AF: 38       SEC
f1524   c45360493    i49561501    A:00 X:D9 Y:07 S:C8 P:nvUbdiZC  $00:91B0: E5 47    SBC $47 = #$F8
f1524   c45360496    i49561502    A:08 X:D9 Y:07 S:C8 P:nvUbdizc  $00:91B2: 85 E8    STA $E8 = #$08
f1524   c45360499    i49561503    A:08 X:D9 Y:07 S:C8 P:nvUbdizc  $00:91B4: A0 10    LDY #$10
f1524   c45360501    i49561504    A:08 X:D9 Y:10 S:C8 P:nvUbdizc  $00:91B6: B1 94    LDA ($94),Y @ $0578 = #$00
f1524   c45360506    i49561505    A:00 X:D9 Y:10 S:C8 P:nvUbdiZc  $00:91B8: AA       TAX
f1524   c45360508    i49561506    A:00 X:00 Y:10 S:C8 P:nvUbdiZc  $00:91B9: C8       INY
f1524   c45360510    i49561507    A:00 X:00 Y:11 S:C8 P:nvUbdizc  $00:91BA: B1 94    LDA ($94),Y @ $0579 = #$A8
f1524   c45360515    i49561508    A:A8 X:00 Y:11 S:C8 P:NvUbdizc  $00:91BC: 4A       LSR
f1524   c45360517    i49561509    A:54 X:00 Y:11 S:C8 P:nvUbdizc  $00:91BD: 4A       LSR
f1524   c45360519    i49561510    A:2A X:00 Y:11 S:C8 P:nvUbdizc  $00:91BE: A8       TAY
f1524   c45360521    i49561511    A:2A X:00 Y:2A S:C8 P:nvUbdizc  $00:91BF: A5 E6    LDA $E6 = #$00
f1524   c45360524    i49561512    A:00 X:00 Y:2A S:C8 P:nvUbdiZc  $00:91C1: 18       CLC
f1524   c45360526    i49561513    A:00 X:00 Y:2A S:C8 P:nvUbdiZc  $00:91C2: 7D 68 04 ADC $0468,X @ $0468 = #$50
f1524   c45360530    i49561514    A:50 X:00 Y:2A S:C8 P:nvUbdizc  $00:91C5: 9D 68 04 STA $0468,X @ $0468 = #$50
f1524   c45360535    i49561515    A:50 X:00 Y:2A S:C8 P:nvUbdizc  $00:91C8: 6A       ROR
f1524   c45360537    i49561516    A:28 X:00 Y:2A S:C8 P:nvUbdizc  $00:91C9: 45 E6    EOR $E6 = #$00
f1524   c45360540    i49561517    A:28 X:00 Y:2A S:C8 P:nvUbdizc  $00:91CB: 10 08    BPL $91D5
f1524   c45360543    i49561518    A:28 X:00 Y:2A S:C8 P:nvUbdizc  $00:91D5: A5 E8    LDA $E8 = #$08
f1524   c45360546    i49561519    A:08 X:00 Y:2A S:C8 P:nvUbdizc  $00:91D7: 18       CLC
f1524   c45360548    i49561520    A:08 X:00 Y:2A S:C8 P:nvUbdizc  $00:91D8: 7D 6B 04 ADC $046B,X @ $046B = #$3B
f1525   c45390519    i49571107    A:08 X:D9 Y:07 S:C8 P:nvUbdizc  $00:91B4: A0 10    LDY #$10
f1525   c45390521    i49571108    A:08 X:D9 Y:10 S:C8 P:nvUbdizc  $00:91B6: B1 94    LDA ($94),Y @ $0578 = #$00
f1525   c45390526    i49571109    A:00 X:D9 Y:10 S:C8 P:nvUbdiZc  $00:91B8: AA       TAX
f1525   c45390528    i49571110    A:00 X:00 Y:10 S:C8 P:nvUbdiZc  $00:91B9: C8       INY
f1525   c45390530    i49571111    A:00 X:00 Y:11 S:C8 P:nvUbdizc  $00:91BA: B1 94    LDA ($94),Y @ $0579 = #$A8
f1525   c45390535    i49571112    A:A8 X:00 Y:11 S:C8 P:NvUbdizc  $00:91BC: 4A       LSR
f1525   c45390537    i49571113    A:54 X:00 Y:11 S:C8 P:nvUbdizc  $00:91BD: 4A       LSR
f1525   c45390539    i49571114    A:2A X:00 Y:11 S:C8 P:nvUbdizc  $00:91BE: A8       TAY
f1525   c45390541    i49571115    A:2A X:00 Y:2A S:C8 P:nvUbdizc  $00:91BF: A5 E6    LDA $E6 = #$00
f1525   c45390544    i49571116    A:00 X:00 Y:2A S:C8 P:nvUbdiZc  $00:91C1: 18       CLC
f1525   c45390546    i49571117    A:00 X:00 Y:2A S:C8 P:nvUbdiZc  $00:91C2: 7D 68 04 ADC $0468,X @ $0468 = #$50
f1525   c45390550    i49571118    A:50 X:00 Y:2A S:C8 P:nvUbdizc  $00:91C5: 9D 68 04 STA $0468,X @ $0468 = #$50
f1525   c45390555    i49571119    A:50 X:00 Y:2A S:C8 P:nvUbdizc  $00:91C8: 6A       ROR
f1525   c45390557    i49571120    A:28 X:00 Y:2A S:C8 P:nvUbdizc  $00:91C9: 45 E6    EOR $E6 = #$00
f1525   c45390560    i49571121    A:28 X:00 Y:2A S:C8 P:nvUbdizc  $00:91CB: 10 08    BPL $91D5
f1525   c45390563    i49571122    A:28 X:00 Y:2A S:C8 P:nvUbdizc  $00:91D5: A5 E8    LDA $E8 = #$08
f1525   c45390566    i49571123    A:08 X:00 Y:2A S:C8 P:nvUbdizc  $00:91D7: 18       CLC
f1525   c45390568    i49571124    A:08 X:00 Y:2A S:C8 P:nvUbdizc  $00:91D8: 7D 6B 04 ADC $046B,X @ $046B = #$43
f1525   c45390572    i49571125    A:4B X:00 Y:2A S:C8 P:nvUbdizc  $00:91DB: 9D 6B 04 STA $046B,X @ $046B = #$43
f1525   c45390577    i49571126    A:4B X:00 Y:2A S:C8 P:nvUbdizc  $00:91DE: 6A       ROR
f1525   c45390579    i49571127    A:25 X:00 Y:2A S:C8 P:nvUbdizC  $00:91DF: 45 E8    EOR $E8 = #$08
f1525   c45390582    i49571128    A:2D X:00 Y:2A S:C8 P:nvUbdizC  $00:91E1: 10 08    BPL $91EB
f1525   c45390585    i49571129    A:2D X:00 Y:2A S:C8 P:nvUbdizC  $00:91EB: 8A       TXA
f1525   c45390587    i49571130    A:00 X:00 Y:2A S:C8 P:nvUbdiZC  $00:91EC: 18       CLC
f1525   c45390589    i49571131    A:00 X:00 Y:2A S:C8 P:nvUbdiZc  $00:91ED: 69 04    ADC #$04
f1525   c45390591    i49571132    A:04 X:00 Y:2A S:C8 P:nvUbdizc  $00:91EF: AA       TAX
f1525   c45390593    i49571133    A:04 X:04 Y:2A S:C8 P:nvUbdizc  $00:91F0: 88       DEY
f1525   c45390595    i49571134    A:04 X:04 Y:29 S:C8 P:nvUbdizc  $00:91F1: D0 CC    BNE $91BF
f1525   c45390598    i49571135    A:04 X:04 Y:29 S:C8 P:nvUbdizc  $00:91BF: A5 E6    LDA $E6 = #$00
f1525   c45390601    i49571136    A:00 X:04 Y:29 S:C8 P:nvUbdiZc  $00:91C1: 18       CLC
f1525   c45390603    i49571137    A:00 X:04 Y:29 S:C8 P:nvUbdiZc  $00:91C2: 7D 68 04 ADC $0468,X @ $046C = #$50
f1525   c45390607    i49571138    A:50 X:04 Y:29 S:C8 P:nvUbdizc  $00:91C5: 9D 68 04 STA $0468,X @ $046C = #$50
f1525   c45390612    i49571139    A:50 X:04 Y:29 S:C8 P:nvUbdizc  $00:91C8: 6A       ROR
f1525   c45390614    i49571140    A:28 X:04 Y:29 S:C8 P:nvUbdizc  $00:91C9: 45 E6    EOR $E6 = #$00
f1525   c45390617    i49571141    A:28 X:04 Y:29 S:C8 P:nvUbdizc  $00:91CB: 10 08    BPL $91D5
f1525   c45390620    i49571142    A:28 X:04 Y:29 S:C8 P:nvUbdizc  $00:91D5: A5 E8    LDA $E8 = #$08
f1525   c45390623    i49571143    A:08 X:04 Y:29 S:C8 P:nvUbdizc  $00:91D7: 18       CLC
f1525   c45390625    i49571144    A:08 X:04 Y:29 S:C8 P:nvUbdizc  $00:91D8: 7D 6B 04 ADC $046B,X @ $046F = #$3B
f1525   c45390629    i49571145    A:43 X:04 Y:29 S:C8 P:nvUbdizc  $00:91DB: 9D 6B 04 STA $046B,X @ $046F = #$3B
f1525   c45390634    i49571146    A:43 X:04 Y:29 S:C8 P:nvUbdizc  $00:91DE: 6A       ROR
f1525   c45390636    i49571147    A:21 X:04 Y:29 S:C8 P:nvUbdizC  $00:91DF: 45 E8    EOR $E8 = #$08
f1525   c45390639    i49571148    A:29 X:04 Y:29 S:C8 P:nvUbdizC  $00:91E1: 10 08    BPL $91EB
f1526   c45416309    i49579353    A:00 X:02 Y:08 S:DB P:nvUbdIzc  $01:A0ED: BD 15 40 LDA $4015,X @ $4017 = #$01
f1526   c45416313    i49579354    A:40 X:02 Y:08 S:DB P:nvUbdIzc  $01:A0F0: 4A       LSR
f1526   c45416315    i49579355    A:20 X:02 Y:08 S:DB P:nvUbdIzc  $01:A0F1: 26 3F    ROL $3F = #$00
f1526   c45416320    i49579356    A:20 X:02 Y:08 S:DB P:nvUbdIZc  $01:A0F3: 29 01    AND #$01
f1526   c45416322    i49579357    A:00 X:02 Y:08 S:DB P:nvUbdIZc  $01:A0F5: 05 3F    ORA $3F = #$00
f1526   c45416325    i49579358    A:00 X:02 Y:08 S:DB P:nvUbdIZc  $01:A0F7: 85 3F    STA $3F = #$00
f1526   c45416328    i49579359    A:00 X:02 Y:08 S:DB P:nvUbdIZc  $01:A0F9: 88       DEY
f1526   c45416330    i49579360    A:00 X:02 Y:07 S:DB P:nvUbdIzc  $01:A0FA: D0 F1    BNE $A0ED
f1526   c45416333    i49579361    A:00 X:02 Y:07 S:DB P:nvUbdIzc  $01:A0ED: BD 15 40 LDA $4015,X @ $4017 = #$01
f1526   c45416337    i49579362    A:40 X:02 Y:07 S:DB P:nvUbdIzc  $01:A0F0: 4A       LSR
f1526   c45416339    i49579363    A:20 X:02 Y:07 S:DB P:nvUbdIzc  $01:A0F1: 26 3F    ROL $3F = #$00
f1526   c45416344    i49579364    A:20 X:02 Y:07 S:DB P:nvUbdIZc  $01:A0F3: 29 01    AND #$01
f1526   c45416346    i49579365    A:00 X:02 Y:07 S:DB P:nvUbdIZc  $01:A0F5: 05 3F    ORA $3F = #$00
f1526   c45416349    i49579366    A:00 X:02 Y:07 S:DB P:nvUbdIZc  $01:A0F7: 85 3F    STA $3F = #$00
f1526   c45416352    i49579367    A:00 X:02 Y:07 S:DB P:nvUbdIZc  $01:A0F9: 88       DEY
f1526   c45416354    i49579368    A:00 X:02 Y:06 S:DB P:nvUbdIzc  $01:A0FA: D0 F1    BNE $A0ED
f1526   c45416357    i49579369    A:00 X:02 Y:06 S:DB P:nvUbdIzc  $01:A0ED: BD 15 40 LDA $4015,X @ $4017 = #$01
f1526   c45416361    i49579370    A:40 X:02 Y:06 S:DB P:nvUbdIzc  $01:A0F0: 4A       LSR
f1526   c45416363    i49579371    A:20 X:02 Y:06 S:DB P:nvUbdIzc  $01:A0F1: 26 3F    ROL $3F = #$00
f1526   c45416368    i49579372    A:20 X:02 Y:06 S:DB P:nvUbdIZc  $01:A0F3: 29 01    AND #$01
f1526   c45416370    i49579373    A:00 X:02 Y:06 S:DB P:nvUbdIZc  $01:A0F5: 05 3F    ORA $3F = #$00
f1526   c45416373    i49579374    A:00 X:02 Y:06 S:DB P:nvUbdIZc  $01:A0F7: 85 3F    STA $3F = #$00
f1526   c45416376    i49579375    A:00 X:02 Y:06 S:DB P:nvUbdIZc  $01:A0F9: 88       DEY
f1526   c45416378    i49579376    A:00 X:02 Y:05 S:DB P:nvUbdIzc  $01:A0FA: D0 F1    BNE $A0ED
f1526   c45416381    i49579377    A:00 X:02 Y:05 S:DB P:nvUbdIzc  $01:A0ED: BD 15 40 LDA $4015,X @ $4017 = #$01
f1526   c45416385    i49579378    A:40 X:02 Y:05 S:DB P:nvUbdIzc  $01:A0F0: 4A       LSR
f1526   c45416387    i49579379    A:20 X:02 Y:05 S:DB P:nvUbdIzc  $01:A0F1: 26 3F    ROL $3F = #$00
f1526   c45416392    i49579380    A:20 X:02 Y:05 S:DB P:nvUbdIZc  $01:A0F3: 29 01    AND #$01
f1526   c45416394    i49579381    A:00 X:02 Y:05 S:DB P:nvUbdIZc  $01:A0F5: 05 3F    ORA $3F = #$00
f1526   c45416397    i49579382    A:00 X:02 Y:05 S:DB P:nvUbdIZc  $01:A0F7: 85 3F    STA $3F = #$00
f1526   c45416400    i49579383    A:00 X:02 Y:05 S:DB P:nvUbdIZc  $01:A0F9: 88       DEY
f1526   c45416402    i49579384    A:00 X:02 Y:04 S:DB P:nvUbdIzc  $01:A0FA: D0 F1    BNE $A0ED
f1526   c45416405    i49579385    A:00 X:02 Y:04 S:DB P:nvUbdIzc  $01:A0ED: BD 15 40 LDA $4015,X @ $4017 = #$01
f1526   c45416409    i49579386    A:40 X:02 Y:04 S:DB P:nvUbdIzc  $01:A0F0: 4A       LSR
f1526   c45416411    i49579387    A:20 X:02 Y:04 S:DB P:nvUbdIzc  $01:A0F1: 26 3F    ROL $3F = #$00
f1526   c45416416    i49579388    A:20 X:02 Y:04 S:DB P:nvUbdIZc  $01:A0F3: 29 01    AND #$01
f1526   c45416418    i49579389    A:00 X:02 Y:04 S:DB P:nvUbdIZc  $01:A0F5: 05 3F    ORA $3F = #$00
f1526   c45416421    i49579390    A:00 X:02 Y:04 S:DB P:nvUbdIZc  $01:A0F7: 85 3F    STA $3F = #$00
f1526   c45416424    i49579391    A:00 X:02 Y:04 S:DB P:nvUbdIZc  $01:A0F9: 88       DEY
f1526   c45416426    i49579392    A:00 X:02 Y:03 S:DB P:nvUbdIzc  $01:A0FA: D0 F1    BNE $A0ED
f1526   c45416429    i49579393    A:00 X:02 Y:03 S:DB P:nvUbdIzc  $01:A0ED: BD 15 40 LDA $4015,X @ $4017 = #$01
f1526   c45416433    i49579394    A:40 X:02 Y:03 S:DB P:nvUbdIzc  $01:A0F0: 4A       LSR
f1529   c45521555    i49613028    A:40 X:19 Y:00 S:E0 P:nvUbdizC  $00:9F04: A5 1B    LDA $1B = #$40
f1529   c45521558    i49613029    A:40 X:19 Y:00 S:E0 P:nvUbdizC  $00:9F06: 10 FC    BPL $9F04
f1529   c45521561    i49613030    A:40 X:19 Y:00 S:E0 P:nvUbdizC  $00:9F04: A5 1B    LDA $1B = #$40
f1529   c45521564    i49613031    A:40 X:19 Y:00 S:E0 P:nvUbdizC  $00:9F06: 10 FC    BPL $9F04
f1529   c45521567    i49613032    A:40 X:19 Y:00 S:E0 P:nvUbdizC  $00:9F04: A5 1B    LDA $1B = #$40
f1529   c45521570    i49613033    A:40 X:19 Y:00 S:E0 P:nvUbdizC  $00:9F06: 10 FC    BPL $9F04
f1529   c45521573    i49613034    A:40 X:19 Y:00 S:E0 P:nvUbdizC  $00:9F04: A5 1B    LDA $1B = #$40
f1529   c45521576    i49613035    A:40 X:19 Y:00 S:E0 P:nvUbdizC  $00:9F06: 10 FC    BPL $9F04
f1529   c45521579    i49613036    A:40 X:19 Y:00 S:E0 P:nvUbdizC  $00:9F04: A5 1B    LDA $1B = #$40
f1529   c45521582    i49613037    A:40 X:19 Y:00 S:E0 P:nvUbdizC  $00:9F06: 10 FC    BPL $9F04
f1529   c45521585    i49613038    A:40 X:19 Y:00 S:E0 P:nvUbdizC  $00:9F04: A5 1B    LDA $1B = #$40
f1529   c45521588    i49613039    A:40 X:19 Y:00 S:E0 P:nvUbdizC  $00:9F06: 10 FC    BPL $9F04
f1529   c45521591    i49613040    A:40 X:19 Y:00 S:E0 P:nvUbdizC  $00:9F04: A5 1B    LDA $1B = #$40
f1529   c45521594    i49613041    A:40 X:19 Y:00 S:E0 P:nvUbdizC  $00:9F06: 10 FC    BPL $9F04
f1529   c45521597    i49613042    A:40 X:19 Y:00 S:E0 P:nvUbdizC  $00:9F04: A5 1B    LDA $1B = #$40
f1529   c45521600    i49613043    A:40 X:19 Y:00 S:E0 P:nvUbdizC  $00:9F06: 10 FC    BPL $9F04
f1529   c45521603    i49613044    A:40 X:19 Y:00 S:E0 P:nvUbdizC  $00:9F04: A5 1B    LDA $1B = #$40
f1529   c45521606    i49613045    A:40 X:19 Y:00 S:E0 P:nvUbdizC  $00:9F06: 10 FC    BPL $9F04
f1529   c45521609    i49613046    A:40 X:19 Y:00 S:E0 P:nvUbdizC  $00:9F04: A5 1B    LDA $1B = #$40
f1529   c45521612    i49613047    A:40 X:19 Y:00 S:E0 P:nvUbdizC  $00:9F06: 10 FC    BPL $9F04
f1529   c45521615    i49613048    A:40 X:19 Y:00 S:E0 P:nvUbdizC  $00:9F04: A5 1B    LDA $1B = #$40
f1529   c45521618    i49613049    A:40 X:19 Y:00 S:E0 P:nvUbdizC  $00:9F06: 10 FC    BPL $9F04
f1529   c45521621    i49613050    A:40 X:19 Y:00 S:E0 P:nvUbdizC  $00:9F04: A5 1B    LDA $1B = #$40
f1529   c45521624    i49613051    A:40 X:19 Y:00 S:E0 P:nvUbdizC  $00:9F06: 10 FC    BPL $9F04
f1529   c45521627    i49613052    A:40 X:19 Y:00 S:E0 P:nvUbdizC  $00:9F04: A5 1B    LDA $1B = #$40
f1529   c45521637    i49613053    A:40 X:19 Y:00 S:DD P:nvUbdIzC  $0F:C506: 4C 21 C8 JMP $C821
f1529   c45521640    i49613054    A:40 X:19 Y:00 S:DD P:nvUbdIzC  $0F:C821: 24 1B    BIT $1B = #$40
f1529   c45521643    i49613055    A:40 X:19 Y:00 S:DD P:nVUbdIzC  $0F:C823: 50 03    BVC $C828
f1529   c45521645    i49613056    A:40 X:19 Y:00 S:DD P:nVUbdIzC  $0F:C825: 4C 78 C4 JMP $C478
f1529   c45521648    i49613057    A:40 X:19 Y:00 S:DD P:nVUbdIzC  $0F:C478: 24 3B    BIT $3B = #$55
f1529   c45521651    i49613058    A:40 X:19 Y:00 S:DD P:nVUbdIzC  $0F:C47A: 30 32    BMI $C4AE
f1529   c45521653    i49613059    A:40 X:19 Y:00 S:DD P:nVUbdIzC  $0F:C47C: 38       SEC
f1529   c45521655    i49613060    A:40 X:19 Y:00 S:DD P:nVUbdIzC  $0F:C47D: 66 3B    ROR $3B = #$55
f1529   c45521660    i49613061    A:40 X:19 Y:00 S:DD P:NVUbdIzC  $0F:C47F: 85 3C    STA $3C = #$40
f1529   c45521663    i49613062    A:40 X:19 Y:00 S:DD P:NVUbdIzC  $0F:C481: 86 3D    STX $3D = #$19
f1529   c45521666    i49613063    A:40 X:19 Y:00 S:DD P:NVUbdIzC  $0F:C483: 84 3E    STY $3E = #$00
f1529   c45521669    i49613064    A:40 X:19 Y:00 S:DD P:NVUbdIzC  $0F:C485: A5 22    LDA $22 = #$00
f1529   c45521672    i49613065    A:00 X:19 Y:00 S:DD P:nVUbdIZC  $0F:C487: 09 07    ORA #$07
f1529   c45521674    i49613066    A:07 X:19 Y:00 S:DD P:nVUbdIzC  $0F:C489: 8D 00 80 STA $8000 = #$A5
f1529   c45521678    i49613067    A:07 X:19 Y:00 S:DD P:nVUbdIzC  $0F:C48C: A9 02    LDA #$02
f1529   c45521680    i49613068    A:02 X:19 Y:00 S:DD P:nVUbdIzC  $0F:C48E: 8D 01 80 STA $8001 = #$27
f1529   c45521684    i49613069    A:02 X:19 Y:00 S:DD P:nVUbdIzC  $0F:C491: 20 60 A1 JSR $A160
f1532   c45594992    i49636527    A:00 X:02 Y:08 S:DB P:nvUbdIzc  $01:A0ED: BD 15 40 LDA $4015,X @ $4017 = #$01
f1532   c45594996    i49636528    A:40 X:02 Y:08 S:DB P:nvUbdIzc  $01:A0F0: 4A       LSR
f1532   c45594998    i49636529    A:20 X:02 Y:08 S:DB P:nvUbdIzc  $01:A0F1: 26 3F    ROL $3F = #$00
f1532   c45595003    i49636530    A:20 X:02 Y:08 S:DB P:nvUbdIZc  $01:A0F3: 29 01    AND #$01
f1532   c45595005    i49636531    A:00 X:02 Y:08 S:DB P:nvUbdIZc  $01:A0F5: 05 3F    ORA $3F = #$00
f1532   c45595008    i49636532    A:00 X:02 Y:08 S:DB P:nvUbdIZc  $01:A0F7: 85 3F    STA $3F = #$00
f1532   c45595011    i49636533    A:00 X:02 Y:08 S:DB P:nvUbdIZc  $01:A0F9: 88       DEY
f1532   c45595013    i49636534    A:00 X:02 Y:07 S:DB P:nvUbdIzc  $01:A0FA: D0 F1    BNE $A0ED
f1532   c45595016    i49636535    A:00 X:02 Y:07 S:DB P:nvUbdIzc  $01:A0ED: BD 15 40 LDA $4015,X @ $4017 = #$01
f1532   c45595020    i49636536    A:40 X:02 Y:07 S:DB P:nvUbdIzc  $01:A0F0: 4A       LSR
f1532   c45595022    i49636537    A:20 X:02 Y:07 S:DB P:nvUbdIzc  $01:A0F1: 26 3F    ROL $3F = #$00
f1532   c45595027    i49636538    A:20 X:02 Y:07 S:DB P:nvUbdIZc  $01:A0F3: 29 01    AND #$01
f1532   c45595029    i49636539    A:00 X:02 Y:07 S:DB P:nvUbdIZc  $01:A0F5: 05 3F    ORA $3F = #$00
f1532   c45595032    i49636540    A:00 X:02 Y:07 S:DB P:nvUbdIZc  $01:A0F7: 85 3F    STA $3F = #$00
f1532   c45595035    i49636541    A:00 X:02 Y:07 S:DB P:nvUbdIZc  $01:A0F9: 88       DEY
f1532   c45595037    i49636542    A:00 X:02 Y:06 S:DB P:nvUbdIzc  $01:A0FA: D0 F1    BNE $A0ED
f1532   c45595040    i49636543    A:00 X:02 Y:06 S:DB P:nvUbdIzc  $01:A0ED: BD 15 40 LDA $4015,X @ $4017 = #$01
f1532   c45595044    i49636544    A:40 X:02 Y:06 S:DB P:nvUbdIzc  $01:A0F0: 4A       LSR
f1532   c45595046    i49636545    A:20 X:02 Y:06 S:DB P:nvUbdIzc  $01:A0F1: 26 3F    ROL $3F = #$00
f1532   c45595051    i49636546    A:20 X:02 Y:06 S:DB P:nvUbdIZc  $01:A0F3: 29 01    AND #$01
f1532   c45595053    i49636547    A:00 X:02 Y:06 S:DB P:nvUbdIZc  $01:A0F5: 05 3F    ORA $3F = #$00
f1532   c45595056    i49636548    A:00 X:02 Y:06 S:DB P:nvUbdIZc  $01:A0F7: 85 3F    STA $3F = #$00
f1532   c45595059    i49636549    A:00 X:02 Y:06 S:DB P:nvUbdIZc  $01:A0F9: 88       DEY
f1532   c45595061    i49636550    A:00 X:02 Y:05 S:DB P:nvUbdIzc  $01:A0FA: D0 F1    BNE $A0ED
f1532   c45595064    i49636551    A:00 X:02 Y:05 S:DB P:nvUbdIzc  $01:A0ED: BD 15 40 LDA $4015,X @ $4017 = #$01
f1532   c45595068    i49636552    A:40 X:02 Y:05 S:DB P:nvUbdIzc  $01:A0F0: 4A       LSR
f1532   c45595070    i49636553    A:20 X:02 Y:05 S:DB P:nvUbdIzc  $01:A0F1: 26 3F    ROL $3F = #$00
f1532   c45595075    i49636554    A:20 X:02 Y:05 S:DB P:nvUbdIZc  $01:A0F3: 29 01    AND #$01
f1532   c45595077    i49636555    A:00 X:02 Y:05 S:DB P:nvUbdIZc  $01:A0F5: 05 3F    ORA $3F = #$00
f1532   c45595080    i49636556    A:00 X:02 Y:05 S:DB P:nvUbdIZc  $01:A0F7: 85 3F    STA $3F = #$00
f1532   c45595083    i49636557    A:00 X:02 Y:05 S:DB P:nvUbdIZc  $01:A0F9: 88       DEY
f1532   c45595085    i49636558    A:00 X:02 Y:04 S:DB P:nvUbdIzc  $01:A0FA: D0 F1    BNE $A0ED
f1532   c45595088    i49636559    A:00 X:02 Y:04 S:DB P:nvUbdIzc  $01:A0ED: BD 15 40 LDA $4015,X @ $4017 = #$01
f1532   c45595092    i49636560    A:40 X:02 Y:04 S:DB P:nvUbdIzc  $01:A0F0: 4A       LSR
f1532   c45595094    i49636561    A:20 X:02 Y:04 S:DB P:nvUbdIzc  $01:A0F1: 26 3F    ROL $3F = #$00
f1532   c45595099    i49636562    A:20 X:02 Y:04 S:DB P:nvUbdIZc  $01:A0F3: 29 01    AND #$01
f1532   c45595101    i49636563    A:00 X:02 Y:04 S:DB P:nvUbdIZc  $01:A0F5: 05 3F    ORA $3F = #$00
f1532   c45595104    i49636564    A:00 X:02 Y:04 S:DB P:nvUbdIZc  $01:A0F7: 85 3F    STA $3F = #$00
f1532   c45595107    i49636565    A:00 X:02 Y:04 S:DB P:nvUbdIZc  $01:A0F9: 88       DEY
f1532   c45595109    i49636566    A:00 X:02 Y:03 S:DB P:nvUbdIzc  $01:A0FA: D0 F1    BNE $A0ED
f1532   c45595112    i49636567    A:00 X:02 Y:03 S:DB P:nvUbdIzc  $01:A0ED: BD 15 40 LDA $4015,X @ $4017 = #$01
f1532   c45595116    i49636568    A:40 X:02 Y:03 S:DB P:nvUbdIzc  $01:A0F0: 4A       LSR
f1534   c45658227    i49656785    A:00 X:D9 Y:05 S:C6 P:nvUbdiZc  $00:975A: 60       RTS (from $974A)
f1534   c45658233    i49656786    A:00 X:D9 Y:05 S:C8 P:nvUbdiZc  $00:9163: A0 06    LDY #$06
f1534   c45658235    i49656787    A:00 X:D9 Y:06 S:C8 P:nvUbdizc  $00:9165: 20 4A 97 JSR $974A
f1534   c45658241    i49656788    A:00 X:D9 Y:06 S:C6 P:nvUbdizc  $00:974A: B1 94    LDA ($94),Y @ $056E = #$00
f1534   c45658246    i49656789    A:00 X:D9 Y:06 S:C6 P:nvUbdiZc  $00:974C: 0A       ASL
f1534   c45658248    i49656790    A:00 X:D9 Y:06 S:C6 P:nvUbdiZc  $00:974D: C8       INY
f1534   c45658250    i49656791    A:00 X:D9 Y:07 S:C6 P:nvUbdizc  $00:974E: B1 94    LDA ($94),Y @ $056F = #$C0
f1534   c45658255    i49656792    A:C0 X:D9 Y:07 S:C6 P:NvUbdizc  $00:9750: 2A       ROL
f1534   c45658257    i49656793    A:80 X:D9 Y:07 S:C6 P:NvUbdizC  $00:9751: 99 95 00 STA $0095,Y @ $009C = #$80
f1534   c45658262    i49656794    A:80 X:D9 Y:07 S:C6 P:NvUbdizC  $00:9754: A9 00    LDA #$00
f1534   c45658264    i49656795    A:00 X:D9 Y:07 S:C6 P:nvUbdiZC  $00:9756: 2A       ROL
f1534   c45658266    i49656796    A:01 X:D9 Y:07 S:C6 P:nvUbdizc  $00:9757: 99 96 00 STA $0096,Y @ $009D = #$01
f1534   c45658271    i49656797    A:01 X:D9 Y:07 S:C6 P:nvUbdizc  $00:975A: 60       RTS (from $974A)
f1534   c45658277    i49656798    A:01 X:D9 Y:07 S:C8 P:nvUbdizc  $00:9168: 8A       TXA
f1534   c45658279    i49656799    A:D9 X:D9 Y:07 S:C8 P:NvUbdizc  $00:9169: 29 10    AND #$10
f1534   c45658281    i49656800    A:10 X:D9 Y:07 S:C8 P:nvUbdizc  $00:916B: D0 39    BNE $91A6
f1534   c45658284    i49656801    A:10 X:D9 Y:07 S:C8 P:nvUbdizc  $00:91A6: A9 00    LDA #$00
f1534   c45658286    i49656802    A:00 X:D9 Y:07 S:C8 P:nvUbdiZc  $00:91A8: 38       SEC
f1534   c45658288    i49656803    A:00 X:D9 Y:07 S:C8 P:nvUbdiZC  $00:91A9: E5 46    SBC $46 = #$00
f1534   c45658291    i49656804    A:00 X:D9 Y:07 S:C8 P:nvUbdiZC  $00:91AB: 85 E6    STA $E6 = #$00
f1534   c45658294    i49656805    A:00 X:D9 Y:07 S:C8 P:nvUbdiZC  $00:91AD: A9 00    LDA #$00
f1534   c45658296    i49656806    A:00 X:D9 Y:07 S:C8 P:nvUbdiZC  $00:91AF: 38       SEC
f1534   c45658298    i49656807    A:00 X:D9 Y:07 S:C8 P:nvUbdiZC  $00:91B0: E5 47    SBC $47 = #$F9
f1534   c45658301    i49656808    A:07 X:D9 Y:07 S:C8 P:nvUbdizc  $00:91B2: 85 E8    STA $E8 = #$08
f1534   c45658304    i49656809    A:07 X:D9 Y:07 S:C8 P:nvUbdizc  $00:91B4: A0 10    LDY #$10
f1534   c45658306    i49656810    A:07 X:D9 Y:10 S:C8 P:nvUbdizc  $00:91B6: B1 94    LDA ($94),Y @ $0578 = #$00
f1534   c45658311    i49656811    A:00 X:D9 Y:10 S:C8 P:nvUbdiZc  $00:91B8: AA       TAX
f1534   c45658313    i49656812    A:00 X:00 Y:10 S:C8 P:nvUbdiZc  $00:91B9: C8       INY
f1534   c45658315    i49656813    A:00 X:00 Y:11 S:C8 P:nvUbdizc  $00:91BA: B1 94    LDA ($94),Y @ $0579 = #$A8
f1534   c45658320    i49656814    A:A8 X:00 Y:11 S:C8 P:NvUbdizc  $00:91BC: 4A       LSR
f1534   c45658322    i49656815    A:54 X:00 Y:11 S:C8 P:nvUbdizc  $00:91BD: 4A       LSR
f1534   c45658324    i49656816    A:2A X:00 Y:11 S:C8 P:nvUbdizc  $00:91BE: A8       TAY
f1534   c45658326    i49656817    A:2A X:00 Y:2A S:C8 P:nvUbdizc  $00:91BF: A5 E6    LDA $E6 = #$00
f1534   c45658329    i49656818    A:00 X:00 Y:2A S:C8 P:nvUbdiZc  $00:91C1: 18       CLC
f1534   c45658331    i49656819    A:00 X:00 Y:2A S:C8 P:nvUbdiZc  $00:91C2: 7D 68 04 ADC $0468,X @ $0468 = #$50
f1534   c45658335    i49656820    A:50 X:00 Y:2A S:C8 P:nvUbdizc  $00:91C5: 9D 68 04 STA $0468,X @ $0468 = #$50
f1534   c45658340    i49656821    A:50 X:00 Y:2A S:C8 P:nvUbdizc  $00:91C8: 6A       ROR
f1534   c45658342    i49656822    A:28 X:00 Y:2A S:C8 P:nvUbdizc  $00:91C9: 45 E6    EOR $E6 = #$00
f1534   c45658345    i49656823    A:28 X:00 Y:2A S:C8 P:nvUbdizc  $00:91CB: 10 08    BPL $91D5
f1534   c45658348    i49656824    A:28 X:00 Y:2A S:C8 P:nvUbdizc  $00:91D5: A5 E8    LDA $E8 = #$07
f1534   c45658351    i49656825    A:07 X:00 Y:2A S:C8 P:nvUbdizc  $00:91D7: 18       CLC
f1534   c45658353    i49656826    A:07 X:00 Y:2A S:C8 P:nvUbdizc  $00:91D8: 7D 6B 04 ADC $046B,X @ $046B = #$89
f1537   c45747334    i49685315    A:00 X:D9 Y:05 S:C6 P:nvUbdiZc  $00:975A: 60       RTS (from $974A)
f1537   c45747340    i49685316    A:00 X:D9 Y:05 S:C8 P:nvUbdiZc  $00:9163: A0 06    LDY #$06
f1537   c45747342    i49685317    A:00 X:D9 Y:06 S:C8 P:nvUbdizc  $00:9165: 20 4A 97 JSR $974A
f1537   c45747348    i49685318    A:00 X:D9 Y:06 S:C6 P:nvUbdizc  $00:974A: B1 94    LDA ($94),Y @ $056E = #$00
f1537   c45747353    i49685319    A:00 X:D9 Y:06 S:C6 P:nvUbdiZc  $00:974C: 0A       ASL
f1537   c45747355    i49685320    A:00 X:D9 Y:06 S:C6 P:nvUbdiZc  $00:974D: C8       INY
f1537   c45747357    i49685321    A:00 X:D9 Y:07 S:C6 P:nvUbdizc  $00:974E: B1 94    LDA ($94),Y @ $056F = #$C0
f1537   c45747362    i49685322    A:C0 X:D9 Y:07 S:C6 P:NvUbdizc  $00:9750: 2A       ROL
f1537   c45747364    i49685323    A:80 X:D9 Y:07 S:C6 P:NvUbdizC  $00:9751: 99 95 00 STA $0095,Y @ $009C = #$80
f1537   c45747369    i49685324    A:80 X:D9 Y:07 S:C6 P:NvUbdizC  $00:9754: A9 00    LDA #$00
f1537   c45747371    i49685325    A:00 X:D9 Y:07 S:C6 P:nvUbdiZC  $00:9756: 2A       ROL
f1537   c45747373    i49685326    A:01 X:D9 Y:07 S:C6 P:nvUbdizc  $00:9757: 99 96 00 STA $0096,Y @ $009D = #$01
f1537   c45747378    i49685327    A:01 X:D9 Y:07 S:C6 P:nvUbdizc  $00:975A: 60       RTS (from $974A)
f1537   c45747384    i49685328    A:01 X:D9 Y:07 S:C8 P:nvUbdizc  $00:9168: 8A       TXA
f1537   c45747386    i49685329    A:D9 X:D9 Y:07 S:C8 P:NvUbdizc  $00:9169: 29 10    AND #$10
f1537   c45747388    i49685330    A:10 X:D9 Y:07 S:C8 P:nvUbdizc  $00:916B: D0 39    BNE $91A6
f1537   c45747391    i49685331    A:10 X:D9 Y:07 S:C8 P:nvUbdizc  $00:91A6: A9 00    LDA #$00
f1537   c45747393    i49685332    A:00 X:D9 Y:07 S:C8 P:nvUbdiZc  $00:91A8: 38       SEC
f1537   c45747395    i49685333    A:00 X:D9 Y:07 S:C8 P:nvUbdiZC  $00:91A9: E5 46    SBC $46 = #$00
f1537   c45747398    i49685334    A:00 X:D9 Y:07 S:C8 P:nvUbdiZC  $00:91AB: 85 E6    STA $E6 = #$00
f1537   c45747401    i49685335    A:00 X:D9 Y:07 S:C8 P:nvUbdiZC  $00:91AD: A9 00    LDA #$00
f1537   c45747403    i49685336    A:00 X:D9 Y:07 S:C8 P:nvUbdiZC  $00:91AF: 38       SEC
f1537   c45747405    i49685337    A:00 X:D9 Y:07 S:C8 P:nvUbdiZC  $00:91B0: E5 47    SBC $47 = #$00
f1537   c45747408    i49685338    A:00 X:D9 Y:07 S:C8 P:nvUbdiZC  $00:91B2: 85 E8    STA $E8 = #$00
f1537   c45747411    i49685339    A:00 X:D9 Y:07 S:C8 P:nvUbdiZC  $00:91B4: A0 10    LDY #$10
f1537   c45747413    i49685340    A:00 X:D9 Y:10 S:C8 P:nvUbdizC  $00:91B6: B1 94    LDA ($94),Y @ $0578 = #$00
f1537   c45747418    i49685341    A:00 X:D9 Y:10 S:C8 P:nvUbdiZC  $00:91B8: AA       TAX
f1537   c45747420    i49685342    A:00 X:00 Y:10 S:C8 P:nvUbdiZC  $00:91B9: C8       INY
f1537   c45747422    i49685343    A:00 X:00 Y:11 S:C8 P:nvUbdizC  $00:91BA: B1 94    LDA ($94),Y @ $0579 = #$A8
f1537   c45747427    i49685344    A:A8 X:00 Y:11 S:C8 P:NvUbdizC  $00:91BC: 4A       LSR
f1537   c45747429    i49685345    A:54 X:00 Y:11 S:C8 P:nvUbdizc  $00:91BD: 4A       LSR
f1537   c45747431    i49685346    A:2A X:00 Y:11 S:C8 P:nvUbdizc  $00:91BE: A8       TAY
f1537   c45747433    i49685347    A:2A X:00 Y:2A S:C8 P:nvUbdizc  $00:91BF: A5 E6    LDA $E6 = #$00
f1537   c45747436    i49685348    A:00 X:00 Y:2A S:C8 P:nvUbdiZc  $00:91C1: 18       CLC
f1537   c45747438    i49685349    A:00 X:00 Y:2A S:C8 P:nvUbdiZc  $00:91C2: 7D 68 04 ADC $0468,X @ $0468 = #$50
f1537   c45747442    i49685350    A:50 X:00 Y:2A S:C8 P:nvUbdizc  $00:91C5: 9D 68 04 STA $0468,X @ $0468 = #$50
f1537   c45747447    i49685351    A:50 X:00 Y:2A S:C8 P:nvUbdizc  $00:91C8: 6A       ROR
f1537   c45747449    i49685352    A:28 X:00 Y:2A S:C8 P:nvUbdizc  $00:91C9: 45 E6    EOR $E6 = #$00
f1537   c45747452    i49685353    A:28 X:00 Y:2A S:C8 P:nvUbdizc  $00:91CB: 10 08    BPL $91D5
f1537   c45747455    i49685354    A:28 X:00 Y:2A S:C8 P:nvUbdizc  $00:91D5: A5 E8    LDA $E8 = #$00
f1537   c45747458    i49685355    A:00 X:00 Y:2A S:C8 P:nvUbdiZc  $00:91D7: 18       CLC
f1537   c45747460    i49685356    A:00 X:00 Y:2A S:C8 P:nvUbdiZc  $00:91D8: 7D 6B 04 ADC $046B,X @ $046B = #$98
f1540   c45836249    i49713803    A:00 X:D9 Y:07 S:C8 P:nvUbdiZC  $00:91B4: A0 10    LDY #$10
f1540   c45836251    i49713804    A:00 X:D9 Y:10 S:C8 P:nvUbdizC  $00:91B6: B1 94    LDA ($94),Y @ $0578 = #$00
f1540   c45836256    i49713805    A:00 X:D9 Y:10 S:C8 P:nvUbdiZC  $00:91B8: AA       TAX
f1540   c45836258    i49713806    A:00 X:00 Y:10 S:C8 P:nvUbdiZC  $00:91B9: C8       INY
f1540   c45836260    i49713807    A:00 X:00 Y:11 S:C8 P:nvUbdizC  $00:91BA: B1 94    LDA ($94),Y @ $0579 = #$A8
f1540   c45836265    i49713808    A:A8 X:00 Y:11 S:C8 P:NvUbdizC  $00:91BC: 4A       LSR
f1540   c45836267    i49713809    A:54 X:00 Y:11 S:C8 P:nvUbdizc  $00:91BD: 4A       LSR
f1540   c45836269    i49713810    A:2A X:00 Y:11 S:C8 P:nvUbdizc  $00:91BE: A8       TAY
f1540   c45836271    i49713811    A:2A X:00 Y:2A S:C8 P:nvUbdizc  $00:91BF: A5 E6    LDA $E6 = #$00
f1540   c45836274    i49713812    A:00 X:00 Y:2A S:C8 P:nvUbdiZc  $00:91C1: 18       CLC
f1540   c45836276    i49713813    A:00 X:00 Y:2A S:C8 P:nvUbdiZc  $00:91C2: 7D 68 04 ADC $0468,X @ $0468 = #$50
f1540   c45836280    i49713814    A:50 X:00 Y:2A S:C8 P:nvUbdizc  $00:91C5: 9D 68 04 STA $0468,X @ $0468 = #$50
f1540   c45836285    i49713815    A:50 X:00 Y:2A S:C8 P:nvUbdizc  $00:91C8: 6A       ROR
f1540   c45836287    i49713816    A:28 X:00 Y:2A S:C8 P:nvUbdizc  $00:91C9: 45 E6    EOR $E6 = #$00
f1540   c45836290    i49713817    A:28 X:00 Y:2A S:C8 P:nvUbdizc  $00:91CB: 10 08    BPL $91D5
f1540   c45836293    i49713818    A:28 X:00 Y:2A S:C8 P:nvUbdizc  $00:91D5: A5 E8    LDA $E8 = #$00
f1540   c45836296    i49713819    A:00 X:00 Y:2A S:C8 P:nvUbdiZc  $00:91D7: 18       CLC
f1540   c45836298    i49713820    A:00 X:00 Y:2A S:C8 P:nvUbdiZc  $00:91D8: 7D 6B 04 ADC $046B,X @ $046B = #$98
f1540   c45836302    i49713821    A:98 X:00 Y:2A S:C8 P:NvUbdizc  $00:91DB: 9D 6B 04 STA $046B,X @ $046B = #$98
f1540   c45836307    i49713822    A:98 X:00 Y:2A S:C8 P:NvUbdizc  $00:91DE: 6A       ROR
f1540   c45836309    i49713823    A:4C X:00 Y:2A S:C8 P:nvUbdizc  $00:91DF: 45 E8    EOR $E8 = #$00
f1540   c45836312    i49713824    A:4C X:00 Y:2A S:C8 P:nvUbdizc  $00:91E1: 10 08    BPL $91EB
f1540   c45836315    i49713825    A:4C X:00 Y:2A S:C8 P:nvUbdizc  $00:91EB: 8A       TXA
f1540   c45836317    i49713826    A:00 X:00 Y:2A S:C8 P:nvUbdiZc  $00:91EC: 18       CLC
f1540   c45836319    i49713827    A:00 X:00 Y:2A S:C8 P:nvUbdiZc  $00:91ED: 69 04    ADC #$04
f1540   c45836321    i49713828    A:04 X:00 Y:2A S:C8 P:nvUbdizc  $00:91EF: AA       TAX
f1540   c45836323    i49713829    A:04 X:04 Y:2A S:C8 P:nvUbdizc  $00:91F0: 88       DEY
f1540   c45836325    i49713830    A:04 X:04 Y:29 S:C8 P:nvUbdizc  $00:91F1: D0 CC    BNE $91BF
f1540   c45836328    i49713831    A:04 X:04 Y:29 S:C8 P:nvUbdizc  $00:91BF: A5 E6    LDA $E6 = #$00
f1540   c45836331    i49713832    A:00 X:04 Y:29 S:C8 P:nvUbdiZc  $00:91C1: 18       CLC
f1540   c45836333    i49713833    A:00 X:04 Y:29 S:C8 P:nvUbdiZc  $00:91C2: 7D 68 04 ADC $0468,X @ $046C = #$50
f1540   c45836337    i49713834    A:50 X:04 Y:29 S:C8 P:nvUbdizc  $00:91C5: 9D 68 04 STA $0468,X @ $046C = #$50
f1540   c45836342    i49713835    A:50 X:04 Y:29 S:C8 P:nvUbdizc  $00:91C8: 6A       ROR
f1540   c45836344    i49713836    A:28 X:04 Y:29 S:C8 P:nvUbdizc  $00:91C9: 45 E6    EOR $E6 = #$00
f1540   c45836347    i49713837    A:28 X:04 Y:29 S:C8 P:nvUbdizc  $00:91CB: 10 08    BPL $91D5
f1540   c45836350    i49713838    A:28 X:04 Y:29 S:C8 P:nvUbdizc  $00:91D5: A5 E8    LDA $E8 = #$00
f1540   c45836353    i49713839    A:00 X:04 Y:29 S:C8 P:nvUbdiZc  $00:91D7: 18       CLC
f1540   c45836355    i49713840    A:00 X:04 Y:29 S:C8 P:nvUbdiZc  $00:91D8: 7D 6B 04 ADC $046B,X @ $046F = #$90
f1540   c45836359    i49713841    A:90 X:04 Y:29 S:C8 P:NvUbdizc  $00:91DB: 9D 6B 04 STA $046B,X @ $046F = #$90
f1540   c45836364    i49713842    A:90 X:04 Y:29 S:C8 P:NvUbdizc  $00:91DE: 6A       ROR
f1540   c45836366    i49713843    A:48 X:04 Y:29 S:C8 P:nvUbdizc  $00:91DF: 45 E8    EOR $E8 = #$00
f1540   c45836369    i49713844    A:48 X:04 Y:29 S:C8 P:nvUbdizc  $00:91E1: 10 08    BPL $91EB
f1541   c45866027    i49723351    A:00 X:D9 Y:07 S:C8 P:nvUbdiZC  $00:91B4: A0 10    LDY #$10
f1541   c45866029    i49723352    A:00 X:D9 Y:10 S:C8 P:nvUbdizC  $00:91B6: B1 94    LDA ($94),Y @ $0578 = #$00
f1541   c45866034    i49723353    A:00 X:D9 Y:10 S:C8 P:nvUbdiZC  $00:91B8: AA       TAX
f1541   c45866036    i49723354    A:00 X:00 Y:10 S:C8 P:nvUbdiZC  $00:91B9: C8       INY
f1541   c45866038    i49723355    A:00 X:00 Y:11 S:C8 P:nvUbdizC  $00:91BA: B1 94    LDA ($94),Y @ $0579 = #$A8
f1541   c45866043    i49723356    A:A8 X:00 Y:11 S:C8 P:NvUbdizC  $00:91BC: 4A       LSR
f1541   c45866045    i49723357    A:54 X:00 Y:11 S:C8 P:nvUbdizc  $00:91BD: 4A       LSR
f1541   c45866047    i49723358    A:2A X:00 Y:11 S:C8 P:nvUbdizc  $00:91BE: A8       TAY
f1541   c45866049    i49723359    A:2A X:00 Y:2A S:C8 P:nvUbdizc  $00:91BF: A5 E6    LDA $E6 = #$00
f1541   c45866052    i49723360    A:00 X:00 Y:2A S:C8 P:nvUbdiZc  $00:91C1: 18       CLC
f1541   c45866054    i49723361    A:00 X:00 Y:2A S:C8 P:nvUbdiZc  $00:91C2: 7D 68 04 ADC $0468,X @ $0468 = #$50
f1541   c45866058    i49723362    A:50 X:00 Y:2A S:C8 P:nvUbdizc  $00:91C5: 9D 68 04 STA $0468,X @ $0468 = #$50
f1541   c45866063    i49723363    A:50 X:00 Y:2A S:C8 P:nvUbdizc  $00:91C8: 6A       ROR
f1541   c45866065    i49723364    A:28 X:00 Y:2A S:C8 P:nvUbdizc  $00:91C9: 45 E6    EOR $E6 = #$00
f1541   c45866068    i49723365    A:28 X:00 Y:2A S:C8 P:nvUbdizc  $00:91CB: 10 08    BPL $91D5
f1541   c45866071    i49723366    A:28 X:00 Y:2A S:C8 P:nvUbdizc  $00:91D5: A5 E8    LDA $E8 = #$00
f1541   c45866074    i49723367    A:00 X:00 Y:2A S:C8 P:nvUbdiZc  $00:91D7: 18       CLC
f1541   c45866076    i49723368    A:00 X:00 Y:2A S:C8 P:nvUbdiZc  $00:91D8: 7D 6B 04 ADC $046B,X @ $046B = #$98
f1541   c45866080    i49723369    A:98 X:00 Y:2A S:C8 P:NvUbdizc  $00:91DB: 9D 6B 04 STA $046B,X @ $046B = #$98
f1541   c45866085    i49723370    A:98 X:00 Y:2A S:C8 P:NvUbdizc  $00:91DE: 6A       ROR
f1541   c45866087    i49723371    A:4C X:00 Y:2A S:C8 P:nvUbdizc  $00:91DF: 45 E8    EOR $E8 = #$00
f1541   c45866090    i49723372    A:4C X:00 Y:2A S:C8 P:nvUbdizc  $00:91E1: 10 08    BPL $91EB
f1541   c45866093    i49723373    A:4C X:00 Y:2A S:C8 P:nvUbdizc  $00:91EB: 8A       TXA
f1541   c45866095    i49723374    A:00 X:00 Y:2A S:C8 P:nvUbdiZc  $00:91EC: 18       CLC
f1541   c45866097    i49723375    A:00 X:00 Y:2A S:C8 P:nvUbdiZc  $00:91ED: 69 04    ADC #$04
f1541   c45866099    i49723376    A:04 X:00 Y:2A S:C8 P:nvUbdizc  $00:91EF: AA       TAX
f1541   c45866101    i49723377    A:04 X:04 Y:2A S:C8 P:nvUbdizc  $00:91F0: 88       DEY
f1541   c45866103    i49723378    A:04 X:04 Y:29 S:C8 P:nvUbdizc  $00:91F1: D0 CC    BNE $91BF
f1541   c45866106    i49723379    A:04 X:04 Y:29 S:C8 P:nvUbdizc  $00:91BF: A5 E6    LDA $E6 = #$00
f1541   c45866109    i49723380    A:00 X:04 Y:29 S:C8 P:nvUbdiZc  $00:91C1: 18       CLC
f1541   c45866111    i49723381    A:00 X:04 Y:29 S:C8 P:nvUbdiZc  $00:91C2: 7D 68 04 ADC $0468,X @ $046C = #$50
f1541   c45866115    i49723382    A:50 X:04 Y:29 S:C8 P:nvUbdizc  $00:91C5: 9D 68 04 STA $0468,X @ $046C = #$50
f1541   c45866120    i49723383    A:50 X:04 Y:29 S:C8 P:nvUbdizc  $00:91C8: 6A       ROR
f1541   c45866122    i49723384    A:28 X:04 Y:29 S:C8 P:nvUbdizc  $00:91C9: 45 E6    EOR $E6 = #$00
f1541   c45866125    i49723385    A:28 X:04 Y:29 S:C8 P:nvUbdizc  $00:91CB: 10 08    BPL $91D5
f1541   c45866128    i49723386    A:28 X:04 Y:29 S:C8 P:nvUbdizc  $00:91D5: A5 E8    LDA $E8 = #$00
f1541   c45866131    i49723387    A:00 X:04 Y:29 S:C8 P:nvUbdiZc  $00:91D7: 18       CLC
f1541   c45866133    i49723388    A:00 X:04 Y:29 S:C8 P:nvUbdiZc  $00:91D8: 7D 6B 04 ADC $046B,X @ $046F = #$90
f1541   c45866137    i49723389    A:90 X:04 Y:29 S:C8 P:NvUbdizc  $00:91DB: 9D 6B 04 STA $046B,X @ $046F = #$90
f1541   c45866142    i49723390    A:90 X:04 Y:29 S:C8 P:NvUbdizc  $00:91DE: 6A       ROR
f1541   c45866144    i49723391    A:48 X:04 Y:29 S:C8 P:nvUbdizc  $00:91DF: 45 E8    EOR $E8 = #$00
f1541   c45866147    i49723392    A:48 X:04 Y:29 S:C8 P:nvUbdizc  $00:91E1: 10 08    BPL $91EB
f1542   c45895811    i49732901    A:00 X:D9 Y:07 S:C8 P:nvUbdiZC  $00:91B4: A0 10    LDY #$10
f1542   c45895813    i49732902    A:00 X:D9 Y:10 S:C8 P:nvUbdizC  $00:91B6: B1 94    LDA ($94),Y @ $0578 = #$00
f1542   c45895818    i49732903    A:00 X:D9 Y:10 S:C8 P:nvUbdiZC  $00:91B8: AA       TAX
f1542   c45895820    i49732904    A:00 X:00 Y:10 S:C8 P:nvUbdiZC  $00:91B9: C8       INY
f1542   c45895822    i49732905    A:00 X:00 Y:11 S:C8 P:nvUbdizC  $00:91BA: B1 94    LDA ($94),Y @ $0579 = #$A8
f1542   c45895827    i49732906    A:A8 X:00 Y:11 S:C8 P:NvUbdizC  $00:91BC: 4A       LSR
f1542   c45895829    i49732907    A:54 X:00 Y:11 S:C8 P:nvUbdizc  $00:91BD: 4A       LSR
f1542   c45895831    i49732908    A:2A X:00 Y:11 S:C8 P:nvUbdizc  $00:91BE: A8       TAY
f1542   c45895833    i49732909    A:2A X:00 Y:2A S:C8 P:nvUbdizc  $00:91BF: A5 E6    LDA $E6 = #$00
f1542   c45895836    i49732910    A:00 X:00 Y:2A S:C8 P:nvUbdiZc  $00:91C1: 18       CLC
f1542   c45895838    i49732911    A:00 X:00 Y:2A S:C8 P:nvUbdiZc  $00:91C2: 7D 68 04 ADC $0468,X @ $0468 = #$50
f1542   c45895842    i49732912    A:50 X:00 Y:2A S:C8 P:nvUbdizc  $00:91C5: 9D 68 04 STA $0468,X @ $0468 = #$50
f1542   c45895847    i49732913    A:50 X:00 Y:2A S:C8 P:nvUbdizc  $00:91C8: 6A       ROR
f1542   c45895849    i49732914    A:28 X:00 Y:2A S:C8 P:nvUbdizc  $00:91C9: 45 E6    EOR $E6 = #$00
f1542   c45895852    i49732915    A:28 X:00 Y:2A S:C8 P:nvUbdizc  $00:91CB: 10 08    BPL $91D5
f1542   c45895855    i49732916    A:28 X:00 Y:2A S:C8 P:nvUbdizc  $00:91D5: A5 E8    LDA $E8 = #$00
f1542   c45895858    i49732917    A:00 X:00 Y:2A S:C8 P:nvUbdiZc  $00:91D7: 18       CLC
f1542   c45895860    i49732918    A:00 X:00 Y:2A S:C8 P:nvUbdiZc  $00:91D8: 7D 6B 04 ADC $046B,X @ $046B = #$98
f1542   c45895864    i49732919    A:98 X:00 Y:2A S:C8 P:NvUbdizc  $00:91DB: 9D 6B 04 STA $046B,X @ $046B = #$98
f1542   c45895869    i49732920    A:98 X:00 Y:2A S:C8 P:NvUbdizc  $00:91DE: 6A       ROR
f1542   c45895871    i49732921    A:4C X:00 Y:2A S:C8 P:nvUbdizc  $00:91DF: 45 E8    EOR $E8 = #$00
f1542   c45895874    i49732922    A:4C X:00 Y:2A S:C8 P:nvUbdizc  $00:91E1: 10 08    BPL $91EB
f1542   c45895877    i49732923    A:4C X:00 Y:2A S:C8 P:nvUbdizc  $00:91EB: 8A       TXA
f1542   c45895879    i49732924    A:00 X:00 Y:2A S:C8 P:nvUbdiZc  $00:91EC: 18       CLC
f1542   c45895881    i49732925    A:00 X:00 Y:2A S:C8 P:nvUbdiZc  $00:91ED: 69 04    ADC #$04
f1542   c45895883    i49732926    A:04 X:00 Y:2A S:C8 P:nvUbdizc  $00:91EF: AA       TAX
f1542   c45895885    i49732927    A:04 X:04 Y:2A S:C8 P:nvUbdizc  $00:91F0: 88       DEY
f1542   c45895887    i49732928    A:04 X:04 Y:29 S:C8 P:nvUbdizc  $00:91F1: D0 CC    BNE $91BF
f1542   c45895890    i49732929    A:04 X:04 Y:29 S:C8 P:nvUbdizc  $00:91BF: A5 E6    LDA $E6 = #$00
f1542   c45895893    i49732930    A:00 X:04 Y:29 S:C8 P:nvUbdiZc  $00:91C1: 18       CLC
f1542   c45895895    i49732931    A:00 X:04 Y:29 S:C8 P:nvUbdiZc  $00:91C2: 7D 68 04 ADC $0468,X @ $046C = #$50
f1542   c45895899    i49732932    A:50 X:04 Y:29 S:C8 P:nvUbdizc  $00:91C5: 9D 68 04 STA $0468,X @ $046C = #$50
f1542   c45895904    i49732933    A:50 X:04 Y:29 S:C8 P:nvUbdizc  $00:91C8: 6A       ROR
f1542   c45895906    i49732934    A:28 X:04 Y:29 S:C8 P:nvUbdizc  $00:91C9: 45 E6    EOR $E6 = #$00
f1542   c45895909    i49732935    A:28 X:04 Y:29 S:C8 P:nvUbdizc  $00:91CB: 10 08    BPL $91D5
f1542   c45895912    i49732936    A:28 X:04 Y:29 S:C8 P:nvUbdizc  $00:91D5: A5 E8    LDA $E8 = #$00
f1542   c45895915    i49732937    A:00 X:04 Y:29 S:C8 P:nvUbdiZc  $00:91D7: 18       CLC
f1542   c45895917    i49732938    A:00 X:04 Y:29 S:C8 P:nvUbdiZc  $00:91D8: 7D 6B 04 ADC $046B,X @ $046F = #$90
f1542   c45895921    i49732939    A:90 X:04 Y:29 S:C8 P:NvUbdizc  $00:91DB: 9D 6B 04 STA $046B,X @ $046F = #$90
f1542   c45895926    i49732940    A:90 X:04 Y:29 S:C8 P:NvUbdizc  $00:91DE: 6A       ROR
f1542   c45895928    i49732941    A:48 X:04 Y:29 S:C8 P:nvUbdizc  $00:91DF: 45 E8    EOR $E8 = #$00
f1542   c45895931    i49732942    A:48 X:04 Y:29 S:C8 P:nvUbdizc  $00:91E1: 10 08    BPL $91EB
f1544   c45953266    i49751185    A:08 X:FF Y:08 S:DB P:nvUbdIzc  $06:8119: C6 F3    DEC $F3 = #$07
f1544   c45953271    i49751186    A:08 X:FF Y:08 S:DB P:nvUbdIzc  $06:811B: D0 AD    BNE $80CA
f1544   c45953275    i49751187    A:08 X:FF Y:08 S:DB P:nvUbdIzc  $06:80CA: AD 06 07 LDA $0706 = #$3C
f1544   c45953279    i49751188    A:3C X:FF Y:08 S:DB P:nvUbdIzc  $06:80CD: 4A       LSR
f1544   c45953281    i49751189    A:1E X:FF Y:08 S:DB P:nvUbdIzc  $06:80CE: 90 02    BCC $80D2
f1544   c45953284    i49751190    A:1E X:FF Y:08 S:DB P:nvUbdIzc  $06:80D2: 8D 06 07 STA $0706 = #$3C
f1544   c45953288    i49751191    A:1E X:FF Y:08 S:DB P:nvUbdIzc  $06:80D5: 90 35    BCC $810C
f1544   c45953292    i49751192    A:1E X:FF Y:08 S:DB P:nvUbdIzc  $06:810C: 18       CLC
f1544   c45953294    i49751193    A:1E X:FF Y:08 S:DB P:nvUbdIzc  $06:810D: A9 10    LDA #$10
f1544   c45953296    i49751194    A:10 X:FF Y:08 S:DB P:nvUbdIzc  $06:810F: 65 F0    ADC $F0 = #$47
f1544   c45953299    i49751195    A:57 X:FF Y:08 S:DB P:nvUbdIzc  $06:8111: 85 F0    STA $F0 = #$47
f1544   c45953302    i49751196    A:57 X:FF Y:08 S:DB P:nvUbdIzc  $06:8113: A9 04    LDA #$04
f1544   c45953304    i49751197    A:04 X:FF Y:08 S:DB P:nvUbdIzc  $06:8115: 65 F2    ADC $F2 = #$08
f1544   c45953307    i49751198    A:0C X:FF Y:08 S:DB P:nvUbdIzc  $06:8117: 85 F2    STA $F2 = #$08
f1544   c45953310    i49751199    A:0C X:FF Y:08 S:DB P:nvUbdIzc  $06:8119: C6 F3    DEC $F3 = #$06
f1544   c45953315    i49751200    A:0C X:FF Y:08 S:DB P:nvUbdIzc  $06:811B: D0 AD    BNE $80CA
f1544   c45953319    i49751201    A:0C X:FF Y:08 S:DB P:nvUbdIzc  $06:80CA: AD 06 07 LDA $0706 = #$1E
f1544   c45953323    i49751202    A:1E X:FF Y:08 S:DB P:nvUbdIzc  $06:80CD: 4A       LSR
f1544   c45953325    i49751203    A:0F X:FF Y:08 S:DB P:nvUbdIzc  $06:80CE: 90 02    BCC $80D2
f1544   c45953328    i49751204    A:0F X:FF Y:08 S:DB P:nvUbdIzc  $06:80D2: 8D 06 07 STA $0706 = #$1E
f1544   c45953332    i49751205    A:0F X:FF Y:08 S:DB P:nvUbdIzc  $06:80D5: 90 35    BCC $810C
f1544   c45953336    i49751206    A:0F X:FF Y:08 S:DB P:nvUbdIzc  $06:810C: 18       CLC
f1544   c45953338    i49751207    A:0F X:FF Y:08 S:DB P:nvUbdIzc  $06:810D: A9 10    LDA #$10
f1544   c45953340    i49751208    A:10 X:FF Y:08 S:DB P:nvUbdIzc  $06:810F: 65 F0    ADC $F0 = #$57
f1544   c45953343    i49751209    A:67 X:FF Y:08 S:DB P:nvUbdIzc  $06:8111: 85 F0    STA $F0 = #$57
f1544   c45953346    i49751210    A:67 X:FF Y:08 S:DB P:nvUbdIzc  $06:8113: A9 04    LDA #$04
f1544   c45953348    i49751211    A:04 X:FF Y:08 S:DB P:nvUbdIzc  $06:8115: 65 F2    ADC $F2 = #$0C
f1544   c45953351    i49751212    A:10 X:FF Y:08 S:DB P:nvUbdIzc  $06:8117: 85 F2    STA $F2 = #$0C
f1544   c45953354    i49751213    A:10 X:FF Y:08 S:DB P:nvUbdIzc  $06:8119: C6 F3    DEC $F3 = #$05
f1544   c45953359    i49751214    A:10 X:FF Y:08 S:DB P:nvUbdIzc  $06:811B: D0 AD    BNE $80CA
f1544   c45953363    i49751215    A:10 X:FF Y:08 S:DB P:nvUbdIzc  $06:80CA: AD 06 07 LDA $0706 = #$0F
f1544   c45953367    i49751216    A:0F X:FF Y:08 S:DB P:nvUbdIzc  $06:80CD: 4A       LSR
f1544   c45953369    i49751217    A:07 X:FF Y:08 S:DB P:nvUbdIzC  $06:80CE: 90 02    BCC $80D2
f1544   c45953371    i49751218    A:07 X:FF Y:08 S:DB P:nvUbdIzC  $06:80D0: 09 80    ORA #$80
f1544   c45953373    i49751219    A:87 X:FF Y:08 S:DB P:NvUbdIzC  $06:80D2: 8D 06 07 STA $0706 = #$0F
f1544   c45953377    i49751220    A:87 X:FF Y:08 S:DB P:NvUbdIzC  $06:80D5: 90 35    BCC $810C
f1544   c45953379    i49751221    A:87 X:FF Y:08 S:DB P:NvUbdIzC  $06:80D7: A6 F2    LDX $F2 = #$10
f1544   c45953382    i49751222    A:87 X:10 Y:08 S:DB P:nvUbdIzC  $06:80D9: DE 07 07 DEC $0707,X @ $0717 = #$1C
f1544   c45953389    i49751223    A:87 X:10 Y:08 S:DB P:nvUbdIzC  $06:80DC: D0 03    BNE $80E1
f1544   c45953392    i49751224    A:87 X:10 Y:08 S:DB P:nvUbdIzC  $06:80E1: A6 F2    LDX $F2 = #$10
f1544   c45953395    i49751225    A:87 X:10 Y:08 S:DB P:nvUbdIzC  $06:80E3: DE 09 07 DEC $0709,X @ $0719 = #$01
f1544   c45953402    i49751226    A:87 X:10 Y:08 S:DB P:nvUbdIZC  $06:80E6: D0 21    BNE $8109
f1545   c45985761    i49761475    A:00 X:D9 Y:07 S:C8 P:nvUbdiZC  $00:91B4: A0 10    LDY #$10
f1545   c45985763    i49761476    A:00 X:D9 Y:10 S:C8 P:nvUbdizC  $00:91B6: B1 94    LDA ($94),Y @ $0578 = #$00
f1545   c45985768    i49761477    A:00 X:D9 Y:10 S:C8 P:nvUbdiZC  $00:91B8: AA       TAX
f1545   c45985770    i49761478    A:00 X:00 Y:10 S:C8 P:nvUbdiZC  $00:91B9: C8       INY
f1545   c45985772    i49761479    A:00 X:00 Y:11 S:C8 P:nvUbdizC  $00:91BA: B1 94    LDA ($94),Y @ $0579 = #$A8
f1545   c45985777    i49761480    A:A8 X:00 Y:11 S:C8 P:NvUbdizC  $00:91BC: 4A       LSR
f1545   c45985779    i49761481    A:54 X:00 Y:11 S:C8 P:nvUbdizc  $00:91BD: 4A       LSR
f1545   c45985781    i49761482    A:2A X:00 Y:11 S:C8 P:nvUbdizc  $00:91BE: A8       TAY
f1545   c45985783    i49761483    A:2A X:00 Y:2A S:C8 P:nvUbdizc  $00:91BF: A5 E6    LDA $E6 = #$00
f1545   c45985786    i49761484    A:00 X:00 Y:2A S:C8 P:nvUbdiZc  $00:91C1: 18       CLC
f1545   c45985788    i49761485    A:00 X:00 Y:2A S:C8 P:nvUbdiZc  $00:91C2: 7D 68 04 ADC $0468,X @ $0468 = #$50
f1545   c45985792    i49761486    A:50 X:00 Y:2A S:C8 P:nvUbdizc  $00:91C5: 9D 68 04 STA $0468,X @ $0468 = #$50
f1545   c45985797    i49761487    A:50 X:00 Y:2A S:C8 P:nvUbdizc  $00:91C8: 6A       ROR
f1545   c45985799    i49761488    A:28 X:00 Y:2A S:C8 P:nvUbdizc  $00:91C9: 45 E6    EOR $E6 = #$00
f1545   c45985802    i49761489    A:28 X:00 Y:2A S:C8 P:nvUbdizc  $00:91CB: 10 08    BPL $91D5
f1545   c45985805    i49761490    A:28 X:00 Y:2A S:C8 P:nvUbdizc  $00:91D5: A5 E8    LDA $E8 = #$00
f1545   c45985808    i49761491    A:00 X:00 Y:2A S:C8 P:nvUbdiZc  $00:91D7: 18       CLC
f1545   c45985810    i49761492    A:00 X:00 Y:2A S:C8 P:nvUbdiZc  $00:91D8: 7D 6B 04 ADC $046B,X @ $046B = #$98
f1545   c45985814    i49761493    A:98 X:00 Y:2A S:C8 P:NvUbdizc  $00:91DB: 9D 6B 04 STA $046B,X @ $046B = #$98
f1545   c45985819    i49761494    A:98 X:00 Y:2A S:C8 P:NvUbdizc  $00:91DE: 6A       ROR
f1545   c45985821    i49761495    A:4C X:00 Y:2A S:C8 P:nvUbdizc  $00:91DF: 45 E8    EOR $E8 = #$00
f1545   c45985824    i49761496    A:4C X:00 Y:2A S:C8 P:nvUbdizc  $00:91E1: 10 08    BPL $91EB
f1545   c45985827    i49761497    A:4C X:00 Y:2A S:C8 P:nvUbdizc  $00:91EB: 8A       TXA
f1545   c45985829    i49761498    A:00 X:00 Y:2A S:C8 P:nvUbdiZc  $00:91EC: 18       CLC
f1545   c45985831    i49761499    A:00 X:00 Y:2A S:C8 P:nvUbdiZc  $00:91ED: 69 04    ADC #$04
f1545   c45985833    i49761500    A:04 X:00 Y:2A S:C8 P:nvUbdizc  $00:91EF: AA       TAX
f1545   c45985835    i49761501    A:04 X:04 Y:2A S:C8 P:nvUbdizc  $00:91F0: 88       DEY
f1545   c45985837    i49761502    A:04 X:04 Y:29 S:C8 P:nvUbdizc  $00:91F1: D0 CC    BNE $91BF
f1545   c45985840    i49761503    A:04 X:04 Y:29 S:C8 P:nvUbdizc  $00:91BF: A5 E6    LDA $E6 = #$00
f1545   c45985843    i49761504    A:00 X:04 Y:29 S:C8 P:nvUbdiZc  $00:91C1: 18       CLC
f1545   c45985845    i49761505    A:00 X:04 Y:29 S:C8 P:nvUbdiZc  $00:91C2: 7D 68 04 ADC $0468,X @ $046C = #$50
f1545   c45985849    i49761506    A:50 X:04 Y:29 S:C8 P:nvUbdizc  $00:91C5: 9D 68 04 STA $0468,X @ $046C = #$50
f1545   c45985854    i49761507    A:50 X:04 Y:29 S:C8 P:nvUbdizc  $00:91C8: 6A       ROR
f1545   c45985856    i49761508    A:28 X:04 Y:29 S:C8 P:nvUbdizc  $00:91C9: 45 E6    EOR $E6 = #$00
f1545   c45985859    i49761509    A:28 X:04 Y:29 S:C8 P:nvUbdizc  $00:91CB: 10 08    BPL $91D5
f1545   c45985862    i49761510    A:28 X:04 Y:29 S:C8 P:nvUbdizc  $00:91D5: A5 E8    LDA $E8 = #$00
f1545   c45985865    i49761511    A:00 X:04 Y:29 S:C8 P:nvUbdiZc  $00:91D7: 18       CLC
f1545   c45985867    i49761512    A:00 X:04 Y:29 S:C8 P:nvUbdiZc  $00:91D8: 7D 6B 04 ADC $046B,X @ $046F = #$90
f1545   c45985871    i49761513    A:90 X:04 Y:29 S:C8 P:NvUbdizc  $00:91DB: 9D 6B 04 STA $046B,X @ $046F = #$90
f1545   c45985876    i49761514    A:90 X:04 Y:29 S:C8 P:NvUbdizc  $00:91DE: 6A       ROR
f1545   c45985878    i49761515    A:48 X:04 Y:29 S:C8 P:nvUbdizc  $00:91DF: 45 E8    EOR $E8 = #$00
f1545   c45985881    i49761516    A:48 X:04 Y:29 S:C8 P:nvUbdizc  $00:91E1: 10 08    BPL $91EB
f1546   c46011931    i49769767    A:00 X:02 Y:08 S:DB P:nvUbdIzc  $01:A0ED: BD 15 40 LDA $4015,X @ $4017 = #$01
f1546   c46011935    i49769768    A:40 X:02 Y:08 S:DB P:nvUbdIzc  $01:A0F0: 4A       LSR
f1546   c46011937    i49769769    A:20 X:02 Y:08 S:DB P:nvUbdIzc  $01:A0F1: 26 3F    ROL $3F = #$00
f1546   c46011942    i49769770    A:20 X:02 Y:08 S:DB P:nvUbdIZc  $01:A0F3: 29 01    AND #$01
f1546   c46011944    i49769771    A:00 X:02 Y:08 S:DB P:nvUbdIZc  $01:A0F5: 05 3F    ORA $3F = #$00
f1546   c46011947    i49769772    A:00 X:02 Y:08 S:DB P:nvUbdIZc  $01:A0F7: 85 3F    STA $3F = #$00
f1546   c46011950    i49769773    A:00 X:02 Y:08 S:DB P:nvUbdIZc  $01:A0F9: 88       DEY
f1546   c46011952    i49769774    A:00 X:02 Y:07 S:DB P:nvUbdIzc  $01:A0FA: D0 F1    BNE $A0ED
f1546   c46011955    i49769775    A:00 X:02 Y:07 S:DB P:nvUbdIzc  $01:A0ED: BD 15 40 LDA $4015,X @ $4017 = #$01
f1546   c46011959    i49769776    A:40 X:02 Y:07 S:DB P:nvUbdIzc  $01:A0F0: 4A       LSR
f1546   c46011961    i49769777    A:20 X:02 Y:07 S:DB P:nvUbdIzc  $01:A0F1: 26 3F    ROL $3F = #$00
f1546   c46011966    i49769778    A:20 X:02 Y:07 S:DB P:nvUbdIZc  $01:A0F3: 29 01    AND #$01
f1546   c46011968    i49769779    A:00 X:02 Y:07 S:DB P:nvUbdIZc  $01:A0F5: 05 3F    ORA $3F = #$00
f1546   c46011971    i49769780    A:00 X:02 Y:07 S:DB P:nvUbdIZc  $01:A0F7: 85 3F    STA $3F = #$00
f1546   c46011974    i49769781    A:00 X:02 Y:07 S:DB P:nvUbdIZc  $01:A0F9: 88       DEY
f1546   c46011976    i49769782    A:00 X:02 Y:06 S:DB P:nvUbdIzc  $01:A0FA: D0 F1    BNE $A0ED
f1546   c46011979    i49769783    A:00 X:02 Y:06 S:DB P:nvUbdIzc  $01:A0ED: BD 15 40 LDA $4015,X @ $4017 = #$01
f1546   c46011983    i49769784    A:40 X:02 Y:06 S:DB P:nvUbdIzc  $01:A0F0: 4A       LSR
f1546   c46011985    i49769785    A:20 X:02 Y:06 S:DB P:nvUbdIzc  $01:A0F1: 26 3F    ROL $3F = #$00
f1546   c46011990    i49769786    A:20 X:02 Y:06 S:DB P:nvUbdIZc  $01:A0F3: 29 01    AND #$01
f1546   c46011992    i49769787    A:00 X:02 Y:06 S:DB P:nvUbdIZc  $01:A0F5: 05 3F    ORA $3F = #$00
f1546   c46011995    i49769788    A:00 X:02 Y:06 S:DB P:nvUbdIZc  $01:A0F7: 85 3F    STA $3F = #$00
f1546   c46011998    i49769789    A:00 X:02 Y:06 S:DB P:nvUbdIZc  $01:A0F9: 88       DEY
f1546   c46012000    i49769790    A:00 X:02 Y:05 S:DB P:nvUbdIzc  $01:A0FA: D0 F1    BNE $A0ED
f1546   c46012003    i49769791    A:00 X:02 Y:05 S:DB P:nvUbdIzc  $01:A0ED: BD 15 40 LDA $4015,X @ $4017 = #$01
f1546   c46012007    i49769792    A:40 X:02 Y:05 S:DB P:nvUbdIzc  $01:A0F0: 4A       LSR
f1546   c46012009    i49769793    A:20 X:02 Y:05 S:DB P:nvUbdIzc  $01:A0F1: 26 3F    ROL $3F = #$00
f1546   c46012014    i49769794    A:20 X:02 Y:05 S:DB P:nvUbdIZc  $01:A0F3: 29 01    AND #$01
f1546   c46012016    i49769795    A:00 X:02 Y:05 S:DB P:nvUbdIZc  $01:A0F5: 05 3F    ORA $3F = #$00
f1546   c46012019    i49769796    A:00 X:02 Y:05 S:DB P:nvUbdIZc  $01:A0F7: 85 3F    STA $3F = #$00
f1546   c46012022    i49769797    A:00 X:02 Y:05 S:DB P:nvUbdIZc  $01:A0F9: 88       DEY
f1546   c46012024    i49769798    A:00 X:02 Y:04 S:DB P:nvUbdIzc  $01:A0FA: D0 F1    BNE $A0ED
f1546   c46012027    i49769799    A:00 X:02 Y:04 S:DB P:nvUbdIzc  $01:A0ED: BD 15 40 LDA $4015,X @ $4017 = #$01
f1546   c46012031    i49769800    A:40 X:02 Y:04 S:DB P:nvUbdIzc  $01:A0F0: 4A       LSR
f1546   c46012033    i49769801    A:20 X:02 Y:04 S:DB P:nvUbdIzc  $01:A0F1: 26 3F    ROL $3F = #$00
f1546   c46012038    i49769802    A:20 X:02 Y:04 S:DB P:nvUbdIZc  $01:A0F3: 29 01    AND #$01
f1546   c46012040    i49769803    A:00 X:02 Y:04 S:DB P:nvUbdIZc  $01:A0F5: 05 3F    ORA $3F = #$00
f1546   c46012043    i49769804    A:00 X:02 Y:04 S:DB P:nvUbdIZc  $01:A0F7: 85 3F    STA $3F = #$00
f1546   c46012046    i49769805    A:00 X:02 Y:04 S:DB P:nvUbdIZc  $01:A0F9: 88       DEY
f1546   c46012048    i49769806    A:00 X:02 Y:03 S:DB P:nvUbdIzc  $01:A0FA: D0 F1    BNE $A0ED
f1546   c46012051    i49769807    A:00 X:02 Y:03 S:DB P:nvUbdIzc  $01:A0ED: BD 15 40 LDA $4015,X @ $4017 = #$01
f1546   c46012055    i49769808    A:40 X:02 Y:03 S:DB P:nvUbdIzc  $01:A0F0: 4A       LSR
f1546   c46018247    i49771857    A:00 X:15 Y:00 S:BC P:nvUbdiZc  $00:9F2E: 8D 01 80 STA $8001 = #$27
f1546   c46018251    i49771858    A:00 X:15 Y:00 S:BC P:nvUbdiZc  $00:9F31: B5 01    LDA $01,X @ $0016 = #$E0
f1546   c46018255    i49771859    A:E0 X:15 Y:00 S:BC P:NvUbdizc  $00:9F33: AA       TAX
f1546   c46018257    i49771860    A:E0 X:E0 Y:00 S:BC P:NvUbdizc  $00:9F34: 9A       TXS
f1546   c46018259    i49771861    A:E0 X:E0 Y:00 S:E0 P:NvUbdizc  $00:9F35: 68       PLA
f1546   c46018263    i49771862    A:30 X:E0 Y:00 S:E1 P:nvUbdizc  $00:9F36: 85 E6    STA $E6 = #$00
f1546   c46018266    i49771863    A:30 X:E0 Y:00 S:E1 P:nvUbdizc  $00:9F38: 68       PLA
f1546   c46018270    i49771864    A:23 X:E0 Y:00 S:E2 P:nvUbdizc  $00:9F39: 85 E7    STA $E7 = #$AB
f1546   c46018273    i49771865    A:23 X:E0 Y:00 S:E2 P:nvUbdizc  $00:9F3B: 68       PLA
f1546   c46018277    i49771866    A:00 X:E0 Y:00 S:E3 P:nvUbdiZc  $00:9F3C: 85 E8    STA $E8 = #$00
f1546   c46018280    i49771867    A:00 X:E0 Y:00 S:E3 P:nvUbdiZc  $00:9F3E: 68       PLA
f1546   c46018284    i49771868    A:00 X:E0 Y:00 S:E4 P:nvUbdiZc  $00:9F3F: 85 E9    STA $E9 = #$01
f1546   c46018287    i49771869    A:00 X:E0 Y:00 S:E4 P:nvUbdiZc  $00:9F41: 68       PLA
f1546   c46018291    i49771870    A:02 X:E0 Y:00 S:E5 P:nvUbdizc  $00:9F42: 85 EA    STA $EA = #$78
f1546   c46018294    i49771871    A:02 X:E0 Y:00 S:E5 P:nvUbdizc  $00:9F44: 68       PLA
f1546   c46018298    i49771872    A:03 X:E0 Y:00 S:E6 P:nvUbdizc  $00:9F45: 85 EB    STA $EB = #$00
f1546   c46018301    i49771873    A:03 X:E0 Y:00 S:E6 P:nvUbdizc  $00:9F47: 68       PLA
f1546   c46018305    i49771874    A:96 X:E0 Y:00 S:E7 P:NvUbdizc  $00:9F48: 85 EC    STA $EC = #$44
f1546   c46018308    i49771875    A:96 X:E0 Y:00 S:E7 P:NvUbdizc  $00:9F4A: 68       PLA
f1546   c46018312    i49771876    A:BA X:E0 Y:00 S:E8 P:NvUbdizc  $00:9F4B: 85 ED    STA $ED = #$00
f1546   c46018315    i49771877    A:BA X:E0 Y:00 S:E8 P:NvUbdizc  $00:9F4D: 68       PLA
f1546   c46018319    i49771878    A:00 X:E0 Y:00 S:E9 P:nvUbdiZc  $00:9F4E: A8       TAY
f1546   c46018321    i49771879    A:00 X:E0 Y:00 S:E9 P:nvUbdiZc  $00:9F4F: 68       PLA
f1546   c46018325    i49771880    A:02 X:E0 Y:00 S:EA P:nvUbdizc  $00:9F50: AA       TAX
f1546   c46018327    i49771881    A:02 X:02 Y:00 S:EA P:nvUbdizc  $00:9F51: 60       RTS (from $9FA8)
f1546   c46018333    i49771882    A:02 X:02 Y:00 S:EC P:nvUbdizc  $01:A8D3: A0 00    LDY #$00
f1546   c46018335    i49771883    A:02 X:02 Y:00 S:EC P:nvUbdiZc  $01:A8D5: BE 68 04 LDX $0468,Y @ $0468 = #$50
f1546   c46018339    i49771884    A:02 X:50 Y:00 S:EC P:nvUbdizc  $01:A8D8: B9 6A 04 LDA $046A,Y @ $046A = #$40
f1546   c46018343    i49771885    A:40 X:50 Y:00 S:EC P:nvUbdizc  $01:A8DB: 29 0C    AND #$0C
f1546   c46018345    i49771886    A:00 X:50 Y:00 S:EC P:nvUbdiZc  $01:A8DD: F0 02    BEQ $A8E1
f1546   c46018348    i49771887    A:00 X:50 Y:00 S:EC P:nvUbdiZc  $01:A8E1: 8A       TXA
f1546   c46018354    i49771888    A:50 X:50 Y:00 S:EC P:nvUbdizc  $01:A8E2: 99 00 02 STA $0200,Y @ $0200 = #$50
f1546   c46018359    i49771889    A:50 X:50 Y:00 S:EC P:nvUbdizc  $01:A8E5: B9 69 04 LDA $0469,Y @ $0469 = #$81
f1546   c46018363    i49771890    A:81 X:50 Y:00 S:EC P:NvUbdizc  $01:A8E8: 99 01 02 STA $0201,Y @ $0201 = #$81
f1546   c46018368    i49771891    A:81 X:50 Y:00 S:EC P:NvUbdizc  $01:A8EB: B9 6A 04 LDA $046A,Y @ $046A = #$40
f1546   c46018372    i49771892    A:40 X:50 Y:00 S:EC P:nvUbdizc  $01:A8EE: 99 02 02 STA $0202,Y @ $0202 = #$40
f1546   c46018377    i49771893    A:40 X:50 Y:00 S:EC P:nvUbdizc  $01:A8F1: B9 6B 04 LDA $046B,Y @ $046B = #$98
f1546   c46018381    i49771894    A:98 X:50 Y:00 S:EC P:NvUbdizc  $01:A8F4: 99 03 02 STA $0203,Y @ $0203 = #$98
f1546   c46018386    i49771895    A:98 X:50 Y:00 S:EC P:NvUbdizc  $01:A8F7: C8       INY
f1546   c46018388    i49771896    A:98 X:50 Y:01 S:EC P:nvUbdizc  $01:A8F8: C8       INY
f1546   c46018390    i49771897    A:98 X:50 Y:02 S:EC P:nvUbdizc  $01:A8F9: C8       INY
f1546   c46018392    i49771898    A:98 X:50 Y:03 S:EC P:nvUbdizc  $01:A8FA: C8       INY
f1547   c46045325    i49780361    A:00 X:D9 Y:07 S:C8 P:nvUbdiZC  $00:91B4: A0 10    LDY #$10
f1547   c46045327    i49780362    A:00 X:D9 Y:10 S:C8 P:nvUbdizC  $00:91B6: B1 94    LDA ($94),Y @ $0578 = #$00
f1547   c46045332    i49780363    A:00 X:D9 Y:10 S:C8 P:nvUbdiZC  $00:91B8: AA       TAX
f1547   c46045334    i49780364    A:00 X:00 Y:10 S:C8 P:nvUbdiZC  $00:91B9: C8       INY
f1547   c46045336    i49780365    A:00 X:00 Y:11 S:C8 P:nvUbdizC  $00:91BA: B1 94    LDA ($94),Y @ $0579 = #$A8
f1547   c46045341    i49780366    A:A8 X:00 Y:11 S:C8 P:NvUbdizC  $00:91BC: 4A       LSR
f1547   c46045343    i49780367    A:54 X:00 Y:11 S:C8 P:nvUbdizc  $00:91BD: 4A       LSR
f1547   c46045345    i49780368    A:2A X:00 Y:11 S:C8 P:nvUbdizc  $00:91BE: A8       TAY
f1547   c46045347    i49780369    A:2A X:00 Y:2A S:C8 P:nvUbdizc  $00:91BF: A5 E6    LDA $E6 = #$00
f1547   c46045350    i49780370    A:00 X:00 Y:2A S:C8 P:nvUbdiZc  $00:91C1: 18       CLC
f1547   c46045352    i49780371    A:00 X:00 Y:2A S:C8 P:nvUbdiZc  $00:91C2: 7D 68 04 ADC $0468,X @ $0468 = #$50
f1547   c46045356    i49780372    A:50 X:00 Y:2A S:C8 P:nvUbdizc  $00:91C5: 9D 68 04 STA $0468,X @ $0468 = #$50
f1547   c46045361    i49780373    A:50 X:00 Y:2A S:C8 P:nvUbdizc  $00:91C8: 6A       ROR
f1547   c46045363    i49780374    A:28 X:00 Y:2A S:C8 P:nvUbdizc  $00:91C9: 45 E6    EOR $E6 = #$00
f1547   c46045366    i49780375    A:28 X:00 Y:2A S:C8 P:nvUbdizc  $00:91CB: 10 08    BPL $91D5
f1547   c46045369    i49780376    A:28 X:00 Y:2A S:C8 P:nvUbdizc  $00:91D5: A5 E8    LDA $E8 = #$00
f1547   c46045372    i49780377    A:00 X:00 Y:2A S:C8 P:nvUbdiZc  $00:91D7: 18       CLC
f1547   c46045374    i49780378    A:00 X:00 Y:2A S:C8 P:nvUbdiZc  $00:91D8: 7D 6B 04 ADC $046B,X @ $046B = #$98
f1547   c46045378    i49780379    A:98 X:00 Y:2A S:C8 P:NvUbdizc  $00:91DB: 9D 6B 04 STA $046B,X @ $046B = #$98
f1547   c46045383    i49780380    A:98 X:00 Y:2A S:C8 P:NvUbdizc  $00:91DE: 6A       ROR
f1547   c46045385    i49780381    A:4C X:00 Y:2A S:C8 P:nvUbdizc  $00:91DF: 45 E8    EOR $E8 = #$00
f1547   c46045388    i49780382    A:4C X:00 Y:2A S:C8 P:nvUbdizc  $00:91E1: 10 08    BPL $91EB
f1547   c46045391    i49780383    A:4C X:00 Y:2A S:C8 P:nvUbdizc  $00:91EB: 8A       TXA
f1547   c46045393    i49780384    A:00 X:00 Y:2A S:C8 P:nvUbdiZc  $00:91EC: 18       CLC
f1547   c46045395    i49780385    A:00 X:00 Y:2A S:C8 P:nvUbdiZc  $00:91ED: 69 04    ADC #$04
f1547   c46045397    i49780386    A:04 X:00 Y:2A S:C8 P:nvUbdizc  $00:91EF: AA       TAX
f1547   c46045399    i49780387    A:04 X:04 Y:2A S:C8 P:nvUbdizc  $00:91F0: 88       DEY
f1547   c46045401    i49780388    A:04 X:04 Y:29 S:C8 P:nvUbdizc  $00:91F1: D0 CC    BNE $91BF
f1547   c46045404    i49780389    A:04 X:04 Y:29 S:C8 P:nvUbdizc  $00:91BF: A5 E6    LDA $E6 = #$00
f1547   c46045407    i49780390    A:00 X:04 Y:29 S:C8 P:nvUbdiZc  $00:91C1: 18       CLC
f1547   c46045409    i49780391    A:00 X:04 Y:29 S:C8 P:nvUbdiZc  $00:91C2: 7D 68 04 ADC $0468,X @ $046C = #$50
f1547   c46045413    i49780392    A:50 X:04 Y:29 S:C8 P:nvUbdizc  $00:91C5: 9D 68 04 STA $0468,X @ $046C = #$50
f1547   c46045418    i49780393    A:50 X:04 Y:29 S:C8 P:nvUbdizc  $00:91C8: 6A       ROR
f1547   c46045420    i49780394    A:28 X:04 Y:29 S:C8 P:nvUbdizc  $00:91C9: 45 E6    EOR $E6 = #$00
f1547   c46045423    i49780395    A:28 X:04 Y:29 S:C8 P:nvUbdizc  $00:91CB: 10 08    BPL $91D5
f1547   c46045426    i49780396    A:28 X:04 Y:29 S:C8 P:nvUbdizc  $00:91D5: A5 E8    LDA $E8 = #$00
f1547   c46045429    i49780397    A:00 X:04 Y:29 S:C8 P:nvUbdiZc  $00:91D7: 18       CLC
f1547   c46045431    i49780398    A:00 X:04 Y:29 S:C8 P:nvUbdiZc  $00:91D8: 7D 6B 04 ADC $046B,X @ $046F = #$90
f1547   c46045435    i49780399    A:90 X:04 Y:29 S:C8 P:NvUbdizc  $00:91DB: 9D 6B 04 STA $046B,X @ $046F = #$90
f1547   c46045440    i49780400    A:90 X:04 Y:29 S:C8 P:NvUbdizc  $00:91DE: 6A       ROR
f1547   c46045442    i49780401    A:48 X:04 Y:29 S:C8 P:nvUbdizc  $00:91DF: 45 E8    EOR $E8 = #$00
f1547   c46045445    i49780402    A:48 X:04 Y:29 S:C8 P:nvUbdizc  $00:91E1: 10 08    BPL $91EB
f1548   c46071492    i49788652    A:00 X:02 Y:08 S:DB P:nvUbdIzc  $01:A0ED: BD 15 40 LDA $4015,X @ $4017 = #$01
f1548   c46071496    i49788653    A:40 X:02 Y:08 S:DB P:nvUbdIzc  $01:A0F0: 4A       LSR
f1548   c46071498    i49788654    A:20 X:02 Y:08 S:DB P:nvUbdIzc  $01:A0F1: 26 3F    ROL $3F = #$00
f1548   c46071503    i49788655    A:20 X:02 Y:08 S:DB P:nvUbdIZc  $01:A0F3: 29 01    AND #$01
f1548   c46071505    i49788656    A:00 X:02 Y:08 S:DB P:nvUbdIZc  $01:A0F5: 05 3F    ORA $3F = #$00
f1548   c46071508    i49788657    A:00 X:02 Y:08 S:DB P:nvUbdIZc  $01:A0F7: 85 3F    STA $3F = #$00
f1548   c46071511    i49788658    A:00 X:02 Y:08 S:DB P:nvUbdIZc  $01:A0F9: 88       DEY
f1548   c46071513    i49788659    A:00 X:02 Y:07 S:DB P:nvUbdIzc  $01:A0FA: D0 F1    BNE $A0ED
f1548   c46071516    i49788660    A:00 X:02 Y:07 S:DB P:nvUbdIzc  $01:A0ED: BD 15 40 LDA $4015,X @ $4017 = #$01
f1548   c46071520    i49788661    A:40 X:02 Y:07 S:DB P:nvUbdIzc  $01:A0F0: 4A       LSR
f1548   c46071522    i49788662    A:20 X:02 Y:07 S:DB P:nvUbdIzc  $01:A0F1: 26 3F    ROL $3F = #$00
f1548   c46071527    i49788663    A:20 X:02 Y:07 S:DB P:nvUbdIZc  $01:A0F3: 29 01    AND #$01
f1548   c46071529    i49788664    A:00 X:02 Y:07 S:DB P:nvUbdIZc  $01:A0F5: 05 3F    ORA $3F = #$00
f1548   c46071532    i49788665    A:00 X:02 Y:07 S:DB P:nvUbdIZc  $01:A0F7: 85 3F    STA $3F = #$00
f1548   c46071535    i49788666    A:00 X:02 Y:07 S:DB P:nvUbdIZc  $01:A0F9: 88       DEY
f1548   c46071537    i49788667    A:00 X:02 Y:06 S:DB P:nvUbdIzc  $01:A0FA: D0 F1    BNE $A0ED
f1548   c46071540    i49788668    A:00 X:02 Y:06 S:DB P:nvUbdIzc  $01:A0ED: BD 15 40 LDA $4015,X @ $4017 = #$01
f1548   c46071544    i49788669    A:40 X:02 Y:06 S:DB P:nvUbdIzc  $01:A0F0: 4A       LSR
f1548   c46071546    i49788670    A:20 X:02 Y:06 S:DB P:nvUbdIzc  $01:A0F1: 26 3F    ROL $3F = #$00
f1548   c46071551    i49788671    A:20 X:02 Y:06 S:DB P:nvUbdIZc  $01:A0F3: 29 01    AND #$01
f1548   c46071553    i49788672    A:00 X:02 Y:06 S:DB P:nvUbdIZc  $01:A0F5: 05 3F    ORA $3F = #$00
f1548   c46071556    i49788673    A:00 X:02 Y:06 S:DB P:nvUbdIZc  $01:A0F7: 85 3F    STA $3F = #$00
f1548   c46071559    i49788674    A:00 X:02 Y:06 S:DB P:nvUbdIZc  $01:A0F9: 88       DEY
f1548   c46071561    i49788675    A:00 X:02 Y:05 S:DB P:nvUbdIzc  $01:A0FA: D0 F1    BNE $A0ED
f1548   c46071564    i49788676    A:00 X:02 Y:05 S:DB P:nvUbdIzc  $01:A0ED: BD 15 40 LDA $4015,X @ $4017 = #$01
f1548   c46071568    i49788677    A:40 X:02 Y:05 S:DB P:nvUbdIzc  $01:A0F0: 4A       LSR
f1548   c46071570    i49788678    A:20 X:02 Y:05 S:DB P:nvUbdIzc  $01:A0F1: 26 3F    ROL $3F = #$00
f1548   c46071575    i49788679    A:20 X:02 Y:05 S:DB P:nvUbdIZc  $01:A0F3: 29 01    AND #$01
f1548   c46071577    i49788680    A:00 X:02 Y:05 S:DB P:nvUbdIZc  $01:A0F5: 05 3F    ORA $3F = #$00
f1548   c46071580    i49788681    A:00 X:02 Y:05 S:DB P:nvUbdIZc  $01:A0F7: 85 3F    STA $3F = #$00
f1548   c46071583    i49788682    A:00 X:02 Y:05 S:DB P:nvUbdIZc  $01:A0F9: 88       DEY
f1548   c46071585    i49788683    A:00 X:02 Y:04 S:DB P:nvUbdIzc  $01:A0FA: D0 F1    BNE $A0ED
f1548   c46071588    i49788684    A:00 X:02 Y:04 S:DB P:nvUbdIzc  $01:A0ED: BD 15 40 LDA $4015,X @ $4017 = #$01
f1548   c46071592    i49788685    A:40 X:02 Y:04 S:DB P:nvUbdIzc  $01:A0F0: 4A       LSR
f1548   c46071594    i49788686    A:20 X:02 Y:04 S:DB P:nvUbdIzc  $01:A0F1: 26 3F    ROL $3F = #$00
f1548   c46071599    i49788687    A:20 X:02 Y:04 S:DB P:nvUbdIZc  $01:A0F3: 29 01    AND #$01
f1548   c46071601    i49788688    A:00 X:02 Y:04 S:DB P:nvUbdIZc  $01:A0F5: 05 3F    ORA $3F = #$00
f1548   c46071604    i49788689    A:00 X:02 Y:04 S:DB P:nvUbdIZc  $01:A0F7: 85 3F    STA $3F = #$00
f1548   c46071607    i49788690    A:00 X:02 Y:04 S:DB P:nvUbdIZc  $01:A0F9: 88       DEY
f1548   c46071609    i49788691    A:00 X:02 Y:03 S:DB P:nvUbdIzc  $01:A0FA: D0 F1    BNE $A0ED
f1548   c46071612    i49788692    A:00 X:02 Y:03 S:DB P:nvUbdIzc  $01:A0ED: BD 15 40 LDA $4015,X @ $4017 = #$01
f1548   c46071616    i49788693    A:40 X:02 Y:03 S:DB P:nvUbdIzc  $01:A0F0: 4A       LSR
f1552   c46190602    i49826558    A:00 X:02 Y:08 S:DB P:nvUbdIzc  $01:A0ED: BD 15 40 LDA $4015,X @ $4017 = #$01
f1552   c46190606    i49826559    A:40 X:02 Y:08 S:DB P:nvUbdIzc  $01:A0F0: 4A       LSR
f1552   c46190608    i49826560    A:20 X:02 Y:08 S:DB P:nvUbdIzc  $01:A0F1: 26 3F    ROL $3F = #$00
f1552   c46190613    i49826561    A:20 X:02 Y:08 S:DB P:nvUbdIZc  $01:A0F3: 29 01    AND #$01
f1552   c46190615    i49826562    A:00 X:02 Y:08 S:DB P:nvUbdIZc  $01:A0F5: 05 3F    ORA $3F = #$00
f1552   c46190618    i49826563    A:00 X:02 Y:08 S:DB P:nvUbdIZc  $01:A0F7: 85 3F    STA $3F = #$00
f1552   c46190621    i49826564    A:00 X:02 Y:08 S:DB P:nvUbdIZc  $01:A0F9: 88       DEY
f1552   c46190623    i49826565    A:00 X:02 Y:07 S:DB P:nvUbdIzc  $01:A0FA: D0 F1    BNE $A0ED
f1552   c46190626    i49826566    A:00 X:02 Y:07 S:DB P:nvUbdIzc  $01:A0ED: BD 15 40 LDA $4015,X @ $4017 = #$01
f1552   c46190630    i49826567    A:40 X:02 Y:07 S:DB P:nvUbdIzc  $01:A0F0: 4A       LSR
f1552   c46190632    i49826568    A:20 X:02 Y:07 S:DB P:nvUbdIzc  $01:A0F1: 26 3F    ROL $3F = #$00
f1552   c46190637    i49826569    A:20 X:02 Y:07 S:DB P:nvUbdIZc  $01:A0F3: 29 01    AND #$01
f1552   c46190639    i49826570    A:00 X:02 Y:07 S:DB P:nvUbdIZc  $01:A0F5: 05 3F    ORA $3F = #$00
f1552   c46190642    i49826571    A:00 X:02 Y:07 S:DB P:nvUbdIZc  $01:A0F7: 85 3F    STA $3F = #$00
f1552   c46190645    i49826572    A:00 X:02 Y:07 S:DB P:nvUbdIZc  $01:A0F9: 88       DEY
f1552   c46190647    i49826573    A:00 X:02 Y:06 S:DB P:nvUbdIzc  $01:A0FA: D0 F1    BNE $A0ED
f1552   c46190650    i49826574    A:00 X:02 Y:06 S:DB P:nvUbdIzc  $01:A0ED: BD 15 40 LDA $4015,X @ $4017 = #$01
f1552   c46190654    i49826575    A:40 X:02 Y:06 S:DB P:nvUbdIzc  $01:A0F0: 4A       LSR
f1552   c46190656    i49826576    A:20 X:02 Y:06 S:DB P:nvUbdIzc  $01:A0F1: 26 3F    ROL $3F = #$00
f1552   c46190661    i49826577    A:20 X:02 Y:06 S:DB P:nvUbdIZc  $01:A0F3: 29 01    AND #$01
f1552   c46190663    i49826578    A:00 X:02 Y:06 S:DB P:nvUbdIZc  $01:A0F5: 05 3F    ORA $3F = #$00
f1552   c46190666    i49826579    A:00 X:02 Y:06 S:DB P:nvUbdIZc  $01:A0F7: 85 3F    STA $3F = #$00
f1552   c46190669    i49826580    A:00 X:02 Y:06 S:DB P:nvUbdIZc  $01:A0F9: 88       DEY
f1552   c46190671    i49826581    A:00 X:02 Y:05 S:DB P:nvUbdIzc  $01:A0FA: D0 F1    BNE $A0ED
f1552   c46190674    i49826582    A:00 X:02 Y:05 S:DB P:nvUbdIzc  $01:A0ED: BD 15 40 LDA $4015,X @ $4017 = #$01
f1552   c46190678    i49826583    A:40 X:02 Y:05 S:DB P:nvUbdIzc  $01:A0F0: 4A       LSR
f1552   c46190680    i49826584    A:20 X:02 Y:05 S:DB P:nvUbdIzc  $01:A0F1: 26 3F    ROL $3F = #$00
f1552   c46190685    i49826585    A:20 X:02 Y:05 S:DB P:nvUbdIZc  $01:A0F3: 29 01    AND #$01
f1552   c46190687    i49826586    A:00 X:02 Y:05 S:DB P:nvUbdIZc  $01:A0F5: 05 3F    ORA $3F = #$00
f1552   c46190690    i49826587    A:00 X:02 Y:05 S:DB P:nvUbdIZc  $01:A0F7: 85 3F    STA $3F = #$00
f1552   c46190693    i49826588    A:00 X:02 Y:05 S:DB P:nvUbdIZc  $01:A0F9: 88       DEY
f1552   c46190695    i49826589    A:00 X:02 Y:04 S:DB P:nvUbdIzc  $01:A0FA: D0 F1    BNE $A0ED
f1552   c46190698    i49826590    A:00 X:02 Y:04 S:DB P:nvUbdIzc  $01:A0ED: BD 15 40 LDA $4015,X @ $4017 = #$01
f1552   c46190702    i49826591    A:40 X:02 Y:04 S:DB P:nvUbdIzc  $01:A0F0: 4A       LSR
f1552   c46190704    i49826592    A:20 X:02 Y:04 S:DB P:nvUbdIzc  $01:A0F1: 26 3F    ROL $3F = #$00
f1552   c46190709    i49826593    A:20 X:02 Y:04 S:DB P:nvUbdIZc  $01:A0F3: 29 01    AND #$01
f1552   c46190711    i49826594    A:00 X:02 Y:04 S:DB P:nvUbdIZc  $01:A0F5: 05 3F    ORA $3F = #$00
f1552   c46190714    i49826595    A:00 X:02 Y:04 S:DB P:nvUbdIZc  $01:A0F7: 85 3F    STA $3F = #$00
f1552   c46190717    i49826596    A:00 X:02 Y:04 S:DB P:nvUbdIZc  $01:A0F9: 88       DEY
f1552   c46190719    i49826597    A:00 X:02 Y:03 S:DB P:nvUbdIzc  $01:A0FA: D0 F1    BNE $A0ED
f1552   c46190722    i49826598    A:00 X:02 Y:03 S:DB P:nvUbdIzc  $01:A0ED: BD 15 40 LDA $4015,X @ $4017 = #$01
f1552   c46190726    i49826599    A:40 X:02 Y:03 S:DB P:nvUbdIzc  $01:A0F0: 4A       LSR
f1552   c46194014    i49827661    A:00 X:D9 Y:07 S:C8 P:nvUbdiZC  $00:91B4: A0 10    LDY #$10
f1552   c46194016    i49827662    A:00 X:D9 Y:10 S:C8 P:nvUbdizC  $00:91B6: B1 94    LDA ($94),Y @ $0578 = #$00
f1552   c46194021    i49827663    A:00 X:D9 Y:10 S:C8 P:nvUbdiZC  $00:91B8: AA       TAX
f1552   c46194023    i49827664    A:00 X:00 Y:10 S:C8 P:nvUbdiZC  $00:91B9: C8       INY
f1552   c46194025    i49827665    A:00 X:00 Y:11 S:C8 P:nvUbdizC  $00:91BA: B1 94    LDA ($94),Y @ $0579 = #$A8
f1552   c46194030    i49827666    A:A8 X:00 Y:11 S:C8 P:NvUbdizC  $00:91BC: 4A       LSR
f1552   c46194032    i49827667    A:54 X:00 Y:11 S:C8 P:nvUbdizc  $00:91BD: 4A       LSR
f1552   c46194034    i49827668    A:2A X:00 Y:11 S:C8 P:nvUbdizc  $00:91BE: A8       TAY
f1552   c46194036    i49827669    A:2A X:00 Y:2A S:C8 P:nvUbdizc  $00:91BF: A5 E6    LDA $E6 = #$00
f1552   c46194039    i49827670    A:00 X:00 Y:2A S:C8 P:nvUbdiZc  $00:91C1: 18       CLC
f1552   c46194041    i49827671    A:00 X:00 Y:2A S:C8 P:nvUbdiZc  $00:91C2: 7D 68 04 ADC $0468,X @ $0468 = #$50
f1552   c46194045    i49827672    A:50 X:00 Y:2A S:C8 P:nvUbdizc  $00:91C5: 9D 68 04 STA $0468,X @ $0468 = #$50
f1552   c46194050    i49827673    A:50 X:00 Y:2A S:C8 P:nvUbdizc  $00:91C8: 6A       ROR
f1552   c46194052    i49827674    A:28 X:00 Y:2A S:C8 P:nvUbdizc  $00:91C9: 45 E6    EOR $E6 = #$00
f1552   c46194055    i49827675    A:28 X:00 Y:2A S:C8 P:nvUbdizc  $00:91CB: 10 08    BPL $91D5
f1552   c46194058    i49827676    A:28 X:00 Y:2A S:C8 P:nvUbdizc  $00:91D5: A5 E8    LDA $E8 = #$00
f1552   c46194061    i49827677    A:00 X:00 Y:2A S:C8 P:nvUbdiZc  $00:91D7: 18       CLC
f1552   c46194063    i49827678    A:00 X:00 Y:2A S:C8 P:nvUbdiZc  $00:91D8: 7D 6B 04 ADC $046B,X @ $046B = #$98
f1552   c46194067    i49827679    A:98 X:00 Y:2A S:C8 P:NvUbdizc  $00:91DB: 9D 6B 04 STA $046B,X @ $046B = #$98
f1552   c46194072    i49827680    A:98 X:00 Y:2A S:C8 P:NvUbdizc  $00:91DE: 6A       ROR
f1552   c46194074    i49827681    A:4C X:00 Y:2A S:C8 P:nvUbdizc  $00:91DF: 45 E8    EOR $E8 = #$00
f1552   c46194077    i49827682    A:4C X:00 Y:2A S:C8 P:nvUbdizc  $00:91E1: 10 08    BPL $91EB
f1552   c46194080    i49827683    A:4C X:00 Y:2A S:C8 P:nvUbdizc  $00:91EB: 8A       TXA
f1552   c46194082    i49827684    A:00 X:00 Y:2A S:C8 P:nvUbdiZc  $00:91EC: 18       CLC
f1552   c46194084    i49827685    A:00 X:00 Y:2A S:C8 P:nvUbdiZc  $00:91ED: 69 04    ADC #$04
f1552   c46194086    i49827686    A:04 X:00 Y:2A S:C8 P:nvUbdizc  $00:91EF: AA       TAX
f1552   c46194088    i49827687    A:04 X:04 Y:2A S:C8 P:nvUbdizc  $00:91F0: 88       DEY
f1552   c46194090    i49827688    A:04 X:04 Y:29 S:C8 P:nvUbdizc  $00:91F1: D0 CC    BNE $91BF
f1552   c46194093    i49827689    A:04 X:04 Y:29 S:C8 P:nvUbdizc  $00:91BF: A5 E6    LDA $E6 = #$00
f1552   c46194096    i49827690    A:00 X:04 Y:29 S:C8 P:nvUbdiZc  $00:91C1: 18       CLC
f1552   c46194098    i49827691    A:00 X:04 Y:29 S:C8 P:nvUbdiZc  $00:91C2: 7D 68 04 ADC $0468,X @ $046C = #$50
f1552   c46194102    i49827692    A:50 X:04 Y:29 S:C8 P:nvUbdizc  $00:91C5: 9D 68 04 STA $0468,X @ $046C = #$50
f1552   c46194107    i49827693    A:50 X:04 Y:29 S:C8 P:nvUbdizc  $00:91C8: 6A       ROR
f1552   c46194109    i49827694    A:28 X:04 Y:29 S:C8 P:nvUbdizc  $00:91C9: 45 E6    EOR $E6 = #$00
f1552   c46194112    i49827695    A:28 X:04 Y:29 S:C8 P:nvUbdizc  $00:91CB: 10 08    BPL $91D5
f1552   c46194115    i49827696    A:28 X:04 Y:29 S:C8 P:nvUbdizc  $00:91D5: A5 E8    LDA $E8 = #$00
f1552   c46194118    i49827697    A:00 X:04 Y:29 S:C8 P:nvUbdiZc  $00:91D7: 18       CLC
f1552   c46194120    i49827698    A:00 X:04 Y:29 S:C8 P:nvUbdiZc  $00:91D8: 7D 6B 04 ADC $046B,X @ $046F = #$90
f1552   c46194124    i49827699    A:90 X:04 Y:29 S:C8 P:NvUbdizc  $00:91DB: 9D 6B 04 STA $046B,X @ $046F = #$90
f1552   c46194129    i49827700    A:90 X:04 Y:29 S:C8 P:NvUbdizc  $00:91DE: 6A       ROR
f1552   c46194131    i49827701    A:48 X:04 Y:29 S:C8 P:nvUbdizc  $00:91DF: 45 E8    EOR $E8 = #$00
f1552   c46194134    i49827702    A:48 X:04 Y:29 S:C8 P:nvUbdizc  $00:91E1: 10 08    BPL $91EB
f1553   c46223974    i49837251    A:00 X:D9 Y:05 S:C6 P:nvUbdiZc  $00:975A: 60       RTS (from $974A)
f1553   c46223980    i49837252    A:00 X:D9 Y:05 S:C8 P:nvUbdiZc  $00:9163: A0 06    LDY #$06
f1553   c46223982    i49837253    A:00 X:D9 Y:06 S:C8 P:nvUbdizc  $00:9165: 20 4A 97 JSR $974A
f1553   c46223988    i49837254    A:00 X:D9 Y:06 S:C6 P:nvUbdizc  $00:974A: B1 94    LDA ($94),Y @ $056E = #$00
f1553   c46223993    i49837255    A:00 X:D9 Y:06 S:C6 P:nvUbdiZc  $00:974C: 0A       ASL
f1553   c46223995    i49837256    A:00 X:D9 Y:06 S:C6 P:nvUbdiZc  $00:974D: C8       INY
f1553   c46223997    i49837257    A:00 X:D9 Y:07 S:C6 P:nvUbdizc  $00:974E: B1 94    LDA ($94),Y @ $056F = #$C0
f1553   c46224002    i49837258    A:C0 X:D9 Y:07 S:C6 P:NvUbdizc  $00:9750: 2A       ROL
f1553   c46224004    i49837259    A:80 X:D9 Y:07 S:C6 P:NvUbdizC  $00:9751: 99 95 00 STA $0095,Y @ $009C = #$80
f1553   c46224009    i49837260    A:80 X:D9 Y:07 S:C6 P:NvUbdizC  $00:9754: A9 00    LDA #$00
f1553   c46224011    i49837261    A:00 X:D9 Y:07 S:C6 P:nvUbdiZC  $00:9756: 2A       ROL
f1553   c46224013    i49837262    A:01 X:D9 Y:07 S:C6 P:nvUbdizc  $00:9757: 99 96 00 STA $0096,Y @ $009D = #$01
f1553   c46224018    i49837263    A:01 X:D9 Y:07 S:C6 P:nvUbdizc  $00:975A: 60       RTS (from $974A)
f1553   c46224024    i49837264    A:01 X:D9 Y:07 S:C8 P:nvUbdizc  $00:9168: 8A       TXA
f1553   c46224026    i49837265    A:D9 X:D9 Y:07 S:C8 P:NvUbdizc  $00:9169: 29 10    AND #$10
f1553   c46224028    i49837266    A:10 X:D9 Y:07 S:C8 P:nvUbdizc  $00:916B: D0 39    BNE $91A6
f1553   c46224031    i49837267    A:10 X:D9 Y:07 S:C8 P:nvUbdizc  $00:91A6: A9 00    LDA #$00
f1553   c46224033    i49837268    A:00 X:D9 Y:07 S:C8 P:nvUbdiZc  $00:91A8: 38       SEC
f1553   c46224035    i49837269    A:00 X:D9 Y:07 S:C8 P:nvUbdiZC  $00:91A9: E5 46    SBC $46 = #$00
f1553   c46224038    i49837270    A:00 X:D9 Y:07 S:C8 P:nvUbdiZC  $00:91AB: 85 E6    STA $E6 = #$00
f1553   c46224041    i49837271    A:00 X:D9 Y:07 S:C8 P:nvUbdiZC  $00:91AD: A9 00    LDA #$00
f1553   c46224043    i49837272    A:00 X:D9 Y:07 S:C8 P:nvUbdiZC  $00:91AF: 38       SEC
f1553   c46224045    i49837273    A:00 X:D9 Y:07 S:C8 P:nvUbdiZC  $00:91B0: E5 47    SBC $47 = #$00
f1553   c46224048    i49837274    A:00 X:D9 Y:07 S:C8 P:nvUbdiZC  $00:91B2: 85 E8    STA $E8 = #$00
f1553   c46224051    i49837275    A:00 X:D9 Y:07 S:C8 P:nvUbdiZC  $00:91B4: A0 10    LDY #$10
f1553   c46224053    i49837276    A:00 X:D9 Y:10 S:C8 P:nvUbdizC  $00:91B6: B1 94    LDA ($94),Y @ $0578 = #$00
f1553   c46224058    i49837277    A:00 X:D9 Y:10 S:C8 P:nvUbdiZC  $00:91B8: AA       TAX
f1553   c46224060    i49837278    A:00 X:00 Y:10 S:C8 P:nvUbdiZC  $00:91B9: C8       INY
f1553   c46224062    i49837279    A:00 X:00 Y:11 S:C8 P:nvUbdizC  $00:91BA: B1 94    LDA ($94),Y @ $0579 = #$A8
f1553   c46224067    i49837280    A:A8 X:00 Y:11 S:C8 P:NvUbdizC  $00:91BC: 4A       LSR
f1553   c46224069    i49837281    A:54 X:00 Y:11 S:C8 P:nvUbdizc  $00:91BD: 4A       LSR
f1553   c46224071    i49837282    A:2A X:00 Y:11 S:C8 P:nvUbdizc  $00:91BE: A8       TAY
f1553   c46224073    i49837283    A:2A X:00 Y:2A S:C8 P:nvUbdizc  $00:91BF: A5 E6    LDA $E6 = #$00
f1553   c46224076    i49837284    A:00 X:00 Y:2A S:C8 P:nvUbdiZc  $00:91C1: 18       CLC
f1553   c46224078    i49837285    A:00 X:00 Y:2A S:C8 P:nvUbdiZc  $00:91C2: 7D 68 04 ADC $0468,X @ $0468 = #$50
f1553   c46224082    i49837286    A:50 X:00 Y:2A S:C8 P:nvUbdizc  $00:91C5: 9D 68 04 STA $0468,X @ $0468 = #$50
f1553   c46224087    i49837287    A:50 X:00 Y:2A S:C8 P:nvUbdizc  $00:91C8: 6A       ROR
f1553   c46224089    i49837288    A:28 X:00 Y:2A S:C8 P:nvUbdizc  $00:91C9: 45 E6    EOR $E6 = #$00
f1553   c46224092    i49837289    A:28 X:00 Y:2A S:C8 P:nvUbdizc  $00:91CB: 10 08    BPL $91D5
f1553   c46224095    i49837290    A:28 X:00 Y:2A S:C8 P:nvUbdizc  $00:91D5: A5 E8    LDA $E8 = #$00
f1553   c46224098    i49837291    A:00 X:00 Y:2A S:C8 P:nvUbdiZc  $00:91D7: 18       CLC
f1553   c46224100    i49837292    A:00 X:00 Y:2A S:C8 P:nvUbdiZc  $00:91D8: 7D 6B 04 ADC $046B,X @ $046B = #$98
f1554   c46250163    i49845629    A:00 X:02 Y:08 S:DB P:nvUbdIzc  $01:A0ED: BD 15 40 LDA $4015,X @ $4017 = #$01
f1554   c46250167    i49845630    A:40 X:02 Y:08 S:DB P:nvUbdIzc  $01:A0F0: 4A       LSR
f1554   c46250169    i49845631    A:20 X:02 Y:08 S:DB P:nvUbdIzc  $01:A0F1: 26 3F    ROL $3F = #$00
f1554   c46250174    i49845632    A:20 X:02 Y:08 S:DB P:nvUbdIZc  $01:A0F3: 29 01    AND #$01
f1554   c46250176    i49845633    A:00 X:02 Y:08 S:DB P:nvUbdIZc  $01:A0F5: 05 3F    ORA $3F = #$00
f1554   c46250179    i49845634    A:00 X:02 Y:08 S:DB P:nvUbdIZc  $01:A0F7: 85 3F    STA $3F = #$00
f1554   c46250182    i49845635    A:00 X:02 Y:08 S:DB P:nvUbdIZc  $01:A0F9: 88       DEY
f1554   c46250184    i49845636    A:00 X:02 Y:07 S:DB P:nvUbdIzc  $01:A0FA: D0 F1    BNE $A0ED
f1554   c46250187    i49845637    A:00 X:02 Y:07 S:DB P:nvUbdIzc  $01:A0ED: BD 15 40 LDA $4015,X @ $4017 = #$01
f1554   c46250191    i49845638    A:40 X:02 Y:07 S:DB P:nvUbdIzc  $01:A0F0: 4A       LSR
f1554   c46250193    i49845639    A:20 X:02 Y:07 S:DB P:nvUbdIzc  $01:A0F1: 26 3F    ROL $3F = #$00
f1554   c46250198    i49845640    A:20 X:02 Y:07 S:DB P:nvUbdIZc  $01:A0F3: 29 01    AND #$01
f1554   c46250200    i49845641    A:00 X:02 Y:07 S:DB P:nvUbdIZc  $01:A0F5: 05 3F    ORA $3F = #$00
f1554   c46250203    i49845642    A:00 X:02 Y:07 S:DB P:nvUbdIZc  $01:A0F7: 85 3F    STA $3F = #$00
f1554   c46250206    i49845643    A:00 X:02 Y:07 S:DB P:nvUbdIZc  $01:A0F9: 88       DEY
f1554   c46250208    i49845644    A:00 X:02 Y:06 S:DB P:nvUbdIzc  $01:A0FA: D0 F1    BNE $A0ED
f1554   c46250211    i49845645    A:00 X:02 Y:06 S:DB P:nvUbdIzc  $01:A0ED: BD 15 40 LDA $4015,X @ $4017 = #$01
f1554   c46250215    i49845646    A:40 X:02 Y:06 S:DB P:nvUbdIzc  $01:A0F0: 4A       LSR
f1554   c46250217    i49845647    A:20 X:02 Y:06 S:DB P:nvUbdIzc  $01:A0F1: 26 3F    ROL $3F = #$00
f1554   c46250222    i49845648    A:20 X:02 Y:06 S:DB P:nvUbdIZc  $01:A0F3: 29 01    AND #$01
f1554   c46250224    i49845649    A:00 X:02 Y:06 S:DB P:nvUbdIZc  $01:A0F5: 05 3F    ORA $3F = #$00
f1554   c46250227    i49845650    A:00 X:02 Y:06 S:DB P:nvUbdIZc  $01:A0F7: 85 3F    STA $3F = #$00
f1554   c46250230    i49845651    A:00 X:02 Y:06 S:DB P:nvUbdIZc  $01:A0F9: 88       DEY
f1554   c46250232    i49845652    A:00 X:02 Y:05 S:DB P:nvUbdIzc  $01:A0FA: D0 F1    BNE $A0ED
f1554   c46250235    i49845653    A:00 X:02 Y:05 S:DB P:nvUbdIzc  $01:A0ED: BD 15 40 LDA $4015,X @ $4017 = #$01
f1554   c46250239    i49845654    A:40 X:02 Y:05 S:DB P:nvUbdIzc  $01:A0F0: 4A       LSR
f1554   c46250241    i49845655    A:20 X:02 Y:05 S:DB P:nvUbdIzc  $01:A0F1: 26 3F    ROL $3F = #$00
f1554   c46250246    i49845656    A:20 X:02 Y:05 S:DB P:nvUbdIZc  $01:A0F3: 29 01    AND #$01
f1554   c46250248    i49845657    A:00 X:02 Y:05 S:DB P:nvUbdIZc  $01:A0F5: 05 3F    ORA $3F = #$00
f1554   c46250251    i49845658    A:00 X:02 Y:05 S:DB P:nvUbdIZc  $01:A0F7: 85 3F    STA $3F = #$00
f1554   c46250254    i49845659    A:00 X:02 Y:05 S:DB P:nvUbdIZc  $01:A0F9: 88       DEY
f1554   c46250256    i49845660    A:00 X:02 Y:04 S:DB P:nvUbdIzc  $01:A0FA: D0 F1    BNE $A0ED
f1554   c46250259    i49845661    A:00 X:02 Y:04 S:DB P:nvUbdIzc  $01:A0ED: BD 15 40 LDA $4015,X @ $4017 = #$01
f1554   c46250263    i49845662    A:40 X:02 Y:04 S:DB P:nvUbdIzc  $01:A0F0: 4A       LSR
f1554   c46250265    i49845663    A:20 X:02 Y:04 S:DB P:nvUbdIzc  $01:A0F1: 26 3F    ROL $3F = #$00
f1554   c46250270    i49845664    A:20 X:02 Y:04 S:DB P:nvUbdIZc  $01:A0F3: 29 01    AND #$01
f1554   c46250272    i49845665    A:00 X:02 Y:04 S:DB P:nvUbdIZc  $01:A0F5: 05 3F    ORA $3F = #$00
f1554   c46250275    i49845666    A:00 X:02 Y:04 S:DB P:nvUbdIZc  $01:A0F7: 85 3F    STA $3F = #$00
f1554   c46250278    i49845667    A:00 X:02 Y:04 S:DB P:nvUbdIZc  $01:A0F9: 88       DEY
f1554   c46250280    i49845668    A:00 X:02 Y:03 S:DB P:nvUbdIzc  $01:A0FA: D0 F1    BNE $A0ED
f1554   c46250283    i49845669    A:00 X:02 Y:03 S:DB P:nvUbdIzc  $01:A0ED: BD 15 40 LDA $4015,X @ $4017 = #$01
f1554   c46250287    i49845670    A:40 X:02 Y:03 S:DB P:nvUbdIzc  $01:A0F0: 4A       LSR
f1554   c46253589    i49846734    A:D9 X:D9 Y:00 S:C8 P:NvUbdizc  $00:915E: A0 04    LDY #$04
f1554   c46253591    i49846735    A:D9 X:D9 Y:04 S:C8 P:nvUbdizc  $00:9160: 20 4A 97 JSR $974A
f1554   c46253597    i49846736    A:D9 X:D9 Y:04 S:C6 P:nvUbdizc  $00:974A: B1 94    LDA ($94),Y @ $056C = #$00
f1554   c46253602    i49846737    A:00 X:D9 Y:04 S:C6 P:nvUbdiZc  $00:974C: 0A       ASL
f1554   c46253604    i49846738    A:00 X:D9 Y:04 S:C6 P:nvUbdiZc  $00:974D: C8       INY
f1554   c46253606    i49846739    A:00 X:D9 Y:05 S:C6 P:nvUbdizc  $00:974E: B1 94    LDA ($94),Y @ $056D = #$30
f1554   c46253611    i49846740    A:30 X:D9 Y:05 S:C6 P:nvUbdizc  $00:9750: 2A       ROL
f1554   c46253613    i49846741    A:60 X:D9 Y:05 S:C6 P:nvUbdizc  $00:9751: 99 95 00 STA $0095,Y @ $009A = #$60
f1554   c46253618    i49846742    A:60 X:D9 Y:05 S:C6 P:nvUbdizc  $00:9754: A9 00    LDA #$00
f1554   c46253620    i49846743    A:00 X:D9 Y:05 S:C6 P:nvUbdiZc  $00:9756: 2A       ROL
f1554   c46253622    i49846744    A:00 X:D9 Y:05 S:C6 P:nvUbdiZc  $00:9757: 99 96 00 STA $0096,Y @ $009B = #$00
f1554   c46253627    i49846745    A:00 X:D9 Y:05 S:C6 P:nvUbdiZc  $00:975A: 60       RTS (from $974A)
f1554   c46253633    i49846746    A:00 X:D9 Y:05 S:C8 P:nvUbdiZc  $00:9163: A0 06    LDY #$06
f1554   c46253635    i49846747    A:00 X:D9 Y:06 S:C8 P:nvUbdizc  $00:9165: 20 4A 97 JSR $974A
f1554   c46253641    i49846748    A:00 X:D9 Y:06 S:C6 P:nvUbdizc  $00:974A: B1 94    LDA ($94),Y @ $056E = #$00
f1554   c46253646    i49846749    A:00 X:D9 Y:06 S:C6 P:nvUbdiZc  $00:974C: 0A       ASL
f1554   c46253648    i49846750    A:00 X:D9 Y:06 S:C6 P:nvUbdiZc  $00:974D: C8       INY
f1554   c46253650    i49846751    A:00 X:D9 Y:07 S:C6 P:nvUbdizc  $00:974E: B1 94    LDA ($94),Y @ $056F = #$C0
f1554   c46253655    i49846752    A:C0 X:D9 Y:07 S:C6 P:NvUbdizc  $00:9750: 2A       ROL
f1554   c46253657    i49846753    A:80 X:D9 Y:07 S:C6 P:NvUbdizC  $00:9751: 99 95 00 STA $0095,Y @ $009C = #$80
f1554   c46253662    i49846754    A:80 X:D9 Y:07 S:C6 P:NvUbdizC  $00:9754: A9 00    LDA #$00
f1554   c46253664    i49846755    A:00 X:D9 Y:07 S:C6 P:nvUbdiZC  $00:9756: 2A       ROL
f1554   c46253666    i49846756    A:01 X:D9 Y:07 S:C6 P:nvUbdizc  $00:9757: 99 96 00 STA $0096,Y @ $009D = #$01
f1554   c46253671    i49846757    A:01 X:D9 Y:07 S:C6 P:nvUbdizc  $00:975A: 60       RTS (from $974A)
f1554   c46253677    i49846758    A:01 X:D9 Y:07 S:C8 P:nvUbdizc  $00:9168: 8A       TXA
f1554   c46253679    i49846759    A:D9 X:D9 Y:07 S:C8 P:NvUbdizc  $00:9169: 29 10    AND #$10
f1554   c46253681    i49846760    A:10 X:D9 Y:07 S:C8 P:nvUbdizc  $00:916B: D0 39    BNE $91A6
f1554   c46253684    i49846761    A:10 X:D9 Y:07 S:C8 P:nvUbdizc  $00:91A6: A9 00    LDA #$00
f1554   c46253686    i49846762    A:00 X:D9 Y:07 S:C8 P:nvUbdiZc  $00:91A8: 38       SEC
f1554   c46253688    i49846763    A:00 X:D9 Y:07 S:C8 P:nvUbdiZC  $00:91A9: E5 46    SBC $46 = #$00
f1554   c46253691    i49846764    A:00 X:D9 Y:07 S:C8 P:nvUbdiZC  $00:91AB: 85 E6    STA $E6 = #$00
f1554   c46253694    i49846765    A:00 X:D9 Y:07 S:C8 P:nvUbdiZC  $00:91AD: A9 00    LDA #$00
f1554   c46253696    i49846766    A:00 X:D9 Y:07 S:C8 P:nvUbdiZC  $00:91AF: 38       SEC
f1554   c46253698    i49846767    A:00 X:D9 Y:07 S:C8 P:nvUbdiZC  $00:91B0: E5 47    SBC $47 = #$00
f1554   c46253701    i49846768    A:00 X:D9 Y:07 S:C8 P:nvUbdiZC  $00:91B2: 85 E8    STA $E8 = #$00
f1554   c46253704    i49846769    A:00 X:D9 Y:07 S:C8 P:nvUbdiZC  $00:91B4: A0 10    LDY #$10
f1554   c46253706    i49846770    A:00 X:D9 Y:10 S:C8 P:nvUbdizC  $00:91B6: B1 94    LDA ($94),Y @ $0578 = #$00
f1554   c46253711    i49846771    A:00 X:D9 Y:10 S:C8 P:nvUbdiZC  $00:91B8: AA       TAX
f1554   c46253713    i49846772    A:00 X:00 Y:10 S:C8 P:nvUbdiZC  $00:91B9: C8       INY
f1554   c46253715    i49846773    A:00 X:00 Y:11 S:C8 P:nvUbdizC  $00:91BA: B1 94    LDA ($94),Y @ $0579 = #$A8
f1554   c46253720    i49846774    A:A8 X:00 Y:11 S:C8 P:NvUbdizC  $00:91BC: 4A       LSR
f1554   c46253722    i49846775    A:54 X:00 Y:11 S:C8 P:nvUbdizc  $00:91BD: 4A       LSR
f1556   c46313149    i49865798    A:D9 X:D9 Y:00 S:C8 P:NvUbdizc  $00:915E: A0 04    LDY #$04
f1556   c46313151    i49865799    A:D9 X:D9 Y:04 S:C8 P:nvUbdizc  $00:9160: 20 4A 97 JSR $974A
f1556   c46313157    i49865800    A:D9 X:D9 Y:04 S:C6 P:nvUbdizc  $00:974A: B1 94    LDA ($94),Y @ $056C = #$00
f1556   c46313162    i49865801    A:00 X:D9 Y:04 S:C6 P:nvUbdiZc  $00:974C: 0A       ASL
f1556   c46313164    i49865802    A:00 X:D9 Y:04 S:C6 P:nvUbdiZc  $00:974D: C8       INY
f1556   c46313166    i49865803    A:00 X:D9 Y:05 S:C6 P:nvUbdizc  $00:974E: B1 94    LDA ($94),Y @ $056D = #$30
f1556   c46313171    i49865804    A:30 X:D9 Y:05 S:C6 P:nvUbdizc  $00:9750: 2A       ROL
f1556   c46313173    i49865805    A:60 X:D9 Y:05 S:C6 P:nvUbdizc  $00:9751: 99 95 00 STA $0095,Y @ $009A = #$60
f1556   c46313178    i49865806    A:60 X:D9 Y:05 S:C6 P:nvUbdizc  $00:9754: A9 00    LDA #$00
f1556   c46313180    i49865807    A:00 X:D9 Y:05 S:C6 P:nvUbdiZc  $00:9756: 2A       ROL
f1556   c46313182    i49865808    A:00 X:D9 Y:05 S:C6 P:nvUbdiZc  $00:9757: 99 96 00 STA $0096,Y @ $009B = #$00
f1556   c46313187    i49865809    A:00 X:D9 Y:05 S:C6 P:nvUbdiZc  $00:975A: 60       RTS (from $974A)
f1556   c46313193    i49865810    A:00 X:D9 Y:05 S:C8 P:nvUbdiZc  $00:9163: A0 06    LDY #$06
f1556   c46313195    i49865811    A:00 X:D9 Y:06 S:C8 P:nvUbdizc  $00:9165: 20 4A 97 JSR $974A
f1556   c46313201    i49865812    A:00 X:D9 Y:06 S:C6 P:nvUbdizc  $00:974A: B1 94    LDA ($94),Y @ $056E = #$00
f1556   c46313206    i49865813    A:00 X:D9 Y:06 S:C6 P:nvUbdiZc  $00:974C: 0A       ASL
f1556   c46313208    i49865814    A:00 X:D9 Y:06 S:C6 P:nvUbdiZc  $00:974D: C8       INY
f1556   c46313210    i49865815    A:00 X:D9 Y:07 S:C6 P:nvUbdizc  $00:974E: B1 94    LDA ($94),Y @ $056F = #$C0
f1556   c46313215    i49865816    A:C0 X:D9 Y:07 S:C6 P:NvUbdizc  $00:9750: 2A       ROL
f1556   c46313217    i49865817    A:80 X:D9 Y:07 S:C6 P:NvUbdizC  $00:9751: 99 95 00 STA $0095,Y @ $009C = #$80
f1556   c46313222    i49865818    A:80 X:D9 Y:07 S:C6 P:NvUbdizC  $00:9754: A9 00    LDA #$00
f1556   c46313224    i49865819    A:00 X:D9 Y:07 S:C6 P:nvUbdiZC  $00:9756: 2A       ROL
f1556   c46313226    i49865820    A:01 X:D9 Y:07 S:C6 P:nvUbdizc  $00:9757: 99 96 00 STA $0096,Y @ $009D = #$01
f1556   c46313231    i49865821    A:01 X:D9 Y:07 S:C6 P:nvUbdizc  $00:975A: 60       RTS (from $974A)
f1556   c46313237    i49865822    A:01 X:D9 Y:07 S:C8 P:nvUbdizc  $00:9168: 8A       TXA
f1556   c46313239    i49865823    A:D9 X:D9 Y:07 S:C8 P:NvUbdizc  $00:9169: 29 10    AND #$10
f1556   c46313241    i49865824    A:10 X:D9 Y:07 S:C8 P:nvUbdizc  $00:916B: D0 39    BNE $91A6
f1556   c46313244    i49865825    A:10 X:D9 Y:07 S:C8 P:nvUbdizc  $00:91A6: A9 00    LDA #$00
f1556   c46313246    i49865826    A:00 X:D9 Y:07 S:C8 P:nvUbdiZc  $00:91A8: 38       SEC
f1556   c46313248    i49865827    A:00 X:D9 Y:07 S:C8 P:nvUbdiZC  $00:91A9: E5 46    SBC $46 = #$00
f1556   c46313251    i49865828    A:00 X:D9 Y:07 S:C8 P:nvUbdiZC  $00:91AB: 85 E6    STA $E6 = #$00
f1556   c46313254    i49865829    A:00 X:D9 Y:07 S:C8 P:nvUbdiZC  $00:91AD: A9 00    LDA #$00
f1556   c46313256    i49865830    A:00 X:D9 Y:07 S:C8 P:nvUbdiZC  $00:91AF: 38       SEC
f1556   c46313258    i49865831    A:00 X:D9 Y:07 S:C8 P:nvUbdiZC  $00:91B0: E5 47    SBC $47 = #$00
f1556   c46313261    i49865832    A:00 X:D9 Y:07 S:C8 P:nvUbdiZC  $00:91B2: 85 E8    STA $E8 = #$00
f1556   c46313264    i49865833    A:00 X:D9 Y:07 S:C8 P:nvUbdiZC  $00:91B4: A0 10    LDY #$10
f1556   c46313266    i49865834    A:00 X:D9 Y:10 S:C8 P:nvUbdizC  $00:91B6: B1 94    LDA ($94),Y @ $0578 = #$00
f1556   c46313271    i49865835    A:00 X:D9 Y:10 S:C8 P:nvUbdiZC  $00:91B8: AA       TAX
f1556   c46313273    i49865836    A:00 X:00 Y:10 S:C8 P:nvUbdiZC  $00:91B9: C8       INY
f1556   c46313275    i49865837    A:00 X:00 Y:11 S:C8 P:nvUbdizC  $00:91BA: B1 94    LDA ($94),Y @ $0579 = #$A8
f1556   c46313280    i49865838    A:A8 X:00 Y:11 S:C8 P:NvUbdizC  $00:91BC: 4A       LSR
f1556   c46313282    i49865839    A:54 X:00 Y:11 S:C8 P:nvUbdizc  $00:91BD: 4A       LSR
f1558   c46372709    i49884859    A:D9 X:D9 Y:00 S:C8 P:NvUbdizc  $00:915E: A0 04    LDY #$04
f1558   c46372711    i49884860    A:D9 X:D9 Y:04 S:C8 P:nvUbdizc  $00:9160: 20 4A 97 JSR $974A
f1558   c46372717    i49884861    A:D9 X:D9 Y:04 S:C6 P:nvUbdizc  $00:974A: B1 94    LDA ($94),Y @ $056C = #$00
f1558   c46372722    i49884862    A:00 X:D9 Y:04 S:C6 P:nvUbdiZc  $00:974C: 0A       ASL
f1558   c46372724    i49884863    A:00 X:D9 Y:04 S:C6 P:nvUbdiZc  $00:974D: C8       INY
f1558   c46372726    i49884864    A:00 X:D9 Y:05 S:C6 P:nvUbdizc  $00:974E: B1 94    LDA ($94),Y @ $056D = #$30
f1558   c46372731    i49884865    A:30 X:D9 Y:05 S:C6 P:nvUbdizc  $00:9750: 2A       ROL
f1558   c46372733    i49884866    A:60 X:D9 Y:05 S:C6 P:nvUbdizc  $00:9751: 99 95 00 STA $0095,Y @ $009A = #$60
f1558   c46372738    i49884867    A:60 X:D9 Y:05 S:C6 P:nvUbdizc  $00:9754: A9 00    LDA #$00
f1558   c46372740    i49884868    A:00 X:D9 Y:05 S:C6 P:nvUbdiZc  $00:9756: 2A       ROL
f1558   c46372742    i49884869    A:00 X:D9 Y:05 S:C6 P:nvUbdiZc  $00:9757: 99 96 00 STA $0096,Y @ $009B = #$00
f1558   c46372747    i49884870    A:00 X:D9 Y:05 S:C6 P:nvUbdiZc  $00:975A: 60       RTS (from $974A)
f1558   c46372753    i49884871    A:00 X:D9 Y:05 S:C8 P:nvUbdiZc  $00:9163: A0 06    LDY #$06
f1558   c46372755    i49884872    A:00 X:D9 Y:06 S:C8 P:nvUbdizc  $00:9165: 20 4A 97 JSR $974A
f1558   c46372761    i49884873    A:00 X:D9 Y:06 S:C6 P:nvUbdizc  $00:974A: B1 94    LDA ($94),Y @ $056E = #$00
f1558   c46372766    i49884874    A:00 X:D9 Y:06 S:C6 P:nvUbdiZc  $00:974C: 0A       ASL
f1558   c46372768    i49884875    A:00 X:D9 Y:06 S:C6 P:nvUbdiZc  $00:974D: C8       INY
f1558   c46372770    i49884876    A:00 X:D9 Y:07 S:C6 P:nvUbdizc  $00:974E: B1 94    LDA ($94),Y @ $056F = #$C0
f1558   c46372775    i49884877    A:C0 X:D9 Y:07 S:C6 P:NvUbdizc  $00:9750: 2A       ROL
f1558   c46372777    i49884878    A:80 X:D9 Y:07 S:C6 P:NvUbdizC  $00:9751: 99 95 00 STA $0095,Y @ $009C = #$80
f1558   c46372782    i49884879    A:80 X:D9 Y:07 S:C6 P:NvUbdizC  $00:9754: A9 00    LDA #$00
f1558   c46372784    i49884880    A:00 X:D9 Y:07 S:C6 P:nvUbdiZC  $00:9756: 2A       ROL
f1558   c46372786    i49884881    A:01 X:D9 Y:07 S:C6 P:nvUbdizc  $00:9757: 99 96 00 STA $0096,Y @ $009D = #$01
f1558   c46372791    i49884882    A:01 X:D9 Y:07 S:C6 P:nvUbdizc  $00:975A: 60       RTS (from $974A)
f1558   c46372797    i49884883    A:01 X:D9 Y:07 S:C8 P:nvUbdizc  $00:9168: 8A       TXA
f1558   c46372799    i49884884    A:D9 X:D9 Y:07 S:C8 P:NvUbdizc  $00:9169: 29 10    AND #$10
f1558   c46372801    i49884885    A:10 X:D9 Y:07 S:C8 P:nvUbdizc  $00:916B: D0 39    BNE $91A6
f1558   c46372804    i49884886    A:10 X:D9 Y:07 S:C8 P:nvUbdizc  $00:91A6: A9 00    LDA #$00
f1558   c46372806    i49884887    A:00 X:D9 Y:07 S:C8 P:nvUbdiZc  $00:91A8: 38       SEC
f1558   c46372808    i49884888    A:00 X:D9 Y:07 S:C8 P:nvUbdiZC  $00:91A9: E5 46    SBC $46 = #$00
f1558   c46372811    i49884889    A:00 X:D9 Y:07 S:C8 P:nvUbdiZC  $00:91AB: 85 E6    STA $E6 = #$00
f1558   c46372814    i49884890    A:00 X:D9 Y:07 S:C8 P:nvUbdiZC  $00:91AD: A9 00    LDA #$00
f1558   c46372816    i49884891    A:00 X:D9 Y:07 S:C8 P:nvUbdiZC  $00:91AF: 38       SEC
f1558   c46372818    i49884892    A:00 X:D9 Y:07 S:C8 P:nvUbdiZC  $00:91B0: E5 47    SBC $47 = #$00
f1558   c46372821    i49884893    A:00 X:D9 Y:07 S:C8 P:nvUbdiZC  $00:91B2: 85 E8    STA $E8 = #$00
f1558   c46372824    i49884894    A:00 X:D9 Y:07 S:C8 P:nvUbdiZC  $00:91B4: A0 10    LDY #$10
f1558   c46372826    i49884895    A:00 X:D9 Y:10 S:C8 P:nvUbdizC  $00:91B6: B1 94    LDA ($94),Y @ $0578 = #$00
f1558   c46372831    i49884896    A:00 X:D9 Y:10 S:C8 P:nvUbdiZC  $00:91B8: AA       TAX
f1558   c46372833    i49884897    A:00 X:00 Y:10 S:C8 P:nvUbdiZC  $00:91B9: C8       INY
f1558   c46372835    i49884898    A:00 X:00 Y:11 S:C8 P:nvUbdizC  $00:91BA: B1 94    LDA ($94),Y @ $0579 = #$A8
f1558   c46372840    i49884899    A:A8 X:00 Y:11 S:C8 P:NvUbdizC  $00:91BC: 4A       LSR
f1558   c46372842    i49884900    A:54 X:00 Y:11 S:C8 P:nvUbdizc  $00:91BD: 4A       LSR
f1559   c46402503    i49894396    A:00 X:D9 Y:05 S:C6 P:nvUbdiZc  $00:9756: 2A       ROL
f1559   c46402505    i49894397    A:00 X:D9 Y:05 S:C6 P:nvUbdiZc  $00:9757: 99 96 00 STA $0096,Y @ $009B = #$00
f1559   c46402510    i49894398    A:00 X:D9 Y:05 S:C6 P:nvUbdiZc  $00:975A: 60       RTS (from $974A)
f1559   c46402516    i49894399    A:00 X:D9 Y:05 S:C8 P:nvUbdiZc  $00:9163: A0 06    LDY #$06
f1559   c46402518    i49894400    A:00 X:D9 Y:06 S:C8 P:nvUbdizc  $00:9165: 20 4A 97 JSR $974A
f1559   c46402524    i49894401    A:00 X:D9 Y:06 S:C6 P:nvUbdizc  $00:974A: B1 94    LDA ($94),Y @ $056E = #$00
f1559   c46402529    i49894402    A:00 X:D9 Y:06 S:C6 P:nvUbdiZc  $00:974C: 0A       ASL
f1559   c46402531    i49894403    A:00 X:D9 Y:06 S:C6 P:nvUbdiZc  $00:974D: C8       INY
f1559   c46402533    i49894404    A:00 X:D9 Y:07 S:C6 P:nvUbdizc  $00:974E: B1 94    LDA ($94),Y @ $056F = #$C0
f1559   c46402538    i49894405    A:C0 X:D9 Y:07 S:C6 P:NvUbdizc  $00:9750: 2A       ROL
f1559   c46402540    i49894406    A:80 X:D9 Y:07 S:C6 P:NvUbdizC  $00:9751: 99 95 00 STA $0095,Y @ $009C = #$80
f1559   c46402545    i49894407    A:80 X:D9 Y:07 S:C6 P:NvUbdizC  $00:9754: A9 00    LDA #$00
f1559   c46402547    i49894408    A:00 X:D9 Y:07 S:C6 P:nvUbdiZC  $00:9756: 2A       ROL
f1559   c46402549    i49894409    A:01 X:D9 Y:07 S:C6 P:nvUbdizc  $00:9757: 99 96 00 STA $0096,Y @ $009D = #$01
f1559   c46402554    i49894410    A:01 X:D9 Y:07 S:C6 P:nvUbdizc  $00:975A: 60       RTS (from $974A)
f1559   c46402560    i49894411    A:01 X:D9 Y:07 S:C8 P:nvUbdizc  $00:9168: 8A       TXA
f1559   c46402562    i49894412    A:D9 X:D9 Y:07 S:C8 P:NvUbdizc  $00:9169: 29 10    AND #$10
f1559   c46402564    i49894413    A:10 X:D9 Y:07 S:C8 P:nvUbdizc  $00:916B: D0 39    BNE $91A6
f1559   c46402567    i49894414    A:10 X:D9 Y:07 S:C8 P:nvUbdizc  $00:91A6: A9 00    LDA #$00
f1559   c46402569    i49894415    A:00 X:D9 Y:07 S:C8 P:nvUbdiZc  $00:91A8: 38       SEC
f1559   c46402571    i49894416    A:00 X:D9 Y:07 S:C8 P:nvUbdiZC  $00:91A9: E5 46    SBC $46 = #$00
f1559   c46402574    i49894417    A:00 X:D9 Y:07 S:C8 P:nvUbdiZC  $00:91AB: 85 E6    STA $E6 = #$00
f1559   c46402577    i49894418    A:00 X:D9 Y:07 S:C8 P:nvUbdiZC  $00:91AD: A9 00    LDA #$00
f1559   c46402579    i49894419    A:00 X:D9 Y:07 S:C8 P:nvUbdiZC  $00:91AF: 38       SEC
f1559   c46402581    i49894420    A:00 X:D9 Y:07 S:C8 P:nvUbdiZC  $00:91B0: E5 47    SBC $47 = #$00
f1559   c46402584    i49894421    A:00 X:D9 Y:07 S:C8 P:nvUbdiZC  $00:91B2: 85 E8    STA $E8 = #$00
f1559   c46402587    i49894422    A:00 X:D9 Y:07 S:C8 P:nvUbdiZC  $00:91B4: A0 10    LDY #$10
f1559   c46402589    i49894423    A:00 X:D9 Y:10 S:C8 P:nvUbdizC  $00:91B6: B1 94    LDA ($94),Y @ $0578 = #$00
f1559   c46402594    i49894424    A:00 X:D9 Y:10 S:C8 P:nvUbdiZC  $00:91B8: AA       TAX
f1559   c46402596    i49894425    A:00 X:00 Y:10 S:C8 P:nvUbdiZC  $00:91B9: C8       INY
f1559   c46402598    i49894426    A:00 X:00 Y:11 S:C8 P:nvUbdizC  $00:91BA: B1 94    LDA ($94),Y @ $0579 = #$A8
f1559   c46402603    i49894427    A:A8 X:00 Y:11 S:C8 P:NvUbdizC  $00:91BC: 4A       LSR
f1559   c46402605    i49894428    A:54 X:00 Y:11 S:C8 P:nvUbdizc  $00:91BD: 4A       LSR
f1559   c46402607    i49894429    A:2A X:00 Y:11 S:C8 P:nvUbdizc  $00:91BE: A8       TAY
f1559   c46402609    i49894430    A:2A X:00 Y:2A S:C8 P:nvUbdizc  $00:91BF: A5 E6    LDA $E6 = #$00
f1559   c46402612    i49894431    A:00 X:00 Y:2A S:C8 P:nvUbdiZc  $00:91C1: 18       CLC
f1559   c46402614    i49894432    A:00 X:00 Y:2A S:C8 P:nvUbdiZc  $00:91C2: 7D 68 04 ADC $0468,X @ $0468 = #$50
f1559   c46402618    i49894433    A:50 X:00 Y:2A S:C8 P:nvUbdizc  $00:91C5: 9D 68 04 STA $0468,X @ $0468 = #$50
f1559   c46402623    i49894434    A:50 X:00 Y:2A S:C8 P:nvUbdizc  $00:91C8: 6A       ROR
f1559   c46402625    i49894435    A:28 X:00 Y:2A S:C8 P:nvUbdizc  $00:91C9: 45 E6    EOR $E6 = #$00
f1559   c46402628    i49894436    A:28 X:00 Y:2A S:C8 P:nvUbdizc  $00:91CB: 10 08    BPL $91D5
f1559   c46402631    i49894437    A:28 X:00 Y:2A S:C8 P:nvUbdizc  $00:91D5: A5 E8    LDA $E8 = #$00
f1560   c46428846    i49902825    A:00 X:02 Y:08 S:DB P:nvUbdIzc  $01:A0ED: BD 15 40 LDA $4015,X @ $4017 = #$01
f1560   c46428850    i49902826    A:40 X:02 Y:08 S:DB P:nvUbdIzc  $01:A0F0: 4A       LSR
f1560   c46428852    i49902827    A:20 X:02 Y:08 S:DB P:nvUbdIzc  $01:A0F1: 26 3F    ROL $3F = #$00
f1560   c46428857    i49902828    A:20 X:02 Y:08 S:DB P:nvUbdIZc  $01:A0F3: 29 01    AND #$01
f1560   c46428859    i49902829    A:00 X:02 Y:08 S:DB P:nvUbdIZc  $01:A0F5: 05 3F    ORA $3F = #$00
f1560   c46428862    i49902830    A:00 X:02 Y:08 S:DB P:nvUbdIZc  $01:A0F7: 85 3F    STA $3F = #$00
f1560   c46428865    i49902831    A:00 X:02 Y:08 S:DB P:nvUbdIZc  $01:A0F9: 88       DEY
f1560   c46428867    i49902832    A:00 X:02 Y:07 S:DB P:nvUbdIzc  $01:A0FA: D0 F1    BNE $A0ED
f1560   c46428870    i49902833    A:00 X:02 Y:07 S:DB P:nvUbdIzc  $01:A0ED: BD 15 40 LDA $4015,X @ $4017 = #$01
f1560   c46428874    i49902834    A:40 X:02 Y:07 S:DB P:nvUbdIzc  $01:A0F0: 4A       LSR
f1560   c46428876    i49902835    A:20 X:02 Y:07 S:DB P:nvUbdIzc  $01:A0F1: 26 3F    ROL $3F = #$00
f1560   c46428881    i49902836    A:20 X:02 Y:07 S:DB P:nvUbdIZc  $01:A0F3: 29 01    AND #$01
f1560   c46428883    i49902837    A:00 X:02 Y:07 S:DB P:nvUbdIZc  $01:A0F5: 05 3F    ORA $3F = #$00
f1560   c46428886    i49902838    A:00 X:02 Y:07 S:DB P:nvUbdIZc  $01:A0F7: 85 3F    STA $3F = #$00
f1560   c46428889    i49902839    A:00 X:02 Y:07 S:DB P:nvUbdIZc  $01:A0F9: 88       DEY
f1560   c46428891    i49902840    A:00 X:02 Y:06 S:DB P:nvUbdIzc  $01:A0FA: D0 F1    BNE $A0ED
f1560   c46428894    i49902841    A:00 X:02 Y:06 S:DB P:nvUbdIzc  $01:A0ED: BD 15 40 LDA $4015,X @ $4017 = #$01
f1560   c46428898    i49902842    A:40 X:02 Y:06 S:DB P:nvUbdIzc  $01:A0F0: 4A       LSR
f1560   c46428900    i49902843    A:20 X:02 Y:06 S:DB P:nvUbdIzc  $01:A0F1: 26 3F    ROL $3F = #$00
f1560   c46428905    i49902844    A:20 X:02 Y:06 S:DB P:nvUbdIZc  $01:A0F3: 29 01    AND #$01
f1560   c46428907    i49902845    A:00 X:02 Y:06 S:DB P:nvUbdIZc  $01:A0F5: 05 3F    ORA $3F = #$00
f1560   c46428910    i49902846    A:00 X:02 Y:06 S:DB P:nvUbdIZc  $01:A0F7: 85 3F    STA $3F = #$00
f1560   c46428913    i49902847    A:00 X:02 Y:06 S:DB P:nvUbdIZc  $01:A0F9: 88       DEY
f1560   c46428915    i49902848    A:00 X:02 Y:05 S:DB P:nvUbdIzc  $01:A0FA: D0 F1    BNE $A0ED
f1560   c46428918    i49902849    A:00 X:02 Y:05 S:DB P:nvUbdIzc  $01:A0ED: BD 15 40 LDA $4015,X @ $4017 = #$01
f1560   c46428922    i49902850    A:40 X:02 Y:05 S:DB P:nvUbdIzc  $01:A0F0: 4A       LSR
f1560   c46428924    i49902851    A:20 X:02 Y:05 S:DB P:nvUbdIzc  $01:A0F1: 26 3F    ROL $3F = #$00
f1560   c46428929    i49902852    A:20 X:02 Y:05 S:DB P:nvUbdIZc  $01:A0F3: 29 01    AND #$01
f1560   c46428931    i49902853    A:00 X:02 Y:05 S:DB P:nvUbdIZc  $01:A0F5: 05 3F    ORA $3F = #$00
f1560   c46428934    i49902854    A:00 X:02 Y:05 S:DB P:nvUbdIZc  $01:A0F7: 85 3F    STA $3F = #$00
f1560   c46428937    i49902855    A:00 X:02 Y:05 S:DB P:nvUbdIZc  $01:A0F9: 88       DEY
f1560   c46428939    i49902856    A:00 X:02 Y:04 S:DB P:nvUbdIzc  $01:A0FA: D0 F1    BNE $A0ED
f1560   c46428942    i49902857    A:00 X:02 Y:04 S:DB P:nvUbdIzc  $01:A0ED: BD 15 40 LDA $4015,X @ $4017 = #$01
f1560   c46428946    i49902858    A:40 X:02 Y:04 S:DB P:nvUbdIzc  $01:A0F0: 4A       LSR
f1560   c46428948    i49902859    A:20 X:02 Y:04 S:DB P:nvUbdIzc  $01:A0F1: 26 3F    ROL $3F = #$00
f1560   c46428953    i49902860    A:20 X:02 Y:04 S:DB P:nvUbdIZc  $01:A0F3: 29 01    AND #$01
f1560   c46428955    i49902861    A:00 X:02 Y:04 S:DB P:nvUbdIZc  $01:A0F5: 05 3F    ORA $3F = #$00
f1560   c46428958    i49902862    A:00 X:02 Y:04 S:DB P:nvUbdIZc  $01:A0F7: 85 3F    STA $3F = #$00
f1560   c46428961    i49902863    A:00 X:02 Y:04 S:DB P:nvUbdIZc  $01:A0F9: 88       DEY
f1560   c46428963    i49902864    A:00 X:02 Y:03 S:DB P:nvUbdIzc  $01:A0FA: D0 F1    BNE $A0ED
f1560   c46428966    i49902865    A:00 X:02 Y:03 S:DB P:nvUbdIzc  $01:A0ED: BD 15 40 LDA $4015,X @ $4017 = #$01
f1560   c46428970    i49902866    A:40 X:02 Y:03 S:DB P:nvUbdIzc  $01:A0F0: 4A       LSR
f1560   c46432258    i49903928    A:00 X:D9 Y:07 S:C8 P:nvUbdiZC  $00:91B4: A0 10    LDY #$10
f1560   c46432260    i49903929    A:00 X:D9 Y:10 S:C8 P:nvUbdizC  $00:91B6: B1 94    LDA ($94),Y @ $0578 = #$00
f1560   c46432265    i49903930    A:00 X:D9 Y:10 S:C8 P:nvUbdiZC  $00:91B8: AA       TAX
f1560   c46432267    i49903931    A:00 X:00 Y:10 S:C8 P:nvUbdiZC  $00:91B9: C8       INY
f1560   c46432269    i49903932    A:00 X:00 Y:11 S:C8 P:nvUbdizC  $00:91BA: B1 94    LDA ($94),Y @ $0579 = #$A8
f1560   c46432274    i49903933    A:A8 X:00 Y:11 S:C8 P:NvUbdizC  $00:91BC: 4A       LSR
f1560   c46432276    i49903934    A:54 X:00 Y:11 S:C8 P:nvUbdizc  $00:91BD: 4A       LSR
f1560   c46432278    i49903935    A:2A X:00 Y:11 S:C8 P:nvUbdizc  $00:91BE: A8       TAY
f1560   c46432280    i49903936    A:2A X:00 Y:2A S:C8 P:nvUbdizc  $00:91BF: A5 E6    LDA $E6 = #$00
f1560   c46432283    i49903937    A:00 X:00 Y:2A S:C8 P:nvUbdiZc  $00:91C1: 18       CLC
f1560   c46432285    i49903938    A:00 X:00 Y:2A S:C8 P:nvUbdiZc  $00:91C2: 7D 68 04 ADC $0468,X @ $0468 = #$50
f1560   c46432289    i49903939    A:50 X:00 Y:2A S:C8 P:nvUbdizc  $00:91C5: 9D 68 04 STA $0468,X @ $0468 = #$50
f1560   c46432294    i49903940    A:50 X:00 Y:2A S:C8 P:nvUbdizc  $00:91C8: 6A       ROR
f1560   c46432296    i49903941    A:28 X:00 Y:2A S:C8 P:nvUbdizc  $00:91C9: 45 E6    EOR $E6 = #$00
f1560   c46432299    i49903942    A:28 X:00 Y:2A S:C8 P:nvUbdizc  $00:91CB: 10 08    BPL $91D5
f1560   c46432302    i49903943    A:28 X:00 Y:2A S:C8 P:nvUbdizc  $00:91D5: A5 E8    LDA $E8 = #$00
f1560   c46432305    i49903944    A:00 X:00 Y:2A S:C8 P:nvUbdiZc  $00:91D7: 18       CLC
f1560   c46432307    i49903945    A:00 X:00 Y:2A S:C8 P:nvUbdiZc  $00:91D8: 7D 6B 04 ADC $046B,X @ $046B = #$98
f1560   c46432311    i49903946    A:98 X:00 Y:2A S:C8 P:NvUbdizc  $00:91DB: 9D 6B 04 STA $046B,X @ $046B = #$98
f1560   c46432316    i49903947    A:98 X:00 Y:2A S:C8 P:NvUbdizc  $00:91DE: 6A       ROR
f1560   c46432318    i49903948    A:4C X:00 Y:2A S:C8 P:nvUbdizc  $00:91DF: 45 E8    EOR $E8 = #$00
f1560   c46432321    i49903949    A:4C X:00 Y:2A S:C8 P:nvUbdizc  $00:91E1: 10 08    BPL $91EB
f1560   c46432324    i49903950    A:4C X:00 Y:2A S:C8 P:nvUbdizc  $00:91EB: 8A       TXA
f1560   c46432326    i49903951    A:00 X:00 Y:2A S:C8 P:nvUbdiZc  $00:91EC: 18       CLC
f1560   c46432328    i49903952    A:00 X:00 Y:2A S:C8 P:nvUbdiZc  $00:91ED: 69 04    ADC #$04
f1560   c46432330    i49903953    A:04 X:00 Y:2A S:C8 P:nvUbdizc  $00:91EF: AA       TAX
f1560   c46432332    i49903954    A:04 X:04 Y:2A S:C8 P:nvUbdizc  $00:91F0: 88       DEY
f1560   c46432334    i49903955    A:04 X:04 Y:29 S:C8 P:nvUbdizc  $00:91F1: D0 CC    BNE $91BF
f1560   c46432337    i49903956    A:04 X:04 Y:29 S:C8 P:nvUbdizc  $00:91BF: A5 E6    LDA $E6 = #$00
f1560   c46432340    i49903957    A:00 X:04 Y:29 S:C8 P:nvUbdiZc  $00:91C1: 18       CLC
f1560   c46432342    i49903958    A:00 X:04 Y:29 S:C8 P:nvUbdiZc  $00:91C2: 7D 68 04 ADC $0468,X @ $046C = #$50
f1560   c46432346    i49903959    A:50 X:04 Y:29 S:C8 P:nvUbdizc  $00:91C5: 9D 68 04 STA $0468,X @ $046C = #$50
f1560   c46432351    i49903960    A:50 X:04 Y:29 S:C8 P:nvUbdizc  $00:91C8: 6A       ROR
f1560   c46432353    i49903961    A:28 X:04 Y:29 S:C8 P:nvUbdizc  $00:91C9: 45 E6    EOR $E6 = #$00
f1560   c46432356    i49903962    A:28 X:04 Y:29 S:C8 P:nvUbdizc  $00:91CB: 10 08    BPL $91D5
f1560   c46432359    i49903963    A:28 X:04 Y:29 S:C8 P:nvUbdizc  $00:91D5: A5 E8    LDA $E8 = #$00
f1560   c46432362    i49903964    A:00 X:04 Y:29 S:C8 P:nvUbdiZc  $00:91D7: 18       CLC
f1560   c46432364    i49903965    A:00 X:04 Y:29 S:C8 P:nvUbdiZc  $00:91D8: 7D 6B 04 ADC $046B,X @ $046F = #$90
f1560   c46432368    i49903966    A:90 X:04 Y:29 S:C8 P:NvUbdizc  $00:91DB: 9D 6B 04 STA $046B,X @ $046F = #$90
f1560   c46432373    i49903967    A:90 X:04 Y:29 S:C8 P:NvUbdizc  $00:91DE: 6A       ROR
f1560   c46432375    i49903968    A:48 X:04 Y:29 S:C8 P:nvUbdizc  $00:91DF: 45 E8    EOR $E8 = #$00
f1560   c46432378    i49903969    A:48 X:04 Y:29 S:C8 P:nvUbdizc  $00:91E1: 10 08    BPL $91EB
f1573   c46815884    i50026067    A:00 X:02 Y:08 S:DB P:nVUbdIzc  $01:A0ED: BD 15 40 LDA $4015,X @ $4017 = #$01
f1573   c46815888    i50026068    A:40 X:02 Y:08 S:DB P:nVUbdIzc  $01:A0F0: 4A       LSR
f1573   c46815890    i50026069    A:20 X:02 Y:08 S:DB P:nVUbdIzc  $01:A0F1: 26 3F    ROL $3F = #$00
f1573   c46815895    i50026070    A:20 X:02 Y:08 S:DB P:nVUbdIZc  $01:A0F3: 29 01    AND #$01
f1573   c46815897    i50026071    A:00 X:02 Y:08 S:DB P:nVUbdIZc  $01:A0F5: 05 3F    ORA $3F = #$00
f1573   c46815900    i50026072    A:00 X:02 Y:08 S:DB P:nVUbdIZc  $01:A0F7: 85 3F    STA $3F = #$00
f1573   c46815903    i50026073    A:00 X:02 Y:08 S:DB P:nVUbdIZc  $01:A0F9: 88       DEY
f1573   c46815905    i50026074    A:00 X:02 Y:07 S:DB P:nVUbdIzc  $01:A0FA: D0 F1    BNE $A0ED
f1573   c46815908    i50026075    A:00 X:02 Y:07 S:DB P:nVUbdIzc  $01:A0ED: BD 15 40 LDA $4015,X @ $4017 = #$01
f1573   c46815912    i50026076    A:40 X:02 Y:07 S:DB P:nVUbdIzc  $01:A0F0: 4A       LSR
f1573   c46815914    i50026077    A:20 X:02 Y:07 S:DB P:nVUbdIzc  $01:A0F1: 26 3F    ROL $3F = #$00
f1573   c46815919    i50026078    A:20 X:02 Y:07 S:DB P:nVUbdIZc  $01:A0F3: 29 01    AND #$01
f1573   c46815921    i50026079    A:00 X:02 Y:07 S:DB P:nVUbdIZc  $01:A0F5: 05 3F    ORA $3F = #$00
f1573   c46815924    i50026080    A:00 X:02 Y:07 S:DB P:nVUbdIZc  $01:A0F7: 85 3F    STA $3F = #$00
f1573   c46815927    i50026081    A:00 X:02 Y:07 S:DB P:nVUbdIZc  $01:A0F9: 88       DEY
f1573   c46815929    i50026082    A:00 X:02 Y:06 S:DB P:nVUbdIzc  $01:A0FA: D0 F1    BNE $A0ED
f1573   c46815932    i50026083    A:00 X:02 Y:06 S:DB P:nVUbdIzc  $01:A0ED: BD 15 40 LDA $4015,X @ $4017 = #$01
f1573   c46815936    i50026084    A:40 X:02 Y:06 S:DB P:nVUbdIzc  $01:A0F0: 4A       LSR
f1573   c46815938    i50026085    A:20 X:02 Y:06 S:DB P:nVUbdIzc  $01:A0F1: 26 3F    ROL $3F = #$00
f1573   c46815943    i50026086    A:20 X:02 Y:06 S:DB P:nVUbdIZc  $01:A0F3: 29 01    AND #$01
f1573   c46815945    i50026087    A:00 X:02 Y:06 S:DB P:nVUbdIZc  $01:A0F5: 05 3F    ORA $3F = #$00
f1573   c46815948    i50026088    A:00 X:02 Y:06 S:DB P:nVUbdIZc  $01:A0F7: 85 3F    STA $3F = #$00
f1573   c46815951    i50026089    A:00 X:02 Y:06 S:DB P:nVUbdIZc  $01:A0F9: 88       DEY
f1573   c46815953    i50026090    A:00 X:02 Y:05 S:DB P:nVUbdIzc  $01:A0FA: D0 F1    BNE $A0ED
f1573   c46815956    i50026091    A:00 X:02 Y:05 S:DB P:nVUbdIzc  $01:A0ED: BD 15 40 LDA $4015,X @ $4017 = #$01
f1573   c46815960    i50026092    A:40 X:02 Y:05 S:DB P:nVUbdIzc  $01:A0F0: 4A       LSR
f1573   c46815962    i50026093    A:20 X:02 Y:05 S:DB P:nVUbdIzc  $01:A0F1: 26 3F    ROL $3F = #$00
f1573   c46815967    i50026094    A:20 X:02 Y:05 S:DB P:nVUbdIZc  $01:A0F3: 29 01    AND #$01
f1573   c46815969    i50026095    A:00 X:02 Y:05 S:DB P:nVUbdIZc  $01:A0F5: 05 3F    ORA $3F = #$00
f1573   c46815972    i50026096    A:00 X:02 Y:05 S:DB P:nVUbdIZc  $01:A0F7: 85 3F    STA $3F = #$00
f1573   c46815975    i50026097    A:00 X:02 Y:05 S:DB P:nVUbdIZc  $01:A0F9: 88       DEY
f1573   c46815977    i50026098    A:00 X:02 Y:04 S:DB P:nVUbdIzc  $01:A0FA: D0 F1    BNE $A0ED
f1573   c46815980    i50026099    A:00 X:02 Y:04 S:DB P:nVUbdIzc  $01:A0ED: BD 15 40 LDA $4015,X @ $4017 = #$01
f1573   c46815984    i50026100    A:40 X:02 Y:04 S:DB P:nVUbdIzc  $01:A0F0: 4A       LSR
f1573   c46815986    i50026101    A:20 X:02 Y:04 S:DB P:nVUbdIzc  $01:A0F1: 26 3F    ROL $3F = #$00
f1573   c46815991    i50026102    A:20 X:02 Y:04 S:DB P:nVUbdIZc  $01:A0F3: 29 01    AND #$01
f1573   c46815993    i50026103    A:00 X:02 Y:04 S:DB P:nVUbdIZc  $01:A0F5: 05 3F    ORA $3F = #$00
f1573   c46815996    i50026104    A:00 X:02 Y:04 S:DB P:nVUbdIZc  $01:A0F7: 85 3F    STA $3F = #$00
f1573   c46815999    i50026105    A:00 X:02 Y:04 S:DB P:nVUbdIZc  $01:A0F9: 88       DEY
f1573   c46816001    i50026106    A:00 X:02 Y:03 S:DB P:nVUbdIzc  $01:A0FA: D0 F1    BNE $A0ED
f1573   c46816004    i50026107    A:00 X:02 Y:03 S:DB P:nVUbdIzc  $01:A0ED: BD 15 40 LDA $4015,X @ $4017 = #$01
f1573   c46816008    i50026108    A:40 X:02 Y:03 S:DB P:nVUbdIzc  $01:A0F0: 4A       LSR
f1575   c46878597    i50046014    A:0F X:0F Y:01 S:4C P:nvUbdizc  $00:9AA3: BD A2 9E LDA $9EA2,X @ $9EB1 = #$00
f1575   c46878601    i50046015    A:00 X:0F Y:01 S:4C P:nvUbdiZc  $00:9AA6: 85 E6    STA $E6 = #$00
f1575   c46878604    i50046016    A:00 X:0F Y:01 S:4C P:nvUbdiZc  $00:9AA8: B9 2A 06 LDA $062A,Y @ $062B = #$0F
f1575   c46878608    i50046017    A:0F X:0F Y:01 S:4C P:nvUbdizc  $00:9AAB: 29 0F    AND #$0F
f1575   c46878610    i50046018    A:0F X:0F Y:01 S:4C P:nvUbdizc  $00:9AAD: 05 E6    ORA $E6 = #$00
f1575   c46878613    i50046019    A:0F X:0F Y:01 S:4C P:nvUbdizc  $00:9AAF: A6 E7    LDX $E7 = #$04
f1575   c46878616    i50046020    A:0F X:04 Y:01 S:4C P:nvUbdizc  $00:9AB1: 9D E8 05 STA $05E8,X @ $05EC = #$0F
f1575   c46878621    i50046021    A:0F X:04 Y:01 S:4C P:nvUbdizc  $00:9AB4: E6 E7    INC $E7 = #$04
f1575   c46878626    i50046022    A:0F X:04 Y:01 S:4C P:nvUbdizc  $00:9AB6: C8       INY
f1575   c46878628    i50046023    A:0F X:04 Y:02 S:4C P:nvUbdizc  $00:9AB7: 60       RTS (from $9AA2)
f1575   c46878634    i50046024    A:0F X:04 Y:02 S:4E P:nvUbdizc  $00:9A89: C0 10    CPY #$10
f1575   c46878636    i50046025    A:0F X:04 Y:02 S:4E P:NvUbdizc  $00:9A8B: D0 F1    BNE $9A7E
f1575   c46878639    i50046026    A:0F X:04 Y:02 S:4E P:NvUbdizc  $00:9A7E: B9 2A 06 LDA $062A,Y @ $062C = #$0F
f1575   c46878643    i50046027    A:0F X:04 Y:02 S:4E P:nvUbdizc  $00:9A81: 29 30    AND #$30
f1575   c46878645    i50046028    A:00 X:04 Y:02 S:4E P:nvUbdiZc  $00:9A83: 18       CLC
f1575   c46878647    i50046029    A:00 X:04 Y:02 S:4E P:nvUbdiZc  $00:9A84: 65 4A    ADC $4A = #$0F
f1575   c46878650    i50046030    A:0F X:04 Y:02 S:4E P:nvUbdizc  $00:9A86: 20 A2 9A JSR $9AA2
f1575   c46878656    i50046031    A:0F X:04 Y:02 S:4C P:nvUbdizc  $00:9AA2: AA       TAX
f1575   c46878658    i50046032    A:0F X:0F Y:02 S:4C P:nvUbdizc  $00:9AA3: BD A2 9E LDA $9EA2,X @ $9EB1 = #$00
f1575   c46878662    i50046033    A:00 X:0F Y:02 S:4C P:nvUbdiZc  $00:9AA6: 85 E6    STA $E6 = #$00
f1575   c46878665    i50046034    A:00 X:0F Y:02 S:4C P:nvUbdiZc  $00:9AA8: B9 2A 06 LDA $062A,Y @ $062C = #$0F
f1575   c46878669    i50046035    A:0F X:0F Y:02 S:4C P:nvUbdizc  $00:9AAB: 29 0F    AND #$0F
f1575   c46878671    i50046036    A:0F X:0F Y:02 S:4C P:nvUbdizc  $00:9AAD: 05 E6    ORA $E6 = #$00
f1575   c46878674    i50046037    A:0F X:0F Y:02 S:4C P:nvUbdizc  $00:9AAF: A6 E7    LDX $E7 = #$05
f1575   c46878677    i50046038    A:0F X:05 Y:02 S:4C P:nvUbdizc  $00:9AB1: 9D E8 05 STA $05E8,X @ $05ED = #$0F
f1575   c46878682    i50046039    A:0F X:05 Y:02 S:4C P:nvUbdizc  $00:9AB4: E6 E7    INC $E7 = #$05
f1575   c46878687    i50046040    A:0F X:05 Y:02 S:4C P:nvUbdizc  $00:9AB6: C8       INY
f1575   c46878689    i50046041    A:0F X:05 Y:03 S:4C P:nvUbdizc  $00:9AB7: 60       RTS (from $9AA2)
f1575   c46878695    i50046042    A:0F X:05 Y:03 S:4E P:nvUbdizc  $00:9A89: C0 10    CPY #$10
f1575   c46878697    i50046043    A:0F X:05 Y:03 S:4E P:NvUbdizc  $00:9A8B: D0 F1    BNE $9A7E
f1575   c46878700    i50046044    A:0F X:05 Y:03 S:4E P:NvUbdizc  $00:9A7E: B9 2A 06 LDA $062A,Y @ $062D = #$0F
f1575   c46878704    i50046045    A:0F X:05 Y:03 S:4E P:nvUbdizc  $00:9A81: 29 30    AND #$30
f1575   c46878706    i50046046    A:00 X:05 Y:03 S:4E P:nvUbdiZc  $00:9A83: 18       CLC
f1575   c46878708    i50046047    A:00 X:05 Y:03 S:4E P:nvUbdiZc  $00:9A84: 65 4A    ADC $4A = #$0F
f1575   c46878711    i50046048    A:0F X:05 Y:03 S:4E P:nvUbdizc  $00:9A86: 20 A2 9A JSR $9AA2
f1575   c46878717    i50046049    A:0F X:05 Y:03 S:4C P:nvUbdizc  $00:9AA2: AA       TAX
f1575   c46878719    i50046050    A:0F X:0F Y:03 S:4C P:nvUbdizc  $00:9AA3: BD A2 9E LDA $9EA2,X @ $9EB1 = #$00
f1575   c46878723    i50046051    A:00 X:0F Y:03 S:4C P:nvUbdiZc  $00:9AA6: 85 E6    STA $E6 = #$00
f1575   c46878726    i50046052    A:00 X:0F Y:03 S:4C P:nvUbdiZc  $00:9AA8: B9 2A 06 LDA $062A,Y @ $062D = #$0F
f1575   c46878730    i50046053    A:0F X:0F Y:03 S:4C P:nvUbdizc  $00:9AAB: 29 0F    AND #$0F
f1575   c46878732    i50046054    A:0F X:0F Y:03 S:4C P:nvUbdizc  $00:9AAD: 05 E6    ORA $E6 = #$00
f1579   c46997719    i50083952    A:0F X:0F Y:01 S:4C P:nvUbdizc  $00:9AA3: BD A2 9E LDA $9EA2,X @ $9EB1 = #$00
f1579   c46997723    i50083953    A:00 X:0F Y:01 S:4C P:nvUbdiZc  $00:9AA6: 85 E6    STA $E6 = #$00
f1579   c46997726    i50083954    A:00 X:0F Y:01 S:4C P:nvUbdiZc  $00:9AA8: B9 2A 06 LDA $062A,Y @ $062B = #$0F
f1579   c46997730    i50083955    A:0F X:0F Y:01 S:4C P:nvUbdizc  $00:9AAB: 29 0F    AND #$0F
f1579   c46997732    i50083956    A:0F X:0F Y:01 S:4C P:nvUbdizc  $00:9AAD: 05 E6    ORA $E6 = #$00
f1579   c46997735    i50083957    A:0F X:0F Y:01 S:4C P:nvUbdizc  $00:9AAF: A6 E7    LDX $E7 = #$04
f1579   c46997738    i50083958    A:0F X:04 Y:01 S:4C P:nvUbdizc  $00:9AB1: 9D E8 05 STA $05E8,X @ $05EC = #$0F
f1579   c46997743    i50083959    A:0F X:04 Y:01 S:4C P:nvUbdizc  $00:9AB4: E6 E7    INC $E7 = #$04
f1579   c46997748    i50083960    A:0F X:04 Y:01 S:4C P:nvUbdizc  $00:9AB6: C8       INY
f1579   c46997750    i50083961    A:0F X:04 Y:02 S:4C P:nvUbdizc  $00:9AB7: 60       RTS (from $9AA2)
f1579   c46997756    i50083962    A:0F X:04 Y:02 S:4E P:nvUbdizc  $00:9A89: C0 10    CPY #$10
f1579   c46997758    i50083963    A:0F X:04 Y:02 S:4E P:NvUbdizc  $00:9A8B: D0 F1    BNE $9A7E
f1579   c46997761    i50083964    A:0F X:04 Y:02 S:4E P:NvUbdizc  $00:9A7E: B9 2A 06 LDA $062A,Y @ $062C = #$0F
f1579   c46997765    i50083965    A:0F X:04 Y:02 S:4E P:nvUbdizc  $00:9A81: 29 30    AND #$30
f1579   c46997767    i50083966    A:00 X:04 Y:02 S:4E P:nvUbdiZc  $00:9A83: 18       CLC
f1579   c46997769    i50083967    A:00 X:04 Y:02 S:4E P:nvUbdiZc  $00:9A84: 65 4A    ADC $4A = #$0F
f1579   c46997772    i50083968    A:0F X:04 Y:02 S:4E P:nvUbdizc  $00:9A86: 20 A2 9A JSR $9AA2
f1579   c46997778    i50083969    A:0F X:04 Y:02 S:4C P:nvUbdizc  $00:9AA2: AA       TAX
f1579   c46997780    i50083970    A:0F X:0F Y:02 S:4C P:nvUbdizc  $00:9AA3: BD A2 9E LDA $9EA2,X @ $9EB1 = #$00
f1579   c46997784    i50083971    A:00 X:0F Y:02 S:4C P:nvUbdiZc  $00:9AA6: 85 E6    STA $E6 = #$00
f1579   c46997787    i50083972    A:00 X:0F Y:02 S:4C P:nvUbdiZc  $00:9AA8: B9 2A 06 LDA $062A,Y @ $062C = #$0F
f1579   c46997791    i50083973    A:0F X:0F Y:02 S:4C P:nvUbdizc  $00:9AAB: 29 0F    AND #$0F
f1579   c46997793    i50083974    A:0F X:0F Y:02 S:4C P:nvUbdizc  $00:9AAD: 05 E6    ORA $E6 = #$00
f1579   c46997796    i50083975    A:0F X:0F Y:02 S:4C P:nvUbdizc  $00:9AAF: A6 E7    LDX $E7 = #$05
f1579   c46997799    i50083976    A:0F X:05 Y:02 S:4C P:nvUbdizc  $00:9AB1: 9D E8 05 STA $05E8,X @ $05ED = #$0F
f1579   c46997804    i50083977    A:0F X:05 Y:02 S:4C P:nvUbdizc  $00:9AB4: E6 E7    INC $E7 = #$05
f1579   c46997809    i50083978    A:0F X:05 Y:02 S:4C P:nvUbdizc  $00:9AB6: C8       INY
f1579   c46997811    i50083979    A:0F X:05 Y:03 S:4C P:nvUbdizc  $00:9AB7: 60       RTS (from $9AA2)
f1579   c46997817    i50083980    A:0F X:05 Y:03 S:4E P:nvUbdizc  $00:9A89: C0 10    CPY #$10
f1579   c46997819    i50083981    A:0F X:05 Y:03 S:4E P:NvUbdizc  $00:9A8B: D0 F1    BNE $9A7E
f1579   c46997822    i50083982    A:0F X:05 Y:03 S:4E P:NvUbdizc  $00:9A7E: B9 2A 06 LDA $062A,Y @ $062D = #$0F
f1579   c46997826    i50083983    A:0F X:05 Y:03 S:4E P:nvUbdizc  $00:9A81: 29 30    AND #$30
f1579   c46997828    i50083984    A:00 X:05 Y:03 S:4E P:nvUbdiZc  $00:9A83: 18       CLC
f1579   c46997830    i50083985    A:00 X:05 Y:03 S:4E P:nvUbdiZc  $00:9A84: 65 4A    ADC $4A = #$0F
f1579   c46997833    i50083986    A:0F X:05 Y:03 S:4E P:nvUbdizc  $00:9A86: 20 A2 9A JSR $9AA2
f1579   c46997839    i50083987    A:0F X:05 Y:03 S:4C P:nvUbdizc  $00:9AA2: AA       TAX
f1579   c46997841    i50083988    A:0F X:0F Y:03 S:4C P:nvUbdizc  $00:9AA3: BD A2 9E LDA $9EA2,X @ $9EB1 = #$00
f1579   c46997845    i50083989    A:00 X:0F Y:03 S:4C P:nvUbdiZc  $00:9AA6: 85 E6    STA $E6 = #$00
f1579   c46997848    i50083990    A:00 X:0F Y:03 S:4C P:nvUbdiZc  $00:9AA8: B9 2A 06 LDA $062A,Y @ $062D = #$0F
f1579   c46997852    i50083991    A:0F X:0F Y:03 S:4C P:nvUbdizc  $00:9AAB: 29 0F    AND #$0F
f1579   c46997854    i50083992    A:0F X:0F Y:03 S:4C P:nvUbdizc  $00:9AAD: 05 E6    ORA $E6 = #$00
f1585   c47176570    i50140845    A:00 X:00 Y:06 S:D9 P:nvUbdIZc  $06:8174: AA       TAX
f1585   c47176572    i50140846    A:00 X:00 Y:06 S:D9 P:nvUbdIZc  $06:8175: A0 06    LDY #$06
f1585   c47176574    i50140847    A:00 X:00 Y:06 S:D9 P:nvUbdIzc  $06:8177: B1 F0    LDA ($F0),Y @ $076D = #$05
f1585   c47176579    i50140848    A:05 X:00 Y:06 S:D9 P:nvUbdIzc  $06:8179: 48       PHA
f1585   c47176582    i50140849    A:05 X:00 Y:06 S:D8 P:nvUbdIzc  $06:817A: A5 F2    LDA $F2 = #$03
f1585   c47176585    i50140850    A:03 X:00 Y:06 S:D8 P:nvUbdIzc  $06:817C: 85 FB    STA $FB = #$00
f1585   c47176588    i50140851    A:03 X:00 Y:06 S:D8 P:nvUbdIzc  $06:817E: C9 01    CMP #$01
f1585   c47176590    i50140852    A:03 X:00 Y:06 S:D8 P:nvUbdIzC  $06:8180: D0 07    BNE $8189
f1585   c47176593    i50140853    A:03 X:00 Y:06 S:D8 P:nvUbdIzC  $06:8189: 68       PLA
f1585   c47176597    i50140854    A:05 X:00 Y:06 S:D9 P:nvUbdIzC  $06:818A: 09 30    ORA #$30
f1585   c47176599    i50140855    A:35 X:00 Y:06 S:D9 P:nvUbdIzC  $06:818C: 9D 00 40 STA $4000,X @ $4000 = #$30
f1585   c47176604    i50140856    A:35 X:00 Y:06 S:D9 P:nvUbdIzC  $06:818F: A9 10    LDA #$10
f1585   c47176606    i50140857    A:10 X:00 Y:06 S:D9 P:nvUbdIzC  $06:8191: A0 05    LDY #$05
f1585   c47176608    i50140858    A:10 X:00 Y:05 S:D9 P:nvUbdIzC  $06:8193: 31 F0    AND ($F0),Y @ $076C = #$07
f1585   c47176613    i50140859    A:00 X:00 Y:05 S:D9 P:nvUbdIZC  $06:8195: D0 10    BNE $81A7
f1585   c47176615    i50140860    A:00 X:00 Y:05 S:D9 P:nvUbdIZC  $06:8197: A9 08    LDA #$08
f1585   c47176617    i50140861    A:08 X:00 Y:05 S:D9 P:nvUbdIzC  $06:8199: A4 FB    LDY $FB = #$03
f1585   c47176620    i50140862    A:08 X:00 Y:03 S:D9 P:nvUbdIzC  $06:819B: 99 E4 07 STA $07E4,Y @ $07E7 = #$08
f1585   c47176625    i50140863    A:08 X:00 Y:03 S:D9 P:nvUbdIzC  $06:819E: 9D 01 40 STA $4001,X @ $4001 = #$08
f1585   c47176630    i50140864    A:08 X:00 Y:03 S:D9 P:nvUbdIzC  $06:81A1: 4C B1 81 JMP $81B1
f1585   c47176633    i50140865    A:08 X:00 Y:03 S:D9 P:nvUbdIzC  $06:81B1: A0 07    LDY #$07
f1585   c47176635    i50140866    A:08 X:00 Y:07 S:D9 P:nvUbdIzC  $06:81B3: B1 F0    LDA ($F0),Y @ $076E = #$67
f1585   c47176640    i50140867    A:67 X:00 Y:07 S:D9 P:nvUbdIzC  $06:81B5: 9D 02 40 STA $4002,X @ $4002 = #$BE
f1585   c47176645    i50140868    A:67 X:00 Y:07 S:D9 P:nvUbdIzC  $06:81B8: C8       INY
f1585   c47176647    i50140869    A:67 X:00 Y:08 S:D9 P:nvUbdIzC  $06:81B9: B1 F0    LDA ($F0),Y @ $076F = #$81
f1585   c47176652    i50140870    A:81 X:00 Y:08 S:D9 P:NvUbdIzC  $06:81BB: 09 18    ORA #$18
f1585   c47176654    i50140871    A:99 X:00 Y:08 S:D9 P:NvUbdIzC  $06:81BD: A4 FB    LDY $FB = #$03
f1585   c47176657    i50140872    A:99 X:00 Y:03 S:D9 P:nvUbdIzC  $06:81BF: F0 09    BEQ $81CA
f1585   c47176659    i50140873    A:99 X:00 Y:03 S:D9 P:nvUbdIzC  $06:81C1: C0 01    CPY #$01
f1585   c47176661    i50140874    A:99 X:00 Y:03 S:D9 P:nvUbdIzC  $06:81C3: F0 05    BEQ $81CA
f1585   c47176663    i50140875    A:99 X:00 Y:03 S:D9 P:nvUbdIzC  $06:81C5: D9 E0 07 CMP $07E0,Y @ $07E3 = #$98
f1585   c47176667    i50140876    A:99 X:00 Y:03 S:D9 P:nvUbdIzC  $06:81C8: F0 10    BEQ $81DA
f1585   c47176669    i50140877    A:99 X:00 Y:03 S:D9 P:nvUbdIzC  $06:81CA: 9D 03 40 STA $4003,X @ $4003 = #$98
f1585   c47176674    i50140878    A:99 X:00 Y:03 S:D9 P:nvUbdIzC  $06:81CD: 99 E0 07 STA $07E0,Y @ $07E3 = #$98
f1585   c47176679    i50140879    A:99 X:00 Y:03 S:D9 P:nvUbdIzC  $06:81D0: B9 E4 07 LDA $07E4,Y @ $07E7 = #$08
f1585   c47176683    i50140880    A:08 X:00 Y:03 S:D9 P:nvUbdIzC  $06:81D3: D0 05    BNE $81DA
f1585   c47176686    i50140881    A:08 X:00 Y:03 S:D9 P:nvUbdIzC  $06:81DA: 60       RTS (from $816E)
f1585   c47176692    i50140882    A:08 X:00 Y:03 S:DB P:nvUbdIzC  $06:814C: 18       CLC
f1585   c47176694    i50140883    A:08 X:00 Y:03 S:DB P:nvUbdIzc  $06:814D: A9 10    LDA #$10
f1585   c47176696    i50140884    A:10 X:00 Y:03 S:DB P:nvUbdIzc  $06:814F: 65 FC    ADC $FC = #$27
f1585   c47176699    i50140885    A:37 X:00 Y:03 S:DB P:nvUbdIzc  $06:8151: 85 FC    STA $FC = #$27
f1585   c47189262    i50144820    A:40 X:19 Y:00 S:E0 P:nvUbdizC  $00:9F06: 10 FC    BPL $9F04
f1585   c47189265    i50144821    A:40 X:19 Y:00 S:E0 P:nvUbdizC  $00:9F04: A5 1B    LDA $1B = #$40
f1585   c47189268    i50144822    A:40 X:19 Y:00 S:E0 P:nvUbdizC  $00:9F06: 10 FC    BPL $9F04
f1585   c47189271    i50144823    A:40 X:19 Y:00 S:E0 P:nvUbdizC  $00:9F04: A5 1B    LDA $1B = #$40
f1585   c47189274    i50144824    A:40 X:19 Y:00 S:E0 P:nvUbdizC  $00:9F06: 10 FC    BPL $9F04
f1585   c47189277    i50144825    A:40 X:19 Y:00 S:E0 P:nvUbdizC  $00:9F04: A5 1B    LDA $1B = #$40
f1585   c47189280    i50144826    A:40 X:19 Y:00 S:E0 P:nvUbdizC  $00:9F06: 10 FC    BPL $9F04
f1585   c47189283    i50144827    A:40 X:19 Y:00 S:E0 P:nvUbdizC  $00:9F04: A5 1B    LDA $1B = #$40
f1585   c47189286    i50144828    A:40 X:19 Y:00 S:E0 P:nvUbdizC  $00:9F06: 10 FC    BPL $9F04
f1585   c47189289    i50144829    A:40 X:19 Y:00 S:E0 P:nvUbdizC  $00:9F04: A5 1B    LDA $1B = #$40
f1585   c47189292    i50144830    A:40 X:19 Y:00 S:E0 P:nvUbdizC  $00:9F06: 10 FC    BPL $9F04
f1585   c47189295    i50144831    A:40 X:19 Y:00 S:E0 P:nvUbdizC  $00:9F04: A5 1B    LDA $1B = #$40
f1585   c47189298    i50144832    A:40 X:19 Y:00 S:E0 P:nvUbdizC  $00:9F06: 10 FC    BPL $9F04
f1585   c47189301    i50144833    A:40 X:19 Y:00 S:E0 P:nvUbdizC  $00:9F04: A5 1B    LDA $1B = #$40
f1585   c47189304    i50144834    A:40 X:19 Y:00 S:E0 P:nvUbdizC  $00:9F06: 10 FC    BPL $9F04
f1585   c47189307    i50144835    A:40 X:19 Y:00 S:E0 P:nvUbdizC  $00:9F04: A5 1B    LDA $1B = #$40
f1585   c47189310    i50144836    A:40 X:19 Y:00 S:E0 P:nvUbdizC  $00:9F06: 10 FC    BPL $9F04
f1585   c47189313    i50144837    A:40 X:19 Y:00 S:E0 P:nvUbdizC  $00:9F04: A5 1B    LDA $1B = #$40
f1585   c47189316    i50144838    A:40 X:19 Y:00 S:E0 P:nvUbdizC  $00:9F06: 10 FC    BPL $9F04
f1585   c47189319    i50144839    A:40 X:19 Y:00 S:E0 P:nvUbdizC  $00:9F04: A5 1B    LDA $1B = #$40
f1585   c47189322    i50144840    A:40 X:19 Y:00 S:E0 P:nvUbdizC  $00:9F06: 10 FC    BPL $9F04
f1585   c47189325    i50144841    A:40 X:19 Y:00 S:E0 P:nvUbdizC  $00:9F04: A5 1B    LDA $1B = #$40
f1585   c47189328    i50144842    A:40 X:19 Y:00 S:E0 P:nvUbdizC  $00:9F06: 10 FC    BPL $9F04
f1585   c47189331    i50144843    A:40 X:19 Y:00 S:E0 P:nvUbdizC  $00:9F04: A5 1B    LDA $1B = #$40
f1585   c47189334    i50144844    A:40 X:19 Y:00 S:E0 P:nvUbdizC  $00:9F06: 10 FC    BPL $9F04
f1585   c47189337    i50144845    A:40 X:19 Y:00 S:E0 P:nvUbdizC  $00:9F04: A5 1B    LDA $1B = #$40
f1585   c47189347    i50144846    A:40 X:19 Y:00 S:DD P:nvUbdIzC  $0F:C506: 4C 21 C8 JMP $C821
f1585   c47189350    i50144847    A:40 X:19 Y:00 S:DD P:nvUbdIzC  $0F:C821: 24 1B    BIT $1B = #$40
f1585   c47189353    i50144848    A:40 X:19 Y:00 S:DD P:nVUbdIzC  $0F:C823: 50 03    BVC $C828
f1585   c47189355    i50144849    A:40 X:19 Y:00 S:DD P:nVUbdIzC  $0F:C825: 4C 78 C4 JMP $C478
f1585   c47189358    i50144850    A:40 X:19 Y:00 S:DD P:nVUbdIzC  $0F:C478: 24 3B    BIT $3B = #$55
f1585   c47189361    i50144851    A:40 X:19 Y:00 S:DD P:nVUbdIzC  $0F:C47A: 30 32    BMI $C4AE
f1585   c47189363    i50144852    A:40 X:19 Y:00 S:DD P:nVUbdIzC  $0F:C47C: 38       SEC
f1585   c47189365    i50144853    A:40 X:19 Y:00 S:DD P:nVUbdIzC  $0F:C47D: 66 3B    ROR $3B = #$55
f1585   c47189370    i50144854    A:40 X:19 Y:00 S:DD P:NVUbdIzC  $0F:C47F: 85 3C    STA $3C = #$40
f1585   c47189373    i50144855    A:40 X:19 Y:00 S:DD P:NVUbdIzC  $0F:C481: 86 3D    STX $3D = #$19
f1585   c47189376    i50144856    A:40 X:19 Y:00 S:DD P:NVUbdIzC  $0F:C483: 84 3E    STY $3E = #$00
f1585   c47189379    i50144857    A:40 X:19 Y:00 S:DD P:NVUbdIzC  $0F:C485: A5 22    LDA $22 = #$00
f1585   c47189382    i50144858    A:00 X:19 Y:00 S:DD P:nVUbdIZC  $0F:C487: 09 07    ORA #$07
f1585   c47189384    i50144859    A:07 X:19 Y:00 S:DD P:nVUbdIzC  $0F:C489: 8D 00 80 STA $8000 = #$A5
f1585   c47189388    i50144860    A:07 X:19 Y:00 S:DD P:nVUbdIzC  $0F:C48C: A9 02    LDA #$02
f1585   c47189390    i50144861    A:02 X:19 Y:00 S:DD P:nVUbdIzC  $0F:C48E: 8D 01 80 STA $8001 = #$27
f1589   c47292372    i50177408    A:00 X:02 Y:08 S:DB P:nVUbdIzc  $01:A0ED: BD 15 40 LDA $4015,X @ $4017 = #$01
f1589   c47292376    i50177409    A:40 X:02 Y:08 S:DB P:nVUbdIzc  $01:A0F0: 4A       LSR
f1589   c47292378    i50177410    A:20 X:02 Y:08 S:DB P:nVUbdIzc  $01:A0F1: 26 3F    ROL $3F = #$00
f1589   c47292383    i50177411    A:20 X:02 Y:08 S:DB P:nVUbdIZc  $01:A0F3: 29 01    AND #$01
f1589   c47292385    i50177412    A:00 X:02 Y:08 S:DB P:nVUbdIZc  $01:A0F5: 05 3F    ORA $3F = #$00
f1589   c47292388    i50177413    A:00 X:02 Y:08 S:DB P:nVUbdIZc  $01:A0F7: 85 3F    STA $3F = #$00
f1589   c47292391    i50177414    A:00 X:02 Y:08 S:DB P:nVUbdIZc  $01:A0F9: 88       DEY
f1589   c47292393    i50177415    A:00 X:02 Y:07 S:DB P:nVUbdIzc  $01:A0FA: D0 F1    BNE $A0ED
f1589   c47292396    i50177416    A:00 X:02 Y:07 S:DB P:nVUbdIzc  $01:A0ED: BD 15 40 LDA $4015,X @ $4017 = #$01
f1589   c47292400    i50177417    A:40 X:02 Y:07 S:DB P:nVUbdIzc  $01:A0F0: 4A       LSR
f1589   c47292402    i50177418    A:20 X:02 Y:07 S:DB P:nVUbdIzc  $01:A0F1: 26 3F    ROL $3F = #$00
f1589   c47292407    i50177419    A:20 X:02 Y:07 S:DB P:nVUbdIZc  $01:A0F3: 29 01    AND #$01
f1589   c47292409    i50177420    A:00 X:02 Y:07 S:DB P:nVUbdIZc  $01:A0F5: 05 3F    ORA $3F = #$00
f1589   c47292412    i50177421    A:00 X:02 Y:07 S:DB P:nVUbdIZc  $01:A0F7: 85 3F    STA $3F = #$00
f1589   c47292415    i50177422    A:00 X:02 Y:07 S:DB P:nVUbdIZc  $01:A0F9: 88       DEY
f1589   c47292417    i50177423    A:00 X:02 Y:06 S:DB P:nVUbdIzc  $01:A0FA: D0 F1    BNE $A0ED
f1589   c47292420    i50177424    A:00 X:02 Y:06 S:DB P:nVUbdIzc  $01:A0ED: BD 15 40 LDA $4015,X @ $4017 = #$01
f1589   c47292424    i50177425    A:40 X:02 Y:06 S:DB P:nVUbdIzc  $01:A0F0: 4A       LSR
f1589   c47292426    i50177426    A:20 X:02 Y:06 S:DB P:nVUbdIzc  $01:A0F1: 26 3F    ROL $3F = #$00
f1589   c47292431    i50177427    A:20 X:02 Y:06 S:DB P:nVUbdIZc  $01:A0F3: 29 01    AND #$01
f1589   c47292433    i50177428    A:00 X:02 Y:06 S:DB P:nVUbdIZc  $01:A0F5: 05 3F    ORA $3F = #$00
f1589   c47292436    i50177429    A:00 X:02 Y:06 S:DB P:nVUbdIZc  $01:A0F7: 85 3F    STA $3F = #$00
f1589   c47292439    i50177430    A:00 X:02 Y:06 S:DB P:nVUbdIZc  $01:A0F9: 88       DEY
f1589   c47292441    i50177431    A:00 X:02 Y:05 S:DB P:nVUbdIzc  $01:A0FA: D0 F1    BNE $A0ED
f1589   c47292444    i50177432    A:00 X:02 Y:05 S:DB P:nVUbdIzc  $01:A0ED: BD 15 40 LDA $4015,X @ $4017 = #$01
f1589   c47292448    i50177433    A:40 X:02 Y:05 S:DB P:nVUbdIzc  $01:A0F0: 4A       LSR
f1589   c47292450    i50177434    A:20 X:02 Y:05 S:DB P:nVUbdIzc  $01:A0F1: 26 3F    ROL $3F = #$00
f1589   c47292455    i50177435    A:20 X:02 Y:05 S:DB P:nVUbdIZc  $01:A0F3: 29 01    AND #$01
f1589   c47292457    i50177436    A:00 X:02 Y:05 S:DB P:nVUbdIZc  $01:A0F5: 05 3F    ORA $3F = #$00
f1589   c47292460    i50177437    A:00 X:02 Y:05 S:DB P:nVUbdIZc  $01:A0F7: 85 3F    STA $3F = #$00
f1589   c47292463    i50177438    A:00 X:02 Y:05 S:DB P:nVUbdIZc  $01:A0F9: 88       DEY
f1589   c47292465    i50177439    A:00 X:02 Y:04 S:DB P:nVUbdIzc  $01:A0FA: D0 F1    BNE $A0ED
f1589   c47292468    i50177440    A:00 X:02 Y:04 S:DB P:nVUbdIzc  $01:A0ED: BD 15 40 LDA $4015,X @ $4017 = #$01
f1589   c47292472    i50177441    A:40 X:02 Y:04 S:DB P:nVUbdIzc  $01:A0F0: 4A       LSR
f1589   c47292474    i50177442    A:20 X:02 Y:04 S:DB P:nVUbdIzc  $01:A0F1: 26 3F    ROL $3F = #$00
f1589   c47292479    i50177443    A:20 X:02 Y:04 S:DB P:nVUbdIZc  $01:A0F3: 29 01    AND #$01
f1589   c47292481    i50177444    A:00 X:02 Y:04 S:DB P:nVUbdIZc  $01:A0F5: 05 3F    ORA $3F = #$00
f1589   c47292484    i50177445    A:00 X:02 Y:04 S:DB P:nVUbdIZc  $01:A0F7: 85 3F    STA $3F = #$00
f1589   c47292487    i50177446    A:00 X:02 Y:04 S:DB P:nVUbdIZc  $01:A0F9: 88       DEY
f1589   c47292489    i50177447    A:00 X:02 Y:03 S:DB P:nVUbdIzc  $01:A0FA: D0 F1    BNE $A0ED
f1589   c47292492    i50177448    A:00 X:02 Y:03 S:DB P:nVUbdIzc  $01:A0ED: BD 15 40 LDA $4015,X @ $4017 = #$01
f1589   c47292496    i50177449    A:40 X:02 Y:03 S:DB P:nVUbdIzc  $01:A0F0: 4A       LSR
f1607   c47835818    i50350052    A:00 X:00 Y:F8 S:EC P:nvUbdiZc  $01:A8EE: 99 02 02 STA $0202,Y @ $02FA = #$00
f1607   c47835823    i50350053    A:00 X:00 Y:F8 S:EC P:nvUbdiZc  $01:A8F1: B9 6B 04 LDA $046B,Y @ $0563 = #$00
f1607   c47835828    i50350054    A:00 X:00 Y:F8 S:EC P:nvUbdiZc  $01:A8F4: 99 03 02 STA $0203,Y @ $02FB = #$00
f1607   c47835833    i50350055    A:00 X:00 Y:F8 S:EC P:nvUbdiZc  $01:A8F7: C8       INY
f1607   c47835835    i50350056    A:00 X:00 Y:F9 S:EC P:NvUbdizc  $01:A8F8: C8       INY
f1607   c47835837    i50350057    A:00 X:00 Y:FA S:EC P:NvUbdizc  $01:A8F9: C8       INY
f1607   c47835839    i50350058    A:00 X:00 Y:FB S:EC P:NvUbdizc  $01:A8FA: C8       INY
f1607   c47835841    i50350059    A:00 X:00 Y:FC S:EC P:NvUbdizc  $01:A8FB: D0 D8    BNE $A8D5
f1607   c47835844    i50350060    A:00 X:00 Y:FC S:EC P:NvUbdizc  $01:A8D5: BE 68 04 LDX $0468,Y @ $0564 = #$00
f1607   c47835849    i50350061    A:00 X:00 Y:FC S:EC P:nvUbdiZc  $01:A8D8: B9 6A 04 LDA $046A,Y @ $0566 = #$00
f1607   c47835854    i50350062    A:00 X:00 Y:FC S:EC P:nvUbdiZc  $01:A8DB: 29 0C    AND #$0C
f1607   c47835856    i50350063    A:00 X:00 Y:FC S:EC P:nvUbdiZc  $01:A8DD: F0 02    BEQ $A8E1
f1607   c47835859    i50350064    A:00 X:00 Y:FC S:EC P:nvUbdiZc  $01:A8E1: 8A       TXA
f1607   c47835861    i50350065    A:00 X:00 Y:FC S:EC P:nvUbdiZc  $01:A8E2: 99 00 02 STA $0200,Y @ $02FC = #$00
f1607   c47835866    i50350066    A:00 X:00 Y:FC S:EC P:nvUbdiZc  $01:A8E5: B9 69 04 LDA $0469,Y @ $0565 = #$00
f1607   c47835871    i50350067    A:00 X:00 Y:FC S:EC P:nvUbdiZc  $01:A8E8: 99 01 02 STA $0201,Y @ $02FD = #$00
f1607   c47835876    i50350068    A:00 X:00 Y:FC S:EC P:nvUbdiZc  $01:A8EB: B9 6A 04 LDA $046A,Y @ $0566 = #$00
f1607   c47835881    i50350069    A:00 X:00 Y:FC S:EC P:nvUbdiZc  $01:A8EE: 99 02 02 STA $0202,Y @ $02FE = #$00
f1607   c47835886    i50350070    A:00 X:00 Y:FC S:EC P:nvUbdiZc  $01:A8F1: B9 6B 04 LDA $046B,Y @ $0567 = #$F8
f1607   c47835891    i50350071    A:F8 X:00 Y:FC S:EC P:NvUbdizc  $01:A8F4: 99 03 02 STA $0203,Y @ $02FF = #$F8
f1607   c47835896    i50350072    A:F8 X:00 Y:FC S:EC P:NvUbdizc  $01:A8F7: C8       INY
f1607   c47835898    i50350073    A:F8 X:00 Y:FD S:EC P:NvUbdizc  $01:A8F8: C8       INY
f1607   c47835900    i50350074    A:F8 X:00 Y:FE S:EC P:NvUbdizc  $01:A8F9: C8       INY
f1607   c47835902    i50350075    A:F8 X:00 Y:FF S:EC P:NvUbdizc  $01:A8FA: C8       INY
f1607   c47835904    i50350076    A:F8 X:00 Y:00 S:EC P:nvUbdiZc  $01:A8FB: D0 D8    BNE $A8D5
f1607   c47835906    i50350077    A:F8 X:00 Y:00 S:EC P:nvUbdiZc  $01:A8FD: 60       RTS (from $A215)
f1607   c47835912    i50350078    A:F8 X:00 Y:00 S:EE P:nvUbdiZc  $00:8392: A2 06    LDX #$06
f1607   c47835914    i50350079    A:F8 X:06 Y:00 S:EE P:nvUbdizc  $00:8394: 20 B9 C4 JSR $C4B9
f1607   c47835920    i50350080    A:F8 X:06 Y:00 S:EC P:nvUbdizc  $0F:C4B9: 86 25    STX $25 = #$02
f1607   c47835923    i50350081    A:F8 X:06 Y:00 S:EC P:nvUbdizc  $0F:C4BB: A9 07    LDA #$07
f1607   c47835925    i50350082    A:07 X:06 Y:00 S:EC P:nvUbdizc  $0F:C4BD: 05 22    ORA $22 = #$00
f1607   c47835928    i50350083    A:07 X:06 Y:00 S:EC P:nvUbdizc  $0F:C4BF: 85 23    STA $23 = #$06
f1607   c47835931    i50350084    A:07 X:06 Y:00 S:EC P:nvUbdizc  $0F:C4C1: 8D 00 80 STA $8000 = #$A5
f1607   c47835935    i50350085    A:07 X:06 Y:00 S:EC P:nvUbdizc  $0F:C4C4: 8E 01 80 STX $8001 = #$27
f1607   c47835939    i50350086    A:07 X:06 Y:00 S:EC P:nvUbdizc  $0F:C4C7: 60       RTS (from $C4B9)
f1607   c47835945    i50350087    A:07 X:06 Y:00 S:EE P:nvUbdizc  $00:8397: 60       RTS (from $838A)
f1607   c47835951    i50350088    A:07 X:06 Y:00 S:F0 P:nvUbdizc  $00:82F0: A5 4C    LDA $4C = #$00
f1607   c47835954    i50350089    A:00 X:06 Y:00 S:F0 P:nvUbdiZc  $00:82F2: 10 F9    BPL $82ED
f1607   c47835957    i50350090    A:00 X:06 Y:00 S:F0 P:nvUbdiZc  $00:82ED: 20 8A 83 JSR $838A
f1607   c47835963    i50350091    A:00 X:06 Y:00 S:EE P:nvUbdiZc  $00:838A: A2 02    LDX #$02
f1607   c47835965    i50350092    A:00 X:02 Y:00 S:EE P:nvUbdizc  $00:838C: 20 B9 C4 JSR $C4B9
f1608   c47865602    i50359557    A:00 X:00 Y:F8 S:EC P:nvUbdiZc  $01:A8EE: 99 02 02 STA $0202,Y @ $02FA = #$00
f1608   c47865607    i50359558    A:00 X:00 Y:F8 S:EC P:nvUbdiZc  $01:A8F1: B9 6B 04 LDA $046B,Y @ $0563 = #$00
f1608   c47865612    i50359559    A:00 X:00 Y:F8 S:EC P:nvUbdiZc  $01:A8F4: 99 03 02 STA $0203,Y @ $02FB = #$00
f1608   c47865617    i50359560    A:00 X:00 Y:F8 S:EC P:nvUbdiZc  $01:A8F7: C8       INY
f1608   c47865619    i50359561    A:00 X:00 Y:F9 S:EC P:NvUbdizc  $01:A8F8: C8       INY
f1608   c47865621    i50359562    A:00 X:00 Y:FA S:EC P:NvUbdizc  $01:A8F9: C8       INY
f1608   c47865623    i50359563    A:00 X:00 Y:FB S:EC P:NvUbdizc  $01:A8FA: C8       INY
f1608   c47865625    i50359564    A:00 X:00 Y:FC S:EC P:NvUbdizc  $01:A8FB: D0 D8    BNE $A8D5
f1608   c47865628    i50359565    A:00 X:00 Y:FC S:EC P:NvUbdizc  $01:A8D5: BE 68 04 LDX $0468,Y @ $0564 = #$00
f1608   c47865633    i50359566    A:00 X:00 Y:FC S:EC P:nvUbdiZc  $01:A8D8: B9 6A 04 LDA $046A,Y @ $0566 = #$00
f1608   c47865638    i50359567    A:00 X:00 Y:FC S:EC P:nvUbdiZc  $01:A8DB: 29 0C    AND #$0C
f1608   c47865640    i50359568    A:00 X:00 Y:FC S:EC P:nvUbdiZc  $01:A8DD: F0 02    BEQ $A8E1
f1608   c47865643    i50359569    A:00 X:00 Y:FC S:EC P:nvUbdiZc  $01:A8E1: 8A       TXA
f1608   c47865645    i50359570    A:00 X:00 Y:FC S:EC P:nvUbdiZc  $01:A8E2: 99 00 02 STA $0200,Y @ $02FC = #$00
f1608   c47865650    i50359571    A:00 X:00 Y:FC S:EC P:nvUbdiZc  $01:A8E5: B9 69 04 LDA $0469,Y @ $0565 = #$00
f1608   c47865655    i50359572    A:00 X:00 Y:FC S:EC P:nvUbdiZc  $01:A8E8: 99 01 02 STA $0201,Y @ $02FD = #$00
f1608   c47865660    i50359573    A:00 X:00 Y:FC S:EC P:nvUbdiZc  $01:A8EB: B9 6A 04 LDA $046A,Y @ $0566 = #$00
f1608   c47865665    i50359574    A:00 X:00 Y:FC S:EC P:nvUbdiZc  $01:A8EE: 99 02 02 STA $0202,Y @ $02FE = #$00
f1608   c47865670    i50359575    A:00 X:00 Y:FC S:EC P:nvUbdiZc  $01:A8F1: B9 6B 04 LDA $046B,Y @ $0567 = #$F8
f1608   c47865675    i50359576    A:F8 X:00 Y:FC S:EC P:NvUbdizc  $01:A8F4: 99 03 02 STA $0203,Y @ $02FF = #$F8
f1608   c47865680    i50359577    A:F8 X:00 Y:FC S:EC P:NvUbdizc  $01:A8F7: C8       INY
f1608   c47865682    i50359578    A:F8 X:00 Y:FD S:EC P:NvUbdizc  $01:A8F8: C8       INY
f1608   c47865684    i50359579    A:F8 X:00 Y:FE S:EC P:NvUbdizc  $01:A8F9: C8       INY
f1608   c47865686    i50359580    A:F8 X:00 Y:FF S:EC P:NvUbdizc  $01:A8FA: C8       INY
f1608   c47865688    i50359581    A:F8 X:00 Y:00 S:EC P:nvUbdiZc  $01:A8FB: D0 D8    BNE $A8D5
f1608   c47865690    i50359582    A:F8 X:00 Y:00 S:EC P:nvUbdiZc  $01:A8FD: 60       RTS (from $A215)
f1608   c47865696    i50359583    A:F8 X:00 Y:00 S:EE P:nvUbdiZc  $00:8392: A2 06    LDX #$06
f1608   c47865698    i50359584    A:F8 X:06 Y:00 S:EE P:nvUbdizc  $00:8394: 20 B9 C4 JSR $C4B9
f1608   c47865704    i50359585    A:F8 X:06 Y:00 S:EC P:nvUbdizc  $0F:C4B9: 86 25    STX $25 = #$02
f1608   c47865707    i50359586    A:F8 X:06 Y:00 S:EC P:nvUbdizc  $0F:C4BB: A9 07    LDA #$07
f1608   c47865709    i50359587    A:07 X:06 Y:00 S:EC P:nvUbdizc  $0F:C4BD: 05 22    ORA $22 = #$00
f1608   c47865712    i50359588    A:07 X:06 Y:00 S:EC P:nvUbdizc  $0F:C4BF: 85 23    STA $23 = #$06
f1608   c47865715    i50359589    A:07 X:06 Y:00 S:EC P:nvUbdizc  $0F:C4C1: 8D 00 80 STA $8000 = #$A5
f1608   c47865719    i50359590    A:07 X:06 Y:00 S:EC P:nvUbdizc  $0F:C4C4: 8E 01 80 STX $8001 = #$27
f1608   c47865723    i50359591    A:07 X:06 Y:00 S:EC P:nvUbdizc  $0F:C4C7: 60       RTS (from $C4B9)
f1608   c47865729    i50359592    A:07 X:06 Y:00 S:EE P:nvUbdizc  $00:8397: 60       RTS (from $838A)
f1608   c47865735    i50359593    A:07 X:06 Y:00 S:F0 P:nvUbdizc  $00:82F0: A5 4C    LDA $4C = #$00
f1608   c47865738    i50359594    A:00 X:06 Y:00 S:F0 P:nvUbdiZc  $00:82F2: 10 F9    BPL $82ED
f1608   c47865741    i50359595    A:00 X:06 Y:00 S:F0 P:nvUbdiZc  $00:82ED: 20 8A 83 JSR $838A
f1608   c47865747    i50359596    A:00 X:06 Y:00 S:EE P:nvUbdiZc  $00:838A: A2 02    LDX #$02
f1608   c47865749    i50359597    A:00 X:02 Y:00 S:EE P:nvUbdizc  $00:838C: 20 B9 C4 JSR $C4B9
f1613   c48007365    i50404912    A:00 X:01 Y:07 S:DB P:nVUbdIzc  $01:A0ED: BD 15 40 LDA $4015,X @ $4016 = #$00
f1613   c48007369    i50404913    A:40 X:01 Y:07 S:DB P:nVUbdIzc  $01:A0F0: 4A       LSR
f1613   c48007371    i50404914    A:20 X:01 Y:07 S:DB P:nVUbdIzc  $01:A0F1: 26 3F    ROL $3F = #$00
f1613   c48007376    i50404915    A:20 X:01 Y:07 S:DB P:nVUbdIZc  $01:A0F3: 29 01    AND #$01
f1613   c48007378    i50404916    A:00 X:01 Y:07 S:DB P:nVUbdIZc  $01:A0F5: 05 3F    ORA $3F = #$00
f1613   c48007381    i50404917    A:00 X:01 Y:07 S:DB P:nVUbdIZc  $01:A0F7: 85 3F    STA $3F = #$00
f1613   c48007384    i50404918    A:00 X:01 Y:07 S:DB P:nVUbdIZc  $01:A0F9: 88       DEY
f1613   c48007386    i50404919    A:00 X:01 Y:06 S:DB P:nVUbdIzc  $01:A0FA: D0 F1    BNE $A0ED
f1613   c48007389    i50404920    A:00 X:01 Y:06 S:DB P:nVUbdIzc  $01:A0ED: BD 15 40 LDA $4015,X @ $4016 = #$00
f1613   c48007393    i50404921    A:40 X:01 Y:06 S:DB P:nVUbdIzc  $01:A0F0: 4A       LSR
f1613   c48007395    i50404922    A:20 X:01 Y:06 S:DB P:nVUbdIzc  $01:A0F1: 26 3F    ROL $3F = #$00
f1613   c48007400    i50404923    A:20 X:01 Y:06 S:DB P:nVUbdIZc  $01:A0F3: 29 01    AND #$01
f1613   c48007402    i50404924    A:00 X:01 Y:06 S:DB P:nVUbdIZc  $01:A0F5: 05 3F    ORA $3F = #$00
f1613   c48007405    i50404925    A:00 X:01 Y:06 S:DB P:nVUbdIZc  $01:A0F7: 85 3F    STA $3F = #$00
f1613   c48007408    i50404926    A:00 X:01 Y:06 S:DB P:nVUbdIZc  $01:A0F9: 88       DEY
f1613   c48007410    i50404927    A:00 X:01 Y:05 S:DB P:nVUbdIzc  $01:A0FA: D0 F1    BNE $A0ED
f1613   c48007413    i50404928    A:00 X:01 Y:05 S:DB P:nVUbdIzc  $01:A0ED: BD 15 40 LDA $4015,X @ $4016 = #$00
f1613   c48007417    i50404929    A:40 X:01 Y:05 S:DB P:nVUbdIzc  $01:A0F0: 4A       LSR
f1613   c48007419    i50404930    A:20 X:01 Y:05 S:DB P:nVUbdIzc  $01:A0F1: 26 3F    ROL $3F = #$00
f1613   c48007424    i50404931    A:20 X:01 Y:05 S:DB P:nVUbdIZc  $01:A0F3: 29 01    AND #$01
f1613   c48007426    i50404932    A:00 X:01 Y:05 S:DB P:nVUbdIZc  $01:A0F5: 05 3F    ORA $3F = #$00
f1613   c48007429    i50404933    A:00 X:01 Y:05 S:DB P:nVUbdIZc  $01:A0F7: 85 3F    STA $3F = #$00
f1613   c48007432    i50404934    A:00 X:01 Y:05 S:DB P:nVUbdIZc  $01:A0F9: 88       DEY
f1613   c48007434    i50404935    A:00 X:01 Y:04 S:DB P:nVUbdIzc  $01:A0FA: D0 F1    BNE $A0ED
f1613   c48007437    i50404936    A:00 X:01 Y:04 S:DB P:nVUbdIzc  $01:A0ED: BD 15 40 LDA $4015,X @ $4016 = #$00
f1613   c48007441    i50404937    A:40 X:01 Y:04 S:DB P:nVUbdIzc  $01:A0F0: 4A       LSR
f1613   c48007443    i50404938    A:20 X:01 Y:04 S:DB P:nVUbdIzc  $01:A0F1: 26 3F    ROL $3F = #$00
f1613   c48007448    i50404939    A:20 X:01 Y:04 S:DB P:nVUbdIZc  $01:A0F3: 29 01    AND #$01
f1613   c48007450    i50404940    A:00 X:01 Y:04 S:DB P:nVUbdIZc  $01:A0F5: 05 3F    ORA $3F = #$00
f1613   c48007453    i50404941    A:00 X:01 Y:04 S:DB P:nVUbdIZc  $01:A0F7: 85 3F    STA $3F = #$00
f1613   c48007456    i50404942    A:00 X:01 Y:04 S:DB P:nVUbdIZc  $01:A0F9: 88       DEY
f1613   c48007458    i50404943    A:00 X:01 Y:03 S:DB P:nVUbdIzc  $01:A0FA: D0 F1    BNE $A0ED
f1613   c48007461    i50404944    A:00 X:01 Y:03 S:DB P:nVUbdIzc  $01:A0ED: BD 15 40 LDA $4015,X @ $4016 = #$00
f1613   c48007465    i50404945    A:40 X:01 Y:03 S:DB P:nVUbdIzc  $01:A0F0: 4A       LSR
f1613   c48007467    i50404946    A:20 X:01 Y:03 S:DB P:nVUbdIzc  $01:A0F1: 26 3F    ROL $3F = #$00
f1613   c48007472    i50404947    A:20 X:01 Y:03 S:DB P:nVUbdIZc  $01:A0F3: 29 01    AND #$01
f1613   c48007474    i50404948    A:00 X:01 Y:03 S:DB P:nVUbdIZc  $01:A0F5: 05 3F    ORA $3F = #$00
f1613   c48007477    i50404949    A:00 X:01 Y:03 S:DB P:nVUbdIZc  $01:A0F7: 85 3F    STA $3F = #$00
f1613   c48007480    i50404950    A:00 X:01 Y:03 S:DB P:nVUbdIZc  $01:A0F9: 88       DEY
f1613   c48007482    i50404951    A:00 X:01 Y:02 S:DB P:nVUbdIzc  $01:A0FA: D0 F1    BNE $A0ED
f1613   c48007485    i50404952    A:00 X:01 Y:02 S:DB P:nVUbdIzc  $01:A0ED: BD 15 40 LDA $4015,X @ $4016 = #$00
f1613   c48007489    i50404953    A:40 X:01 Y:02 S:DB P:nVUbdIzc  $01:A0F0: 4A       LSR
f1613   c48009337    i50405543    A:01 X:1C Y:08 S:D9 P:nvUbdIzc  $06:84BA: A9 00    LDA #$00
f1613   c48009339    i50405544    A:00 X:1C Y:08 S:D9 P:nvUbdIZc  $06:84BC: A0 04    LDY #$04
f1613   c48009341    i50405545    A:00 X:1C Y:04 S:D9 P:nvUbdIzc  $06:84BE: 91 F0    STA ($F0),Y @ $079B = #$0E
f1613   c48009347    i50405546    A:00 X:1C Y:04 S:D9 P:nvUbdIzc  $06:84C0: A6 F2    LDX $F2 = #$1C
f1613   c48009350    i50405547    A:00 X:1C Y:04 S:D9 P:nvUbdIzc  $06:84C2: BD 08 07 LDA $0708,X @ $0724 = #$07
f1613   c48009354    i50405548    A:07 X:1C Y:04 S:D9 P:nvUbdIzc  $06:84C5: 9D 07 07 STA $0707,X @ $0723 = #$00
f1613   c48009359    i50405549    A:07 X:1C Y:04 S:D9 P:nvUbdIzc  $06:84C8: 60       RTS (from $83CB)
f1613   c48009365    i50405550    A:07 X:1C Y:04 S:DB P:nvUbdIzc  $06:80E1: A6 F2    LDX $F2 = #$1C
f1613   c48009368    i50405551    A:07 X:1C Y:04 S:DB P:nvUbdIzc  $06:80E3: DE 09 07 DEC $0709,X @ $0725 = #$01
f1613   c48009375    i50405552    A:07 X:1C Y:04 S:DB P:nvUbdIZc  $06:80E6: D0 21    BNE $8109
f1613   c48009377    i50405553    A:07 X:1C Y:04 S:DB P:nvUbdIZc  $06:80E8: A0 02    LDY #$02
f1613   c48009379    i50405554    A:07 X:1C Y:02 S:DB P:nvUbdIzc  $06:80EA: B1 F0    LDA ($F0),Y @ $0799 = #$1E
f1613   c48009384    i50405555    A:1E X:1C Y:02 S:DB P:nvUbdIzc  $06:80EC: 85 F6    STA $F6 = #$B8
f1613   c48009387    i50405556    A:1E X:1C Y:02 S:DB P:nvUbdIzc  $06:80EE: C8       INY
f1613   c48009389    i50405557    A:1E X:1C Y:03 S:DB P:nvUbdIzc  $06:80EF: B1 F0    LDA ($F0),Y @ $079A = #$8B
f1613   c48009394    i50405558    A:8B X:1C Y:03 S:DB P:NvUbdIzc  $06:80F1: 85 F7    STA $F7 = #$86
f1613   c48009397    i50405559    A:8B X:1C Y:03 S:DB P:NvUbdIzc  $06:80F3: C8       INY
f1613   c48009399    i50405560    A:8B X:1C Y:04 S:DB P:nvUbdIzc  $06:80F4: B1 F0    LDA ($F0),Y @ $079B = #$00
f1613   c48009404    i50405561    A:00 X:1C Y:04 S:DB P:nvUbdIZc  $06:80F6: 48       PHA
f1613   c48009407    i50405562    A:00 X:1C Y:04 S:DA P:nvUbdIZc  $06:80F7: 18       CLC
f1613   c48009409    i50405563    A:00 X:1C Y:04 S:DA P:nvUbdIZc  $06:80F8: 69 02    ADC #$02
f1613   c48009411    i50405564    A:02 X:1C Y:04 S:DA P:nvUbdIzc  $06:80FA: 91 F0    STA ($F0),Y @ $079B = #$00
f1613   c48009417    i50405565    A:02 X:1C Y:04 S:DA P:nvUbdIzc  $06:80FC: 68       PLA
f1613   c48009421    i50405566    A:00 X:1C Y:04 S:DB P:nvUbdIZc  $06:80FD: A8       TAY
f1613   c48009423    i50405567    A:00 X:1C Y:00 S:DB P:nvUbdIZc  $06:80FE: B1 F6    LDA ($F6),Y @ $8B1E = #$01
f1613   c48009428    i50405568    A:01 X:1C Y:00 S:DB P:nvUbdIzc  $06:8100: 9D 09 07 STA $0709,X @ $0725 = #$00
f1613   c48009433    i50405569    A:01 X:1C Y:00 S:DB P:nvUbdIzc  $06:8103: C8       INY
f1613   c48009435    i50405570    A:01 X:1C Y:01 S:DB P:nvUbdIzc  $06:8104: B1 F6    LDA ($F6),Y @ $8B1F = #$0F
f1613   c48009444    i50405571    A:0F X:1C Y:01 S:DB P:nvUbdIzc  $06:8106: 9D 0A 07 STA $070A,X @ $0726 = #$03
f1613   c48009449    i50405572    A:0F X:1C Y:01 S:DB P:nvUbdIzc  $06:8109: 20 DB 81 JSR $81DB
f1613   c48009455    i50405573    A:0F X:1C Y:01 S:D9 P:nvUbdIzc  $06:81DB: A0 05    LDY #$05
f1613   c48009457    i50405574    A:0F X:1C Y:05 S:D9 P:nvUbdIzc  $06:81DD: B1 F0    LDA ($F0),Y @ $079C = #$06
f1613   c48009462    i50405575    A:06 X:1C Y:05 S:D9 P:nvUbdIzc  $06:81DF: AA       TAX
f1613   c48009464    i50405576    A:06 X:06 Y:05 S:D9 P:nvUbdIzc  $06:81E0: 29 F0    AND #$F0
f1613   c48009466    i50405577    A:00 X:06 Y:05 S:D9 P:nvUbdIZc  $06:81E2: 85 F6    STA $F6 = #$1E
f1613   c48009469    i50405578    A:00 X:06 Y:05 S:D9 P:nvUbdIZc  $06:81E4: 29 20    AND #$20
f1613   c48009471    i50405579    A:00 X:06 Y:05 S:D9 P:nvUbdIZc  $06:81E6: F0 06    BEQ $81EE
f1613   c48009474    i50405580    A:00 X:06 Y:05 S:D9 P:nvUbdIZc  $06:81EE: 8A       TXA
f1613   c48009476    i50405581    A:06 X:06 Y:05 S:D9 P:nvUbdIzc  $06:81EF: 29 0F    AND #$0F
f1613   c48009478    i50405582    A:06 X:06 Y:05 S:D9 P:nvUbdIzc  $06:81F1: 85 F7    STA $F7 = #$8B
f1613   c48009481    i50405583    A:06 X:06 Y:05 S:D9 P:nvUbdIzc  $06:81F3: A4 F3    LDY $F3 = #$01
f1614   c48037180    i50414326    A:00 X:01 Y:06 S:DB P:nVUbdIzc  $01:A0ED: BD 15 40 LDA $4015,X @ $4016 = #$00
f1614   c48037184    i50414327    A:40 X:01 Y:06 S:DB P:nVUbdIzc  $01:A0F0: 4A       LSR
f1614   c48037186    i50414328    A:20 X:01 Y:06 S:DB P:nVUbdIzc  $01:A0F1: 26 3F    ROL $3F = #$00
f1614   c48037191    i50414329    A:20 X:01 Y:06 S:DB P:nVUbdIZc  $01:A0F3: 29 01    AND #$01
f1614   c48037193    i50414330    A:00 X:01 Y:06 S:DB P:nVUbdIZc  $01:A0F5: 05 3F    ORA $3F = #$00
f1614   c48037196    i50414331    A:00 X:01 Y:06 S:DB P:nVUbdIZc  $01:A0F7: 85 3F    STA $3F = #$00
f1614   c48037199    i50414332    A:00 X:01 Y:06 S:DB P:nVUbdIZc  $01:A0F9: 88       DEY
f1614   c48037201    i50414333    A:00 X:01 Y:05 S:DB P:nVUbdIzc  $01:A0FA: D0 F1    BNE $A0ED
f1614   c48037204    i50414334    A:00 X:01 Y:05 S:DB P:nVUbdIzc  $01:A0ED: BD 15 40 LDA $4015,X @ $4016 = #$00
f1614   c48037208    i50414335    A:40 X:01 Y:05 S:DB P:nVUbdIzc  $01:A0F0: 4A       LSR
f1614   c48037210    i50414336    A:20 X:01 Y:05 S:DB P:nVUbdIzc  $01:A0F1: 26 3F    ROL $3F = #$00
f1614   c48037215    i50414337    A:20 X:01 Y:05 S:DB P:nVUbdIZc  $01:A0F3: 29 01    AND #$01
f1614   c48037217    i50414338    A:00 X:01 Y:05 S:DB P:nVUbdIZc  $01:A0F5: 05 3F    ORA $3F = #$00
f1614   c48037220    i50414339    A:00 X:01 Y:05 S:DB P:nVUbdIZc  $01:A0F7: 85 3F    STA $3F = #$00
f1614   c48037223    i50414340    A:00 X:01 Y:05 S:DB P:nVUbdIZc  $01:A0F9: 88       DEY
f1614   c48037225    i50414341    A:00 X:01 Y:04 S:DB P:nVUbdIzc  $01:A0FA: D0 F1    BNE $A0ED
f1614   c48037228    i50414342    A:00 X:01 Y:04 S:DB P:nVUbdIzc  $01:A0ED: BD 15 40 LDA $4015,X @ $4016 = #$00
f1614   c48037232    i50414343    A:40 X:01 Y:04 S:DB P:nVUbdIzc  $01:A0F0: 4A       LSR
f1614   c48037234    i50414344    A:20 X:01 Y:04 S:DB P:nVUbdIzc  $01:A0F1: 26 3F    ROL $3F = #$00
f1614   c48037239    i50414345    A:20 X:01 Y:04 S:DB P:nVUbdIZc  $01:A0F3: 29 01    AND #$01
f1614   c48037241    i50414346    A:00 X:01 Y:04 S:DB P:nVUbdIZc  $01:A0F5: 05 3F    ORA $3F = #$00
f1614   c48037244    i50414347    A:00 X:01 Y:04 S:DB P:nVUbdIZc  $01:A0F7: 85 3F    STA $3F = #$00
f1614   c48037247    i50414348    A:00 X:01 Y:04 S:DB P:nVUbdIZc  $01:A0F9: 88       DEY
f1614   c48037249    i50414349    A:00 X:01 Y:03 S:DB P:nVUbdIzc  $01:A0FA: D0 F1    BNE $A0ED
f1614   c48037252    i50414350    A:00 X:01 Y:03 S:DB P:nVUbdIzc  $01:A0ED: BD 15 40 LDA $4015,X @ $4016 = #$00
f1614   c48037256    i50414351    A:40 X:01 Y:03 S:DB P:nVUbdIzc  $01:A0F0: 4A       LSR
f1614   c48037258    i50414352    A:20 X:01 Y:03 S:DB P:nVUbdIzc  $01:A0F1: 26 3F    ROL $3F = #$00
f1614   c48037263    i50414353    A:20 X:01 Y:03 S:DB P:nVUbdIZc  $01:A0F3: 29 01    AND #$01
f1614   c48037265    i50414354    A:00 X:01 Y:03 S:DB P:nVUbdIZc  $01:A0F5: 05 3F    ORA $3F = #$00
f1614   c48037268    i50414355    A:00 X:01 Y:03 S:DB P:nVUbdIZc  $01:A0F7: 85 3F    STA $3F = #$00
f1614   c48037271    i50414356    A:00 X:01 Y:03 S:DB P:nVUbdIZc  $01:A0F9: 88       DEY
f1614   c48037273    i50414357    A:00 X:01 Y:02 S:DB P:nVUbdIzc  $01:A0FA: D0 F1    BNE $A0ED
f1614   c48037276    i50414358    A:00 X:01 Y:02 S:DB P:nVUbdIzc  $01:A0ED: BD 15 40 LDA $4015,X @ $4016 = #$00
f1614   c48037280    i50414359    A:40 X:01 Y:02 S:DB P:nVUbdIzc  $01:A0F0: 4A       LSR
f1614   c48037282    i50414360    A:20 X:01 Y:02 S:DB P:nVUbdIzc  $01:A0F1: 26 3F    ROL $3F = #$00
f1614   c48037287    i50414361    A:20 X:01 Y:02 S:DB P:nVUbdIZc  $01:A0F3: 29 01    AND #$01
f1614   c48037289    i50414362    A:00 X:01 Y:02 S:DB P:nVUbdIZc  $01:A0F5: 05 3F    ORA $3F = #$00
f1614   c48037292    i50414363    A:00 X:01 Y:02 S:DB P:nVUbdIZc  $01:A0F7: 85 3F    STA $3F = #$00
f1614   c48037295    i50414364    A:00 X:01 Y:02 S:DB P:nVUbdIZc  $01:A0F9: 88       DEY
f1614   c48037297    i50414365    A:00 X:01 Y:01 S:DB P:nVUbdIzc  $01:A0FA: D0 F1    BNE $A0ED
f1614   c48037300    i50414366    A:00 X:01 Y:01 S:DB P:nVUbdIzc  $01:A0ED: BD 15 40 LDA $4015,X @ $4016 = #$00
f1614   c48037304    i50414367    A:40 X:01 Y:01 S:DB P:nVUbdIzc  $01:A0F0: 4A       LSR
f1617   c48127129    i50442762    A:08 X:FF Y:08 S:DB P:nvUbdIzc  $06:8119: C6 F3    DEC $F3 = #$07
f1617   c48127134    i50442763    A:08 X:FF Y:08 S:DB P:nvUbdIzc  $06:811B: D0 AD    BNE $80CA
f1617   c48127138    i50442764    A:08 X:FF Y:08 S:DB P:nvUbdIzc  $06:80CA: AD 06 07 LDA $0706 = #$3C
f1617   c48127142    i50442765    A:3C X:FF Y:08 S:DB P:nvUbdIzc  $06:80CD: 4A       LSR
f1617   c48127144    i50442766    A:1E X:FF Y:08 S:DB P:nvUbdIzc  $06:80CE: 90 02    BCC $80D2
f1617   c48127147    i50442767    A:1E X:FF Y:08 S:DB P:nvUbdIzc  $06:80D2: 8D 06 07 STA $0706 = #$3C
f1617   c48127151    i50442768    A:1E X:FF Y:08 S:DB P:nvUbdIzc  $06:80D5: 90 35    BCC $810C
f1617   c48127155    i50442769    A:1E X:FF Y:08 S:DB P:nvUbdIzc  $06:810C: 18       CLC
f1617   c48127157    i50442770    A:1E X:FF Y:08 S:DB P:nvUbdIzc  $06:810D: A9 10    LDA #$10
f1617   c48127159    i50442771    A:10 X:FF Y:08 S:DB P:nvUbdIzc  $06:810F: 65 F0    ADC $F0 = #$47
f1617   c48127162    i50442772    A:57 X:FF Y:08 S:DB P:nvUbdIzc  $06:8111: 85 F0    STA $F0 = #$47
f1617   c48127165    i50442773    A:57 X:FF Y:08 S:DB P:nvUbdIzc  $06:8113: A9 04    LDA #$04
f1617   c48127167    i50442774    A:04 X:FF Y:08 S:DB P:nvUbdIzc  $06:8115: 65 F2    ADC $F2 = #$08
f1617   c48127170    i50442775    A:0C X:FF Y:08 S:DB P:nvUbdIzc  $06:8117: 85 F2    STA $F2 = #$08
f1617   c48127173    i50442776    A:0C X:FF Y:08 S:DB P:nvUbdIzc  $06:8119: C6 F3    DEC $F3 = #$06
f1617   c48127178    i50442777    A:0C X:FF Y:08 S:DB P:nvUbdIzc  $06:811B: D0 AD    BNE $80CA
f1617   c48127182    i50442778    A:0C X:FF Y:08 S:DB P:nvUbdIzc  $06:80CA: AD 06 07 LDA $0706 = #$1E
f1617   c48127186    i50442779    A:1E X:FF Y:08 S:DB P:nvUbdIzc  $06:80CD: 4A       LSR
f1617   c48127188    i50442780    A:0F X:FF Y:08 S:DB P:nvUbdIzc  $06:80CE: 90 02    BCC $80D2
f1617   c48127191    i50442781    A:0F X:FF Y:08 S:DB P:nvUbdIzc  $06:80D2: 8D 06 07 STA $0706 = #$1E
f1617   c48127195    i50442782    A:0F X:FF Y:08 S:DB P:nvUbdIzc  $06:80D5: 90 35    BCC $810C
f1617   c48127199    i50442783    A:0F X:FF Y:08 S:DB P:nvUbdIzc  $06:810C: 18       CLC
f1617   c48127201    i50442784    A:0F X:FF Y:08 S:DB P:nvUbdIzc  $06:810D: A9 10    LDA #$10
f1617   c48127203    i50442785    A:10 X:FF Y:08 S:DB P:nvUbdIzc  $06:810F: 65 F0    ADC $F0 = #$57
f1617   c48127206    i50442786    A:67 X:FF Y:08 S:DB P:nvUbdIzc  $06:8111: 85 F0    STA $F0 = #$57
f1617   c48127209    i50442787    A:67 X:FF Y:08 S:DB P:nvUbdIzc  $06:8113: A9 04    LDA #$04
f1617   c48127211    i50442788    A:04 X:FF Y:08 S:DB P:nvUbdIzc  $06:8115: 65 F2    ADC $F2 = #$0C
f1617   c48127214    i50442789    A:10 X:FF Y:08 S:DB P:nvUbdIzc  $06:8117: 85 F2    STA $F2 = #$0C
f1617   c48127217    i50442790    A:10 X:FF Y:08 S:DB P:nvUbdIzc  $06:8119: C6 F3    DEC $F3 = #$05
f1617   c48127222    i50442791    A:10 X:FF Y:08 S:DB P:nvUbdIzc  $06:811B: D0 AD    BNE $80CA
f1617   c48127226    i50442792    A:10 X:FF Y:08 S:DB P:nvUbdIzc  $06:80CA: AD 06 07 LDA $0706 = #$0F
f1617   c48127230    i50442793    A:0F X:FF Y:08 S:DB P:nvUbdIzc  $06:80CD: 4A       LSR
f1617   c48127232    i50442794    A:07 X:FF Y:08 S:DB P:nvUbdIzC  $06:80CE: 90 02    BCC $80D2
f1617   c48127234    i50442795    A:07 X:FF Y:08 S:DB P:nvUbdIzC  $06:80D0: 09 80    ORA #$80
f1617   c48127236    i50442796    A:87 X:FF Y:08 S:DB P:NvUbdIzC  $06:80D2: 8D 06 07 STA $0706 = #$0F
f1617   c48127240    i50442797    A:87 X:FF Y:08 S:DB P:NvUbdIzC  $06:80D5: 90 35    BCC $810C
f1617   c48127242    i50442798    A:87 X:FF Y:08 S:DB P:NvUbdIzC  $06:80D7: A6 F2    LDX $F2 = #$10
f1617   c48127245    i50442799    A:87 X:10 Y:08 S:DB P:nvUbdIzC  $06:80D9: DE 07 07 DEC $0707,X @ $0717 = #$04
f1617   c48127252    i50442800    A:87 X:10 Y:08 S:DB P:nvUbdIzC  $06:80DC: D0 03    BNE $80E1
f1617   c48127255    i50442801    A:87 X:10 Y:08 S:DB P:nvUbdIzC  $06:80E1: A6 F2    LDX $F2 = #$10
f1617   c48127258    i50442802    A:87 X:10 Y:08 S:DB P:nvUbdIzC  $06:80E3: DE 09 07 DEC $0709,X @ $0719 = #$FD
f1617   c48127265    i50442803    A:87 X:10 Y:08 S:DB P:NvUbdIzC  $06:80E6: D0 21    BNE $8109
f1618   c48155110    i50451762    A:40 X:19 Y:00 S:E0 P:nvUbdizC  $00:9F06: 10 FC    BPL $9F04
f1618   c48155113    i50451763    A:40 X:19 Y:00 S:E0 P:nvUbdizC  $00:9F04: A5 1B    LDA $1B = #$40
f1618   c48155116    i50451764    A:40 X:19 Y:00 S:E0 P:nvUbdizC  $00:9F06: 10 FC    BPL $9F04
f1618   c48155119    i50451765    A:40 X:19 Y:00 S:E0 P:nvUbdizC  $00:9F04: A5 1B    LDA $1B = #$40
f1618   c48155122    i50451766    A:40 X:19 Y:00 S:E0 P:nvUbdizC  $00:9F06: 10 FC    BPL $9F04
f1618   c48155125    i50451767    A:40 X:19 Y:00 S:E0 P:nvUbdizC  $00:9F04: A5 1B    LDA $1B = #$40
f1618   c48155128    i50451768    A:40 X:19 Y:00 S:E0 P:nvUbdizC  $00:9F06: 10 FC    BPL $9F04
f1618   c48155131    i50451769    A:40 X:19 Y:00 S:E0 P:nvUbdizC  $00:9F04: A5 1B    LDA $1B = #$40
f1618   c48155134    i50451770    A:40 X:19 Y:00 S:E0 P:nvUbdizC  $00:9F06: 10 FC    BPL $9F04
f1618   c48155137    i50451771    A:40 X:19 Y:00 S:E0 P:nvUbdizC  $00:9F04: A5 1B    LDA $1B = #$40
f1618   c48155140    i50451772    A:40 X:19 Y:00 S:E0 P:nvUbdizC  $00:9F06: 10 FC    BPL $9F04
f1618   c48155143    i50451773    A:40 X:19 Y:00 S:E0 P:nvUbdizC  $00:9F04: A5 1B    LDA $1B = #$40
f1618   c48155146    i50451774    A:40 X:19 Y:00 S:E0 P:nvUbdizC  $00:9F06: 10 FC    BPL $9F04
f1618   c48155149    i50451775    A:40 X:19 Y:00 S:E0 P:nvUbdizC  $00:9F04: A5 1B    LDA $1B = #$40
f1618   c48155152    i50451776    A:40 X:19 Y:00 S:E0 P:nvUbdizC  $00:9F06: 10 FC    BPL $9F04
f1618   c48155155    i50451777    A:40 X:19 Y:00 S:E0 P:nvUbdizC  $00:9F04: A5 1B    LDA $1B = #$40
f1618   c48155158    i50451778    A:40 X:19 Y:00 S:E0 P:nvUbdizC  $00:9F06: 10 FC    BPL $9F04
f1618   c48155161    i50451779    A:40 X:19 Y:00 S:E0 P:nvUbdizC  $00:9F04: A5 1B    LDA $1B = #$40
f1618   c48155164    i50451780    A:40 X:19 Y:00 S:E0 P:nvUbdizC  $00:9F06: 10 FC    BPL $9F04
f1618   c48155167    i50451781    A:40 X:19 Y:00 S:E0 P:nvUbdizC  $00:9F04: A5 1B    LDA $1B = #$40
f1618   c48155170    i50451782    A:40 X:19 Y:00 S:E0 P:nvUbdizC  $00:9F06: 10 FC    BPL $9F04
f1618   c48155173    i50451783    A:40 X:19 Y:00 S:E0 P:nvUbdizC  $00:9F04: A5 1B    LDA $1B = #$40
f1618   c48155176    i50451784    A:40 X:19 Y:00 S:E0 P:nvUbdizC  $00:9F06: 10 FC    BPL $9F04
f1618   c48155179    i50451785    A:40 X:19 Y:00 S:E0 P:nvUbdizC  $00:9F04: A5 1B    LDA $1B = #$40
f1618   c48155182    i50451786    A:40 X:19 Y:00 S:E0 P:nvUbdizC  $00:9F06: 10 FC    BPL $9F04
f1618   c48155185    i50451787    A:40 X:19 Y:00 S:E0 P:nvUbdizC  $00:9F04: A5 1B    LDA $1B = #$40
f1618   c48155195    i50451788    A:40 X:19 Y:00 S:DD P:nvUbdIzC  $0F:C500: 4C 6E C7 JMP $C76E
f1618   c48155198    i50451789    A:40 X:19 Y:00 S:DD P:nvUbdIzC  $0F:C76E: 24 1B    BIT $1B = #$40
f1618   c48155201    i50451790    A:40 X:19 Y:00 S:DD P:nVUbdIzC  $0F:C770: 50 03    BVC $C775
f1618   c48155203    i50451791    A:40 X:19 Y:00 S:DD P:nVUbdIzC  $0F:C772: 4C 21 C4 JMP $C421
f1618   c48155206    i50451792    A:40 X:19 Y:00 S:DD P:nVUbdIzC  $0F:C421: 24 3B    BIT $3B = #$55
f1618   c48155209    i50451793    A:40 X:19 Y:00 S:DD P:nVUbdIzC  $0F:C423: 30 4D    BMI $C472
f1618   c48155211    i50451794    A:40 X:19 Y:00 S:DD P:nVUbdIzC  $0F:C425: 38       SEC
f1618   c48155213    i50451795    A:40 X:19 Y:00 S:DD P:nVUbdIzC  $0F:C426: 66 3B    ROR $3B = #$55
f1618   c48155218    i50451796    A:40 X:19 Y:00 S:DD P:NVUbdIzC  $0F:C428: 85 3C    STA $3C = #$40
f1618   c48155221    i50451797    A:40 X:19 Y:00 S:DD P:NVUbdIzC  $0F:C42A: 86 3D    STX $3D = #$19
f1618   c48155224    i50451798    A:40 X:19 Y:00 S:DD P:NVUbdIzC  $0F:C42C: 84 3E    STY $3E = #$00
f1618   c48155227    i50451799    A:40 X:19 Y:00 S:DD P:NVUbdIzC  $0F:C42E: A5 22    LDA $22 = #$00
f1618   c48155230    i50451800    A:00 X:19 Y:00 S:DD P:nVUbdIZC  $0F:C430: 09 07    ORA #$07
f1618   c48155232    i50451801    A:07 X:19 Y:00 S:DD P:nVUbdIzC  $0F:C432: 8D 00 80 STA $8000 = #$A5
f1618   c48155236    i50451802    A:07 X:19 Y:00 S:DD P:nVUbdIzC  $0F:C435: A9 02    LDA #$02
f1618   c48155238    i50451803    A:02 X:19 Y:00 S:DD P:nVUbdIzC  $0F:C437: 8D 01 80 STA $8001 = #$27
f1619   c48186486    i50461519    A:0C X:00 Y:0F S:DB P:nvUbdIZc  $06:8002: BC 00 07 LDY $0700,X @ $0700 = #$00
f1619   c48186490    i50461520    A:0C X:00 Y:00 S:DB P:nvUbdIZc  $06:8005: C0 32    CPY #$32
f1619   c48186492    i50461521    A:0C X:00 Y:00 S:DB P:NvUbdIzc  $06:8007: B0 0E    BCS $8017
f1619   c48186494    i50461522    A:0C X:00 Y:00 S:DB P:NvUbdIzc  $06:8009: A0 07    LDY #$07
f1619   c48186496    i50461523    A:0C X:00 Y:07 S:DB P:nvUbdIzc  $06:800B: 8C 00 80 STY $8000 = #$A2
f1619   c48186500    i50461524    A:0C X:00 Y:07 S:DB P:nvUbdIzc  $06:800E: AC FC 07 LDY $07FC = #$0F
f1619   c48186504    i50461525    A:0C X:00 Y:0F S:DB P:nvUbdIzc  $06:8011: 8C 01 80 STY $8001 = #$05
f1619   c48186508    i50461526    A:0C X:00 Y:0F S:DB P:nvUbdIzc  $06:8014: 4C 5E 80 JMP $805E
f1619   c48186511    i50461527    A:0C X:00 Y:0F S:DB P:nvUbdIzc  $06:805E: CA       DEX
f1619   c48186513    i50461528    A:0C X:FF Y:0F S:DB P:NvUbdIzc  $06:805F: 10 A1    BPL $8002
f1619   c48186515    i50461529    A:0C X:FF Y:0F S:DB P:NvUbdIzc  $06:8061: A2 05    LDX #$05
f1619   c48186517    i50461530    A:0C X:05 Y:0F S:DB P:nvUbdIzc  $06:8063: BC 00 07 LDY $0700,X @ $0705 = #$00
f1619   c48186521    i50461531    A:0C X:05 Y:00 S:DB P:nvUbdIZc  $06:8066: F0 4F    BEQ $80B7
f1619   c48186524    i50461532    A:0C X:05 Y:00 S:DB P:nvUbdIZc  $06:80B7: CA       DEX
f1619   c48186526    i50461533    A:0C X:04 Y:00 S:DB P:nvUbdIzc  $06:80B8: 10 A9    BPL $8063
f1619   c48186529    i50461534    A:0C X:04 Y:00 S:DB P:nvUbdIzc  $06:8063: BC 00 07 LDY $0700,X @ $0704 = #$00
f1619   c48186533    i50461535    A:0C X:04 Y:00 S:DB P:nvUbdIZc  $06:8066: F0 4F    BEQ $80B7
f1619   c48186536    i50461536    A:0C X:04 Y:00 S:DB P:nvUbdIZc  $06:80B7: CA       DEX
f1619   c48186538    i50461537    A:0C X:03 Y:00 S:DB P:nvUbdIzc  $06:80B8: 10 A9    BPL $8063
f1619   c48186541    i50461538    A:0C X:03 Y:00 S:DB P:nvUbdIzc  $06:8063: BC 00 07 LDY $0700,X @ $0703 = #$00
f1619   c48186545    i50461539    A:0C X:03 Y:00 S:DB P:nvUbdIZc  $06:8066: F0 4F    BEQ $80B7
f1619   c48186548    i50461540    A:0C X:03 Y:00 S:DB P:nvUbdIZc  $06:80B7: CA       DEX
f1619   c48186550    i50461541    A:0C X:02 Y:00 S:DB P:nvUbdIzc  $06:80B8: 10 A9    BPL $8063
f1619   c48186553    i50461542    A:0C X:02 Y:00 S:DB P:nvUbdIzc  $06:8063: BC 00 07 LDY $0700,X @ $0702 = #$00
f1619   c48186557    i50461543    A:0C X:02 Y:00 S:DB P:nvUbdIZc  $06:8066: F0 4F    BEQ $80B7
f1619   c48186564    i50461544    A:0C X:02 Y:00 S:DB P:nvUbdIZc  $06:80B7: CA       DEX
f1619   c48186566    i50461545    A:0C X:01 Y:00 S:DB P:nvUbdIzc  $06:80B8: 10 A9    BPL $8063
f1619   c48186569    i50461546    A:0C X:01 Y:00 S:DB P:nvUbdIzc  $06:8063: BC 00 07 LDY $0700,X @ $0701 = #$00
f1619   c48186573    i50461547    A:0C X:01 Y:00 S:DB P:nvUbdIZc  $06:8066: F0 4F    BEQ $80B7
f1619   c48186576    i50461548    A:0C X:01 Y:00 S:DB P:nvUbdIZc  $06:80B7: CA       DEX
f1619   c48186578    i50461549    A:0C X:00 Y:00 S:DB P:nvUbdIZc  $06:80B8: 10 A9    BPL $8063
f1619   c48186581    i50461550    A:0C X:00 Y:00 S:DB P:nvUbdIZc  $06:8063: BC 00 07 LDY $0700,X @ $0700 = #$00
f1619   c48186585    i50461551    A:0C X:00 Y:00 S:DB P:nvUbdIZc  $06:8066: F0 4F    BEQ $80B7
f1619   c48186588    i50461552    A:0C X:00 Y:00 S:DB P:nvUbdIZc  $06:80B7: CA       DEX
f1619   c48186590    i50461553    A:0C X:FF Y:00 S:DB P:NvUbdIzc  $06:80B8: 10 A9    BPL $8063
f1619   c48186592    i50461554    A:0C X:FF Y:00 S:DB P:NvUbdIzc  $06:80BA: A9 27    LDA #$27
f1619   c48186594    i50461555    A:27 X:FF Y:00 S:DB P:nvUbdIzc  $06:80BC: 85 F0    STA $F0 = #$67
f1619   c48186597    i50461556    A:27 X:FF Y:00 S:DB P:nvUbdIzc  $06:80BE: A9 07    LDA #$07
f1619   c48186599    i50461557    A:07 X:FF Y:00 S:DB P:nvUbdIzc  $06:80C0: 85 F1    STA $F1 = #$07
f1619   c48186602    i50461558    A:07 X:FF Y:00 S:DB P:nvUbdIzc  $06:80C2: A9 00    LDA #$00
f1619   c48186604    i50461559    A:00 X:FF Y:00 S:DB P:nvUbdIZc  $06:80C4: 85 F2    STA $F2 = #$FF
f1619   c48186607    i50461560    A:00 X:FF Y:00 S:DB P:nvUbdIZc  $06:80C6: A0 08    LDY #$08
f1621   c48245340    i50480144    A:00 X:02 Y:08 S:DB P:nVUbdIzc  $01:A0ED: BD 15 40 LDA $4015,X @ $4017 = #$01
f1621   c48245344    i50480145    A:40 X:02 Y:08 S:DB P:nVUbdIzc  $01:A0F0: 4A       LSR
f1621   c48245346    i50480146    A:20 X:02 Y:08 S:DB P:nVUbdIzc  $01:A0F1: 26 3F    ROL $3F = #$00
f1621   c48245351    i50480147    A:20 X:02 Y:08 S:DB P:nVUbdIZc  $01:A0F3: 29 01    AND #$01
f1621   c48245353    i50480148    A:00 X:02 Y:08 S:DB P:nVUbdIZc  $01:A0F5: 05 3F    ORA $3F = #$00
f1621   c48245356    i50480149    A:00 X:02 Y:08 S:DB P:nVUbdIZc  $01:A0F7: 85 3F    STA $3F = #$00
f1621   c48245359    i50480150    A:00 X:02 Y:08 S:DB P:nVUbdIZc  $01:A0F9: 88       DEY
f1621   c48245361    i50480151    A:00 X:02 Y:07 S:DB P:nVUbdIzc  $01:A0FA: D0 F1    BNE $A0ED
f1621   c48245364    i50480152    A:00 X:02 Y:07 S:DB P:nVUbdIzc  $01:A0ED: BD 15 40 LDA $4015,X @ $4017 = #$01
f1621   c48245368    i50480153    A:40 X:02 Y:07 S:DB P:nVUbdIzc  $01:A0F0: 4A       LSR
f1621   c48245370    i50480154    A:20 X:02 Y:07 S:DB P:nVUbdIzc  $01:A0F1: 26 3F    ROL $3F = #$00
f1621   c48245375    i50480155    A:20 X:02 Y:07 S:DB P:nVUbdIZc  $01:A0F3: 29 01    AND #$01
f1621   c48245377    i50480156    A:00 X:02 Y:07 S:DB P:nVUbdIZc  $01:A0F5: 05 3F    ORA $3F = #$00
f1621   c48245380    i50480157    A:00 X:02 Y:07 S:DB P:nVUbdIZc  $01:A0F7: 85 3F    STA $3F = #$00
f1621   c48245383    i50480158    A:00 X:02 Y:07 S:DB P:nVUbdIZc  $01:A0F9: 88       DEY
f1621   c48245385    i50480159    A:00 X:02 Y:06 S:DB P:nVUbdIzc  $01:A0FA: D0 F1    BNE $A0ED
f1621   c48245388    i50480160    A:00 X:02 Y:06 S:DB P:nVUbdIzc  $01:A0ED: BD 15 40 LDA $4015,X @ $4017 = #$01
f1621   c48245392    i50480161    A:40 X:02 Y:06 S:DB P:nVUbdIzc  $01:A0F0: 4A       LSR
f1621   c48245394    i50480162    A:20 X:02 Y:06 S:DB P:nVUbdIzc  $01:A0F1: 26 3F    ROL $3F = #$00
f1621   c48245399    i50480163    A:20 X:02 Y:06 S:DB P:nVUbdIZc  $01:A0F3: 29 01    AND #$01
f1621   c48245401    i50480164    A:00 X:02 Y:06 S:DB P:nVUbdIZc  $01:A0F5: 05 3F    ORA $3F = #$00
f1621   c48245404    i50480165    A:00 X:02 Y:06 S:DB P:nVUbdIZc  $01:A0F7: 85 3F    STA $3F = #$00
f1621   c48245407    i50480166    A:00 X:02 Y:06 S:DB P:nVUbdIZc  $01:A0F9: 88       DEY
f1621   c48245409    i50480167    A:00 X:02 Y:05 S:DB P:nVUbdIzc  $01:A0FA: D0 F1    BNE $A0ED
f1621   c48245412    i50480168    A:00 X:02 Y:05 S:DB P:nVUbdIzc  $01:A0ED: BD 15 40 LDA $4015,X @ $4017 = #$01
f1621   c48245416    i50480169    A:40 X:02 Y:05 S:DB P:nVUbdIzc  $01:A0F0: 4A       LSR
f1621   c48245418    i50480170    A:20 X:02 Y:05 S:DB P:nVUbdIzc  $01:A0F1: 26 3F    ROL $3F = #$00
f1621   c48245423    i50480171    A:20 X:02 Y:05 S:DB P:nVUbdIZc  $01:A0F3: 29 01    AND #$01
f1621   c48245425    i50480172    A:00 X:02 Y:05 S:DB P:nVUbdIZc  $01:A0F5: 05 3F    ORA $3F = #$00
f1621   c48245428    i50480173    A:00 X:02 Y:05 S:DB P:nVUbdIZc  $01:A0F7: 85 3F    STA $3F = #$00
f1621   c48245431    i50480174    A:00 X:02 Y:05 S:DB P:nVUbdIZc  $01:A0F9: 88       DEY
f1621   c48245433    i50480175    A:00 X:02 Y:04 S:DB P:nVUbdIzc  $01:A0FA: D0 F1    BNE $A0ED
f1621   c48245436    i50480176    A:00 X:02 Y:04 S:DB P:nVUbdIzc  $01:A0ED: BD 15 40 LDA $4015,X @ $4017 = #$01
f1621   c48245440    i50480177    A:40 X:02 Y:04 S:DB P:nVUbdIzc  $01:A0F0: 4A       LSR
f1621   c48245442    i50480178    A:20 X:02 Y:04 S:DB P:nVUbdIzc  $01:A0F1: 26 3F    ROL $3F = #$00
f1621   c48245447    i50480179    A:20 X:02 Y:04 S:DB P:nVUbdIZc  $01:A0F3: 29 01    AND #$01
f1621   c48245449    i50480180    A:00 X:02 Y:04 S:DB P:nVUbdIZc  $01:A0F5: 05 3F    ORA $3F = #$00
f1621   c48245452    i50480181    A:00 X:02 Y:04 S:DB P:nVUbdIZc  $01:A0F7: 85 3F    STA $3F = #$00
f1621   c48245455    i50480182    A:00 X:02 Y:04 S:DB P:nVUbdIZc  $01:A0F9: 88       DEY
f1621   c48245457    i50480183    A:00 X:02 Y:03 S:DB P:nVUbdIzc  $01:A0FA: D0 F1    BNE $A0ED
f1621   c48245460    i50480184    A:00 X:02 Y:03 S:DB P:nVUbdIzc  $01:A0ED: BD 15 40 LDA $4015,X @ $4017 = #$01
f1621   c48245464    i50480185    A:40 X:02 Y:03 S:DB P:nVUbdIzc  $01:A0F0: 4A       LSR
f1629   c48483613    i50555974    A:00 X:02 Y:07 S:DB P:nVUbdIzc  $01:A0ED: BD 15 40 LDA $4015,X @ $4017 = #$01
f1629   c48483617    i50555975    A:40 X:02 Y:07 S:DB P:nVUbdIzc  $01:A0F0: 4A       LSR
f1629   c48483619    i50555976    A:20 X:02 Y:07 S:DB P:nVUbdIzc  $01:A0F1: 26 3F    ROL $3F = #$00
f1629   c48483624    i50555977    A:20 X:02 Y:07 S:DB P:nVUbdIZc  $01:A0F3: 29 01    AND #$01
f1629   c48483626    i50555978    A:00 X:02 Y:07 S:DB P:nVUbdIZc  $01:A0F5: 05 3F    ORA $3F = #$00
f1629   c48483629    i50555979    A:00 X:02 Y:07 S:DB P:nVUbdIZc  $01:A0F7: 85 3F    STA $3F = #$00
f1629   c48483632    i50555980    A:00 X:02 Y:07 S:DB P:nVUbdIZc  $01:A0F9: 88       DEY
f1629   c48483634    i50555981    A:00 X:02 Y:06 S:DB P:nVUbdIzc  $01:A0FA: D0 F1    BNE $A0ED
f1629   c48483637    i50555982    A:00 X:02 Y:06 S:DB P:nVUbdIzc  $01:A0ED: BD 15 40 LDA $4015,X @ $4017 = #$01
f1629   c48483641    i50555983    A:40 X:02 Y:06 S:DB P:nVUbdIzc  $01:A0F0: 4A       LSR
f1629   c48483643    i50555984    A:20 X:02 Y:06 S:DB P:nVUbdIzc  $01:A0F1: 26 3F    ROL $3F = #$00
f1629   c48483648    i50555985    A:20 X:02 Y:06 S:DB P:nVUbdIZc  $01:A0F3: 29 01    AND #$01
f1629   c48483650    i50555986    A:00 X:02 Y:06 S:DB P:nVUbdIZc  $01:A0F5: 05 3F    ORA $3F = #$00
f1629   c48483653    i50555987    A:00 X:02 Y:06 S:DB P:nVUbdIZc  $01:A0F7: 85 3F    STA $3F = #$00
f1629   c48483656    i50555988    A:00 X:02 Y:06 S:DB P:nVUbdIZc  $01:A0F9: 88       DEY
f1629   c48483658    i50555989    A:00 X:02 Y:05 S:DB P:nVUbdIzc  $01:A0FA: D0 F1    BNE $A0ED
f1629   c48483661    i50555990    A:00 X:02 Y:05 S:DB P:nVUbdIzc  $01:A0ED: BD 15 40 LDA $4015,X @ $4017 = #$01
f1629   c48483665    i50555991    A:40 X:02 Y:05 S:DB P:nVUbdIzc  $01:A0F0: 4A       LSR
f1629   c48483667    i50555992    A:20 X:02 Y:05 S:DB P:nVUbdIzc  $01:A0F1: 26 3F    ROL $3F = #$00
f1629   c48483672    i50555993    A:20 X:02 Y:05 S:DB P:nVUbdIZc  $01:A0F3: 29 01    AND #$01
f1629   c48483674    i50555994    A:00 X:02 Y:05 S:DB P:nVUbdIZc  $01:A0F5: 05 3F    ORA $3F = #$00
f1629   c48483677    i50555995    A:00 X:02 Y:05 S:DB P:nVUbdIZc  $01:A0F7: 85 3F    STA $3F = #$00
f1629   c48483680    i50555996    A:00 X:02 Y:05 S:DB P:nVUbdIZc  $01:A0F9: 88       DEY
f1629   c48483682    i50555997    A:00 X:02 Y:04 S:DB P:nVUbdIzc  $01:A0FA: D0 F1    BNE $A0ED
f1629   c48483685    i50555998    A:00 X:02 Y:04 S:DB P:nVUbdIzc  $01:A0ED: BD 15 40 LDA $4015,X @ $4017 = #$01
f1629   c48483689    i50555999    A:40 X:02 Y:04 S:DB P:nVUbdIzc  $01:A0F0: 4A       LSR
f1629   c48483691    i50556000    A:20 X:02 Y:04 S:DB P:nVUbdIzc  $01:A0F1: 26 3F    ROL $3F = #$00
f1629   c48483696    i50556001    A:20 X:02 Y:04 S:DB P:nVUbdIZc  $01:A0F3: 29 01    AND #$01
f1629   c48483698    i50556002    A:00 X:02 Y:04 S:DB P:nVUbdIZc  $01:A0F5: 05 3F    ORA $3F = #$00
f1629   c48483701    i50556003    A:00 X:02 Y:04 S:DB P:nVUbdIZc  $01:A0F7: 85 3F    STA $3F = #$00
f1629   c48483704    i50556004    A:00 X:02 Y:04 S:DB P:nVUbdIZc  $01:A0F9: 88       DEY
f1629   c48483706    i50556005    A:00 X:02 Y:03 S:DB P:nVUbdIzc  $01:A0FA: D0 F1    BNE $A0ED
f1629   c48483709    i50556006    A:00 X:02 Y:03 S:DB P:nVUbdIzc  $01:A0ED: BD 15 40 LDA $4015,X @ $4017 = #$01
f1629   c48483713    i50556007    A:40 X:02 Y:03 S:DB P:nVUbdIzc  $01:A0F0: 4A       LSR
f1629   c48483715    i50556008    A:20 X:02 Y:03 S:DB P:nVUbdIzc  $01:A0F1: 26 3F    ROL $3F = #$00
f1629   c48483720    i50556009    A:20 X:02 Y:03 S:DB P:nVUbdIZc  $01:A0F3: 29 01    AND #$01
f1629   c48483722    i50556010    A:00 X:02 Y:03 S:DB P:nVUbdIZc  $01:A0F5: 05 3F    ORA $3F = #$00
f1629   c48483725    i50556011    A:00 X:02 Y:03 S:DB P:nVUbdIZc  $01:A0F7: 85 3F    STA $3F = #$00
f1629   c48483728    i50556012    A:00 X:02 Y:03 S:DB P:nVUbdIZc  $01:A0F9: 88       DEY
f1629   c48483730    i50556013    A:00 X:02 Y:02 S:DB P:nVUbdIzc  $01:A0FA: D0 F1    BNE $A0ED
f1629   c48483733    i50556014    A:00 X:02 Y:02 S:DB P:nVUbdIzc  $01:A0ED: BD 15 40 LDA $4015,X @ $4017 = #$01
f1629   c48483737    i50556015    A:40 X:02 Y:02 S:DB P:nVUbdIzc  $01:A0F0: 4A       LSR
f1630   c48520628    i50567594    A:00 X:00 Y:F8 S:EC P:nvUbdiZc  $01:A8EE: 99 02 02 STA $0202,Y @ $02FA = #$00
f1630   c48520633    i50567595    A:00 X:00 Y:F8 S:EC P:nvUbdiZc  $01:A8F1: B9 6B 04 LDA $046B,Y @ $0563 = #$00
f1630   c48520638    i50567596    A:00 X:00 Y:F8 S:EC P:nvUbdiZc  $01:A8F4: 99 03 02 STA $0203,Y @ $02FB = #$00
f1630   c48520643    i50567597    A:00 X:00 Y:F8 S:EC P:nvUbdiZc  $01:A8F7: C8       INY
f1630   c48520645    i50567598    A:00 X:00 Y:F9 S:EC P:NvUbdizc  $01:A8F8: C8       INY
f1630   c48520647    i50567599    A:00 X:00 Y:FA S:EC P:NvUbdizc  $01:A8F9: C8       INY
f1630   c48520649    i50567600    A:00 X:00 Y:FB S:EC P:NvUbdizc  $01:A8FA: C8       INY
f1630   c48520651    i50567601    A:00 X:00 Y:FC S:EC P:NvUbdizc  $01:A8FB: D0 D8    BNE $A8D5
f1630   c48520654    i50567602    A:00 X:00 Y:FC S:EC P:NvUbdizc  $01:A8D5: BE 68 04 LDX $0468,Y @ $0564 = #$00
f1630   c48520659    i50567603    A:00 X:00 Y:FC S:EC P:nvUbdiZc  $01:A8D8: B9 6A 04 LDA $046A,Y @ $0566 = #$00
f1630   c48520664    i50567604    A:00 X:00 Y:FC S:EC P:nvUbdiZc  $01:A8DB: 29 0C    AND #$0C
f1630   c48520666    i50567605    A:00 X:00 Y:FC S:EC P:nvUbdiZc  $01:A8DD: F0 02    BEQ $A8E1
f1630   c48520669    i50567606    A:00 X:00 Y:FC S:EC P:nvUbdiZc  $01:A8E1: 8A       TXA
f1630   c48520671    i50567607    A:00 X:00 Y:FC S:EC P:nvUbdiZc  $01:A8E2: 99 00 02 STA $0200,Y @ $02FC = #$00
f1630   c48520676    i50567608    A:00 X:00 Y:FC S:EC P:nvUbdiZc  $01:A8E5: B9 69 04 LDA $0469,Y @ $0565 = #$00
f1630   c48520681    i50567609    A:00 X:00 Y:FC S:EC P:nvUbdiZc  $01:A8E8: 99 01 02 STA $0201,Y @ $02FD = #$00
f1630   c48520686    i50567610    A:00 X:00 Y:FC S:EC P:nvUbdiZc  $01:A8EB: B9 6A 04 LDA $046A,Y @ $0566 = #$00
f1630   c48520691    i50567611    A:00 X:00 Y:FC S:EC P:nvUbdiZc  $01:A8EE: 99 02 02 STA $0202,Y @ $02FE = #$00
f1630   c48520696    i50567612    A:00 X:00 Y:FC S:EC P:nvUbdiZc  $01:A8F1: B9 6B 04 LDA $046B,Y @ $0567 = #$F8
f1630   c48520701    i50567613    A:F8 X:00 Y:FC S:EC P:NvUbdizc  $01:A8F4: 99 03 02 STA $0203,Y @ $02FF = #$F8
f1630   c48520706    i50567614    A:F8 X:00 Y:FC S:EC P:NvUbdizc  $01:A8F7: C8       INY
f1630   c48520708    i50567615    A:F8 X:00 Y:FD S:EC P:NvUbdizc  $01:A8F8: C8       INY
f1630   c48520710    i50567616    A:F8 X:00 Y:FE S:EC P:NvUbdizc  $01:A8F9: C8       INY
f1630   c48520712    i50567617    A:F8 X:00 Y:FF S:EC P:NvUbdizc  $01:A8FA: C8       INY
f1630   c48520714    i50567618    A:F8 X:00 Y:00 S:EC P:nvUbdiZc  $01:A8FB: D0 D8    BNE $A8D5
f1630   c48520716    i50567619    A:F8 X:00 Y:00 S:EC P:nvUbdiZc  $01:A8FD: 60       RTS (from $A215)
f1630   c48520722    i50567620    A:F8 X:00 Y:00 S:EE P:nvUbdiZc  $00:8392: A2 06    LDX #$06
f1630   c48520724    i50567621    A:F8 X:06 Y:00 S:EE P:nvUbdizc  $00:8394: 20 B9 C4 JSR $C4B9
f1630   c48520730    i50567622    A:F8 X:06 Y:00 S:EC P:nvUbdizc  $0F:C4B9: 86 25    STX $25 = #$02
f1630   c48520733    i50567623    A:F8 X:06 Y:00 S:EC P:nvUbdizc  $0F:C4BB: A9 07    LDA #$07
f1630   c48520735    i50567624    A:07 X:06 Y:00 S:EC P:nvUbdizc  $0F:C4BD: 05 22    ORA $22 = #$00
f1630   c48520738    i50567625    A:07 X:06 Y:00 S:EC P:nvUbdizc  $0F:C4BF: 85 23    STA $23 = #$06
f1630   c48520741    i50567626    A:07 X:06 Y:00 S:EC P:nvUbdizc  $0F:C4C1: 8D 00 80 STA $8000 = #$A5
f1630   c48520745    i50567627    A:07 X:06 Y:00 S:EC P:nvUbdizc  $0F:C4C4: 8E 01 80 STX $8001 = #$27
f1630   c48520749    i50567628    A:07 X:06 Y:00 S:EC P:nvUbdizc  $0F:C4C7: 60       RTS (from $C4B9)
f1630   c48520755    i50567629    A:07 X:06 Y:00 S:EE P:nvUbdizc  $00:8397: 60       RTS (from $838A)
f1630   c48520761    i50567630    A:07 X:06 Y:00 S:F0 P:nvUbdizc  $00:82F0: A5 4C    LDA $4C = #$00
f1630   c48520764    i50567631    A:00 X:06 Y:00 S:F0 P:nvUbdiZc  $00:82F2: 10 F9    BPL $82ED
f1630   c48520767    i50567632    A:00 X:06 Y:00 S:F0 P:nvUbdiZc  $00:82ED: 20 8A 83 JSR $838A
f1630   c48520773    i50567633    A:00 X:06 Y:00 S:EE P:nvUbdiZc  $00:838A: A2 02    LDX #$02
f1630   c48520775    i50567634    A:00 X:02 Y:00 S:EE P:nvUbdizc  $00:838C: 20 B9 C4 JSR $C4B9
f1632   c48580187    i50586611    A:00 X:00 Y:F8 S:EC P:nvUbdiZc  $01:A8EE: 99 02 02 STA $0202,Y @ $02FA = #$00
f1632   c48580192    i50586612    A:00 X:00 Y:F8 S:EC P:nvUbdiZc  $01:A8F1: B9 6B 04 LDA $046B,Y @ $0563 = #$00
f1632   c48580197    i50586613    A:00 X:00 Y:F8 S:EC P:nvUbdiZc  $01:A8F4: 99 03 02 STA $0203,Y @ $02FB = #$00
f1632   c48580202    i50586614    A:00 X:00 Y:F8 S:EC P:nvUbdiZc  $01:A8F7: C8       INY
f1632   c48580204    i50586615    A:00 X:00 Y:F9 S:EC P:NvUbdizc  $01:A8F8: C8       INY
f1632   c48580206    i50586616    A:00 X:00 Y:FA S:EC P:NvUbdizc  $01:A8F9: C8       INY
f1632   c48580208    i50586617    A:00 X:00 Y:FB S:EC P:NvUbdizc  $01:A8FA: C8       INY
f1632   c48580210    i50586618    A:00 X:00 Y:FC S:EC P:NvUbdizc  $01:A8FB: D0 D8    BNE $A8D5
f1632   c48580213    i50586619    A:00 X:00 Y:FC S:EC P:NvUbdizc  $01:A8D5: BE 68 04 LDX $0468,Y @ $0564 = #$00
f1632   c48580218    i50586620    A:00 X:00 Y:FC S:EC P:nvUbdiZc  $01:A8D8: B9 6A 04 LDA $046A,Y @ $0566 = #$00
f1632   c48580223    i50586621    A:00 X:00 Y:FC S:EC P:nvUbdiZc  $01:A8DB: 29 0C    AND #$0C
f1632   c48580225    i50586622    A:00 X:00 Y:FC S:EC P:nvUbdiZc  $01:A8DD: F0 02    BEQ $A8E1
f1632   c48580228    i50586623    A:00 X:00 Y:FC S:EC P:nvUbdiZc  $01:A8E1: 8A       TXA
f1632   c48580230    i50586624    A:00 X:00 Y:FC S:EC P:nvUbdiZc  $01:A8E2: 99 00 02 STA $0200,Y @ $02FC = #$00
f1632   c48580235    i50586625    A:00 X:00 Y:FC S:EC P:nvUbdiZc  $01:A8E5: B9 69 04 LDA $0469,Y @ $0565 = #$00
f1632   c48580240    i50586626    A:00 X:00 Y:FC S:EC P:nvUbdiZc  $01:A8E8: 99 01 02 STA $0201,Y @ $02FD = #$00
f1632   c48580245    i50586627    A:00 X:00 Y:FC S:EC P:nvUbdiZc  $01:A8EB: B9 6A 04 LDA $046A,Y @ $0566 = #$00
f1632   c48580250    i50586628    A:00 X:00 Y:FC S:EC P:nvUbdiZc  $01:A8EE: 99 02 02 STA $0202,Y @ $02FE = #$00
f1632   c48580255    i50586629    A:00 X:00 Y:FC S:EC P:nvUbdiZc  $01:A8F1: B9 6B 04 LDA $046B,Y @ $0567 = #$F8
f1632   c48580260    i50586630    A:F8 X:00 Y:FC S:EC P:NvUbdizc  $01:A8F4: 99 03 02 STA $0203,Y @ $02FF = #$F8
f1632   c48580265    i50586631    A:F8 X:00 Y:FC S:EC P:NvUbdizc  $01:A8F7: C8       INY
f1632   c48580267    i50586632    A:F8 X:00 Y:FD S:EC P:NvUbdizc  $01:A8F8: C8       INY
f1632   c48580269    i50586633    A:F8 X:00 Y:FE S:EC P:NvUbdizc  $01:A8F9: C8       INY
f1632   c48580271    i50586634    A:F8 X:00 Y:FF S:EC P:NvUbdizc  $01:A8FA: C8       INY
f1632   c48580273    i50586635    A:F8 X:00 Y:00 S:EC P:nvUbdiZc  $01:A8FB: D0 D8    BNE $A8D5
f1632   c48580275    i50586636    A:F8 X:00 Y:00 S:EC P:nvUbdiZc  $01:A8FD: 60       RTS (from $A215)
f1632   c48580281    i50586637    A:F8 X:00 Y:00 S:EE P:nvUbdiZc  $00:8392: A2 06    LDX #$06
f1632   c48580283    i50586638    A:F8 X:06 Y:00 S:EE P:nvUbdizc  $00:8394: 20 B9 C4 JSR $C4B9
f1632   c48580289    i50586639    A:F8 X:06 Y:00 S:EC P:nvUbdizc  $0F:C4B9: 86 25    STX $25 = #$02
f1632   c48580292    i50586640    A:F8 X:06 Y:00 S:EC P:nvUbdizc  $0F:C4BB: A9 07    LDA #$07
f1632   c48580294    i50586641    A:07 X:06 Y:00 S:EC P:nvUbdizc  $0F:C4BD: 05 22    ORA $22 = #$00
f1632   c48580297    i50586642    A:07 X:06 Y:00 S:EC P:nvUbdizc  $0F:C4BF: 85 23    STA $23 = #$06
f1632   c48580300    i50586643    A:07 X:06 Y:00 S:EC P:nvUbdizc  $0F:C4C1: 8D 00 80 STA $8000 = #$A5
f1632   c48580304    i50586644    A:07 X:06 Y:00 S:EC P:nvUbdizc  $0F:C4C4: 8E 01 80 STX $8001 = #$27
f1632   c48580308    i50586645    A:07 X:06 Y:00 S:EC P:nvUbdizc  $0F:C4C7: 60       RTS (from $C4B9)
f1632   c48580314    i50586646    A:07 X:06 Y:00 S:EE P:nvUbdizc  $00:8397: 60       RTS (from $838A)
f1632   c48580320    i50586647    A:07 X:06 Y:00 S:F0 P:nvUbdizc  $00:82F0: A5 4C    LDA $4C = #$00
f1632   c48580323    i50586648    A:00 X:06 Y:00 S:F0 P:nvUbdiZc  $00:82F2: 10 F9    BPL $82ED
f1632   c48580326    i50586649    A:00 X:06 Y:00 S:F0 P:nvUbdiZc  $00:82ED: 20 8A 83 JSR $838A
f1632   c48580332    i50586650    A:00 X:06 Y:00 S:EE P:nvUbdiZc  $00:838A: A2 02    LDX #$02
f1632   c48580334    i50586651    A:00 X:02 Y:00 S:EE P:nvUbdizc  $00:838C: 20 B9 C4 JSR $C4B9
f1636   c48692944    i50622723    A:08 X:FF Y:08 S:DB P:nvUbdIzc  $06:8119: C6 F3    DEC $F3 = #$07
f1636   c48692949    i50622724    A:08 X:FF Y:08 S:DB P:nvUbdIzc  $06:811B: D0 AD    BNE $80CA
f1636   c48692953    i50622725    A:08 X:FF Y:08 S:DB P:nvUbdIzc  $06:80CA: AD 06 07 LDA $0706 = #$3C
f1636   c48692957    i50622726    A:3C X:FF Y:08 S:DB P:nvUbdIzc  $06:80CD: 4A       LSR
f1636   c48692959    i50622727    A:1E X:FF Y:08 S:DB P:nvUbdIzc  $06:80CE: 90 02    BCC $80D2
f1636   c48692962    i50622728    A:1E X:FF Y:08 S:DB P:nvUbdIzc  $06:80D2: 8D 06 07 STA $0706 = #$3C
f1636   c48692966    i50622729    A:1E X:FF Y:08 S:DB P:nvUbdIzc  $06:80D5: 90 35    BCC $810C
f1636   c48692970    i50622730    A:1E X:FF Y:08 S:DB P:nvUbdIzc  $06:810C: 18       CLC
f1636   c48692972    i50622731    A:1E X:FF Y:08 S:DB P:nvUbdIzc  $06:810D: A9 10    LDA #$10
f1636   c48692974    i50622732    A:10 X:FF Y:08 S:DB P:nvUbdIzc  $06:810F: 65 F0    ADC $F0 = #$47
f1636   c48692977    i50622733    A:57 X:FF Y:08 S:DB P:nvUbdIzc  $06:8111: 85 F0    STA $F0 = #$47
f1636   c48692980    i50622734    A:57 X:FF Y:08 S:DB P:nvUbdIzc  $06:8113: A9 04    LDA #$04
f1636   c48692982    i50622735    A:04 X:FF Y:08 S:DB P:nvUbdIzc  $06:8115: 65 F2    ADC $F2 = #$08
f1636   c48692985    i50622736    A:0C X:FF Y:08 S:DB P:nvUbdIzc  $06:8117: 85 F2    STA $F2 = #$08
f1636   c48692988    i50622737    A:0C X:FF Y:08 S:DB P:nvUbdIzc  $06:8119: C6 F3    DEC $F3 = #$06
f1636   c48692993    i50622738    A:0C X:FF Y:08 S:DB P:nvUbdIzc  $06:811B: D0 AD    BNE $80CA
f1636   c48692997    i50622739    A:0C X:FF Y:08 S:DB P:nvUbdIzc  $06:80CA: AD 06 07 LDA $0706 = #$1E
f1636   c48693001    i50622740    A:1E X:FF Y:08 S:DB P:nvUbdIzc  $06:80CD: 4A       LSR
f1636   c48693003    i50622741    A:0F X:FF Y:08 S:DB P:nvUbdIzc  $06:80CE: 90 02    BCC $80D2
f1636   c48693006    i50622742    A:0F X:FF Y:08 S:DB P:nvUbdIzc  $06:80D2: 8D 06 07 STA $0706 = #$1E
f1636   c48693010    i50622743    A:0F X:FF Y:08 S:DB P:nvUbdIzc  $06:80D5: 90 35    BCC $810C
f1636   c48693014    i50622744    A:0F X:FF Y:08 S:DB P:nvUbdIzc  $06:810C: 18       CLC
f1636   c48693016    i50622745    A:0F X:FF Y:08 S:DB P:nvUbdIzc  $06:810D: A9 10    LDA #$10
f1636   c48693018    i50622746    A:10 X:FF Y:08 S:DB P:nvUbdIzc  $06:810F: 65 F0    ADC $F0 = #$57
f1636   c48693021    i50622747    A:67 X:FF Y:08 S:DB P:nvUbdIzc  $06:8111: 85 F0    STA $F0 = #$57
f1636   c48693024    i50622748    A:67 X:FF Y:08 S:DB P:nvUbdIzc  $06:8113: A9 04    LDA #$04
f1636   c48693026    i50622749    A:04 X:FF Y:08 S:DB P:nvUbdIzc  $06:8115: 65 F2    ADC $F2 = #$0C
f1636   c48693029    i50622750    A:10 X:FF Y:08 S:DB P:nvUbdIzc  $06:8117: 85 F2    STA $F2 = #$0C
f1636   c48693032    i50622751    A:10 X:FF Y:08 S:DB P:nvUbdIzc  $06:8119: C6 F3    DEC $F3 = #$05
f1636   c48693037    i50622752    A:10 X:FF Y:08 S:DB P:nvUbdIzc  $06:811B: D0 AD    BNE $80CA
f1636   c48693041    i50622753    A:10 X:FF Y:08 S:DB P:nvUbdIzc  $06:80CA: AD 06 07 LDA $0706 = #$0F
f1636   c48693045    i50622754    A:0F X:FF Y:08 S:DB P:nvUbdIzc  $06:80CD: 4A       LSR
f1636   c48693047    i50622755    A:07 X:FF Y:08 S:DB P:nvUbdIzC  $06:80CE: 90 02    BCC $80D2
f1636   c48693049    i50622756    A:07 X:FF Y:08 S:DB P:nvUbdIzC  $06:80D0: 09 80    ORA #$80
f1636   c48693051    i50622757    A:87 X:FF Y:08 S:DB P:NvUbdIzC  $06:80D2: 8D 06 07 STA $0706 = #$0F
f1636   c48693055    i50622758    A:87 X:FF Y:08 S:DB P:NvUbdIzC  $06:80D5: 90 35    BCC $810C
f1636   c48693057    i50622759    A:87 X:FF Y:08 S:DB P:NvUbdIzC  $06:80D7: A6 F2    LDX $F2 = #$10
f1636   c48693060    i50622760    A:87 X:10 Y:08 S:DB P:nvUbdIzC  $06:80D9: DE 07 07 DEC $0707,X @ $0717 = #$06
f1636   c48693067    i50622761    A:87 X:10 Y:08 S:DB P:nvUbdIzC  $06:80DC: D0 03    BNE $80E1
f1636   c48693070    i50622762    A:87 X:10 Y:08 S:DB P:nvUbdIzC  $06:80E1: A6 F2    LDX $F2 = #$10
f1636   c48693073    i50622763    A:87 X:10 Y:08 S:DB P:nvUbdIzC  $06:80E3: DE 09 07 DEC $0709,X @ $0719 = #$02
f1636   c48693080    i50622764    A:87 X:10 Y:08 S:DB P:nvUbdIzC  $06:80E6: D0 21    BNE $8109
f1640   c48818432    i50662650    A:00 X:00 Y:F8 S:EC P:nvUbdiZc  $01:A8EE: 99 02 02 STA $0202,Y @ $02FA = #$00
f1640   c48818437    i50662651    A:00 X:00 Y:F8 S:EC P:nvUbdiZc  $01:A8F1: B9 6B 04 LDA $046B,Y @ $0563 = #$00
f1640   c48818442    i50662652    A:00 X:00 Y:F8 S:EC P:nvUbdiZc  $01:A8F4: 99 03 02 STA $0203,Y @ $02FB = #$00
f1640   c48818447    i50662653    A:00 X:00 Y:F8 S:EC P:nvUbdiZc  $01:A8F7: C8       INY
f1640   c48818449    i50662654    A:00 X:00 Y:F9 S:EC P:NvUbdizc  $01:A8F8: C8       INY
f1640   c48818451    i50662655    A:00 X:00 Y:FA S:EC P:NvUbdizc  $01:A8F9: C8       INY
f1640   c48818453    i50662656    A:00 X:00 Y:FB S:EC P:NvUbdizc  $01:A8FA: C8       INY
f1640   c48818455    i50662657    A:00 X:00 Y:FC S:EC P:NvUbdizc  $01:A8FB: D0 D8    BNE $A8D5
f1640   c48818458    i50662658    A:00 X:00 Y:FC S:EC P:NvUbdizc  $01:A8D5: BE 68 04 LDX $0468,Y @ $0564 = #$00
f1640   c48818463    i50662659    A:00 X:00 Y:FC S:EC P:nvUbdiZc  $01:A8D8: B9 6A 04 LDA $046A,Y @ $0566 = #$00
f1640   c48818468    i50662660    A:00 X:00 Y:FC S:EC P:nvUbdiZc  $01:A8DB: 29 0C    AND #$0C
f1640   c48818470    i50662661    A:00 X:00 Y:FC S:EC P:nvUbdiZc  $01:A8DD: F0 02    BEQ $A8E1
f1640   c48818473    i50662662    A:00 X:00 Y:FC S:EC P:nvUbdiZc  $01:A8E1: 8A       TXA
f1640   c48818475    i50662663    A:00 X:00 Y:FC S:EC P:nvUbdiZc  $01:A8E2: 99 00 02 STA $0200,Y @ $02FC = #$00
f1640   c48818480    i50662664    A:00 X:00 Y:FC S:EC P:nvUbdiZc  $01:A8E5: B9 69 04 LDA $0469,Y @ $0565 = #$00
f1640   c48818485    i50662665    A:00 X:00 Y:FC S:EC P:nvUbdiZc  $01:A8E8: 99 01 02 STA $0201,Y @ $02FD = #$00
f1640   c48818490    i50662666    A:00 X:00 Y:FC S:EC P:nvUbdiZc  $01:A8EB: B9 6A 04 LDA $046A,Y @ $0566 = #$00
f1640   c48818495    i50662667    A:00 X:00 Y:FC S:EC P:nvUbdiZc  $01:A8EE: 99 02 02 STA $0202,Y @ $02FE = #$00
f1640   c48818500    i50662668    A:00 X:00 Y:FC S:EC P:nvUbdiZc  $01:A8F1: B9 6B 04 LDA $046B,Y @ $0567 = #$F8
f1640   c48818505    i50662669    A:F8 X:00 Y:FC S:EC P:NvUbdizc  $01:A8F4: 99 03 02 STA $0203,Y @ $02FF = #$F8
f1640   c48818510    i50662670    A:F8 X:00 Y:FC S:EC P:NvUbdizc  $01:A8F7: C8       INY
f1640   c48818512    i50662671    A:F8 X:00 Y:FD S:EC P:NvUbdizc  $01:A8F8: C8       INY
f1640   c48818514    i50662672    A:F8 X:00 Y:FE S:EC P:NvUbdizc  $01:A8F9: C8       INY
f1640   c48818516    i50662673    A:F8 X:00 Y:FF S:EC P:NvUbdizc  $01:A8FA: C8       INY
f1640   c48818518    i50662674    A:F8 X:00 Y:00 S:EC P:nvUbdiZc  $01:A8FB: D0 D8    BNE $A8D5
f1640   c48818520    i50662675    A:F8 X:00 Y:00 S:EC P:nvUbdiZc  $01:A8FD: 60       RTS (from $A215)
f1640   c48818526    i50662676    A:F8 X:00 Y:00 S:EE P:nvUbdiZc  $00:8392: A2 06    LDX #$06
f1640   c48818528    i50662677    A:F8 X:06 Y:00 S:EE P:nvUbdizc  $00:8394: 20 B9 C4 JSR $C4B9
f1640   c48818534    i50662678    A:F8 X:06 Y:00 S:EC P:nvUbdizc  $0F:C4B9: 86 25    STX $25 = #$02
f1640   c48818537    i50662679    A:F8 X:06 Y:00 S:EC P:nvUbdizc  $0F:C4BB: A9 07    LDA #$07
f1640   c48818539    i50662680    A:07 X:06 Y:00 S:EC P:nvUbdizc  $0F:C4BD: 05 22    ORA $22 = #$00
f1640   c48818542    i50662681    A:07 X:06 Y:00 S:EC P:nvUbdizc  $0F:C4BF: 85 23    STA $23 = #$06
f1640   c48818545    i50662682    A:07 X:06 Y:00 S:EC P:nvUbdizc  $0F:C4C1: 8D 00 80 STA $8000 = #$A5
f1640   c48818549    i50662683    A:07 X:06 Y:00 S:EC P:nvUbdizc  $0F:C4C4: 8E 01 80 STX $8001 = #$27
f1640   c48818553    i50662684    A:07 X:06 Y:00 S:EC P:nvUbdizc  $0F:C4C7: 60       RTS (from $C4B9)
f1640   c48818559    i50662685    A:07 X:06 Y:00 S:EE P:nvUbdizc  $00:8397: 60       RTS (from $838A)
f1640   c48818565    i50662686    A:07 X:06 Y:00 S:F0 P:nvUbdizc  $00:82F0: A5 4C    LDA $4C = #$00
f1640   c48818568    i50662687    A:00 X:06 Y:00 S:F0 P:nvUbdiZc  $00:82F2: 10 F9    BPL $82ED
f1640   c48818571    i50662688    A:00 X:06 Y:00 S:F0 P:nvUbdiZc  $00:82ED: 20 8A 83 JSR $838A
f1640   c48818577    i50662689    A:00 X:06 Y:00 S:EE P:nvUbdiZc  $00:838A: A2 02    LDX #$02
f1640   c48818579    i50662690    A:00 X:02 Y:00 S:EE P:nvUbdizc  $00:838C: 20 B9 C4 JSR $C4B9
f1641   c48843044    i50670630    A:81 X:02 Y:08 S:D9 P:NvUbdIzc  $06:84A3: 9D BF 07 STA $07BF,X @ $07C1 = #$81
f1641   c48843049    i50670631    A:81 X:02 Y:08 S:D9 P:NvUbdIzc  $06:84A6: A6 F3    LDX $F3 = #$03
f1641   c48843052    i50670632    A:81 X:03 Y:08 S:D9 P:nvUbdIzc  $06:84A8: CA       DEX
f1641   c48843054    i50670633    A:81 X:02 Y:08 S:D9 P:nvUbdIzc  $06:84A9: A9 00    LDA #$00
f1641   c48843056    i50670634    A:00 X:02 Y:08 S:D9 P:nvUbdIZc  $06:84AB: 9D F4 07 STA $07F4,X @ $07F6 = #$00
f1641   c48843061    i50670635    A:00 X:02 Y:08 S:D9 P:nvUbdIZc  $06:84AE: BD EA 07 LDA $07EA,X @ $07EC = #$0F
f1641   c48843065    i50670636    A:0F X:02 Y:08 S:D9 P:nvUbdIzc  $06:84B1: D0 0D    BNE $84C0
f1641   c48843068    i50670637    A:0F X:02 Y:08 S:D9 P:nvUbdIzc  $06:84C0: A6 F2    LDX $F2 = #$14
f1641   c48843071    i50670638    A:0F X:14 Y:08 S:D9 P:nvUbdIzc  $06:84C2: BD 08 07 LDA $0708,X @ $071C = #$15
f1641   c48843075    i50670639    A:15 X:14 Y:08 S:D9 P:nvUbdIzc  $06:84C5: 9D 07 07 STA $0707,X @ $071B = #$15
f1641   c48843080    i50670640    A:15 X:14 Y:08 S:D9 P:nvUbdIzc  $06:84C8: 60       RTS (from $83CB)
f1641   c48843086    i50670641    A:15 X:14 Y:08 S:DB P:nvUbdIzc  $06:80E1: A6 F2    LDX $F2 = #$14
f1641   c48843089    i50670642    A:15 X:14 Y:08 S:DB P:nvUbdIzc  $06:80E3: DE 09 07 DEC $0709,X @ $071D = #$07
f1641   c48843096    i50670643    A:15 X:14 Y:08 S:DB P:nvUbdIzc  $06:80E6: D0 21    BNE $8109
f1641   c48843100    i50670644    A:15 X:14 Y:08 S:DB P:nvUbdIzc  $06:8109: 20 DB 81 JSR $81DB
f1641   c48843106    i50670645    A:15 X:14 Y:08 S:D9 P:nvUbdIzc  $06:81DB: A0 05    LDY #$05
f1641   c48843108    i50670646    A:15 X:14 Y:05 S:D9 P:nvUbdIzc  $06:81DD: B1 F0    LDA ($F0),Y @ $077C = #$49
f1641   c48843113    i50670647    A:49 X:14 Y:05 S:D9 P:nvUbdIzc  $06:81DF: AA       TAX
f1641   c48843115    i50670648    A:49 X:49 Y:05 S:D9 P:nvUbdIzc  $06:81E0: 29 F0    AND #$F0
f1641   c48843117    i50670649    A:40 X:49 Y:05 S:D9 P:nvUbdIzc  $06:81E2: 85 F6    STA $F6 = #$3B
f1641   c48843120    i50670650    A:40 X:49 Y:05 S:D9 P:nvUbdIzc  $06:81E4: 29 20    AND #$20
f1641   c48843122    i50670651    A:00 X:49 Y:05 S:D9 P:nvUbdIZc  $06:81E6: F0 06    BEQ $81EE
f1641   c48843125    i50670652    A:00 X:49 Y:05 S:D9 P:nvUbdIZc  $06:81EE: 8A       TXA
f1641   c48843127    i50670653    A:49 X:49 Y:05 S:D9 P:nvUbdIzc  $06:81EF: 29 0F    AND #$0F
f1641   c48843129    i50670654    A:09 X:49 Y:05 S:D9 P:nvUbdIzc  $06:81F1: 85 F7    STA $F7 = #$85
f1641   c48843132    i50670655    A:09 X:49 Y:05 S:D9 P:nvUbdIzc  $06:81F3: A4 F3    LDY $F3 = #$03
f1641   c48843135    i50670656    A:09 X:49 Y:03 S:D9 P:nvUbdIzc  $06:81F5: 88       DEY
f1641   c48843137    i50670657    A:09 X:49 Y:02 S:D9 P:nvUbdIzc  $06:81F6: BE CF 07 LDX $07CF,Y @ $07D1 = #$00
f1641   c48843141    i50670658    A:09 X:00 Y:02 S:D9 P:nvUbdIZc  $06:81F9: F0 38    BEQ $8233
f1641   c48843145    i50670659    A:09 X:00 Y:02 S:D9 P:nvUbdIZc  $06:8233: A6 F2    LDX $F2 = #$14
f1641   c48843148    i50670660    A:09 X:14 Y:02 S:D9 P:nvUbdIzc  $06:8235: BD 0A 07 LDA $070A,X @ $071E = #$0F
f1641   c48843152    i50670661    A:0F X:14 Y:02 S:D9 P:nvUbdIzc  $06:8238: 38       SEC
f1641   c48843154    i50670662    A:0F X:14 Y:02 S:D9 P:nvUbdIzC  $06:8239: E5 F7    SBC $F7 = #$09
f1641   c48843157    i50670663    A:06 X:14 Y:02 S:D9 P:nvUbdIzC  $06:823B: 10 02    BPL $823F
f1641   c48843160    i50670664    A:06 X:14 Y:02 S:D9 P:nvUbdIzC  $06:823F: 05 F6    ORA $F6 = #$40
f1641   c48843163    i50670665    A:46 X:14 Y:02 S:D9 P:nvUbdIzC  $06:8241: A0 06    LDY #$06
f1641   c48843165    i50670666    A:46 X:14 Y:06 S:D9 P:nvUbdIzC  $06:8243: 91 F0    STA ($F0),Y @ $077D = #$46
f1641   c48843171    i50670667    A:46 X:14 Y:06 S:D9 P:nvUbdIzC  $06:8245: A6 F3    LDX $F3 = #$03
f1641   c48843174    i50670668    A:46 X:03 Y:06 S:D9 P:nvUbdIzC  $06:8247: CA       DEX
f1641   c48843176    i50670669    A:46 X:02 Y:06 S:D9 P:nvUbdIzC  $06:8248: BD AF 07 LDA $07AF,X @ $07B1 = #$01
f1641   c48843180    i50670670    A:01 X:02 Y:06 S:D9 P:nvUbdIzC  $06:824B: C9 01    CMP #$01
f1641   c48856966    i50674983    A:40 X:19 Y:00 S:E0 P:nvUbdizC  $00:9F04: A5 1B    LDA $1B = #$40
f1641   c48856969    i50674984    A:40 X:19 Y:00 S:E0 P:nvUbdizC  $00:9F06: 10 FC    BPL $9F04
f1641   c48856972    i50674985    A:40 X:19 Y:00 S:E0 P:nvUbdizC  $00:9F04: A5 1B    LDA $1B = #$40
f1641   c48856975    i50674986    A:40 X:19 Y:00 S:E0 P:nvUbdizC  $00:9F06: 10 FC    BPL $9F04
f1641   c48856978    i50674987    A:40 X:19 Y:00 S:E0 P:nvUbdizC  $00:9F04: A5 1B    LDA $1B = #$40
f1641   c48856981    i50674988    A:40 X:19 Y:00 S:E0 P:nvUbdizC  $00:9F06: 10 FC    BPL $9F04
f1641   c48856984    i50674989    A:40 X:19 Y:00 S:E0 P:nvUbdizC  $00:9F04: A5 1B    LDA $1B = #$40
f1641   c48856987    i50674990    A:40 X:19 Y:00 S:E0 P:nvUbdizC  $00:9F06: 10 FC    BPL $9F04
f1641   c48856990    i50674991    A:40 X:19 Y:00 S:E0 P:nvUbdizC  $00:9F04: A5 1B    LDA $1B = #$40
f1641   c48856993    i50674992    A:40 X:19 Y:00 S:E0 P:nvUbdizC  $00:9F06: 10 FC    BPL $9F04
f1641   c48856996    i50674993    A:40 X:19 Y:00 S:E0 P:nvUbdizC  $00:9F04: A5 1B    LDA $1B = #$40
f1641   c48856999    i50674994    A:40 X:19 Y:00 S:E0 P:nvUbdizC  $00:9F06: 10 FC    BPL $9F04
f1641   c48857002    i50674995    A:40 X:19 Y:00 S:E0 P:nvUbdizC  $00:9F04: A5 1B    LDA $1B = #$40
f1641   c48857005    i50674996    A:40 X:19 Y:00 S:E0 P:nvUbdizC  $00:9F06: 10 FC    BPL $9F04
f1641   c48857008    i50674997    A:40 X:19 Y:00 S:E0 P:nvUbdizC  $00:9F04: A5 1B    LDA $1B = #$40
f1641   c48857011    i50674998    A:40 X:19 Y:00 S:E0 P:nvUbdizC  $00:9F06: 10 FC    BPL $9F04
f1641   c48857014    i50674999    A:40 X:19 Y:00 S:E0 P:nvUbdizC  $00:9F04: A5 1B    LDA $1B = #$40
f1641   c48857017    i50675000    A:40 X:19 Y:00 S:E0 P:nvUbdizC  $00:9F06: 10 FC    BPL $9F04
f1641   c48857020    i50675001    A:40 X:19 Y:00 S:E0 P:nvUbdizC  $00:9F04: A5 1B    LDA $1B = #$40
f1641   c48857027    i50675002    A:40 X:19 Y:00 S:E0 P:nvUbdizC  $00:9F06: 10 FC    BPL $9F04
f1641   c48857030    i50675003    A:40 X:19 Y:00 S:E0 P:nvUbdizC  $00:9F04: A5 1B    LDA $1B = #$40
f1641   c48857033    i50675004    A:40 X:19 Y:00 S:E0 P:nvUbdizC  $00:9F06: 10 FC    BPL $9F04
f1641   c48857036    i50675005    A:40 X:19 Y:00 S:E0 P:nvUbdizC  $00:9F04: A5 1B    LDA $1B = #$40
f1641   c48857039    i50675006    A:40 X:19 Y:00 S:E0 P:nvUbdizC  $00:9F06: 10 FC    BPL $9F04
f1641   c48857042    i50675007    A:40 X:19 Y:00 S:E0 P:nvUbdizC  $00:9F04: A5 1B    LDA $1B = #$40
f1641   c48857045    i50675008    A:40 X:19 Y:00 S:E0 P:nvUbdizC  $00:9F06: 10 FC    BPL $9F04
f1641   c48857055    i50675009    A:40 X:19 Y:00 S:DD P:nvUbdIzC  $0F:C506: 4C 21 C8 JMP $C821
f1641   c48857058    i50675010    A:40 X:19 Y:00 S:DD P:nvUbdIzC  $0F:C821: 24 1B    BIT $1B = #$40
f1641   c48857061    i50675011    A:40 X:19 Y:00 S:DD P:nVUbdIzC  $0F:C823: 50 03    BVC $C828
f1641   c48857063    i50675012    A:40 X:19 Y:00 S:DD P:nVUbdIzC  $0F:C825: 4C 78 C4 JMP $C478
f1641   c48857066    i50675013    A:40 X:19 Y:00 S:DD P:nVUbdIzC  $0F:C478: 24 3B    BIT $3B = #$55
f1641   c48857069    i50675014    A:40 X:19 Y:00 S:DD P:nVUbdIzC  $0F:C47A: 30 32    BMI $C4AE
f1641   c48857071    i50675015    A:40 X:19 Y:00 S:DD P:nVUbdIzC  $0F:C47C: 38       SEC
f1641   c48857073    i50675016    A:40 X:19 Y:00 S:DD P:nVUbdIzC  $0F:C47D: 66 3B    ROR $3B = #$55
f1641   c48857078    i50675017    A:40 X:19 Y:00 S:DD P:NVUbdIzC  $0F:C47F: 85 3C    STA $3C = #$40
f1641   c48857081    i50675018    A:40 X:19 Y:00 S:DD P:NVUbdIzC  $0F:C481: 86 3D    STX $3D = #$19
f1641   c48857084    i50675019    A:40 X:19 Y:00 S:DD P:NVUbdIzC  $0F:C483: 84 3E    STY $3E = #$00
f1641   c48857087    i50675020    A:40 X:19 Y:00 S:DD P:NVUbdIzC  $0F:C485: A5 22    LDA $22 = #$00
f1641   c48857090    i50675021    A:00 X:19 Y:00 S:DD P:nVUbdIZC  $0F:C487: 09 07    ORA #$07
f1641   c48857092    i50675022    A:07 X:19 Y:00 S:DD P:nVUbdIzC  $0F:C489: 8D 00 80 STA $8000 = #$A5
f1641   c48857096    i50675023    A:07 X:19 Y:00 S:DD P:nVUbdIzC  $0F:C48C: A9 02    LDA #$02
f1641   c48857098    i50675024    A:02 X:19 Y:00 S:DD P:nVUbdIzC  $0F:C48E: 8D 01 80 STA $8001 = #$27
f1650   c49116455    i50756857    A:00 X:00 Y:F8 S:EC P:nvUbdiZc  $01:A8EE: 99 02 02 STA $0202,Y @ $02FA = #$00
f1650   c49116460    i50756858    A:00 X:00 Y:F8 S:EC P:nvUbdiZc  $01:A8F1: B9 6B 04 LDA $046B,Y @ $0563 = #$00
f1650   c49116465    i50756859    A:00 X:00 Y:F8 S:EC P:nvUbdiZc  $01:A8F4: 99 03 02 STA $0203,Y @ $02FB = #$00
f1650   c49116470    i50756860    A:00 X:00 Y:F8 S:EC P:nvUbdiZc  $01:A8F7: C8       INY
f1650   c49116472    i50756861    A:00 X:00 Y:F9 S:EC P:NvUbdizc  $01:A8F8: C8       INY
f1650   c49116474    i50756862    A:00 X:00 Y:FA S:EC P:NvUbdizc  $01:A8F9: C8       INY
f1650   c49116476    i50756863    A:00 X:00 Y:FB S:EC P:NvUbdizc  $01:A8FA: C8       INY
f1650   c49116478    i50756864    A:00 X:00 Y:FC S:EC P:NvUbdizc  $01:A8FB: D0 D8    BNE $A8D5
f1650   c49116481    i50756865    A:00 X:00 Y:FC S:EC P:NvUbdizc  $01:A8D5: BE 68 04 LDX $0468,Y @ $0564 = #$00
f1650   c49116486    i50756866    A:00 X:00 Y:FC S:EC P:nvUbdiZc  $01:A8D8: B9 6A 04 LDA $046A,Y @ $0566 = #$00
f1650   c49116491    i50756867    A:00 X:00 Y:FC S:EC P:nvUbdiZc  $01:A8DB: 29 0C    AND #$0C
f1650   c49116493    i50756868    A:00 X:00 Y:FC S:EC P:nvUbdiZc  $01:A8DD: F0 02    BEQ $A8E1
f1650   c49116496    i50756869    A:00 X:00 Y:FC S:EC P:nvUbdiZc  $01:A8E1: 8A       TXA
f1650   c49116498    i50756870    A:00 X:00 Y:FC S:EC P:nvUbdiZc  $01:A8E2: 99 00 02 STA $0200,Y @ $02FC = #$00
f1650   c49116503    i50756871    A:00 X:00 Y:FC S:EC P:nvUbdiZc  $01:A8E5: B9 69 04 LDA $0469,Y @ $0565 = #$00
f1650   c49116508    i50756872    A:00 X:00 Y:FC S:EC P:nvUbdiZc  $01:A8E8: 99 01 02 STA $0201,Y @ $02FD = #$00
f1650   c49116513    i50756873    A:00 X:00 Y:FC S:EC P:nvUbdiZc  $01:A8EB: B9 6A 04 LDA $046A,Y @ $0566 = #$00
f1650   c49116518    i50756874    A:00 X:00 Y:FC S:EC P:nvUbdiZc  $01:A8EE: 99 02 02 STA $0202,Y @ $02FE = #$00
f1650   c49116523    i50756875    A:00 X:00 Y:FC S:EC P:nvUbdiZc  $01:A8F1: B9 6B 04 LDA $046B,Y @ $0567 = #$F8
f1650   c49116528    i50756876    A:F8 X:00 Y:FC S:EC P:NvUbdizc  $01:A8F4: 99 03 02 STA $0203,Y @ $02FF = #$F8
f1650   c49116533    i50756877    A:F8 X:00 Y:FC S:EC P:NvUbdizc  $01:A8F7: C8       INY
f1650   c49116535    i50756878    A:F8 X:00 Y:FD S:EC P:NvUbdizc  $01:A8F8: C8       INY
f1650   c49116537    i50756879    A:F8 X:00 Y:FE S:EC P:NvUbdizc  $01:A8F9: C8       INY
f1650   c49116539    i50756880    A:F8 X:00 Y:FF S:EC P:NvUbdizc  $01:A8FA: C8       INY
f1650   c49116541    i50756881    A:F8 X:00 Y:00 S:EC P:nvUbdiZc  $01:A8FB: D0 D8    BNE $A8D5
f1650   c49116543    i50756882    A:F8 X:00 Y:00 S:EC P:nvUbdiZc  $01:A8FD: 60       RTS (from $A215)
f1650   c49116549    i50756883    A:F8 X:00 Y:00 S:EE P:nvUbdiZc  $00:8392: A2 06    LDX #$06
f1650   c49116551    i50756884    A:F8 X:06 Y:00 S:EE P:nvUbdizc  $00:8394: 20 B9 C4 JSR $C4B9
f1650   c49116557    i50756885    A:F8 X:06 Y:00 S:EC P:nvUbdizc  $0F:C4B9: 86 25    STX $25 = #$02
f1650   c49116560    i50756886    A:F8 X:06 Y:00 S:EC P:nvUbdizc  $0F:C4BB: A9 07    LDA #$07
f1650   c49116562    i50756887    A:07 X:06 Y:00 S:EC P:nvUbdizc  $0F:C4BD: 05 22    ORA $22 = #$00
f1650   c49116565    i50756888    A:07 X:06 Y:00 S:EC P:nvUbdizc  $0F:C4BF: 85 23    STA $23 = #$06
f1650   c49116568    i50756889    A:07 X:06 Y:00 S:EC P:nvUbdizc  $0F:C4C1: 8D 00 80 STA $8000 = #$A5
f1650   c49116572    i50756890    A:07 X:06 Y:00 S:EC P:nvUbdizc  $0F:C4C4: 8E 01 80 STX $8001 = #$27
f1650   c49116576    i50756891    A:07 X:06 Y:00 S:EC P:nvUbdizc  $0F:C4C7: 60       RTS (from $C4B9)
f1650   c49116582    i50756892    A:07 X:06 Y:00 S:EE P:nvUbdizc  $00:8397: 60       RTS (from $838A)
f1650   c49116588    i50756893    A:07 X:06 Y:00 S:F0 P:nvUbdizc  $00:82F0: A5 4C    LDA $4C = #$00
f1650   c49116591    i50756894    A:00 X:06 Y:00 S:F0 P:nvUbdiZc  $00:82F2: 10 F9    BPL $82ED
f1650   c49116594    i50756895    A:00 X:06 Y:00 S:F0 P:nvUbdiZc  $00:82ED: 20 8A 83 JSR $838A
f1650   c49116600    i50756896    A:00 X:06 Y:00 S:EE P:nvUbdiZc  $00:838A: A2 02    LDX #$02
f1650   c49116602    i50756897    A:00 X:02 Y:00 S:EE P:nvUbdizc  $00:838C: 20 B9 C4 JSR $C4B9
f1654   c49235504    i50794786    A:00 X:00 Y:F8 S:EC P:nvUbdiZc  $01:A8EE: 99 02 02 STA $0202,Y @ $02FA = #$00
f1654   c49235509    i50794787    A:00 X:00 Y:F8 S:EC P:nvUbdiZc  $01:A8F1: B9 6B 04 LDA $046B,Y @ $0563 = #$00
f1654   c49235514    i50794788    A:00 X:00 Y:F8 S:EC P:nvUbdiZc  $01:A8F4: 99 03 02 STA $0203,Y @ $02FB = #$00
f1654   c49235519    i50794789    A:00 X:00 Y:F8 S:EC P:nvUbdiZc  $01:A8F7: C8       INY
f1654   c49235521    i50794790    A:00 X:00 Y:F9 S:EC P:NvUbdizc  $01:A8F8: C8       INY
f1654   c49235523    i50794791    A:00 X:00 Y:FA S:EC P:NvUbdizc  $01:A8F9: C8       INY
f1654   c49235525    i50794792    A:00 X:00 Y:FB S:EC P:NvUbdizc  $01:A8FA: C8       INY
f1654   c49235527    i50794793    A:00 X:00 Y:FC S:EC P:NvUbdizc  $01:A8FB: D0 D8    BNE $A8D5
f1654   c49235530    i50794794    A:00 X:00 Y:FC S:EC P:NvUbdizc  $01:A8D5: BE 68 04 LDX $0468,Y @ $0564 = #$00
f1654   c49235535    i50794795    A:00 X:00 Y:FC S:EC P:nvUbdiZc  $01:A8D8: B9 6A 04 LDA $046A,Y @ $0566 = #$00
f1654   c49235540    i50794796    A:00 X:00 Y:FC S:EC P:nvUbdiZc  $01:A8DB: 29 0C    AND #$0C
f1654   c49235542    i50794797    A:00 X:00 Y:FC S:EC P:nvUbdiZc  $01:A8DD: F0 02    BEQ $A8E1
f1654   c49235545    i50794798    A:00 X:00 Y:FC S:EC P:nvUbdiZc  $01:A8E1: 8A       TXA
f1654   c49235547    i50794799    A:00 X:00 Y:FC S:EC P:nvUbdiZc  $01:A8E2: 99 00 02 STA $0200,Y @ $02FC = #$00
f1654   c49235552    i50794800    A:00 X:00 Y:FC S:EC P:nvUbdiZc  $01:A8E5: B9 69 04 LDA $0469,Y @ $0565 = #$00
f1654   c49235557    i50794801    A:00 X:00 Y:FC S:EC P:nvUbdiZc  $01:A8E8: 99 01 02 STA $0201,Y @ $02FD = #$00
f1654   c49235562    i50794802    A:00 X:00 Y:FC S:EC P:nvUbdiZc  $01:A8EB: B9 6A 04 LDA $046A,Y @ $0566 = #$00
f1654   c49235567    i50794803    A:00 X:00 Y:FC S:EC P:nvUbdiZc  $01:A8EE: 99 02 02 STA $0202,Y @ $02FE = #$00
f1654   c49235572    i50794804    A:00 X:00 Y:FC S:EC P:nvUbdiZc  $01:A8F1: B9 6B 04 LDA $046B,Y @ $0567 = #$F8
f1654   c49235577    i50794805    A:F8 X:00 Y:FC S:EC P:NvUbdizc  $01:A8F4: 99 03 02 STA $0203,Y @ $02FF = #$F8
f1654   c49235582    i50794806    A:F8 X:00 Y:FC S:EC P:NvUbdizc  $01:A8F7: C8       INY
f1654   c49235584    i50794807    A:F8 X:00 Y:FD S:EC P:NvUbdizc  $01:A8F8: C8       INY
f1654   c49235586    i50794808    A:F8 X:00 Y:FE S:EC P:NvUbdizc  $01:A8F9: C8       INY
f1654   c49235588    i50794809    A:F8 X:00 Y:FF S:EC P:NvUbdizc  $01:A8FA: C8       INY
f1654   c49235590    i50794810    A:F8 X:00 Y:00 S:EC P:nvUbdiZc  $01:A8FB: D0 D8    BNE $A8D5
f1654   c49235592    i50794811    A:F8 X:00 Y:00 S:EC P:nvUbdiZc  $01:A8FD: 60       RTS (from $A215)
f1654   c49235598    i50794812    A:F8 X:00 Y:00 S:EE P:nvUbdiZc  $00:8392: A2 06    LDX #$06
f1654   c49235600    i50794813    A:F8 X:06 Y:00 S:EE P:nvUbdizc  $00:8394: 20 B9 C4 JSR $C4B9
f1654   c49235606    i50794814    A:F8 X:06 Y:00 S:EC P:nvUbdizc  $0F:C4B9: 86 25    STX $25 = #$02
f1654   c49235609    i50794815    A:F8 X:06 Y:00 S:EC P:nvUbdizc  $0F:C4BB: A9 07    LDA #$07
f1654   c49235611    i50794816    A:07 X:06 Y:00 S:EC P:nvUbdizc  $0F:C4BD: 05 22    ORA $22 = #$00
f1654   c49235614    i50794817    A:07 X:06 Y:00 S:EC P:nvUbdizc  $0F:C4BF: 85 23    STA $23 = #$06
f1654   c49235617    i50794818    A:07 X:06 Y:00 S:EC P:nvUbdizc  $0F:C4C1: 8D 00 80 STA $8000 = #$A5
f1654   c49235621    i50794819    A:07 X:06 Y:00 S:EC P:nvUbdizc  $0F:C4C4: 8E 01 80 STX $8001 = #$27
f1654   c49235625    i50794820    A:07 X:06 Y:00 S:EC P:nvUbdizc  $0F:C4C7: 60       RTS (from $C4B9)
f1654   c49235631    i50794821    A:07 X:06 Y:00 S:EE P:nvUbdizc  $00:8397: 60       RTS (from $838A)
f1654   c49235637    i50794822    A:07 X:06 Y:00 S:F0 P:nvUbdizc  $00:82F0: A5 4C    LDA $4C = #$00
f1654   c49235640    i50794823    A:00 X:06 Y:00 S:F0 P:nvUbdiZc  $00:82F2: 10 F9    BPL $82ED
f1654   c49235643    i50794824    A:00 X:06 Y:00 S:F0 P:nvUbdiZc  $00:82ED: 20 8A 83 JSR $838A
f1654   c49235649    i50794825    A:00 X:06 Y:00 S:EE P:nvUbdiZc  $00:838A: A2 02    LDX #$02
f1654   c49235651    i50794826    A:00 X:02 Y:00 S:EE P:nvUbdizc  $00:838C: 20 B9 C4 JSR $C4B9
f1668   c49645918    i50925580    A:08 X:FF Y:08 S:DB P:nvUbdIzc  $06:8119: C6 F3    DEC $F3 = #$07
f1668   c49645923    i50925581    A:08 X:FF Y:08 S:DB P:nvUbdIzc  $06:811B: D0 AD    BNE $80CA
f1668   c49645927    i50925582    A:08 X:FF Y:08 S:DB P:nvUbdIzc  $06:80CA: AD 06 07 LDA $0706 = #$3C
f1668   c49645931    i50925583    A:3C X:FF Y:08 S:DB P:nvUbdIzc  $06:80CD: 4A       LSR
f1668   c49645933    i50925584    A:1E X:FF Y:08 S:DB P:nvUbdIzc  $06:80CE: 90 02    BCC $80D2
f1668   c49645936    i50925585    A:1E X:FF Y:08 S:DB P:nvUbdIzc  $06:80D2: 8D 06 07 STA $0706 = #$3C
f1668   c49645940    i50925586    A:1E X:FF Y:08 S:DB P:nvUbdIzc  $06:80D5: 90 35    BCC $810C
f1668   c49645944    i50925587    A:1E X:FF Y:08 S:DB P:nvUbdIzc  $06:810C: 18       CLC
f1668   c49645946    i50925588    A:1E X:FF Y:08 S:DB P:nvUbdIzc  $06:810D: A9 10    LDA #$10
f1668   c49645948    i50925589    A:10 X:FF Y:08 S:DB P:nvUbdIzc  $06:810F: 65 F0    ADC $F0 = #$47
f1668   c49645951    i50925590    A:57 X:FF Y:08 S:DB P:nvUbdIzc  $06:8111: 85 F0    STA $F0 = #$47
f1668   c49645954    i50925591    A:57 X:FF Y:08 S:DB P:nvUbdIzc  $06:8113: A9 04    LDA #$04
f1668   c49645956    i50925592    A:04 X:FF Y:08 S:DB P:nvUbdIzc  $06:8115: 65 F2    ADC $F2 = #$08
f1668   c49645959    i50925593    A:0C X:FF Y:08 S:DB P:nvUbdIzc  $06:8117: 85 F2    STA $F2 = #$08
f1668   c49645962    i50925594    A:0C X:FF Y:08 S:DB P:nvUbdIzc  $06:8119: C6 F3    DEC $F3 = #$06
f1668   c49645967    i50925595    A:0C X:FF Y:08 S:DB P:nvUbdIzc  $06:811B: D0 AD    BNE $80CA
f1668   c49645971    i50925596    A:0C X:FF Y:08 S:DB P:nvUbdIzc  $06:80CA: AD 06 07 LDA $0706 = #$1E
f1668   c49645975    i50925597    A:1E X:FF Y:08 S:DB P:nvUbdIzc  $06:80CD: 4A       LSR
f1668   c49645977    i50925598    A:0F X:FF Y:08 S:DB P:nvUbdIzc  $06:80CE: 90 02    BCC $80D2
f1668   c49645980    i50925599    A:0F X:FF Y:08 S:DB P:nvUbdIzc  $06:80D2: 8D 06 07 STA $0706 = #$1E
f1668   c49645984    i50925600    A:0F X:FF Y:08 S:DB P:nvUbdIzc  $06:80D5: 90 35    BCC $810C
f1668   c49645988    i50925601    A:0F X:FF Y:08 S:DB P:nvUbdIzc  $06:810C: 18       CLC
f1668   c49645990    i50925602    A:0F X:FF Y:08 S:DB P:nvUbdIzc  $06:810D: A9 10    LDA #$10
f1668   c49645992    i50925603    A:10 X:FF Y:08 S:DB P:nvUbdIzc  $06:810F: 65 F0    ADC $F0 = #$57
f1668   c49645995    i50925604    A:67 X:FF Y:08 S:DB P:nvUbdIzc  $06:8111: 85 F0    STA $F0 = #$57
f1668   c49645998    i50925605    A:67 X:FF Y:08 S:DB P:nvUbdIzc  $06:8113: A9 04    LDA #$04
f1668   c49646000    i50925606    A:04 X:FF Y:08 S:DB P:nvUbdIzc  $06:8115: 65 F2    ADC $F2 = #$0C
f1668   c49646003    i50925607    A:10 X:FF Y:08 S:DB P:nvUbdIzc  $06:8117: 85 F2    STA $F2 = #$0C
f1668   c49646006    i50925608    A:10 X:FF Y:08 S:DB P:nvUbdIzc  $06:8119: C6 F3    DEC $F3 = #$05
f1668   c49646011    i50925609    A:10 X:FF Y:08 S:DB P:nvUbdIzc  $06:811B: D0 AD    BNE $80CA
f1668   c49646015    i50925610    A:10 X:FF Y:08 S:DB P:nvUbdIzc  $06:80CA: AD 06 07 LDA $0706 = #$0F
f1668   c49646019    i50925611    A:0F X:FF Y:08 S:DB P:nvUbdIzc  $06:80CD: 4A       LSR
f1668   c49646021    i50925612    A:07 X:FF Y:08 S:DB P:nvUbdIzC  $06:80CE: 90 02    BCC $80D2
f1668   c49646023    i50925613    A:07 X:FF Y:08 S:DB P:nvUbdIzC  $06:80D0: 09 80    ORA #$80
f1668   c49646025    i50925614    A:87 X:FF Y:08 S:DB P:NvUbdIzC  $06:80D2: 8D 06 07 STA $0706 = #$0F
f1668   c49646029    i50925615    A:87 X:FF Y:08 S:DB P:NvUbdIzC  $06:80D5: 90 35    BCC $810C
f1668   c49646031    i50925616    A:87 X:FF Y:08 S:DB P:NvUbdIzC  $06:80D7: A6 F2    LDX $F2 = #$10
f1668   c49646034    i50925617    A:87 X:10 Y:08 S:DB P:nvUbdIzC  $06:80D9: DE 07 07 DEC $0707,X @ $0717 = #$02
f1668   c49646041    i50925618    A:87 X:10 Y:08 S:DB P:nvUbdIzC  $06:80DC: D0 03    BNE $80E1
f1668   c49646044    i50925619    A:87 X:10 Y:08 S:DB P:nvUbdIzC  $06:80E1: A6 F2    LDX $F2 = #$10
f1668   c49646047    i50925620    A:87 X:10 Y:08 S:DB P:nvUbdIzC  $06:80E3: DE 09 07 DEC $0709,X @ $0719 = #$FB
f1668   c49646054    i50925621    A:87 X:10 Y:08 S:DB P:NvUbdIzC  $06:80E6: D0 21    BNE $8109
f1677   c49920457    i51012343    A:00 X:00 Y:F8 S:EC P:nvUbdiZc  $01:A8EE: 99 02 02 STA $0202,Y @ $02FA = #$00
f1677   c49920462    i51012344    A:00 X:00 Y:F8 S:EC P:nvUbdiZc  $01:A8F1: B9 6B 04 LDA $046B,Y @ $0563 = #$00
f1677   c49920467    i51012345    A:00 X:00 Y:F8 S:EC P:nvUbdiZc  $01:A8F4: 99 03 02 STA $0203,Y @ $02FB = #$00
f1677   c49920472    i51012346    A:00 X:00 Y:F8 S:EC P:nvUbdiZc  $01:A8F7: C8       INY
f1677   c49920474    i51012347    A:00 X:00 Y:F9 S:EC P:NvUbdizc  $01:A8F8: C8       INY
f1677   c49920476    i51012348    A:00 X:00 Y:FA S:EC P:NvUbdizc  $01:A8F9: C8       INY
f1677   c49920478    i51012349    A:00 X:00 Y:FB S:EC P:NvUbdizc  $01:A8FA: C8       INY
f1677   c49920480    i51012350    A:00 X:00 Y:FC S:EC P:NvUbdizc  $01:A8FB: D0 D8    BNE $A8D5
f1677   c49920483    i51012351    A:00 X:00 Y:FC S:EC P:NvUbdizc  $01:A8D5: BE 68 04 LDX $0468,Y @ $0564 = #$00
f1677   c49920488    i51012352    A:00 X:00 Y:FC S:EC P:nvUbdiZc  $01:A8D8: B9 6A 04 LDA $046A,Y @ $0566 = #$00
f1677   c49920493    i51012353    A:00 X:00 Y:FC S:EC P:nvUbdiZc  $01:A8DB: 29 0C    AND #$0C
f1677   c49920495    i51012354    A:00 X:00 Y:FC S:EC P:nvUbdiZc  $01:A8DD: F0 02    BEQ $A8E1
f1677   c49920498    i51012355    A:00 X:00 Y:FC S:EC P:nvUbdiZc  $01:A8E1: 8A       TXA
f1677   c49920500    i51012356    A:00 X:00 Y:FC S:EC P:nvUbdiZc  $01:A8E2: 99 00 02 STA $0200,Y @ $02FC = #$00
f1677   c49920505    i51012357    A:00 X:00 Y:FC S:EC P:nvUbdiZc  $01:A8E5: B9 69 04 LDA $0469,Y @ $0565 = #$00
f1677   c49920510    i51012358    A:00 X:00 Y:FC S:EC P:nvUbdiZc  $01:A8E8: 99 01 02 STA $0201,Y @ $02FD = #$00
f1677   c49920515    i51012359    A:00 X:00 Y:FC S:EC P:nvUbdiZc  $01:A8EB: B9 6A 04 LDA $046A,Y @ $0566 = #$00
f1677   c49920520    i51012360    A:00 X:00 Y:FC S:EC P:nvUbdiZc  $01:A8EE: 99 02 02 STA $0202,Y @ $02FE = #$00
f1677   c49920525    i51012361    A:00 X:00 Y:FC S:EC P:nvUbdiZc  $01:A8F1: B9 6B 04 LDA $046B,Y @ $0567 = #$F8
f1677   c49920530    i51012362    A:F8 X:00 Y:FC S:EC P:NvUbdizc  $01:A8F4: 99 03 02 STA $0203,Y @ $02FF = #$F8
f1677   c49920535    i51012363    A:F8 X:00 Y:FC S:EC P:NvUbdizc  $01:A8F7: C8       INY
f1677   c49920537    i51012364    A:F8 X:00 Y:FD S:EC P:NvUbdizc  $01:A8F8: C8       INY
f1677   c49920539    i51012365    A:F8 X:00 Y:FE S:EC P:NvUbdizc  $01:A8F9: C8       INY
f1677   c49920541    i51012366    A:F8 X:00 Y:FF S:EC P:NvUbdizc  $01:A8FA: C8       INY
f1677   c49920543    i51012367    A:F8 X:00 Y:00 S:EC P:nvUbdiZc  $01:A8FB: D0 D8    BNE $A8D5
f1677   c49920545    i51012368    A:F8 X:00 Y:00 S:EC P:nvUbdiZc  $01:A8FD: 60       RTS (from $A215)
f1677   c49920551    i51012369    A:F8 X:00 Y:00 S:EE P:nvUbdiZc  $00:8392: A2 06    LDX #$06
f1677   c49920553    i51012370    A:F8 X:06 Y:00 S:EE P:nvUbdizc  $00:8394: 20 B9 C4 JSR $C4B9
f1677   c49920559    i51012371    A:F8 X:06 Y:00 S:EC P:nvUbdizc  $0F:C4B9: 86 25    STX $25 = #$02
f1677   c49920562    i51012372    A:F8 X:06 Y:00 S:EC P:nvUbdizc  $0F:C4BB: A9 07    LDA #$07
f1677   c49920564    i51012373    A:07 X:06 Y:00 S:EC P:nvUbdizc  $0F:C4BD: 05 22    ORA $22 = #$00
f1677   c49920567    i51012374    A:07 X:06 Y:00 S:EC P:nvUbdizc  $0F:C4BF: 85 23    STA $23 = #$06
f1677   c49920570    i51012375    A:07 X:06 Y:00 S:EC P:nvUbdizc  $0F:C4C1: 8D 00 80 STA $8000 = #$A5
f1677   c49920574    i51012376    A:07 X:06 Y:00 S:EC P:nvUbdizc  $0F:C4C4: 8E 01 80 STX $8001 = #$27
f1677   c49920578    i51012377    A:07 X:06 Y:00 S:EC P:nvUbdizc  $0F:C4C7: 60       RTS (from $C4B9)
f1677   c49920584    i51012378    A:07 X:06 Y:00 S:EE P:nvUbdizc  $00:8397: 60       RTS (from $838A)
f1677   c49920590    i51012379    A:07 X:06 Y:00 S:F0 P:nvUbdizc  $00:82F0: A5 4C    LDA $4C = #$00
f1677   c49920593    i51012380    A:00 X:06 Y:00 S:F0 P:nvUbdiZc  $00:82F2: 10 F9    BPL $82ED
f1677   c49920596    i51012381    A:00 X:06 Y:00 S:F0 P:nvUbdiZc  $00:82ED: 20 8A 83 JSR $838A
f1677   c49920602    i51012382    A:00 X:06 Y:00 S:EE P:nvUbdiZc  $00:838A: A2 02    LDX #$02
f1677   c49920604    i51012383    A:00 X:02 Y:00 S:EE P:nvUbdizc  $00:838C: 20 B9 C4 JSR $C4B9
f1681   c50033066    i51048411    A:08 X:FF Y:08 S:DB P:nvUbdIzc  $06:8119: C6 F3    DEC $F3 = #$07
f1681   c50033071    i51048412    A:08 X:FF Y:08 S:DB P:nvUbdIzc  $06:811B: D0 AD    BNE $80CA
f1681   c50033075    i51048413    A:08 X:FF Y:08 S:DB P:nvUbdIzc  $06:80CA: AD 06 07 LDA $0706 = #$3C
f1681   c50033079    i51048414    A:3C X:FF Y:08 S:DB P:nvUbdIzc  $06:80CD: 4A       LSR
f1681   c50033081    i51048415    A:1E X:FF Y:08 S:DB P:nvUbdIzc  $06:80CE: 90 02    BCC $80D2
f1681   c50033084    i51048416    A:1E X:FF Y:08 S:DB P:nvUbdIzc  $06:80D2: 8D 06 07 STA $0706 = #$3C
f1681   c50033088    i51048417    A:1E X:FF Y:08 S:DB P:nvUbdIzc  $06:80D5: 90 35    BCC $810C
f1681   c50033092    i51048418    A:1E X:FF Y:08 S:DB P:nvUbdIzc  $06:810C: 18       CLC
f1681   c50033094    i51048419    A:1E X:FF Y:08 S:DB P:nvUbdIzc  $06:810D: A9 10    LDA #$10
f1681   c50033096    i51048420    A:10 X:FF Y:08 S:DB P:nvUbdIzc  $06:810F: 65 F0    ADC $F0 = #$47
f1681   c50033099    i51048421    A:57 X:FF Y:08 S:DB P:nvUbdIzc  $06:8111: 85 F0    STA $F0 = #$47
f1681   c50033102    i51048422    A:57 X:FF Y:08 S:DB P:nvUbdIzc  $06:8113: A9 04    LDA #$04
f1681   c50033104    i51048423    A:04 X:FF Y:08 S:DB P:nvUbdIzc  $06:8115: 65 F2    ADC $F2 = #$08
f1681   c50033107    i51048424    A:0C X:FF Y:08 S:DB P:nvUbdIzc  $06:8117: 85 F2    STA $F2 = #$08
f1681   c50033110    i51048425    A:0C X:FF Y:08 S:DB P:nvUbdIzc  $06:8119: C6 F3    DEC $F3 = #$06
f1681   c50033115    i51048426    A:0C X:FF Y:08 S:DB P:nvUbdIzc  $06:811B: D0 AD    BNE $80CA
f1681   c50033119    i51048427    A:0C X:FF Y:08 S:DB P:nvUbdIzc  $06:80CA: AD 06 07 LDA $0706 = #$1E
f1681   c50033123    i51048428    A:1E X:FF Y:08 S:DB P:nvUbdIzc  $06:80CD: 4A       LSR
f1681   c50033125    i51048429    A:0F X:FF Y:08 S:DB P:nvUbdIzc  $06:80CE: 90 02    BCC $80D2
f1681   c50033128    i51048430    A:0F X:FF Y:08 S:DB P:nvUbdIzc  $06:80D2: 8D 06 07 STA $0706 = #$1E
f1681   c50033132    i51048431    A:0F X:FF Y:08 S:DB P:nvUbdIzc  $06:80D5: 90 35    BCC $810C
f1681   c50033136    i51048432    A:0F X:FF Y:08 S:DB P:nvUbdIzc  $06:810C: 18       CLC
f1681   c50033138    i51048433    A:0F X:FF Y:08 S:DB P:nvUbdIzc  $06:810D: A9 10    LDA #$10
f1681   c50033140    i51048434    A:10 X:FF Y:08 S:DB P:nvUbdIzc  $06:810F: 65 F0    ADC $F0 = #$57
f1681   c50033143    i51048435    A:67 X:FF Y:08 S:DB P:nvUbdIzc  $06:8111: 85 F0    STA $F0 = #$57
f1681   c50033146    i51048436    A:67 X:FF Y:08 S:DB P:nvUbdIzc  $06:8113: A9 04    LDA #$04
f1681   c50033148    i51048437    A:04 X:FF Y:08 S:DB P:nvUbdIzc  $06:8115: 65 F2    ADC $F2 = #$0C
f1681   c50033151    i51048438    A:10 X:FF Y:08 S:DB P:nvUbdIzc  $06:8117: 85 F2    STA $F2 = #$0C
f1681   c50033154    i51048439    A:10 X:FF Y:08 S:DB P:nvUbdIzc  $06:8119: C6 F3    DEC $F3 = #$05
f1681   c50033159    i51048440    A:10 X:FF Y:08 S:DB P:nvUbdIzc  $06:811B: D0 AD    BNE $80CA
f1681   c50033163    i51048441    A:10 X:FF Y:08 S:DB P:nvUbdIzc  $06:80CA: AD 06 07 LDA $0706 = #$0F
f1681   c50033167    i51048442    A:0F X:FF Y:08 S:DB P:nvUbdIzc  $06:80CD: 4A       LSR
f1681   c50033169    i51048443    A:07 X:FF Y:08 S:DB P:nvUbdIzC  $06:80CE: 90 02    BCC $80D2
f1681   c50033171    i51048444    A:07 X:FF Y:08 S:DB P:nvUbdIzC  $06:80D0: 09 80    ORA #$80
f1681   c50033173    i51048445    A:87 X:FF Y:08 S:DB P:NvUbdIzC  $06:80D2: 8D 06 07 STA $0706 = #$0F
f1681   c50033177    i51048446    A:87 X:FF Y:08 S:DB P:NvUbdIzC  $06:80D5: 90 35    BCC $810C
f1681   c50033179    i51048447    A:87 X:FF Y:08 S:DB P:NvUbdIzC  $06:80D7: A6 F2    LDX $F2 = #$10
f1681   c50033182    i51048448    A:87 X:10 Y:08 S:DB P:nvUbdIzC  $06:80D9: DE 07 07 DEC $0707,X @ $0717 = #$03
f1681   c50033189    i51048449    A:87 X:10 Y:08 S:DB P:nvUbdIzC  $06:80DC: D0 03    BNE $80E1
f1681   c50033192    i51048450    A:87 X:10 Y:08 S:DB P:nvUbdIzC  $06:80E1: A6 F2    LDX $F2 = #$10
f1681   c50033195    i51048451    A:87 X:10 Y:08 S:DB P:nvUbdIzC  $06:80E3: DE 09 07 DEC $0709,X @ $0719 = #$FC
f1681   c50033202    i51048452    A:87 X:10 Y:08 S:DB P:NvUbdIzC  $06:80E6: D0 21    BNE $8109
f1688   c50247896    i51116552    A:00 X:00 Y:F8 S:EC P:nvUbdiZc  $01:A8EE: 99 02 02 STA $0202,Y @ $02FA = #$00
f1688   c50247901    i51116553    A:00 X:00 Y:F8 S:EC P:nvUbdiZc  $01:A8F1: B9 6B 04 LDA $046B,Y @ $0563 = #$00
f1688   c50247906    i51116554    A:00 X:00 Y:F8 S:EC P:nvUbdiZc  $01:A8F4: 99 03 02 STA $0203,Y @ $02FB = #$00
f1688   c50247911    i51116555    A:00 X:00 Y:F8 S:EC P:nvUbdiZc  $01:A8F7: C8       INY
f1688   c50247913    i51116556    A:00 X:00 Y:F9 S:EC P:NvUbdizc  $01:A8F8: C8       INY
f1688   c50247915    i51116557    A:00 X:00 Y:FA S:EC P:NvUbdizc  $01:A8F9: C8       INY
f1688   c50247917    i51116558    A:00 X:00 Y:FB S:EC P:NvUbdizc  $01:A8FA: C8       INY
f1688   c50247919    i51116559    A:00 X:00 Y:FC S:EC P:NvUbdizc  $01:A8FB: D0 D8    BNE $A8D5
f1688   c50247922    i51116560    A:00 X:00 Y:FC S:EC P:NvUbdizc  $01:A8D5: BE 68 04 LDX $0468,Y @ $0564 = #$00
f1688   c50247927    i51116561    A:00 X:00 Y:FC S:EC P:nvUbdiZc  $01:A8D8: B9 6A 04 LDA $046A,Y @ $0566 = #$00
f1688   c50247932    i51116562    A:00 X:00 Y:FC S:EC P:nvUbdiZc  $01:A8DB: 29 0C    AND #$0C
f1688   c50247934    i51116563    A:00 X:00 Y:FC S:EC P:nvUbdiZc  $01:A8DD: F0 02    BEQ $A8E1
f1688   c50247937    i51116564    A:00 X:00 Y:FC S:EC P:nvUbdiZc  $01:A8E1: 8A       TXA
f1688   c50247939    i51116565    A:00 X:00 Y:FC S:EC P:nvUbdiZc  $01:A8E2: 99 00 02 STA $0200,Y @ $02FC = #$00
f1688   c50247944    i51116566    A:00 X:00 Y:FC S:EC P:nvUbdiZc  $01:A8E5: B9 69 04 LDA $0469,Y @ $0565 = #$00
f1688   c50247949    i51116567    A:00 X:00 Y:FC S:EC P:nvUbdiZc  $01:A8E8: 99 01 02 STA $0201,Y @ $02FD = #$00
f1688   c50247954    i51116568    A:00 X:00 Y:FC S:EC P:nvUbdiZc  $01:A8EB: B9 6A 04 LDA $046A,Y @ $0566 = #$00
f1688   c50247959    i51116569    A:00 X:00 Y:FC S:EC P:nvUbdiZc  $01:A8EE: 99 02 02 STA $0202,Y @ $02FE = #$00
f1688   c50247964    i51116570    A:00 X:00 Y:FC S:EC P:nvUbdiZc  $01:A8F1: B9 6B 04 LDA $046B,Y @ $0567 = #$F8
f1688   c50247969    i51116571    A:F8 X:00 Y:FC S:EC P:NvUbdizc  $01:A8F4: 99 03 02 STA $0203,Y @ $02FF = #$F8
f1688   c50247974    i51116572    A:F8 X:00 Y:FC S:EC P:NvUbdizc  $01:A8F7: C8       INY
f1688   c50247976    i51116573    A:F8 X:00 Y:FD S:EC P:NvUbdizc  $01:A8F8: C8       INY
f1688   c50247978    i51116574    A:F8 X:00 Y:FE S:EC P:NvUbdizc  $01:A8F9: C8       INY
f1688   c50247980    i51116575    A:F8 X:00 Y:FF S:EC P:NvUbdizc  $01:A8FA: C8       INY
f1688   c50247982    i51116576    A:F8 X:00 Y:00 S:EC P:nvUbdiZc  $01:A8FB: D0 D8    BNE $A8D5
f1688   c50247984    i51116577    A:F8 X:00 Y:00 S:EC P:nvUbdiZc  $01:A8FD: 60       RTS (from $A215)
f1688   c50247990    i51116578    A:F8 X:00 Y:00 S:EE P:nvUbdiZc  $00:8392: A2 06    LDX #$06
f1688   c50247992    i51116579    A:F8 X:06 Y:00 S:EE P:nvUbdizc  $00:8394: 20 B9 C4 JSR $C4B9
f1688   c50247998    i51116580    A:F8 X:06 Y:00 S:EC P:nvUbdizc  $0F:C4B9: 86 25    STX $25 = #$02
f1688   c50248001    i51116581    A:F8 X:06 Y:00 S:EC P:nvUbdizc  $0F:C4BB: A9 07    LDA #$07
f1688   c50248003    i51116582    A:07 X:06 Y:00 S:EC P:nvUbdizc  $0F:C4BD: 05 22    ORA $22 = #$00
f1688   c50248006    i51116583    A:07 X:06 Y:00 S:EC P:nvUbdizc  $0F:C4BF: 85 23    STA $23 = #$06
f1688   c50248009    i51116584    A:07 X:06 Y:00 S:EC P:nvUbdizc  $0F:C4C1: 8D 00 80 STA $8000 = #$A5
f1688   c50248013    i51116585    A:07 X:06 Y:00 S:EC P:nvUbdizc  $0F:C4C4: 8E 01 80 STX $8001 = #$27
f1688   c50248017    i51116586    A:07 X:06 Y:00 S:EC P:nvUbdizc  $0F:C4C7: 60       RTS (from $C4B9)
f1688   c50248023    i51116587    A:07 X:06 Y:00 S:EE P:nvUbdizc  $00:8397: 60       RTS (from $838A)
f1688   c50248029    i51116588    A:07 X:06 Y:00 S:F0 P:nvUbdizc  $00:82F0: A5 4C    LDA $4C = #$00
f1688   c50248032    i51116589    A:00 X:06 Y:00 S:F0 P:nvUbdiZc  $00:82F2: 10 F9    BPL $82ED
f1688   c50248035    i51116590    A:00 X:06 Y:00 S:F0 P:nvUbdiZc  $00:82ED: 20 8A 83 JSR $838A
f1688   c50248041    i51116591    A:00 X:06 Y:00 S:EE P:nvUbdiZc  $00:838A: A2 02    LDX #$02
f1688   c50248043    i51116592    A:00 X:02 Y:00 S:EE P:nvUbdizc  $00:838C: 20 B9 C4 JSR $C4B9
f1689   c50277676    i51126061    A:00 X:00 Y:F8 S:EC P:nvUbdiZc  $01:A8EE: 99 02 02 STA $0202,Y @ $02FA = #$00
f1689   c50277681    i51126062    A:00 X:00 Y:F8 S:EC P:nvUbdiZc  $01:A8F1: B9 6B 04 LDA $046B,Y @ $0563 = #$00
f1689   c50277686    i51126063    A:00 X:00 Y:F8 S:EC P:nvUbdiZc  $01:A8F4: 99 03 02 STA $0203,Y @ $02FB = #$00
f1689   c50277691    i51126064    A:00 X:00 Y:F8 S:EC P:nvUbdiZc  $01:A8F7: C8       INY
f1689   c50277693    i51126065    A:00 X:00 Y:F9 S:EC P:NvUbdizc  $01:A8F8: C8       INY
f1689   c50277695    i51126066    A:00 X:00 Y:FA S:EC P:NvUbdizc  $01:A8F9: C8       INY
f1689   c50277697    i51126067    A:00 X:00 Y:FB S:EC P:NvUbdizc  $01:A8FA: C8       INY
f1689   c50277699    i51126068    A:00 X:00 Y:FC S:EC P:NvUbdizc  $01:A8FB: D0 D8    BNE $A8D5
f1689   c50277702    i51126069    A:00 X:00 Y:FC S:EC P:NvUbdizc  $01:A8D5: BE 68 04 LDX $0468,Y @ $0564 = #$00
f1689   c50277707    i51126070    A:00 X:00 Y:FC S:EC P:nvUbdiZc  $01:A8D8: B9 6A 04 LDA $046A,Y @ $0566 = #$00
f1689   c50277712    i51126071    A:00 X:00 Y:FC S:EC P:nvUbdiZc  $01:A8DB: 29 0C    AND #$0C
f1689   c50277714    i51126072    A:00 X:00 Y:FC S:EC P:nvUbdiZc  $01:A8DD: F0 02    BEQ $A8E1
f1689   c50277717    i51126073    A:00 X:00 Y:FC S:EC P:nvUbdiZc  $01:A8E1: 8A       TXA
f1689   c50277719    i51126074    A:00 X:00 Y:FC S:EC P:nvUbdiZc  $01:A8E2: 99 00 02 STA $0200,Y @ $02FC = #$00
f1689   c50277724    i51126075    A:00 X:00 Y:FC S:EC P:nvUbdiZc  $01:A8E5: B9 69 04 LDA $0469,Y @ $0565 = #$00
f1689   c50277729    i51126076    A:00 X:00 Y:FC S:EC P:nvUbdiZc  $01:A8E8: 99 01 02 STA $0201,Y @ $02FD = #$00
f1689   c50277734    i51126077    A:00 X:00 Y:FC S:EC P:nvUbdiZc  $01:A8EB: B9 6A 04 LDA $046A,Y @ $0566 = #$00
f1689   c50277739    i51126078    A:00 X:00 Y:FC S:EC P:nvUbdiZc  $01:A8EE: 99 02 02 STA $0202,Y @ $02FE = #$00
f1689   c50277744    i51126079    A:00 X:00 Y:FC S:EC P:nvUbdiZc  $01:A8F1: B9 6B 04 LDA $046B,Y @ $0567 = #$F8
f1689   c50277749    i51126080    A:F8 X:00 Y:FC S:EC P:NvUbdizc  $01:A8F4: 99 03 02 STA $0203,Y @ $02FF = #$F8
f1689   c50277754    i51126081    A:F8 X:00 Y:FC S:EC P:NvUbdizc  $01:A8F7: C8       INY
f1689   c50277756    i51126082    A:F8 X:00 Y:FD S:EC P:NvUbdizc  $01:A8F8: C8       INY
f1689   c50277758    i51126083    A:F8 X:00 Y:FE S:EC P:NvUbdizc  $01:A8F9: C8       INY
f1689   c50277760    i51126084    A:F8 X:00 Y:FF S:EC P:NvUbdizc  $01:A8FA: C8       INY
f1689   c50277762    i51126085    A:F8 X:00 Y:00 S:EC P:nvUbdiZc  $01:A8FB: D0 D8    BNE $A8D5
f1689   c50277764    i51126086    A:F8 X:00 Y:00 S:EC P:nvUbdiZc  $01:A8FD: 60       RTS (from $A215)
f1689   c50277770    i51126087    A:F8 X:00 Y:00 S:EE P:nvUbdiZc  $00:8392: A2 06    LDX #$06
f1689   c50277772    i51126088    A:F8 X:06 Y:00 S:EE P:nvUbdizc  $00:8394: 20 B9 C4 JSR $C4B9
f1689   c50277778    i51126089    A:F8 X:06 Y:00 S:EC P:nvUbdizc  $0F:C4B9: 86 25    STX $25 = #$02
f1689   c50277781    i51126090    A:F8 X:06 Y:00 S:EC P:nvUbdizc  $0F:C4BB: A9 07    LDA #$07
f1689   c50277783    i51126091    A:07 X:06 Y:00 S:EC P:nvUbdizc  $0F:C4BD: 05 22    ORA $22 = #$00
f1689   c50277786    i51126092    A:07 X:06 Y:00 S:EC P:nvUbdizc  $0F:C4BF: 85 23    STA $23 = #$06
f1689   c50277789    i51126093    A:07 X:06 Y:00 S:EC P:nvUbdizc  $0F:C4C1: 8D 00 80 STA $8000 = #$A5
f1689   c50277793    i51126094    A:07 X:06 Y:00 S:EC P:nvUbdizc  $0F:C4C4: 8E 01 80 STX $8001 = #$27
f1689   c50277797    i51126095    A:07 X:06 Y:00 S:EC P:nvUbdizc  $0F:C4C7: 60       RTS (from $C4B9)
f1689   c50277803    i51126096    A:07 X:06 Y:00 S:EE P:nvUbdizc  $00:8397: 60       RTS (from $838A)
f1689   c50277809    i51126097    A:07 X:06 Y:00 S:F0 P:nvUbdizc  $00:82F0: A5 4C    LDA $4C = #$00
f1689   c50277812    i51126098    A:00 X:06 Y:00 S:F0 P:nvUbdiZc  $00:82F2: 10 F9    BPL $82ED
f1689   c50277815    i51126099    A:00 X:06 Y:00 S:F0 P:nvUbdiZc  $00:82ED: 20 8A 83 JSR $838A
f1689   c50277821    i51126100    A:00 X:06 Y:00 S:EE P:nvUbdiZc  $00:838A: A2 02    LDX #$02
f1689   c50277823    i51126101    A:00 X:02 Y:00 S:EE P:nvUbdizc  $00:838C: 20 B9 C4 JSR $C4B9
f1694   c50420212    i51171691    A:08 X:FF Y:08 S:DB P:nvUbdIzc  $06:8119: C6 F3    DEC $F3 = #$07
f1694   c50420217    i51171692    A:08 X:FF Y:08 S:DB P:nvUbdIzc  $06:811B: D0 AD    BNE $80CA
f1694   c50420221    i51171693    A:08 X:FF Y:08 S:DB P:nvUbdIzc  $06:80CA: AD 06 07 LDA $0706 = #$3C
f1694   c50420225    i51171694    A:3C X:FF Y:08 S:DB P:nvUbdIzc  $06:80CD: 4A       LSR
f1694   c50420227    i51171695    A:1E X:FF Y:08 S:DB P:nvUbdIzc  $06:80CE: 90 02    BCC $80D2
f1694   c50420230    i51171696    A:1E X:FF Y:08 S:DB P:nvUbdIzc  $06:80D2: 8D 06 07 STA $0706 = #$3C
f1694   c50420234    i51171697    A:1E X:FF Y:08 S:DB P:nvUbdIzc  $06:80D5: 90 35    BCC $810C
f1694   c50420238    i51171698    A:1E X:FF Y:08 S:DB P:nvUbdIzc  $06:810C: 18       CLC
f1694   c50420240    i51171699    A:1E X:FF Y:08 S:DB P:nvUbdIzc  $06:810D: A9 10    LDA #$10
f1694   c50420242    i51171700    A:10 X:FF Y:08 S:DB P:nvUbdIzc  $06:810F: 65 F0    ADC $F0 = #$47
f1694   c50420245    i51171701    A:57 X:FF Y:08 S:DB P:nvUbdIzc  $06:8111: 85 F0    STA $F0 = #$47
f1694   c50420248    i51171702    A:57 X:FF Y:08 S:DB P:nvUbdIzc  $06:8113: A9 04    LDA #$04
f1694   c50420250    i51171703    A:04 X:FF Y:08 S:DB P:nvUbdIzc  $06:8115: 65 F2    ADC $F2 = #$08
f1694   c50420253    i51171704    A:0C X:FF Y:08 S:DB P:nvUbdIzc  $06:8117: 85 F2    STA $F2 = #$08
f1694   c50420256    i51171705    A:0C X:FF Y:08 S:DB P:nvUbdIzc  $06:8119: C6 F3    DEC $F3 = #$06
f1694   c50420261    i51171706    A:0C X:FF Y:08 S:DB P:nvUbdIzc  $06:811B: D0 AD    BNE $80CA
f1694   c50420265    i51171707    A:0C X:FF Y:08 S:DB P:nvUbdIzc  $06:80CA: AD 06 07 LDA $0706 = #$1E
f1694   c50420269    i51171708    A:1E X:FF Y:08 S:DB P:nvUbdIzc  $06:80CD: 4A       LSR
f1694   c50420271    i51171709    A:0F X:FF Y:08 S:DB P:nvUbdIzc  $06:80CE: 90 02    BCC $80D2
f1694   c50420274    i51171710    A:0F X:FF Y:08 S:DB P:nvUbdIzc  $06:80D2: 8D 06 07 STA $0706 = #$1E
f1694   c50420278    i51171711    A:0F X:FF Y:08 S:DB P:nvUbdIzc  $06:80D5: 90 35    BCC $810C
f1694   c50420282    i51171712    A:0F X:FF Y:08 S:DB P:nvUbdIzc  $06:810C: 18       CLC
f1694   c50420284    i51171713    A:0F X:FF Y:08 S:DB P:nvUbdIzc  $06:810D: A9 10    LDA #$10
f1694   c50420286    i51171714    A:10 X:FF Y:08 S:DB P:nvUbdIzc  $06:810F: 65 F0    ADC $F0 = #$57
f1694   c50420289    i51171715    A:67 X:FF Y:08 S:DB P:nvUbdIzc  $06:8111: 85 F0    STA $F0 = #$57
f1694   c50420292    i51171716    A:67 X:FF Y:08 S:DB P:nvUbdIzc  $06:8113: A9 04    LDA #$04
f1694   c50420294    i51171717    A:04 X:FF Y:08 S:DB P:nvUbdIzc  $06:8115: 65 F2    ADC $F2 = #$0C
f1694   c50420297    i51171718    A:10 X:FF Y:08 S:DB P:nvUbdIzc  $06:8117: 85 F2    STA $F2 = #$0C
f1694   c50420300    i51171719    A:10 X:FF Y:08 S:DB P:nvUbdIzc  $06:8119: C6 F3    DEC $F3 = #$05
f1694   c50420305    i51171720    A:10 X:FF Y:08 S:DB P:nvUbdIzc  $06:811B: D0 AD    BNE $80CA
f1694   c50420309    i51171721    A:10 X:FF Y:08 S:DB P:nvUbdIzc  $06:80CA: AD 06 07 LDA $0706 = #$0F
f1694   c50420313    i51171722    A:0F X:FF Y:08 S:DB P:nvUbdIzc  $06:80CD: 4A       LSR
f1694   c50420315    i51171723    A:07 X:FF Y:08 S:DB P:nvUbdIzC  $06:80CE: 90 02    BCC $80D2
f1694   c50420317    i51171724    A:07 X:FF Y:08 S:DB P:nvUbdIzC  $06:80D0: 09 80    ORA #$80
f1694   c50420319    i51171725    A:87 X:FF Y:08 S:DB P:NvUbdIzC  $06:80D2: 8D 06 07 STA $0706 = #$0F
f1694   c50420323    i51171726    A:87 X:FF Y:08 S:DB P:NvUbdIzC  $06:80D5: 90 35    BCC $810C
f1694   c50420325    i51171727    A:87 X:FF Y:08 S:DB P:NvUbdIzC  $06:80D7: A6 F2    LDX $F2 = #$10
f1694   c50420328    i51171728    A:87 X:10 Y:08 S:DB P:nvUbdIzC  $06:80D9: DE 07 07 DEC $0707,X @ $0717 = #$12
f1694   c50420335    i51171729    A:87 X:10 Y:08 S:DB P:nvUbdIzC  $06:80DC: D0 03    BNE $80E1
f1694   c50420338    i51171730    A:87 X:10 Y:08 S:DB P:nvUbdIzC  $06:80E1: A6 F2    LDX $F2 = #$10
f1694   c50420341    i51171731    A:87 X:10 Y:08 S:DB P:nvUbdIzC  $06:80E3: DE 09 07 DEC $0709,X @ $0719 = #$01
f1694   c50420348    i51171732    A:87 X:10 Y:08 S:DB P:nvUbdIZC  $06:80E6: D0 21    BNE $8109
f1699   c50568227    i51218708    A:00 X:02 Y:08 S:DB P:nVUbdIzc  $01:A0ED: BD 15 40 LDA $4015,X @ $4017 = #$01
f1699   c50568231    i51218709    A:40 X:02 Y:08 S:DB P:nVUbdIzc  $01:A0F0: 4A       LSR
f1699   c50568233    i51218710    A:20 X:02 Y:08 S:DB P:nVUbdIzc  $01:A0F1: 26 3F    ROL $3F = #$00
f1699   c50568238    i51218711    A:20 X:02 Y:08 S:DB P:nVUbdIZc  $01:A0F3: 29 01    AND #$01
f1699   c50568240    i51218712    A:00 X:02 Y:08 S:DB P:nVUbdIZc  $01:A0F5: 05 3F    ORA $3F = #$00
f1699   c50568243    i51218713    A:00 X:02 Y:08 S:DB P:nVUbdIZc  $01:A0F7: 85 3F    STA $3F = #$00
f1699   c50568246    i51218714    A:00 X:02 Y:08 S:DB P:nVUbdIZc  $01:A0F9: 88       DEY
f1699   c50568248    i51218715    A:00 X:02 Y:07 S:DB P:nVUbdIzc  $01:A0FA: D0 F1    BNE $A0ED
f1699   c50568251    i51218716    A:00 X:02 Y:07 S:DB P:nVUbdIzc  $01:A0ED: BD 15 40 LDA $4015,X @ $4017 = #$01
f1699   c50568255    i51218717    A:40 X:02 Y:07 S:DB P:nVUbdIzc  $01:A0F0: 4A       LSR
f1699   c50568257    i51218718    A:20 X:02 Y:07 S:DB P:nVUbdIzc  $01:A0F1: 26 3F    ROL $3F = #$00
f1699   c50568262    i51218719    A:20 X:02 Y:07 S:DB P:nVUbdIZc  $01:A0F3: 29 01    AND #$01
f1699   c50568264    i51218720    A:00 X:02 Y:07 S:DB P:nVUbdIZc  $01:A0F5: 05 3F    ORA $3F = #$00
f1699   c50568267    i51218721    A:00 X:02 Y:07 S:DB P:nVUbdIZc  $01:A0F7: 85 3F    STA $3F = #$00
f1699   c50568270    i51218722    A:00 X:02 Y:07 S:DB P:nVUbdIZc  $01:A0F9: 88       DEY
f1699   c50568272    i51218723    A:00 X:02 Y:06 S:DB P:nVUbdIzc  $01:A0FA: D0 F1    BNE $A0ED
f1699   c50568275    i51218724    A:00 X:02 Y:06 S:DB P:nVUbdIzc  $01:A0ED: BD 15 40 LDA $4015,X @ $4017 = #$01
f1699   c50568279    i51218725    A:40 X:02 Y:06 S:DB P:nVUbdIzc  $01:A0F0: 4A       LSR
f1699   c50568281    i51218726    A:20 X:02 Y:06 S:DB P:nVUbdIzc  $01:A0F1: 26 3F    ROL $3F = #$00
f1699   c50568286    i51218727    A:20 X:02 Y:06 S:DB P:nVUbdIZc  $01:A0F3: 29 01    AND #$01
f1699   c50568288    i51218728    A:00 X:02 Y:06 S:DB P:nVUbdIZc  $01:A0F5: 05 3F    ORA $3F = #$00
f1699   c50568291    i51218729    A:00 X:02 Y:06 S:DB P:nVUbdIZc  $01:A0F7: 85 3F    STA $3F = #$00
f1699   c50568294    i51218730    A:00 X:02 Y:06 S:DB P:nVUbdIZc  $01:A0F9: 88       DEY
f1699   c50568296    i51218731    A:00 X:02 Y:05 S:DB P:nVUbdIzc  $01:A0FA: D0 F1    BNE $A0ED
f1699   c50568299    i51218732    A:00 X:02 Y:05 S:DB P:nVUbdIzc  $01:A0ED: BD 15 40 LDA $4015,X @ $4017 = #$01
f1699   c50568303    i51218733    A:40 X:02 Y:05 S:DB P:nVUbdIzc  $01:A0F0: 4A       LSR
f1699   c50568305    i51218734    A:20 X:02 Y:05 S:DB P:nVUbdIzc  $01:A0F1: 26 3F    ROL $3F = #$00
f1699   c50568310    i51218735    A:20 X:02 Y:05 S:DB P:nVUbdIZc  $01:A0F3: 29 01    AND #$01
f1699   c50568312    i51218736    A:00 X:02 Y:05 S:DB P:nVUbdIZc  $01:A0F5: 05 3F    ORA $3F = #$00
f1699   c50568315    i51218737    A:00 X:02 Y:05 S:DB P:nVUbdIZc  $01:A0F7: 85 3F    STA $3F = #$00
f1699   c50568318    i51218738    A:00 X:02 Y:05 S:DB P:nVUbdIZc  $01:A0F9: 88       DEY
f1699   c50568320    i51218739    A:00 X:02 Y:04 S:DB P:nVUbdIzc  $01:A0FA: D0 F1    BNE $A0ED
f1699   c50568323    i51218740    A:00 X:02 Y:04 S:DB P:nVUbdIzc  $01:A0ED: BD 15 40 LDA $4015,X @ $4017 = #$01
f1699   c50568327    i51218741    A:40 X:02 Y:04 S:DB P:nVUbdIzc  $01:A0F0: 4A       LSR
f1699   c50568329    i51218742    A:20 X:02 Y:04 S:DB P:nVUbdIzc  $01:A0F1: 26 3F    ROL $3F = #$00
f1699   c50568334    i51218743    A:20 X:02 Y:04 S:DB P:nVUbdIZc  $01:A0F3: 29 01    AND #$01
f1699   c50568336    i51218744    A:00 X:02 Y:04 S:DB P:nVUbdIZc  $01:A0F5: 05 3F    ORA $3F = #$00
f1699   c50568339    i51218745    A:00 X:02 Y:04 S:DB P:nVUbdIZc  $01:A0F7: 85 3F    STA $3F = #$00
f1699   c50568342    i51218746    A:00 X:02 Y:04 S:DB P:nVUbdIZc  $01:A0F9: 88       DEY
f1699   c50568344    i51218747    A:00 X:02 Y:03 S:DB P:nVUbdIzc  $01:A0FA: D0 F1    BNE $A0ED
f1699   c50568347    i51218748    A:00 X:02 Y:03 S:DB P:nVUbdIzc  $01:A0ED: BD 15 40 LDA $4015,X @ $4017 = #$01
f1699   c50568351    i51218749    A:40 X:02 Y:03 S:DB P:nVUbdIzc  $01:A0F0: 4A       LSR
f1706   c50777578    i51285025    A:08 X:FF Y:08 S:DB P:nvUbdIzc  $06:8119: C6 F3    DEC $F3 = #$07
f1706   c50777583    i51285026    A:08 X:FF Y:08 S:DB P:nvUbdIzc  $06:811B: D0 AD    BNE $80CA
f1706   c50777587    i51285027    A:08 X:FF Y:08 S:DB P:nvUbdIzc  $06:80CA: AD 06 07 LDA $0706 = #$3C
f1706   c50777591    i51285028    A:3C X:FF Y:08 S:DB P:nvUbdIzc  $06:80CD: 4A       LSR
f1706   c50777593    i51285029    A:1E X:FF Y:08 S:DB P:nvUbdIzc  $06:80CE: 90 02    BCC $80D2
f1706   c50777596    i51285030    A:1E X:FF Y:08 S:DB P:nvUbdIzc  $06:80D2: 8D 06 07 STA $0706 = #$3C
f1706   c50777600    i51285031    A:1E X:FF Y:08 S:DB P:nvUbdIzc  $06:80D5: 90 35    BCC $810C
f1706   c50777604    i51285032    A:1E X:FF Y:08 S:DB P:nvUbdIzc  $06:810C: 18       CLC
f1706   c50777606    i51285033    A:1E X:FF Y:08 S:DB P:nvUbdIzc  $06:810D: A9 10    LDA #$10
f1706   c50777608    i51285034    A:10 X:FF Y:08 S:DB P:nvUbdIzc  $06:810F: 65 F0    ADC $F0 = #$47
f1706   c50777611    i51285035    A:57 X:FF Y:08 S:DB P:nvUbdIzc  $06:8111: 85 F0    STA $F0 = #$47
f1706   c50777614    i51285036    A:57 X:FF Y:08 S:DB P:nvUbdIzc  $06:8113: A9 04    LDA #$04
f1706   c50777616    i51285037    A:04 X:FF Y:08 S:DB P:nvUbdIzc  $06:8115: 65 F2    ADC $F2 = #$08
f1706   c50777619    i51285038    A:0C X:FF Y:08 S:DB P:nvUbdIzc  $06:8117: 85 F2    STA $F2 = #$08
f1706   c50777622    i51285039    A:0C X:FF Y:08 S:DB P:nvUbdIzc  $06:8119: C6 F3    DEC $F3 = #$06
f1706   c50777627    i51285040    A:0C X:FF Y:08 S:DB P:nvUbdIzc  $06:811B: D0 AD    BNE $80CA
f1706   c50777631    i51285041    A:0C X:FF Y:08 S:DB P:nvUbdIzc  $06:80CA: AD 06 07 LDA $0706 = #$1E
f1706   c50777635    i51285042    A:1E X:FF Y:08 S:DB P:nvUbdIzc  $06:80CD: 4A       LSR
f1706   c50777637    i51285043    A:0F X:FF Y:08 S:DB P:nvUbdIzc  $06:80CE: 90 02    BCC $80D2
f1706   c50777640    i51285044    A:0F X:FF Y:08 S:DB P:nvUbdIzc  $06:80D2: 8D 06 07 STA $0706 = #$1E
f1706   c50777644    i51285045    A:0F X:FF Y:08 S:DB P:nvUbdIzc  $06:80D5: 90 35    BCC $810C
f1706   c50777648    i51285046    A:0F X:FF Y:08 S:DB P:nvUbdIzc  $06:810C: 18       CLC
f1706   c50777650    i51285047    A:0F X:FF Y:08 S:DB P:nvUbdIzc  $06:810D: A9 10    LDA #$10
f1706   c50777652    i51285048    A:10 X:FF Y:08 S:DB P:nvUbdIzc  $06:810F: 65 F0    ADC $F0 = #$57
f1706   c50777655    i51285049    A:67 X:FF Y:08 S:DB P:nvUbdIzc  $06:8111: 85 F0    STA $F0 = #$57
f1706   c50777658    i51285050    A:67 X:FF Y:08 S:DB P:nvUbdIzc  $06:8113: A9 04    LDA #$04
f1706   c50777660    i51285051    A:04 X:FF Y:08 S:DB P:nvUbdIzc  $06:8115: 65 F2    ADC $F2 = #$0C
f1706   c50777663    i51285052    A:10 X:FF Y:08 S:DB P:nvUbdIzc  $06:8117: 85 F2    STA $F2 = #$0C
f1706   c50777666    i51285053    A:10 X:FF Y:08 S:DB P:nvUbdIzc  $06:8119: C6 F3    DEC $F3 = #$05
f1706   c50777671    i51285054    A:10 X:FF Y:08 S:DB P:nvUbdIzc  $06:811B: D0 AD    BNE $80CA
f1706   c50777675    i51285055    A:10 X:FF Y:08 S:DB P:nvUbdIzc  $06:80CA: AD 06 07 LDA $0706 = #$0F
f1706   c50777679    i51285056    A:0F X:FF Y:08 S:DB P:nvUbdIzc  $06:80CD: 4A       LSR
f1706   c50777681    i51285057    A:07 X:FF Y:08 S:DB P:nvUbdIzC  $06:80CE: 90 02    BCC $80D2
f1706   c50777683    i51285058    A:07 X:FF Y:08 S:DB P:nvUbdIzC  $06:80D0: 09 80    ORA #$80
f1706   c50777685    i51285059    A:87 X:FF Y:08 S:DB P:NvUbdIzC  $06:80D2: 8D 06 07 STA $0706 = #$0F
f1706   c50777689    i51285060    A:87 X:FF Y:08 S:DB P:NvUbdIzC  $06:80D5: 90 35    BCC $810C
f1706   c50777691    i51285061    A:87 X:FF Y:08 S:DB P:NvUbdIzC  $06:80D7: A6 F2    LDX $F2 = #$10
f1706   c50777694    i51285062    A:87 X:10 Y:08 S:DB P:nvUbdIzC  $06:80D9: DE 07 07 DEC $0707,X @ $0717 = #$06
f1706   c50777701    i51285063    A:87 X:10 Y:08 S:DB P:nvUbdIzC  $06:80DC: D0 03    BNE $80E1
f1706   c50777704    i51285064    A:87 X:10 Y:08 S:DB P:nvUbdIzC  $06:80E1: A6 F2    LDX $F2 = #$10
f1706   c50777707    i51285065    A:87 X:10 Y:08 S:DB P:nvUbdIzC  $06:80E3: DE 09 07 DEC $0709,X @ $0719 = #$F8
f1706   c50777714    i51285066    A:87 X:10 Y:08 S:DB P:NvUbdIzC  $06:80E6: D0 21    BNE $8109
f1707   c50809783    i51295295    A:0E X:0E Y:00 S:4A P:nvUbdizc  $00:9AA3: BD A2 9E LDA $9EA2,X @ $9EB0 = #$00
f1707   c50809787    i51295296    A:00 X:0E Y:00 S:4A P:nvUbdiZc  $00:9AA6: 85 E6    STA $E6 = #$30
f1707   c50809790    i51295297    A:00 X:0E Y:00 S:4A P:nvUbdiZc  $00:9AA8: B9 2A 06 LDA $062A,Y @ $062A = #$0F
f1707   c50809794    i51295298    A:0F X:0E Y:00 S:4A P:nvUbdizc  $00:9AAB: 29 0F    AND #$0F
f1707   c50809796    i51295299    A:0F X:0E Y:00 S:4A P:nvUbdizc  $00:9AAD: 05 E6    ORA $E6 = #$00
f1707   c50809799    i51295300    A:0F X:0E Y:00 S:4A P:nvUbdizc  $00:9AAF: A6 E7    LDX $E7 = #$03
f1707   c50809802    i51295301    A:0F X:03 Y:00 S:4A P:nvUbdizc  $00:9AB1: 9D E8 05 STA $05E8,X @ $05EB = #$0F
f1707   c50809807    i51295302    A:0F X:03 Y:00 S:4A P:nvUbdizc  $00:9AB4: E6 E7    INC $E7 = #$03
f1707   c50809812    i51295303    A:0F X:03 Y:00 S:4A P:nvUbdizc  $00:9AB6: C8       INY
f1707   c50809814    i51295304    A:0F X:03 Y:01 S:4A P:nvUbdizc  $00:9AB7: 60       RTS (from $9AA2)
f1707   c50809820    i51295305    A:0F X:03 Y:01 S:4C P:nvUbdizc  $00:9A89: C0 10    CPY #$10
f1707   c50809822    i51295306    A:0F X:03 Y:01 S:4C P:NvUbdizc  $00:9A8B: D0 F1    BNE $9A7E
f1707   c50809825    i51295307    A:0F X:03 Y:01 S:4C P:NvUbdizc  $00:9A7E: B9 2A 06 LDA $062A,Y @ $062B = #$0F
f1707   c50809829    i51295308    A:0F X:03 Y:01 S:4C P:nvUbdizc  $00:9A81: 29 30    AND #$30
f1707   c50809831    i51295309    A:00 X:03 Y:01 S:4C P:nvUbdiZc  $00:9A83: 18       CLC
f1707   c50809833    i51295310    A:00 X:03 Y:01 S:4C P:nvUbdiZc  $00:9A84: 65 4A    ADC $4A = #$0E
f1707   c50809836    i51295311    A:0E X:03 Y:01 S:4C P:nvUbdizc  $00:9A86: 20 A2 9A JSR $9AA2
f1707   c50809842    i51295312    A:0E X:03 Y:01 S:4A P:nvUbdizc  $00:9AA2: AA       TAX
f1707   c50809844    i51295313    A:0E X:0E Y:01 S:4A P:nvUbdizc  $00:9AA3: BD A2 9E LDA $9EA2,X @ $9EB0 = #$00
f1707   c50809848    i51295314    A:00 X:0E Y:01 S:4A P:nvUbdiZc  $00:9AA6: 85 E6    STA $E6 = #$00
f1707   c50809851    i51295315    A:00 X:0E Y:01 S:4A P:nvUbdiZc  $00:9AA8: B9 2A 06 LDA $062A,Y @ $062B = #$0F
f1707   c50809855    i51295316    A:0F X:0E Y:01 S:4A P:nvUbdizc  $00:9AAB: 29 0F    AND #$0F
f1707   c50809857    i51295317    A:0F X:0E Y:01 S:4A P:nvUbdizc  $00:9AAD: 05 E6    ORA $E6 = #$00
f1707   c50809860    i51295318    A:0F X:0E Y:01 S:4A P:nvUbdizc  $00:9AAF: A6 E7    LDX $E7 = #$04
f1707   c50809863    i51295319    A:0F X:04 Y:01 S:4A P:nvUbdizc  $00:9AB1: 9D E8 05 STA $05E8,X @ $05EC = #$0F
f1707   c50809868    i51295320    A:0F X:04 Y:01 S:4A P:nvUbdizc  $00:9AB4: E6 E7    INC $E7 = #$04
f1707   c50809873    i51295321    A:0F X:04 Y:01 S:4A P:nvUbdizc  $00:9AB6: C8       INY
f1707   c50809875    i51295322    A:0F X:04 Y:02 S:4A P:nvUbdizc  $00:9AB7: 60       RTS (from $9AA2)
f1707   c50809881    i51295323    A:0F X:04 Y:02 S:4C P:nvUbdizc  $00:9A89: C0 10    CPY #$10
f1707   c50809883    i51295324    A:0F X:04 Y:02 S:4C P:NvUbdizc  $00:9A8B: D0 F1    BNE $9A7E
f1707   c50809886    i51295325    A:0F X:04 Y:02 S:4C P:NvUbdizc  $00:9A7E: B9 2A 06 LDA $062A,Y @ $062C = #$0F
f1707   c50809890    i51295326    A:0F X:04 Y:02 S:4C P:nvUbdizc  $00:9A81: 29 30    AND #$30
f1707   c50809892    i51295327    A:00 X:04 Y:02 S:4C P:nvUbdiZc  $00:9A83: 18       CLC
f1707   c50809894    i51295328    A:00 X:04 Y:02 S:4C P:nvUbdiZc  $00:9A84: 65 4A    ADC $4A = #$0E
f1707   c50809897    i51295329    A:0E X:04 Y:02 S:4C P:nvUbdizc  $00:9A86: 20 A2 9A JSR $9AA2
f1707   c50809903    i51295330    A:0E X:04 Y:02 S:4A P:nvUbdizc  $00:9AA2: AA       TAX
f1707   c50809905    i51295331    A:0E X:0E Y:02 S:4A P:nvUbdizc  $00:9AA3: BD A2 9E LDA $9EA2,X @ $9EB0 = #$00
f1707   c50809909    i51295332    A:00 X:0E Y:02 S:4A P:nvUbdiZc  $00:9AA6: 85 E6    STA $E6 = #$00
f1707   c50809912    i51295333    A:00 X:0E Y:02 S:4A P:nvUbdiZc  $00:9AA8: B9 2A 06 LDA $062A,Y @ $062C = #$0F
f1707   c50809916    i51295334    A:0F X:0E Y:02 S:4A P:nvUbdizc  $00:9AAB: 29 0F    AND #$0F
f1707   c50809918    i51295335    A:0F X:0E Y:02 S:4A P:nvUbdizc  $00:9AAD: 05 E6    ORA $E6 = #$00
f1709   c50869975    i51314326    A:0C X:0C Y:01 S:4A P:nvUbdizc  $00:9AA3: BD A2 9E LDA $9EA2,X @ $9EAE = #$00
f1709   c50869979    i51314327    A:00 X:0C Y:01 S:4A P:nvUbdiZc  $00:9AA6: 85 E6    STA $E6 = #$00
f1709   c50869982    i51314328    A:00 X:0C Y:01 S:4A P:nvUbdiZc  $00:9AA8: B9 2A 06 LDA $062A,Y @ $062B = #$0F
f1709   c50869986    i51314329    A:0F X:0C Y:01 S:4A P:nvUbdizc  $00:9AAB: 29 0F    AND #$0F
f1709   c50869988    i51314330    A:0F X:0C Y:01 S:4A P:nvUbdizc  $00:9AAD: 05 E6    ORA $E6 = #$00
f1709   c50869991    i51314331    A:0F X:0C Y:01 S:4A P:nvUbdizc  $00:9AAF: A6 E7    LDX $E7 = #$04
f1709   c50869994    i51314332    A:0F X:04 Y:01 S:4A P:nvUbdizc  $00:9AB1: 9D E8 05 STA $05E8,X @ $05EC = #$0F
f1709   c50869999    i51314333    A:0F X:04 Y:01 S:4A P:nvUbdizc  $00:9AB4: E6 E7    INC $E7 = #$04
f1709   c50870004    i51314334    A:0F X:04 Y:01 S:4A P:nvUbdizc  $00:9AB6: C8       INY
f1709   c50870006    i51314335    A:0F X:04 Y:02 S:4A P:nvUbdizc  $00:9AB7: 60       RTS (from $9AA2)
f1709   c50870012    i51314336    A:0F X:04 Y:02 S:4C P:nvUbdizc  $00:9A89: C0 10    CPY #$10
f1709   c50870014    i51314337    A:0F X:04 Y:02 S:4C P:NvUbdizc  $00:9A8B: D0 F1    BNE $9A7E
f1709   c50870017    i51314338    A:0F X:04 Y:02 S:4C P:NvUbdizc  $00:9A7E: B9 2A 06 LDA $062A,Y @ $062C = #$0F
f1709   c50870021    i51314339    A:0F X:04 Y:02 S:4C P:nvUbdizc  $00:9A81: 29 30    AND #$30
f1709   c50870023    i51314340    A:00 X:04 Y:02 S:4C P:nvUbdiZc  $00:9A83: 18       CLC
f1709   c50870025    i51314341    A:00 X:04 Y:02 S:4C P:nvUbdiZc  $00:9A84: 65 4A    ADC $4A = #$0C
f1709   c50870028    i51314342    A:0C X:04 Y:02 S:4C P:nvUbdizc  $00:9A86: 20 A2 9A JSR $9AA2
f1709   c50870034    i51314343    A:0C X:04 Y:02 S:4A P:nvUbdizc  $00:9AA2: AA       TAX
f1709   c50870036    i51314344    A:0C X:0C Y:02 S:4A P:nvUbdizc  $00:9AA3: BD A2 9E LDA $9EA2,X @ $9EAE = #$00
f1709   c50870040    i51314345    A:00 X:0C Y:02 S:4A P:nvUbdiZc  $00:9AA6: 85 E6    STA $E6 = #$00
f1709   c50870043    i51314346    A:00 X:0C Y:02 S:4A P:nvUbdiZc  $00:9AA8: B9 2A 06 LDA $062A,Y @ $062C = #$0F
f1709   c50870047    i51314347    A:0F X:0C Y:02 S:4A P:nvUbdizc  $00:9AAB: 29 0F    AND #$0F
f1709   c50870049    i51314348    A:0F X:0C Y:02 S:4A P:nvUbdizc  $00:9AAD: 05 E6    ORA $E6 = #$00
f1709   c50870052    i51314349    A:0F X:0C Y:02 S:4A P:nvUbdizc  $00:9AAF: A6 E7    LDX $E7 = #$05
f1709   c50870055    i51314350    A:0F X:05 Y:02 S:4A P:nvUbdizc  $00:9AB1: 9D E8 05 STA $05E8,X @ $05ED = #$0F
f1709   c50870060    i51314351    A:0F X:05 Y:02 S:4A P:nvUbdizc  $00:9AB4: E6 E7    INC $E7 = #$05
f1709   c50870065    i51314352    A:0F X:05 Y:02 S:4A P:nvUbdizc  $00:9AB6: C8       INY
f1709   c50870067    i51314353    A:0F X:05 Y:03 S:4A P:nvUbdizc  $00:9AB7: 60       RTS (from $9AA2)
f1709   c50870073    i51314354    A:0F X:05 Y:03 S:4C P:nvUbdizc  $00:9A89: C0 10    CPY #$10
f1709   c50870075    i51314355    A:0F X:05 Y:03 S:4C P:NvUbdizc  $00:9A8B: D0 F1    BNE $9A7E
f1709   c50870078    i51314356    A:0F X:05 Y:03 S:4C P:NvUbdizc  $00:9A7E: B9 2A 06 LDA $062A,Y @ $062D = #$0F
f1709   c50870082    i51314357    A:0F X:05 Y:03 S:4C P:nvUbdizc  $00:9A81: 29 30    AND #$30
f1709   c50870084    i51314358    A:00 X:05 Y:03 S:4C P:nvUbdiZc  $00:9A83: 18       CLC
f1709   c50870086    i51314359    A:00 X:05 Y:03 S:4C P:nvUbdiZc  $00:9A84: 65 4A    ADC $4A = #$0C
f1709   c50870089    i51314360    A:0C X:05 Y:03 S:4C P:nvUbdizc  $00:9A86: 20 A2 9A JSR $9AA2
f1709   c50870095    i51314361    A:0C X:05 Y:03 S:4A P:nvUbdizc  $00:9AA2: AA       TAX
f1709   c50870097    i51314362    A:0C X:0C Y:03 S:4A P:nvUbdizc  $00:9AA3: BD A2 9E LDA $9EA2,X @ $9EAE = #$00
f1709   c50870101    i51314363    A:00 X:0C Y:03 S:4A P:nvUbdiZc  $00:9AA6: 85 E6    STA $E6 = #$00
f1709   c50870104    i51314364    A:00 X:0C Y:03 S:4A P:nvUbdiZc  $00:9AA8: B9 2A 06 LDA $062A,Y @ $062D = #$0F
f1709   c50870108    i51314365    A:0F X:0C Y:03 S:4A P:nvUbdizc  $00:9AAB: 29 0F    AND #$0F
f1709   c50870110    i51314366    A:0F X:0C Y:03 S:4A P:nvUbdizc  $00:9AAD: 05 E6    ORA $E6 = #$00
f1710   c50899760    i51323739    A:00 X:0B Y:02 S:4A P:nvUbdiZc  $00:9AA8: B9 2A 06 LDA $062A,Y @ $062C = #$0F
f1710   c50899764    i51323740    A:0F X:0B Y:02 S:4A P:nvUbdizc  $00:9AAB: 29 0F    AND #$0F
f1710   c50899766    i51323741    A:0F X:0B Y:02 S:4A P:nvUbdizc  $00:9AAD: 05 E6    ORA $E6 = #$00
f1710   c50899769    i51323742    A:0F X:0B Y:02 S:4A P:nvUbdizc  $00:9AAF: A6 E7    LDX $E7 = #$05
f1710   c50899772    i51323743    A:0F X:05 Y:02 S:4A P:nvUbdizc  $00:9AB1: 9D E8 05 STA $05E8,X @ $05ED = #$0F
f1710   c50899777    i51323744    A:0F X:05 Y:02 S:4A P:nvUbdizc  $00:9AB4: E6 E7    INC $E7 = #$05
f1710   c50899782    i51323745    A:0F X:05 Y:02 S:4A P:nvUbdizc  $00:9AB6: C8       INY
f1710   c50899784    i51323746    A:0F X:05 Y:03 S:4A P:nvUbdizc  $00:9AB7: 60       RTS (from $9AA2)
f1710   c50899790    i51323747    A:0F X:05 Y:03 S:4C P:nvUbdizc  $00:9A89: C0 10    CPY #$10
f1710   c50899792    i51323748    A:0F X:05 Y:03 S:4C P:NvUbdizc  $00:9A8B: D0 F1    BNE $9A7E
f1710   c50899795    i51323749    A:0F X:05 Y:03 S:4C P:NvUbdizc  $00:9A7E: B9 2A 06 LDA $062A,Y @ $062D = #$0F
f1710   c50899799    i51323750    A:0F X:05 Y:03 S:4C P:nvUbdizc  $00:9A81: 29 30    AND #$30
f1710   c50899801    i51323751    A:00 X:05 Y:03 S:4C P:nvUbdiZc  $00:9A83: 18       CLC
f1710   c50899803    i51323752    A:00 X:05 Y:03 S:4C P:nvUbdiZc  $00:9A84: 65 4A    ADC $4A = #$0B
f1710   c50899806    i51323753    A:0B X:05 Y:03 S:4C P:nvUbdizc  $00:9A86: 20 A2 9A JSR $9AA2
f1710   c50899812    i51323754    A:0B X:05 Y:03 S:4A P:nvUbdizc  $00:9AA2: AA       TAX
f1710   c50899814    i51323755    A:0B X:0B Y:03 S:4A P:nvUbdizc  $00:9AA3: BD A2 9E LDA $9EA2,X @ $9EAD = #$00
f1710   c50899818    i51323756    A:00 X:0B Y:03 S:4A P:nvUbdiZc  $00:9AA6: 85 E6    STA $E6 = #$00
f1710   c50899821    i51323757    A:00 X:0B Y:03 S:4A P:nvUbdiZc  $00:9AA8: B9 2A 06 LDA $062A,Y @ $062D = #$0F
f1710   c50899825    i51323758    A:0F X:0B Y:03 S:4A P:nvUbdizc  $00:9AAB: 29 0F    AND #$0F
f1710   c50899827    i51323759    A:0F X:0B Y:03 S:4A P:nvUbdizc  $00:9AAD: 05 E6    ORA $E6 = #$00
f1710   c50899830    i51323760    A:0F X:0B Y:03 S:4A P:nvUbdizc  $00:9AAF: A6 E7    LDX $E7 = #$06
f1710   c50899833    i51323761    A:0F X:06 Y:03 S:4A P:nvUbdizc  $00:9AB1: 9D E8 05 STA $05E8,X @ $05EE = #$0F
f1710   c50899838    i51323762    A:0F X:06 Y:03 S:4A P:nvUbdizc  $00:9AB4: E6 E7    INC $E7 = #$06
f1710   c50899843    i51323763    A:0F X:06 Y:03 S:4A P:nvUbdizc  $00:9AB6: C8       INY
f1710   c50899845    i51323764    A:0F X:06 Y:04 S:4A P:nvUbdizc  $00:9AB7: 60       RTS (from $9AA2)
f1710   c50899851    i51323765    A:0F X:06 Y:04 S:4C P:nvUbdizc  $00:9A89: C0 10    CPY #$10
f1710   c50899853    i51323766    A:0F X:06 Y:04 S:4C P:NvUbdizc  $00:9A8B: D0 F1    BNE $9A7E
f1710   c50899856    i51323767    A:0F X:06 Y:04 S:4C P:NvUbdizc  $00:9A7E: B9 2A 06 LDA $062A,Y @ $062E = #$0F
f1710   c50899860    i51323768    A:0F X:06 Y:04 S:4C P:nvUbdizc  $00:9A81: 29 30    AND #$30
f1710   c50899862    i51323769    A:00 X:06 Y:04 S:4C P:nvUbdiZc  $00:9A83: 18       CLC
f1710   c50899864    i51323770    A:00 X:06 Y:04 S:4C P:nvUbdiZc  $00:9A84: 65 4A    ADC $4A = #$0B
f1710   c50899867    i51323771    A:0B X:06 Y:04 S:4C P:nvUbdizc  $00:9A86: 20 A2 9A JSR $9AA2
f1710   c50899873    i51323772    A:0B X:06 Y:04 S:4A P:nvUbdizc  $00:9AA2: AA       TAX
f1710   c50899875    i51323773    A:0B X:0B Y:04 S:4A P:nvUbdizc  $00:9AA3: BD A2 9E LDA $9EA2,X @ $9EAD = #$00
f1710   c50899879    i51323774    A:00 X:0B Y:04 S:4A P:nvUbdiZc  $00:9AA6: 85 E6    STA $E6 = #$00
f1710   c50899882    i51323775    A:00 X:0B Y:04 S:4A P:nvUbdiZc  $00:9AA8: B9 2A 06 LDA $062A,Y @ $062E = #$0F
f1710   c50899886    i51323776    A:0F X:0B Y:04 S:4A P:nvUbdizc  $00:9AAB: 29 0F    AND #$0F
f1710   c50899888    i51323777    A:0F X:0B Y:04 S:4A P:nvUbdizc  $00:9AAD: 05 E6    ORA $E6 = #$00
f1710   c50899891    i51323778    A:0F X:0B Y:04 S:4A P:nvUbdizc  $00:9AAF: A6 E7    LDX $E7 = #$07
f1710   c50899894    i51323779    A:0F X:07 Y:04 S:4A P:nvUbdizc  $00:9AB1: 9D E8 05 STA $05E8,X @ $05EF = #$0F
f1711   c50930916    i51333569    A:0A X:0A Y:04 S:4A P:nvUbdizc  $00:9AA3: BD A2 9E LDA $9EA2,X @ $9EAC = #$00
f1711   c50930920    i51333570    A:00 X:0A Y:04 S:4A P:nvUbdiZc  $00:9AA6: 85 E6    STA $E6 = #$00
f1711   c50930923    i51333571    A:00 X:0A Y:04 S:4A P:nvUbdiZc  $00:9AA8: B9 2A 06 LDA $062A,Y @ $062E = #$0F
f1711   c50930927    i51333572    A:0F X:0A Y:04 S:4A P:nvUbdizc  $00:9AAB: 29 0F    AND #$0F
f1711   c50930929    i51333573    A:0F X:0A Y:04 S:4A P:nvUbdizc  $00:9AAD: 05 E6    ORA $E6 = #$00
f1711   c50930932    i51333574    A:0F X:0A Y:04 S:4A P:nvUbdizc  $00:9AAF: A6 E7    LDX $E7 = #$07
f1711   c50930935    i51333575    A:0F X:07 Y:04 S:4A P:nvUbdizc  $00:9AB1: 9D E8 05 STA $05E8,X @ $05EF = #$0F
f1711   c50930940    i51333576    A:0F X:07 Y:04 S:4A P:nvUbdizc  $00:9AB4: E6 E7    INC $E7 = #$07
f1711   c50930945    i51333577    A:0F X:07 Y:04 S:4A P:nvUbdizc  $00:9AB6: C8       INY
f1711   c50930947    i51333578    A:0F X:07 Y:05 S:4A P:nvUbdizc  $00:9AB7: 60       RTS (from $9AA2)
f1711   c50930953    i51333579    A:0F X:07 Y:05 S:4C P:nvUbdizc  $00:9A89: C0 10    CPY #$10
f1711   c50930955    i51333580    A:0F X:07 Y:05 S:4C P:NvUbdizc  $00:9A8B: D0 F1    BNE $9A7E
f1711   c50930958    i51333581    A:0F X:07 Y:05 S:4C P:NvUbdizc  $00:9A7E: B9 2A 06 LDA $062A,Y @ $062F = #$0F
f1711   c50930962    i51333582    A:0F X:07 Y:05 S:4C P:nvUbdizc  $00:9A81: 29 30    AND #$30
f1711   c50930964    i51333583    A:00 X:07 Y:05 S:4C P:nvUbdiZc  $00:9A83: 18       CLC
f1711   c50930966    i51333584    A:00 X:07 Y:05 S:4C P:nvUbdiZc  $00:9A84: 65 4A    ADC $4A = #$0A
f1711   c50930969    i51333585    A:0A X:07 Y:05 S:4C P:nvUbdizc  $00:9A86: 20 A2 9A JSR $9AA2
f1711   c50930975    i51333586    A:0A X:07 Y:05 S:4A P:nvUbdizc  $00:9AA2: AA       TAX
f1711   c50930977    i51333587    A:0A X:0A Y:05 S:4A P:nvUbdizc  $00:9AA3: BD A2 9E LDA $9EA2,X @ $9EAC = #$00
f1711   c50930981    i51333588    A:00 X:0A Y:05 S:4A P:nvUbdiZc  $00:9AA6: 85 E6    STA $E6 = #$00
f1711   c50930984    i51333589    A:00 X:0A Y:05 S:4A P:nvUbdiZc  $00:9AA8: B9 2A 06 LDA $062A,Y @ $062F = #$0F
f1711   c50930988    i51333590    A:0F X:0A Y:05 S:4A P:nvUbdizc  $00:9AAB: 29 0F    AND #$0F
f1711   c50930990    i51333591    A:0F X:0A Y:05 S:4A P:nvUbdizc  $00:9AAD: 05 E6    ORA $E6 = #$00
f1711   c50930993    i51333592    A:0F X:0A Y:05 S:4A P:nvUbdizc  $00:9AAF: A6 E7    LDX $E7 = #$08
f1711   c50930996    i51333593    A:0F X:08 Y:05 S:4A P:nvUbdizc  $00:9AB1: 9D E8 05 STA $05E8,X @ $05F0 = #$0F
f1711   c50931001    i51333594    A:0F X:08 Y:05 S:4A P:nvUbdizc  $00:9AB4: E6 E7    INC $E7 = #$08
f1711   c50931006    i51333595    A:0F X:08 Y:05 S:4A P:nvUbdizc  $00:9AB6: C8       INY
f1711   c50931008    i51333596    A:0F X:08 Y:06 S:4A P:nvUbdizc  $00:9AB7: 60       RTS (from $9AA2)
f1711   c50931014    i51333597    A:0F X:08 Y:06 S:4C P:nvUbdizc  $00:9A89: C0 10    CPY #$10
f1711   c50931016    i51333598    A:0F X:08 Y:06 S:4C P:NvUbdizc  $00:9A8B: D0 F1    BNE $9A7E
f1711   c50931019    i51333599    A:0F X:08 Y:06 S:4C P:NvUbdizc  $00:9A7E: B9 2A 06 LDA $062A,Y @ $0630 = #$0F
f1711   c50931023    i51333600    A:0F X:08 Y:06 S:4C P:nvUbdizc  $00:9A81: 29 30    AND #$30
f1711   c50931025    i51333601    A:00 X:08 Y:06 S:4C P:nvUbdiZc  $00:9A83: 18       CLC
f1711   c50931027    i51333602    A:00 X:08 Y:06 S:4C P:nvUbdiZc  $00:9A84: 65 4A    ADC $4A = #$0A
f1711   c50931030    i51333603    A:0A X:08 Y:06 S:4C P:nvUbdizc  $00:9A86: 20 A2 9A JSR $9AA2
f1711   c50931036    i51333604    A:0A X:08 Y:06 S:4A P:nvUbdizc  $00:9AA2: AA       TAX
f1711   c50931038    i51333605    A:0A X:0A Y:06 S:4A P:nvUbdizc  $00:9AA3: BD A2 9E LDA $9EA2,X @ $9EAC = #$00
f1711   c50931042    i51333606    A:00 X:0A Y:06 S:4A P:nvUbdiZc  $00:9AA6: 85 E6    STA $E6 = #$00
f1711   c50931045    i51333607    A:00 X:0A Y:06 S:4A P:nvUbdiZc  $00:9AA8: B9 2A 06 LDA $062A,Y @ $0630 = #$0F
f1711   c50931049    i51333608    A:0F X:0A Y:06 S:4A P:nvUbdizc  $00:9AAB: 29 0F    AND #$0F
f1711   c50931051    i51333609    A:0F X:0A Y:06 S:4A P:nvUbdizc  $00:9AAD: 05 E6    ORA $E6 = #$00
f1714   c51015795    i51360117    A:00 X:01 Y:06 S:DB P:nvUbdIzc  $01:A0ED: BD 15 40 LDA $4015,X @ $4016 = #$00
f1714   c51015799    i51360118    A:40 X:01 Y:06 S:DB P:nvUbdIzc  $01:A0F0: 4A       LSR
f1714   c51015801    i51360119    A:20 X:01 Y:06 S:DB P:nvUbdIzc  $01:A0F1: 26 3F    ROL $3F = #$00
f1714   c51015806    i51360120    A:20 X:01 Y:06 S:DB P:nvUbdIZc  $01:A0F3: 29 01    AND #$01
f1714   c51015808    i51360121    A:00 X:01 Y:06 S:DB P:nvUbdIZc  $01:A0F5: 05 3F    ORA $3F = #$00
f1714   c51015811    i51360122    A:00 X:01 Y:06 S:DB P:nvUbdIZc  $01:A0F7: 85 3F    STA $3F = #$00
f1714   c51015814    i51360123    A:00 X:01 Y:06 S:DB P:nvUbdIZc  $01:A0F9: 88       DEY
f1714   c51015816    i51360124    A:00 X:01 Y:05 S:DB P:nvUbdIzc  $01:A0FA: D0 F1    BNE $A0ED
f1714   c51015819    i51360125    A:00 X:01 Y:05 S:DB P:nvUbdIzc  $01:A0ED: BD 15 40 LDA $4015,X @ $4016 = #$00
f1714   c51015823    i51360126    A:40 X:01 Y:05 S:DB P:nvUbdIzc  $01:A0F0: 4A       LSR
f1714   c51015825    i51360127    A:20 X:01 Y:05 S:DB P:nvUbdIzc  $01:A0F1: 26 3F    ROL $3F = #$00
f1714   c51015830    i51360128    A:20 X:01 Y:05 S:DB P:nvUbdIZc  $01:A0F3: 29 01    AND #$01
f1714   c51015832    i51360129    A:00 X:01 Y:05 S:DB P:nvUbdIZc  $01:A0F5: 05 3F    ORA $3F = #$00
f1714   c51015835    i51360130    A:00 X:01 Y:05 S:DB P:nvUbdIZc  $01:A0F7: 85 3F    STA $3F = #$00
f1714   c51015838    i51360131    A:00 X:01 Y:05 S:DB P:nvUbdIZc  $01:A0F9: 88       DEY
f1714   c51015840    i51360132    A:00 X:01 Y:04 S:DB P:nvUbdIzc  $01:A0FA: D0 F1    BNE $A0ED
f1714   c51015843    i51360133    A:00 X:01 Y:04 S:DB P:nvUbdIzc  $01:A0ED: BD 15 40 LDA $4015,X @ $4016 = #$00
f1714   c51015847    i51360134    A:40 X:01 Y:04 S:DB P:nvUbdIzc  $01:A0F0: 4A       LSR
f1714   c51015849    i51360135    A:20 X:01 Y:04 S:DB P:nvUbdIzc  $01:A0F1: 26 3F    ROL $3F = #$00
f1714   c51015854    i51360136    A:20 X:01 Y:04 S:DB P:nvUbdIZc  $01:A0F3: 29 01    AND #$01
f1714   c51015856    i51360137    A:00 X:01 Y:04 S:DB P:nvUbdIZc  $01:A0F5: 05 3F    ORA $3F = #$00
f1714   c51015859    i51360138    A:00 X:01 Y:04 S:DB P:nvUbdIZc  $01:A0F7: 85 3F    STA $3F = #$00
f1714   c51015862    i51360139    A:00 X:01 Y:04 S:DB P:nvUbdIZc  $01:A0F9: 88       DEY
f1714   c51015864    i51360140    A:00 X:01 Y:03 S:DB P:nvUbdIzc  $01:A0FA: D0 F1    BNE $A0ED
f1714   c51015867    i51360141    A:00 X:01 Y:03 S:DB P:nvUbdIzc  $01:A0ED: BD 15 40 LDA $4015,X @ $4016 = #$00
f1714   c51015871    i51360142    A:40 X:01 Y:03 S:DB P:nvUbdIzc  $01:A0F0: 4A       LSR
f1714   c51015873    i51360143    A:20 X:01 Y:03 S:DB P:nvUbdIzc  $01:A0F1: 26 3F    ROL $3F = #$00
f1714   c51015878    i51360144    A:20 X:01 Y:03 S:DB P:nvUbdIZc  $01:A0F3: 29 01    AND #$01
f1714   c51015880    i51360145    A:00 X:01 Y:03 S:DB P:nvUbdIZc  $01:A0F5: 05 3F    ORA $3F = #$00
f1714   c51015883    i51360146    A:00 X:01 Y:03 S:DB P:nvUbdIZc  $01:A0F7: 85 3F    STA $3F = #$00
f1714   c51015886    i51360147    A:00 X:01 Y:03 S:DB P:nvUbdIZc  $01:A0F9: 88       DEY
f1714   c51015888    i51360148    A:00 X:01 Y:02 S:DB P:nvUbdIzc  $01:A0FA: D0 F1    BNE $A0ED
f1714   c51015891    i51360149    A:00 X:01 Y:02 S:DB P:nvUbdIzc  $01:A0ED: BD 15 40 LDA $4015,X @ $4016 = #$00
f1714   c51015895    i51360150    A:40 X:01 Y:02 S:DB P:nvUbdIzc  $01:A0F0: 4A       LSR
f1714   c51015897    i51360151    A:20 X:01 Y:02 S:DB P:nvUbdIzc  $01:A0F1: 26 3F    ROL $3F = #$00
f1714   c51015902    i51360152    A:20 X:01 Y:02 S:DB P:nvUbdIZc  $01:A0F3: 29 01    AND #$01
f1714   c51015904    i51360153    A:00 X:01 Y:02 S:DB P:nvUbdIZc  $01:A0F5: 05 3F    ORA $3F = #$00
f1714   c51015907    i51360154    A:00 X:01 Y:02 S:DB P:nvUbdIZc  $01:A0F7: 85 3F    STA $3F = #$00
f1714   c51015910    i51360155    A:00 X:01 Y:02 S:DB P:nvUbdIZc  $01:A0F9: 88       DEY
f1714   c51015912    i51360156    A:00 X:01 Y:01 S:DB P:nvUbdIzc  $01:A0FA: D0 F1    BNE $A0ED
f1714   c51015915    i51360157    A:00 X:01 Y:01 S:DB P:nvUbdIzc  $01:A0ED: BD 15 40 LDA $4015,X @ $4016 = #$00
f1714   c51015919    i51360158    A:40 X:01 Y:01 S:DB P:nvUbdIzc  $01:A0F0: 4A       LSR
f1714   c51016832    i51360454    A:43 X:14 Y:06 S:D9 P:nvUbdIzC  $06:8243: 91 F0    STA ($F0),Y @ $077D = #$44
f1714   c51016838    i51360455    A:43 X:14 Y:06 S:D9 P:nvUbdIzC  $06:8245: A6 F3    LDX $F3 = #$03
f1714   c51016841    i51360456    A:43 X:03 Y:06 S:D9 P:nvUbdIzC  $06:8247: CA       DEX
f1714   c51016843    i51360457    A:43 X:02 Y:06 S:D9 P:nvUbdIzC  $06:8248: BD AF 07 LDA $07AF,X @ $07B1 = #$01
f1714   c51016847    i51360458    A:01 X:02 Y:06 S:D9 P:nvUbdIzC  $06:824B: C9 01    CMP #$01
f1714   c51016849    i51360459    A:01 X:02 Y:06 S:D9 P:nvUbdIZC  $06:824D: F0 08    BEQ $8257
f1714   c51016852    i51360460    A:01 X:02 Y:06 S:D9 P:nvUbdIZC  $06:8257: BD C7 07 LDA $07C7,X @ $07C9 = #$07
f1714   c51016856    i51360461    A:07 X:02 Y:06 S:D9 P:nvUbdIzC  $06:825A: 0A       ASL
f1714   c51016858    i51360462    A:0E X:02 Y:06 S:D9 P:nvUbdIzc  $06:825B: A8       TAY
f1714   c51016860    i51360463    A:0E X:02 Y:0E S:D9 P:nvUbdIzc  $06:825C: B9 69 82 LDA $8269,Y @ $8277 = #$7D
f1714   c51016864    i51360464    A:7D X:02 Y:0E S:D9 P:nvUbdIzc  $06:825F: 85 F9    STA $F9 = #$97
f1714   c51016867    i51360465    A:7D X:02 Y:0E S:D9 P:nvUbdIzc  $06:8261: B9 6A 82 LDA $826A,Y @ $8278 = #$82
f1714   c51016871    i51360466    A:82 X:02 Y:0E S:D9 P:NvUbdIzc  $06:8264: 85 FA    STA $FA = #$82
f1714   c51016874    i51360467    A:82 X:02 Y:0E S:D9 P:NvUbdIzc  $06:8266: 6C F9 00 JMP ($00F9) = $827D
f1714   c51016879    i51360468    A:82 X:02 Y:0E S:D9 P:NvUbdIzc  $06:827D: A9 01    LDA #$01
f1714   c51016881    i51360469    A:01 X:02 Y:0E S:D9 P:nvUbdIzc  $06:827F: 18       CLC
f1714   c51016883    i51360470    A:01 X:02 Y:0E S:D9 P:nvUbdIzc  $06:8280: 7D B7 07 ADC $07B7,X @ $07B9 = #$67
f1714   c51016887    i51360471    A:68 X:02 Y:0E S:D9 P:nvUbdIzc  $06:8283: A0 07    LDY #$07
f1714   c51016889    i51360472    A:68 X:02 Y:07 S:D9 P:nvUbdIzc  $06:8285: 91 F0    STA ($F0),Y @ $077E = #$67
f1714   c51016895    i51360473    A:68 X:02 Y:07 S:D9 P:nvUbdIzc  $06:8287: BD BF 07 LDA $07BF,X @ $07C1 = #$81
f1714   c51016899    i51360474    A:81 X:02 Y:07 S:D9 P:NvUbdIzc  $06:828A: 69 00    ADC #$00
f1714   c51016901    i51360475    A:81 X:02 Y:07 S:D9 P:NvUbdIzc  $06:828C: C8       INY
f1714   c51016903    i51360476    A:81 X:02 Y:08 S:D9 P:nvUbdIzc  $06:828D: 91 F0    STA ($F0),Y @ $077F = #$81
f1714   c51016909    i51360477    A:81 X:02 Y:08 S:D9 P:nvUbdIzc  $06:828F: 4C A4 82 JMP $82A4
f1714   c51016912    i51360478    A:81 X:02 Y:08 S:D9 P:nvUbdIzc  $06:82A4: BD C7 07 LDA $07C7,X @ $07C9 = #$07
f1714   c51016916    i51360479    A:07 X:02 Y:08 S:D9 P:nvUbdIzc  $06:82A7: 18       CLC
f1714   c51016918    i51360480    A:07 X:02 Y:08 S:D9 P:nvUbdIzc  $06:82A8: 69 01    ADC #$01
f1714   c51016920    i51360481    A:08 X:02 Y:08 S:D9 P:nvUbdIzc  $06:82AA: C9 0A    CMP #$0A
f1714   c51016922    i51360482    A:08 X:02 Y:08 S:D9 P:NvUbdIzc  $06:82AC: D0 02    BNE $82B0
f1714   c51016925    i51360483    A:08 X:02 Y:08 S:D9 P:NvUbdIzc  $06:82B0: 9D C7 07 STA $07C7,X @ $07C9 = #$07
f1714   c51016930    i51360484    A:08 X:02 Y:08 S:D9 P:NvUbdIzc  $06:82B3: 60       RTS (from $81DB)
f1714   c51016936    i51360485    A:08 X:02 Y:08 S:DB P:NvUbdIzc  $06:810C: 18       CLC
f1714   c51016938    i51360486    A:08 X:02 Y:08 S:DB P:NvUbdIzc  $06:810D: A9 10    LDA #$10
f1714   c51016940    i51360487    A:10 X:02 Y:08 S:DB P:nvUbdIzc  $06:810F: 65 F0    ADC $F0 = #$77
f1714   c51016943    i51360488    A:87 X:02 Y:08 S:DB P:NVUbdIzc  $06:8111: 85 F0    STA $F0 = #$77
f1714   c51016946    i51360489    A:87 X:02 Y:08 S:DB P:NVUbdIzc  $06:8113: A9 04    LDA #$04
f1714   c51016948    i51360490    A:04 X:02 Y:08 S:DB P:nVUbdIzc  $06:8115: 65 F2    ADC $F2 = #$14
f1714   c51016951    i51360491    A:18 X:02 Y:08 S:DB P:nvUbdIzc  $06:8117: 85 F2    STA $F2 = #$14
f1714   c51016954    i51360492    A:18 X:02 Y:08 S:DB P:nvUbdIzc  $06:8119: C6 F3    DEC $F3 = #$03
f1714   c51016959    i51360493    A:18 X:02 Y:08 S:DB P:nvUbdIzc  $06:811B: D0 AD    BNE $80CA
f1714   c51016963    i51360494    A:18 X:02 Y:08 S:DB P:nvUbdIzc  $06:80CA: AD 06 07 LDA $0706 = #$C3
f1716   c51078579    i51379972    A:00 X:05 Y:03 S:4A P:nvUbdiZc  $00:9AA8: B9 2A 06 LDA $062A,Y @ $062D = #$0F
f1716   c51078583    i51379973    A:0F X:05 Y:03 S:4A P:nvUbdizc  $00:9AAB: 29 0F    AND #$0F
f1716   c51078585    i51379974    A:0F X:05 Y:03 S:4A P:nvUbdizc  $00:9AAD: 05 E6    ORA $E6 = #$00
f1716   c51078588    i51379975    A:0F X:05 Y:03 S:4A P:nvUbdizc  $00:9AAF: A6 E7    LDX $E7 = #$06
f1716   c51078591    i51379976    A:0F X:06 Y:03 S:4A P:nvUbdizc  $00:9AB1: 9D E8 05 STA $05E8,X @ $05EE = #$0F
f1716   c51078596    i51379977    A:0F X:06 Y:03 S:4A P:nvUbdizc  $00:9AB4: E6 E7    INC $E7 = #$06
f1716   c51078601    i51379978    A:0F X:06 Y:03 S:4A P:nvUbdizc  $00:9AB6: C8       INY
f1716   c51078603    i51379979    A:0F X:06 Y:04 S:4A P:nvUbdizc  $00:9AB7: 60       RTS (from $9AA2)
f1716   c51078609    i51379980    A:0F X:06 Y:04 S:4C P:nvUbdizc  $00:9A89: C0 10    CPY #$10
f1716   c51078611    i51379981    A:0F X:06 Y:04 S:4C P:NvUbdizc  $00:9A8B: D0 F1    BNE $9A7E
f1716   c51078614    i51379982    A:0F X:06 Y:04 S:4C P:NvUbdizc  $00:9A7E: B9 2A 06 LDA $062A,Y @ $062E = #$0F
f1716   c51078618    i51379983    A:0F X:06 Y:04 S:4C P:nvUbdizc  $00:9A81: 29 30    AND #$30
f1716   c51078620    i51379984    A:00 X:06 Y:04 S:4C P:nvUbdiZc  $00:9A83: 18       CLC
f1716   c51078622    i51379985    A:00 X:06 Y:04 S:4C P:nvUbdiZc  $00:9A84: 65 4A    ADC $4A = #$05
f1716   c51078625    i51379986    A:05 X:06 Y:04 S:4C P:nvUbdizc  $00:9A86: 20 A2 9A JSR $9AA2
f1716   c51078631    i51379987    A:05 X:06 Y:04 S:4A P:nvUbdizc  $00:9AA2: AA       TAX
f1716   c51078633    i51379988    A:05 X:05 Y:04 S:4A P:nvUbdizc  $00:9AA3: BD A2 9E LDA $9EA2,X @ $9EA7 = #$00
f1716   c51078637    i51379989    A:00 X:05 Y:04 S:4A P:nvUbdiZc  $00:9AA6: 85 E6    STA $E6 = #$00
f1716   c51078640    i51379990    A:00 X:05 Y:04 S:4A P:nvUbdiZc  $00:9AA8: B9 2A 06 LDA $062A,Y @ $062E = #$0F
f1716   c51078644    i51379991    A:0F X:05 Y:04 S:4A P:nvUbdizc  $00:9AAB: 29 0F    AND #$0F
f1716   c51078646    i51379992    A:0F X:05 Y:04 S:4A P:nvUbdizc  $00:9AAD: 05 E6    ORA $E6 = #$00
f1716   c51078649    i51379993    A:0F X:05 Y:04 S:4A P:nvUbdizc  $00:9AAF: A6 E7    LDX $E7 = #$07
f1716   c51078652    i51379994    A:0F X:07 Y:04 S:4A P:nvUbdizc  $00:9AB1: 9D E8 05 STA $05E8,X @ $05EF = #$0F
f1716   c51078657    i51379995    A:0F X:07 Y:04 S:4A P:nvUbdizc  $00:9AB4: E6 E7    INC $E7 = #$07
f1716   c51078662    i51379996    A:0F X:07 Y:04 S:4A P:nvUbdizc  $00:9AB6: C8       INY
f1716   c51078664    i51379997    A:0F X:07 Y:05 S:4A P:nvUbdizc  $00:9AB7: 60       RTS (from $9AA2)
f1716   c51078670    i51379998    A:0F X:07 Y:05 S:4C P:nvUbdizc  $00:9A89: C0 10    CPY #$10
f1716   c51078672    i51379999    A:0F X:07 Y:05 S:4C P:NvUbdizc  $00:9A8B: D0 F1    BNE $9A7E
f1716   c51078675    i51380000    A:0F X:07 Y:05 S:4C P:NvUbdizc  $00:9A7E: B9 2A 06 LDA $062A,Y @ $062F = #$0F
f1716   c51078679    i51380001    A:0F X:07 Y:05 S:4C P:nvUbdizc  $00:9A81: 29 30    AND #$30
f1716   c51078681    i51380002    A:00 X:07 Y:05 S:4C P:nvUbdiZc  $00:9A83: 18       CLC
f1716   c51078683    i51380003    A:00 X:07 Y:05 S:4C P:nvUbdiZc  $00:9A84: 65 4A    ADC $4A = #$05
f1716   c51078686    i51380004    A:05 X:07 Y:05 S:4C P:nvUbdizc  $00:9A86: 20 A2 9A JSR $9AA2
f1716   c51078692    i51380005    A:05 X:07 Y:05 S:4A P:nvUbdizc  $00:9AA2: AA       TAX
f1716   c51078694    i51380006    A:05 X:05 Y:05 S:4A P:nvUbdizc  $00:9AA3: BD A2 9E LDA $9EA2,X @ $9EA7 = #$00
f1716   c51078698    i51380007    A:00 X:05 Y:05 S:4A P:nvUbdiZc  $00:9AA6: 85 E6    STA $E6 = #$00
f1716   c51078701    i51380008    A:00 X:05 Y:05 S:4A P:nvUbdiZc  $00:9AA8: B9 2A 06 LDA $062A,Y @ $062F = #$0F
f1716   c51078705    i51380009    A:0F X:05 Y:05 S:4A P:nvUbdizc  $00:9AAB: 29 0F    AND #$0F
f1716   c51078707    i51380010    A:0F X:05 Y:05 S:4A P:nvUbdizc  $00:9AAD: 05 E6    ORA $E6 = #$00
f1716   c51078710    i51380011    A:0F X:05 Y:05 S:4A P:nvUbdizc  $00:9AAF: A6 E7    LDX $E7 = #$08
f1716   c51078713    i51380012    A:0F X:08 Y:05 S:4A P:nvUbdizc  $00:9AB1: 9D E8 05 STA $05E8,X @ $05F0 = #$0F
f1717   c51105534    i51388489    A:0C X:00 Y:0F S:DB P:nvUbdIZc  $06:8002: BC 00 07 LDY $0700,X @ $0700 = #$00
f1717   c51105538    i51388490    A:0C X:00 Y:00 S:DB P:nvUbdIZc  $06:8005: C0 32    CPY #$32
f1717   c51105540    i51388491    A:0C X:00 Y:00 S:DB P:NvUbdIzc  $06:8007: B0 0E    BCS $8017
f1717   c51105542    i51388492    A:0C X:00 Y:00 S:DB P:NvUbdIzc  $06:8009: A0 07    LDY #$07
f1717   c51105544    i51388493    A:0C X:00 Y:07 S:DB P:nvUbdIzc  $06:800B: 8C 00 80 STY $8000 = #$A2
f1717   c51105548    i51388494    A:0C X:00 Y:07 S:DB P:nvUbdIzc  $06:800E: AC FC 07 LDY $07FC = #$0F
f1717   c51105552    i51388495    A:0C X:00 Y:0F S:DB P:nvUbdIzc  $06:8011: 8C 01 80 STY $8001 = #$05
f1717   c51105556    i51388496    A:0C X:00 Y:0F S:DB P:nvUbdIzc  $06:8014: 4C 5E 80 JMP $805E
f1717   c51105559    i51388497    A:0C X:00 Y:0F S:DB P:nvUbdIzc  $06:805E: CA       DEX
f1717   c51105561    i51388498    A:0C X:FF Y:0F S:DB P:NvUbdIzc  $06:805F: 10 A1    BPL $8002
f1717   c51105563    i51388499    A:0C X:FF Y:0F S:DB P:NvUbdIzc  $06:8061: A2 05    LDX #$05
f1717   c51105565    i51388500    A:0C X:05 Y:0F S:DB P:nvUbdIzc  $06:8063: BC 00 07 LDY $0700,X @ $0705 = #$00
f1717   c51105569    i51388501    A:0C X:05 Y:00 S:DB P:nvUbdIZc  $06:8066: F0 4F    BEQ $80B7
f1717   c51105572    i51388502    A:0C X:05 Y:00 S:DB P:nvUbdIZc  $06:80B7: CA       DEX
f1717   c51105574    i51388503    A:0C X:04 Y:00 S:DB P:nvUbdIzc  $06:80B8: 10 A9    BPL $8063
f1717   c51105577    i51388504    A:0C X:04 Y:00 S:DB P:nvUbdIzc  $06:8063: BC 00 07 LDY $0700,X @ $0704 = #$00
f1717   c51105581    i51388505    A:0C X:04 Y:00 S:DB P:nvUbdIZc  $06:8066: F0 4F    BEQ $80B7
f1717   c51105584    i51388506    A:0C X:04 Y:00 S:DB P:nvUbdIZc  $06:80B7: CA       DEX
f1717   c51105586    i51388507    A:0C X:03 Y:00 S:DB P:nvUbdIzc  $06:80B8: 10 A9    BPL $8063
f1717   c51105589    i51388508    A:0C X:03 Y:00 S:DB P:nvUbdIzc  $06:8063: BC 00 07 LDY $0700,X @ $0703 = #$00
f1717   c51105593    i51388509    A:0C X:03 Y:00 S:DB P:nvUbdIZc  $06:8066: F0 4F    BEQ $80B7
f1717   c51105596    i51388510    A:0C X:03 Y:00 S:DB P:nvUbdIZc  $06:80B7: CA       DEX
f1717   c51105598    i51388511    A:0C X:02 Y:00 S:DB P:nvUbdIzc  $06:80B8: 10 A9    BPL $8063
f1717   c51105601    i51388512    A:0C X:02 Y:00 S:DB P:nvUbdIzc  $06:8063: BC 00 07 LDY $0700,X @ $0702 = #$00
f1717   c51105605    i51388513    A:0C X:02 Y:00 S:DB P:nvUbdIZc  $06:8066: F0 4F    BEQ $80B7
f1717   c51105608    i51388514    A:0C X:02 Y:00 S:DB P:nvUbdIZc  $06:80B7: CA       DEX
f1717   c51105610    i51388515    A:0C X:01 Y:00 S:DB P:nvUbdIzc  $06:80B8: 10 A9    BPL $8063
f1717   c51105613    i51388516    A:0C X:01 Y:00 S:DB P:nvUbdIzc  $06:8063: BC 00 07 LDY $0700,X @ $0701 = #$00
f1717   c51105617    i51388517    A:0C X:01 Y:00 S:DB P:nvUbdIZc  $06:8066: F0 4F    BEQ $80B7
f1717   c51105620    i51388518    A:0C X:01 Y:00 S:DB P:nvUbdIZc  $06:80B7: CA       DEX
f1717   c51105622    i51388519    A:0C X:00 Y:00 S:DB P:nvUbdIZc  $06:80B8: 10 A9    BPL $8063
f1717   c51105625    i51388520    A:0C X:00 Y:00 S:DB P:nvUbdIZc  $06:8063: BC 00 07 LDY $0700,X @ $0700 = #$00
f1717   c51105629    i51388521    A:0C X:00 Y:00 S:DB P:nvUbdIZc  $06:8066: F0 4F    BEQ $80B7
f1717   c51105632    i51388522    A:0C X:00 Y:00 S:DB P:nvUbdIZc  $06:80B7: CA       DEX
f1717   c51105634    i51388523    A:0C X:FF Y:00 S:DB P:NvUbdIzc  $06:80B8: 10 A9    BPL $8063
f1717   c51105636    i51388524    A:0C X:FF Y:00 S:DB P:NvUbdIzc  $06:80BA: A9 27    LDA #$27
f1717   c51105638    i51388525    A:27 X:FF Y:00 S:DB P:nvUbdIzc  $06:80BC: 85 F0    STA $F0 = #$67
f1717   c51105641    i51388526    A:27 X:FF Y:00 S:DB P:nvUbdIzc  $06:80BE: A9 07    LDA #$07
f1717   c51105643    i51388527    A:07 X:FF Y:00 S:DB P:nvUbdIzc  $06:80C0: 85 F1    STA $F1 = #$07
f1717   c51105646    i51388528    A:07 X:FF Y:00 S:DB P:nvUbdIzc  $06:80C2: A9 00    LDA #$00
f1717   c51105648    i51388529    A:00 X:FF Y:00 S:DB P:nvUbdIZc  $06:80C4: 85 F2    STA $F2 = #$FF
f1717   c51105651    i51388530    A:00 X:FF Y:00 S:DB P:nvUbdIZc  $06:80C6: A0 08    LDY #$08
f1717   c51120289    i51393091    A:40 X:19 Y:00 S:E0 P:nvUbdizC  $00:9F04: A5 1B    LDA $1B = #$40
f1717   c51120292    i51393092    A:40 X:19 Y:00 S:E0 P:nvUbdizC  $00:9F06: 10 FC    BPL $9F04
f1717   c51120295    i51393093    A:40 X:19 Y:00 S:E0 P:nvUbdizC  $00:9F04: A5 1B    LDA $1B = #$40
f1717   c51120298    i51393094    A:40 X:19 Y:00 S:E0 P:nvUbdizC  $00:9F06: 10 FC    BPL $9F04
f1717   c51120301    i51393095    A:40 X:19 Y:00 S:E0 P:nvUbdizC  $00:9F04: A5 1B    LDA $1B = #$40
f1717   c51120304    i51393096    A:40 X:19 Y:00 S:E0 P:nvUbdizC  $00:9F06: 10 FC    BPL $9F04
f1717   c51120307    i51393097    A:40 X:19 Y:00 S:E0 P:nvUbdizC  $00:9F04: A5 1B    LDA $1B = #$40
f1717   c51120310    i51393098    A:40 X:19 Y:00 S:E0 P:nvUbdizC  $00:9F06: 10 FC    BPL $9F04
f1717   c51120313    i51393099    A:40 X:19 Y:00 S:E0 P:nvUbdizC  $00:9F04: A5 1B    LDA $1B = #$40
f1717   c51120316    i51393100    A:40 X:19 Y:00 S:E0 P:nvUbdizC  $00:9F06: 10 FC    BPL $9F04
f1717   c51120319    i51393101    A:40 X:19 Y:00 S:E0 P:nvUbdizC  $00:9F04: A5 1B    LDA $1B = #$40
f1717   c51120322    i51393102    A:40 X:19 Y:00 S:E0 P:nvUbdizC  $00:9F06: 10 FC    BPL $9F04
f1717   c51120325    i51393103    A:40 X:19 Y:00 S:E0 P:nvUbdizC  $00:9F04: A5 1B    LDA $1B = #$40
f1717   c51120328    i51393104    A:40 X:19 Y:00 S:E0 P:nvUbdizC  $00:9F06: 10 FC    BPL $9F04
f1717   c51120331    i51393105    A:40 X:19 Y:00 S:E0 P:nvUbdizC  $00:9F04: A5 1B    LDA $1B = #$40
f1717   c51120334    i51393106    A:40 X:19 Y:00 S:E0 P:nvUbdizC  $00:9F06: 10 FC    BPL $9F04
f1717   c51120337    i51393107    A:40 X:19 Y:00 S:E0 P:nvUbdizC  $00:9F04: A5 1B    LDA $1B = #$40
f1717   c51120340    i51393108    A:40 X:19 Y:00 S:E0 P:nvUbdizC  $00:9F06: 10 FC    BPL $9F04
f1717   c51120343    i51393109    A:40 X:19 Y:00 S:E0 P:nvUbdizC  $00:9F04: A5 1B    LDA $1B = #$40
f1717   c51120346    i51393110    A:40 X:19 Y:00 S:E0 P:nvUbdizC  $00:9F06: 10 FC    BPL $9F04
f1717   c51120349    i51393111    A:40 X:19 Y:00 S:E0 P:nvUbdizC  $00:9F04: A5 1B    LDA $1B = #$40
f1717   c51120352    i51393112    A:40 X:19 Y:00 S:E0 P:nvUbdizC  $00:9F06: 10 FC    BPL $9F04
f1717   c51120355    i51393113    A:40 X:19 Y:00 S:E0 P:nvUbdizC  $00:9F04: A5 1B    LDA $1B = #$40
f1717   c51120358    i51393114    A:40 X:19 Y:00 S:E0 P:nvUbdizC  $00:9F06: 10 FC    BPL $9F04
f1717   c51120361    i51393115    A:40 X:19 Y:00 S:E0 P:nvUbdizC  $00:9F04: A5 1B    LDA $1B = #$40
f1717   c51120371    i51393116    A:40 X:19 Y:00 S:DD P:nvUbdIzC  $0F:C506: 4C 21 C8 JMP $C821
f1717   c51120374    i51393117    A:40 X:19 Y:00 S:DD P:nvUbdIzC  $0F:C821: 24 1B    BIT $1B = #$40
f1717   c51120377    i51393118    A:40 X:19 Y:00 S:DD P:nVUbdIzC  $0F:C823: 50 03    BVC $C828
f1717   c51120379    i51393119    A:40 X:19 Y:00 S:DD P:nVUbdIzC  $0F:C825: 4C 78 C4 JMP $C478
f1717   c51120382    i51393120    A:40 X:19 Y:00 S:DD P:nVUbdIzC  $0F:C478: 24 3B    BIT $3B = #$55
f1717   c51120385    i51393121    A:40 X:19 Y:00 S:DD P:nVUbdIzC  $0F:C47A: 30 32    BMI $C4AE
f1717   c51120387    i51393122    A:40 X:19 Y:00 S:DD P:nVUbdIzC  $0F:C47C: 38       SEC
f1717   c51120389    i51393123    A:40 X:19 Y:00 S:DD P:nVUbdIzC  $0F:C47D: 66 3B    ROR $3B = #$55
f1717   c51120394    i51393124    A:40 X:19 Y:00 S:DD P:NVUbdIzC  $0F:C47F: 85 3C    STA $3C = #$40
f1717   c51120397    i51393125    A:40 X:19 Y:00 S:DD P:NVUbdIzC  $0F:C481: 86 3D    STX $3D = #$19
f1717   c51120400    i51393126    A:40 X:19 Y:00 S:DD P:NVUbdIzC  $0F:C483: 84 3E    STY $3E = #$00
f1717   c51120403    i51393127    A:40 X:19 Y:00 S:DD P:NVUbdIzC  $0F:C485: A5 22    LDA $22 = #$00
f1717   c51120406    i51393128    A:00 X:19 Y:00 S:DD P:nVUbdIZC  $0F:C487: 09 07    ORA #$07
f1717   c51120408    i51393129    A:07 X:19 Y:00 S:DD P:nVUbdIzC  $0F:C489: 8D 00 80 STA $8000 = #$A5
f1717   c51120412    i51393130    A:07 X:19 Y:00 S:DD P:nVUbdIzC  $0F:C48C: A9 02    LDA #$02
f1717   c51120414    i51393131    A:02 X:19 Y:00 S:DD P:nVUbdIzC  $0F:C48E: 8D 01 80 STA $8001 = #$27
f1717   c51120418    i51393132    A:02 X:19 Y:00 S:DD P:nVUbdIzC  $0F:C491: 20 60 A1 JSR $A160
f1719   c51167914    i51408187    A:00 X:02 Y:05 S:4A P:nvUbdiZc  $00:9AA8: B9 2A 06 LDA $062A,Y @ $062F = #$0F
f1719   c51167918    i51408188    A:0F X:02 Y:05 S:4A P:nvUbdizc  $00:9AAB: 29 0F    AND #$0F
f1719   c51167920    i51408189    A:0F X:02 Y:05 S:4A P:nvUbdizc  $00:9AAD: 05 E6    ORA $E6 = #$00
f1719   c51167923    i51408190    A:0F X:02 Y:05 S:4A P:nvUbdizc  $00:9AAF: A6 E7    LDX $E7 = #$08
f1719   c51167926    i51408191    A:0F X:08 Y:05 S:4A P:nvUbdizc  $00:9AB1: 9D E8 05 STA $05E8,X @ $05F0 = #$0F
f1719   c51167931    i51408192    A:0F X:08 Y:05 S:4A P:nvUbdizc  $00:9AB4: E6 E7    INC $E7 = #$08
f1719   c51167936    i51408193    A:0F X:08 Y:05 S:4A P:nvUbdizc  $00:9AB6: C8       INY
f1719   c51167938    i51408194    A:0F X:08 Y:06 S:4A P:nvUbdizc  $00:9AB7: 60       RTS (from $9AA2)
f1719   c51167944    i51408195    A:0F X:08 Y:06 S:4C P:nvUbdizc  $00:9A89: C0 10    CPY #$10
f1719   c51167946    i51408196    A:0F X:08 Y:06 S:4C P:NvUbdizc  $00:9A8B: D0 F1    BNE $9A7E
f1719   c51167949    i51408197    A:0F X:08 Y:06 S:4C P:NvUbdizc  $00:9A7E: B9 2A 06 LDA $062A,Y @ $0630 = #$0F
f1719   c51167953    i51408198    A:0F X:08 Y:06 S:4C P:nvUbdizc  $00:9A81: 29 30    AND #$30
f1719   c51167955    i51408199    A:00 X:08 Y:06 S:4C P:nvUbdiZc  $00:9A83: 18       CLC
f1719   c51167957    i51408200    A:00 X:08 Y:06 S:4C P:nvUbdiZc  $00:9A84: 65 4A    ADC $4A = #$02
f1719   c51167960    i51408201    A:02 X:08 Y:06 S:4C P:nvUbdizc  $00:9A86: 20 A2 9A JSR $9AA2
f1719   c51167966    i51408202    A:02 X:08 Y:06 S:4A P:nvUbdizc  $00:9AA2: AA       TAX
f1719   c51167968    i51408203    A:02 X:02 Y:06 S:4A P:nvUbdizc  $00:9AA3: BD A2 9E LDA $9EA2,X @ $9EA4 = #$00
f1719   c51167972    i51408204    A:00 X:02 Y:06 S:4A P:nvUbdiZc  $00:9AA6: 85 E6    STA $E6 = #$00
f1719   c51167975    i51408205    A:00 X:02 Y:06 S:4A P:nvUbdiZc  $00:9AA8: B9 2A 06 LDA $062A,Y @ $0630 = #$0F
f1719   c51167979    i51408206    A:0F X:02 Y:06 S:4A P:nvUbdizc  $00:9AAB: 29 0F    AND #$0F
f1719   c51167981    i51408207    A:0F X:02 Y:06 S:4A P:nvUbdizc  $00:9AAD: 05 E6    ORA $E6 = #$00
f1719   c51167984    i51408208    A:0F X:02 Y:06 S:4A P:nvUbdizc  $00:9AAF: A6 E7    LDX $E7 = #$09
f1719   c51167987    i51408209    A:0F X:09 Y:06 S:4A P:nvUbdizc  $00:9AB1: 9D E8 05 STA $05E8,X @ $05F1 = #$0F
f1719   c51167992    i51408210    A:0F X:09 Y:06 S:4A P:nvUbdizc  $00:9AB4: E6 E7    INC $E7 = #$09
f1719   c51167997    i51408211    A:0F X:09 Y:06 S:4A P:nvUbdizc  $00:9AB6: C8       INY
f1719   c51167999    i51408212    A:0F X:09 Y:07 S:4A P:nvUbdizc  $00:9AB7: 60       RTS (from $9AA2)
f1719   c51168005    i51408213    A:0F X:09 Y:07 S:4C P:nvUbdizc  $00:9A89: C0 10    CPY #$10
f1719   c51168007    i51408214    A:0F X:09 Y:07 S:4C P:NvUbdizc  $00:9A8B: D0 F1    BNE $9A7E
f1719   c51168010    i51408215    A:0F X:09 Y:07 S:4C P:NvUbdizc  $00:9A7E: B9 2A 06 LDA $062A,Y @ $0631 = #$30
f1719   c51168014    i51408216    A:30 X:09 Y:07 S:4C P:nvUbdizc  $00:9A81: 29 30    AND #$30
f1719   c51168016    i51408217    A:30 X:09 Y:07 S:4C P:nvUbdizc  $00:9A83: 18       CLC
f1719   c51168018    i51408218    A:30 X:09 Y:07 S:4C P:nvUbdizc  $00:9A84: 65 4A    ADC $4A = #$02
f1719   c51168021    i51408219    A:32 X:09 Y:07 S:4C P:nvUbdizc  $00:9A86: 20 A2 9A JSR $9AA2
f1719   c51168027    i51408220    A:32 X:09 Y:07 S:4A P:nvUbdizc  $00:9AA2: AA       TAX
f1719   c51168029    i51408221    A:32 X:32 Y:07 S:4A P:nvUbdizc  $00:9AA3: BD A2 9E LDA $9EA2,X @ $9ED4 = #$10
f1719   c51168033    i51408222    A:10 X:32 Y:07 S:4A P:nvUbdizc  $00:9AA6: 85 E6    STA $E6 = #$00
f1719   c51168036    i51408223    A:10 X:32 Y:07 S:4A P:nvUbdizc  $00:9AA8: B9 2A 06 LDA $062A,Y @ $0631 = #$30
f1719   c51168040    i51408224    A:30 X:32 Y:07 S:4A P:nvUbdizc  $00:9AAB: 29 0F    AND #$0F
f1719   c51168042    i51408225    A:00 X:32 Y:07 S:4A P:nvUbdiZc  $00:9AAD: 05 E6    ORA $E6 = #$10
f1719   c51168045    i51408226    A:10 X:32 Y:07 S:4A P:nvUbdizc  $00:9AAF: A6 E7    LDX $E7 = #$0A
f1719   c51168048    i51408227    A:10 X:0A Y:07 S:4A P:nvUbdizc  $00:9AB1: 9D E8 05 STA $05E8,X @ $05F2 = #$10
f1719   c51179852    i51411898    A:40 X:19 Y:00 S:E0 P:nvUbdizC  $00:9F04: A5 1B    LDA $1B = #$40
f1719   c51179855    i51411899    A:40 X:19 Y:00 S:E0 P:nvUbdizC  $00:9F06: 10 FC    BPL $9F04
f1719   c51179858    i51411900    A:40 X:19 Y:00 S:E0 P:nvUbdizC  $00:9F04: A5 1B    LDA $1B = #$40
f1719   c51179861    i51411901    A:40 X:19 Y:00 S:E0 P:nvUbdizC  $00:9F06: 10 FC    BPL $9F04
f1719   c51179864    i51411902    A:40 X:19 Y:00 S:E0 P:nvUbdizC  $00:9F04: A5 1B    LDA $1B = #$40
f1719   c51179867    i51411903    A:40 X:19 Y:00 S:E0 P:nvUbdizC  $00:9F06: 10 FC    BPL $9F04
f1719   c51179870    i51411904    A:40 X:19 Y:00 S:E0 P:nvUbdizC  $00:9F04: A5 1B    LDA $1B = #$40
f1719   c51179873    i51411905    A:40 X:19 Y:00 S:E0 P:nvUbdizC  $00:9F06: 10 FC    BPL $9F04
f1719   c51179876    i51411906    A:40 X:19 Y:00 S:E0 P:nvUbdizC  $00:9F04: A5 1B    LDA $1B = #$40
f1719   c51179879    i51411907    A:40 X:19 Y:00 S:E0 P:nvUbdizC  $00:9F06: 10 FC    BPL $9F04
f1719   c51179882    i51411908    A:40 X:19 Y:00 S:E0 P:nvUbdizC  $00:9F04: A5 1B    LDA $1B = #$40
f1719   c51179885    i51411909    A:40 X:19 Y:00 S:E0 P:nvUbdizC  $00:9F06: 10 FC    BPL $9F04
f1719   c51179888    i51411910    A:40 X:19 Y:00 S:E0 P:nvUbdizC  $00:9F04: A5 1B    LDA $1B = #$40
f1719   c51179891    i51411911    A:40 X:19 Y:00 S:E0 P:nvUbdizC  $00:9F06: 10 FC    BPL $9F04
f1719   c51179894    i51411912    A:40 X:19 Y:00 S:E0 P:nvUbdizC  $00:9F04: A5 1B    LDA $1B = #$40
f1719   c51179897    i51411913    A:40 X:19 Y:00 S:E0 P:nvUbdizC  $00:9F06: 10 FC    BPL $9F04
f1719   c51179900    i51411914    A:40 X:19 Y:00 S:E0 P:nvUbdizC  $00:9F04: A5 1B    LDA $1B = #$40
f1719   c51179903    i51411915    A:40 X:19 Y:00 S:E0 P:nvUbdizC  $00:9F06: 10 FC    BPL $9F04
f1719   c51179906    i51411916    A:40 X:19 Y:00 S:E0 P:nvUbdizC  $00:9F04: A5 1B    LDA $1B = #$40
f1719   c51179909    i51411917    A:40 X:19 Y:00 S:E0 P:nvUbdizC  $00:9F06: 10 FC    BPL $9F04
f1719   c51179912    i51411918    A:40 X:19 Y:00 S:E0 P:nvUbdizC  $00:9F04: A5 1B    LDA $1B = #$40
f1719   c51179915    i51411919    A:40 X:19 Y:00 S:E0 P:nvUbdizC  $00:9F06: 10 FC    BPL $9F04
f1719   c51179918    i51411920    A:40 X:19 Y:00 S:E0 P:nvUbdizC  $00:9F04: A5 1B    LDA $1B = #$40
f1719   c51179921    i51411921    A:40 X:19 Y:00 S:E0 P:nvUbdizC  $00:9F06: 10 FC    BPL $9F04
f1719   c51179924    i51411922    A:40 X:19 Y:00 S:E0 P:nvUbdizC  $00:9F04: A5 1B    LDA $1B = #$40
f1719   c51179934    i51411923    A:40 X:19 Y:00 S:DD P:nvUbdIzC  $0F:C506: 4C 21 C8 JMP $C821
f1719   c51179937    i51411924    A:40 X:19 Y:00 S:DD P:nvUbdIzC  $0F:C821: 24 1B    BIT $1B = #$40
f1719   c51179940    i51411925    A:40 X:19 Y:00 S:DD P:nVUbdIzC  $0F:C823: 50 03    BVC $C828
f1719   c51179942    i51411926    A:40 X:19 Y:00 S:DD P:nVUbdIzC  $0F:C825: 4C 78 C4 JMP $C478
f1719   c51179945    i51411927    A:40 X:19 Y:00 S:DD P:nVUbdIzC  $0F:C478: 24 3B    BIT $3B = #$55
f1719   c51179948    i51411928    A:40 X:19 Y:00 S:DD P:nVUbdIzC  $0F:C47A: 30 32    BMI $C4AE
f1719   c51179950    i51411929    A:40 X:19 Y:00 S:DD P:nVUbdIzC  $0F:C47C: 38       SEC
f1719   c51179952    i51411930    A:40 X:19 Y:00 S:DD P:nVUbdIzC  $0F:C47D: 66 3B    ROR $3B = #$55
f1719   c51179957    i51411931    A:40 X:19 Y:00 S:DD P:NVUbdIzC  $0F:C47F: 85 3C    STA $3C = #$40
f1719   c51179960    i51411932    A:40 X:19 Y:00 S:DD P:NVUbdIzC  $0F:C481: 86 3D    STX $3D = #$19
f1719   c51179963    i51411933    A:40 X:19 Y:00 S:DD P:NVUbdIzC  $0F:C483: 84 3E    STY $3E = #$00
f1719   c51179966    i51411934    A:40 X:19 Y:00 S:DD P:NVUbdIzC  $0F:C485: A5 22    LDA $22 = #$00
f1719   c51179969    i51411935    A:00 X:19 Y:00 S:DD P:nVUbdIZC  $0F:C487: 09 07    ORA #$07
f1719   c51179971    i51411936    A:07 X:19 Y:00 S:DD P:nVUbdIzC  $0F:C489: 8D 00 80 STA $8000 = #$A5
f1719   c51179975    i51411937    A:07 X:19 Y:00 S:DD P:nVUbdIzC  $0F:C48C: A9 02    LDA #$02
f1719   c51179977    i51411938    A:02 X:19 Y:00 S:DD P:nVUbdIzC  $0F:C48E: 8D 01 80 STA $8001 = #$27
f1719   c51179981    i51411939    A:02 X:19 Y:00 S:DD P:nVUbdIzC  $0F:C491: 20 60 A1 JSR $A160
f1721   c51222531    i51425602    A:40 X:19 Y:00 S:E0 P:nvUbdizC  $00:9F06: 10 FC    BPL $9F04
f1721   c51222534    i51425603    A:40 X:19 Y:00 S:E0 P:nvUbdizC  $00:9F04: A5 1B    LDA $1B = #$40
f1721   c51222537    i51425604    A:40 X:19 Y:00 S:E0 P:nvUbdizC  $00:9F06: 10 FC    BPL $9F04
f1721   c51222540    i51425605    A:40 X:19 Y:00 S:E0 P:nvUbdizC  $00:9F04: A5 1B    LDA $1B = #$40
f1721   c51222543    i51425606    A:40 X:19 Y:00 S:E0 P:nvUbdizC  $00:9F06: 10 FC    BPL $9F04
f1721   c51222546    i51425607    A:40 X:19 Y:00 S:E0 P:nvUbdizC  $00:9F04: A5 1B    LDA $1B = #$40
f1721   c51222549    i51425608    A:40 X:19 Y:00 S:E0 P:nvUbdizC  $00:9F06: 10 FC    BPL $9F04
f1721   c51222552    i51425609    A:40 X:19 Y:00 S:E0 P:nvUbdizC  $00:9F04: A5 1B    LDA $1B = #$40
f1721   c51222555    i51425610    A:40 X:19 Y:00 S:E0 P:nvUbdizC  $00:9F06: 10 FC    BPL $9F04
f1721   c51222558    i51425611    A:40 X:19 Y:00 S:E0 P:nvUbdizC  $00:9F04: A5 1B    LDA $1B = #$40
f1721   c51222561    i51425612    A:40 X:19 Y:00 S:E0 P:nvUbdizC  $00:9F06: 10 FC    BPL $9F04
f1721   c51222564    i51425613    A:40 X:19 Y:00 S:E0 P:nvUbdizC  $00:9F04: A5 1B    LDA $1B = #$40
f1721   c51222567    i51425614    A:40 X:19 Y:00 S:E0 P:nvUbdizC  $00:9F06: 10 FC    BPL $9F04
f1721   c51222570    i51425615    A:40 X:19 Y:00 S:E0 P:nvUbdizC  $00:9F04: A5 1B    LDA $1B = #$40
f1721   c51222573    i51425616    A:40 X:19 Y:00 S:E0 P:nvUbdizC  $00:9F06: 10 FC    BPL $9F04
f1721   c51222576    i51425617    A:40 X:19 Y:00 S:E0 P:nvUbdizC  $00:9F04: A5 1B    LDA $1B = #$40
f1721   c51222586    i51425618    A:40 X:19 Y:00 S:DD P:nvUbdIzC  $0F:C500: 4C 6E C7 JMP $C76E
f1721   c51222589    i51425619    A:40 X:19 Y:00 S:DD P:nvUbdIzC  $0F:C76E: 24 1B    BIT $1B = #$40
f1721   c51222592    i51425620    A:40 X:19 Y:00 S:DD P:nVUbdIzC  $0F:C770: 50 03    BVC $C775
f1721   c51222594    i51425621    A:40 X:19 Y:00 S:DD P:nVUbdIzC  $0F:C772: 4C 21 C4 JMP $C421
f1721   c51222597    i51425622    A:40 X:19 Y:00 S:DD P:nVUbdIzC  $0F:C421: 24 3B    BIT $3B = #$55
f1721   c51222600    i51425623    A:40 X:19 Y:00 S:DD P:nVUbdIzC  $0F:C423: 30 4D    BMI $C472
f1721   c51222602    i51425624    A:40 X:19 Y:00 S:DD P:nVUbdIzC  $0F:C425: 38       SEC
f1721   c51222604    i51425625    A:40 X:19 Y:00 S:DD P:nVUbdIzC  $0F:C426: 66 3B    ROR $3B = #$55
f1721   c51222609    i51425626    A:40 X:19 Y:00 S:DD P:NVUbdIzC  $0F:C428: 85 3C    STA $3C = #$40
f1721   c51222612    i51425627    A:40 X:19 Y:00 S:DD P:NVUbdIzC  $0F:C42A: 86 3D    STX $3D = #$19
f1721   c51222615    i51425628    A:40 X:19 Y:00 S:DD P:NVUbdIzC  $0F:C42C: 84 3E    STY $3E = #$00
f1721   c51222618    i51425629    A:40 X:19 Y:00 S:DD P:NVUbdIzC  $0F:C42E: A5 22    LDA $22 = #$00
f1721   c51222621    i51425630    A:00 X:19 Y:00 S:DD P:nVUbdIZC  $0F:C430: 09 07    ORA #$07
f1721   c51222623    i51425631    A:07 X:19 Y:00 S:DD P:nVUbdIzC  $0F:C432: 8D 00 80 STA $8000 = #$A5
f1721   c51222627    i51425632    A:07 X:19 Y:00 S:DD P:nVUbdIzC  $0F:C435: A9 02    LDA #$02
f1721   c51222629    i51425633    A:02 X:19 Y:00 S:DD P:nVUbdIzC  $0F:C437: 8D 01 80 STA $8001 = #$27
f1721   c51222633    i51425634    A:02 X:19 Y:00 S:DD P:nVUbdIzC  $0F:C43A: 20 00 A0 JSR $A000
f1721   c51222639    i51425635    A:02 X:19 Y:00 S:DB P:nVUbdIzC  $01:A000: A9 00    LDA #$00
f1721   c51222641    i51425636    A:00 X:19 Y:00 S:DB P:nVUbdIZC  $01:A002: 8D 03 20 STA $2003 = #$00
f1721   c51222645    i51425637    A:00 X:19 Y:00 S:DB P:nVUbdIZC  $01:A005: A9 02    LDA #$02
f1721   c51222647    i51425638    A:02 X:19 Y:00 S:DB P:nVUbdIzC  $01:A007: 8D 14 40 STA $4014 = #$02
f1721   c51223163    i51425639    A:02 X:19 Y:00 S:DB P:nVUbdIzC  $01:A00A: AD 28 06 LDA $0628 = #$23
f1721   c51223167    i51425640    A:23 X:19 Y:00 S:DB P:nVUbdIzC  $01:A00D: F0 4E    BEQ $A05D
f1721   c51223169    i51425641    A:23 X:19 Y:00 S:DB P:nVUbdIzC  $01:A00F: 2C 29 06 BIT $0629 = #$20
f1721   c51223173    i51425642    A:23 X:19 Y:00 S:DB P:nvUbdIzC  $01:A012: 70 49    BVS $A05D
f1721   c51223175    i51425643    A:23 X:19 Y:00 S:DB P:nvUbdIzC  $01:A014: A9 00    LDA #$00
f1721   c51224858    i51426194    A:08 X:FF Y:08 S:DB P:nvUbdIzc  $06:8119: C6 F3    DEC $F3 = #$07
f1721   c51224863    i51426195    A:08 X:FF Y:08 S:DB P:nvUbdIzc  $06:811B: D0 AD    BNE $80CA
f1721   c51224867    i51426196    A:08 X:FF Y:08 S:DB P:nvUbdIzc  $06:80CA: AD 06 07 LDA $0706 = #$3C
f1721   c51224871    i51426197    A:3C X:FF Y:08 S:DB P:nvUbdIzc  $06:80CD: 4A       LSR
f1721   c51224873    i51426198    A:1E X:FF Y:08 S:DB P:nvUbdIzc  $06:80CE: 90 02    BCC $80D2
f1721   c51224876    i51426199    A:1E X:FF Y:08 S:DB P:nvUbdIzc  $06:80D2: 8D 06 07 STA $0706 = #$3C
f1721   c51224880    i51426200    A:1E X:FF Y:08 S:DB P:nvUbdIzc  $06:80D5: 90 35    BCC $810C
f1721   c51224884    i51426201    A:1E X:FF Y:08 S:DB P:nvUbdIzc  $06:810C: 18       CLC
f1721   c51224886    i51426202    A:1E X:FF Y:08 S:DB P:nvUbdIzc  $06:810D: A9 10    LDA #$10
f1721   c51224888    i51426203    A:10 X:FF Y:08 S:DB P:nvUbdIzc  $06:810F: 65 F0    ADC $F0 = #$47
f1721   c51224891    i51426204    A:57 X:FF Y:08 S:DB P:nvUbdIzc  $06:8111: 85 F0    STA $F0 = #$47
f1721   c51224894    i51426205    A:57 X:FF Y:08 S:DB P:nvUbdIzc  $06:8113: A9 04    LDA #$04
f1721   c51224896    i51426206    A:04 X:FF Y:08 S:DB P:nvUbdIzc  $06:8115: 65 F2    ADC $F2 = #$08
f1721   c51224899    i51426207    A:0C X:FF Y:08 S:DB P:nvUbdIzc  $06:8117: 85 F2    STA $F2 = #$08
f1721   c51224902    i51426208    A:0C X:FF Y:08 S:DB P:nvUbdIzc  $06:8119: C6 F3    DEC $F3 = #$06
f1721   c51224907    i51426209    A:0C X:FF Y:08 S:DB P:nvUbdIzc  $06:811B: D0 AD    BNE $80CA
f1721   c51224911    i51426210    A:0C X:FF Y:08 S:DB P:nvUbdIzc  $06:80CA: AD 06 07 LDA $0706 = #$1E
f1721   c51224915    i51426211    A:1E X:FF Y:08 S:DB P:nvUbdIzc  $06:80CD: 4A       LSR
f1721   c51224917    i51426212    A:0F X:FF Y:08 S:DB P:nvUbdIzc  $06:80CE: 90 02    BCC $80D2
f1721   c51224920    i51426213    A:0F X:FF Y:08 S:DB P:nvUbdIzc  $06:80D2: 8D 06 07 STA $0706 = #$1E
f1721   c51224924    i51426214    A:0F X:FF Y:08 S:DB P:nvUbdIzc  $06:80D5: 90 35    BCC $810C
f1721   c51224928    i51426215    A:0F X:FF Y:08 S:DB P:nvUbdIzc  $06:810C: 18       CLC
f1721   c51224930    i51426216    A:0F X:FF Y:08 S:DB P:nvUbdIzc  $06:810D: A9 10    LDA #$10
f1721   c51224932    i51426217    A:10 X:FF Y:08 S:DB P:nvUbdIzc  $06:810F: 65 F0    ADC $F0 = #$57
f1721   c51224935    i51426218    A:67 X:FF Y:08 S:DB P:nvUbdIzc  $06:8111: 85 F0    STA $F0 = #$57
f1721   c51224938    i51426219    A:67 X:FF Y:08 S:DB P:nvUbdIzc  $06:8113: A9 04    LDA #$04
f1721   c51224940    i51426220    A:04 X:FF Y:08 S:DB P:nvUbdIzc  $06:8115: 65 F2    ADC $F2 = #$0C
f1721   c51224943    i51426221    A:10 X:FF Y:08 S:DB P:nvUbdIzc  $06:8117: 85 F2    STA $F2 = #$0C
f1721   c51224946    i51426222    A:10 X:FF Y:08 S:DB P:nvUbdIzc  $06:8119: C6 F3    DEC $F3 = #$05
f1721   c51224951    i51426223    A:10 X:FF Y:08 S:DB P:nvUbdIzc  $06:811B: D0 AD    BNE $80CA
f1721   c51224955    i51426224    A:10 X:FF Y:08 S:DB P:nvUbdIzc  $06:80CA: AD 06 07 LDA $0706 = #$0F
f1721   c51224959    i51426225    A:0F X:FF Y:08 S:DB P:nvUbdIzc  $06:80CD: 4A       LSR
f1721   c51224961    i51426226    A:07 X:FF Y:08 S:DB P:nvUbdIzC  $06:80CE: 90 02    BCC $80D2
f1721   c51224963    i51426227    A:07 X:FF Y:08 S:DB P:nvUbdIzC  $06:80D0: 09 80    ORA #$80
f1721   c51224965    i51426228    A:87 X:FF Y:08 S:DB P:NvUbdIzC  $06:80D2: 8D 06 07 STA $0706 = #$0F
f1721   c51224969    i51426229    A:87 X:FF Y:08 S:DB P:NvUbdIzC  $06:80D5: 90 35    BCC $810C
f1721   c51224971    i51426230    A:87 X:FF Y:08 S:DB P:NvUbdIzC  $06:80D7: A6 F2    LDX $F2 = #$10
f1721   c51224974    i51426231    A:87 X:10 Y:08 S:DB P:nvUbdIzC  $06:80D9: DE 07 07 DEC $0707,X @ $0717 = #$13
f1721   c51224981    i51426232    A:87 X:10 Y:08 S:DB P:nvUbdIzC  $06:80DC: D0 03    BNE $80E1
f1721   c51224984    i51426233    A:87 X:10 Y:08 S:DB P:nvUbdIzC  $06:80E1: A6 F2    LDX $F2 = #$10
f1721   c51224987    i51426234    A:87 X:10 Y:08 S:DB P:nvUbdIzC  $06:80E3: DE 09 07 DEC $0709,X @ $0719 = #$01
f1721   c51224994    i51426235    A:87 X:10 Y:08 S:DB P:nvUbdIZC  $06:80E6: D0 21    BNE $8109
f1725   c51343407    i51463879    A:08 X:FF Y:08 S:DB P:nvUbdIzc  $06:8119: C6 F3    DEC $F3 = #$07
f1725   c51343412    i51463880    A:08 X:FF Y:08 S:DB P:nvUbdIzc  $06:811B: D0 AD    BNE $80CA
f1725   c51343416    i51463881    A:08 X:FF Y:08 S:DB P:nvUbdIzc  $06:80CA: AD 06 07 LDA $0706 = #$3C
f1725   c51343420    i51463882    A:3C X:FF Y:08 S:DB P:nvUbdIzc  $06:80CD: 4A       LSR
f1725   c51343422    i51463883    A:1E X:FF Y:08 S:DB P:nvUbdIzc  $06:80CE: 90 02    BCC $80D2
f1725   c51343425    i51463884    A:1E X:FF Y:08 S:DB P:nvUbdIzc  $06:80D2: 8D 06 07 STA $0706 = #$3C
f1725   c51343429    i51463885    A:1E X:FF Y:08 S:DB P:nvUbdIzc  $06:80D5: 90 35    BCC $810C
f1725   c51343433    i51463886    A:1E X:FF Y:08 S:DB P:nvUbdIzc  $06:810C: 18       CLC
f1725   c51343435    i51463887    A:1E X:FF Y:08 S:DB P:nvUbdIzc  $06:810D: A9 10    LDA #$10
f1725   c51343437    i51463888    A:10 X:FF Y:08 S:DB P:nvUbdIzc  $06:810F: 65 F0    ADC $F0 = #$47
f1725   c51343440    i51463889    A:57 X:FF Y:08 S:DB P:nvUbdIzc  $06:8111: 85 F0    STA $F0 = #$47
f1725   c51343443    i51463890    A:57 X:FF Y:08 S:DB P:nvUbdIzc  $06:8113: A9 04    LDA #$04
f1725   c51343445    i51463891    A:04 X:FF Y:08 S:DB P:nvUbdIzc  $06:8115: 65 F2    ADC $F2 = #$08
f1725   c51343448    i51463892    A:0C X:FF Y:08 S:DB P:nvUbdIzc  $06:8117: 85 F2    STA $F2 = #$08
f1725   c51343451    i51463893    A:0C X:FF Y:08 S:DB P:nvUbdIzc  $06:8119: C6 F3    DEC $F3 = #$06
f1725   c51343456    i51463894    A:0C X:FF Y:08 S:DB P:nvUbdIzc  $06:811B: D0 AD    BNE $80CA
f1725   c51343460    i51463895    A:0C X:FF Y:08 S:DB P:nvUbdIzc  $06:80CA: AD 06 07 LDA $0706 = #$1E
f1725   c51343464    i51463896    A:1E X:FF Y:08 S:DB P:nvUbdIzc  $06:80CD: 4A       LSR
f1725   c51343466    i51463897    A:0F X:FF Y:08 S:DB P:nvUbdIzc  $06:80CE: 90 02    BCC $80D2
f1725   c51343469    i51463898    A:0F X:FF Y:08 S:DB P:nvUbdIzc  $06:80D2: 8D 06 07 STA $0706 = #$1E
f1725   c51343473    i51463899    A:0F X:FF Y:08 S:DB P:nvUbdIzc  $06:80D5: 90 35    BCC $810C
f1725   c51343477    i51463900    A:0F X:FF Y:08 S:DB P:nvUbdIzc  $06:810C: 18       CLC
f1725   c51343479    i51463901    A:0F X:FF Y:08 S:DB P:nvUbdIzc  $06:810D: A9 10    LDA #$10
f1725   c51343481    i51463902    A:10 X:FF Y:08 S:DB P:nvUbdIzc  $06:810F: 65 F0    ADC $F0 = #$57
f1725   c51343484    i51463903    A:67 X:FF Y:08 S:DB P:nvUbdIzc  $06:8111: 85 F0    STA $F0 = #$57
f1725   c51343487    i51463904    A:67 X:FF Y:08 S:DB P:nvUbdIzc  $06:8113: A9 04    LDA #$04
f1725   c51343489    i51463905    A:04 X:FF Y:08 S:DB P:nvUbdIzc  $06:8115: 65 F2    ADC $F2 = #$0C
f1725   c51343492    i51463906    A:10 X:FF Y:08 S:DB P:nvUbdIzc  $06:8117: 85 F2    STA $F2 = #$0C
f1725   c51343495    i51463907    A:10 X:FF Y:08 S:DB P:nvUbdIzc  $06:8119: C6 F3    DEC $F3 = #$05
f1725   c51343500    i51463908    A:10 X:FF Y:08 S:DB P:nvUbdIzc  $06:811B: D0 AD    BNE $80CA
f1725   c51343504    i51463909    A:10 X:FF Y:08 S:DB P:nvUbdIzc  $06:80CA: AD 06 07 LDA $0706 = #$0F
f1725   c51343508    i51463910    A:0F X:FF Y:08 S:DB P:nvUbdIzc  $06:80CD: 4A       LSR
f1725   c51343510    i51463911    A:07 X:FF Y:08 S:DB P:nvUbdIzC  $06:80CE: 90 02    BCC $80D2
f1725   c51343512    i51463912    A:07 X:FF Y:08 S:DB P:nvUbdIzC  $06:80D0: 09 80    ORA #$80
f1725   c51343514    i51463913    A:87 X:FF Y:08 S:DB P:NvUbdIzC  $06:80D2: 8D 06 07 STA $0706 = #$0F
f1725   c51343518    i51463914    A:87 X:FF Y:08 S:DB P:NvUbdIzC  $06:80D5: 90 35    BCC $810C
f1725   c51343520    i51463915    A:87 X:FF Y:08 S:DB P:NvUbdIzC  $06:80D7: A6 F2    LDX $F2 = #$10
f1725   c51343523    i51463916    A:87 X:10 Y:08 S:DB P:nvUbdIzC  $06:80D9: DE 07 07 DEC $0707,X @ $0717 = #$0F
f1725   c51343530    i51463917    A:87 X:10 Y:08 S:DB P:nvUbdIzC  $06:80DC: D0 03    BNE $80E1
f1725   c51343533    i51463918    A:87 X:10 Y:08 S:DB P:nvUbdIzC  $06:80E1: A6 F2    LDX $F2 = #$10
f1725   c51343536    i51463919    A:87 X:10 Y:08 S:DB P:nvUbdIzC  $06:80E3: DE 09 07 DEC $0709,X @ $0719 = #$01
f1725   c51343543    i51463920    A:87 X:10 Y:08 S:DB P:nvUbdIZC  $06:80E6: D0 21    BNE $8109
