/**
 * SID 0x44 — Bank 14
 * Channels: 0,1,4,5,6,7
 * Bytes: 13120 | Notes: 13056
 * initPtr = 0x8CC0（$8349 引擎真实入口，SE_MAP 索引 SE#-1）
 * RAW_START = 0x8CC0（= min(reachable)，含 E8/E9 共享乐句区）
 * HEADER_OFFSET = 0x00（header 在 RAW 内的偏移 = initPtr - RAW_START）
 * 
 * 自动生成（scripts/gen-bgm-sid.cjs），请勿手改
 */

/** SQ1 (ch=0/4) */
export const BGM_44_TRACK_SQ1: readonly number[] = [
  0xE0, 0x31, 0xE2, 0x00, 0xE3, 0x0F, 0xAE, 0x0C, 0xE0, 0x31, 0x90, 0x0C,
  0xE3, 0x06, 0x84, 0x33, 0xF3, 0x8E, 0x34, 0xF4, 0x83, 0x34, 0xF3, 0x87,
  0x34, 0xED, 0x01, 0x8A, 0x34, 0xED, 0x02, 0x90, 0x34, 0xF4, 0xEF, 0x83,
  0x33, 0xF3, 0x87, 0x34, 0xF4, 0x8A, 0x34, 0x34, 0x34, 0x34, 0x34, 0x37,
  0x34, 0x0C, 0x83, 0x33, 0xF3, 0x87, 0x34, 0xF4, 0x8A, 0x34, 0x34, 0x83,
  0x33, 0xF3, 0x87, 0x34, 0xED, 0x01, 0x8A, 0x34, 0xED, 0x02, 0x90, 0x34,
  0xF4, 0xEF, 0x8A, 0x34, 0x34, 0x83, 0x36, 0xF3, 0x87, 0x37, 0xF4, 0x8A,
  0x34, 0xF3, 0xED, 0x01, 0x34, 0xED, 0x02, 0x90, 0x34, 0xF4, 0xEF, 0x95,
  0x0C, 0x8A, 0x35, 0x35, 0x35, 0x90, 0x35, 0x8A, 0x0C, 0x83, 0x36, 0xF3,
  0x87, 0x37, 0xF4, 0x8A, 0x35, 0x34, 0x35, 0xF3, 0xED, 0x01, 0x35, 0xED,
  0x02, 0x90, 0x35, 0xF4, 0xEF, 0x95, 0x0C, 0x84, 0x38, 0xF3, 0x8E, 0x39,
  0xF4, 0x90, 0x37, 0x35, 0x83, 0x36, 0xF3, 0x87, 0x37, 0xF4, 0x90, 0x35,
  0x34, 0x32, 0x8A, 0x0C, 0x83, 0x2B, 0xF3, 0x87, 0x30, 0xF4, 0x90, 0x32,
  0x39, 0x37, 0x8A, 0x0C, 0x83, 0x3A, 0xF3, 0x93, 0x3B, 0xF4, 0x95, 0x37,
  0x90, 0x42, 0x40, 0xF3, 0xED, 0x01, 0x40, 0xED, 0x02, 0x98, 0x40, 0xF4,
  0xEF, 0xA0, 0x0C, 0x8A, 0x0C, 0x30, 0x32, 0x34, 0x32, 0x34, 0x35, 0x84,
  0x36, 0xF3, 0x8E, 0x37, 0xF4, 0x8A, 0x37, 0x90, 0x35, 0x87, 0x34, 0x86,
  0x35, 0x87, 0x34, 0x8A, 0x32, 0x30, 0x0C, 0x29, 0x2B, 0x30, 0x87, 0x32,
  0x86, 0x34, 0x87, 0x32, 0x8A, 0x30, 0x2B, 0x30, 0x27, 0x29, 0x2B, 0x30,
  0x32, 0x34, 0x35, 0x0C, 0xEB, 0x02, 0x83, 0x36, 0xF3, 0x87, 0x37, 0xF4,
  0x8A, 0x35, 0x34, 0xEC, 0x84, 0x38, 0xF3, 0x8E, 0x39, 0xF4, 0x8A, 0x39,
  0x90, 0x37, 0x87, 0x35, 0x86, 0x37, 0x87, 0x35, 0x8A, 0x34, 0x32, 0x31,
  0x32, 0x34, 0x32, 0x34, 0x35, 0x34, 0x35, 0x37, 0x35, 0x37, 0x39, 0x37,
  0x39, 0x3B, 0x40, 0xEB, 0x02, 0xE9, 0x25, 0x8E, 0x8A, 0x40, 0x40, 0xE9,
  0x25, 0x8E, 0x8A, 0x40, 0x40, 0xE9, 0x25, 0x8E, 0x8A, 0x40, 0xEC, 0x90,
  0x40, 0xF3, 0xED, 0x01, 0x40, 0xED, 0x02, 0x98, 0x40, 0xF4, 0xEF, 0xE0,
  0x17, 0xE3, 0x0A, 0x82, 0x50, 0x4B, 0x49, 0x47, 0x45, 0x44, 0x42, 0x40,
  0x83, 0x3B, 0x39, 0x37, 0x35, 0x34, 0x32, 0x30, 0x2B, 0x98, 0x0C, 0xE8,
  0xDB, 0x8C, 0x82, 0x3B, 0xF3, 0xE5, 0x01, 0x81, 0x3B, 0xE5, 0x02, 0x3B,
  0xE5, 0x03, 0x3B, 0xE5, 0x04, 0x82, 0x3B, 0xE5, 0x05, 0x81, 0x3B, 0xE5,
  0x06, 0x3B, 0xE5, 0x00, 0x40, 0xF4, 0xEA, 0x00, 0x5A, 0x8E, 0x01, 0x5A,
  0x8E, 0x02, 0x5A, 0x8E, 0x03, 0x5A, 0x8E, 0x04, 0x5A, 0x8E, 0x05, 0x5A,
  0x8E, 0x06, 0x5A, 0x8E, 0x07, 0x5A, 0x8E, 0xFF, 0x00, 0x67, 0x8E, 0x01,
  0x67, 0x8E, 0x02, 0x67, 0x8E, 0x03, 0x67, 0x8E, 0xFF, 0x00, 0x71, 0x8E,
  0x01, 0x71, 0x8E, 0x03, 0x72, 0x8E, 0xFF, 0xE0, 0x12, 0xE3, 0x00, 0x81,
  0x00, 0x82, 0x01, 0x83, 0x02, 0x03, 0x04, 0x84, 0x05, 0x06, 0x85, 0x07,
  0x08, 0x09, 0x0A, 0x95, 0x0B, 0xFF, 0x00, 0x92, 0x8E, 0x01, 0x92, 0x8E,
  0x03, 0x93, 0x8E, 0xFF, 0x81, 0xE0, 0x12, 0xE3, 0x00, 0x0F, 0x0E, 0x0D,
  0x0C, 0x0E, 0x0D, 0x0C, 0x0B, 0x0D, 0x0C, 0x0B, 0x0A, 0x81, 0x0C, 0x0B,
  0x0A, 0x09, 0x0B, 0x0A, 0x09, 0x08, 0x0A, 0x09, 0x08, 0x07, 0x09, 0x08,
  0x07, 0x06, 0x08, 0x07, 0x06, 0x05, 0x07, 0x06, 0x05, 0x04, 0x06, 0x05,
  0x04, 0x03, 0x05, 0x04, 0x03, 0x02, 0x04, 0x03, 0x02, 0x01, 0x03, 0x02,
  0x01, 0x96, 0x00, 0xFF, 0x00, 0xD8, 0x8E, 0x01, 0xD8, 0x8E, 0x03, 0xD9,
  0x8E, 0xFF, 0xE0, 0x12, 0xE3, 0x00, 0x81, 0x00, 0x01, 0x02, 0x03, 0x01,
  0x02, 0x03, 0x04, 0x02, 0x03, 0x04, 0x05, 0x03, 0x04, 0x05, 0x06, 0x04,
  0x05, 0x06, 0x07, 0x05, 0x06, 0x07, 0x08, 0x06, 0x07, 0x08, 0x09, 0x07,
  0x08, 0x09, 0x0A, 0x08, 0x09, 0x0A, 0x0B, 0x09, 0x0A, 0x0B, 0x0C, 0x0A,
  0x0B, 0x0C, 0x0D, 0x0B, 0x0C, 0x0D, 0x0E, 0x0C, 0x0D, 0x0E, 0x96, 0x0F,
  0xFF, 0x00, 0x1D, 0x8F, 0x01, 0x47, 0x8F, 0x03, 0x1E, 0x8F, 0xFF, 0xE0,
  0x14, 0xE3, 0x00, 0x81, 0x00, 0x0F, 0x00, 0x0F, 0x01, 0x0E, 0x01, 0x0E,
  0x02, 0x0D, 0x02, 0x0D, 0x03, 0x0C, 0x03, 0x0C, 0x04, 0x0B, 0x04, 0x0B,
  0x05, 0x0A, 0x05, 0x0A, 0x06, 0x09, 0x06, 0x09, 0x08, 0x07, 0x08, 0xE0,
  0x12, 0x96, 0x07, 0xFF, 0xE0, 0x14, 0xE2, 0x40, 0xE3, 0x06, 0x81, 0xEB,
  0x04, 0x01, 0x12, 0x00, 0x13, 0x01, 0x12, 0x02, 0x11, 0xEC, 0xFF, 0x00,
  0xA4, 0x8F, 0x01, 0x89, 0x8F, 0x03, 0x64, 0x8F, 0xFF, 0xE0, 0x12, 0xE3,
  0x00, 0x82, 0x07, 0x08, 0x06, 0x09, 0x81, 0x05, 0x0A, 0xF3, 0x04, 0x0B,
  0x03, 0x0C, 0x02, 0xF4, 0x00, 0x01, 0x02, 0x03, 0x04, 0x05, 0x06, 0x07,
  0x08, 0x09, 0x0A, 0x0B, 0x0C, 0x0D, 0x0E, 0x96, 0x0F, 0xFF, 0xE3, 0x05,
  0xE0, 0x12, 0xE2, 0x00, 0x8D, 0x0C, 0x81, 0x30, 0xF3, 0x2B, 0x2A, 0x29,
  0x28, 0x27, 0x26, 0x25, 0x24, 0x23, 0x22, 0x21, 0x20, 0x1B, 0x1A, 0xF4,
  0xFF, 0xE3, 0x09, 0x82, 0x0C, 0xE5, 0x02, 0xE8, 0x8B, 0x8F, 0x00, 0xB6,
  0x8F, 0x01, 0xB6, 0x8F, 0x03, 0xB7, 0x8F, 0xFF, 0x82, 0xE8, 0x94, 0x8E,
  0x00, 0xC5, 0x8F, 0x01, 0x41, 0x90, 0x03, 0x46, 0x90, 0xFF, 0xE0, 0x11,
  0xE2, 0xC0, 0xE3, 0x00, 0x81, 0xE5, 0x10, 0x48, 0xE5, 0x0E, 0x48, 0xE5,
  0x0C, 0x48, 0xE5, 0x0A, 0x48, 0xE5, 0x08, 0x48, 0xE3, 0x08, 0xE5, 0x10,
  0x49, 0xE5, 0x0E, 0x49, 0xE5, 0x0C, 0x49, 0xE5, 0x0A, 0x49, 0xE5, 0x08,
  0x49, 0xE5, 0x06, 0x49, 0xE3, 0x0A, 0xE5, 0x10, 0x4A, 0xE5, 0x0E, 0x4A,
  0xE5, 0x0C, 0x4A, 0xE5, 0x0A, 0x4A, 0xE5, 0x08, 0x4A, 0xE5, 0x06, 0x4A,
  0xE5, 0x04, 0x4A, 0xE3, 0x0C, 0xE5, 0x10, 0x4B, 0xE5, 0x0E, 0x4B, 0xE5,
  0x0C, 0x4B, 0xE5, 0x0A, 0x4B, 0xE5, 0x08, 0x4B, 0xE5, 0x06, 0x4B, 0xE5,
  0x04, 0x4B, 0xE5, 0x02, 0x4B, 0xE3, 0x0E, 0xE5, 0x10, 0x50, 0xE5, 0x0E,
  0x50, 0xE5, 0x0C, 0x50, 0xE5, 0x0A, 0x50, 0xE5, 0x08, 0x50, 0xE5, 0x06,
  0x50, 0xE5, 0x04, 0x50, 0xE5, 0x02, 0x50, 0xE5, 0x01, 0x50, 0xE5, 0x00,
  0x50, 0xFF, 0x84, 0x0C, 0xE8, 0xC5, 0x8F, 0xE0, 0x14, 0xE3, 0x00, 0xEB,
  0x03, 0x81, 0x0F, 0x00, 0x0E, 0x01, 0xEC, 0xEB, 0x05, 0x0D, 0x00, 0x0C,
  0x01, 0xEC, 0xEB, 0x04, 0x0B, 0x00, 0x0A, 0x01, 0xEC, 0x09, 0x00, 0x08,
  0x01, 0x07, 0x00, 0x06, 0x01, 0x05, 0x00, 0x04, 0x01, 0x03, 0x00, 0x02,
  0x01, 0x02, 0x00, 0x01, 0x01, 0xE0, 0x12, 0x96, 0x00, 0xFF, 0x00, 0x82,
  0x90, 0x01, 0x82, 0x90, 0x03, 0x83, 0x90, 0xFF, 0xE0, 0x12, 0xE3, 0x00,
  0x81, 0x00, 0x01, 0x02, 0x03, 0x04, 0x05, 0x06, 0xEB, 0x02, 0x00, 0x01,
  0x02, 0x03, 0x04, 0x05, 0x06, 0x07, 0x08, 0x09, 0x0A, 0xEC, 0x0B, 0x0C,
  0x0D, 0x0E, 0x96, 0x0F, 0xFF, 0x00, 0xAD, 0x90, 0x01, 0xDD, 0x90, 0x03,
  0xAE, 0x90, 0xFF, 0xE0, 0x12, 0xE3, 0x00, 0xEB, 0x04, 0x81, 0x00, 0x0F,
  0x01, 0x0E, 0xEC, 0xEB, 0x03, 0x02, 0x0F, 0x03, 0x0E, 0xEC, 0xEB, 0x02,
  0x04, 0x0F, 0x05, 0x0E, 0xEC, 0x06, 0x0F, 0x07, 0x0E, 0x08, 0x0F, 0x09,
  0x0E, 0x0A, 0x0F, 0x0B, 0x0E, 0x0C, 0x0F, 0x0D, 0x0E, 0xE0, 0x12, 0x96,
  0x0F, 0xFF, 0xE0, 0x14, 0xE2, 0x80, 0xE3, 0x06, 0x81, 0xEB, 0x06, 0x01,
  0x12, 0x00, 0x13, 0x01, 0x12, 0x02, 0x11, 0xEC, 0x00, 0x13, 0x01, 0x12,
  0x02, 0x11, 0xFF, 0x00, 0xFF, 0x90, 0x01, 0xDD, 0x90, 0x03, 0x00, 0x91,
  0xFF, 0xE0, 0x14, 0xE3, 0x00, 0xEB, 0x03, 0x81, 0x00, 0x0F, 0x01, 0x0E,
  0xEC, 0xEB, 0x05, 0x02, 0x0F, 0x03, 0x0E, 0xEC, 0xEB, 0x04, 0x04, 0x0F,
  0x05, 0x0E, 0xEC, 0xE8, 0xC8, 0x90, 0x00, 0x26, 0x91, 0x01, 0x27, 0x91,
  0x03, 0x57, 0x91, 0xFF, 0xE0, 0x12, 0xE2, 0x80, 0xE3, 0x05, 0x81, 0x10,
  0x20, 0x0B, 0x1B, 0x11, 0x21, 0x0A, 0x1A, 0x12, 0x22, 0x09, 0x19, 0x13,
  0x23, 0x08, 0x18, 0x14, 0x24, 0x07, 0x17, 0x15, 0x25, 0x06, 0x16, 0x16,
  0x26, 0x05, 0x15, 0x17, 0x27, 0x04, 0x14, 0x18, 0x28, 0x03, 0x13, 0x19,
  0x29, 0x02, 0x12, 0xFF, 0xE0, 0x12, 0xE3, 0x00, 0x82, 0x0C, 0x81, 0x0F,
  0x0E, 0x0C, 0x0D, 0x0C, 0x82, 0x0C, 0x81, 0x0B, 0x0A, 0x83, 0x0C, 0x81,
  0x09, 0x08, 0x82, 0x0C, 0x81, 0x08, 0x09, 0x0C, 0x0A, 0x0B, 0x0C, 0x0D,
  0x0C, 0x0B, 0x0A, 0x0B, 0x0C, 0x0D, 0x0E, 0x96, 0x0D, 0xFF, 0x00, 0x8A,
  0x91, 0x01, 0x8B, 0x91, 0x03, 0xA4, 0x91, 0xFF, 0xE0, 0x14, 0xE2, 0xC0,
  0xE3, 0x00, 0x81, 0xEB, 0x05, 0x01, 0x50, 0x02, 0x51, 0x03, 0x52, 0x04,
  0x53, 0x03, 0x52, 0x02, 0x51, 0x01, 0x50, 0xEC, 0xFF, 0xE0, 0x12, 0xE3,
  0x00, 0x81, 0x00, 0x01, 0x02, 0x03, 0x04, 0x03, 0x02, 0x01, 0x01, 0x02,
  0x03, 0x04, 0x05, 0x04, 0x03, 0x02, 0x02, 0x03, 0x04, 0x05, 0x06, 0x05,
  0x04, 0x03, 0x03, 0x04, 0x05, 0x06, 0x07, 0x06, 0x05, 0x04, 0x04, 0x05,
  0x06, 0x07, 0x08, 0x07, 0x06, 0x05, 0x05, 0x06, 0x07, 0x08, 0x09, 0x08,
  0x07, 0x06, 0x06, 0x07, 0x08, 0x09, 0x0A, 0x09, 0x08, 0x07, 0x07, 0x08,
  0x09, 0x0A, 0x0B, 0x0A, 0x09, 0x08, 0xFF, 0x00, 0xF4, 0x91, 0x01, 0x30,
  0x92, 0x03, 0xF3, 0x91, 0xFF, 0xE0, 0x11, 0xE2, 0xC0, 0xE3, 0x00, 0x81,
  0x48, 0xE5, 0x01, 0x48, 0xE5, 0x02, 0x48, 0xE5, 0x04, 0x48, 0xE9, 0x1D,
  0x92, 0xE3, 0x08, 0xE9, 0x1D, 0x92, 0xE3, 0x0A, 0xE9, 0x1D, 0x92, 0xE3,
  0x0C, 0xE9, 0x1D, 0x92, 0xE3, 0x0E, 0xE9, 0x1D, 0x92, 0xFF, 0xE5, 0x06,
  0x48, 0xE5, 0x08, 0x48, 0xE5, 0x0A, 0x48, 0xE5, 0x0C, 0x48, 0xE5, 0x0E,
  0x48, 0xE5, 0x10, 0x48, 0xEA, 0x84, 0x0C, 0xE8, 0xF4, 0x91, 0x00, 0x3E,
  0x92, 0x01, 0x3F, 0x92, 0x03, 0xDC, 0x92, 0xFF, 0xE0, 0x14, 0xE2, 0x80,
  0xE3, 0x08, 0xE9, 0xC0, 0x92, 0xEB, 0x06, 0x03, 0x10, 0xEC, 0xEB, 0x07,
  0x02, 0x11, 0xEC, 0xE3, 0x02, 0xEB, 0x03, 0x02, 0x14, 0x02, 0x15, 0x03,
  0x14, 0x04, 0x13, 0xEC, 0xE3, 0x03, 0x02, 0x15, 0x03, 0x14, 0x04, 0x13,
  0xE3, 0x04, 0x03, 0x14, 0x02, 0x15, 0x03, 0x14, 0xE3, 0x05, 0x04, 0x13,
  0x03, 0x14, 0x02, 0x15, 0xE3, 0x06, 0x02, 0x14, 0x03, 0x12, 0x02, 0x13,
  0xE3, 0x07, 0x01, 0x14, 0x02, 0x13, 0x03, 0x12, 0xE3, 0x08, 0x02, 0x13,
  0x01, 0x14, 0x02, 0x13, 0xE3, 0x09, 0x03, 0x12, 0x02, 0x13, 0x01, 0x14,
  0xE3, 0x0A, 0x01, 0x12, 0x02, 0x11, 0x01, 0x12, 0xE3, 0x0B, 0x00, 0x13,
  0x01, 0x12, 0x02, 0x11, 0xE3, 0x0C, 0x01, 0x12, 0x00, 0x13, 0x01, 0x12,
  0xE3, 0x0D, 0x02, 0x11, 0x01, 0x12, 0x00, 0x13, 0xE3, 0x0E, 0x01, 0x12,
  0x02, 0x11, 0x01, 0x12, 0xFF, 0xEB, 0x02, 0x81, 0x07, 0x82, 0x08, 0xEC,
  0xEB, 0x03, 0x82, 0x06, 0x81, 0x09, 0xEC, 0xEB, 0x04, 0x81, 0x05, 0x82,
  0x0A, 0xEC, 0xEB, 0x05, 0x81, 0x04, 0x0B, 0xEC, 0xEA, 0xE0, 0x14, 0xE3,
  0x02, 0xE9, 0xC0, 0x92, 0xEB, 0x06, 0x03, 0x0C, 0xEC, 0xEB, 0x07, 0x02,
  0x0D, 0xEC, 0xEB, 0x03, 0x01, 0x0E, 0x00, 0x0F, 0x01, 0x0E, 0x02, 0x0D,
  0xEC, 0xE3, 0x03, 0x00, 0x0F, 0x01, 0x0E, 0x02, 0x0D, 0xE3, 0x04, 0x01,
  0x0E, 0x00, 0x0F, 0x01, 0x0E, 0xE3, 0x05, 0x02, 0x0D, 0x01, 0x0E, 0x00,
  0x0F, 0xE3, 0x06, 0x01, 0x0E, 0x02, 0x0D, 0x01, 0x0E, 0xE3, 0x07, 0x00,
  0x0F, 0x01, 0x0E, 0x02, 0x0D, 0xE3, 0x08, 0x01, 0x0E, 0x00, 0x0F, 0x01,
  0x0E, 0xE3, 0x09, 0x02, 0x0D, 0x01, 0x0E, 0x00, 0x0F, 0xE3, 0x0A, 0x01,
  0x0E, 0x02, 0x0D, 0x01, 0x0E, 0xE3, 0x0B, 0x00, 0x0F, 0x01, 0x0E, 0x02,
  0x0D, 0xE3, 0x0C, 0x01, 0x0E, 0x00, 0x0F, 0x01, 0x0E, 0xE3, 0x0D, 0x02,
  0x0D, 0x01, 0x0E, 0x00, 0x0F, 0xE3, 0x0E, 0x01, 0x0E, 0x02, 0x0D, 0x01,
  0x0E, 0xFF, 0x00, 0x63, 0x93, 0x01, 0xA7, 0x93, 0x03, 0xEB, 0x93, 0xFF,
  0xE0, 0x13, 0xE2, 0x40, 0x81, 0xE3, 0x07, 0x11, 0x12, 0x13, 0x14, 0x15,
  0x16, 0x17, 0x18, 0x19, 0x12, 0x13, 0x14, 0x15, 0x16, 0x17, 0x18, 0x19,
  0x13, 0x14, 0x15, 0x16, 0x17, 0x18, 0x19, 0x14, 0x15, 0x16, 0x17, 0x18,
  0x19, 0x15, 0x16, 0x17, 0x18, 0x19, 0x16, 0x17, 0x18, 0x19, 0x17, 0x18,
  0x19, 0x18, 0x19, 0xE3, 0x06, 0x18, 0x19, 0x18, 0x19, 0xE3, 0x05, 0x18,
  0x19, 0x18, 0x19, 0xE3, 0x04, 0x18, 0x19, 0xFF, 0xE0, 0x13, 0xE2, 0x80,
  0x81, 0xE3, 0x07, 0x12, 0x13, 0x14, 0x15, 0x16, 0x17, 0x18, 0x19, 0x1A,
  0x13, 0x14, 0x15, 0x16, 0x17, 0x18, 0x19, 0x1A, 0x14, 0x15, 0x16, 0x17,
  0x18, 0x19, 0x1A, 0x15, 0x16, 0x17, 0x18, 0x19, 0x1A, 0x16, 0x17, 0x18,
  0x19, 0x1A, 0x17, 0x18, 0x19, 0x1A, 0x18, 0x19, 0x1A, 0x19, 0x1A, 0xE3,
  0x06, 0x19, 0x1A, 0x19, 0x1A, 0xE3, 0x05, 0x19, 0x1A, 0x19, 0x1A, 0xE3,
  0x04, 0x19, 0x1A, 0xFF, 0x81, 0xE0, 0x12, 0xE3, 0x07, 0x02, 0x03, 0x04,
  0x05, 0x06, 0x07, 0x08, 0x09, 0x0A, 0x03, 0x04, 0x05, 0x06, 0x07, 0x08,
  0x09, 0x0A, 0x04, 0x05, 0x06, 0x07, 0x08, 0x09, 0x0A, 0x05, 0x06, 0x07,
  0x08, 0x09, 0x0A, 0x06, 0x07, 0x08, 0x09, 0x0A, 0x07, 0x08, 0x09, 0x0A,
  0x08, 0x09, 0x0A, 0x09, 0x0A, 0xE3, 0x06, 0x09, 0x0A, 0x09, 0x0A, 0xE3,
  0x05, 0x09, 0x0A, 0x09, 0x0A, 0xE3, 0x04, 0x09, 0x0A, 0xFF, 0x00, 0x36,
  0x94, 0x01, 0x37, 0x94, 0x03, 0x44, 0x94, 0xFF, 0xE0, 0x12, 0xE2, 0x80,
  0xE3, 0x00, 0x81, 0x10, 0x20, 0x00, 0x10, 0x20, 0xFF, 0xE9, 0x49, 0x94,
  0x05, 0xFF, 0xE0, 0x15, 0xE3, 0x00, 0x84, 0xED, 0x01, 0x0A, 0x8E, 0xEA,
  0x00, 0x5C, 0x94, 0x01, 0x37, 0x94, 0x03, 0x5D, 0x94, 0xFF, 0xE9, 0x49,
  0x94, 0x0F, 0xFF, 0x00, 0x6B, 0x94, 0x01, 0x6C, 0x94, 0x03, 0x91, 0x94,
  0xFF, 0xE0, 0x12, 0xE2, 0x80, 0xE3, 0x00, 0x81, 0x15, 0x14, 0x12, 0x10,
  0x0B, 0x09, 0x07, 0x05, 0x04, 0xE3, 0x09, 0x15, 0x13, 0x14, 0x12, 0x13,
  0x11, 0x12, 0x10, 0x09, 0x08, 0x07, 0x06, 0x05, 0x04, 0x03, 0x02, 0x01,
  0x00, 0xFF, 0xE0, 0x12, 0xE3, 0x00, 0x81, 0x0B, 0x08, 0x0D, 0x0F, 0x09,
  0xE3, 0x08, 0x0F, 0x0E, 0x0D, 0x0C, 0xE3, 0x09, 0x0F, 0x0E, 0x0D, 0x0C,
  0xE3, 0x0A, 0x0F, 0x0E, 0x0D, 0x0C, 0xE3, 0x0B, 0x0F, 0x0E, 0x0D, 0x0C,
  0xE3, 0x0C, 0x0F, 0x0E, 0x0D, 0x0C, 0xE3, 0x0D, 0x0F, 0x0E, 0x0D, 0x0C,
  0xE3, 0x0E, 0x0F, 0x0E, 0x0D, 0x0C, 0xFF, 0x00, 0xCF, 0x94, 0x01, 0xD0,
  0x94, 0x03, 0xF9, 0x94, 0xFF, 0xE0, 0x12, 0xE2, 0x80, 0xE3, 0x00, 0xEB,
  0x03, 0x81, 0x15, 0x14, 0x12, 0x10, 0xEC, 0x0B, 0x09, 0x07, 0x05, 0x04,
  0xE3, 0x0B, 0xE9, 0xEE, 0x94, 0xE3, 0x0D, 0xE9, 0xEE, 0x94, 0xFF, 0x15,
  0x13, 0x14, 0x12, 0x10, 0x0B, 0x09, 0x07, 0x05, 0x04, 0xEA, 0xE0, 0x12,
  0xE3, 0x00, 0x81, 0xEB, 0x03, 0x0B, 0x08, 0x0D, 0x0F, 0xEC, 0x0C, 0x06,
  0x0F, 0x0A, 0x10, 0x0F, 0x0D, 0x0B, 0x0A, 0xE3, 0x01, 0x0C, 0xE3, 0x03,
  0x0C, 0xE3, 0x05, 0x0C, 0xE3, 0x07, 0x0C, 0xE3, 0x09, 0x0C, 0xE3, 0x0A,
  0x0C, 0xE3, 0x0B, 0x0C, 0xE3, 0x0C, 0x0C, 0xE3, 0x0D, 0x0C, 0xE3, 0x0E,
  0x0C, 0xFF, 0x00, 0x36, 0x95, 0x01, 0x37, 0x95, 0x03, 0x48, 0x95, 0xFF,
  0xE0, 0x12, 0xE2, 0x80, 0xE3, 0x00, 0xEB, 0x03, 0x81, 0x15, 0x14, 0x12,
  0x10, 0xEC, 0xE8, 0x72, 0x94, 0xE0, 0x12, 0xE3, 0x00, 0x81, 0xEB, 0x03,
  0x0B, 0x08, 0x0D, 0x0F, 0xEC, 0xE8, 0x95, 0x94, 0x00, 0x61, 0x95, 0x01,
  0xA7, 0x95, 0x03, 0xAE, 0x95, 0xFF, 0xE0, 0x17, 0xE2, 0x00, 0xE3, 0x05,
  0x83, 0xEB, 0x09, 0xE9, 0x9D, 0x95, 0xEC, 0xE3, 0x06, 0x82, 0xE9, 0x9D,
  0x95, 0xE3, 0x07, 0xE9, 0x9D, 0x95, 0xE3, 0x08, 0xE9, 0x9D, 0x95, 0xE3,
  0x09, 0xE9, 0x9D, 0x95, 0xE3, 0x0A, 0xE9, 0x9D, 0x95, 0xE3, 0x0B, 0xE9,
  0x9D, 0x95, 0xE3, 0x0C, 0xE9, 0x9D, 0x95, 0xE3, 0x0D, 0xE9, 0x9D, 0x95,
  0xE3, 0x0E, 0xE9, 0x9D, 0x95, 0xFF, 0xE4, 0x84, 0x20, 0xE4, 0x84, 0x30,
  0xE4, 0x84, 0x40, 0xEA, 0xE5, 0x01, 0x83, 0x0C, 0xE8, 0x61, 0x95, 0xE0,
  0x17, 0xE3, 0x00, 0x81, 0x02, 0x82, 0x03, 0x83, 0x04, 0x82, 0x05, 0x81,
  0x06, 0x03, 0x82, 0x04, 0x83, 0x05, 0x82, 0x06, 0x81, 0x07, 0x04, 0x82,
  0x05, 0x83, 0x06, 0x82, 0x07, 0x81, 0x08, 0x05, 0x82, 0x06, 0x83, 0x07,
  0x82, 0x08, 0x81, 0x09, 0x06, 0x82, 0x07, 0x83, 0x08, 0x82, 0x09, 0x81,
  0x0A, 0x07, 0x82, 0x08, 0x83, 0x09, 0x82, 0x0A, 0x81, 0x0B, 0x08, 0x82,
  0x09, 0x83, 0x0A, 0x82, 0x0B, 0x81, 0x0C, 0x09, 0x82, 0x0A, 0x83, 0x0B,
  0x82, 0x0C, 0x81, 0x0D, 0x0A, 0x82, 0x0B, 0x83, 0x0C, 0x82, 0x0D, 0x81,
  0x0E, 0xE3, 0x01, 0xE9, 0x4B, 0x96, 0xE3, 0x02, 0xE9, 0x4B, 0x96, 0xE3,
  0x03, 0xE9, 0x4B, 0x96, 0xE3, 0x04, 0xE9, 0x4B, 0x96, 0xE3, 0x05, 0xE9,
  0x4B, 0x96, 0xE3, 0x06, 0xE9, 0x4B, 0x96, 0xE3, 0x07, 0xE9, 0x4B, 0x96,
  0xE3, 0x08, 0xE9, 0x4B, 0x96, 0xE3, 0x09, 0xE9, 0x4B, 0x96, 0xE3, 0x0A,
  0xE9, 0x4B, 0x96, 0xE3, 0x0B, 0xE9, 0x4B, 0x96, 0xE3, 0x0C, 0xE9, 0x4B,
  0x96, 0xE3, 0x0D, 0xE9, 0x4B, 0x96, 0xE3, 0x0E, 0xE9, 0x4B, 0x96, 0xFF,
  0x0A, 0x0B, 0x82, 0x0C, 0x81, 0x0D, 0x0E, 0xEA, 0x00, 0xA2, 0x96, 0x01,
  0x78, 0x96, 0x03, 0x5D, 0x96, 0xFF, 0xE0, 0x2F, 0xE3, 0x00, 0x82, 0x04,
  0x09, 0x0A, 0x0B, 0x81, 0x0A, 0x0B, 0x0A, 0x10, 0x82, 0x09, 0x0A, 0x0B,
  0x83, 0x0A, 0x0B, 0x0C, 0xE0, 0x2E, 0xA5, 0x0D, 0xFF, 0xE0, 0x17, 0xE2,
  0x80, 0xE3, 0x00, 0x81, 0xEB, 0x03, 0x00, 0x10, 0xEC, 0x0B, 0x0A, 0x09,
  0x08, 0x00, 0x10, 0x00, 0x10, 0x00, 0x0B, 0x10, 0x0A, 0x0B, 0x09, 0x0A,
  0x08, 0x09, 0x07, 0x08, 0xE0, 0x2E, 0x00, 0xF3, 0xEB, 0x43, 0x01, 0x00,
  0xEC, 0xF4, 0xFF, 0xE0, 0x17, 0xE2, 0x80, 0xE3, 0x05, 0x81, 0xEB, 0x03,
  0x03, 0x13, 0xEC, 0x12, 0x11, 0x10, 0x0B, 0x03, 0x13, 0x03, 0x13, 0x03,
  0x12, 0x13, 0x11, 0x12, 0x10, 0x11, 0x0B, 0x10, 0x0A, 0x0B, 0xE0, 0x2E,
  0x03, 0xF3, 0xEB, 0x43, 0x04, 0x03, 0xEC, 0xF4, 0xFF, 0x00, 0xD5, 0x96,
  0x01, 0xD6, 0x96, 0x03, 0x21, 0x97, 0xFF, 0xE0, 0x14, 0xE2, 0x80, 0xE3,
  0x08, 0x81, 0x20, 0x22, 0x21, 0xE3, 0x0D, 0x20, 0x22, 0x21, 0xE3, 0x07,
  0x21, 0x23, 0x22, 0xE3, 0x0C, 0x21, 0x23, 0x22, 0xE3, 0x06, 0x22, 0x24,
  0x23, 0xE3, 0x0B, 0x22, 0x24, 0x23, 0xEB, 0x04, 0xE3, 0x05, 0x23, 0x25,
  0x24, 0xE3, 0x0B, 0x23, 0x25, 0x24, 0xEC, 0xEB, 0x04, 0xE3, 0x08, 0x22,
  0x24, 0x23, 0xE3, 0x0D, 0x22, 0x24, 0x23, 0xEC, 0xEB, 0x04, 0xE3, 0x0A,
  0x23, 0x25, 0x24, 0xE3, 0x0E, 0x23, 0x25, 0x24, 0xEC, 0xFF, 0xE0, 0x14,
  0xE3, 0x00, 0x81, 0xEB, 0x08, 0x0A, 0x09, 0x08, 0xEC, 0xEB, 0x04, 0x0B,
  0x0A, 0x09, 0xEC, 0xEB, 0x04, 0x0C, 0x0B, 0x0A, 0xEC, 0xEB, 0x02, 0x0D,
  0x0C, 0x0B, 0xEC, 0xEB, 0x02, 0x0E, 0x0D, 0x0C, 0xEC, 0x0D, 0x0E, 0x96,
  0x0F, 0xFF, 0x00, 0x52, 0x97, 0x01, 0x52, 0x97, 0x03, 0x53, 0x97, 0xFF,
  0xE0, 0x12, 0xE3, 0x00, 0x81, 0x00, 0x02, 0x01, 0x03, 0x02, 0x04, 0x03,
  0x05, 0x04, 0x06, 0x05, 0x07, 0x06, 0x08, 0x07, 0x09, 0x08, 0x0A, 0x09,
  0x0B, 0x0A, 0x0C, 0x0B, 0x0D, 0x0C, 0x0E, 0x0D, 0x0F, 0x96, 0x0E, 0xFF,
  0x00, 0x80, 0x97, 0x01, 0x81, 0x97, 0x03, 0x8F, 0x97, 0xFF, 0xE0, 0x12,
  0xE2, 0x80, 0xE3, 0x00, 0x81, 0x10, 0x20, 0x00, 0x10, 0x00, 0x10, 0xFF,
  0xE0, 0x15, 0xE3, 0x00, 0x84, 0xED, 0x01, 0x0C, 0x88, 0x08, 0xE3, 0x08,
  0x07, 0xFF, 0x00, 0xA7, 0x97, 0x01, 0xB7, 0x97, 0x03, 0xC7, 0x97, 0xFF,
  0xE0, 0x14, 0xE2, 0x80, 0xE3, 0x00, 0x81, 0x10, 0x00, 0x15, 0x05, 0x10,
  0x00, 0x16, 0x06, 0xFF, 0xE0, 0x14, 0xE2, 0x80, 0xE3, 0x00, 0x81, 0x11,
  0x01, 0x16, 0x06, 0x11, 0x01, 0x17, 0x07, 0xFF, 0xE0, 0x17, 0xE3, 0x00,
  0x81, 0x0B, 0x08, 0x0D, 0x0F, 0x0C, 0x06, 0x0F, 0x0A, 0x0F, 0xFF, 0x00,
  0xDF, 0x97, 0x01, 0xE0, 0x97, 0x03, 0xF7, 0x97, 0xFF, 0xE0, 0x16, 0xE2,
  0x80, 0xE3, 0x00, 0xE9, 0xEF, 0x97, 0xE3, 0x0B, 0xE9, 0xEF, 0x97, 0xFF,
  0x82, 0x08, 0x09, 0x08, 0x07, 0x81, 0x06, 0xEA, 0xE0, 0x12, 0xE3, 0x00,
  0x82, 0x07, 0x08, 0x07, 0x06, 0x81, 0x05, 0xFF, 0x00, 0x0C, 0x98, 0x01,
  0x0C, 0x98, 0x03, 0x0D, 0x98, 0xFF, 0xE0, 0x12, 0xE3, 0x00, 0x82, 0x0D,
  0xE3, 0x02, 0x0C, 0x07, 0xE3, 0x06, 0x0D, 0xFF, 0x00, 0x25, 0x98, 0x01,
  0x39, 0x98, 0x03, 0x40, 0x98, 0xFF, 0xE0, 0x17, 0xE2, 0x80, 0xE3, 0x00,
  0x81, 0x10, 0x00, 0x15, 0x05, 0x10, 0x00, 0x16, 0x06, 0x10, 0x00, 0x17,
  0x07, 0xFF, 0xE5, 0x08, 0x81, 0x0C, 0xE8, 0x25, 0x98, 0xE0, 0x17, 0xE3,
  0x00, 0x81, 0x0B, 0x0C, 0x05, 0x0F, 0x0A, 0x08, 0x05, 0x0F, 0x0E, 0x0D,
  0x0C, 0x0B, 0xFF, 0x00, 0x5B, 0x98, 0x01, 0x5C, 0x98, 0x03, 0x67, 0x98,
  0xFF, 0xE0, 0x12, 0xE2, 0x80, 0xE3, 0x00, 0x81, 0x10, 0x01, 0x11, 0xFF,
  0xE0, 0x16, 0xE3, 0x00, 0x81, 0x0A, 0x00, 0x01, 0x02, 0x03, 0x04, 0x05,
  0xFF, 0x00, 0x7D, 0x98, 0x01, 0x94, 0x98, 0x03, 0x9D, 0x98, 0xFF, 0x00,
  0x93, 0x98, 0x01, 0x94, 0x98, 0x03, 0x9D, 0x98, 0x04, 0x93, 0x98, 0x05,
  0x93, 0x98, 0x06, 0x93, 0x98, 0x07, 0x93, 0x98, 0xFF, 0x8E, 0x0C, 0xE9,
  0x36, 0x9A, 0xE9, 0x14, 0x9A, 0xFF, 0xE9, 0xA5, 0x98, 0x8F, 0x10, 0xE8,
  0xF4, 0x98, 0xE0, 0x17, 0xE3, 0x00, 0x81, 0x0D, 0x0E, 0x0F, 0x0E, 0x0D,
  0x0C, 0x0B, 0x0C, 0x0A, 0x0B, 0x09, 0x08, 0x07, 0x06, 0x05, 0x06, 0x07,
  0x08, 0xEA, 0x00, 0xD2, 0x98, 0x01, 0x3B, 0x99, 0x03, 0xD3, 0x98, 0x04,
  0xD2, 0x98, 0x05, 0xD2, 0x98, 0x06, 0xD2, 0x98, 0x07, 0xD2, 0x98, 0xFF,
  0xE0, 0x15, 0xE3, 0x00, 0x81, 0x0D, 0x0E, 0x06, 0x09, 0x0A, 0x0C, 0x0D,
  0x05, 0x08, 0x09, 0x0B, 0x0C, 0x04, 0x07, 0x08, 0x0A, 0x0B, 0x03, 0x06,
  0x07, 0x06, 0x07, 0x08, 0x09, 0x83, 0x0A, 0x8F, 0x10, 0xE0, 0x21, 0xE3,
  0x04, 0x8F, 0x0A, 0xE3, 0x02, 0x9A, 0x0A, 0xE3, 0x03, 0x97, 0x0A, 0xE3,
  0x02, 0x95, 0x0A, 0xE3, 0x01, 0x96, 0x0A, 0xE3, 0x03, 0x98, 0x0A, 0xE3,
  0x04, 0x99, 0x0A, 0xE3, 0x05, 0x97, 0x0A, 0xE3, 0x06, 0x99, 0x0A, 0xE3,
  0x07, 0x98, 0x0A, 0xE3, 0x08, 0x9A, 0x0A, 0xE3, 0x09, 0x98, 0x0A, 0xE3,
  0x0A, 0x96, 0x0A, 0xE3, 0x0B, 0x95, 0x0A, 0xE3, 0x0C, 0x94, 0x0A, 0xE3,
  0x0D, 0x95, 0x0A, 0xE3, 0x0E, 0x94, 0x0A, 0xFF, 0x95, 0x0C, 0xE9, 0x36,
  0x9A, 0xE9, 0x14, 0x9A, 0xFF, 0x00, 0x4D, 0x99, 0x01, 0x4D, 0x99, 0x03,
  0x4E, 0x99, 0xFF, 0xE0, 0x21, 0xE0, 0x17, 0xE3, 0x04, 0x8E, 0x0A, 0xE3,
  0x01, 0x95, 0x0A, 0xE3, 0x03, 0x8A, 0x0A, 0xE3, 0x02, 0x8E, 0x0A, 0xE3,
  0x03, 0x91, 0x0A, 0xE3, 0x04, 0x8E, 0x0A, 0xE3, 0x05, 0x8A, 0x0A, 0xE3,
  0x06, 0x91, 0x0A, 0xE3, 0x07, 0x0A, 0xE3, 0x08, 0x94, 0x0A, 0xE3, 0x09,
  0x8D, 0x0A, 0xE3, 0x0A, 0x0A, 0xE3, 0x0B, 0x0A, 0xE3, 0x0C, 0x0A, 0xE3,
  0x0D, 0x0A, 0xE3, 0x0E, 0x99, 0x0A, 0xFF, 0x00, 0x98, 0x99, 0x01, 0xA6,
  0x99, 0x03, 0x97, 0x99, 0xFF, 0xE0, 0x12, 0xE2, 0x80, 0xE3, 0x05, 0x81,
  0x28, 0x29, 0x28, 0x27, 0x94, 0x26, 0xFF, 0xE0, 0x12, 0xE2, 0x80, 0xE3,
  0x01, 0x81, 0x15, 0x16, 0x15, 0x14, 0x94, 0x13, 0xFF, 0x00, 0xBD, 0x99,
  0x01, 0xBE, 0x99, 0x03, 0xD5, 0x99, 0xFF, 0xE0, 0x12, 0xE2, 0x40, 0xE3,
  0x05, 0x81, 0x15, 0x13, 0x11, 0x0B, 0x09, 0x0B, 0x11, 0x10, 0x0B, 0x0A,
  0x09, 0x0C, 0x09, 0x0C, 0x09, 0xFF, 0xE0, 0x12, 0xE3, 0x00, 0x81, 0x03,
  0x05, 0x04, 0x06, 0x05, 0x07, 0x06, 0x08, 0xE3, 0x07, 0x8E, 0x0B, 0xFF,
  0x00, 0xF0, 0x99, 0x01, 0xF0, 0x99, 0x03, 0xF1, 0x99, 0xFF, 0xE0, 0x12,
  0xE3, 0x00, 0xED, 0x02, 0x84, 0x09, 0x93, 0x06, 0xFF, 0x00, 0x05, 0x9A,
  0x01, 0x06, 0x9A, 0x03, 0x05, 0x9A, 0xFF, 0xE0, 0x12, 0xE2, 0x80, 0xE3,
  0x00, 0x81, 0x4A, 0x82, 0x4B, 0xE9, 0x14, 0x9A, 0xFF, 0x81, 0x54, 0x59,
  0x56, 0xEB, 0x15, 0x58, 0x54, 0xEC, 0xEA, 0x04, 0x46, 0x9A, 0x05, 0x2B,
  0x9A, 0x06, 0x4B, 0x9A, 0x07, 0x50, 0x9A, 0xFF, 0xE9, 0x36, 0x9A, 0xE9,
  0x14, 0x9A, 0x8B, 0x0C, 0xE8, 0xF7, 0xB8, 0xE0, 0x12, 0xE2, 0x80, 0xE3,
  0x03, 0x81, 0x55, 0x58, 0x53, 0x58, 0x54, 0x59, 0x83, 0x0C, 0xEA, 0x9E,
  0x0C, 0xE8, 0x05, 0xB9, 0x9E, 0x0C, 0xE8, 0x13, 0xB9, 0x9E, 0x10, 0xE8,
  0x1F, 0xB9, 0x00, 0x5E, 0x9A, 0x01, 0x5E, 0x9A, 0x03, 0x5F, 0x9A, 0xFF,
  0xE0, 0x12, 0xE3, 0x00, 0x81, 0x0A, 0xF3, 0x0B, 0x08, 0x09, 0x0A, 0xF4,
  0x84, 0x10, 0x07, 0x08, 0x07, 0x85, 0x07, 0x08, 0x09, 0x96, 0x09, 0xFF,
  0x00, 0x80, 0x9A, 0x01, 0x81, 0x9A, 0x03, 0x8F, 0x9A, 0xFF, 0xE0, 0x12,
  0xE2, 0x80, 0xE3, 0x00, 0x81, 0x00, 0x05, 0x01, 0x06, 0x02, 0x07, 0xFF,
  0xE0, 0x15, 0xE3, 0x00, 0x84, 0xED, 0x02, 0x0E, 0x8C, 0x05, 0xFF, 0x00,
  0xA4, 0x9A, 0x01, 0xB2, 0x9A, 0x03, 0xC0, 0x9A, 0xFF, 0xE0, 0x16, 0xE2,
  0x80, 0xE3, 0x00, 0x81, 0x10, 0x00, 0x16, 0x06, 0x10, 0x00, 0xFF, 0xE0,
  0x14, 0xE2, 0x40, 0xE3, 0x04, 0x81, 0x22, 0x21, 0x15, 0x14, 0x24, 0x25,
  0xFF, 0xE0, 0x17, 0xE3, 0x00, 0x82, 0x0E, 0x0D, 0x09, 0x81, 0x0A, 0x09,
  0x08, 0xFF, 0x00, 0xD7, 0x9A, 0x01, 0xFB, 0x9A, 0x03, 0x04, 0x9B, 0xFF,
  0xE2, 0x40, 0xE3, 0x00, 0x82, 0x0C, 0xE0, 0x32, 0x58, 0xF3, 0xE5, 0x01,
  0x84, 0x58, 0x82, 0x0C, 0xE5, 0x00, 0xF4, 0x82, 0x58, 0xF3, 0xE5, 0x01,
  0x84, 0x58, 0xE5, 0x02, 0x83, 0x58, 0xE5, 0x01, 0x84, 0x58, 0xF4, 0xFF,
  0x86, 0x0C, 0xE2, 0x80, 0xE3, 0x03, 0xE8, 0xDB, 0x9A, 0xE0, 0x11, 0xE3,
  0x05, 0x81, 0x00, 0x01, 0x82, 0x02, 0xF3, 0x84, 0x03, 0x82, 0x10, 0xF4,
  0x83, 0x02, 0xF3, 0x87, 0x03, 0x85, 0x04, 0x88, 0x03, 0xF4, 0xFF, 0x00,
  0x27, 0x9B, 0x01, 0x28, 0x9B, 0x03, 0x46, 0x9B, 0xFF, 0xE0, 0x16, 0xE2,
  0x80, 0xE3, 0x00, 0x81, 0x10, 0x00, 0x11, 0x01, 0x12, 0x02, 0x82, 0x08,
  0x09, 0x08, 0x07, 0x81, 0x06, 0xE3, 0x08, 0x82, 0x08, 0x09, 0x08, 0x07,
  0x81, 0x06, 0xFF, 0xE0, 0x14, 0xE3, 0x00, 0x81, 0x0F, 0x00, 0x0E, 0x01,
  0xFF, 0x00, 0x5A, 0x9B, 0x01, 0x7A, 0x9B, 0x03, 0x59, 0x9B, 0xFF, 0xE0,
  0x14, 0xE2, 0x80, 0xE3, 0x00, 0x8E, 0xE4, 0x95, 0x37, 0xE3, 0x08, 0xE4,
  0x95, 0x37, 0xE3, 0x0A, 0xE4, 0x95, 0x37, 0xE3, 0x0B, 0xE4, 0x95, 0x37,
  0xE3, 0x0C, 0x83, 0xE4, 0x95, 0x37, 0xFF, 0xE0, 0x14, 0xE2, 0x80, 0x8E,
  0x0C, 0xE5, 0x02, 0xE3, 0x08, 0xE4, 0x95, 0x37, 0xE3, 0x0A, 0xE4, 0x95,
  0x37, 0xE3, 0x0B, 0xE4, 0x95, 0x37, 0xE3, 0x0C, 0xE4, 0x95, 0x37, 0x83,
  0xE3, 0x0D, 0xE4, 0x95, 0x37, 0xFF, 0x00, 0xA6, 0x9B, 0x01, 0xA7, 0x9B,
  0x03, 0xA6, 0x9B, 0xFF, 0xE0, 0x17, 0xE2, 0x40, 0x89, 0xE3, 0x00, 0xE4,
  0x85, 0x18, 0xE3, 0x01, 0xE4, 0x85, 0x18, 0xE3, 0x02, 0xE4, 0x85, 0x18,
  0xE3, 0x03, 0xE4, 0x85, 0x18, 0xE3, 0x04, 0xE4, 0x85, 0x18, 0xE3, 0x05,
  0xE4, 0x85, 0x18, 0xE3, 0x06, 0xE4, 0x85, 0x18, 0xE3, 0x07, 0xE4, 0x85,
  0x18, 0xE3, 0x08, 0xE4, 0x85, 0x18, 0xE3, 0x09, 0xE4, 0x85, 0x18, 0xE3,
  0x0A, 0xE4, 0x85, 0x18, 0xE3, 0x0B, 0xE4, 0x85, 0x18, 0xE3, 0x0C, 0xE4,
  0x85, 0x18, 0xE3, 0x0D, 0xE4, 0x85, 0x18, 0xFF, 0x00, 0xFD, 0x9B, 0x01,
  0x06, 0x9C, 0x03, 0xFC, 0x9B, 0xFF, 0xE3, 0x00, 0xE2, 0x80, 0xE0, 0x14,
  0xA2, 0x49, 0xFF, 0xE3, 0x0A, 0xED, 0x01, 0x83, 0x0C, 0xE2, 0x80, 0xE0,
  0x14, 0xA2, 0x49, 0xFF, 0x00, 0x1C, 0x9C, 0x01, 0x1C, 0x9C, 0x03, 0x1D,
  0x9C, 0xFF, 0xE0, 0x2F, 0xE3, 0x00, 0x85, 0x00, 0x82, 0x04, 0x83, 0x08,
  0x09, 0x0A, 0x0B, 0x0C, 0x0A, 0x0B, 0x0C, 0xE0, 0x2E, 0xE3, 0x00, 0xA5,
  0x0F, 0xFF, 0x04, 0x42, 0x9C, 0x05, 0x60, 0x9C, 0x06, 0x41, 0x9C, 0x07,
  0x67, 0x9C, 0xFF, 0xE0, 0x17, 0xE2, 0x40, 0xE3, 0x0D, 0xAD, 0xE4, 0xFF,
  0x40, 0x9F, 0xE3, 0x0E, 0x53, 0xE3, 0x0D, 0xE0, 0x30, 0x89, 0xEB, 0x1F,
  0x53, 0xEC, 0xE3, 0x0E, 0xEB, 0x3F, 0x53, 0xEC, 0xFF, 0xE5, 0x02, 0x85,
  0x0C, 0xE8, 0x42, 0x9C, 0xE0, 0x17, 0xE3, 0x0D, 0x96, 0x0C, 0xE3, 0x0C,
  0x0C, 0xE3, 0x0B, 0x0C, 0xE3, 0x0A, 0x0C, 0xE3, 0x09, 0x0C, 0xE3, 0x08,
  0x0C, 0xE3, 0x07, 0x0C, 0xE3, 0x06, 0x0C, 0xE3, 0x05, 0xA6, 0x0C, 0x0C,
  0x9F, 0x0C, 0xE3, 0x06, 0x94, 0x0C, 0x9A, 0x0C, 0xE3, 0x07, 0x9D, 0x0C,
  0x98, 0x0C, 0xE3, 0x08, 0x0C, 0x9D, 0x0C, 0xE3, 0x09, 0x0C, 0x98, 0x0C,
  0xE3, 0x0A, 0x94, 0x0C, 0x9E, 0x0C, 0xE3, 0x0B, 0x0C, 0x94, 0x0C, 0xE3,
  0x0C, 0x9F, 0x0C, 0xE3, 0x0D, 0x0C, 0xE3, 0x0E, 0x0C, 0xFF, 0x04, 0xC1,
  0x9C, 0x05, 0xC1, 0x9C, 0x06, 0xC1, 0x9C, 0x07, 0xC2, 0x9C, 0xFF, 0xE0,
  0x17, 0xE3, 0x04, 0x90, 0x03, 0xE8, 0xC6, 0x9C, 0x00, 0xD4, 0x9C, 0x01,
  0xD5, 0x9C, 0x03, 0xD4, 0x9C, 0xFF, 0xE0, 0x12, 0xE2, 0x80, 0xE3, 0x00,
  0x84, 0xE4, 0x85, 0x10, 0x83, 0xE4, 0x8D, 0x11, 0xE3, 0x0A, 0x84, 0xE4,
  0x85, 0x10, 0x83, 0xE4, 0x8D, 0x11, 0xFF, 0x00, 0xF7, 0x9C, 0x01, 0xF7,
  0x9C, 0x03, 0xF8, 0x9C, 0xFF, 0xE0, 0x11, 0xE3, 0x00, 0x83, 0x0A, 0x82,
  0x0E, 0x90, 0xF3, 0xED, 0x02, 0x05, 0xF4, 0xEF, 0xFF, 0x00, 0x11, 0x9D,
  0x01, 0x12, 0x9D, 0x03, 0x36, 0x9D, 0xFF, 0xE0, 0x11, 0xE2, 0x80, 0xE3,
  0x00, 0x88, 0xE4, 0x85, 0x15, 0xE3, 0x04, 0xE4, 0x85, 0x15, 0xE3, 0x08,
  0xE4, 0x85, 0x15, 0xE3, 0x0A, 0xE4, 0x85, 0x15, 0xE3, 0x0C, 0xE4, 0x85,
  0x15, 0xE3, 0x0E, 0xE4, 0x85, 0x15, 0xFF, 0xE0, 0x14, 0xE3, 0x00, 0x81,
  0x0F, 0x05, 0x0E, 0x05, 0x0D, 0x05, 0x06, 0x07, 0x08, 0x09, 0x0A, 0x0B,
  0x0C, 0x0B, 0x87, 0x0A, 0xE3, 0x08, 0x0A, 0xE3, 0x0A, 0x0A, 0xE3, 0x0C,
  0x0A, 0xE3, 0x0E, 0x0A, 0xFF, 0x00, 0x61, 0x9D, 0x01, 0x61, 0x9D, 0x03,
  0x62, 0x9D, 0xFF, 0xE0, 0x12, 0xE3, 0x00, 0x81, 0x0C, 0x0D, 0xEB, 0x08,
  0x08, 0x0D, 0x0A, 0x00, 0x10, 0x10, 0xEC, 0xFF, 0x00, 0x7D, 0x9D, 0x01,
  0xA8, 0x9D, 0x03, 0xD3, 0x9D, 0xFF, 0xE0, 0x00, 0x82, 0x0C, 0xE2, 0xC0,
  0xE3, 0x05, 0xEB, 0x03, 0x81, 0x0A, 0x00, 0x0B, 0x01, 0x82, 0x0C, 0xEC,
  0xE3, 0x03, 0xEB, 0x06, 0x81, 0x0A, 0x00, 0x0B, 0x01, 0x82, 0x0C, 0xEC,
  0xE3, 0x01, 0xEB, 0x0A, 0x81, 0x0A, 0x00, 0x0B, 0x01, 0x82, 0x0C, 0xEC,
  0xFF, 0xE0, 0x00, 0xE2, 0xC0, 0x82, 0x0C, 0xE3, 0x05, 0xEB, 0x03, 0x81,
  0x07, 0x06, 0x05, 0x04, 0x03, 0x0C, 0xEC, 0xE3, 0x03, 0xEB, 0x06, 0x81,
  0x07, 0x06, 0x05, 0x04, 0x03, 0x0C, 0xEC, 0xE3, 0x01, 0xEB, 0x0A, 0x81,
  0x07, 0x06, 0x05, 0x04, 0x03, 0x0C, 0xEC, 0xFF, 0xE0, 0x12, 0xE3, 0x00,
  0x81, 0x0C, 0x0D, 0xEB, 0x12, 0x08, 0x0D, 0x0A, 0x00, 0x10, 0x10, 0xEC,
  0xFF, 0x00, 0xED, 0x9D, 0x01, 0xED, 0x9D, 0x03, 0xEE, 0x9D, 0xFF, 0xE0,
  0x14, 0xE3, 0x00, 0x8A, 0x01, 0x89, 0x02, 0x88, 0x03, 0x87, 0x04, 0x88,
  0x05, 0xFF, 0x00, 0x06, 0x9E, 0x01, 0x06, 0x9E, 0x03, 0x07, 0x9E, 0xFF,
  0xE0, 0x17, 0xE3, 0x00, 0x81, 0x01, 0x04, 0x01, 0x82, 0x02, 0x05, 0x02,
  0x83, 0x03, 0x06, 0x03, 0x04, 0x07, 0x04, 0x05, 0x08, 0x05, 0x06, 0x09,
  0x06, 0xFF, 0x00, 0x2B, 0x9E, 0x01, 0x37, 0x9E, 0x03, 0x2A, 0x9E, 0xFF,
  0xE3, 0x00, 0xE0, 0x11, 0xE2, 0x80, 0xE9, 0x4C, 0x9E, 0x90, 0x50, 0xFF,
  0xE0, 0x12, 0xE2, 0x80, 0xE3, 0x05, 0xE5, 0x01, 0x84, 0x0C, 0xE9, 0x4C,
  0x9E, 0xE5, 0x00, 0xED, 0x01, 0x90, 0x50, 0xEF, 0xFF, 0x87, 0x30, 0x32,
  0x34, 0x84, 0x37, 0x34, 0x30, 0x86, 0x34, 0x37, 0x40, 0x44, 0x84, 0x40,
  0x37, 0xEA, 0x00, 0x67, 0x9E, 0x01, 0x72, 0x9E, 0x03, 0x66, 0x9E, 0xFF,
  0xE3, 0x00, 0xE2, 0x80, 0xE0, 0x13, 0xE5, 0x81, 0x9A, 0x39, 0xFF, 0xE3,
  0x0A, 0xED, 0x01, 0x83, 0x0C, 0xE2, 0x80, 0xE0, 0x13, 0x9A, 0x39, 0xFF,
  0x00, 0x88, 0x9E, 0x01, 0x88, 0x9E, 0x03, 0x89, 0x9E, 0xFF, 0xE0, 0x11,
  0xE3, 0x00, 0x81, 0x00, 0x01, 0x02, 0x08, 0x09, 0x10, 0x10, 0x8B, 0x09,
  0xFF, 0x00, 0xA1, 0x9E, 0x01, 0xA1, 0x9E, 0x03, 0xA2, 0x9E, 0xFF, 0xE0,
  0x17, 0xE3, 0x0C, 0x83, 0x00, 0xE3, 0x0B, 0x01, 0xE3, 0x0A, 0x84, 0x02,
  0xE3, 0x09, 0x03, 0xE3, 0x08, 0x85, 0x04, 0xE3, 0x07, 0x04, 0xE3, 0x06,
  0x86, 0x05, 0xE3, 0x05, 0x05, 0xE3, 0x04, 0x87, 0x05, 0xE3, 0x03, 0x05,
  0xE3, 0x02, 0x88, 0x05, 0xE3, 0x01, 0x05, 0xE3, 0x00, 0x9C, 0x05, 0xFF,
  0x00, 0xDC, 0x9E, 0x01, 0xE9, 0x9E, 0x03, 0xDD, 0x9E, 0xFF, 0xE0, 0x15,
  0xE3, 0x00, 0x81, 0x0E, 0x09, 0x0F, 0x09, 0x84, 0x08, 0xFF, 0xE0, 0x12,
  0xE2, 0x80, 0xE3, 0x00, 0x81, 0x05, 0x0A, 0x06, 0x0B, 0x07, 0x10, 0xFF,
  0x00, 0x00, 0x9F, 0x01, 0x00, 0x9F, 0x03, 0x01, 0x9F, 0xFF, 0xE0, 0x12,
  0xE3, 0x00, 0x82, 0x00, 0x01, 0x02, 0x03, 0x01, 0x02, 0x03, 0x04, 0x02,
  0x03, 0x04, 0x05, 0x81, 0xEB, 0x03, 0x03, 0x04, 0x05, 0x06, 0xEC, 0xEB,
  0x04, 0x04, 0x05, 0x06, 0x07, 0xEC, 0xEB, 0x03, 0x05, 0x06, 0x07, 0x08,
  0xEC, 0x06, 0x07, 0x08, 0x09, 0x07, 0x08, 0x09, 0x0A, 0x08, 0x09, 0x0A,
  0x0B, 0x09, 0x0A, 0x0B, 0x0C, 0x0A, 0x0B, 0x0C, 0x0D, 0x0B, 0x0C, 0x0D,
  0x0E, 0x0C, 0x0D, 0x0E, 0x96, 0x0F, 0xFF, 0x00, 0x4F, 0x9F, 0x01, 0x4F,
  0x9F, 0x03, 0x50, 0x9F, 0xFF, 0x82, 0xE0, 0x12, 0xE3, 0x00, 0x0F, 0x0E,
  0x0D, 0x0C, 0x0E, 0x0D, 0x0C, 0x0B, 0x0D, 0x0C, 0x0B, 0x0A, 0x81, 0x0C,
  0x0B, 0x0A, 0x09, 0x0C, 0x0B, 0x0A, 0x09, 0x0B, 0x0A, 0x09, 0x08, 0x0B,
  0x0A, 0x09, 0x08, 0x0B, 0x0A, 0x09, 0x08, 0x0A, 0x09, 0x08, 0x07, 0x0A,
  0x09, 0x08, 0x07, 0x09, 0x08, 0x07, 0x06, 0x08, 0x07, 0x06, 0x05, 0x07,
  0x06, 0x05, 0x04, 0x06, 0x05, 0x04, 0x03, 0x05, 0x04, 0x03, 0x02, 0x04,
  0x03, 0x02, 0x01, 0x03, 0x02, 0x01, 0x96, 0x00, 0xFF, 0x00, 0xA5, 0x9F,
  0x01, 0xA5, 0x9F, 0x03, 0xA6, 0x9F, 0xFF, 0xE0, 0x21, 0xE0, 0x17, 0xE3,
  0x0C, 0x85, 0x0A, 0xE3, 0x0B, 0x0A, 0xE3, 0x0A, 0x0A, 0xE3, 0x09, 0x0A,
  0xE3, 0x08, 0x0A, 0xE3, 0x07, 0x0A, 0xE3, 0x06, 0x0A, 0xE3, 0x05, 0x0A,
  0xE3, 0x04, 0x8D, 0x0A, 0xE8, 0x56, 0x99, 0x00, 0xD3, 0x9F, 0x01, 0xD3,
  0x9F, 0x03, 0xD4, 0x9F, 0xFF, 0xE0, 0x17, 0xE3, 0x03, 0x81, 0x01, 0x04,
  0x01, 0x82, 0x02, 0x05, 0x02, 0x83, 0x03, 0x06, 0x03, 0x04, 0x07, 0x04,
  0x05, 0x08, 0x05, 0x06, 0x09, 0x06, 0x07, 0x0A, 0x08, 0x0B, 0x09, 0x0C,
  0x0A, 0x0D, 0x0B, 0x0E, 0x0C, 0x0F, 0x0E, 0x0F, 0xE8, 0xF9, 0x9F, 0xFF,
  0xFF, 0x04, 0x0D, 0xA0, 0x05, 0x0A, 0xA1, 0x06, 0xF8, 0xA1, 0x07, 0xB3,
  0xA2, 0xFF, 0xE2, 0x40, 0xE3, 0x09, 0xE9, 0xEC, 0xA0, 0xE0, 0x23, 0x8C,
  0x30, 0x2A, 0xE0, 0x22, 0x87, 0x28, 0xE0, 0x24, 0x91, 0x27, 0xE0, 0x27,
  0x8C, 0x25, 0xF3, 0xED, 0x01, 0x25, 0xED, 0x02, 0x9C, 0x25, 0xF4, 0xEF,
  0xE0, 0x25, 0x94, 0x2A, 0x28, 0x25, 0x27, 0x2A, 0xE9, 0xEC, 0xA0, 0xE0,
  0x23, 0x8C, 0x30, 0x31, 0xE0, 0x22, 0x87, 0x30, 0xE0, 0x24, 0x91, 0x2A,
  0xE0, 0x27, 0x8C, 0x30, 0xF3, 0xED, 0x01, 0x30, 0xED, 0x02, 0x9C, 0x30,
  0xF4, 0xEF, 0xE0, 0x25, 0x94, 0x33, 0x31, 0x2A, 0x30, 0xE0, 0x22, 0x87,
  0x30, 0xE0, 0x24, 0x91, 0x2A, 0xE9, 0xC1, 0xA0, 0xE0, 0x24, 0x91, 0x30,
  0x2A, 0xE0, 0x26, 0x8C, 0x28, 0xF3, 0xED, 0x01, 0x94, 0x28, 0xEF, 0xF4,
  0xE0, 0x25, 0x94, 0x30, 0xE0, 0x26, 0x8C, 0x2A, 0xF3, 0xED, 0x01, 0x94,
  0x2A, 0xEF, 0xF4, 0xE0, 0x26, 0x8C, 0x30, 0xF3, 0xED, 0x01, 0x94, 0x30,
  0xEF, 0xF4, 0xE0, 0x25, 0x94, 0x31, 0xE9, 0xC1, 0xA0, 0xE0, 0x24, 0x91,
  0x28, 0x27, 0xE0, 0x26, 0x8C, 0x25, 0xF3, 0xED, 0x01, 0x94, 0x25, 0xEF,
  0xF4, 0xE0, 0x25, 0x94, 0x2A, 0xE0, 0x25, 0x94, 0x28, 0x25, 0x27, 0xE0,
  0x22, 0x87, 0x27, 0xE0, 0x23, 0x8C, 0x28, 0xE0, 0x22, 0x87, 0x2A, 0xE8,
  0x11, 0xA0, 0xE0, 0x24, 0x91, 0x33, 0x31, 0xE0, 0x26, 0x8C, 0x30, 0xF3,
  0xED, 0x01, 0x94, 0x30, 0xEF, 0xF4, 0xE0, 0x25, 0x94, 0x33, 0xE0, 0x26,
  0x8C, 0x35, 0xF3, 0xED, 0x01, 0x94, 0x35, 0xEF, 0xF4, 0xE0, 0x27, 0x8C,
  0x33, 0xF3, 0xED, 0x01, 0x9C, 0x33, 0xEF, 0xF4, 0xEA, 0xE0, 0x27, 0x8C,
  0x28, 0xF3, 0xED, 0x01, 0x28, 0xED, 0x02, 0x9C, 0x28, 0xF4, 0xEF, 0xE0,
  0x22, 0x87, 0x23, 0xE0, 0x27, 0x91, 0x2A, 0xF3, 0xED, 0x01, 0x9C, 0x2A,
  0xEF, 0xF4, 0xEA, 0xE3, 0x09, 0xE2, 0x00, 0xE0, 0x22, 0x87, 0xEB, 0x02,
  0x20, 0x21, 0x20, 0x1A, 0xEC, 0xE0, 0x27, 0xED, 0x01, 0x9C, 0x18, 0xEF,
  0xE0, 0x22, 0x87, 0x17, 0x18, 0x17, 0x15, 0x17, 0x18, 0x1A, 0x20, 0xE0,
  0x27, 0xED, 0x01, 0x9C, 0x1A, 0xEF, 0xE0, 0x22, 0x87, 0xEB, 0x02, 0x20,
  0x21, 0x20, 0x1A, 0xEC, 0xE0, 0x27, 0xED, 0x01, 0x9C, 0x21, 0xEF, 0xE0,
  0x24, 0x91, 0x11, 0x15, 0xE0, 0x23, 0x8C, 0x18, 0xE0, 0x24, 0x91, 0x13,
  0x15, 0xE0, 0x23, 0x8C, 0x1A, 0xE0, 0x22, 0x87, 0xEB, 0x02, 0x20, 0x21,
  0x20, 0x1A, 0xEC, 0xE0, 0x27, 0xED, 0x01, 0x9C, 0x18, 0xEF, 0xE0, 0x22,
  0x87, 0x17, 0x18, 0x17, 0x15, 0x17, 0x18, 0x1A, 0x20, 0xE0, 0x27, 0xED,
  0x01, 0x9C, 0x1A, 0xEF, 0xE0, 0x22, 0x87, 0x18, 0x1A, 0x20, 0x21, 0x20,
  0x1A, 0x20, 0x21, 0xE0, 0x27, 0xED, 0x01, 0x9C, 0x20, 0xEF, 0xE0, 0x24,
  0x91, 0x21, 0x18, 0xE0, 0x23, 0x8C, 0x15, 0xE0, 0x24, 0x91, 0x17, 0x1A,
  0xE0, 0x23, 0x8C, 0x21, 0xE2, 0x40, 0xE0, 0x24, 0x91, 0x30, 0x2A, 0xE0,
  0x26, 0x99, 0x28, 0xE0, 0x25, 0x94, 0x28, 0xE0, 0x27, 0xA4, 0x28, 0xE0,
  0x24, 0x91, 0x28, 0x27, 0xE0, 0x26, 0x99, 0x25, 0xE0, 0x25, 0x94, 0x25,
  0x21, 0x23, 0x28, 0x27, 0xE0, 0x24, 0x91, 0x30, 0x2A, 0xE0, 0x26, 0x99,
  0x28, 0xE0, 0x25, 0x94, 0x28, 0xE0, 0x24, 0x91, 0x27, 0x28, 0xE0, 0x27,
  0x8C, 0x27, 0xF3, 0x9C, 0x27, 0xF4, 0xE0, 0x24, 0x91, 0x25, 0x23, 0xE0,
  0x26, 0x99, 0x21, 0xE0, 0x25, 0x94, 0x25, 0x21, 0x21, 0x23, 0xE0, 0x22,
  0x87, 0x23, 0xE0, 0x23, 0x8C, 0x25, 0xE0, 0x22, 0x87, 0x27, 0xE8, 0x0C,
  0xA1, 0xE0, 0x20, 0x91, 0x18, 0x20, 0x94, 0x28, 0x8C, 0x27, 0x28, 0x23,
  0x91, 0x27, 0x23, 0x94, 0x1A, 0x8C, 0x18, 0xE0, 0x1A, 0x87, 0x17, 0x18,
  0x19, 0x1A, 0xE0, 0x20, 0x91, 0x25, 0x21, 0x8C, 0x25, 0x91, 0x28, 0x27,
  0x8C, 0x23, 0x91, 0x21, 0x25, 0x8C, 0x30, 0x91, 0x2A, 0x28, 0x8C, 0x27,
  0x91, 0x18, 0x20, 0x94, 0x28, 0x8C, 0x27, 0x28, 0x23, 0x91, 0x27, 0x23,
  0x94, 0x1A, 0x8C, 0x18, 0xE0, 0x1A, 0x87, 0x17, 0x18, 0x19, 0x1A, 0xE0,
  0x20, 0x91, 0x25, 0x21, 0x8C, 0x1A, 0x91, 0x28, 0x27, 0x8C, 0x23, 0x91,
  0x21, 0x25, 0x8C, 0x30, 0x91, 0x2A, 0x28, 0x8C, 0x2A, 0x91, 0x28, 0x27,
  0x8C, 0x23, 0x0C, 0x20, 0x21, 0x23, 0x8C, 0x27, 0x87, 0x0C, 0x25, 0x8C,
  0x0C, 0x27, 0x0C, 0x23, 0xE0, 0x1A, 0x87, 0x23, 0x25, 0x27, 0x33, 0xE0,
  0x20, 0x91, 0x21, 0x23, 0x94, 0x25, 0x8C, 0x21, 0x21, 0x21, 0x8C, 0x23,
  0x87, 0x0C, 0x23, 0x8C, 0x0C, 0x23, 0x94, 0x25, 0x23, 0x91, 0x28, 0x27,
  0x94, 0x23, 0x8C, 0x20, 0x21, 0x23, 0x8C, 0x27, 0x87, 0x0C, 0x25, 0x8C,
  0x0C, 0x27, 0x0C, 0x23, 0x87, 0x23, 0x25, 0x27, 0x33, 0x91, 0x21, 0x23,
  0x94, 0x25, 0x8C, 0x21, 0x21, 0x21, 0x8C, 0x23, 0x87, 0x0C, 0x23, 0x8C,
  0x0C, 0x23, 0x94, 0x25, 0x23, 0xE8, 0xF8, 0xA1, 0xE0, 0x16, 0xE3, 0x06,
  0xE9, 0x88, 0xA3, 0xFA, 0x87, 0x05, 0x00, 0x01, 0x00, 0xE9, 0x88, 0xA3,
  0x87, 0xEB, 0x04, 0xFA, 0x05, 0xEC, 0xE9, 0x88, 0xA3, 0xFA, 0x87, 0x05,
  0x00, 0x01, 0x00, 0xE9, 0x88, 0xA3, 0x87, 0xFA, 0x05, 0xFA, 0x05, 0x01,
  0xFA, 0x05, 0xE9, 0x88, 0xA3, 0xFA, 0x87, 0x05, 0x00, 0x01, 0x00, 0xE9,
  0x88, 0xA3, 0x87, 0xEB, 0x04, 0xFA, 0x05, 0xEC, 0xE9, 0x88, 0xA3, 0xFA,
  0x87, 0x05, 0x00, 0x01, 0x00, 0xE9, 0x88, 0xA3, 0x87, 0xFA, 0x05, 0xFA,
  0x05, 0x01, 0xFA, 0x05, 0xE9, 0x76, 0xA3, 0xFA, 0x87, 0x05, 0x01, 0xFA,
  0x05, 0xFA, 0x05, 0xE9, 0x76, 0xA3, 0xEB, 0x04, 0xFA, 0x87, 0x05, 0xEC,
  0xE9, 0x76, 0xA3, 0xFA, 0x87, 0x05, 0x01, 0xFA, 0x05, 0xFA, 0x05, 0xF9,
  0x8C, 0x01, 0x87, 0x01, 0xFA, 0x05, 0x8C, 0x01, 0xFA, 0x87, 0x05, 0x01,
  0xFA, 0x87, 0x05, 0xFA, 0x8C, 0x05, 0xEB, 0x05, 0xFA, 0x87, 0x05, 0xEC,
  0xE9, 0x76, 0xA3, 0xFA, 0x87, 0x05, 0x01, 0xFA, 0x05, 0xFA, 0x05, 0xE9,
  0x76, 0xA3, 0xEB, 0x04, 0xFA, 0x87, 0x05, 0xEC, 0xE9, 0x76, 0xA3, 0xFA,
  0x87, 0x05, 0x01, 0xFA, 0x05, 0xFA, 0x05, 0xF9, 0x8C, 0x01, 0x87, 0x01,
  0xFA, 0x05, 0x8C, 0x01, 0xFA, 0x87, 0x05, 0x01, 0xFA, 0x87, 0x05, 0xFA,
  0x8C, 0x05, 0xEB, 0x05, 0xFA, 0x87, 0x05, 0xEC, 0xE8, 0xB7, 0xA2, 0xF9,
  0x8C, 0x01, 0x87, 0x01, 0xFA, 0x05, 0x8C, 0x01, 0xFA, 0x87, 0x05, 0x01,
  0x8C, 0x01, 0xF9, 0x01, 0xEA, 0xF9, 0x8C, 0x01, 0xF9, 0x01, 0xFA, 0x05,
  0xEB, 0x02, 0xF9, 0x87, 0x01, 0xF9, 0x8C, 0x01, 0xEC, 0xEA, 0x04, 0xA6,
  0xA3, 0x05, 0x36, 0xA6, 0x06, 0x52, 0xA7, 0x07, 0xA4, 0xA8, 0xFF, 0xE0,
  0x11, 0xE2, 0x80, 0xE3, 0x0A, 0x82, 0x0C, 0xE5, 0x01, 0x84, 0x61, 0x5B,
  0x58, 0x54, 0x53, 0x51, 0x51, 0x4B, 0x85, 0x48, 0x44, 0x43, 0x41, 0x41,
  0x3B, 0x38, 0x34, 0x33, 0x31, 0x31, 0x2B, 0x28, 0x24, 0x23, 0x82, 0x21,
  0xE5, 0x01, 0xE2, 0xC0, 0xE3, 0x09, 0xE9, 0x25, 0xA6, 0xE0, 0x24, 0x91,
  0x31, 0xE0, 0x23, 0x8C, 0x28, 0x2B, 0xE9, 0x25, 0xA6, 0xE0, 0x24, 0x91,
  0x36, 0xE0, 0x23, 0x8C, 0x31, 0x33, 0xE9, 0x25, 0xA6, 0xE0, 0x24, 0x91,
  0x31, 0xE0, 0x23, 0x8C, 0x31, 0x33, 0xE0, 0x27, 0x8C, 0x38, 0xED, 0x01,
  0xF3, 0x38, 0xED, 0x02, 0x94, 0x38, 0xF4, 0x87, 0x0C, 0xEF, 0xE0, 0x22,
  0x31, 0x36, 0x31, 0x34, 0x31, 0x33, 0x34, 0xE9, 0x25, 0xA6, 0xE0, 0x24,
  0x91, 0x36, 0xE0, 0x23, 0x8C, 0x31, 0x33, 0xE9, 0x25, 0xA6, 0xE0, 0x22,
  0x87, 0x31, 0x38, 0x36, 0x34, 0x36, 0x34, 0x33, 0xE9, 0x25, 0xA6, 0xE0,
  0x24, 0x91, 0x31, 0xE0, 0x23, 0x8C, 0x2B, 0x31, 0xE0, 0x24, 0x91, 0x2B,
  0x33, 0xE0, 0x27, 0x8C, 0x38, 0xF3, 0xED, 0x01, 0x38, 0xED, 0x02, 0x99,
  0x38, 0xEF, 0xF4, 0xE2, 0x00, 0xEB, 0x03, 0xE9, 0x14, 0xA6, 0x28, 0x0C,
  0x26, 0x0C, 0xE9, 0x14, 0xA6, 0x28, 0x28, 0x28, 0x28, 0xEC, 0xE2, 0xC0,
  0xEB, 0x02, 0xE0, 0x24, 0x91, 0x36, 0x33, 0xE0, 0x22, 0x87, 0x2B, 0xE0,
  0x23, 0x8C, 0x31, 0xE0, 0x22, 0x87, 0x28, 0xE0, 0x26, 0x99, 0x2B, 0xEC,
  0xE9, 0x02, 0xA6, 0x28, 0x28, 0x28, 0x28, 0xE9, 0x02, 0xA6, 0x0C, 0x0C,
  0x24, 0x26, 0xE9, 0x02, 0xA6, 0x28, 0x28, 0x28, 0x28, 0xE0, 0x23, 0x94,
  0x34, 0x33, 0x2B, 0x28, 0xE9, 0x02, 0xA6, 0x28, 0x28, 0x28, 0x28, 0xE9,
  0x02, 0xA6, 0x0C, 0x0C, 0x24, 0x26, 0xE0, 0x23, 0x8C, 0x0C, 0x34, 0x94,
  0x33, 0x2B, 0x28, 0xE0, 0x11, 0xE2, 0x80, 0xE3, 0x0A, 0x84, 0x61, 0x5B,
  0x58, 0x54, 0x53, 0x51, 0x51, 0x4B, 0x85, 0x48, 0x44, 0x43, 0x41, 0x41,
  0x3B, 0x38, 0x34, 0x33, 0x31, 0x31, 0x2B, 0x28, 0x24, 0x23, 0x21, 0xE3,
  0x09, 0xE2, 0xC0, 0xE0, 0x27, 0x8C, 0x31, 0xF3, 0xED, 0x01, 0x31, 0xED,
  0x02, 0x94, 0x31, 0xF4, 0xEF, 0x8C, 0x28, 0xF3, 0xED, 0x01, 0x28, 0xED,
  0x02, 0x94, 0x28, 0xF4, 0xEF, 0x8C, 0x0C, 0xE0, 0x24, 0x91, 0x34, 0x31,
  0xE0, 0x26, 0x99, 0x29, 0xE0, 0x22, 0x87, 0x2B, 0x29, 0xE0, 0x27, 0x8C,
  0x28, 0xF3, 0xED, 0x01, 0x28, 0xED, 0x02, 0x9C, 0x28, 0xF4, 0xEF, 0xE0,
  0x22, 0x8C, 0x0C, 0x87, 0x2B, 0x31, 0xE0, 0x24, 0x91, 0x33, 0x2B, 0xE0,
  0x25, 0x94, 0x36, 0x33, 0xE0, 0x23, 0x8C, 0x2B, 0xE0, 0x27, 0x8C, 0x31,
  0xF3, 0xED, 0x01, 0x31, 0xED, 0x02, 0x94, 0x31, 0xF4, 0xEF, 0x8C, 0x34,
  0xF3, 0xED, 0x01, 0x34, 0xED, 0x02, 0x94, 0x34, 0xF4, 0xEF, 0x8C, 0x38,
  0xF3, 0xED, 0x01, 0x38, 0xED, 0x02, 0x99, 0x38, 0xF4, 0xEF, 0xE0, 0x25,
  0x94, 0x36, 0xE0, 0x23, 0x8C, 0x34, 0xE0, 0x27, 0x8C, 0x33, 0xF3, 0xED,
  0x01, 0x33, 0xED, 0x02, 0x9C, 0x33, 0xF4, 0xEF, 0xE0, 0x22, 0x8C, 0x0C,
  0x87, 0x33, 0x34, 0xE0, 0x26, 0x99, 0x36, 0xE0, 0x27, 0x8C, 0x3B, 0xF3,
  0xED, 0x01, 0x3B, 0xED, 0x02, 0x99, 0x3B, 0xF4, 0xEF, 0xE0, 0x26, 0x99,
  0x38, 0xE0, 0x27, 0x8C, 0x34, 0xF3, 0xED, 0x01, 0x34, 0xED, 0x02, 0x99,
  0x34, 0xF4, 0xEF, 0x8C, 0x0C, 0xE0, 0x24, 0x91, 0x34, 0x36, 0x38, 0x34,
  0xE0, 0x23, 0x8C, 0x39, 0xE0, 0x27, 0x8C, 0x38, 0xF3, 0xED, 0x01, 0x38,
  0xED, 0x02, 0x9C, 0x38, 0xF4, 0xEF, 0x8C, 0x0C, 0xE0, 0x22, 0x87, 0x2B,
  0x31, 0xE0, 0x27, 0x8C, 0x33, 0xF3, 0xED, 0x01, 0x33, 0xED, 0x02, 0xA1,
  0x33, 0xF4, 0xEF, 0xE0, 0x27, 0x8C, 0x34, 0xF3, 0xED, 0x01, 0x34, 0xED,
  0x02, 0x94, 0x34, 0xF4, 0xEF, 0x8C, 0x31, 0xF3, 0xED, 0x01, 0x31, 0xED,
  0x02, 0x94, 0x31, 0x99, 0x31, 0xF4, 0xEF, 0xE0, 0x22, 0x87, 0x31, 0x33,
  0xE0, 0x26, 0x99, 0x34, 0xE0, 0x23, 0x8C, 0x39, 0xE0, 0x27, 0x8C, 0x38,
  0xF3, 0xED, 0x01, 0x38, 0xED, 0x02, 0xA1, 0x38, 0xF4, 0xEF, 0xE0, 0x22,
  0xE5, 0x01, 0x82, 0x0C, 0x87, 0x0C, 0x31, 0x34, 0x38, 0x36, 0x33, 0x2B,
  0x33, 0x31, 0x28, 0x24, 0x28, 0x26, 0x28, 0x24, 0x85, 0x21, 0xE5, 0x00,
  0xE8, 0xCA, 0xA4, 0xE0, 0x22, 0x87, 0x2B, 0x28, 0x26, 0x8C, 0x21, 0xEB,
  0x02, 0x87, 0x26, 0x8C, 0x28, 0xEC, 0x87, 0x24, 0xEA, 0xE0, 0x23, 0x8C,
  0x21, 0x28, 0xE0, 0x22, 0x87, 0x26, 0x28, 0x0C, 0x28, 0x0C, 0x28, 0x26,
  0x0C, 0xEA, 0xE0, 0x23, 0x8C, 0x31, 0xE0, 0x22, 0x87, 0x2B, 0xE0, 0x23,
  0x8C, 0x31, 0x34, 0xE0, 0x22, 0x33, 0xEA, 0xE0, 0x11, 0xE2, 0x80, 0xE3,
  0x09, 0x84, 0x61, 0x5B, 0x58, 0x54, 0x53, 0x51, 0x51, 0x4B, 0x85, 0x48,
  0x44, 0x43, 0x41, 0x41, 0x3B, 0x38, 0x34, 0x33, 0x31, 0x31, 0x2B, 0x28,
  0x24, 0x23, 0x21, 0xE0, 0x27, 0xED, 0x02, 0xE3, 0x0A, 0xA4, 0x21, 0x1B,
  0x21, 0x23, 0x24, 0x23, 0x21, 0x23, 0xED, 0x01, 0xE3, 0x0A, 0xA4, 0x34,
  0xF3, 0xA1, 0x34, 0xF4, 0xE0, 0x23, 0x8C, 0x38, 0x34, 0xE0, 0x27, 0xA4,
  0x33, 0x9C, 0x38, 0x33, 0xA4, 0x34, 0xF3, 0xA1, 0x34, 0xF4, 0xE0, 0x23,
  0x8C, 0x38, 0x34, 0xEF, 0xE2, 0x00, 0xE3, 0x09, 0xE0, 0x23, 0x8C, 0x21,
  0x28, 0xE0, 0x22, 0x87, 0x26, 0x28, 0x0C, 0x28, 0x0C, 0x28, 0x26, 0x0C,
  0x28, 0x0C, 0x26, 0x0C, 0xE2, 0x00, 0xE0, 0x23, 0x8C, 0x21, 0x28, 0xE0,
  0x22, 0x87, 0x26, 0x28, 0x0C, 0x28, 0x0C, 0x28, 0x29, 0x2B, 0x31, 0x33,
  0x34, 0x36, 0xED, 0x01, 0xE0, 0x27, 0xA4, 0x38, 0xF3, 0x38, 0xF4, 0x36,
  0xF3, 0x36, 0xF4, 0x38, 0xF3, 0x38, 0xF4, 0x36, 0xEF, 0xE0, 0x23, 0xE3,
  0x06, 0xE2, 0xC0, 0xED, 0x01, 0x8C, 0x31, 0x0C, 0xE0, 0x2C, 0x87, 0x31,
  0x2B, 0x28, 0x2B, 0x0C, 0x33, 0x0C, 0x31, 0x0C, 0x31, 0x33, 0x34, 0xE3,
  0x09, 0xEF, 0xE2, 0x00, 0xED, 0x01, 0xE0, 0x27, 0xA4, 0x34, 0xE0, 0x24,
  0x91, 0x28, 0x31, 0xE0, 0x27, 0x8C, 0x34, 0xF3, 0x9C, 0x34, 0xF4, 0xE0,
  0x27, 0xA4, 0x33, 0xE0, 0x24, 0x91, 0x33, 0x2B, 0xE0, 0x27, 0x8C, 0x28,
  0xF3, 0x9C, 0x28, 0xF4, 0xE0, 0x27, 0xA4, 0x34, 0xE0, 0x24, 0x91, 0x28,
  0x31, 0xE0, 0x27, 0x8C, 0x34, 0xF3, 0x9C, 0x34, 0xF4, 0xE0, 0x27, 0xA4,
  0x33, 0xE0, 0x24, 0x91, 0x33, 0x2B, 0x28, 0xE0, 0x22, 0x87, 0x28, 0x29,
  0x2B, 0x31, 0x33, 0x34, 0x36, 0xE0, 0x27, 0xEB, 0x03, 0xA4, 0x38, 0xF3,
  0x38, 0xF4, 0xEC, 0x38, 0xEF, 0xE0, 0x22, 0x87, 0x0C, 0x31, 0x34, 0x38,
  0x36, 0x33, 0x2B, 0x33, 0x31, 0x28, 0x24, 0x28, 0x26, 0x28, 0x24, 0x21,
  0xE8, 0xE7, 0xA6, 0xE0, 0x1B, 0xA4, 0x0C, 0x87, 0xEB, 0x02, 0x21, 0x1B,
  0x0C, 0x21, 0x1B, 0x1B, 0x0C, 0x21, 0x0C, 0x21, 0x0C, 0x1B, 0x21, 0x0C,
  0x28, 0x0C, 0x21, 0x1B, 0x0C, 0x21, 0x1B, 0x21, 0x0C, 0x21, 0x0C, 0x21,
  0x0C, 0x1B, 0x21, 0x0C, 0x28, 0x18, 0x21, 0x1B, 0x0C, 0x21, 0x1B, 0x1B,
  0x0C, 0x21, 0x0C, 0x21, 0x0C, 0x1B, 0x21, 0x0C, 0x28, 0x0C, 0x21, 0x1B,
  0x0C, 0x21, 0x1B, 0x1B, 0x0C, 0x21, 0x0C, 0x21, 0x0C, 0x1B, 0x28, 0x26,
  0x24, 0x23, 0xEC, 0xEB, 0x02, 0xEB, 0x02, 0xE0, 0x1F, 0x8C, 0x29, 0x29,
  0xE0, 0x1B, 0x87, 0x28, 0x26, 0x0C, 0x24, 0x0C, 0x26, 0x0C, 0x28, 0x0C,
  0x0C, 0x2B, 0x0C, 0xEC, 0xEB, 0x02, 0xE0, 0x1F, 0x8C, 0x24, 0x24, 0xE0,
  0x1B, 0x87, 0x23, 0x21, 0x0C, 0x1B, 0x0C, 0x21, 0x0C, 0x23, 0x0C, 0x0C,
  0x2B, 0x0C, 0xEC, 0xEC, 0xE9, 0x71, 0xA8, 0x8C, 0x24, 0x87, 0x24, 0x24,
  0x0C, 0x26, 0x0C, 0x28, 0x0C, 0x26, 0x0C, 0x24, 0x0C, 0x26, 0x24, 0x0C,
  0xE9, 0x71, 0xA8, 0xE0, 0x20, 0x94, 0x21, 0xE0, 0x1B, 0x87, 0x21, 0x1B,
  0x18, 0x1B, 0x0C, 0x23, 0x0C, 0x21, 0x0C, 0x21, 0x23, 0x24, 0xEB, 0x02,
  0xEB, 0x02, 0x8C, 0x29, 0x87, 0x29, 0x29, 0x0C, 0x2B, 0x0C, 0x31, 0x0C,
  0x2B, 0x0C, 0x29, 0x0C, 0x2B, 0x29, 0x0C, 0xEC, 0xEB, 0x02, 0x8C, 0x24,
  0x87, 0x24, 0x24, 0x0C, 0x26, 0x0C, 0x28, 0x0C, 0x26, 0x0C, 0x24, 0x0C,
  0x26, 0x24, 0x0C, 0xEC, 0xEC, 0xE9, 0x4B, 0xA8, 0x8C, 0x24, 0x87, 0x24,
  0x24, 0x0C, 0x26, 0x0C, 0x28, 0x0C, 0x26, 0x0C, 0x24, 0x0C, 0x26, 0x24,
  0x0C, 0xE9, 0x4B, 0xA8, 0x87, 0x0C, 0x21, 0x24, 0x28, 0x26, 0x23, 0x1B,
  0x23, 0x21, 0x18, 0x14, 0x18, 0x16, 0x18, 0x14, 0x11, 0xE8, 0x20, 0xA8,
  0xEB, 0x02, 0x8C, 0x29, 0x87, 0x29, 0x29, 0x0C, 0x2B, 0x0C, 0x31, 0x0C,
  0x2B, 0x0C, 0x29, 0x0C, 0x2B, 0x29, 0x0C, 0xEC, 0x8C, 0x24, 0x87, 0x24,
  0x24, 0x0C, 0x26, 0x0C, 0x28, 0x0C, 0x26, 0x0C, 0x24, 0x0C, 0x26, 0x24,
  0x0C, 0xEA, 0x8C, 0x29, 0x87, 0x29, 0x29, 0x0C, 0x2B, 0x0C, 0x31, 0x0C,
  0x2B, 0x0C, 0x29, 0x0C, 0x29, 0x2B, 0x0C, 0x8C, 0x29, 0x87, 0x0C, 0x29,
  0x0C, 0x2B, 0x0C, 0x31, 0x0C, 0x2B, 0x0C, 0x29, 0x0C, 0x2B, 0x29, 0x0C,
  0x24, 0x24, 0x0C, 0x24, 0x24, 0x26, 0x0C, 0x28, 0x0C, 0x26, 0x0C, 0x24,
  0x0C, 0x24, 0x26, 0x0C, 0xEA, 0xE0, 0x16, 0xE3, 0x06, 0xA4, 0x10, 0xEB,
  0x03, 0xF9, 0x8C, 0x01, 0x87, 0x01, 0x01, 0xF9, 0x87, 0x01, 0xF9, 0x10,
  0xF9, 0x01, 0xF9, 0x01, 0x01, 0xF9, 0x10, 0x01, 0xF9, 0x01, 0xF9, 0x8C,
  0x01, 0x87, 0x01, 0x01, 0xEC, 0xF9, 0x8C, 0x01, 0x87, 0x01, 0x01, 0xF9,
  0x87, 0x01, 0xF9, 0x10, 0xF9, 0x01, 0xF9, 0x01, 0x01, 0xF9, 0x10, 0xEB,
  0x03, 0xFA, 0x05, 0x10, 0xEC, 0xEB, 0x04, 0xE9, 0x48, 0xA9, 0xE9, 0x48,
  0xA9, 0xE9, 0x48, 0xA9, 0xE9, 0x2B, 0xA9, 0xEC, 0xEB, 0x03, 0xE9, 0x48,
  0xA9, 0xEC, 0xE9, 0x13, 0xA9, 0xEB, 0x03, 0xE9, 0x48, 0xA9, 0xE9, 0x48,
  0xA9, 0xE9, 0x48, 0xA9, 0xE9, 0x2B, 0xA9, 0xEC, 0xEB, 0x03, 0xE9, 0x48,
  0xA9, 0xEC, 0xE9, 0x13, 0xA9, 0xE8, 0xF8, 0xA8, 0x8C, 0xFA, 0x05, 0x87,
  0x00, 0x00, 0xEB, 0x03, 0xFA, 0x05, 0xEC, 0xEB, 0x03, 0x8C, 0xFA, 0x05,
  0xEC, 0xEB, 0x03, 0x87, 0xFA, 0x05, 0xEC, 0xEA, 0xF9, 0x8C, 0x01, 0x87,
  0x01, 0x01, 0xFA, 0x87, 0x05, 0xF9, 0x10, 0xF9, 0x01, 0xF9, 0x01, 0x01,
  0xF9, 0x10, 0x01, 0xF9, 0x01, 0xFA, 0x05, 0x10, 0xFA, 0x05, 0xFA, 0x05,
  0xEA, 0xF9, 0x8C, 0x01, 0x87, 0x01, 0x01, 0xFA, 0x87, 0x05, 0xF9, 0x10,
  0xF9, 0x01, 0xF9, 0x01, 0x01, 0xF9, 0x10, 0x01, 0xF9, 0x01, 0xFA, 0x05,
  0x10, 0xF9, 0x01, 0x01, 0xEA, 0x04, 0x71, 0xA9, 0x05, 0xC9, 0xA9, 0x06,
  0x0B, 0xAA, 0x07, 0x39, 0xAA, 0xFF, 0xE2, 0x40, 0xE3, 0x07, 0xE9, 0xBD,
  0xA9, 0xE0, 0x27, 0x34, 0xF3, 0xED, 0x01, 0x34, 0xED, 0x02, 0x94, 0x34,
  0xEF, 0x8C, 0x0C, 0xF4, 0xE9, 0xBD, 0xA9, 0xE0, 0x27, 0x35, 0xF3, 0xED,
  0x01, 0x35, 0xED, 0x02, 0x94, 0x35, 0xEF, 0x8C, 0x0C, 0xF4, 0xE0, 0x29,
  0x8F, 0x35, 0x81, 0x0C, 0x8F, 0x35, 0x81, 0x0C, 0x8F, 0x35, 0x37, 0x81,
  0x0C, 0x8F, 0x35, 0x81, 0x0C, 0x8F, 0x37, 0xE0, 0x27, 0x94, 0x39, 0xF3,
  0xED, 0x01, 0x39, 0xED, 0x02, 0x9C, 0x39, 0xF4, 0xEF, 0xFF, 0xE0, 0x22,
  0x87, 0x30, 0x2B, 0x29, 0x27, 0xE0, 0x23, 0x8C, 0x29, 0xEA, 0xE2, 0x00,
  0xE3, 0x07, 0xE0, 0x27, 0x9C, 0x24, 0xF3, 0x8C, 0x24, 0xF4, 0xE0, 0x23,
  0x19, 0x1B, 0x20, 0xE0, 0x27, 0x9C, 0x25, 0xF3, 0x8C, 0x25, 0xF4, 0xE0,
  0x23, 0x20, 0x22, 0x24, 0xE0, 0x28, 0xEB, 0x02, 0x89, 0x29, 0x8A, 0x25,
  0x89, 0x20, 0xEC, 0xEB, 0x02, 0x89, 0x2B, 0x8A, 0x27, 0x89, 0x22, 0xEC,
  0x89, 0x24, 0x8A, 0x27, 0x89, 0x29, 0x2B, 0x8A, 0x30, 0x89, 0x2B, 0xE0,
  0x27, 0x9C, 0x29, 0xFF, 0xE0, 0x1A, 0x87, 0x29, 0x29, 0x0C, 0x29, 0x0C,
  0x29, 0x0C, 0x29, 0x29, 0x29, 0x27, 0x0C, 0x25, 0x0C, 0x24, 0x0C, 0x25,
  0x25, 0x0C, 0x25, 0x0C, 0x25, 0x0C, 0x25, 0x25, 0x25, 0x22, 0x0C, 0x24,
  0x0C, 0x25, 0x0C, 0xE0, 0x17, 0xED, 0x02, 0x9C, 0x22, 0x27, 0xA4, 0x29,
  0xEF, 0xFF, 0xE0, 0x16, 0xE3, 0x06, 0xEB, 0x02, 0xF9, 0x8C, 0x01, 0xFA,
  0x05, 0x87, 0x01, 0xFA, 0x05, 0xF9, 0x8C, 0x01, 0xEC, 0xF9, 0x01, 0xFA,
  0x87, 0x05, 0xFA, 0x05, 0x01, 0xFA, 0x05, 0x01, 0xFA, 0x05, 0xFA, 0x8C,
  0x05, 0xF9, 0x01, 0xFA, 0x05, 0xFA, 0x05, 0xEB, 0x02, 0x8F, 0xF9, 0x01,
  0x81, 0x10, 0xFA, 0x8F, 0x05, 0x81, 0x10, 0xFA, 0x8F, 0x05, 0xEC, 0x87,
  0x00, 0x00, 0x01, 0x01, 0x02, 0x02, 0x03, 0x03, 0x04, 0x05, 0xFA, 0x05,
  0xFA, 0x05, 0xFA, 0x94, 0x05, 0xFF, 0x04, 0x92, 0xAA, 0x05, 0x2D, 0xAB,
  0x06, 0xAB, 0xAB, 0x07, 0xF8, 0xAB, 0xFF, 0xE2, 0x00, 0xE3, 0x09, 0xE0,
  0x27, 0xEB, 0x02, 0xA4, 0xED, 0x01, 0x37, 0xF3, 0x37, 0xF4, 0x36, 0xF3,
  0x36, 0xF4, 0xEC, 0xEF, 0xE0, 0x26, 0x99, 0x27, 0xE0, 0x27, 0x8C, 0x24,
  0xF3, 0xED, 0x01, 0x94, 0x24, 0xED, 0x02, 0x24, 0xEF, 0xF4, 0xE0, 0x26,
  0x99, 0x24, 0xE0, 0x22, 0x87, 0x26, 0x27, 0xE0, 0x29, 0x8F, 0x2B, 0x81,
  0x0C, 0x8F, 0x27, 0x81, 0x0C, 0x8F, 0x2B, 0xE0, 0x26, 0x99, 0x32, 0xE0,
  0x27, 0x8C, 0x26, 0xF3, 0xED, 0x01, 0x9C, 0x26, 0xED, 0x02, 0x24, 0xEF,
  0xF4, 0xE0, 0x29, 0x8F, 0x26, 0x81, 0x0C, 0x8F, 0x27, 0x81, 0x0C, 0x8F,
  0x26, 0xE0, 0x27, 0x9C, 0x24, 0x8C, 0x0C, 0xE0, 0x23, 0x24, 0x26, 0x27,
  0xE0, 0x25, 0x94, 0x26, 0xE0, 0x23, 0x8C, 0x24, 0xE0, 0x25, 0x94, 0x22,
  0xE0, 0x23, 0x8C, 0x24, 0xE0, 0x25, 0x94, 0x26, 0xE0, 0x27, 0x9C, 0x24,
  0x8C, 0x0C, 0xE0, 0x23, 0x24, 0x26, 0x27, 0xE0, 0x25, 0x94, 0x29, 0xE0,
  0x23, 0x8C, 0x27, 0xE0, 0x25, 0x94, 0x29, 0xE0, 0x23, 0x8C, 0x2B, 0xE0,
  0x25, 0x94, 0x30, 0xE8, 0xA7, 0xAA, 0xE2, 0x40, 0xE3, 0x09, 0xE0, 0x27,
  0xA4, 0x34, 0xF3, 0xED, 0x01, 0x34, 0xF4, 0xEF, 0x32, 0xED, 0x01, 0xF3,
  0x32, 0xF4, 0xEF, 0xE0, 0x22, 0x87, 0x19, 0x20, 0x24, 0x27, 0xE0, 0x27,
  0x94, 0x2B, 0xF3, 0xED, 0x01, 0x2B, 0xED, 0x02, 0x2B, 0xEF, 0xF4, 0xE0,
  0x23, 0x8C, 0x2B, 0xE0, 0x22, 0x87, 0x27, 0xE0, 0x23, 0x8C, 0x2B, 0xE0,
  0x22, 0x87, 0x29, 0xE0, 0x23, 0x8C, 0x27, 0xE0, 0x24, 0x91, 0x2B, 0x94,
  0x27, 0xF3, 0x87, 0x27, 0xF4, 0xE0, 0x23, 0x8C, 0x19, 0xE0, 0x22, 0x87,
  0x22, 0x26, 0xE0, 0x27, 0x94, 0x29, 0xF3, 0xED, 0x01, 0x29, 0xED, 0x02,
  0x29, 0xEF, 0xF4, 0xE0, 0x23, 0x8C, 0x29, 0xE0, 0x22, 0x87, 0x26, 0xE0,
  0x23, 0x8C, 0x29, 0xE0, 0x22, 0x87, 0x27, 0xE0, 0x23, 0x8C, 0x26, 0xE0,
  0x24, 0x91, 0x29, 0x94, 0x26, 0xF3, 0x87, 0x26, 0xF4, 0xE8, 0x42, 0xAB,
  0xE0, 0x1B, 0x87, 0x19, 0x0C, 0x19, 0x20, 0x0C, 0x20, 0x29, 0x0C, 0xA4,
  0x0C, 0x87, 0x20, 0x22, 0x20, 0x1B, 0x0C, 0x20, 0x19, 0x0C, 0x87, 0x19,
  0x0C, 0x19, 0x20, 0x0C, 0x20, 0x29, 0x0C, 0xA4, 0x0C, 0x81, 0xEB, 0x02,
  0x32, 0x31, 0x30, 0x2B, 0x2A, 0x0C, 0x0C, 0xEC, 0xEB, 0x02, 0x30, 0x2B,
  0x2A, 0x29, 0x28, 0x0C, 0x0C, 0xEC, 0xEB, 0x02, 0x2A, 0x29, 0x28, 0x27,
  0x26, 0x0C, 0x0C, 0xEC, 0xEB, 0x02, 0x28, 0x27, 0x26, 0x25, 0x24, 0x0C,
  0x0C, 0xEC, 0xE8, 0xAD, 0xAB, 0xE0, 0x16, 0xE3, 0x06, 0xEB, 0x02, 0x8C,
  0xF9, 0x00, 0x01, 0xFA, 0x05, 0x87, 0x01, 0x00, 0xEB, 0x03, 0x8C, 0x00,
  0x01, 0x00, 0x87, 0x01, 0x00, 0xEC, 0xEC, 0x8C, 0xF9, 0x00, 0xF9, 0x01,
  0xFA, 0x05, 0xF9, 0x87, 0x01, 0x00, 0x8C, 0x00, 0xF9, 0x01, 0xFA, 0x05,
  0xF9, 0x87, 0x01, 0x00, 0xE8, 0x12, 0xAC, 0x04, 0x37, 0xAC, 0x05, 0xC1,
  0xAC, 0x06, 0xAA, 0xAD, 0x07, 0xCB, 0xAD, 0xFF, 0xE2, 0x40, 0xE3, 0x08,
  0xEB, 0x02, 0xE0, 0x0B, 0x90, 0x13, 0x1A, 0x23, 0x1A, 0x25, 0x1A, 0xE0,
  0x09, 0x8A, 0x27, 0x25, 0x23, 0x22, 0xE0, 0x0B, 0x90, 0x10, 0x17, 0x20,
  0x17, 0x23, 0x22, 0xE0, 0x09, 0x8A, 0x23, 0x22, 0x20, 0x17, 0xE0, 0x0B,
  0x90, 0x08, 0x13, 0x18, 0x1A, 0x20, 0x18, 0x20, 0x23, 0xE0, 0x0B, 0x90,
  0x0A, 0x15, 0x1A, 0x20, 0x22, 0x20, 0xE0, 0x09, 0x8A, 0x25, 0x23, 0x22,
  0x23, 0xEC, 0xEB, 0x02, 0xE0, 0x0B, 0x90, 0x15, 0x20, 0x25, 0x20, 0x27,
  0x20, 0xE0, 0x09, 0x8A, 0x29, 0x27, 0x25, 0x23, 0xE0, 0x0B, 0x90, 0x12,
  0x19, 0x22, 0x19, 0x24, 0x19, 0xE0, 0x09, 0x8A, 0x25, 0x24, 0x22, 0x19,
  0xE0, 0x0B, 0x90, 0x1A, 0x15, 0x1A, 0x15, 0x20, 0x15, 0xE0, 0x09, 0x8A,
  0x20, 0x22, 0x23, 0x25, 0xE0, 0x0B, 0x90, 0x10, 0x17, 0x20, 0x27, 0x25,
  0x24, 0x22, 0x20, 0xEC, 0xE0, 0x0D, 0x98, 0x20, 0x1A, 0x18, 0x17, 0xE8,
  0x3B, 0xAC, 0xE2, 0x00, 0xE3, 0x08, 0xEB, 0x02, 0xE0, 0x2D, 0x98, 0x2A,
  0x33, 0x90, 0x0C, 0xE0, 0x09, 0x8A, 0x32, 0x33, 0xE0, 0x0B, 0x90, 0x35,
  0xE0, 0x09, 0x8A, 0x33, 0x32, 0xE0, 0x2D, 0x90, 0x33, 0xF3, 0xED, 0x01,
  0x33, 0xED, 0x02, 0x33, 0xF4, 0xEF, 0xE0, 0x0F, 0x87, 0x32, 0x86, 0x33,
  0x87, 0x32, 0xE0, 0x2D, 0x90, 0x30, 0xF3, 0xED, 0x01, 0x30, 0xED, 0x02,
  0x98, 0x30, 0xEF, 0xF4, 0x98, 0x35, 0x30, 0x90, 0x0C, 0xE0, 0x09, 0x8A,
  0x34, 0x35, 0xE0, 0x0B, 0x90, 0x38, 0xE0, 0x09, 0x8A, 0x37, 0x35, 0xE0,
  0x2D, 0x90, 0x33, 0xED, 0x01, 0xF3, 0x33, 0xED, 0x02, 0x33, 0xEF, 0xF4,
  0xE0, 0x0F, 0x87, 0x33, 0x86, 0x35, 0x87, 0x33, 0xE0, 0x2D, 0x90, 0x32,
  0xED, 0x01, 0xF3, 0x32, 0xED, 0x02, 0x98, 0x32, 0xEF, 0xF4, 0xEC, 0xEB,
  0x02, 0xF4, 0xEB, 0x02, 0xE0, 0x0D, 0x82, 0x38, 0xF3, 0x82, 0x39, 0x97,
  0x39, 0xF4, 0x82, 0x38, 0xF3, 0x82, 0x39, 0x97, 0x39, 0xF4, 0x90, 0x0C,
  0xE0, 0x09, 0x8A, 0x37, 0x39, 0xE0, 0x0B, 0x90, 0x3A, 0xE0, 0x09, 0x8A,
  0x39, 0x37, 0xEC, 0xE0, 0x0D, 0x82, 0x39, 0xF3, 0x82, 0x3A, 0x97, 0x3A,
  0xF4, 0x82, 0x39, 0xF3, 0x82, 0x3A, 0x97, 0x3A, 0xF4, 0x90, 0x0C, 0xE0,
  0x09, 0x8A, 0x39, 0x3A, 0xE0, 0x0B, 0x90, 0x40, 0xE0, 0x09, 0x8A, 0x3A,
  0x39, 0xE0, 0x0D, 0x90, 0x40, 0xED, 0x01, 0xF3, 0x40, 0xED, 0x02, 0x40,
  0xEF, 0xF4, 0xE0, 0x0F, 0x87, 0x42, 0x86, 0x44, 0x87, 0x42, 0xE0, 0x0D,
  0x90, 0x40, 0xF3, 0xED, 0x01, 0x40, 0x98, 0x40, 0xEF, 0xF3, 0xEC, 0xA0,
  0x40, 0x40, 0xEF, 0xF4, 0xE8, 0xC5, 0xAC, 0xE0, 0x17, 0xEB, 0x02, 0xA0,
  0x23, 0x23, 0x20, 0x20, 0x18, 0x18, 0x1A, 0x1A, 0xEC, 0xEB, 0x02, 0x25,
  0x25, 0x22, 0x22, 0x1A, 0x1A, 0x20, 0x20, 0xEC, 0x98, 0x20, 0x1A, 0x18,
  0x17, 0xE8, 0xAC, 0xAD, 0xE0, 0x16, 0xE3, 0x06, 0xEB, 0x10, 0xF9, 0x90,
  0x00, 0x01, 0xFA, 0x05, 0x01, 0xF9, 0x00, 0xF9, 0x01, 0xFA, 0x05, 0x01,
  0xEC, 0x98, 0x01, 0x00, 0x00, 0x00, 0xE8, 0xCF, 0xAD, 0x04, 0xF5, 0xAD,
  0x05, 0xF4, 0xAE, 0x06, 0xAE, 0xAF, 0x07, 0xE5, 0xAF, 0xFF, 0xE2, 0x40,
  0xE3, 0x09, 0xEB, 0x02, 0xE0, 0x27, 0x94, 0x27, 0xF3, 0xED, 0x01, 0x27,
  0xED, 0x02, 0x9C, 0x27, 0xEF, 0xF4, 0x94, 0x26, 0xF3, 0xED, 0x01, 0x26,
  0xED, 0x02, 0x99, 0x26, 0xF4, 0xEF, 0xE0, 0x23, 0x8C, 0x22, 0xE0, 0x22,
  0x87, 0x24, 0x26, 0xE0, 0x27, 0x94, 0x24, 0xF3, 0xED, 0x01, 0x24, 0xED,
  0x02, 0x99, 0x24, 0xA4, 0x24, 0xF4, 0xEF, 0xE0, 0x27, 0x94, 0x27, 0xF3,
  0xED, 0x01, 0x27, 0xED, 0x02, 0x99, 0x27, 0xF4, 0xEF, 0xE0, 0x23, 0x8C,
  0x27, 0xE0, 0x27, 0x8C, 0x29, 0xF3, 0xED, 0x01, 0x29, 0xED, 0x02, 0x94,
  0x29, 0xEF, 0xF4, 0x8C, 0x22, 0xF3, 0xED, 0x01, 0x22, 0xED, 0x02, 0x94,
  0x22, 0xEF, 0xF4, 0x9C, 0x24, 0xF3, 0xED, 0x01, 0x24, 0xED, 0x02, 0xA4,
  0x24, 0xEF, 0xF4, 0xEC, 0xE0, 0x05, 0x8B, 0x30, 0xED, 0x01, 0xF3, 0x30,
  0xED, 0x02, 0x92, 0x30, 0xEF, 0xF4, 0x8B, 0x0C, 0xE0, 0x01, 0x32, 0x34,
  0xE0, 0x05, 0x8B, 0x32, 0xF3, 0xED, 0x01, 0x32, 0xED, 0x02, 0x97, 0x32,
  0xEF, 0xF4, 0x8B, 0x0C, 0xE0, 0x01, 0x30, 0x2B, 0x29, 0xE0, 0x05, 0x8B,
  0x27, 0xF3, 0xED, 0x01, 0x27, 0xED, 0x02, 0x92, 0x27, 0xEF, 0xF4, 0x8B,
  0x0C, 0xE0, 0x03, 0x92, 0x35, 0xE0, 0x01, 0x8B, 0x37, 0xE0, 0x05, 0x8B,
  0x34, 0xF3, 0xED, 0x01, 0x34, 0xED, 0x02, 0x92, 0x34, 0xEF, 0xF4, 0xE0,
  0x03, 0x30, 0x2B, 0xE0, 0x04, 0x97, 0x30, 0xE0, 0x03, 0x92, 0x34, 0xE0,
  0x01, 0x8B, 0x32, 0x30, 0x32, 0xE0, 0x04, 0x97, 0x2B, 0x27, 0xE0, 0x01,
  0x8B, 0x29, 0x2B, 0x30, 0x29, 0x2B, 0xE0, 0x03, 0x92, 0x30, 0xE0, 0x01,
  0x8B, 0x29, 0x2B, 0xE0, 0x03, 0x92, 0x30, 0xE0, 0x01, 0x8B, 0x2B, 0x30,
  0xE0, 0x03, 0x92, 0x32, 0xE0, 0x01, 0x8B, 0x30, 0x32, 0x34, 0xE8, 0x67,
  0xAE, 0xE2, 0xC0, 0xE3, 0x08, 0xEB, 0x02, 0xE9, 0x9A, 0xAF, 0x23, 0x1B,
  0x23, 0x1B, 0x26, 0x1B, 0x26, 0x1B, 0x23, 0x1B, 0x23, 0x1B, 0x26, 0x1B,
  0x23, 0x1B, 0xE9, 0x9A, 0xAF, 0xE9, 0x89, 0xAF, 0xE9, 0x9A, 0xAF, 0x2B,
  0x1B, 0x2B, 0x1B, 0x29, 0x1B, 0x29, 0x1B, 0x27, 0x1B, 0x27, 0x1B, 0x26,
  0x1B, 0x26, 0x1B, 0xE9, 0x9A, 0xAF, 0xE9, 0x89, 0xAF, 0xEC, 0xE5, 0x01,
  0xE2, 0x00, 0xE0, 0x01, 0x8B, 0x29, 0x24, 0x27, 0x29, 0x30, 0x2B, 0x29,
  0x27, 0x25, 0x24, 0x22, 0x20, 0x1B, 0x17, 0x19, 0x1B, 0x19, 0x1B, 0x20,
  0x22, 0x27, 0x25, 0x24, 0x22, 0x24, 0x29, 0x2B, 0x30, 0xE0, 0x03, 0x92,
  0x34, 0x32, 0xE0, 0x01, 0x8B, 0x25, 0x29, 0x30, 0xE0, 0x03, 0x92, 0x34,
  0xE0, 0x01, 0x8B, 0x32, 0x34, 0x32, 0xE0, 0x01, 0x8B, 0x27, 0x32, 0x30,
  0xE0, 0x03, 0x92, 0x2B, 0xE0, 0x01, 0x8B, 0x27, 0x29, 0x2B, 0xE0, 0x00,
  0x86, 0xEB, 0x04, 0x35, 0x34, 0x32, 0x30, 0xEC, 0xEB, 0x04, 0x37, 0x35,
  0x34, 0x32, 0xEC, 0xE8, 0x31, 0xAF, 0x34, 0x33, 0x32, 0x31, 0x30, 0x2B,
  0x2A, 0x29, 0x28, 0x27, 0x26, 0x25, 0x24, 0x23, 0x22, 0x21, 0xEA, 0xE0,
  0x22, 0x87, 0x24, 0x1B, 0x24, 0x1B, 0x27, 0x1B, 0x27, 0x1B, 0x24, 0x1B,
  0x24, 0x1B, 0x27, 0x1B, 0x24, 0x1B, 0xEA, 0xE0, 0x1F, 0xEB, 0x80, 0x8C,
  0x24, 0xEC, 0xE0, 0x1E, 0x8B, 0xEB, 0x08, 0x19, 0xEC, 0xEB, 0x08, 0x15,
  0xEC, 0xEB, 0x08, 0x17, 0xEC, 0xEB, 0x06, 0x20, 0xEC, 0x1B, 0x1B, 0xEB,
  0x08, 0x25, 0xEC, 0xEB, 0x08, 0x27, 0xEC, 0x25, 0x25, 0x25, 0x25, 0x29,
  0x29, 0x29, 0x29, 0x27, 0x27, 0x27, 0x27, 0x24, 0x24, 0x24, 0x24, 0xE8,
  0xB7, 0xAF, 0xE0, 0x16, 0xE3, 0x06, 0xEB, 0x3C, 0x94, 0xF9, 0x10, 0xEC,
  0x87, 0xFA, 0x08, 0xFA, 0x08, 0xFA, 0x09, 0x10, 0xFA, 0x09, 0xFA, 0x09,
  0xFA, 0x0A, 0x10, 0xFA, 0x0A, 0xFA, 0x0A, 0xEB, 0x06, 0xFA, 0x0B, 0xEC,
  0xE9, 0x46, 0xB0, 0xE9, 0x61, 0xB0, 0xE9, 0x46, 0xB0, 0x8B, 0x01, 0xF9,
  0x86, 0x00, 0x00, 0xEB, 0x02, 0xFA, 0x8B, 0x05, 0x86, 0x00, 0x00, 0xEC,
  0xFA, 0x8B, 0x05, 0xFA, 0x86, 0x05, 0xFA, 0x05, 0xE9, 0x46, 0xB0, 0xE9,
  0x61, 0xB0, 0xEB, 0x06, 0x8B, 0xFA, 0x05, 0x86, 0xF9, 0x00, 0x00, 0xEC,
  0x86, 0xFA, 0x05, 0x8B, 0xFA, 0x05, 0xEB, 0x05, 0x86, 0xFA, 0x05, 0xEC,
  0xE8, 0x07, 0xB0, 0xF9, 0x8B, 0x01, 0x86, 0x00, 0x00, 0xFA, 0x8B, 0x05,
  0x86, 0x00, 0x00, 0xF9, 0x8B, 0x01, 0xF9, 0x86, 0x00, 0x00, 0xFA, 0x8B,
  0x05, 0xF9, 0x86, 0x00, 0x00, 0xEA, 0x8B, 0x01, 0xF9, 0x86, 0x00, 0x00,
  0xFA, 0x8B, 0x05, 0x86, 0x00, 0x00, 0xF9, 0x8B, 0x01, 0x86, 0x00, 0x00,
  0xFA, 0x8B, 0x05, 0x86, 0x00, 0x00, 0xEA, 0x04, 0x87, 0xB0, 0x05, 0xA0,
  0xB1, 0x06, 0x8D, 0xB2, 0x07, 0x86, 0xB0, 0xFF, 0xE2, 0xC0, 0xE3, 0x08,
  0xE0, 0x27, 0x94, 0x22, 0xED, 0x01, 0xF3, 0x22, 0xED, 0x02, 0x9C, 0x22,
  0xF4, 0xEF, 0xE0, 0x25, 0x94, 0x27, 0x26, 0x24, 0x22, 0xE0, 0x27, 0x91,
  0x24, 0xED, 0x01, 0xF3, 0x24, 0xED, 0x02, 0x99, 0x24, 0xEF, 0xF4, 0xE0,
  0x25, 0x94, 0x2B, 0xE0, 0x27, 0x24, 0xF3, 0xED, 0x01, 0x24, 0xED, 0x02,
  0x9C, 0x24, 0xEF, 0xF4, 0x24, 0x21, 0xE0, 0x25, 0x94, 0x24, 0x29, 0x27,
  0x24, 0xE0, 0x27, 0x26, 0xF3, 0xED, 0x01, 0x26, 0xED, 0x02, 0x9C, 0x26,
  0xA4, 0x26, 0xF4, 0xEF, 0x9C, 0x32, 0x91, 0x2B, 0xF3, 0xED, 0x01, 0x2B,
  0xED, 0x02, 0x99, 0x2B, 0xEF, 0xF4, 0xE0, 0x25, 0x94, 0x32, 0x31, 0x2B,
  0xE0, 0x27, 0x9C, 0x32, 0x29, 0x28, 0x24, 0x2B, 0xA1, 0x29, 0xEF, 0xF4,
  0xE0, 0x25, 0x94, 0x24, 0x26, 0x27, 0xE0, 0x27, 0x26, 0xF3, 0xED, 0x01,
  0x26, 0xED, 0x02, 0x9C, 0x26, 0xA4, 0x26, 0xF4, 0xEF, 0x9C, 0x29, 0x91,
  0x26, 0xF3, 0xED, 0x01, 0x26, 0xED, 0x02, 0x99, 0x26, 0xEF, 0xF4, 0xE0,
  0x25, 0x94, 0x26, 0x27, 0x29, 0xE0, 0x27, 0x9C, 0x2B, 0x94, 0x22, 0xF3,
  0xED, 0x01, 0x22, 0xED, 0x02, 0xA4, 0x22, 0xEF, 0xF4, 0x9C, 0x2B, 0x91,
  0x28, 0xF3, 0xED, 0x01, 0x28, 0xED, 0x02, 0x99, 0x28, 0xEF, 0xF4, 0xE0,
  0x25, 0x94, 0x28, 0x29, 0x2B, 0xE0, 0x27, 0x31, 0xF3, 0xED, 0x01, 0x31,
  0xED, 0x02, 0x9C, 0x31, 0xA4, 0x31, 0xEF, 0xF4, 0xE0, 0x2C, 0x8C, 0x31,
  0x29, 0x29, 0x26, 0x26, 0x21, 0x21, 0x19, 0xE0, 0x27, 0x9C, 0x16, 0x31,
  0xE0, 0x2C, 0x8C, 0x32, 0x2B, 0x2B, 0x26, 0x26, 0x22, 0x22, 0x1B, 0xE0,
  0x27, 0x9C, 0x16, 0x32, 0xE0, 0x2C, 0x8C, 0x33, 0x30, 0x30, 0x28, 0x28,
  0x23, 0x23, 0x20, 0xE0, 0x27, 0x9C, 0x18, 0x28, 0xE0, 0x2C, 0x8C, 0x33,
  0x30, 0x30, 0x29, 0x29, 0x28, 0x8D, 0x28, 0x26, 0x26, 0x8E, 0x24, 0x24,
  0x23, 0x81, 0x0C, 0x8F, 0x23, 0x91, 0x20, 0x8C, 0x19, 0x21, 0xE8, 0x87,
  0xB0, 0xE2, 0x00, 0xE3, 0x07, 0xE0, 0x35, 0x8C, 0xEB, 0x02, 0x12, 0x16,
  0x19, 0x22, 0x21, 0x22, 0x19, 0x16, 0xEC, 0x12, 0x18, 0x1B, 0x22, 0x21,
  0x22, 0x1B, 0x18, 0x12, 0x18, 0x1B, 0x22, 0x21, 0x22, 0x24, 0x1B, 0x11,
  0x14, 0x19, 0x21, 0x24, 0x21, 0x19, 0x14, 0x11, 0x14, 0x19, 0x21, 0x24,
  0x21, 0x19, 0x17, 0xEB, 0x02, 0x12, 0x16, 0x19, 0x22, 0x26, 0x22, 0x19,
  0x16, 0xEC, 0xEB, 0x02, 0x12, 0x16, 0x1B, 0x22, 0x26, 0x22, 0x1B, 0x16,
  0xEC, 0x12, 0x14, 0x18, 0x1B, 0x22, 0x1B, 0x18, 0x14, 0x12, 0x14, 0x18,
  0x1B, 0x22, 0x1B, 0x18, 0x12, 0xEB, 0x02, 0x11, 0x14, 0x19, 0x21, 0x24,
  0x21, 0x19, 0x14, 0xEC, 0x12, 0x09, 0x12, 0x16, 0x19, 0x16, 0x19, 0x22,
  0x29, 0x26, 0x22, 0x19, 0x26, 0x22, 0x19, 0x16, 0xEB, 0x02, 0x12, 0x16,
  0x19, 0x22, 0x26, 0x22, 0x19, 0x16, 0xEC, 0xEB, 0x02, 0x12, 0x18, 0x1B,
  0x22, 0x24, 0x22, 0x1B, 0x18, 0xEC, 0x12, 0x14, 0x18, 0x1B, 0x22, 0x1B,
  0x18, 0x14, 0x12, 0x14, 0x18, 0x1B, 0x22, 0x24, 0x22, 0x1B, 0x15, 0x18,
  0x1B, 0x22, 0x21, 0x25, 0x28, 0x32, 0x31, 0x28, 0x25, 0x22, 0x21, 0x18,
  0x16, 0x15, 0xE0, 0x27, 0xA4, 0x16, 0xE0, 0x35, 0x8C, 0x16, 0x18, 0x19,
  0x1B, 0x21, 0x19, 0x16, 0x21, 0xE0, 0x27, 0xA4, 0x16, 0xE0, 0x35, 0x8C,
  0x1B, 0x21, 0x22, 0x24, 0x26, 0x22, 0x1B, 0x26, 0xE0, 0x27, 0xA4, 0x18,
  0xE0, 0x35, 0x8C, 0x18, 0x20, 0x23, 0x26, 0x24, 0x23, 0x24, 0x26, 0xE0,
  0x27, 0xA4, 0x28, 0xF3, 0x82, 0x28, 0xF4, 0xA1, 0x18, 0xF3, 0x81, 0x18,
  0x8F, 0x18, 0xF4, 0xE0, 0x25, 0x94, 0x19, 0xE8, 0xA0, 0xB1, 0xE0, 0x17,
  0xED, 0x01, 0x9C, 0x22, 0xA4, 0x29, 0x9C, 0x22, 0x24, 0xA4, 0x2B, 0x9C,
  0x24, 0x21, 0xA4, 0x29, 0x9C, 0x21, 0x22, 0xA4, 0x29, 0x9C, 0x22, 0x1B,
  0xA4, 0x2B, 0x9C, 0x22, 0x24, 0xA4, 0x2B, 0x9C, 0x24, 0x21, 0xA4, 0x29,
  0x9C, 0x24, 0x22, 0xA4, 0x29, 0x9C, 0x22, 0x22, 0xA4, 0x29, 0x9C, 0x22,
  0x22, 0xA4, 0x28, 0x9C, 0x22, 0x1B, 0xA4, 0x28, 0x9C, 0x1B, 0x21, 0x1B,
  0x19, 0x18, 0xA1, 0x16, 0x9C, 0x21, 0x94, 0x19, 0x18, 0x16, 0xA1, 0x16,
  0x9C, 0x22, 0x94, 0x1B, 0x15, 0x16, 0xA1, 0x18, 0x9C, 0x23, 0x94, 0x20,
  0x18, 0x16, 0xA1, 0x18, 0x23, 0x8A, 0x23, 0x82, 0x21, 0x89, 0x21, 0x9C,
  0x21, 0xE8, 0x91, 0xB2, 0x04, 0x00, 0xB3, 0x05, 0x41, 0xB3, 0x06, 0x6F,
  0xB3, 0x07, 0x7F, 0xB3, 0xFF, 0xE2, 0xC0, 0xE3, 0x09, 0xE0, 0x05, 0x9F,
  0x30, 0xF3, 0xED, 0x01, 0x30, 0xEF, 0xF4, 0x92, 0x37, 0xF3, 0xED, 0x01,
  0x37, 0xEF, 0xF4, 0x9F, 0x35, 0xED, 0x01, 0xF3, 0x35, 0xEF, 0xF4, 0x92,
  0x37, 0xF3, 0xED, 0x01, 0x37, 0xF4, 0xEF, 0x9F, 0x35, 0xF3, 0xED, 0x01,
  0x35, 0xF4, 0xEF, 0x92, 0x33, 0xED, 0x01, 0xF3, 0x33, 0xF4, 0xEF, 0xA2,
  0x32, 0xF3, 0xED, 0x01, 0x32, 0xF4, 0xEF, 0xE8, 0x00, 0xB3, 0xE2, 0x80,
  0xE3, 0x09, 0xE0, 0x01, 0x8B, 0xEB, 0x04, 0x30, 0x32, 0x33, 0x37, 0xEC,
  0xEB, 0x04, 0x2B, 0x32, 0x33, 0x25, 0xEC, 0xEB, 0x04, 0x2A, 0x32, 0x33,
  0x37, 0xEC, 0xEB, 0x02, 0x28, 0x32, 0x33, 0x37, 0xEC, 0x27, 0x30, 0x2B,
  0x32, 0x30, 0x33, 0x32, 0x37, 0xE8, 0x41, 0xB3, 0xE0, 0x17, 0xED, 0x01,
  0xA2, 0x20, 0x20, 0x1B, 0x1B, 0x1A, 0x1A, 0x18, 0x17, 0xE8, 0x6F, 0xB3,
  0xE0, 0x16, 0xE3, 0x06, 0x8B, 0xF9, 0x00, 0x00, 0x01, 0x00, 0x00, 0x00,
  0xF9, 0x01, 0x00, 0x8B, 0xFA, 0x05, 0x8B, 0x00, 0x00, 0x01, 0x00, 0x00,
  0x01, 0x00, 0xE8, 0x7F, 0xB3, 0x04, 0xA9, 0xB3, 0x05, 0xA4, 0xB5, 0x06,
  0x9B, 0xB6, 0x07, 0x4A, 0xB7, 0xFF, 0xE2, 0x40, 0xE3, 0x07, 0xE9, 0x07,
  0xB5, 0xE0, 0x24, 0x91, 0x27, 0xE0, 0x22, 0x87, 0x25, 0xE0, 0x27, 0x8C,
  0x24, 0xF3, 0xED, 0x01, 0x24, 0xED, 0x02, 0x94, 0x24, 0xF4, 0xEF, 0xE0,
  0x24, 0x91, 0x22, 0xE0, 0x22, 0x87, 0x24, 0xE0, 0x24, 0x91, 0x22, 0xE0,
  0x22, 0x87, 0x20, 0xE0, 0x27, 0x8C, 0x20, 0xF3, 0xED, 0x01, 0x20, 0xED,
  0x02, 0x94, 0x20, 0xF4, 0xEF, 0xE0, 0x24, 0x91, 0x24, 0xE0, 0x22, 0x87,
  0x25, 0xE0, 0x25, 0x94, 0x24, 0xE0, 0x27, 0x91, 0xED, 0x01, 0x2B, 0xF3,
  0xED, 0x02, 0x94, 0x2B, 0xF4, 0xEF, 0xE0, 0x22, 0x87, 0x29, 0xE0, 0x24,
  0x91, 0x2B, 0xE0, 0x22, 0x87, 0x30, 0xE0, 0x27, 0x8C, 0x22, 0xF3, 0xED,
  0x01, 0x22, 0xED, 0x02, 0x94, 0x22, 0xF4, 0xEF, 0xE0, 0x23, 0x8C, 0x27,
  0x0C, 0xE0, 0x25, 0x94, 0x25, 0xE0, 0x24, 0x91, 0x27, 0xE0, 0x22, 0x87,
  0x25, 0xE0, 0x27, 0x8C, 0x24, 0xF3, 0xED, 0x01, 0x24, 0xED, 0x02, 0x94,
  0x24, 0xF4, 0xEF, 0xE0, 0x24, 0x91, 0x22, 0xE0, 0x22, 0x87, 0x24, 0xE0,
  0x24, 0x91, 0x22, 0xE0, 0x22, 0x87, 0x20, 0xE0, 0x27, 0x8C, 0x30, 0xF3,
  0xED, 0x01, 0x30, 0xED, 0x02, 0x94, 0x30, 0xEF, 0xF4, 0xE0, 0x24, 0x91,
  0x29, 0xE0, 0x22, 0x87, 0x2B, 0xE0, 0x25, 0x94, 0x30, 0xE0, 0x23, 0x8C,
  0x30, 0x2B, 0x30, 0x32, 0x34, 0x30, 0xE0, 0x25, 0x94, 0x30, 0x2B, 0xE0,
  0x27, 0x8C, 0x30, 0xF3, 0xED, 0x01, 0x30, 0xED, 0x02, 0x94, 0x30, 0xF4,
  0xEF, 0xE0, 0x25, 0x94, 0x37, 0xE0, 0x23, 0x8C, 0x35, 0x34, 0xE0, 0x25,
  0x94, 0x32, 0xE0, 0x23, 0x8C, 0x34, 0x35, 0xE0, 0x25, 0x94, 0x37, 0xE0,
  0x23, 0x8C, 0x34, 0x32, 0xE0, 0x25, 0x94, 0x30, 0xE0, 0x23, 0x8C, 0x34,
  0x35, 0xE0, 0x25, 0x94, 0x39, 0xE0, 0x23, 0x8C, 0x37, 0x35, 0xE0, 0x25,
  0x94, 0x34, 0xE0, 0x23, 0x8C, 0x35, 0x37, 0xE0, 0x25, 0x94, 0x37, 0xE0,
  0x23, 0x8C, 0x35, 0x34, 0xE0, 0x25, 0x94, 0x35, 0xE0, 0x23, 0x8C, 0x30,
  0x30, 0xE0, 0x25, 0x94, 0x30, 0xE0, 0x27, 0x9C, 0x29, 0xE0, 0x23, 0x8C,
  0x2B, 0x30, 0x32, 0x30, 0x2B, 0x30, 0x2B, 0x29, 0x30, 0x29, 0xE0, 0x25,
  0x94, 0x30, 0x30, 0x34, 0x30, 0xE0, 0x27, 0x8C, 0x34, 0xF3, 0xED, 0x01,
  0x34, 0xED, 0x02, 0x94, 0x34, 0xEF, 0xF4, 0xE0, 0x25, 0x94, 0x32, 0x0C,
  0xE9, 0x07, 0xB5, 0xE0, 0x27, 0x94, 0x34, 0xF3, 0xED, 0x01, 0x34, 0xED,
  0x02, 0x9C, 0x34, 0xF4, 0xEF, 0xE8, 0xB0, 0xB3, 0xE0, 0x25, 0x94, 0x30,
  0x27, 0xE0, 0x24, 0x91, 0x2B, 0xE0, 0x22, 0x87, 0x29, 0xE0, 0x24, 0x91,
  0x27, 0xE0, 0x22, 0x87, 0x25, 0xE0, 0x25, 0x94, 0x27, 0xE0, 0x27, 0x8C,
  0x20, 0xF3, 0xED, 0x01, 0x20, 0xED, 0x02, 0x94, 0x20, 0xEF, 0xF4, 0xE0,
  0x24, 0x91, 0x25, 0xE0, 0x22, 0x87, 0x24, 0xE0, 0x25, 0x94, 0x22, 0x24,
  0xE0, 0x24, 0x91, 0x25, 0xE0, 0x22, 0x87, 0x27, 0xE0, 0x24, 0x91, 0x29,
  0xE0, 0x22, 0x87, 0x2B, 0xE0, 0x25, 0x94, 0x32, 0xE0, 0x27, 0x8C, 0x30,
  0xED, 0x01, 0xF3, 0x30, 0xED, 0x02, 0x94, 0x30, 0xF4, 0xEF, 0xE0, 0x24,
  0x91, 0x37, 0xE0, 0x22, 0x87, 0x37, 0xE0, 0x28, 0x89, 0x35, 0x34, 0x8A,
  0x35, 0x89, 0x37, 0x35, 0x8A, 0x37, 0x89, 0x39, 0x37, 0x8A, 0x39, 0x89,
  0x3B, 0x39, 0x8A, 0x3B, 0xE0, 0x25, 0x94, 0x40, 0x3B, 0x40, 0xE0, 0x24,
  0x91, 0x42, 0xE0, 0x22, 0x87, 0x44, 0xE0, 0x27, 0x94, 0x44, 0xF3, 0xED,
  0x01, 0x44, 0xED, 0x02, 0x9C, 0x44, 0xEF, 0xF4, 0x94, 0x42, 0xF3, 0xED,
  0x01, 0x42, 0xED, 0x02, 0x9C, 0x42, 0xEF, 0xF4, 0xEA, 0xE2, 0xC0, 0xE3,
  0x08, 0xE9, 0x64, 0xB6, 0xE0, 0x24, 0x91, 0x24, 0xE0, 0x22, 0x87, 0x22,
  0xE0, 0x27, 0x9C, 0x20, 0xE0, 0x25, 0x94, 0x17, 0x17, 0xE0, 0x27, 0x9C,
  0x14, 0xE0, 0x24, 0x91, 0x17, 0xE0, 0x22, 0x87, 0x17, 0xE0, 0x25, 0x94,
  0x18, 0xE0, 0x27, 0x9C, 0x22, 0xE0, 0x25, 0x94, 0x22, 0xE0, 0x27, 0x9C,
  0x20, 0x1B, 0xE0, 0x24, 0x91, 0x24, 0xE0, 0x22, 0x87, 0x22, 0xE0, 0x27,
  0x9C, 0x20, 0xE0, 0x25, 0x94, 0x17, 0x20, 0x1B, 0x19, 0xE0, 0x24, 0x91,
  0x19, 0xE0, 0x22, 0x87, 0x19, 0xE0, 0x27, 0x9C, 0x20, 0x20, 0xE0, 0x25,
  0x94, 0x20, 0x1B, 0xE0, 0x27, 0x9C, 0x20, 0xE0, 0x25, 0x94, 0x27, 0x22,
  0x25, 0xE0, 0x23, 0x8C, 0x24, 0x22, 0x22, 0x20, 0xE0, 0x27, 0x9C, 0x20,
  0xE0, 0x25, 0x94, 0x20, 0xE0, 0x25, 0x94, 0x27, 0x22, 0x25, 0xE0, 0x23,
  0x8C, 0x24, 0x25, 0x27, 0x25, 0xE0, 0x27, 0x9C, 0x30, 0xE0, 0x23, 0x8C,
  0x29, 0x29, 0xE0, 0x25, 0x94, 0x29, 0xE0, 0x27, 0x9C, 0x24, 0xE0, 0x25,
  0x94, 0x29, 0xE0, 0x23, 0x8C, 0x2B, 0x29, 0x28, 0x29, 0xE0, 0x25, 0x94,
  0x29, 0x29, 0xE0, 0x23, 0x8C, 0x25, 0x27, 0x29, 0x2B, 0xE0, 0x25, 0x94,
  0x30, 0x29, 0xE0, 0x27, 0x9C, 0x30, 0xE0, 0x25, 0x94, 0x2B, 0x0C, 0xE9,
  0x64, 0xB6, 0xE0, 0x27, 0xA4, 0x30, 0xE8, 0xAB, 0xB5, 0xE0, 0x25, 0x94,
  0x24, 0x24, 0xE0, 0x27, 0x9C, 0x25, 0x24, 0x20, 0xE0, 0x25, 0x94, 0x25,
  0x27, 0x29, 0x2B, 0xE0, 0x27, 0x9C, 0x30, 0x27, 0xE0, 0x23, 0x8C, 0x25,
  0x0C, 0x27, 0x0C, 0x29, 0x0C, 0x2B, 0x0C, 0x29, 0x0C, 0x2B, 0x0C, 0x30,
  0x0C, 0x32, 0x0C, 0xEB, 0x08, 0xE0, 0x22, 0x87, 0x27, 0x30, 0xEC, 0xE0,
  0x27, 0xA4, 0x2B, 0xEA, 0xE0, 0x20, 0x9C, 0x20, 0x22, 0x24, 0x25, 0x27,
  0x25, 0x24, 0x20, 0x22, 0x24, 0x25, 0x26, 0x27, 0x27, 0xA4, 0x17, 0xEB,
  0x08, 0x94, 0x20, 0xEC, 0x94, 0x24, 0x24, 0x29, 0x27, 0x26, 0x26, 0x27,
  0x27, 0x30, 0x30, 0x2B, 0x24, 0x29, 0x27, 0x26, 0x26, 0x25, 0x25, 0x24,
  0x23, 0x22, 0x21, 0x20, 0x20, 0xE0, 0x1E, 0x8C, 0x27, 0x27, 0x94, 0x0C,
  0x8C, 0x20, 0x20, 0x94, 0x0C, 0x8C, 0x25, 0x25, 0x94, 0x0C, 0x8C, 0x22,
  0x22, 0x94, 0x0C, 0x8C, 0x27, 0x27, 0x94, 0x0C, 0x8C, 0x20, 0x20, 0x94,
  0x0C, 0x8C, 0x25, 0x25, 0x94, 0x0C, 0x8C, 0x25, 0x25, 0x94, 0x0C, 0x8C,
  0x29, 0x29, 0x94, 0x0C, 0x8C, 0x28, 0x28, 0x94, 0x0C, 0x8C, 0x27, 0x27,
  0x94, 0x0C, 0x8C, 0x26, 0x26, 0x94, 0x0C, 0x8C, 0x25, 0x25, 0x94, 0x0C,
  0x8C, 0x26, 0x26, 0x94, 0x0C, 0x8C, 0x27, 0x27, 0x0C, 0x27, 0xE0, 0x20,
  0x94, 0x17, 0x89, 0x17, 0x19, 0x8A, 0x1B, 0x94, 0x20, 0x20, 0x22, 0x22,
  0x24, 0x24, 0x25, 0x25, 0x27, 0x27, 0x25, 0x25, 0x24, 0x24, 0x20, 0x20,
  0x22, 0x22, 0x24, 0x24, 0x25, 0x25, 0x26, 0x26, 0x27, 0x27, 0x27, 0x27,
  0x17, 0x17, 0x17, 0x1B, 0x20, 0x20, 0x20, 0x20, 0xE8, 0xAE, 0xB6, 0xE0,
  0x16, 0xE3, 0x04, 0x87, 0x00, 0x00, 0x00, 0x00, 0x00, 0x00, 0x00, 0x00,
  0x01, 0x01, 0x01, 0x01, 0x01, 0x01, 0x01, 0x01, 0x02, 0x02, 0x02, 0x02,
  0x02, 0x02, 0x02, 0x02, 0x03, 0x03, 0x03, 0x03, 0x04, 0x04, 0x05, 0x05,
  0x94, 0x05, 0xA1, 0x10, 0xA4, 0x10, 0x10, 0x10, 0x87, 0x05, 0x05, 0x05,
  0x05, 0x05, 0x05, 0x05, 0x05, 0x04, 0x04, 0x04, 0x04, 0x04, 0x04, 0x04,
  0x04, 0x03, 0x03, 0x03, 0x03, 0x03, 0x03, 0x03, 0x03, 0x02, 0x02, 0x02,
  0x02, 0x01, 0x01, 0x00, 0x00, 0xE3, 0x06, 0xF9, 0x8C, 0x10, 0xFA, 0x87,
  0x02, 0xFA, 0x02, 0xFA, 0x02, 0x10, 0xFA, 0x02, 0x10, 0x8C, 0xEB, 0x04,
  0x10, 0xFA, 0x02, 0xEC, 0x10, 0x87, 0xFA, 0x02, 0xFA, 0x02, 0x8C, 0x10,
  0xFA, 0x02, 0xEB, 0x03, 0xEB, 0x03, 0xF9, 0x10, 0xFA, 0x02, 0x10, 0xFA,
  0x02, 0xEC, 0x10, 0x87, 0xFA, 0x02, 0xFA, 0x02, 0x8C, 0x10, 0xFA, 0x02,
  0xEC, 0xEB, 0x0C, 0x8C, 0xFA, 0x02, 0xFA, 0x02, 0xEB, 0x04, 0x87, 0xFA,
  0x02, 0xEC, 0xEC, 0xEB, 0x06, 0x8C, 0xFA, 0x02, 0x10, 0xEC, 0xFA, 0x02,
  0xFA, 0x02, 0xEB, 0x04, 0x87, 0xFA, 0x02, 0xEC, 0xEB, 0x02, 0xEB, 0x03,
  0x8C, 0xF9, 0x10, 0xFA, 0x02, 0x10, 0xFA, 0x02, 0xEC, 0x10, 0x87, 0xFA,
  0x02, 0xFA, 0x02, 0x8C, 0xFA, 0x02, 0xFA, 0x02, 0xEC, 0xEB, 0x08, 0x8C,
  0xFA, 0x02, 0xFA, 0x02, 0xEB, 0x04, 0x87, 0xFA, 0x02, 0xEC, 0xEC, 0xEB,
  0x10, 0x87, 0xFA, 0x02, 0xEC, 0xE8, 0x98, 0xB7, 0x04, 0x2C, 0xB8, 0x05,
  0x12, 0xB9, 0x06, 0xA3, 0xB9, 0x07, 0x63, 0xBA, 0xFF, 0xE2, 0x40, 0xE3,
  0x08, 0xE0, 0x27, 0x94, 0x25, 0xF3, 0xED, 0x01, 0x25, 0xF4, 0xEF, 0x28,
  0xF3, 0xED, 0x01, 0x28, 0xEF, 0xF4, 0xE0, 0x26, 0x99, 0x2A, 0xE0, 0x23,
  0x8C, 0x28, 0xE0, 0x26, 0x99, 0x33, 0xE0, 0x23, 0x8C, 0x31, 0xE0, 0x27,
  0x94, 0x35, 0xED, 0x01, 0xF3, 0x35, 0xED, 0x02, 0x9C, 0x35, 0xF4, 0xEF,
  0x9C, 0x31, 0x33, 0xE0, 0x26, 0x99, 0x35, 0xE0, 0x23, 0x8C, 0x35, 0xE0,
  0x27, 0x9C, 0x35, 0x94, 0x33, 0xED, 0x01, 0xF3, 0x33, 0xED, 0x02, 0x9C,
  0x33, 0xF4, 0xEF, 0x94, 0x25, 0xED, 0x01, 0xF3, 0x25, 0xEF, 0xF4, 0x28,
  0xF3, 0xED, 0x01, 0x28, 0xEF, 0xF4, 0xE0, 0x26, 0x99, 0x2A, 0xE0, 0x23,
  0x8C, 0x28, 0xE0, 0x26, 0x99, 0x33, 0xE0, 0x23, 0x8C, 0x31, 0xE0, 0x27,
  0x94, 0x35, 0xED, 0x01, 0xF3, 0x35, 0xED, 0x02, 0x9C, 0x35, 0xEF, 0xF4,
  0x94, 0x38, 0xED, 0x01, 0xF3, 0x38, 0xF4, 0xEF, 0xE0, 0x25, 0x94, 0x36,
  0x33, 0x31, 0x30, 0xE0, 0x27, 0x94, 0x33, 0xED, 0x01, 0xF3, 0x33, 0xF4,
  0xEF, 0x31, 0xF3, 0xED, 0x01, 0x31, 0xED, 0x02, 0x9C, 0x31, 0xF4, 0xEF,
  0x94, 0x26, 0xF3, 0xED, 0x01, 0x26, 0xED, 0x02, 0x26, 0xEF, 0xF4, 0xE0,
  0x25, 0x94, 0x28, 0x2A, 0x35, 0xE0, 0x27, 0x94, 0x33, 0xF3, 0xED, 0x01,
  0x33, 0xEF, 0xF4, 0x30, 0xED, 0x01, 0xF3, 0x30, 0xED, 0x02, 0x9C, 0x30,
  0xF4, 0xEF, 0x8C, 0x36, 0xED, 0x01, 0xF3, 0x36, 0xED, 0x02, 0x9C, 0x36,
  0xEF, 0xF4, 0xE0, 0x25, 0x94, 0x35, 0x33, 0x30, 0xE0, 0x27, 0x2A, 0xED,
  0x01, 0xF3, 0x2A, 0xED, 0x02, 0xA4, 0x2A, 0xF4, 0xE8, 0x2C, 0xB8, 0xE2,
  0x80, 0xE3, 0x09, 0xE0, 0x27, 0x9C, 0x21, 0x25, 0xE0, 0x26, 0x99, 0x25,
  0xE0, 0x23, 0x8C, 0x25, 0xE0, 0x26, 0x99, 0x26, 0xE0, 0x23, 0x8C, 0x25,
  0xE0, 0x25, 0x94, 0x2A, 0x30, 0x31, 0x2A, 0xE0, 0x27, 0x9C, 0x2A, 0x30,
  0xE0, 0x26, 0x99, 0x2A, 0xE0, 0x23, 0x8C, 0x2A, 0xE0, 0x27, 0x9C, 0x31,
  0xE0, 0x25, 0x94, 0x30, 0x28, 0x2A, 0x28, 0xE0, 0x27, 0x9C, 0x21, 0x25,
  0xE0, 0x26, 0x99, 0x25, 0xE0, 0x23, 0x8C, 0x25, 0xE0, 0x26, 0x99, 0x26,
  0xE0, 0x23, 0x8C, 0x25, 0xE0, 0x25, 0x94, 0x2A, 0x30, 0x31, 0x2A, 0xE0,
  0x27, 0x9C, 0x31, 0x30, 0x28, 0x26, 0xE0, 0x27, 0xA4, 0x25, 0xE0, 0x23,
  0x8C, 0x16, 0x1A, 0x21, 0x1A, 0x21, 0x1A, 0x21, 0x1A, 0x16, 0x1A, 0x21,
  0x1A, 0x18, 0x20, 0x23, 0x20, 0x23, 0x20, 0x23, 0x20, 0x18, 0x20, 0x23,
  0x20, 0x19, 0x20, 0x23, 0x20, 0x23, 0x20, 0x26, 0x23, 0x29, 0x26, 0x25,
  0x23, 0xE0, 0x27, 0xA4, 0x22, 0xF3, 0x9C, 0x22, 0xF4, 0xE8, 0x12, 0xB9,
  0xEB, 0x03, 0xE0, 0x20, 0x94, 0x21, 0xE0, 0x1D, 0x89, 0x21, 0x21, 0x8A,
  0x21, 0xEC, 0xEB, 0x03, 0xE0, 0x21, 0x94, 0x1A, 0xE0, 0x1D, 0x89, 0x1A,
  0x1A, 0x8A, 0x1A, 0xEC, 0xEB, 0x03, 0xE0, 0x21, 0x94, 0x16, 0xE0, 0x1D,
  0x89, 0x16, 0x16, 0x8A, 0x16, 0xEC, 0xEB, 0x03, 0xE0, 0x20, 0x94, 0x18,
  0xE0, 0x1D, 0x89, 0x18, 0x18, 0x8A, 0x18, 0xEC, 0xEB, 0x03, 0xE0, 0x20,
  0x94, 0x21, 0xE0, 0x1D, 0x89, 0x21, 0x21, 0x8A, 0x21, 0xEC, 0xEB, 0x03,
  0xE0, 0x20, 0x94, 0x1A, 0xE0, 0x1D, 0x89, 0x1A, 0x1A, 0x8A, 0x1A, 0xEC,
  0xE0, 0x20, 0x94, 0x16, 0xE0, 0x1D, 0x89, 0x16, 0x16, 0x8A, 0x16, 0xEB,
  0x02, 0xE0, 0x20, 0x94, 0x18, 0xE0, 0x1D, 0x89, 0x18, 0x18, 0x8A, 0x18,
  0xEC, 0xEB, 0x03, 0xE0, 0x20, 0x94, 0x21, 0xE0, 0x1D, 0x89, 0x21, 0x21,
  0x8A, 0x21, 0xEC, 0xE0, 0x20, 0x94, 0x26, 0x26, 0xE0, 0x1D, 0x89, 0x26,
  0x26, 0x8A, 0x26, 0x89, 0x26, 0x26, 0x8A, 0x26, 0xE0, 0x20, 0x94, 0x26,
  0x26, 0x28, 0x28, 0xE0, 0x1D, 0x89, 0x28, 0x28, 0x8A, 0x28, 0x89, 0x28,
  0x28, 0x8A, 0x28, 0xE0, 0x20, 0x94, 0x28, 0x28, 0x29, 0x29, 0xE0, 0x1D,
  0x89, 0x29, 0x29, 0x8A, 0x29, 0x89, 0x29, 0x29, 0x8A, 0x29, 0xE0, 0x20,
  0x94, 0x29, 0x29, 0xA4, 0x2A, 0xF3, 0x9C, 0x2A, 0xF4, 0xE8, 0xA3, 0xB9,
  0xE0, 0x16, 0xE3, 0x06, 0xEB, 0x08, 0x94, 0xF9, 0x10, 0xF9, 0x10, 0xF9,
  0x10, 0xF9, 0x10, 0xF9, 0x10, 0x89, 0xFA, 0x05, 0xFA, 0x05, 0x8A, 0xFA,
  0x05, 0xEC, 0xEB, 0x04, 0x94, 0xF9, 0x10, 0x10, 0x10, 0x10, 0xF9, 0x10,
  0x89, 0xFA, 0x05, 0xFA, 0x05, 0x8A, 0xFA, 0x05, 0xEC, 0xE8, 0x63, 0xBA,
  0x01, 0x0D, 0x01, 0x0F, 0x01, 0x0E, 0x01, 0x0D, 0x03, 0x0B, 0x02, 0x0A,
  0x01, 0x0D, 0x01, 0x0F, 0x01, 0x0E, 0x01, 0x0D, 0x05, 0x0B, 0x07, 0x0A,
  0xFF, 0x09, 0x01, 0x0D, 0x01, 0x0F, 0x01, 0x0E, 0x01, 0x0D, 0x08, 0x0B,
  0x0B, 0x0A, 0xFF, 0x09, 0x01, 0x0D, 0x01, 0x0F, 0x01, 0x0E, 0x01, 0x0D,
  0x0B, 0x0B, 0x10, 0x0A, 0xFF, 0x09, 0x01, 0x0D, 0x01, 0x0F, 0x01, 0x0E,
  0x01, 0x0D, 0x10, 0x0B, 0x18, 0x0A, 0xFF, 0x09, 0x01, 0x0D, 0x01, 0x0F,
  0x01, 0x0E, 0x01, 0x0D, 0x1C, 0x0B, 0x23, 0x0A, 0xFF, 0x09, 0x01, 0x0D,
  0x01, 0x0F, 0x01, 0x0E, 0x01, 0x0D, 0x2C, 0x0B, 0x30, 0x0A, 0xFF, 0x09,
  0x01, 0x0D, 0x01, 0x0F, 0x01, 0x0E, 0x01, 0x0D, 0x40, 0x0B, 0x40, 0x0A,
  0xFF, 0x09, 0x04, 0x0E, 0xBB, 0x05, 0x32, 0xBC, 0x06, 0x82, 0xBD, 0x07,
  0x84, 0xBE, 0xFF, 0xE2, 0x40, 0xE3, 0x06, 0xA6, 0x0C, 0xEB, 0x04, 0xE0,
  0x36, 0x89, 0x35, 0x33, 0x31, 0x2A, 0xEC, 0xE0, 0x3D, 0x97, 0x31, 0xF3,
  0xED, 0x01, 0x31, 0xED, 0x02, 0x9F, 0x31, 0xF4, 0xEF, 0xE0, 0x3B, 0x97,
  0x30, 0xED, 0x01, 0xF3, 0x30, 0xEF, 0xF4, 0x28, 0xED, 0x01, 0xF3, 0x28,
  0xEF, 0xF4, 0xE0, 0x3D, 0x2A, 0xF3, 0xED, 0x01, 0x2A, 0xED, 0x02, 0x9F,
  0x2A, 0xEF, 0xF4, 0xE0, 0x3B, 0x97, 0x30, 0xED, 0x01, 0xF3, 0x30, 0xF4,
  0xEF, 0x33, 0xED, 0x01, 0xF3, 0x33, 0xEF, 0xF4, 0xEB, 0x02, 0xE0, 0x3B,
  0x97, 0x31, 0xF3, 0xED, 0x01, 0x31, 0xF4, 0xEF, 0xE0, 0x37, 0x8F, 0x2A,
  0x30, 0x31, 0xE0, 0x3A, 0x35, 0xF3, 0xED, 0x01, 0x35, 0xED, 0x02, 0x35,
  0xEF, 0xF4, 0xE0, 0x37, 0x36, 0xE0, 0x39, 0x97, 0x33, 0x31, 0xE0, 0x3B,
  0x8F, 0x33, 0xF3, 0xED, 0x01, 0x33, 0xED, 0x02, 0x9B, 0x33, 0xEF, 0xF4,
  0x8F, 0x0C, 0xE0, 0x37, 0x28, 0x38, 0x36, 0xE0, 0x3A, 0x9B, 0x36, 0x35,
  0xE0, 0x39, 0x97, 0x33, 0xE0, 0x3B, 0x8F, 0x31, 0xF3, 0xED, 0x01, 0x31,
  0xED, 0x02, 0x97, 0x31, 0xF4, 0xEF, 0xE0, 0x37, 0x8F, 0x26, 0x28, 0x2A,
  0x31, 0xE0, 0x39, 0x97, 0x30, 0xE0, 0x37, 0x8F, 0x31, 0xE0, 0x3A, 0x9B,
  0x30, 0xE0, 0x39, 0x97, 0x28, 0xE0, 0x3B, 0x8F, 0x25, 0xF3, 0xED, 0x01,
  0x25, 0xED, 0x02, 0x9B, 0x25, 0xF4, 0xEF, 0xE0, 0x37, 0x8F, 0x21, 0x21,
  0x23, 0xE0, 0x3A, 0x9B, 0x25, 0x29, 0xE0, 0x39, 0x97, 0x30, 0xEC, 0xE0,
  0x3D, 0xEB, 0x02, 0x9F, 0x35, 0xF3, 0xED, 0x01, 0x35, 0xEF, 0xF4, 0xEC,
  0x38, 0xF3, 0xED, 0x01, 0x38, 0xF4, 0xEF, 0x3A, 0xF3, 0xED, 0x01, 0x3A,
  0xEF, 0xF4, 0xEB, 0x02, 0xE0, 0x37, 0x8F, 0x2A, 0x30, 0x31, 0xE0, 0x3A,
  0x9B, 0x35, 0xE0, 0x37, 0x8F, 0x33, 0x31, 0xE0, 0x39, 0x97, 0x30, 0x28,
  0x25, 0x28, 0xEC, 0xE0, 0x3D, 0x9F, 0x2A, 0xED, 0x01, 0xF3, 0x2A, 0xED,
  0x02, 0xA6, 0x2A, 0xF4, 0xEF, 0xA3, 0x3A, 0xED, 0x01, 0xF3, 0x3A, 0xF4,
  0xE0, 0x14, 0xE3, 0x0B, 0x3A, 0xEF, 0xFF, 0xE2, 0x00, 0xE3, 0x07, 0xEB,
  0x08, 0xE0, 0x36, 0x89, 0x31, 0x30, 0x2A, 0x25, 0xEC, 0xE2, 0x80, 0xE0,
  0x3D, 0x97, 0x25, 0xF3, 0xED, 0x01, 0x25, 0xED, 0x02, 0x9F, 0x25, 0xF4,
  0xEF, 0xE0, 0x3B, 0x8F, 0x23, 0xF3, 0xED, 0x01, 0x23, 0xED, 0x02, 0x97,
  0x23, 0xEF, 0xF4, 0x8F, 0x20, 0xF3, 0xED, 0x01, 0x20, 0xED, 0x02, 0x97,
  0x20, 0xEF, 0xF4, 0xE0, 0x3D, 0x97, 0x21, 0xF3, 0xED, 0x01, 0x21, 0xED,
  0x02, 0x9F, 0x21, 0xF4, 0xEF, 0xE0, 0x3B, 0x8F, 0x23, 0xF3, 0xED, 0x01,
  0x23, 0xED, 0x02, 0x97, 0x23, 0xEF, 0xF4, 0x8F, 0x26, 0xF3, 0xED, 0x01,
  0x26, 0xED, 0x02, 0x97, 0x26, 0xEF, 0xF4, 0xEB, 0x02, 0xE0, 0x3D, 0x97,
  0x25, 0xF3, 0xED, 0x01, 0x25, 0xED, 0x02, 0x9F, 0x25, 0xF4, 0xEF, 0xE0,
  0x3D, 0x97, 0x21, 0xF3, 0xED, 0x01, 0x21, 0xED, 0x02, 0x9F, 0x21, 0xF4,
  0xEF, 0xE0, 0x3D, 0x97, 0x20, 0xF3, 0xED, 0x01, 0x20, 0xED, 0x02, 0x9F,
  0x20, 0xF4, 0xEF, 0xE0, 0x3A, 0x9B, 0x31, 0x31, 0xE0, 0x39, 0x97, 0x30,
  0xE0, 0x3A, 0x9B, 0x26, 0x21, 0xE0, 0x39, 0x97, 0x26, 0xE0, 0x3A, 0x9B,
  0x28, 0xE0, 0x3B, 0x8F, 0x23, 0xF3, 0xED, 0x01, 0x23, 0xED, 0x02, 0x9B,
  0x23, 0xF4, 0xEF, 0xE0, 0x3A, 0x9B, 0x21, 0x28, 0xE0, 0x39, 0x97, 0x31,
  0xE0, 0x3A, 0x9B, 0x30, 0x31, 0xE0, 0x39, 0x97, 0x33, 0xEC, 0xE3, 0x06,
  0xE2, 0x00, 0xEB, 0x04, 0xE0, 0x37, 0x8F, 0x31, 0x30, 0x31, 0xE0, 0x36,
  0x89, 0x33, 0xE0, 0x38, 0x93, 0x31, 0xE0, 0x37, 0x8F, 0x30, 0x31, 0x33,
  0xEC, 0xE0, 0x37, 0x8F, 0x26, 0x25, 0x26, 0xE0, 0x36, 0x89, 0x21, 0xE0,
  0x38, 0x93, 0x26, 0xE0, 0x37, 0x8F, 0x28, 0x2A, 0x26, 0xE0, 0x37, 0x8F,
  0x28, 0x25, 0x23, 0xE0, 0x36, 0x89, 0x25, 0xE0, 0x38, 0x93, 0x23, 0xE0,
  0x36, 0x8F, 0x21, 0x20, 0x21, 0xE0, 0x37, 0x8F, 0x31, 0x33, 0x35, 0xE0,
  0x3A, 0x9B, 0x38, 0xE0, 0x37, 0x8F, 0x36, 0x35, 0xE0, 0x39, 0x97, 0x33,
  0x30, 0x28, 0x30, 0xE3, 0x07, 0xE0, 0x3D, 0x97, 0x23, 0xF3, 0xED, 0x01,
  0x23, 0xED, 0x02, 0x9F, 0x23, 0xF4, 0xEF, 0xE0, 0x3D, 0x97, 0x22, 0xF3,
  0xED, 0x01, 0x22, 0xED, 0x02, 0x9F, 0x22, 0xF4, 0xEF, 0xE3, 0x06, 0xE0,
  0x3D, 0x9B, 0x32, 0xF3, 0xED, 0x01, 0x32, 0xED, 0x02, 0xA3, 0x32, 0xF4,
  0xEF, 0xE0, 0x14, 0xE3, 0x0B, 0x32, 0xFF, 0xA6, 0x0C, 0x0C, 0xEB, 0x04,
  0xE0, 0x20, 0x9B, 0x1A, 0xE0, 0x1C, 0x89, 0x1A, 0xE0, 0x20, 0x89, 0x1A,
  0xF3, 0x9F, 0x1A, 0xF4, 0xEC, 0xEB, 0x02, 0xE0, 0x20, 0x9B, 0x1A, 0xE0,
  0x1C, 0x89, 0x1A, 0xE0, 0x20, 0x89, 0x1A, 0xF3, 0x9F, 0x1A, 0xF4, 0x9B,
  0x16, 0xE0, 0x1C, 0x89, 0x16, 0xE0, 0x20, 0x89, 0x16, 0xF3, 0x9F, 0x16,
  0xF4, 0x9B, 0x18, 0xE0, 0x1C, 0x89, 0x18, 0xE0, 0x20, 0x89, 0x18, 0xF3,
  0x9F, 0x18, 0xF4, 0x9B, 0x15, 0xE0, 0x1C, 0x89, 0x15, 0x15, 0x97, 0x1A,
  0x18, 0x9B, 0x16, 0xE0, 0x1C, 0x89, 0x16, 0xE0, 0x20, 0x89, 0x16, 0xF3,
  0x9F, 0x16, 0xF4, 0x9B, 0x18, 0xE0, 0x1C, 0x89, 0x18, 0xE0, 0x20, 0x89,
  0x18, 0xF3, 0x9F, 0x18, 0xF4, 0x9B, 0x21, 0xE0, 0x1C, 0x89, 0x21, 0xE0,
  0x20, 0x89, 0x21, 0xF3, 0x9F, 0x21, 0xF4, 0x9B, 0x25, 0xE0, 0x1C, 0x89,
  0x25, 0xE0, 0x20, 0x89, 0x21, 0xF3, 0x97, 0x21, 0xF4, 0x97, 0x20, 0xEC,
  0x9B, 0x1A, 0xE0, 0x1C, 0x89, 0x1A, 0xE0, 0x20, 0x89, 0x1A, 0xF3, 0x9F,
  0x1A, 0xF4, 0x9B, 0x19, 0xE0, 0x1C, 0x89, 0x19, 0xE0, 0x20, 0x89, 0x19,
  0xF3, 0x9F, 0x19, 0xF4, 0x9B, 0x18, 0xE0, 0x1C, 0x89, 0x18, 0xE0, 0x20,
  0x89, 0x18, 0xF3, 0x9F, 0x18, 0xF4, 0x9B, 0x17, 0xE0, 0x1C, 0x89, 0x17,
  0xE0, 0x20, 0x89, 0x17, 0xF3, 0x9F, 0x17, 0xF4, 0xEB, 0x02, 0x9B, 0x26,
  0xE0, 0x1C, 0x89, 0x26, 0xE0, 0x20, 0x89, 0x26, 0xF3, 0x9F, 0x26, 0xF4,
  0x9B, 0x25, 0xE0, 0x1C, 0x89, 0x25, 0xE0, 0x20, 0x89, 0x25, 0xF3, 0x9F,
  0x25, 0xF4, 0xEC, 0x9B, 0x23, 0xE0, 0x1C, 0x89, 0x23, 0xE0, 0x20, 0x89,
  0x23, 0xF3, 0x9F, 0x23, 0xF4, 0x9B, 0x1A, 0xE0, 0x1C, 0x89, 0x1A, 0xE0,
  0x20, 0x89, 0x1A, 0xF3, 0x9F, 0x1A, 0xF4, 0xE0, 0x17, 0xA3, 0x1A, 0x1A,
  0xFF, 0xE0, 0x16, 0xA6, 0x10, 0xE3, 0x05, 0x10, 0xEB, 0x04, 0x8F, 0xF9,
  0x01, 0x00, 0xFA, 0x05, 0xF9, 0x00, 0x01, 0xFA, 0x05, 0x00, 0x89, 0xF9,
  0x01, 0xF9, 0x00, 0xEC, 0xEB, 0x02, 0xEB, 0x07, 0x8F, 0xF9, 0x01, 0x00,
  0xFA, 0x05, 0xF9, 0x00, 0x01, 0xFA, 0x05, 0x00, 0x89, 0xF9, 0x01, 0xF9,
  0x00, 0xEC, 0x8F, 0xF9, 0x01, 0x00, 0xFA, 0x05, 0xF9, 0x00, 0x01, 0xFA,
  0x05, 0xEB, 0x04, 0x89, 0xFA, 0x05, 0xEC, 0xEC, 0xEB, 0x05, 0xE9, 0xDA,
  0xBE, 0xF9, 0x00, 0x00, 0xE9, 0xDA, 0xBE, 0xFA, 0x05, 0xFA, 0x05, 0xEC,
  0xFA, 0x05, 0xFF, 0xF9, 0x8F, 0x00, 0xF9, 0x00, 0xFA, 0x05, 0xF9, 0x89,
  0x00, 0x00, 0x8F, 0x00, 0xF9, 0x00, 0xFA, 0x05, 0x89, 0xEA, 0xE0, 0x34,
  0xE2, 0x80, 0xE3, 0x0F, 0xAE, 0x0C, 0xE3, 0x07, 0x8A, 0xEB, 0x02, 0x20,
  0x20, 0x24, 0x24, 0x27, 0x27, 0x24, 0x27, 0xEC, 0xEB, 0x02, 0x19, 0x19,
  0x20, 0x20, 0x24, 0x24, 0x20, 0x24, 0xEC, 0xEB, 0x02, 0x22, 0x22, 0x25,
  0x25, 0x29, 0x29, 0x25, 0x29, 0xEC, 0x27, 0x27, 0x2B, 0x2B, 0x32, 0x32,
  0x2B, 0x32, 0x37, 0x37, 0x35, 0x35, 0x34, 0x34, 0x32, 0x32, 0x25, 0x25,
  0x29, 0x29, 0x30, 0x30, 0x29, 0x30, 0x27, 0x27, 0x2B, 0x2B, 0x32, 0x32,
  0x2B, 0x32, 0x30, 0x30, 0x2B, 0x30, 0x0C, 0x29, 0x2B, 0x30, 0xA0, 0x0C,
  0xE8, 0xF7, 0xBE, 0xA0, 0x0C, 0x0C, 0xE0, 0x17, 0xE9, 0x8D, 0xBF, 0xE0,
  0x20, 0xEB, 0x02, 0x95, 0x20, 0x24, 0x90, 0x27, 0xEC, 0xEB, 0x02, 0x95,
  0x19, 0x20, 0x90, 0x24, 0xEC, 0xEB, 0x02, 0x95, 0x22, 0x25, 0x90, 0x29,
  0xEC, 0x95, 0x27, 0x25, 0x90, 0x24, 0x95, 0x25, 0x24, 0x90, 0x22, 0x95,
  0x25, 0x29, 0x90, 0x30, 0x95, 0x27, 0x2B, 0x90, 0x32, 0xE0, 0x1D, 0x8A,
  0x20, 0x20, 0x1B, 0x20, 0x0C, 0x19, 0x1B, 0x20, 0xE9, 0x8D, 0xBF, 0xE8,
  0x4E, 0xBF, 0x82, 0x37, 0x36, 0x35, 0x34, 0x33, 0x32, 0x31, 0x30, 0x2B,
  0x2A, 0x29, 0x28, 0x27, 0x26, 0x0C, 0x32, 0x31, 0x30, 0x2B, 0x2A, 0x29,
  0x28, 0x27, 0x26, 0x0C, 0x37, 0x36, 0x35, 0x34, 0x0C, 0x40, 0x3B, 0x3A,
  0x39, 0x38, 0x37, 0x36, 0x35, 0x34, 0x33, 0xEA, 0xE0, 0x16, 0xE3, 0x06,
  0xEB, 0x02, 0x8A, 0xF9, 0x00, 0xF9, 0x00, 0xFB, 0x05, 0xFB, 0x05, 0xF9,
  0x00, 0x00, 0xFB, 0x05, 0x00, 0xEC, 0xEB, 0x02, 0xF9, 0x10, 0xFB, 0x05,
  0xFB, 0x05, 0xEC, 0x85, 0xEB, 0x04, 0xFB, 0x05, 0xEC, 0x8A, 0xEB, 0x0B,
  0xF9, 0x00, 0xF9, 0x00, 0xFA, 0x05, 0xFA, 0x05, 0xF9, 0x00, 0x00, 0xFA,
  0x05, 0x00, 0xEC, 0x8A, 0xFB, 0x05, 0xFB, 0x05, 0x00, 0xFB, 0x05, 0x85,
  0xEB, 0x08, 0xFB, 0x05, 0xEC, 0xE8, 0xDC, 0xBF, 0xFF,
];

/** SQ2 (ch=1/5) */
export const BGM_44_TRACK_SQ2: readonly number[] = [
  0xE0, 0x34, 0xE2, 0x80, 0xE3, 0x0F, 0xAE, 0x0C, 0xE3, 0x07, 0x8A, 0xEB,
  0x02, 0x20, 0x20, 0x24, 0x24, 0x27, 0x27, 0x24, 0x27, 0xEC, 0xEB, 0x02,
  0x19, 0x19, 0x20, 0x20, 0x24, 0x24, 0x20, 0x24, 0xEC, 0xEB, 0x02, 0x22,
  0x22, 0x25, 0x25, 0x29, 0x29, 0x25, 0x29, 0xEC, 0x27, 0x27, 0x2B, 0x2B,
  0x32, 0x32, 0x2B, 0x32, 0x37, 0x37, 0x35, 0x35, 0x34, 0x34, 0x32, 0x32,
  0x25, 0x25, 0x29, 0x29, 0x30, 0x30, 0x29, 0x30, 0x27, 0x27, 0x2B, 0x2B,
  0x32, 0x32, 0x2B, 0x32, 0x30, 0x30, 0x2B, 0x30, 0x0C, 0x29, 0x2B, 0x30,
  0xA0, 0x0C, 0xE8, 0xF7, 0xBE, 0xA0, 0x0C, 0x0C, 0xE0, 0x17, 0xE9, 0x8D,
  0xBF, 0xE0, 0x20, 0xEB, 0x02, 0x95, 0x20, 0x24, 0x90, 0x27, 0xEC, 0xEB,
  0x02, 0x95, 0x19, 0x20, 0x90, 0x24, 0xEC, 0xEB, 0x02, 0x95, 0x22, 0x25,
  0x90, 0x29, 0xEC, 0x95, 0x27, 0x25, 0x90, 0x24, 0x95, 0x25, 0x24, 0x90,
  0x22, 0x95, 0x25, 0x29, 0x90, 0x30, 0x95, 0x27, 0x2B, 0x90, 0x32, 0xE0,
  0x1D, 0x8A, 0x20, 0x20, 0x1B, 0x20, 0x0C, 0x19, 0x1B, 0x20, 0xE9, 0x8D,
  0xBF, 0xE8, 0x4E, 0xBF, 0x82, 0x37, 0x36, 0x35, 0x34, 0x33, 0x32, 0x31,
  0x30, 0x2B, 0x2A, 0x29, 0x28, 0x27, 0x26, 0x0C, 0x32, 0x31, 0x30, 0x2B,
  0x2A, 0x29, 0x28, 0x27, 0x26, 0x0C, 0x37, 0x36, 0x35, 0x34, 0x0C, 0x40,
  0x3B, 0x3A, 0x39, 0x38, 0x37, 0x36, 0x35, 0x34, 0x33, 0xEA, 0xE0, 0x16,
  0xE3, 0x06, 0xEB, 0x02, 0x8A, 0xF9, 0x00, 0xF9, 0x00, 0xFB, 0x05, 0xFB,
  0x05, 0xF9, 0x00, 0x00, 0xFB, 0x05, 0x00, 0xEC, 0xEB, 0x02, 0xF9, 0x10,
  0xFB, 0x05, 0xFB, 0x05, 0xEC, 0x85, 0xEB, 0x04, 0xFB, 0x05, 0xEC, 0x8A,
  0xEB, 0x0B, 0xF9, 0x00, 0xF9, 0x00, 0xFA, 0x05, 0xFA, 0x05, 0xF9, 0x00,
  0x00, 0xFA, 0x05, 0x00, 0xEC, 0x8A, 0xFB, 0x05, 0xFB, 0x05, 0x00, 0xFB,
  0x05, 0x85, 0xEB, 0x08, 0xFB, 0x05, 0xEC, 0xE8, 0xDC, 0xBF, 0xFF,
];

/** TRI (ch=2/6) */
export const BGM_44_TRACK_TRI: readonly number[] = [
  0xA0, 0x0C, 0x0C, 0xE0, 0x17, 0xE9, 0x8D, 0xBF, 0xE0, 0x20, 0xEB, 0x02,
  0x95, 0x20, 0x24, 0x90, 0x27, 0xEC, 0xEB, 0x02, 0x95, 0x19, 0x20, 0x90,
  0x24, 0xEC, 0xEB, 0x02, 0x95, 0x22, 0x25, 0x90, 0x29, 0xEC, 0x95, 0x27,
  0x25, 0x90, 0x24, 0x95, 0x25, 0x24, 0x90, 0x22, 0x95, 0x25, 0x29, 0x90,
  0x30, 0x95, 0x27, 0x2B, 0x90, 0x32, 0xE0, 0x1D, 0x8A, 0x20, 0x20, 0x1B,
  0x20, 0x0C, 0x19, 0x1B, 0x20, 0xE9, 0x8D, 0xBF, 0xE8, 0x4E, 0xBF, 0x82,
  0x37, 0x36, 0x35, 0x34, 0x33, 0x32, 0x31, 0x30, 0x2B, 0x2A, 0x29, 0x28,
  0x27, 0x26, 0x0C, 0x32, 0x31, 0x30, 0x2B, 0x2A, 0x29, 0x28, 0x27, 0x26,
  0x0C, 0x37, 0x36, 0x35, 0x34, 0x0C, 0x40, 0x3B, 0x3A, 0x39, 0x38, 0x37,
  0x36, 0x35, 0x34, 0x33, 0xEA, 0xE0, 0x16, 0xE3, 0x06, 0xEB, 0x02, 0x8A,
  0xF9, 0x00, 0xF9, 0x00, 0xFB, 0x05, 0xFB, 0x05, 0xF9, 0x00, 0x00, 0xFB,
  0x05, 0x00, 0xEC, 0xEB, 0x02, 0xF9, 0x10, 0xFB, 0x05, 0xFB, 0x05, 0xEC,
  0x85, 0xEB, 0x04, 0xFB, 0x05, 0xEC, 0x8A, 0xEB, 0x0B, 0xF9, 0x00, 0xF9,
  0x00, 0xFA, 0x05, 0xFA, 0x05, 0xF9, 0x00, 0x00, 0xFA, 0x05, 0x00, 0xEC,
  0x8A, 0xFB, 0x05, 0xFB, 0x05, 0x00, 0xFB, 0x05, 0x85, 0xEB, 0x08, 0xFB,
  0x05, 0xEC, 0xE8, 0xDC, 0xBF, 0xFF,
];

/** NOISE (ch=3/7) */
export const BGM_44_TRACK_NOISE: readonly number[] = [
  0xE0, 0x16, 0xE3, 0x06, 0xEB, 0x02, 0x8A, 0xF9, 0x00, 0xF9, 0x00, 0xFB,
  0x05, 0xFB, 0x05, 0xF9, 0x00, 0x00, 0xFB, 0x05, 0x00, 0xEC, 0xEB, 0x02,
  0xF9, 0x10, 0xFB, 0x05, 0xFB, 0x05, 0xEC, 0x85, 0xEB, 0x04, 0xFB, 0x05,
  0xEC, 0x8A, 0xEB, 0x0B, 0xF9, 0x00, 0xF9, 0x00, 0xFA, 0x05, 0xFA, 0x05,
  0xF9, 0x00, 0x00, 0xFA, 0x05, 0x00, 0xEC, 0x8A, 0xFB, 0x05, 0xFB, 0x05,
  0x00, 0xFB, 0x05, 0x85, 0xEB, 0x08, 0xFB, 0x05, 0xEC, 0xE8, 0xDC, 0xBF,
  0xFF,
];

/** 共享数据（RAW_START 起始完整可达区） */
export const BGM_44_RAW: readonly number[] = [
  0x00, 0xD2, 0x8C, 0x01, 0xD2, 0x8C, 0x04, 0xD3, 0x8C, 0x05, 0xED, 0xBE,
  0x06, 0x46, 0xBF, 0x07, 0xB7, 0xBF, 0xFF, 0xE0, 0x31, 0xE2, 0x00, 0xE3,
  0x0F, 0xAE, 0x0C, 0xE0, 0x31, 0x90, 0x0C, 0xE3, 0x06, 0x84, 0x33, 0xF3,
  0x8E, 0x34, 0xF4, 0x83, 0x34, 0xF3, 0x87, 0x34, 0xED, 0x01, 0x8A, 0x34,
  0xED, 0x02, 0x90, 0x34, 0xF4, 0xEF, 0x83, 0x33, 0xF3, 0x87, 0x34, 0xF4,
  0x8A, 0x34, 0x34, 0x34, 0x34, 0x34, 0x37, 0x34, 0x0C, 0x83, 0x33, 0xF3,
  0x87, 0x34, 0xF4, 0x8A, 0x34, 0x34, 0x83, 0x33, 0xF3, 0x87, 0x34, 0xED,
  0x01, 0x8A, 0x34, 0xED, 0x02, 0x90, 0x34, 0xF4, 0xEF, 0x8A, 0x34, 0x34,
  0x83, 0x36, 0xF3, 0x87, 0x37, 0xF4, 0x8A, 0x34, 0xF3, 0xED, 0x01, 0x34,
  0xED, 0x02, 0x90, 0x34, 0xF4, 0xEF, 0x95, 0x0C, 0x8A, 0x35, 0x35, 0x35,
  0x90, 0x35, 0x8A, 0x0C, 0x83, 0x36, 0xF3, 0x87, 0x37, 0xF4, 0x8A, 0x35,
  0x34, 0x35, 0xF3, 0xED, 0x01, 0x35, 0xED, 0x02, 0x90, 0x35, 0xF4, 0xEF,
  0x95, 0x0C, 0x84, 0x38, 0xF3, 0x8E, 0x39, 0xF4, 0x90, 0x37, 0x35, 0x83,
  0x36, 0xF3, 0x87, 0x37, 0xF4, 0x90, 0x35, 0x34, 0x32, 0x8A, 0x0C, 0x83,
  0x2B, 0xF3, 0x87, 0x30, 0xF4, 0x90, 0x32, 0x39, 0x37, 0x8A, 0x0C, 0x83,
  0x3A, 0xF3, 0x93, 0x3B, 0xF4, 0x95, 0x37, 0x90, 0x42, 0x40, 0xF3, 0xED,
  0x01, 0x40, 0xED, 0x02, 0x98, 0x40, 0xF4, 0xEF, 0xA0, 0x0C, 0x8A, 0x0C,
  0x30, 0x32, 0x34, 0x32, 0x34, 0x35, 0x84, 0x36, 0xF3, 0x8E, 0x37, 0xF4,
  0x8A, 0x37, 0x90, 0x35, 0x87, 0x34, 0x86, 0x35, 0x87, 0x34, 0x8A, 0x32,
  0x30, 0x0C, 0x29, 0x2B, 0x30, 0x87, 0x32, 0x86, 0x34, 0x87, 0x32, 0x8A,
  0x30, 0x2B, 0x30, 0x27, 0x29, 0x2B, 0x30, 0x32, 0x34, 0x35, 0x0C, 0xEB,
  0x02, 0x83, 0x36, 0xF3, 0x87, 0x37, 0xF4, 0x8A, 0x35, 0x34, 0xEC, 0x84,
  0x38, 0xF3, 0x8E, 0x39, 0xF4, 0x8A, 0x39, 0x90, 0x37, 0x87, 0x35, 0x86,
  0x37, 0x87, 0x35, 0x8A, 0x34, 0x32, 0x31, 0x32, 0x34, 0x32, 0x34, 0x35,
  0x34, 0x35, 0x37, 0x35, 0x37, 0x39, 0x37, 0x39, 0x3B, 0x40, 0xEB, 0x02,
  0xE9, 0x25, 0x8E, 0x8A, 0x40, 0x40, 0xE9, 0x25, 0x8E, 0x8A, 0x40, 0x40,
  0xE9, 0x25, 0x8E, 0x8A, 0x40, 0xEC, 0x90, 0x40, 0xF3, 0xED, 0x01, 0x40,
  0xED, 0x02, 0x98, 0x40, 0xF4, 0xEF, 0xE0, 0x17, 0xE3, 0x0A, 0x82, 0x50,
  0x4B, 0x49, 0x47, 0x45, 0x44, 0x42, 0x40, 0x83, 0x3B, 0x39, 0x37, 0x35,
  0x34, 0x32, 0x30, 0x2B, 0x98, 0x0C, 0xE8, 0xDB, 0x8C, 0x82, 0x3B, 0xF3,
  0xE5, 0x01, 0x81, 0x3B, 0xE5, 0x02, 0x3B, 0xE5, 0x03, 0x3B, 0xE5, 0x04,
  0x82, 0x3B, 0xE5, 0x05, 0x81, 0x3B, 0xE5, 0x06, 0x3B, 0xE5, 0x00, 0x40,
  0xF4, 0xEA, 0x00, 0x5A, 0x8E, 0x01, 0x5A, 0x8E, 0x02, 0x5A, 0x8E, 0x03,
  0x5A, 0x8E, 0x04, 0x5A, 0x8E, 0x05, 0x5A, 0x8E, 0x06, 0x5A, 0x8E, 0x07,
  0x5A, 0x8E, 0xFF, 0x00, 0x67, 0x8E, 0x01, 0x67, 0x8E, 0x02, 0x67, 0x8E,
  0x03, 0x67, 0x8E, 0xFF, 0x00, 0x71, 0x8E, 0x01, 0x71, 0x8E, 0x03, 0x72,
  0x8E, 0xFF, 0xE0, 0x12, 0xE3, 0x00, 0x81, 0x00, 0x82, 0x01, 0x83, 0x02,
  0x03, 0x04, 0x84, 0x05, 0x06, 0x85, 0x07, 0x08, 0x09, 0x0A, 0x95, 0x0B,
  0xFF, 0x00, 0x92, 0x8E, 0x01, 0x92, 0x8E, 0x03, 0x93, 0x8E, 0xFF, 0x81,
  0xE0, 0x12, 0xE3, 0x00, 0x0F, 0x0E, 0x0D, 0x0C, 0x0E, 0x0D, 0x0C, 0x0B,
  0x0D, 0x0C, 0x0B, 0x0A, 0x81, 0x0C, 0x0B, 0x0A, 0x09, 0x0B, 0x0A, 0x09,
  0x08, 0x0A, 0x09, 0x08, 0x07, 0x09, 0x08, 0x07, 0x06, 0x08, 0x07, 0x06,
  0x05, 0x07, 0x06, 0x05, 0x04, 0x06, 0x05, 0x04, 0x03, 0x05, 0x04, 0x03,
  0x02, 0x04, 0x03, 0x02, 0x01, 0x03, 0x02, 0x01, 0x96, 0x00, 0xFF, 0x00,
  0xD8, 0x8E, 0x01, 0xD8, 0x8E, 0x03, 0xD9, 0x8E, 0xFF, 0xE0, 0x12, 0xE3,
  0x00, 0x81, 0x00, 0x01, 0x02, 0x03, 0x01, 0x02, 0x03, 0x04, 0x02, 0x03,
  0x04, 0x05, 0x03, 0x04, 0x05, 0x06, 0x04, 0x05, 0x06, 0x07, 0x05, 0x06,
  0x07, 0x08, 0x06, 0x07, 0x08, 0x09, 0x07, 0x08, 0x09, 0x0A, 0x08, 0x09,
  0x0A, 0x0B, 0x09, 0x0A, 0x0B, 0x0C, 0x0A, 0x0B, 0x0C, 0x0D, 0x0B, 0x0C,
  0x0D, 0x0E, 0x0C, 0x0D, 0x0E, 0x96, 0x0F, 0xFF, 0x00, 0x1D, 0x8F, 0x01,
  0x47, 0x8F, 0x03, 0x1E, 0x8F, 0xFF, 0xE0, 0x14, 0xE3, 0x00, 0x81, 0x00,
  0x0F, 0x00, 0x0F, 0x01, 0x0E, 0x01, 0x0E, 0x02, 0x0D, 0x02, 0x0D, 0x03,
  0x0C, 0x03, 0x0C, 0x04, 0x0B, 0x04, 0x0B, 0x05, 0x0A, 0x05, 0x0A, 0x06,
  0x09, 0x06, 0x09, 0x08, 0x07, 0x08, 0xE0, 0x12, 0x96, 0x07, 0xFF, 0xE0,
  0x14, 0xE2, 0x40, 0xE3, 0x06, 0x81, 0xEB, 0x04, 0x01, 0x12, 0x00, 0x13,
  0x01, 0x12, 0x02, 0x11, 0xEC, 0xFF, 0x00, 0xA4, 0x8F, 0x01, 0x89, 0x8F,
  0x03, 0x64, 0x8F, 0xFF, 0xE0, 0x12, 0xE3, 0x00, 0x82, 0x07, 0x08, 0x06,
  0x09, 0x81, 0x05, 0x0A, 0xF3, 0x04, 0x0B, 0x03, 0x0C, 0x02, 0xF4, 0x00,
  0x01, 0x02, 0x03, 0x04, 0x05, 0x06, 0x07, 0x08, 0x09, 0x0A, 0x0B, 0x0C,
  0x0D, 0x0E, 0x96, 0x0F, 0xFF, 0xE3, 0x05, 0xE0, 0x12, 0xE2, 0x00, 0x8D,
  0x0C, 0x81, 0x30, 0xF3, 0x2B, 0x2A, 0x29, 0x28, 0x27, 0x26, 0x25, 0x24,
  0x23, 0x22, 0x21, 0x20, 0x1B, 0x1A, 0xF4, 0xFF, 0xE3, 0x09, 0x82, 0x0C,
  0xE5, 0x02, 0xE8, 0x8B, 0x8F, 0x00, 0xB6, 0x8F, 0x01, 0xB6, 0x8F, 0x03,
  0xB7, 0x8F, 0xFF, 0x82, 0xE8, 0x94, 0x8E, 0x00, 0xC5, 0x8F, 0x01, 0x41,
  0x90, 0x03, 0x46, 0x90, 0xFF, 0xE0, 0x11, 0xE2, 0xC0, 0xE3, 0x00, 0x81,
  0xE5, 0x10, 0x48, 0xE5, 0x0E, 0x48, 0xE5, 0x0C, 0x48, 0xE5, 0x0A, 0x48,
  0xE5, 0x08, 0x48, 0xE3, 0x08, 0xE5, 0x10, 0x49, 0xE5, 0x0E, 0x49, 0xE5,
  0x0C, 0x49, 0xE5, 0x0A, 0x49, 0xE5, 0x08, 0x49, 0xE5, 0x06, 0x49, 0xE3,
  0x0A, 0xE5, 0x10, 0x4A, 0xE5, 0x0E, 0x4A, 0xE5, 0x0C, 0x4A, 0xE5, 0x0A,
  0x4A, 0xE5, 0x08, 0x4A, 0xE5, 0x06, 0x4A, 0xE5, 0x04, 0x4A, 0xE3, 0x0C,
  0xE5, 0x10, 0x4B, 0xE5, 0x0E, 0x4B, 0xE5, 0x0C, 0x4B, 0xE5, 0x0A, 0x4B,
  0xE5, 0x08, 0x4B, 0xE5, 0x06, 0x4B, 0xE5, 0x04, 0x4B, 0xE5, 0x02, 0x4B,
  0xE3, 0x0E, 0xE5, 0x10, 0x50, 0xE5, 0x0E, 0x50, 0xE5, 0x0C, 0x50, 0xE5,
  0x0A, 0x50, 0xE5, 0x08, 0x50, 0xE5, 0x06, 0x50, 0xE5, 0x04, 0x50, 0xE5,
  0x02, 0x50, 0xE5, 0x01, 0x50, 0xE5, 0x00, 0x50, 0xFF, 0x84, 0x0C, 0xE8,
  0xC5, 0x8F, 0xE0, 0x14, 0xE3, 0x00, 0xEB, 0x03, 0x81, 0x0F, 0x00, 0x0E,
  0x01, 0xEC, 0xEB, 0x05, 0x0D, 0x00, 0x0C, 0x01, 0xEC, 0xEB, 0x04, 0x0B,
  0x00, 0x0A, 0x01, 0xEC, 0x09, 0x00, 0x08, 0x01, 0x07, 0x00, 0x06, 0x01,
  0x05, 0x00, 0x04, 0x01, 0x03, 0x00, 0x02, 0x01, 0x02, 0x00, 0x01, 0x01,
  0xE0, 0x12, 0x96, 0x00, 0xFF, 0x00, 0x82, 0x90, 0x01, 0x82, 0x90, 0x03,
  0x83, 0x90, 0xFF, 0xE0, 0x12, 0xE3, 0x00, 0x81, 0x00, 0x01, 0x02, 0x03,
  0x04, 0x05, 0x06, 0xEB, 0x02, 0x00, 0x01, 0x02, 0x03, 0x04, 0x05, 0x06,
  0x07, 0x08, 0x09, 0x0A, 0xEC, 0x0B, 0x0C, 0x0D, 0x0E, 0x96, 0x0F, 0xFF,
  0x00, 0xAD, 0x90, 0x01, 0xDD, 0x90, 0x03, 0xAE, 0x90, 0xFF, 0xE0, 0x12,
  0xE3, 0x00, 0xEB, 0x04, 0x81, 0x00, 0x0F, 0x01, 0x0E, 0xEC, 0xEB, 0x03,
  0x02, 0x0F, 0x03, 0x0E, 0xEC, 0xEB, 0x02, 0x04, 0x0F, 0x05, 0x0E, 0xEC,
  0x06, 0x0F, 0x07, 0x0E, 0x08, 0x0F, 0x09, 0x0E, 0x0A, 0x0F, 0x0B, 0x0E,
  0x0C, 0x0F, 0x0D, 0x0E, 0xE0, 0x12, 0x96, 0x0F, 0xFF, 0xE0, 0x14, 0xE2,
  0x80, 0xE3, 0x06, 0x81, 0xEB, 0x06, 0x01, 0x12, 0x00, 0x13, 0x01, 0x12,
  0x02, 0x11, 0xEC, 0x00, 0x13, 0x01, 0x12, 0x02, 0x11, 0xFF, 0x00, 0xFF,
  0x90, 0x01, 0xDD, 0x90, 0x03, 0x00, 0x91, 0xFF, 0xE0, 0x14, 0xE3, 0x00,
  0xEB, 0x03, 0x81, 0x00, 0x0F, 0x01, 0x0E, 0xEC, 0xEB, 0x05, 0x02, 0x0F,
  0x03, 0x0E, 0xEC, 0xEB, 0x04, 0x04, 0x0F, 0x05, 0x0E, 0xEC, 0xE8, 0xC8,
  0x90, 0x00, 0x26, 0x91, 0x01, 0x27, 0x91, 0x03, 0x57, 0x91, 0xFF, 0xE0,
  0x12, 0xE2, 0x80, 0xE3, 0x05, 0x81, 0x10, 0x20, 0x0B, 0x1B, 0x11, 0x21,
  0x0A, 0x1A, 0x12, 0x22, 0x09, 0x19, 0x13, 0x23, 0x08, 0x18, 0x14, 0x24,
  0x07, 0x17, 0x15, 0x25, 0x06, 0x16, 0x16, 0x26, 0x05, 0x15, 0x17, 0x27,
  0x04, 0x14, 0x18, 0x28, 0x03, 0x13, 0x19, 0x29, 0x02, 0x12, 0xFF, 0xE0,
  0x12, 0xE3, 0x00, 0x82, 0x0C, 0x81, 0x0F, 0x0E, 0x0C, 0x0D, 0x0C, 0x82,
  0x0C, 0x81, 0x0B, 0x0A, 0x83, 0x0C, 0x81, 0x09, 0x08, 0x82, 0x0C, 0x81,
  0x08, 0x09, 0x0C, 0x0A, 0x0B, 0x0C, 0x0D, 0x0C, 0x0B, 0x0A, 0x0B, 0x0C,
  0x0D, 0x0E, 0x96, 0x0D, 0xFF, 0x00, 0x8A, 0x91, 0x01, 0x8B, 0x91, 0x03,
  0xA4, 0x91, 0xFF, 0xE0, 0x14, 0xE2, 0xC0, 0xE3, 0x00, 0x81, 0xEB, 0x05,
  0x01, 0x50, 0x02, 0x51, 0x03, 0x52, 0x04, 0x53, 0x03, 0x52, 0x02, 0x51,
  0x01, 0x50, 0xEC, 0xFF, 0xE0, 0x12, 0xE3, 0x00, 0x81, 0x00, 0x01, 0x02,
  0x03, 0x04, 0x03, 0x02, 0x01, 0x01, 0x02, 0x03, 0x04, 0x05, 0x04, 0x03,
  0x02, 0x02, 0x03, 0x04, 0x05, 0x06, 0x05, 0x04, 0x03, 0x03, 0x04, 0x05,
  0x06, 0x07, 0x06, 0x05, 0x04, 0x04, 0x05, 0x06, 0x07, 0x08, 0x07, 0x06,
  0x05, 0x05, 0x06, 0x07, 0x08, 0x09, 0x08, 0x07, 0x06, 0x06, 0x07, 0x08,
  0x09, 0x0A, 0x09, 0x08, 0x07, 0x07, 0x08, 0x09, 0x0A, 0x0B, 0x0A, 0x09,
  0x08, 0xFF, 0x00, 0xF4, 0x91, 0x01, 0x30, 0x92, 0x03, 0xF3, 0x91, 0xFF,
  0xE0, 0x11, 0xE2, 0xC0, 0xE3, 0x00, 0x81, 0x48, 0xE5, 0x01, 0x48, 0xE5,
  0x02, 0x48, 0xE5, 0x04, 0x48, 0xE9, 0x1D, 0x92, 0xE3, 0x08, 0xE9, 0x1D,
  0x92, 0xE3, 0x0A, 0xE9, 0x1D, 0x92, 0xE3, 0x0C, 0xE9, 0x1D, 0x92, 0xE3,
  0x0E, 0xE9, 0x1D, 0x92, 0xFF, 0xE5, 0x06, 0x48, 0xE5, 0x08, 0x48, 0xE5,
  0x0A, 0x48, 0xE5, 0x0C, 0x48, 0xE5, 0x0E, 0x48, 0xE5, 0x10, 0x48, 0xEA,
  0x84, 0x0C, 0xE8, 0xF4, 0x91, 0x00, 0x3E, 0x92, 0x01, 0x3F, 0x92, 0x03,
  0xDC, 0x92, 0xFF, 0xE0, 0x14, 0xE2, 0x80, 0xE3, 0x08, 0xE9, 0xC0, 0x92,
  0xEB, 0x06, 0x03, 0x10, 0xEC, 0xEB, 0x07, 0x02, 0x11, 0xEC, 0xE3, 0x02,
  0xEB, 0x03, 0x02, 0x14, 0x02, 0x15, 0x03, 0x14, 0x04, 0x13, 0xEC, 0xE3,
  0x03, 0x02, 0x15, 0x03, 0x14, 0x04, 0x13, 0xE3, 0x04, 0x03, 0x14, 0x02,
  0x15, 0x03, 0x14, 0xE3, 0x05, 0x04, 0x13, 0x03, 0x14, 0x02, 0x15, 0xE3,
  0x06, 0x02, 0x14, 0x03, 0x12, 0x02, 0x13, 0xE3, 0x07, 0x01, 0x14, 0x02,
  0x13, 0x03, 0x12, 0xE3, 0x08, 0x02, 0x13, 0x01, 0x14, 0x02, 0x13, 0xE3,
  0x09, 0x03, 0x12, 0x02, 0x13, 0x01, 0x14, 0xE3, 0x0A, 0x01, 0x12, 0x02,
  0x11, 0x01, 0x12, 0xE3, 0x0B, 0x00, 0x13, 0x01, 0x12, 0x02, 0x11, 0xE3,
  0x0C, 0x01, 0x12, 0x00, 0x13, 0x01, 0x12, 0xE3, 0x0D, 0x02, 0x11, 0x01,
  0x12, 0x00, 0x13, 0xE3, 0x0E, 0x01, 0x12, 0x02, 0x11, 0x01, 0x12, 0xFF,
  0xEB, 0x02, 0x81, 0x07, 0x82, 0x08, 0xEC, 0xEB, 0x03, 0x82, 0x06, 0x81,
  0x09, 0xEC, 0xEB, 0x04, 0x81, 0x05, 0x82, 0x0A, 0xEC, 0xEB, 0x05, 0x81,
  0x04, 0x0B, 0xEC, 0xEA, 0xE0, 0x14, 0xE3, 0x02, 0xE9, 0xC0, 0x92, 0xEB,
  0x06, 0x03, 0x0C, 0xEC, 0xEB, 0x07, 0x02, 0x0D, 0xEC, 0xEB, 0x03, 0x01,
  0x0E, 0x00, 0x0F, 0x01, 0x0E, 0x02, 0x0D, 0xEC, 0xE3, 0x03, 0x00, 0x0F,
  0x01, 0x0E, 0x02, 0x0D, 0xE3, 0x04, 0x01, 0x0E, 0x00, 0x0F, 0x01, 0x0E,
  0xE3, 0x05, 0x02, 0x0D, 0x01, 0x0E, 0x00, 0x0F, 0xE3, 0x06, 0x01, 0x0E,
  0x02, 0x0D, 0x01, 0x0E, 0xE3, 0x07, 0x00, 0x0F, 0x01, 0x0E, 0x02, 0x0D,
  0xE3, 0x08, 0x01, 0x0E, 0x00, 0x0F, 0x01, 0x0E, 0xE3, 0x09, 0x02, 0x0D,
  0x01, 0x0E, 0x00, 0x0F, 0xE3, 0x0A, 0x01, 0x0E, 0x02, 0x0D, 0x01, 0x0E,
  0xE3, 0x0B, 0x00, 0x0F, 0x01, 0x0E, 0x02, 0x0D, 0xE3, 0x0C, 0x01, 0x0E,
  0x00, 0x0F, 0x01, 0x0E, 0xE3, 0x0D, 0x02, 0x0D, 0x01, 0x0E, 0x00, 0x0F,
  0xE3, 0x0E, 0x01, 0x0E, 0x02, 0x0D, 0x01, 0x0E, 0xFF, 0x00, 0x63, 0x93,
  0x01, 0xA7, 0x93, 0x03, 0xEB, 0x93, 0xFF, 0xE0, 0x13, 0xE2, 0x40, 0x81,
  0xE3, 0x07, 0x11, 0x12, 0x13, 0x14, 0x15, 0x16, 0x17, 0x18, 0x19, 0x12,
  0x13, 0x14, 0x15, 0x16, 0x17, 0x18, 0x19, 0x13, 0x14, 0x15, 0x16, 0x17,
  0x18, 0x19, 0x14, 0x15, 0x16, 0x17, 0x18, 0x19, 0x15, 0x16, 0x17, 0x18,
  0x19, 0x16, 0x17, 0x18, 0x19, 0x17, 0x18, 0x19, 0x18, 0x19, 0xE3, 0x06,
  0x18, 0x19, 0x18, 0x19, 0xE3, 0x05, 0x18, 0x19, 0x18, 0x19, 0xE3, 0x04,
  0x18, 0x19, 0xFF, 0xE0, 0x13, 0xE2, 0x80, 0x81, 0xE3, 0x07, 0x12, 0x13,
  0x14, 0x15, 0x16, 0x17, 0x18, 0x19, 0x1A, 0x13, 0x14, 0x15, 0x16, 0x17,
  0x18, 0x19, 0x1A, 0x14, 0x15, 0x16, 0x17, 0x18, 0x19, 0x1A, 0x15, 0x16,
  0x17, 0x18, 0x19, 0x1A, 0x16, 0x17, 0x18, 0x19, 0x1A, 0x17, 0x18, 0x19,
  0x1A, 0x18, 0x19, 0x1A, 0x19, 0x1A, 0xE3, 0x06, 0x19, 0x1A, 0x19, 0x1A,
  0xE3, 0x05, 0x19, 0x1A, 0x19, 0x1A, 0xE3, 0x04, 0x19, 0x1A, 0xFF, 0x81,
  0xE0, 0x12, 0xE3, 0x07, 0x02, 0x03, 0x04, 0x05, 0x06, 0x07, 0x08, 0x09,
  0x0A, 0x03, 0x04, 0x05, 0x06, 0x07, 0x08, 0x09, 0x0A, 0x04, 0x05, 0x06,
  0x07, 0x08, 0x09, 0x0A, 0x05, 0x06, 0x07, 0x08, 0x09, 0x0A, 0x06, 0x07,
  0x08, 0x09, 0x0A, 0x07, 0x08, 0x09, 0x0A, 0x08, 0x09, 0x0A, 0x09, 0x0A,
  0xE3, 0x06, 0x09, 0x0A, 0x09, 0x0A, 0xE3, 0x05, 0x09, 0x0A, 0x09, 0x0A,
  0xE3, 0x04, 0x09, 0x0A, 0xFF, 0x00, 0x36, 0x94, 0x01, 0x37, 0x94, 0x03,
  0x44, 0x94, 0xFF, 0xE0, 0x12, 0xE2, 0x80, 0xE3, 0x00, 0x81, 0x10, 0x20,
  0x00, 0x10, 0x20, 0xFF, 0xE9, 0x49, 0x94, 0x05, 0xFF, 0xE0, 0x15, 0xE3,
  0x00, 0x84, 0xED, 0x01, 0x0A, 0x8E, 0xEA, 0x00, 0x5C, 0x94, 0x01, 0x37,
  0x94, 0x03, 0x5D, 0x94, 0xFF, 0xE9, 0x49, 0x94, 0x0F, 0xFF, 0x00, 0x6B,
  0x94, 0x01, 0x6C, 0x94, 0x03, 0x91, 0x94, 0xFF, 0xE0, 0x12, 0xE2, 0x80,
  0xE3, 0x00, 0x81, 0x15, 0x14, 0x12, 0x10, 0x0B, 0x09, 0x07, 0x05, 0x04,
  0xE3, 0x09, 0x15, 0x13, 0x14, 0x12, 0x13, 0x11, 0x12, 0x10, 0x09, 0x08,
  0x07, 0x06, 0x05, 0x04, 0x03, 0x02, 0x01, 0x00, 0xFF, 0xE0, 0x12, 0xE3,
  0x00, 0x81, 0x0B, 0x08, 0x0D, 0x0F, 0x09, 0xE3, 0x08, 0x0F, 0x0E, 0x0D,
  0x0C, 0xE3, 0x09, 0x0F, 0x0E, 0x0D, 0x0C, 0xE3, 0x0A, 0x0F, 0x0E, 0x0D,
  0x0C, 0xE3, 0x0B, 0x0F, 0x0E, 0x0D, 0x0C, 0xE3, 0x0C, 0x0F, 0x0E, 0x0D,
  0x0C, 0xE3, 0x0D, 0x0F, 0x0E, 0x0D, 0x0C, 0xE3, 0x0E, 0x0F, 0x0E, 0x0D,
  0x0C, 0xFF, 0x00, 0xCF, 0x94, 0x01, 0xD0, 0x94, 0x03, 0xF9, 0x94, 0xFF,
  0xE0, 0x12, 0xE2, 0x80, 0xE3, 0x00, 0xEB, 0x03, 0x81, 0x15, 0x14, 0x12,
  0x10, 0xEC, 0x0B, 0x09, 0x07, 0x05, 0x04, 0xE3, 0x0B, 0xE9, 0xEE, 0x94,
  0xE3, 0x0D, 0xE9, 0xEE, 0x94, 0xFF, 0x15, 0x13, 0x14, 0x12, 0x10, 0x0B,
  0x09, 0x07, 0x05, 0x04, 0xEA, 0xE0, 0x12, 0xE3, 0x00, 0x81, 0xEB, 0x03,
  0x0B, 0x08, 0x0D, 0x0F, 0xEC, 0x0C, 0x06, 0x0F, 0x0A, 0x10, 0x0F, 0x0D,
  0x0B, 0x0A, 0xE3, 0x01, 0x0C, 0xE3, 0x03, 0x0C, 0xE3, 0x05, 0x0C, 0xE3,
  0x07, 0x0C, 0xE3, 0x09, 0x0C, 0xE3, 0x0A, 0x0C, 0xE3, 0x0B, 0x0C, 0xE3,
  0x0C, 0x0C, 0xE3, 0x0D, 0x0C, 0xE3, 0x0E, 0x0C, 0xFF, 0x00, 0x36, 0x95,
  0x01, 0x37, 0x95, 0x03, 0x48, 0x95, 0xFF, 0xE0, 0x12, 0xE2, 0x80, 0xE3,
  0x00, 0xEB, 0x03, 0x81, 0x15, 0x14, 0x12, 0x10, 0xEC, 0xE8, 0x72, 0x94,
  0xE0, 0x12, 0xE3, 0x00, 0x81, 0xEB, 0x03, 0x0B, 0x08, 0x0D, 0x0F, 0xEC,
  0xE8, 0x95, 0x94, 0x00, 0x61, 0x95, 0x01, 0xA7, 0x95, 0x03, 0xAE, 0x95,
  0xFF, 0xE0, 0x17, 0xE2, 0x00, 0xE3, 0x05, 0x83, 0xEB, 0x09, 0xE9, 0x9D,
  0x95, 0xEC, 0xE3, 0x06, 0x82, 0xE9, 0x9D, 0x95, 0xE3, 0x07, 0xE9, 0x9D,
  0x95, 0xE3, 0x08, 0xE9, 0x9D, 0x95, 0xE3, 0x09, 0xE9, 0x9D, 0x95, 0xE3,
  0x0A, 0xE9, 0x9D, 0x95, 0xE3, 0x0B, 0xE9, 0x9D, 0x95, 0xE3, 0x0C, 0xE9,
  0x9D, 0x95, 0xE3, 0x0D, 0xE9, 0x9D, 0x95, 0xE3, 0x0E, 0xE9, 0x9D, 0x95,
  0xFF, 0xE4, 0x84, 0x20, 0xE4, 0x84, 0x30, 0xE4, 0x84, 0x40, 0xEA, 0xE5,
  0x01, 0x83, 0x0C, 0xE8, 0x61, 0x95, 0xE0, 0x17, 0xE3, 0x00, 0x81, 0x02,
  0x82, 0x03, 0x83, 0x04, 0x82, 0x05, 0x81, 0x06, 0x03, 0x82, 0x04, 0x83,
  0x05, 0x82, 0x06, 0x81, 0x07, 0x04, 0x82, 0x05, 0x83, 0x06, 0x82, 0x07,
  0x81, 0x08, 0x05, 0x82, 0x06, 0x83, 0x07, 0x82, 0x08, 0x81, 0x09, 0x06,
  0x82, 0x07, 0x83, 0x08, 0x82, 0x09, 0x81, 0x0A, 0x07, 0x82, 0x08, 0x83,
  0x09, 0x82, 0x0A, 0x81, 0x0B, 0x08, 0x82, 0x09, 0x83, 0x0A, 0x82, 0x0B,
  0x81, 0x0C, 0x09, 0x82, 0x0A, 0x83, 0x0B, 0x82, 0x0C, 0x81, 0x0D, 0x0A,
  0x82, 0x0B, 0x83, 0x0C, 0x82, 0x0D, 0x81, 0x0E, 0xE3, 0x01, 0xE9, 0x4B,
  0x96, 0xE3, 0x02, 0xE9, 0x4B, 0x96, 0xE3, 0x03, 0xE9, 0x4B, 0x96, 0xE3,
  0x04, 0xE9, 0x4B, 0x96, 0xE3, 0x05, 0xE9, 0x4B, 0x96, 0xE3, 0x06, 0xE9,
  0x4B, 0x96, 0xE3, 0x07, 0xE9, 0x4B, 0x96, 0xE3, 0x08, 0xE9, 0x4B, 0x96,
  0xE3, 0x09, 0xE9, 0x4B, 0x96, 0xE3, 0x0A, 0xE9, 0x4B, 0x96, 0xE3, 0x0B,
  0xE9, 0x4B, 0x96, 0xE3, 0x0C, 0xE9, 0x4B, 0x96, 0xE3, 0x0D, 0xE9, 0x4B,
  0x96, 0xE3, 0x0E, 0xE9, 0x4B, 0x96, 0xFF, 0x0A, 0x0B, 0x82, 0x0C, 0x81,
  0x0D, 0x0E, 0xEA, 0x00, 0xA2, 0x96, 0x01, 0x78, 0x96, 0x03, 0x5D, 0x96,
  0xFF, 0xE0, 0x2F, 0xE3, 0x00, 0x82, 0x04, 0x09, 0x0A, 0x0B, 0x81, 0x0A,
  0x0B, 0x0A, 0x10, 0x82, 0x09, 0x0A, 0x0B, 0x83, 0x0A, 0x0B, 0x0C, 0xE0,
  0x2E, 0xA5, 0x0D, 0xFF, 0xE0, 0x17, 0xE2, 0x80, 0xE3, 0x00, 0x81, 0xEB,
  0x03, 0x00, 0x10, 0xEC, 0x0B, 0x0A, 0x09, 0x08, 0x00, 0x10, 0x00, 0x10,
  0x00, 0x0B, 0x10, 0x0A, 0x0B, 0x09, 0x0A, 0x08, 0x09, 0x07, 0x08, 0xE0,
  0x2E, 0x00, 0xF3, 0xEB, 0x43, 0x01, 0x00, 0xEC, 0xF4, 0xFF, 0xE0, 0x17,
  0xE2, 0x80, 0xE3, 0x05, 0x81, 0xEB, 0x03, 0x03, 0x13, 0xEC, 0x12, 0x11,
  0x10, 0x0B, 0x03, 0x13, 0x03, 0x13, 0x03, 0x12, 0x13, 0x11, 0x12, 0x10,
  0x11, 0x0B, 0x10, 0x0A, 0x0B, 0xE0, 0x2E, 0x03, 0xF3, 0xEB, 0x43, 0x04,
  0x03, 0xEC, 0xF4, 0xFF, 0x00, 0xD5, 0x96, 0x01, 0xD6, 0x96, 0x03, 0x21,
  0x97, 0xFF, 0xE0, 0x14, 0xE2, 0x80, 0xE3, 0x08, 0x81, 0x20, 0x22, 0x21,
  0xE3, 0x0D, 0x20, 0x22, 0x21, 0xE3, 0x07, 0x21, 0x23, 0x22, 0xE3, 0x0C,
  0x21, 0x23, 0x22, 0xE3, 0x06, 0x22, 0x24, 0x23, 0xE3, 0x0B, 0x22, 0x24,
  0x23, 0xEB, 0x04, 0xE3, 0x05, 0x23, 0x25, 0x24, 0xE3, 0x0B, 0x23, 0x25,
  0x24, 0xEC, 0xEB, 0x04, 0xE3, 0x08, 0x22, 0x24, 0x23, 0xE3, 0x0D, 0x22,
  0x24, 0x23, 0xEC, 0xEB, 0x04, 0xE3, 0x0A, 0x23, 0x25, 0x24, 0xE3, 0x0E,
  0x23, 0x25, 0x24, 0xEC, 0xFF, 0xE0, 0x14, 0xE3, 0x00, 0x81, 0xEB, 0x08,
  0x0A, 0x09, 0x08, 0xEC, 0xEB, 0x04, 0x0B, 0x0A, 0x09, 0xEC, 0xEB, 0x04,
  0x0C, 0x0B, 0x0A, 0xEC, 0xEB, 0x02, 0x0D, 0x0C, 0x0B, 0xEC, 0xEB, 0x02,
  0x0E, 0x0D, 0x0C, 0xEC, 0x0D, 0x0E, 0x96, 0x0F, 0xFF, 0x00, 0x52, 0x97,
  0x01, 0x52, 0x97, 0x03, 0x53, 0x97, 0xFF, 0xE0, 0x12, 0xE3, 0x00, 0x81,
  0x00, 0x02, 0x01, 0x03, 0x02, 0x04, 0x03, 0x05, 0x04, 0x06, 0x05, 0x07,
  0x06, 0x08, 0x07, 0x09, 0x08, 0x0A, 0x09, 0x0B, 0x0A, 0x0C, 0x0B, 0x0D,
  0x0C, 0x0E, 0x0D, 0x0F, 0x96, 0x0E, 0xFF, 0x00, 0x80, 0x97, 0x01, 0x81,
  0x97, 0x03, 0x8F, 0x97, 0xFF, 0xE0, 0x12, 0xE2, 0x80, 0xE3, 0x00, 0x81,
  0x10, 0x20, 0x00, 0x10, 0x00, 0x10, 0xFF, 0xE0, 0x15, 0xE3, 0x00, 0x84,
  0xED, 0x01, 0x0C, 0x88, 0x08, 0xE3, 0x08, 0x07, 0xFF, 0x00, 0xA7, 0x97,
  0x01, 0xB7, 0x97, 0x03, 0xC7, 0x97, 0xFF, 0xE0, 0x14, 0xE2, 0x80, 0xE3,
  0x00, 0x81, 0x10, 0x00, 0x15, 0x05, 0x10, 0x00, 0x16, 0x06, 0xFF, 0xE0,
  0x14, 0xE2, 0x80, 0xE3, 0x00, 0x81, 0x11, 0x01, 0x16, 0x06, 0x11, 0x01,
  0x17, 0x07, 0xFF, 0xE0, 0x17, 0xE3, 0x00, 0x81, 0x0B, 0x08, 0x0D, 0x0F,
  0x0C, 0x06, 0x0F, 0x0A, 0x0F, 0xFF, 0x00, 0xDF, 0x97, 0x01, 0xE0, 0x97,
  0x03, 0xF7, 0x97, 0xFF, 0xE0, 0x16, 0xE2, 0x80, 0xE3, 0x00, 0xE9, 0xEF,
  0x97, 0xE3, 0x0B, 0xE9, 0xEF, 0x97, 0xFF, 0x82, 0x08, 0x09, 0x08, 0x07,
  0x81, 0x06, 0xEA, 0xE0, 0x12, 0xE3, 0x00, 0x82, 0x07, 0x08, 0x07, 0x06,
  0x81, 0x05, 0xFF, 0x00, 0x0C, 0x98, 0x01, 0x0C, 0x98, 0x03, 0x0D, 0x98,
  0xFF, 0xE0, 0x12, 0xE3, 0x00, 0x82, 0x0D, 0xE3, 0x02, 0x0C, 0x07, 0xE3,
  0x06, 0x0D, 0xFF, 0x00, 0x25, 0x98, 0x01, 0x39, 0x98, 0x03, 0x40, 0x98,
  0xFF, 0xE0, 0x17, 0xE2, 0x80, 0xE3, 0x00, 0x81, 0x10, 0x00, 0x15, 0x05,
  0x10, 0x00, 0x16, 0x06, 0x10, 0x00, 0x17, 0x07, 0xFF, 0xE5, 0x08, 0x81,
  0x0C, 0xE8, 0x25, 0x98, 0xE0, 0x17, 0xE3, 0x00, 0x81, 0x0B, 0x0C, 0x05,
  0x0F, 0x0A, 0x08, 0x05, 0x0F, 0x0E, 0x0D, 0x0C, 0x0B, 0xFF, 0x00, 0x5B,
  0x98, 0x01, 0x5C, 0x98, 0x03, 0x67, 0x98, 0xFF, 0xE0, 0x12, 0xE2, 0x80,
  0xE3, 0x00, 0x81, 0x10, 0x01, 0x11, 0xFF, 0xE0, 0x16, 0xE3, 0x00, 0x81,
  0x0A, 0x00, 0x01, 0x02, 0x03, 0x04, 0x05, 0xFF, 0x00, 0x7D, 0x98, 0x01,
  0x94, 0x98, 0x03, 0x9D, 0x98, 0xFF, 0x00, 0x93, 0x98, 0x01, 0x94, 0x98,
  0x03, 0x9D, 0x98, 0x04, 0x93, 0x98, 0x05, 0x93, 0x98, 0x06, 0x93, 0x98,
  0x07, 0x93, 0x98, 0xFF, 0x8E, 0x0C, 0xE9, 0x36, 0x9A, 0xE9, 0x14, 0x9A,
  0xFF, 0xE9, 0xA5, 0x98, 0x8F, 0x10, 0xE8, 0xF4, 0x98, 0xE0, 0x17, 0xE3,
  0x00, 0x81, 0x0D, 0x0E, 0x0F, 0x0E, 0x0D, 0x0C, 0x0B, 0x0C, 0x0A, 0x0B,
  0x09, 0x08, 0x07, 0x06, 0x05, 0x06, 0x07, 0x08, 0xEA, 0x00, 0xD2, 0x98,
  0x01, 0x3B, 0x99, 0x03, 0xD3, 0x98, 0x04, 0xD2, 0x98, 0x05, 0xD2, 0x98,
  0x06, 0xD2, 0x98, 0x07, 0xD2, 0x98, 0xFF, 0xE0, 0x15, 0xE3, 0x00, 0x81,
  0x0D, 0x0E, 0x06, 0x09, 0x0A, 0x0C, 0x0D, 0x05, 0x08, 0x09, 0x0B, 0x0C,
  0x04, 0x07, 0x08, 0x0A, 0x0B, 0x03, 0x06, 0x07, 0x06, 0x07, 0x08, 0x09,
  0x83, 0x0A, 0x8F, 0x10, 0xE0, 0x21, 0xE3, 0x04, 0x8F, 0x0A, 0xE3, 0x02,
  0x9A, 0x0A, 0xE3, 0x03, 0x97, 0x0A, 0xE3, 0x02, 0x95, 0x0A, 0xE3, 0x01,
  0x96, 0x0A, 0xE3, 0x03, 0x98, 0x0A, 0xE3, 0x04, 0x99, 0x0A, 0xE3, 0x05,
  0x97, 0x0A, 0xE3, 0x06, 0x99, 0x0A, 0xE3, 0x07, 0x98, 0x0A, 0xE3, 0x08,
  0x9A, 0x0A, 0xE3, 0x09, 0x98, 0x0A, 0xE3, 0x0A, 0x96, 0x0A, 0xE3, 0x0B,
  0x95, 0x0A, 0xE3, 0x0C, 0x94, 0x0A, 0xE3, 0x0D, 0x95, 0x0A, 0xE3, 0x0E,
  0x94, 0x0A, 0xFF, 0x95, 0x0C, 0xE9, 0x36, 0x9A, 0xE9, 0x14, 0x9A, 0xFF,
  0x00, 0x4D, 0x99, 0x01, 0x4D, 0x99, 0x03, 0x4E, 0x99, 0xFF, 0xE0, 0x21,
  0xE0, 0x17, 0xE3, 0x04, 0x8E, 0x0A, 0xE3, 0x01, 0x95, 0x0A, 0xE3, 0x03,
  0x8A, 0x0A, 0xE3, 0x02, 0x8E, 0x0A, 0xE3, 0x03, 0x91, 0x0A, 0xE3, 0x04,
  0x8E, 0x0A, 0xE3, 0x05, 0x8A, 0x0A, 0xE3, 0x06, 0x91, 0x0A, 0xE3, 0x07,
  0x0A, 0xE3, 0x08, 0x94, 0x0A, 0xE3, 0x09, 0x8D, 0x0A, 0xE3, 0x0A, 0x0A,
  0xE3, 0x0B, 0x0A, 0xE3, 0x0C, 0x0A, 0xE3, 0x0D, 0x0A, 0xE3, 0x0E, 0x99,
  0x0A, 0xFF, 0x00, 0x98, 0x99, 0x01, 0xA6, 0x99, 0x03, 0x97, 0x99, 0xFF,
  0xE0, 0x12, 0xE2, 0x80, 0xE3, 0x05, 0x81, 0x28, 0x29, 0x28, 0x27, 0x94,
  0x26, 0xFF, 0xE0, 0x12, 0xE2, 0x80, 0xE3, 0x01, 0x81, 0x15, 0x16, 0x15,
  0x14, 0x94, 0x13, 0xFF, 0x00, 0xBD, 0x99, 0x01, 0xBE, 0x99, 0x03, 0xD5,
  0x99, 0xFF, 0xE0, 0x12, 0xE2, 0x40, 0xE3, 0x05, 0x81, 0x15, 0x13, 0x11,
  0x0B, 0x09, 0x0B, 0x11, 0x10, 0x0B, 0x0A, 0x09, 0x0C, 0x09, 0x0C, 0x09,
  0xFF, 0xE0, 0x12, 0xE3, 0x00, 0x81, 0x03, 0x05, 0x04, 0x06, 0x05, 0x07,
  0x06, 0x08, 0xE3, 0x07, 0x8E, 0x0B, 0xFF, 0x00, 0xF0, 0x99, 0x01, 0xF0,
  0x99, 0x03, 0xF1, 0x99, 0xFF, 0xE0, 0x12, 0xE3, 0x00, 0xED, 0x02, 0x84,
  0x09, 0x93, 0x06, 0xFF, 0x00, 0x05, 0x9A, 0x01, 0x06, 0x9A, 0x03, 0x05,
  0x9A, 0xFF, 0xE0, 0x12, 0xE2, 0x80, 0xE3, 0x00, 0x81, 0x4A, 0x82, 0x4B,
  0xE9, 0x14, 0x9A, 0xFF, 0x81, 0x54, 0x59, 0x56, 0xEB, 0x15, 0x58, 0x54,
  0xEC, 0xEA, 0x04, 0x46, 0x9A, 0x05, 0x2B, 0x9A, 0x06, 0x4B, 0x9A, 0x07,
  0x50, 0x9A, 0xFF, 0xE9, 0x36, 0x9A, 0xE9, 0x14, 0x9A, 0x8B, 0x0C, 0xE8,
  0xF7, 0xB8, 0xE0, 0x12, 0xE2, 0x80, 0xE3, 0x03, 0x81, 0x55, 0x58, 0x53,
  0x58, 0x54, 0x59, 0x83, 0x0C, 0xEA, 0x9E, 0x0C, 0xE8, 0x05, 0xB9, 0x9E,
  0x0C, 0xE8, 0x13, 0xB9, 0x9E, 0x10, 0xE8, 0x1F, 0xB9, 0x00, 0x5E, 0x9A,
  0x01, 0x5E, 0x9A, 0x03, 0x5F, 0x9A, 0xFF, 0xE0, 0x12, 0xE3, 0x00, 0x81,
  0x0A, 0xF3, 0x0B, 0x08, 0x09, 0x0A, 0xF4, 0x84, 0x10, 0x07, 0x08, 0x07,
  0x85, 0x07, 0x08, 0x09, 0x96, 0x09, 0xFF, 0x00, 0x80, 0x9A, 0x01, 0x81,
  0x9A, 0x03, 0x8F, 0x9A, 0xFF, 0xE0, 0x12, 0xE2, 0x80, 0xE3, 0x00, 0x81,
  0x00, 0x05, 0x01, 0x06, 0x02, 0x07, 0xFF, 0xE0, 0x15, 0xE3, 0x00, 0x84,
  0xED, 0x02, 0x0E, 0x8C, 0x05, 0xFF, 0x00, 0xA4, 0x9A, 0x01, 0xB2, 0x9A,
  0x03, 0xC0, 0x9A, 0xFF, 0xE0, 0x16, 0xE2, 0x80, 0xE3, 0x00, 0x81, 0x10,
  0x00, 0x16, 0x06, 0x10, 0x00, 0xFF, 0xE0, 0x14, 0xE2, 0x40, 0xE3, 0x04,
  0x81, 0x22, 0x21, 0x15, 0x14, 0x24, 0x25, 0xFF, 0xE0, 0x17, 0xE3, 0x00,
  0x82, 0x0E, 0x0D, 0x09, 0x81, 0x0A, 0x09, 0x08, 0xFF, 0x00, 0xD7, 0x9A,
  0x01, 0xFB, 0x9A, 0x03, 0x04, 0x9B, 0xFF, 0xE2, 0x40, 0xE3, 0x00, 0x82,
  0x0C, 0xE0, 0x32, 0x58, 0xF3, 0xE5, 0x01, 0x84, 0x58, 0x82, 0x0C, 0xE5,
  0x00, 0xF4, 0x82, 0x58, 0xF3, 0xE5, 0x01, 0x84, 0x58, 0xE5, 0x02, 0x83,
  0x58, 0xE5, 0x01, 0x84, 0x58, 0xF4, 0xFF, 0x86, 0x0C, 0xE2, 0x80, 0xE3,
  0x03, 0xE8, 0xDB, 0x9A, 0xE0, 0x11, 0xE3, 0x05, 0x81, 0x00, 0x01, 0x82,
  0x02, 0xF3, 0x84, 0x03, 0x82, 0x10, 0xF4, 0x83, 0x02, 0xF3, 0x87, 0x03,
  0x85, 0x04, 0x88, 0x03, 0xF4, 0xFF, 0x00, 0x27, 0x9B, 0x01, 0x28, 0x9B,
  0x03, 0x46, 0x9B, 0xFF, 0xE0, 0x16, 0xE2, 0x80, 0xE3, 0x00, 0x81, 0x10,
  0x00, 0x11, 0x01, 0x12, 0x02, 0x82, 0x08, 0x09, 0x08, 0x07, 0x81, 0x06,
  0xE3, 0x08, 0x82, 0x08, 0x09, 0x08, 0x07, 0x81, 0x06, 0xFF, 0xE0, 0x14,
  0xE3, 0x00, 0x81, 0x0F, 0x00, 0x0E, 0x01, 0xFF, 0x00, 0x5A, 0x9B, 0x01,
  0x7A, 0x9B, 0x03, 0x59, 0x9B, 0xFF, 0xE0, 0x14, 0xE2, 0x80, 0xE3, 0x00,
  0x8E, 0xE4, 0x95, 0x37, 0xE3, 0x08, 0xE4, 0x95, 0x37, 0xE3, 0x0A, 0xE4,
  0x95, 0x37, 0xE3, 0x0B, 0xE4, 0x95, 0x37, 0xE3, 0x0C, 0x83, 0xE4, 0x95,
  0x37, 0xFF, 0xE0, 0x14, 0xE2, 0x80, 0x8E, 0x0C, 0xE5, 0x02, 0xE3, 0x08,
  0xE4, 0x95, 0x37, 0xE3, 0x0A, 0xE4, 0x95, 0x37, 0xE3, 0x0B, 0xE4, 0x95,
  0x37, 0xE3, 0x0C, 0xE4, 0x95, 0x37, 0x83, 0xE3, 0x0D, 0xE4, 0x95, 0x37,
  0xFF, 0x00, 0xA6, 0x9B, 0x01, 0xA7, 0x9B, 0x03, 0xA6, 0x9B, 0xFF, 0xE0,
  0x17, 0xE2, 0x40, 0x89, 0xE3, 0x00, 0xE4, 0x85, 0x18, 0xE3, 0x01, 0xE4,
  0x85, 0x18, 0xE3, 0x02, 0xE4, 0x85, 0x18, 0xE3, 0x03, 0xE4, 0x85, 0x18,
  0xE3, 0x04, 0xE4, 0x85, 0x18, 0xE3, 0x05, 0xE4, 0x85, 0x18, 0xE3, 0x06,
  0xE4, 0x85, 0x18, 0xE3, 0x07, 0xE4, 0x85, 0x18, 0xE3, 0x08, 0xE4, 0x85,
  0x18, 0xE3, 0x09, 0xE4, 0x85, 0x18, 0xE3, 0x0A, 0xE4, 0x85, 0x18, 0xE3,
  0x0B, 0xE4, 0x85, 0x18, 0xE3, 0x0C, 0xE4, 0x85, 0x18, 0xE3, 0x0D, 0xE4,
  0x85, 0x18, 0xFF, 0x00, 0xFD, 0x9B, 0x01, 0x06, 0x9C, 0x03, 0xFC, 0x9B,
  0xFF, 0xE3, 0x00, 0xE2, 0x80, 0xE0, 0x14, 0xA2, 0x49, 0xFF, 0xE3, 0x0A,
  0xED, 0x01, 0x83, 0x0C, 0xE2, 0x80, 0xE0, 0x14, 0xA2, 0x49, 0xFF, 0x00,
  0x1C, 0x9C, 0x01, 0x1C, 0x9C, 0x03, 0x1D, 0x9C, 0xFF, 0xE0, 0x2F, 0xE3,
  0x00, 0x85, 0x00, 0x82, 0x04, 0x83, 0x08, 0x09, 0x0A, 0x0B, 0x0C, 0x0A,
  0x0B, 0x0C, 0xE0, 0x2E, 0xE3, 0x00, 0xA5, 0x0F, 0xFF, 0x04, 0x42, 0x9C,
  0x05, 0x60, 0x9C, 0x06, 0x41, 0x9C, 0x07, 0x67, 0x9C, 0xFF, 0xE0, 0x17,
  0xE2, 0x40, 0xE3, 0x0D, 0xAD, 0xE4, 0xFF, 0x40, 0x9F, 0xE3, 0x0E, 0x53,
  0xE3, 0x0D, 0xE0, 0x30, 0x89, 0xEB, 0x1F, 0x53, 0xEC, 0xE3, 0x0E, 0xEB,
  0x3F, 0x53, 0xEC, 0xFF, 0xE5, 0x02, 0x85, 0x0C, 0xE8, 0x42, 0x9C, 0xE0,
  0x17, 0xE3, 0x0D, 0x96, 0x0C, 0xE3, 0x0C, 0x0C, 0xE3, 0x0B, 0x0C, 0xE3,
  0x0A, 0x0C, 0xE3, 0x09, 0x0C, 0xE3, 0x08, 0x0C, 0xE3, 0x07, 0x0C, 0xE3,
  0x06, 0x0C, 0xE3, 0x05, 0xA6, 0x0C, 0x0C, 0x9F, 0x0C, 0xE3, 0x06, 0x94,
  0x0C, 0x9A, 0x0C, 0xE3, 0x07, 0x9D, 0x0C, 0x98, 0x0C, 0xE3, 0x08, 0x0C,
  0x9D, 0x0C, 0xE3, 0x09, 0x0C, 0x98, 0x0C, 0xE3, 0x0A, 0x94, 0x0C, 0x9E,
  0x0C, 0xE3, 0x0B, 0x0C, 0x94, 0x0C, 0xE3, 0x0C, 0x9F, 0x0C, 0xE3, 0x0D,
  0x0C, 0xE3, 0x0E, 0x0C, 0xFF, 0x04, 0xC1, 0x9C, 0x05, 0xC1, 0x9C, 0x06,
  0xC1, 0x9C, 0x07, 0xC2, 0x9C, 0xFF, 0xE0, 0x17, 0xE3, 0x04, 0x90, 0x03,
  0xE8, 0xC6, 0x9C, 0x00, 0xD4, 0x9C, 0x01, 0xD5, 0x9C, 0x03, 0xD4, 0x9C,
  0xFF, 0xE0, 0x12, 0xE2, 0x80, 0xE3, 0x00, 0x84, 0xE4, 0x85, 0x10, 0x83,
  0xE4, 0x8D, 0x11, 0xE3, 0x0A, 0x84, 0xE4, 0x85, 0x10, 0x83, 0xE4, 0x8D,
  0x11, 0xFF, 0x00, 0xF7, 0x9C, 0x01, 0xF7, 0x9C, 0x03, 0xF8, 0x9C, 0xFF,
  0xE0, 0x11, 0xE3, 0x00, 0x83, 0x0A, 0x82, 0x0E, 0x90, 0xF3, 0xED, 0x02,
  0x05, 0xF4, 0xEF, 0xFF, 0x00, 0x11, 0x9D, 0x01, 0x12, 0x9D, 0x03, 0x36,
  0x9D, 0xFF, 0xE0, 0x11, 0xE2, 0x80, 0xE3, 0x00, 0x88, 0xE4, 0x85, 0x15,
  0xE3, 0x04, 0xE4, 0x85, 0x15, 0xE3, 0x08, 0xE4, 0x85, 0x15, 0xE3, 0x0A,
  0xE4, 0x85, 0x15, 0xE3, 0x0C, 0xE4, 0x85, 0x15, 0xE3, 0x0E, 0xE4, 0x85,
  0x15, 0xFF, 0xE0, 0x14, 0xE3, 0x00, 0x81, 0x0F, 0x05, 0x0E, 0x05, 0x0D,
  0x05, 0x06, 0x07, 0x08, 0x09, 0x0A, 0x0B, 0x0C, 0x0B, 0x87, 0x0A, 0xE3,
  0x08, 0x0A, 0xE3, 0x0A, 0x0A, 0xE3, 0x0C, 0x0A, 0xE3, 0x0E, 0x0A, 0xFF,
  0x00, 0x61, 0x9D, 0x01, 0x61, 0x9D, 0x03, 0x62, 0x9D, 0xFF, 0xE0, 0x12,
  0xE3, 0x00, 0x81, 0x0C, 0x0D, 0xEB, 0x08, 0x08, 0x0D, 0x0A, 0x00, 0x10,
  0x10, 0xEC, 0xFF, 0x00, 0x7D, 0x9D, 0x01, 0xA8, 0x9D, 0x03, 0xD3, 0x9D,
  0xFF, 0xE0, 0x00, 0x82, 0x0C, 0xE2, 0xC0, 0xE3, 0x05, 0xEB, 0x03, 0x81,
  0x0A, 0x00, 0x0B, 0x01, 0x82, 0x0C, 0xEC, 0xE3, 0x03, 0xEB, 0x06, 0x81,
  0x0A, 0x00, 0x0B, 0x01, 0x82, 0x0C, 0xEC, 0xE3, 0x01, 0xEB, 0x0A, 0x81,
  0x0A, 0x00, 0x0B, 0x01, 0x82, 0x0C, 0xEC, 0xFF, 0xE0, 0x00, 0xE2, 0xC0,
  0x82, 0x0C, 0xE3, 0x05, 0xEB, 0x03, 0x81, 0x07, 0x06, 0x05, 0x04, 0x03,
  0x0C, 0xEC, 0xE3, 0x03, 0xEB, 0x06, 0x81, 0x07, 0x06, 0x05, 0x04, 0x03,
  0x0C, 0xEC, 0xE3, 0x01, 0xEB, 0x0A, 0x81, 0x07, 0x06, 0x05, 0x04, 0x03,
  0x0C, 0xEC, 0xFF, 0xE0, 0x12, 0xE3, 0x00, 0x81, 0x0C, 0x0D, 0xEB, 0x12,
  0x08, 0x0D, 0x0A, 0x00, 0x10, 0x10, 0xEC, 0xFF, 0x00, 0xED, 0x9D, 0x01,
  0xED, 0x9D, 0x03, 0xEE, 0x9D, 0xFF, 0xE0, 0x14, 0xE3, 0x00, 0x8A, 0x01,
  0x89, 0x02, 0x88, 0x03, 0x87, 0x04, 0x88, 0x05, 0xFF, 0x00, 0x06, 0x9E,
  0x01, 0x06, 0x9E, 0x03, 0x07, 0x9E, 0xFF, 0xE0, 0x17, 0xE3, 0x00, 0x81,
  0x01, 0x04, 0x01, 0x82, 0x02, 0x05, 0x02, 0x83, 0x03, 0x06, 0x03, 0x04,
  0x07, 0x04, 0x05, 0x08, 0x05, 0x06, 0x09, 0x06, 0xFF, 0x00, 0x2B, 0x9E,
  0x01, 0x37, 0x9E, 0x03, 0x2A, 0x9E, 0xFF, 0xE3, 0x00, 0xE0, 0x11, 0xE2,
  0x80, 0xE9, 0x4C, 0x9E, 0x90, 0x50, 0xFF, 0xE0, 0x12, 0xE2, 0x80, 0xE3,
  0x05, 0xE5, 0x01, 0x84, 0x0C, 0xE9, 0x4C, 0x9E, 0xE5, 0x00, 0xED, 0x01,
  0x90, 0x50, 0xEF, 0xFF, 0x87, 0x30, 0x32, 0x34, 0x84, 0x37, 0x34, 0x30,
  0x86, 0x34, 0x37, 0x40, 0x44, 0x84, 0x40, 0x37, 0xEA, 0x00, 0x67, 0x9E,
  0x01, 0x72, 0x9E, 0x03, 0x66, 0x9E, 0xFF, 0xE3, 0x00, 0xE2, 0x80, 0xE0,
  0x13, 0xE5, 0x81, 0x9A, 0x39, 0xFF, 0xE3, 0x0A, 0xED, 0x01, 0x83, 0x0C,
  0xE2, 0x80, 0xE0, 0x13, 0x9A, 0x39, 0xFF, 0x00, 0x88, 0x9E, 0x01, 0x88,
  0x9E, 0x03, 0x89, 0x9E, 0xFF, 0xE0, 0x11, 0xE3, 0x00, 0x81, 0x00, 0x01,
  0x02, 0x08, 0x09, 0x10, 0x10, 0x8B, 0x09, 0xFF, 0x00, 0xA1, 0x9E, 0x01,
  0xA1, 0x9E, 0x03, 0xA2, 0x9E, 0xFF, 0xE0, 0x17, 0xE3, 0x0C, 0x83, 0x00,
  0xE3, 0x0B, 0x01, 0xE3, 0x0A, 0x84, 0x02, 0xE3, 0x09, 0x03, 0xE3, 0x08,
  0x85, 0x04, 0xE3, 0x07, 0x04, 0xE3, 0x06, 0x86, 0x05, 0xE3, 0x05, 0x05,
  0xE3, 0x04, 0x87, 0x05, 0xE3, 0x03, 0x05, 0xE3, 0x02, 0x88, 0x05, 0xE3,
  0x01, 0x05, 0xE3, 0x00, 0x9C, 0x05, 0xFF, 0x00, 0xDC, 0x9E, 0x01, 0xE9,
  0x9E, 0x03, 0xDD, 0x9E, 0xFF, 0xE0, 0x15, 0xE3, 0x00, 0x81, 0x0E, 0x09,
  0x0F, 0x09, 0x84, 0x08, 0xFF, 0xE0, 0x12, 0xE2, 0x80, 0xE3, 0x00, 0x81,
  0x05, 0x0A, 0x06, 0x0B, 0x07, 0x10, 0xFF, 0x00, 0x00, 0x9F, 0x01, 0x00,
  0x9F, 0x03, 0x01, 0x9F, 0xFF, 0xE0, 0x12, 0xE3, 0x00, 0x82, 0x00, 0x01,
  0x02, 0x03, 0x01, 0x02, 0x03, 0x04, 0x02, 0x03, 0x04, 0x05, 0x81, 0xEB,
  0x03, 0x03, 0x04, 0x05, 0x06, 0xEC, 0xEB, 0x04, 0x04, 0x05, 0x06, 0x07,
  0xEC, 0xEB, 0x03, 0x05, 0x06, 0x07, 0x08, 0xEC, 0x06, 0x07, 0x08, 0x09,
  0x07, 0x08, 0x09, 0x0A, 0x08, 0x09, 0x0A, 0x0B, 0x09, 0x0A, 0x0B, 0x0C,
  0x0A, 0x0B, 0x0C, 0x0D, 0x0B, 0x0C, 0x0D, 0x0E, 0x0C, 0x0D, 0x0E, 0x96,
  0x0F, 0xFF, 0x00, 0x4F, 0x9F, 0x01, 0x4F, 0x9F, 0x03, 0x50, 0x9F, 0xFF,
  0x82, 0xE0, 0x12, 0xE3, 0x00, 0x0F, 0x0E, 0x0D, 0x0C, 0x0E, 0x0D, 0x0C,
  0x0B, 0x0D, 0x0C, 0x0B, 0x0A, 0x81, 0x0C, 0x0B, 0x0A, 0x09, 0x0C, 0x0B,
  0x0A, 0x09, 0x0B, 0x0A, 0x09, 0x08, 0x0B, 0x0A, 0x09, 0x08, 0x0B, 0x0A,
  0x09, 0x08, 0x0A, 0x09, 0x08, 0x07, 0x0A, 0x09, 0x08, 0x07, 0x09, 0x08,
  0x07, 0x06, 0x08, 0x07, 0x06, 0x05, 0x07, 0x06, 0x05, 0x04, 0x06, 0x05,
  0x04, 0x03, 0x05, 0x04, 0x03, 0x02, 0x04, 0x03, 0x02, 0x01, 0x03, 0x02,
  0x01, 0x96, 0x00, 0xFF, 0x00, 0xA5, 0x9F, 0x01, 0xA5, 0x9F, 0x03, 0xA6,
  0x9F, 0xFF, 0xE0, 0x21, 0xE0, 0x17, 0xE3, 0x0C, 0x85, 0x0A, 0xE3, 0x0B,
  0x0A, 0xE3, 0x0A, 0x0A, 0xE3, 0x09, 0x0A, 0xE3, 0x08, 0x0A, 0xE3, 0x07,
  0x0A, 0xE3, 0x06, 0x0A, 0xE3, 0x05, 0x0A, 0xE3, 0x04, 0x8D, 0x0A, 0xE8,
  0x56, 0x99, 0x00, 0xD3, 0x9F, 0x01, 0xD3, 0x9F, 0x03, 0xD4, 0x9F, 0xFF,
  0xE0, 0x17, 0xE3, 0x03, 0x81, 0x01, 0x04, 0x01, 0x82, 0x02, 0x05, 0x02,
  0x83, 0x03, 0x06, 0x03, 0x04, 0x07, 0x04, 0x05, 0x08, 0x05, 0x06, 0x09,
  0x06, 0x07, 0x0A, 0x08, 0x0B, 0x09, 0x0C, 0x0A, 0x0D, 0x0B, 0x0E, 0x0C,
  0x0F, 0x0E, 0x0F, 0xE8, 0xF9, 0x9F, 0xFF, 0xFF, 0x04, 0x0D, 0xA0, 0x05,
  0x0A, 0xA1, 0x06, 0xF8, 0xA1, 0x07, 0xB3, 0xA2, 0xFF, 0xE2, 0x40, 0xE3,
  0x09, 0xE9, 0xEC, 0xA0, 0xE0, 0x23, 0x8C, 0x30, 0x2A, 0xE0, 0x22, 0x87,
  0x28, 0xE0, 0x24, 0x91, 0x27, 0xE0, 0x27, 0x8C, 0x25, 0xF3, 0xED, 0x01,
  0x25, 0xED, 0x02, 0x9C, 0x25, 0xF4, 0xEF, 0xE0, 0x25, 0x94, 0x2A, 0x28,
  0x25, 0x27, 0x2A, 0xE9, 0xEC, 0xA0, 0xE0, 0x23, 0x8C, 0x30, 0x31, 0xE0,
  0x22, 0x87, 0x30, 0xE0, 0x24, 0x91, 0x2A, 0xE0, 0x27, 0x8C, 0x30, 0xF3,
  0xED, 0x01, 0x30, 0xED, 0x02, 0x9C, 0x30, 0xF4, 0xEF, 0xE0, 0x25, 0x94,
  0x33, 0x31, 0x2A, 0x30, 0xE0, 0x22, 0x87, 0x30, 0xE0, 0x24, 0x91, 0x2A,
  0xE9, 0xC1, 0xA0, 0xE0, 0x24, 0x91, 0x30, 0x2A, 0xE0, 0x26, 0x8C, 0x28,
  0xF3, 0xED, 0x01, 0x94, 0x28, 0xEF, 0xF4, 0xE0, 0x25, 0x94, 0x30, 0xE0,
  0x26, 0x8C, 0x2A, 0xF3, 0xED, 0x01, 0x94, 0x2A, 0xEF, 0xF4, 0xE0, 0x26,
  0x8C, 0x30, 0xF3, 0xED, 0x01, 0x94, 0x30, 0xEF, 0xF4, 0xE0, 0x25, 0x94,
  0x31, 0xE9, 0xC1, 0xA0, 0xE0, 0x24, 0x91, 0x28, 0x27, 0xE0, 0x26, 0x8C,
  0x25, 0xF3, 0xED, 0x01, 0x94, 0x25, 0xEF, 0xF4, 0xE0, 0x25, 0x94, 0x2A,
  0xE0, 0x25, 0x94, 0x28, 0x25, 0x27, 0xE0, 0x22, 0x87, 0x27, 0xE0, 0x23,
  0x8C, 0x28, 0xE0, 0x22, 0x87, 0x2A, 0xE8, 0x11, 0xA0, 0xE0, 0x24, 0x91,
  0x33, 0x31, 0xE0, 0x26, 0x8C, 0x30, 0xF3, 0xED, 0x01, 0x94, 0x30, 0xEF,
  0xF4, 0xE0, 0x25, 0x94, 0x33, 0xE0, 0x26, 0x8C, 0x35, 0xF3, 0xED, 0x01,
  0x94, 0x35, 0xEF, 0xF4, 0xE0, 0x27, 0x8C, 0x33, 0xF3, 0xED, 0x01, 0x9C,
  0x33, 0xEF, 0xF4, 0xEA, 0xE0, 0x27, 0x8C, 0x28, 0xF3, 0xED, 0x01, 0x28,
  0xED, 0x02, 0x9C, 0x28, 0xF4, 0xEF, 0xE0, 0x22, 0x87, 0x23, 0xE0, 0x27,
  0x91, 0x2A, 0xF3, 0xED, 0x01, 0x9C, 0x2A, 0xEF, 0xF4, 0xEA, 0xE3, 0x09,
  0xE2, 0x00, 0xE0, 0x22, 0x87, 0xEB, 0x02, 0x20, 0x21, 0x20, 0x1A, 0xEC,
  0xE0, 0x27, 0xED, 0x01, 0x9C, 0x18, 0xEF, 0xE0, 0x22, 0x87, 0x17, 0x18,
  0x17, 0x15, 0x17, 0x18, 0x1A, 0x20, 0xE0, 0x27, 0xED, 0x01, 0x9C, 0x1A,
  0xEF, 0xE0, 0x22, 0x87, 0xEB, 0x02, 0x20, 0x21, 0x20, 0x1A, 0xEC, 0xE0,
  0x27, 0xED, 0x01, 0x9C, 0x21, 0xEF, 0xE0, 0x24, 0x91, 0x11, 0x15, 0xE0,
  0x23, 0x8C, 0x18, 0xE0, 0x24, 0x91, 0x13, 0x15, 0xE0, 0x23, 0x8C, 0x1A,
  0xE0, 0x22, 0x87, 0xEB, 0x02, 0x20, 0x21, 0x20, 0x1A, 0xEC, 0xE0, 0x27,
  0xED, 0x01, 0x9C, 0x18, 0xEF, 0xE0, 0x22, 0x87, 0x17, 0x18, 0x17, 0x15,
  0x17, 0x18, 0x1A, 0x20, 0xE0, 0x27, 0xED, 0x01, 0x9C, 0x1A, 0xEF, 0xE0,
  0x22, 0x87, 0x18, 0x1A, 0x20, 0x21, 0x20, 0x1A, 0x20, 0x21, 0xE0, 0x27,
  0xED, 0x01, 0x9C, 0x20, 0xEF, 0xE0, 0x24, 0x91, 0x21, 0x18, 0xE0, 0x23,
  0x8C, 0x15, 0xE0, 0x24, 0x91, 0x17, 0x1A, 0xE0, 0x23, 0x8C, 0x21, 0xE2,
  0x40, 0xE0, 0x24, 0x91, 0x30, 0x2A, 0xE0, 0x26, 0x99, 0x28, 0xE0, 0x25,
  0x94, 0x28, 0xE0, 0x27, 0xA4, 0x28, 0xE0, 0x24, 0x91, 0x28, 0x27, 0xE0,
  0x26, 0x99, 0x25, 0xE0, 0x25, 0x94, 0x25, 0x21, 0x23, 0x28, 0x27, 0xE0,
  0x24, 0x91, 0x30, 0x2A, 0xE0, 0x26, 0x99, 0x28, 0xE0, 0x25, 0x94, 0x28,
  0xE0, 0x24, 0x91, 0x27, 0x28, 0xE0, 0x27, 0x8C, 0x27, 0xF3, 0x9C, 0x27,
  0xF4, 0xE0, 0x24, 0x91, 0x25, 0x23, 0xE0, 0x26, 0x99, 0x21, 0xE0, 0x25,
  0x94, 0x25, 0x21, 0x21, 0x23, 0xE0, 0x22, 0x87, 0x23, 0xE0, 0x23, 0x8C,
  0x25, 0xE0, 0x22, 0x87, 0x27, 0xE8, 0x0C, 0xA1, 0xE0, 0x20, 0x91, 0x18,
  0x20, 0x94, 0x28, 0x8C, 0x27, 0x28, 0x23, 0x91, 0x27, 0x23, 0x94, 0x1A,
  0x8C, 0x18, 0xE0, 0x1A, 0x87, 0x17, 0x18, 0x19, 0x1A, 0xE0, 0x20, 0x91,
  0x25, 0x21, 0x8C, 0x25, 0x91, 0x28, 0x27, 0x8C, 0x23, 0x91, 0x21, 0x25,
  0x8C, 0x30, 0x91, 0x2A, 0x28, 0x8C, 0x27, 0x91, 0x18, 0x20, 0x94, 0x28,
  0x8C, 0x27, 0x28, 0x23, 0x91, 0x27, 0x23, 0x94, 0x1A, 0x8C, 0x18, 0xE0,
  0x1A, 0x87, 0x17, 0x18, 0x19, 0x1A, 0xE0, 0x20, 0x91, 0x25, 0x21, 0x8C,
  0x1A, 0x91, 0x28, 0x27, 0x8C, 0x23, 0x91, 0x21, 0x25, 0x8C, 0x30, 0x91,
  0x2A, 0x28, 0x8C, 0x2A, 0x91, 0x28, 0x27, 0x8C, 0x23, 0x0C, 0x20, 0x21,
  0x23, 0x8C, 0x27, 0x87, 0x0C, 0x25, 0x8C, 0x0C, 0x27, 0x0C, 0x23, 0xE0,
  0x1A, 0x87, 0x23, 0x25, 0x27, 0x33, 0xE0, 0x20, 0x91, 0x21, 0x23, 0x94,
  0x25, 0x8C, 0x21, 0x21, 0x21, 0x8C, 0x23, 0x87, 0x0C, 0x23, 0x8C, 0x0C,
  0x23, 0x94, 0x25, 0x23, 0x91, 0x28, 0x27, 0x94, 0x23, 0x8C, 0x20, 0x21,
  0x23, 0x8C, 0x27, 0x87, 0x0C, 0x25, 0x8C, 0x0C, 0x27, 0x0C, 0x23, 0x87,
  0x23, 0x25, 0x27, 0x33, 0x91, 0x21, 0x23, 0x94, 0x25, 0x8C, 0x21, 0x21,
  0x21, 0x8C, 0x23, 0x87, 0x0C, 0x23, 0x8C, 0x0C, 0x23, 0x94, 0x25, 0x23,
  0xE8, 0xF8, 0xA1, 0xE0, 0x16, 0xE3, 0x06, 0xE9, 0x88, 0xA3, 0xFA, 0x87,
  0x05, 0x00, 0x01, 0x00, 0xE9, 0x88, 0xA3, 0x87, 0xEB, 0x04, 0xFA, 0x05,
  0xEC, 0xE9, 0x88, 0xA3, 0xFA, 0x87, 0x05, 0x00, 0x01, 0x00, 0xE9, 0x88,
  0xA3, 0x87, 0xFA, 0x05, 0xFA, 0x05, 0x01, 0xFA, 0x05, 0xE9, 0x88, 0xA3,
  0xFA, 0x87, 0x05, 0x00, 0x01, 0x00, 0xE9, 0x88, 0xA3, 0x87, 0xEB, 0x04,
  0xFA, 0x05, 0xEC, 0xE9, 0x88, 0xA3, 0xFA, 0x87, 0x05, 0x00, 0x01, 0x00,
  0xE9, 0x88, 0xA3, 0x87, 0xFA, 0x05, 0xFA, 0x05, 0x01, 0xFA, 0x05, 0xE9,
  0x76, 0xA3, 0xFA, 0x87, 0x05, 0x01, 0xFA, 0x05, 0xFA, 0x05, 0xE9, 0x76,
  0xA3, 0xEB, 0x04, 0xFA, 0x87, 0x05, 0xEC, 0xE9, 0x76, 0xA3, 0xFA, 0x87,
  0x05, 0x01, 0xFA, 0x05, 0xFA, 0x05, 0xF9, 0x8C, 0x01, 0x87, 0x01, 0xFA,
  0x05, 0x8C, 0x01, 0xFA, 0x87, 0x05, 0x01, 0xFA, 0x87, 0x05, 0xFA, 0x8C,
  0x05, 0xEB, 0x05, 0xFA, 0x87, 0x05, 0xEC, 0xE9, 0x76, 0xA3, 0xFA, 0x87,
  0x05, 0x01, 0xFA, 0x05, 0xFA, 0x05, 0xE9, 0x76, 0xA3, 0xEB, 0x04, 0xFA,
  0x87, 0x05, 0xEC, 0xE9, 0x76, 0xA3, 0xFA, 0x87, 0x05, 0x01, 0xFA, 0x05,
  0xFA, 0x05, 0xF9, 0x8C, 0x01, 0x87, 0x01, 0xFA, 0x05, 0x8C, 0x01, 0xFA,
  0x87, 0x05, 0x01, 0xFA, 0x87, 0x05, 0xFA, 0x8C, 0x05, 0xEB, 0x05, 0xFA,
  0x87, 0x05, 0xEC, 0xE8, 0xB7, 0xA2, 0xF9, 0x8C, 0x01, 0x87, 0x01, 0xFA,
  0x05, 0x8C, 0x01, 0xFA, 0x87, 0x05, 0x01, 0x8C, 0x01, 0xF9, 0x01, 0xEA,
  0xF9, 0x8C, 0x01, 0xF9, 0x01, 0xFA, 0x05, 0xEB, 0x02, 0xF9, 0x87, 0x01,
  0xF9, 0x8C, 0x01, 0xEC, 0xEA, 0x04, 0xA6, 0xA3, 0x05, 0x36, 0xA6, 0x06,
  0x52, 0xA7, 0x07, 0xA4, 0xA8, 0xFF, 0xE0, 0x11, 0xE2, 0x80, 0xE3, 0x0A,
  0x82, 0x0C, 0xE5, 0x01, 0x84, 0x61, 0x5B, 0x58, 0x54, 0x53, 0x51, 0x51,
  0x4B, 0x85, 0x48, 0x44, 0x43, 0x41, 0x41, 0x3B, 0x38, 0x34, 0x33, 0x31,
  0x31, 0x2B, 0x28, 0x24, 0x23, 0x82, 0x21, 0xE5, 0x01, 0xE2, 0xC0, 0xE3,
  0x09, 0xE9, 0x25, 0xA6, 0xE0, 0x24, 0x91, 0x31, 0xE0, 0x23, 0x8C, 0x28,
  0x2B, 0xE9, 0x25, 0xA6, 0xE0, 0x24, 0x91, 0x36, 0xE0, 0x23, 0x8C, 0x31,
  0x33, 0xE9, 0x25, 0xA6, 0xE0, 0x24, 0x91, 0x31, 0xE0, 0x23, 0x8C, 0x31,
  0x33, 0xE0, 0x27, 0x8C, 0x38, 0xED, 0x01, 0xF3, 0x38, 0xED, 0x02, 0x94,
  0x38, 0xF4, 0x87, 0x0C, 0xEF, 0xE0, 0x22, 0x31, 0x36, 0x31, 0x34, 0x31,
  0x33, 0x34, 0xE9, 0x25, 0xA6, 0xE0, 0x24, 0x91, 0x36, 0xE0, 0x23, 0x8C,
  0x31, 0x33, 0xE9, 0x25, 0xA6, 0xE0, 0x22, 0x87, 0x31, 0x38, 0x36, 0x34,
  0x36, 0x34, 0x33, 0xE9, 0x25, 0xA6, 0xE0, 0x24, 0x91, 0x31, 0xE0, 0x23,
  0x8C, 0x2B, 0x31, 0xE0, 0x24, 0x91, 0x2B, 0x33, 0xE0, 0x27, 0x8C, 0x38,
  0xF3, 0xED, 0x01, 0x38, 0xED, 0x02, 0x99, 0x38, 0xEF, 0xF4, 0xE2, 0x00,
  0xEB, 0x03, 0xE9, 0x14, 0xA6, 0x28, 0x0C, 0x26, 0x0C, 0xE9, 0x14, 0xA6,
  0x28, 0x28, 0x28, 0x28, 0xEC, 0xE2, 0xC0, 0xEB, 0x02, 0xE0, 0x24, 0x91,
  0x36, 0x33, 0xE0, 0x22, 0x87, 0x2B, 0xE0, 0x23, 0x8C, 0x31, 0xE0, 0x22,
  0x87, 0x28, 0xE0, 0x26, 0x99, 0x2B, 0xEC, 0xE9, 0x02, 0xA6, 0x28, 0x28,
  0x28, 0x28, 0xE9, 0x02, 0xA6, 0x0C, 0x0C, 0x24, 0x26, 0xE9, 0x02, 0xA6,
  0x28, 0x28, 0x28, 0x28, 0xE0, 0x23, 0x94, 0x34, 0x33, 0x2B, 0x28, 0xE9,
  0x02, 0xA6, 0x28, 0x28, 0x28, 0x28, 0xE9, 0x02, 0xA6, 0x0C, 0x0C, 0x24,
  0x26, 0xE0, 0x23, 0x8C, 0x0C, 0x34, 0x94, 0x33, 0x2B, 0x28, 0xE0, 0x11,
  0xE2, 0x80, 0xE3, 0x0A, 0x84, 0x61, 0x5B, 0x58, 0x54, 0x53, 0x51, 0x51,
  0x4B, 0x85, 0x48, 0x44, 0x43, 0x41, 0x41, 0x3B, 0x38, 0x34, 0x33, 0x31,
  0x31, 0x2B, 0x28, 0x24, 0x23, 0x21, 0xE3, 0x09, 0xE2, 0xC0, 0xE0, 0x27,
  0x8C, 0x31, 0xF3, 0xED, 0x01, 0x31, 0xED, 0x02, 0x94, 0x31, 0xF4, 0xEF,
  0x8C, 0x28, 0xF3, 0xED, 0x01, 0x28, 0xED, 0x02, 0x94, 0x28, 0xF4, 0xEF,
  0x8C, 0x0C, 0xE0, 0x24, 0x91, 0x34, 0x31, 0xE0, 0x26, 0x99, 0x29, 0xE0,
  0x22, 0x87, 0x2B, 0x29, 0xE0, 0x27, 0x8C, 0x28, 0xF3, 0xED, 0x01, 0x28,
  0xED, 0x02, 0x9C, 0x28, 0xF4, 0xEF, 0xE0, 0x22, 0x8C, 0x0C, 0x87, 0x2B,
  0x31, 0xE0, 0x24, 0x91, 0x33, 0x2B, 0xE0, 0x25, 0x94, 0x36, 0x33, 0xE0,
  0x23, 0x8C, 0x2B, 0xE0, 0x27, 0x8C, 0x31, 0xF3, 0xED, 0x01, 0x31, 0xED,
  0x02, 0x94, 0x31, 0xF4, 0xEF, 0x8C, 0x34, 0xF3, 0xED, 0x01, 0x34, 0xED,
  0x02, 0x94, 0x34, 0xF4, 0xEF, 0x8C, 0x38, 0xF3, 0xED, 0x01, 0x38, 0xED,
  0x02, 0x99, 0x38, 0xF4, 0xEF, 0xE0, 0x25, 0x94, 0x36, 0xE0, 0x23, 0x8C,
  0x34, 0xE0, 0x27, 0x8C, 0x33, 0xF3, 0xED, 0x01, 0x33, 0xED, 0x02, 0x9C,
  0x33, 0xF4, 0xEF, 0xE0, 0x22, 0x8C, 0x0C, 0x87, 0x33, 0x34, 0xE0, 0x26,
  0x99, 0x36, 0xE0, 0x27, 0x8C, 0x3B, 0xF3, 0xED, 0x01, 0x3B, 0xED, 0x02,
  0x99, 0x3B, 0xF4, 0xEF, 0xE0, 0x26, 0x99, 0x38, 0xE0, 0x27, 0x8C, 0x34,
  0xF3, 0xED, 0x01, 0x34, 0xED, 0x02, 0x99, 0x34, 0xF4, 0xEF, 0x8C, 0x0C,
  0xE0, 0x24, 0x91, 0x34, 0x36, 0x38, 0x34, 0xE0, 0x23, 0x8C, 0x39, 0xE0,
  0x27, 0x8C, 0x38, 0xF3, 0xED, 0x01, 0x38, 0xED, 0x02, 0x9C, 0x38, 0xF4,
  0xEF, 0x8C, 0x0C, 0xE0, 0x22, 0x87, 0x2B, 0x31, 0xE0, 0x27, 0x8C, 0x33,
  0xF3, 0xED, 0x01, 0x33, 0xED, 0x02, 0xA1, 0x33, 0xF4, 0xEF, 0xE0, 0x27,
  0x8C, 0x34, 0xF3, 0xED, 0x01, 0x34, 0xED, 0x02, 0x94, 0x34, 0xF4, 0xEF,
  0x8C, 0x31, 0xF3, 0xED, 0x01, 0x31, 0xED, 0x02, 0x94, 0x31, 0x99, 0x31,
  0xF4, 0xEF, 0xE0, 0x22, 0x87, 0x31, 0x33, 0xE0, 0x26, 0x99, 0x34, 0xE0,
  0x23, 0x8C, 0x39, 0xE0, 0x27, 0x8C, 0x38, 0xF3, 0xED, 0x01, 0x38, 0xED,
  0x02, 0xA1, 0x38, 0xF4, 0xEF, 0xE0, 0x22, 0xE5, 0x01, 0x82, 0x0C, 0x87,
  0x0C, 0x31, 0x34, 0x38, 0x36, 0x33, 0x2B, 0x33, 0x31, 0x28, 0x24, 0x28,
  0x26, 0x28, 0x24, 0x85, 0x21, 0xE5, 0x00, 0xE8, 0xCA, 0xA4, 0xE0, 0x22,
  0x87, 0x2B, 0x28, 0x26, 0x8C, 0x21, 0xEB, 0x02, 0x87, 0x26, 0x8C, 0x28,
  0xEC, 0x87, 0x24, 0xEA, 0xE0, 0x23, 0x8C, 0x21, 0x28, 0xE0, 0x22, 0x87,
  0x26, 0x28, 0x0C, 0x28, 0x0C, 0x28, 0x26, 0x0C, 0xEA, 0xE0, 0x23, 0x8C,
  0x31, 0xE0, 0x22, 0x87, 0x2B, 0xE0, 0x23, 0x8C, 0x31, 0x34, 0xE0, 0x22,
  0x33, 0xEA, 0xE0, 0x11, 0xE2, 0x80, 0xE3, 0x09, 0x84, 0x61, 0x5B, 0x58,
  0x54, 0x53, 0x51, 0x51, 0x4B, 0x85, 0x48, 0x44, 0x43, 0x41, 0x41, 0x3B,
  0x38, 0x34, 0x33, 0x31, 0x31, 0x2B, 0x28, 0x24, 0x23, 0x21, 0xE0, 0x27,
  0xED, 0x02, 0xE3, 0x0A, 0xA4, 0x21, 0x1B, 0x21, 0x23, 0x24, 0x23, 0x21,
  0x23, 0xED, 0x01, 0xE3, 0x0A, 0xA4, 0x34, 0xF3, 0xA1, 0x34, 0xF4, 0xE0,
  0x23, 0x8C, 0x38, 0x34, 0xE0, 0x27, 0xA4, 0x33, 0x9C, 0x38, 0x33, 0xA4,
  0x34, 0xF3, 0xA1, 0x34, 0xF4, 0xE0, 0x23, 0x8C, 0x38, 0x34, 0xEF, 0xE2,
  0x00, 0xE3, 0x09, 0xE0, 0x23, 0x8C, 0x21, 0x28, 0xE0, 0x22, 0x87, 0x26,
  0x28, 0x0C, 0x28, 0x0C, 0x28, 0x26, 0x0C, 0x28, 0x0C, 0x26, 0x0C, 0xE2,
  0x00, 0xE0, 0x23, 0x8C, 0x21, 0x28, 0xE0, 0x22, 0x87, 0x26, 0x28, 0x0C,
  0x28, 0x0C, 0x28, 0x29, 0x2B, 0x31, 0x33, 0x34, 0x36, 0xED, 0x01, 0xE0,
  0x27, 0xA4, 0x38, 0xF3, 0x38, 0xF4, 0x36, 0xF3, 0x36, 0xF4, 0x38, 0xF3,
  0x38, 0xF4, 0x36, 0xEF, 0xE0, 0x23, 0xE3, 0x06, 0xE2, 0xC0, 0xED, 0x01,
  0x8C, 0x31, 0x0C, 0xE0, 0x2C, 0x87, 0x31, 0x2B, 0x28, 0x2B, 0x0C, 0x33,
  0x0C, 0x31, 0x0C, 0x31, 0x33, 0x34, 0xE3, 0x09, 0xEF, 0xE2, 0x00, 0xED,
  0x01, 0xE0, 0x27, 0xA4, 0x34, 0xE0, 0x24, 0x91, 0x28, 0x31, 0xE0, 0x27,
  0x8C, 0x34, 0xF3, 0x9C, 0x34, 0xF4, 0xE0, 0x27, 0xA4, 0x33, 0xE0, 0x24,
  0x91, 0x33, 0x2B, 0xE0, 0x27, 0x8C, 0x28, 0xF3, 0x9C, 0x28, 0xF4, 0xE0,
  0x27, 0xA4, 0x34, 0xE0, 0x24, 0x91, 0x28, 0x31, 0xE0, 0x27, 0x8C, 0x34,
  0xF3, 0x9C, 0x34, 0xF4, 0xE0, 0x27, 0xA4, 0x33, 0xE0, 0x24, 0x91, 0x33,
  0x2B, 0x28, 0xE0, 0x22, 0x87, 0x28, 0x29, 0x2B, 0x31, 0x33, 0x34, 0x36,
  0xE0, 0x27, 0xEB, 0x03, 0xA4, 0x38, 0xF3, 0x38, 0xF4, 0xEC, 0x38, 0xEF,
  0xE0, 0x22, 0x87, 0x0C, 0x31, 0x34, 0x38, 0x36, 0x33, 0x2B, 0x33, 0x31,
  0x28, 0x24, 0x28, 0x26, 0x28, 0x24, 0x21, 0xE8, 0xE7, 0xA6, 0xE0, 0x1B,
  0xA4, 0x0C, 0x87, 0xEB, 0x02, 0x21, 0x1B, 0x0C, 0x21, 0x1B, 0x1B, 0x0C,
  0x21, 0x0C, 0x21, 0x0C, 0x1B, 0x21, 0x0C, 0x28, 0x0C, 0x21, 0x1B, 0x0C,
  0x21, 0x1B, 0x21, 0x0C, 0x21, 0x0C, 0x21, 0x0C, 0x1B, 0x21, 0x0C, 0x28,
  0x18, 0x21, 0x1B, 0x0C, 0x21, 0x1B, 0x1B, 0x0C, 0x21, 0x0C, 0x21, 0x0C,
  0x1B, 0x21, 0x0C, 0x28, 0x0C, 0x21, 0x1B, 0x0C, 0x21, 0x1B, 0x1B, 0x0C,
  0x21, 0x0C, 0x21, 0x0C, 0x1B, 0x28, 0x26, 0x24, 0x23, 0xEC, 0xEB, 0x02,
  0xEB, 0x02, 0xE0, 0x1F, 0x8C, 0x29, 0x29, 0xE0, 0x1B, 0x87, 0x28, 0x26,
  0x0C, 0x24, 0x0C, 0x26, 0x0C, 0x28, 0x0C, 0x0C, 0x2B, 0x0C, 0xEC, 0xEB,
  0x02, 0xE0, 0x1F, 0x8C, 0x24, 0x24, 0xE0, 0x1B, 0x87, 0x23, 0x21, 0x0C,
  0x1B, 0x0C, 0x21, 0x0C, 0x23, 0x0C, 0x0C, 0x2B, 0x0C, 0xEC, 0xEC, 0xE9,
  0x71, 0xA8, 0x8C, 0x24, 0x87, 0x24, 0x24, 0x0C, 0x26, 0x0C, 0x28, 0x0C,
  0x26, 0x0C, 0x24, 0x0C, 0x26, 0x24, 0x0C, 0xE9, 0x71, 0xA8, 0xE0, 0x20,
  0x94, 0x21, 0xE0, 0x1B, 0x87, 0x21, 0x1B, 0x18, 0x1B, 0x0C, 0x23, 0x0C,
  0x21, 0x0C, 0x21, 0x23, 0x24, 0xEB, 0x02, 0xEB, 0x02, 0x8C, 0x29, 0x87,
  0x29, 0x29, 0x0C, 0x2B, 0x0C, 0x31, 0x0C, 0x2B, 0x0C, 0x29, 0x0C, 0x2B,
  0x29, 0x0C, 0xEC, 0xEB, 0x02, 0x8C, 0x24, 0x87, 0x24, 0x24, 0x0C, 0x26,
  0x0C, 0x28, 0x0C, 0x26, 0x0C, 0x24, 0x0C, 0x26, 0x24, 0x0C, 0xEC, 0xEC,
  0xE9, 0x4B, 0xA8, 0x8C, 0x24, 0x87, 0x24, 0x24, 0x0C, 0x26, 0x0C, 0x28,
  0x0C, 0x26, 0x0C, 0x24, 0x0C, 0x26, 0x24, 0x0C, 0xE9, 0x4B, 0xA8, 0x87,
  0x0C, 0x21, 0x24, 0x28, 0x26, 0x23, 0x1B, 0x23, 0x21, 0x18, 0x14, 0x18,
  0x16, 0x18, 0x14, 0x11, 0xE8, 0x20, 0xA8, 0xEB, 0x02, 0x8C, 0x29, 0x87,
  0x29, 0x29, 0x0C, 0x2B, 0x0C, 0x31, 0x0C, 0x2B, 0x0C, 0x29, 0x0C, 0x2B,
  0x29, 0x0C, 0xEC, 0x8C, 0x24, 0x87, 0x24, 0x24, 0x0C, 0x26, 0x0C, 0x28,
  0x0C, 0x26, 0x0C, 0x24, 0x0C, 0x26, 0x24, 0x0C, 0xEA, 0x8C, 0x29, 0x87,
  0x29, 0x29, 0x0C, 0x2B, 0x0C, 0x31, 0x0C, 0x2B, 0x0C, 0x29, 0x0C, 0x29,
  0x2B, 0x0C, 0x8C, 0x29, 0x87, 0x0C, 0x29, 0x0C, 0x2B, 0x0C, 0x31, 0x0C,
  0x2B, 0x0C, 0x29, 0x0C, 0x2B, 0x29, 0x0C, 0x24, 0x24, 0x0C, 0x24, 0x24,
  0x26, 0x0C, 0x28, 0x0C, 0x26, 0x0C, 0x24, 0x0C, 0x24, 0x26, 0x0C, 0xEA,
  0xE0, 0x16, 0xE3, 0x06, 0xA4, 0x10, 0xEB, 0x03, 0xF9, 0x8C, 0x01, 0x87,
  0x01, 0x01, 0xF9, 0x87, 0x01, 0xF9, 0x10, 0xF9, 0x01, 0xF9, 0x01, 0x01,
  0xF9, 0x10, 0x01, 0xF9, 0x01, 0xF9, 0x8C, 0x01, 0x87, 0x01, 0x01, 0xEC,
  0xF9, 0x8C, 0x01, 0x87, 0x01, 0x01, 0xF9, 0x87, 0x01, 0xF9, 0x10, 0xF9,
  0x01, 0xF9, 0x01, 0x01, 0xF9, 0x10, 0xEB, 0x03, 0xFA, 0x05, 0x10, 0xEC,
  0xEB, 0x04, 0xE9, 0x48, 0xA9, 0xE9, 0x48, 0xA9, 0xE9, 0x48, 0xA9, 0xE9,
  0x2B, 0xA9, 0xEC, 0xEB, 0x03, 0xE9, 0x48, 0xA9, 0xEC, 0xE9, 0x13, 0xA9,
  0xEB, 0x03, 0xE9, 0x48, 0xA9, 0xE9, 0x48, 0xA9, 0xE9, 0x48, 0xA9, 0xE9,
  0x2B, 0xA9, 0xEC, 0xEB, 0x03, 0xE9, 0x48, 0xA9, 0xEC, 0xE9, 0x13, 0xA9,
  0xE8, 0xF8, 0xA8, 0x8C, 0xFA, 0x05, 0x87, 0x00, 0x00, 0xEB, 0x03, 0xFA,
  0x05, 0xEC, 0xEB, 0x03, 0x8C, 0xFA, 0x05, 0xEC, 0xEB, 0x03, 0x87, 0xFA,
  0x05, 0xEC, 0xEA, 0xF9, 0x8C, 0x01, 0x87, 0x01, 0x01, 0xFA, 0x87, 0x05,
  0xF9, 0x10, 0xF9, 0x01, 0xF9, 0x01, 0x01, 0xF9, 0x10, 0x01, 0xF9, 0x01,
  0xFA, 0x05, 0x10, 0xFA, 0x05, 0xFA, 0x05, 0xEA, 0xF9, 0x8C, 0x01, 0x87,
  0x01, 0x01, 0xFA, 0x87, 0x05, 0xF9, 0x10, 0xF9, 0x01, 0xF9, 0x01, 0x01,
  0xF9, 0x10, 0x01, 0xF9, 0x01, 0xFA, 0x05, 0x10, 0xF9, 0x01, 0x01, 0xEA,
  0x04, 0x71, 0xA9, 0x05, 0xC9, 0xA9, 0x06, 0x0B, 0xAA, 0x07, 0x39, 0xAA,
  0xFF, 0xE2, 0x40, 0xE3, 0x07, 0xE9, 0xBD, 0xA9, 0xE0, 0x27, 0x34, 0xF3,
  0xED, 0x01, 0x34, 0xED, 0x02, 0x94, 0x34, 0xEF, 0x8C, 0x0C, 0xF4, 0xE9,
  0xBD, 0xA9, 0xE0, 0x27, 0x35, 0xF3, 0xED, 0x01, 0x35, 0xED, 0x02, 0x94,
  0x35, 0xEF, 0x8C, 0x0C, 0xF4, 0xE0, 0x29, 0x8F, 0x35, 0x81, 0x0C, 0x8F,
  0x35, 0x81, 0x0C, 0x8F, 0x35, 0x37, 0x81, 0x0C, 0x8F, 0x35, 0x81, 0x0C,
  0x8F, 0x37, 0xE0, 0x27, 0x94, 0x39, 0xF3, 0xED, 0x01, 0x39, 0xED, 0x02,
  0x9C, 0x39, 0xF4, 0xEF, 0xFF, 0xE0, 0x22, 0x87, 0x30, 0x2B, 0x29, 0x27,
  0xE0, 0x23, 0x8C, 0x29, 0xEA, 0xE2, 0x00, 0xE3, 0x07, 0xE0, 0x27, 0x9C,
  0x24, 0xF3, 0x8C, 0x24, 0xF4, 0xE0, 0x23, 0x19, 0x1B, 0x20, 0xE0, 0x27,
  0x9C, 0x25, 0xF3, 0x8C, 0x25, 0xF4, 0xE0, 0x23, 0x20, 0x22, 0x24, 0xE0,
  0x28, 0xEB, 0x02, 0x89, 0x29, 0x8A, 0x25, 0x89, 0x20, 0xEC, 0xEB, 0x02,
  0x89, 0x2B, 0x8A, 0x27, 0x89, 0x22, 0xEC, 0x89, 0x24, 0x8A, 0x27, 0x89,
  0x29, 0x2B, 0x8A, 0x30, 0x89, 0x2B, 0xE0, 0x27, 0x9C, 0x29, 0xFF, 0xE0,
  0x1A, 0x87, 0x29, 0x29, 0x0C, 0x29, 0x0C, 0x29, 0x0C, 0x29, 0x29, 0x29,
  0x27, 0x0C, 0x25, 0x0C, 0x24, 0x0C, 0x25, 0x25, 0x0C, 0x25, 0x0C, 0x25,
  0x0C, 0x25, 0x25, 0x25, 0x22, 0x0C, 0x24, 0x0C, 0x25, 0x0C, 0xE0, 0x17,
  0xED, 0x02, 0x9C, 0x22, 0x27, 0xA4, 0x29, 0xEF, 0xFF, 0xE0, 0x16, 0xE3,
  0x06, 0xEB, 0x02, 0xF9, 0x8C, 0x01, 0xFA, 0x05, 0x87, 0x01, 0xFA, 0x05,
  0xF9, 0x8C, 0x01, 0xEC, 0xF9, 0x01, 0xFA, 0x87, 0x05, 0xFA, 0x05, 0x01,
  0xFA, 0x05, 0x01, 0xFA, 0x05, 0xFA, 0x8C, 0x05, 0xF9, 0x01, 0xFA, 0x05,
  0xFA, 0x05, 0xEB, 0x02, 0x8F, 0xF9, 0x01, 0x81, 0x10, 0xFA, 0x8F, 0x05,
  0x81, 0x10, 0xFA, 0x8F, 0x05, 0xEC, 0x87, 0x00, 0x00, 0x01, 0x01, 0x02,
  0x02, 0x03, 0x03, 0x04, 0x05, 0xFA, 0x05, 0xFA, 0x05, 0xFA, 0x94, 0x05,
  0xFF, 0x04, 0x92, 0xAA, 0x05, 0x2D, 0xAB, 0x06, 0xAB, 0xAB, 0x07, 0xF8,
  0xAB, 0xFF, 0xE2, 0x00, 0xE3, 0x09, 0xE0, 0x27, 0xEB, 0x02, 0xA4, 0xED,
  0x01, 0x37, 0xF3, 0x37, 0xF4, 0x36, 0xF3, 0x36, 0xF4, 0xEC, 0xEF, 0xE0,
  0x26, 0x99, 0x27, 0xE0, 0x27, 0x8C, 0x24, 0xF3, 0xED, 0x01, 0x94, 0x24,
  0xED, 0x02, 0x24, 0xEF, 0xF4, 0xE0, 0x26, 0x99, 0x24, 0xE0, 0x22, 0x87,
  0x26, 0x27, 0xE0, 0x29, 0x8F, 0x2B, 0x81, 0x0C, 0x8F, 0x27, 0x81, 0x0C,
  0x8F, 0x2B, 0xE0, 0x26, 0x99, 0x32, 0xE0, 0x27, 0x8C, 0x26, 0xF3, 0xED,
  0x01, 0x9C, 0x26, 0xED, 0x02, 0x24, 0xEF, 0xF4, 0xE0, 0x29, 0x8F, 0x26,
  0x81, 0x0C, 0x8F, 0x27, 0x81, 0x0C, 0x8F, 0x26, 0xE0, 0x27, 0x9C, 0x24,
  0x8C, 0x0C, 0xE0, 0x23, 0x24, 0x26, 0x27, 0xE0, 0x25, 0x94, 0x26, 0xE0,
  0x23, 0x8C, 0x24, 0xE0, 0x25, 0x94, 0x22, 0xE0, 0x23, 0x8C, 0x24, 0xE0,
  0x25, 0x94, 0x26, 0xE0, 0x27, 0x9C, 0x24, 0x8C, 0x0C, 0xE0, 0x23, 0x24,
  0x26, 0x27, 0xE0, 0x25, 0x94, 0x29, 0xE0, 0x23, 0x8C, 0x27, 0xE0, 0x25,
  0x94, 0x29, 0xE0, 0x23, 0x8C, 0x2B, 0xE0, 0x25, 0x94, 0x30, 0xE8, 0xA7,
  0xAA, 0xE2, 0x40, 0xE3, 0x09, 0xE0, 0x27, 0xA4, 0x34, 0xF3, 0xED, 0x01,
  0x34, 0xF4, 0xEF, 0x32, 0xED, 0x01, 0xF3, 0x32, 0xF4, 0xEF, 0xE0, 0x22,
  0x87, 0x19, 0x20, 0x24, 0x27, 0xE0, 0x27, 0x94, 0x2B, 0xF3, 0xED, 0x01,
  0x2B, 0xED, 0x02, 0x2B, 0xEF, 0xF4, 0xE0, 0x23, 0x8C, 0x2B, 0xE0, 0x22,
  0x87, 0x27, 0xE0, 0x23, 0x8C, 0x2B, 0xE0, 0x22, 0x87, 0x29, 0xE0, 0x23,
  0x8C, 0x27, 0xE0, 0x24, 0x91, 0x2B, 0x94, 0x27, 0xF3, 0x87, 0x27, 0xF4,
  0xE0, 0x23, 0x8C, 0x19, 0xE0, 0x22, 0x87, 0x22, 0x26, 0xE0, 0x27, 0x94,
  0x29, 0xF3, 0xED, 0x01, 0x29, 0xED, 0x02, 0x29, 0xEF, 0xF4, 0xE0, 0x23,
  0x8C, 0x29, 0xE0, 0x22, 0x87, 0x26, 0xE0, 0x23, 0x8C, 0x29, 0xE0, 0x22,
  0x87, 0x27, 0xE0, 0x23, 0x8C, 0x26, 0xE0, 0x24, 0x91, 0x29, 0x94, 0x26,
  0xF3, 0x87, 0x26, 0xF4, 0xE8, 0x42, 0xAB, 0xE0, 0x1B, 0x87, 0x19, 0x0C,
  0x19, 0x20, 0x0C, 0x20, 0x29, 0x0C, 0xA4, 0x0C, 0x87, 0x20, 0x22, 0x20,
  0x1B, 0x0C, 0x20, 0x19, 0x0C, 0x87, 0x19, 0x0C, 0x19, 0x20, 0x0C, 0x20,
  0x29, 0x0C, 0xA4, 0x0C, 0x81, 0xEB, 0x02, 0x32, 0x31, 0x30, 0x2B, 0x2A,
  0x0C, 0x0C, 0xEC, 0xEB, 0x02, 0x30, 0x2B, 0x2A, 0x29, 0x28, 0x0C, 0x0C,
  0xEC, 0xEB, 0x02, 0x2A, 0x29, 0x28, 0x27, 0x26, 0x0C, 0x0C, 0xEC, 0xEB,
  0x02, 0x28, 0x27, 0x26, 0x25, 0x24, 0x0C, 0x0C, 0xEC, 0xE8, 0xAD, 0xAB,
  0xE0, 0x16, 0xE3, 0x06, 0xEB, 0x02, 0x8C, 0xF9, 0x00, 0x01, 0xFA, 0x05,
  0x87, 0x01, 0x00, 0xEB, 0x03, 0x8C, 0x00, 0x01, 0x00, 0x87, 0x01, 0x00,
  0xEC, 0xEC, 0x8C, 0xF9, 0x00, 0xF9, 0x01, 0xFA, 0x05, 0xF9, 0x87, 0x01,
  0x00, 0x8C, 0x00, 0xF9, 0x01, 0xFA, 0x05, 0xF9, 0x87, 0x01, 0x00, 0xE8,
  0x12, 0xAC, 0x04, 0x37, 0xAC, 0x05, 0xC1, 0xAC, 0x06, 0xAA, 0xAD, 0x07,
  0xCB, 0xAD, 0xFF, 0xE2, 0x40, 0xE3, 0x08, 0xEB, 0x02, 0xE0, 0x0B, 0x90,
  0x13, 0x1A, 0x23, 0x1A, 0x25, 0x1A, 0xE0, 0x09, 0x8A, 0x27, 0x25, 0x23,
  0x22, 0xE0, 0x0B, 0x90, 0x10, 0x17, 0x20, 0x17, 0x23, 0x22, 0xE0, 0x09,
  0x8A, 0x23, 0x22, 0x20, 0x17, 0xE0, 0x0B, 0x90, 0x08, 0x13, 0x18, 0x1A,
  0x20, 0x18, 0x20, 0x23, 0xE0, 0x0B, 0x90, 0x0A, 0x15, 0x1A, 0x20, 0x22,
  0x20, 0xE0, 0x09, 0x8A, 0x25, 0x23, 0x22, 0x23, 0xEC, 0xEB, 0x02, 0xE0,
  0x0B, 0x90, 0x15, 0x20, 0x25, 0x20, 0x27, 0x20, 0xE0, 0x09, 0x8A, 0x29,
  0x27, 0x25, 0x23, 0xE0, 0x0B, 0x90, 0x12, 0x19, 0x22, 0x19, 0x24, 0x19,
  0xE0, 0x09, 0x8A, 0x25, 0x24, 0x22, 0x19, 0xE0, 0x0B, 0x90, 0x1A, 0x15,
  0x1A, 0x15, 0x20, 0x15, 0xE0, 0x09, 0x8A, 0x20, 0x22, 0x23, 0x25, 0xE0,
  0x0B, 0x90, 0x10, 0x17, 0x20, 0x27, 0x25, 0x24, 0x22, 0x20, 0xEC, 0xE0,
  0x0D, 0x98, 0x20, 0x1A, 0x18, 0x17, 0xE8, 0x3B, 0xAC, 0xE2, 0x00, 0xE3,
  0x08, 0xEB, 0x02, 0xE0, 0x2D, 0x98, 0x2A, 0x33, 0x90, 0x0C, 0xE0, 0x09,
  0x8A, 0x32, 0x33, 0xE0, 0x0B, 0x90, 0x35, 0xE0, 0x09, 0x8A, 0x33, 0x32,
  0xE0, 0x2D, 0x90, 0x33, 0xF3, 0xED, 0x01, 0x33, 0xED, 0x02, 0x33, 0xF4,
  0xEF, 0xE0, 0x0F, 0x87, 0x32, 0x86, 0x33, 0x87, 0x32, 0xE0, 0x2D, 0x90,
  0x30, 0xF3, 0xED, 0x01, 0x30, 0xED, 0x02, 0x98, 0x30, 0xEF, 0xF4, 0x98,
  0x35, 0x30, 0x90, 0x0C, 0xE0, 0x09, 0x8A, 0x34, 0x35, 0xE0, 0x0B, 0x90,
  0x38, 0xE0, 0x09, 0x8A, 0x37, 0x35, 0xE0, 0x2D, 0x90, 0x33, 0xED, 0x01,
  0xF3, 0x33, 0xED, 0x02, 0x33, 0xEF, 0xF4, 0xE0, 0x0F, 0x87, 0x33, 0x86,
  0x35, 0x87, 0x33, 0xE0, 0x2D, 0x90, 0x32, 0xED, 0x01, 0xF3, 0x32, 0xED,
  0x02, 0x98, 0x32, 0xEF, 0xF4, 0xEC, 0xEB, 0x02, 0xF4, 0xEB, 0x02, 0xE0,
  0x0D, 0x82, 0x38, 0xF3, 0x82, 0x39, 0x97, 0x39, 0xF4, 0x82, 0x38, 0xF3,
  0x82, 0x39, 0x97, 0x39, 0xF4, 0x90, 0x0C, 0xE0, 0x09, 0x8A, 0x37, 0x39,
  0xE0, 0x0B, 0x90, 0x3A, 0xE0, 0x09, 0x8A, 0x39, 0x37, 0xEC, 0xE0, 0x0D,
  0x82, 0x39, 0xF3, 0x82, 0x3A, 0x97, 0x3A, 0xF4, 0x82, 0x39, 0xF3, 0x82,
  0x3A, 0x97, 0x3A, 0xF4, 0x90, 0x0C, 0xE0, 0x09, 0x8A, 0x39, 0x3A, 0xE0,
  0x0B, 0x90, 0x40, 0xE0, 0x09, 0x8A, 0x3A, 0x39, 0xE0, 0x0D, 0x90, 0x40,
  0xED, 0x01, 0xF3, 0x40, 0xED, 0x02, 0x40, 0xEF, 0xF4, 0xE0, 0x0F, 0x87,
  0x42, 0x86, 0x44, 0x87, 0x42, 0xE0, 0x0D, 0x90, 0x40, 0xF3, 0xED, 0x01,
  0x40, 0x98, 0x40, 0xEF, 0xF3, 0xEC, 0xA0, 0x40, 0x40, 0xEF, 0xF4, 0xE8,
  0xC5, 0xAC, 0xE0, 0x17, 0xEB, 0x02, 0xA0, 0x23, 0x23, 0x20, 0x20, 0x18,
  0x18, 0x1A, 0x1A, 0xEC, 0xEB, 0x02, 0x25, 0x25, 0x22, 0x22, 0x1A, 0x1A,
  0x20, 0x20, 0xEC, 0x98, 0x20, 0x1A, 0x18, 0x17, 0xE8, 0xAC, 0xAD, 0xE0,
  0x16, 0xE3, 0x06, 0xEB, 0x10, 0xF9, 0x90, 0x00, 0x01, 0xFA, 0x05, 0x01,
  0xF9, 0x00, 0xF9, 0x01, 0xFA, 0x05, 0x01, 0xEC, 0x98, 0x01, 0x00, 0x00,
  0x00, 0xE8, 0xCF, 0xAD, 0x04, 0xF5, 0xAD, 0x05, 0xF4, 0xAE, 0x06, 0xAE,
  0xAF, 0x07, 0xE5, 0xAF, 0xFF, 0xE2, 0x40, 0xE3, 0x09, 0xEB, 0x02, 0xE0,
  0x27, 0x94, 0x27, 0xF3, 0xED, 0x01, 0x27, 0xED, 0x02, 0x9C, 0x27, 0xEF,
  0xF4, 0x94, 0x26, 0xF3, 0xED, 0x01, 0x26, 0xED, 0x02, 0x99, 0x26, 0xF4,
  0xEF, 0xE0, 0x23, 0x8C, 0x22, 0xE0, 0x22, 0x87, 0x24, 0x26, 0xE0, 0x27,
  0x94, 0x24, 0xF3, 0xED, 0x01, 0x24, 0xED, 0x02, 0x99, 0x24, 0xA4, 0x24,
  0xF4, 0xEF, 0xE0, 0x27, 0x94, 0x27, 0xF3, 0xED, 0x01, 0x27, 0xED, 0x02,
  0x99, 0x27, 0xF4, 0xEF, 0xE0, 0x23, 0x8C, 0x27, 0xE0, 0x27, 0x8C, 0x29,
  0xF3, 0xED, 0x01, 0x29, 0xED, 0x02, 0x94, 0x29, 0xEF, 0xF4, 0x8C, 0x22,
  0xF3, 0xED, 0x01, 0x22, 0xED, 0x02, 0x94, 0x22, 0xEF, 0xF4, 0x9C, 0x24,
  0xF3, 0xED, 0x01, 0x24, 0xED, 0x02, 0xA4, 0x24, 0xEF, 0xF4, 0xEC, 0xE0,
  0x05, 0x8B, 0x30, 0xED, 0x01, 0xF3, 0x30, 0xED, 0x02, 0x92, 0x30, 0xEF,
  0xF4, 0x8B, 0x0C, 0xE0, 0x01, 0x32, 0x34, 0xE0, 0x05, 0x8B, 0x32, 0xF3,
  0xED, 0x01, 0x32, 0xED, 0x02, 0x97, 0x32, 0xEF, 0xF4, 0x8B, 0x0C, 0xE0,
  0x01, 0x30, 0x2B, 0x29, 0xE0, 0x05, 0x8B, 0x27, 0xF3, 0xED, 0x01, 0x27,
  0xED, 0x02, 0x92, 0x27, 0xEF, 0xF4, 0x8B, 0x0C, 0xE0, 0x03, 0x92, 0x35,
  0xE0, 0x01, 0x8B, 0x37, 0xE0, 0x05, 0x8B, 0x34, 0xF3, 0xED, 0x01, 0x34,
  0xED, 0x02, 0x92, 0x34, 0xEF, 0xF4, 0xE0, 0x03, 0x30, 0x2B, 0xE0, 0x04,
  0x97, 0x30, 0xE0, 0x03, 0x92, 0x34, 0xE0, 0x01, 0x8B, 0x32, 0x30, 0x32,
  0xE0, 0x04, 0x97, 0x2B, 0x27, 0xE0, 0x01, 0x8B, 0x29, 0x2B, 0x30, 0x29,
  0x2B, 0xE0, 0x03, 0x92, 0x30, 0xE0, 0x01, 0x8B, 0x29, 0x2B, 0xE0, 0x03,
  0x92, 0x30, 0xE0, 0x01, 0x8B, 0x2B, 0x30, 0xE0, 0x03, 0x92, 0x32, 0xE0,
  0x01, 0x8B, 0x30, 0x32, 0x34, 0xE8, 0x67, 0xAE, 0xE2, 0xC0, 0xE3, 0x08,
  0xEB, 0x02, 0xE9, 0x9A, 0xAF, 0x23, 0x1B, 0x23, 0x1B, 0x26, 0x1B, 0x26,
  0x1B, 0x23, 0x1B, 0x23, 0x1B, 0x26, 0x1B, 0x23, 0x1B, 0xE9, 0x9A, 0xAF,
  0xE9, 0x89, 0xAF, 0xE9, 0x9A, 0xAF, 0x2B, 0x1B, 0x2B, 0x1B, 0x29, 0x1B,
  0x29, 0x1B, 0x27, 0x1B, 0x27, 0x1B, 0x26, 0x1B, 0x26, 0x1B, 0xE9, 0x9A,
  0xAF, 0xE9, 0x89, 0xAF, 0xEC, 0xE5, 0x01, 0xE2, 0x00, 0xE0, 0x01, 0x8B,
  0x29, 0x24, 0x27, 0x29, 0x30, 0x2B, 0x29, 0x27, 0x25, 0x24, 0x22, 0x20,
  0x1B, 0x17, 0x19, 0x1B, 0x19, 0x1B, 0x20, 0x22, 0x27, 0x25, 0x24, 0x22,
  0x24, 0x29, 0x2B, 0x30, 0xE0, 0x03, 0x92, 0x34, 0x32, 0xE0, 0x01, 0x8B,
  0x25, 0x29, 0x30, 0xE0, 0x03, 0x92, 0x34, 0xE0, 0x01, 0x8B, 0x32, 0x34,
  0x32, 0xE0, 0x01, 0x8B, 0x27, 0x32, 0x30, 0xE0, 0x03, 0x92, 0x2B, 0xE0,
  0x01, 0x8B, 0x27, 0x29, 0x2B, 0xE0, 0x00, 0x86, 0xEB, 0x04, 0x35, 0x34,
  0x32, 0x30, 0xEC, 0xEB, 0x04, 0x37, 0x35, 0x34, 0x32, 0xEC, 0xE8, 0x31,
  0xAF, 0x34, 0x33, 0x32, 0x31, 0x30, 0x2B, 0x2A, 0x29, 0x28, 0x27, 0x26,
  0x25, 0x24, 0x23, 0x22, 0x21, 0xEA, 0xE0, 0x22, 0x87, 0x24, 0x1B, 0x24,
  0x1B, 0x27, 0x1B, 0x27, 0x1B, 0x24, 0x1B, 0x24, 0x1B, 0x27, 0x1B, 0x24,
  0x1B, 0xEA, 0xE0, 0x1F, 0xEB, 0x80, 0x8C, 0x24, 0xEC, 0xE0, 0x1E, 0x8B,
  0xEB, 0x08, 0x19, 0xEC, 0xEB, 0x08, 0x15, 0xEC, 0xEB, 0x08, 0x17, 0xEC,
  0xEB, 0x06, 0x20, 0xEC, 0x1B, 0x1B, 0xEB, 0x08, 0x25, 0xEC, 0xEB, 0x08,
  0x27, 0xEC, 0x25, 0x25, 0x25, 0x25, 0x29, 0x29, 0x29, 0x29, 0x27, 0x27,
  0x27, 0x27, 0x24, 0x24, 0x24, 0x24, 0xE8, 0xB7, 0xAF, 0xE0, 0x16, 0xE3,
  0x06, 0xEB, 0x3C, 0x94, 0xF9, 0x10, 0xEC, 0x87, 0xFA, 0x08, 0xFA, 0x08,
  0xFA, 0x09, 0x10, 0xFA, 0x09, 0xFA, 0x09, 0xFA, 0x0A, 0x10, 0xFA, 0x0A,
  0xFA, 0x0A, 0xEB, 0x06, 0xFA, 0x0B, 0xEC, 0xE9, 0x46, 0xB0, 0xE9, 0x61,
  0xB0, 0xE9, 0x46, 0xB0, 0x8B, 0x01, 0xF9, 0x86, 0x00, 0x00, 0xEB, 0x02,
  0xFA, 0x8B, 0x05, 0x86, 0x00, 0x00, 0xEC, 0xFA, 0x8B, 0x05, 0xFA, 0x86,
  0x05, 0xFA, 0x05, 0xE9, 0x46, 0xB0, 0xE9, 0x61, 0xB0, 0xEB, 0x06, 0x8B,
  0xFA, 0x05, 0x86, 0xF9, 0x00, 0x00, 0xEC, 0x86, 0xFA, 0x05, 0x8B, 0xFA,
  0x05, 0xEB, 0x05, 0x86, 0xFA, 0x05, 0xEC, 0xE8, 0x07, 0xB0, 0xF9, 0x8B,
  0x01, 0x86, 0x00, 0x00, 0xFA, 0x8B, 0x05, 0x86, 0x00, 0x00, 0xF9, 0x8B,
  0x01, 0xF9, 0x86, 0x00, 0x00, 0xFA, 0x8B, 0x05, 0xF9, 0x86, 0x00, 0x00,
  0xEA, 0x8B, 0x01, 0xF9, 0x86, 0x00, 0x00, 0xFA, 0x8B, 0x05, 0x86, 0x00,
  0x00, 0xF9, 0x8B, 0x01, 0x86, 0x00, 0x00, 0xFA, 0x8B, 0x05, 0x86, 0x00,
  0x00, 0xEA, 0x04, 0x87, 0xB0, 0x05, 0xA0, 0xB1, 0x06, 0x8D, 0xB2, 0x07,
  0x86, 0xB0, 0xFF, 0xE2, 0xC0, 0xE3, 0x08, 0xE0, 0x27, 0x94, 0x22, 0xED,
  0x01, 0xF3, 0x22, 0xED, 0x02, 0x9C, 0x22, 0xF4, 0xEF, 0xE0, 0x25, 0x94,
  0x27, 0x26, 0x24, 0x22, 0xE0, 0x27, 0x91, 0x24, 0xED, 0x01, 0xF3, 0x24,
  0xED, 0x02, 0x99, 0x24, 0xEF, 0xF4, 0xE0, 0x25, 0x94, 0x2B, 0xE0, 0x27,
  0x24, 0xF3, 0xED, 0x01, 0x24, 0xED, 0x02, 0x9C, 0x24, 0xEF, 0xF4, 0x24,
  0x21, 0xE0, 0x25, 0x94, 0x24, 0x29, 0x27, 0x24, 0xE0, 0x27, 0x26, 0xF3,
  0xED, 0x01, 0x26, 0xED, 0x02, 0x9C, 0x26, 0xA4, 0x26, 0xF4, 0xEF, 0x9C,
  0x32, 0x91, 0x2B, 0xF3, 0xED, 0x01, 0x2B, 0xED, 0x02, 0x99, 0x2B, 0xEF,
  0xF4, 0xE0, 0x25, 0x94, 0x32, 0x31, 0x2B, 0xE0, 0x27, 0x9C, 0x32, 0x29,
  0x28, 0x24, 0x2B, 0xA1, 0x29, 0xEF, 0xF4, 0xE0, 0x25, 0x94, 0x24, 0x26,
  0x27, 0xE0, 0x27, 0x26, 0xF3, 0xED, 0x01, 0x26, 0xED, 0x02, 0x9C, 0x26,
  0xA4, 0x26, 0xF4, 0xEF, 0x9C, 0x29, 0x91, 0x26, 0xF3, 0xED, 0x01, 0x26,
  0xED, 0x02, 0x99, 0x26, 0xEF, 0xF4, 0xE0, 0x25, 0x94, 0x26, 0x27, 0x29,
  0xE0, 0x27, 0x9C, 0x2B, 0x94, 0x22, 0xF3, 0xED, 0x01, 0x22, 0xED, 0x02,
  0xA4, 0x22, 0xEF, 0xF4, 0x9C, 0x2B, 0x91, 0x28, 0xF3, 0xED, 0x01, 0x28,
  0xED, 0x02, 0x99, 0x28, 0xEF, 0xF4, 0xE0, 0x25, 0x94, 0x28, 0x29, 0x2B,
  0xE0, 0x27, 0x31, 0xF3, 0xED, 0x01, 0x31, 0xED, 0x02, 0x9C, 0x31, 0xA4,
  0x31, 0xEF, 0xF4, 0xE0, 0x2C, 0x8C, 0x31, 0x29, 0x29, 0x26, 0x26, 0x21,
  0x21, 0x19, 0xE0, 0x27, 0x9C, 0x16, 0x31, 0xE0, 0x2C, 0x8C, 0x32, 0x2B,
  0x2B, 0x26, 0x26, 0x22, 0x22, 0x1B, 0xE0, 0x27, 0x9C, 0x16, 0x32, 0xE0,
  0x2C, 0x8C, 0x33, 0x30, 0x30, 0x28, 0x28, 0x23, 0x23, 0x20, 0xE0, 0x27,
  0x9C, 0x18, 0x28, 0xE0, 0x2C, 0x8C, 0x33, 0x30, 0x30, 0x29, 0x29, 0x28,
  0x8D, 0x28, 0x26, 0x26, 0x8E, 0x24, 0x24, 0x23, 0x81, 0x0C, 0x8F, 0x23,
  0x91, 0x20, 0x8C, 0x19, 0x21, 0xE8, 0x87, 0xB0, 0xE2, 0x00, 0xE3, 0x07,
  0xE0, 0x35, 0x8C, 0xEB, 0x02, 0x12, 0x16, 0x19, 0x22, 0x21, 0x22, 0x19,
  0x16, 0xEC, 0x12, 0x18, 0x1B, 0x22, 0x21, 0x22, 0x1B, 0x18, 0x12, 0x18,
  0x1B, 0x22, 0x21, 0x22, 0x24, 0x1B, 0x11, 0x14, 0x19, 0x21, 0x24, 0x21,
  0x19, 0x14, 0x11, 0x14, 0x19, 0x21, 0x24, 0x21, 0x19, 0x17, 0xEB, 0x02,
  0x12, 0x16, 0x19, 0x22, 0x26, 0x22, 0x19, 0x16, 0xEC, 0xEB, 0x02, 0x12,
  0x16, 0x1B, 0x22, 0x26, 0x22, 0x1B, 0x16, 0xEC, 0x12, 0x14, 0x18, 0x1B,
  0x22, 0x1B, 0x18, 0x14, 0x12, 0x14, 0x18, 0x1B, 0x22, 0x1B, 0x18, 0x12,
  0xEB, 0x02, 0x11, 0x14, 0x19, 0x21, 0x24, 0x21, 0x19, 0x14, 0xEC, 0x12,
  0x09, 0x12, 0x16, 0x19, 0x16, 0x19, 0x22, 0x29, 0x26, 0x22, 0x19, 0x26,
  0x22, 0x19, 0x16, 0xEB, 0x02, 0x12, 0x16, 0x19, 0x22, 0x26, 0x22, 0x19,
  0x16, 0xEC, 0xEB, 0x02, 0x12, 0x18, 0x1B, 0x22, 0x24, 0x22, 0x1B, 0x18,
  0xEC, 0x12, 0x14, 0x18, 0x1B, 0x22, 0x1B, 0x18, 0x14, 0x12, 0x14, 0x18,
  0x1B, 0x22, 0x24, 0x22, 0x1B, 0x15, 0x18, 0x1B, 0x22, 0x21, 0x25, 0x28,
  0x32, 0x31, 0x28, 0x25, 0x22, 0x21, 0x18, 0x16, 0x15, 0xE0, 0x27, 0xA4,
  0x16, 0xE0, 0x35, 0x8C, 0x16, 0x18, 0x19, 0x1B, 0x21, 0x19, 0x16, 0x21,
  0xE0, 0x27, 0xA4, 0x16, 0xE0, 0x35, 0x8C, 0x1B, 0x21, 0x22, 0x24, 0x26,
  0x22, 0x1B, 0x26, 0xE0, 0x27, 0xA4, 0x18, 0xE0, 0x35, 0x8C, 0x18, 0x20,
  0x23, 0x26, 0x24, 0x23, 0x24, 0x26, 0xE0, 0x27, 0xA4, 0x28, 0xF3, 0x82,
  0x28, 0xF4, 0xA1, 0x18, 0xF3, 0x81, 0x18, 0x8F, 0x18, 0xF4, 0xE0, 0x25,
  0x94, 0x19, 0xE8, 0xA0, 0xB1, 0xE0, 0x17, 0xED, 0x01, 0x9C, 0x22, 0xA4,
  0x29, 0x9C, 0x22, 0x24, 0xA4, 0x2B, 0x9C, 0x24, 0x21, 0xA4, 0x29, 0x9C,
  0x21, 0x22, 0xA4, 0x29, 0x9C, 0x22, 0x1B, 0xA4, 0x2B, 0x9C, 0x22, 0x24,
  0xA4, 0x2B, 0x9C, 0x24, 0x21, 0xA4, 0x29, 0x9C, 0x24, 0x22, 0xA4, 0x29,
  0x9C, 0x22, 0x22, 0xA4, 0x29, 0x9C, 0x22, 0x22, 0xA4, 0x28, 0x9C, 0x22,
  0x1B, 0xA4, 0x28, 0x9C, 0x1B, 0x21, 0x1B, 0x19, 0x18, 0xA1, 0x16, 0x9C,
  0x21, 0x94, 0x19, 0x18, 0x16, 0xA1, 0x16, 0x9C, 0x22, 0x94, 0x1B, 0x15,
  0x16, 0xA1, 0x18, 0x9C, 0x23, 0x94, 0x20, 0x18, 0x16, 0xA1, 0x18, 0x23,
  0x8A, 0x23, 0x82, 0x21, 0x89, 0x21, 0x9C, 0x21, 0xE8, 0x91, 0xB2, 0x04,
  0x00, 0xB3, 0x05, 0x41, 0xB3, 0x06, 0x6F, 0xB3, 0x07, 0x7F, 0xB3, 0xFF,
  0xE2, 0xC0, 0xE3, 0x09, 0xE0, 0x05, 0x9F, 0x30, 0xF3, 0xED, 0x01, 0x30,
  0xEF, 0xF4, 0x92, 0x37, 0xF3, 0xED, 0x01, 0x37, 0xEF, 0xF4, 0x9F, 0x35,
  0xED, 0x01, 0xF3, 0x35, 0xEF, 0xF4, 0x92, 0x37, 0xF3, 0xED, 0x01, 0x37,
  0xF4, 0xEF, 0x9F, 0x35, 0xF3, 0xED, 0x01, 0x35, 0xF4, 0xEF, 0x92, 0x33,
  0xED, 0x01, 0xF3, 0x33, 0xF4, 0xEF, 0xA2, 0x32, 0xF3, 0xED, 0x01, 0x32,
  0xF4, 0xEF, 0xE8, 0x00, 0xB3, 0xE2, 0x80, 0xE3, 0x09, 0xE0, 0x01, 0x8B,
  0xEB, 0x04, 0x30, 0x32, 0x33, 0x37, 0xEC, 0xEB, 0x04, 0x2B, 0x32, 0x33,
  0x25, 0xEC, 0xEB, 0x04, 0x2A, 0x32, 0x33, 0x37, 0xEC, 0xEB, 0x02, 0x28,
  0x32, 0x33, 0x37, 0xEC, 0x27, 0x30, 0x2B, 0x32, 0x30, 0x33, 0x32, 0x37,
  0xE8, 0x41, 0xB3, 0xE0, 0x17, 0xED, 0x01, 0xA2, 0x20, 0x20, 0x1B, 0x1B,
  0x1A, 0x1A, 0x18, 0x17, 0xE8, 0x6F, 0xB3, 0xE0, 0x16, 0xE3, 0x06, 0x8B,
  0xF9, 0x00, 0x00, 0x01, 0x00, 0x00, 0x00, 0xF9, 0x01, 0x00, 0x8B, 0xFA,
  0x05, 0x8B, 0x00, 0x00, 0x01, 0x00, 0x00, 0x01, 0x00, 0xE8, 0x7F, 0xB3,
  0x04, 0xA9, 0xB3, 0x05, 0xA4, 0xB5, 0x06, 0x9B, 0xB6, 0x07, 0x4A, 0xB7,
  0xFF, 0xE2, 0x40, 0xE3, 0x07, 0xE9, 0x07, 0xB5, 0xE0, 0x24, 0x91, 0x27,
  0xE0, 0x22, 0x87, 0x25, 0xE0, 0x27, 0x8C, 0x24, 0xF3, 0xED, 0x01, 0x24,
  0xED, 0x02, 0x94, 0x24, 0xF4, 0xEF, 0xE0, 0x24, 0x91, 0x22, 0xE0, 0x22,
  0x87, 0x24, 0xE0, 0x24, 0x91, 0x22, 0xE0, 0x22, 0x87, 0x20, 0xE0, 0x27,
  0x8C, 0x20, 0xF3, 0xED, 0x01, 0x20, 0xED, 0x02, 0x94, 0x20, 0xF4, 0xEF,
  0xE0, 0x24, 0x91, 0x24, 0xE0, 0x22, 0x87, 0x25, 0xE0, 0x25, 0x94, 0x24,
  0xE0, 0x27, 0x91, 0xED, 0x01, 0x2B, 0xF3, 0xED, 0x02, 0x94, 0x2B, 0xF4,
  0xEF, 0xE0, 0x22, 0x87, 0x29, 0xE0, 0x24, 0x91, 0x2B, 0xE0, 0x22, 0x87,
  0x30, 0xE0, 0x27, 0x8C, 0x22, 0xF3, 0xED, 0x01, 0x22, 0xED, 0x02, 0x94,
  0x22, 0xF4, 0xEF, 0xE0, 0x23, 0x8C, 0x27, 0x0C, 0xE0, 0x25, 0x94, 0x25,
  0xE0, 0x24, 0x91, 0x27, 0xE0, 0x22, 0x87, 0x25, 0xE0, 0x27, 0x8C, 0x24,
  0xF3, 0xED, 0x01, 0x24, 0xED, 0x02, 0x94, 0x24, 0xF4, 0xEF, 0xE0, 0x24,
  0x91, 0x22, 0xE0, 0x22, 0x87, 0x24, 0xE0, 0x24, 0x91, 0x22, 0xE0, 0x22,
  0x87, 0x20, 0xE0, 0x27, 0x8C, 0x30, 0xF3, 0xED, 0x01, 0x30, 0xED, 0x02,
  0x94, 0x30, 0xEF, 0xF4, 0xE0, 0x24, 0x91, 0x29, 0xE0, 0x22, 0x87, 0x2B,
  0xE0, 0x25, 0x94, 0x30, 0xE0, 0x23, 0x8C, 0x30, 0x2B, 0x30, 0x32, 0x34,
  0x30, 0xE0, 0x25, 0x94, 0x30, 0x2B, 0xE0, 0x27, 0x8C, 0x30, 0xF3, 0xED,
  0x01, 0x30, 0xED, 0x02, 0x94, 0x30, 0xF4, 0xEF, 0xE0, 0x25, 0x94, 0x37,
  0xE0, 0x23, 0x8C, 0x35, 0x34, 0xE0, 0x25, 0x94, 0x32, 0xE0, 0x23, 0x8C,
  0x34, 0x35, 0xE0, 0x25, 0x94, 0x37, 0xE0, 0x23, 0x8C, 0x34, 0x32, 0xE0,
  0x25, 0x94, 0x30, 0xE0, 0x23, 0x8C, 0x34, 0x35, 0xE0, 0x25, 0x94, 0x39,
  0xE0, 0x23, 0x8C, 0x37, 0x35, 0xE0, 0x25, 0x94, 0x34, 0xE0, 0x23, 0x8C,
  0x35, 0x37, 0xE0, 0x25, 0x94, 0x37, 0xE0, 0x23, 0x8C, 0x35, 0x34, 0xE0,
  0x25, 0x94, 0x35, 0xE0, 0x23, 0x8C, 0x30, 0x30, 0xE0, 0x25, 0x94, 0x30,
  0xE0, 0x27, 0x9C, 0x29, 0xE0, 0x23, 0x8C, 0x2B, 0x30, 0x32, 0x30, 0x2B,
  0x30, 0x2B, 0x29, 0x30, 0x29, 0xE0, 0x25, 0x94, 0x30, 0x30, 0x34, 0x30,
  0xE0, 0x27, 0x8C, 0x34, 0xF3, 0xED, 0x01, 0x34, 0xED, 0x02, 0x94, 0x34,
  0xEF, 0xF4, 0xE0, 0x25, 0x94, 0x32, 0x0C, 0xE9, 0x07, 0xB5, 0xE0, 0x27,
  0x94, 0x34, 0xF3, 0xED, 0x01, 0x34, 0xED, 0x02, 0x9C, 0x34, 0xF4, 0xEF,
  0xE8, 0xB0, 0xB3, 0xE0, 0x25, 0x94, 0x30, 0x27, 0xE0, 0x24, 0x91, 0x2B,
  0xE0, 0x22, 0x87, 0x29, 0xE0, 0x24, 0x91, 0x27, 0xE0, 0x22, 0x87, 0x25,
  0xE0, 0x25, 0x94, 0x27, 0xE0, 0x27, 0x8C, 0x20, 0xF3, 0xED, 0x01, 0x20,
  0xED, 0x02, 0x94, 0x20, 0xEF, 0xF4, 0xE0, 0x24, 0x91, 0x25, 0xE0, 0x22,
  0x87, 0x24, 0xE0, 0x25, 0x94, 0x22, 0x24, 0xE0, 0x24, 0x91, 0x25, 0xE0,
  0x22, 0x87, 0x27, 0xE0, 0x24, 0x91, 0x29, 0xE0, 0x22, 0x87, 0x2B, 0xE0,
  0x25, 0x94, 0x32, 0xE0, 0x27, 0x8C, 0x30, 0xED, 0x01, 0xF3, 0x30, 0xED,
  0x02, 0x94, 0x30, 0xF4, 0xEF, 0xE0, 0x24, 0x91, 0x37, 0xE0, 0x22, 0x87,
  0x37, 0xE0, 0x28, 0x89, 0x35, 0x34, 0x8A, 0x35, 0x89, 0x37, 0x35, 0x8A,
  0x37, 0x89, 0x39, 0x37, 0x8A, 0x39, 0x89, 0x3B, 0x39, 0x8A, 0x3B, 0xE0,
  0x25, 0x94, 0x40, 0x3B, 0x40, 0xE0, 0x24, 0x91, 0x42, 0xE0, 0x22, 0x87,
  0x44, 0xE0, 0x27, 0x94, 0x44, 0xF3, 0xED, 0x01, 0x44, 0xED, 0x02, 0x9C,
  0x44, 0xEF, 0xF4, 0x94, 0x42, 0xF3, 0xED, 0x01, 0x42, 0xED, 0x02, 0x9C,
  0x42, 0xEF, 0xF4, 0xEA, 0xE2, 0xC0, 0xE3, 0x08, 0xE9, 0x64, 0xB6, 0xE0,
  0x24, 0x91, 0x24, 0xE0, 0x22, 0x87, 0x22, 0xE0, 0x27, 0x9C, 0x20, 0xE0,
  0x25, 0x94, 0x17, 0x17, 0xE0, 0x27, 0x9C, 0x14, 0xE0, 0x24, 0x91, 0x17,
  0xE0, 0x22, 0x87, 0x17, 0xE0, 0x25, 0x94, 0x18, 0xE0, 0x27, 0x9C, 0x22,
  0xE0, 0x25, 0x94, 0x22, 0xE0, 0x27, 0x9C, 0x20, 0x1B, 0xE0, 0x24, 0x91,
  0x24, 0xE0, 0x22, 0x87, 0x22, 0xE0, 0x27, 0x9C, 0x20, 0xE0, 0x25, 0x94,
  0x17, 0x20, 0x1B, 0x19, 0xE0, 0x24, 0x91, 0x19, 0xE0, 0x22, 0x87, 0x19,
  0xE0, 0x27, 0x9C, 0x20, 0x20, 0xE0, 0x25, 0x94, 0x20, 0x1B, 0xE0, 0x27,
  0x9C, 0x20, 0xE0, 0x25, 0x94, 0x27, 0x22, 0x25, 0xE0, 0x23, 0x8C, 0x24,
  0x22, 0x22, 0x20, 0xE0, 0x27, 0x9C, 0x20, 0xE0, 0x25, 0x94, 0x20, 0xE0,
  0x25, 0x94, 0x27, 0x22, 0x25, 0xE0, 0x23, 0x8C, 0x24, 0x25, 0x27, 0x25,
  0xE0, 0x27, 0x9C, 0x30, 0xE0, 0x23, 0x8C, 0x29, 0x29, 0xE0, 0x25, 0x94,
  0x29, 0xE0, 0x27, 0x9C, 0x24, 0xE0, 0x25, 0x94, 0x29, 0xE0, 0x23, 0x8C,
  0x2B, 0x29, 0x28, 0x29, 0xE0, 0x25, 0x94, 0x29, 0x29, 0xE0, 0x23, 0x8C,
  0x25, 0x27, 0x29, 0x2B, 0xE0, 0x25, 0x94, 0x30, 0x29, 0xE0, 0x27, 0x9C,
  0x30, 0xE0, 0x25, 0x94, 0x2B, 0x0C, 0xE9, 0x64, 0xB6, 0xE0, 0x27, 0xA4,
  0x30, 0xE8, 0xAB, 0xB5, 0xE0, 0x25, 0x94, 0x24, 0x24, 0xE0, 0x27, 0x9C,
  0x25, 0x24, 0x20, 0xE0, 0x25, 0x94, 0x25, 0x27, 0x29, 0x2B, 0xE0, 0x27,
  0x9C, 0x30, 0x27, 0xE0, 0x23, 0x8C, 0x25, 0x0C, 0x27, 0x0C, 0x29, 0x0C,
  0x2B, 0x0C, 0x29, 0x0C, 0x2B, 0x0C, 0x30, 0x0C, 0x32, 0x0C, 0xEB, 0x08,
  0xE0, 0x22, 0x87, 0x27, 0x30, 0xEC, 0xE0, 0x27, 0xA4, 0x2B, 0xEA, 0xE0,
  0x20, 0x9C, 0x20, 0x22, 0x24, 0x25, 0x27, 0x25, 0x24, 0x20, 0x22, 0x24,
  0x25, 0x26, 0x27, 0x27, 0xA4, 0x17, 0xEB, 0x08, 0x94, 0x20, 0xEC, 0x94,
  0x24, 0x24, 0x29, 0x27, 0x26, 0x26, 0x27, 0x27, 0x30, 0x30, 0x2B, 0x24,
  0x29, 0x27, 0x26, 0x26, 0x25, 0x25, 0x24, 0x23, 0x22, 0x21, 0x20, 0x20,
  0xE0, 0x1E, 0x8C, 0x27, 0x27, 0x94, 0x0C, 0x8C, 0x20, 0x20, 0x94, 0x0C,
  0x8C, 0x25, 0x25, 0x94, 0x0C, 0x8C, 0x22, 0x22, 0x94, 0x0C, 0x8C, 0x27,
  0x27, 0x94, 0x0C, 0x8C, 0x20, 0x20, 0x94, 0x0C, 0x8C, 0x25, 0x25, 0x94,
  0x0C, 0x8C, 0x25, 0x25, 0x94, 0x0C, 0x8C, 0x29, 0x29, 0x94, 0x0C, 0x8C,
  0x28, 0x28, 0x94, 0x0C, 0x8C, 0x27, 0x27, 0x94, 0x0C, 0x8C, 0x26, 0x26,
  0x94, 0x0C, 0x8C, 0x25, 0x25, 0x94, 0x0C, 0x8C, 0x26, 0x26, 0x94, 0x0C,
  0x8C, 0x27, 0x27, 0x0C, 0x27, 0xE0, 0x20, 0x94, 0x17, 0x89, 0x17, 0x19,
  0x8A, 0x1B, 0x94, 0x20, 0x20, 0x22, 0x22, 0x24, 0x24, 0x25, 0x25, 0x27,
  0x27, 0x25, 0x25, 0x24, 0x24, 0x20, 0x20, 0x22, 0x22, 0x24, 0x24, 0x25,
  0x25, 0x26, 0x26, 0x27, 0x27, 0x27, 0x27, 0x17, 0x17, 0x17, 0x1B, 0x20,
  0x20, 0x20, 0x20, 0xE8, 0xAE, 0xB6, 0xE0, 0x16, 0xE3, 0x04, 0x87, 0x00,
  0x00, 0x00, 0x00, 0x00, 0x00, 0x00, 0x00, 0x01, 0x01, 0x01, 0x01, 0x01,
  0x01, 0x01, 0x01, 0x02, 0x02, 0x02, 0x02, 0x02, 0x02, 0x02, 0x02, 0x03,
  0x03, 0x03, 0x03, 0x04, 0x04, 0x05, 0x05, 0x94, 0x05, 0xA1, 0x10, 0xA4,
  0x10, 0x10, 0x10, 0x87, 0x05, 0x05, 0x05, 0x05, 0x05, 0x05, 0x05, 0x05,
  0x04, 0x04, 0x04, 0x04, 0x04, 0x04, 0x04, 0x04, 0x03, 0x03, 0x03, 0x03,
  0x03, 0x03, 0x03, 0x03, 0x02, 0x02, 0x02, 0x02, 0x01, 0x01, 0x00, 0x00,
  0xE3, 0x06, 0xF9, 0x8C, 0x10, 0xFA, 0x87, 0x02, 0xFA, 0x02, 0xFA, 0x02,
  0x10, 0xFA, 0x02, 0x10, 0x8C, 0xEB, 0x04, 0x10, 0xFA, 0x02, 0xEC, 0x10,
  0x87, 0xFA, 0x02, 0xFA, 0x02, 0x8C, 0x10, 0xFA, 0x02, 0xEB, 0x03, 0xEB,
  0x03, 0xF9, 0x10, 0xFA, 0x02, 0x10, 0xFA, 0x02, 0xEC, 0x10, 0x87, 0xFA,
  0x02, 0xFA, 0x02, 0x8C, 0x10, 0xFA, 0x02, 0xEC, 0xEB, 0x0C, 0x8C, 0xFA,
  0x02, 0xFA, 0x02, 0xEB, 0x04, 0x87, 0xFA, 0x02, 0xEC, 0xEC, 0xEB, 0x06,
  0x8C, 0xFA, 0x02, 0x10, 0xEC, 0xFA, 0x02, 0xFA, 0x02, 0xEB, 0x04, 0x87,
  0xFA, 0x02, 0xEC, 0xEB, 0x02, 0xEB, 0x03, 0x8C, 0xF9, 0x10, 0xFA, 0x02,
  0x10, 0xFA, 0x02, 0xEC, 0x10, 0x87, 0xFA, 0x02, 0xFA, 0x02, 0x8C, 0xFA,
  0x02, 0xFA, 0x02, 0xEC, 0xEB, 0x08, 0x8C, 0xFA, 0x02, 0xFA, 0x02, 0xEB,
  0x04, 0x87, 0xFA, 0x02, 0xEC, 0xEC, 0xEB, 0x10, 0x87, 0xFA, 0x02, 0xEC,
  0xE8, 0x98, 0xB7, 0x04, 0x2C, 0xB8, 0x05, 0x12, 0xB9, 0x06, 0xA3, 0xB9,
  0x07, 0x63, 0xBA, 0xFF, 0xE2, 0x40, 0xE3, 0x08, 0xE0, 0x27, 0x94, 0x25,
  0xF3, 0xED, 0x01, 0x25, 0xF4, 0xEF, 0x28, 0xF3, 0xED, 0x01, 0x28, 0xEF,
  0xF4, 0xE0, 0x26, 0x99, 0x2A, 0xE0, 0x23, 0x8C, 0x28, 0xE0, 0x26, 0x99,
  0x33, 0xE0, 0x23, 0x8C, 0x31, 0xE0, 0x27, 0x94, 0x35, 0xED, 0x01, 0xF3,
  0x35, 0xED, 0x02, 0x9C, 0x35, 0xF4, 0xEF, 0x9C, 0x31, 0x33, 0xE0, 0x26,
  0x99, 0x35, 0xE0, 0x23, 0x8C, 0x35, 0xE0, 0x27, 0x9C, 0x35, 0x94, 0x33,
  0xED, 0x01, 0xF3, 0x33, 0xED, 0x02, 0x9C, 0x33, 0xF4, 0xEF, 0x94, 0x25,
  0xED, 0x01, 0xF3, 0x25, 0xEF, 0xF4, 0x28, 0xF3, 0xED, 0x01, 0x28, 0xEF,
  0xF4, 0xE0, 0x26, 0x99, 0x2A, 0xE0, 0x23, 0x8C, 0x28, 0xE0, 0x26, 0x99,
  0x33, 0xE0, 0x23, 0x8C, 0x31, 0xE0, 0x27, 0x94, 0x35, 0xED, 0x01, 0xF3,
  0x35, 0xED, 0x02, 0x9C, 0x35, 0xEF, 0xF4, 0x94, 0x38, 0xED, 0x01, 0xF3,
  0x38, 0xF4, 0xEF, 0xE0, 0x25, 0x94, 0x36, 0x33, 0x31, 0x30, 0xE0, 0x27,
  0x94, 0x33, 0xED, 0x01, 0xF3, 0x33, 0xF4, 0xEF, 0x31, 0xF3, 0xED, 0x01,
  0x31, 0xED, 0x02, 0x9C, 0x31, 0xF4, 0xEF, 0x94, 0x26, 0xF3, 0xED, 0x01,
  0x26, 0xED, 0x02, 0x26, 0xEF, 0xF4, 0xE0, 0x25, 0x94, 0x28, 0x2A, 0x35,
  0xE0, 0x27, 0x94, 0x33, 0xF3, 0xED, 0x01, 0x33, 0xEF, 0xF4, 0x30, 0xED,
  0x01, 0xF3, 0x30, 0xED, 0x02, 0x9C, 0x30, 0xF4, 0xEF, 0x8C, 0x36, 0xED,
  0x01, 0xF3, 0x36, 0xED, 0x02, 0x9C, 0x36, 0xEF, 0xF4, 0xE0, 0x25, 0x94,
  0x35, 0x33, 0x30, 0xE0, 0x27, 0x2A, 0xED, 0x01, 0xF3, 0x2A, 0xED, 0x02,
  0xA4, 0x2A, 0xF4, 0xE8, 0x2C, 0xB8, 0xE2, 0x80, 0xE3, 0x09, 0xE0, 0x27,
  0x9C, 0x21, 0x25, 0xE0, 0x26, 0x99, 0x25, 0xE0, 0x23, 0x8C, 0x25, 0xE0,
  0x26, 0x99, 0x26, 0xE0, 0x23, 0x8C, 0x25, 0xE0, 0x25, 0x94, 0x2A, 0x30,
  0x31, 0x2A, 0xE0, 0x27, 0x9C, 0x2A, 0x30, 0xE0, 0x26, 0x99, 0x2A, 0xE0,
  0x23, 0x8C, 0x2A, 0xE0, 0x27, 0x9C, 0x31, 0xE0, 0x25, 0x94, 0x30, 0x28,
  0x2A, 0x28, 0xE0, 0x27, 0x9C, 0x21, 0x25, 0xE0, 0x26, 0x99, 0x25, 0xE0,
  0x23, 0x8C, 0x25, 0xE0, 0x26, 0x99, 0x26, 0xE0, 0x23, 0x8C, 0x25, 0xE0,
  0x25, 0x94, 0x2A, 0x30, 0x31, 0x2A, 0xE0, 0x27, 0x9C, 0x31, 0x30, 0x28,
  0x26, 0xE0, 0x27, 0xA4, 0x25, 0xE0, 0x23, 0x8C, 0x16, 0x1A, 0x21, 0x1A,
  0x21, 0x1A, 0x21, 0x1A, 0x16, 0x1A, 0x21, 0x1A, 0x18, 0x20, 0x23, 0x20,
  0x23, 0x20, 0x23, 0x20, 0x18, 0x20, 0x23, 0x20, 0x19, 0x20, 0x23, 0x20,
  0x23, 0x20, 0x26, 0x23, 0x29, 0x26, 0x25, 0x23, 0xE0, 0x27, 0xA4, 0x22,
  0xF3, 0x9C, 0x22, 0xF4, 0xE8, 0x12, 0xB9, 0xEB, 0x03, 0xE0, 0x20, 0x94,
  0x21, 0xE0, 0x1D, 0x89, 0x21, 0x21, 0x8A, 0x21, 0xEC, 0xEB, 0x03, 0xE0,
  0x21, 0x94, 0x1A, 0xE0, 0x1D, 0x89, 0x1A, 0x1A, 0x8A, 0x1A, 0xEC, 0xEB,
  0x03, 0xE0, 0x21, 0x94, 0x16, 0xE0, 0x1D, 0x89, 0x16, 0x16, 0x8A, 0x16,
  0xEC, 0xEB, 0x03, 0xE0, 0x20, 0x94, 0x18, 0xE0, 0x1D, 0x89, 0x18, 0x18,
  0x8A, 0x18, 0xEC, 0xEB, 0x03, 0xE0, 0x20, 0x94, 0x21, 0xE0, 0x1D, 0x89,
  0x21, 0x21, 0x8A, 0x21, 0xEC, 0xEB, 0x03, 0xE0, 0x20, 0x94, 0x1A, 0xE0,
  0x1D, 0x89, 0x1A, 0x1A, 0x8A, 0x1A, 0xEC, 0xE0, 0x20, 0x94, 0x16, 0xE0,
  0x1D, 0x89, 0x16, 0x16, 0x8A, 0x16, 0xEB, 0x02, 0xE0, 0x20, 0x94, 0x18,
  0xE0, 0x1D, 0x89, 0x18, 0x18, 0x8A, 0x18, 0xEC, 0xEB, 0x03, 0xE0, 0x20,
  0x94, 0x21, 0xE0, 0x1D, 0x89, 0x21, 0x21, 0x8A, 0x21, 0xEC, 0xE0, 0x20,
  0x94, 0x26, 0x26, 0xE0, 0x1D, 0x89, 0x26, 0x26, 0x8A, 0x26, 0x89, 0x26,
  0x26, 0x8A, 0x26, 0xE0, 0x20, 0x94, 0x26, 0x26, 0x28, 0x28, 0xE0, 0x1D,
  0x89, 0x28, 0x28, 0x8A, 0x28, 0x89, 0x28, 0x28, 0x8A, 0x28, 0xE0, 0x20,
  0x94, 0x28, 0x28, 0x29, 0x29, 0xE0, 0x1D, 0x89, 0x29, 0x29, 0x8A, 0x29,
  0x89, 0x29, 0x29, 0x8A, 0x29, 0xE0, 0x20, 0x94, 0x29, 0x29, 0xA4, 0x2A,
  0xF3, 0x9C, 0x2A, 0xF4, 0xE8, 0xA3, 0xB9, 0xE0, 0x16, 0xE3, 0x06, 0xEB,
  0x08, 0x94, 0xF9, 0x10, 0xF9, 0x10, 0xF9, 0x10, 0xF9, 0x10, 0xF9, 0x10,
  0x89, 0xFA, 0x05, 0xFA, 0x05, 0x8A, 0xFA, 0x05, 0xEC, 0xEB, 0x04, 0x94,
  0xF9, 0x10, 0x10, 0x10, 0x10, 0xF9, 0x10, 0x89, 0xFA, 0x05, 0xFA, 0x05,
  0x8A, 0xFA, 0x05, 0xEC, 0xE8, 0x63, 0xBA, 0x01, 0x0D, 0x01, 0x0F, 0x01,
  0x0E, 0x01, 0x0D, 0x03, 0x0B, 0x02, 0x0A, 0x01, 0x0D, 0x01, 0x0F, 0x01,
  0x0E, 0x01, 0x0D, 0x05, 0x0B, 0x07, 0x0A, 0xFF, 0x09, 0x01, 0x0D, 0x01,
  0x0F, 0x01, 0x0E, 0x01, 0x0D, 0x08, 0x0B, 0x0B, 0x0A, 0xFF, 0x09, 0x01,
  0x0D, 0x01, 0x0F, 0x01, 0x0E, 0x01, 0x0D, 0x0B, 0x0B, 0x10, 0x0A, 0xFF,
  0x09, 0x01, 0x0D, 0x01, 0x0F, 0x01, 0x0E, 0x01, 0x0D, 0x10, 0x0B, 0x18,
  0x0A, 0xFF, 0x09, 0x01, 0x0D, 0x01, 0x0F, 0x01, 0x0E, 0x01, 0x0D, 0x1C,
  0x0B, 0x23, 0x0A, 0xFF, 0x09, 0x01, 0x0D, 0x01, 0x0F, 0x01, 0x0E, 0x01,
  0x0D, 0x2C, 0x0B, 0x30, 0x0A, 0xFF, 0x09, 0x01, 0x0D, 0x01, 0x0F, 0x01,
  0x0E, 0x01, 0x0D, 0x40, 0x0B, 0x40, 0x0A, 0xFF, 0x09, 0x04, 0x0E, 0xBB,
  0x05, 0x32, 0xBC, 0x06, 0x82, 0xBD, 0x07, 0x84, 0xBE, 0xFF, 0xE2, 0x40,
  0xE3, 0x06, 0xA6, 0x0C, 0xEB, 0x04, 0xE0, 0x36, 0x89, 0x35, 0x33, 0x31,
  0x2A, 0xEC, 0xE0, 0x3D, 0x97, 0x31, 0xF3, 0xED, 0x01, 0x31, 0xED, 0x02,
  0x9F, 0x31, 0xF4, 0xEF, 0xE0, 0x3B, 0x97, 0x30, 0xED, 0x01, 0xF3, 0x30,
  0xEF, 0xF4, 0x28, 0xED, 0x01, 0xF3, 0x28, 0xEF, 0xF4, 0xE0, 0x3D, 0x2A,
  0xF3, 0xED, 0x01, 0x2A, 0xED, 0x02, 0x9F, 0x2A, 0xEF, 0xF4, 0xE0, 0x3B,
  0x97, 0x30, 0xED, 0x01, 0xF3, 0x30, 0xF4, 0xEF, 0x33, 0xED, 0x01, 0xF3,
  0x33, 0xEF, 0xF4, 0xEB, 0x02, 0xE0, 0x3B, 0x97, 0x31, 0xF3, 0xED, 0x01,
  0x31, 0xF4, 0xEF, 0xE0, 0x37, 0x8F, 0x2A, 0x30, 0x31, 0xE0, 0x3A, 0x35,
  0xF3, 0xED, 0x01, 0x35, 0xED, 0x02, 0x35, 0xEF, 0xF4, 0xE0, 0x37, 0x36,
  0xE0, 0x39, 0x97, 0x33, 0x31, 0xE0, 0x3B, 0x8F, 0x33, 0xF3, 0xED, 0x01,
  0x33, 0xED, 0x02, 0x9B, 0x33, 0xEF, 0xF4, 0x8F, 0x0C, 0xE0, 0x37, 0x28,
  0x38, 0x36, 0xE0, 0x3A, 0x9B, 0x36, 0x35, 0xE0, 0x39, 0x97, 0x33, 0xE0,
  0x3B, 0x8F, 0x31, 0xF3, 0xED, 0x01, 0x31, 0xED, 0x02, 0x97, 0x31, 0xF4,
  0xEF, 0xE0, 0x37, 0x8F, 0x26, 0x28, 0x2A, 0x31, 0xE0, 0x39, 0x97, 0x30,
  0xE0, 0x37, 0x8F, 0x31, 0xE0, 0x3A, 0x9B, 0x30, 0xE0, 0x39, 0x97, 0x28,
  0xE0, 0x3B, 0x8F, 0x25, 0xF3, 0xED, 0x01, 0x25, 0xED, 0x02, 0x9B, 0x25,
  0xF4, 0xEF, 0xE0, 0x37, 0x8F, 0x21, 0x21, 0x23, 0xE0, 0x3A, 0x9B, 0x25,
  0x29, 0xE0, 0x39, 0x97, 0x30, 0xEC, 0xE0, 0x3D, 0xEB, 0x02, 0x9F, 0x35,
  0xF3, 0xED, 0x01, 0x35, 0xEF, 0xF4, 0xEC, 0x38, 0xF3, 0xED, 0x01, 0x38,
  0xF4, 0xEF, 0x3A, 0xF3, 0xED, 0x01, 0x3A, 0xEF, 0xF4, 0xEB, 0x02, 0xE0,
  0x37, 0x8F, 0x2A, 0x30, 0x31, 0xE0, 0x3A, 0x9B, 0x35, 0xE0, 0x37, 0x8F,
  0x33, 0x31, 0xE0, 0x39, 0x97, 0x30, 0x28, 0x25, 0x28, 0xEC, 0xE0, 0x3D,
  0x9F, 0x2A, 0xED, 0x01, 0xF3, 0x2A, 0xED, 0x02, 0xA6, 0x2A, 0xF4, 0xEF,
  0xA3, 0x3A, 0xED, 0x01, 0xF3, 0x3A, 0xF4, 0xE0, 0x14, 0xE3, 0x0B, 0x3A,
  0xEF, 0xFF, 0xE2, 0x00, 0xE3, 0x07, 0xEB, 0x08, 0xE0, 0x36, 0x89, 0x31,
  0x30, 0x2A, 0x25, 0xEC, 0xE2, 0x80, 0xE0, 0x3D, 0x97, 0x25, 0xF3, 0xED,
  0x01, 0x25, 0xED, 0x02, 0x9F, 0x25, 0xF4, 0xEF, 0xE0, 0x3B, 0x8F, 0x23,
  0xF3, 0xED, 0x01, 0x23, 0xED, 0x02, 0x97, 0x23, 0xEF, 0xF4, 0x8F, 0x20,
  0xF3, 0xED, 0x01, 0x20, 0xED, 0x02, 0x97, 0x20, 0xEF, 0xF4, 0xE0, 0x3D,
  0x97, 0x21, 0xF3, 0xED, 0x01, 0x21, 0xED, 0x02, 0x9F, 0x21, 0xF4, 0xEF,
  0xE0, 0x3B, 0x8F, 0x23, 0xF3, 0xED, 0x01, 0x23, 0xED, 0x02, 0x97, 0x23,
  0xEF, 0xF4, 0x8F, 0x26, 0xF3, 0xED, 0x01, 0x26, 0xED, 0x02, 0x97, 0x26,
  0xEF, 0xF4, 0xEB, 0x02, 0xE0, 0x3D, 0x97, 0x25, 0xF3, 0xED, 0x01, 0x25,
  0xED, 0x02, 0x9F, 0x25, 0xF4, 0xEF, 0xE0, 0x3D, 0x97, 0x21, 0xF3, 0xED,
  0x01, 0x21, 0xED, 0x02, 0x9F, 0x21, 0xF4, 0xEF, 0xE0, 0x3D, 0x97, 0x20,
  0xF3, 0xED, 0x01, 0x20, 0xED, 0x02, 0x9F, 0x20, 0xF4, 0xEF, 0xE0, 0x3A,
  0x9B, 0x31, 0x31, 0xE0, 0x39, 0x97, 0x30, 0xE0, 0x3A, 0x9B, 0x26, 0x21,
  0xE0, 0x39, 0x97, 0x26, 0xE0, 0x3A, 0x9B, 0x28, 0xE0, 0x3B, 0x8F, 0x23,
  0xF3, 0xED, 0x01, 0x23, 0xED, 0x02, 0x9B, 0x23, 0xF4, 0xEF, 0xE0, 0x3A,
  0x9B, 0x21, 0x28, 0xE0, 0x39, 0x97, 0x31, 0xE0, 0x3A, 0x9B, 0x30, 0x31,
  0xE0, 0x39, 0x97, 0x33, 0xEC, 0xE3, 0x06, 0xE2, 0x00, 0xEB, 0x04, 0xE0,
  0x37, 0x8F, 0x31, 0x30, 0x31, 0xE0, 0x36, 0x89, 0x33, 0xE0, 0x38, 0x93,
  0x31, 0xE0, 0x37, 0x8F, 0x30, 0x31, 0x33, 0xEC, 0xE0, 0x37, 0x8F, 0x26,
  0x25, 0x26, 0xE0, 0x36, 0x89, 0x21, 0xE0, 0x38, 0x93, 0x26, 0xE0, 0x37,
  0x8F, 0x28, 0x2A, 0x26, 0xE0, 0x37, 0x8F, 0x28, 0x25, 0x23, 0xE0, 0x36,
  0x89, 0x25, 0xE0, 0x38, 0x93, 0x23, 0xE0, 0x36, 0x8F, 0x21, 0x20, 0x21,
  0xE0, 0x37, 0x8F, 0x31, 0x33, 0x35, 0xE0, 0x3A, 0x9B, 0x38, 0xE0, 0x37,
  0x8F, 0x36, 0x35, 0xE0, 0x39, 0x97, 0x33, 0x30, 0x28, 0x30, 0xE3, 0x07,
  0xE0, 0x3D, 0x97, 0x23, 0xF3, 0xED, 0x01, 0x23, 0xED, 0x02, 0x9F, 0x23,
  0xF4, 0xEF, 0xE0, 0x3D, 0x97, 0x22, 0xF3, 0xED, 0x01, 0x22, 0xED, 0x02,
  0x9F, 0x22, 0xF4, 0xEF, 0xE3, 0x06, 0xE0, 0x3D, 0x9B, 0x32, 0xF3, 0xED,
  0x01, 0x32, 0xED, 0x02, 0xA3, 0x32, 0xF4, 0xEF, 0xE0, 0x14, 0xE3, 0x0B,
  0x32, 0xFF, 0xA6, 0x0C, 0x0C, 0xEB, 0x04, 0xE0, 0x20, 0x9B, 0x1A, 0xE0,
  0x1C, 0x89, 0x1A, 0xE0, 0x20, 0x89, 0x1A, 0xF3, 0x9F, 0x1A, 0xF4, 0xEC,
  0xEB, 0x02, 0xE0, 0x20, 0x9B, 0x1A, 0xE0, 0x1C, 0x89, 0x1A, 0xE0, 0x20,
  0x89, 0x1A, 0xF3, 0x9F, 0x1A, 0xF4, 0x9B, 0x16, 0xE0, 0x1C, 0x89, 0x16,
  0xE0, 0x20, 0x89, 0x16, 0xF3, 0x9F, 0x16, 0xF4, 0x9B, 0x18, 0xE0, 0x1C,
  0x89, 0x18, 0xE0, 0x20, 0x89, 0x18, 0xF3, 0x9F, 0x18, 0xF4, 0x9B, 0x15,
  0xE0, 0x1C, 0x89, 0x15, 0x15, 0x97, 0x1A, 0x18, 0x9B, 0x16, 0xE0, 0x1C,
  0x89, 0x16, 0xE0, 0x20, 0x89, 0x16, 0xF3, 0x9F, 0x16, 0xF4, 0x9B, 0x18,
  0xE0, 0x1C, 0x89, 0x18, 0xE0, 0x20, 0x89, 0x18, 0xF3, 0x9F, 0x18, 0xF4,
  0x9B, 0x21, 0xE0, 0x1C, 0x89, 0x21, 0xE0, 0x20, 0x89, 0x21, 0xF3, 0x9F,
  0x21, 0xF4, 0x9B, 0x25, 0xE0, 0x1C, 0x89, 0x25, 0xE0, 0x20, 0x89, 0x21,
  0xF3, 0x97, 0x21, 0xF4, 0x97, 0x20, 0xEC, 0x9B, 0x1A, 0xE0, 0x1C, 0x89,
  0x1A, 0xE0, 0x20, 0x89, 0x1A, 0xF3, 0x9F, 0x1A, 0xF4, 0x9B, 0x19, 0xE0,
  0x1C, 0x89, 0x19, 0xE0, 0x20, 0x89, 0x19, 0xF3, 0x9F, 0x19, 0xF4, 0x9B,
  0x18, 0xE0, 0x1C, 0x89, 0x18, 0xE0, 0x20, 0x89, 0x18, 0xF3, 0x9F, 0x18,
  0xF4, 0x9B, 0x17, 0xE0, 0x1C, 0x89, 0x17, 0xE0, 0x20, 0x89, 0x17, 0xF3,
  0x9F, 0x17, 0xF4, 0xEB, 0x02, 0x9B, 0x26, 0xE0, 0x1C, 0x89, 0x26, 0xE0,
  0x20, 0x89, 0x26, 0xF3, 0x9F, 0x26, 0xF4, 0x9B, 0x25, 0xE0, 0x1C, 0x89,
  0x25, 0xE0, 0x20, 0x89, 0x25, 0xF3, 0x9F, 0x25, 0xF4, 0xEC, 0x9B, 0x23,
  0xE0, 0x1C, 0x89, 0x23, 0xE0, 0x20, 0x89, 0x23, 0xF3, 0x9F, 0x23, 0xF4,
  0x9B, 0x1A, 0xE0, 0x1C, 0x89, 0x1A, 0xE0, 0x20, 0x89, 0x1A, 0xF3, 0x9F,
  0x1A, 0xF4, 0xE0, 0x17, 0xA3, 0x1A, 0x1A, 0xFF, 0xE0, 0x16, 0xA6, 0x10,
  0xE3, 0x05, 0x10, 0xEB, 0x04, 0x8F, 0xF9, 0x01, 0x00, 0xFA, 0x05, 0xF9,
  0x00, 0x01, 0xFA, 0x05, 0x00, 0x89, 0xF9, 0x01, 0xF9, 0x00, 0xEC, 0xEB,
  0x02, 0xEB, 0x07, 0x8F, 0xF9, 0x01, 0x00, 0xFA, 0x05, 0xF9, 0x00, 0x01,
  0xFA, 0x05, 0x00, 0x89, 0xF9, 0x01, 0xF9, 0x00, 0xEC, 0x8F, 0xF9, 0x01,
  0x00, 0xFA, 0x05, 0xF9, 0x00, 0x01, 0xFA, 0x05, 0xEB, 0x04, 0x89, 0xFA,
  0x05, 0xEC, 0xEC, 0xEB, 0x05, 0xE9, 0xDA, 0xBE, 0xF9, 0x00, 0x00, 0xE9,
  0xDA, 0xBE, 0xFA, 0x05, 0xFA, 0x05, 0xEC, 0xFA, 0x05, 0xFF, 0xF9, 0x8F,
  0x00, 0xF9, 0x00, 0xFA, 0x05, 0xF9, 0x89, 0x00, 0x00, 0x8F, 0x00, 0xF9,
  0x00, 0xFA, 0x05, 0x89, 0xEA, 0xE0, 0x34, 0xE2, 0x80, 0xE3, 0x0F, 0xAE,
  0x0C, 0xE3, 0x07, 0x8A, 0xEB, 0x02, 0x20, 0x20, 0x24, 0x24, 0x27, 0x27,
  0x24, 0x27, 0xEC, 0xEB, 0x02, 0x19, 0x19, 0x20, 0x20, 0x24, 0x24, 0x20,
  0x24, 0xEC, 0xEB, 0x02, 0x22, 0x22, 0x25, 0x25, 0x29, 0x29, 0x25, 0x29,
  0xEC, 0x27, 0x27, 0x2B, 0x2B, 0x32, 0x32, 0x2B, 0x32, 0x37, 0x37, 0x35,
  0x35, 0x34, 0x34, 0x32, 0x32, 0x25, 0x25, 0x29, 0x29, 0x30, 0x30, 0x29,
  0x30, 0x27, 0x27, 0x2B, 0x2B, 0x32, 0x32, 0x2B, 0x32, 0x30, 0x30, 0x2B,
  0x30, 0x0C, 0x29, 0x2B, 0x30, 0xA0, 0x0C, 0xE8, 0xF7, 0xBE, 0xA0, 0x0C,
  0x0C, 0xE0, 0x17, 0xE9, 0x8D, 0xBF, 0xE0, 0x20, 0xEB, 0x02, 0x95, 0x20,
  0x24, 0x90, 0x27, 0xEC, 0xEB, 0x02, 0x95, 0x19, 0x20, 0x90, 0x24, 0xEC,
  0xEB, 0x02, 0x95, 0x22, 0x25, 0x90, 0x29, 0xEC, 0x95, 0x27, 0x25, 0x90,
  0x24, 0x95, 0x25, 0x24, 0x90, 0x22, 0x95, 0x25, 0x29, 0x90, 0x30, 0x95,
  0x27, 0x2B, 0x90, 0x32, 0xE0, 0x1D, 0x8A, 0x20, 0x20, 0x1B, 0x20, 0x0C,
  0x19, 0x1B, 0x20, 0xE9, 0x8D, 0xBF, 0xE8, 0x4E, 0xBF, 0x82, 0x37, 0x36,
  0x35, 0x34, 0x33, 0x32, 0x31, 0x30, 0x2B, 0x2A, 0x29, 0x28, 0x27, 0x26,
  0x0C, 0x32, 0x31, 0x30, 0x2B, 0x2A, 0x29, 0x28, 0x27, 0x26, 0x0C, 0x37,
  0x36, 0x35, 0x34, 0x0C, 0x40, 0x3B, 0x3A, 0x39, 0x38, 0x37, 0x36, 0x35,
  0x34, 0x33, 0xEA, 0xE0, 0x16, 0xE3, 0x06, 0xEB, 0x02, 0x8A, 0xF9, 0x00,
  0xF9, 0x00, 0xFB, 0x05, 0xFB, 0x05, 0xF9, 0x00, 0x00, 0xFB, 0x05, 0x00,
  0xEC, 0xEB, 0x02, 0xF9, 0x10, 0xFB, 0x05, 0xFB, 0x05, 0xEC, 0x85, 0xEB,
  0x04, 0xFB, 0x05, 0xEC, 0x8A, 0xEB, 0x0B, 0xF9, 0x00, 0xF9, 0x00, 0xFA,
  0x05, 0xFA, 0x05, 0xF9, 0x00, 0x00, 0xFA, 0x05, 0x00, 0xEC, 0x8A, 0xFB,
  0x05, 0xFB, 0x05, 0x00, 0xFB, 0x05, 0x85, 0xEB, 0x08, 0xFB, 0x05, 0xEC,
  0xE8, 0xDC, 0xBF, 0xFF,
];

/** NES 基址 = RAW_START（raw[0] 对应的 NES 地址） */
export const BGM_44_NES_BASE = 0x8CC0;

/** header 在 RAW 内的偏移（initPtr - RAW_START），播放器解析 header 用 */
export const BGM_44_HEADER_OFFSET = 0x00;

/** 元数据 */
export const BGM_44_META = {
  id: 0x44, bank: 14, type: 'BGM',
  channels: [0,1,4,5,6,7],
  bytes: 13120, notes: 13056,
  silent: false,
} as const;
