start	end	size	refs
0x0012A0A4	0x0012A0A8	4	1
0x0012CF8C	0x0012CF90	4	1
0x003B640A	0x003B640E	4	1
0x004FFBB8	0x004FFBBC	4	1
0x0061142A	0x0061142E	4	1
0x01599480	0x01599484	4	1
0x01FF81B4	0x02008118	65380	1
0x01FF824C	0x0200824C	65536	2
0x01FF82C0	0x020082C0	65536	1
0x02000270	0x0200FF8C	64796	7
0x020003C4	0x020103C4	65536	1
0x0200093C	0x02010728	65004	3
0x02000950	0x02010728	64984	1
0x020009FC	0x020109FC	65536	1
0x02000A74	0x02010A74	65536	0
0x02000A78	0x02010A78	65536	1
0x02000B60	0x02010B60	65536	3
0x02000B64	0x02010B64	65536	1
0x02000B68	0x02010B68	65536	0
0x02000B8C	0x02010B8C	65536	0
0x02000BA4	0x02010B98	65524	0
0x02000D44	0x02010D44	65536	1
0x02000D7C	0x02010D48	65484	1
0x02000DE4	0x02010D48	65380	1
0x02000E20	0x02010D48	65320	2
0x02000E8C	0x02010E84	65528	2
0x02000EA8	0x02010E84	65500	4
0x0200107C	0x02011048	65484	1
0x02001080	0x02011048	65480	10
0x020010AC	0x020110AC	65536	17
0x020010C8	0x020110C8	65536	16
0x0200113C	0x0201113C	65536	1
0x02001188	0x02011188	65536	1
0x020011D0	0x020111D0	65536	1
0x02001200	0x02011200	65536	1
0x02001230	0x02011230	65536	1
0x020013B4	0x020113B4	65536	1
0x02001434	0x02011434	65536	1
0x02001448	0x02011448	65536	0
0x0200152C	0x02011474	65352	1
0x02001554	0x02011474	65312	1
0x0200157C	0x02011474	65272	1
0x02001590	0x02011474	65252	1
0x020015A4	0x02011474	65232	1
0x020015B8	0x02011474	65212	1
0x020015DC	0x02011474	65176	1
0x02001600	0x02011474	65140	0
0x02001638	0x02011474	65084	2
0x020016C4	0x02011474	64944	2
0x02001750	0x02011474	64804	1
0x020017CC	0x02011474	64680	1
0x02001878	0x02011878	65536	1
0x02001898	0x02011898	65536	1
0x020019D8	0x020119D8	65536	1
0x02001ACC	0x02011ACC	65536	1
0x02001CD0	0x02011CD0	65536	2
0x02001D88	0x02011D88	65536	2
0x02001E9C	0x02011E9C	65536	1
0x02002008	0x02012008	65536	1
0x020022C0	0x02012220	65376	12
0x02002378	0x02012220	65192	3
0x020023C8	0x02012220	65112	1
0x02002428	0x02012220	65016	1
0x02002470	0x02012220	64944	3
0x020024C8	0x02012220	64856	1
0x020024E8	0x02012220	64824	1
0x0200251C	0x02012220	64772	1
0x0200253C	0x02012220	64740	1
0x02002570	0x02012220	64688	1
0x020025F0	0x02012220	64560	1
0x0200267C	0x02012220	64420	1
0x020026FC	0x02012220	64292	1
0x02002788	0x02012220	64152	1
0x020027A8	0x02012220	64120	1
0x020027DC	0x02012220	64068	1
0x020027FC	0x02012220	64036	1
0x02002830	0x02012220	63984	10
0x0200284C	0x02012220	63956	3
0x0200291C	0x0201291C	65536	1
0x020029B0	0x020129B0	65536	1
0x020029DC	0x020129DC	65536	1
0x02002A08	0x02012A08	65536	1
0x02002AB0	0x02012AB0	65536	2
0x02002B60	0x02012B3C	65500	1
0x02002B94	0x02012B94	65536	1
0x02002CF0	0x02012CF0	65536	4
0x02002D3C	0x02012D3C	65536	4
0x02002DB0	0x02012D98	65512	4
0x02002DD4	0x02012DD4	65536	5
0x02002E20	0x02012E20	65536	5
0x02002E94	0x02012E94	65536	5
0x02002EB8	0x02012EB8	65536	5
0x02002F10	0x02012F10	65536	5
0x02002F84	0x02012F84	65536	5
0x02002FF4	0x02012FF4	65536	2
0x02003058	0x02013058	65536	2
0x020030D8	0x020130D8	65536	2
0x020031DC	0x020131DC	65536	2
0x02003244	0x02013244	65536	0
0x020032AC	0x020132AC	65536	0
0x02003314	0x02013314	65536	0
0x0200337C	0x0201337C	65536	0
0x020033E4	0x020133E4	65536	0
0x0200344C	0x02013420	65492	1
0x020034B4	0x020134A8	65524	0
0x0200351C	0x0201351C	65536	7
0x02003584	0x02013570	65516	16
0x020035EC	0x02013570	65412	0
0x02003654	0x0201363C	65512	0
0x020036BC	0x0201363C	65408	0
0x02003724	0x02013710	65516	0
0x0200378C	0x02013710	65412	0
0x020037F4	0x020137F4	65536	0
0x0200385C	0x0201385C	65536	4
0x020038BC	0x020138BC	65536	4
0x0200391C	0x020138C8	65452	0
0x02003984	0x02013984	65536	0
0x020039E0	0x020139E0	65536	7
0x02003A48	0x02013A48	65536	1
0x02003AB0	0x02013AB0	65536	10
0x02003B18	0x02013B00	65512	16
0x02003B74	0x02013B00	65420	2
0x02003BCC	0x02013B00	65332	1
0x02003C40	0x02013BF8	65464	1
0x02003CB0	0x02013BF8	65352	2
0x02003D78	0x02013CF8	65408	2
0x02003DD0	0x02013DD0	65536	2
0x02003E44	0x02013E44	65536	2
0x02003E8C	0x02013E8C	65536	2
0x02003EFC	0x02013EEC	65520	2
0x02004060	0x0201403C	65500	2
0x020040E0	0x020140E0	65536	0
0x02004104	0x020140F0	65516	1
0x02004184	0x02014184	65536	0
0x02004194	0x02014194	65536	0
0x020041A4	0x020141A4	65536	0
0x020041B4	0x020141B4	65536	0
0x020041C4	0x020141C4	65536	0
0x020041D4	0x020141D4	65536	0
0x020041E4	0x020141E4	65536	0
0x020041F4	0x020141F4	65536	0
0x02004204	0x02014204	65536	0
0x020042A0	0x020142A0	65536	0
0x020042A4	0x020142A4	65536	1
0x020042D8	0x020142D8	65536	3
0x0200430C	0x0201430C	65536	4
0x02004354	0x02014354	65536	6
0x0200438C	0x0201438C	65536	4
0x020043C0	0x020143C0	65536	1
0x02004458	0x02014458	65536	7
0x020044E8	0x020144E8	65536	1
0x02004500	0x02014500	65536	1
0x0200450C	0x0201450C	65536	4
0x02004564	0x02014564	65536	1
0x0200456C	0x0201456C	65536	0
0x02004584	0x02014584	65536	0
0x0200459C	0x0201459C	65536	1
0x020045B8	0x020145B8	65536	1
0x020045D4	0x020145D4	65536	0
0x020045EC	0x020145EC	65536	0
0x02004604	0x02014604	65536	1
0x02004624	0x02014614	65520	0
0x02004644	0x02014614	65488	2
0x020046C4	0x020146C4	65536	1
0x020046D4	0x020146D4	65536	0
0x02004764	0x02014764	65536	2
0x02004774	0x02014774	65536	0
0x020047C8	0x020147C8	65536	1
0x020048B8	0x020148B8	65536	1
0x020048C8	0x020148C8	65536	1
0x020048D0	0x020148D0	65536	1
0x02004908	0x02014908	65536	1
0x02004940	0x02014940	65536	0
0x02004954	0x02014954	65536	1
0x02004988	0x02014988	65536	2
0x02004990	0x02014990	65536	4
0x02004A44	0x02014A44	65536	1
0x02004A90	0x02014A90	65536	13
0x02004AC4	0x02014AC4	65536	11
0x02004B44	0x02014B44	65536	16
0x02004B98	0x02014B98	65536	1
0x02004BAC	0x02014BAC	65536	1
0x02004BE8	0x02014BE8	65536	1
0x02004C48	0x02014BF0	65448	0
0x02004C8C	0x02014BF0	65380	1
0x02004CFC	0x02014CF0	65524	2
0x02004D28	0x02014CF0	65480	5
0x02004E30	0x02014E30	65536	2
0x02004F8C	0x02014F8C	65536	4
0x02005078	0x02015078	65536	1
0x020050C0	0x020150C0	65536	1
0x02005128	0x02015128	65536	1
0x02005158	0x02015158	65536	1
0x020051AC	0x020151AC	65536	1
0x020051E0	0x020151E0	65536	1
0x02005258	0x02015258	65536	1
0x02005270	0x02015270	65536	2
0x02005328	0x02015328	65536	1
0x0200536C	0x0201536C	65536	6
0x02005384	0x02015374	65520	3
0x0200538C	0x0201538C	65536	1
0x02005440	0x02015440	65536	2
0x020054EC	0x020154EC	65536	1
0x020055C4	0x02015564	65440	1
0x020055E8	0x02015564	65404	1
0x0200560C	0x0201560C	65536	1
0x02005654	0x0201562C	65496	2
0x020056C4	0x0201562C	65384	2
0x02005750	0x0201562C	65244	2
0x0200576C	0x0201562C	65216	1
0x020057A0	0x0201562C	65164	26
0x020057BC	0x0201562C	65136	12
0x020057D8	0x0201562C	65108	79
0x020057FC	0x020157FC	65536	9
0x02005808	0x02015808	65536	1
0x02005824	0x02015824	65536	1
0x02005874	0x02015874	65536	1
0x020058FC	0x020158C4	65480	8
0x02005910	0x020158C4	65460	7
0x02005924	0x020158C4	65440	6
0x02005A10	0x020158C4	65204	6
0x02005B40	0x020158C4	64900	2
0x02005B54	0x020158C4	64880	2
0x02005B68	0x020158C4	64860	1
0x02005BE8	0x020158C4	64732	1
0x02005D00	0x020158C4	64452	1
0x02005D14	0x020158C4	64432	1
0x02005D24	0x020158C4	64416	1
0x02005D34	0x020158C4	64400	1
0x02005D48	0x020158C4	64380	1
0x02005D50	0x020158C4	64372	1
0x02005D58	0x020158C4	64364	0
0x02005DCC	0x020158C4	64248	2
0x02005DE0	0x020158C4	64228	1
0x02005E70	0x020158C4	64084	1
0x02005EDC	0x020158C4	63976	1
0x02005F4C	0x020158C4	63864	1
0x02005F68	0x020158C4	63836	1
0x02005F78	0x020158C4	63820	0
0x02006000	0x020158C4	63684	1
0x0200609C	0x020158C4	63528	1
0x02006100	0x020158C4	63428	0
0x0200610C	0x020158C4	63416	1
0x02006120	0x020158C4	63396	117
0x02006134	0x020158C4	63376	119
0x0200614C	0x020158C4	63352	2
0x02006160	0x020158C4	63332	2
0x02006178	0x020158C4	63308	1
0x02006184	0x020158C4	63296	1
0x02006190	0x020158C4	63284	8
0x0200619C	0x020158C4	63272	10
0x020061C4	0x020158C4	63232	0
0x02006208	0x020158C4	63164	1
0x02006270	0x020158C4	63060	2
0x020062EC	0x020158C4	62936	4
0x02006300	0x020158C4	62916	0
0x02006308	0x020158C4	62908	1
0x02006310	0x020158C4	62900	1
0x02006398	0x020158C4	62764	1
0x020063CC	0x020158C4	62712	1
0x020064BC	0x020164BC	65536	3
0x020064C8	0x020164C8	65536	35
0x020064DC	0x020164DC	65536	1
0x020064EC	0x020164EC	65536	4
0x0200655C	0x0201655C	65536	1
0x02006610	0x02016610	65536	3
0x02006694	0x02016694	65536	7
0x02006704	0x02016704	65536	8
0x020067AC	0x020167AC	65536	1
0x02006884	0x02016884	65536	14
0x020068FC	0x020168FC	65536	13
0x02006978	0x02016978	65536	4
0x02006A08	0x02016A08	65536	22
0x02006A20	0x02016A20	65536	10
0x02006A3C	0x02016A3C	65536	14
0x02006A50	0x02016A50	65536	6
0x02006A68	0x02016A68	65536	11
0x02006AB4	0x02016A68	65460	1
0x02006AEC	0x02016AEC	65536	20
0x02006B80	0x02016B80	65536	84
0x02006CB0	0x02016CA8	65528	1
0x02006CB8	0x02016CA8	65520	1
0x02006D4C	0x02016CA8	65372	1
0x02006E24	0x02016CA8	65156	1
0x02006E90	0x02016E90	65536	1
0x02006EF0	0x02016EF0	65536	1
0x02006F7C	0x02016F7C	65536	1
0x02006FA0	0x02016FA0	65536	12
0x02006FF8	0x02016FB0	65464	0
0x0200702C	0x02016FB0	65412	1
0x02007060	0x02016FB0	65360	2
0x0200708C	0x02016FB0	65316	1
0x020070B8	0x020170B8	65536	1
0x020070E4	0x020170E4	65536	1
0x02007118	0x02017118	65536	1
0x02007144	0x02017144	65536	4
0x020071B4	0x020171B4	65536	2
0x02007234	0x02017234	65536	2
0x0200724C	0x0201724C	65536	1
0x02007278	0x02017278	65536	1
0x020072D8	0x020172D8	65536	1
0x02007304	0x02017304	65536	4
0x02007318	0x02017318	65536	4
0x0200732C	0x0201732C	65536	1
0x02007378	0x02017378	65536	2
0x020073C0	0x020173C0	65536	2
0x02007418	0x02017418	65536	1
0x0200744C	0x0201744C	65536	1
0x020074B8	0x020174B8	65536	0
0x020074E8	0x020174E8	65536	1
0x02007508	0x02017508	65536	1
0x02007548	0x02017548	65536	1
0x02007588	0x02017588	65536	5
0x020075DC	0x020175DC	65536	5
0x0200761C	0x0201761C	65536	5
0x020076AC	0x02017678	65484	7
0x0200786C	0x0201786C	65536	2
0x020078B4	0x020178B4	65536	2
0x02007950	0x02017950	65536	4
0x02007A84	0x02017A84	65536	1
0x02007B9C	0x02017B3C	65440	1
0x02007BFC	0x02017B3C	65344	1
0x02007C1C	0x02017B3C	65312	1
0x02007C4C	0x02017C4C	65536	1
0x02007CCC	0x02017C5C	65424	3
0x02007D00	0x02017C5C	65372	1
0x02007D38	0x02017C5C	65316	1
0x02007DAC	0x02017C5C	65200	1
0x02007DF4	0x02017C5C	65128	1
0x0200802C	0x02017F48	65308	2
0x02008078	0x02017F48	65232	1
0x020081F4	0x020181D8	65508	7
0x02008200	0x020181D8	65496	1
0x02008324	0x02018324	65536	12
0x020083D8	0x0201838C	65460	10
0x02008400	0x02018400	65536	11
0x0200846C	0x0201846C	65536	0
0x02008578	0x02018550	65496	13
0x020086F4	0x020185D8	65252	5
0x02008758	0x020185D8	65152	0
0x02008760	0x020185D8	65144	0
0x02008788	0x020185D8	65104	0
0x02008814	0x020185D8	64964	0
0x02008BD4	0x02018B5C	65416	0
0x02008DF0	0x02018DF0	65536	0
0x02008F30	0x02018F30	65536	0
0x02008FD0	0x02018FD0	65536	0
0x02009008	0x02019008	65536	0
0x02009040	0x02019040	65536	6
0x02009074	0x02019074	65536	5
0x02009120	0x02019114	65524	1
0x02009184	0x02019114	65424	2
0x02009204	0x02019204	65536	1
0x02009330	0x02019330	65536	0
0x02009524	0x02019524	65536	1
0x0200959C	0x0201959C	65536	1
0x0200965C	0x0201965C	65536	3
0x020096AC	0x020196AC	65536	1
0x020096E4	0x020196E4	65536	5
0x020098A0	0x020198A0	65536	1
0x020098E8	0x020198E8	65536	2
0x0200998C	0x0201998C	65536	2
0x02009B84	0x02019B84	65536	0
0x02009BA8	0x02019BA8	65536	0
0x02009BD4	0x02019BD4	65536	0
0x02009BFC	0x02019BFC	65536	2
0x02009C60	0x02019C60	65536	8
0x02009CCC	0x02019CCC	65536	11
0x02009CDC	0x02019CDC	65536	2
0x02009CEC	0x02019CEC	65536	1
0x02009DBC	0x02019DBC	65536	7
0x02009E04	0x02019E04	65536	3
0x02009E54	0x02019E54	65536	2
0x02009ED0	0x02019ED0	65536	4
0x02009F28	0x02019F18	65520	2
0x02009F6C	0x02019F60	65524	0
0x02009FF4	0x02019F60	65388	1
0x0200A154	0x0201A138	65508	10
0x0200A184	0x0201A184	65536	2
0x0200A1C0	0x0201A1C0	65536	1
0x0200A1FC	0x0201A1FC	65536	2
0x0200A21C	0x0201A214	65528	1
0x0200A3BC	0x0201A214	65112	0
0x0200A3C4	0x0201A214	65104	0
0x0200A3CC	0x0201A214	65096	0
0x0200A45C	0x0201A214	64952	0
0x0200A464	0x0201A214	64944	0
0x0200A4B0	0x0201A214	64868	0
0x0200A698	0x0201A214	64380	0
0x0200A714	0x0201A214	64256	0
0x0200A910	0x0201A214	63748	0
0x0200AA6C	0x0201A214	63400	0
0x0200AD0C	0x0201A214	62728	1
0x0200AF8C	0x0201A214	62088	0
0x0200AFCC	0x0201A214	62024	0
0x0200B008	0x0201A214	61964	1
0x0200B020	0x0201A214	61940	1
0x0200B150	0x0201A214	61636	1
0x0200B3C0	0x0201A214	61012	1
0x0200B3D0	0x0201A214	60996	1
0x0200B4E4	0x0201A214	60720	1
0x0200B62C	0x0201A214	60392	1
0x0200B6D8	0x0201A214	60220	1
0x0200B768	0x0201A214	60076	0
0x0200BA28	0x0201A214	59372	1
0x0200BA40	0x0201BA40	65536	1
0x0200BA58	0x0201BA58	65536	2
0x0200BA70	0x0201BA70	65536	2
0x0200BA88	0x0201BA88	65536	2
0x0200BAB8	0x0201BAB8	65536	0
0x0200BB04	0x0201BAB8	65460	0
0x0200BB4C	0x0201BAB8	65388	0
0x0200BB60	0x0201BAB8	65368	2
0x0200BB7C	0x0201BAB8	65340	6
0x0200BB9C	0x0201BAB8	65308	2
0x0200BC8C	0x0201BAB8	65068	1
0x0200BECC	0x0201BAB8	64492	6
0x0200BEFC	0x0201BAB8	64444	2
0x0200BF74	0x0201BAB8	64324	3
0x0200BFB0	0x0201BAB8	64264	1
0x0200C060	0x0201BAB8	64088	3
0x0200C09C	0x0201BAB8	64028	1
0x0200C12C	0x0201BAB8	63884	3
0x0200C168	0x0201BAB8	63824	3
0x0200C1D0	0x0201BAB8	63720	1
0x0200C20C	0x0201BAB8	63660	1
0x0200C284	0x0201C284	65536	3
0x0200C2F8	0x0201C2F8	65536	1
0x0200C3B0	0x0201C3B0	65536	0
0x0200C49C	0x0201C49C	65536	1
0x0200C560	0x0201C51C	65468	1
0x0200C5B4	0x0201C51C	65384	0
0x0200C5BC	0x0201C51C	65376	4
0x0200C5FC	0x0201C51C	65312	3
0x0200C64C	0x0201C51C	65232	1
0x0200C664	0x0201C51C	65208	0
0x0200C6F8	0x0201C51C	65060	0
0x0200CC78	0x0201C51C	63652	1
0x0200CCBC	0x0201C51C	63584	1
0x0200CD38	0x0201C51C	63460	2
0x0200CDC0	0x0201C51C	63324	0
0x0200CEEC	0x0201C51C	63024	1
0x0200CF08	0x0201C51C	62996	1
0x0200D330	0x0201C51C	61932	1
0x0200D450	0x0201C51C	61644	1
0x0200D4D4	0x0201C51C	61512	1
0x0200D508	0x0201C51C	61460	2
0x0200D5D0	0x0201C51C	61260	1
0x0200D6A8	0x0201D68C	65508	1
0x0200D6F4	0x0201D68C	65432	3
0x0200D700	0x0201D68C	65420	5
0x0200D710	0x0201D68C	65404	5
0x0200D740	0x0201D68C	65356	1
0x0200D760	0x0201D68C	65324	8
0x0200D774	0x0201D68C	65304	0
0x0200D790	0x0201D68C	65276	0
0x0200D7EC	0x0201D68C	65184	1
0x0200D7FC	0x0201D68C	65168	2
0x0200D828	0x0201D68C	65124	1
0x0200D838	0x0201D68C	65108	1
0x0200D938	0x0201D68C	64852	1
0x0200D9DC	0x0201D68C	64688	1
0x0200DA78	0x0201D68C	64532	1
0x0200DAC0	0x0201D68C	64460	1
0x0200DDDC	0x0201D68C	63664	3
0x0200DDE8	0x0201D68C	63652	2
0x0200DDF4	0x0201D68C	63640	3
0x0200DF3C	0x0201DF3C	65536	1
0x0200DF50	0x0201DF50	65536	15
0x0200DF64	0x0201DF64	65536	15
0x0200E058	0x0201DF90	65336	0
0x0200E254	0x0201E254	65536	1
0x0200E260	0x0201E260	65536	1
0x0200E26C	0x0201E26C	65536	3
0x0200E2F0	0x0201E2E0	65520	1
0x0200E418	0x0201E418	65536	0
0x0200E4C4	0x0201E41C	65368	2
0x0200E52C	0x0201E41C	65264	0
0x0200E62C	0x0201E41C	65008	1
0x0200E7A0	0x0201E750	65456	0
0x0200E880	0x0201E880	65536	1
0x0200E8D8	0x0201E89C	65476	3
0x0200E978	0x0201E89C	65316	1
0x0200EA10	0x0201EA10	65536	5
0x0200EB64	0x0201EA98	65332	0
0x0200EBC0	0x0201EA98	65240	0
0x0200EC10	0x0201EA98	65160	1
0x0200EC74	0x0201EA98	65060	2
0x0200ECE4	0x0201EA98	64948	1
0x0200ED5C	0x0201EA98	64828	1
0x0200ED6C	0x0201EA98	64812	1
0x0200EDEC	0x0201EA98	64684	1
0x0200EE24	0x0201EA98	64628	2
0x0200EEAC	0x0201EEAC	65536	2
0x0200EEE0	0x0201EEE0	65536	1
0x0200EEFC	0x0201EEFC	65536	0
0x0200F2E0	0x0201F2E0	65536	7
0x0200F388	0x0201F388	65536	2
0x0200F3E4	0x0201F3BC	65496	9
0x0200F400	0x0201F3BC	65468	8
0x0200F488	0x0201F3BC	65332	7
0x0200F540	0x0201F3BC	65148	1
0x0200F5B4	0x0201F3BC	65032	6
0x0200F5CC	0x0201F3BC	65008	1
0x0200F650	0x0201F3BC	64876	1
0x0200F848	0x0201F840	65528	1
0x0200F87C	0x0201F840	65476	2
0x0200F998	0x0201F968	65488	1
0x0200FA3C	0x0201FA3C	65536	0
0x0200FAE4	0x0201FAE4	65536	2
0x0200FB10	0x0201FB10	65536	1
0x0200FD74	0x0201FD74	65536	1
0x0200FDDC	0x0201FDDC	65536	3
0x0200FEBC	0x0201FEBC	65536	1
0x0200FF08	0x0201FF08	65536	1
0x0201028C	0x0202028C	65536	0
0x0201034C	0x0202034C	65536	1
0x02010454	0x02020454	65536	1
0x0201049C	0x0202049C	65536	2
0x020104DC	0x020204DC	65536	2
0x020105D0	0x020205D0	65536	4
0x020109C0	0x020208FC	65340	2
0x020109FC	0x020208FC	65280	0
0x02010A68	0x020208FC	65172	2
0x02010BDC	0x020208FC	64800	1
0x02010CE0	0x02020CE0	65536	0
0x02010E20	0x02020E20	65536	0
0x02010F8C	0x02020F8C	65536	0
0x020110A0	0x020210A0	65536	1
0x02011420	0x02021420	65536	0
0x02011814	0x02021814	65536	1
0x02011884	0x02021884	65536	4
0x020119D0	0x020219D0	65536	2
0x02011C38	0x02021C38	65536	2
0x02011D9C	0x02021D9C	65536	2
0x02011E60	0x02021E24	65476	2
0x02011F20	0x02021E24	65284	2
0x02012084	0x02021E24	64928	2
0x020120F8	0x02021E24	64812	2
0x02012170	0x02021E24	64692	2
0x020128CC	0x020228CC	65536	1
0x02012AA4	0x02022AA4	65536	1
0x02012B90	0x02022B90	65536	2
0x02012C1C	0x02022C1C	65536	3
0x02012CB4	0x02022CB4	65536	1
0x02012DC0	0x02022DC0	65536	1
0x02012E2C	0x02022E2C	65536	2
0x02012EC4	0x02022EC4	65536	1
0x02012F44	0x02022F44	65536	1
0x02012FC4	0x02022FC4	65536	2
0x0201308C	0x0202308C	65536	3
0x02013120	0x020230F4	65492	2
0x020131E8	0x020230F4	65292	3
0x0201327C	0x02023278	65532	1
0x02013324	0x02023324	65536	2
0x020133B8	0x020233B8	65536	2
0x02013470	0x02023470	65536	1
0x02013508	0x02023508	65536	1
0x02013540	0x02023540	65536	1
0x02013608	0x02023608	65536	1
0x020136D4	0x020236D4	65536	1
0x020137A8	0x020237A8	65536	1
0x02013934	0x02023934	65536	1
0x02013BD0	0x02023BD0	65536	1
0x02013CCC	0x02023CCC	65536	1
0x02013DBC	0x02023DBC	65536	1
0x02013E84	0x02023E84	65536	1
0x02013EB4	0x02023EB4	65536	1
0x02013F0C	0x02023F0C	65536	1
0x02013F60	0x02023F60	65536	2
0x02013F88	0x02023F78	65520	3
0x02013F98	0x02023F78	65504	1
0x02013FA8	0x02023F78	65488	1
0x02013FE4	0x02023FE4	65536	1
0x02013FF4	0x02023FF4	65536	6
0x02014004	0x02024004	65536	1
0x020140A8	0x020240A8	65536	3
0x020140D4	0x020240D4	65536	10
0x020140E4	0x020240E4	65536	5
0x02014108	0x02024108	65536	1
0x02014130	0x02024130	65536	1
0x02014140	0x02024140	65536	4
0x02014164	0x02024164	65536	3
0x02014180	0x02024180	65536	1
0x02014190	0x02024190	65536	1
0x02014214	0x02024214	65536	1
0x020143A0	0x020243A0	65536	1
0x02014664	0x02024664	65536	0
0x02014700	0x02024700	65536	1
0x020148B0	0x020248B0	65536	5
0x020148F4	0x020248F4	65536	1
0x020149AC	0x020249AC	65536	1
0x02014EBC	0x02024EBC	65536	0
0x02015384	0x020252E4	65376	2
0x020153C0	0x020253C0	65536	8
0x02015410	0x02025410	65536	1
0x0201550C	0x020254F8	65516	1
0x02015604	0x02025604	65536	2
0x020157F4	0x020257F4	65536	1
0x0201643C	0x0202643C	65536	2
0x02016484	0x02026454	65488	2
0x020164C0	0x020264C0	65536	1
0x02016540	0x02026540	65536	1
0x0201657C	0x0202657C	65536	1
0x02016820	0x02026820	65536	2
0x02016850	0x02026850	65536	1
0x020169C8	0x020269C8	65536	1
0x02016A14	0x02026A14	65536	1
0x02016AC0	0x02026AC0	65536	1
0x02016B68	0x02026B68	65536	0
0x02016B8C	0x02026B8C	65536	1
0x02016C2C	0x02026C2C	65536	1
0x02016E60	0x02026E60	65536	2
0x02016ED8	0x02026ED8	65536	1
0x02016F38	0x02026F38	65536	2
0x02016F4C	0x02026F4C	65536	2
0x02016F60	0x02026F5C	65532	1
0x020170B4	0x020270B0	65532	1
0x020170C4	0x020270C4	65536	2
0x02017270	0x02027270	65536	1
0x020172B0	0x020272B0	65536	1
0x02017338	0x02027338	65536	0
0x02017344	0x02027344	65536	1
0x02017380	0x02027380	65536	1
0x020173A4	0x020273A4	65536	0
0x020175B8	0x020275B8	65536	1
0x020176B8	0x020276B8	65536	1
0x020177CC	0x020277CC	65536	1
0x02017A04	0x02027A04	65536	1
0x02017A7C	0x02027A78	65532	0
0x02018318	0x02028318	65536	0
0x020183F0	0x020283F0	65536	0
0x02018CDC	0x02028CDC	65536	2
0x02018DC0	0x02028DB4	65524	1
0x02018EEC	0x02028EEC	65536	1
0x02018F40	0x02028F40	65536	2
0x02019004	0x02029004	65536	0
0x020190D0	0x020290D0	65536	1
0x020190FC	0x020290FC	65536	3
0x020191A0	0x020291A0	65536	0
0x020192B8	0x020292B8	65536	2
0x02019318	0x02029318	65536	1
0x020193C8	0x020293C8	65536	1
0x02019504	0x02029504	65536	3
0x0201958C	0x0202958C	65536	2
0x020195D8	0x020295D8	65536	1
0x020195F8	0x020295F8	65536	1
0x02019634	0x02029634	65536	1
0x02019688	0x02029688	65536	2
0x020196EC	0x020296EC	65536	2
0x02019714	0x02029714	65536	2
0x02019794	0x02029794	65536	2
0x020197C8	0x020297C8	65536	2
0x02019810	0x02029810	65536	3
0x0201992C	0x0202992C	65536	1
0x02019944	0x02029944	65536	1
0x02019980	0x02029980	65536	1
0x020199C0	0x020299C0	65536	0
0x020199D4	0x020299D4	65536	1
0x020199F4	0x020299F4	65536	0
0x02019A74	0x02029A74	65536	0
0x02019AB0	0x02029AB0	65536	1
0x02019CC8	0x02029CC8	65536	1
0x02019D98	0x02029D98	65536	0
0x02019E84	0x02029E84	65536	2
0x02019E98	0x02029E98	65536	1
0x02019F28	0x02029F28	65536	4
0x0201A018	0x0202A018	65536	1
0x0201A024	0x0202A024	65536	0
0x0201A05C	0x0202A05C	65536	0
0x0201A104	0x0202A104	65536	22
0x0201A124	0x0202A124	65536	69
0x0201A164	0x0202A164	65536	1
0x0201BA34	0x0202BA34	65536	1
0x0201C258	0x0202C258	65536	0
0x0201C29C	0x0202C29C	65536	1
0x0201C304	0x0202C304	65536	18
0x0201C330	0x0202C330	65536	10
0x0201C39C	0x0202C39C	65536	6
0x0201C3CC	0x0202C3CC	65536	1
0x0201C4E0	0x0202C4E0	65536	1
0x0201D630	0x0202D630	65536	11
0x0201DEF0	0x0202DEF0	65536	18
0x0201E114	0x0202E114	65536	5
0x0201E23C	0x0202E23C	65536	5
0x0201E298	0x0202E298	65536	2
0x0201E368	0x0202E368	65536	4
0x0201E720	0x0202E720	65536	16
0x0201E7A4	0x0202E7A4	65536	27
0x0201E7D8	0x0202E7D8	65536	33
0x0201E820	0x0202E820	65536	2
0x0201EA0C	0x0202EA0C	65536	6
0x0201EE8C	0x0202EE8C	65536	40
0x0201F098	0x0202F098	65536	1
0x0201F294	0x0202F294	65536	11
0x0201F7D8	0x0202F7D8	65536	1
0x0201F7DC	0x0202F7DC	65536	1
0x0201F808	0x0202F808	65536	33
0x0201F898	0x0202F898	65536	1
0x0201F9D8	0x0202F9D8	65536	1
0x0201FA2C	0x0202FA2C	65536	1
0x0201FAFC	0x0202FAFC	65536	1
0x0201FB6C	0x0202FB6C	65536	2
0x0201FBD4	0x0202FBD4	65536	2
0x0201FC7C	0x0202FC7C	65536	5
0x0201FCDC	0x0202FCDC	65536	1
0x0201FD34	0x0202FD34	65536	4
0x0201FD4C	0x0202FD4C	65536	3
0x0201FD64	0x0202FD64	65536	4
0x0201FD7C	0x0202FD7C	65536	4
0x0201FD94	0x0202FD94	65536	1
0x0201FDF0	0x0202FDF0	65536	2
0x0201FE64	0x0202FE64	65536	1359
0x0201FEFC	0x0202FEFC	65536	177
0x0201FF58	0x0202FF58	65536	2
0x0201FF9C	0x0202FF9C	65536	36
0x0201FFFC	0x0202FFFC	65536	0
0x02020030	0x02030030	65536	136
0x02020088	0x02030088	65536	1
0x020200B4	0x020300B4	65536	1
0x02020198	0x02030198	65536	2
0x020201B0	0x020301B0	65536	0
0x02020434	0x02030434	65536	0
0x020208D0	0x020308D0	65536	0
0x02020C04	0x02030C04	65536	0
0x02020C2C	0x02030C2C	65536	28
0x02020EF0	0x02030EF0	65536	78
0x02020F18	0x02030F18	65536	50
0x02020F90	0x02030F90	65536	25
0x02020FE0	0x02030FE0	65536	0
0x02021548	0x0203150C	65476	1
0x020215A8	0x020315A8	65536	1
0x02021608	0x02031608	65536	1
0x02021668	0x02031668	65536	2
0x020216C8	0x020316B4	65516	2
0x020216E0	0x020316B4	65492	0
0x02021964	0x02031964	65536	0
0x02021DF0	0x02031DF0	65536	0
0x020223CC	0x020323CC	65536	0
0x020223F0	0x020323F0	65536	69
0x020226B4	0x020326B4	65536	97
0x02022C38	0x02032C38	65536	54
0x02022C90	0x02032C90	65536	0
0x02022CD8	0x02032CD8	65536	0
0x0202303C	0x0203303C	65536	1
0x0202304C	0x0203304C	65536	0
0x02023250	0x02033250	65536	0
0x02023284	0x02033284	65536	0
0x020232D4	0x020332D4	65536	1
0x02023370	0x02033370	65536	1
0x020233D0	0x020333D0	65536	1
0x02023430	0x02033430	65536	1
0x02023460	0x02033460	65536	27
0x020234D8	0x020334D8	65536	50
0x02023560	0x02033560	65536	10
0x020235D8	0x020335D8	65536	12
0x02023650	0x02033650	65536	1
0x02023854	0x02033854	65536	6
0x02023A90	0x02033A90	65536	4
0x02023B90	0x02033B90	65536	1
0x02023D78	0x02033D78	65536	1
0x02023E20	0x02033E20	65536	1
0x02023EDC	0x02033EDC	65536	1
0x02023F04	0x02033F04	65536	1
0x02023FAC	0x02033FAC	65536	2
0x02024034	0x02034034	65536	4
0x02024098	0x02034098	65536	2
0x02024B68	0x02034B68	65536	2
0x02024CC8	0x02034CC8	65536	29
0x02024D58	0x02034D58	65536	1
0x02025204	0x020351F0	65516	1
0x020253AC	0x020353AC	65536	3
0x0202547C	0x0203547C	65536	9
0x0202551C	0x0203551C	65536	0
0x0202560C	0x0203560C	65536	0
0x02025630	0x02035630	65536	0
0x02025644	0x02035644	65536	39
0x02025790	0x02035790	65536	1
0x020257D8	0x020357D8	65536	1
0x02025810	0x02035810	65536	1
0x02025824	0x02035824	65536	18
0x02025858	0x02035858	65536	3
0x02025878	0x02035878	65536	0
0x02025894	0x02035894	65536	13
0x02025938	0x02035938	65536	43
0x020259B8	0x020359B8	65536	7
0x02025C70	0x02035C70	65536	1
0x02025D34	0x02035D34	65536	1
0x02025DC4	0x02035DC4	65536	6
0x02025DE8	0x02035DE8	65536	236
0x02025E6C	0x02035E6C	65536	1
0x02025E84	0x02035E84	65536	2
0x02025EA4	0x02035EA4	65536	1
0x02025F24	0x02035F24	65536	102
0x02026230	0x02036230	65536	3
0x020264A4	0x020364A4	65536	8
0x02026704	0x02036704	65536	1
0x0202696C	0x0203696C	65536	1
0x02026A50	0x02036A50	65536	0
0x02026A70	0x02036A70	65536	0
0x02026A90	0x02036A90	65536	0
0x02026AA8	0x02036AA8	65536	0
0x02026AC0	0x02036AC0	65536	2
0x02026AEC	0x02036AEC	65536	0
0x02026B5C	0x02036B5C	65536	0
0x02026B68	0x02036B68	65536	1
0x02026BD8	0x02036BD8	65536	1
0x02026BE4	0x02036BE4	65536	1
0x02026C38	0x02036C38	65536	1
0x02026CC0	0x02036CC0	65536	1
0x02026DD8	0x02036DD8	65536	1
0x02026F68	0x02036F68	65536	1
0x020270B8	0x020370B8	65536	1
0x02027268	0x02037268	65536	1
0x0202756C	0x0203756C	65536	2
0x020276E0	0x020376D4	65524	3
0x02027728	0x020376D4	65452	3
0x02027778	0x02037748	65488	1
0x020277F4	0x020377D8	65508	2
0x02027930	0x02037930	65536	1
0x020279CC	0x020379CC	65536	1
0x02027A88	0x02037A88	65536	1
0x02027ABC	0x02037ABC	65536	12
0x02027AD8	0x02037AD8	65536	1
0x02027C34	0x02037C34	65536	241
0x02027C50	0x02037C50	65536	16
0x02027CF4	0x02037CD4	65504	1
0x02027D14	0x02037CD4	65472	15
0x02027D38	0x02037CD4	65436	11
0x02027D50	0x02037CD4	65412	7
0x02027D68	0x02037CD4	65388	3
0x02027D80	0x02037CD4	65364	1
0x02027DA4	0x02037DA4	65536	1
0x02027DD8	0x02037DA4	65484	1
0x02027DF8	0x02037DF8	65536	4
0x02027E10	0x02037E10	65536	227
0x02027E28	0x02037E28	65536	1
0x02027E48	0x02037E40	65528	227
0x02027E78	0x02037E40	65480	16
0x02027E98	0x02037E40	65448	1
0x02027EB8	0x02037E40	65416	1
0x02027F40	0x02037F40	65536	1
0x02027F74	0x02037F74	65536	1
0x02028018	0x0203800C	65524	192
0x02028030	0x02038030	65536	2
0x020280FC	0x020380FC	65536	18
0x0202810C	0x02038104	65528	0
0x02028128	0x02038104	65500	4
0x02028388	0x02038388	65536	7
0x02028700	0x020386FC	65532	1
0x020289B4	0x020389B4	65536	1
0x02028DF4	0x02038DF4	65536	1
0x02028E6C	0x02038E6C	65536	1
0x02028EB4	0x02038EB4	65536	8
0x0202928C	0x0203928C	65536	10
0x0202932C	0x020392A0	65396	5
0x020293D4	0x020392A0	65228	1
0x0202941C	0x020392A0	65156	2
0x020294CC	0x020394CC	65536	2
0x020295A8	0x020395A8	65536	1
0x0202A00C	0x0203A00C	65536	3
0x0202A1B0	0x0203A1A8	65528	1
0x0202BEAC	0x0203BC8C	64992	3
0x0202BFD0	0x0203BC8C	64700	2
0x0202DB10	0x0203DB10	65536	4
0x0202DC3C	0x0203DC3C	65536	2
0x0202DDA8	0x0203DDA8	65536	1
0x0202DED4	0x0203DED4	65536	0
0x0202E50C	0x0203E50C	65536	8
0x0202E544	0x0203E544	65536	1
0x0202E654	0x0203E654	65536	1
0x0202E92C	0x0203E92C	65536	1
0x0202EAA4	0x0203EAA4	65536	0
0x0202EAC0	0x0203EAC0	65536	24
0x0202EAD4	0x0203EAD4	65536	21
0x0202EB8C	0x0203EB8C	65536	1
0x0202ED9C	0x0203ED9C	65536	0
0x0202F020	0x0203F020	65536	0
0x0202F264	0x0203F264	65536	2
0x0202F35C	0x0203F358	65532	1
0x0202F380	0x0203F380	65536	1
0x0202F55C	0x0203F4C8	65388	2
0x0202FDD0	0x0203FDD0	65536	1
0x0202FED4	0x0203FEC4	65520	13
0x0202FF3C	0x0203FF3C	65536	2
0x0203046C	0x0204046C	65536	2
0x02030724	0x0204071C	65528	1
0x020307C4	0x020407B4	65520	8
0x02030954	0x02040954	65536	22
0x0203099C	0x0204099C	65536	9
0x02030CA8	0x02040CA8	65536	4
0x02030D94	0x02040D94	65536	4
0x02030E98	0x02040E98	65536	9
0x02030F84	0x02040F84	65536	1
0x02031088	0x02041088	65536	3
0x02031230	0x02041230	65536	3
0x020313D8	0x020413D8	65536	3
0x02031584	0x02041584	65536	3
0x0203172C	0x0204172C	65536	2
0x02034BAC	0x02044BAC	65536	1
0x02034CF0	0x02044CF0	65536	6
0x02034E08	0x02044E08	65536	1
0x02034E4C	0x02044E4C	65536	1
0x02034E84	0x02044E84	65536	1
0x02034FD0	0x02044FD0	65536	2
0x02035198	0x02045198	65536	1
0x020351D4	0x020451D4	65536	3
0x0203527C	0x0204527C	65536	2
0x02035404	0x02045404	65536	3
0x02037060	0x02047060	65536	1
0x02037190	0x02047190	65536	2
0x020373E4	0x020473E4	65536	1
0x020373F8	0x020473F8	65536	7
0x02037454	0x02047454	65536	6
0x020374B0	0x020474B0	65536	6
0x020375A0	0x020475A0	65536	2
0x02037678	0x02047678	65536	1
0x020376A0	0x020476A0	65536	4
0x0203772C	0x0204772C	65536	19
0x020377A4	0x020477A4	65536	4
0x02037834	0x02047834	65536	8
0x02037C20	0x02047C20	65536	5
0x02037C34	0x02047C34	65536	15
0x02037C4C	0x02047C4C	65536	9
0x02037CB4	0x02047CB4	65536	2
0x02037D84	0x02047D84	65536	8
0x02037DE4	0x02047DE4	65536	1
0x02037E10	0x02047E10	65536	5
0x02037E28	0x02047E28	65536	0
0x02037ECC	0x02047ECC	65536	1
0x02037EF4	0x02047EF4	65536	2
0x02037F5C	0x02047F5C	65536	95
0x02037F98	0x02047F98	65536	96
0x02037FD4	0x02047FD4	65536	1
0x02038018	0x02048018	65536	1
0x020381C4	0x020481C4	65536	1
0x02038284	0x0204821C	65432	1
0x0203848C	0x02048294	65032	4
0x020384BC	0x02048294	64984	4
0x020384EC	0x02048294	64936	4
0x02038514	0x02048294	64896	2
0x02038540	0x02048294	64852	1
0x0203859C	0x0204859C	65536	1
0x020385EC	0x020485EC	65536	1
0x02038624	0x02048624	65536	2
0x02038664	0x02048664	65536	2
0x02038670	0x02048670	65536	1
0x020386B4	0x020486B4	65536	1
0x020386E4	0x020486DC	65528	1
0x02038768	0x020486DC	65396	2
0x02038818	0x020486DC	65220	8
0x02038830	0x020486DC	65196	1
0x0203899C	0x020486DC	64832	1
0x020389A8	0x020486DC	64820	0
0x020389F0	0x020486DC	64748	1
0x02038A94	0x020486DC	64584	2
0x02038AC0	0x020486DC	64540	1
0x02038B08	0x02048B08	65536	1
0x02038B18	0x02048B18	65536	1
0x02038B3C	0x02048B38	65532	1
0x02038B4C	0x02048B38	65516	1
0x02038B94	0x02048B38	65444	1
0x02038BA4	0x02048B38	65428	1
0x02038BEC	0x02048B38	65356	1
0x02038BFC	0x02048B38	65340	1
0x02038C44	0x02048B38	65268	1
0x02038C74	0x02048B38	65220	0
0x02038CBC	0x02048B38	65148	6
0x02038D14	0x02048B38	65060	1
0x02038D24	0x02048B38	65044	2
0x02038D84	0x02048B38	64948	1
0x02038D9C	0x02048B38	64924	2
0x02038DD8	0x02048B38	64864	1
0x02038DF4	0x02048B38	64836	0
0x02038FA0	0x02048B38	64408	1
0x02038FAC	0x02048B38	64396	1
0x02038FD0	0x02048B38	64360	1
0x020390F0	0x02048B38	64072	2
0x02039108	0x02048B38	64048	1
0x02039234	0x02048B38	63748	1
0x02039430	0x02048B38	63240	0
0x020394FC	0x02048B38	63036	0
0x020395D8	0x02048B38	62816	1
0x020396B4	0x02048B38	62596	1
0x02039748	0x02048B38	62448	1
0x02039808	0x02048B38	62256	1
0x020398D0	0x02048B38	62056	0
0x020398E0	0x02048B38	62040	0
0x020398F8	0x02048B38	62016	1
0x02039904	0x02048B38	62004	1
0x0203990C	0x02048B38	61996	3
0x02039914	0x02048B38	61988	3
0x02039930	0x02048B38	61960	4
0x02039A30	0x02048B38	61704	2
0x02039C18	0x02048B38	61216	2
0x02039E80	0x02048B38	60600	1
0x02039E8C	0x02048B38	60588	1
0x02039ECC	0x02049ECC	65536	2
0x02039ED4	0x02049ED4	65536	1
0x02039EF0	0x02049EF0	65536	0
0x02039F18	0x02049F18	65536	3
0x02039F28	0x02049F28	65536	1
0x02039F48	0x02049F48	65536	1
0x02039F64	0x02049F5C	65528	2
0x02039F84	0x02049F5C	65496	6
0x02039FC4	0x02049F5C	65432	4
0x02039FDC	0x02049F5C	65408	6
0x0203A060	0x02049F5C	65276	2
0x0203A0A4	0x02049F5C	65208	2
0x0203A1B4	0x02049F5C	64936	1
0x0203A8AC	0x02049F5C	63152	1
0x0203A928	0x02049F5C	63028	1
0x0203A9F0	0x02049F5C	62828	2
0x0203AA4C	0x02049F5C	62736	2
0x0203AA5C	0x02049F5C	62720	1
0x0203B16C	0x02049F5C	60912	0
0x0203B21C	0x02049F5C	60736	0
0x0203B424	0x0204B424	65536	0
0x0203B4BC	0x0204B4BC	65536	0
0x0203B754	0x0204B754	65536	1
0x0203B934	0x0204B934	65536	2
0x0203B980	0x0204B980	65536	4
0x0203B9DC	0x0204B9DC	65536	1
0x0203BA08	0x0204BA08	65536	1
0x0203BB44	0x0204BB44	65536	1
0x0203BBCC	0x0204BBCC	65536	1
0x0203BC78	0x0204BC78	65536	1
0x0203C1D0	0x0204C1D0	65536	1
0x0203C2A0	0x0204C290	65520	4
0x0203C634	0x0204C634	65536	1
0x0203C704	0x0204C704	65536	1
0x0203C7CC	0x0204C7CC	65536	1
0x0203C864	0x0204C864	65536	1
0x0203C8A8	0x0204C8A8	65536	1
0x0203C9F4	0x0204C9F4	65536	1
0x0203CCD4	0x0204CCD4	65536	1
0x0203CF30	0x0204CF30	65536	0
0x0203CF3C	0x0204CF3C	65536	1
0x0203D9AC	0x0204D9AC	65536	1
0x0203DA48	0x0204DA48	65536	0
0x0203DAC0	0x0204DAC0	65536	1
0x0203DB24	0x0204DB24	65536	1
0x0203DB44	0x0204DB44	65536	2
0x0203DB80	0x0204DB80	65536	1
0x0203DB90	0x0204DB90	65536	2
0x0203DBA0	0x0204DBA0	65536	1
0x0203DBDC	0x0204DBDC	65536	0
0x0203DBF8	0x0204DBF8	65536	1
0x0203DC38	0x0204DC38	65536	0
0x0203DC44	0x0204DC44	65536	0
0x0203DC50	0x0204DC50	65536	0
0x0203DC7C	0x0204DC7C	65536	0
0x0203DCA8	0x0204DCA8	65536	0
0x0203DCB4	0x0204DCB4	65536	0
0x0203DCC0	0x0204DCC0	65536	0
0x0203DCCC	0x0204DCCC	65536	0
0x0203DCD8	0x0204DCD8	65536	0
0x0203DCE4	0x0204DCE4	65536	0
0x0203DCF0	0x0204DCF0	65536	0
0x0203DCFC	0x0204DCFC	65536	0
0x0203DD08	0x0204DD08	65536	0
0x0203DD14	0x0204DD14	65536	0
0x0203DD20	0x0204DD20	65536	0
0x0203DD2C	0x0204DD2C	65536	0
0x0203DD38	0x0204DD38	65536	0
0x0203DD44	0x0204DD44	65536	0
0x0203DD50	0x0204DD50	65536	0
0x0203DD7C	0x0204DD7C	65536	0
0x0203DDA8	0x0204DDA8	65536	0
0x0203DDB4	0x0204DDB4	65536	0
0x0203DDC0	0x0204DDC0	65536	0
0x0203DDCC	0x0204DDCC	65536	0
0x0203DDD8	0x0204DDD8	65536	0
0x0203DDE4	0x0204DDE4	65536	0
0x0203DDF0	0x0204DDF0	65536	0
0x0203DDFC	0x0204DDFC	65536	0
0x0203DE08	0x0204DE08	65536	0
0x0203DE14	0x0204DE14	65536	0
0x0203DE20	0x0204DE20	65536	0
0x0203DE2C	0x0204DE2C	65536	0
0x0203DE38	0x0204DE38	65536	0
0x0203DE64	0x0204DE64	65536	0
0x0203DE90	0x0204DE90	65536	0
0x0203DEBC	0x0204DEBC	65536	0
0x0203DEE8	0x0204DEE8	65536	1
0x0203DEFC	0x0204DEFC	65536	2
0x0203DF14	0x0204DF14	65536	2
0x0203DF3C	0x0204DF3C	65536	0
0x0203DF48	0x0204DF48	65536	0
0x0203DF80	0x0204DF80	65536	1
0x0203DFB0	0x0204DFB0	65536	1
0x0203E050	0x0204E050	65536	1
0x0203E07C	0x0204E07C	65536	2
0x0203E09C	0x0204E09C	65536	1
0x0203E0B8	0x0204E0B8	65536	2
0x0203E148	0x0204E148	65536	0
0x0203E198	0x0204E198	65536	2
0x0203E224	0x0204E224	65536	1
0x0203E298	0x0204E298	65536	4
0x0203E2D0	0x0204E2D0	65536	1
0x0203E32C	0x0204E32C	65536	1
0x0203E3CC	0x0204E3CC	65536	1
0x0203E420	0x0204E420	65536	0
0x0203E45C	0x0204E45C	65536	1
0x0203E504	0x0204E504	65536	1
0x0203E510	0x0204E510	65536	1
0x0203E5BC	0x0204E5BC	65536	1
0x0203E73C	0x0204E73C	65536	1
0x0203E834	0x0204E834	65536	0
0x0203E880	0x0204E880	65536	1
0x0203E8D8	0x0204E8D8	65536	1
0x0203E8F0	0x0204E8F0	65536	3
0x0203E8FC	0x0204E8F8	65532	0
0x0203E90C	0x0204E8F8	65516	0
0x0203E970	0x0204E970	65536	1
0x0203E980	0x0204E980	65536	4
0x0203EA14	0x0204EA14	65536	1
0x0203EA44	0x0204EA44	65536	1
0x0203EAC0	0x0204EAC0	65536	1
0x0203EB2C	0x0204EB2C	65536	1
0x0203EB54	0x0204EB54	65536	1
0x0203EBA8	0x0204EBA8	65536	1
0x0203EBD0	0x0204EBD0	65536	0
0x0203EC4C	0x0204EC4C	65536	1
0x0203ECA4	0x0204ECA4	65536	1
0x0203ED98	0x0204ED98	65536	1
0x0203EE34	0x0204EE34	65536	1
0x0203EE54	0x0204EE54	65536	0
0x0203EE60	0x0204EE60	65536	0
0x0203EE6C	0x0204EE6C	65536	0
0x0203EE78	0x0204EE78	65536	6
0x0203EE94	0x0204EE94	65536	6
0x0203EEBC	0x0204EEBC	65536	3
0x0203EF34	0x0204EF34	65536	1
0x0203EF5C	0x0204EF5C	65536	1
0x0203EFC0	0x0204EFA8	65512	1
0x0203F024	0x0204F024	65536	1
0x0203F088	0x0204F088	65536	1
0x0203F0EC	0x0204F0EC	65536	2
0x0203F150	0x0204F150	65536	5
0x0203F160	0x0204F160	65536	2
0x0203F178	0x0204F178	65536	1
0x0203F364	0x0204F364	65536	1
0x0203F3E0	0x0204F3E0	65536	1
0x0203F400	0x0204F400	65536	3
0x0203F448	0x0204F448	65536	1
0x0203F484	0x0204F484	65536	1
0x0203F494	0x0204F494	65536	2
0x0203F4A0	0x0204F4A0	65536	1
0x0203F584	0x0204F584	65536	3
0x0203F5D0	0x0204F5D0	65536	6
0x0203F638	0x0204F638	65536	3
0x0203F6F4	0x0204F6F4	65536	1
0x0203F70C	0x0204F70C	65536	2
0x0203F938	0x0204F938	65536	0
0x0203F988	0x0204F988	65536	0
0x0203F9A8	0x0204F9A8	65536	0
0x0203F9E0	0x0204F9E0	65536	0
0x0203FA18	0x0204FA18	65536	0
0x0203FA48	0x0204FA24	65500	4
0x0203FAAC	0x0204FA24	65400	1
0x0203FBCC	0x0204FBCC	65536	1
0x0203FC44	0x0204FC44	65536	1
0x0203FCBC	0x0204FCBC	65536	1
0x0203FD34	0x0204FD34	65536	1
0x0203FDAC	0x0204FDAC	65536	4
0x0203FE4C	0x0204FE4C	65536	1
0x0203FEE8	0x0204FEE8	65536	3
0x02040030	0x02050030	65536	1
0x02040094	0x02050094	65536	2
0x02040130	0x02050130	65536	1
0x02040258	0x02050258	65536	1
0x0204028C	0x0205028C	65536	0
0x020402AC	0x020502AC	65536	1
0x020403A8	0x020503A8	65536	0
0x020403F4	0x020503F4	65536	1
0x02040428	0x02050428	65536	2
0x02040498	0x02050498	65536	1
0x020404D4	0x020504D4	65536	1
0x02040538	0x02050538	65536	2
0x020405D4	0x020505D4	65536	1
0x02040610	0x02050610	65536	1
0x02040724	0x02050724	65536	3
0x0204073C	0x0205073C	65536	3
0x02040754	0x02050754	65536	3
0x02040788	0x02050788	65536	1
0x020407D4	0x020507D4	65536	2
0x0204087C	0x0205087C	65536	1
0x020408A0	0x020508A0	65536	1
0x02040A68	0x02050A68	65536	2
0x02041014	0x02051014	65536	1
0x0204112C	0x0205112C	65536	6
0x020411A4	0x020511A4	65536	3
0x020411EC	0x020511EC	65536	1
0x020412A0	0x020512A0	65536	1
0x02041318	0x02051318	65536	1
0x02041398	0x02051398	65536	2
0x02041524	0x02051524	65536	2
0x02041814	0x02051814	65536	1
0x020418B4	0x020518B4	65536	2
0x02041924	0x02051924	65536	1
0x02041970	0x02051970	65536	8
0x02041C7C	0x02051C7C	65536	6
0x02041CC8	0x02051CC8	65536	2
0x02046534	0x02056534	65536	1
0x0204667C	0x0205667C	65536	7
0x020466C8	0x020566C8	65536	1
0x02046838	0x0205681C	65508	7
0x02046850	0x02056850	65536	1
0x020469B4	0x020569B4	65536	2
0x02046A9C	0x02056A9C	65536	1
0x02046BDC	0x02056BDC	65536	2
0x02046CA4	0x02056CA4	65536	1
0x02046D28	0x02056D28	65536	1
0x02046FA0	0x02056FA0	65536	1
0x02047050	0x02057050	65536	1
0x02047124	0x02057124	65536	1
0x02047AD4	0x02057AD4	65536	8
0x02047CA0	0x02057CA0	65536	6
0x02047DE0	0x02057DE0	65536	2
0x02048064	0x02058064	65536	1
0x02048284	0x02058284	65536	2
0x0204857C	0x0205857C	65536	1
0x02048AF0	0x02058AF0	65536	1
0x02049EC4	0x02059EC4	65536	1
0x0204B2B4	0x0205B2B4	65536	1
0x0204B878	0x0205B878	65536	1
0x0204BCE8	0x0205BCE8	65536	1
0x0204BE28	0x0205BE28	65536	1
0x0204BE74	0x0205BE74	65536	1
0x0204C0D0	0x0205C0D0	65536	1
0x0204C2AC	0x0205C2AC	65536	1
0x0204C554	0x0205C554	65536	1
0x0204C60C	0x0205C60C	65536	1
0x0204C680	0x0205C680	65536	2
0x0204C70C	0x0205C70C	65536	3
0x0204CB84	0x0205CB84	65536	3
0x0204CBB4	0x0205CBB4	65536	16
0x0204CC38	0x0205CC38	65536	2
0x0204CCAC	0x0205CCAC	65536	2
0x0204CDE0	0x0205CD98	65464	3
0x0204CDFC	0x0205CD98	65436	1
0x0204CE34	0x0205CE34	65536	1
0x0204CF9C	0x0205CF9C	65536	1
0x0204D0C0	0x0205D0C0	65536	2
0x0204D18C	0x0205D18C	65536	2
0x0204D31C	0x0205D2F8	65500	1
0x0204D468	0x0205D468	65536	1
0x0204D4BC	0x0205D4A8	65516	2
0x0204D504	0x0205D504	65536	1
0x0204D5DC	0x0205D5DC	65536	1
0x0204D650	0x0205D650	65536	2
0x0204D874	0x0205D874	65536	1
0x0204E100	0x0205E100	65536	1
0x0204E400	0x0205E400	65536	1
0x0204E728	0x0205E728	65536	1
0x0204E858	0x0205E858	65536	1
0x0204E90C	0x0205E90C	65536	2
0x0204EFD4	0x0205EFD4	65536	3
0x0204F1D0	0x0205F1D0	65536	3
0x0204F37C	0x0205F37C	65536	3
0x0204F3B8	0x0205F3B8	65536	1
0x0204F3E8	0x0205F3E8	65536	2
0x0204F50C	0x0205F50C	65536	2
0x0204F96C	0x0205F96C	65536	1
0x0204F9A4	0x0205F974	65488	3
0x0204FBB8	0x0205FA44	65164	3
0x0204FDDC	0x0205FDDC	65536	1
0x02050E34	0x02060CD4	65184	1
0x02050F7C	0x02060F7C	65536	0
0x02050F80	0x02060F80	65536	0
0x02050FB4	0x02060FB4	65536	0
0x02050FF8	0x02060FF8	65536	0
0x02051004	0x02061004	65536	0
0x02051040	0x02061040	65536	1
0x02051080	0x02061080	65536	1
0x0205113C	0x0206113C	65536	1
0x02051870	0x0206185C	65516	1
0x020518A4	0x020618A4	65536	1
0x020519E0	0x020619E0	65536	1
0x02051AA4	0x02061AA4	65536	1
0x02051ADC	0x02061ADC	65536	26
0x02051AFC	0x02061AFC	65536	10
0x02051B1C	0x02061B1C	65536	4
0x02051B2C	0x02061B2C	65536	1
0x02051B50	0x02061B50	65536	1
0x02051B60	0x02061B60	65536	1
0x02051B84	0x02061B84	65536	1
0x02051BE8	0x02061BE8	65536	2
0x02051BF4	0x02061BF4	65536	1
0x02051C18	0x02061C18	65536	1
0x02051C7C	0x02061C7C	65536	1
0x02051CE8	0x02061CE8	65536	1
0x02051D20	0x02061D20	65536	1
0x02051D5C	0x02061D5C	65536	3
0x02051DF8	0x02061DF8	65536	1
0x02051F18	0x02061F18	65536	1
0x0205224C	0x02062184	65336	1
0x02052304	0x02062184	65152	1
0x02052364	0x02062184	65056	1
0x02052448	0x02062184	64828	2
0x02052488	0x02062184	64764	0
0x020527B0	0x020627B0	65536	6
0x020527C0	0x020627C0	65536	7
0x020527D0	0x020627D0	65536	14
0x020527E4	0x020627E4	65536	1
0x020528AC	0x020628AC	65536	1
0x020528E0	0x020628E0	65536	1
0x02052A00	0x02062A00	65536	27
0x02052A64	0x02062A64	65536	23
0x02052A80	0x02062A80	65536	1
0x02052AC0	0x02062AC0	65536	0
0x02052B84	0x02062B84	65536	0
0x02052C14	0x02062C14	65536	0
0x02052E30	0x02062E30	65536	0
0x0205301C	0x0206301C	65536	0
0x02053094	0x02063094	65536	0
0x020530B8	0x020630B8	65536	1
0x02053184	0x02063184	65536	1
0x02053264	0x02063264	65536	0
0x020534C4	0x020634C4	65536	0
0x020535B0	0x020635B0	65536	0
0x020536A8	0x020636A8	65536	0
0x0205387C	0x0206387C	65536	0
0x02053A9C	0x02063940	65188	0
0x02053B08	0x02063940	65080	0
0x02053B2C	0x02063940	65044	1
0x02053B5C	0x02063940	64996	0
0x02053B90	0x02063940	64944	0
0x02053BB8	0x02063940	64904	3
0x02053BC8	0x02063940	64888	1
0x02053BD4	0x02063940	64876	7
0x02053BE4	0x02063940	64860	10
0x02053BF4	0x02063940	64844	2
0x02053CB4	0x02063940	64652	1
0x02053D50	0x02063940	64496	0
0x02053E3C	0x02063940	64260	2
0x02053E9C	0x02063940	64164	1
0x02053F78	0x02063940	63944	1
0x02053FC0	0x02063940	63872	0
0x02053FDC	0x02063940	63844	1
0x02054020	0x02063940	63776	0
0x02054070	0x02063940	63696	2
0x0205418C	0x02063940	63412	1
0x0205419C	0x02063940	63396	1
0x020541BC	0x02063940	63364	1
0x02054238	0x02063940	63240	7
0x02054254	0x02063940	63212	2
0x02054348	0x02063940	62968	1
0x02054394	0x02063940	62892	0
0x020543AC	0x02063940	62868	0
0x020543B4	0x02063940	62860	0
0x02054420	0x02063940	62752	1
0x020548A4	0x02063940	61596	0
0x020548EC	0x02063940	61524	1
0x02054964	0x02063940	61404	2
0x02054F28	0x02063940	59928	2
0x02054FE8	0x02063940	59736	0
0x0205501C	0x02063940	59684	0
0x02055128	0x02063940	59416	0
0x0205553C	0x02063940	58372	0
0x02055844	0x02063940	57596	2
0x020558F0	0x02063940	57424	1
0x02055AE8	0x02063940	56920	1
0x02055BC8	0x02063940	56696	2
0x02055C40	0x02063940	56576	1
0x02055D9C	0x02063940	56228	2
0x02055DCC	0x02063940	56180	0
0x02055EF8	0x02063940	55880	1
0x02055F4C	0x02063940	55796	1
0x02055F80	0x02063940	55744	3
0x02056378	0x02063940	54728	1
0x020563AC	0x02063940	54676	1
0x020563C8	0x02063940	54648	1
0x02056844	0x02063940	53500	1
0x020568AC	0x02063940	53396	1
0x020568D8	0x02063940	53352	1
0x02056F94	0x02063940	51628	1
0x020571D8	0x02063940	51048	1
0x02057210	0x02063940	50992	1
0x02058590	0x02068590	65536	1
0x02058684	0x02068684	65536	1
0x020586C0	0x020686C0	65536	1
0x020591A0	0x020691A0	65536	1
0x02059350	0x02069350	65536	1
0x02059388	0x02069388	65536	1
0x0205A340	0x0206A340	65536	1
0x0205A4F0	0x0206A4F0	65536	1
0x0205A528	0x0206A528	65536	1
0x0205B310	0x0206B310	65536	1
0x0205B4C0	0x0206B4C0	65536	1
0x0205B4F8	0x0206B4F8	65536	1
0x0205C5F4	0x0206C5F4	65536	1
0x0205C740	0x0206C740	65536	7
0x0205CB54	0x0206CB54	65536	6
0x0205CCFC	0x0206CCF0	65524	18
0x0205CE0C	0x0206CE0C	65536	1
0x0205CE74	0x0206CE74	65536	1
0x0205CEA0	0x0206CEA0	65536	1
0x0205D320	0x0206D320	65536	1
0x0205D4C8	0x0206D418	65360	1
0x0205D520	0x0206D520	65536	1
0x0205E508	0x0206E508	65536	1
0x0205E65C	0x0206E65C	65536	1
0x0205E9EC	0x0206E9EC	65536	1
0x0205F130	0x0206F130	65536	1
0x0205F2EC	0x0206F2EC	65536	1
0x0205F540	0x0206F540	65536	1
0x0205F860	0x0206F860	65536	1
0x0205FA14	0x0206F9C8	65460	1
0x0205FC88	0x0206FC70	65512	1
0x02060060	0x02070060	65536	1
0x02060410	0x02070410	65536	1
0x020605B0	0x02070580	65488	1
0x02060800	0x020707C0	65472	1
0x02060AA4	0x02070AA4	65536	4
0x02060B50	0x02070B50	65536	5
0x02060CA4	0x02070CA4	65536	1
0x02060EC0	0x02070EC0	65536	1
0x02061290	0x02071290	65536	3
0x02061890	0x02071890	65536	1
0x02061C68	0x02071C68	65536	3
0x02062154	0x02071D58	64516	1
0x02062670	0x02072670	65536	1
0x020629C4	0x020729C4	65536	1
0x02062C30	0x02072C30	65536	1
0x02062E64	0x02072E64	65536	4
0x02062FC4	0x02072FC4	65536	3
0x0206325C	0x0207325C	65536	0
0x0206725C	0x0207725C	65536	0
0x02067360	0x02077360	65536	0
0x02067370	0x02077370	65536	0
0x02067374	0x02077374	65536	0
0x020673D0	0x020773D0	65536	0
0x020674D0	0x020774D0	65536	0
0x020677A4	0x020777A4	65536	0
0x020677C8	0x020777C8	65536	0
0x02067808	0x02077808	65536	0
0x02067814	0x02077814	65536	0
0x0206782C	0x0207782C	65536	0
0x0206792C	0x0207792C	65536	0
0x020679AC	0x020779AC	65536	0
0x020679CC	0x020779CC	65536	0
0x02067BCC	0x02077BCC	65536	0
0x02067DCC	0x02077DCC	65536	0
0x02067DD4	0x02077DD4	65536	0
0x02067DDC	0x02077DDC	65536	0
0x02067DE4	0x02077DE4	65536	0
0x02067E00	0x02077E00	65536	0
0x02067E08	0x02077E08	65536	0
0x02067E10	0x02077E10	65536	0
0x02067E5C	0x02077E5C	65536	0
0x02067E74	0x02077E74	65536	0
0x02067E8C	0x02077E8C	65536	0
0x02067EFC	0x02077EFC	65536	0
0x02067F4C	0x02077F4C	65536	0
0x02067F64	0x02077F64	65536	0
0x02067F7C	0x02077F7C	65536	0
0x02067F94	0x02077F94	65536	0
0x02067FAC	0x02077FAC	65536	0
0x02067FC4	0x02077FC4	65536	0
0x02067FDC	0x02077FDC	65536	0
0x02067FF4	0x02077FF4	65536	0
0x0206800C	0x0207800C	65536	0
0x02068024	0x02078024	65536	0
0x0206803C	0x0207803C	65536	0
0x02068054	0x02078054	65536	0
0x0206806C	0x0207806C	65536	0
0x02068084	0x02078084	65536	0
0x0206809C	0x0207809C	65536	0
0x020680B4	0x020780B4	65536	0
0x020680E4	0x020780E4	65536	0
0x020680FC	0x020780FC	65536	0
0x02068114	0x02078114	65536	0
0x0206812C	0x0207812C	65536	0
0x02068144	0x02078144	65536	0
0x0206815C	0x0207815C	65536	0
0x02068174	0x02078174	65536	0
0x0206818C	0x0207818C	65536	0
0x020681A4	0x020781A4	65536	0
0x020681BC	0x020781BC	65536	0
0x020681D4	0x020781D4	65536	0
0x020681EC	0x020781EC	65536	0
0x0206824C	0x0207824C	65536	0
0x0206827C	0x0207827C	65536	0
0x02068294	0x02078294	65536	0
0x020682AC	0x020782AC	65536	0
0x020682C4	0x020782C4	65536	0
0x02068B84	0x02078B84	65536	0
0x0206CB84	0x0207CB84	65536	0
0x0206CBB4	0x0207CBB4	65536	0
0x0206CBCC	0x0207CBCC	65536	0
0x0206CBE4	0x0207CBE4	65536	0
0x0206CBFC	0x0207CBFC	65536	0
0x0206CC14	0x0207CC14	65536	0
0x0206CC2C	0x0207CC2C	65536	0
0x0206CC44	0x0207CC44	65536	0
0x0206CC5C	0x0207CC5C	65536	0
0x0206CC74	0x0207CC74	65536	0
0x0206CCA4	0x0207CCA4	65536	0
0x0206CCBC	0x0207CCBC	65536	0
0x0206CCC4	0x0207CCC4	65536	0
0x0206CCCC	0x0207CCCC	65536	0
0x0206CCD4	0x0207CCD4	65536	0
0x0206CCE0	0x0207CCE0	65536	0
0x0206CCEC	0x0207CCEC	65536	0
0x0206CD04	0x0207CD04	65536	0
0x0206CD38	0x0207CD38	65536	0
0x0206CD50	0x0207CD50	65536	0
0x0206CD68	0x0207CD68	65536	0
0x0206CD98	0x0207CD98	65536	0
0x0206CDB0	0x0207CDB0	65536	0
0x0206CDC8	0x0207CDC8	65536	0
0x0206CDE0	0x0207CDE0	65536	0
0x0206CDF8	0x0207CDF8	65536	0
0x0206CE28	0x0207CE28	65536	0
0x0206CE40	0x0207CE40	65536	0
0x0206CE58	0x0207CE58	65536	0
0x0206CEB8	0x0207CEB8	65536	0
0x0206D1D8	0x0207D1D8	65536	0
0x0206D4F8	0x0207D4F8	65536	0
0x0206D818	0x0207D818	65536	0
0x0206D830	0x0207D830	65536	0
0x0206D848	0x0207D848	65536	0
0x0206D854	0x0207D854	65536	0
0x0206D85C	0x0207D85C	65536	0
0x0206D87C	0x0207D87C	65536	0
0x0206D8AC	0x0207D8AC	65536	0
0x0206D8DC	0x0207D8DC	65536	0
0x0206D8EC	0x0207D8EC	65536	0
0x0206D904	0x0207D904	65536	0
0x0206D924	0x0207D924	65536	0
0x0206D9B4	0x0207D9B4	65536	0
0x0206D9FC	0x0207D9FC	65536	0
0x0206DA14	0x0207DA14	65536	0
0x0206DA44	0x0207DA44	65536	0
0x0206DA5C	0x0207DA5C	65536	0
0x0206DA74	0x0207DA74	65536	0
0x0206DA8C	0x0207DA8C	65536	0
0x0206DAA4	0x0207DAA4	65536	0
0x0206DABC	0x0207DABC	65536	0
0x0206DB34	0x0207DB34	65536	0
0x0206DB4C	0x0207DB4C	65536	0
0x0206DB64	0x0207DB64	65536	0
0x0206DB7C	0x0207DB7C	65536	0
0x0206DB94	0x0207DB94	65536	0
0x0206DBAC	0x0207DBAC	65536	0
0x0206DCB4	0x0207DCB4	65536	0
0x0206DCB8	0x0207DCB8	65536	0
0x0206DCBC	0x0207DCBC	65536	0
0x0206DCC0	0x0207DCC0	65536	0
0x0206DCC4	0x0207DCC4	65536	0
0x0206DCD4	0x0207DCD4	65536	0
0x0206DCE8	0x0207DCE8	65536	0
0x0206DD48	0x0207DD48	65536	0
0x0206DD60	0x0207DD60	65536	0
0x0206DD78	0x0207DD78	65536	0
0x0206DD90	0x0207DD90	65536	0
0x0206DDA8	0x0207DDA8	65536	0
0x0206DDC0	0x0207DDC0	65536	0
0x0206DDD8	0x0207DDD8	65536	0
0x0206DDF0	0x0207DDF0	65536	0
0x0206DE20	0x0207DE20	65536	0
0x0206DE38	0x0207DE38	65536	0
0x0206DE68	0x0207DE68	65536	0
0x0206DE80	0x0207DE80	65536	0
0x0206DE98	0x0207DE98	65536	0
0x0206DEA0	0x0207DEA0	65536	0
0x0206DED4	0x0207DED4	65536	0
0x0206DF08	0x0207DF08	65536	0
0x0206DF0C	0x0207DF0C	65536	0
0x0206EBC0	0x0207E734	64372	0
0x0206EBE0	0x0207E734	64340	0
0x0206EBEC	0x0207E734	64328	0
0x0206EC04	0x0207E734	64304	0
0x0206EC1C	0x0207E734	64280	0
0x0206EC38	0x0207E734	64252	0
0x0206EC60	0x0207E734	64212	0
0x0206EC78	0x0207E734	64188	0
0x0206EC90	0x0207E734	64164	0
0x0206ECC0	0x0207E734	64116	0
0x0206ECD8	0x0207E734	64092	0
0x0206ECF0	0x0207E734	64068	0
0x0206ED08	0x0207E734	64044	0
0x0206ED28	0x0207E734	64012	0
0x0206ED38	0x0207E734	63996	0
0x0206ED80	0x0207E734	63924	0
0x0206ED98	0x0207E734	63900	0
0x0206EDB0	0x0207E734	63876	0
0x0206EDC8	0x0207E734	63852	0
0x0206EDE0	0x0207E734	63828	0
0x0206EDF8	0x0207E734	63804	0
0x0206EE10	0x0207E734	63780	0
0x0206EE28	0x0207E734	63756	0
0x0206EED0	0x0207E734	63588	0
0x0206EEE8	0x0207E734	63564	0
0x0206EF00	0x0207E734	63540	0
0x0206EF18	0x0207E734	63516	0
0x0206EF30	0x0207E734	63492	0
0x0206EF48	0x0207E734	63468	0
0x0206EF78	0x0207E734	63420	0
0x0206EF90	0x0207E734	63396	0
0x0206EFA8	0x0207E734	63372	0
0x0206EFC0	0x0207E734	63348	0
0x0206EFD8	0x0207E734	63324	0
0x0206EFF0	0x0207E734	63300	0
0x0206F008	0x0207E734	63276	0
0x0206F140	0x0207E734	62964	0
0x0206F158	0x0207E734	62940	0
0x0206F170	0x0207E734	62916	0
0x0206F188	0x0207E734	62892	0
0x0206F1A0	0x0207E734	62868	0
0x0206F1D0	0x0207E734	62820	0
0x0206F20C	0x0207E734	62760	0
0x0206F224	0x0207E734	62736	0
0x0206F23C	0x0207E734	62712	0
0x0206F254	0x0207E734	62688	0
0x0206F26C	0x0207E734	62664	0
0x0206F284	0x0207E734	62640	0
0x0206F29C	0x0207E734	62616	0
0x0206F2B4	0x0207E734	62592	0
0x0206F2CC	0x0207E734	62568	0
0x0206F2E4	0x0207E734	62544	0
0x0206F2FC	0x0207E734	62520	0
0x0206F314	0x0207E734	62496	0
0x0206F32C	0x0207E734	62472	0
0x0206F344	0x0207E734	62448	0
0x0206F35C	0x0207E734	62424	0
0x0206F3BC	0x0207E734	62328	0
0x0206F434	0x0207E734	62208	0
0x0206F4AC	0x0207E734	62088	0
0x0206F4C4	0x0207E734	62064	0
0x0206F4DC	0x0207E734	62040	0
0x0206F4F4	0x0207E734	62016	0
0x0206F50C	0x0207E734	61992	0
0x0206F524	0x0207E734	61968	0
0x0206F59C	0x0207E734	61848	0
0x0206F644	0x0207E734	61680	0
0x0206F704	0x0207E734	61488	0
0x0206F71C	0x0207E734	61464	0
0x0206F720	0x0207E734	61460	0
0x0206F724	0x0207E734	61456	0
0x0206F728	0x0207E734	61452	0
0x0206F72C	0x0207E734	61448	0
0x0206F738	0x0207E734	61436	0
0x0206F744	0x0207E734	61424	0
0x0206F750	0x0207E734	61412	0
0x0206F760	0x0207E734	61396	0
0x0206F764	0x0207E734	61392	0
0x0206F768	0x0207E734	61388	0
0x0206F778	0x0207E734	61372	0
0x0206F77C	0x0207E734	61368	0
0x0206F780	0x0207E734	61364	0
0x0206F784	0x0207E734	61360	0
0x0206F788	0x0207E734	61356	0
0x0206F78C	0x0207E734	61352	0
0x0206F790	0x0207E734	61348	0
0x0206F7AC	0x0207E734	61320	0
0x0206F7B0	0x0207E734	61316	0
0x0206F7B4	0x0207E734	61312	0
0x0206F7B8	0x0207E734	61308	0
0x0206F7BC	0x0207E734	61304	0
0x0206F7C0	0x0207E734	61300	0
0x0206F7C4	0x0207E734	61296	0
0x0206F7C8	0x0207E734	61292	0
0x0206F7CC	0x0207E734	61288	0
0x0206F7D0	0x0207E734	61284	0
0x0206F7D4	0x0207E734	61280	0
0x0206F7D8	0x0207E734	61276	0
0x0206F7DC	0x0207E734	61272	0
0x0206F7E0	0x0207E734	61268	0
0x0206F7E4	0x0207E734	61264	0
0x0206F7E8	0x0207E734	61260	0
0x0206F7EC	0x0207E734	61256	0
0x0206F800	0x0207E734	61236	0
0x0206F804	0x0207E734	61232	0
0x0206F808	0x0207E734	61228	0
0x0206F810	0x0207E734	61220	0
0x0206F818	0x0207E734	61212	0
0x0206F828	0x0207E734	61196	0
0x0206F848	0x0207E734	61164	0
0x0206F908	0x0207E734	60972	0
0x0206F914	0x0207E734	60960	0
0x0206F920	0x0207E734	60948	0
0x0206F92C	0x0207E734	60936	0
0x0206F93C	0x0207E734	60920	0
0x0206F994	0x0207E734	60832	0
0x0206FA1C	0x0207E734	60696	0
0x0206FA24	0x0207E734	60688	0
0x0206FA2C	0x0207E734	60680	0
0x0206FA34	0x0207E734	60672	0
0x0206FA38	0x0207E734	60668	0
0x0206FA3C	0x0207E734	60664	0
0x0206FA44	0x0207E734	60656	0
0x0206FA4C	0x0207E734	60648	0
0x0206FA50	0x0207E734	60644	0
0x0206FA54	0x0207E734	60640	0
0x0206FA58	0x0207E734	60636	0
0x0206FA5C	0x0207E734	60632	0
0x0206FA8C	0x0207E734	60584	0
0x0206FAB4	0x0207E734	60544	0
0x0206FACC	0x0207E734	60520	0
0x0206FADC	0x0207E734	60504	0
0x0206FAE4	0x0207E734	60496	0
0x0206FAEC	0x0207E734	60488	0
0x0206FAF4	0x0207E734	60480	0
0x0206FAFC	0x0207E734	60472	0
0x0206FB00	0x0207E734	60468	0
0x0206FB04	0x0207E734	60464	0
0x0206FB08	0x0207E734	60460	0
0x0206FB0C	0x0207E734	60456	0
0x0206FB10	0x0207E734	60452	0
0x0206FB14	0x0207E734	60448	0
0x0206FB18	0x0207E734	60444	0
0x0206FB1C	0x0207E734	60440	0
0x0206FB20	0x0207E734	60436	0
0x0206FB24	0x0207E734	60432	0
0x0206FB28	0x0207E734	60428	0
0x0206FB2C	0x0207E734	60424	0
0x0206FB30	0x0207E734	60420	0
0x0206FB38	0x0207E734	60412	0
0x0206FB78	0x0207E734	60348	0
0x0206FBB8	0x0207E734	60284	0
0x0206FBD0	0x0207E734	60260	0
0x0206FBDC	0x0207E734	60248	0
0x0206FBE8	0x0207E734	60236	0
0x0206FBF4	0x0207E734	60224	0
0x0206FC24	0x0207E734	60176	0
0x0206FC28	0x0207E734	60172	0
0x0206FC34	0x0207E734	60160	0
0x0206FC44	0x0207E734	60144	0
0x0206FC58	0x0207E734	60124	0
0x0206FCF8	0x0207E734	59964	0
0x0206FD28	0x0207E734	59916	0
0x0206FD34	0x0207E734	59904	0
0x0206FD44	0x0207E734	59888	0
0x0206FD54	0x0207E734	59872	0
0x0206FD68	0x0207E734	59852	0
0x0206FD7C	0x0207E734	59832	0
0x0206FD90	0x0207E734	59812	0
0x0206FDA4	0x0207E734	59792	0
0x0206FDB8	0x0207E734	59772	0
0x0206FDCC	0x0207E734	59752	0
0x0206FDE0	0x0207E734	59732	0
0x0206FDF4	0x0207E734	59712	0
0x0206FE08	0x0207E734	59692	0
0x0206FE1C	0x0207E734	59672	0
0x0206FE30	0x0207E734	59652	0
0x0206FE44	0x0207E734	59632	0
0x0206FE58	0x0207E734	59612	0
0x0206FE6C	0x0207E734	59592	0
0x0206FE80	0x0207E734	59572	0
0x0206FE94	0x0207E734	59552	0
0x0206FEA8	0x0207E734	59532	0
0x0206FEBC	0x0207E734	59512	0
0x0206FED0	0x0207E734	59492	0
0x0206FEE4	0x0207E734	59472	0
0x0206FEF8	0x0207E734	59452	0
0x0206FF0C	0x0207E734	59432	0
0x0206FF20	0x0207E734	59412	0
0x0206FF34	0x0207E734	59392	0
0x0206FF48	0x0207E734	59372	0
0x0206FF5C	0x0207E734	59352	0
0x0206FF70	0x0207E734	59332	0
0x0206FF84	0x0207E734	59312	0
0x0206FF98	0x0207E734	59292	0
0x0206FFAC	0x0207E734	59272	0
0x0206FFC0	0x0207E734	59252	0
0x0206FFD4	0x0207E734	59232	0
0x0206FFE8	0x0207E734	59212	0
0x0206FFFC	0x0207E734	59192	0
0x02070010	0x0207E734	59172	0
0x02070028	0x0207E734	59148	0
0x02070040	0x0207E734	59124	0
0x02070058	0x0207E734	59100	0
0x02070070	0x0207E734	59076	0
0x02070088	0x0207E734	59052	0
0x020700A0	0x0207E734	59028	0
0x020700B8	0x0207E734	59004	0
0x020700D0	0x0207E734	58980	0
0x020700E8	0x0207E734	58956	0
0x02070100	0x02080100	65536	0
0x02070118	0x02080118	65536	0
0x02070130	0x02080128	65528	0
0x02070148	0x02080148	65536	0
0x02070160	0x02080160	65536	0
0x02070178	0x02080178	65536	0
0x02070190	0x02080190	65536	0
0x020701A8	0x020801A4	65532	0
0x020701C0	0x020801B4	65524	0
0x020701D8	0x020801D8	65536	0
0x020701F0	0x020801F0	65536	0
0x02070208	0x02080208	65536	0
0x02070220	0x02080220	65536	0
0x02070238	0x02080238	65536	0
0x02070250	0x02080250	65536	0
0x02070268	0x02080268	65536	0
0x02070280	0x02080280	65536	0
0x02070298	0x02080298	65536	0
0x020702B0	0x020802B0	65536	0
0x020702C8	0x020802C8	65536	0
0x020702E0	0x020802E0	65536	0
0x020702F8	0x020802F8	65536	0
0x02070310	0x02080310	65536	0
0x02070328	0x02080328	65536	0
0x02070340	0x02080340	65536	0
0x02070358	0x02080358	65536	0
0x02070370	0x02080370	65536	0
0x02070388	0x02080378	65520	0
0x020703A4	0x020803A0	65532	0
0x020703C0	0x020803C0	65536	0
0x020703DC	0x020803DC	65536	0
0x020703F8	0x020803F8	65536	0
0x02070414	0x02080414	65536	0
0x02070430	0x0208042C	65532	0
0x0207044C	0x0208044C	65536	0
0x02070468	0x02080468	65536	0
0x02070484	0x02080484	65536	0
0x020704A0	0x020804A0	65536	0
0x020704BC	0x020804BC	65536	0
0x020704D8	0x020804D8	65536	0
0x020704F4	0x020804F4	65536	0
0x02070510	0x02080510	65536	0
0x0207052C	0x0208052C	65536	0
0x02070548	0x02080548	65536	0
0x02070564	0x02080564	65536	0
0x02070580	0x02080580	65536	0
0x0207059C	0x0208059C	65536	0
0x020705B8	0x020805B8	65536	0
0x020705D4	0x020805D4	65536	0
0x020705F0	0x020805F0	65536	0
0x0207060C	0x0208060C	65536	0
0x02070628	0x02080628	65536	0
0x02070644	0x02080644	65536	0
0x02070660	0x02080660	65536	0
0x02070680	0x02080680	65536	0
0x020706A0	0x020806A0	65536	0
0x020706C0	0x020806C0	65536	0
0x020706E0	0x020806E0	65536	0
0x02070700	0x02080700	65536	0
0x02070720	0x02080720	65536	0
0x02070740	0x02080740	65536	0
0x02070760	0x02080760	65536	0
0x02070780	0x02080780	65536	0
0x020707A0	0x020807A0	65536	0
0x020707C0	0x020807C0	65536	0
0x020707E0	0x020807E0	65536	0
0x02070800	0x02080800	65536	0
0x02070820	0x02080820	65536	0
0x02070840	0x02080840	65536	0
0x02070860	0x02080860	65536	0
0x02070884	0x02080884	65536	0
0x020708A8	0x020808A8	65536	0
0x020708AC	0x020808AC	65536	0
0x020709A8	0x020809A8	65536	0
0x020709BC	0x020809BC	65536	0
0x020709D0	0x020809D0	65536	0
0x020709E4	0x020809E4	65536	0
0x020709F8	0x020809F8	65536	0
0x02070A0C	0x02080A0C	65536	0
0x02070A20	0x02080A20	65536	0
0x02070A34	0x02080A30	65532	0
0x02070A48	0x02080A48	65536	0
0x02070A5C	0x02080A5C	65536	0
0x02070A70	0x02080A70	65536	0
0x02070A84	0x02080A84	65536	0
0x02070A98	0x02080A98	65536	0
0x02070AAC	0x02080AAC	65536	0
0x02070AC0	0x02080AC0	65536	0
0x02070AD4	0x02080AD4	65536	0
0x02070AE8	0x02080AE8	65536	0
0x02070AFC	0x02080AFC	65536	0
0x02070B10	0x02080B10	65536	0
0x02070B24	0x02080B24	65536	0
0x02070B38	0x02080B38	65536	0
0x02070B4C	0x02080B4C	65536	0
0x02070B60	0x02080B60	65536	0
0x02070B74	0x02080B74	65536	0
0x02070B88	0x02080B88	65536	0
0x02070B9C	0x02080B9C	65536	0
0x02070BB0	0x02080BA8	65528	0
0x02070BC4	0x02080BC4	65536	0
0x02070BD8	0x02080BD8	65536	0
0x02070BEC	0x02080BEC	65536	0
0x02070C00	0x02080C00	65536	0
0x02070C14	0x02080C14	65536	0
0x02070C28	0x02080C28	65536	0
0x02070C3C	0x02080C38	65532	0
0x02070C50	0x02080C50	65536	0
0x02070C64	0x02080C64	65536	0
0x02070C78	0x02080C78	65536	0
0x02070C8C	0x02080C8C	65536	0
0x02070CA0	0x02080CA0	65536	0
0x02070CB4	0x02080CB4	65536	0
0x02070CC8	0x02080CC8	65536	0
0x02070CDC	0x02080CDC	65536	0
0x02070CF0	0x02080CF0	65536	0
0x02070D04	0x02080D04	65536	0
0x02070D18	0x02080D18	65536	0
0x02070D2C	0x02080D2C	65536	0
0x02070D40	0x02080D40	65536	0
0x02070D54	0x02080D54	65536	0
0x02070D68	0x02080D68	65536	0
0x02070D7C	0x02080D78	65532	0
0x02070D90	0x02080D90	65536	0
0x02070DA4	0x02080DA4	65536	0
0x02070DB8	0x02080DB8	65536	0
0x02070DCC	0x02080DCC	65536	0
0x02070DE0	0x02080DE0	65536	0
0x02070DF4	0x02080DF4	65536	0
0x02070E08	0x02080E08	65536	0
0x02070E1C	0x02080E1C	65536	0
0x02070E30	0x02080E30	65536	0
0x02070E44	0x02080E44	65536	0
0x02070E58	0x02080E58	65536	0
0x02070E6C	0x02080E6C	65536	0
0x02070E80	0x02080E7C	65532	0
0x02070E94	0x02080E94	65536	0
0x02070EA8	0x02080EA8	65536	0
0x02070EBC	0x02080EBC	65536	0
0x02070ED0	0x02080ED0	65536	0
0x02070EE4	0x02080EE4	65536	0
0x02070EF8	0x02080EF8	65536	0
0x02070F0C	0x02080F08	65532	0
0x02070F20	0x02080F20	65536	0
0x02070F34	0x02080F34	65536	0
0x02070F48	0x02080F48	65536	0
0x02070F5C	0x02080F5C	65536	0
0x02070F70	0x02080F70	65536	0
0x02070F84	0x02080F84	65536	0
0x02070F98	0x02080F98	65536	0
0x02070FAC	0x02080FAC	65536	0
0x02070FC0	0x02080FC0	65536	0
0x02070FD4	0x02080FCC	65528	0
0x02070FE8	0x02080FE8	65536	0
0x02070FFC	0x02080FFC	65536	0
0x02071010	0x02081010	65536	0
0x02071024	0x02081024	65536	0
0x02071038	0x02081038	65536	0
0x0207104C	0x0208104C	65536	0
0x02071060	0x0208105C	65532	0
0x02071074	0x02081074	65536	0
0x02071088	0x02081088	65536	0
0x0207109C	0x0208109C	65536	0
0x020710B0	0x020810B0	65536	0
0x020710C4	0x020810C4	65536	0
0x020710D8	0x020810D8	65536	0
0x020710EC	0x020810EC	65536	0
0x02071100	0x02081100	65536	0
0x02071114	0x02081114	65536	0
0x02071128	0x02081128	65536	0
0x0207113C	0x02081130	65524	0
0x02071150	0x02081150	65536	0
0x02071164	0x02081164	65536	0
0x02071178	0x02081178	65536	0
0x0207118C	0x0208118C	65536	0
0x020711A0	0x020811A0	65536	0
0x020711B4	0x020811B4	65536	0
0x020711C8	0x020811C8	65536	0
0x020711DC	0x020811DC	65536	0
0x020711F0	0x020811F0	65536	0
0x02071204	0x02081204	65536	0
0x02071218	0x02081218	65536	0
0x0207122C	0x0208122C	65536	0
0x02071240	0x02081240	65536	0
0x02071254	0x02081254	65536	0
0x02071268	0x02081268	65536	0
0x0207127C	0x0208127C	65536	0
0x02071290	0x02081290	65536	0
0x020712A4	0x020812A4	65536	0
0x020712B8	0x020812B8	65536	0
0x020712CC	0x020812CC	65536	0
0x020712E0	0x020812E0	65536	0
0x020712F4	0x020812F4	65536	0
0x02071308	0x02081308	65536	0
0x0207131C	0x0208131C	65536	0
0x02071330	0x02081330	65536	0
0x02071344	0x02081344	65536	0
0x02071358	0x02081358	65536	0
0x0207136C	0x0208136C	65536	0
0x02071380	0x02081380	65536	0
0x02071394	0x02081394	65536	0
0x020713A8	0x020813A8	65536	0
0x020713BC	0x020813BC	65536	0
0x020713D0	0x020813D0	65536	0
0x020713E4	0x020813E4	65536	0
0x020713F8	0x020813F8	65536	0
0x0207140C	0x0208140C	65536	0
0x02071420	0x0208140C	65516	0
0x02071434	0x02081434	65536	0
0x02071448	0x02081448	65536	0
0x0207145C	0x0208145C	65536	0
0x02071470	0x02081470	65536	0
0x02071484	0x02081478	65524	0
0x02071498	0x02081498	65536	0
0x020714AC	0x020814AC	65536	0
0x020714C0	0x020814C0	65536	0
0x020714D4	0x020814D4	65536	0
0x020714E8	0x020814E8	65536	0
0x020714FC	0x020814FC	65536	0
0x02071510	0x02081510	65536	0
0x02071524	0x0208151C	65528	0
0x02071538	0x02081538	65536	0
0x0207154C	0x02081544	65528	0
0x02071560	0x0208155C	65532	0
0x02071574	0x02081574	65536	0
0x02071588	0x02081588	65536	0
0x0207159C	0x0208159C	65536	0
0x020715B0	0x020815A8	65528	0
0x020715C4	0x020815C4	65536	0
0x020715D8	0x020815D8	65536	0
0x020715EC	0x020815EC	65536	0
0x02071600	0x02081600	65536	0
0x02071614	0x02081614	65536	0
0x02071628	0x02081628	65536	0
0x0207163C	0x0208163C	65536	0
0x02071650	0x02081644	65524	0
0x02071664	0x02081664	65536	0
0x02071678	0x02081678	65536	0
0x0207168C	0x0208168C	65536	0
0x020716A0	0x020816A0	65536	0
0x020716B4	0x020816B4	65536	0
0x020716C8	0x020816C8	65536	0
0x020716DC	0x020816DC	65536	0
0x020716F0	0x020816F0	65536	0
0x02071704	0x02081704	65536	0
0x02071718	0x02081718	65536	0
0x0207172C	0x0208172C	65536	0
0x02071740	0x02081740	65536	0
0x02071754	0x02081754	65536	0
0x02071768	0x02081768	65536	0
0x0207177C	0x0208177C	65536	0
0x02071790	0x02081790	65536	0
0x020717A4	0x020817A4	65536	0
0x020717B8	0x020817B8	65536	0
0x020717CC	0x020817CC	65536	0
0x020717E0	0x020817E0	65536	0
0x020717F4	0x020817F4	65536	0
0x02071808	0x02081808	65536	0
0x0207181C	0x0208181C	65536	0
0x02071830	0x02081830	65536	0
0x02071844	0x02081844	65536	0
0x02071858	0x02081858	65536	0
0x0207186C	0x0208186C	65536	0
0x02071880	0x02081880	65536	0
0x02071894	0x02081894	65536	0
0x020718A8	0x020818A8	65536	0
0x020718BC	0x020818BC	65536	0
0x020718D0	0x020818D0	65536	0
0x020718E4	0x020818E4	65536	0
0x020718F8	0x020818F8	65536	0
0x0207190C	0x0208190C	65536	0
0x02071920	0x02081920	65536	0
0x02071934	0x02081934	65536	0
0x02071948	0x02081948	65536	0
0x0207195C	0x0208195C	65536	0
0x02071970	0x02081970	65536	0
0x02071984	0x02081984	65536	0
0x02071998	0x02081998	65536	0
0x020719AC	0x020819AC	65536	0
0x020719C4	0x020819C4	65536	0
0x020719DC	0x020819DC	65536	0
0x020719F4	0x020819F4	65536	0
0x02071A0C	0x02081A0C	65536	0
0x02071A24	0x02081A24	65536	0
0x02071A3C	0x02081A3C	65536	0
0x02071A54	0x02081A54	65536	0
0x02071A6C	0x02081A6C	65536	0
0x02071A84	0x02081A84	65536	0
0x02071A9C	0x02081A9C	65536	0
0x02071AB4	0x02081AB4	65536	0
0x02071ACC	0x02081AC8	65532	0
0x02071AE4	0x02081AE4	65536	0
0x02071AFC	0x02081AFC	65536	0
0x02071B14	0x02081B14	65536	0
0x02071B2C	0x02081B2C	65536	0
0x02071B44	0x02081B44	65536	0
0x02071B5C	0x02081B54	65528	0
0x02071B74	0x02081B70	65532	0
0x02071B8C	0x02081B8C	65536	0
0x02071BA4	0x02081BA4	65536	0
0x02071BBC	0x02081BBC	65536	0
0x02071BD4	0x02081BD4	65536	0
0x02071BF0	0x02081BF0	65536	0
0x02071C0C	0x02081C0C	65536	0
0x02071C28	0x02081C28	65536	0
0x02071C44	0x02081C44	65536	0
0x02071C60	0x02081C60	65536	0
0x02071C7C	0x02081C78	65532	0
0x02071C9C	0x02081C94	65528	0
0x02071CBC	0x02081CBC	65536	0
0x02071CDC	0x02081CD8	65532	0
0x02071CFC	0x02081CF0	65524	0
0x02071D20	0x02081D20	65536	0
0x02071D44	0x02081D3C	65528	0
0x020724C0	0x020824C0	65536	0
0x0207D800	0x0208D800	65536	0
0x0207D814	0x0208D814	65536	0
0x0207E72C	0x0208E72C	65536	0
0x020800E8	0x020900E8	65536	0
0x020800F4	0x020900F4	65536	0
0x02080100	0x020900FC	65532	0
0x02080110	0x02090110	65536	0
0x02080120	0x02090120	65536	0
0x02080130	0x02090130	65536	0
0x02080140	0x02090140	65536	0
0x02080150	0x02090150	65536	0
0x02080160	0x02090160	65536	0
0x02080170	0x02090170	65536	0
0x02080180	0x02090180	65536	0
0x02080190	0x02090190	65536	0
0x020801A0	0x020901A0	65536	0
0x020801B0	0x020901B0	65536	0
0x020801C0	0x020901C0	65536	0
0x020801D0	0x020901D0	65536	0
0x020801E0	0x020901E0	65536	0
0x020801F0	0x020901F0	65536	0
0x02080204	0x02090204	65536	0
0x02080218	0x02090208	65520	0
0x0208022C	0x02090208	65500	0
0x02080240	0x02090240	65536	0
0x02080254	0x02090250	65532	0
0x02080268	0x02090268	65536	0
0x0208027C	0x0209027C	65536	0
0x02080290	0x02090280	65520	0
0x020802A4	0x020902A4	65536	0
0x020802B8	0x020902B8	65536	0
0x020802CC	0x020902CC	65536	0
0x020802E4	0x020902E4	65536	0
0x020802FC	0x020902FC	65536	0
0x02080314	0x02090314	65536	0
0x02080330	0x02090330	65536	0
0x02080348	0x02090348	65536	0
0x02080360	0x02090360	65536	0
0x02080374	0x02090374	65536	0
0x02080388	0x02090388	65536	0
0x0208039C	0x0209039C	65536	0
0x020803B0	0x020903B0	65536	0
0x020803C4	0x020903C4	65536	0
0x020803D8	0x020903D8	65536	0
0x020803EC	0x020903EC	65536	0
0x02080400	0x02090400	65536	0
0x02080414	0x02090414	65536	0
0x02080428	0x02090428	65536	0
0x0208043C	0x0209043C	65536	0
0x02080450	0x02090450	65536	0
0x02080464	0x02090464	65536	0
0x02080478	0x02090478	65536	0
0x02080490	0x02090490	65536	0
0x020804A8	0x020904A8	65536	0
0x020804C0	0x020904C0	65536	0
0x020804D8	0x020904D8	65536	0
0x020804F0	0x020904F0	65536	0
0x02080508	0x02090508	65536	0
0x02080520	0x02090520	65536	0
0x02080538	0x02090538	65536	0
0x02080550	0x02090550	65536	0
0x02080568	0x02090568	65536	0
0x02080580	0x02090580	65536	0
0x02080598	0x02090598	65536	0
0x020805B0	0x020905B0	65536	0
0x020805C8	0x020905C8	65536	0
0x020805E0	0x020905E0	65536	0
0x020805F8	0x020905F8	65536	0
0x02080610	0x02090610	65536	0
0x02080628	0x02090628	65536	0
0x02080640	0x02090640	65536	0
0x02080658	0x02090658	65536	0
0x02080670	0x02090670	65536	0
0x02080688	0x02090688	65536	0
0x020806A0	0x020906A0	65536	0
0x020806BC	0x020906BC	65536	0
0x020806D8	0x020906D8	65536	0
0x020806F4	0x020906EC	65528	0
0x02080710	0x02090710	65536	0
0x0208072C	0x0209072C	65536	0
0x02080748	0x02090748	65536	0
0x02080764	0x02090764	65536	0
0x02080780	0x02090780	65536	0
0x0208079C	0x0209079C	65536	0
0x02080898	0x02090898	65536	0
0x020808B0	0x020908B0	65536	0
0x020808C8	0x020908C8	65536	0
0x020808DC	0x020908DC	65536	0
0x020808F4	0x020908F4	65536	0
0x0208090C	0x0209090C	65536	0
0x02080920	0x02090920	65536	0
0x02080938	0x02090938	65536	0
0x02080950	0x02090950	65536	0
0x02080964	0x02090964	65536	0
0x02080968	0x02090968	65536	0
0x0208096C	0x0209096C	65536	0
0x02080970	0x02090970	65536	0
0x02080974	0x02090974	65536	0
0x02080978	0x02090978	65536	0
0x0208097C	0x0209097C	65536	0
0x02080980	0x02090980	65536	0
0x02080984	0x02090984	65536	0
0x02080988	0x02090988	65536	0
0x0208098C	0x0209098C	65536	0
0x02080990	0x02090990	65536	0
0x02080994	0x02090994	65536	0
0x02080998	0x02090994	65532	0
0x0208099C	0x02090994	65528	0
0x020809A0	0x02090994	65524	0
0x020809A4	0x02090994	65520	0
0x020809A8	0x02090994	65516	0
0x020809AC	0x020909AC	65536	0
0x020809B0	0x020909B0	65536	0
0x020809B4	0x020909B4	65536	0
0x020809B8	0x020909B8	65536	0
0x020809C0	0x020909C0	65536	0
0x020809C8	0x020909C8	65536	0
0x020809D0	0x020909D0	65536	0
0x020809D8	0x020909D8	65536	0
0x020809E0	0x020909E0	65536	0
0x020809E8	0x020909E8	65536	0
0x020809F0	0x020909F0	65536	0
0x020809F8	0x020909F4	65532	0
0x02080A00	0x020909F4	65524	0
0x02080A08	0x020909F4	65516	0
0x02080A10	0x02090A10	65536	0
0x02080A18	0x02090A18	65536	0
0x02080A20	0x02090A20	65536	0
0x02080A28	0x02090A28	65536	0
0x02080A30	0x02090A30	65536	0
0x02080A38	0x02090A38	65536	0
0x02080A40	0x02090A3C	65532	0
0x02080A48	0x02090A3C	65524	0
0x02080A50	0x02090A3C	65516	0
0x02080A58	0x02090A58	65536	0
0x02080A60	0x02090A60	65536	0
0x02080A68	0x02090A68	65536	0
0x02080A70	0x02090A70	65536	0
0x02080A78	0x02090A78	65536	0
0x02080A80	0x02090A80	65536	0
0x02080A88	0x02090A88	65536	0
0x02080A90	0x02090A90	65536	0
0x02080A98	0x02090A98	65536	0
0x02080AA0	0x02090AA0	65536	0
0x02080AA8	0x02090AA8	65536	0
0x02080AB0	0x02090AB0	65536	0
0x02080AB8	0x02090AB8	65536	0
0x02080AC0	0x02090AC0	65536	0
0x02080AC8	0x02090AC8	65536	0
0x02080AD0	0x02090AD0	65536	0
0x02080AD8	0x02090AD8	65536	0
0x02080AE0	0x02090AE0	65536	0
0x02080AE8	0x02090AE8	65536	0
0x02080AF0	0x02090AF0	65536	0
0x02080AF8	0x02090AF8	65536	0
0x02080B00	0x02090B00	65536	0
0x02080B08	0x02090B08	65536	0
0x02080B10	0x02090B10	65536	0
0x02080B18	0x02090B18	65536	0
0x02080B20	0x02090B18	65528	0
0x02080B28	0x02090B18	65520	0
0x02080B30	0x02090B30	65536	0
0x02080B38	0x02090B30	65528	0
0x02080B40	0x02090B30	65520	0
0x02080B48	0x02090B48	65536	0
0x02080B50	0x02090B48	65528	0
0x02080B58	0x02090B48	65520	0
0x02080B60	0x02090B60	65536	0
0x02080B68	0x02090B60	65528	0
0x02080B70	0x02090B60	65520	0
0x02080B78	0x02090B78	65536	0
0x02080B80	0x02090B80	65536	0
0x02080B88	0x02090B88	65536	0
0x02080B90	0x02090B90	65536	0
0x02080B98	0x02090B98	65536	0
0x02080BA0	0x02090BA0	65536	0
0x02080BA8	0x02090BA8	65536	0
0x02080BB0	0x02090BB0	65536	0
0x02080BB8	0x02090BB8	65536	0
0x02080BC0	0x02090BC0	65536	0
0x02080BC8	0x02090BC8	65536	0
0x02080BD0	0x02090BD0	65536	0
0x02080BD8	0x02090BD8	65536	0
0x02080BE0	0x02090BE0	65536	0
0x02080BE8	0x02090BE8	65536	0
0x02080BF0	0x02090BF0	65536	0
0x02080BF8	0x02090BF8	65536	0
0x02080C00	0x02090C00	65536	0
0x02080C08	0x02090C08	65536	0
0x02080C10	0x02090C10	65536	0
0x02080C18	0x02090C18	65536	0
0x02080C20	0x02090C20	65536	0
0x02080C28	0x02090C28	65536	0
0x02080C30	0x02090C30	65536	0
0x02080C38	0x02090C38	65536	0
0x02080C40	0x02090C40	65536	0
0x02080C48	0x02090C48	65536	0
0x02080C50	0x02090C50	65536	0
0x02080C58	0x02090C58	65536	0
0x02080C60	0x02090C60	65536	0
0x02080C68	0x02090C68	65536	0
0x02080C70	0x02090C70	65536	0
0x02080C78	0x02090C78	65536	0
0x02080C80	0x02090C78	65528	0
0x02080C88	0x02090C78	65520	0
0x02080C90	0x02090C78	65512	0
0x02080C98	0x02090C98	65536	0
0x02080CA0	0x02090CA0	65536	0
0x02080CA8	0x02090CA8	65536	0
0x02080CB0	0x02090CB0	65536	0
0x02080CB8	0x02090CB8	65536	0
0x02080CC0	0x02090CC0	65536	0
0x02080CC8	0x02090CC8	65536	0
0x02080CD0	0x02090CD0	65536	0
0x02080CD8	0x02090CD8	65536	0
0x02080CE0	0x02090CE0	65536	0
0x02080CE8	0x02090CE8	65536	0
0x02080CF0	0x02090CE8	65528	0
0x02080CF8	0x02090CE8	65520	0
0x02080D00	0x02090CE8	65512	0
0x02080D08	0x02090D08	65536	0
0x02080D10	0x02090D0C	65532	0
0x02080D18	0x02090D0C	65524	0
0x02080D20	0x02090D20	65536	0
0x02080D28	0x02090D28	65536	0
0x02080D30	0x02090D28	65528	0
0x02080D38	0x02090D28	65520	0
0x02080D40	0x02090D40	65536	0
0x02080D48	0x02090D48	65536	0
0x02080D50	0x02090D50	65536	0
0x02080D58	0x02090D58	65536	0
0x02080D60	0x02090D58	65528	0
0x02080D68	0x02090D58	65520	0
0x02080D70	0x02090D58	65512	0
0x02080D78	0x02090D78	65536	0
0x02080D80	0x02090D78	65528	0
0x02080D88	0x02090D78	65520	0
0x02080D90	0x02090D78	65512	0
0x02080D98	0x02090D98	65536	0
0x02080DA0	0x02090DA0	65536	0
0x02080DA8	0x02090DA8	65536	0
0x02080DB0	0x02090DB0	65536	0
0x02080DB8	0x02090DB8	65536	0
0x02080DC0	0x02090DC0	65536	0
0x02080DC8	0x02090DC8	65536	0
0x02080DD0	0x02090DD0	65536	0
0x02080DD8	0x02090DD8	65536	0
0x02080DE0	0x02090DE0	65536	0
0x02080DE8	0x02090DE8	65536	0
0x02080DF0	0x02090DF0	65536	0
0x02080DF8	0x02090DF8	65536	0
0x02080E00	0x02090E00	65536	0
0x02080E08	0x02090E08	65536	0
0x02080E10	0x02090E10	65536	0
0x02080E18	0x02090E18	65536	0
0x02080E20	0x02090E1C	65532	0
0x02080E28	0x02090E1C	65524	0
0x02080E30	0x02090E1C	65516	0
0x02080E3C	0x02090E3C	65536	0
0x02080E48	0x02090E48	65536	0
0x02080E54	0x02090E54	65536	0
0x02080E60	0x02090E60	65536	0
0x02080E6C	0x02090E6C	65536	0
0x02080E78	0x02090E78	65536	0
0x02080E84	0x02090E84	65536	0
0x02080E90	0x02090E88	65528	0
0x02080E9C	0x02090E98	65532	0
0x02080EA8	0x02090EA8	65536	0
0x02080EB4	0x02090EB4	65536	0
0x02080EC0	0x02090EC0	65536	0
0x02080ECC	0x02090ECC	65536	0
0x02080ED8	0x02090ED8	65536	0
0x02080EE4	0x02090EE4	65536	0
0x02080EF0	0x02090EF0	65536	0
0x02080EFC	0x02090EFC	65536	0
0x02080F08	0x02090F08	65536	0
0x02080F14	0x02090F14	65536	0
0x02080F20	0x02090F20	65536	0
0x02080F2C	0x02090F2C	65536	0
0x02080F38	0x02090F38	65536	0
0x02080F44	0x02090F44	65536	0
0x02080F50	0x02090F44	65524	0
0x02080F5C	0x02090F44	65512	0
0x02080F68	0x02090F44	65500	0
0x02080F74	0x02090F44	65488	0
0x02080F80	0x02090F44	65476	0
0x02080F8C	0x02090F44	65464	0
0x02080F98	0x02090F44	65452	0
0x02080FA4	0x02090F44	65440	0
0x02080FB0	0x02090F44	65428	0
0x02080FBC	0x02090FBC	65536	0
0x02080FC8	0x02090FC8	65536	0
0x02080FD4	0x02090FD4	65536	0
0x02080FE0	0x02090FE0	65536	0
0x02080FEC	0x02090FEC	65536	0
0x02080FF8	0x02090FF8	65536	0
0x02081004	0x02091004	65536	0
0x02081010	0x02091010	65536	0
0x0208101C	0x0209101C	65536	0
0x02081028	0x02091028	65536	0
0x02081034	0x02091034	65536	0
0x02081040	0x02091040	65536	0
0x0208104C	0x0209104C	65536	0
0x02081058	0x02091058	65536	0
0x02081064	0x0209105C	65528	0
0x02081070	0x02091070	65536	0
0x0208107C	0x02091074	65528	0
0x02081088	0x02091088	65536	0
0x02081094	0x02091094	65536	0
0x020810A0	0x020910A0	65536	0
0x020810AC	0x020910AC	65536	0
0x020810B8	0x020910B8	65536	0
0x020810C4	0x020910C4	65536	0
0x020810D0	0x020910D0	65536	0
0x020810DC	0x020910D4	65528	0
0x020810E8	0x020910E8	65536	0
0x020810F4	0x020910F4	65536	0
0x02081100	0x02091100	65536	0
0x0208110C	0x0209110C	65536	0
0x02081118	0x02091118	65536	0
0x02081124	0x02091124	65536	0
0x02081130	0x02091130	65536	0
0x0208113C	0x0209113C	65536	0
0x02081148	0x02091148	65536	0
0x02081154	0x02091154	65536	0
0x02081160	0x02091158	65528	0
0x0208116C	0x0209116C	65536	0
0x02081178	0x02091178	65536	0
0x02081184	0x02091184	65536	0
0x02081190	0x02091190	65536	0
0x0208119C	0x0209119C	65536	0
0x020811A8	0x020911A8	65536	0
0x020811B4	0x020911B4	65536	0
0x020811C0	0x020911C0	65536	0
0x020811CC	0x020911CC	65536	0
0x020811D8	0x020911D8	65536	0
0x020811E4	0x020911E4	65536	0
0x020811F0	0x020911E4	65524	0
0x020811FC	0x020911FC	65536	0
0x02081208	0x02091200	65528	0
0x02081214	0x02091214	65536	0
0x02081220	0x02091220	65536	0
0x0208122C	0x0209122C	65536	0
0x02081238	0x02091238	65536	0
0x02081244	0x02091244	65536	0
0x02081250	0x02091250	65536	0
0x0208125C	0x0209125C	65536	0
0x02081268	0x02091268	65536	0
0x02081274	0x02091274	65536	0
0x02081280	0x02091280	65536	0
0x0208128C	0x0209128C	65536	0
0x02081298	0x02091298	65536	0
0x020812A4	0x020912A4	65536	0
0x020812B0	0x020912B0	65536	0
0x020812BC	0x020912BC	65536	0
0x020812C8	0x020912C4	65532	0
0x020812D4	0x020912C4	65520	0
0x020812E0	0x020912E0	65536	0
0x020812EC	0x020912EC	65536	0
0x020812F8	0x020912F8	65536	0
0x02081304	0x02091304	65536	0
0x02081310	0x02091310	65536	0
0x0208131C	0x0209131C	65536	0
0x02081328	0x02091328	65536	0
0x02081334	0x02091334	65536	0
0x02081340	0x02091340	65536	0
0x0208134C	0x0209134C	65536	0
0x02081358	0x0209134C	65524	0
0x02081364	0x02091364	65536	0
0x02081370	0x02091370	65536	0
0x0208137C	0x0209137C	65536	0
0x02081388	0x02091388	65536	0
0x02081394	0x02091394	65536	0
0x020813A0	0x020913A0	65536	0
0x020813AC	0x020913AC	65536	0
0x020813B8	0x020913B8	65536	0
0x020813C4	0x020913C4	65536	0
0x020813D0	0x020913D0	65536	0
0x020813DC	0x020913DC	65536	0
0x020813E8	0x020913E8	65536	0
0x020813F4	0x020913F4	65536	0
0x02081400	0x02091400	65536	0
0x0208140C	0x0209140C	65536	0
0x02081418	0x02091418	65536	0
0x02081424	0x02091424	65536	0
0x02081430	0x02091430	65536	0
0x0208143C	0x0209143C	65536	0
0x02081448	0x02091448	65536	0
0x02081454	0x02091454	65536	0
0x02081460	0x02091460	65536	0
0x0208146C	0x0209146C	65536	0
0x02081478	0x02091474	65532	0
0x02081484	0x02091484	65536	0
0x02081490	0x02091490	65536	0
0x0208149C	0x0209149C	65536	0
0x020814A8	0x020914A8	65536	0
0x020814B4	0x020914B4	65536	0
0x020814C4	0x020914C4	65536	0
0x020814D4	0x020914D4	65536	0
0x020814E4	0x020914E4	65536	0
0x020814F4	0x020914F4	65536	0
0x02081504	0x02091504	65536	0
0x02081514	0x02091514	65536	0
0x02081524	0x02091524	65536	0
0x02081534	0x02091534	65536	0
0x02081544	0x02091544	65536	0
0x02081554	0x02091554	65536	0
0x02081564	0x02091564	65536	0
0x02081574	0x02091574	65536	0
0x02081584	0x02091584	65536	0
0x02081594	0x02091594	65536	0
0x020815A4	0x020915A4	65536	0
0x020815B4	0x020915B4	65536	0
0x020815C4	0x020915C4	65536	0
0x020815D4	0x020915D4	65536	0
0x020815E4	0x020915E4	65536	0
0x020815F4	0x020915F4	65536	0
0x02081604	0x02091604	65536	0
0x02081614	0x02091614	65536	0
0x02081624	0x02091624	65536	0
0x02081634	0x02091634	65536	0
0x02081644	0x02091644	65536	0
0x02081654	0x02091654	65536	0
0x02081664	0x02091664	65536	0
0x02081674	0x02091674	65536	0
0x02081684	0x02091684	65536	0
0x02081694	0x02091694	65536	0
0x020816A4	0x020916A4	65536	0
0x020816B4	0x020916B4	65536	0
0x020816C4	0x020916C4	65536	0
0x020816D4	0x020916D4	65536	0
0x020816E4	0x020916E4	65536	0
0x020816F4	0x020916F4	65536	0
0x02081704	0x02091704	65536	0
0x02081714	0x02091714	65536	0
0x02081724	0x02091724	65536	0
0x02081734	0x02091734	65536	0
0x02081744	0x02091744	65536	0
0x02081754	0x02091754	65536	0
0x02081764	0x02091760	65532	0
0x02081774	0x02091774	65536	0
0x02081784	0x02091784	65536	0
0x02081794	0x02091794	65536	0
0x020817A4	0x020917A4	65536	0
0x020817B4	0x020917B4	65536	0
0x020817C4	0x020917C4	65536	0
0x020817D4	0x020917D4	65536	0
0x020817E4	0x020917E4	65536	0
0x020817F4	0x020917F4	65536	0
0x02081804	0x02091804	65536	0
0x02081814	0x02091814	65536	0
0x02081824	0x02091824	65536	0
0x02081834	0x02091834	65536	0
0x02081844	0x02091844	65536	0
0x02081854	0x02091854	65536	0
0x02081864	0x02091864	65536	0
0x02081874	0x02091874	65536	0
0x02081884	0x02091884	65536	0
0x02081894	0x02091894	65536	0
0x020818A4	0x020918A4	65536	0
0x020818B4	0x020918B4	65536	0
0x020818C4	0x020918C4	65536	0
0x020818D4	0x020918D4	65536	0
0x020818E4	0x020918E4	65536	0
0x020818F4	0x020918E4	65520	0
0x02081904	0x02091904	65536	0
0x02081914	0x02091914	65536	0
0x02081924	0x02091924	65536	0
0x02081934	0x02091934	65536	0
0x02081944	0x02091944	65536	0
0x02081954	0x02091954	65536	0
0x02081964	0x02091964	65536	0
0x02081974	0x02091974	65536	0
0x02081984	0x02091984	65536	0
0x02081994	0x02091994	65536	0
0x020819A4	0x020919A4	65536	0
0x020819B4	0x020919B4	65536	0
0x020819C4	0x020919C4	65536	0
0x020819D4	0x020919D4	65536	0
0x020819E8	0x020919E8	65536	0
0x020819FC	0x020919FC	65536	0
0x02081A10	0x02091A10	65536	0
0x02081A24	0x02091A24	65536	0
0x02081A38	0x02091A38	65536	0
0x02081A4C	0x02091A4C	65536	0
0x02081A60	0x02091A60	65536	0
0x02081A74	0x02091A74	65536	0
0x02081A88	0x02091A84	65532	0
0x02081A9C	0x02091A9C	65536	0
0x02081AB0	0x02091AA4	65524	0
0x02081AC4	0x02091AC4	65536	0
0x02081AD8	0x02091AC4	65516	0
0x02081AEC	0x02091AE4	65528	0
0x02081B00	0x02091B00	65536	0
0x02081B14	0x02091B04	65520	0
0x02081B28	0x02091B24	65532	0
0x02081B3C	0x02091B3C	65536	0
0x02081B50	0x02091B44	65524	0
0x02081B64	0x02091B64	65536	0
0x02081B78	0x02091B64	65516	0
0x02081B8C	0x02091B84	65528	0
0x02081BA0	0x02091BA0	65536	0
0x02081BB4	0x02091BA4	65520	0
0x02081BC8	0x02091BC4	65532	0
0x02081BDC	0x02091BDC	65536	0
0x02081BF0	0x02091BE4	65524	0
0x02081C04	0x02091C04	65536	0
0x02081C18	0x02091C08	65520	0
0x02081C2C	0x02091C28	65532	0
0x02081C40	0x02091C40	65536	0
0x02081C54	0x02091C48	65524	0
0x02081C6C	0x02091C68	65532	0
0x02081C84	0x02091C84	65536	0
0x02081C9C	0x02091C9C	65536	0
0x02081CB4	0x02091CA8	65524	0
0x02081CCC	0x02091CC8	65532	0
0x02081CE4	0x02091CE4	65536	0
0x02081CFC	0x02091CFC	65536	0
0x02081D14	0x02091D08	65524	0
0x02081D2C	0x02091D2C	65536	0
0x02081D44	0x02091D44	65536	0
0x02081D5C	0x02091D5C	65536	0
0x02081D74	0x02091D68	65524	0
0x02081D8C	0x02091D84	65528	0
0x02081DA4	0x02091DA4	65536	0
0x02081DBC	0x02091DBC	65536	0
0x02081DD4	0x02091DC0	65516	0
0x02081DEC	0x02091DEC	65536	0
0x02081E04	0x02091E04	65536	0
0x02081E1C	0x02091E1C	65536	0
0x02081E34	0x02091E34	65536	0
0x02081E4C	0x02091E44	65528	0
0x02081E64	0x02091E64	65536	0
0x02081E7C	0x02091E7C	65536	0
0x02081E94	0x02091E84	65520	0
0x02081EAC	0x02091EA4	65528	0
0x02081EC4	0x02091EC4	65536	0
0x02081EDC	0x02091EDC	65536	0
0x02081EF4	0x02091EE8	65524	0
0x02081F0C	0x02091F08	65532	0
0x02081F24	0x02091F24	65536	0
0x02081F3C	0x02091F3C	65536	0
0x02081F54	0x02091F48	65524	0
0x02081F6C	0x02091F64	65528	0
0x02081F84	0x02091F84	65536	0
0x02081F9C	0x02091F9C	65536	0
0x02081FB4	0x02091FB4	65536	0
0x02081FCC	0x02091FCC	65536	0
0x02081FE4	0x02091FE4	65536	0
0x02081FFC	0x02091FFC	65536	0
0x02082014	0x02091FFC	65512	0
0x0208202C	0x0209202C	65536	0
0x02082044	0x02092040	65532	0
0x0208205C	0x02092040	65508	0
0x02082074	0x02092070	65532	0
0x0208208C	0x02092070	65508	0
0x020820A4	0x02092070	65484	0
0x020820BC	0x020920BC	65536	0
0x020820D4	0x020920D4	65536	0
0x020820EC	0x020920EC	65536	0
0x02082104	0x02092104	65536	0
0x0208211C	0x0209211C	65536	0
0x02082134	0x02092134	65536	0
0x0208214C	0x0209214C	65536	0
0x02082164	0x02092164	65536	0
0x0208217C	0x0209217C	65536	0
0x02082194	0x02092194	65536	0
0x020821AC	0x020921AC	65536	0
0x020821C4	0x020921C4	65536	0
0x020821DC	0x020921DC	65536	0
0x020821F4	0x020921F4	65536	0
0x0208220C	0x0209220C	65536	0
0x02082224	0x02092224	65536	0
0x0208223C	0x0209223C	65536	0
0x02082254	0x02092254	65536	0
0x0208226C	0x0209226C	65536	0
0x02082284	0x02092284	65536	0
0x0208229C	0x0209229C	65536	0
0x020822B4	0x020922A4	65520	0
0x020822CC	0x020922A4	65496	0
0x020822E4	0x020922A4	65472	0
0x020822FC	0x020922A4	65448	0
0x02082314	0x02092314	65536	0
0x0208232C	0x0209232C	65536	0
0x02082344	0x02092344	65536	0
0x0208235C	0x0209235C	65536	0
0x02082374	0x02092374	65536	0
0x0208238C	0x0209238C	65536	0
0x020823A4	0x020923A4	65536	0
0x020823BC	0x020923BC	65536	0
0x020823D4	0x020923CC	65528	0
0x020823EC	0x020923EC	65536	0
0x02082404	0x02092404	65536	0
0x0208241C	0x0209241C	65536	0
0x02082434	0x02092434	65536	0
0x0208244C	0x0209244C	65536	0
0x02082464	0x02092464	65536	0
0x0208247C	0x0209247C	65536	0
0x02082494	0x0209247C	65512	0
0x020824AC	0x0209247C	65488	0
0x020824C4	0x0209247C	65464	0
0x020824DC	0x020924DC	65536	0
0x020824F4	0x020924F0	65532	0
0x0208250C	0x020924F0	65508	0
0x02082524	0x020924F0	65484	0
0x0208253C	0x020924F0	65460	0
0x02082554	0x02092554	65536	0
0x0208256C	0x0209256C	65536	0
0x02082584	0x02092584	65536	0
0x0208259C	0x0209259C	65536	0
0x020825B4	0x020925B4	65536	0
0x020825CC	0x020925CC	65536	0
0x020825E4	0x020925E4	65536	0
0x020825FC	0x020925FC	65536	0
0x02082614	0x02092614	65536	0
0x0208262C	0x0209262C	65536	0
0x02082644	0x02092638	65524	0
0x0208265C	0x0209265C	65536	0
0x02082674	0x02092674	65536	0
0x0208268C	0x0209268C	65536	0
0x020826A4	0x020926A4	65536	0
0x020826BC	0x020926BC	65536	0
0x020826D4	0x020926D4	65536	0
0x020826EC	0x020926EC	65536	0
0x02082704	0x02092704	65536	0
0x0208271C	0x0209271C	65536	0
0x02082734	0x02092734	65536	0
0x0208274C	0x0209274C	65536	0
0x02082764	0x02092764	65536	0
0x0208277C	0x02092778	65532	0
0x02082794	0x02092778	65508	0
0x020827AC	0x02092778	65484	0
0x020827C4	0x02092778	65460	0
0x020827DC	0x02092778	65436	0
0x020827F4	0x02092778	65412	0
0x0208280C	0x02092778	65388	0
0x02082824	0x02092778	65364	0
0x0208283C	0x0209283C	65536	0
0x02082854	0x02092854	65536	0
0x0208286C	0x0209286C	65536	0
0x02082884	0x02092884	65536	0
0x0208289C	0x0209288C	65520	0
0x020828B4	0x0209288C	65496	0
0x020828CC	0x0209288C	65472	0
0x020828E4	0x0209288C	65448	0
0x020828FC	0x0209288C	65424	0
0x02082914	0x0209288C	65400	0
0x0208292C	0x0209288C	65376	0
0x02082944	0x0209288C	65352	0
0x0208295C	0x0209288C	65328	0
0x02082974	0x0209288C	65304	0
0x02082990	0x0209288C	65276	0
0x020829AC	0x0209288C	65248	0
0x020829C8	0x020929C8	65536	0
0x020829E4	0x020929E4	65536	0
0x02082A00	0x02092A00	65536	0
0x02082A1C	0x02092A18	65532	0
0x02082A38	0x02092A18	65504	0
0x02082A54	0x02092A18	65476	0
0x02082A70	0x02092A18	65448	0
0x02082A8C	0x02092A18	65420	0
0x02082AA8	0x02092A18	65392	0
0x02082AC4	0x02092A18	65364	0
0x02082AE0	0x02092A18	65336	0
0x02082AFC	0x02092A18	65308	0
0x02082B18	0x02092A18	65280	0
0x02082B34	0x02092A18	65252	0
0x02082B50	0x02092A18	65224	0
0x02082B6C	0x02092A18	65196	0
0x02082B88	0x02092A18	65168	0
0x02082BA4	0x02092A18	65140	0
0x02082BC0	0x02092A18	65112	0
0x02082BDC	0x02092A18	65084	0
0x02082BF8	0x02092A18	65056	0
0x02082C14	0x02092A18	65028	0
0x02082C30	0x02092A18	65000	0
0x02082C4C	0x02092A18	64972	0
0x02082C68	0x02092A18	64944	0
0x02082C84	0x02092A18	64916	0
0x02082CA0	0x02092A18	64888	0
0x02082CBC	0x02092A18	64860	0
0x02082CD8	0x02092A18	64832	0
0x02082CF4	0x02092A18	64804	0
0x02082D10	0x02092A18	64776	0
0x02082D2C	0x02092A18	64748	0
0x02082D48	0x02092A18	64720	0
0x02082D64	0x02092A18	64692	0
0x02082D80	0x02092A18	64664	0
0x02082D9C	0x02092A18	64636	0
0x02082DB8	0x02092A18	64608	0
0x02082DD4	0x02092A18	64580	0
0x02082DF0	0x02092A18	64552	0
0x02082E0C	0x02092A18	64524	0
0x02082E28	0x02092A18	64496	0
0x02082E44	0x02092A18	64468	0
0x02082E60	0x02092A18	64440	0
0x02082E7C	0x02092A18	64412	0
0x02082E98	0x02092A18	64384	0
0x02082EB4	0x02092A18	64356	0
0x02082ED0	0x02092A18	64328	0
0x02082EEC	0x02092A18	64300	0
0x02082F08	0x02092A18	64272	0
0x02082F24	0x02092A18	64244	0
0x02082F40	0x02092A18	64216	0
0x02082F5C	0x02092A18	64188	0
0x02082F78	0x02092A18	64160	0
0x02082F94	0x02092A18	64132	0
0x02082FB0	0x02092A18	64104	0
0x02082FCC	0x02092A18	64076	0
0x02082FE8	0x02092A18	64048	0
0x02083004	0x02092A18	64020	0
0x02083020	0x02092A18	63992	0
0x0208303C	0x02092A18	63964	0
0x02083058	0x02092A18	63936	0
0x02083074	0x02092A18	63908	0
0x02083090	0x02092A18	63880	0
0x020830AC	0x02092A18	63852	0
0x020830C8	0x02092A18	63824	0
0x020830E4	0x02092A18	63796	0
0x02083100	0x02092A18	63768	0
0x0208311C	0x02092A18	63740	0
0x02083138	0x02092A18	63712	0
0x02083154	0x02092A18	63684	0
0x02083170	0x02092A18	63656	0
0x0208318C	0x02092A18	63628	0
0x020831A8	0x02092A18	63600	0
0x020831C4	0x02092A18	63572	0
0x020831E0	0x02092A18	63544	0
0x020831FC	0x02092A18	63516	0
0x02083218	0x02092A18	63488	0
0x02083234	0x02092A18	63460	0
0x02083250	0x02092A18	63432	0
0x0208326C	0x02092A18	63404	0
0x02083288	0x02092A18	63376	0
0x020832A4	0x02092A18	63348	0
0x020832C0	0x02092A18	63320	0
0x020832DC	0x02092A18	63292	0
0x020832F8	0x02092A18	63264	0
0x02083314	0x02092A18	63236	0
0x02083330	0x02092A18	63208	0
0x0208334C	0x02092A18	63180	0
0x02083368	0x02092A18	63152	0
0x02083384	0x02092A18	63124	0
0x020833A0	0x02092A18	63096	0
0x020833BC	0x02092A18	63068	0
0x020833D8	0x02092A18	63040	0
0x020833F4	0x02092A18	63012	0
0x02083410	0x02092A18	62984	0
0x0208342C	0x02092A18	62956	0
0x02083448	0x02092A18	62928	0
0x02083464	0x02092A18	62900	0
0x02083480	0x02092A18	62872	0
0x0208349C	0x02092A18	62844	0
0x020834B8	0x02092A18	62816	0
0x020834D4	0x02092A18	62788	0
0x020834F0	0x02092A18	62760	0
0x0208350C	0x02092A18	62732	0
0x02083528	0x02092A18	62704	0
0x02083544	0x02092A18	62676	0
0x02083560	0x02092A18	62648	0
0x0208357C	0x02092A18	62620	0
0x02083598	0x02092A18	62592	0
0x020835B4	0x02092A18	62564	0
0x020835D0	0x02092A18	62536	0
0x020835EC	0x02092A18	62508	0
0x02083608	0x02092A18	62480	0
0x02083624	0x02092A18	62452	0
0x02083640	0x02092A18	62424	0
0x0208365C	0x02092A18	62396	0
0x02083678	0x02092A18	62368	0
0x02083694	0x02092A18	62340	0
0x020836B0	0x02092A18	62312	0
0x020836CC	0x02092A18	62284	0
0x020836E8	0x02092A18	62256	0
0x02083704	0x02092A18	62228	0
0x02083720	0x02092A18	62200	0
0x0208373C	0x02092A18	62172	0
0x02083758	0x02092A18	62144	0
0x02083774	0x02092A18	62116	0
0x02083790	0x02092A18	62088	0
0x020837AC	0x02092A18	62060	0
0x020837C8	0x02092A18	62032	0
0x020837E4	0x02092A18	62004	0
0x02083800	0x02092A18	61976	0
0x0208381C	0x02092A18	61948	0
0x02083838	0x02092A18	61920	0
0x02083854	0x02092A18	61892	0
0x02083870	0x02092A18	61864	0
0x0208388C	0x02092A18	61836	0
0x020838A8	0x02092A18	61808	0
0x020838C4	0x02092A18	61780	0
0x020838E0	0x02092A18	61752	0
0x020838FC	0x02092A18	61724	0
0x02083918	0x02092A18	61696	0
0x02083934	0x02092A18	61668	0
0x02083950	0x02092A18	61640	0
0x0208396C	0x02092A18	61612	0
0x02083988	0x02092A18	61584	0
0x020839A4	0x02092A18	61556	0
0x020839C0	0x02092A18	61528	0
0x020839DC	0x02092A18	61500	0
0x020839F8	0x02092A18	61472	0
0x02083A14	0x02092A18	61444	0
0x02083A30	0x02092A18	61416	0
0x02083A4C	0x02092A18	61388	0
0x02083A68	0x02092A18	61360	0
0x02083A84	0x02092A18	61332	0
0x02083AA0	0x02092A18	61304	0
0x02083ABC	0x02092A18	61276	0
0x02083AD8	0x02092A18	61248	0
0x02083AF4	0x02092A18	61220	0
0x02083B10	0x02092A18	61192	0
0x02083B2C	0x02092A18	61164	0
0x02083B48	0x02092A18	61136	0
0x02083B64	0x02092A18	61108	0
0x02083B80	0x02092A18	61080	0
0x02083BA0	0x02092A18	61048	0
0x02083BC0	0x02092A18	61016	0
0x02083BE0	0x02092A18	60984	0
0x02083C00	0x02092A18	60952	0
0x02083C20	0x02092A18	60920	0
0x02083C40	0x02092A18	60888	0
0x02083C60	0x02092A18	60856	0
0x02083C80	0x02092A18	60824	0
0x02083CA0	0x02092A18	60792	0
0x02083CC0	0x02092A18	60760	0
0x02083CE0	0x02092A18	60728	0
0x02083D00	0x02092A18	60696	0
0x02083D20	0x02092A18	60664	0
0x02083D40	0x02092A18	60632	0
0x02083D60	0x02092A18	60600	0
0x02083D80	0x02092A18	60568	0
0x02083DA0	0x02092A18	60536	0
0x02083DC0	0x02092A18	60504	0
0x02083DE0	0x02092A18	60472	0
0x02083E00	0x02092A18	60440	0
0x02083E20	0x02092A18	60408	0
0x02083E40	0x02092A18	60376	0
0x02083E60	0x02092A18	60344	0
0x02083E80	0x02092A18	60312	0
0x02083EA0	0x02092A18	60280	0
0x02083EC0	0x02092A18	60248	0
0x02083EE0	0x02092A18	60216	0
0x02083F00	0x02092A18	60184	0
0x02083F20	0x02092A18	60152	0
0x02083F40	0x02092A18	60120	0
0x02083F60	0x02092A18	60088	0
0x02083F80	0x02092A18	60056	0
0x02083FA0	0x02092A18	60024	0
0x02083FC0	0x02092A18	59992	0
0x02083FE0	0x02092A18	59960	0
0x02084000	0x02092A18	59928	0
0x02084020	0x02092A18	59896	0
0x02084040	0x02092A18	59864	0
0x02084060	0x02092A18	59832	0
0x02084080	0x02092A18	59800	0
0x020840A0	0x02092A18	59768	0
0x020840C0	0x02092A18	59736	0
0x020840E0	0x02092A18	59704	0
0x02084100	0x02092A18	59672	0
0x02084120	0x02092A18	59640	0
0x02084140	0x02092A18	59608	0
0x02084160	0x02092A18	59576	0
0x02084180	0x02092A18	59544	0
0x020841A0	0x02092A18	59512	0
0x020841C0	0x02092A18	59480	0
0x020841E0	0x02092A18	59448	0
0x02084200	0x02092A18	59416	0
0x02084220	0x02092A18	59384	0
0x02084240	0x02092A18	59352	0
0x02084260	0x02092A18	59320	0
0x02084280	0x02092A18	59288	0
0x020842A0	0x02092A18	59256	0
0x020842C0	0x02092A18	59224	0
0x020842E0	0x02092A18	59192	0
0x02084300	0x02092A18	59160	0
0x02084320	0x02092A18	59128	0
0x02084340	0x02092A18	59096	0
0x02084360	0x02092A18	59064	0
0x02084380	0x02092A18	59032	0
0x020843A0	0x02092A18	59000	0
0x020843C4	0x02092A18	58964	0
0x020843E8	0x02092A18	58928	0
0x0208440C	0x02092A18	58892	0
0x02084430	0x02092A18	58856	0
0x02084454	0x02092A18	58820	0
0x02084478	0x02092A18	58784	0
0x0208449C	0x02092A18	58748	0
0x020844C0	0x02092A18	58712	0
0x020844E4	0x02092A18	58676	0
0x02084508	0x02092A18	58640	0
0x0208452C	0x02092A18	58604	0
0x02084550	0x02092A18	58568	0
0x02084574	0x02092A18	58532	0
0x02084598	0x02092A18	58496	0
0x020845BC	0x02092A18	58460	0
0x020845E0	0x02092A18	58424	0
0x02084608	0x02092A18	58384	0
0x02084630	0x02092A18	58344	0
0x02084658	0x02092A18	58304	0
0x02084680	0x02092A18	58264	0
0x020846A8	0x02092A18	58224	0
0x020846D0	0x02092A18	58184	0
0x020846F8	0x02092A18	58144	0
0x02084724	0x02092A18	58100	0
0x02084D74	0x02092A18	56484	0
0x020853C4	0x02092A18	54868	0
0x020853D8	0x02092A18	54848	0
0x020853DC	0x02092A18	54844	0
0x020853E0	0x02092A18	54840	0
0x020853F8	0x02092A18	54816	0
0x020853FC	0x02092A18	54812	0
0x02085404	0x02092A18	54804	0
0x02085418	0x02092A18	54784	0
0x02085428	0x02092A18	54768	0
0x02085438	0x02092A18	54752	0
0x02085448	0x02092A18	54736	0
0x02085458	0x02092A18	54720	0
0x02085468	0x02092A18	54704	0
0x02085478	0x02092A18	54688	0
0x02085488	0x02092A18	54672	0
0x02085498	0x02092A18	54656	0
0x020854A8	0x02092A18	54640	0
0x020854B8	0x02092A18	54624	0
0x020854C8	0x02092A18	54608	0
0x020854D8	0x02092A18	54592	0
0x020854EC	0x02092A18	54572	0
0x02085500	0x02092A18	54552	0
0x02085514	0x02092A18	54532	0
0x02085528	0x02092A18	54512	0
0x0208553C	0x02092A18	54492	0
0x02085550	0x02092A18	54472	0
0x02085564	0x02092A18	54452	0
0x02085578	0x02092A18	54432	0
0x0208558C	0x02092A18	54412	0
0x020855A0	0x02092A18	54392	0
0x020855B4	0x02092A18	54372	0
0x020855C8	0x02092A18	54352	0
0x020855DC	0x02092A18	54332	0
0x020855F0	0x02092A18	54312	0
0x02085604	0x02092A18	54292	0
0x02085618	0x02092A18	54272	0
0x0208562C	0x02092A18	54252	0
0x02085640	0x02092A18	54232	0
0x02085654	0x02092A18	54212	0
0x02085668	0x02092A18	54192	0
0x0208567C	0x02092A18	54172	0
0x02085690	0x02092A18	54152	0
0x020856A4	0x02092A18	54132	0
0x020856B8	0x02092A18	54112	0
0x020856CC	0x02092A18	54092	0
0x020856E0	0x02092A18	54072	0
0x020856F4	0x02092A18	54052	0
0x02085708	0x02092A18	54032	0
0x0208571C	0x02092A18	54012	0
0x02085734	0x02092A18	53988	0
0x0208574C	0x02092A18	53964	0
0x02085764	0x02092A18	53940	0
0x0208577C	0x02092A18	53916	0
0x02085794	0x02092A18	53892	0
0x020857AC	0x02092A18	53868	0
0x020857C4	0x02092A18	53844	0
0x020857DC	0x02092A18	53820	0
0x020857F4	0x02092A18	53796	0
0x0208580C	0x02092A18	53772	0
0x02085824	0x02092A18	53748	0
0x0208583C	0x02092A18	53724	0
0x02085854	0x02092A18	53700	0
0x0208586C	0x02092A18	53676	0
0x02085884	0x02092A18	53652	0
0x0208589C	0x02092A18	53628	0
0x020858B4	0x02092A18	53604	0
0x020858CC	0x02092A18	53580	0
0x020858E4	0x02092A18	53556	0
0x020858FC	0x02092A18	53532	0
0x02085918	0x02092A18	53504	0
0x02085934	0x02092A18	53476	0
0x02085950	0x02092A18	53448	0
0x0208596C	0x02092A18	53420	0
0x02085988	0x02092A18	53392	0
0x020859A4	0x02092A18	53364	0
0x020859C0	0x02092A18	53336	0
0x020859DC	0x02092A18	53308	0
0x020859F8	0x02092A18	53280	0
0x02085A14	0x02092A18	53252	0
0x02085A30	0x02092A18	53224	0
0x02085A64	0x02092A18	53172	0
0x02085A7C	0x02092A18	53148	0
0x02085A94	0x02092A18	53124	0
0x02085AA8	0x02092A18	53104	0
0x02085AB8	0x02092A18	53088	0
0x02085AC8	0x02092A18	53072	0
0x02085AD8	0x02092A18	53056	0
0x02085AE8	0x02092A18	53040	0
0x02085AF8	0x02092A18	53024	0
0x02085B08	0x02092A18	53008	0
0x02085B18	0x02092A18	52992	0
0x02085B28	0x02092A18	52976	0
0x02085B38	0x02092A18	52960	0
0x02085B48	0x02092A18	52944	0
0x02085B58	0x02092A18	52928	0
0x02085B68	0x02092A18	52912	0
0x02085B78	0x02092A18	52896	0
0x02085B88	0x02092A18	52880	0
0x02085B98	0x02092A18	52864	0
0x02085BA8	0x02092A18	52848	0
0x02085BBC	0x02092A18	52828	0
0x02085BD0	0x02092A18	52808	0
0x02085BE4	0x02092A18	52788	0
0x02085BF8	0x02092A18	52768	0
0x02085C0C	0x02092A18	52748	0
0x02085C20	0x02092A18	52728	0
0x02085C34	0x02092A18	52708	0
0x02085C48	0x02092A18	52688	0
0x02085C5C	0x02092A18	52668	0
0x02085C70	0x02092A18	52648	0
0x02085C84	0x02092A18	52628	0
0x02085C98	0x02092A18	52608	0
0x02085CAC	0x02092A18	52588	0
0x02085CC0	0x02092A18	52568	0
0x02085CD8	0x02092A18	52544	0
0x02085CF0	0x02092A18	52520	0
0x02085D08	0x02092A18	52496	0
0x02085D20	0x02092A18	52472	0
0x02085D38	0x02092A18	52448	0
0x02085D50	0x02092A18	52424	0
0x02085D68	0x02092A18	52400	0
0x02085D80	0x02092A18	52376	0
0x02085D98	0x02092A18	52352	0
0x02085DB0	0x02092A18	52328	0
0x02085DC8	0x02092A18	52304	0
0x02085DE0	0x02092A18	52280	0
0x02085DF8	0x02092A18	52256	0
0x02085E10	0x02092A18	52232	0
0x02085E2C	0x02092A18	52204	0
0x02085E48	0x02092A18	52176	0
0x02085E60	0x02092A18	52152	0
0x02085E78	0x02092A18	52128	0
0x02085E8C	0x02092A18	52108	0
0x02085E90	0x02092A18	52104	0
0x02085E94	0x02092A18	52100	0
0x02085E98	0x02092A18	52096	0
0x02085E9C	0x02092A18	52092	0
0x02085EA0	0x02092A18	52088	0
0x02085EA4	0x02092A18	52084	0
0x02085EA8	0x02092A18	52080	0
0x02085EAC	0x02092A18	52076	0
0x02085EB0	0x02092A18	52072	0
0x02085EB4	0x02092A18	52068	0
0x02085EB8	0x02092A18	52064	0
0x02085EBC	0x02092A18	52060	0
0x02085EC0	0x02092A18	52056	0
0x02085EC4	0x02092A18	52052	0
0x02085EC8	0x02092A18	52048	0
0x02085ECC	0x02092A18	52044	0
0x02085ED0	0x02092A18	52040	0
0x02085ED4	0x02092A18	52036	0
0x02085ED8	0x02092A18	52032	0
0x02085EDC	0x02092A18	52028	0
0x02085EE0	0x02092A18	52024	0
0x02085EE4	0x02092A18	52020	0
0x02085EE8	0x02092A18	52016	0
0x02085EEC	0x02092A18	52012	0
0x02085EF0	0x02092A18	52008	0
0x02085EF4	0x02092A18	52004	0
0x02085EF8	0x02092A18	52000	0
0x02085F00	0x02092A18	51992	0
0x02085F08	0x02092A18	51984	0
0x02085F10	0x02092A18	51976	0
0x02085F18	0x02092A18	51968	0
0x02085F20	0x02092A18	51960	0
0x02085F28	0x02092A18	51952	0
0x02085F30	0x02092A18	51944	0
0x02085F38	0x02092A18	51936	0
0x02085F40	0x02092A18	51928	0
0x02085F48	0x02092A18	51920	0
0x02085F50	0x02092A18	51912	0
0x02085F58	0x02092A18	51904	0
0x02085F60	0x02092A18	51896	0
0x02085F68	0x02092A18	51888	0
0x02085F70	0x02092A18	51880	0
0x02085F78	0x02092A18	51872	0
0x02085F80	0x02092A18	51864	0
0x02085F88	0x02092A18	51856	0
0x02085F90	0x02092A18	51848	0
0x02085F98	0x02092A18	51840	0
0x02085FA0	0x02092A18	51832	0
0x02085FA8	0x02092A18	51824	0
0x02085FB0	0x02092A18	51816	0
0x02085FB8	0x02092A18	51808	0
0x02085FC0	0x02092A18	51800	0
0x02085FC8	0x02092A18	51792	0
0x02085FD0	0x02092A18	51784	0
0x02085FD8	0x02092A18	51776	0
0x02085FE0	0x02092A18	51768	0
0x02085FE8	0x02092A18	51760	0
0x02085FF0	0x02092A18	51752	0
0x02085FF8	0x02092A18	51744	0
0x02086000	0x02092A18	51736	0
0x02086008	0x02092A18	51728	0
0x02086010	0x02092A18	51720	0
0x02086018	0x02092A18	51712	0
0x02086020	0x02092A18	51704	0
0x02086028	0x02092A18	51696	0
0x02086030	0x02092A18	51688	0
0x02086038	0x02092A18	51680	0
0x02086040	0x02092A18	51672	0
0x02086048	0x02092A18	51664	0
0x02086050	0x02092A18	51656	0
0x02086058	0x02092A18	51648	0
0x02086060	0x02092A18	51640	0
0x02086068	0x02092A18	51632	0
0x02086070	0x02092A18	51624	0
0x02086078	0x02092A18	51616	0
0x02086080	0x02092A18	51608	0
0x02086088	0x02092A18	51600	0
0x02086090	0x02092A18	51592	0
0x02086098	0x02092A18	51584	0
0x020860A0	0x02092A18	51576	0
0x020860A8	0x02092A18	51568	0
0x020860B0	0x02092A18	51560	0
0x020860B8	0x02092A18	51552	0
0x020860C0	0x02092A18	51544	0
0x020860C8	0x02092A18	51536	0
0x020860D0	0x02092A18	51528	0
0x020860D8	0x02092A18	51520	0
0x020860E0	0x02092A18	51512	0
0x020860E8	0x02092A18	51504	0
0x020860F0	0x02092A18	51496	0
0x020860F8	0x02092A18	51488	0
0x02086100	0x02092A18	51480	0
0x02086108	0x02092A18	51472	0
0x02086110	0x02092A18	51464	0
0x02086118	0x02092A18	51456	0
0x02086120	0x02092A18	51448	0
0x02086128	0x02092A18	51440	0
0x02086130	0x02092A18	51432	0
0x02086138	0x02092A18	51424	0
0x02086140	0x02092A18	51416	0
0x02086148	0x02092A18	51408	0
0x02086150	0x02092A18	51400	0
0x02086158	0x02092A18	51392	0
0x02086160	0x02092A18	51384	0
0x02086168	0x02092A18	51376	0
0x02086170	0x02092A18	51368	0
0x02086178	0x02092A18	51360	0
0x02086180	0x02092A18	51352	0
0x02086188	0x02092A18	51344	0
0x02086190	0x02092A18	51336	0
0x02086198	0x02092A18	51328	0
0x020861A0	0x02092A18	51320	0
0x020861A8	0x02092A18	51312	0
0x020861B0	0x02092A18	51304	0
0x020861B8	0x02092A18	51296	0
0x020861C0	0x02092A18	51288	0
0x020861C8	0x02092A18	51280	0
0x020861D0	0x02092A18	51272	0
0x020861D8	0x02092A18	51264	0
0x020861E0	0x02092A18	51256	0
0x020861E8	0x02092A18	51248	0
0x020861F0	0x02092A18	51240	0
0x020861F8	0x02092A18	51232	0
0x02086200	0x02092A18	51224	0
0x02086208	0x02092A18	51216	0
0x02086210	0x02092A18	51208	0
0x02086218	0x02092A18	51200	0
0x02086220	0x02092A18	51192	0
0x02086228	0x02092A18	51184	0
0x02086230	0x02092A18	51176	0
0x02086238	0x02092A18	51168	0
0x02086240	0x02092A18	51160	0
0x02086248	0x02092A18	51152	0
0x02086250	0x02092A18	51144	0
0x02086258	0x02092A18	51136	0
0x02086260	0x02092A18	51128	0
0x02086268	0x02092A18	51120	0
0x02086270	0x02092A18	51112	0
0x02086278	0x02092A18	51104	0
0x02086280	0x02092A18	51096	0
0x02086288	0x02092A18	51088	0
0x02086290	0x02092A18	51080	0
0x02086298	0x02092A18	51072	0
0x020862A0	0x02092A18	51064	0
0x020862A8	0x02092A18	51056	0
0x020862B0	0x02092A18	51048	0
0x020862B8	0x02092A18	51040	0
0x020862C0	0x02092A18	51032	0
0x020862C8	0x02092A18	51024	0
0x020862D0	0x02092A18	51016	0
0x020862D8	0x02092A18	51008	0
0x020862E0	0x02092A18	51000	0
0x020862E8	0x02092A18	50992	0
0x020862F0	0x02092A18	50984	0
0x020862F8	0x02092A18	50976	0
0x02086300	0x02092A18	50968	0
0x02086308	0x02092A18	50960	0
0x02086310	0x02092A18	50952	0
0x02086318	0x02092A18	50944	0
0x02086320	0x02092A18	50936	0
0x02086328	0x02092A18	50928	0
0x02086330	0x02092A18	50920	0
0x02086338	0x02092A18	50912	0
0x02086340	0x02092A18	50904	0
0x02086348	0x02092A18	50896	0
0x02086350	0x02092A18	50888	0
0x02086358	0x02092A18	50880	0
0x02086360	0x02092A18	50872	0
0x02086368	0x02092A18	50864	0
0x02086370	0x02092A18	50856	0
0x02086378	0x02092A18	50848	0
0x02086380	0x02092A18	50840	0
0x02086388	0x02092A18	50832	0
0x02086390	0x02092A18	50824	0
0x02086398	0x02092A18	50816	0
0x020863A0	0x02092A18	50808	0
0x020863A8	0x02092A18	50800	0
0x020863B0	0x02092A18	50792	0
0x020863B8	0x02092A18	50784	0
0x020863C0	0x02092A18	50776	0
0x020863C8	0x02092A18	50768	0
0x020863D0	0x02092A18	50760	0
0x020863D8	0x02092A18	50752	0
0x020863E0	0x02092A18	50744	0
0x020863E8	0x02092A18	50736	0
0x020863F0	0x02092A18	50728	0
0x020863F8	0x02092A18	50720	0
0x02086400	0x02092A18	50712	0
0x02086408	0x02092A18	50704	0
0x02086410	0x02092A18	50696	0
0x02086418	0x02092A18	50688	0
0x02086420	0x02092A18	50680	0
0x02086428	0x02092A18	50672	0
0x02086430	0x02092A18	50664	0
0x02086438	0x02092A18	50656	0
0x02086440	0x02092A18	50648	0
0x02086448	0x02092A18	50640	0
0x02086450	0x02092A18	50632	0
0x02086458	0x02092A18	50624	0
0x02086460	0x02092A18	50616	0
0x02086468	0x02092A18	50608	0
0x02086470	0x02092A18	50600	0
0x02086478	0x02092A18	50592	0
0x02086480	0x02092A18	50584	0
0x02086488	0x02092A18	50576	0
0x02086490	0x02092A18	50568	0
0x02086498	0x02092A18	50560	0
0x020864A0	0x02092A18	50552	0
0x020864A8	0x02092A18	50544	0
0x020864B0	0x02092A18	50536	0
0x020864B8	0x02092A18	50528	0
0x020864C0	0x02092A18	50520	0
0x020864C8	0x02092A18	50512	0
0x020864D0	0x02092A18	50504	0
0x020864D8	0x02092A18	50496	0
0x020864E0	0x02092A18	50488	0
0x020864E8	0x02092A18	50480	0
0x020864F0	0x02092A18	50472	0
0x020864F8	0x02092A18	50464	0
0x02086500	0x02092A18	50456	0
0x02086508	0x02092A18	50448	0
0x02086510	0x02092A18	50440	0
0x02086518	0x02092A18	50432	0
0x02086520	0x02092A18	50424	0
0x0208652C	0x02092A18	50412	0
0x02086538	0x02092A18	50400	0
0x02086544	0x02092A18	50388	0
0x02086550	0x02092A18	50376	0
0x0208655C	0x02092A18	50364	0
0x02086568	0x02092A18	50352	0
0x02086574	0x02092A18	50340	0
0x02086580	0x02092A18	50328	0
0x0208658C	0x02092A18	50316	0
0x02086598	0x02092A18	50304	0
0x020865A4	0x02092A18	50292	0
0x020865B0	0x02092A18	50280	0
0x020865BC	0x02092A18	50268	0
0x020865C8	0x02092A18	50256	0
0x020865D4	0x02092A18	50244	0
0x020865E0	0x02092A18	50232	0
0x020865EC	0x02092A18	50220	0
0x020865F8	0x02092A18	50208	0
0x02086604	0x02092A18	50196	0
0x02086610	0x02092A18	50184	0
0x0208661C	0x02092A18	50172	0
0x02086628	0x02092A18	50160	0
0x02086634	0x02092A18	50148	0
0x02086640	0x02092A18	50136	0
0x0208664C	0x02092A18	50124	0
0x02086658	0x02092A18	50112	0
0x02086664	0x02092A18	50100	0
0x02086670	0x02092A18	50088	0
0x0208667C	0x02092A18	50076	0
0x02086688	0x02092A18	50064	0
0x02086694	0x02092A18	50052	0
0x020866A0	0x02092A18	50040	0
0x020866AC	0x02092A18	50028	0
0x020866B8	0x02092A18	50016	0
0x020866C4	0x02092A18	50004	0
0x020866D0	0x02092A18	49992	0
0x020866DC	0x02092A18	49980	0
0x020866E8	0x02092A18	49968	0
0x020866F4	0x02092A18	49956	0
0x02086700	0x02092A18	49944	0
0x0208670C	0x02092A18	49932	0
0x02086718	0x02092A18	49920	0
0x02086724	0x02092A18	49908	0
0x02086730	0x02092A18	49896	0
0x0208673C	0x02092A18	49884	0
0x02086748	0x02092A18	49872	0
0x02086754	0x02092A18	49860	0
0x02086760	0x02092A18	49848	0
0x0208676C	0x02092A18	49836	0
0x02086778	0x02092A18	49824	0
0x02086784	0x02092A18	49812	0
0x02086790	0x02092A18	49800	0
0x0208679C	0x02092A18	49788	0
0x020867A8	0x02092A18	49776	0
0x020867B4	0x02092A18	49764	0
0x020867C0	0x02092A18	49752	0
0x020867CC	0x02092A18	49740	0
0x020867D8	0x02092A18	49728	0
0x020867E4	0x02092A18	49716	0
0x020867F0	0x02092A18	49704	0
0x020867FC	0x02092A18	49692	0
0x02086808	0x02092A18	49680	0
0x02086814	0x02092A18	49668	0
0x02086820	0x02092A18	49656	0
0x0208682C	0x02092A18	49644	0
0x02086838	0x02092A18	49632	0
0x02086844	0x02092A18	49620	0
0x02086850	0x02092A18	49608	0
0x0208685C	0x02092A18	49596	0
0x02086868	0x02092A18	49584	0
0x02086874	0x02092A18	49572	0
0x02086880	0x02092A18	49560	0
0x0208688C	0x02092A18	49548	0
0x02086898	0x02092A18	49536	0
0x020868A4	0x02092A18	49524	0
0x020868B0	0x02092A18	49512	0
0x020868BC	0x02092A18	49500	0
0x020868C8	0x02092A18	49488	0
0x020868D4	0x02092A18	49476	0
0x020868E0	0x02092A18	49464	0
0x020868EC	0x02092A18	49452	0
0x020868F8	0x02092A18	49440	0
0x02086904	0x02092A18	49428	0
0x02086910	0x02092A18	49416	0
0x0208691C	0x02092A18	49404	0
0x02086928	0x02092A18	49392	0
0x02086934	0x02092A18	49380	0
0x02086940	0x02092A18	49368	0
0x0208694C	0x02092A18	49356	0
0x02086958	0x02092A18	49344	0
0x02086964	0x02092A18	49332	0
0x02086970	0x02092A18	49320	0
0x0208697C	0x02092A18	49308	0
0x02086988	0x02092A18	49296	0
0x02086994	0x02092A18	49284	0
0x020869A0	0x02092A18	49272	0
0x020869AC	0x02092A18	49260	0
0x020869B8	0x02092A18	49248	0
0x020869C4	0x02092A18	49236	0
0x020869D0	0x02092A18	49224	0
0x020869DC	0x02092A18	49212	0
0x020869E8	0x02092A18	49200	0
0x020869F4	0x02092A18	49188	0
0x02086A00	0x02092A18	49176	0
0x02086A0C	0x02092A18	49164	0
0x02086A18	0x02092A18	49152	0
0x02086A24	0x02092A18	49140	0
0x02086A30	0x02092A18	49128	0
0x02086A3C	0x02092A18	49116	0
0x02086A48	0x02092A18	49104	0
0x02086A54	0x02092A18	49092	0
0x02086A60	0x02092A18	49080	0
0x02086A6C	0x02092A18	49068	0
0x02086A78	0x02092A18	49056	0
0x02086A88	0x02092A18	49040	0
0x02086A98	0x02092A18	49024	0
0x02086AA8	0x02092A18	49008	0
0x02086AB8	0x02092A18	48992	0
0x02086AC8	0x02092A18	48976	0
0x02086AD8	0x02092A18	48960	0
0x02086AE8	0x02092A18	48944	0
0x02086AF8	0x02092A18	48928	0
0x02086B08	0x02092A18	48912	0
0x02086B18	0x02092A18	48896	0
0x02086B28	0x02092A18	48880	0
0x02086B38	0x02092A18	48864	0
0x02086B48	0x02092A18	48848	0
0x02086B58	0x02092A18	48832	0
0x02086B68	0x02092A18	48816	0
0x02086B78	0x02092A18	48800	0
0x02086B88	0x02092A18	48784	0
0x02086B98	0x02092A18	48768	0
0x02086BA8	0x02092A18	48752	0
0x02086BB8	0x02092A18	48736	0
0x02086BC8	0x02092A18	48720	0
0x02086BD8	0x02092A18	48704	0
0x02086BE8	0x02092A18	48688	0
0x02086BF8	0x02092A18	48672	0
0x02086C08	0x02092A18	48656	0
0x02086C18	0x02092A18	48640	0
0x02086C28	0x02092A18	48624	0
0x02086C38	0x02092A18	48608	0
0x02086C48	0x02092A18	48592	0
0x02086C58	0x02092A18	48576	0
0x02086C68	0x02092A18	48560	0
0x02086C78	0x02092A18	48544	0
0x02086C88	0x02092A18	48528	0
0x02086C98	0x02092A18	48512	0
0x02086CA8	0x02092A18	48496	0
0x02086CB8	0x02092A18	48480	0
0x02086CC8	0x02092A18	48464	0
0x02086CD8	0x02092A18	48448	0
0x02086CE8	0x02092A18	48432	0
0x02086CF8	0x02092A18	48416	0
0x02086D08	0x02092A18	48400	0
0x02086D18	0x02092A18	48384	0
0x02086D2C	0x02092A18	48364	0
0x02086D40	0x02092A18	48344	0
0x02086D54	0x02092A18	48324	0
0x02086D68	0x02092A18	48304	0
0x02086D7C	0x02092A18	48284	0
0x02086D90	0x02092A18	48264	0
0x02086DA4	0x02092A18	48244	0
0x02086DB8	0x02092A18	48224	0
0x02086DCC	0x02092A18	48204	0
0x02086DE0	0x02092A18	48184	0
0x02086DF4	0x02092A18	48164	0
0x02086E08	0x02092A18	48144	0
0x02086E1C	0x02092A18	48124	0
0x02086E30	0x02092A18	48104	0
0x02086E44	0x02092A18	48084	0
0x02086E58	0x02092A18	48064	0
0x02086E6C	0x02092A18	48044	0
0x02086E80	0x02092A18	48024	0
0x02086E94	0x02092A18	48004	0
0x02086EA8	0x02092A18	47984	0
0x02086EBC	0x02092A18	47964	0
0x02086ED0	0x02092A18	47944	0
0x02086EE4	0x02092A18	47924	0
0x02086EF8	0x02092A18	47904	0
0x02086F0C	0x02092A18	47884	0
0x02086F20	0x02092A18	47864	0
0x02086F38	0x02092A18	47840	0
0x02086F54	0x02092A18	47812	0
0x02086F70	0x02092A18	47784	0
0x02086F8C	0x02092A18	47756	0
0x02086FA8	0x02092A18	47728	0
0x02086FC4	0x02092A18	47700	0
0x02086FE0	0x02092A18	47672	0
0x02086FFC	0x02092A18	47644	0
0x02087018	0x02092A18	47616	0
0x02087034	0x02092A18	47588	0
0x02087050	0x02092A18	47560	0
0x0208706C	0x02092A18	47532	0
0x02087088	0x02092A18	47504	0
0x020870A4	0x02092A18	47476	0
0x020870C0	0x02092A18	47448	0
0x020870E0	0x02092A18	47416	0
0x02087100	0x02092A18	47384	0
0x02087120	0x02092A18	47352	0
0x02087140	0x02092A18	47320	0
0x02087160	0x02092A18	47288	0
0x02087180	0x02092A18	47256	0
0x020871A0	0x02092A18	47224	0
0x020871C0	0x02092A18	47192	0
0x020871E0	0x02092A18	47160	0
0x02087200	0x02092A18	47128	0
0x02087220	0x02092A18	47096	0
0x02087240	0x02092A18	47064	0
0x02087260	0x02092A18	47032	0
0x02087280	0x02092A18	47000	0
0x020872A0	0x02092A18	46968	0
0x020872C0	0x02092A18	46936	0
0x020872E0	0x02092A18	46904	0
0x02087300	0x02092A18	46872	0
0x02087320	0x02092A18	46840	0
0x02087340	0x02092A18	46808	0
0x02087360	0x02092A18	46776	0
0x02087380	0x02092A18	46744	0
0x020873A0	0x02092A18	46712	0
0x020873C0	0x02092A18	46680	0
0x020873E0	0x02092A18	46648	0
0x02087400	0x02092A18	46616	0
0x02087420	0x02092A18	46584	0
0x02087440	0x02092A18	46552	0
0x02087460	0x02092A18	46520	0
0x02087480	0x02092A18	46488	0
0x020874A0	0x02092A18	46456	0
0x020874C0	0x02092A18	46424	0
0x020874E0	0x02092A18	46392	0
0x02087500	0x02092A18	46360	0
0x02087520	0x02092A18	46328	0
0x02087540	0x02092A18	46296	0
0x02087560	0x02092A18	46264	0
0x02087580	0x02092A18	46232	0
0x020875A0	0x02092A18	46200	0
0x020875C0	0x02092A18	46168	0
0x020875E0	0x02092A18	46136	0
0x02087600	0x02092A18	46104	0
0x02087620	0x02092A18	46072	0
0x02087640	0x02092A18	46040	0
0x02087660	0x02092A18	46008	0
0x02087680	0x02092A18	45976	0
0x020876A0	0x02092A18	45944	0
0x020876C0	0x02092A18	45912	0
0x020876E0	0x02092A18	45880	0
0x02087700	0x02092A18	45848	0
0x02087720	0x02092A18	45816	0
0x02087740	0x02092A18	45784	0
0x02087760	0x02092A18	45752	0
0x02087780	0x02092A18	45720	0
0x020877A0	0x02092A18	45688	0
0x020877C0	0x02092A18	45656	0
0x020877E0	0x02092A18	45624	0
0x02087800	0x02092A18	45592	0
0x02087820	0x02092A18	45560	0
0x02087840	0x02092A18	45528	0
0x02087860	0x02092A18	45496	0
0x02087880	0x02092A18	45464	0
0x020878A0	0x02092A18	45432	0
0x020878C0	0x02092A18	45400	0
0x020878E0	0x02092A18	45368	0
0x02087900	0x02092A18	45336	0
0x02087920	0x02092A18	45304	0
0x02087940	0x02092A18	45272	0
0x02087960	0x02092A18	45240	0
0x02087980	0x02092A18	45208	0
0x020879A0	0x02092A18	45176	0
0x020879C0	0x02092A18	45144	0
0x020879E0	0x02092A18	45112	0
0x02087A00	0x02092A18	45080	0
0x02087A20	0x02092A18	45048	0
0x02087A40	0x02092A18	45016	0
0x02087A60	0x02092A18	44984	0
0x02087A80	0x02092A18	44952	0
0x02087AA0	0x02092A18	44920	0
0x02087AC0	0x02092A18	44888	0
0x02087AE0	0x02092A18	44856	0
0x02087B00	0x02092A18	44824	0
0x02087B20	0x02092A18	44792	0
0x02087B40	0x02092A18	44760	0
0x02087B60	0x02092A18	44728	0
0x02087B80	0x02092A18	44696	0
0x02087BA0	0x02092A18	44664	0
0x02087BC0	0x02092A18	44632	0
0x02087BE0	0x02092A18	44600	0
0x02087C00	0x02092A18	44568	0
0x02087C20	0x02092A18	44536	0
0x02087C40	0x02092A18	44504	0
0x02087C60	0x02092A18	44472	0
0x02087C80	0x02092A18	44440	0
0x02087CA0	0x02092A18	44408	0
0x02087CC0	0x02092A18	44376	0
0x02087CE0	0x02092A18	44344	0
0x02087D00	0x02092A18	44312	0
0x02087D20	0x02092A18	44280	0
0x02087D40	0x02092A18	44248	0
0x02087D60	0x02092A18	44216	0
0x02087D80	0x02092A18	44184	0
0x02087DA0	0x02092A18	44152	0
0x02087DC0	0x02092A18	44120	0
0x02087DE0	0x02092A18	44088	0
0x02087E00	0x02092A18	44056	0
0x02087E20	0x02092A18	44024	0
0x02087E40	0x02092A18	43992	0
0x02087E60	0x02092A18	43960	0
0x02087E80	0x02092A18	43928	0
0x02087EA0	0x02092A18	43896	0
0x02087EC0	0x02092A18	43864	0
0x02087EE0	0x02092A18	43832	0
0x02087F00	0x02092A18	43800	0
0x02087F20	0x02092A18	43768	0
0x02087F40	0x02092A18	43736	0
0x02087F60	0x02092A18	43704	0
0x02087F80	0x02092A18	43672	0
0x02087FA0	0x02092A18	43640	0
0x02087FC0	0x02092A18	43608	0
0x02087FE0	0x02092A18	43576	0
0x02088000	0x02092A18	43544	0
0x02088020	0x02092A18	43512	0
0x02088040	0x02092A18	43480	0
0x02088060	0x02092A18	43448	0
0x02088080	0x02092A18	43416	0
0x020880A0	0x02092A18	43384	0
0x020880C0	0x02092A18	43352	0
0x020880E0	0x02092A18	43320	0
0x02088100	0x02092A18	43288	0
0x02088120	0x02092A18	43256	0
0x02088140	0x02092A18	43224	0
0x02088160	0x02092A18	43192	0
0x02088180	0x02092A18	43160	0
0x020881A0	0x02092A18	43128	0
0x020881C0	0x02092A18	43096	0
0x020881E0	0x02092A18	43064	0
0x02088200	0x02092A18	43032	0
0x02088220	0x02092A18	43000	0
0x02088240	0x02092A18	42968	0
0x02088260	0x02092A18	42936	0
0x02088280	0x02092A18	42904	0
0x020882A0	0x02092A18	42872	0
0x020882C0	0x02092A18	42840	0
0x020882E0	0x02092A18	42808	0
0x02088300	0x02092A18	42776	0
0x02088320	0x02092A18	42744	0
0x02088340	0x02092A18	42712	0
0x02088360	0x02092A18	42680	0
0x02088380	0x02092A18	42648	0
0x020883A0	0x02092A18	42616	0
0x020883C0	0x02092A18	42584	0
0x020883E0	0x02092A18	42552	0
0x02088400	0x02092A18	42520	0
0x02088420	0x02092A18	42488	0
0x02088440	0x02092A18	42456	0
0x02088460	0x02092A18	42424	0
0x02088480	0x02092A18	42392	0
0x020884A0	0x02092A18	42360	0
0x020884C0	0x02092A18	42328	0
0x020884E0	0x02092A18	42296	0
0x02088500	0x02092A18	42264	0
0x02088520	0x02092A18	42232	0
0x02088540	0x02092A18	42200	0
0x02088560	0x02092A18	42168	0
0x02088580	0x02092A18	42136	0
0x020885A0	0x02092A18	42104	0
0x020885C0	0x02092A18	42072	0
0x020885E0	0x02092A18	42040	0
0x02088600	0x02092A18	42008	0
0x02088620	0x02092A18	41976	0
0x02088640	0x02092A18	41944	0
0x02088660	0x02092A18	41912	0
0x02088680	0x02092A18	41880	0
0x020886A0	0x02092A18	41848	0
0x020886C0	0x02092A18	41816	0
0x020886E0	0x02092A18	41784	0
0x02088700	0x02092A18	41752	0
0x02088720	0x02092A18	41720	0
0x02088740	0x02092A18	41688	0
0x02088760	0x02092A18	41656	0
0x02088780	0x02092A18	41624	0
0x020887A0	0x02092A18	41592	0
0x020887C0	0x02092A18	41560	0
0x020887E0	0x02092A18	41528	0
0x02088800	0x02092A18	41496	0
0x02088820	0x02092A18	41464	0
0x02088840	0x02092A18	41432	0
0x02088860	0x02092A18	41400	0
0x02088880	0x02092A18	41368	0
0x020888A0	0x02092A18	41336	0
0x020888C0	0x02092A18	41304	0
0x020888E0	0x02092A18	41272	0
0x02088900	0x02092A18	41240	0
0x02088920	0x02092A18	41208	0
0x02088940	0x02092A18	41176	0
0x02088960	0x02092A18	41144	0
0x02088980	0x02092A18	41112	0
0x020889A0	0x02092A18	41080	0
0x020889C0	0x02092A18	41048	0
0x020889E0	0x02092A18	41016	0
0x02088A00	0x02092A18	40984	0
0x02088A20	0x02092A18	40952	0
0x02088A40	0x02092A18	40920	0
0x02088A60	0x02092A18	40888	0
0x02088A80	0x02092A18	40856	0
0x02088AA0	0x02092A18	40824	0
0x02088AC0	0x02092A18	40792	0
0x02088AE0	0x02092A18	40760	0
0x02088B00	0x02092A18	40728	0
0x02088B20	0x02092A18	40696	0
0x02088B40	0x02092A18	40664	0
0x02088B64	0x02092A18	40628	0
0x02088B88	0x02092A18	40592	0
0x02088BAC	0x02092A18	40556	0
0x02088BD0	0x02092A18	40520	0
0x02088BF4	0x02092A18	40484	0
0x02088C18	0x02092A18	40448	0
0x02088C3C	0x02092A18	40412	0
0x02088C60	0x02092A18	40376	0
0x02088C84	0x02092A18	40340	0
0x02088CA8	0x02092A18	40304	0
0x02088CCC	0x02092A18	40268	0
0x02088CF0	0x02092A18	40232	0
0x02088D14	0x02092A18	40196	0
0x02088D38	0x02092A18	40160	0
0x02088D5C	0x02092A18	40124	0
0x02088D80	0x02092A18	40088	0
0x02088DA4	0x02092A18	40052	0
0x02088DC8	0x02092A18	40016	0
0x02088DEC	0x02092A18	39980	0
0x02088E10	0x02092A18	39944	0
0x02088E34	0x02092A18	39908	0
0x02088E58	0x02092A18	39872	0
0x02088E7C	0x02092A18	39836	0
0x02088EA0	0x02092A18	39800	0
0x02088EC4	0x02092A18	39764	0
0x02088EE8	0x02092A18	39728	0
0x02088F0C	0x02092A18	39692	0
0x02088F30	0x02092A18	39656	0
0x02088F54	0x02092A18	39620	0
0x02088F78	0x02092A18	39584	0
0x02088F9C	0x02092A18	39548	0
0x02088FC0	0x02092A18	39512	0
0x02088FE4	0x02092A18	39476	0
0x02089008	0x02092A18	39440	0
0x0208902C	0x02092A18	39404	0
0x02089050	0x02092A18	39368	0
0x02089074	0x02092A18	39332	0
0x02089098	0x02092A18	39296	0
0x020890BC	0x02092A18	39260	0
0x020890E0	0x02092A18	39224	0
0x02089104	0x02092A18	39188	0
0x02089128	0x02092A18	39152	0
0x0208914C	0x02092A18	39116	0
0x02089170	0x02092A18	39080	0
0x02089194	0x02092A18	39044	0
0x020891B8	0x02092A18	39008	0
0x020891DC	0x02092A18	38972	0
0x02089200	0x02092A18	38936	0
0x02089224	0x02092A18	38900	0
0x02089248	0x02092A18	38864	0
0x0208926C	0x02092A18	38828	0
0x02089290	0x02092A18	38792	0
0x020892B4	0x02092A18	38756	0
0x020892D8	0x02092A18	38720	0
0x020892FC	0x02092A18	38684	0
0x02089320	0x02092A18	38648	0
0x02089344	0x02092A18	38612	0
0x02089368	0x02092A18	38576	0
0x0208938C	0x02092A18	38540	0
0x020893B0	0x02092A18	38504	0
0x020893D4	0x02092A18	38468	0
0x020893F8	0x02092A18	38432	0
0x0208941C	0x02092A18	38396	0
0x02089440	0x02092A18	38360	0
0x02089464	0x02092A18	38324	0
0x02089488	0x02092A18	38288	0
0x020894AC	0x02092A18	38252	0
0x020894D0	0x02092A18	38216	0
0x020894F4	0x02092A18	38180	0
0x02089518	0x02092A18	38144	0
0x0208953C	0x02092A18	38108	0
0x02089560	0x02092A18	38072	0
0x02089584	0x02092A18	38036	0
0x020895A8	0x02092A18	38000	0
0x020895CC	0x02092A18	37964	0
0x020895F0	0x02092A18	37928	0
0x02089614	0x02092A18	37892	0
0x02089638	0x02092A18	37856	0
0x0208965C	0x02092A18	37820	0
0x02089680	0x02092A18	37784	0
0x020896A4	0x02092A18	37748	0
0x020896C8	0x02092A18	37712	0
0x020896EC	0x02092A18	37676	0
0x02089710	0x02092A18	37640	0
0x02089734	0x02092A18	37604	0
0x02089758	0x02092A18	37568	0
0x0208977C	0x02092A18	37532	0
0x020897A0	0x02092A18	37496	0
0x020897C4	0x02092A18	37460	0
0x020897E8	0x02092A18	37424	0
0x0208980C	0x02092A18	37388	0
0x02089830	0x02092A18	37352	0
0x02089854	0x02092A18	37316	0
0x02089878	0x02092A18	37280	0
0x0208989C	0x02092A18	37244	0
0x020898C0	0x02092A18	37208	0
0x020898E4	0x02092A18	37172	0
0x02089908	0x02092A18	37136	0
0x0208992C	0x02092A18	37100	0
0x02089950	0x02092A18	37064	0
0x02089974	0x02092A18	37028	0
0x02089998	0x02092A18	36992	0
0x020899C0	0x02092A18	36952	0
0x020899E8	0x02092A18	36912	0
0x02089A10	0x02092A18	36872	0
0x02089A38	0x02092A18	36832	0
0x02089A60	0x02092A18	36792	0
0x02089A88	0x02092A18	36752	0
0x02089AB0	0x02092A18	36712	0
0x02089AD8	0x02092A18	36672	0
0x02089B00	0x02092A18	36632	0
0x02089B28	0x02092A18	36592	0
0x02089B50	0x02092A18	36552	0
0x02089B78	0x02092A18	36512	0
0x02089BA0	0x02092A18	36472	0
0x02089BC8	0x02092A18	36432	0
0x02089BF0	0x02092A18	36392	0
0x02089C18	0x02092A18	36352	0
0x02089C40	0x02092A18	36312	0
0x02089C68	0x02092A18	36272	0
0x02089C90	0x02092A18	36232	0
0x02089CB8	0x02092A18	36192	0
0x02089CE0	0x02092A18	36152	0
0x02089D08	0x02092A18	36112	0
0x02089D30	0x02092A18	36072	0
0x02089D58	0x02092A18	36032	0
0x02089D80	0x02092A18	35992	0
0x02089DA8	0x02092A18	35952	0
0x02089DD0	0x02092A18	35912	0
0x02089DF8	0x02092A18	35872	0
0x02089E20	0x02092A18	35832	0
0x02089E48	0x02092A18	35792	0
0x02089E70	0x02092A18	35752	0
0x02089E98	0x02092A18	35712	0
0x02089EC0	0x02092A18	35672	0
0x02089EE8	0x02092A18	35632	0
0x02089F10	0x02092A18	35592	0
0x02089F38	0x02092A18	35552	0
0x02089F60	0x02092A18	35512	0
0x02089F88	0x02092A18	35472	0
0x02089FB0	0x02092A18	35432	0
0x02089FD8	0x02092A18	35392	0
0x0208A000	0x02092A18	35352	0
0x0208A028	0x02092A18	35312	0
0x0208A050	0x02092A18	35272	0
0x0208A078	0x02092A18	35232	0
0x0208A0A0	0x02092A18	35192	0
0x0208A0C8	0x02092A18	35152	0
0x0208A0F0	0x02092A18	35112	0
0x0208A118	0x02092A18	35072	0
0x0208A140	0x02092A18	35032	0
0x0208A168	0x02092A18	34992	0
0x0208A190	0x02092A18	34952	0
0x0208A1B8	0x02092A18	34912	0
0x0208A1E0	0x02092A18	34872	0
0x0208A208	0x02092A18	34832	0
0x0208A230	0x02092A18	34792	0
0x0208A258	0x02092A18	34752	0
0x0208A280	0x02092A18	34712	0
0x0208A2A8	0x02092A18	34672	0
0x0208A2D0	0x02092A18	34632	0
0x0208A2F8	0x02092A18	34592	0
0x0208A320	0x02092A18	34552	0
0x0208A34C	0x02092A18	34508	0
0x0208A378	0x02092A18	34464	0
0x0208A3A4	0x02092A18	34420	0
0x0208A3D0	0x02092A18	34376	0
0x0208A3FC	0x02092A18	34332	0
0x0208A428	0x02092A18	34288	0
0x0208A454	0x02092A18	34244	0
0x0208A480	0x02092A18	34200	0
0x0208A4AC	0x02092A18	34156	0
0x0208A4D8	0x02092A18	34112	0
0x0208A504	0x02092A18	34068	0
0x0208A530	0x02092A18	34024	0
0x0208A55C	0x02092A18	33980	0
0x0208A588	0x02092A18	33936	0
0x0208A5B4	0x02092A18	33892	0
0x0208A5E0	0x02092A18	33848	0
0x0208A610	0x02092A18	33800	0
0x0208A640	0x02092A18	33752	0
0x0208A644	0x02092A18	33748	0
0x0208A648	0x02092A18	33744	0
0x0208A64C	0x02092A18	33740	0
0x0208A650	0x02092A18	33736	0
0x0208A654	0x02092A18	33732	0
0x0208A658	0x02092A18	33728	0
0x0208A65C	0x02092A18	33724	0
0x0208A660	0x02092A18	33720	0
0x0208A664	0x02092A18	33716	0
0x0208A668	0x02092A18	33712	0
0x0208A66C	0x02092A18	33708	0
0x0208A670	0x02092A18	33704	0
0x0208A674	0x02092A18	33700	0
0x0208A678	0x02092A18	33696	0
0x0208A67C	0x02092A18	33692	0
0x0208A680	0x02092A18	33688	0
0x0208A684	0x02092A18	33684	0
0x0208A688	0x02092A18	33680	0
0x0208A68C	0x02092A18	33676	0
0x0208A690	0x02092A18	33672	0
0x0208A698	0x02092A18	33664	0
0x0208A6A0	0x02092A18	33656	0
0x0208A6A8	0x02092A18	33648	0
0x0208A6B0	0x02092A18	33640	0
0x0208A6B8	0x02092A18	33632	0
0x0208A6C0	0x02092A18	33624	0
0x0208A6C8	0x02092A18	33616	0
0x0208A6D0	0x02092A18	33608	0
0x0208A6D8	0x02092A18	33600	0
0x0208A6E0	0x02092A18	33592	0
0x0208A6E8	0x02092A18	33584	0
0x0208A6F0	0x02092A18	33576	0
0x0208A6F8	0x02092A18	33568	0
0x0208A700	0x02092A18	33560	0
0x0208A708	0x02092A18	33552	0
0x0208A710	0x02092A18	33544	0
0x0208A718	0x02092A18	33536	0
0x0208A720	0x02092A18	33528	0
0x0208A728	0x02092A18	33520	0
0x0208A730	0x02092A18	33512	0
0x0208A738	0x02092A18	33504	0
0x0208A740	0x02092A18	33496	0
0x0208A748	0x02092A18	33488	0
0x0208A750	0x02092A18	33480	0
0x0208A758	0x02092A18	33472	0
0x0208A760	0x02092A18	33464	0
0x0208A768	0x02092A18	33456	0
0x0208A770	0x02092A18	33448	0
0x0208A778	0x02092A18	33440	0
0x0208A780	0x02092A18	33432	0
0x0208A788	0x02092A18	33424	0
0x0208A790	0x02092A18	33416	0
0x0208A798	0x02092A18	33408	0
0x0208A7A0	0x02092A18	33400	0
0x0208A7A8	0x02092A18	33392	0
0x0208A7B0	0x02092A18	33384	0
0x0208A7B8	0x02092A18	33376	0
0x0208A7C0	0x02092A18	33368	0
0x0208A7C8	0x02092A18	33360	0
0x0208A7D0	0x02092A18	33352	0
0x0208A7D8	0x02092A18	33344	0
0x0208A7E0	0x02092A18	33336	0
0x0208A7E8	0x02092A18	33328	0
0x0208A7F0	0x02092A18	33320	0
0x0208A7F8	0x02092A18	33312	0
0x0208A800	0x02092A18	33304	0
0x0208A808	0x02092A18	33296	0
0x0208A810	0x02092A18	33288	0
0x0208A818	0x02092A18	33280	0
0x0208A820	0x02092A18	33272	0
0x0208A828	0x02092A18	33264	0
0x0208A830	0x02092A18	33256	0
0x0208A838	0x02092A18	33248	0
0x0208A840	0x02092A18	33240	0
0x0208A848	0x02092A18	33232	0
0x0208A850	0x02092A18	33224	0
0x0208A858	0x02092A18	33216	0
0x0208A860	0x02092A18	33208	0
0x0208A868	0x02092A18	33200	0
0x0208A870	0x02092A18	33192	0
0x0208A878	0x02092A18	33184	0
0x0208A880	0x02092A18	33176	0
0x0208A888	0x02092A18	33168	0
0x0208A890	0x02092A18	33160	0
0x0208A898	0x02092A18	33152	0
0x0208A8A0	0x02092A18	33144	0
0x0208A8A8	0x02092A18	33136	0
0x0208A8B0	0x02092A18	33128	0
0x0208A8B8	0x02092A18	33120	0
0x0208A8C0	0x02092A18	33112	0
0x0208A8C8	0x02092A18	33104	0
0x0208A8D0	0x02092A18	33096	0
0x0208A8D8	0x02092A18	33088	0
0x0208A8E0	0x02092A18	33080	0
0x0208A8E8	0x02092A18	33072	0
0x0208A8F0	0x02092A18	33064	0
0x0208A8F8	0x02092A18	33056	0
0x0208A900	0x02092A18	33048	0
0x0208A908	0x02092A18	33040	0
0x0208A910	0x02092A18	33032	0
0x0208A918	0x02092A18	33024	0
0x0208A920	0x02092A18	33016	0
0x0208A928	0x02092A18	33008	0
0x0208A930	0x02092A18	33000	0
0x0208A938	0x02092A18	32992	0
0x0208A940	0x02092A18	32984	0
0x0208A948	0x02092A18	32976	0
0x0208A950	0x02092A18	32968	0
0x0208A958	0x02092A18	32960	0
0x0208A960	0x02092A18	32952	0
0x0208A968	0x02092A18	32944	0
0x0208A970	0x02092A18	32936	0
0x0208A978	0x02092A18	32928	0
0x0208A980	0x02092A18	32920	0
0x0208A988	0x02092A18	32912	0
0x0208A990	0x02092A18	32904	0
0x0208A998	0x02092A18	32896	0
0x0208A9A0	0x02092A18	32888	0
0x0208A9A8	0x02092A18	32880	0
0x0208A9B0	0x02092A18	32872	0
0x0208A9B8	0x02092A18	32864	0
0x0208A9C0	0x02092A18	32856	0
0x0208A9C8	0x02092A18	32848	0
0x0208A9D0	0x02092A18	32840	0
0x0208A9D8	0x02092A18	32832	0
0x0208A9E0	0x02092A18	32824	0
0x0208A9E8	0x02092A18	32816	0
0x0208A9F0	0x02092A18	32808	0
0x0208A9F8	0x02092A18	32800	0
0x0208AA00	0x02092A18	32792	0
0x0208AA08	0x02092A18	32784	0
0x0208AA10	0x02092A18	32776	0
0x0208AA18	0x02092A18	32768	0
0x0208AA20	0x02092A18	32760	0
0x0208AA28	0x02092A18	32752	0
0x0208AA30	0x02092A18	32744	0
0x0208AA38	0x02092A18	32736	0
0x0208AA40	0x02092A18	32728	0
0x0208AA48	0x02092A18	32720	0
0x0208AA50	0x02092A18	32712	0
0x0208AA58	0x02092A18	32704	0
0x0208AA60	0x02092A18	32696	0
0x0208AA68	0x02092A18	32688	0
0x0208AA70	0x02092A18	32680	0
0x0208AA78	0x02092A18	32672	0
0x0208AA80	0x02092A18	32664	0
0x0208AA88	0x02092A18	32656	0
0x0208AA90	0x02092A18	32648	0
0x0208AA98	0x02092A18	32640	0
0x0208AAA0	0x02092A18	32632	0
0x0208AAA8	0x02092A18	32624	0
0x0208AAB0	0x02092A18	32616	0
0x0208AAB8	0x02092A18	32608	0
0x0208AAC0	0x02092A18	32600	0
0x0208AAC8	0x02092A18	32592	0
0x0208AAD0	0x02092A18	32584	0
0x0208AAD8	0x02092A18	32576	0
0x0208AAE0	0x02092A18	32568	0
0x0208AAE8	0x02092A18	32560	0
0x0208AAF0	0x02092A18	32552	0
0x0208AAF8	0x02092A18	32544	0
0x0208AB00	0x02092A18	32536	0
0x0208AB08	0x02092A18	32528	0
0x0208AB10	0x02092A18	32520	0
0x0208AB18	0x02092A18	32512	0
0x0208AB20	0x02092A18	32504	0
0x0208AB28	0x02092A18	32496	0
0x0208AB30	0x02092A18	32488	0
0x0208AB38	0x02092A18	32480	0
0x0208AB40	0x02092A18	32472	0
0x0208AB48	0x02092A18	32464	0
0x0208AB50	0x02092A18	32456	0
0x0208AB58	0x02092A18	32448	0
0x0208AB60	0x02092A18	32440	0
0x0208AB68	0x02092A18	32432	0
0x0208AB70	0x02092A18	32424	0
0x0208AB78	0x02092A18	32416	0
0x0208AB80	0x02092A18	32408	0
0x0208AB88	0x02092A18	32400	0
0x0208AB90	0x02092A18	32392	0
0x0208AB9C	0x02092A18	32380	0
0x0208ABA8	0x02092A18	32368	0
0x0208ABB4	0x02092A18	32356	0
0x0208ABC0	0x02092A18	32344	0
0x0208ABCC	0x02092A18	32332	0
0x0208ABD8	0x02092A18	32320	0
0x0208ABE4	0x02092A18	32308	0
0x0208ABF0	0x02092A18	32296	0
0x0208ABFC	0x02092A18	32284	0
0x0208AC08	0x02092A18	32272	0
0x0208AC14	0x02092A18	32260	0
0x0208AC20	0x02092A18	32248	0
0x0208AC2C	0x02092A18	32236	0
0x0208AC38	0x02092A18	32224	0
0x0208AC44	0x02092A18	32212	0
0x0208AC50	0x02092A18	32200	0
0x0208AC5C	0x02092A18	32188	0
0x0208AC68	0x02092A18	32176	0
0x0208AC74	0x02092A18	32164	0
0x0208AC80	0x02092A18	32152	0
0x0208AC8C	0x02092A18	32140	0
0x0208AC98	0x02092A18	32128	0
0x0208ACA4	0x02092A18	32116	0
0x0208ACB0	0x02092A18	32104	0
0x0208ACBC	0x02092A18	32092	0
0x0208ACC8	0x02092A18	32080	0
0x0208ACD4	0x02092A18	32068	0
0x0208ACE0	0x02092A18	32056	0
0x0208ACEC	0x02092A18	32044	0
0x0208ACF8	0x02092A18	32032	0
0x0208AD04	0x02092A18	32020	0
0x0208AD10	0x02092A18	32008	0
0x0208AD1C	0x02092A18	31996	0
0x0208AD28	0x02092A18	31984	0
0x0208AD34	0x02092A18	31972	0
0x0208AD40	0x02092A18	31960	0
0x0208AD4C	0x02092A18	31948	0
0x0208AD58	0x02092A18	31936	0
0x0208AD64	0x02092A18	31924	0
0x0208AD70	0x02092A18	31912	0
0x0208AD7C	0x02092A18	31900	0
0x0208AD88	0x02092A18	31888	0
0x0208AD94	0x02092A18	31876	0
0x0208ADA0	0x02092A18	31864	0
0x0208ADAC	0x02092A18	31852	0
0x0208ADB8	0x02092A18	31840	0
0x0208ADC4	0x02092A18	31828	0
0x0208ADD0	0x02092A18	31816	0
0x0208ADDC	0x02092A18	31804	0
0x0208ADE8	0x02092A18	31792	0
0x0208ADF4	0x02092A18	31780	0
0x0208AE00	0x02092A18	31768	0
0x0208AE0C	0x02092A18	31756	0
0x0208AE18	0x02092A18	31744	0
0x0208AE24	0x02092A18	31732	0
0x0208AE30	0x02092A18	31720	0
0x0208AE3C	0x02092A18	31708	0
0x0208AE48	0x02092A18	31696	0
0x0208AE54	0x02092A18	31684	0
0x0208AE60	0x02092A18	31672	0
0x0208AE6C	0x02092A18	31660	0
0x0208AE78	0x02092A18	31648	0
0x0208AE84	0x02092A18	31636	0
0x0208AE90	0x02092A18	31624	0
0x0208AE9C	0x02092A18	31612	0
0x0208AEA8	0x02092A18	31600	0
0x0208AEB4	0x02092A18	31588	0
0x0208AEC0	0x02092A18	31576	0
0x0208AECC	0x02092A18	31564	0
0x0208AED8	0x02092A18	31552	0
0x0208AEE4	0x02092A18	31540	0
0x0208AEF0	0x02092A18	31528	0
0x0208AEFC	0x02092A18	31516	0
0x0208AF08	0x02092A18	31504	0
0x0208AF14	0x02092A18	31492	0
0x0208AF20	0x02092A18	31480	0
0x0208AF2C	0x02092A18	31468	0
0x0208AF38	0x02092A18	31456	0
0x0208AF44	0x02092A18	31444	0
0x0208AF50	0x02092A18	31432	0
0x0208AF5C	0x02092A18	31420	0
0x0208AF68	0x02092A18	31408	0
0x0208AF74	0x02092A18	31396	0
0x0208AF80	0x02092A18	31384	0
0x0208AF8C	0x02092A18	31372	0
0x0208AF98	0x02092A18	31360	0
0x0208AFA4	0x02092A18	31348	0
0x0208AFB0	0x02092A18	31336	0
0x0208AFBC	0x02092A18	31324	0
0x0208AFC8	0x02092A18	31312	0
0x0208AFD4	0x02092A18	31300	0
0x0208AFE0	0x02092A18	31288	0
0x0208AFEC	0x02092A18	31276	0
0x0208AFF8	0x02092A18	31264	0
0x0208B004	0x02092A18	31252	0
0x0208B010	0x02092A18	31240	0
0x0208B01C	0x02092A18	31228	0
0x0208B028	0x02092A18	31216	0
0x0208B034	0x02092A18	31204	0
0x0208B040	0x02092A18	31192	0
0x0208B04C	0x02092A18	31180	0
0x0208B058	0x02092A18	31168	0
0x0208B064	0x02092A18	31156	0
0x0208B070	0x02092A18	31144	0
0x0208B07C	0x02092A18	31132	0
0x0208B088	0x02092A18	31120	0
0x0208B094	0x02092A18	31108	0
0x0208B0A0	0x02092A18	31096	0
0x0208B0AC	0x02092A18	31084	0
0x0208B0B8	0x02092A18	31072	0
0x0208B0C4	0x02092A18	31060	0
0x0208B0D0	0x02092A18	31048	0
0x0208B0DC	0x02092A18	31036	0
0x0208B0E8	0x02092A18	31024	0
0x0208B0F4	0x02092A18	31012	0
0x0208B100	0x02092A18	31000	0
0x0208B10C	0x02092A18	30988	0
0x0208B118	0x02092A18	30976	0
0x0208B124	0x02092A18	30964	0
0x0208B130	0x02092A18	30952	0
0x0208B13C	0x02092A18	30940	0
0x0208B148	0x02092A18	30928	0
0x0208B154	0x02092A18	30916	0
0x0208B160	0x02092A18	30904	0
0x0208B16C	0x02092A18	30892	0
0x0208B17C	0x02092A18	30876	0
0x0208B18C	0x02092A18	30860	0
0x0208B19C	0x02092A18	30844	0
0x0208B1AC	0x02092A18	30828	0
0x0208B1BC	0x02092A18	30812	0
0x0208B1CC	0x02092A18	30796	0
0x0208B1DC	0x02092A18	30780	0
0x0208B1EC	0x02092A18	30764	0
0x0208B1FC	0x02092A18	30748	0
0x0208B20C	0x02092A18	30732	0
0x0208B21C	0x02092A18	30716	0
0x0208B22C	0x02092A18	30700	0
0x0208B23C	0x02092A18	30684	0
0x0208B24C	0x02092A18	30668	0
0x0208B25C	0x02092A18	30652	0
0x0208B26C	0x02092A18	30636	0
0x0208B27C	0x02092A18	30620	0
0x0208B28C	0x02092A18	30604	0
0x0208B29C	0x02092A18	30588	0
0x0208B2AC	0x02092A18	30572	0
0x0208B2BC	0x02092A18	30556	0
0x0208B2CC	0x02092A18	30540	0
0x0208B2DC	0x02092A18	30524	0
0x0208B2EC	0x02092A18	30508	0
0x0208B2FC	0x02092A18	30492	0
0x0208B30C	0x02092A18	30476	0
0x0208B31C	0x02092A18	30460	0
0x0208B32C	0x02092A18	30444	0
0x0208B33C	0x02092A18	30428	0
0x0208B34C	0x02092A18	30412	0
0x0208B35C	0x02092A18	30396	0
0x0208B36C	0x02092A18	30380	0
0x0208B37C	0x02092A18	30364	0
0x0208B38C	0x02092A18	30348	0
0x0208B39C	0x02092A18	30332	0
0x0208B3AC	0x02092A18	30316	0
0x0208B3BC	0x02092A18	30300	0
0x0208B3CC	0x02092A18	30284	0
0x0208B3DC	0x02092A18	30268	0
0x0208B3EC	0x02092A18	30252	0
0x0208B3FC	0x02092A18	30236	0
0x0208B40C	0x02092A18	30220	0
0x0208B41C	0x02092A18	30204	0
0x0208B42C	0x02092A18	30188	0
0x0208B43C	0x02092A18	30172	0
0x0208B44C	0x02092A18	30156	0
0x0208B45C	0x02092A18	30140	0
0x0208B46C	0x02092A18	30124	0
0x0208B47C	0x02092A18	30108	0
0x0208B48C	0x02092A18	30092	0
0x0208B49C	0x02092A18	30076	0
0x0208B4AC	0x02092A18	30060	0
0x0208B4BC	0x02092A18	30044	0
0x0208B4CC	0x02092A18	30028	0
0x0208B4DC	0x02092A18	30012	0
0x0208B4EC	0x02092A18	29996	0
0x0208B4FC	0x02092A18	29980	0
0x0208B50C	0x02092A18	29964	0
0x0208B51C	0x02092A18	29948	0
0x0208B52C	0x02092A18	29932	0
0x0208B53C	0x02092A18	29916	0
0x0208B54C	0x02092A18	29900	0
0x0208B55C	0x02092A18	29884	0
0x0208B56C	0x02092A18	29868	0
0x0208B57C	0x02092A18	29852	0
0x0208B58C	0x02092A18	29836	0
0x0208B59C	0x02092A18	29820	0
0x0208B5AC	0x02092A18	29804	0
0x0208B5BC	0x02092A18	29788	0
0x0208B5CC	0x02092A18	29772	0
0x0208B5DC	0x02092A18	29756	0
0x0208B5F0	0x02092A18	29736	0
0x0208B604	0x02092A18	29716	0
0x0208B618	0x02092A18	29696	0
0x0208B62C	0x02092A18	29676	0
0x0208B640	0x02092A18	29656	0
0x0208B654	0x02092A18	29636	0
0x0208B668	0x02092A18	29616	0
0x0208B67C	0x02092A18	29596	0
0x0208B690	0x02092A18	29576	0
0x0208B6A4	0x02092A18	29556	0
0x0208B6B8	0x02092A18	29536	0
0x0208B6CC	0x02092A18	29516	0
0x0208B6E0	0x02092A18	29496	0
0x0208B6F4	0x02092A18	29476	0
0x0208B708	0x02092A18	29456	0
0x0208B71C	0x02092A18	29436	0
0x0208B730	0x02092A18	29416	0
0x0208B744	0x02092A18	29396	0
0x0208B758	0x02092A18	29376	0
0x0208B76C	0x02092A18	29356	0
0x0208B780	0x02092A18	29336	0
0x0208B794	0x02092A18	29316	0
0x0208B7A8	0x02092A18	29296	0
0x0208B7BC	0x02092A18	29276	0
0x0208B7D0	0x02092A18	29256	0
0x0208B7E4	0x02092A18	29236	0
0x0208B7F8	0x02092A18	29216	0
0x0208B80C	0x02092A18	29196	0
0x0208B820	0x02092A18	29176	0
0x0208B834	0x02092A18	29156	0
0x0208B848	0x02092A18	29136	0
0x0208B85C	0x02092A18	29116	0
0x0208B870	0x02092A18	29096	0
0x0208B888	0x02092A18	29072	0
0x0208B8A0	0x02092A18	29048	0
0x0208B8B8	0x02092A18	29024	0
0x0208B8D0	0x02092A18	29000	0
0x0208B8E8	0x02092A18	28976	0
0x0208B900	0x02092A18	28952	0
0x0208B918	0x02092A18	28928	0
0x0208B930	0x02092A18	28904	0
0x0208B948	0x02092A18	28880	0
0x0208B960	0x02092A18	28856	0
0x0208B978	0x02092A18	28832	0
0x0208B990	0x02092A18	28808	0
0x0208B9A8	0x02092A18	28784	0
0x0208B9C0	0x02092A18	28760	0
0x0208B9D8	0x02092A18	28736	0
0x0208B9F0	0x02092A18	28712	0
0x0208BA08	0x02092A18	28688	0
0x0208BA20	0x02092A18	28664	0
0x0208BA38	0x02092A18	28640	0
0x0208BA50	0x02092A18	28616	0
0x0208BA68	0x02092A18	28592	0
0x0208BA80	0x02092A18	28568	0
0x0208BA98	0x02092A18	28544	0
0x0208BAB0	0x02092A18	28520	0
0x0208BAC8	0x02092A18	28496	0
0x0208BAE0	0x02092A18	28472	0
0x0208BAF8	0x02092A18	28448	0
0x0208BB10	0x02092A18	28424	0
0x0208BB28	0x02092A18	28400	0
0x0208BB40	0x02092A18	28376	0
0x0208BB58	0x02092A18	28352	0
0x0208BB70	0x02092A18	28328	0
0x0208BB88	0x02092A18	28304	0
0x0208BBA0	0x02092A18	28280	0
0x0208BBB8	0x02092A18	28256	0
0x0208BBD0	0x02092A18	28232	0
0x0208BBE8	0x02092A18	28208	0
0x0208BC00	0x02092A18	28184	0
0x0208BC18	0x02092A18	28160	0
0x0208BC30	0x02092A18	28136	0
0x0208BC48	0x02092A18	28112	0
0x0208BC60	0x02092A18	28088	0
0x0208BC78	0x02092A18	28064	0
0x0208BC90	0x02092A18	28040	0
0x0208BCA8	0x02092A18	28016	0
0x0208BCC0	0x02092A18	27992	0
0x0208BCD8	0x02092A18	27968	0
0x0208BCF0	0x02092A18	27944	0
0x0208BD08	0x02092A18	27920	0
0x0208BD20	0x02092A18	27896	0
0x0208BD38	0x02092A18	27872	0
0x0208BD50	0x02092A18	27848	0
0x0208BD68	0x02092A18	27824	0
0x0208BD80	0x02092A18	27800	0
0x0208BD98	0x02092A18	27776	0
0x0208BDB0	0x02092A18	27752	0
0x0208BDC8	0x02092A18	27728	0
0x0208BDE0	0x02092A18	27704	0
0x0208BDF8	0x02092A18	27680	0
0x0208BE10	0x02092A18	27656	0
0x0208BE28	0x02092A18	27632	0
0x0208BE40	0x02092A18	27608	0
0x0208BE58	0x02092A18	27584	0
0x0208BE70	0x02092A18	27560	0
0x0208BE88	0x02092A18	27536	0
0x0208BEA0	0x02092A18	27512	0
0x0208BEB8	0x02092A18	27488	0
0x0208BED0	0x02092A18	27464	0
0x0208BEE8	0x02092A18	27440	0
0x0208BF00	0x02092A18	27416	0
0x0208BF18	0x02092A18	27392	0
0x0208BF30	0x02092A18	27368	0
0x0208BF48	0x02092A18	27344	0
0x0208BF60	0x02092A18	27320	0
0x0208BF78	0x02092A18	27296	0
0x0208BF90	0x02092A18	27272	0
0x0208BFA8	0x02092A18	27248	0
0x0208BFC0	0x02092A18	27224	0
0x0208BFD8	0x02092A18	27200	0
0x0208BFF0	0x02092A18	27176	0
0x0208C008	0x02092A18	27152	0
0x0208C020	0x02092A18	27128	0
0x0208C038	0x02092A18	27104	0
0x0208C050	0x02092A18	27080	0
0x0208C068	0x02092A18	27056	0
0x0208C080	0x02092A18	27032	0
0x0208C098	0x02092A18	27008	0
0x0208C0B0	0x02092A18	26984	0
0x0208C0C8	0x02092A18	26960	0
0x0208C0E0	0x02092A18	26936	0
0x0208C0F8	0x02092A18	26912	0
0x0208C110	0x02092A18	26888	0
0x0208C128	0x02092A18	26864	0
0x0208C140	0x02092A18	26840	0
0x0208C158	0x02092A18	26816	0
0x0208C170	0x02092A18	26792	0
0x0208C188	0x02092A18	26768	0
0x0208C1A0	0x02092A18	26744	0
0x0208C1B8	0x02092A18	26720	0
0x0208C1D0	0x02092A18	26696	0
0x0208C1E8	0x02092A18	26672	0
0x0208C200	0x02092A18	26648	0
0x0208C218	0x02092A18	26624	0
0x0208C230	0x02092A18	26600	0
0x0208C248	0x02092A18	26576	0
0x0208C260	0x02092A18	26552	0
0x0208C278	0x02092A18	26528	0
0x0208C290	0x02092A18	26504	0
0x0208C2A8	0x02092A18	26480	0
0x0208C2C0	0x02092A18	26456	0
0x0208C2D8	0x02092A18	26432	0
0x0208C2F0	0x02092A18	26408	0
0x0208C308	0x02092A18	26384	0
0x0208C320	0x02092A18	26360	0
0x0208C338	0x02092A18	26336	0
0x0208C350	0x02092A18	26312	0
0x0208C368	0x02092A18	26288	0
0x0208C380	0x02092A18	26264	0
0x0208C398	0x02092A18	26240	0
0x0208C3B0	0x02092A18	26216	0
0x0208C3C8	0x02092A18	26192	0
0x0208C3E0	0x02092A18	26168	0
0x0208C3F8	0x02092A18	26144	0
0x0208C410	0x02092A18	26120	0
0x0208C428	0x02092A18	26096	0
0x0208C440	0x02092A18	26072	0
0x0208C458	0x02092A18	26048	0
0x0208C474	0x02092A18	26020	0
0x0208C490	0x02092A18	25992	0
0x0208C4AC	0x02092A18	25964	0
0x0208C4C8	0x02092A18	25936	0
0x0208C4E4	0x02092A18	25908	0
0x0208C500	0x02092A18	25880	0
0x0208C51C	0x02092A18	25852	0
0x0208C538	0x02092A18	25824	0
0x0208C554	0x02092A18	25796	0
0x0208C570	0x02092A18	25768	0
0x0208C58C	0x02092A18	25740	0
0x0208C5A8	0x02092A18	25712	0
0x0208C5C4	0x02092A18	25684	0
0x0208C5E0	0x02092A18	25656	0
0x0208C5FC	0x02092A18	25628	0
0x0208C618	0x02092A18	25600	0
0x0208C634	0x02092A18	25572	0
0x0208C650	0x02092A18	25544	0
0x0208C66C	0x02092A18	25516	0
0x0208C688	0x02092A18	25488	0
0x0208C6A4	0x02092A18	25460	0
0x0208C6C0	0x02092A18	25432	0
0x0208C6DC	0x02092A18	25404	0
0x0208C6F8	0x02092A18	25376	0
0x0208C714	0x02092A18	25348	0
0x0208C730	0x02092A18	25320	0
0x0208C74C	0x02092A18	25292	0
0x0208C768	0x02092A18	25264	0
0x0208C784	0x02092A18	25236	0
0x0208C7A0	0x02092A18	25208	0
0x0208C7BC	0x02092A18	25180	0
0x0208C7D8	0x02092A18	25152	0
0x0208C7F4	0x02092A18	25124	0
0x0208C810	0x02092A18	25096	0
0x0208C82C	0x02092A18	25068	0
0x0208C848	0x02092A18	25040	0
0x0208C864	0x02092A18	25012	0
0x0208C880	0x02092A18	24984	0
0x0208C89C	0x02092A18	24956	0
0x0208C8B8	0x02092A18	24928	0
0x0208C8D4	0x02092A18	24900	0
0x0208C8F0	0x02092A18	24872	0
0x0208C90C	0x02092A18	24844	0
0x0208C928	0x02092A18	24816	0
0x0208C944	0x02092A18	24788	0
0x0208C960	0x02092A18	24760	0
0x0208C97C	0x02092A18	24732	0
0x0208C998	0x02092A18	24704	0
0x0208C9B4	0x02092A18	24676	0
0x0208C9D0	0x02092A18	24648	0
0x0208C9EC	0x02092A18	24620	0
0x0208CA08	0x02092A18	24592	0
0x0208CA24	0x02092A18	24564	0
0x0208CA40	0x02092A18	24536	0
0x0208CA5C	0x02092A18	24508	0
0x0208CA78	0x02092A18	24480	0
0x0208CA94	0x02092A18	24452	0
0x0208CAB0	0x02092A18	24424	0
0x0208CACC	0x02092A18	24396	0
0x0208CAE8	0x02092A18	24368	0
0x0208CB04	0x02092A18	24340	0
0x0208CB20	0x02092A18	24312	0
0x0208CB3C	0x02092A18	24284	0
0x0208CB58	0x02092A18	24256	0
0x0208CB74	0x02092A18	24228	0
0x0208CB90	0x02092A18	24200	0
0x0208CBAC	0x02092A18	24172	0
0x0208CBC8	0x02092A18	24144	0
0x0208CBE4	0x02092A18	24116	0
0x0208CC00	0x02092A18	24088	0
0x0208CC1C	0x02092A18	24060	0
0x0208CC38	0x02092A18	24032	0
0x0208CC54	0x02092A18	24004	0
0x0208CC70	0x02092A18	23976	0
0x0208CC8C	0x02092A18	23948	0
0x0208CCA8	0x02092A18	23920	0
0x0208CCC4	0x02092A18	23892	0
0x0208CCE0	0x02092A18	23864	0
0x0208CCFC	0x02092A18	23836	0
0x0208CD18	0x02092A18	23808	0
0x0208CD34	0x02092A18	23780	0
0x0208CD50	0x02092A18	23752	0
0x0208CD6C	0x02092A18	23724	0
0x0208CD88	0x02092A18	23696	0
0x0208CDA4	0x02092A18	23668	0
0x0208CDC0	0x02092A18	23640	0
0x0208CDDC	0x02092A18	23612	0
0x0208CDF8	0x02092A18	23584	0
0x0208CE14	0x02092A18	23556	0
0x0208CE30	0x02092A18	23528	0
0x0208CE4C	0x02092A18	23500	0
0x0208CE68	0x02092A18	23472	0
0x0208CE84	0x02092A18	23444	0
0x0208CEA0	0x02092A18	23416	0
0x0208CEBC	0x02092A18	23388	0
0x0208CED8	0x02092A18	23360	0
0x0208CEF4	0x02092A18	23332	0
0x0208CF10	0x02092A18	23304	0
0x0208CF2C	0x02092A18	23276	0
0x0208CF48	0x02092A18	23248	0
0x0208CF64	0x02092A18	23220	0
0x0208CF80	0x02092A18	23192	0
0x0208CF9C	0x02092A18	23164	0
0x0208CFB8	0x02092A18	23136	0
0x0208CFD4	0x02092A18	23108	0
0x0208CFF0	0x02092A18	23080	0
0x0208D00C	0x02092A18	23052	0
0x0208D028	0x02092A18	23024	0
0x0208D044	0x02092A18	22996	0
0x0208D060	0x02092A18	22968	0
0x0208D07C	0x02092A18	22940	0
0x0208D098	0x02092A18	22912	0
0x0208D0B4	0x02092A18	22884	0
0x0208D0D0	0x02092A18	22856	0
0x0208D0EC	0x02092A18	22828	0
0x0208D108	0x02092A18	22800	0
0x0208D124	0x02092A18	22772	0
0x0208D140	0x02092A18	22744	0
0x0208D15C	0x02092A18	22716	0
0x0208D178	0x02092A18	22688	0
0x0208D194	0x02092A18	22660	0
0x0208D1B0	0x02092A18	22632	0
0x0208D1CC	0x02092A18	22604	0
0x0208D1E8	0x02092A18	22576	0
0x0208D204	0x02092A18	22548	0
0x0208D220	0x02092A18	22520	0
0x0208D23C	0x02092A18	22492	0
0x0208D258	0x02092A18	22464	0
0x0208D274	0x02092A18	22436	0
0x0208D290	0x02092A18	22408	0
0x0208D2AC	0x02092A18	22380	0
0x0208D2C8	0x02092A18	22352	0
0x0208D2E4	0x02092A18	22324	0
0x0208D300	0x02092A18	22296	0
0x0208D31C	0x02092A18	22268	0
0x0208D338	0x02092A18	22240	0
0x0208D354	0x02092A18	22212	0
0x0208D370	0x02092A18	22184	0
0x0208D38C	0x02092A18	22156	0
0x0208D3A8	0x02092A18	22128	0
0x0208D3C4	0x02092A18	22100	0
0x0208D3E0	0x02092A18	22072	0
0x0208D3FC	0x02092A18	22044	0
0x0208D418	0x02092A18	22016	0
0x0208D434	0x02092A18	21988	0
0x0208D450	0x02092A18	21960	0
0x0208D46C	0x02092A18	21932	0
0x0208D488	0x02092A18	21904	0
0x0208D4A4	0x02092A18	21876	0
0x0208D4C0	0x02092A18	21848	0
0x0208D4DC	0x02092A18	21820	0
0x0208D4F8	0x02092A18	21792	0
0x0208D514	0x02092A18	21764	0
0x0208D530	0x02092A18	21736	0
0x0208D54C	0x02092A18	21708	0
0x0208D568	0x02092A18	21680	0
0x0208D584	0x02092A18	21652	0
0x0208D5A0	0x02092A18	21624	0
0x0208D5BC	0x02092A18	21596	0
0x0208D5D8	0x02092A18	21568	0
0x0208D5F4	0x02092A18	21540	0
0x0208D610	0x02092A18	21512	0
0x0208D62C	0x02092A18	21484	0
0x0208D648	0x02092A18	21456	0
0x0208D664	0x02092A18	21428	0
0x0208D680	0x02092A18	21400	0
0x0208D69C	0x02092A18	21372	0
0x0208D6B8	0x02092A18	21344	0
0x0208D6D4	0x02092A18	21316	0
0x0208D6F0	0x02092A18	21288	0
0x0208D70C	0x02092A18	21260	0
0x0208D728	0x02092A18	21232	0
0x0208D744	0x02092A18	21204	0
0x0208D760	0x02092A18	21176	0
0x0208D77C	0x02092A18	21148	0
0x0208D798	0x02092A18	21120	0
0x0208D7B4	0x02092A18	21092	0
0x0208D7D4	0x02092A18	21060	0
0x0208D7F4	0x02092A18	21028	0
0x0208D814	0x02092A18	20996	0
0x0208D834	0x02092A18	20964	0
0x0208D854	0x02092A18	20932	0
0x0208D874	0x02092A18	20900	0
0x0208D894	0x02092A18	20868	0
0x0208D8B4	0x02092A18	20836	0
0x0208D8D4	0x02092A18	20804	0
0x0208D8F4	0x02092A18	20772	0
0x0208D914	0x02092A18	20740	0
0x0208D934	0x02092A18	20708	0
0x0208D954	0x02092A18	20676	0
0x0208D974	0x02092A18	20644	0
0x0208D994	0x02092A18	20612	0
0x0208D9B4	0x02092A18	20580	0
0x0208D9D4	0x02092A18	20548	0
0x0208D9F4	0x02092A18	20516	0
0x0208DA14	0x02092A18	20484	0
0x0208DA34	0x02092A18	20452	0
0x0208DA54	0x02092A18	20420	0
0x0208DA74	0x02092A18	20388	0
0x0208DA94	0x02092A18	20356	0
0x0208DAB4	0x02092A18	20324	0
0x0208DAD4	0x02092A18	20292	0
0x0208DAF4	0x02092A18	20260	0
0x0208DB14	0x02092A18	20228	0
0x0208DB34	0x02092A18	20196	0
0x0208DB54	0x02092A18	20164	0
0x0208DB74	0x02092A18	20132	0
0x0208DB94	0x02092A18	20100	0
0x0208DBB4	0x02092A18	20068	0
0x0208DBD4	0x02092A18	20036	0
0x0208DBF4	0x02092A18	20004	0
0x0208DC14	0x02092A18	19972	0
0x0208DC34	0x02092A18	19940	0
0x0208DC54	0x02092A18	19908	0
0x0208DC74	0x02092A18	19876	0
0x0208DC94	0x02092A18	19844	0
0x0208DCB4	0x02092A18	19812	0
0x0208DCD4	0x02092A18	19780	0
0x0208DCF4	0x02092A18	19748	0
0x0208DD14	0x02092A18	19716	0
0x0208DD34	0x02092A18	19684	0
0x0208DD54	0x02092A18	19652	0
0x0208DD74	0x02092A18	19620	0
0x0208DD94	0x02092A18	19588	0
0x0208DDB4	0x02092A18	19556	0
0x0208DDD4	0x02092A18	19524	0
0x0208DDF4	0x02092A18	19492	0
0x0208DE14	0x02092A18	19460	0
0x0208DE34	0x02092A18	19428	0
0x0208DE54	0x02092A18	19396	0
0x0208DE74	0x02092A18	19364	0
0x0208DE94	0x02092A18	19332	0
0x0208DEB4	0x02092A18	19300	0
0x0208DED4	0x02092A18	19268	0
0x0208DEF4	0x02092A18	19236	0
0x0208DF14	0x02092A18	19204	0
0x0208DF34	0x02092A18	19172	0
0x0208DF54	0x02092A18	19140	0
0x0208DF74	0x02092A18	19108	0
0x0208DF98	0x02092A18	19072	0
0x0208DFBC	0x02092A18	19036	0
0x0208DFE0	0x02092A18	19000	0
0x0208E004	0x02092A18	18964	0
0x0208E028	0x02092A18	18928	0
0x0208E04C	0x02092A18	18892	0
0x0208E070	0x02092A18	18856	0
0x0208E094	0x02092A18	18820	0
0x0208E0B8	0x02092A18	18784	0
0x0208E0DC	0x02092A18	18748	0
0x0208E100	0x02092A18	18712	0
0x0208E124	0x02092A18	18676	0
0x0208E148	0x02092A18	18640	0
0x0208E16C	0x02092A18	18604	0
0x0208E190	0x02092A18	18568	0
0x0208E1B4	0x02092A18	18532	0
0x0208E1D8	0x02092A18	18496	0
0x0208E1FC	0x02092A18	18460	0
0x0208E220	0x02092A18	18424	0
0x0208E244	0x02092A18	18388	0
0x0208E268	0x02092A18	18352	0
0x0208E28C	0x02092A18	18316	0
0x0208E2B0	0x02092A18	18280	0
0x0208E2D4	0x02092A18	18244	0
0x0208E2F8	0x02092A18	18208	0
0x0208E31C	0x02092A18	18172	0
0x0208E340	0x02092A18	18136	0
0x0208E364	0x02092A18	18100	0
0x0208E388	0x02092A18	18064	0
0x0208E3AC	0x02092A18	18028	0
0x0208E3D4	0x02092A18	17988	0
0x0208E3FC	0x02092A18	17948	0
0x0208E424	0x02092A18	17908	0
0x0208E44C	0x02092A18	17868	0
0x0208E474	0x02092A18	17828	0
0x0208EAC8	0x02092A18	16208	0
0x0208F11C	0x02092A18	14588	0
0x0208F128	0x02092A18	14576	0
0x0208F134	0x02092A18	14564	0
0x0208F140	0x02092A18	14552	0
0x0208F150	0x02092A18	14536	0
0x0208F160	0x02092A18	14520	0
0x0208F174	0x02092A18	14500	0
0x0208F188	0x02092A18	14480	0
0x0208F19C	0x02092A18	14460	0
0x0208F1B0	0x02092A18	14440	0
0x0208F1C4	0x02092A18	14420	0
0x0208F1D8	0x02092A18	14400	0
0x0208F1EC	0x02092A18	14380	0
0x0208F204	0x02092A18	14356	0
0x0208F21C	0x02092A18	14332	0
0x0208F234	0x02092A18	14308	0
0x0208F24C	0x02092A18	14284	0
0x0208F264	0x02092A18	14260	0
0x0208F27C	0x02092A18	14236	0
0x0208F294	0x02092A18	14212	0
0x0208F2AC	0x02092A18	14188	0
0x0208F2C4	0x02092A18	14164	0
0x0208F2DC	0x02092A18	14140	0
0x0208F2F4	0x02092A18	14116	0
0x0208F30C	0x02092A18	14092	0
0x0208F324	0x02092A18	14068	0
0x0208F33C	0x02092A18	14044	0
0x0208F358	0x02092A18	14016	0
0x0208F374	0x02092A18	13988	0
0x0208F390	0x02092A18	13960	0
0x0208F3AC	0x02092A18	13932	0
0x0208F3C8	0x02092A18	13904	0
0x0208F3E4	0x02092A18	13876	0
0x0208F408	0x02092A18	13840	0
0x0208F450	0x02092A18	13768	0
0x0208F498	0x02092A18	13696	0
0x0208F4A8	0x02092A18	13680	0
0x0208F4B4	0x02092A18	13668	0
0x0208F4C4	0x02092A18	13652	0
0x0208F4D4	0x02092A18	13636	0
0x0208F4E4	0x02092A18	13620	0
0x0208F4F4	0x02092A18	13604	0
0x0208F508	0x02092A18	13584	0
0x0208F51C	0x02092A18	13564	0
0x0208F530	0x02092A18	13544	0
0x0208F544	0x02092A18	13524	0
0x0208F558	0x02092A18	13504	0
0x0208F570	0x02092A18	13480	0
0x0208F588	0x02092A18	13456	0
0x0208F5A0	0x02092A18	13432	0
0x0208F614	0x02092A18	13316	0
0x0208F630	0x02092A18	13288	0
0x0208F64C	0x02092A18	13260	0
0x0208F668	0x02092A18	13232	0
0x0208F684	0x02092A18	13204	0
0x0208F6A0	0x02092A18	13176	0
0x0208F6BC	0x02092A18	13148	0
0x0208F6D8	0x02092A18	13120	0
0x0208F6F4	0x02092A18	13092	0
0x0208F714	0x02092A18	13060	0
0x0208F734	0x02092A18	13028	0
0x0208F754	0x02092A18	12996	0
0x0208F758	0x02092A18	12992	0
0x0208F76C	0x02092A18	12972	0
0x0208F780	0x02092A18	12952	0
0x0208F794	0x02092A18	12932	0
0x0208F7A8	0x02092A18	12912	0
0x0208F7BC	0x02092A18	12892	0
0x0208F7D0	0x02092A18	12872	0
0x0208F7E4	0x02092A18	12852	0
0x0208F7F8	0x02092A18	12832	0
0x0208F80C	0x02092A18	12812	0
0x0208F820	0x02092A18	12792	0
0x0208F834	0x02092A18	12772	0
0x0208F848	0x02092A18	12752	0
0x0208F85C	0x02092A18	12732	0
0x0208F874	0x02092A18	12708	0
0x0208F88C	0x02092A18	12684	0
0x0208F8A4	0x02092A18	12660	0
0x0208F8BC	0x02092A18	12636	0
0x0208F8D4	0x02092A18	12612	0
0x0208F8EC	0x02092A18	12588	0
0x0208F904	0x02092A18	12564	0
0x0208F91C	0x02092A18	12540	0
0x0208F934	0x02092A18	12516	0
0x0208F94C	0x02092A18	12492	0
0x0208F964	0x02092A18	12468	0
0x0208F97C	0x02092A18	12444	0
0x0208F994	0x02092A18	12420	0
0x0208F9AC	0x02092A18	12396	0
0x0208F9C4	0x02092A18	12372	0
0x0208F9DC	0x02092A18	12348	0
0x0208F9F4	0x02092A18	12324	0
0x0208FA0C	0x02092A18	12300	0
0x0208FA24	0x02092A18	12276	0
0x0208FA3C	0x02092A18	12252	0
0x0208FA54	0x02092A18	12228	0
0x0208FA6C	0x02092A18	12204	0
0x0208FA84	0x02092A18	12180	0
0x0208FAA0	0x02092A18	12152	0
0x0208FABC	0x02092A18	12124	0
0x0208FAD8	0x02092A18	12096	0
0x0208FAF4	0x02092A18	12068	0
0x0208FB10	0x02092A18	12040	0
0x0208FB2C	0x02092A18	12012	0
0x0208FB48	0x02092A18	11984	0
0x0208FB64	0x02092A18	11956	0
0x0208FB80	0x02092A18	11928	0
0x0208FB9C	0x02092A18	11900	0
0x0208FBB8	0x02092A18	11872	0
0x0208FBD4	0x02092A18	11844	0
0x0208FBF0	0x02092A18	11816	0
0x0208FC0C	0x02092A18	11788	0
0x0208FC28	0x02092A18	11760	0
0x0208FC44	0x02092A18	11732	0
0x0208FC60	0x02092A18	11704	0
0x0208FC7C	0x02092A18	11676	0
0x0208FC98	0x02092A18	11648	0
0x0208FCB4	0x02092A18	11620	0
0x0208FCD4	0x02092A18	11588	0
0x0208FCF4	0x02092A18	11556	0
0x0208FD1C	0x02092A18	11516	0
0x0208FDA0	0x02092A18	11384	0
0x0208FE0C	0x02092A18	11276	0
0x0208FE10	0x02092A18	11272	0
0x0208FE18	0x02092A18	11264	0
0x0208FE1C	0x02092A18	11260	0
0x0208FE4C	0x02092A18	11212	0
0x0208FE7C	0x02092A18	11164	0
0x0208FEB8	0x02092A18	11104	0
0x0208FED8	0x02092A18	11072	0
0x0208FF00	0x02092A18	11032	0
0x0208FF20	0x02092A18	11000	0
0x0208FF40	0x02092A18	10968	0
0x0208FF5C	0x02092A18	10940	0
0x0208FF74	0x02092A18	10916	0
0x0208FF8C	0x02092A18	10892	0
0x0208FFC4	0x02092A18	10836	0
0x0208FFDC	0x02092A18	10812	0
0x0208FFF4	0x02092A18	10788	0
0x02090008	0x02092A18	10768	0
0x02090018	0x02092A18	10752	0
0x02090040	0x02092A18	10712	0
0x02090070	0x02092A18	10664	0
0x0209009C	0x02092A18	10620	0
0x020900B0	0x02092A18	10600	0
0x020900D0	0x02092A18	10568	0
0x020900EC	0x02092A18	10540	0
0x02090104	0x02092A18	10516	0
0x0209012C	0x02092A18	10476	0
0x02090160	0x02092A18	10424	0
0x02090180	0x02092A18	10392	0
0x0209019C	0x02092A18	10364	0
0x020901B4	0x02092A18	10340	0
0x020901CC	0x02092A18	10316	0
0x020901E4	0x02092A18	10292	0
0x02090200	0x02092A18	10264	0
0x0209022C	0x02092A18	10220	0
0x02090248	0x02092A18	10192	0
0x02090264	0x02092A18	10164	0
0x02090268	0x02092A18	10160	0
0x0209027C	0x02092A18	10140	0
0x02090290	0x02092A18	10120	0
0x020902B8	0x02092A18	10080	0
0x020903A8	0x02092A18	9840	0
0x02090404	0x02092A18	9748	0
0x02090410	0x02092A18	9736	0
0x02090420	0x02092A18	9720	0
0x02090430	0x02092A18	9704	0
0x02090440	0x02092A18	9688	0
0x02090450	0x02092A18	9672	0
0x02090460	0x02092A18	9656	0
0x02090470	0x02092A18	9640	0
0x02090480	0x02092A18	9624	0
0x02090490	0x02092A18	9608	0
0x020904A0	0x02092A18	9592	0
0x020904B0	0x02092A18	9576	0
0x020904C0	0x02092A18	9560	0
0x020904D0	0x02092A18	9544	0
0x020904E0	0x02092A18	9528	0
0x020904F0	0x02092A18	9512	0
0x02090500	0x02092A18	9496	0
0x02090510	0x02092A18	9480	0
0x02090520	0x02092A18	9464	0
0x02090530	0x02092A18	9448	0
0x02090544	0x02092A18	9428	0
0x02090558	0x02092A18	9408	0
0x0209056C	0x02092A18	9388	0
0x02090580	0x02092A18	9368	0
0x02090594	0x02092A18	9348	0
0x020905A8	0x02092A18	9328	0
0x020905BC	0x02092A18	9308	0
0x020905D0	0x02092A18	9288	0
0x020905E4	0x02092A18	9268	0
0x020905F8	0x02092A18	9248	0
0x0209060C	0x02092A18	9228	0
0x02090620	0x02092A18	9208	0
0x02090634	0x02092A18	9188	0
0x02090648	0x02092A18	9168	0
0x0209065C	0x02092A18	9148	0
0x02090670	0x02092A18	9128	0
0x02090684	0x02092A18	9108	0
0x02090698	0x02092A18	9088	0
0x020906AC	0x02092A18	9068	0
0x020906C0	0x02092A18	9048	0
0x020906D4	0x02092A18	9028	0
0x020906E8	0x02092A18	9008	0
0x020906FC	0x02092A18	8988	0
0x02090710	0x02092A18	8968	0
0x02090724	0x02092A18	8948	0
0x02090738	0x02092A18	8928	0
0x0209074C	0x02092A18	8908	0
0x02090760	0x02092A18	8888	0
0x02090774	0x02092A18	8868	0
0x02090788	0x02092A18	8848	0
0x0209079C	0x02092A18	8828	0
0x020907B0	0x02092A18	8808	0
0x020907C4	0x02092A18	8788	0
0x020907D8	0x02092A18	8768	0
0x020907EC	0x02092A18	8748	0
0x02090800	0x02092A18	8728	0
0x02090814	0x02092A18	8708	0
0x02090828	0x02092A18	8688	0
0x0209083C	0x02092A18	8668	0
0x02090850	0x02092A18	8648	0
0x02090864	0x02092A18	8628	0
0x02090878	0x02092A18	8608	0
0x0209088C	0x02092A18	8588	0
0x020908A0	0x02092A18	8568	0
0x020908B8	0x02092A18	8544	0
0x020908D0	0x02092A18	8520	0
0x020908E8	0x02092A18	8496	0
0x02090900	0x02092A18	8472	0
0x02090918	0x02092A18	8448	0
0x02090930	0x02092A18	8424	0
0x02090948	0x02092A18	8400	0
0x02090960	0x02092A18	8376	0
0x02090978	0x02092A18	8352	0
0x02090990	0x02092A18	8328	0
0x020909A8	0x02092A18	8304	0
0x020909C0	0x02092A18	8280	0
0x020909D8	0x02092A18	8256	0
0x020909F0	0x02092A18	8232	0
0x02090A08	0x02092A18	8208	0
0x02090A20	0x02092A18	8184	0
0x02090A38	0x02092A18	8160	0
0x02090A50	0x02092A18	8136	0
0x02090A68	0x02092A18	8112	0
0x02090A80	0x02092A18	8088	0
0x02090A98	0x02092A18	8064	0
0x02090AB0	0x02092A18	8040	0
0x02090AC8	0x02092A18	8016	0
0x02090AE0	0x02092A18	7992	0
0x02090AF8	0x02092A18	7968	0
0x02090B10	0x02092A18	7944	0
0x02090B28	0x02092A18	7920	0
0x02090B40	0x02092A18	7896	0
0x02090B58	0x02092A18	7872	0
0x02090B70	0x02092A18	7848	0
0x02090B88	0x02092A18	7824	0
0x02090BA0	0x02092A18	7800	0
0x02090BB8	0x02092A18	7776	0
0x02090BD0	0x02092A18	7752	0
0x02090BE8	0x02092A18	7728	0
0x02090C04	0x02092A18	7700	0
0x02090C20	0x02092A18	7672	0
0x02090C3C	0x02092A18	7644	0
0x02090C58	0x02092A18	7616	0
0x02090C74	0x02092A18	7588	0
0x02090C90	0x02092A18	7560	0
0x02090CAC	0x02092A18	7532	0
0x02090CC8	0x02092A18	7504	0
0x02090CE4	0x02092A18	7476	0
0x02090D00	0x02092A18	7448	0
0x02090D1C	0x02092A18	7420	0
0x02090D38	0x02092A18	7392	0
0x02090D54	0x02092A18	7364	0
0x02090D74	0x02092A18	7332	0
0x02090D94	0x02092A18	7300	0
0x02090DB4	0x02092A18	7268	0
0x02090DD8	0x02092A18	7232	0
0x02090E04	0x02092A18	7188	0
0x02090E30	0x02092A18	7144	0
0x02090E60	0x02092A18	7096	0
0x02090E6C	0x02092A18	7084	0
0x02090E78	0x02092A18	7072	0
0x02090E84	0x02092A18	7060	0
0x02090E94	0x02092A18	7044	0
0x02090EA4	0x02092A18	7028	0
0x02090EB8	0x02092A18	7008	0
0x02090ECC	0x02092A18	6988	0
0x02090EE0	0x02092A18	6968	0
0x02090EF4	0x02092A18	6948	0
0x02090F08	0x02092A18	6928	0
0x02090F1C	0x02092A18	6908	0
0x02090F30	0x02092A18	6888	0
0x02090F44	0x02092A18	6868	0
0x02090FB0	0x02092A18	6760	0
0x02090FC4	0x02092A18	6740	0
0x02090FD8	0x02092A18	6720	0
0x02090FF0	0x02092A18	6696	0
0x02091008	0x02092A18	6672	0
0x02091020	0x02092A18	6648	0
0x02091038	0x02092A18	6624	0
0x02091050	0x02092A18	6600	0
0x02091068	0x02092A18	6576	0
0x02091080	0x02092A18	6552	0
0x02091098	0x02092A18	6528	0
0x020910B0	0x02092A18	6504	0
0x020910C8	0x02092A18	6480	0
0x020910E0	0x02092A18	6456	0
0x020910F8	0x02092A18	6432	0
0x02091114	0x02092A18	6404	0
0x02091130	0x02092A18	6376	0
0x0209114C	0x02092A18	6348	0
0x02091168	0x02092A18	6320	0
0x02091184	0x02092A18	6292	0
0x020911A0	0x02092A18	6264	0
0x020911BC	0x02092A18	6236	0
0x020911D8	0x02092A18	6208	0
0x020911F4	0x02092A18	6180	0
0x02091210	0x02092A18	6152	0
0x0209122C	0x02092A18	6124	0
0x0209123C	0x02092A18	6108	0
0x02091254	0x02092A18	6084	0
0x020912A0	0x02092A18	6008	0
0x020912B0	0x02092A18	5992	0
0x020912C0	0x02092A18	5976	0
0x020912D4	0x02092A18	5956	0
0x020912E8	0x02092A18	5936	0
0x020912FC	0x02092A18	5916	0
0x02091310	0x02092A18	5896	0
0x02091324	0x02092A18	5876	0
0x02091338	0x02092A18	5856	0
0x0209134C	0x02092A18	5836	0
0x02091360	0x02092A18	5816	0
0x02091378	0x02092A18	5792	0
0x02091390	0x02092A18	5768	0
0x020913A8	0x02092A18	5744	0
0x020913C0	0x02092A18	5720	0
0x020913D8	0x02092A18	5696	0
0x020913F0	0x02092A18	5672	0
0x02091408	0x02092A18	5648	0
0x02091420	0x02092A18	5624	0
0x02091438	0x02092A18	5600	0
0x02091450	0x02092A18	5576	0
0x02091468	0x02092A18	5552	0
0x02091480	0x02092A18	5528	0
0x02091498	0x02092A18	5504	0
0x020914B0	0x02092A18	5480	0
0x020914C8	0x02092A18	5456	0
0x020914E0	0x02092A18	5432	0
0x020914F8	0x02092A18	5408	0
0x02091510	0x02092A18	5384	0
0x02091528	0x02092A18	5360	0
0x02091540	0x02092A18	5336	0
0x02091558	0x02092A18	5312	0
0x02091570	0x02092A18	5288	0
0x02091588	0x02092A18	5264	0
0x020915A0	0x02092A18	5240	0
0x020915B8	0x02092A18	5216	0
0x020915D0	0x02092A18	5192	0
0x020915E8	0x02092A18	5168	0
0x02091604	0x02092A18	5140	0
0x02091620	0x02092A18	5112	0
0x0209163C	0x02092A18	5084	0
0x02091658	0x02092A18	5056	0
0x02091674	0x02092A18	5028	0
0x02091690	0x02092A18	5000	0
0x020916AC	0x02092A18	4972	0
0x020916C8	0x02092A18	4944	0
0x020916E4	0x02092A18	4916	0
0x02091700	0x02092A18	4888	0
0x0209171C	0x02092A18	4860	0
0x02091738	0x02092A18	4832	0
0x02091754	0x02092A18	4804	0
0x02091770	0x02092A18	4776	0
0x0209178C	0x02092A18	4748	0
0x020917A8	0x02092A18	4720	0
0x020917C4	0x02092A18	4692	0
0x020917E0	0x02092A18	4664	0
0x020917FC	0x02092A18	4636	0
0x02091818	0x02092A18	4608	0
0x02091834	0x02092A18	4580	0
0x02091850	0x02092A18	4552	0
0x0209186C	0x02092A18	4524	0
0x02091888	0x02092A18	4496	0
0x020918A4	0x02092A18	4468	0
0x020918C0	0x02092A18	4440	0
0x020918DC	0x02092A18	4412	0
0x020918F8	0x02092A18	4384	0
0x02091914	0x02092A18	4356	0
0x02091930	0x02092A18	4328	0
0x0209194C	0x02092A18	4300	0
0x02091968	0x02092A18	4272	0
0x02091984	0x02092A18	4244	0
0x020919A0	0x02092A18	4216	0
0x020919BC	0x02092A18	4188	0
0x020919D8	0x02092A18	4160	0
0x020919F8	0x02092A18	4128	0
0x02091A18	0x02092A18	4096	0
0x02091A38	0x02092A18	4064	0
0x02091A58	0x02092A18	4032	0
0x02091A78	0x02092A18	4000	0
0x02091A98	0x02092A18	3968	0
0x02091AB8	0x02092A18	3936	0
0x02091AD8	0x02092A18	3904	0
0x02091AF8	0x02092A18	3872	0
0x02091B18	0x02092A18	3840	0
0x02091B38	0x02092A18	3808	0
0x02091B58	0x02092A18	3776	0
0x02091B78	0x02092A18	3744	0
0x02091B98	0x02092A18	3712	0
0x02091BB8	0x02092A18	3680	0
0x02091BD8	0x02092A18	3648	0
0x02091BF8	0x02092A18	3616	0
0x02091C18	0x02092A18	3584	0
0x02091C38	0x02092A18	3552	0
0x02091C58	0x02092A18	3520	0
0x02091C78	0x02092A18	3488	0
0x02091C98	0x02092A18	3456	0
0x02091CB8	0x02092A18	3424	0
0x02091CD8	0x02092A18	3392	0
0x02091CF8	0x02092A18	3360	0
0x02091D18	0x02092A18	3328	0
0x02091D38	0x02092A18	3296	0
0x02091D58	0x02092A18	3264	0
0x02091D78	0x02092A18	3232	0
0x02091D98	0x02092A18	3200	0
0x02091DB8	0x02092A18	3168	0
0x02091DD8	0x02092A18	3136	0
0x02091DF8	0x02092A18	3104	0
0x02091E18	0x02092A18	3072	0
0x02091E38	0x02092A18	3040	0
0x02091E58	0x02092A18	3008	0
0x02091E78	0x02092A18	2976	0
0x02091E98	0x02092A18	2944	0
0x02091EB8	0x02092A18	2912	0
0x02091ED8	0x02092A18	2880	0
0x02091EF8	0x02092A18	2848	0
0x02091F18	0x02092A18	2816	0
0x02091F38	0x02092A18	2784	0
0x02091F58	0x02092A18	2752	0
0x02091F78	0x02092A18	2720	0
0x02091F98	0x02092A18	2688	0
0x02091FB8	0x02092A18	2656	0
0x02091FEC	0x02092A18	2604	0
0x02092028	0x02092A18	2544	0
0x02092064	0x02092A18	2484	0
0x020920A4	0x02092A18	2420	0
0x020920E8	0x02092A18	2352	0
0x0209212C	0x02092A18	2284	0
0x02092174	0x02092A18	2212	0
0x020921D0	0x02092A18	2120	0
0x0209222C	0x02092A18	2028	0
0x02092290	0x02092A18	1928	0
0x020922FC	0x02092A18	1820	0
0x0209236C	0x02092A18	1708	0
0x020923DC	0x02092A18	1596	0
0x02092458	0x02092A18	1472	0
0x020924D4	0x02092A18	1348	0
0x02092550	0x02092A18	1224	0
0x020925D0	0x02092A18	1096	0
0x02092654	0x02092A18	964	0
0x02092680	0x02092A18	920	0
0x02092684	0x02092A18	916	0
0x02092688	0x02092A18	912	0
0x02092690	0x02092A18	904	0
0x02092694	0x02092A18	900	0
0x02092698	0x02092A18	896	0
0x020926A0	0x02092A18	888	0
0x020926A4	0x02092A18	884	0
0x020926A8	0x02092A18	880	0
0x020926AC	0x02092A18	876	0
0x020926B0	0x02092A18	872	0
0x020926B4	0x02092A18	868	0
0x020926B8	0x02092A18	864	0
0x020926BC	0x02092A18	860	0
0x020926C0	0x02092A18	856	0
0x020926C4	0x02092A18	852	0
0x020926C8	0x02092A18	848	0
0x020926CC	0x02092A18	844	0
0x020926D0	0x02092A18	840	0
0x020926D4	0x02092A18	836	0
0x020926D8	0x02092A18	832	0
0x020926DC	0x02092A18	828	0
0x020926E0	0x02092A18	824	0
0x020926E4	0x02092A18	820	0
0x020926E8	0x02092A18	816	0
0x02092710	0x02092A18	776	0
0x02092714	0x02092A18	772	0
0x02092718	0x02092A18	768	0
0x02092740	0x02092A18	728	0
0x02092744	0x02092A18	724	0
0x02092748	0x02092A18	720	0
0x0209274C	0x02092A18	716	0
0x02092750	0x02092A18	712	0
0x02092754	0x02092A18	708	0
0x02092758	0x02092A18	704	0
0x0209275C	0x02092A18	700	0
0x02092760	0x02092A18	696	0
0x0209276C	0x02092A18	684	0
0x0209282C	0x02092A18	492	0
0x020929B4	0x02092A18	100	0
0x020929B8	0x02092A18	96	0
0x020929BC	0x02092A18	92	0
0x020929C0	0x02092A18	88	0
0x020929C4	0x02092A18	84	0
0x020929C8	0x02092A18	80	0
0x02092A00	0x02092A18	24	0
0x0393053C	0x03930540	4	1