/**
 * bank12-rom.ts — bank12 原始字节（音频引擎 + BGM/SE 数据）
 *
 * @bank 12（PRG bank 12, ROM offset 0x18000, 16KB）
 * CPU 映射：$8000-$BFFF（MMC3 R6 切换 8KB 窗口 $8000-$9FFF）
 *
 * 数据源：从 ROM 真实字节提取，地址经特征搜索验证
 * 访问规则：禁止裸 BANK12_BYTES[addr] 索引，必须通过 Bank12Rom 命名访问器
 */

// bank12 原始字节（$8000-$BFFF 共 16KB）
export const BANK12_BYTES: Readonly<Uint8Array> = new Uint8Array([
  0xa2, 0x05, 0xbc, 0x00, 0x07, 0xc0, 0x32, 0xb0, 0x0e, 0xa0, 0x07, 0x8c, 0x00, 0x80, 0xac, 0xfc,
  0x07, 0x8c, 0x01, 0x80, 0x4c, 0x5e, 0x80, 0xc0, 0x44, 0xb0, 0x10, 0xa0, 0x07, 0x8c, 0x00, 0x80,
  0xa0, 0x0d, 0x8c, 0x01, 0x80, 0x8c, 0xfc, 0x07, 0x4c, 0x5e, 0x80, 0xc0, 0x51, 0xb0, 0x10, 0xa0,
  0x07, 0x8c, 0x00, 0x80, 0xa0, 0x0e, 0x8c, 0x01, 0x80, 0x8c, 0xfc, 0x07, 0x4c, 0x5e, 0x80, 0xc0,
  0x5c, 0xb0, 0x10, 0xa0, 0x07, 0x8c, 0x00, 0x80, 0xa0, 0x0f, 0x8c, 0x01, 0x80, 0x8c, 0xfc, 0x07,
  0x4c, 0x5e, 0x80, 0xa0, 0x07, 0x8c, 0x00, 0x80, 0xac, 0xfc, 0x07, 0x8c, 0x01, 0x80, 0xca, 0x10,
  0xa1, 0xa2, 0x05, 0xbc, 0x00, 0x07, 0xf0, 0x4f, 0xc0, 0x72, 0xb0, 0x4b, 0xc0, 0x31, 0xd0, 0x3f,
  0xa9, 0x19, 0x8d, 0xdf, 0x07, 0x8d, 0xcf, 0x07, 0x8d, 0xd1, 0x07, 0x8d, 0xd2, 0x07, 0x8d, 0xd3,
  0x07, 0x8d, 0xd5, 0x07, 0x8d, 0xd6, 0x07, 0x8d, 0xd7, 0x07, 0x8d, 0xd9, 0x07, 0x8d, 0xda, 0x07,
  0x8d, 0xdb, 0x07, 0x8d, 0xdd, 0x07, 0x8d, 0xde, 0x07, 0xa9, 0x0a, 0x8d, 0xd0, 0x07, 0x8d, 0xd4,
  0x07, 0x8d, 0xd8, 0x07, 0x8d, 0xdc, 0x07, 0xa9, 0x00, 0x9d, 0x00, 0x07, 0x4c, 0xb7, 0x80, 0x20,
  0x49, 0x83, 0xa9, 0x00, 0x9d, 0x00, 0x07, 0xca, 0x10, 0xa9, 0xa9, 0x27, 0x85, 0xf0, 0xa9, 0x07,
  0x85, 0xf1, 0xa9, 0x00, 0x85, 0xf2, 0xa0, 0x08, 0x84, 0xf3, 0xad, 0x06, 0x07, 0x4a, 0x90, 0x02,
  0x09, 0x80, 0x8d, 0x06, 0x07, 0x90, 0x35, 0xa6, 0xf2, 0xde, 0x07, 0x07, 0xd0, 0x03, 0x20, 0xcb,
  0x83, 0xa6, 0xf2, 0xde, 0x09, 0x07, 0xd0, 0x21, 0xa0, 0x02, 0xb1, 0xf0, 0x85, 0xf6, 0xc8, 0xb1,
  0xf0, 0x85, 0xf7, 0xc8, 0xb1, 0xf0, 0x48, 0x18, 0x69, 0x02, 0x91, 0xf0, 0x68, 0xa8, 0xb1, 0xf6,
  0x9d, 0x09, 0x07, 0xc8, 0xb1, 0xf6, 0x9d, 0x0a, 0x07, 0x20, 0xdb, 0x81, 0x18, 0xa9, 0x10, 0x65,
  0xf0, 0x85, 0xf0, 0xa9, 0x04, 0x65, 0xf2, 0x85, 0xf2, 0xc6, 0xf3, 0xd0, 0xad, 0xa9, 0x27, 0x85,
  0xf0, 0x85, 0xfc, 0xa9, 0x07, 0x85, 0xf1, 0x85, 0xfd, 0xa9, 0x03, 0x85, 0xf2, 0xa9, 0x11, 0x85,
  0xf3, 0xad, 0x06, 0x07, 0x25, 0xf3, 0xf0, 0x14, 0x29, 0x0f, 0xd0, 0x0d, 0x18, 0xa9, 0x40, 0x65,
  0xf0, 0x85, 0xf0, 0xa9, 0x00, 0x65, 0xf1, 0x85, 0xf1, 0x20, 0x6e, 0x81, 0x18, 0xa9, 0x10, 0x65,
  0xfc, 0x85, 0xfc, 0x85, 0xf0, 0xa9, 0x00, 0x65, 0xfd, 0x85, 0xfd, 0x85, 0xf1, 0x06, 0xf3, 0xc6,
  0xf2, 0x10, 0xce, 0xad, 0xe9, 0x07, 0xf0, 0x05, 0xa9, 0x00, 0x8d, 0x15, 0x40, 0x60, 0xa9, 0x03,
  0x45, 0xf2, 0x0a, 0x0a, 0xaa, 0xa0, 0x06, 0xb1, 0xf0, 0x48, 0xa5, 0xf2, 0x85, 0xfb, 0xc9, 0x01,
  0xd0, 0x07, 0x68, 0x29, 0x0f, 0x09, 0x80, 0xd0, 0x1b, 0x68, 0x09, 0x30, 0x9d, 0x00, 0x40, 0xa9,
  0x10, 0xa0, 0x05, 0x31, 0xf0, 0xd0, 0x10, 0xa9, 0x08, 0xa4, 0xfb, 0x99, 0xe4, 0x07, 0x9d, 0x01,
  0x40, 0x4c, 0xb1, 0x81, 0x9d, 0x00, 0x40, 0xa0, 0x08, 0xb1, 0xf0, 0x10, 0x2d, 0x29, 0x7f, 0x91,
  0xf0, 0xa0, 0x07, 0xb1, 0xf0, 0x9d, 0x02, 0x40, 0xc8, 0xb1, 0xf0, 0x09, 0x18, 0xa4, 0xfb, 0xf0,
  0x09, 0xc0, 0x01, 0xf0, 0x05, 0xd9, 0xe0, 0x07, 0xf0, 0x10, 0x9d, 0x03, 0x40, 0x99, 0xe0, 0x07,
  0xb9, 0xe4, 0x07, 0xd0, 0x05, 0xa9, 0x00, 0x99, 0xe0, 0x07, 0x60, 0xa0, 0x05, 0xb1, 0xf0, 0xaa,
  0x29, 0xf0, 0x85, 0xf6, 0x29, 0x20, 0xf0, 0x06, 0xa9, 0x0f, 0x85, 0xf7, 0xd0, 0x45, 0x8a, 0x29,
  0x0f, 0x85, 0xf7, 0xa4, 0xf3, 0x88, 0xbe, 0xcf, 0x07, 0xf0, 0x38, 0xca, 0x8a, 0x99, 0xcf, 0x07,
  0xd0, 0x31, 0xa5, 0xf7, 0x18, 0x69, 0x01, 0xc9, 0x0f, 0x85, 0xf7, 0xd0, 0x0a, 0xa9, 0x00, 0x99,
  0xd7, 0x07, 0xa9, 0x80, 0x8d, 0xe8, 0x07, 0xa5, 0xf7, 0x05, 0xf6, 0xaa, 0xa0, 0x05, 0x91, 0xf0,
  0x8a, 0x29, 0x0f, 0x85, 0xf7, 0xa4, 0xf3, 0x88, 0xbe, 0xcf, 0x07, 0xd0, 0x06, 0xb9, 0xd7, 0x07,
  0x99, 0xcf, 0x07, 0xa6, 0xf2, 0xbd, 0x0a, 0x07, 0x38, 0xe5, 0xf7, 0x10, 0x02, 0xa9, 0x00, 0x05,
  0xf6, 0xa0, 0x06, 0x91, 0xf0, 0xa6, 0xf3, 0xca, 0xbd, 0xaf, 0x07, 0xc9, 0x01, 0xf0, 0x08, 0xc9,
  0x02, 0xd0, 0x03, 0x4c, 0xd2, 0x82, 0x60, 0xbd, 0xc7, 0x07, 0x0a, 0xa8, 0xb9, 0x69, 0x82, 0x85,
  0xf9, 0xb9, 0x6a, 0x82, 0x85, 0xfa, 0x6c, 0xf9, 0x00, 0x97, 0x82, 0x97, 0x82, 0xb4, 0x82, 0xc9,
  0x82, 0xb4, 0x82, 0x97, 0x82, 0x97, 0x82, 0x7d, 0x82, 0x92, 0x82, 0x7d, 0x82, 0xa9, 0x01, 0x18,
  0x7d, 0xb7, 0x07, 0xa0, 0x07, 0x91, 0xf0, 0xbd, 0xbf, 0x07, 0x69, 0x00, 0xc8, 0x91, 0xf0, 0x4c,
  0xa4, 0x82, 0xa9, 0x02, 0x4c, 0x7f, 0x82, 0xbd, 0xb7, 0x07, 0xa0, 0x07, 0x91, 0xf0, 0xbd, 0xbf,
  0x07, 0xc8, 0x91, 0xf0, 0xbd, 0xc7, 0x07, 0x18, 0x69, 0x01, 0xc9, 0x0a, 0xd0, 0x02, 0xa9, 0x00,
  0x9d, 0xc7, 0x07, 0x60, 0xbd, 0xb7, 0x07, 0x38, 0xe9, 0x01, 0xa0, 0x07, 0x91, 0xf0, 0xbd, 0xbf,
  0x07, 0xe9, 0x00, 0xc8, 0x91, 0xf0, 0x4c, 0xa4, 0x82, 0xbd, 0xb7, 0x07, 0x38, 0xe9, 0x02, 0x4c,
  0xba, 0x82, 0xbd, 0xc7, 0x07, 0x0a, 0xa8, 0xb9, 0xe4, 0x82, 0x85, 0xf9, 0xb9, 0xe5, 0x82, 0x85,
  0xfa, 0x6c, 0xf9, 0x00, 0x0e, 0x83, 0x2b, 0x83, 0x40, 0x83, 0x2b, 0x83, 0x0e, 0x83, 0xf4, 0x82,
  0x09, 0x83, 0xf4, 0x82, 0xa9, 0x03, 0x18, 0x7d, 0xb7, 0x07, 0xa0, 0x07, 0x91, 0xf0, 0xbd, 0xbf,
  0x07, 0x69, 0x00, 0xc8, 0x91, 0xf0, 0x4c, 0x1b, 0x83, 0xa9, 0x06, 0x4c, 0xf6, 0x82, 0xbd, 0xb7,
  0x07, 0xa0, 0x07, 0x91, 0xf0, 0xbd, 0xbf, 0x07, 0xc8, 0x91, 0xf0, 0xbd, 0xc7, 0x07, 0x18, 0x69,
  0x01, 0xc9, 0x08, 0xd0, 0x02, 0xa9, 0x00, 0x9d, 0xc7, 0x07, 0x60, 0xbd, 0xb7, 0x07, 0x38, 0xe9,
  0x03, 0xa0, 0x07, 0x91, 0xf0, 0xbd, 0xbf, 0x07, 0xe9, 0x00, 0xc8, 0x91, 0xf0, 0x4c, 0x1b, 0x83,
  0xbd, 0xb7, 0x07, 0x38, 0xe9, 0x06, 0x4c, 0x31, 0x83, 0x86, 0xf5, 0xa9, 0x00, 0x9d, 0x00, 0x07,
  0x88, 0x98, 0x0a, 0xa8, 0xb9, 0xda, 0x8b, 0x85, 0xf0, 0xb9, 0xdb, 0x8b, 0x85, 0xf1, 0xa0, 0x00,
  0xb1, 0xf0, 0x10, 0x08, 0xa2, 0x0f, 0x8e, 0x15, 0x40, 0xa6, 0xf5, 0x60, 0x85, 0xf4, 0xa9, 0x08,
  0x18, 0xe5, 0xf4, 0xaa, 0xa9, 0x00, 0x9d, 0xa7, 0x07, 0x9d, 0xaf, 0x07, 0x8d, 0xe3, 0x07, 0x8d,
  0xe2, 0x07, 0x9d, 0xea, 0x07, 0x9d, 0xcf, 0x07, 0x9d, 0xd7, 0x07, 0x8d, 0xdf, 0x07, 0x9d, 0xf4,
  0x07, 0x8d, 0xe8, 0x07, 0xa5, 0xf4, 0x0a, 0x0a, 0x0a, 0x0a, 0xaa, 0xc8, 0xb1, 0xf0, 0x9d, 0x27,
  0x07, 0xc8, 0xb1, 0xf0, 0x9d, 0x28, 0x07, 0xa9, 0x00, 0x9d, 0x2c, 0x07, 0xa9, 0x0f, 0x9d, 0x30,
  0x07, 0xa5, 0xf4, 0x0a, 0x0a, 0xaa, 0xa9, 0x01, 0x9d, 0x07, 0x07, 0x4a, 0xa6, 0xf4, 0x2a, 0xca,
  0x10, 0xfc, 0x0d, 0x06, 0x07, 0x8d, 0x06, 0x07, 0xc8, 0x10, 0x95, 0xa9, 0xcf, 0xa0, 0x05, 0x31,
  0xf0, 0x91, 0xf0, 0xa0, 0x00, 0xb1, 0xf0, 0x85, 0xf4, 0xc8, 0xb1, 0xf0, 0x85, 0xf5, 0x88, 0xb1,
  0xf4, 0x10, 0x21, 0xc8, 0xc9, 0xe0, 0x90, 0x05, 0x20, 0xc9, 0x84, 0x10, 0xf2, 0xc9, 0xb0, 0x90,
  0x03, 0xc8, 0xd0, 0xeb, 0x29, 0x3f, 0xaa, 0xbd, 0x25, 0x87, 0xa6, 0xf2, 0x9d, 0x07, 0x07, 0x9d,
  0x08, 0x07, 0x10, 0xdb, 0xc8, 0x48, 0x98, 0xa0, 0x00, 0x18, 0x65, 0xf4, 0x91, 0xf0, 0xc8, 0xa9,
  0x00, 0x65, 0xf5, 0x91, 0xf0, 0x68, 0xa2, 0x05, 0xe4, 0xf3, 0xf0, 0x06, 0xa2, 0x01, 0xe4, 0xf3,
  0x90, 0x0c, 0xc9, 0x10, 0xf0, 0x0f, 0x85, 0xf4, 0xa9, 0x00, 0x85, 0xf5, 0xf0, 0x2e, 0xaa, 0x29,
  0x0f, 0xc9, 0x0c, 0xd0, 0x0a, 0xa0, 0x05, 0xa9, 0x20, 0x11, 0xf0, 0x91, 0xf0, 0xd0, 0x67, 0x0a,
  0xa8, 0xb9, 0x0d, 0x87, 0x85, 0xf4, 0xb9, 0x0e, 0x87, 0x85, 0xf5, 0x8a, 0x29, 0xf0, 0x4a, 0x4a,
  0x4a, 0x4a, 0xaa, 0xf0, 0x07, 0x46, 0xf5, 0x66, 0xf4, 0xca, 0xd0, 0xf9, 0xa5, 0xf4, 0xa6, 0xf3,
  0xca, 0xbc, 0xf4, 0x07, 0xf0, 0x29, 0x38, 0xfd, 0xa7, 0x07, 0x90, 0x0c, 0xa0, 0x07, 0x91, 0xf0,
  0x9d, 0xb7, 0x07, 0xa5, 0xf5, 0x4c, 0x84, 0x84, 0xa0, 0x07, 0x91, 0xf0, 0x9d, 0xb7, 0x07, 0xa5,
  0xf5, 0x38, 0xe9, 0x01, 0x09, 0x80, 0xc8, 0x91, 0xf0, 0x9d, 0xbf, 0x07, 0x4c, 0xa6, 0x84, 0x18,
  0x7d, 0xa7, 0x07, 0xa0, 0x07, 0x91, 0xf0, 0x9d, 0xb7, 0x07, 0xc8, 0xa5, 0xf5, 0x69, 0x00, 0x09,
  0x80, 0x91, 0xf0, 0x9d, 0xbf, 0x07, 0xa6, 0xf3, 0xca, 0xa9, 0x00, 0x9d, 0xf4, 0x07, 0xbd, 0xea,
  0x07, 0xd0, 0x0d, 0xa6, 0xf2, 0xa9, 0x01, 0x9d, 0x09, 0x07, 0xa9, 0x00, 0xa0, 0x04, 0x91, 0xf0,
  0xa6, 0xf2, 0xbd, 0x08, 0x07, 0x9d, 0x07, 0x07, 0x60, 0x29, 0x1f, 0x0a, 0xaa, 0xbd, 0xda, 0x84,
  0x85, 0xf6, 0xbd, 0xdb, 0x84, 0x85, 0xf7, 0x6c, 0xf6, 0x00, 0x44, 0x85, 0x07, 0x87, 0x41, 0x86,
  0x5f, 0x85, 0x17, 0x86, 0x70, 0x86, 0x07, 0x87, 0x07, 0x87, 0x78, 0x85, 0x85, 0x85, 0xaf, 0x85,
  0xc6, 0x85, 0xef, 0x85, 0x81, 0x86, 0x07, 0x87, 0x90, 0x86, 0x09, 0x87, 0x07, 0x87, 0x1a, 0x85,
  0x3b, 0x85, 0x32, 0x85, 0x07, 0x87, 0x07, 0x87, 0x07, 0x87, 0x07, 0x87, 0x99, 0x86, 0xb8, 0x86,
  0xd7, 0x86, 0x07, 0x87, 0x07, 0x87, 0xf6, 0x86, 0x55, 0x86, 0xa9, 0x00, 0x8d, 0xf2, 0x07, 0x8d,
  0x00, 0x07, 0x8d, 0x01, 0x07, 0x8d, 0x02, 0x07, 0x8d, 0x03, 0x07, 0x8d, 0x04, 0x07, 0x8d, 0x05,
  0x07, 0x60, 0xa6, 0xf3, 0xca, 0xa9, 0x00, 0x9d, 0xea, 0x07, 0x60, 0xa6, 0xf3, 0xca, 0xa9, 0x0f,
  0x9d, 0xea, 0x07, 0x60, 0xb1, 0xf4, 0xc8, 0x84, 0xf6, 0x0a, 0xaa, 0xbd, 0x54, 0x87, 0xa8, 0xbd,
  0x55, 0x87, 0xaa, 0x98, 0xa0, 0x02, 0x91, 0xf0, 0xc8, 0x8a, 0x91, 0xf0, 0xa4, 0xf6, 0x60, 0xb1,
  0xf4, 0xc8, 0x84, 0xf6, 0xac, 0xdf, 0x07, 0xd0, 0x0c, 0x85, 0xf7, 0xa9, 0xf0, 0xa0, 0x05, 0x31,
  0xf0, 0x05, 0xf7, 0x91, 0xf0, 0xa4, 0xf6, 0x60, 0xb1, 0xf4, 0xc8, 0xaa, 0xb1, 0xf4, 0x86, 0xf4,
  0x85, 0xf5, 0xa0, 0x00, 0x60, 0xb1, 0xf4, 0xc8, 0xaa, 0xb1, 0xf4, 0xc8, 0x48, 0x98, 0x48, 0xa0,
  0x09, 0xb1, 0xf0, 0xa8, 0x68, 0x18, 0x65, 0xf4, 0x91, 0xf0, 0x88, 0xa9, 0x00, 0x65, 0xf5, 0x91,
  0xf0, 0x88, 0x98, 0xa0, 0x09, 0x91, 0xf0, 0x86, 0xf4, 0x68, 0x85, 0xf5, 0xa0, 0x00, 0x60, 0xa0,
  0x09, 0xb1, 0xf0, 0xa8, 0xc8, 0xb1, 0xf0, 0xc8, 0x85, 0xf5, 0xb1, 0xf0, 0x85, 0xf4, 0x98, 0xa0,
  0x09, 0x91, 0xf0, 0xa0, 0x00, 0x60, 0xb1, 0xf4, 0xc8, 0xaa, 0x98, 0x48, 0xa0, 0x09, 0xb1, 0xf0,
  0xa8, 0x68, 0x18, 0x65, 0xf4, 0x85, 0xf4, 0x91, 0xf0, 0x88, 0xa9, 0x00, 0x65, 0xf5, 0x85, 0xf5,
  0x91, 0xf0, 0x88, 0x8a, 0x91, 0xf0, 0x88, 0x98, 0xa0, 0x09, 0x91, 0xf0, 0xa0, 0x00, 0x60, 0x84,
  0xf6, 0xa0, 0x09, 0xb1, 0xf0, 0xa8, 0xc8, 0xb1, 0xf0, 0x38, 0xe9, 0x01, 0x91, 0xf0, 0xf0, 0x0d,
  0xc8, 0xb1, 0xf0, 0xc8, 0x85, 0xf5, 0xb1, 0xf0, 0x85, 0xf4, 0xa0, 0x00, 0x60, 0xc8, 0xc8, 0x98,
  0xa0, 0x09, 0x91, 0xf0, 0xa4, 0xf6, 0x60, 0x84, 0xf6, 0xa0, 0x05, 0xb1, 0xf0, 0x09, 0x10, 0x91,
  0xf0, 0xa6, 0xf3, 0xca, 0x8a, 0x49, 0x07, 0x0a, 0x0a, 0x29, 0x0f, 0xaa, 0xa4, 0xf6, 0xb1, 0xf4,
  0x9d, 0x01, 0x40, 0xc8, 0xa6, 0xf3, 0xca, 0x8a, 0x29, 0x03, 0xaa, 0xa9, 0x00, 0x9d, 0xe4, 0x07,
  0x60, 0xb1, 0xf4, 0xc8, 0x84, 0xf6, 0x85, 0xf7, 0xa0, 0x05, 0xa9, 0x3f, 0x31, 0xf0, 0x05, 0xf7,
  0x91, 0xf0, 0xa4, 0xf6, 0x60, 0xa9, 0x7f, 0x2d, 0x06, 0x07, 0x8d, 0x06, 0x07, 0xa6, 0xf3, 0xca,
  0x8a, 0x49, 0x07, 0x0a, 0x0a, 0x29, 0x0f, 0xaa, 0xa9, 0x30, 0x9d, 0x00, 0x40, 0x68, 0x68, 0x60,
  0xa6, 0xf3, 0xca, 0xb1, 0xf4, 0xc8, 0x0a, 0xb0, 0x03, 0x9d, 0xf4, 0x07, 0x4a, 0x9d, 0xa7, 0x07,
  0x60, 0xa6, 0xf3, 0xca, 0xb1, 0xf4, 0x9d, 0xaf, 0x07, 0xa9, 0x00, 0x9d, 0xc7, 0x07, 0xc8, 0x60,
  0xa6, 0xf3, 0xca, 0xa9, 0x00, 0x9d, 0xaf, 0x07, 0x60, 0xa9, 0x0f, 0x8d, 0x15, 0x40, 0xad, 0xe8,
  0x07, 0xd0, 0x14, 0xa9, 0x0f, 0x8d, 0x10, 0x40, 0xa9, 0x00, 0x8d, 0x12, 0x40, 0xa9, 0x0c, 0x8d,
  0x13, 0x40, 0xa9, 0x1f, 0x8d, 0x15, 0x40, 0x60, 0xa9, 0x0f, 0x8d, 0x15, 0x40, 0xad, 0xe8, 0x07,
  0xd0, 0x14, 0xa9, 0x0f, 0x8d, 0x10, 0x40, 0xa9, 0x03, 0x8d, 0x12, 0x40, 0xa9, 0x20, 0x8d, 0x13,
  0x40, 0xa9, 0x1f, 0x8d, 0x15, 0x40, 0x60, 0xa9, 0x0f, 0x8d, 0x15, 0x40, 0xad, 0xe8, 0x07, 0xd0,
  0x14, 0xa9, 0x0f, 0x8d, 0x10, 0x40, 0xa9, 0x0b, 0x8d, 0x12, 0x40, 0xa9, 0x13, 0x8d, 0x13, 0x40,
  0xa9, 0x1f, 0x8d, 0x15, 0x40, 0x60, 0xb1, 0xf4, 0xc8, 0x84, 0xf6, 0xa6, 0xf3, 0xca, 0x9d, 0xcf,
  0x07, 0x9d, 0xd7, 0x07, 0xa4, 0xf6, 0x60, 0xc8, 0x60, 0xc8, 0xc8, 0xc8, 0x60, 0xae, 0x06, 0x4e,
  0x06, 0xf3, 0x05, 0x9e, 0x05, 0x4d, 0x05, 0x01, 0x05, 0xb9, 0x04, 0x75, 0x04, 0x35, 0x04, 0xf8,
  0x03, 0xbf, 0x03, 0x89, 0x03, 0x00, 0x01, 0x02, 0x03, 0x04, 0x05, 0x06, 0x07, 0x08, 0x09, 0x0a,
  0x0c, 0x0e, 0x0f, 0x10, 0x12, 0x14, 0x15, 0x18, 0x1b, 0x1c, 0x1e, 0x20, 0x24, 0x28, 0x2a, 0x30,
  0x36, 0x38, 0x3c, 0x40, 0x48, 0x50, 0x54, 0x60, 0x6c, 0x70, 0x80, 0x90, 0xa0, 0xc0, 0xe0, 0x0b,
  0x85, 0xa8, 0xff, 0xf0, 0x52, 0x89, 0x5c, 0x89, 0x6a, 0x89, 0x78, 0x89, 0x88, 0x89, 0xa0, 0x89,
  0xb8, 0x89, 0xc0, 0x89, 0xc8, 0x89, 0xd0, 0x89, 0xda, 0x89, 0xe6, 0x89, 0xf4, 0x89, 0x08, 0x8a,
  0x20, 0x8a, 0x28, 0x8a, 0x30, 0x8a, 0x8c, 0x8a, 0xac, 0x8a, 0xcc, 0x8a, 0xec, 0x8a, 0x0c, 0x8b,
  0x1e, 0x8b, 0x30, 0x8b, 0xb6, 0x8b, 0xba, 0x8b, 0xbe, 0x8b, 0xc2, 0x8b, 0xc6, 0x8b, 0xca, 0x8b,
  0xce, 0x8b, 0xd2, 0x8b, 0xd6, 0x8b, 0x34, 0x8b, 0x92, 0x88, 0x9c, 0x88, 0xa8, 0x88, 0xb4, 0x88,
  0xc4, 0x88, 0xdc, 0x88, 0x42, 0x89, 0x4a, 0x89, 0x32, 0x8a, 0x5a, 0x88, 0x9e, 0x88, 0x70, 0x88,
  0x2e, 0x88, 0x4e, 0x88, 0x76, 0x8b, 0xe2, 0x87, 0xfc, 0x87, 0xf2, 0x87, 0x1c, 0x88, 0xd2, 0x87,
  0x93, 0xba, 0x9f, 0xba, 0xad, 0xba, 0xbb, 0xba, 0xc9, 0xba, 0xd7, 0xba, 0xe5, 0xba, 0xf3, 0xba,
  0xd2, 0xa5, 0x01, 0x0c, 0x03, 0x0f, 0x01, 0x0d, 0x01, 0x0b, 0x02, 0x09, 0x03, 0x0c, 0x01, 0x0b,
  0xff, 0x0a, 0x01, 0x0d, 0x01, 0x0f, 0x01, 0x09, 0x01, 0x0a, 0x0c, 0x0c, 0x0d, 0x0b, 0x0e, 0x0a,
  0xff, 0x09, 0x01, 0x09, 0x01, 0x0f, 0x1a, 0x0b, 0x1b, 0x0a, 0xff, 0x09, 0x02, 0x0f, 0x02, 0x0e,
  0x02, 0x0d, 0x02, 0x0c, 0x01, 0x0b, 0x01, 0x0a, 0x01, 0x09, 0x01, 0x08, 0x01, 0x07, 0x01, 0x06,
  0x01, 0x05, 0x01, 0x04, 0x01, 0x03, 0x01, 0x02, 0x01, 0x01, 0xff, 0x00, 0x03, 0x0f, 0x01, 0x0c,
  0x01, 0x09, 0x01, 0x04, 0x01, 0x0c, 0x01, 0x0b, 0x01, 0x0a, 0x01, 0x09, 0xff, 0x08, 0x09, 0x0f,
  0x09, 0x0e, 0x09, 0x0d, 0x09, 0x0c, 0x09, 0x0b, 0x09, 0x0a, 0x09, 0x09, 0x09, 0x08, 0x09, 0x07,
  0x09, 0x06, 0x09, 0x05, 0x09, 0x04, 0x09, 0x03, 0x09, 0x02, 0x09, 0x01, 0xff, 0x00, 0x02, 0x0f,
  0x02, 0x08, 0x02, 0x0f, 0x02, 0x08, 0x02, 0x0f, 0xff, 0x00, 0x28, 0x0f, 0x0b, 0x0e, 0x0b, 0x0d,
  0x0b, 0x0c, 0x0b, 0x0b, 0x0b, 0x0a, 0x1f, 0x09, 0x21, 0x08, 0x23, 0x07, 0x25, 0x06, 0x26, 0x05,
  0x02, 0x09, 0x02, 0x0a, 0x02, 0x0b, 0x02, 0x0c, 0x01, 0x0d, 0x01, 0x0e, 0x09, 0x0f, 0x01, 0x0e,
  0x01, 0x0f, 0x01, 0x0e, 0x01, 0x0f, 0x01, 0x0e, 0x01, 0x0f, 0x01, 0x0e, 0x01, 0x0f, 0x01, 0x0a,
  0xff, 0x0c, 0x01, 0x0c, 0x02, 0x0f, 0x01, 0x0c, 0x01, 0x09, 0xff, 0x0c, 0x01, 0x0c, 0x03, 0x0f,
  0x01, 0x0d, 0x01, 0x0b, 0x02, 0x09, 0xff, 0x0c, 0x01, 0x0c, 0x06, 0x0f, 0x02, 0x0d, 0x01, 0x0b,
  0x02, 0x09, 0xff, 0x0c, 0x01, 0x0c, 0x09, 0x0f, 0x01, 0x0e, 0x01, 0x0f, 0x01, 0x0e, 0x01, 0x0f,
  0x01, 0x09, 0xff, 0x0c, 0x01, 0x0c, 0x0c, 0x0f, 0x01, 0x0e, 0x01, 0x0f, 0x01, 0x0e, 0x01, 0x0f,
  0x01, 0x0e, 0x01, 0x0f, 0x01, 0x0e, 0x01, 0x0f, 0x01, 0x09, 0xff, 0x0c, 0x01, 0x0c, 0x13, 0x0f,
  0x01, 0x0e, 0x01, 0x0f, 0x01, 0x0e, 0x01, 0x0f, 0x01, 0x0e, 0x01, 0x0f, 0x01, 0x0e, 0x01, 0x0f,
  0x01, 0x0e, 0x02, 0x0d, 0x02, 0x0c, 0x02, 0x0d, 0x02, 0x0c, 0x02, 0x0d, 0x02, 0x0c, 0x02, 0x0d,
  0x02, 0x0c, 0x02, 0x0d, 0x02, 0x0c, 0x02, 0x0d, 0x02, 0x0c, 0x02, 0x0d, 0x02, 0x0c, 0x02, 0x0d,
  0x02, 0x0c, 0x02, 0x0d, 0x02, 0x0c, 0x02, 0x0d, 0x02, 0x0c, 0x02, 0x0d, 0x02, 0x0c, 0x02, 0x0d,
  0x02, 0x0c, 0x02, 0x0d, 0x02, 0x0c, 0x02, 0x0d, 0x02, 0x0c, 0x02, 0x0d, 0x02, 0x0c, 0x02, 0x0d,
  0x02, 0x0c, 0x02, 0x0d, 0x02, 0x0c, 0x02, 0x0d, 0x02, 0x0c, 0x02, 0x0d, 0x02, 0x0c, 0x02, 0x0d,
  0xff, 0x0c, 0x01, 0x0c, 0x03, 0x0f, 0x01, 0x09, 0xff, 0x0c, 0x01, 0x0c, 0x08, 0x0f, 0x01, 0x09,
  0xff, 0x0c, 0x01, 0x0d, 0x01, 0x0f, 0x01, 0x0e, 0x01, 0x04, 0xff, 0x0c, 0x01, 0x0d, 0x02, 0x0f,
  0x01, 0x0d, 0x01, 0x0b, 0x01, 0x09, 0x01, 0x04, 0xff, 0x0c, 0x01, 0x0d, 0x05, 0x0f, 0x01, 0x0d,
  0x01, 0x0b, 0x01, 0x09, 0x01, 0x04, 0xff, 0x0c, 0x01, 0x0d, 0x07, 0x0f, 0x01, 0x0e, 0x01, 0x0f,
  0x01, 0x0e, 0x01, 0x0f, 0x01, 0x04, 0xff, 0x0c, 0x01, 0x0d, 0x09, 0x0f, 0x01, 0x0e, 0x01, 0x0f,
  0x01, 0x0e, 0x01, 0x0f, 0x01, 0x0e, 0x01, 0x0f, 0x01, 0x0e, 0x01, 0x0f, 0x01, 0x04, 0xff, 0x0c,
  0x01, 0x0d, 0x0f, 0x0f, 0x01, 0x0e, 0x01, 0x0f, 0x01, 0x0e, 0x01, 0x0f, 0x01, 0x0e, 0x01, 0x0f,
  0x01, 0x0e, 0x01, 0x0f, 0x01, 0x04, 0xff, 0x0c, 0x01, 0x0d, 0x03, 0x0f, 0x01, 0x04, 0xff, 0x0c,
  0x01, 0x0d, 0x07, 0x0f, 0x01, 0x04, 0xff, 0x0c, 0x02, 0x0f, 0x01, 0x0e, 0x01, 0x04, 0xff, 0x0c,
  0x03, 0x0f, 0x01, 0x0c, 0x01, 0x09, 0x01, 0x04, 0xff, 0x0c, 0x05, 0x0f, 0x01, 0x0d, 0x01, 0x0b,
  0x01, 0x09, 0x01, 0x04, 0xff, 0x0c, 0x06, 0x0f, 0x01, 0x0d, 0x01, 0x0b, 0x01, 0x0a, 0x01, 0x09,
  0x01, 0x04, 0xff, 0x0c, 0x01, 0x0e, 0x08, 0x0f, 0x01, 0x0e, 0x01, 0x0f, 0x01, 0x0e, 0x01, 0x0f,
  0x01, 0x0e, 0x01, 0x0f, 0x01, 0x04, 0xff, 0x0c, 0x01, 0x0e, 0x0a, 0x0f, 0x01, 0x0e, 0x01, 0x0f,
  0x01, 0x0e, 0x01, 0x0f, 0x01, 0x0e, 0x01, 0x0f, 0x01, 0x0e, 0x01, 0x0d, 0x01, 0x0a, 0xff, 0x0c,
  0x01, 0x0e, 0x03, 0x0f, 0x01, 0x04, 0xff, 0x0c, 0x01, 0x0e, 0x06, 0x0f, 0x01, 0x04, 0xff, 0x0c,
  0x01, 0x0d, 0x12, 0x0f, 0x03, 0x0e, 0x03, 0x0d, 0x03, 0x0e, 0x03, 0x0d, 0x03, 0x0e, 0x03, 0x0d,
  0x03, 0x0e, 0x03, 0x0d, 0x04, 0x0e, 0x04, 0x0d, 0x04, 0x0e, 0x04, 0x0d, 0x04, 0x0e, 0x05, 0x0d,
  0x05, 0x0e, 0x05, 0x0d, 0x05, 0x0e, 0x05, 0x0d, 0x06, 0x0e, 0x06, 0x0d, 0x06, 0x0e, 0x06, 0x0d,
  0x06, 0x0e, 0x07, 0x0d, 0x07, 0x0e, 0x07, 0x0d, 0x07, 0x0e, 0x07, 0x0d, 0x07, 0x0e, 0x07, 0x0d,
  0x07, 0x0e, 0x07, 0x0d, 0x07, 0x0e, 0x07, 0x0d, 0x07, 0x0e, 0x07, 0x0d, 0x07, 0x0e, 0x07, 0x0d,
  0x07, 0x0e, 0x07, 0x0d, 0x07, 0x0e, 0x07, 0x0d, 0x07, 0x0e, 0xff, 0x0e, 0x01, 0x0f, 0x01, 0x0e,
  0x01, 0x0d, 0x01, 0x0c, 0x01, 0x0b, 0x01, 0x0a, 0x01, 0x09, 0x01, 0x08, 0x01, 0x07, 0x01, 0x06,
  0x01, 0x05, 0x01, 0x04, 0x01, 0x03, 0x01, 0x02, 0x01, 0x01, 0xff, 0x00, 0x02, 0x0f, 0x02, 0x0e,
  0x02, 0x0d, 0x02, 0x0c, 0x02, 0x0b, 0x02, 0x0a, 0x02, 0x09, 0x02, 0x08, 0x02, 0x07, 0x02, 0x06,
  0x02, 0x05, 0x02, 0x04, 0x02, 0x03, 0x02, 0x02, 0x02, 0x01, 0xff, 0x00, 0x03, 0x0f, 0x03, 0x0e,
  0x03, 0x0d, 0x03, 0x0c, 0x03, 0x0b, 0x03, 0x0a, 0x03, 0x09, 0x03, 0x08, 0x03, 0x07, 0x03, 0x06,
  0x03, 0x05, 0x03, 0x04, 0x03, 0x03, 0x03, 0x02, 0x03, 0x01, 0xff, 0x00, 0x01, 0x0f, 0x02, 0x0e,
  0x03, 0x0d, 0x04, 0x0c, 0x05, 0x0b, 0x06, 0x0a, 0x07, 0x09, 0x08, 0x08, 0x09, 0x07, 0x0a, 0x06,
  0x0b, 0x05, 0x0c, 0x04, 0x0d, 0x03, 0x0e, 0x02, 0x0f, 0x01, 0xff, 0x00, 0x02, 0x0f, 0x02, 0x0d,
  0x02, 0x0b, 0x02, 0x09, 0x02, 0x07, 0x02, 0x05, 0x02, 0x03, 0x02, 0x01, 0xff, 0x00, 0x01, 0x0f,
  0x01, 0x0d, 0x01, 0x0b, 0x01, 0x09, 0x01, 0x07, 0x01, 0x05, 0x01, 0x03, 0x01, 0x01, 0xff, 0x00,
  0xff, 0x0f, 0xff, 0x00, 0x0c, 0x0f, 0x03, 0x0e, 0x03, 0x0f, 0x03, 0x0e, 0x04, 0x0f, 0x04, 0x0e,
  0x04, 0x0f, 0x04, 0x0e, 0x05, 0x0f, 0x05, 0x0e, 0x05, 0x0f, 0x05, 0x0e, 0x05, 0x0f, 0x05, 0x0e,
  0x05, 0x0f, 0x05, 0x0e, 0x05, 0x0f, 0x05, 0x0e, 0x05, 0x0f, 0x05, 0x0e, 0x05, 0x0f, 0x05, 0x0e,
  0x05, 0x0f, 0x05, 0x0e, 0x06, 0x0f, 0x06, 0x0e, 0x06, 0x0f, 0x06, 0x0e, 0x07, 0x0f, 0x07, 0x0e,
  0x07, 0x0d, 0x08, 0x0c, 0xff, 0x00, 0x01, 0x0b, 0x01, 0x0c, 0x01, 0x0d, 0x01, 0x0e, 0x01, 0x0f,
  0x01, 0x0e, 0x01, 0x0d, 0x01, 0x0c, 0x01, 0x0b, 0x01, 0x0c, 0x01, 0x0d, 0x01, 0x0e, 0x01, 0x0f,
  0x01, 0x0e, 0x01, 0x0d, 0x01, 0x0c, 0x01, 0x0b, 0x01, 0x0c, 0x01, 0x0d, 0x01, 0x0e, 0x01, 0x0f,
  0x01, 0x0e, 0x01, 0x0d, 0x01, 0x0c, 0x01, 0x0b, 0x01, 0x0c, 0x01, 0x0d, 0x01, 0x0e, 0x01, 0x0f,
  0x01, 0x0e, 0x01, 0x0d, 0x01, 0x0c, 0x03, 0x0f, 0xff, 0x00, 0x04, 0x0f, 0xff, 0x00, 0x05, 0x0f,
  0xff, 0x00, 0x06, 0x0f, 0xff, 0x00, 0x07, 0x0f, 0xff, 0x00, 0x08, 0x0f, 0x0f, 0x00, 0x0a, 0x0f,
  0xff, 0x00, 0x0c, 0x0f, 0xff, 0x00, 0x0e, 0x0f, 0xff, 0x00, 0x42, 0x8e, 0x5b, 0x8e, 0x68, 0x8e,
  0x89, 0x8e, 0xcf, 0x8e, 0xad, 0x8f, 0x14, 0x8f, 0xa4, 0x90, 0x35, 0x92, 0xcc, 0x96, 0x49, 0x97,
  0x81, 0x91, 0xea, 0x91, 0x1d, 0x91, 0x79, 0x90, 0x5a, 0x8f, 0xbb, 0x8f, 0x2d, 0x94, 0x62, 0x94,
  0xc6, 0x94, 0xe4, 0x9d, 0xfd, 0x9d, 0x59, 0x93, 0x53, 0x96, 0x7f, 0x9e, 0x77, 0x97, 0x1e, 0x9b,
  0xd3, 0x9e, 0xcd, 0x9a, 0x50, 0x9b, 0x9d, 0x9b, 0x98, 0x9e, 0xb4, 0xbf, 0xf7, 0x9e, 0x2d, 0x95,
  0x57, 0x95, 0xee, 0x9c, 0x58, 0x9d, 0x73, 0x9d, 0x55, 0x9a, 0xd6, 0x97, 0x77, 0x9a, 0x53, 0x94,
  0x03, 0x98, 0x9a, 0x9a, 0x9d, 0x97, 0x1b, 0x98, 0x13, 0x9c, 0xfe, 0x9f, 0x00, 0xa0, 0xaa, 0xa2,
  0x0b, 0xa4, 0xc6, 0xa5, 0x8d, 0xb6, 0x61, 0xa7, 0x79, 0xac, 0xfa, 0xaf, 0xe0, 0xb1, 0x2d, 0xb3,
  0x14, 0xb5, 0x2c, 0xb9, 0x9e, 0xbb, 0x29, 0xb7, 0xb3, 0xbd, 0x2a, 0xab, 0xd5, 0xab, 0xea, 0xb8,
  0xc0, 0x8c, 0x64, 0xa9, 0x85, 0xaa, 0x2a, 0xac, 0x7a, 0xb0, 0xf3, 0xb2, 0x42, 0x8e, 0xe8, 0xad,
  0x99, 0xa3, 0x00, 0xa0, 0x1f, 0xb8, 0x9c, 0xb3, 0x01, 0xbb, 0xa8, 0xaa, 0x57, 0xa1, 0xe0, 0xa5,
  0x48, 0xa8, 0x0f, 0xa3, 0xd9, 0xa7, 0xf8, 0xa1, 0xad, 0xb7, 0x59, 0xac, 0x00, 0xa0, 0xfe, 0x9f,
  0xfe, 0x9f, 0x74, 0x98, 0xf6, 0x90, 0x46, 0x9f, 0x7e, 0x98, 0xbd, 0x98, 0x44, 0x99, 0x8e, 0x99,
  0xcb, 0x9c, 0xb4, 0x99, 0xfc, 0x99, 0x1e, 0x9a, 0xe7, 0x99, 0x9c, 0x9f, 0x35, 0x9c, 0xca, 0x9f,
  0xf3, 0x9b, 0x08, 0x9d, 0x5d, 0x9e, 0x21, 0x9e, 0xb5, 0x9c, 0xb5, 0x9c, 0xb5, 0x9c, 0x42, 0x8e,
  0x00, 0xd2, 0x8c, 0x01, 0xd2, 0x8c, 0x04, 0xd3, 0x8c, 0x05, 0xed, 0xbe, 0x06, 0x46, 0xbf, 0x07,
  0xb7, 0xbf, 0xff, 0xe0, 0x31, 0xe2, 0x00, 0xe3, 0x0f, 0xae, 0x0c, 0xe0, 0x31, 0x90, 0x0c, 0xe3,
  0x06, 0x84, 0x33, 0xf3, 0x8e, 0x34, 0xf4, 0x83, 0x34, 0xf3, 0x87, 0x34, 0xed, 0x01, 0x8a, 0x34,
  0xed, 0x02, 0x90, 0x34, 0xf4, 0xef, 0x83, 0x33, 0xf3, 0x87, 0x34, 0xf4, 0x8a, 0x34, 0x34, 0x34,
  0x34, 0x34, 0x37, 0x34, 0x0c, 0x83, 0x33, 0xf3, 0x87, 0x34, 0xf4, 0x8a, 0x34, 0x34, 0x83, 0x33,
  0xf3, 0x87, 0x34, 0xed, 0x01, 0x8a, 0x34, 0xed, 0x02, 0x90, 0x34, 0xf4, 0xef, 0x8a, 0x34, 0x34,
  0x83, 0x36, 0xf3, 0x87, 0x37, 0xf4, 0x8a, 0x34, 0xf3, 0xed, 0x01, 0x34, 0xed, 0x02, 0x90, 0x34,
  0xf4, 0xef, 0x95, 0x0c, 0x8a, 0x35, 0x35, 0x35, 0x90, 0x35, 0x8a, 0x0c, 0x83, 0x36, 0xf3, 0x87,
  0x37, 0xf4, 0x8a, 0x35, 0x34, 0x35, 0xf3, 0xed, 0x01, 0x35, 0xed, 0x02, 0x90, 0x35, 0xf4, 0xef,
  0x95, 0x0c, 0x84, 0x38, 0xf3, 0x8e, 0x39, 0xf4, 0x90, 0x37, 0x35, 0x83, 0x36, 0xf3, 0x87, 0x37,
  0xf4, 0x90, 0x35, 0x34, 0x32, 0x8a, 0x0c, 0x83, 0x2b, 0xf3, 0x87, 0x30, 0xf4, 0x90, 0x32, 0x39,
  0x37, 0x8a, 0x0c, 0x83, 0x3a, 0xf3, 0x93, 0x3b, 0xf4, 0x95, 0x37, 0x90, 0x42, 0x40, 0xf3, 0xed,
  0x01, 0x40, 0xed, 0x02, 0x98, 0x40, 0xf4, 0xef, 0xa0, 0x0c, 0x8a, 0x0c, 0x30, 0x32, 0x34, 0x32,
  0x34, 0x35, 0x84, 0x36, 0xf3, 0x8e, 0x37, 0xf4, 0x8a, 0x37, 0x90, 0x35, 0x87, 0x34, 0x86, 0x35,
  0x87, 0x34, 0x8a, 0x32, 0x30, 0x0c, 0x29, 0x2b, 0x30, 0x87, 0x32, 0x86, 0x34, 0x87, 0x32, 0x8a,
  0x30, 0x2b, 0x30, 0x27, 0x29, 0x2b, 0x30, 0x32, 0x34, 0x35, 0x0c, 0xeb, 0x02, 0x83, 0x36, 0xf3,
  0x87, 0x37, 0xf4, 0x8a, 0x35, 0x34, 0xec, 0x84, 0x38, 0xf3, 0x8e, 0x39, 0xf4, 0x8a, 0x39, 0x90,
  0x37, 0x87, 0x35, 0x86, 0x37, 0x87, 0x35, 0x8a, 0x34, 0x32, 0x31, 0x32, 0x34, 0x32, 0x34, 0x35,
  0x34, 0x35, 0x37, 0x35, 0x37, 0x39, 0x37, 0x39, 0x3b, 0x40, 0xeb, 0x02, 0xe9, 0x25, 0x8e, 0x8a,
  0x40, 0x40, 0xe9, 0x25, 0x8e, 0x8a, 0x40, 0x40, 0xe9, 0x25, 0x8e, 0x8a, 0x40, 0xec, 0x90, 0x40,
  0xf3, 0xed, 0x01, 0x40, 0xed, 0x02, 0x98, 0x40, 0xf4, 0xef, 0xe0, 0x17, 0xe3, 0x0a, 0x82, 0x50,
  0x4b, 0x49, 0x47, 0x45, 0x44, 0x42, 0x40, 0x83, 0x3b, 0x39, 0x37, 0x35, 0x34, 0x32, 0x30, 0x2b,
  0x98, 0x0c, 0xe8, 0xdb, 0x8c, 0x82, 0x3b, 0xf3, 0xe5, 0x01, 0x81, 0x3b, 0xe5, 0x02, 0x3b, 0xe5,
  0x03, 0x3b, 0xe5, 0x04, 0x82, 0x3b, 0xe5, 0x05, 0x81, 0x3b, 0xe5, 0x06, 0x3b, 0xe5, 0x00, 0x40,
  0xf4, 0xea, 0x00, 0x5a, 0x8e, 0x01, 0x5a, 0x8e, 0x02, 0x5a, 0x8e, 0x03, 0x5a, 0x8e, 0x04, 0x5a,
  0x8e, 0x05, 0x5a, 0x8e, 0x06, 0x5a, 0x8e, 0x07, 0x5a, 0x8e, 0xff, 0x00, 0x67, 0x8e, 0x01, 0x67,
  0x8e, 0x02, 0x67, 0x8e, 0x03, 0x67, 0x8e, 0xff, 0x00, 0x71, 0x8e, 0x01, 0x71, 0x8e, 0x03, 0x72,
  0x8e, 0xff, 0xe0, 0x12, 0xe3, 0x00, 0x81, 0x00, 0x82, 0x01, 0x83, 0x02, 0x03, 0x04, 0x84, 0x05,
  0x06, 0x85, 0x07, 0x08, 0x09, 0x0a, 0x95, 0x0b, 0xff, 0x00, 0x92, 0x8e, 0x01, 0x92, 0x8e, 0x03,
  0x93, 0x8e, 0xff, 0x81, 0xe0, 0x12, 0xe3, 0x00, 0x0f, 0x0e, 0x0d, 0x0c, 0x0e, 0x0d, 0x0c, 0x0b,
  0x0d, 0x0c, 0x0b, 0x0a, 0x81, 0x0c, 0x0b, 0x0a, 0x09, 0x0b, 0x0a, 0x09, 0x08, 0x0a, 0x09, 0x08,
  0x07, 0x09, 0x08, 0x07, 0x06, 0x08, 0x07, 0x06, 0x05, 0x07, 0x06, 0x05, 0x04, 0x06, 0x05, 0x04,
  0x03, 0x05, 0x04, 0x03, 0x02, 0x04, 0x03, 0x02, 0x01, 0x03, 0x02, 0x01, 0x96, 0x00, 0xff, 0x00,
  0xd8, 0x8e, 0x01, 0xd8, 0x8e, 0x03, 0xd9, 0x8e, 0xff, 0xe0, 0x12, 0xe3, 0x00, 0x81, 0x00, 0x01,
  0x02, 0x03, 0x01, 0x02, 0x03, 0x04, 0x02, 0x03, 0x04, 0x05, 0x03, 0x04, 0x05, 0x06, 0x04, 0x05,
  0x06, 0x07, 0x05, 0x06, 0x07, 0x08, 0x06, 0x07, 0x08, 0x09, 0x07, 0x08, 0x09, 0x0a, 0x08, 0x09,
  0x0a, 0x0b, 0x09, 0x0a, 0x0b, 0x0c, 0x0a, 0x0b, 0x0c, 0x0d, 0x0b, 0x0c, 0x0d, 0x0e, 0x0c, 0x0d,
  0x0e, 0x96, 0x0f, 0xff, 0x00, 0x1d, 0x8f, 0x01, 0x47, 0x8f, 0x03, 0x1e, 0x8f, 0xff, 0xe0, 0x14,
  0xe3, 0x00, 0x81, 0x00, 0x0f, 0x00, 0x0f, 0x01, 0x0e, 0x01, 0x0e, 0x02, 0x0d, 0x02, 0x0d, 0x03,
  0x0c, 0x03, 0x0c, 0x04, 0x0b, 0x04, 0x0b, 0x05, 0x0a, 0x05, 0x0a, 0x06, 0x09, 0x06, 0x09, 0x08,
  0x07, 0x08, 0xe0, 0x12, 0x96, 0x07, 0xff, 0xe0, 0x14, 0xe2, 0x40, 0xe3, 0x06, 0x81, 0xeb, 0x04,
  0x01, 0x12, 0x00, 0x13, 0x01, 0x12, 0x02, 0x11, 0xec, 0xff, 0x00, 0xa4, 0x8f, 0x01, 0x89, 0x8f,
  0x03, 0x64, 0x8f, 0xff, 0xe0, 0x12, 0xe3, 0x00, 0x82, 0x07, 0x08, 0x06, 0x09, 0x81, 0x05, 0x0a,
  0xf3, 0x04, 0x0b, 0x03, 0x0c, 0x02, 0xf4, 0x00, 0x01, 0x02, 0x03, 0x04, 0x05, 0x06, 0x07, 0x08,
  0x09, 0x0a, 0x0b, 0x0c, 0x0d, 0x0e, 0x96, 0x0f, 0xff, 0xe3, 0x05, 0xe0, 0x12, 0xe2, 0x00, 0x8d,
  0x0c, 0x81, 0x30, 0xf3, 0x2b, 0x2a, 0x29, 0x28, 0x27, 0x26, 0x25, 0x24, 0x23, 0x22, 0x21, 0x20,
  0x1b, 0x1a, 0xf4, 0xff, 0xe3, 0x09, 0x82, 0x0c, 0xe5, 0x02, 0xe8, 0x8b, 0x8f, 0x00, 0xb6, 0x8f,
  0x01, 0xb6, 0x8f, 0x03, 0xb7, 0x8f, 0xff, 0x82, 0xe8, 0x94, 0x8e, 0x00, 0xc5, 0x8f, 0x01, 0x41,
  0x90, 0x03, 0x46, 0x90, 0xff, 0xe0, 0x11, 0xe2, 0xc0, 0xe3, 0x00, 0x81, 0xe5, 0x10, 0x48, 0xe5,
  0x0e, 0x48, 0xe5, 0x0c, 0x48, 0xe5, 0x0a, 0x48, 0xe5, 0x08, 0x48, 0xe3, 0x08, 0xe5, 0x10, 0x49,
  0xe5, 0x0e, 0x49, 0xe5, 0x0c, 0x49, 0xe5, 0x0a, 0x49, 0xe5, 0x08, 0x49, 0xe5, 0x06, 0x49, 0xe3,
  0x0a, 0xe5, 0x10, 0x4a, 0xe5, 0x0e, 0x4a, 0xe5, 0x0c, 0x4a, 0xe5, 0x0a, 0x4a, 0xe5, 0x08, 0x4a,
  0xe5, 0x06, 0x4a, 0xe5, 0x04, 0x4a, 0xe3, 0x0c, 0xe5, 0x10, 0x4b, 0xe5, 0x0e, 0x4b, 0xe5, 0x0c,
  0x4b, 0xe5, 0x0a, 0x4b, 0xe5, 0x08, 0x4b, 0xe5, 0x06, 0x4b, 0xe5, 0x04, 0x4b, 0xe5, 0x02, 0x4b,
  0xe3, 0x0e, 0xe5, 0x10, 0x50, 0xe5, 0x0e, 0x50, 0xe5, 0x0c, 0x50, 0xe5, 0x0a, 0x50, 0xe5, 0x08,
  0x50, 0xe5, 0x06, 0x50, 0xe5, 0x04, 0x50, 0xe5, 0x02, 0x50, 0xe5, 0x01, 0x50, 0xe5, 0x00, 0x50,
  0xff, 0x84, 0x0c, 0xe8, 0xc5, 0x8f, 0xe0, 0x14, 0xe3, 0x00, 0xeb, 0x03, 0x81, 0x0f, 0x00, 0x0e,
  0x01, 0xec, 0xeb, 0x05, 0x0d, 0x00, 0x0c, 0x01, 0xec, 0xeb, 0x04, 0x0b, 0x00, 0x0a, 0x01, 0xec,
  0x09, 0x00, 0x08, 0x01, 0x07, 0x00, 0x06, 0x01, 0x05, 0x00, 0x04, 0x01, 0x03, 0x00, 0x02, 0x01,
  0x02, 0x00, 0x01, 0x01, 0xe0, 0x12, 0x96, 0x00, 0xff, 0x00, 0x82, 0x90, 0x01, 0x82, 0x90, 0x03,
  0x83, 0x90, 0xff, 0xe0, 0x12, 0xe3, 0x00, 0x81, 0x00, 0x01, 0x02, 0x03, 0x04, 0x05, 0x06, 0xeb,
  0x02, 0x00, 0x01, 0x02, 0x03, 0x04, 0x05, 0x06, 0x07, 0x08, 0x09, 0x0a, 0xec, 0x0b, 0x0c, 0x0d,
  0x0e, 0x96, 0x0f, 0xff, 0x00, 0xad, 0x90, 0x01, 0xdd, 0x90, 0x03, 0xae, 0x90, 0xff, 0xe0, 0x12,
  0xe3, 0x00, 0xeb, 0x04, 0x81, 0x00, 0x0f, 0x01, 0x0e, 0xec, 0xeb, 0x03, 0x02, 0x0f, 0x03, 0x0e,
  0xec, 0xeb, 0x02, 0x04, 0x0f, 0x05, 0x0e, 0xec, 0x06, 0x0f, 0x07, 0x0e, 0x08, 0x0f, 0x09, 0x0e,
  0x0a, 0x0f, 0x0b, 0x0e, 0x0c, 0x0f, 0x0d, 0x0e, 0xe0, 0x12, 0x96, 0x0f, 0xff, 0xe0, 0x14, 0xe2,
  0x80, 0xe3, 0x06, 0x81, 0xeb, 0x06, 0x01, 0x12, 0x00, 0x13, 0x01, 0x12, 0x02, 0x11, 0xec, 0x00,
  0x13, 0x01, 0x12, 0x02, 0x11, 0xff, 0x00, 0xff, 0x90, 0x01, 0xdd, 0x90, 0x03, 0x00, 0x91, 0xff,
  0xe0, 0x14, 0xe3, 0x00, 0xeb, 0x03, 0x81, 0x00, 0x0f, 0x01, 0x0e, 0xec, 0xeb, 0x05, 0x02, 0x0f,
  0x03, 0x0e, 0xec, 0xeb, 0x04, 0x04, 0x0f, 0x05, 0x0e, 0xec, 0xe8, 0xc8, 0x90, 0x00, 0x26, 0x91,
  0x01, 0x27, 0x91, 0x03, 0x57, 0x91, 0xff, 0xe0, 0x12, 0xe2, 0x80, 0xe3, 0x05, 0x81, 0x10, 0x20,
  0x0b, 0x1b, 0x11, 0x21, 0x0a, 0x1a, 0x12, 0x22, 0x09, 0x19, 0x13, 0x23, 0x08, 0x18, 0x14, 0x24,
  0x07, 0x17, 0x15, 0x25, 0x06, 0x16, 0x16, 0x26, 0x05, 0x15, 0x17, 0x27, 0x04, 0x14, 0x18, 0x28,
  0x03, 0x13, 0x19, 0x29, 0x02, 0x12, 0xff, 0xe0, 0x12, 0xe3, 0x00, 0x82, 0x0c, 0x81, 0x0f, 0x0e,
  0x0c, 0x0d, 0x0c, 0x82, 0x0c, 0x81, 0x0b, 0x0a, 0x83, 0x0c, 0x81, 0x09, 0x08, 0x82, 0x0c, 0x81,
  0x08, 0x09, 0x0c, 0x0a, 0x0b, 0x0c, 0x0d, 0x0c, 0x0b, 0x0a, 0x0b, 0x0c, 0x0d, 0x0e, 0x96, 0x0d,
  0xff, 0x00, 0x8a, 0x91, 0x01, 0x8b, 0x91, 0x03, 0xa4, 0x91, 0xff, 0xe0, 0x14, 0xe2, 0xc0, 0xe3,
  0x00, 0x81, 0xeb, 0x05, 0x01, 0x50, 0x02, 0x51, 0x03, 0x52, 0x04, 0x53, 0x03, 0x52, 0x02, 0x51,
  0x01, 0x50, 0xec, 0xff, 0xe0, 0x12, 0xe3, 0x00, 0x81, 0x00, 0x01, 0x02, 0x03, 0x04, 0x03, 0x02,
  0x01, 0x01, 0x02, 0x03, 0x04, 0x05, 0x04, 0x03, 0x02, 0x02, 0x03, 0x04, 0x05, 0x06, 0x05, 0x04,
  0x03, 0x03, 0x04, 0x05, 0x06, 0x07, 0x06, 0x05, 0x04, 0x04, 0x05, 0x06, 0x07, 0x08, 0x07, 0x06,
  0x05, 0x05, 0x06, 0x07, 0x08, 0x09, 0x08, 0x07, 0x06, 0x06, 0x07, 0x08, 0x09, 0x0a, 0x09, 0x08,
  0x07, 0x07, 0x08, 0x09, 0x0a, 0x0b, 0x0a, 0x09, 0x08, 0xff, 0x00, 0xf4, 0x91, 0x01, 0x30, 0x92,
  0x03, 0xf3, 0x91, 0xff, 0xe0, 0x11, 0xe2, 0xc0, 0xe3, 0x00, 0x81, 0x48, 0xe5, 0x01, 0x48, 0xe5,
  0x02, 0x48, 0xe5, 0x04, 0x48, 0xe9, 0x1d, 0x92, 0xe3, 0x08, 0xe9, 0x1d, 0x92, 0xe3, 0x0a, 0xe9,
  0x1d, 0x92, 0xe3, 0x0c, 0xe9, 0x1d, 0x92, 0xe3, 0x0e, 0xe9, 0x1d, 0x92, 0xff, 0xe5, 0x06, 0x48,
  0xe5, 0x08, 0x48, 0xe5, 0x0a, 0x48, 0xe5, 0x0c, 0x48, 0xe5, 0x0e, 0x48, 0xe5, 0x10, 0x48, 0xea,
  0x84, 0x0c, 0xe8, 0xf4, 0x91, 0x00, 0x3e, 0x92, 0x01, 0x3f, 0x92, 0x03, 0xdc, 0x92, 0xff, 0xe0,
  0x14, 0xe2, 0x80, 0xe3, 0x08, 0xe9, 0xc0, 0x92, 0xeb, 0x06, 0x03, 0x10, 0xec, 0xeb, 0x07, 0x02,
  0x11, 0xec, 0xe3, 0x02, 0xeb, 0x03, 0x02, 0x14, 0x02, 0x15, 0x03, 0x14, 0x04, 0x13, 0xec, 0xe3,
  0x03, 0x02, 0x15, 0x03, 0x14, 0x04, 0x13, 0xe3, 0x04, 0x03, 0x14, 0x02, 0x15, 0x03, 0x14, 0xe3,
  0x05, 0x04, 0x13, 0x03, 0x14, 0x02, 0x15, 0xe3, 0x06, 0x02, 0x14, 0x03, 0x12, 0x02, 0x13, 0xe3,
  0x07, 0x01, 0x14, 0x02, 0x13, 0x03, 0x12, 0xe3, 0x08, 0x02, 0x13, 0x01, 0x14, 0x02, 0x13, 0xe3,
  0x09, 0x03, 0x12, 0x02, 0x13, 0x01, 0x14, 0xe3, 0x0a, 0x01, 0x12, 0x02, 0x11, 0x01, 0x12, 0xe3,
  0x0b, 0x00, 0x13, 0x01, 0x12, 0x02, 0x11, 0xe3, 0x0c, 0x01, 0x12, 0x00, 0x13, 0x01, 0x12, 0xe3,
  0x0d, 0x02, 0x11, 0x01, 0x12, 0x00, 0x13, 0xe3, 0x0e, 0x01, 0x12, 0x02, 0x11, 0x01, 0x12, 0xff,
  0xeb, 0x02, 0x81, 0x07, 0x82, 0x08, 0xec, 0xeb, 0x03, 0x82, 0x06, 0x81, 0x09, 0xec, 0xeb, 0x04,
  0x81, 0x05, 0x82, 0x0a, 0xec, 0xeb, 0x05, 0x81, 0x04, 0x0b, 0xec, 0xea, 0xe0, 0x14, 0xe3, 0x02,
  0xe9, 0xc0, 0x92, 0xeb, 0x06, 0x03, 0x0c, 0xec, 0xeb, 0x07, 0x02, 0x0d, 0xec, 0xeb, 0x03, 0x01,
  0x0e, 0x00, 0x0f, 0x01, 0x0e, 0x02, 0x0d, 0xec, 0xe3, 0x03, 0x00, 0x0f, 0x01, 0x0e, 0x02, 0x0d,
  0xe3, 0x04, 0x01, 0x0e, 0x00, 0x0f, 0x01, 0x0e, 0xe3, 0x05, 0x02, 0x0d, 0x01, 0x0e, 0x00, 0x0f,
  0xe3, 0x06, 0x01, 0x0e, 0x02, 0x0d, 0x01, 0x0e, 0xe3, 0x07, 0x00, 0x0f, 0x01, 0x0e, 0x02, 0x0d,
  0xe3, 0x08, 0x01, 0x0e, 0x00, 0x0f, 0x01, 0x0e, 0xe3, 0x09, 0x02, 0x0d, 0x01, 0x0e, 0x00, 0x0f,
  0xe3, 0x0a, 0x01, 0x0e, 0x02, 0x0d, 0x01, 0x0e, 0xe3, 0x0b, 0x00, 0x0f, 0x01, 0x0e, 0x02, 0x0d,
  0xe3, 0x0c, 0x01, 0x0e, 0x00, 0x0f, 0x01, 0x0e, 0xe3, 0x0d, 0x02, 0x0d, 0x01, 0x0e, 0x00, 0x0f,
  0xe3, 0x0e, 0x01, 0x0e, 0x02, 0x0d, 0x01, 0x0e, 0xff, 0x00, 0x63, 0x93, 0x01, 0xa7, 0x93, 0x03,
  0xeb, 0x93, 0xff, 0xe0, 0x13, 0xe2, 0x40, 0x81, 0xe3, 0x07, 0x11, 0x12, 0x13, 0x14, 0x15, 0x16,
  0x17, 0x18, 0x19, 0x12, 0x13, 0x14, 0x15, 0x16, 0x17, 0x18, 0x19, 0x13, 0x14, 0x15, 0x16, 0x17,
  0x18, 0x19, 0x14, 0x15, 0x16, 0x17, 0x18, 0x19, 0x15, 0x16, 0x17, 0x18, 0x19, 0x16, 0x17, 0x18,
  0x19, 0x17, 0x18, 0x19, 0x18, 0x19, 0xe3, 0x06, 0x18, 0x19, 0x18, 0x19, 0xe3, 0x05, 0x18, 0x19,
  0x18, 0x19, 0xe3, 0x04, 0x18, 0x19, 0xff, 0xe0, 0x13, 0xe2, 0x80, 0x81, 0xe3, 0x07, 0x12, 0x13,
  0x14, 0x15, 0x16, 0x17, 0x18, 0x19, 0x1a, 0x13, 0x14, 0x15, 0x16, 0x17, 0x18, 0x19, 0x1a, 0x14,
  0x15, 0x16, 0x17, 0x18, 0x19, 0x1a, 0x15, 0x16, 0x17, 0x18, 0x19, 0x1a, 0x16, 0x17, 0x18, 0x19,
  0x1a, 0x17, 0x18, 0x19, 0x1a, 0x18, 0x19, 0x1a, 0x19, 0x1a, 0xe3, 0x06, 0x19, 0x1a, 0x19, 0x1a,
  0xe3, 0x05, 0x19, 0x1a, 0x19, 0x1a, 0xe3, 0x04, 0x19, 0x1a, 0xff, 0x81, 0xe0, 0x12, 0xe3, 0x07,
  0x02, 0x03, 0x04, 0x05, 0x06, 0x07, 0x08, 0x09, 0x0a, 0x03, 0x04, 0x05, 0x06, 0x07, 0x08, 0x09,
  0x0a, 0x04, 0x05, 0x06, 0x07, 0x08, 0x09, 0x0a, 0x05, 0x06, 0x07, 0x08, 0x09, 0x0a, 0x06, 0x07,
  0x08, 0x09, 0x0a, 0x07, 0x08, 0x09, 0x0a, 0x08, 0x09, 0x0a, 0x09, 0x0a, 0xe3, 0x06, 0x09, 0x0a,
  0x09, 0x0a, 0xe3, 0x05, 0x09, 0x0a, 0x09, 0x0a, 0xe3, 0x04, 0x09, 0x0a, 0xff, 0x00, 0x36, 0x94,
  0x01, 0x37, 0x94, 0x03, 0x44, 0x94, 0xff, 0xe0, 0x12, 0xe2, 0x80, 0xe3, 0x00, 0x81, 0x10, 0x20,
  0x00, 0x10, 0x20, 0xff, 0xe9, 0x49, 0x94, 0x05, 0xff, 0xe0, 0x15, 0xe3, 0x00, 0x84, 0xed, 0x01,
  0x0a, 0x8e, 0xea, 0x00, 0x5c, 0x94, 0x01, 0x37, 0x94, 0x03, 0x5d, 0x94, 0xff, 0xe9, 0x49, 0x94,
  0x0f, 0xff, 0x00, 0x6b, 0x94, 0x01, 0x6c, 0x94, 0x03, 0x91, 0x94, 0xff, 0xe0, 0x12, 0xe2, 0x80,
  0xe3, 0x00, 0x81, 0x15, 0x14, 0x12, 0x10, 0x0b, 0x09, 0x07, 0x05, 0x04, 0xe3, 0x09, 0x15, 0x13,
  0x14, 0x12, 0x13, 0x11, 0x12, 0x10, 0x09, 0x08, 0x07, 0x06, 0x05, 0x04, 0x03, 0x02, 0x01, 0x00,
  0xff, 0xe0, 0x12, 0xe3, 0x00, 0x81, 0x0b, 0x08, 0x0d, 0x0f, 0x09, 0xe3, 0x08, 0x0f, 0x0e, 0x0d,
  0x0c, 0xe3, 0x09, 0x0f, 0x0e, 0x0d, 0x0c, 0xe3, 0x0a, 0x0f, 0x0e, 0x0d, 0x0c, 0xe3, 0x0b, 0x0f,
  0x0e, 0x0d, 0x0c, 0xe3, 0x0c, 0x0f, 0x0e, 0x0d, 0x0c, 0xe3, 0x0d, 0x0f, 0x0e, 0x0d, 0x0c, 0xe3,
  0x0e, 0x0f, 0x0e, 0x0d, 0x0c, 0xff, 0x00, 0xcf, 0x94, 0x01, 0xd0, 0x94, 0x03, 0xf9, 0x94, 0xff,
  0xe0, 0x12, 0xe2, 0x80, 0xe3, 0x00, 0xeb, 0x03, 0x81, 0x15, 0x14, 0x12, 0x10, 0xec, 0x0b, 0x09,
  0x07, 0x05, 0x04, 0xe3, 0x0b, 0xe9, 0xee, 0x94, 0xe3, 0x0d, 0xe9, 0xee, 0x94, 0xff, 0x15, 0x13,
  0x14, 0x12, 0x10, 0x0b, 0x09, 0x07, 0x05, 0x04, 0xea, 0xe0, 0x12, 0xe3, 0x00, 0x81, 0xeb, 0x03,
  0x0b, 0x08, 0x0d, 0x0f, 0xec, 0x0c, 0x06, 0x0f, 0x0a, 0x10, 0x0f, 0x0d, 0x0b, 0x0a, 0xe3, 0x01,
  0x0c, 0xe3, 0x03, 0x0c, 0xe3, 0x05, 0x0c, 0xe3, 0x07, 0x0c, 0xe3, 0x09, 0x0c, 0xe3, 0x0a, 0x0c,
  0xe3, 0x0b, 0x0c, 0xe3, 0x0c, 0x0c, 0xe3, 0x0d, 0x0c, 0xe3, 0x0e, 0x0c, 0xff, 0x00, 0x36, 0x95,
  0x01, 0x37, 0x95, 0x03, 0x48, 0x95, 0xff, 0xe0, 0x12, 0xe2, 0x80, 0xe3, 0x00, 0xeb, 0x03, 0x81,
  0x15, 0x14, 0x12, 0x10, 0xec, 0xe8, 0x72, 0x94, 0xe0, 0x12, 0xe3, 0x00, 0x81, 0xeb, 0x03, 0x0b,
  0x08, 0x0d, 0x0f, 0xec, 0xe8, 0x95, 0x94, 0x00, 0x61, 0x95, 0x01, 0xa7, 0x95, 0x03, 0xae, 0x95,
  0xff, 0xe0, 0x17, 0xe2, 0x00, 0xe3, 0x05, 0x83, 0xeb, 0x09, 0xe9, 0x9d, 0x95, 0xec, 0xe3, 0x06,
  0x82, 0xe9, 0x9d, 0x95, 0xe3, 0x07, 0xe9, 0x9d, 0x95, 0xe3, 0x08, 0xe9, 0x9d, 0x95, 0xe3, 0x09,
  0xe9, 0x9d, 0x95, 0xe3, 0x0a, 0xe9, 0x9d, 0x95, 0xe3, 0x0b, 0xe9, 0x9d, 0x95, 0xe3, 0x0c, 0xe9,
  0x9d, 0x95, 0xe3, 0x0d, 0xe9, 0x9d, 0x95, 0xe3, 0x0e, 0xe9, 0x9d, 0x95, 0xff, 0xe4, 0x84, 0x20,
  0xe4, 0x84, 0x30, 0xe4, 0x84, 0x40, 0xea, 0xe5, 0x01, 0x83, 0x0c, 0xe8, 0x61, 0x95, 0xe0, 0x17,
  0xe3, 0x00, 0x81, 0x02, 0x82, 0x03, 0x83, 0x04, 0x82, 0x05, 0x81, 0x06, 0x03, 0x82, 0x04, 0x83,
  0x05, 0x82, 0x06, 0x81, 0x07, 0x04, 0x82, 0x05, 0x83, 0x06, 0x82, 0x07, 0x81, 0x08, 0x05, 0x82,
  0x06, 0x83, 0x07, 0x82, 0x08, 0x81, 0x09, 0x06, 0x82, 0x07, 0x83, 0x08, 0x82, 0x09, 0x81, 0x0a,
  0x07, 0x82, 0x08, 0x83, 0x09, 0x82, 0x0a, 0x81, 0x0b, 0x08, 0x82, 0x09, 0x83, 0x0a, 0x82, 0x0b,
  0x81, 0x0c, 0x09, 0x82, 0x0a, 0x83, 0x0b, 0x82, 0x0c, 0x81, 0x0d, 0x0a, 0x82, 0x0b, 0x83, 0x0c,
  0x82, 0x0d, 0x81, 0x0e, 0xe3, 0x01, 0xe9, 0x4b, 0x96, 0xe3, 0x02, 0xe9, 0x4b, 0x96, 0xe3, 0x03,
  0xe9, 0x4b, 0x96, 0xe3, 0x04, 0xe9, 0x4b, 0x96, 0xe3, 0x05, 0xe9, 0x4b, 0x96, 0xe3, 0x06, 0xe9,
  0x4b, 0x96, 0xe3, 0x07, 0xe9, 0x4b, 0x96, 0xe3, 0x08, 0xe9, 0x4b, 0x96, 0xe3, 0x09, 0xe9, 0x4b,
  0x96, 0xe3, 0x0a, 0xe9, 0x4b, 0x96, 0xe3, 0x0b, 0xe9, 0x4b, 0x96, 0xe3, 0x0c, 0xe9, 0x4b, 0x96,
  0xe3, 0x0d, 0xe9, 0x4b, 0x96, 0xe3, 0x0e, 0xe9, 0x4b, 0x96, 0xff, 0x0a, 0x0b, 0x82, 0x0c, 0x81,
  0x0d, 0x0e, 0xea, 0x00, 0xa2, 0x96, 0x01, 0x78, 0x96, 0x03, 0x5d, 0x96, 0xff, 0xe0, 0x2f, 0xe3,
  0x00, 0x82, 0x04, 0x09, 0x0a, 0x0b, 0x81, 0x0a, 0x0b, 0x0a, 0x10, 0x82, 0x09, 0x0a, 0x0b, 0x83,
  0x0a, 0x0b, 0x0c, 0xe0, 0x2e, 0xa5, 0x0d, 0xff, 0xe0, 0x17, 0xe2, 0x80, 0xe3, 0x00, 0x81, 0xeb,
  0x03, 0x00, 0x10, 0xec, 0x0b, 0x0a, 0x09, 0x08, 0x00, 0x10, 0x00, 0x10, 0x00, 0x0b, 0x10, 0x0a,
  0x0b, 0x09, 0x0a, 0x08, 0x09, 0x07, 0x08, 0xe0, 0x2e, 0x00, 0xf3, 0xeb, 0x43, 0x01, 0x00, 0xec,
  0xf4, 0xff, 0xe0, 0x17, 0xe2, 0x80, 0xe3, 0x05, 0x81, 0xeb, 0x03, 0x03, 0x13, 0xec, 0x12, 0x11,
  0x10, 0x0b, 0x03, 0x13, 0x03, 0x13, 0x03, 0x12, 0x13, 0x11, 0x12, 0x10, 0x11, 0x0b, 0x10, 0x0a,
  0x0b, 0xe0, 0x2e, 0x03, 0xf3, 0xeb, 0x43, 0x04, 0x03, 0xec, 0xf4, 0xff, 0x00, 0xd5, 0x96, 0x01,
  0xd6, 0x96, 0x03, 0x21, 0x97, 0xff, 0xe0, 0x14, 0xe2, 0x80, 0xe3, 0x08, 0x81, 0x20, 0x22, 0x21,
  0xe3, 0x0d, 0x20, 0x22, 0x21, 0xe3, 0x07, 0x21, 0x23, 0x22, 0xe3, 0x0c, 0x21, 0x23, 0x22, 0xe3,
  0x06, 0x22, 0x24, 0x23, 0xe3, 0x0b, 0x22, 0x24, 0x23, 0xeb, 0x04, 0xe3, 0x05, 0x23, 0x25, 0x24,
  0xe3, 0x0b, 0x23, 0x25, 0x24, 0xec, 0xeb, 0x04, 0xe3, 0x08, 0x22, 0x24, 0x23, 0xe3, 0x0d, 0x22,
  0x24, 0x23, 0xec, 0xeb, 0x04, 0xe3, 0x0a, 0x23, 0x25, 0x24, 0xe3, 0x0e, 0x23, 0x25, 0x24, 0xec,
  0xff, 0xe0, 0x14, 0xe3, 0x00, 0x81, 0xeb, 0x08, 0x0a, 0x09, 0x08, 0xec, 0xeb, 0x04, 0x0b, 0x0a,
  0x09, 0xec, 0xeb, 0x04, 0x0c, 0x0b, 0x0a, 0xec, 0xeb, 0x02, 0x0d, 0x0c, 0x0b, 0xec, 0xeb, 0x02,
  0x0e, 0x0d, 0x0c, 0xec, 0x0d, 0x0e, 0x96, 0x0f, 0xff, 0x00, 0x52, 0x97, 0x01, 0x52, 0x97, 0x03,
  0x53, 0x97, 0xff, 0xe0, 0x12, 0xe3, 0x00, 0x81, 0x00, 0x02, 0x01, 0x03, 0x02, 0x04, 0x03, 0x05,
  0x04, 0x06, 0x05, 0x07, 0x06, 0x08, 0x07, 0x09, 0x08, 0x0a, 0x09, 0x0b, 0x0a, 0x0c, 0x0b, 0x0d,
  0x0c, 0x0e, 0x0d, 0x0f, 0x96, 0x0e, 0xff, 0x00, 0x80, 0x97, 0x01, 0x81, 0x97, 0x03, 0x8f, 0x97,
  0xff, 0xe0, 0x12, 0xe2, 0x80, 0xe3, 0x00, 0x81, 0x10, 0x20, 0x00, 0x10, 0x00, 0x10, 0xff, 0xe0,
  0x15, 0xe3, 0x00, 0x84, 0xed, 0x01, 0x0c, 0x88, 0x08, 0xe3, 0x08, 0x07, 0xff, 0x00, 0xa7, 0x97,
  0x01, 0xb7, 0x97, 0x03, 0xc7, 0x97, 0xff, 0xe0, 0x14, 0xe2, 0x80, 0xe3, 0x00, 0x81, 0x10, 0x00,
  0x15, 0x05, 0x10, 0x00, 0x16, 0x06, 0xff, 0xe0, 0x14, 0xe2, 0x80, 0xe3, 0x00, 0x81, 0x11, 0x01,
  0x16, 0x06, 0x11, 0x01, 0x17, 0x07, 0xff, 0xe0, 0x17, 0xe3, 0x00, 0x81, 0x0b, 0x08, 0x0d, 0x0f,
  0x0c, 0x06, 0x0f, 0x0a, 0x0f, 0xff, 0x00, 0xdf, 0x97, 0x01, 0xe0, 0x97, 0x03, 0xf7, 0x97, 0xff,
  0xe0, 0x16, 0xe2, 0x80, 0xe3, 0x00, 0xe9, 0xef, 0x97, 0xe3, 0x0b, 0xe9, 0xef, 0x97, 0xff, 0x82,
  0x08, 0x09, 0x08, 0x07, 0x81, 0x06, 0xea, 0xe0, 0x12, 0xe3, 0x00, 0x82, 0x07, 0x08, 0x07, 0x06,
  0x81, 0x05, 0xff, 0x00, 0x0c, 0x98, 0x01, 0x0c, 0x98, 0x03, 0x0d, 0x98, 0xff, 0xe0, 0x12, 0xe3,
  0x00, 0x82, 0x0d, 0xe3, 0x02, 0x0c, 0x07, 0xe3, 0x06, 0x0d, 0xff, 0x00, 0x25, 0x98, 0x01, 0x39,
  0x98, 0x03, 0x40, 0x98, 0xff, 0xe0, 0x17, 0xe2, 0x80, 0xe3, 0x00, 0x81, 0x10, 0x00, 0x15, 0x05,
  0x10, 0x00, 0x16, 0x06, 0x10, 0x00, 0x17, 0x07, 0xff, 0xe5, 0x08, 0x81, 0x0c, 0xe8, 0x25, 0x98,
  0xe0, 0x17, 0xe3, 0x00, 0x81, 0x0b, 0x0c, 0x05, 0x0f, 0x0a, 0x08, 0x05, 0x0f, 0x0e, 0x0d, 0x0c,
  0x0b, 0xff, 0x00, 0x5b, 0x98, 0x01, 0x5c, 0x98, 0x03, 0x67, 0x98, 0xff, 0xe0, 0x12, 0xe2, 0x80,
  0xe3, 0x00, 0x81, 0x10, 0x01, 0x11, 0xff, 0xe0, 0x16, 0xe3, 0x00, 0x81, 0x0a, 0x00, 0x01, 0x02,
  0x03, 0x04, 0x05, 0xff, 0x00, 0x7d, 0x98, 0x01, 0x94, 0x98, 0x03, 0x9d, 0x98, 0xff, 0x00, 0x93,
  0x98, 0x01, 0x94, 0x98, 0x03, 0x9d, 0x98, 0x04, 0x93, 0x98, 0x05, 0x93, 0x98, 0x06, 0x93, 0x98,
  0x07, 0x93, 0x98, 0xff, 0x8e, 0x0c, 0xe9, 0x36, 0x9a, 0xe9, 0x14, 0x9a, 0xff, 0xe9, 0xa5, 0x98,
  0x8f, 0x10, 0xe8, 0xf4, 0x98, 0xe0, 0x17, 0xe3, 0x00, 0x81, 0x0d, 0x0e, 0x0f, 0x0e, 0x0d, 0x0c,
  0x0b, 0x0c, 0x0a, 0x0b, 0x09, 0x08, 0x07, 0x06, 0x05, 0x06, 0x07, 0x08, 0xea, 0x00, 0xd2, 0x98,
  0x01, 0x3b, 0x99, 0x03, 0xd3, 0x98, 0x04, 0xd2, 0x98, 0x05, 0xd2, 0x98, 0x06, 0xd2, 0x98, 0x07,
  0xd2, 0x98, 0xff, 0xe0, 0x15, 0xe3, 0x00, 0x81, 0x0d, 0x0e, 0x06, 0x09, 0x0a, 0x0c, 0x0d, 0x05,
  0x08, 0x09, 0x0b, 0x0c, 0x04, 0x07, 0x08, 0x0a, 0x0b, 0x03, 0x06, 0x07, 0x06, 0x07, 0x08, 0x09,
  0x83, 0x0a, 0x8f, 0x10, 0xe0, 0x21, 0xe3, 0x04, 0x8f, 0x0a, 0xe3, 0x02, 0x9a, 0x0a, 0xe3, 0x03,
  0x97, 0x0a, 0xe3, 0x02, 0x95, 0x0a, 0xe3, 0x01, 0x96, 0x0a, 0xe3, 0x03, 0x98, 0x0a, 0xe3, 0x04,
  0x99, 0x0a, 0xe3, 0x05, 0x97, 0x0a, 0xe3, 0x06, 0x99, 0x0a, 0xe3, 0x07, 0x98, 0x0a, 0xe3, 0x08,
  0x9a, 0x0a, 0xe3, 0x09, 0x98, 0x0a, 0xe3, 0x0a, 0x96, 0x0a, 0xe3, 0x0b, 0x95, 0x0a, 0xe3, 0x0c,
  0x94, 0x0a, 0xe3, 0x0d, 0x95, 0x0a, 0xe3, 0x0e, 0x94, 0x0a, 0xff, 0x95, 0x0c, 0xe9, 0x36, 0x9a,
  0xe9, 0x14, 0x9a, 0xff, 0x00, 0x4d, 0x99, 0x01, 0x4d, 0x99, 0x03, 0x4e, 0x99, 0xff, 0xe0, 0x21,
  0xe0, 0x17, 0xe3, 0x04, 0x8e, 0x0a, 0xe3, 0x01, 0x95, 0x0a, 0xe3, 0x03, 0x8a, 0x0a, 0xe3, 0x02,
  0x8e, 0x0a, 0xe3, 0x03, 0x91, 0x0a, 0xe3, 0x04, 0x8e, 0x0a, 0xe3, 0x05, 0x8a, 0x0a, 0xe3, 0x06,
  0x91, 0x0a, 0xe3, 0x07, 0x0a, 0xe3, 0x08, 0x94, 0x0a, 0xe3, 0x09, 0x8d, 0x0a, 0xe3, 0x0a, 0x0a,
  0xe3, 0x0b, 0x0a, 0xe3, 0x0c, 0x0a, 0xe3, 0x0d, 0x0a, 0xe3, 0x0e, 0x99, 0x0a, 0xff, 0x00, 0x98,
  0x99, 0x01, 0xa6, 0x99, 0x03, 0x97, 0x99, 0xff, 0xe0, 0x12, 0xe2, 0x80, 0xe3, 0x05, 0x81, 0x28,
  0x29, 0x28, 0x27, 0x94, 0x26, 0xff, 0xe0, 0x12, 0xe2, 0x80, 0xe3, 0x01, 0x81, 0x15, 0x16, 0x15,
  0x14, 0x94, 0x13, 0xff, 0x00, 0xbd, 0x99, 0x01, 0xbe, 0x99, 0x03, 0xd5, 0x99, 0xff, 0xe0, 0x12,
  0xe2, 0x40, 0xe3, 0x05, 0x81, 0x15, 0x13, 0x11, 0x0b, 0x09, 0x0b, 0x11, 0x10, 0x0b, 0x0a, 0x09,
  0x0c, 0x09, 0x0c, 0x09, 0xff, 0xe0, 0x12, 0xe3, 0x00, 0x81, 0x03, 0x05, 0x04, 0x06, 0x05, 0x07,
  0x06, 0x08, 0xe3, 0x07, 0x8e, 0x0b, 0xff, 0x00, 0xf0, 0x99, 0x01, 0xf0, 0x99, 0x03, 0xf1, 0x99,
  0xff, 0xe0, 0x12, 0xe3, 0x00, 0xed, 0x02, 0x84, 0x09, 0x93, 0x06, 0xff, 0x00, 0x05, 0x9a, 0x01,
  0x06, 0x9a, 0x03, 0x05, 0x9a, 0xff, 0xe0, 0x12, 0xe2, 0x80, 0xe3, 0x00, 0x81, 0x4a, 0x82, 0x4b,
  0xe9, 0x14, 0x9a, 0xff, 0x81, 0x54, 0x59, 0x56, 0xeb, 0x15, 0x58, 0x54, 0xec, 0xea, 0x04, 0x46,
  0x9a, 0x05, 0x2b, 0x9a, 0x06, 0x4b, 0x9a, 0x07, 0x50, 0x9a, 0xff, 0xe9, 0x36, 0x9a, 0xe9, 0x14,
  0x9a, 0x8b, 0x0c, 0xe8, 0xf7, 0xb8, 0xe0, 0x12, 0xe2, 0x80, 0xe3, 0x03, 0x81, 0x55, 0x58, 0x53,
  0x58, 0x54, 0x59, 0x83, 0x0c, 0xea, 0x9e, 0x0c, 0xe8, 0x05, 0xb9, 0x9e, 0x0c, 0xe8, 0x13, 0xb9,
  0x9e, 0x10, 0xe8, 0x1f, 0xb9, 0x00, 0x5e, 0x9a, 0x01, 0x5e, 0x9a, 0x03, 0x5f, 0x9a, 0xff, 0xe0,
  0x12, 0xe3, 0x00, 0x81, 0x0a, 0xf3, 0x0b, 0x08, 0x09, 0x0a, 0xf4, 0x84, 0x10, 0x07, 0x08, 0x07,
  0x85, 0x07, 0x08, 0x09, 0x96, 0x09, 0xff, 0x00, 0x80, 0x9a, 0x01, 0x81, 0x9a, 0x03, 0x8f, 0x9a,
  0xff, 0xe0, 0x12, 0xe2, 0x80, 0xe3, 0x00, 0x81, 0x00, 0x05, 0x01, 0x06, 0x02, 0x07, 0xff, 0xe0,
  0x15, 0xe3, 0x00, 0x84, 0xed, 0x02, 0x0e, 0x8c, 0x05, 0xff, 0x00, 0xa4, 0x9a, 0x01, 0xb2, 0x9a,
  0x03, 0xc0, 0x9a, 0xff, 0xe0, 0x16, 0xe2, 0x80, 0xe3, 0x00, 0x81, 0x10, 0x00, 0x16, 0x06, 0x10,
  0x00, 0xff, 0xe0, 0x14, 0xe2, 0x40, 0xe3, 0x04, 0x81, 0x22, 0x21, 0x15, 0x14, 0x24, 0x25, 0xff,
  0xe0, 0x17, 0xe3, 0x00, 0x82, 0x0e, 0x0d, 0x09, 0x81, 0x0a, 0x09, 0x08, 0xff, 0x00, 0xd7, 0x9a,
  0x01, 0xfb, 0x9a, 0x03, 0x04, 0x9b, 0xff, 0xe2, 0x40, 0xe3, 0x00, 0x82, 0x0c, 0xe0, 0x32, 0x58,
  0xf3, 0xe5, 0x01, 0x84, 0x58, 0x82, 0x0c, 0xe5, 0x00, 0xf4, 0x82, 0x58, 0xf3, 0xe5, 0x01, 0x84,
  0x58, 0xe5, 0x02, 0x83, 0x58, 0xe5, 0x01, 0x84, 0x58, 0xf4, 0xff, 0x86, 0x0c, 0xe2, 0x80, 0xe3,
  0x03, 0xe8, 0xdb, 0x9a, 0xe0, 0x11, 0xe3, 0x05, 0x81, 0x00, 0x01, 0x82, 0x02, 0xf3, 0x84, 0x03,
  0x82, 0x10, 0xf4, 0x83, 0x02, 0xf3, 0x87, 0x03, 0x85, 0x04, 0x88, 0x03, 0xf4, 0xff, 0x00, 0x27,
  0x9b, 0x01, 0x28, 0x9b, 0x03, 0x46, 0x9b, 0xff, 0xe0, 0x16, 0xe2, 0x80, 0xe3, 0x00, 0x81, 0x10,
  0x00, 0x11, 0x01, 0x12, 0x02, 0x82, 0x08, 0x09, 0x08, 0x07, 0x81, 0x06, 0xe3, 0x08, 0x82, 0x08,
  0x09, 0x08, 0x07, 0x81, 0x06, 0xff, 0xe0, 0x14, 0xe3, 0x00, 0x81, 0x0f, 0x00, 0x0e, 0x01, 0xff,
  0x00, 0x5a, 0x9b, 0x01, 0x7a, 0x9b, 0x03, 0x59, 0x9b, 0xff, 0xe0, 0x14, 0xe2, 0x80, 0xe3, 0x00,
  0x8e, 0xe4, 0x95, 0x37, 0xe3, 0x08, 0xe4, 0x95, 0x37, 0xe3, 0x0a, 0xe4, 0x95, 0x37, 0xe3, 0x0b,
  0xe4, 0x95, 0x37, 0xe3, 0x0c, 0x83, 0xe4, 0x95, 0x37, 0xff, 0xe0, 0x14, 0xe2, 0x80, 0x8e, 0x0c,
  0xe5, 0x02, 0xe3, 0x08, 0xe4, 0x95, 0x37, 0xe3, 0x0a, 0xe4, 0x95, 0x37, 0xe3, 0x0b, 0xe4, 0x95,
  0x37, 0xe3, 0x0c, 0xe4, 0x95, 0x37, 0x83, 0xe3, 0x0d, 0xe4, 0x95, 0x37, 0xff, 0x00, 0xa6, 0x9b,
  0x01, 0xa7, 0x9b, 0x03, 0xa6, 0x9b, 0xff, 0xe0, 0x17, 0xe2, 0x40, 0x89, 0xe3, 0x00, 0xe4, 0x85,
  0x18, 0xe3, 0x01, 0xe4, 0x85, 0x18, 0xe3, 0x02, 0xe4, 0x85, 0x18, 0xe3, 0x03, 0xe4, 0x85, 0x18,
  0xe3, 0x04, 0xe4, 0x85, 0x18, 0xe3, 0x05, 0xe4, 0x85, 0x18, 0xe3, 0x06, 0xe4, 0x85, 0x18, 0xe3,
  0x07, 0xe4, 0x85, 0x18, 0xe3, 0x08, 0xe4, 0x85, 0x18, 0xe3, 0x09, 0xe4, 0x85, 0x18, 0xe3, 0x0a,
  0xe4, 0x85, 0x18, 0xe3, 0x0b, 0xe4, 0x85, 0x18, 0xe3, 0x0c, 0xe4, 0x85, 0x18, 0xe3, 0x0d, 0xe4,
  0x85, 0x18, 0xff, 0x00, 0xfd, 0x9b, 0x01, 0x06, 0x9c, 0x03, 0xfc, 0x9b, 0xff, 0xe3, 0x00, 0xe2,
  0x80, 0xe0, 0x14, 0xa2, 0x49, 0xff, 0xe3, 0x0a, 0xed, 0x01, 0x83, 0x0c, 0xe2, 0x80, 0xe0, 0x14,
  0xa2, 0x49, 0xff, 0x00, 0x1c, 0x9c, 0x01, 0x1c, 0x9c, 0x03, 0x1d, 0x9c, 0xff, 0xe0, 0x2f, 0xe3,
  0x00, 0x85, 0x00, 0x82, 0x04, 0x83, 0x08, 0x09, 0x0a, 0x0b, 0x0c, 0x0a, 0x0b, 0x0c, 0xe0, 0x2e,
  0xe3, 0x00, 0xa5, 0x0f, 0xff, 0x04, 0x42, 0x9c, 0x05, 0x60, 0x9c, 0x06, 0x41, 0x9c, 0x07, 0x67,
  0x9c, 0xff, 0xe0, 0x17, 0xe2, 0x40, 0xe3, 0x0d, 0xad, 0xe4, 0xff, 0x40, 0x9f, 0xe3, 0x0e, 0x53,
  0xe3, 0x0d, 0xe0, 0x30, 0x89, 0xeb, 0x1f, 0x53, 0xec, 0xe3, 0x0e, 0xeb, 0x3f, 0x53, 0xec, 0xff,
  0xe5, 0x02, 0x85, 0x0c, 0xe8, 0x42, 0x9c, 0xe0, 0x17, 0xe3, 0x0d, 0x96, 0x0c, 0xe3, 0x0c, 0x0c,
  0xe3, 0x0b, 0x0c, 0xe3, 0x0a, 0x0c, 0xe3, 0x09, 0x0c, 0xe3, 0x08, 0x0c, 0xe3, 0x07, 0x0c, 0xe3,
  0x06, 0x0c, 0xe3, 0x05, 0xa6, 0x0c, 0x0c, 0x9f, 0x0c, 0xe3, 0x06, 0x94, 0x0c, 0x9a, 0x0c, 0xe3,
  0x07, 0x9d, 0x0c, 0x98, 0x0c, 0xe3, 0x08, 0x0c, 0x9d, 0x0c, 0xe3, 0x09, 0x0c, 0x98, 0x0c, 0xe3,
  0x0a, 0x94, 0x0c, 0x9e, 0x0c, 0xe3, 0x0b, 0x0c, 0x94, 0x0c, 0xe3, 0x0c, 0x9f, 0x0c, 0xe3, 0x0d,
  0x0c, 0xe3, 0x0e, 0x0c, 0xff, 0x04, 0xc1, 0x9c, 0x05, 0xc1, 0x9c, 0x06, 0xc1, 0x9c, 0x07, 0xc2,
  0x9c, 0xff, 0xe0, 0x17, 0xe3, 0x04, 0x90, 0x03, 0xe8, 0xc6, 0x9c, 0x00, 0xd4, 0x9c, 0x01, 0xd5,
  0x9c, 0x03, 0xd4, 0x9c, 0xff, 0xe0, 0x12, 0xe2, 0x80, 0xe3, 0x00, 0x84, 0xe4, 0x85, 0x10, 0x83,
  0xe4, 0x8d, 0x11, 0xe3, 0x0a, 0x84, 0xe4, 0x85, 0x10, 0x83, 0xe4, 0x8d, 0x11, 0xff, 0x00, 0xf7,
  0x9c, 0x01, 0xf7, 0x9c, 0x03, 0xf8, 0x9c, 0xff, 0xe0, 0x11, 0xe3, 0x00, 0x83, 0x0a, 0x82, 0x0e,
  0x90, 0xf3, 0xed, 0x02, 0x05, 0xf4, 0xef, 0xff, 0x00, 0x11, 0x9d, 0x01, 0x12, 0x9d, 0x03, 0x36,
  0x9d, 0xff, 0xe0, 0x11, 0xe2, 0x80, 0xe3, 0x00, 0x88, 0xe4, 0x85, 0x15, 0xe3, 0x04, 0xe4, 0x85,
  0x15, 0xe3, 0x08, 0xe4, 0x85, 0x15, 0xe3, 0x0a, 0xe4, 0x85, 0x15, 0xe3, 0x0c, 0xe4, 0x85, 0x15,
  0xe3, 0x0e, 0xe4, 0x85, 0x15, 0xff, 0xe0, 0x14, 0xe3, 0x00, 0x81, 0x0f, 0x05, 0x0e, 0x05, 0x0d,
  0x05, 0x06, 0x07, 0x08, 0x09, 0x0a, 0x0b, 0x0c, 0x0b, 0x87, 0x0a, 0xe3, 0x08, 0x0a, 0xe3, 0x0a,
  0x0a, 0xe3, 0x0c, 0x0a, 0xe3, 0x0e, 0x0a, 0xff, 0x00, 0x61, 0x9d, 0x01, 0x61, 0x9d, 0x03, 0x62,
  0x9d, 0xff, 0xe0, 0x12, 0xe3, 0x00, 0x81, 0x0c, 0x0d, 0xeb, 0x08, 0x08, 0x0d, 0x0a, 0x00, 0x10,
  0x10, 0xec, 0xff, 0x00, 0x7d, 0x9d, 0x01, 0xa8, 0x9d, 0x03, 0xd3, 0x9d, 0xff, 0xe0, 0x00, 0x82,
  0x0c, 0xe2, 0xc0, 0xe3, 0x05, 0xeb, 0x03, 0x81, 0x0a, 0x00, 0x0b, 0x01, 0x82, 0x0c, 0xec, 0xe3,
  0x03, 0xeb, 0x06, 0x81, 0x0a, 0x00, 0x0b, 0x01, 0x82, 0x0c, 0xec, 0xe3, 0x01, 0xeb, 0x0a, 0x81,
  0x0a, 0x00, 0x0b, 0x01, 0x82, 0x0c, 0xec, 0xff, 0xe0, 0x00, 0xe2, 0xc0, 0x82, 0x0c, 0xe3, 0x05,
  0xeb, 0x03, 0x81, 0x07, 0x06, 0x05, 0x04, 0x03, 0x0c, 0xec, 0xe3, 0x03, 0xeb, 0x06, 0x81, 0x07,
  0x06, 0x05, 0x04, 0x03, 0x0c, 0xec, 0xe3, 0x01, 0xeb, 0x0a, 0x81, 0x07, 0x06, 0x05, 0x04, 0x03,
  0x0c, 0xec, 0xff, 0xe0, 0x12, 0xe3, 0x00, 0x81, 0x0c, 0x0d, 0xeb, 0x12, 0x08, 0x0d, 0x0a, 0x00,
  0x10, 0x10, 0xec, 0xff, 0x00, 0xed, 0x9d, 0x01, 0xed, 0x9d, 0x03, 0xee, 0x9d, 0xff, 0xe0, 0x14,
  0xe3, 0x00, 0x8a, 0x01, 0x89, 0x02, 0x88, 0x03, 0x87, 0x04, 0x88, 0x05, 0xff, 0x00, 0x06, 0x9e,
  0x01, 0x06, 0x9e, 0x03, 0x07, 0x9e, 0xff, 0xe0, 0x17, 0xe3, 0x00, 0x81, 0x01, 0x04, 0x01, 0x82,
  0x02, 0x05, 0x02, 0x83, 0x03, 0x06, 0x03, 0x04, 0x07, 0x04, 0x05, 0x08, 0x05, 0x06, 0x09, 0x06,
  0xff, 0x00, 0x2b, 0x9e, 0x01, 0x37, 0x9e, 0x03, 0x2a, 0x9e, 0xff, 0xe3, 0x00, 0xe0, 0x11, 0xe2,
  0x80, 0xe9, 0x4c, 0x9e, 0x90, 0x50, 0xff, 0xe0, 0x12, 0xe2, 0x80, 0xe3, 0x05, 0xe5, 0x01, 0x84,
  0x0c, 0xe9, 0x4c, 0x9e, 0xe5, 0x00, 0xed, 0x01, 0x90, 0x50, 0xef, 0xff, 0x87, 0x30, 0x32, 0x34,
  0x84, 0x37, 0x34, 0x30, 0x86, 0x34, 0x37, 0x40, 0x44, 0x84, 0x40, 0x37, 0xea, 0x00, 0x67, 0x9e,
  0x01, 0x72, 0x9e, 0x03, 0x66, 0x9e, 0xff, 0xe3, 0x00, 0xe2, 0x80, 0xe0, 0x13, 0xe5, 0x81, 0x9a,
  0x39, 0xff, 0xe3, 0x0a, 0xed, 0x01, 0x83, 0x0c, 0xe2, 0x80, 0xe0, 0x13, 0x9a, 0x39, 0xff, 0x00,
  0x88, 0x9e, 0x01, 0x88, 0x9e, 0x03, 0x89, 0x9e, 0xff, 0xe0, 0x11, 0xe3, 0x00, 0x81, 0x00, 0x01,
  0x02, 0x08, 0x09, 0x10, 0x10, 0x8b, 0x09, 0xff, 0x00, 0xa1, 0x9e, 0x01, 0xa1, 0x9e, 0x03, 0xa2,
  0x9e, 0xff, 0xe0, 0x17, 0xe3, 0x0c, 0x83, 0x00, 0xe3, 0x0b, 0x01, 0xe3, 0x0a, 0x84, 0x02, 0xe3,
  0x09, 0x03, 0xe3, 0x08, 0x85, 0x04, 0xe3, 0x07, 0x04, 0xe3, 0x06, 0x86, 0x05, 0xe3, 0x05, 0x05,
  0xe3, 0x04, 0x87, 0x05, 0xe3, 0x03, 0x05, 0xe3, 0x02, 0x88, 0x05, 0xe3, 0x01, 0x05, 0xe3, 0x00,
  0x9c, 0x05, 0xff, 0x00, 0xdc, 0x9e, 0x01, 0xe9, 0x9e, 0x03, 0xdd, 0x9e, 0xff, 0xe0, 0x15, 0xe3,
  0x00, 0x81, 0x0e, 0x09, 0x0f, 0x09, 0x84, 0x08, 0xff, 0xe0, 0x12, 0xe2, 0x80, 0xe3, 0x00, 0x81,
  0x05, 0x0a, 0x06, 0x0b, 0x07, 0x10, 0xff, 0x00, 0x00, 0x9f, 0x01, 0x00, 0x9f, 0x03, 0x01, 0x9f,
  0xff, 0xe0, 0x12, 0xe3, 0x00, 0x82, 0x00, 0x01, 0x02, 0x03, 0x01, 0x02, 0x03, 0x04, 0x02, 0x03,
  0x04, 0x05, 0x81, 0xeb, 0x03, 0x03, 0x04, 0x05, 0x06, 0xec, 0xeb, 0x04, 0x04, 0x05, 0x06, 0x07,
  0xec, 0xeb, 0x03, 0x05, 0x06, 0x07, 0x08, 0xec, 0x06, 0x07, 0x08, 0x09, 0x07, 0x08, 0x09, 0x0a,
  0x08, 0x09, 0x0a, 0x0b, 0x09, 0x0a, 0x0b, 0x0c, 0x0a, 0x0b, 0x0c, 0x0d, 0x0b, 0x0c, 0x0d, 0x0e,
  0x0c, 0x0d, 0x0e, 0x96, 0x0f, 0xff, 0x00, 0x4f, 0x9f, 0x01, 0x4f, 0x9f, 0x03, 0x50, 0x9f, 0xff,
  0x82, 0xe0, 0x12, 0xe3, 0x00, 0x0f, 0x0e, 0x0d, 0x0c, 0x0e, 0x0d, 0x0c, 0x0b, 0x0d, 0x0c, 0x0b,
  0x0a, 0x81, 0x0c, 0x0b, 0x0a, 0x09, 0x0c, 0x0b, 0x0a, 0x09, 0x0b, 0x0a, 0x09, 0x08, 0x0b, 0x0a,
  0x09, 0x08, 0x0b, 0x0a, 0x09, 0x08, 0x0a, 0x09, 0x08, 0x07, 0x0a, 0x09, 0x08, 0x07, 0x09, 0x08,
  0x07, 0x06, 0x08, 0x07, 0x06, 0x05, 0x07, 0x06, 0x05, 0x04, 0x06, 0x05, 0x04, 0x03, 0x05, 0x04,
  0x03, 0x02, 0x04, 0x03, 0x02, 0x01, 0x03, 0x02, 0x01, 0x96, 0x00, 0xff, 0x00, 0xa5, 0x9f, 0x01,
  0xa5, 0x9f, 0x03, 0xa6, 0x9f, 0xff, 0xe0, 0x21, 0xe0, 0x17, 0xe3, 0x0c, 0x85, 0x0a, 0xe3, 0x0b,
  0x0a, 0xe3, 0x0a, 0x0a, 0xe3, 0x09, 0x0a, 0xe3, 0x08, 0x0a, 0xe3, 0x07, 0x0a, 0xe3, 0x06, 0x0a,
  0xe3, 0x05, 0x0a, 0xe3, 0x04, 0x8d, 0x0a, 0xe8, 0x56, 0x99, 0x00, 0xd3, 0x9f, 0x01, 0xd3, 0x9f,
  0x03, 0xd4, 0x9f, 0xff, 0xe0, 0x17, 0xe3, 0x03, 0x81, 0x01, 0x04, 0x01, 0x82, 0x02, 0x05, 0x02,
  0x83, 0x03, 0x06, 0x03, 0x04, 0x07, 0x04, 0x05, 0x08, 0x05, 0x06, 0x09, 0x06, 0x07, 0x0a, 0x08,
  0x0b, 0x09, 0x0c, 0x0a, 0x0d, 0x0b, 0x0e, 0x0c, 0x0f, 0x0e, 0x0f, 0xe8, 0xf9, 0x9f, 0xff, 0xff,
  0x04, 0x0d, 0xa0, 0x05, 0x60, 0xa1, 0x06, 0xfd, 0xa1, 0x07, 0x29, 0xa2, 0xff, 0xe2, 0x00, 0xa0,
  0x0c, 0xe3, 0x09, 0xeb, 0x02, 0xe9, 0x06, 0xa1, 0x82, 0xe5, 0x01, 0x28, 0xe5, 0x02, 0x28, 0xe5,
  0x03, 0x28, 0xe5, 0x04, 0x28, 0xe5, 0x06, 0x28, 0xe5, 0x07, 0x28, 0xe5, 0x08, 0x28, 0xe5, 0x09,
  0x28, 0xe5, 0x0a, 0x28, 0xe5, 0x0b, 0x28, 0xe5, 0x0c, 0x28, 0xe5, 0x0d, 0x28, 0xe5, 0x0e, 0x28,
  0xe5, 0x0f, 0x28, 0xe5, 0x10, 0x28, 0xe5, 0x11, 0x28, 0xe5, 0x12, 0x28, 0xe5, 0x13, 0x28, 0xe5,
  0x14, 0x28, 0xe5, 0x15, 0x28, 0xe5, 0x16, 0x28, 0xe5, 0x17, 0x28, 0xe5, 0x18, 0x28, 0xe5, 0x19,
  0x28, 0xe5, 0x1a, 0x28, 0xe5, 0x1b, 0x28, 0xe5, 0x1c, 0x28, 0xe5, 0x1d, 0x28, 0xe5, 0x1e, 0x28,
  0xe5, 0x00, 0x2a, 0xf4, 0xe9, 0x06, 0xa1, 0x83, 0xe5, 0x8a, 0x28, 0xe5, 0x94, 0x28, 0xe5, 0x9e,
  0x28, 0xe5, 0xa8, 0x28, 0xe5, 0xb2, 0x28, 0xe5, 0xbc, 0x28, 0xe5, 0xc6, 0x28, 0xe5, 0xd0, 0x28,
  0xe5, 0xda, 0x28, 0xe5, 0xe4, 0x28, 0x82, 0xe5, 0xee, 0x28, 0xe5, 0xf8, 0x28, 0xe5, 0xb2, 0x24,
  0xe5, 0xbc, 0x24, 0xe5, 0xc6, 0x24, 0xe5, 0xd0, 0x24, 0xe5, 0xda, 0x24, 0xe5, 0xda, 0x24, 0xe5,
  0xe4, 0x24, 0xe5, 0xee, 0x24, 0x81, 0xe5, 0xf8, 0x24, 0xe5, 0x54, 0x18, 0xe5, 0x4a, 0x18, 0xe5,
  0x40, 0x18, 0xe5, 0x36, 0x18, 0xe5, 0x2c, 0x18, 0xe5, 0x22, 0x18, 0xe5, 0x18, 0x18, 0xe5, 0x0a,
  0x18, 0xe5, 0x00, 0x18, 0xf4, 0xec, 0xe0, 0x09, 0xe3, 0x08, 0xeb, 0x02, 0x8a, 0x2a, 0x30, 0x31,
  0x2a, 0x33, 0x2a, 0x31, 0x30, 0xec, 0xeb, 0x02, 0x31, 0x33, 0x35, 0x31, 0x36, 0x31, 0x35, 0x33,
  0xec, 0xe0, 0x0d, 0x98, 0x38, 0xe3, 0x09, 0xe0, 0x10, 0xed, 0x01, 0x38, 0xf3, 0xed, 0x02, 0xa0,
  0x38, 0xef, 0xf4, 0xe8, 0x11, 0xa0, 0xe0, 0x10, 0x81, 0x23, 0xf3, 0xe5, 0x02, 0x23, 0xe5, 0x04,
  0x23, 0xe5, 0x06, 0x23, 0xe5, 0x08, 0x23, 0xe5, 0x0a, 0x23, 0xe5, 0x0c, 0x23, 0xe5, 0x0e, 0x23,
  0xe5, 0x10, 0x23, 0xe5, 0x13, 0x23, 0xe5, 0x16, 0x23, 0xe5, 0x19, 0x23, 0xe5, 0x1c, 0x23, 0xe5,
  0x20, 0x23, 0xe5, 0x24, 0x23, 0xe5, 0x00, 0x85, 0x25, 0xed, 0x02, 0x98, 0x25, 0xef, 0xf4, 0x8a,
  0x24, 0x25, 0x90, 0x26, 0xf3, 0xed, 0x02, 0x98, 0x26, 0xef, 0xf4, 0x8a, 0x25, 0x26, 0x90, 0x27,
  0xf3, 0xed, 0x02, 0x98, 0x27, 0xef, 0xf4, 0x8a, 0x26, 0x27, 0xe0, 0x2b, 0x90, 0x28, 0xf3, 0xea,
  0xe2, 0xc0, 0xa0, 0x0c, 0xe3, 0x0a, 0xe0, 0x08, 0xeb, 0x02, 0xeb, 0x1e, 0x85, 0x31, 0x30, 0xec,
  0x33, 0x33, 0x29, 0x29, 0xeb, 0x1e, 0x2b, 0x2a, 0xec, 0x33, 0x33, 0x32, 0x32, 0xec, 0xe0, 0x09,
  0x8a, 0xeb, 0x02, 0x26, 0x28, 0x2a, 0x26, 0x28, 0x26, 0x28, 0x2a, 0xec, 0xeb, 0x02, 0x28, 0x2a,
  0x30, 0x28, 0x2a, 0x28, 0x2a, 0x30, 0xec, 0xe0, 0x10, 0x85, 0xe3, 0x08, 0x38, 0xe3, 0x0b, 0x38,
  0xe3, 0x08, 0x36, 0xe3, 0x0b, 0x38, 0xe3, 0x08, 0x35, 0xe3, 0x0b, 0x36, 0xe3, 0x08, 0x33, 0xe3,
  0x0b, 0x35, 0xe3, 0x08, 0x31, 0xe3, 0x0b, 0x33, 0xe3, 0x08, 0x30, 0xe3, 0x0b, 0x31, 0xe3, 0x08,
  0x2a, 0xe3, 0x0b, 0x30, 0xe3, 0x08, 0x28, 0xe3, 0x0b, 0x2a, 0xe3, 0x08, 0x27, 0xe3, 0x0b, 0x28,
  0xe3, 0x08, 0x28, 0xe3, 0x0b, 0x27, 0xe3, 0x08, 0x2a, 0xe3, 0x0b, 0x28, 0xe3, 0x08, 0x30, 0xe3,
  0x0b, 0x2a, 0xe3, 0x08, 0x31, 0xe3, 0x0b, 0x30, 0xe3, 0x08, 0x33, 0xe3, 0x0b, 0x31, 0xe3, 0x08,
  0x34, 0xe3, 0x0b, 0x33, 0xe3, 0x08, 0x35, 0xe3, 0x0b, 0x35, 0xe8, 0x64, 0xa1, 0x9d, 0x0c, 0xe0,
  0x17, 0x83, 0x21, 0x20, 0x1b, 0x19, 0x18, 0x17, 0x82, 0x16, 0xeb, 0x02, 0xe0, 0x1d, 0x8a, 0xeb,
  0x1d, 0x21, 0xec, 0x20, 0x23, 0x19, 0xeb, 0x1d, 0x1a, 0xec, 0x19, 0x23, 0x22, 0xec, 0xeb, 0x10,
  0x16, 0xec, 0xeb, 0x20, 0x18, 0xec, 0xe8, 0x0a, 0xa2, 0xe0, 0x16, 0xe3, 0x06, 0xeb, 0x02, 0x83,
  0xfa, 0x10, 0x87, 0xfa, 0x10, 0x8a, 0xfa, 0x10, 0xfa, 0x10, 0xec, 0x90, 0xfa, 0x10, 0xeb, 0x02,
  0xeb, 0x07, 0xf9, 0x85, 0x01, 0x00, 0xf9, 0x00, 0x00, 0xfa, 0x05, 0x00, 0xf9, 0x00, 0x00, 0xec,
  0xf9, 0x01, 0x00, 0xfa, 0x05, 0x00, 0xeb, 0x04, 0xfa, 0x05, 0xec, 0xeb, 0x07, 0xf9, 0x01, 0x00,
  0xf9, 0x00, 0x00, 0xfa, 0x05, 0x00, 0xf9, 0x00, 0x00, 0xec, 0xf9, 0x01, 0x00, 0xeb, 0x02, 0xfa,
  0x05, 0x00, 0xec, 0xeb, 0x02, 0xfa, 0x05, 0xec, 0xec, 0xeb, 0x02, 0xeb, 0x03, 0xf9, 0x8a, 0x01,
  0xf9, 0x00, 0xfa, 0x05, 0xf9, 0x00, 0xec, 0xf9, 0x01, 0xfa, 0x05, 0xeb, 0x04, 0xfa, 0x85, 0x05,
  0xec, 0xec, 0xeb, 0x05, 0xfa, 0x90, 0x05, 0xec, 0xfa, 0x8a, 0x05, 0xfa, 0x90, 0x05, 0xfa, 0x8a,
  0x05, 0xeb, 0x04, 0xfa, 0x85, 0x05, 0xec, 0xe8, 0x3e, 0xa2, 0x04, 0xb7, 0xa2, 0x05, 0x12, 0xa3,
  0x06, 0x64, 0xa3, 0x07, 0xa2, 0xa3, 0xff, 0xe3, 0x09, 0xe0, 0x12, 0xe2, 0x40, 0x8a, 0x18, 0x18,
  0x16, 0x16, 0x14, 0x14, 0x13, 0xe3, 0x08, 0xe2, 0x00, 0xeb, 0x02, 0xe9, 0x03, 0xa3, 0x0c, 0xe9,
  0x03, 0xa3, 0x0c, 0xe9, 0x03, 0xa3, 0x2b, 0x31, 0xe0, 0x0b, 0x90, 0x33, 0x31, 0x2b, 0x8a, 0x2a,
  0xec, 0x0c, 0xeb, 0x02, 0xe2, 0xc0, 0xe0, 0x09, 0xeb, 0x1a, 0x08, 0xec, 0xe0, 0x23, 0xed, 0x01,
  0x08, 0x33, 0x2a, 0x31, 0x2a, 0x2b, 0xef, 0xec, 0xe0, 0x09, 0xeb, 0x0d, 0x08, 0xec, 0x90, 0x0c,
  0xe8, 0xc7, 0xa2, 0xe0, 0x08, 0x85, 0x28, 0x2a, 0xe0, 0x09, 0x8a, 0x2b, 0x2b, 0x2a, 0x28, 0x2b,
  0x28, 0xea, 0xe2, 0xc0, 0xe3, 0x0a, 0xe0, 0x13, 0xe5, 0x04, 0x82, 0x0c, 0x8a, 0x18, 0x18, 0x16,
  0x16, 0x14, 0x14, 0x8f, 0x13, 0xe5, 0x00, 0xeb, 0x02, 0xeb, 0x03, 0xe0, 0x10, 0x90, 0x18, 0xed,
  0x02, 0xf3, 0x95, 0x18, 0xef, 0xf4, 0x8a, 0x13, 0x16, 0x17, 0xec, 0xe0, 0x10, 0x90, 0x18, 0xed,
  0x02, 0xf3, 0x18, 0xef, 0xf4, 0x17, 0xed, 0x02, 0xf3, 0x17, 0xf4, 0xec, 0xeb, 0x02, 0xe0, 0x09,
  0x8a, 0xeb, 0x1b, 0x1b, 0xec, 0x23, 0x1a, 0x21, 0x1a, 0x1b, 0xec, 0xeb, 0x0d, 0x1b, 0xec, 0x95,
  0x0c, 0xe8, 0x27, 0xa3, 0xe0, 0x1c, 0x8a, 0x18, 0x28, 0x16, 0x26, 0x14, 0x24, 0x13, 0x23, 0xeb,
  0x02, 0xeb, 0x08, 0x8a, 0x28, 0xec, 0xeb, 0x08, 0x26, 0xec, 0xeb, 0x08, 0x24, 0xec, 0xeb, 0x05,
  0x23, 0xec, 0x22, 0x23, 0x26, 0xec, 0xeb, 0x02, 0xeb, 0x08, 0x28, 0xec, 0xeb, 0x08, 0x26, 0xec,
  0xeb, 0x08, 0x24, 0xec, 0xeb, 0x08, 0x23, 0xec, 0xec, 0xeb, 0x0d, 0x28, 0xec, 0x95, 0x0c, 0xe8,
  0x6f, 0xa3, 0xe0, 0x16, 0xe3, 0x06, 0x8a, 0xeb, 0x06, 0xfa, 0x10, 0xec, 0xeb, 0x04, 0x85, 0xfa,
  0x10, 0xec, 0xeb, 0x02, 0xeb, 0x07, 0xf9, 0x8a, 0x01, 0xf9, 0x85, 0x00, 0x00, 0xfa, 0x8a, 0x05,
  0xf9, 0x85, 0x00, 0x00, 0xec, 0xf9, 0x8a, 0x01, 0xfa, 0x85, 0x05, 0x00, 0xeb, 0x02, 0xf9, 0x00,
  0xfa, 0x05, 0xec, 0xeb, 0x07, 0xf9, 0x8a, 0x01, 0xf9, 0x85, 0x00, 0x00, 0xfa, 0x8a, 0x05, 0xf9,
  0x85, 0x00, 0x00, 0xec, 0xf9, 0x8a, 0x01, 0xfa, 0x85, 0x04, 0x00, 0xfa, 0x8a, 0x05, 0xfa, 0x85,
  0x04, 0xfa, 0x05, 0xec, 0xeb, 0x05, 0xfa, 0x90, 0x05, 0xec, 0x8a, 0x10, 0xfa, 0x90, 0x05, 0xfa,
  0x8a, 0x05, 0xeb, 0x04, 0xfa, 0x85, 0x05, 0xec, 0xe8, 0xb2, 0xa3, 0x04, 0x64, 0xa4, 0x05, 0x18,
  0xa4, 0x06, 0x12, 0xa5, 0x07, 0x82, 0xa5, 0xff, 0xe3, 0x08, 0x98, 0x0c, 0xe2, 0x00, 0xe0, 0x09,
  0x8a, 0x21, 0x15, 0x20, 0x15, 0x1a, 0x15, 0x20, 0x15, 0x21, 0x15, 0x23, 0x15, 0x21, 0x15, 0x20,
  0x15, 0x23, 0x18, 0x21, 0x18, 0x20, 0x18, 0x21, 0x18, 0x23, 0x18, 0x25, 0x18, 0x23, 0x18, 0x21,
  0x18, 0x26, 0x1a, 0x25, 0x1a, 0x23, 0x1a, 0x25, 0x1a, 0x26, 0x1a, 0x28, 0x1a, 0x26, 0x1a, 0x25,
  0x1a, 0x21, 0x2a, 0x2a, 0x21, 0x28, 0x28, 0x21, 0x26, 0x26, 0x25, 0x23, 0x21, 0x20, 0x1a, 0x19,
  0x1a, 0xe8, 0x1e, 0xa4, 0x98, 0x0c, 0xe2, 0x40, 0xe3, 0x0a, 0xe0, 0x10, 0x98, 0x2a, 0xed, 0x01,
  0xf3, 0x2a, 0xed, 0x02, 0x2a, 0xef, 0xf4, 0xe0, 0x23, 0x8c, 0x2a, 0xe0, 0x10, 0x87, 0x30, 0xe3,
  0x0d, 0x86, 0x2a, 0xe3, 0x0a, 0x87, 0x31, 0xe3, 0x0d, 0x86, 0x30, 0xe3, 0x0a, 0x8a, 0x33, 0xe3,
  0x0d, 0x31, 0xe3, 0x0a, 0x85, 0x31, 0xe3, 0x0d, 0x33, 0xe3, 0x0a, 0x8a, 0x30, 0xf3, 0xed, 0x01,
  0x90, 0x30, 0xed, 0x02, 0x30, 0xf4, 0xef, 0xe0, 0x10, 0x8d, 0x2a, 0xf3, 0xed, 0x02, 0x2a, 0xef,
  0xf4, 0x90, 0x30, 0xf3, 0xed, 0x02, 0x30, 0x8a, 0x0c, 0xf4, 0xef, 0xe0, 0x10, 0x8a, 0x36, 0xe3,
  0x0d, 0x36, 0xe3, 0x0a, 0x85, 0x38, 0xe3, 0x0d, 0x36, 0xe3, 0x0a, 0x8a, 0x36, 0xe3, 0x0d, 0x38,
  0xe3, 0x0a, 0x35, 0xe3, 0x0d, 0x36, 0xe3, 0x0a, 0x95, 0x33, 0xf3, 0xed, 0x01, 0x33, 0xed, 0x02,
  0x33, 0xef, 0xf4, 0x8a, 0x35, 0xe3, 0x0d, 0x35, 0xe3, 0x0a, 0x85, 0x36, 0xe3, 0x0d, 0x35, 0xe3,
  0x0a, 0x8a, 0x35, 0xe3, 0x0d, 0x36, 0xe3, 0x0a, 0x33, 0xe3, 0x0d, 0x35, 0xe3, 0x0a, 0x8c, 0x31,
  0xf3, 0xed, 0x02, 0x97, 0x31, 0xef, 0xf4, 0x90, 0x30, 0xf3, 0xed, 0x02, 0x30, 0xef, 0xf4, 0xe8,
  0x6a, 0xa4, 0xe0, 0x1c, 0x98, 0x0c, 0x8a, 0x1a, 0x1a, 0x2a, 0x28, 0x0c, 0x26, 0x25, 0x26, 0x1a,
  0x1a, 0x2a, 0x28, 0x25, 0xe0, 0x18, 0x85, 0x25, 0x25, 0x8a, 0x26, 0x85, 0x26, 0x28, 0xe0, 0x1c,
  0x8a, 0x18, 0x18, 0x28, 0x26, 0x0c, 0x25, 0x23, 0x25, 0x18, 0x18, 0x28, 0x26, 0x23, 0xe0, 0x18,
  0x85, 0x23, 0x23, 0x8a, 0x25, 0x85, 0x25, 0x26, 0xe0, 0x1c, 0x8a, 0x16, 0x16, 0x26, 0x25, 0x0c,
  0x23, 0x21, 0x23, 0x16, 0x16, 0x26, 0x25, 0x21, 0xe0, 0x18, 0x85, 0x21, 0x21, 0x8a, 0x23, 0x85,
  0x23, 0x25, 0xe0, 0x1c, 0x8a, 0x15, 0x25, 0x15, 0x25, 0x15, 0xe0, 0x18, 0x85, 0x25, 0x25, 0x8a,
  0x15, 0x85, 0x25, 0x25, 0xe0, 0x1c, 0x8a, 0x15, 0x15, 0x25, 0x15, 0x16, 0x26, 0x18, 0x28, 0xe8,
  0x16, 0xa5, 0xe0, 0x16, 0xe3, 0x06, 0x8a, 0xf9, 0x10, 0xfa, 0x10, 0xf9, 0x10, 0xfa, 0x10, 0x8a,
  0xe9, 0xb8, 0xa5, 0xf9, 0x00, 0x01, 0xfa, 0x05, 0x00, 0xf9, 0x01, 0xf9, 0x00, 0xfa, 0x05, 0xfa,
  0x85, 0x05, 0xfa, 0x05, 0x8a, 0xe9, 0xb8, 0xa5, 0xf9, 0x00, 0x01, 0xfa, 0x05, 0x00, 0xeb, 0x02,
  0xf9, 0x01, 0xfa, 0x05, 0xec, 0xe8, 0x8f, 0xa5, 0xf9, 0x00, 0x01, 0xfa, 0x05, 0xf9, 0x00, 0x01,
  0xf9, 0x00, 0xfa, 0x05, 0x01, 0xea, 0x04, 0x5e, 0xa6, 0x05, 0xd3, 0xa5, 0x06, 0x1f, 0xa7, 0x07,
  0x51, 0xa7, 0xff, 0xe2, 0x00, 0x98, 0x0c, 0xe0, 0x10, 0x85, 0xeb, 0x02, 0xe3, 0x0a, 0x2b, 0xe3,
  0x0d, 0x2b, 0xe3, 0x0a, 0x36, 0xe3, 0x0d, 0x2b, 0xe3, 0x0a, 0x35, 0xe3, 0x0d, 0x36, 0xe3, 0x0a,
  0x36, 0xe3, 0x0d, 0x35, 0xec, 0xeb, 0x02, 0xe3, 0x0a, 0x31, 0xe3, 0x0d, 0x31, 0xe3, 0x0a, 0x36,
  0xe3, 0x0d, 0x31, 0xe3, 0x0a, 0x35, 0xe3, 0x0d, 0x36, 0xe3, 0x0a, 0x36, 0xe3, 0x0d, 0x35, 0xec,
  0xeb, 0x02, 0xe3, 0x0a, 0x33, 0xe3, 0x0d, 0x33, 0xe3, 0x0a, 0x36, 0xe3, 0x0d, 0x33, 0xe3, 0x0a,
  0x35, 0xe3, 0x0d, 0x36, 0xe3, 0x0a, 0x36, 0xe3, 0x0d, 0x35, 0xec, 0xe3, 0x0a, 0x33, 0xe3, 0x0d,
  0x33, 0xe3, 0x0a, 0x35, 0xe3, 0x0d, 0x33, 0xe3, 0x0a, 0x36, 0xe3, 0x0d, 0x35, 0xe3, 0x0a, 0x33,
  0xe3, 0x0d, 0x36, 0xe3, 0x0a, 0x3a, 0xe3, 0x0c, 0x33, 0xe3, 0x0a, 0x38, 0xe3, 0x0d, 0x3a, 0xe3,
  0x0a, 0x36, 0xe3, 0x0d, 0x38, 0xe3, 0x0a, 0x35, 0xe3, 0x0d, 0x35, 0xe8, 0xd9, 0xa5, 0xe2, 0xc0,
  0x98, 0x0c, 0xe0, 0x10, 0xe3, 0x0c, 0x90, 0x26, 0xef, 0xe3, 0x0a, 0xe0, 0x10, 0x8a, 0x1b, 0xed,
  0x01, 0xf3, 0x1b, 0xed, 0x02, 0x1b, 0xef, 0xf4, 0xe9, 0xeb, 0xa6, 0xe9, 0xf8, 0xa6, 0xe9, 0xeb,
  0xa6, 0x28, 0xf3, 0xed, 0x02, 0x28, 0xe3, 0x0c, 0x90, 0x28, 0xef, 0xf4, 0xe3, 0x0a, 0xe0, 0x10,
  0x8a, 0x2b, 0xed, 0x01, 0xf3, 0x2b, 0xed, 0x02, 0x2b, 0xef, 0xf4, 0x2a, 0xed, 0x01, 0xf3, 0x2a,
  0xed, 0x02, 0x2a, 0xef, 0xf4, 0xe9, 0x03, 0xa7, 0xe9, 0xeb, 0xa6, 0x28, 0xed, 0x01, 0xf3, 0x28,
  0xed, 0x02, 0x28, 0xef, 0xf4, 0x2a, 0xf3, 0xed, 0x02, 0x2a, 0xef, 0xf4, 0x31, 0xed, 0x01, 0xf3,
  0x31, 0xed, 0x02, 0x31, 0xef, 0xf4, 0x2b, 0xed, 0x01, 0xf3, 0x2b, 0xed, 0x02, 0x2b, 0xef, 0xf4,
  0x2a, 0xed, 0x02, 0xf3, 0x2a, 0xef, 0xf4, 0xe9, 0x03, 0xa7, 0xe9, 0xf8, 0xa6, 0x26, 0xed, 0x01,
  0xf3, 0x26, 0xed, 0x02, 0x95, 0x26, 0xef, 0xf4, 0xe8, 0x64, 0xa6, 0xe0, 0x10, 0x26, 0xed, 0x01,
  0xf3, 0x26, 0xed, 0x02, 0x26, 0xef, 0xf4, 0xea, 0x25, 0xed, 0x01, 0xf3, 0x25, 0xed, 0x02, 0x25,
  0xef, 0xf4, 0xea, 0x28, 0xed, 0x01, 0xf3, 0x28, 0xed, 0x02, 0x28, 0xef, 0xf4, 0x26, 0xed, 0x01,
  0xf3, 0x26, 0xed, 0x02, 0x26, 0xef, 0xf4, 0x25, 0xf3, 0xed, 0x02, 0x25, 0xef, 0xf4, 0xea, 0x98,
  0x0c, 0xeb, 0x04, 0xe0, 0x1c, 0x8a, 0x1b, 0xe0, 0x18, 0x85, 0x1b, 0x1b, 0xec, 0xeb, 0x04, 0xe0,
  0x1c, 0x8a, 0x21, 0xe0, 0x18, 0x85, 0x21, 0x21, 0xec, 0xeb, 0x07, 0xe0, 0x1c, 0x8a, 0x23, 0xe0,
  0x18, 0x85, 0x23, 0x23, 0xec, 0xe0, 0x1c, 0x8a, 0x21, 0xe0, 0x18, 0x85, 0x21, 0x21, 0xe8, 0x21,
  0xa7, 0xe3, 0x06, 0xe0, 0x16, 0xfa, 0x8a, 0x10, 0xfa, 0x90, 0x10, 0xfa, 0x8a, 0x10, 0xe8, 0x8f,
  0xa5, 0x04, 0x6e, 0xa7, 0x05, 0x08, 0xaa, 0x06, 0x86, 0xaa, 0x07, 0xba, 0xaa, 0xff, 0xe0, 0x09,
  0xe3, 0x08, 0xe2, 0xc0, 0xeb, 0x02, 0x8a, 0xeb, 0x03, 0x13, 0x13, 0x11, 0x13, 0xec, 0x13, 0x13,
  0x11, 0x0c, 0xec, 0xe3, 0x09, 0xeb, 0x02, 0xe0, 0x2a, 0x81, 0x18, 0x1a, 0x20, 0x21, 0x23, 0x25,
  0x26, 0x28, 0x2a, 0x2a, 0x95, 0x2a, 0xf3, 0xed, 0x02, 0x98, 0x2a, 0xf4, 0xe0, 0x10, 0xe3, 0x0e,
  0x90, 0x2a, 0xef, 0xe3, 0x09, 0x2a, 0x28, 0x26, 0x28, 0xf3, 0xed, 0x02, 0x98, 0x28, 0xef, 0xf4,
  0xe0, 0x10, 0x90, 0x26, 0x25, 0xf3, 0xed, 0x02, 0x98, 0x25, 0xf4, 0xe3, 0x0e, 0x90, 0x25, 0xe3,
  0x09, 0xef, 0xe0, 0x2a, 0x81, 0x15, 0x16, 0x18, 0x1a, 0x20, 0x21, 0x23, 0x25, 0x26, 0x26, 0x95,
  0x26, 0xed, 0x02, 0xf3, 0x98, 0x26, 0xe3, 0x0e, 0x90, 0x26, 0xef, 0xf4, 0xe3, 0x09, 0xe0, 0x10,
  0x26, 0x25, 0x23, 0x25, 0xf3, 0xed, 0x02, 0x98, 0x25, 0xef, 0xf4, 0x90, 0x26, 0x25, 0xf3, 0xed,
  0x02, 0x98, 0x25, 0xf4, 0xe3, 0x0e, 0x90, 0x25, 0xef, 0xe3, 0x09, 0xec, 0xe0, 0x10, 0xe2, 0x40,
  0xeb, 0x02, 0xe3, 0x08, 0x87, 0x2a, 0xe3, 0x0c, 0x83, 0x2a, 0xe3, 0x08, 0x87, 0x26, 0xe3, 0x0b,
  0x83, 0x2a, 0xe3, 0x08, 0x87, 0x23, 0xe3, 0x0c, 0x83, 0x26, 0xe3, 0x08, 0x87, 0x33, 0xe3, 0x0c,
  0x83, 0x23, 0xe3, 0x08, 0x87, 0x26, 0xe3, 0x0b, 0x83, 0x33, 0xe3, 0x08, 0x87, 0x23, 0xe3, 0x0c,
  0x83, 0x26, 0xe3, 0x08, 0x87, 0x31, 0xe3, 0x0c, 0x83, 0x23, 0xe3, 0x08, 0x87, 0x26, 0xe3, 0x0b,
  0x83, 0x26, 0xe3, 0x08, 0x87, 0x23, 0xe3, 0x0c, 0x83, 0x23, 0xe3, 0x08, 0x87, 0x33, 0xe3, 0x0c,
  0x83, 0x23, 0xe3, 0x08, 0x87, 0x26, 0xe3, 0x0b, 0x83, 0x33, 0xe3, 0x08, 0x87, 0x23, 0xe3, 0x0c,
  0x83, 0x26, 0xe3, 0x08, 0x87, 0x35, 0xe3, 0x0c, 0x83, 0x23, 0xe3, 0x08, 0x87, 0x2a, 0xe3, 0x0b,
  0x83, 0x35, 0xe3, 0x08, 0x87, 0x36, 0xe3, 0x0c, 0x83, 0x2a, 0xe3, 0x08, 0x87, 0x2a, 0xe3, 0x0b,
  0x83, 0x2a, 0xe3, 0x08, 0x87, 0x28, 0xe3, 0x0c, 0x83, 0x28, 0xe3, 0x08, 0x87, 0x25, 0xe3, 0x0b,
  0x83, 0x28, 0xe3, 0x08, 0x87, 0x21, 0xe3, 0x0c, 0x83, 0x25, 0xe3, 0x08, 0x87, 0x31, 0xe3, 0x0c,
  0x83, 0x21, 0xe3, 0x08, 0x87, 0x25, 0xe3, 0x0b, 0x83, 0x31, 0xe3, 0x08, 0x87, 0x21, 0xe3, 0x0c,
  0x83, 0x25, 0xe3, 0x08, 0x87, 0x2b, 0xe3, 0x0c, 0x83, 0x21, 0xe3, 0x08, 0x87, 0x25, 0xe3, 0x0b,
  0x83, 0x25, 0xe3, 0x08, 0x87, 0x21, 0xe3, 0x0c, 0x83, 0x21, 0xe3, 0x08, 0x87, 0x31, 0xe3, 0x0c,
  0x83, 0x21, 0xe3, 0x08, 0x87, 0x25, 0xe3, 0x0b, 0x83, 0x31, 0xe3, 0x08, 0x87, 0x21, 0xe3, 0x0c,
  0x83, 0x25, 0xe3, 0x08, 0x87, 0x33, 0xe3, 0x0c, 0x83, 0x21, 0xe3, 0x08, 0x87, 0x28, 0xe3, 0x0b,
  0x83, 0x23, 0xe3, 0x08, 0x87, 0x35, 0xe3, 0x0c, 0x83, 0x28, 0xe3, 0x08, 0x87, 0x28, 0xe3, 0x0b,
  0x83, 0x28, 0xe3, 0x08, 0x87, 0x26, 0xe3, 0x0c, 0x83, 0x26, 0xe3, 0x08, 0x87, 0x23, 0xe3, 0x0b,
  0x83, 0x26, 0xe3, 0x08, 0x87, 0x1b, 0xe3, 0x0c, 0x83, 0x23, 0xe3, 0x08, 0x87, 0x2b, 0xe3, 0x0c,
  0x83, 0x1b, 0xe3, 0x08, 0x87, 0x25, 0xe3, 0x0b, 0x83, 0x2b, 0xe3, 0x08, 0x87, 0x1b, 0xe3, 0x0c,
  0x83, 0x25, 0xe3, 0x08, 0x87, 0x2a, 0xe3, 0x0c, 0x83, 0x1b, 0xe3, 0x08, 0x87, 0x25, 0xe3, 0x0b,
  0x83, 0x25, 0xe3, 0x08, 0x87, 0x1b, 0xe3, 0x0c, 0x83, 0x1b, 0xe3, 0x08, 0x87, 0x2b, 0xe3, 0x0c,
  0x83, 0x1b, 0xe3, 0x08, 0x87, 0x25, 0xe3, 0x0b, 0x83, 0x2b, 0xe3, 0x08, 0x87, 0x1b, 0xe3, 0x0c,
  0x83, 0x25, 0xe3, 0x08, 0x87, 0x31, 0xe3, 0x0c, 0x83, 0x1b, 0xe3, 0x08, 0x87, 0x25, 0xe3, 0x0b,
  0x83, 0x31, 0xe3, 0x08, 0x87, 0x33, 0xe3, 0x0c, 0x83, 0x25, 0xe3, 0x08, 0x87, 0x25, 0xe3, 0x0b,
  0x83, 0x25, 0xe3, 0x08, 0x87, 0x25, 0xe3, 0x0c, 0x83, 0x25, 0xe3, 0x08, 0x87, 0x23, 0xe3, 0x0b,
  0x83, 0x25, 0xe3, 0x08, 0x87, 0x1a, 0xe3, 0x0c, 0x83, 0x23, 0xe3, 0x08, 0x87, 0x2a, 0xe3, 0x0c,
  0x83, 0x1a, 0xe3, 0x08, 0x87, 0x23, 0xe3, 0x0b, 0x83, 0x2a, 0xe3, 0x08, 0x87, 0x1a, 0xe3, 0x0c,
  0x83, 0x23, 0xe3, 0x08, 0x87, 0x28, 0xe3, 0x0c, 0x83, 0x1a, 0xe3, 0x08, 0x87, 0x23, 0xe3, 0x0b,
  0x83, 0x23, 0xe3, 0x08, 0x87, 0x2a, 0xe3, 0x0c, 0x83, 0x2a, 0xe3, 0x08, 0x87, 0x2b, 0xe3, 0x0c,
  0x83, 0x2a, 0xe3, 0x08, 0x87, 0x2a, 0xe3, 0x0b, 0x83, 0x2b, 0xe3, 0x08, 0x87, 0x28, 0xe3, 0x0c,
  0x83, 0x2a, 0xe3, 0x08, 0x87, 0x2a, 0xe3, 0x0c, 0x83, 0x28, 0xe3, 0x08, 0x87, 0x28, 0xe3, 0x0b,
  0x83, 0x2a, 0xe3, 0x08, 0x87, 0x26, 0xe3, 0x0b, 0x83, 0x28, 0xe3, 0x08, 0x87, 0x25, 0xe3, 0x0b,
  0x83, 0x25, 0xec, 0xe2, 0xc0, 0xe8, 0x83, 0xa7, 0xa0, 0x0c, 0x0c, 0x0c, 0x0c, 0xe2, 0x40, 0xe3,
  0x09, 0xe0, 0x09, 0xeb, 0x02, 0xeb, 0x04, 0x8a, 0x36, 0x35, 0x36, 0x33, 0xec, 0xeb, 0x04, 0x38,
  0x36, 0x38, 0x35, 0xec, 0xeb, 0x04, 0x3a, 0x38, 0x3a, 0x36, 0xec, 0xeb, 0x03, 0x3b, 0x3a, 0x3b,
  0x38, 0xec, 0x3b, 0x3a, 0x38, 0x35, 0xec, 0xe2, 0x00, 0xeb, 0x02, 0xe0, 0x10, 0x90, 0x23, 0xf3,
  0xed, 0x01, 0x98, 0x23, 0xed, 0x02, 0xa0, 0x23, 0xef, 0xf4, 0x8a, 0x21, 0x23, 0x90, 0x25, 0xf3,
  0xed, 0x01, 0x98, 0x25, 0xed, 0x02, 0xa0, 0x25, 0xef, 0xf4, 0x8a, 0x23, 0x25, 0x90, 0x26, 0xf3,
  0xed, 0x01, 0x98, 0x26, 0xed, 0x02, 0xa0, 0x26, 0xef, 0xf4, 0x8a, 0x25, 0x26, 0x98, 0x28, 0xf3,
  0xed, 0x02, 0x28, 0xef, 0xf4, 0x90, 0x2b, 0xf3, 0xed, 0x02, 0x2b, 0xef, 0xf4, 0x2a, 0xed, 0x02,
  0x2a, 0xef, 0xec, 0xe8, 0x0d, 0xaa, 0xe0, 0x1d, 0x8a, 0xeb, 0x02, 0xeb, 0x03, 0x23, 0x23, 0x21,
  0x23, 0xec, 0x23, 0x23, 0x21, 0x0c, 0xec, 0xeb, 0x04, 0x23, 0x23, 0x21, 0x23, 0xec, 0xeb, 0x04,
  0x21, 0x21, 0x1b, 0x21, 0xec, 0xeb, 0x04, 0x1b, 0x1b, 0x1a, 0x1b, 0xec, 0xeb, 0x03, 0x1a, 0x1a,
  0x19, 0x1a, 0xec, 0x21, 0x1a, 0x22, 0x1a, 0xe8, 0x97, 0xaa, 0xe0, 0x16, 0xe3, 0x06, 0xeb, 0x03,
  0xf9, 0x8a, 0x01, 0xf9, 0x01, 0xfa, 0x05, 0x01, 0xec, 0xf9, 0x8a, 0x01, 0xf9, 0x01, 0xfa, 0x90,
  0x05, 0xeb, 0x03, 0xeb, 0x02, 0xf9, 0x8a, 0x01, 0xec, 0xfa, 0x05, 0x01, 0xec, 0xf9, 0x8a, 0x01,
  0xf9, 0x01, 0xeb, 0x04, 0xfa, 0x85, 0x05, 0xec, 0xe9, 0x10, 0xab, 0xf9, 0x00, 0x01, 0xfa, 0x05,
  0x00, 0xeb, 0x02, 0xf9, 0x01, 0xfa, 0x05, 0xec, 0xe9, 0x10, 0xab, 0xf9, 0x01, 0xfa, 0x05, 0x01,
  0xf9, 0x01, 0xeb, 0x02, 0xfa, 0x8a, 0x05, 0xfa, 0x85, 0x05, 0xfa, 0x05, 0xec, 0xe8, 0xe8, 0xaa,
  0x8a, 0xe9, 0xb8, 0xa5, 0xf9, 0x00, 0x01, 0xfa, 0x05, 0x00, 0xf9, 0x01, 0xf9, 0x00, 0xfa, 0x05,
  0xfa, 0x85, 0x05, 0xfa, 0x05, 0x8a, 0xe9, 0xb8, 0xa5, 0xea, 0x04, 0x37, 0xab, 0x05, 0x59, 0xab,
  0x06, 0x7b, 0xab, 0x07, 0xb0, 0xab, 0xff, 0xe2, 0xc0, 0xe3, 0x08, 0x8a, 0x0c, 0xeb, 0x02, 0xeb,
  0x02, 0xe0, 0x0b, 0x90, 0x2a, 0xe0, 0x09, 0x8a, 0x25, 0xec, 0x2a, 0x25, 0xec, 0xe0, 0x0c, 0x95,
  0x33, 0xe0, 0x10, 0x90, 0x32, 0xed, 0x02, 0x32, 0xff, 0xe2, 0x00, 0xe3, 0x07, 0xe0, 0x09, 0x8a,
  0x32, 0x32, 0x30, 0x32, 0x33, 0x33, 0x32, 0x33, 0x35, 0x35, 0x33, 0x35, 0x37, 0x37, 0x35, 0x37,
  0x39, 0xe0, 0x0c, 0xef, 0x95, 0x40, 0xe0, 0x0d, 0x98, 0x3a, 0xff, 0x8a, 0x0c, 0xe0, 0x18, 0x85,
  0x1a, 0x1a, 0xe0, 0x1d, 0x8a, 0x1a, 0x15, 0x17, 0xe0, 0x18, 0x85, 0x20, 0x20, 0xe0, 0x1d, 0x8a,
  0x20, 0x17, 0x19, 0xe0, 0x18, 0x85, 0x22, 0x22, 0xe0, 0x1d, 0x8a, 0x22, 0x1a, 0x20, 0xe0, 0x18,
  0x85, 0x23, 0x23, 0xe0, 0x1d, 0x8a, 0x23, 0x20, 0x22, 0xe0, 0x17, 0x95, 0x25, 0x90, 0x1a, 0xff,
  0xe0, 0x16, 0xe3, 0x06, 0x8a, 0x10, 0xeb, 0x02, 0xf9, 0x8a, 0x00, 0x00, 0xfa, 0x05, 0xf9, 0x00,
  0x00, 0xfa, 0x04, 0xfa, 0x05, 0x00, 0xec, 0xf9, 0x00, 0x00, 0xfa, 0x05, 0x00, 0xf9, 0x8a, 0x00,
  0xfa, 0x04, 0xfa, 0x05, 0xff, 0x04, 0xe2, 0xab, 0x05, 0x14, 0xac, 0x06, 0x3b, 0xac, 0x07, 0x61,
  0xac, 0xff, 0xe2, 0x00, 0xe3, 0x07, 0xe0, 0x09, 0x8a, 0xeb, 0x07, 0x27, 0xec, 0xe9, 0x03, 0xac,
  0x8a, 0x30, 0xe0, 0x10, 0x30, 0xe0, 0x2a, 0x30, 0xf3, 0xed, 0x01, 0x30, 0xed, 0x02, 0x90, 0x30,
  0xf4, 0xef, 0xff, 0xe0, 0x0b, 0x90, 0x25, 0xe0, 0x09, 0x8a, 0x25, 0x25, 0x25, 0x25, 0x27, 0x29,
  0xe0, 0x0b, 0x90, 0xea, 0xe0, 0x09, 0xe2, 0x80, 0xe3, 0x08, 0x8a, 0x40, 0x37, 0x3b, 0x40, 0x37,
  0x3b, 0x40, 0x37, 0x3a, 0x35, 0x39, 0x3a, 0x35, 0x39, 0x3a, 0x35, 0xe0, 0x10, 0x8a, 0x40, 0xe0,
  0x2a, 0x40, 0xf3, 0xed, 0x01, 0x40, 0x90, 0x40, 0xef, 0xf4, 0xff, 0xe0, 0x20, 0x90, 0x20, 0xe0,
  0x1c, 0x8a, 0x20, 0x17, 0x0c, 0x1a, 0x19, 0x1a, 0xe0, 0x20, 0x90, 0x20, 0xe0, 0x1c, 0x8a, 0x20,
  0x23, 0x0c, 0xe0, 0x20, 0x90, 0x22, 0xe0, 0x17, 0x20, 0xed, 0x01, 0x20, 0xed, 0x02, 0x20, 0xef,
  0xff, 0xe0, 0x16, 0xe3, 0x06, 0xeb, 0x02, 0xf9, 0x8a, 0x00, 0x00, 0xfa, 0x05, 0x00, 0xf9, 0x00,
  0xfa, 0x04, 0xfa, 0x05, 0x00, 0xec, 0xfa, 0x05, 0xff, 0x04, 0x86, 0xac, 0x05, 0x01, 0xae, 0x06,
  0xcf, 0xae, 0x07, 0x46, 0xaf, 0xff, 0x92, 0x0c, 0xe2, 0xc0, 0xe3, 0x09, 0xe0, 0x02, 0x8f, 0x24,
  0x23, 0xe0, 0x01, 0x8b, 0x24, 0xe0, 0x10, 0xe3, 0x0c, 0xed, 0x02, 0x24, 0xef, 0xe3, 0x09, 0xe0,
  0x01, 0x27, 0x26, 0x24, 0xe0, 0x02, 0x8f, 0x20, 0x27, 0xe0, 0x01, 0x8b, 0x26, 0xe3, 0x0c, 0xe0,
  0x10, 0xed, 0x02, 0x26, 0xef, 0xe3, 0x09, 0xe0, 0x01, 0x26, 0xe0, 0x00, 0x86, 0x25, 0x24, 0x23,
  0x22, 0xe0, 0x02, 0x8f, 0x22, 0x27, 0xe0, 0x01, 0x8b, 0x29, 0xe0, 0x10, 0xe3, 0x0c, 0xed, 0x02,
  0x29, 0xef, 0xe3, 0x09, 0xe0, 0x01, 0x26, 0x24, 0x22, 0xe0, 0x02, 0x8f, 0x27, 0x27, 0xe0, 0x01,
  0x8b, 0x26, 0xe0, 0x10, 0xe3, 0x0c, 0xed, 0x02, 0x86, 0x26, 0xef, 0xe3, 0x07, 0xe2, 0x00, 0xe0,
  0x00, 0x1b, 0x24, 0x22, 0x24, 0x34, 0x34, 0x34, 0xe2, 0xc0, 0xe3, 0x09, 0xe0, 0x02, 0x8f, 0x24,
  0x23, 0xe0, 0x01, 0x8b, 0x24, 0xe0, 0x10, 0xe3, 0x0c, 0xed, 0x02, 0x24, 0xef, 0xe3, 0x09, 0xe0,
  0x01, 0x27, 0x26, 0x24, 0xe0, 0x02, 0x8f, 0x20, 0x2b, 0xe0, 0x01, 0x8b, 0x29, 0xe3, 0x0c, 0xe0,
  0x10, 0xed, 0x02, 0x29, 0xef, 0xe3, 0x09, 0xe0, 0x01, 0x27, 0xe0, 0x00, 0x86, 0x26, 0x25, 0x24,
  0x22, 0xe0, 0x02, 0x8f, 0x26, 0x25, 0xe0, 0x01, 0x8b, 0x26, 0xe0, 0x10, 0xe3, 0x0c, 0xed, 0x02,
  0x86, 0x26, 0xef, 0xe3, 0x08, 0xe0, 0x00, 0x27, 0x29, 0x28, 0x29, 0x2a, 0x29, 0x2a, 0xe3, 0x09,
  0xe0, 0x10, 0x92, 0x2b, 0xf3, 0xed, 0x02, 0x97, 0x2b, 0xf4, 0xe3, 0x0c, 0x92, 0x2b, 0xe3, 0x09,
  0xe0, 0x00, 0xef, 0x86, 0x22, 0x23, 0xe0, 0x10, 0xe2, 0x00, 0xeb, 0x02, 0x86, 0xe3, 0x08, 0x24,
  0xe3, 0x0c, 0xed, 0x02, 0x24, 0xef, 0xe3, 0x08, 0x27, 0xe3, 0x0c, 0xed, 0x02, 0x24, 0xef, 0xe3,
  0x08, 0x26, 0xe3, 0x0c, 0xed, 0x02, 0x27, 0xef, 0xe3, 0x08, 0x27, 0xe3, 0x0c, 0xed, 0x02, 0x26,
  0xef, 0xe3, 0x08, 0x26, 0xe3, 0x0c, 0xed, 0x02, 0x27, 0xef, 0xe3, 0x08, 0x24, 0xe3, 0x0c, 0xed,
  0x02, 0x26, 0xef, 0xe3, 0x08, 0x22, 0xe3, 0x0c, 0xed, 0x02, 0x24, 0xef, 0xe3, 0x08, 0x1b, 0xe3,
  0x0c, 0xed, 0x02, 0x1b, 0xef, 0xe3, 0x08, 0x27, 0xe3, 0x0c, 0xed, 0x02, 0x27, 0xef, 0xe3, 0x08,
  0x26, 0xe3, 0x0c, 0xed, 0x02, 0x27, 0xef, 0xe3, 0x08, 0x27, 0xe3, 0x0c, 0xed, 0x02, 0x26, 0xef,
  0xe3, 0x08, 0x29, 0xe3, 0x0c, 0xed, 0x02, 0x27, 0xef, 0xe3, 0x08, 0x30, 0xe3, 0x0c, 0xed, 0x02,
  0x29, 0xef, 0xe3, 0x08, 0x2b, 0xe3, 0x0c, 0xed, 0x02, 0x30, 0xef, 0xe3, 0x08, 0x29, 0xe3, 0x0c,
  0xed, 0x02, 0x2b, 0xef, 0xe3, 0x08, 0x27, 0xe3, 0x0c, 0xed, 0x02, 0x27, 0xef, 0xec, 0xe8, 0x88,
  0xac, 0x92, 0x0c, 0xe3, 0x09, 0xe9, 0xb2, 0xae, 0x34, 0x2b, 0x27, 0xe9, 0xb2, 0xae, 0x34, 0x30,
  0x29, 0xe9, 0xb2, 0xae, 0x34, 0x32, 0x29, 0xe2, 0x40, 0x8b, 0x0c, 0xe0, 0x01, 0x37, 0xe3, 0x0c,
  0xe0, 0x10, 0x37, 0xe3, 0x0a, 0xe0, 0x01, 0x36, 0xe0, 0x03, 0x92, 0xe2, 0x80, 0x22, 0x23, 0xe9,
  0xb2, 0xae, 0x34, 0x2b, 0x27, 0xe9, 0xb2, 0xae, 0x34, 0x30, 0x29, 0xe9, 0xb2, 0xae, 0x34, 0x32,
  0x29, 0xe9, 0xb2, 0xae, 0x32, 0x39, 0x36, 0xe0, 0x01, 0xe2, 0x40, 0xeb, 0x02, 0x86, 0xe3, 0x08,
  0x27, 0xe3, 0x0c, 0x27, 0xe3, 0x08, 0x2b, 0xe3, 0x0c, 0x27, 0xe3, 0x08, 0x29, 0xe3, 0x0c, 0x2b,
  0xe3, 0x08, 0x2b, 0xe3, 0x0c, 0x29, 0xe3, 0x08, 0x29, 0xe3, 0x0c, 0x2b, 0xe3, 0x08, 0x27, 0xe3,
  0x0c, 0x29, 0xe3, 0x08, 0x26, 0xe3, 0x0c, 0x27, 0xe3, 0x08, 0x22, 0xe3, 0x0c, 0x22, 0xe3, 0x08,
  0x24, 0xe3, 0x0c, 0x24, 0xe3, 0x08, 0x22, 0xe3, 0x0c, 0x24, 0xe3, 0x08, 0x24, 0xe3, 0x0c, 0x22,
  0xe3, 0x08, 0x26, 0xe3, 0x0c, 0x24, 0xe3, 0x08, 0x29, 0xe3, 0x0c, 0x26, 0xe3, 0x08, 0x27, 0xe3,
  0x0c, 0x29, 0xe3, 0x08, 0x26, 0xe3, 0x0c, 0x27, 0xe3, 0x08, 0x24, 0xe3, 0x0c, 0x24, 0xec, 0xe8,
  0x03, 0xae, 0xe2, 0x00, 0x8b, 0x0c, 0xe0, 0x01, 0x37, 0xe3, 0x0c, 0xe0, 0x10, 0x37, 0xe3, 0x09,
  0xe0, 0x01, 0x36, 0xe3, 0x0c, 0xe0, 0x10, 0x36, 0xe3, 0x09, 0xe0, 0x01, 0xe2, 0x80, 0xea, 0x92,
  0x0c, 0xeb, 0x02, 0xe0, 0x1a, 0x86, 0x24, 0x24, 0x23, 0x24, 0x0c, 0x24, 0xe0, 0x1e, 0x8b, 0x23,
  0xe0, 0x1a, 0x86, 0x24, 0x0c, 0x1b, 0x0c, 0x19, 0x0c, 0x1b, 0x0c, 0xe0, 0x20, 0x8f, 0x19, 0xe0,
  0x1a, 0x86, 0x19, 0x0c, 0x19, 0xe0, 0x1e, 0x8b, 0x18, 0xe0, 0x1a, 0x86, 0x19, 0x0c, 0x1b, 0x0c,
  0xe0, 0x1e, 0x8b, 0x20, 0x0c, 0xe0, 0x1a, 0x86, 0x22, 0x22, 0x21, 0x22, 0x0c, 0x22, 0xe0, 0x1e,
  0x8b, 0x21, 0xe0, 0x1a, 0x86, 0x22, 0x0c, 0x24, 0x0c, 0x26, 0x0c, 0x22, 0x0c, 0xe0, 0x20, 0x8f,
  0x1b, 0xe0, 0x1a, 0x86, 0x1b, 0x0c, 0x1b, 0xe0, 0x1e, 0x8b, 0x1a, 0xe0, 0x1a, 0x86, 0x1b, 0x0c,
  0x20, 0x0c, 0xe0, 0x1e, 0x8b, 0x23, 0x0c, 0xec, 0xe0, 0x17, 0xa2, 0x24, 0x22, 0x20, 0x9a, 0x1b,
  0x92, 0x22, 0x23, 0xe8, 0xd1, 0xae, 0xe0, 0x16, 0xe3, 0x06, 0x88, 0xeb, 0x03, 0xfa, 0x10, 0xec,
  0xeb, 0x03, 0xeb, 0x04, 0xf9, 0x86, 0x01, 0xec, 0xfa, 0x8b, 0x05, 0xeb, 0x02, 0xf9, 0x86, 0x10,
  0xf9, 0x10, 0x0c, 0xec, 0xfa, 0x05, 0xf9, 0x00, 0xf9, 0x00, 0x00, 0xec, 0x86, 0xeb, 0x04, 0xf9,
  0x01, 0xec, 0xfa, 0x8b, 0x05, 0x86, 0xf9, 0x10, 0xf9, 0x10, 0x0c, 0xf9, 0x10, 0xfa, 0x10, 0x0c,
  0x01, 0x01, 0xfa, 0x05, 0xfa, 0x05, 0xeb, 0x03, 0xeb, 0x04, 0xf9, 0x01, 0xec, 0xfa, 0x8b, 0x05,
  0x86, 0xeb, 0x02, 0xf9, 0x10, 0xf9, 0x10, 0x0c, 0xec, 0xfa, 0x05, 0xf9, 0x01, 0xf9, 0x01, 0x01,
  0xec, 0xeb, 0x02, 0x86, 0xf9, 0x01, 0xf9, 0x00, 0x8b, 0xfa, 0x04, 0xfa, 0x05, 0xec, 0xf9, 0x10,
  0xfa, 0x05, 0xeb, 0x04, 0xf9, 0x86, 0x0f, 0xec, 0xfa, 0x9a, 0x05, 0x86, 0x10, 0x10, 0x10, 0xeb,
  0x02, 0xeb, 0x02, 0xf9, 0x0f, 0xec, 0x10, 0xec, 0xf9, 0x0f, 0x10, 0xeb, 0x09, 0xf9, 0x0f, 0xec,
  0xeb, 0x04, 0xf9, 0x86, 0x0f, 0xec, 0xfa, 0x9a, 0x05, 0x86, 0x10, 0x10, 0x10, 0xeb, 0x02, 0xf9,
  0x0f, 0xf9, 0x0f, 0x10, 0xec, 0xf9, 0x0f, 0x10, 0xeb, 0x03, 0xfa, 0x08, 0xec, 0xeb, 0x03, 0xfa,
  0x0a, 0xec, 0xeb, 0x03, 0xfa, 0x0c, 0xec, 0xe8, 0x50, 0xaf, 0x04, 0x07, 0xb0, 0x05, 0xbc, 0xb0,
  0x06, 0x22, 0xb1, 0x07, 0x9a, 0xb1, 0xff, 0xe3, 0x09, 0xe2, 0x40, 0xe0, 0x01, 0x8a, 0x27, 0x29,
  0xe9, 0x7e, 0xb0, 0xe0, 0x01, 0x8a, 0x29, 0x27, 0xe9, 0x7e, 0xb0, 0xe0, 0x09, 0x8a, 0x2b, 0x30,
  0x32, 0xe2, 0xc0, 0xe9, 0x30, 0xb0, 0x39, 0x37, 0x36, 0xe9, 0x30, 0xb0, 0xef, 0xe8, 0x07, 0xb0,
  0x34, 0x2b, 0xe0, 0x08, 0x85, 0x34, 0x37, 0x36, 0x34, 0xe0, 0x0e, 0x87, 0x37, 0x36, 0x86, 0x34,
  0x39, 0x87, 0x37, 0x36, 0x39, 0x37, 0x86, 0x36, 0xe0, 0x08, 0x85, 0x3b, 0x39, 0x37, 0x36, 0x37,
  0x39, 0x36, 0x37, 0x34, 0x36, 0x34, 0x32, 0xe0, 0x0e, 0x87, 0x3b, 0x39, 0x86, 0x3b, 0x37, 0x87,
  0x39, 0x3b, 0xe0, 0x08, 0x85, 0x40, 0x3b, 0x39, 0x37, 0x39, 0x3b, 0x37, 0x39, 0xe0, 0x09, 0x8a,
  0x37, 0x36, 0xe0, 0x08, 0x85, 0x37, 0x36, 0x34, 0x36, 0xe0, 0x09, 0x8a, 0x3b, 0xea, 0xe0, 0x03,
  0x90, 0x2b, 0xe0, 0x01, 0x8a, 0x2b, 0x2b, 0x2b, 0x2b, 0x29, 0x27, 0xe0, 0x03, 0x90, 0x30, 0xe0,
  0x01, 0x8a, 0x30, 0x30, 0x30, 0x30, 0x32, 0x34, 0xe0, 0x03, 0x90, 0x26, 0xe0, 0x01, 0x8a, 0x26,
  0x26, 0x26, 0x26, 0x27, 0x29, 0x26, 0xe0, 0x04, 0x8a, 0x30, 0xf3, 0x90, 0xed, 0x02, 0x30, 0xef,
  0xf4, 0xe0, 0x03, 0x8a, 0x2b, 0xf3, 0xed, 0x02, 0x2b, 0xf4, 0xef, 0xea, 0xe2, 0x00, 0x90, 0x0c,
  0xe3, 0x08, 0xe0, 0x10, 0xeb, 0x02, 0x90, 0x0b, 0xf3, 0xed, 0x02, 0x98, 0x0b, 0xf4, 0xef, 0xe0,
  0x09, 0x8a, 0x12, 0x0b, 0xe0, 0x10, 0x90, 0x14, 0xf3, 0xed, 0x02, 0x98, 0x14, 0xf4, 0xef, 0xe0,
  0x09, 0x8a, 0x16, 0x14, 0xeb, 0x02, 0xe0, 0x0b, 0x90, 0x17, 0xe0, 0x09, 0x8a, 0x16, 0x14, 0xec,
  0xe0, 0x0b, 0x90, 0x19, 0x17, 0x16, 0x17, 0xec, 0xe3, 0x07, 0xeb, 0x02, 0xeb, 0x03, 0xe0, 0x0b,
  0x90, 0x14, 0xe0, 0x09, 0x8a, 0x14, 0x16, 0x14, 0x17, 0x17, 0x16, 0xec, 0xe0, 0x0b, 0x90, 0x13,
  0xe0, 0x09, 0x8a, 0x13, 0x16, 0x13, 0xe0, 0x0b, 0x90, 0x1b, 0xe0, 0x09, 0x8a, 0x19, 0xec, 0xe8,
  0xc0, 0xb0, 0x90, 0x0c, 0xeb, 0x02, 0xe0, 0x20, 0x90, 0x24, 0xe0, 0x1d, 0x8a, 0x24, 0x24, 0x24,
  0x24, 0x22, 0x24, 0xe0, 0x20, 0x90, 0x20, 0xe0, 0x1d, 0x8a, 0x20, 0x20, 0x20, 0x20, 0x1b, 0x20,
  0xe0, 0x20, 0x90, 0x22, 0xe0, 0x1d, 0x8a, 0x22, 0x22, 0x22, 0x22, 0x24, 0x26, 0x22, 0xe0, 0x20,
  0x90, 0x27, 0xe0, 0x1d, 0x8a, 0x27, 0xe0, 0x20, 0x90, 0x26, 0xe0, 0x1d, 0x8a, 0x24, 0x22, 0xec,
  0xeb, 0x02, 0xe0, 0x20, 0x90, 0x24, 0xe0, 0x1d, 0x8a, 0x24, 0x24, 0x24, 0x24, 0x24, 0x24, 0xe0,
  0x20, 0x90, 0x22, 0xe0, 0x1d, 0x8a, 0x22, 0x22, 0x22, 0x22, 0x22, 0x22, 0xe0, 0x20, 0x90, 0x20,
  0xe0, 0x1d, 0x8a, 0x20, 0x20, 0x20, 0x20, 0x20, 0x20, 0xe0, 0x20, 0x90, 0x1b, 0xe0, 0x1d, 0x8a,
  0x1b, 0x1b, 0x1b, 0x20, 0x1b, 0x22, 0xec, 0xe8, 0x24, 0xb1, 0xe0, 0x16, 0xe3, 0x06, 0x90, 0x10,
  0xf9, 0x8a, 0x0f, 0xf9, 0x8a, 0x01, 0x00, 0xfa, 0x05, 0xf9, 0x00, 0x01, 0xf9, 0x00, 0xfa, 0x05,
  0xeb, 0x02, 0xf9, 0x8a, 0x00, 0x01, 0x00, 0xfa, 0x05, 0xf9, 0x00, 0x01, 0xf9, 0x00, 0xfa, 0x05,
  0xec, 0x00, 0xf9, 0x01, 0xfa, 0x85, 0x04, 0xfa, 0x05, 0xfa, 0x8a, 0x05, 0xfa, 0x85, 0x04, 0xfa,
  0x05, 0xf9, 0x8a, 0x01, 0xeb, 0x04, 0xfa, 0x85, 0x05, 0xec, 0xfa, 0x8a, 0x05, 0xe8, 0xa3, 0xb1,
  0x04, 0xed, 0xb1, 0x05, 0xbe, 0xb2, 0x06, 0x73, 0xb2, 0x07, 0xf7, 0xb2, 0xff, 0xe2, 0xc0, 0xe3,
  0x09, 0x92, 0x0c, 0xe0, 0x04, 0x97, 0x29, 0xe0, 0x03, 0x92, 0x37, 0xe0, 0x01, 0x8b, 0x35, 0x34,
  0xe0, 0x03, 0x92, 0x35, 0xe0, 0x01, 0x8b, 0x34, 0x32, 0xe0, 0x03, 0x92, 0x34, 0xe0, 0x01, 0x8b,
  0x32, 0x30, 0x2b, 0xe0, 0x00, 0x86, 0x32, 0x34, 0xe0, 0x01, 0x8b, 0x32, 0x30, 0xe0, 0x03, 0x92,
  0x32, 0xe0, 0x01, 0x8b, 0x30, 0x2b, 0xe0, 0x03, 0x92, 0x30, 0xe0, 0x01, 0x8b, 0x30, 0xe0, 0x03,
  0x92, 0x2b, 0x29, 0x2b, 0xe0, 0x00, 0x86, 0x29, 0x2b, 0xe0, 0x01, 0x8b, 0x30, 0x32, 0xe0, 0x03,
  0x92, 0x34, 0xe0, 0x01, 0x8b, 0x32, 0x30, 0x2b, 0xe0, 0x03, 0x92, 0x37, 0x35, 0x34, 0x32, 0xe0,
  0x01, 0x8b, 0x2b, 0x30, 0x32, 0x30, 0xe0, 0x00, 0x86, 0x35, 0x34, 0x32, 0x30, 0xe0, 0x01, 0x8b,
  0x2b, 0x30, 0xe0, 0x04, 0x97, 0x2a, 0xe0, 0x03, 0x92, 0x34, 0xe0, 0x01, 0x8b, 0x32, 0x30, 0x2b,
  0xe8, 0xf3, 0xb1, 0xe0, 0x19, 0x92, 0x0c, 0xeb, 0x04, 0x86, 0x29, 0x29, 0x29, 0x29, 0xe0, 0x1e,
  0x8b, 0x24, 0xe0, 0x19, 0x86, 0x24, 0x27, 0xec, 0xeb, 0x04, 0x86, 0x27, 0x27, 0x27, 0x27, 0xe0,
  0x1e, 0x8b, 0x22, 0xe0, 0x19, 0x86, 0x22, 0x25, 0xec, 0xeb, 0x04, 0x86, 0x25, 0x25, 0x25, 0x25,
  0xe0, 0x1e, 0x8b, 0x20, 0xe0, 0x19, 0x86, 0x20, 0x23, 0xec, 0xeb, 0x04, 0x86, 0x24, 0x24, 0x24,
  0x24, 0xe0, 0x1e, 0x8b, 0x1b, 0xe0, 0x19, 0x86, 0x1b, 0x22, 0xec, 0xe8, 0x77, 0xb2, 0xe2, 0x00,
  0xe3, 0x07, 0x92, 0x0c, 0xeb, 0x08, 0xe0, 0x09, 0x8b, 0x09, 0xe0, 0x08, 0x86, 0x19, 0x19, 0xec,
  0xeb, 0x08, 0xe0, 0x09, 0x8b, 0x07, 0xe0, 0x08, 0x86, 0x17, 0x17, 0xec, 0xeb, 0x08, 0xe0, 0x09,
  0x8b, 0x05, 0xe0, 0x08, 0x86, 0x15, 0x15, 0xec, 0xeb, 0x08, 0xe0, 0x09, 0x8b, 0x04, 0xe0, 0x08,
  0x86, 0x14, 0x14, 0xec, 0xe8, 0xc4, 0xb2, 0xe0, 0x16, 0xe3, 0x06, 0x8b, 0xf9, 0x10, 0xfa, 0x10,
  0xe9, 0x1d, 0xb3, 0xeb, 0x02, 0xf9, 0x01, 0x00, 0xfa, 0x05, 0x10, 0xec, 0xe9, 0x1d, 0xb3, 0xf9,
  0x01, 0x00, 0xfa, 0x05, 0x00, 0x01, 0x10, 0xfa, 0x05, 0x00, 0xe8, 0x00, 0xb3, 0xeb, 0x07, 0xf9,
  0x86, 0x01, 0x00, 0x00, 0x01, 0xfa, 0x8b, 0x05, 0x86, 0x00, 0x01, 0xec, 0xea, 0x04, 0x3a, 0xb3,
  0x05, 0xc2, 0xb3, 0x06, 0x93, 0xb4, 0x07, 0xca, 0xb4, 0xff, 0xe2, 0x00, 0xe3, 0x08, 0xe0, 0x22,
  0x87, 0x20, 0x21, 0x22, 0xe0, 0x23, 0x8c, 0x23, 0x24, 0x25, 0xeb, 0x02, 0xeb, 0x02, 0xe0, 0x22,
  0x87, 0x29, 0xe0, 0x23, 0x8c, 0x26, 0x82, 0x33, 0x8b, 0x34, 0xe0, 0x22, 0x87, 0x32, 0x31, 0x29,
  0x31, 0x32, 0x29, 0x34, 0x31, 0x32, 0x31, 0x34, 0x36, 0xe0, 0x23, 0x8c, 0x32, 0x82, 0x38, 0x8b,
  0x39, 0xe0, 0x22, 0x87, 0x37, 0x36, 0x37, 0x36, 0x37, 0x36, 0x34, 0x32, 0x31, 0x2b, 0x31, 0xec,
  0xeb, 0x02, 0x33, 0xe0, 0x23, 0x8c, 0x30, 0x82, 0x34, 0x8b, 0x35, 0xe0, 0x22, 0x87, 0x30, 0x33,
  0x35, 0x30, 0x33, 0x37, 0x30, 0x35, 0x33, 0x30, 0x2a, 0x33, 0xe0, 0x23, 0x8c, 0x30, 0x82, 0x37,
  0x8b, 0x38, 0xe0, 0x22, 0x87, 0x37, 0x35, 0x37, 0x38, 0x37, 0x35, 0x33, 0x32, 0x33, 0x30, 0x2a,
  0xec, 0xec, 0xe2, 0xc0, 0xeb, 0x02, 0xe9, 0x5b, 0xb4, 0x14, 0xe0, 0x22, 0xec, 0xe2, 0x00, 0xe8,
  0x4a, 0xb3, 0xe2, 0x00, 0xe3, 0x07, 0x87, 0x0c, 0xe0, 0x23, 0x8c, 0x10, 0x13, 0x14, 0x15, 0xeb,
  0x02, 0xeb, 0x02, 0xe0, 0x22, 0x87, 0x16, 0xe0, 0x23, 0x8c, 0x16, 0x16, 0xe0, 0x22, 0x87, 0x14,
  0x14, 0x15, 0x16, 0xe0, 0x23, 0x8c, 0x16, 0x16, 0xe0, 0x22, 0x87, 0x14, 0x14, 0x15, 0xe0, 0x22,
  0x87, 0x0b, 0xe0, 0x23, 0x8c, 0x0b, 0x0b, 0xe0, 0x22, 0x87, 0x09, 0x09, 0x0a, 0x0b, 0xe0, 0x23,
  0x8c, 0x0b, 0x0b, 0xe0, 0x22, 0x87, 0x09, 0x09, 0x0a, 0xec, 0xeb, 0x02, 0xe0, 0x22, 0x87, 0x10,
  0xe0, 0x23, 0x8c, 0x10, 0x10, 0xe0, 0x22, 0x87, 0x0a, 0x0a, 0x0b, 0x10, 0xe0, 0x23, 0x8c, 0x10,
  0x10, 0xe0, 0x22, 0x87, 0x0a, 0x0a, 0x0b, 0xe0, 0x22, 0x87, 0x15, 0xe0, 0x23, 0x8c, 0x15, 0x15,
  0xe0, 0x22, 0x87, 0x13, 0x13, 0x14, 0x15, 0xe0, 0x23, 0x8c, 0x15, 0x15, 0xe0, 0x22, 0x87, 0x13,
  0x13, 0x14, 0xec, 0xec, 0xe2, 0xc0, 0xe5, 0x04, 0xeb, 0x02, 0x82, 0x0c, 0xe9, 0x5b, 0xb4, 0x8b,
  0x14, 0xe0, 0x22, 0xec, 0xe5, 0x00, 0xe2, 0x00, 0xe8, 0xcf, 0xb3, 0x87, 0x16, 0x15, 0xe0, 0x23,
  0x8c, 0x16, 0x87, 0x0c, 0xe0, 0x22, 0x14, 0xe0, 0x23, 0x8c, 0x15, 0x16, 0x87, 0x0c, 0xe0, 0x22,
  0x15, 0xe0, 0x23, 0x8c, 0x14, 0x13, 0xe0, 0x22, 0x87, 0x14, 0x13, 0xe0, 0x23, 0x8c, 0x14, 0x87,
  0x0c, 0xe0, 0x22, 0x12, 0xe0, 0x23, 0x8c, 0x13, 0x14, 0x87, 0x0c, 0xe0, 0x22, 0x12, 0xe0, 0x23,
  0x8c, 0x13, 0xea, 0x9d, 0x0c, 0x83, 0x0c, 0xe0, 0x1a, 0xeb, 0x02, 0xeb, 0x10, 0x87, 0x26, 0xec,
  0xeb, 0x10, 0x1b, 0xec, 0xeb, 0x10, 0x26, 0xec, 0xeb, 0x10, 0x1b, 0xec, 0xeb, 0x10, 0x20, 0xec,
  0xeb, 0x10, 0x25, 0xec, 0xeb, 0x10, 0x20, 0xec, 0xeb, 0x10, 0x25, 0xec, 0xec, 0xe0, 0x17, 0xed,
  0x01, 0xa4, 0x26, 0x24, 0x26, 0x24, 0xef, 0xe8, 0x97, 0xb4, 0x9d, 0x10, 0x83, 0x10, 0xe0, 0x16,
  0xe3, 0x06, 0xeb, 0x40, 0xf9, 0x87, 0x01, 0xf9, 0x00, 0xfa, 0x05, 0xf9, 0x00, 0xec, 0xeb, 0x03,
  0xf9, 0x8c, 0x0f, 0xfa, 0x87, 0x05, 0xf9, 0x8c, 0x0f, 0xfa, 0x91, 0x05, 0xfa, 0x8c, 0x05, 0x87,
  0x10, 0xfa, 0x05, 0xfa, 0x8c, 0x04, 0xfa, 0x05, 0xec, 0xf9, 0x8c, 0x0f, 0xfa, 0x87, 0x05, 0xf9,
  0x8c, 0x0f, 0xfa, 0x91, 0x05, 0xfa, 0x8c, 0x05, 0x87, 0x10, 0xfa, 0x05, 0xeb, 0x04, 0xfa, 0x05,
  0xec, 0xe8, 0xd2, 0xb4, 0x04, 0x21, 0xb5, 0x05, 0xb1, 0xb5, 0x06, 0x1c, 0xb6, 0x07, 0x5e, 0xb6,
  0xff, 0xe2, 0x40, 0xe3, 0x09, 0xe0, 0x09, 0x8a, 0x25, 0x27, 0x28, 0x2a, 0xe0, 0x09, 0x8a, 0x30,
  0xe0, 0x0b, 0x90, 0x31, 0xe0, 0x0d, 0xed, 0x01, 0x31, 0xf3, 0xed, 0x02, 0x95, 0x31, 0xef, 0xf4,
  0xe0, 0x09, 0x8a, 0x30, 0xe0, 0x0b, 0x90, 0x31, 0x33, 0xe0, 0x09, 0x8a, 0x31, 0x30, 0x2a, 0x31,
  0xe0, 0x0b, 0x90, 0x30, 0xe0, 0x0d, 0xed, 0x01, 0x30, 0xf3, 0xed, 0x02, 0x95, 0x30, 0xef, 0xf4,
  0xe0, 0x09, 0x8a, 0x2a, 0xe0, 0x0b, 0x90, 0x30, 0x31, 0xe0, 0x09, 0x8a, 0x30, 0x2a, 0x28, 0x30,
  0xe0, 0x0b, 0x90, 0x2a, 0xe0, 0x0d, 0xed, 0x01, 0x2a, 0xf3, 0xed, 0x02, 0x95, 0x2a, 0xef, 0xf4,
  0xe0, 0x09, 0x8a, 0x28, 0xe0, 0x0b, 0x90, 0x2a, 0x30, 0xe0, 0x09, 0x8a, 0x2a, 0x28, 0x27, 0x28,
  0x28, 0x27, 0x28, 0x33, 0x2a, 0x30, 0x31, 0xe0, 0x0c, 0xed, 0x01, 0x33, 0xf3, 0xed, 0x02, 0x90,
  0x33, 0xf4, 0xed, 0x01, 0x8a, 0x31, 0xf3, 0xed, 0x02, 0x90, 0x31, 0xf4, 0x30, 0xef, 0xe8, 0x2c,
  0xb5, 0xe2, 0xc0, 0xe3, 0x09, 0xe0, 0x09, 0xe5, 0x01, 0x82, 0x0c, 0x8a, 0x25, 0x27, 0x28, 0x88,
  0x2a, 0xe5, 0x00, 0xe9, 0x02, 0xb6, 0x90, 0x1a, 0xe9, 0x02, 0xb6, 0x90, 0x18, 0xe0, 0x0d, 0x98,
  0x16, 0xef, 0xe0, 0x09, 0x8a, 0x16, 0x18, 0x1a, 0xe0, 0x0c, 0x95, 0xed, 0x02, 0x20, 0xe0, 0x0b,
  0x90, 0x1a, 0x18, 0x17, 0xe0, 0x0c, 0x95, 0x15, 0x18, 0xe0, 0x0b, 0x90, 0x1a, 0xef, 0x19, 0xe0,
  0x09, 0x8a, 0x19, 0xe0, 0x0b, 0x90, 0x1a, 0xe0, 0x09, 0x8a, 0x1a, 0xe0, 0x0b, 0x90, 0x20, 0xe8,
  0xc3, 0xb5, 0xe0, 0x0d, 0x98, 0xed, 0x02, 0x18, 0xef, 0xe0, 0x09, 0x8a, 0x18, 0x1a, 0x20, 0xe0,
  0x0d, 0x98, 0xed, 0x02, 0x21, 0xe0, 0x0c, 0x95, 0x20, 0xe0, 0x0b, 0xea, 0x95, 0x0c, 0xe0, 0x20,
  0x90, 0x21, 0xe0, 0x1d, 0x8a, 0xeb, 0x0c, 0x21, 0xec, 0x23, 0x25, 0xe0, 0x20, 0x90, 0x28, 0xe0,
  0x1d, 0x8a, 0xeb, 0x0b, 0x28, 0xec, 0x2a, 0x28, 0x27, 0xe0, 0x20, 0x90, 0x26, 0xe0, 0x1d, 0x8a,
  0xeb, 0x0e, 0x26, 0xec, 0xe0, 0x20, 0x90, 0x25, 0xe0, 0x1d, 0x8a, 0x25, 0x25, 0x25, 0x28, 0x28,
  0x28, 0x28, 0x23, 0x23, 0x23, 0x21, 0x21, 0x21, 0x20, 0x20, 0x21, 0xe8, 0x25, 0xb6, 0xe0, 0x16,
  0xe3, 0x06, 0xfa, 0x8a, 0x05, 0xfa, 0x85, 0x05, 0xfa, 0x05, 0xfa, 0x8a, 0x05, 0xfa, 0x05, 0x8a,
  0xeb, 0x03, 0xe9, 0xb8, 0xa5, 0xe9, 0xdb, 0xb8, 0xec, 0xe9, 0xb8, 0xa5, 0xeb, 0x03, 0xf9, 0x01,
  0xfa, 0x05, 0xec, 0xfa, 0x05, 0xfa, 0x85, 0x05, 0xfa, 0x05, 0xe8, 0x6f, 0xb6, 0x04, 0x9a, 0xb6,
  0x05, 0xe6, 0xb6, 0x06, 0xf5, 0xb6, 0x07, 0x1d, 0xb7, 0xff, 0xe2, 0x00, 0xe3, 0x08, 0x90, 0x0c,
  0xe0, 0x09, 0x8a, 0x35, 0x29, 0x34, 0x29, 0x32, 0x29, 0x34, 0x29, 0x35, 0x29, 0x37, 0x29, 0x35,
  0x29, 0x34, 0x29, 0x37, 0x30, 0x35, 0x30, 0x34, 0x30, 0x35, 0x30, 0x37, 0x30, 0x39, 0x30, 0x37,
  0x30, 0x35, 0x30, 0x3a, 0x32, 0x39, 0x32, 0x37, 0x32, 0x39, 0x32, 0x3a, 0x32, 0x40, 0x32, 0x3a,
  0x32, 0x39, 0x32, 0x42, 0x34, 0x40, 0x34, 0x3a, 0x34, 0x39, 0x34, 0x37, 0x34, 0x35, 0x32, 0x34,
  0x30, 0x32, 0x34, 0xe8, 0xa0, 0xb6, 0xe2, 0x00, 0xe3, 0x0c, 0x90, 0x0c, 0xe5, 0x02, 0x95, 0x0c,
  0x85, 0x0c, 0xe8, 0xa0, 0xb6, 0xe0, 0x1d, 0x90, 0x0c, 0x8a, 0xeb, 0x0c, 0x22, 0xec, 0x1a, 0x2a,
  0x1b, 0x2b, 0xeb, 0x0c, 0x20, 0xec, 0x17, 0x27, 0x19, 0x29, 0xeb, 0x0c, 0x1a, 0xec, 0x20, 0x30,
  0x1a, 0x2a, 0xeb, 0x0c, 0x19, 0xec, 0x20, 0x30, 0x21, 0x31, 0xe8, 0xf9, 0xb6, 0xe0, 0x16, 0xe3,
  0x06, 0x85, 0x01, 0x00, 0x8a, 0x01, 0xe8, 0x6f, 0xb6, 0x04, 0x36, 0xb7, 0x05, 0xa5, 0xb7, 0x06,
  0x13, 0xb8, 0x07, 0x83, 0xb8, 0xff, 0xe2, 0xc0, 0xe3, 0x08, 0xed, 0x01, 0xeb, 0x03, 0xe0, 0x09,
  0x8a, 0x33, 0xe0, 0x0b, 0x90, 0x33, 0xec, 0x95, 0x0c, 0x98, 0x0c, 0xe0, 0x0c, 0x95, 0x23, 0x26,
  0xe0, 0x09, 0x8a, 0x31, 0x2b, 0xe0, 0x0c, 0x95, 0x2a, 0x28, 0xe0, 0x0b, 0x90, 0x26, 0xe0, 0x0c,
  0x95, 0x25, 0x26, 0xe0, 0x09, 0x8a, 0x31, 0x2b, 0xe0, 0x0d, 0x8a, 0x2a, 0xf3, 0xed, 0x02, 0x2a,
  0x90, 0x2a, 0xed, 0x01, 0xf4, 0xe0, 0x0b, 0x28, 0x26, 0xe0, 0x0c, 0x95, 0x23, 0x26, 0xe0, 0x09,
  0x8a, 0x31, 0x2b, 0xe0, 0x0c, 0x95, 0x2a, 0x31, 0xe0, 0x0b, 0x90, 0x33, 0xe0, 0x0c, 0x95, 0x35,
  0x31, 0xe0, 0x0b, 0x90, 0x2a, 0xe0, 0x05, 0x90, 0x33, 0xf3, 0xed, 0x02, 0x33, 0x98, 0x33, 0xf4,
  0xed, 0x01, 0xe8, 0x4b, 0xb7, 0xe2, 0x00, 0xe3, 0x08, 0xeb, 0x03, 0xe0, 0x09, 0x8a, 0x2a, 0xe0,
  0x0b, 0x90, 0x2a, 0xec, 0x95, 0x0c, 0x98, 0x0c, 0xe0, 0x0c, 0x95, 0x1a, 0x16, 0xe0, 0x0b, 0x90,
  0x13, 0xe0, 0x0c, 0x95, 0x16, 0x1a, 0xe0, 0x0b, 0x90, 0x1b, 0xe0, 0x0c, 0x95, 0x21, 0xe0, 0x0b,
  0x90, 0x1b, 0xe0, 0x09, 0xe2, 0x80, 0x8a, 0x1b, 0x1a, 0x18, 0x1a, 0x18, 0x1a, 0x1b, 0x26, 0x25,
  0x23, 0x21, 0xe2, 0x00, 0xe0, 0x0c, 0x95, 0x1a, 0x16, 0xe0, 0x0b, 0x90, 0x13, 0xe0, 0x09, 0x8a,
  0x16, 0x15, 0x16, 0x18, 0x1a, 0x1b, 0x21, 0x23, 0x25, 0xe0, 0x0b, 0x90, 0x28, 0x26, 0xe0, 0x09,
  0xe2, 0x40, 0x8a, 0x25, 0x23, 0x21, 0x23, 0x21, 0x23, 0x26, 0x2a, 0x28, 0x26, 0x25, 0xe2, 0x00,
  0xe8, 0xb8, 0xb7, 0xeb, 0x03, 0xe0, 0x1d, 0x8a, 0x23, 0xe0, 0x20, 0x90, 0x23, 0xec, 0x95, 0x0c,
  0x98, 0x0c, 0xe0, 0x1d, 0x8a, 0xeb, 0x06, 0x23, 0xec, 0x25, 0xe0, 0x20, 0x90, 0x26, 0xe0, 0x1d,
  0x8a, 0x26, 0x26, 0x26, 0x26, 0x26, 0x25, 0x23, 0x21, 0x21, 0x21, 0x21, 0x21, 0x23, 0x25, 0xe0,
  0x20, 0x90, 0x26, 0xe0, 0x1d, 0x8a, 0x26, 0x26, 0x26, 0xe0, 0x20, 0x90, 0x26, 0x25, 0xe0, 0x1d,
  0x8a, 0x23, 0x23, 0x23, 0x23, 0x23, 0x23, 0x25, 0xe0, 0x20, 0x90, 0x26, 0xe0, 0x1d, 0x8a, 0x26,
  0x26, 0x26, 0x26, 0x26, 0x28, 0xe0, 0x20, 0x90, 0x2a, 0xe0, 0x1d, 0x8a, 0x2a, 0x2a, 0x2a, 0x28,
  0x26, 0x25, 0xe0, 0x20, 0x90, 0x23, 0xe0, 0x1d, 0x8a, 0x23, 0x26, 0x23, 0x21, 0x21, 0x22, 0x23,
  0xe8, 0x22, 0xb8, 0xe0, 0x16, 0xe3, 0x06, 0xeb, 0x03, 0xf9, 0x8a, 0x10, 0xfa, 0x90, 0x05, 0xec,
  0x95, 0x10, 0xfa, 0x85, 0x08, 0xfa, 0x08, 0xfa, 0x08, 0xfa, 0x09, 0xfa, 0x09, 0xfa, 0x09, 0xfa,
  0x0a, 0xfa, 0x0a, 0x8a, 0xe9, 0xb8, 0xa5, 0xe9, 0xdb, 0xb8, 0xe9, 0xb8, 0xa5, 0xf9, 0x01, 0xf9,
  0x00, 0xfa, 0x05, 0xf9, 0x00, 0xfa, 0x05, 0xf9, 0x01, 0xfa, 0x06, 0xf9, 0x01, 0xe9, 0xb8, 0xa5,
  0xe9, 0xdb, 0xb8, 0xe9, 0xb8, 0xa5, 0xf9, 0x01, 0xfa, 0x05, 0x01, 0xf9, 0x01, 0xeb, 0x02, 0xfa,
  0x8a, 0x05, 0xfa, 0x85, 0x05, 0xfa, 0x05, 0xec, 0xe8, 0xa3, 0xb8, 0xf9, 0x01, 0xf9, 0x00, 0xfa,
  0x05, 0xf9, 0x00, 0x01, 0xf9, 0x00, 0xfa, 0x05, 0x01, 0xea, 0x04, 0xf7, 0xb8, 0x05, 0x05, 0xb9,
  0x06, 0x13, 0xb9, 0x07, 0x1f, 0xb9, 0xff, 0xe0, 0x09, 0xe2, 0x40, 0xe3, 0x08, 0x8a, 0x29, 0x34,
  0x33, 0x34, 0x37, 0x36, 0xff, 0xe0, 0x09, 0xe2, 0x80, 0xe3, 0x08, 0x8a, 0x24, 0x29, 0x28, 0x29,
  0x30, 0x2b, 0xff, 0xe0, 0x1d, 0x8a, 0x19, 0x24, 0x23, 0x24, 0x27, 0xe0, 0x17, 0x26, 0xff, 0xe0,
  0x16, 0xe3, 0x06, 0xeb, 0x03, 0xf9, 0x8a, 0x00, 0xfa, 0x04, 0xec, 0xff, 0x04, 0x39, 0xb9, 0x05,
  0x36, 0xba, 0x06, 0x93, 0xba, 0x07, 0x45, 0xbb, 0xff, 0xe0, 0x05, 0xe2, 0x40, 0xe3, 0x09, 0x92,
  0x2b, 0xf3, 0xed, 0x01, 0x2b, 0xed, 0x02, 0x9a, 0x2b, 0xef, 0xf4, 0x92, 0x30, 0xf3, 0xed, 0x01,
  0x30, 0xed, 0x02, 0x9a, 0x30, 0xef, 0xf4, 0x92, 0x32, 0xf3, 0xed, 0x01, 0x32, 0xed, 0x02, 0x9a,
  0x32, 0xef, 0xf4, 0xe3, 0x08, 0xe2, 0x00, 0xe0, 0x00, 0x86, 0x24, 0x29, 0x2b, 0x30, 0x32, 0x30,
  0x24, 0x27, 0x29, 0x0c, 0x27, 0x29, 0x0c, 0x29, 0x0c, 0x0c, 0xe3, 0x09, 0xe2, 0xc0, 0xe0, 0x02,
  0x8f, 0x34, 0x32, 0xe0, 0x01, 0x8b, 0x30, 0xe0, 0x05, 0x8b, 0x2b, 0xf3, 0xed, 0x01, 0x2b, 0x92,
  0xed, 0x02, 0x2b, 0xf4, 0xef, 0xe0, 0x02, 0x8f, 0x30, 0x29, 0xe0, 0x05, 0x8b, 0x34, 0xf3, 0xed,
  0x01, 0x92, 0x34, 0xed, 0x02, 0x34, 0xf4, 0xef, 0xe0, 0x02, 0x8f, 0x34, 0x32, 0xe0, 0x01, 0x8b,
  0x37, 0xe0, 0x02, 0x8f, 0x34, 0x32, 0xe0, 0x01, 0x8b, 0x30, 0xe0, 0x02, 0x8f, 0x2b, 0x29, 0xe0,
  0x05, 0x8b, 0x39, 0xf3, 0xed, 0x01, 0x92, 0x39, 0xed, 0x02, 0x39, 0xf4, 0xef, 0xe0, 0x04, 0xed,
  0x01, 0x8b, 0x35, 0xf3, 0xed, 0x02, 0x92, 0x35, 0xf4, 0xef, 0xe0, 0x00, 0x86, 0x37, 0x39, 0xe0,
  0x02, 0x8f, 0x37, 0x39, 0xe0, 0x01, 0x8b, 0x3b, 0xe0, 0x04, 0xed, 0x01, 0x8b, 0x39, 0xf3, 0xed,
  0x02, 0x92, 0x39, 0xf4, 0xef, 0xe0, 0x00, 0x86, 0x3b, 0x40, 0xe0, 0x02, 0x8f, 0x3b, 0x40, 0xe0,
  0x01, 0x8b, 0x42, 0xed, 0x01, 0xe0, 0x02, 0x8f, 0x44, 0x40, 0xe0, 0x01, 0x8b, 0x39, 0xef, 0xe0,
  0x03, 0x92, 0x37, 0xe0, 0x00, 0x86, 0x39, 0x37, 0x39, 0x3b, 0xe0, 0x05, 0x8b, 0x39, 0xf3, 0xed,
  0x01, 0x39, 0xed, 0x02, 0x92, 0x39, 0xf4, 0xef, 0xe0, 0x00, 0x86, 0x39, 0x37, 0x35, 0x34, 0x32,
  0x30, 0x2b, 0x30, 0xe8, 0x7e, 0xb9, 0xe0, 0x05, 0xe2, 0x40, 0xe3, 0x0a, 0xa2, 0x27, 0x29, 0x2b,
  0x30, 0xe3, 0x09, 0xe0, 0x05, 0xa2, 0x1b, 0xe0, 0x05, 0x9a, 0x19, 0xe0, 0x00, 0x86, 0x19, 0x0c,
  0x24, 0x19, 0x0c, 0x22, 0x0c, 0x20, 0xe0, 0x05, 0xa2, 0x1b, 0xe0, 0x05, 0x9a, 0x19, 0xe0, 0x00,
  0x86, 0x19, 0x0c, 0x24, 0x20, 0x0c, 0x2b, 0x0c, 0x29, 0xe0, 0x05, 0x9a, 0x20, 0x1b, 0x24, 0x29,
  0xe0, 0x02, 0x8f, 0x34, 0x32, 0xe0, 0x01, 0x8b, 0x30, 0xe0, 0x00, 0x86, 0x2b, 0x30, 0x32, 0x30,
  0x2b, 0x29, 0x27, 0x2b, 0x29, 0x30, 0x2b, 0x29, 0x27, 0x29, 0x2b, 0x30, 0xe0, 0x05, 0x9a, 0x29,
  0xe8, 0x43, 0xba, 0xe0, 0x17, 0x86, 0x14, 0x0c, 0x1b, 0x19, 0x0c, 0xe0, 0x19, 0x17, 0xe0, 0x17,
  0x16, 0x0c, 0x14, 0x0c, 0x8b, 0x14, 0x0c, 0xe0, 0x1e, 0x14, 0xe0, 0x17, 0x86, 0x15, 0x0c, 0xe0,
  0x19, 0x20, 0x19, 0x1b, 0x0c, 0x19, 0x17, 0x0c, 0x15, 0x0c, 0xe0, 0x1e, 0x8b, 0x15, 0x0c, 0x15,
  0xe0, 0x19, 0x86, 0x17, 0x0c, 0x22, 0x20, 0x0c, 0x1b, 0x19, 0x0c, 0x17, 0x0c, 0xe0, 0x1e, 0x8b,
  0x17, 0x0c, 0x17, 0xe0, 0x19, 0x86, 0x19, 0x0c, 0x14, 0x0c, 0x17, 0x0c, 0x1b, 0x19, 0x0c, 0x19,
  0x0c, 0x19, 0x19, 0x0c, 0x19, 0x0c, 0xe0, 0x17, 0xeb, 0x02, 0x86, 0xeb, 0x02, 0x17, 0x0c, 0x17,
  0x17, 0x0c, 0x17, 0x0c, 0x17, 0xec, 0xeb, 0x02, 0x19, 0x0c, 0x19, 0x19, 0x0c, 0x19, 0x0c, 0x19,
  0xec, 0xec, 0x25, 0x0c, 0x25, 0x25, 0x0c, 0x25, 0x0c, 0x25, 0x24, 0x0c, 0x24, 0x24, 0x0c, 0x24,
  0x0c, 0x24, 0x29, 0x0c, 0x29, 0x29, 0x0c, 0x29, 0x0c, 0x29, 0x30, 0x0c, 0x30, 0x29, 0x0c, 0x29,
  0x0c, 0x29, 0x27, 0x0c, 0x27, 0x27, 0x0c, 0x2b, 0x0c, 0x24, 0x27, 0x0c, 0x27, 0x29, 0x0c, 0x2b,
  0x0c, 0x27, 0x29, 0x0c, 0x24, 0x27, 0x0c, 0x2b, 0x0c, 0x27, 0x29, 0x0c, 0x24, 0x0c, 0x22, 0x20,
  0x1b, 0x19, 0xe8, 0xe8, 0xba, 0xe0, 0x16, 0xe3, 0x0f, 0xeb, 0x03, 0xeb, 0x02, 0x86, 0xfa, 0x01,
  0xfa, 0x10, 0xfa, 0x01, 0x01, 0xec, 0xfa, 0x0a, 0x01, 0xf9, 0x10, 0xfa, 0x01, 0xf9, 0x01, 0xfa,
  0x01, 0x10, 0xfa, 0x01, 0xec, 0xe3, 0x08, 0xf9, 0x0f, 0xf9, 0x0f, 0x10, 0xf9, 0x0f, 0xfa, 0x10,
  0x10, 0x10, 0xeb, 0x03, 0xfa, 0x08, 0xec, 0xeb, 0x03, 0xfa, 0x0a, 0xec, 0xeb, 0x03, 0xfa, 0x0c,
  0xec, 0xe3, 0x06, 0x86, 0xf9, 0x01, 0x10, 0xf9, 0x01, 0x00, 0xfa, 0x05, 0x10, 0x01, 0x01, 0xf9,
  0x01, 0xf9, 0x10, 0x01, 0x00, 0xfa, 0x05, 0x10, 0xf9, 0x01, 0x00, 0xe8, 0x83, 0xbb, 0x04, 0xab,
  0xbb, 0x05, 0x4a, 0xbc, 0x06, 0xe3, 0xbc, 0x07, 0x67, 0xbd, 0xff, 0xe2, 0x40, 0xe3, 0x09, 0xeb,
  0x02, 0xe0, 0x02, 0x8f, 0x23, 0x23, 0xe0, 0x01, 0x8b, 0x23, 0x0c, 0x22, 0x22, 0x0c, 0xec, 0xe0,
  0x05, 0x92, 0x2a, 0xf3, 0xed, 0x01, 0x2a, 0xed, 0x02, 0x9a, 0x2a, 0xef, 0xf4, 0x92, 0xed, 0x01,
  0x2b, 0xf3, 0xed, 0x02, 0x2b, 0xef, 0xf4, 0x92, 0xed, 0x01, 0x28, 0xf3, 0xed, 0x02, 0x28, 0xef,
  0xf4, 0x92, 0xed, 0x01, 0x31, 0xf3, 0xed, 0x02, 0x31, 0xef, 0xf4, 0x92, 0xed, 0x01, 0x24, 0xf3,
  0xed, 0x02, 0x24, 0xef, 0xf4, 0xe0, 0x02, 0x8f, 0x23, 0x24, 0xe0, 0x01, 0x8b, 0x26, 0xe0, 0x03,
  0x92, 0x23, 0x0c, 0xe0, 0x05, 0x92, 0x28, 0xf3, 0xed, 0x01, 0x28, 0xed, 0x02, 0x9a, 0x28, 0xef,
  0xf4, 0x92, 0xed, 0x01, 0x26, 0xf3, 0xed, 0x02, 0x26, 0xef, 0xf4, 0xe0, 0x00, 0x86, 0x26, 0x2a,
  0x31, 0x36, 0x31, 0x2a, 0x26, 0x21, 0xe0, 0x05, 0x92, 0xed, 0x01, 0x24, 0xf3, 0xed, 0x02, 0x24,
  0xef, 0xf4, 0x92, 0xed, 0x01, 0x26, 0xf3, 0xed, 0x02, 0x26, 0xef, 0xf4, 0xe0, 0x02, 0x8f, 0x2b,
  0x2a, 0xe0, 0x01, 0x8b, 0x28, 0x9a, 0x0c, 0xe8, 0xbf, 0xbb, 0xe2, 0x80, 0xe3, 0x09, 0xe0, 0x02,
  0x8f, 0x26, 0x26, 0xe0, 0x01, 0x8b, 0x26, 0x0c, 0x25, 0x25, 0x0c, 0xe0, 0x02, 0x8f, 0x26, 0x26,
  0xe0, 0x01, 0x8b, 0x26, 0x0c, 0x2b, 0x2a, 0x0c, 0xe0, 0x00, 0x86, 0x23, 0x22, 0x23, 0x25, 0x26,
  0x25, 0x26, 0x28, 0xe0, 0x04, 0x97, 0x2a, 0xe0, 0x01, 0x8b, 0x2a, 0xe0, 0x00, 0x86, 0x24, 0x23,
  0x24, 0x26, 0x28, 0x27, 0x28, 0x2a, 0xe0, 0x04, 0x97, 0x2b, 0xe0, 0x01, 0x8b, 0x2b, 0xe0, 0x00,
  0x86, 0x26, 0x25, 0x26, 0x28, 0x2a, 0x28, 0x2a, 0x2b, 0xe0, 0x01, 0x8b, 0x31, 0x2a, 0x26, 0x34,
  0xe0, 0x02, 0x8f, 0x33, 0x31, 0xe0, 0x01, 0x8b, 0x2b, 0xe0, 0x03, 0x92, 0x2a, 0x0c, 0xe0, 0x00,
  0x86, 0x28, 0x26, 0x28, 0x2a, 0x2b, 0x2a, 0x2b, 0x31, 0xe0, 0x01, 0x8b, 0x33, 0x2b, 0x28, 0x38,
  0xe0, 0x05, 0x9a, 0x36, 0x31, 0xe0, 0x02, 0x8f, 0x2b, 0x2a, 0x28, 0x26, 0xe0, 0x01, 0x8b, 0x2b,
  0x2a, 0xe0, 0x02, 0x8f, 0x28, 0xe0, 0x00, 0x86, 0x26, 0xe0, 0x01, 0x8b, 0x0c, 0x28, 0x9a, 0x0c,
  0xe8, 0x68, 0xbc, 0xeb, 0x02, 0xe0, 0x20, 0x8f, 0x1a, 0x1a, 0xe0, 0x1a, 0x8b, 0x1a, 0x0c, 0x1a,
  0x1a, 0x0c, 0xec, 0xe0, 0x0e, 0x97, 0x23, 0x23, 0x92, 0x23, 0x97, 0x24, 0x24, 0x92, 0x24, 0x97,
  0x26, 0x26, 0x92, 0x26, 0xe0, 0x1f, 0x8f, 0x28, 0x26, 0xe0, 0x1e, 0x8b, 0x24, 0xe0, 0x19, 0x86,
  0x23, 0x21, 0x1b, 0x1a, 0xe0, 0x1e, 0x8b, 0x0c, 0x1a, 0xe0, 0x20, 0x8f, 0x18, 0x18, 0xe0, 0x19,
  0x86, 0x18, 0x0c, 0x18, 0x0c, 0x1b, 0x0c, 0x23, 0x0c, 0x28, 0x0c, 0xe0, 0x20, 0x8f, 0x26, 0x26,
  0xe0, 0x19, 0x86, 0x26, 0x0c, 0x26, 0x0c, 0x21, 0x0c, 0x1a, 0x0c, 0x16, 0x0c, 0xe0, 0x20, 0x8f,
  0x14, 0x14, 0xe0, 0x1e, 0x8b, 0x14, 0xe0, 0x20, 0x8f, 0x16, 0x16, 0xe0, 0x1e, 0x8b, 0x16, 0xe0,
  0x17, 0x8b, 0x18, 0x86, 0x0c, 0x8b, 0x23, 0x86, 0x0c, 0x8b, 0x18, 0x92, 0x0c, 0xe0, 0x19, 0x86,
  0x18, 0x1a, 0x1b, 0x21, 0xe8, 0xf3, 0xbc, 0xe0, 0x16, 0xe3, 0x06, 0xeb, 0x02, 0x8f, 0xfa, 0x05,
  0xfa, 0x05, 0x8b, 0xfa, 0x05, 0xf9, 0x10, 0xfa, 0x05, 0x86, 0xfa, 0x05, 0xfa, 0x05, 0xfa, 0x05,
  0xfa, 0x05, 0xec, 0xeb, 0x03, 0x8b, 0xf9, 0x00, 0x00, 0xfa, 0x05, 0x86, 0x00, 0x00, 0x8b, 0x01,
  0xf9, 0x00, 0xfa, 0x05, 0xf9, 0x86, 0x00, 0x00, 0xec, 0x8b, 0xf9, 0x00, 0x00, 0xfa, 0x05, 0x86,
  0x00, 0x00, 0xfa, 0x05, 0xfa, 0x05, 0x10, 0xfa, 0x05, 0xfa, 0x05, 0x10, 0xfa, 0x05, 0xfa, 0x05,
  0xe8, 0x83, 0xbd, 0x04, 0xc0, 0xbd, 0x05, 0x6d, 0xbe, 0x06, 0x0b, 0xbf, 0x07, 0x8f, 0xbf, 0xff,
  0xe2, 0x80, 0xe3, 0x08, 0x8e, 0x0c, 0xeb, 0x02, 0xe0, 0x23, 0x8e, 0x32, 0xe0, 0x22, 0x88, 0xeb,
  0x05, 0x29, 0xec, 0xec, 0x29, 0xe0, 0x23, 0x8e, 0x34, 0xe0, 0x27, 0x88, 0x30, 0xf3, 0xed, 0x01,
  0x9a, 0x30, 0xed, 0x02, 0x9e, 0x30, 0xf4, 0xef, 0xe0, 0x23, 0x8e, 0x35, 0xe0, 0x22, 0x88, 0xeb,
  0x05, 0x32, 0xec, 0xe0, 0x23, 0x8e, 0x35, 0x37, 0x39, 0xe0, 0x22, 0x88, 0x37, 0x35, 0x34, 0x35,
  0xe0, 0x27, 0x88, 0x34, 0xf3, 0xed, 0x01, 0x9a, 0x34, 0xed, 0x02, 0x9e, 0x34, 0xf4, 0xef, 0xe0,
  0x24, 0x92, 0x2a, 0x32, 0xe0, 0x22, 0x88, 0x34, 0x35, 0xe0, 0x24, 0x92, 0x30, 0x34, 0xe0, 0x23,
  0x8e, 0x35, 0xe0, 0x24, 0x92, 0x34, 0xe0, 0x27, 0x8e, 0x32, 0xf3, 0xed, 0x01, 0x92, 0x32, 0xed,
  0x02, 0x9e, 0x32, 0xf4, 0xef, 0xe0, 0x23, 0x8e, 0x3a, 0xe0, 0x22, 0x88, 0x39, 0x37, 0x39, 0x37,
  0xe0, 0x23, 0x8e, 0x35, 0x40, 0xe0, 0x22, 0x88, 0x3a, 0x39, 0x3a, 0x39, 0x37, 0x39, 0xeb, 0x04,
  0x85, 0x42, 0x39, 0x86, 0x37, 0xec, 0xeb, 0x02, 0x85, 0x42, 0x39, 0x86, 0x36, 0xec, 0xe0, 0x25,
  0xed, 0x01, 0xf3, 0x8e, 0x32, 0xed, 0x02, 0x32, 0xf4, 0xef, 0xe8, 0xc6, 0xbd, 0xe2, 0x80, 0x8e,
  0x0c, 0xe3, 0x09, 0xeb, 0x02, 0xe0, 0x23, 0x8e, 0x29, 0xe0, 0x22, 0x88, 0xeb, 0x05, 0x25, 0xec,
  0xec, 0x25, 0xe0, 0x23, 0x8e, 0x30, 0xe0, 0x27, 0xa4, 0x27, 0x88, 0x0c, 0xe0, 0x23, 0x8e, 0x32,
  0xe0, 0x22, 0x88, 0xeb, 0x05, 0x29, 0xec, 0xe0, 0x23, 0x8e, 0x32, 0x34, 0x35, 0xe0, 0x22, 0x88,
  0x34, 0x32, 0x30, 0x32, 0xe0, 0x27, 0x9a, 0x30, 0xf3, 0x88, 0x30, 0x9e, 0x30, 0xf4, 0x8b, 0x0c,
  0xe5, 0x02, 0xe0, 0x24, 0x92, 0x2a, 0x32, 0xe0, 0x22, 0x88, 0x34, 0x35, 0xe0, 0x24, 0x92, 0x30,
  0x34, 0x84, 0x35, 0xe5, 0x00, 0x92, 0x30, 0xe0, 0x27, 0x92, 0x29, 0xf3, 0x8e, 0x29, 0x9e, 0x29,
  0xf4, 0x8b, 0x0c, 0xe5, 0x02, 0xe0, 0x23, 0x8e, 0x3a, 0xe0, 0x22, 0x88, 0x39, 0x37, 0x39, 0x37,
  0xe0, 0x23, 0x8e, 0x35, 0x40, 0xe0, 0x22, 0x88, 0x3a, 0x39, 0x3a, 0x39, 0x37, 0x39, 0xeb, 0x04,
  0x85, 0x42, 0x39, 0x86, 0x37, 0xec, 0xeb, 0x02, 0x85, 0x42, 0x39, 0x86, 0x36, 0xec, 0xe0, 0x24,
  0x84, 0x32, 0xf3, 0x8e, 0x32, 0xf4, 0xe5, 0x00, 0xe8, 0x73, 0xbe, 0x8e, 0x0c, 0xe0, 0x1b, 0x88,
  0xeb, 0x07, 0x22, 0xec, 0x8e, 0x22, 0x88, 0xeb, 0x06, 0x22, 0xec, 0xeb, 0x0b, 0x20, 0xec, 0x1a,
  0x20, 0x22, 0x24, 0x25, 0x27, 0xeb, 0x07, 0x1a, 0xec, 0x8e, 0x1a, 0x88, 0xeb, 0x07, 0x1a, 0xec,
  0xeb, 0x09, 0x20, 0xec, 0x17, 0x84, 0x25, 0x88, 0x24, 0x84, 0x1a, 0x88, 0x20, 0x24, 0x25, 0x27,
  0xeb, 0x08, 0x1a, 0xec, 0xeb, 0x08, 0x20, 0xec, 0xeb, 0x0a, 0x22, 0xec, 0x20, 0x22, 0x22, 0x20,
  0x20, 0x19, 0xeb, 0x05, 0x1a, 0xec, 0x19, 0x1a, 0x1b, 0xeb, 0x05, 0x20, 0xec, 0x25, 0x24, 0x20,
  0xeb, 0x0a, 0x22, 0xec, 0x81, 0xe9, 0x86, 0xbf, 0xe5, 0x83, 0xe9, 0x86, 0xbf, 0xe5, 0x86, 0xe9,
  0x86, 0xbf, 0xe5, 0x89, 0xe9, 0x86, 0xbf, 0xe5, 0x8c, 0xe9, 0x86, 0xbf, 0xe5, 0x8f, 0xe9, 0x86,
  0xbf, 0xe5, 0x00, 0xe8, 0x0f, 0xbf, 0x36, 0x35, 0x34, 0x33, 0x32, 0x31, 0x30, 0x2b, 0xea, 0xe0,
  0x16, 0xe3, 0x06, 0x8e, 0xfa, 0x10, 0x88, 0xf9, 0x01, 0x00, 0xfa, 0x07, 0x00, 0xf9, 0x01, 0xf9,
  0x00, 0xfa, 0x07, 0xf9, 0x00, 0x01, 0xf9, 0x00, 0xfa, 0x07, 0x00, 0xf9, 0x01, 0x00, 0xfa, 0x07,
  0x00, 0xe8, 0x96, 0xbf, 0x00, 0xbd, 0xbf, 0x01, 0xbd, 0xbf, 0x03, 0xbe, 0xbf, 0xff, 0xe0, 0x17,
  0xe3, 0x00, 0x81, 0x01, 0x04, 0x01, 0x82, 0x02, 0x05, 0x02, 0x83, 0x03, 0x06, 0x03, 0x04, 0x07,
  0x04, 0x05, 0x08, 0x05, 0x06, 0x09, 0x06, 0x07, 0x0a, 0x07, 0x08, 0x0b, 0x08, 0x09, 0x0c, 0x09,
  0x0a, 0x0d, 0x0a, 0x0b, 0x0e, 0x0b, 0x0c, 0x0f, 0x0c, 0x81, 0x0d, 0xeb, 0x80, 0x0e, 0x0f, 0xec,
  0xff, 0xff, 0xff, 0xff, 0xff, 0xff, 0xff, 0xff, 0xff, 0xff, 0xff, 0xff, 0xff, 0xff, 0xff, 0xff,
]);

// ──────────── 命名偏移常量（CPU 地址，经 ROM 特征搜索验证） ────────────
export const BANK12_BASE_ADDR = 0x8000;

// 105 首音频请求 ID 表（经参考 NSF $C420 表验证）
// 原版 $8000 消费 $0700[0]：ID < $32 → BGM 路径，ID >= $32 → SE 路径
// 曲目 1-40 (0x32-0x5A) = SE，曲目 41-86 (0x03-0x30) = BGM，曲目 87-105 (0x5D-0x6F) = SE
export const SONG_COUNT = 105;
export const SONG_REQUEST_IDS: ReadonlyArray<number> = [
  // 1-40: SE (ID 0x32-0x5A)
  0x32, 0x33, 0x34, 0x35, 0x36, 0x37, 0x38, 0x39, 0x3a, 0x3b,
  0x3c, 0x3d, 0x3e, 0x3f, 0x40, 0x41, 0x42, 0x43, 0x44, 0x45,
  0x46, 0x47, 0x48, 0x49, 0x4b, 0x4c, 0x4d, 0x4e, 0x4f, 0x50,
  0x51, 0x52, 0x53, 0x54, 0x55, 0x56, 0x57, 0x58, 0x59, 0x5a,
  // 41-86: BGM (ID 0x03-0x30)
  0x03, 0x04, 0x05, 0x06, 0x07, 0x08, 0x09, 0x0a, 0x0b, 0x0c,
  0x0d, 0x0e, 0x0f, 0x10, 0x11, 0x12, 0x13, 0x14, 0x15, 0x16,
  0x17, 0x18, 0x19, 0x1a, 0x1b, 0x1c, 0x1d, 0x1e, 0x1f, 0x20,
  0x21, 0x22, 0x23, 0x24, 0x25, 0x26, 0x27, 0x28, 0x29, 0x2a,
  0x2b, 0x2c, 0x2d, 0x2e, 0x2f, 0x30,
  // 87-105: SE (ID 0x5D-0x6F)
  0x5d, 0x5e, 0x5f, 0x60, 0x61, 0x62, 0x63, 0x64, 0x65, 0x66,
  0x67, 0x68, 0x69, 0x6a, 0x6b, 0x6c, 0x6d, 0x6e, 0x6f,
];

// SE 指针表（每条 2 字节小端，SE ID → 数据起始 CPU 地址）
// 经 ROM 特征搜索：code_sub.s $8354 处 LDA $8BDA,Y 引用
export const SE_POINTER_TABLE_ADDR = 0x8bda;
export const SE_POINTER_TABLE_LEN = 100;
// BGM 指针表（$8798，29 条，BGM ID 0-28 → 数据地址）
export const BGM_POINTER_TABLE_ADDR = 0x8798;
export const BGM_POINTER_TABLE_LEN = 29;
// 音符时值查找表（索引 → tick 数，42 条 1 字节）
export const NOTE_DURATION_TABLE_ADDR = 0x8725;
export const NOTE_DURATION_TABLE_LEN = 42;
// 音符频率查找表（音名索引 → APU 频率 16-bit）
export const NOTE_FREQ_TABLE_ADDR = 0x870d;

/** Bank12Rom — bank12 结构化访问器（替代裸字节索引） */
export class Bank12Rom {
  /** 读一个字节（CPU 地址 → 字节） */
  static readByte(cpuAddr: number): number {
    const off = cpuAddr - BANK12_BASE_ADDR;
    if (off < 0 || off >= BANK12_BYTES.length) return 0;
    return BANK12_BYTES[off];
  }
  /** 读 16-bit 小端（CPU 地址 → 数值） */
  static readU16(cpuAddr: number): number {
    return Bank12Rom.readByte(cpuAddr) | (Bank12Rom.readByte(cpuAddr + 1) << 8);
  }
  /** 读取曲目请求 ID（NSF 曲目号 1-105 → 原版请求 ID 0x03-0x6F） */
  static readSongRequestId(songNo: number): number {
    if (songNo < 1 || songNo > SONG_COUNT) return 0;
    return SONG_REQUEST_IDS[songNo - 1];
  }
  /** 读 SE 指针（SE ID → 数据起始 CPU 地址） */
  static readSePointer(seId: number): number {
    return Bank12Rom.readU16(SE_POINTER_TABLE_ADDR + seId * 2);
  }
  /** 读 BGM 指针（BGM ID → 数据起始 CPU 地址） */
  static readBgmPointer(bgmId: number): number {
    return Bank12Rom.readU16(BGM_POINTER_TABLE_ADDR + bgmId * 2);
  }
  /** 读音符时值（索引 → tick 数） */
  static readNoteDuration(idx: number): number {
    return Bank12Rom.readByte(NOTE_DURATION_TABLE_ADDR + idx);
  }
  /** 读音符频率（音名索引 → APU 频率 16-bit） */
  static readNoteFreq(idx: number): number {
    return Bank12Rom.readU16(NOTE_FREQ_TABLE_ADDR + idx * 2);
  }
}
