f3302   c98307054    i31316780    A:0C X:00 Y:0F S:DB P:nvUbdIZc  $06:8002: BC 00 07 LDY $0700,X @ $0700 = #$00
f3302   c98307058    i31316781    A:0C X:00 Y:00 S:DB P:nvUbdIZc  $06:8005: C0 32    CPY #$32
f3302   c98307060    i31316782    A:0C X:00 Y:00 S:DB P:NvUbdIzc  $06:8007: B0 0E    BCS $8017
f3302   c98307062    i31316783    A:0C X:00 Y:00 S:DB P:NvUbdIzc  $06:8009: A0 07    LDY #$07
f3302   c98307064    i31316784    A:0C X:00 Y:07 S:DB P:nvUbdIzc  $06:800B: 8C 00 80 STY $8000 = #$A2
f3302   c98307068    i31316785    A:0C X:00 Y:07 S:DB P:nvUbdIzc  $06:800E: AC FC 07 LDY $07FC = #$0F
f3302   c98307072    i31316786    A:0C X:00 Y:0F S:DB P:nvUbdIzc  $06:8011: 8C 01 80 STY $8001 = #$05
f3302   c98307076    i31316787    A:0C X:00 Y:0F S:DB P:nvUbdIzc  $06:8014: 4C 5E 80 JMP $805E
f3302   c98307079    i31316788    A:0C X:00 Y:0F S:DB P:nvUbdIzc  $06:805E: CA       DEX
f3302   c98307081    i31316789    A:0C X:FF Y:0F S:DB P:NvUbdIzc  $06:805F: 10 A1    BPL $8002
f3302   c98307083    i31316790    A:0C X:FF Y:0F S:DB P:NvUbdIzc  $06:8061: A2 05    LDX #$05
f3302   c98307085    i31316791    A:0C X:05 Y:0F S:DB P:nvUbdIzc  $06:8063: BC 00 07 LDY $0700,X @ $0705 = #$00
f3302   c98307089    i31316792    A:0C X:05 Y:00 S:DB P:nvUbdIZc  $06:8066: F0 4F    BEQ $80B7
f3302   c98307092    i31316793    A:0C X:05 Y:00 S:DB P:nvUbdIZc  $06:80B7: CA       DEX
f3302   c98307094    i31316794    A:0C X:04 Y:00 S:DB P:nvUbdIzc  $06:80B8: 10 A9    BPL $8063
f3302   c98307097    i31316795    A:0C X:04 Y:00 S:DB P:nvUbdIzc  $06:8063: BC 00 07 LDY $0700,X @ $0704 = #$00
f3302   c98307101    i31316796    A:0C X:04 Y:00 S:DB P:nvUbdIZc  $06:8066: F0 4F    BEQ $80B7
f3302   c98307104    i31316797    A:0C X:04 Y:00 S:DB P:nvUbdIZc  $06:80B7: CA       DEX
f3302   c98307106    i31316798    A:0C X:03 Y:00 S:DB P:nvUbdIzc  $06:80B8: 10 A9    BPL $8063
f3302   c98307109    i31316799    A:0C X:03 Y:00 S:DB P:nvUbdIzc  $06:8063: BC 00 07 LDY $0700,X @ $0703 = #$00
f3302   c98307113    i31316800    A:0C X:03 Y:00 S:DB P:nvUbdIZc  $06:8066: F0 4F    BEQ $80B7
f3302   c98307116    i31316801    A:0C X:03 Y:00 S:DB P:nvUbdIZc  $06:80B7: CA       DEX
f3302   c98307118    i31316802    A:0C X:02 Y:00 S:DB P:nvUbdIzc  $06:80B8: 10 A9    BPL $8063
f3302   c98307121    i31316803    A:0C X:02 Y:00 S:DB P:nvUbdIzc  $06:8063: BC 00 07 LDY $0700,X @ $0702 = #$00
f3302   c98307125    i31316804    A:0C X:02 Y:00 S:DB P:nvUbdIZc  $06:8066: F0 4F    BEQ $80B7
f3302   c98307128    i31316805    A:0C X:02 Y:00 S:DB P:nvUbdIZc  $06:80B7: CA       DEX
f3302   c98307130    i31316806    A:0C X:01 Y:00 S:DB P:nvUbdIzc  $06:80B8: 10 A9    BPL $8063
f3302   c98307133    i31316807    A:0C X:01 Y:00 S:DB P:nvUbdIzc  $06:8063: BC 00 07 LDY $0700,X @ $0701 = #$00
f3302   c98307137    i31316808    A:0C X:01 Y:00 S:DB P:nvUbdIZc  $06:8066: F0 4F    BEQ $80B7
f3302   c98307140    i31316809    A:0C X:01 Y:00 S:DB P:nvUbdIZc  $06:80B7: CA       DEX
f3302   c98307142    i31316810    A:0C X:00 Y:00 S:DB P:nvUbdIZc  $06:80B8: 10 A9    BPL $8063
f3302   c98307145    i31316811    A:0C X:00 Y:00 S:DB P:nvUbdIZc  $06:8063: BC 00 07 LDY $0700,X @ $0700 = #$00
f3302   c98307149    i31316812    A:0C X:00 Y:00 S:DB P:nvUbdIZc  $06:8066: F0 4F    BEQ $80B7
f3302   c98307152    i31316813    A:0C X:00 Y:00 S:DB P:nvUbdIZc  $06:80B7: CA       DEX
f3302   c98307154    i31316814    A:0C X:FF Y:00 S:DB P:NvUbdIzc  $06:80B8: 10 A9    BPL $8063
f3302   c98307156    i31316815    A:0C X:FF Y:00 S:DB P:NvUbdIzc  $06:80BA: A9 27    LDA #$27
f3302   c98307158    i31316816    A:27 X:FF Y:00 S:DB P:nvUbdIzc  $06:80BC: 85 F0    STA $F0 = #$67
f3302   c98307161    i31316817    A:27 X:FF Y:00 S:DB P:nvUbdIzc  $06:80BE: A9 07    LDA #$07
f3302   c98307163    i31316818    A:07 X:FF Y:00 S:DB P:nvUbdIzc  $06:80C0: 85 F1    STA $F1 = #$07
f3302   c98307166    i31316819    A:07 X:FF Y:00 S:DB P:nvUbdIzc  $06:80C2: A9 00    LDA #$00
f3302   c98307168    i31316820    A:00 X:FF Y:00 S:DB P:nvUbdIZc  $06:80C4: 85 F2    STA $F2 = #$FF
f3302   c98307171    i31316821    A:00 X:FF Y:00 S:DB P:nvUbdIZc  $06:80C6: A0 08    LDY #$08
f3302   c98322381    i31321649    A:40 X:19 Y:00 S:E0 P:nvUbdizC  $00:9F04: A5 1B    LDA $1B = #$40
f3302   c98322384    i31321650    A:40 X:19 Y:00 S:E0 P:nvUbdizC  $00:9F06: 10 FC    BPL $9F04
f3302   c98322387    i31321651    A:40 X:19 Y:00 S:E0 P:nvUbdizC  $00:9F04: A5 1B    LDA $1B = #$40
f3302   c98322390    i31321652    A:40 X:19 Y:00 S:E0 P:nvUbdizC  $00:9F06: 10 FC    BPL $9F04
f3302   c98322393    i31321653    A:40 X:19 Y:00 S:E0 P:nvUbdizC  $00:9F04: A5 1B    LDA $1B = #$40
f3302   c98322396    i31321654    A:40 X:19 Y:00 S:E0 P:nvUbdizC  $00:9F06: 10 FC    BPL $9F04
f3302   c98322399    i31321655    A:40 X:19 Y:00 S:E0 P:nvUbdizC  $00:9F04: A5 1B    LDA $1B = #$40
f3302   c98322402    i31321656    A:40 X:19 Y:00 S:E0 P:nvUbdizC  $00:9F06: 10 FC    BPL $9F04
f3302   c98322405    i31321657    A:40 X:19 Y:00 S:E0 P:nvUbdizC  $00:9F04: A5 1B    LDA $1B = #$40
f3302   c98322408    i31321658    A:40 X:19 Y:00 S:E0 P:nvUbdizC  $00:9F06: 10 FC    BPL $9F04
f3302   c98322411    i31321659    A:40 X:19 Y:00 S:E0 P:nvUbdizC  $00:9F04: A5 1B    LDA $1B = #$40
f3302   c98322414    i31321660    A:40 X:19 Y:00 S:E0 P:nvUbdizC  $00:9F06: 10 FC    BPL $9F04
f3302   c98322417    i31321661    A:40 X:19 Y:00 S:E0 P:nvUbdizC  $00:9F04: A5 1B    LDA $1B = #$40
f3302   c98322420    i31321662    A:40 X:19 Y:00 S:E0 P:nvUbdizC  $00:9F06: 10 FC    BPL $9F04
f3302   c98322423    i31321663    A:40 X:19 Y:00 S:E0 P:nvUbdizC  $00:9F04: A5 1B    LDA $1B = #$40
f3302   c98322426    i31321664    A:40 X:19 Y:00 S:E0 P:nvUbdizC  $00:9F06: 10 FC    BPL $9F04
f3302   c98322429    i31321665    A:40 X:19 Y:00 S:E0 P:nvUbdizC  $00:9F04: A5 1B    LDA $1B = #$40
f3302   c98322432    i31321666    A:40 X:19 Y:00 S:E0 P:nvUbdizC  $00:9F06: 10 FC    BPL $9F04
f3302   c98322435    i31321667    A:40 X:19 Y:00 S:E0 P:nvUbdizC  $00:9F04: A5 1B    LDA $1B = #$40
f3302   c98322438    i31321668    A:40 X:19 Y:00 S:E0 P:nvUbdizC  $00:9F06: 10 FC    BPL $9F04
f3302   c98322441    i31321669    A:40 X:19 Y:00 S:E0 P:nvUbdizC  $00:9F04: A5 1B    LDA $1B = #$40
f3302   c98322444    i31321670    A:40 X:19 Y:00 S:E0 P:nvUbdizC  $00:9F06: 10 FC    BPL $9F04
f3302   c98322447    i31321671    A:40 X:19 Y:00 S:E0 P:nvUbdizC  $00:9F04: A5 1B    LDA $1B = #$40
f3302   c98322450    i31321672    A:40 X:19 Y:00 S:E0 P:nvUbdizC  $00:9F06: 10 FC    BPL $9F04
f3302   c98322453    i31321673    A:40 X:19 Y:00 S:E0 P:nvUbdizC  $00:9F04: A5 1B    LDA $1B = #$40
f3302   c98322463    i31321674    A:40 X:19 Y:00 S:DD P:nvUbdIzC  $0F:C506: 4C 21 C8 JMP $C821
f3302   c98322466    i31321675    A:40 X:19 Y:00 S:DD P:nvUbdIzC  $0F:C821: 24 1B    BIT $1B = #$40
f3302   c98322469    i31321676    A:40 X:19 Y:00 S:DD P:nVUbdIzC  $0F:C823: 50 03    BVC $C828
f3302   c98322471    i31321677    A:40 X:19 Y:00 S:DD P:nVUbdIzC  $0F:C825: 4C 78 C4 JMP $C478
f3302   c98322474    i31321678    A:40 X:19 Y:00 S:DD P:nVUbdIzC  $0F:C478: 24 3B    BIT $3B = #$55
f3302   c98322477    i31321679    A:40 X:19 Y:00 S:DD P:nVUbdIzC  $0F:C47A: 30 32    BMI $C4AE
f3302   c98322479    i31321680    A:40 X:19 Y:00 S:DD P:nVUbdIzC  $0F:C47C: 38       SEC
f3302   c98322481    i31321681    A:40 X:19 Y:00 S:DD P:nVUbdIzC  $0F:C47D: 66 3B    ROR $3B = #$55
f3302   c98322486    i31321682    A:40 X:19 Y:00 S:DD P:NVUbdIzC  $0F:C47F: 85 3C    STA $3C = #$40
f3302   c98322489    i31321683    A:40 X:19 Y:00 S:DD P:NVUbdIzC  $0F:C481: 86 3D    STX $3D = #$19
f3302   c98322492    i31321684    A:40 X:19 Y:00 S:DD P:NVUbdIzC  $0F:C483: 84 3E    STY $3E = #$00
f3302   c98322495    i31321685    A:40 X:19 Y:00 S:DD P:NVUbdIzC  $0F:C485: A5 22    LDA $22 = #$00
f3302   c98322498    i31321686    A:00 X:19 Y:00 S:DD P:nVUbdIZC  $0F:C487: 09 07    ORA #$07
f3302   c98322500    i31321687    A:07 X:19 Y:00 S:DD P:nVUbdIzC  $0F:C489: 8D 00 80 STA $8000 = #$A5
f3302   c98322504    i31321688    A:07 X:19 Y:00 S:DD P:nVUbdIzC  $0F:C48C: A9 02    LDA #$02
f3302   c98322506    i31321689    A:02 X:19 Y:00 S:DD P:nVUbdIzC  $0F:C48E: 8D 01 80 STA $8001 = #$27
f3302   c98322510    i31321690    A:02 X:19 Y:00 S:DD P:nVUbdIzC  $0F:C491: 20 60 A1 JSR $A160
f3305   c98395704    i31345038    A:00 X:02 Y:08 S:DB P:nVUbdIzc  $01:A0ED: BD 15 40 LDA $4015,X @ $4017 = #$01
f3305   c98395708    i31345039    A:40 X:02 Y:08 S:DB P:nVUbdIzc  $01:A0F0: 4A       LSR
f3305   c98395710    i31345040    A:20 X:02 Y:08 S:DB P:nVUbdIzc  $01:A0F1: 26 3F    ROL $3F = #$00
f3305   c98395715    i31345041    A:20 X:02 Y:08 S:DB P:nVUbdIZc  $01:A0F3: 29 01    AND #$01
f3305   c98395717    i31345042    A:00 X:02 Y:08 S:DB P:nVUbdIZc  $01:A0F5: 05 3F    ORA $3F = #$00
f3305   c98395720    i31345043    A:00 X:02 Y:08 S:DB P:nVUbdIZc  $01:A0F7: 85 3F    STA $3F = #$00
f3305   c98395723    i31345044    A:00 X:02 Y:08 S:DB P:nVUbdIZc  $01:A0F9: 88       DEY
f3305   c98395725    i31345045    A:00 X:02 Y:07 S:DB P:nVUbdIzc  $01:A0FA: D0 F1    BNE $A0ED
f3305   c98395728    i31345046    A:00 X:02 Y:07 S:DB P:nVUbdIzc  $01:A0ED: BD 15 40 LDA $4015,X @ $4017 = #$01
f3305   c98395732    i31345047    A:40 X:02 Y:07 S:DB P:nVUbdIzc  $01:A0F0: 4A       LSR
f3305   c98395734    i31345048    A:20 X:02 Y:07 S:DB P:nVUbdIzc  $01:A0F1: 26 3F    ROL $3F = #$00
f3305   c98395739    i31345049    A:20 X:02 Y:07 S:DB P:nVUbdIZc  $01:A0F3: 29 01    AND #$01
f3305   c98395741    i31345050    A:00 X:02 Y:07 S:DB P:nVUbdIZc  $01:A0F5: 05 3F    ORA $3F = #$00
f3305   c98395744    i31345051    A:00 X:02 Y:07 S:DB P:nVUbdIZc  $01:A0F7: 85 3F    STA $3F = #$00
f3305   c98395747    i31345052    A:00 X:02 Y:07 S:DB P:nVUbdIZc  $01:A0F9: 88       DEY
f3305   c98395749    i31345053    A:00 X:02 Y:06 S:DB P:nVUbdIzc  $01:A0FA: D0 F1    BNE $A0ED
f3305   c98395752    i31345054    A:00 X:02 Y:06 S:DB P:nVUbdIzc  $01:A0ED: BD 15 40 LDA $4015,X @ $4017 = #$01
f3305   c98395756    i31345055    A:40 X:02 Y:06 S:DB P:nVUbdIzc  $01:A0F0: 4A       LSR
f3305   c98395758    i31345056    A:20 X:02 Y:06 S:DB P:nVUbdIzc  $01:A0F1: 26 3F    ROL $3F = #$00
f3305   c98395763    i31345057    A:20 X:02 Y:06 S:DB P:nVUbdIZc  $01:A0F3: 29 01    AND #$01
f3305   c98395765    i31345058    A:00 X:02 Y:06 S:DB P:nVUbdIZc  $01:A0F5: 05 3F    ORA $3F = #$00
f3305   c98395768    i31345059    A:00 X:02 Y:06 S:DB P:nVUbdIZc  $01:A0F7: 85 3F    STA $3F = #$00
f3305   c98395771    i31345060    A:00 X:02 Y:06 S:DB P:nVUbdIZc  $01:A0F9: 88       DEY
f3305   c98395773    i31345061    A:00 X:02 Y:05 S:DB P:nVUbdIzc  $01:A0FA: D0 F1    BNE $A0ED
f3305   c98395776    i31345062    A:00 X:02 Y:05 S:DB P:nVUbdIzc  $01:A0ED: BD 15 40 LDA $4015,X @ $4017 = #$01
f3305   c98395780    i31345063    A:40 X:02 Y:05 S:DB P:nVUbdIzc  $01:A0F0: 4A       LSR
f3305   c98395782    i31345064    A:20 X:02 Y:05 S:DB P:nVUbdIzc  $01:A0F1: 26 3F    ROL $3F = #$00
f3305   c98395787    i31345065    A:20 X:02 Y:05 S:DB P:nVUbdIZc  $01:A0F3: 29 01    AND #$01
f3305   c98395789    i31345066    A:00 X:02 Y:05 S:DB P:nVUbdIZc  $01:A0F5: 05 3F    ORA $3F = #$00
f3305   c98395792    i31345067    A:00 X:02 Y:05 S:DB P:nVUbdIZc  $01:A0F7: 85 3F    STA $3F = #$00
f3305   c98395795    i31345068    A:00 X:02 Y:05 S:DB P:nVUbdIZc  $01:A0F9: 88       DEY
f3305   c98395797    i31345069    A:00 X:02 Y:04 S:DB P:nVUbdIzc  $01:A0FA: D0 F1    BNE $A0ED
f3305   c98395800    i31345070    A:00 X:02 Y:04 S:DB P:nVUbdIzc  $01:A0ED: BD 15 40 LDA $4015,X @ $4017 = #$01
f3305   c98395804    i31345071    A:40 X:02 Y:04 S:DB P:nVUbdIzc  $01:A0F0: 4A       LSR
f3305   c98395806    i31345072    A:20 X:02 Y:04 S:DB P:nVUbdIzc  $01:A0F1: 26 3F    ROL $3F = #$00
f3305   c98395811    i31345073    A:20 X:02 Y:04 S:DB P:nVUbdIZc  $01:A0F3: 29 01    AND #$01
f3305   c98395813    i31345074    A:00 X:02 Y:04 S:DB P:nVUbdIZc  $01:A0F5: 05 3F    ORA $3F = #$00
f3305   c98395816    i31345075    A:00 X:02 Y:04 S:DB P:nVUbdIZc  $01:A0F7: 85 3F    STA $3F = #$00
f3305   c98395819    i31345076    A:00 X:02 Y:04 S:DB P:nVUbdIZc  $01:A0F9: 88       DEY
f3305   c98395821    i31345077    A:00 X:02 Y:03 S:DB P:nVUbdIzc  $01:A0FA: D0 F1    BNE $A0ED
f3305   c98395824    i31345078    A:00 X:02 Y:03 S:DB P:nVUbdIzc  $01:A0ED: BD 15 40 LDA $4015,X @ $4017 = #$01
f3305   c98395828    i31345079    A:40 X:02 Y:03 S:DB P:nVUbdIzc  $01:A0F0: 4A       LSR
f3308   c98492376    i31375622    A:02 X:6C Y:F8 S:EC P:nvUbdizc  $01:A8EE: 99 02 02 STA $0202,Y @ $02FA = #$02
f3308   c98492381    i31375623    A:02 X:6C Y:F8 S:EC P:nvUbdizc  $01:A8F1: B9 6B 04 LDA $046B,Y @ $0563 = #$8C
f3308   c98492386    i31375624    A:8C X:6C Y:F8 S:EC P:NvUbdizc  $01:A8F4: 99 03 02 STA $0203,Y @ $02FB = #$8C
f3308   c98492391    i31375625    A:8C X:6C Y:F8 S:EC P:NvUbdizc  $01:A8F7: C8       INY
f3308   c98492393    i31375626    A:8C X:6C Y:F9 S:EC P:NvUbdizc  $01:A8F8: C8       INY
f3308   c98492395    i31375627    A:8C X:6C Y:FA S:EC P:NvUbdizc  $01:A8F9: C8       INY
f3308   c98492397    i31375628    A:8C X:6C Y:FB S:EC P:NvUbdizc  $01:A8FA: C8       INY
f3308   c98492399    i31375629    A:8C X:6C Y:FC S:EC P:NvUbdizc  $01:A8FB: D0 D8    BNE $A8D5
f3308   c98492402    i31375630    A:8C X:6C Y:FC S:EC P:NvUbdizc  $01:A8D5: BE 68 04 LDX $0468,Y @ $0564 = #$00
f3308   c98492407    i31375631    A:8C X:00 Y:FC S:EC P:nvUbdiZc  $01:A8D8: B9 6A 04 LDA $046A,Y @ $0566 = #$00
f3308   c98492412    i31375632    A:00 X:00 Y:FC S:EC P:nvUbdiZc  $01:A8DB: 29 0C    AND #$0C
f3308   c98492414    i31375633    A:00 X:00 Y:FC S:EC P:nvUbdiZc  $01:A8DD: F0 02    BEQ $A8E1
f3308   c98492417    i31375634    A:00 X:00 Y:FC S:EC P:nvUbdiZc  $01:A8E1: 8A       TXA
f3308   c98492419    i31375635    A:00 X:00 Y:FC S:EC P:nvUbdiZc  $01:A8E2: 99 00 02 STA $0200,Y @ $02FC = #$00
f3308   c98492424    i31375636    A:00 X:00 Y:FC S:EC P:nvUbdiZc  $01:A8E5: B9 69 04 LDA $0469,Y @ $0565 = #$00
f3308   c98492429    i31375637    A:00 X:00 Y:FC S:EC P:nvUbdiZc  $01:A8E8: 99 01 02 STA $0201,Y @ $02FD = #$00
f3308   c98492434    i31375638    A:00 X:00 Y:FC S:EC P:nvUbdiZc  $01:A8EB: B9 6A 04 LDA $046A,Y @ $0566 = #$00
f3308   c98492439    i31375639    A:00 X:00 Y:FC S:EC P:nvUbdiZc  $01:A8EE: 99 02 02 STA $0202,Y @ $02FE = #$00
f3308   c98492444    i31375640    A:00 X:00 Y:FC S:EC P:nvUbdiZc  $01:A8F1: B9 6B 04 LDA $046B,Y @ $0567 = #$F8
f3308   c98492449    i31375641    A:F8 X:00 Y:FC S:EC P:NvUbdizc  $01:A8F4: 99 03 02 STA $0203,Y @ $02FF = #$F8
f3308   c98492454    i31375642    A:F8 X:00 Y:FC S:EC P:NvUbdizc  $01:A8F7: C8       INY
f3308   c98492456    i31375643    A:F8 X:00 Y:FD S:EC P:NvUbdizc  $01:A8F8: C8       INY
f3308   c98492458    i31375644    A:F8 X:00 Y:FE S:EC P:NvUbdizc  $01:A8F9: C8       INY
f3308   c98492460    i31375645    A:F8 X:00 Y:FF S:EC P:NvUbdizc  $01:A8FA: C8       INY
f3308   c98492462    i31375646    A:F8 X:00 Y:00 S:EC P:nvUbdiZc  $01:A8FB: D0 D8    BNE $A8D5
f3308   c98492464    i31375647    A:F8 X:00 Y:00 S:EC P:nvUbdiZc  $01:A8FD: 60       RTS (from $A215)
f3308   c98492470    i31375648    A:F8 X:00 Y:00 S:EE P:nvUbdiZc  $00:8392: A2 06    LDX #$06
f3308   c98492472    i31375649    A:F8 X:06 Y:00 S:EE P:nvUbdizc  $00:8394: 20 B9 C4 JSR $C4B9
f3308   c98492478    i31375650    A:F8 X:06 Y:00 S:EC P:nvUbdizc  $0F:C4B9: 86 25    STX $25 = #$02
f3308   c98492481    i31375651    A:F8 X:06 Y:00 S:EC P:nvUbdizc  $0F:C4BB: A9 07    LDA #$07
f3308   c98492483    i31375652    A:07 X:06 Y:00 S:EC P:nvUbdizc  $0F:C4BD: 05 22    ORA $22 = #$00
f3308   c98492486    i31375653    A:07 X:06 Y:00 S:EC P:nvUbdizc  $0F:C4BF: 85 23    STA $23 = #$06
f3308   c98492489    i31375654    A:07 X:06 Y:00 S:EC P:nvUbdizc  $0F:C4C1: 8D 00 80 STA $8000 = #$A5
f3308   c98492493    i31375655    A:07 X:06 Y:00 S:EC P:nvUbdizc  $0F:C4C4: 8E 01 80 STX $8001 = #$27
f3308   c98492497    i31375656    A:07 X:06 Y:00 S:EC P:nvUbdizc  $0F:C4C7: 60       RTS (from $C4B9)
f3308   c98492503    i31375657    A:07 X:06 Y:00 S:EE P:nvUbdizc  $00:8397: 60       RTS (from $838A)
f3308   c98492509    i31375658    A:07 X:06 Y:00 S:F0 P:nvUbdizc  $00:82F0: A5 4C    LDA $4C = #$00
f3308   c98492512    i31375659    A:00 X:06 Y:00 S:F0 P:nvUbdiZc  $00:82F2: 10 F9    BPL $82ED
f3308   c98492515    i31375660    A:00 X:06 Y:00 S:F0 P:nvUbdiZc  $00:82ED: 20 8A 83 JSR $838A
f3308   c98492521    i31375661    A:00 X:06 Y:00 S:EE P:nvUbdiZc  $00:838A: A2 02    LDX #$02
f3308   c98492523    i31375662    A:00 X:02 Y:00 S:EE P:nvUbdizc  $00:838C: 20 B9 C4 JSR $C4B9
f3309   c98515101    i31382926    A:00 X:01 Y:07 S:DB P:nVUbdIzc  $01:A0ED: BD 15 40 LDA $4015,X @ $4016 = #$00
f3309   c98515105    i31382927    A:40 X:01 Y:07 S:DB P:nVUbdIzc  $01:A0F0: 4A       LSR
f3309   c98515107    i31382928    A:20 X:01 Y:07 S:DB P:nVUbdIzc  $01:A0F1: 26 3F    ROL $3F = #$00
f3309   c98515112    i31382929    A:20 X:01 Y:07 S:DB P:nVUbdIZc  $01:A0F3: 29 01    AND #$01
f3309   c98515114    i31382930    A:00 X:01 Y:07 S:DB P:nVUbdIZc  $01:A0F5: 05 3F    ORA $3F = #$00
f3309   c98515117    i31382931    A:00 X:01 Y:07 S:DB P:nVUbdIZc  $01:A0F7: 85 3F    STA $3F = #$00
f3309   c98515120    i31382932    A:00 X:01 Y:07 S:DB P:nVUbdIZc  $01:A0F9: 88       DEY
f3309   c98515122    i31382933    A:00 X:01 Y:06 S:DB P:nVUbdIzc  $01:A0FA: D0 F1    BNE $A0ED
f3309   c98515125    i31382934    A:00 X:01 Y:06 S:DB P:nVUbdIzc  $01:A0ED: BD 15 40 LDA $4015,X @ $4016 = #$00
f3309   c98515129    i31382935    A:40 X:01 Y:06 S:DB P:nVUbdIzc  $01:A0F0: 4A       LSR
f3309   c98515131    i31382936    A:20 X:01 Y:06 S:DB P:nVUbdIzc  $01:A0F1: 26 3F    ROL $3F = #$00
f3309   c98515136    i31382937    A:20 X:01 Y:06 S:DB P:nVUbdIZc  $01:A0F3: 29 01    AND #$01
f3309   c98515138    i31382938    A:00 X:01 Y:06 S:DB P:nVUbdIZc  $01:A0F5: 05 3F    ORA $3F = #$00
f3309   c98515141    i31382939    A:00 X:01 Y:06 S:DB P:nVUbdIZc  $01:A0F7: 85 3F    STA $3F = #$00
f3309   c98515144    i31382940    A:00 X:01 Y:06 S:DB P:nVUbdIZc  $01:A0F9: 88       DEY
f3309   c98515146    i31382941    A:00 X:01 Y:05 S:DB P:nVUbdIzc  $01:A0FA: D0 F1    BNE $A0ED
f3309   c98515149    i31382942    A:00 X:01 Y:05 S:DB P:nVUbdIzc  $01:A0ED: BD 15 40 LDA $4015,X @ $4016 = #$00
f3309   c98515153    i31382943    A:40 X:01 Y:05 S:DB P:nVUbdIzc  $01:A0F0: 4A       LSR
f3309   c98515155    i31382944    A:20 X:01 Y:05 S:DB P:nVUbdIzc  $01:A0F1: 26 3F    ROL $3F = #$00
f3309   c98515160    i31382945    A:20 X:01 Y:05 S:DB P:nVUbdIZc  $01:A0F3: 29 01    AND #$01
f3309   c98515162    i31382946    A:00 X:01 Y:05 S:DB P:nVUbdIZc  $01:A0F5: 05 3F    ORA $3F = #$00
f3309   c98515165    i31382947    A:00 X:01 Y:05 S:DB P:nVUbdIZc  $01:A0F7: 85 3F    STA $3F = #$00
f3309   c98515168    i31382948    A:00 X:01 Y:05 S:DB P:nVUbdIZc  $01:A0F9: 88       DEY
f3309   c98515170    i31382949    A:00 X:01 Y:04 S:DB P:nVUbdIzc  $01:A0FA: D0 F1    BNE $A0ED
f3309   c98515173    i31382950    A:00 X:01 Y:04 S:DB P:nVUbdIzc  $01:A0ED: BD 15 40 LDA $4015,X @ $4016 = #$00
f3309   c98515177    i31382951    A:40 X:01 Y:04 S:DB P:nVUbdIzc  $01:A0F0: 4A       LSR
f3309   c98515179    i31382952    A:20 X:01 Y:04 S:DB P:nVUbdIzc  $01:A0F1: 26 3F    ROL $3F = #$00
f3309   c98515184    i31382953    A:20 X:01 Y:04 S:DB P:nVUbdIZc  $01:A0F3: 29 01    AND #$01
f3309   c98515186    i31382954    A:00 X:01 Y:04 S:DB P:nVUbdIZc  $01:A0F5: 05 3F    ORA $3F = #$00
f3309   c98515189    i31382955    A:00 X:01 Y:04 S:DB P:nVUbdIZc  $01:A0F7: 85 3F    STA $3F = #$00
f3309   c98515192    i31382956    A:00 X:01 Y:04 S:DB P:nVUbdIZc  $01:A0F9: 88       DEY
f3309   c98515194    i31382957    A:00 X:01 Y:03 S:DB P:nVUbdIzc  $01:A0FA: D0 F1    BNE $A0ED
f3309   c98515197    i31382958    A:00 X:01 Y:03 S:DB P:nVUbdIzc  $01:A0ED: BD 15 40 LDA $4015,X @ $4016 = #$00
f3309   c98515201    i31382959    A:40 X:01 Y:03 S:DB P:nVUbdIzc  $01:A0F0: 4A       LSR
f3309   c98515203    i31382960    A:20 X:01 Y:03 S:DB P:nVUbdIzc  $01:A0F1: 26 3F    ROL $3F = #$00
f3309   c98515208    i31382961    A:20 X:01 Y:03 S:DB P:nVUbdIZc  $01:A0F3: 29 01    AND #$01
f3309   c98515210    i31382962    A:00 X:01 Y:03 S:DB P:nVUbdIZc  $01:A0F5: 05 3F    ORA $3F = #$00
f3309   c98515213    i31382963    A:00 X:01 Y:03 S:DB P:nVUbdIZc  $01:A0F7: 85 3F    STA $3F = #$00
f3309   c98515216    i31382964    A:00 X:01 Y:03 S:DB P:nVUbdIZc  $01:A0F9: 88       DEY
f3309   c98515218    i31382965    A:00 X:01 Y:02 S:DB P:nVUbdIzc  $01:A0FA: D0 F1    BNE $A0ED
f3309   c98515221    i31382966    A:00 X:01 Y:02 S:DB P:nVUbdIzc  $01:A0ED: BD 15 40 LDA $4015,X @ $4016 = #$00
f3309   c98515225    i31382967    A:40 X:01 Y:02 S:DB P:nVUbdIzc  $01:A0F0: 4A       LSR
f3310   c98545501    i31392560    A:08 X:FF Y:08 S:DB P:nvUbdIzc  $06:8119: C6 F3    DEC $F3 = #$07
f3310   c98545506    i31392561    A:08 X:FF Y:08 S:DB P:nvUbdIzc  $06:811B: D0 AD    BNE $80CA
f3310   c98545510    i31392562    A:08 X:FF Y:08 S:DB P:nvUbdIzc  $06:80CA: AD 06 07 LDA $0706 = #$3C
f3310   c98545514    i31392563    A:3C X:FF Y:08 S:DB P:nvUbdIzc  $06:80CD: 4A       LSR
f3310   c98545516    i31392564    A:1E X:FF Y:08 S:DB P:nvUbdIzc  $06:80CE: 90 02    BCC $80D2
f3310   c98545519    i31392565    A:1E X:FF Y:08 S:DB P:nvUbdIzc  $06:80D2: 8D 06 07 STA $0706 = #$3C
f3310   c98545523    i31392566    A:1E X:FF Y:08 S:DB P:nvUbdIzc  $06:80D5: 90 35    BCC $810C
f3310   c98545527    i31392567    A:1E X:FF Y:08 S:DB P:nvUbdIzc  $06:810C: 18       CLC
f3310   c98545529    i31392568    A:1E X:FF Y:08 S:DB P:nvUbdIzc  $06:810D: A9 10    LDA #$10
f3310   c98545531    i31392569    A:10 X:FF Y:08 S:DB P:nvUbdIzc  $06:810F: 65 F0    ADC $F0 = #$47
f3310   c98545534    i31392570    A:57 X:FF Y:08 S:DB P:nvUbdIzc  $06:8111: 85 F0    STA $F0 = #$47
f3310   c98545537    i31392571    A:57 X:FF Y:08 S:DB P:nvUbdIzc  $06:8113: A9 04    LDA #$04
f3310   c98545539    i31392572    A:04 X:FF Y:08 S:DB P:nvUbdIzc  $06:8115: 65 F2    ADC $F2 = #$08
f3310   c98545542    i31392573    A:0C X:FF Y:08 S:DB P:nvUbdIzc  $06:8117: 85 F2    STA $F2 = #$08
f3310   c98545545    i31392574    A:0C X:FF Y:08 S:DB P:nvUbdIzc  $06:8119: C6 F3    DEC $F3 = #$06
f3310   c98545550    i31392575    A:0C X:FF Y:08 S:DB P:nvUbdIzc  $06:811B: D0 AD    BNE $80CA
f3310   c98545554    i31392576    A:0C X:FF Y:08 S:DB P:nvUbdIzc  $06:80CA: AD 06 07 LDA $0706 = #$1E
f3310   c98545558    i31392577    A:1E X:FF Y:08 S:DB P:nvUbdIzc  $06:80CD: 4A       LSR
f3310   c98545560    i31392578    A:0F X:FF Y:08 S:DB P:nvUbdIzc  $06:80CE: 90 02    BCC $80D2
f3310   c98545563    i31392579    A:0F X:FF Y:08 S:DB P:nvUbdIzc  $06:80D2: 8D 06 07 STA $0706 = #$1E
f3310   c98545567    i31392580    A:0F X:FF Y:08 S:DB P:nvUbdIzc  $06:80D5: 90 35    BCC $810C
f3310   c98545571    i31392581    A:0F X:FF Y:08 S:DB P:nvUbdIzc  $06:810C: 18       CLC
f3310   c98545573    i31392582    A:0F X:FF Y:08 S:DB P:nvUbdIzc  $06:810D: A9 10    LDA #$10
f3310   c98545575    i31392583    A:10 X:FF Y:08 S:DB P:nvUbdIzc  $06:810F: 65 F0    ADC $F0 = #$57
f3310   c98545578    i31392584    A:67 X:FF Y:08 S:DB P:nvUbdIzc  $06:8111: 85 F0    STA $F0 = #$57
f3310   c98545581    i31392585    A:67 X:FF Y:08 S:DB P:nvUbdIzc  $06:8113: A9 04    LDA #$04
f3310   c98545583    i31392586    A:04 X:FF Y:08 S:DB P:nvUbdIzc  $06:8115: 65 F2    ADC $F2 = #$0C
f3310   c98545586    i31392587    A:10 X:FF Y:08 S:DB P:nvUbdIzc  $06:8117: 85 F2    STA $F2 = #$0C
f3310   c98545589    i31392588    A:10 X:FF Y:08 S:DB P:nvUbdIzc  $06:8119: C6 F3    DEC $F3 = #$05
f3310   c98545594    i31392589    A:10 X:FF Y:08 S:DB P:nvUbdIzc  $06:811B: D0 AD    BNE $80CA
f3310   c98545598    i31392590    A:10 X:FF Y:08 S:DB P:nvUbdIzc  $06:80CA: AD 06 07 LDA $0706 = #$0F
f3310   c98545602    i31392591    A:0F X:FF Y:08 S:DB P:nvUbdIzc  $06:80CD: 4A       LSR
f3310   c98545604    i31392592    A:07 X:FF Y:08 S:DB P:nvUbdIzC  $06:80CE: 90 02    BCC $80D2
f3310   c98545606    i31392593    A:07 X:FF Y:08 S:DB P:nvUbdIzC  $06:80D0: 09 80    ORA #$80
f3310   c98545608    i31392594    A:87 X:FF Y:08 S:DB P:NvUbdIzC  $06:80D2: 8D 06 07 STA $0706 = #$0F
f3310   c98545612    i31392595    A:87 X:FF Y:08 S:DB P:NvUbdIzC  $06:80D5: 90 35    BCC $810C
f3310   c98545614    i31392596    A:87 X:FF Y:08 S:DB P:NvUbdIzC  $06:80D7: A6 F2    LDX $F2 = #$10
f3310   c98545617    i31392597    A:87 X:10 Y:08 S:DB P:nvUbdIzC  $06:80D9: DE 07 07 DEC $0707,X @ $0717 = #$05
f3310   c98545624    i31392598    A:87 X:10 Y:08 S:DB P:nvUbdIzC  $06:80DC: D0 03    BNE $80E1
f3310   c98545627    i31392599    A:87 X:10 Y:08 S:DB P:nvUbdIzC  $06:80E1: A6 F2    LDX $F2 = #$10
f3310   c98545630    i31392600    A:87 X:10 Y:08 S:DB P:nvUbdIzC  $06:80E3: DE 09 07 DEC $0709,X @ $0719 = #$01
f3310   c98545637    i31392601    A:87 X:10 Y:08 S:DB P:nvUbdIZC  $06:80E6: D0 21    BNE $8109
f3311   c98574410    i31401771    A:00 X:02 Y:07 S:DB P:nVUbdIzc  $01:A0ED: BD 15 40 LDA $4015,X @ $4017 = #$01
f3311   c98574414    i31401772    A:40 X:02 Y:07 S:DB P:nVUbdIzc  $01:A0F0: 4A       LSR
f3311   c98574416    i31401773    A:20 X:02 Y:07 S:DB P:nVUbdIzc  $01:A0F1: 26 3F    ROL $3F = #$00
f3311   c98574421    i31401774    A:20 X:02 Y:07 S:DB P:nVUbdIZc  $01:A0F3: 29 01    AND #$01
f3311   c98574423    i31401775    A:00 X:02 Y:07 S:DB P:nVUbdIZc  $01:A0F5: 05 3F    ORA $3F = #$00
f3311   c98574426    i31401776    A:00 X:02 Y:07 S:DB P:nVUbdIZc  $01:A0F7: 85 3F    STA $3F = #$00
f3311   c98574429    i31401777    A:00 X:02 Y:07 S:DB P:nVUbdIZc  $01:A0F9: 88       DEY
f3311   c98574431    i31401778    A:00 X:02 Y:06 S:DB P:nVUbdIzc  $01:A0FA: D0 F1    BNE $A0ED
f3311   c98574434    i31401779    A:00 X:02 Y:06 S:DB P:nVUbdIzc  $01:A0ED: BD 15 40 LDA $4015,X @ $4017 = #$01
f3311   c98574438    i31401780    A:40 X:02 Y:06 S:DB P:nVUbdIzc  $01:A0F0: 4A       LSR
f3311   c98574440    i31401781    A:20 X:02 Y:06 S:DB P:nVUbdIzc  $01:A0F1: 26 3F    ROL $3F = #$00
f3311   c98574445    i31401782    A:20 X:02 Y:06 S:DB P:nVUbdIZc  $01:A0F3: 29 01    AND #$01
f3311   c98574447    i31401783    A:00 X:02 Y:06 S:DB P:nVUbdIZc  $01:A0F5: 05 3F    ORA $3F = #$00
f3311   c98574450    i31401784    A:00 X:02 Y:06 S:DB P:nVUbdIZc  $01:A0F7: 85 3F    STA $3F = #$00
f3311   c98574453    i31401785    A:00 X:02 Y:06 S:DB P:nVUbdIZc  $01:A0F9: 88       DEY
f3311   c98574455    i31401786    A:00 X:02 Y:05 S:DB P:nVUbdIzc  $01:A0FA: D0 F1    BNE $A0ED
f3311   c98574458    i31401787    A:00 X:02 Y:05 S:DB P:nVUbdIzc  $01:A0ED: BD 15 40 LDA $4015,X @ $4017 = #$01
f3311   c98574462    i31401788    A:40 X:02 Y:05 S:DB P:nVUbdIzc  $01:A0F0: 4A       LSR
f3311   c98574464    i31401789    A:20 X:02 Y:05 S:DB P:nVUbdIzc  $01:A0F1: 26 3F    ROL $3F = #$00
f3311   c98574469    i31401790    A:20 X:02 Y:05 S:DB P:nVUbdIZc  $01:A0F3: 29 01    AND #$01
f3311   c98574471    i31401791    A:00 X:02 Y:05 S:DB P:nVUbdIZc  $01:A0F5: 05 3F    ORA $3F = #$00
f3311   c98574474    i31401792    A:00 X:02 Y:05 S:DB P:nVUbdIZc  $01:A0F7: 85 3F    STA $3F = #$00
f3311   c98574477    i31401793    A:00 X:02 Y:05 S:DB P:nVUbdIZc  $01:A0F9: 88       DEY
f3311   c98574479    i31401794    A:00 X:02 Y:04 S:DB P:nVUbdIzc  $01:A0FA: D0 F1    BNE $A0ED
f3311   c98574482    i31401795    A:00 X:02 Y:04 S:DB P:nVUbdIzc  $01:A0ED: BD 15 40 LDA $4015,X @ $4017 = #$01
f3311   c98574486    i31401796    A:40 X:02 Y:04 S:DB P:nVUbdIzc  $01:A0F0: 4A       LSR
f3311   c98574488    i31401797    A:20 X:02 Y:04 S:DB P:nVUbdIzc  $01:A0F1: 26 3F    ROL $3F = #$00
f3311   c98574493    i31401798    A:20 X:02 Y:04 S:DB P:nVUbdIZc  $01:A0F3: 29 01    AND #$01
f3311   c98574495    i31401799    A:00 X:02 Y:04 S:DB P:nVUbdIZc  $01:A0F5: 05 3F    ORA $3F = #$00
f3311   c98574498    i31401800    A:00 X:02 Y:04 S:DB P:nVUbdIZc  $01:A0F7: 85 3F    STA $3F = #$00
f3311   c98574501    i31401801    A:00 X:02 Y:04 S:DB P:nVUbdIZc  $01:A0F9: 88       DEY
f3311   c98574503    i31401802    A:00 X:02 Y:03 S:DB P:nVUbdIzc  $01:A0FA: D0 F1    BNE $A0ED
f3311   c98574506    i31401803    A:00 X:02 Y:03 S:DB P:nVUbdIzc  $01:A0ED: BD 15 40 LDA $4015,X @ $4017 = #$01
f3311   c98574510    i31401804    A:40 X:02 Y:03 S:DB P:nVUbdIzc  $01:A0F0: 4A       LSR
f3311   c98574512    i31401805    A:20 X:02 Y:03 S:DB P:nVUbdIzc  $01:A0F1: 26 3F    ROL $3F = #$00
f3311   c98574517    i31401806    A:20 X:02 Y:03 S:DB P:nVUbdIZc  $01:A0F3: 29 01    AND #$01
f3311   c98574519    i31401807    A:00 X:02 Y:03 S:DB P:nVUbdIZc  $01:A0F5: 05 3F    ORA $3F = #$00
f3311   c98574522    i31401808    A:00 X:02 Y:03 S:DB P:nVUbdIZc  $01:A0F7: 85 3F    STA $3F = #$00
f3311   c98574525    i31401809    A:00 X:02 Y:03 S:DB P:nVUbdIZc  $01:A0F9: 88       DEY
f3311   c98574527    i31401810    A:00 X:02 Y:02 S:DB P:nVUbdIzc  $01:A0FA: D0 F1    BNE $A0ED
f3311   c98574530    i31401811    A:00 X:02 Y:02 S:DB P:nVUbdIzc  $01:A0ED: BD 15 40 LDA $4015,X @ $4017 = #$01
f3311   c98574534    i31401812    A:40 X:02 Y:02 S:DB P:nVUbdIzc  $01:A0F0: 4A       LSR
f3312   c98603278    i31411150    A:40 X:19 Y:00 S:E0 P:nvUbdizC  $00:9F04: A5 1B    LDA $1B = #$40
f3312   c98603281    i31411151    A:40 X:19 Y:00 S:E0 P:nvUbdizC  $00:9F06: 10 FC    BPL $9F04
f3312   c98603284    i31411152    A:40 X:19 Y:00 S:E0 P:nvUbdizC  $00:9F04: A5 1B    LDA $1B = #$40
f3312   c98603287    i31411153    A:40 X:19 Y:00 S:E0 P:nvUbdizC  $00:9F06: 10 FC    BPL $9F04
f3312   c98603290    i31411154    A:40 X:19 Y:00 S:E0 P:nvUbdizC  $00:9F04: A5 1B    LDA $1B = #$40
f3312   c98603293    i31411155    A:40 X:19 Y:00 S:E0 P:nvUbdizC  $00:9F06: 10 FC    BPL $9F04
f3312   c98603296    i31411156    A:40 X:19 Y:00 S:E0 P:nvUbdizC  $00:9F04: A5 1B    LDA $1B = #$40
f3312   c98603299    i31411157    A:40 X:19 Y:00 S:E0 P:nvUbdizC  $00:9F06: 10 FC    BPL $9F04
f3312   c98603302    i31411158    A:40 X:19 Y:00 S:E0 P:nvUbdizC  $00:9F04: A5 1B    LDA $1B = #$40
f3312   c98603305    i31411159    A:40 X:19 Y:00 S:E0 P:nvUbdizC  $00:9F06: 10 FC    BPL $9F04
f3312   c98603308    i31411160    A:40 X:19 Y:00 S:E0 P:nvUbdizC  $00:9F04: A5 1B    LDA $1B = #$40
f3312   c98603311    i31411161    A:40 X:19 Y:00 S:E0 P:nvUbdizC  $00:9F06: 10 FC    BPL $9F04
f3312   c98603314    i31411162    A:40 X:19 Y:00 S:E0 P:nvUbdizC  $00:9F04: A5 1B    LDA $1B = #$40
f3312   c98603317    i31411163    A:40 X:19 Y:00 S:E0 P:nvUbdizC  $00:9F06: 10 FC    BPL $9F04
f3312   c98603320    i31411164    A:40 X:19 Y:00 S:E0 P:nvUbdizC  $00:9F04: A5 1B    LDA $1B = #$40
f3312   c98603323    i31411165    A:40 X:19 Y:00 S:E0 P:nvUbdizC  $00:9F06: 10 FC    BPL $9F04
f3312   c98603326    i31411166    A:40 X:19 Y:00 S:E0 P:nvUbdizC  $00:9F04: A5 1B    LDA $1B = #$40
f3312   c98603329    i31411167    A:40 X:19 Y:00 S:E0 P:nvUbdizC  $00:9F06: 10 FC    BPL $9F04
f3312   c98603332    i31411168    A:40 X:19 Y:00 S:E0 P:nvUbdizC  $00:9F04: A5 1B    LDA $1B = #$40
f3312   c98603335    i31411169    A:40 X:19 Y:00 S:E0 P:nvUbdizC  $00:9F06: 10 FC    BPL $9F04
f3312   c98603338    i31411170    A:40 X:19 Y:00 S:E0 P:nvUbdizC  $00:9F04: A5 1B    LDA $1B = #$40
f3312   c98603341    i31411171    A:40 X:19 Y:00 S:E0 P:nvUbdizC  $00:9F06: 10 FC    BPL $9F04
f3312   c98603344    i31411172    A:40 X:19 Y:00 S:E0 P:nvUbdizC  $00:9F04: A5 1B    LDA $1B = #$40
f3312   c98603347    i31411173    A:40 X:19 Y:00 S:E0 P:nvUbdizC  $00:9F06: 10 FC    BPL $9F04
f3312   c98603350    i31411174    A:40 X:19 Y:00 S:E0 P:nvUbdizC  $00:9F04: A5 1B    LDA $1B = #$40
f3312   c98603353    i31411175    A:40 X:19 Y:00 S:E0 P:nvUbdizC  $00:9F06: 10 FC    BPL $9F04
f3312   c98603363    i31411176    A:40 X:19 Y:00 S:DD P:nvUbdIzC  $0F:C500: 4C 6E C7 JMP $C76E
f3312   c98603366    i31411177    A:40 X:19 Y:00 S:DD P:nvUbdIzC  $0F:C76E: 24 1B    BIT $1B = #$40
f3312   c98603369    i31411178    A:40 X:19 Y:00 S:DD P:nVUbdIzC  $0F:C770: 50 03    BVC $C775
f3312   c98603371    i31411179    A:40 X:19 Y:00 S:DD P:nVUbdIzC  $0F:C772: 4C 21 C4 JMP $C421
f3312   c98603374    i31411180    A:40 X:19 Y:00 S:DD P:nVUbdIzC  $0F:C421: 24 3B    BIT $3B = #$55
f3312   c98603377    i31411181    A:40 X:19 Y:00 S:DD P:nVUbdIzC  $0F:C423: 30 4D    BMI $C472
f3312   c98603379    i31411182    A:40 X:19 Y:00 S:DD P:nVUbdIzC  $0F:C425: 38       SEC
f3312   c98603381    i31411183    A:40 X:19 Y:00 S:DD P:nVUbdIzC  $0F:C426: 66 3B    ROR $3B = #$55
f3312   c98603386    i31411184    A:40 X:19 Y:00 S:DD P:NVUbdIzC  $0F:C428: 85 3C    STA $3C = #$40
f3312   c98603389    i31411185    A:40 X:19 Y:00 S:DD P:NVUbdIzC  $0F:C42A: 86 3D    STX $3D = #$19
f3312   c98603392    i31411186    A:40 X:19 Y:00 S:DD P:NVUbdIzC  $0F:C42C: 84 3E    STY $3E = #$00
f3312   c98603395    i31411187    A:40 X:19 Y:00 S:DD P:NVUbdIzC  $0F:C42E: A5 22    LDA $22 = #$00
f3312   c98603398    i31411188    A:00 X:19 Y:00 S:DD P:nVUbdIZC  $0F:C430: 09 07    ORA #$07
f3312   c98603400    i31411189    A:07 X:19 Y:00 S:DD P:nVUbdIzC  $0F:C432: 8D 00 80 STA $8000 = #$A5
f3312   c98603404    i31411190    A:07 X:19 Y:00 S:DD P:nVUbdIzC  $0F:C435: A9 02    LDA #$02
f3312   c98603406    i31411191    A:02 X:19 Y:00 S:DD P:nVUbdIzC  $0F:C437: 8D 01 80 STA $8001 = #$27
f3313   c98634641    i31420999    A:0C X:00 Y:0F S:DB P:nvUbdIZc  $06:8002: BC 00 07 LDY $0700,X @ $0700 = #$00
f3313   c98634645    i31421000    A:0C X:00 Y:00 S:DB P:nvUbdIZc  $06:8005: C0 32    CPY #$32
f3313   c98634647    i31421001    A:0C X:00 Y:00 S:DB P:NvUbdIzc  $06:8007: B0 0E    BCS $8017
f3313   c98634649    i31421002    A:0C X:00 Y:00 S:DB P:NvUbdIzc  $06:8009: A0 07    LDY #$07
f3313   c98634651    i31421003    A:0C X:00 Y:07 S:DB P:nvUbdIzc  $06:800B: 8C 00 80 STY $8000 = #$A2
f3313   c98634655    i31421004    A:0C X:00 Y:07 S:DB P:nvUbdIzc  $06:800E: AC FC 07 LDY $07FC = #$0F
f3313   c98634659    i31421005    A:0C X:00 Y:0F S:DB P:nvUbdIzc  $06:8011: 8C 01 80 STY $8001 = #$05
f3313   c98634663    i31421006    A:0C X:00 Y:0F S:DB P:nvUbdIzc  $06:8014: 4C 5E 80 JMP $805E
f3313   c98634666    i31421007    A:0C X:00 Y:0F S:DB P:nvUbdIzc  $06:805E: CA       DEX
f3313   c98634668    i31421008    A:0C X:FF Y:0F S:DB P:NvUbdIzc  $06:805F: 10 A1    BPL $8002
f3313   c98634670    i31421009    A:0C X:FF Y:0F S:DB P:NvUbdIzc  $06:8061: A2 05    LDX #$05
f3313   c98634672    i31421010    A:0C X:05 Y:0F S:DB P:nvUbdIzc  $06:8063: BC 00 07 LDY $0700,X @ $0705 = #$00
f3313   c98634676    i31421011    A:0C X:05 Y:00 S:DB P:nvUbdIZc  $06:8066: F0 4F    BEQ $80B7
f3313   c98634679    i31421012    A:0C X:05 Y:00 S:DB P:nvUbdIZc  $06:80B7: CA       DEX
f3313   c98634681    i31421013    A:0C X:04 Y:00 S:DB P:nvUbdIzc  $06:80B8: 10 A9    BPL $8063
f3313   c98634684    i31421014    A:0C X:04 Y:00 S:DB P:nvUbdIzc  $06:8063: BC 00 07 LDY $0700,X @ $0704 = #$00
f3313   c98634688    i31421015    A:0C X:04 Y:00 S:DB P:nvUbdIZc  $06:8066: F0 4F    BEQ $80B7
f3313   c98634691    i31421016    A:0C X:04 Y:00 S:DB P:nvUbdIZc  $06:80B7: CA       DEX
f3313   c98634693    i31421017    A:0C X:03 Y:00 S:DB P:nvUbdIzc  $06:80B8: 10 A9    BPL $8063
f3313   c98634696    i31421018    A:0C X:03 Y:00 S:DB P:nvUbdIzc  $06:8063: BC 00 07 LDY $0700,X @ $0703 = #$00
f3313   c98634700    i31421019    A:0C X:03 Y:00 S:DB P:nvUbdIZc  $06:8066: F0 4F    BEQ $80B7
f3313   c98634703    i31421020    A:0C X:03 Y:00 S:DB P:nvUbdIZc  $06:80B7: CA       DEX
f3313   c98634705    i31421021    A:0C X:02 Y:00 S:DB P:nvUbdIzc  $06:80B8: 10 A9    BPL $8063
f3313   c98634708    i31421022    A:0C X:02 Y:00 S:DB P:nvUbdIzc  $06:8063: BC 00 07 LDY $0700,X @ $0702 = #$00
f3313   c98634712    i31421023    A:0C X:02 Y:00 S:DB P:nvUbdIZc  $06:8066: F0 4F    BEQ $80B7
f3313   c98634715    i31421024    A:0C X:02 Y:00 S:DB P:nvUbdIZc  $06:80B7: CA       DEX
f3313   c98634717    i31421025    A:0C X:01 Y:00 S:DB P:nvUbdIzc  $06:80B8: 10 A9    BPL $8063
f3313   c98634720    i31421026    A:0C X:01 Y:00 S:DB P:nvUbdIzc  $06:8063: BC 00 07 LDY $0700,X @ $0701 = #$00
f3313   c98634724    i31421027    A:0C X:01 Y:00 S:DB P:nvUbdIZc  $06:8066: F0 4F    BEQ $80B7
f3313   c98634727    i31421028    A:0C X:01 Y:00 S:DB P:nvUbdIZc  $06:80B7: CA       DEX
f3313   c98634729    i31421029    A:0C X:00 Y:00 S:DB P:nvUbdIZc  $06:80B8: 10 A9    BPL $8063
f3313   c98634732    i31421030    A:0C X:00 Y:00 S:DB P:nvUbdIZc  $06:8063: BC 00 07 LDY $0700,X @ $0700 = #$00
f3313   c98634736    i31421031    A:0C X:00 Y:00 S:DB P:nvUbdIZc  $06:8066: F0 4F    BEQ $80B7
f3313   c98634739    i31421032    A:0C X:00 Y:00 S:DB P:nvUbdIZc  $06:80B7: CA       DEX
f3313   c98634741    i31421033    A:0C X:FF Y:00 S:DB P:NvUbdIzc  $06:80B8: 10 A9    BPL $8063
f3313   c98634743    i31421034    A:0C X:FF Y:00 S:DB P:NvUbdIzc  $06:80BA: A9 27    LDA #$27
f3313   c98634745    i31421035    A:27 X:FF Y:00 S:DB P:nvUbdIzc  $06:80BC: 85 F0    STA $F0 = #$67
f3313   c98634748    i31421036    A:27 X:FF Y:00 S:DB P:nvUbdIzc  $06:80BE: A9 07    LDA #$07
f3313   c98634750    i31421037    A:07 X:FF Y:00 S:DB P:nvUbdIzc  $06:80C0: 85 F1    STA $F1 = #$07
f3313   c98634753    i31421038    A:07 X:FF Y:00 S:DB P:nvUbdIzc  $06:80C2: A9 00    LDA #$00
f3313   c98634755    i31421039    A:00 X:FF Y:00 S:DB P:nvUbdIZc  $06:80C4: 85 F2    STA $F2 = #$FF
f3313   c98634758    i31421040    A:00 X:FF Y:00 S:DB P:nvUbdIZc  $06:80C6: A0 08    LDY #$08
f3316   c98724184    i31449559    A:08 X:FF Y:08 S:DB P:nvUbdIzc  $06:8119: C6 F3    DEC $F3 = #$07
f3316   c98724189    i31449560    A:08 X:FF Y:08 S:DB P:nvUbdIzc  $06:811B: D0 AD    BNE $80CA
f3316   c98724193    i31449561    A:08 X:FF Y:08 S:DB P:nvUbdIzc  $06:80CA: AD 06 07 LDA $0706 = #$3C
f3316   c98724197    i31449562    A:3C X:FF Y:08 S:DB P:nvUbdIzc  $06:80CD: 4A       LSR
f3316   c98724199    i31449563    A:1E X:FF Y:08 S:DB P:nvUbdIzc  $06:80CE: 90 02    BCC $80D2
f3316   c98724202    i31449564    A:1E X:FF Y:08 S:DB P:nvUbdIzc  $06:80D2: 8D 06 07 STA $0706 = #$3C
f3316   c98724206    i31449565    A:1E X:FF Y:08 S:DB P:nvUbdIzc  $06:80D5: 90 35    BCC $810C
f3316   c98724210    i31449566    A:1E X:FF Y:08 S:DB P:nvUbdIzc  $06:810C: 18       CLC
f3316   c98724212    i31449567    A:1E X:FF Y:08 S:DB P:nvUbdIzc  $06:810D: A9 10    LDA #$10
f3316   c98724214    i31449568    A:10 X:FF Y:08 S:DB P:nvUbdIzc  $06:810F: 65 F0    ADC $F0 = #$47
f3316   c98724217    i31449569    A:57 X:FF Y:08 S:DB P:nvUbdIzc  $06:8111: 85 F0    STA $F0 = #$47
f3316   c98724220    i31449570    A:57 X:FF Y:08 S:DB P:nvUbdIzc  $06:8113: A9 04    LDA #$04
f3316   c98724222    i31449571    A:04 X:FF Y:08 S:DB P:nvUbdIzc  $06:8115: 65 F2    ADC $F2 = #$08
f3316   c98724225    i31449572    A:0C X:FF Y:08 S:DB P:nvUbdIzc  $06:8117: 85 F2    STA $F2 = #$08
f3316   c98724228    i31449573    A:0C X:FF Y:08 S:DB P:nvUbdIzc  $06:8119: C6 F3    DEC $F3 = #$06
f3316   c98724233    i31449574    A:0C X:FF Y:08 S:DB P:nvUbdIzc  $06:811B: D0 AD    BNE $80CA
f3316   c98724237    i31449575    A:0C X:FF Y:08 S:DB P:nvUbdIzc  $06:80CA: AD 06 07 LDA $0706 = #$1E
f3316   c98724241    i31449576    A:1E X:FF Y:08 S:DB P:nvUbdIzc  $06:80CD: 4A       LSR
f3316   c98724243    i31449577    A:0F X:FF Y:08 S:DB P:nvUbdIzc  $06:80CE: 90 02    BCC $80D2
f3316   c98724246    i31449578    A:0F X:FF Y:08 S:DB P:nvUbdIzc  $06:80D2: 8D 06 07 STA $0706 = #$1E
f3316   c98724250    i31449579    A:0F X:FF Y:08 S:DB P:nvUbdIzc  $06:80D5: 90 35    BCC $810C
f3316   c98724254    i31449580    A:0F X:FF Y:08 S:DB P:nvUbdIzc  $06:810C: 18       CLC
f3316   c98724256    i31449581    A:0F X:FF Y:08 S:DB P:nvUbdIzc  $06:810D: A9 10    LDA #$10
f3316   c98724258    i31449582    A:10 X:FF Y:08 S:DB P:nvUbdIzc  $06:810F: 65 F0    ADC $F0 = #$57
f3316   c98724261    i31449583    A:67 X:FF Y:08 S:DB P:nvUbdIzc  $06:8111: 85 F0    STA $F0 = #$57
f3316   c98724264    i31449584    A:67 X:FF Y:08 S:DB P:nvUbdIzc  $06:8113: A9 04    LDA #$04
f3316   c98724266    i31449585    A:04 X:FF Y:08 S:DB P:nvUbdIzc  $06:8115: 65 F2    ADC $F2 = #$0C
f3316   c98724269    i31449586    A:10 X:FF Y:08 S:DB P:nvUbdIzc  $06:8117: 85 F2    STA $F2 = #$0C
f3316   c98724272    i31449587    A:10 X:FF Y:08 S:DB P:nvUbdIzc  $06:8119: C6 F3    DEC $F3 = #$05
f3316   c98724277    i31449588    A:10 X:FF Y:08 S:DB P:nvUbdIzc  $06:811B: D0 AD    BNE $80CA
f3316   c98724281    i31449589    A:10 X:FF Y:08 S:DB P:nvUbdIzc  $06:80CA: AD 06 07 LDA $0706 = #$0F
f3316   c98724285    i31449590    A:0F X:FF Y:08 S:DB P:nvUbdIzc  $06:80CD: 4A       LSR
f3316   c98724287    i31449591    A:07 X:FF Y:08 S:DB P:nvUbdIzC  $06:80CE: 90 02    BCC $80D2
f3316   c98724289    i31449592    A:07 X:FF Y:08 S:DB P:nvUbdIzC  $06:80D0: 09 80    ORA #$80
f3316   c98724291    i31449593    A:87 X:FF Y:08 S:DB P:NvUbdIzC  $06:80D2: 8D 06 07 STA $0706 = #$0F
f3316   c98724295    i31449594    A:87 X:FF Y:08 S:DB P:NvUbdIzC  $06:80D5: 90 35    BCC $810C
f3316   c98724297    i31449595    A:87 X:FF Y:08 S:DB P:NvUbdIzC  $06:80D7: A6 F2    LDX $F2 = #$10
f3316   c98724300    i31449596    A:87 X:10 Y:08 S:DB P:nvUbdIzC  $06:80D9: DE 07 07 DEC $0707,X @ $0717 = #$0D
f3316   c98724307    i31449597    A:87 X:10 Y:08 S:DB P:nvUbdIzC  $06:80DC: D0 03    BNE $80E1
f3316   c98724310    i31449598    A:87 X:10 Y:08 S:DB P:nvUbdIzC  $06:80E1: A6 F2    LDX $F2 = #$10
f3316   c98724313    i31449599    A:87 X:10 Y:08 S:DB P:nvUbdIzC  $06:80E3: DE 09 07 DEC $0709,X @ $0719 = #$FF
f3316   c98724320    i31449600    A:87 X:10 Y:08 S:DB P:NvUbdIzC  $06:80E6: D0 21    BNE $8109
f3317   c98753963    i31459067    A:08 X:FF Y:08 S:DB P:nvUbdIzc  $06:8119: C6 F3    DEC $F3 = #$07
f3317   c98753968    i31459068    A:08 X:FF Y:08 S:DB P:nvUbdIzc  $06:811B: D0 AD    BNE $80CA
f3317   c98753972    i31459069    A:08 X:FF Y:08 S:DB P:nvUbdIzc  $06:80CA: AD 06 07 LDA $0706 = #$3C
f3317   c98753976    i31459070    A:3C X:FF Y:08 S:DB P:nvUbdIzc  $06:80CD: 4A       LSR
f3317   c98753978    i31459071    A:1E X:FF Y:08 S:DB P:nvUbdIzc  $06:80CE: 90 02    BCC $80D2
f3317   c98753981    i31459072    A:1E X:FF Y:08 S:DB P:nvUbdIzc  $06:80D2: 8D 06 07 STA $0706 = #$3C
f3317   c98753985    i31459073    A:1E X:FF Y:08 S:DB P:nvUbdIzc  $06:80D5: 90 35    BCC $810C
f3317   c98753989    i31459074    A:1E X:FF Y:08 S:DB P:nvUbdIzc  $06:810C: 18       CLC
f3317   c98753991    i31459075    A:1E X:FF Y:08 S:DB P:nvUbdIzc  $06:810D: A9 10    LDA #$10
f3317   c98753993    i31459076    A:10 X:FF Y:08 S:DB P:nvUbdIzc  $06:810F: 65 F0    ADC $F0 = #$47
f3317   c98753996    i31459077    A:57 X:FF Y:08 S:DB P:nvUbdIzc  $06:8111: 85 F0    STA $F0 = #$47
f3317   c98753999    i31459078    A:57 X:FF Y:08 S:DB P:nvUbdIzc  $06:8113: A9 04    LDA #$04
f3317   c98754001    i31459079    A:04 X:FF Y:08 S:DB P:nvUbdIzc  $06:8115: 65 F2    ADC $F2 = #$08
f3317   c98754004    i31459080    A:0C X:FF Y:08 S:DB P:nvUbdIzc  $06:8117: 85 F2    STA $F2 = #$08
f3317   c98754007    i31459081    A:0C X:FF Y:08 S:DB P:nvUbdIzc  $06:8119: C6 F3    DEC $F3 = #$06
f3317   c98754012    i31459082    A:0C X:FF Y:08 S:DB P:nvUbdIzc  $06:811B: D0 AD    BNE $80CA
f3317   c98754016    i31459083    A:0C X:FF Y:08 S:DB P:nvUbdIzc  $06:80CA: AD 06 07 LDA $0706 = #$1E
f3317   c98754020    i31459084    A:1E X:FF Y:08 S:DB P:nvUbdIzc  $06:80CD: 4A       LSR
f3317   c98754022    i31459085    A:0F X:FF Y:08 S:DB P:nvUbdIzc  $06:80CE: 90 02    BCC $80D2
f3317   c98754025    i31459086    A:0F X:FF Y:08 S:DB P:nvUbdIzc  $06:80D2: 8D 06 07 STA $0706 = #$1E
f3317   c98754029    i31459087    A:0F X:FF Y:08 S:DB P:nvUbdIzc  $06:80D5: 90 35    BCC $810C
f3317   c98754033    i31459088    A:0F X:FF Y:08 S:DB P:nvUbdIzc  $06:810C: 18       CLC
f3317   c98754035    i31459089    A:0F X:FF Y:08 S:DB P:nvUbdIzc  $06:810D: A9 10    LDA #$10
f3317   c98754037    i31459090    A:10 X:FF Y:08 S:DB P:nvUbdIzc  $06:810F: 65 F0    ADC $F0 = #$57
f3317   c98754040    i31459091    A:67 X:FF Y:08 S:DB P:nvUbdIzc  $06:8111: 85 F0    STA $F0 = #$57
f3317   c98754043    i31459092    A:67 X:FF Y:08 S:DB P:nvUbdIzc  $06:8113: A9 04    LDA #$04
f3317   c98754045    i31459093    A:04 X:FF Y:08 S:DB P:nvUbdIzc  $06:8115: 65 F2    ADC $F2 = #$0C
f3317   c98754048    i31459094    A:10 X:FF Y:08 S:DB P:nvUbdIzc  $06:8117: 85 F2    STA $F2 = #$0C
f3317   c98754051    i31459095    A:10 X:FF Y:08 S:DB P:nvUbdIzc  $06:8119: C6 F3    DEC $F3 = #$05
f3317   c98754056    i31459096    A:10 X:FF Y:08 S:DB P:nvUbdIzc  $06:811B: D0 AD    BNE $80CA
f3317   c98754060    i31459097    A:10 X:FF Y:08 S:DB P:nvUbdIzc  $06:80CA: AD 06 07 LDA $0706 = #$0F
f3317   c98754064    i31459098    A:0F X:FF Y:08 S:DB P:nvUbdIzc  $06:80CD: 4A       LSR
f3317   c98754066    i31459099    A:07 X:FF Y:08 S:DB P:nvUbdIzC  $06:80CE: 90 02    BCC $80D2
f3317   c98754068    i31459100    A:07 X:FF Y:08 S:DB P:nvUbdIzC  $06:80D0: 09 80    ORA #$80
f3317   c98754070    i31459101    A:87 X:FF Y:08 S:DB P:NvUbdIzC  $06:80D2: 8D 06 07 STA $0706 = #$0F
f3317   c98754074    i31459102    A:87 X:FF Y:08 S:DB P:NvUbdIzC  $06:80D5: 90 35    BCC $810C
f3317   c98754076    i31459103    A:87 X:FF Y:08 S:DB P:NvUbdIzC  $06:80D7: A6 F2    LDX $F2 = #$10
f3317   c98754079    i31459104    A:87 X:10 Y:08 S:DB P:nvUbdIzC  $06:80D9: DE 07 07 DEC $0707,X @ $0717 = #$0C
f3317   c98754086    i31459105    A:87 X:10 Y:08 S:DB P:nvUbdIzC  $06:80DC: D0 03    BNE $80E1
f3317   c98754089    i31459106    A:87 X:10 Y:08 S:DB P:nvUbdIzC  $06:80E1: A6 F2    LDX $F2 = #$10
f3317   c98754092    i31459107    A:87 X:10 Y:08 S:DB P:nvUbdIzC  $06:80E3: DE 09 07 DEC $0709,X @ $0719 = #$FE
f3317   c98754099    i31459108    A:87 X:10 Y:08 S:DB P:NvUbdIzC  $06:80E6: D0 21    BNE $8109
f3319   c98813524    i31478084    A:08 X:FF Y:08 S:DB P:nvUbdIzc  $06:8119: C6 F3    DEC $F3 = #$07
f3319   c98813529    i31478085    A:08 X:FF Y:08 S:DB P:nvUbdIzc  $06:811B: D0 AD    BNE $80CA
f3319   c98813533    i31478086    A:08 X:FF Y:08 S:DB P:nvUbdIzc  $06:80CA: AD 06 07 LDA $0706 = #$3C
f3319   c98813537    i31478087    A:3C X:FF Y:08 S:DB P:nvUbdIzc  $06:80CD: 4A       LSR
f3319   c98813539    i31478088    A:1E X:FF Y:08 S:DB P:nvUbdIzc  $06:80CE: 90 02    BCC $80D2
f3319   c98813542    i31478089    A:1E X:FF Y:08 S:DB P:nvUbdIzc  $06:80D2: 8D 06 07 STA $0706 = #$3C
f3319   c98813546    i31478090    A:1E X:FF Y:08 S:DB P:nvUbdIzc  $06:80D5: 90 35    BCC $810C
f3319   c98813550    i31478091    A:1E X:FF Y:08 S:DB P:nvUbdIzc  $06:810C: 18       CLC
f3319   c98813552    i31478092    A:1E X:FF Y:08 S:DB P:nvUbdIzc  $06:810D: A9 10    LDA #$10
f3319   c98813554    i31478093    A:10 X:FF Y:08 S:DB P:nvUbdIzc  $06:810F: 65 F0    ADC $F0 = #$47
f3319   c98813557    i31478094    A:57 X:FF Y:08 S:DB P:nvUbdIzc  $06:8111: 85 F0    STA $F0 = #$47
f3319   c98813560    i31478095    A:57 X:FF Y:08 S:DB P:nvUbdIzc  $06:8113: A9 04    LDA #$04
f3319   c98813562    i31478096    A:04 X:FF Y:08 S:DB P:nvUbdIzc  $06:8115: 65 F2    ADC $F2 = #$08
f3319   c98813565    i31478097    A:0C X:FF Y:08 S:DB P:nvUbdIzc  $06:8117: 85 F2    STA $F2 = #$08
f3319   c98813568    i31478098    A:0C X:FF Y:08 S:DB P:nvUbdIzc  $06:8119: C6 F3    DEC $F3 = #$06
f3319   c98813573    i31478099    A:0C X:FF Y:08 S:DB P:nvUbdIzc  $06:811B: D0 AD    BNE $80CA
f3319   c98813577    i31478100    A:0C X:FF Y:08 S:DB P:nvUbdIzc  $06:80CA: AD 06 07 LDA $0706 = #$1E
f3319   c98813581    i31478101    A:1E X:FF Y:08 S:DB P:nvUbdIzc  $06:80CD: 4A       LSR
f3319   c98813583    i31478102    A:0F X:FF Y:08 S:DB P:nvUbdIzc  $06:80CE: 90 02    BCC $80D2
f3319   c98813586    i31478103    A:0F X:FF Y:08 S:DB P:nvUbdIzc  $06:80D2: 8D 06 07 STA $0706 = #$1E
f3319   c98813590    i31478104    A:0F X:FF Y:08 S:DB P:nvUbdIzc  $06:80D5: 90 35    BCC $810C
f3319   c98813594    i31478105    A:0F X:FF Y:08 S:DB P:nvUbdIzc  $06:810C: 18       CLC
f3319   c98813596    i31478106    A:0F X:FF Y:08 S:DB P:nvUbdIzc  $06:810D: A9 10    LDA #$10
f3319   c98813598    i31478107    A:10 X:FF Y:08 S:DB P:nvUbdIzc  $06:810F: 65 F0    ADC $F0 = #$57
f3319   c98813601    i31478108    A:67 X:FF Y:08 S:DB P:nvUbdIzc  $06:8111: 85 F0    STA $F0 = #$57
f3319   c98813604    i31478109    A:67 X:FF Y:08 S:DB P:nvUbdIzc  $06:8113: A9 04    LDA #$04
f3319   c98813606    i31478110    A:04 X:FF Y:08 S:DB P:nvUbdIzc  $06:8115: 65 F2    ADC $F2 = #$0C
f3319   c98813609    i31478111    A:10 X:FF Y:08 S:DB P:nvUbdIzc  $06:8117: 85 F2    STA $F2 = #$0C
f3319   c98813612    i31478112    A:10 X:FF Y:08 S:DB P:nvUbdIzc  $06:8119: C6 F3    DEC $F3 = #$05
f3319   c98813617    i31478113    A:10 X:FF Y:08 S:DB P:nvUbdIzc  $06:811B: D0 AD    BNE $80CA
f3319   c98813621    i31478114    A:10 X:FF Y:08 S:DB P:nvUbdIzc  $06:80CA: AD 06 07 LDA $0706 = #$0F
f3319   c98813625    i31478115    A:0F X:FF Y:08 S:DB P:nvUbdIzc  $06:80CD: 4A       LSR
f3319   c98813627    i31478116    A:07 X:FF Y:08 S:DB P:nvUbdIzC  $06:80CE: 90 02    BCC $80D2
f3319   c98813629    i31478117    A:07 X:FF Y:08 S:DB P:nvUbdIzC  $06:80D0: 09 80    ORA #$80
f3319   c98813631    i31478118    A:87 X:FF Y:08 S:DB P:NvUbdIzC  $06:80D2: 8D 06 07 STA $0706 = #$0F
f3319   c98813635    i31478119    A:87 X:FF Y:08 S:DB P:NvUbdIzC  $06:80D5: 90 35    BCC $810C
f3319   c98813637    i31478120    A:87 X:FF Y:08 S:DB P:NvUbdIzC  $06:80D7: A6 F2    LDX $F2 = #$10
f3319   c98813640    i31478121    A:87 X:10 Y:08 S:DB P:nvUbdIzC  $06:80D9: DE 07 07 DEC $0707,X @ $0717 = #$0A
f3319   c98813647    i31478122    A:87 X:10 Y:08 S:DB P:nvUbdIzC  $06:80DC: D0 03    BNE $80E1
f3319   c98813650    i31478123    A:87 X:10 Y:08 S:DB P:nvUbdIzC  $06:80E1: A6 F2    LDX $F2 = #$10
f3319   c98813653    i31478124    A:87 X:10 Y:08 S:DB P:nvUbdIzC  $06:80E3: DE 09 07 DEC $0709,X @ $0719 = #$FC
f3319   c98813660    i31478125    A:87 X:10 Y:08 S:DB P:NvUbdIzC  $06:80E6: D0 21    BNE $8109
f3320   c98842434    i31487299    A:00 X:02 Y:07 S:DB P:nVUbdIzc  $01:A0ED: BD 15 40 LDA $4015,X @ $4017 = #$01
f3320   c98842438    i31487300    A:40 X:02 Y:07 S:DB P:nVUbdIzc  $01:A0F0: 4A       LSR
f3320   c98842440    i31487301    A:20 X:02 Y:07 S:DB P:nVUbdIzc  $01:A0F1: 26 3F    ROL $3F = #$00
f3320   c98842445    i31487302    A:20 X:02 Y:07 S:DB P:nVUbdIZc  $01:A0F3: 29 01    AND #$01
f3320   c98842447    i31487303    A:00 X:02 Y:07 S:DB P:nVUbdIZc  $01:A0F5: 05 3F    ORA $3F = #$00
f3320   c98842450    i31487304    A:00 X:02 Y:07 S:DB P:nVUbdIZc  $01:A0F7: 85 3F    STA $3F = #$00
f3320   c98842453    i31487305    A:00 X:02 Y:07 S:DB P:nVUbdIZc  $01:A0F9: 88       DEY
f3320   c98842455    i31487306    A:00 X:02 Y:06 S:DB P:nVUbdIzc  $01:A0FA: D0 F1    BNE $A0ED
f3320   c98842458    i31487307    A:00 X:02 Y:06 S:DB P:nVUbdIzc  $01:A0ED: BD 15 40 LDA $4015,X @ $4017 = #$01
f3320   c98842462    i31487308    A:40 X:02 Y:06 S:DB P:nVUbdIzc  $01:A0F0: 4A       LSR
f3320   c98842464    i31487309    A:20 X:02 Y:06 S:DB P:nVUbdIzc  $01:A0F1: 26 3F    ROL $3F = #$00
f3320   c98842469    i31487310    A:20 X:02 Y:06 S:DB P:nVUbdIZc  $01:A0F3: 29 01    AND #$01
f3320   c98842471    i31487311    A:00 X:02 Y:06 S:DB P:nVUbdIZc  $01:A0F5: 05 3F    ORA $3F = #$00
f3320   c98842474    i31487312    A:00 X:02 Y:06 S:DB P:nVUbdIZc  $01:A0F7: 85 3F    STA $3F = #$00
f3320   c98842477    i31487313    A:00 X:02 Y:06 S:DB P:nVUbdIZc  $01:A0F9: 88       DEY
f3320   c98842479    i31487314    A:00 X:02 Y:05 S:DB P:nVUbdIzc  $01:A0FA: D0 F1    BNE $A0ED
f3320   c98842482    i31487315    A:00 X:02 Y:05 S:DB P:nVUbdIzc  $01:A0ED: BD 15 40 LDA $4015,X @ $4017 = #$01
f3320   c98842486    i31487316    A:40 X:02 Y:05 S:DB P:nVUbdIzc  $01:A0F0: 4A       LSR
f3320   c98842488    i31487317    A:20 X:02 Y:05 S:DB P:nVUbdIzc  $01:A0F1: 26 3F    ROL $3F = #$00
f3320   c98842493    i31487318    A:20 X:02 Y:05 S:DB P:nVUbdIZc  $01:A0F3: 29 01    AND #$01
f3320   c98842495    i31487319    A:00 X:02 Y:05 S:DB P:nVUbdIZc  $01:A0F5: 05 3F    ORA $3F = #$00
f3320   c98842498    i31487320    A:00 X:02 Y:05 S:DB P:nVUbdIZc  $01:A0F7: 85 3F    STA $3F = #$00
f3320   c98842501    i31487321    A:00 X:02 Y:05 S:DB P:nVUbdIZc  $01:A0F9: 88       DEY
f3320   c98842503    i31487322    A:00 X:02 Y:04 S:DB P:nVUbdIzc  $01:A0FA: D0 F1    BNE $A0ED
f3320   c98842506    i31487323    A:00 X:02 Y:04 S:DB P:nVUbdIzc  $01:A0ED: BD 15 40 LDA $4015,X @ $4017 = #$01
f3320   c98842510    i31487324    A:40 X:02 Y:04 S:DB P:nVUbdIzc  $01:A0F0: 4A       LSR
f3320   c98842512    i31487325    A:20 X:02 Y:04 S:DB P:nVUbdIzc  $01:A0F1: 26 3F    ROL $3F = #$00
f3320   c98842517    i31487326    A:20 X:02 Y:04 S:DB P:nVUbdIZc  $01:A0F3: 29 01    AND #$01
f3320   c98842519    i31487327    A:00 X:02 Y:04 S:DB P:nVUbdIZc  $01:A0F5: 05 3F    ORA $3F = #$00
f3320   c98842522    i31487328    A:00 X:02 Y:04 S:DB P:nVUbdIZc  $01:A0F7: 85 3F    STA $3F = #$00
f3320   c98842525    i31487329    A:00 X:02 Y:04 S:DB P:nVUbdIZc  $01:A0F9: 88       DEY
f3320   c98842527    i31487330    A:00 X:02 Y:03 S:DB P:nVUbdIzc  $01:A0FA: D0 F1    BNE $A0ED
f3320   c98842530    i31487331    A:00 X:02 Y:03 S:DB P:nVUbdIzc  $01:A0ED: BD 15 40 LDA $4015,X @ $4017 = #$01
f3320   c98842534    i31487332    A:40 X:02 Y:03 S:DB P:nVUbdIzc  $01:A0F0: 4A       LSR
f3320   c98842536    i31487333    A:20 X:02 Y:03 S:DB P:nVUbdIzc  $01:A0F1: 26 3F    ROL $3F = #$00
f3320   c98842541    i31487334    A:20 X:02 Y:03 S:DB P:nVUbdIZc  $01:A0F3: 29 01    AND #$01
f3320   c98842543    i31487335    A:00 X:02 Y:03 S:DB P:nVUbdIZc  $01:A0F5: 05 3F    ORA $3F = #$00
f3320   c98842546    i31487336    A:00 X:02 Y:03 S:DB P:nVUbdIZc  $01:A0F7: 85 3F    STA $3F = #$00
f3320   c98842549    i31487337    A:00 X:02 Y:03 S:DB P:nVUbdIZc  $01:A0F9: 88       DEY
f3320   c98842551    i31487338    A:00 X:02 Y:02 S:DB P:nVUbdIzc  $01:A0FA: D0 F1    BNE $A0ED
f3320   c98842554    i31487339    A:00 X:02 Y:02 S:DB P:nVUbdIzc  $01:A0ED: BD 15 40 LDA $4015,X @ $4017 = #$01
f3320   c98842558    i31487340    A:40 X:02 Y:02 S:DB P:nVUbdIzc  $01:A0F0: 4A       LSR
f3327   c99050931    i31553312    A:00 X:02 Y:06 S:DB P:nVUbdIzc  $01:A0ED: BD 15 40 LDA $4015,X @ $4017 = #$01
f3327   c99050935    i31553313    A:40 X:02 Y:06 S:DB P:nVUbdIzc  $01:A0F0: 4A       LSR
f3327   c99050937    i31553314    A:20 X:02 Y:06 S:DB P:nVUbdIzc  $01:A0F1: 26 3F    ROL $3F = #$00
f3327   c99050942    i31553315    A:20 X:02 Y:06 S:DB P:nVUbdIZc  $01:A0F3: 29 01    AND #$01
f3327   c99050944    i31553316    A:00 X:02 Y:06 S:DB P:nVUbdIZc  $01:A0F5: 05 3F    ORA $3F = #$00
f3327   c99050947    i31553317    A:00 X:02 Y:06 S:DB P:nVUbdIZc  $01:A0F7: 85 3F    STA $3F = #$00
f3327   c99050950    i31553318    A:00 X:02 Y:06 S:DB P:nVUbdIZc  $01:A0F9: 88       DEY
f3327   c99050952    i31553319    A:00 X:02 Y:05 S:DB P:nVUbdIzc  $01:A0FA: D0 F1    BNE $A0ED
f3327   c99050955    i31553320    A:00 X:02 Y:05 S:DB P:nVUbdIzc  $01:A0ED: BD 15 40 LDA $4015,X @ $4017 = #$01
f3327   c99050959    i31553321    A:40 X:02 Y:05 S:DB P:nVUbdIzc  $01:A0F0: 4A       LSR
f3327   c99050961    i31553322    A:20 X:02 Y:05 S:DB P:nVUbdIzc  $01:A0F1: 26 3F    ROL $3F = #$00
f3327   c99050966    i31553323    A:20 X:02 Y:05 S:DB P:nVUbdIZc  $01:A0F3: 29 01    AND #$01
f3327   c99050968    i31553324    A:00 X:02 Y:05 S:DB P:nVUbdIZc  $01:A0F5: 05 3F    ORA $3F = #$00
f3327   c99050971    i31553325    A:00 X:02 Y:05 S:DB P:nVUbdIZc  $01:A0F7: 85 3F    STA $3F = #$00
f3327   c99050974    i31553326    A:00 X:02 Y:05 S:DB P:nVUbdIZc  $01:A0F9: 88       DEY
f3327   c99050976    i31553327    A:00 X:02 Y:04 S:DB P:nVUbdIzc  $01:A0FA: D0 F1    BNE $A0ED
f3327   c99050979    i31553328    A:00 X:02 Y:04 S:DB P:nVUbdIzc  $01:A0ED: BD 15 40 LDA $4015,X @ $4017 = #$01
f3327   c99050983    i31553329    A:40 X:02 Y:04 S:DB P:nVUbdIzc  $01:A0F0: 4A       LSR
f3327   c99050985    i31553330    A:20 X:02 Y:04 S:DB P:nVUbdIzc  $01:A0F1: 26 3F    ROL $3F = #$00
f3327   c99050990    i31553331    A:20 X:02 Y:04 S:DB P:nVUbdIZc  $01:A0F3: 29 01    AND #$01
f3327   c99050992    i31553332    A:00 X:02 Y:04 S:DB P:nVUbdIZc  $01:A0F5: 05 3F    ORA $3F = #$00
f3327   c99050995    i31553333    A:00 X:02 Y:04 S:DB P:nVUbdIZc  $01:A0F7: 85 3F    STA $3F = #$00
f3327   c99050998    i31553334    A:00 X:02 Y:04 S:DB P:nVUbdIZc  $01:A0F9: 88       DEY
f3327   c99051000    i31553335    A:00 X:02 Y:03 S:DB P:nVUbdIzc  $01:A0FA: D0 F1    BNE $A0ED
f3327   c99051003    i31553336    A:00 X:02 Y:03 S:DB P:nVUbdIzc  $01:A0ED: BD 15 40 LDA $4015,X @ $4017 = #$01
f3327   c99051007    i31553337    A:40 X:02 Y:03 S:DB P:nVUbdIzc  $01:A0F0: 4A       LSR
f3327   c99051009    i31553338    A:20 X:02 Y:03 S:DB P:nVUbdIzc  $01:A0F1: 26 3F    ROL $3F = #$00
f3327   c99051014    i31553339    A:20 X:02 Y:03 S:DB P:nVUbdIZc  $01:A0F3: 29 01    AND #$01
f3327   c99051016    i31553340    A:00 X:02 Y:03 S:DB P:nVUbdIZc  $01:A0F5: 05 3F    ORA $3F = #$00
f3327   c99051019    i31553341    A:00 X:02 Y:03 S:DB P:nVUbdIZc  $01:A0F7: 85 3F    STA $3F = #$00
f3327   c99051022    i31553342    A:00 X:02 Y:03 S:DB P:nVUbdIZc  $01:A0F9: 88       DEY
f3327   c99051024    i31553343    A:00 X:02 Y:02 S:DB P:nVUbdIzc  $01:A0FA: D0 F1    BNE $A0ED
f3327   c99051027    i31553344    A:00 X:02 Y:02 S:DB P:nVUbdIzc  $01:A0ED: BD 15 40 LDA $4015,X @ $4017 = #$01
f3327   c99051031    i31553345    A:40 X:02 Y:02 S:DB P:nVUbdIzc  $01:A0F0: 4A       LSR
f3327   c99051033    i31553346    A:20 X:02 Y:02 S:DB P:nVUbdIzc  $01:A0F1: 26 3F    ROL $3F = #$00
f3327   c99051038    i31553347    A:20 X:02 Y:02 S:DB P:nVUbdIZc  $01:A0F3: 29 01    AND #$01
f3327   c99051040    i31553348    A:00 X:02 Y:02 S:DB P:nVUbdIZc  $01:A0F5: 05 3F    ORA $3F = #$00
f3327   c99051043    i31553349    A:00 X:02 Y:02 S:DB P:nVUbdIZc  $01:A0F7: 85 3F    STA $3F = #$00
f3327   c99051046    i31553350    A:00 X:02 Y:02 S:DB P:nVUbdIZc  $01:A0F9: 88       DEY
f3327   c99051048    i31553351    A:00 X:02 Y:01 S:DB P:nVUbdIzc  $01:A0FA: D0 F1    BNE $A0ED
f3327   c99051051    i31553352    A:00 X:02 Y:01 S:DB P:nVUbdIzc  $01:A0ED: BD 15 40 LDA $4015,X @ $4017 = #$01
f3327   c99051055    i31553353    A:40 X:02 Y:01 S:DB P:nVUbdIzc  $01:A0F0: 4A       LSR
f3336   c99318923    i31638449    A:00 X:02 Y:07 S:DB P:nVUbdIzc  $01:A0ED: BD 15 40 LDA $4015,X @ $4017 = #$01
f3336   c99318927    i31638450    A:40 X:02 Y:07 S:DB P:nVUbdIzc  $01:A0F0: 4A       LSR
f3336   c99318929    i31638451    A:20 X:02 Y:07 S:DB P:nVUbdIzc  $01:A0F1: 26 3F    ROL $3F = #$00
f3336   c99318934    i31638452    A:20 X:02 Y:07 S:DB P:nVUbdIZc  $01:A0F3: 29 01    AND #$01
f3336   c99318936    i31638453    A:00 X:02 Y:07 S:DB P:nVUbdIZc  $01:A0F5: 05 3F    ORA $3F = #$00
f3336   c99318939    i31638454    A:00 X:02 Y:07 S:DB P:nVUbdIZc  $01:A0F7: 85 3F    STA $3F = #$00
f3336   c99318942    i31638455    A:00 X:02 Y:07 S:DB P:nVUbdIZc  $01:A0F9: 88       DEY
f3336   c99318944    i31638456    A:00 X:02 Y:06 S:DB P:nVUbdIzc  $01:A0FA: D0 F1    BNE $A0ED
f3336   c99318947    i31638457    A:00 X:02 Y:06 S:DB P:nVUbdIzc  $01:A0ED: BD 15 40 LDA $4015,X @ $4017 = #$01
f3336   c99318951    i31638458    A:40 X:02 Y:06 S:DB P:nVUbdIzc  $01:A0F0: 4A       LSR
f3336   c99318953    i31638459    A:20 X:02 Y:06 S:DB P:nVUbdIzc  $01:A0F1: 26 3F    ROL $3F = #$00
f3336   c99318958    i31638460    A:20 X:02 Y:06 S:DB P:nVUbdIZc  $01:A0F3: 29 01    AND #$01
f3336   c99318960    i31638461    A:00 X:02 Y:06 S:DB P:nVUbdIZc  $01:A0F5: 05 3F    ORA $3F = #$00
f3336   c99318963    i31638462    A:00 X:02 Y:06 S:DB P:nVUbdIZc  $01:A0F7: 85 3F    STA $3F = #$00
f3336   c99318966    i31638463    A:00 X:02 Y:06 S:DB P:nVUbdIZc  $01:A0F9: 88       DEY
f3336   c99318968    i31638464    A:00 X:02 Y:05 S:DB P:nVUbdIzc  $01:A0FA: D0 F1    BNE $A0ED
f3336   c99318971    i31638465    A:00 X:02 Y:05 S:DB P:nVUbdIzc  $01:A0ED: BD 15 40 LDA $4015,X @ $4017 = #$01
f3336   c99318975    i31638466    A:40 X:02 Y:05 S:DB P:nVUbdIzc  $01:A0F0: 4A       LSR
f3336   c99318977    i31638467    A:20 X:02 Y:05 S:DB P:nVUbdIzc  $01:A0F1: 26 3F    ROL $3F = #$00
f3336   c99318982    i31638468    A:20 X:02 Y:05 S:DB P:nVUbdIZc  $01:A0F3: 29 01    AND #$01
f3336   c99318984    i31638469    A:00 X:02 Y:05 S:DB P:nVUbdIZc  $01:A0F5: 05 3F    ORA $3F = #$00
f3336   c99318987    i31638470    A:00 X:02 Y:05 S:DB P:nVUbdIZc  $01:A0F7: 85 3F    STA $3F = #$00
f3336   c99318990    i31638471    A:00 X:02 Y:05 S:DB P:nVUbdIZc  $01:A0F9: 88       DEY
f3336   c99318992    i31638472    A:00 X:02 Y:04 S:DB P:nVUbdIzc  $01:A0FA: D0 F1    BNE $A0ED
f3336   c99318995    i31638473    A:00 X:02 Y:04 S:DB P:nVUbdIzc  $01:A0ED: BD 15 40 LDA $4015,X @ $4017 = #$01
f3336   c99318999    i31638474    A:40 X:02 Y:04 S:DB P:nVUbdIzc  $01:A0F0: 4A       LSR
f3336   c99319001    i31638475    A:20 X:02 Y:04 S:DB P:nVUbdIzc  $01:A0F1: 26 3F    ROL $3F = #$00
f3336   c99319006    i31638476    A:20 X:02 Y:04 S:DB P:nVUbdIZc  $01:A0F3: 29 01    AND #$01
f3336   c99319008    i31638477    A:00 X:02 Y:04 S:DB P:nVUbdIZc  $01:A0F5: 05 3F    ORA $3F = #$00
f3336   c99319011    i31638478    A:00 X:02 Y:04 S:DB P:nVUbdIZc  $01:A0F7: 85 3F    STA $3F = #$00
f3336   c99319014    i31638479    A:00 X:02 Y:04 S:DB P:nVUbdIZc  $01:A0F9: 88       DEY
f3336   c99319016    i31638480    A:00 X:02 Y:03 S:DB P:nVUbdIzc  $01:A0FA: D0 F1    BNE $A0ED
f3336   c99319019    i31638481    A:00 X:02 Y:03 S:DB P:nVUbdIzc  $01:A0ED: BD 15 40 LDA $4015,X @ $4017 = #$01
f3336   c99319023    i31638482    A:40 X:02 Y:03 S:DB P:nVUbdIzc  $01:A0F0: 4A       LSR
f3336   c99319025    i31638483    A:20 X:02 Y:03 S:DB P:nVUbdIzc  $01:A0F1: 26 3F    ROL $3F = #$00
f3336   c99319030    i31638484    A:20 X:02 Y:03 S:DB P:nVUbdIZc  $01:A0F3: 29 01    AND #$01
f3336   c99319032    i31638485    A:00 X:02 Y:03 S:DB P:nVUbdIZc  $01:A0F5: 05 3F    ORA $3F = #$00
f3336   c99319035    i31638486    A:00 X:02 Y:03 S:DB P:nVUbdIZc  $01:A0F7: 85 3F    STA $3F = #$00
f3336   c99319038    i31638487    A:00 X:02 Y:03 S:DB P:nVUbdIZc  $01:A0F9: 88       DEY
f3336   c99319040    i31638488    A:00 X:02 Y:02 S:DB P:nVUbdIzc  $01:A0FA: D0 F1    BNE $A0ED
f3336   c99319043    i31638489    A:00 X:02 Y:02 S:DB P:nVUbdIzc  $01:A0ED: BD 15 40 LDA $4015,X @ $4017 = #$01
f3336   c99319047    i31638490    A:40 X:02 Y:02 S:DB P:nVUbdIzc  $01:A0F0: 4A       LSR
f3337   c99347791    i31647828    A:40 X:19 Y:00 S:E0 P:nvUbdizC  $00:9F04: A5 1B    LDA $1B = #$40
f3337   c99347794    i31647829    A:40 X:19 Y:00 S:E0 P:nvUbdizC  $00:9F06: 10 FC    BPL $9F04
f3337   c99347797    i31647830    A:40 X:19 Y:00 S:E0 P:nvUbdizC  $00:9F04: A5 1B    LDA $1B = #$40
f3337   c99347800    i31647831    A:40 X:19 Y:00 S:E0 P:nvUbdizC  $00:9F06: 10 FC    BPL $9F04
f3337   c99347803    i31647832    A:40 X:19 Y:00 S:E0 P:nvUbdizC  $00:9F04: A5 1B    LDA $1B = #$40
f3337   c99347806    i31647833    A:40 X:19 Y:00 S:E0 P:nvUbdizC  $00:9F06: 10 FC    BPL $9F04
f3337   c99347809    i31647834    A:40 X:19 Y:00 S:E0 P:nvUbdizC  $00:9F04: A5 1B    LDA $1B = #$40
f3337   c99347812    i31647835    A:40 X:19 Y:00 S:E0 P:nvUbdizC  $00:9F06: 10 FC    BPL $9F04
f3337   c99347815    i31647836    A:40 X:19 Y:00 S:E0 P:nvUbdizC  $00:9F04: A5 1B    LDA $1B = #$40
f3337   c99347818    i31647837    A:40 X:19 Y:00 S:E0 P:nvUbdizC  $00:9F06: 10 FC    BPL $9F04
f3337   c99347821    i31647838    A:40 X:19 Y:00 S:E0 P:nvUbdizC  $00:9F04: A5 1B    LDA $1B = #$40
f3337   c99347824    i31647839    A:40 X:19 Y:00 S:E0 P:nvUbdizC  $00:9F06: 10 FC    BPL $9F04
f3337   c99347827    i31647840    A:40 X:19 Y:00 S:E0 P:nvUbdizC  $00:9F04: A5 1B    LDA $1B = #$40
f3337   c99347830    i31647841    A:40 X:19 Y:00 S:E0 P:nvUbdizC  $00:9F06: 10 FC    BPL $9F04
f3337   c99347833    i31647842    A:40 X:19 Y:00 S:E0 P:nvUbdizC  $00:9F04: A5 1B    LDA $1B = #$40
f3337   c99347836    i31647843    A:40 X:19 Y:00 S:E0 P:nvUbdizC  $00:9F06: 10 FC    BPL $9F04
f3337   c99347839    i31647844    A:40 X:19 Y:00 S:E0 P:nvUbdizC  $00:9F04: A5 1B    LDA $1B = #$40
f3337   c99347842    i31647845    A:40 X:19 Y:00 S:E0 P:nvUbdizC  $00:9F06: 10 FC    BPL $9F04
f3337   c99347845    i31647846    A:40 X:19 Y:00 S:E0 P:nvUbdizC  $00:9F04: A5 1B    LDA $1B = #$40
f3337   c99347848    i31647847    A:40 X:19 Y:00 S:E0 P:nvUbdizC  $00:9F06: 10 FC    BPL $9F04
f3337   c99347851    i31647848    A:40 X:19 Y:00 S:E0 P:nvUbdizC  $00:9F04: A5 1B    LDA $1B = #$40
f3337   c99347854    i31647849    A:40 X:19 Y:00 S:E0 P:nvUbdizC  $00:9F06: 10 FC    BPL $9F04
f3337   c99347857    i31647850    A:40 X:19 Y:00 S:E0 P:nvUbdizC  $00:9F04: A5 1B    LDA $1B = #$40
f3337   c99347860    i31647851    A:40 X:19 Y:00 S:E0 P:nvUbdizC  $00:9F06: 10 FC    BPL $9F04
f3337   c99347863    i31647852    A:40 X:19 Y:00 S:E0 P:nvUbdizC  $00:9F04: A5 1B    LDA $1B = #$40
f3337   c99347873    i31647853    A:40 X:19 Y:00 S:DD P:nvUbdIzC  $0F:C500: 4C 6E C7 JMP $C76E
f3337   c99347876    i31647854    A:40 X:19 Y:00 S:DD P:nvUbdIzC  $0F:C76E: 24 1B    BIT $1B = #$40
f3337   c99347879    i31647855    A:40 X:19 Y:00 S:DD P:nVUbdIzC  $0F:C770: 50 03    BVC $C775
f3337   c99347881    i31647856    A:40 X:19 Y:00 S:DD P:nVUbdIzC  $0F:C772: 4C 21 C4 JMP $C421
f3337   c99347884    i31647857    A:40 X:19 Y:00 S:DD P:nVUbdIzC  $0F:C421: 24 3B    BIT $3B = #$55
f3337   c99347887    i31647858    A:40 X:19 Y:00 S:DD P:nVUbdIzC  $0F:C423: 30 4D    BMI $C472
f3337   c99347889    i31647859    A:40 X:19 Y:00 S:DD P:nVUbdIzC  $0F:C425: 38       SEC
f3337   c99347891    i31647860    A:40 X:19 Y:00 S:DD P:nVUbdIzC  $0F:C426: 66 3B    ROR $3B = #$55
f3337   c99347896    i31647861    A:40 X:19 Y:00 S:DD P:NVUbdIzC  $0F:C428: 85 3C    STA $3C = #$40
f3337   c99347899    i31647862    A:40 X:19 Y:00 S:DD P:NVUbdIzC  $0F:C42A: 86 3D    STX $3D = #$19
f3337   c99347902    i31647863    A:40 X:19 Y:00 S:DD P:NVUbdIzC  $0F:C42C: 84 3E    STY $3E = #$00
f3337   c99347905    i31647864    A:40 X:19 Y:00 S:DD P:NVUbdIzC  $0F:C42E: A5 22    LDA $22 = #$00
f3337   c99347908    i31647865    A:00 X:19 Y:00 S:DD P:nVUbdIZC  $0F:C430: 09 07    ORA #$07
f3337   c99347910    i31647866    A:07 X:19 Y:00 S:DD P:nVUbdIzC  $0F:C432: 8D 00 80 STA $8000 = #$A5
f3337   c99347914    i31647867    A:07 X:19 Y:00 S:DD P:nVUbdIzC  $0F:C435: A9 02    LDA #$02
f3337   c99347916    i31647868    A:02 X:19 Y:00 S:DD P:nVUbdIzC  $0F:C437: 8D 01 80 STA $8001 = #$27
f3337   c99347920    i31647869    A:02 X:19 Y:00 S:DD P:nVUbdIzC  $0F:C43A: 20 00 A0 JSR $A000
f3341   c99468494    i31686199    A:0C X:00 Y:0F S:DB P:nvUbdIZc  $06:8002: BC 00 07 LDY $0700,X @ $0700 = #$00
f3341   c99468498    i31686200    A:0C X:00 Y:00 S:DB P:nvUbdIZc  $06:8005: C0 32    CPY #$32
f3341   c99468500    i31686201    A:0C X:00 Y:00 S:DB P:NvUbdIzc  $06:8007: B0 0E    BCS $8017
f3341   c99468502    i31686202    A:0C X:00 Y:00 S:DB P:NvUbdIzc  $06:8009: A0 07    LDY #$07
f3341   c99468504    i31686203    A:0C X:00 Y:07 S:DB P:nvUbdIzc  $06:800B: 8C 00 80 STY $8000 = #$A2
f3341   c99468508    i31686204    A:0C X:00 Y:07 S:DB P:nvUbdIzc  $06:800E: AC FC 07 LDY $07FC = #$0F
f3341   c99468512    i31686205    A:0C X:00 Y:0F S:DB P:nvUbdIzc  $06:8011: 8C 01 80 STY $8001 = #$05
f3341   c99468516    i31686206    A:0C X:00 Y:0F S:DB P:nvUbdIzc  $06:8014: 4C 5E 80 JMP $805E
f3341   c99468519    i31686207    A:0C X:00 Y:0F S:DB P:nvUbdIzc  $06:805E: CA       DEX
f3341   c99468521    i31686208    A:0C X:FF Y:0F S:DB P:NvUbdIzc  $06:805F: 10 A1    BPL $8002
f3341   c99468523    i31686209    A:0C X:FF Y:0F S:DB P:NvUbdIzc  $06:8061: A2 05    LDX #$05
f3341   c99468525    i31686210    A:0C X:05 Y:0F S:DB P:nvUbdIzc  $06:8063: BC 00 07 LDY $0700,X @ $0705 = #$00
f3341   c99468529    i31686211    A:0C X:05 Y:00 S:DB P:nvUbdIZc  $06:8066: F0 4F    BEQ $80B7
f3341   c99468532    i31686212    A:0C X:05 Y:00 S:DB P:nvUbdIZc  $06:80B7: CA       DEX
f3341   c99468534    i31686213    A:0C X:04 Y:00 S:DB P:nvUbdIzc  $06:80B8: 10 A9    BPL $8063
f3341   c99468537    i31686214    A:0C X:04 Y:00 S:DB P:nvUbdIzc  $06:8063: BC 00 07 LDY $0700,X @ $0704 = #$00
f3341   c99468541    i31686215    A:0C X:04 Y:00 S:DB P:nvUbdIZc  $06:8066: F0 4F    BEQ $80B7
f3341   c99468544    i31686216    A:0C X:04 Y:00 S:DB P:nvUbdIZc  $06:80B7: CA       DEX
f3341   c99468546    i31686217    A:0C X:03 Y:00 S:DB P:nvUbdIzc  $06:80B8: 10 A9    BPL $8063
f3341   c99468549    i31686218    A:0C X:03 Y:00 S:DB P:nvUbdIzc  $06:8063: BC 00 07 LDY $0700,X @ $0703 = #$00
f3341   c99468553    i31686219    A:0C X:03 Y:00 S:DB P:nvUbdIZc  $06:8066: F0 4F    BEQ $80B7
f3341   c99468556    i31686220    A:0C X:03 Y:00 S:DB P:nvUbdIZc  $06:80B7: CA       DEX
f3341   c99468558    i31686221    A:0C X:02 Y:00 S:DB P:nvUbdIzc  $06:80B8: 10 A9    BPL $8063
f3341   c99468561    i31686222    A:0C X:02 Y:00 S:DB P:nvUbdIzc  $06:8063: BC 00 07 LDY $0700,X @ $0702 = #$00
f3341   c99468565    i31686223    A:0C X:02 Y:00 S:DB P:nvUbdIZc  $06:8066: F0 4F    BEQ $80B7
f3341   c99468568    i31686224    A:0C X:02 Y:00 S:DB P:nvUbdIZc  $06:80B7: CA       DEX
f3341   c99468570    i31686225    A:0C X:01 Y:00 S:DB P:nvUbdIzc  $06:80B8: 10 A9    BPL $8063
f3341   c99468573    i31686226    A:0C X:01 Y:00 S:DB P:nvUbdIzc  $06:8063: BC 00 07 LDY $0700,X @ $0701 = #$00
f3341   c99468577    i31686227    A:0C X:01 Y:00 S:DB P:nvUbdIZc  $06:8066: F0 4F    BEQ $80B7
f3341   c99468580    i31686228    A:0C X:01 Y:00 S:DB P:nvUbdIZc  $06:80B7: CA       DEX
f3341   c99468582    i31686229    A:0C X:00 Y:00 S:DB P:nvUbdIZc  $06:80B8: 10 A9    BPL $8063
f3341   c99468585    i31686230    A:0C X:00 Y:00 S:DB P:nvUbdIZc  $06:8063: BC 00 07 LDY $0700,X @ $0700 = #$00
f3341   c99468589    i31686231    A:0C X:00 Y:00 S:DB P:nvUbdIZc  $06:8066: F0 4F    BEQ $80B7
f3341   c99468592    i31686232    A:0C X:00 Y:00 S:DB P:nvUbdIZc  $06:80B7: CA       DEX
f3341   c99468594    i31686233    A:0C X:FF Y:00 S:DB P:NvUbdIzc  $06:80B8: 10 A9    BPL $8063
f3341   c99468596    i31686234    A:0C X:FF Y:00 S:DB P:NvUbdIzc  $06:80BA: A9 27    LDA #$27
f3341   c99468598    i31686235    A:27 X:FF Y:00 S:DB P:nvUbdIzc  $06:80BC: 85 F0    STA $F0 = #$67
f3341   c99468601    i31686236    A:27 X:FF Y:00 S:DB P:nvUbdIzc  $06:80BE: A9 07    LDA #$07
f3341   c99468603    i31686237    A:07 X:FF Y:00 S:DB P:nvUbdIzc  $06:80C0: 85 F1    STA $F1 = #$07
f3341   c99468606    i31686238    A:07 X:FF Y:00 S:DB P:nvUbdIzc  $06:80C2: A9 00    LDA #$00
f3341   c99468608    i31686239    A:00 X:FF Y:00 S:DB P:nvUbdIZc  $06:80C4: 85 F2    STA $F2 = #$FF
f3341   c99468611    i31686240    A:00 X:FF Y:00 S:DB P:nvUbdIZc  $06:80C6: A0 08    LDY #$08
f3341   c99475129    i31688192    A:02 X:6C Y:F8 S:EC P:nvUbdizc  $01:A8EE: 99 02 02 STA $0202,Y @ $02FA = #$02
f3341   c99475134    i31688193    A:02 X:6C Y:F8 S:EC P:nvUbdizc  $01:A8F1: B9 6B 04 LDA $046B,Y @ $0563 = #$8C
f3341   c99475139    i31688194    A:8C X:6C Y:F8 S:EC P:NvUbdizc  $01:A8F4: 99 03 02 STA $0203,Y @ $02FB = #$8C
f3341   c99475144    i31688195    A:8C X:6C Y:F8 S:EC P:NvUbdizc  $01:A8F7: C8       INY
f3341   c99475146    i31688196    A:8C X:6C Y:F9 S:EC P:NvUbdizc  $01:A8F8: C8       INY
f3341   c99475148    i31688197    A:8C X:6C Y:FA S:EC P:NvUbdizc  $01:A8F9: C8       INY
f3341   c99475150    i31688198    A:8C X:6C Y:FB S:EC P:NvUbdizc  $01:A8FA: C8       INY
f3341   c99475152    i31688199    A:8C X:6C Y:FC S:EC P:NvUbdizc  $01:A8FB: D0 D8    BNE $A8D5
f3341   c99475155    i31688200    A:8C X:6C Y:FC S:EC P:NvUbdizc  $01:A8D5: BE 68 04 LDX $0468,Y @ $0564 = #$00
f3341   c99475160    i31688201    A:8C X:00 Y:FC S:EC P:nvUbdiZc  $01:A8D8: B9 6A 04 LDA $046A,Y @ $0566 = #$00
f3341   c99475165    i31688202    A:00 X:00 Y:FC S:EC P:nvUbdiZc  $01:A8DB: 29 0C    AND #$0C
f3341   c99475167    i31688203    A:00 X:00 Y:FC S:EC P:nvUbdiZc  $01:A8DD: F0 02    BEQ $A8E1
f3341   c99475170    i31688204    A:00 X:00 Y:FC S:EC P:nvUbdiZc  $01:A8E1: 8A       TXA
f3341   c99475172    i31688205    A:00 X:00 Y:FC S:EC P:nvUbdiZc  $01:A8E2: 99 00 02 STA $0200,Y @ $02FC = #$00
f3341   c99475177    i31688206    A:00 X:00 Y:FC S:EC P:nvUbdiZc  $01:A8E5: B9 69 04 LDA $0469,Y @ $0565 = #$00
f3341   c99475182    i31688207    A:00 X:00 Y:FC S:EC P:nvUbdiZc  $01:A8E8: 99 01 02 STA $0201,Y @ $02FD = #$00
f3341   c99475187    i31688208    A:00 X:00 Y:FC S:EC P:nvUbdiZc  $01:A8EB: B9 6A 04 LDA $046A,Y @ $0566 = #$00
f3341   c99475192    i31688209    A:00 X:00 Y:FC S:EC P:nvUbdiZc  $01:A8EE: 99 02 02 STA $0202,Y @ $02FE = #$00
f3341   c99475197    i31688210    A:00 X:00 Y:FC S:EC P:nvUbdiZc  $01:A8F1: B9 6B 04 LDA $046B,Y @ $0567 = #$F8
f3341   c99475202    i31688211    A:F8 X:00 Y:FC S:EC P:NvUbdizc  $01:A8F4: 99 03 02 STA $0203,Y @ $02FF = #$F8
f3341   c99475207    i31688212    A:F8 X:00 Y:FC S:EC P:NvUbdizc  $01:A8F7: C8       INY
f3341   c99475209    i31688213    A:F8 X:00 Y:FD S:EC P:NvUbdizc  $01:A8F8: C8       INY
f3341   c99475211    i31688214    A:F8 X:00 Y:FE S:EC P:NvUbdizc  $01:A8F9: C8       INY
f3341   c99475213    i31688215    A:F8 X:00 Y:FF S:EC P:NvUbdizc  $01:A8FA: C8       INY
f3341   c99475215    i31688216    A:F8 X:00 Y:00 S:EC P:nvUbdiZc  $01:A8FB: D0 D8    BNE $A8D5
f3341   c99475217    i31688217    A:F8 X:00 Y:00 S:EC P:nvUbdiZc  $01:A8FD: 60       RTS (from $A215)
f3341   c99475223    i31688218    A:F8 X:00 Y:00 S:EE P:nvUbdiZc  $00:8392: A2 06    LDX #$06
f3341   c99475225    i31688219    A:F8 X:06 Y:00 S:EE P:nvUbdizc  $00:8394: 20 B9 C4 JSR $C4B9
f3341   c99475231    i31688220    A:F8 X:06 Y:00 S:EC P:nvUbdizc  $0F:C4B9: 86 25    STX $25 = #$02
f3341   c99475234    i31688221    A:F8 X:06 Y:00 S:EC P:nvUbdizc  $0F:C4BB: A9 07    LDA #$07
f3341   c99475236    i31688222    A:07 X:06 Y:00 S:EC P:nvUbdizc  $0F:C4BD: 05 22    ORA $22 = #$00
f3341   c99475239    i31688223    A:07 X:06 Y:00 S:EC P:nvUbdizc  $0F:C4BF: 85 23    STA $23 = #$06
f3341   c99475242    i31688224    A:07 X:06 Y:00 S:EC P:nvUbdizc  $0F:C4C1: 8D 00 80 STA $8000 = #$A5
f3341   c99475246    i31688225    A:07 X:06 Y:00 S:EC P:nvUbdizc  $0F:C4C4: 8E 01 80 STX $8001 = #$27
f3341   c99475250    i31688226    A:07 X:06 Y:00 S:EC P:nvUbdizc  $0F:C4C7: 60       RTS (from $C4B9)
f3341   c99475256    i31688227    A:07 X:06 Y:00 S:EE P:nvUbdizc  $00:8397: 60       RTS (from $838A)
f3341   c99475262    i31688228    A:07 X:06 Y:00 S:F0 P:nvUbdizc  $00:82F0: A5 4C    LDA $4C = #$00
f3341   c99475265    i31688229    A:00 X:06 Y:00 S:F0 P:nvUbdiZc  $00:82F2: 10 F9    BPL $82ED
f3341   c99475268    i31688230    A:00 X:06 Y:00 S:F0 P:nvUbdiZc  $00:82ED: 20 8A 83 JSR $838A
f3341   c99475274    i31688231    A:00 X:06 Y:00 S:EE P:nvUbdiZc  $00:838A: A2 02    LDX #$02
f3341   c99475276    i31688232    A:00 X:02 Y:00 S:EE P:nvUbdizc  $00:838C: 20 B9 C4 JSR $C4B9
f3342   c99499334    i31696046    A:01 X:18 Y:08 S:D9 P:nvUbdIzc  $06:84BA: A9 00    LDA #$00
f3342   c99499336    i31696047    A:00 X:18 Y:08 S:D9 P:nvUbdIZc  $06:84BC: A0 04    LDY #$04
f3342   c99499338    i31696048    A:00 X:18 Y:04 S:D9 P:nvUbdIzc  $06:84BE: 91 F0    STA ($F0),Y @ $078B = #$04
f3342   c99499344    i31696049    A:00 X:18 Y:04 S:D9 P:nvUbdIzc  $06:84C0: A6 F2    LDX $F2 = #$18
f3342   c99499347    i31696050    A:00 X:18 Y:04 S:D9 P:nvUbdIzc  $06:84C2: BD 08 07 LDA $0708,X @ $0720 = #$07
f3342   c99499351    i31696051    A:07 X:18 Y:04 S:D9 P:nvUbdIzc  $06:84C5: 9D 07 07 STA $0707,X @ $071F = #$07
f3342   c99499356    i31696052    A:07 X:18 Y:04 S:D9 P:nvUbdIzc  $06:84C8: 60       RTS (from $83CB)
f3342   c99499362    i31696053    A:07 X:18 Y:04 S:DB P:nvUbdIzc  $06:80E1: A6 F2    LDX $F2 = #$18
f3342   c99499365    i31696054    A:07 X:18 Y:04 S:DB P:nvUbdIzc  $06:80E3: DE 09 07 DEC $0709,X @ $0721 = #$01
f3342   c99499372    i31696055    A:07 X:18 Y:04 S:DB P:nvUbdIZc  $06:80E6: D0 21    BNE $8109
f3342   c99499374    i31696056    A:07 X:18 Y:04 S:DB P:nvUbdIZc  $06:80E8: A0 02    LDY #$02
f3342   c99499376    i31696057    A:07 X:18 Y:02 S:DB P:nvUbdIzc  $06:80EA: B1 F0    LDA ($F0),Y @ $0789 = #$BE
f3342   c99499381    i31696058    A:BE X:18 Y:02 S:DB P:NvUbdIzc  $06:80EC: 85 F6    STA $F6 = #$02
f3342   c99499384    i31696059    A:BE X:18 Y:02 S:DB P:NvUbdIzc  $06:80EE: C8       INY
f3342   c99499386    i31696060    A:BE X:18 Y:03 S:DB P:nvUbdIzc  $06:80EF: B1 F0    LDA ($F0),Y @ $078A = #$8B
f3342   c99499391    i31696061    A:8B X:18 Y:03 S:DB P:NvUbdIzc  $06:80F1: 85 F7    STA $F7 = #$85
f3342   c99499394    i31696062    A:8B X:18 Y:03 S:DB P:NvUbdIzc  $06:80F3: C8       INY
f3342   c99499396    i31696063    A:8B X:18 Y:04 S:DB P:nvUbdIzc  $06:80F4: B1 F0    LDA ($F0),Y @ $078B = #$00
f3342   c99499401    i31696064    A:00 X:18 Y:04 S:DB P:nvUbdIZc  $06:80F6: 48       PHA
f3342   c99499404    i31696065    A:00 X:18 Y:04 S:DA P:nvUbdIZc  $06:80F7: 18       CLC
f3342   c99499406    i31696066    A:00 X:18 Y:04 S:DA P:nvUbdIZc  $06:80F8: 69 02    ADC #$02
f3342   c99499408    i31696067    A:02 X:18 Y:04 S:DA P:nvUbdIzc  $06:80FA: 91 F0    STA ($F0),Y @ $078B = #$00
f3342   c99499414    i31696068    A:02 X:18 Y:04 S:DA P:nvUbdIzc  $06:80FC: 68       PLA
f3342   c99499418    i31696069    A:00 X:18 Y:04 S:DB P:nvUbdIZc  $06:80FD: A8       TAY
f3342   c99499420    i31696070    A:00 X:18 Y:00 S:DB P:nvUbdIZc  $06:80FE: B1 F6    LDA ($F6),Y @ $8BBE = #$05
f3342   c99499425    i31696071    A:05 X:18 Y:00 S:DB P:nvUbdIzc  $06:8100: 9D 09 07 STA $0709,X @ $0721 = #$00
f3342   c99499430    i31696072    A:05 X:18 Y:00 S:DB P:nvUbdIzc  $06:8103: C8       INY
f3342   c99499432    i31696073    A:05 X:18 Y:01 S:DB P:nvUbdIzc  $06:8104: B1 F6    LDA ($F6),Y @ $8BBF = #$0F
f3342   c99499437    i31696074    A:0F X:18 Y:01 S:DB P:nvUbdIzc  $06:8106: 9D 0A 07 STA $070A,X @ $0722 = #$00
f3342   c99499442    i31696075    A:0F X:18 Y:01 S:DB P:nvUbdIzc  $06:8109: 20 DB 81 JSR $81DB
f3342   c99499448    i31696076    A:0F X:18 Y:01 S:D9 P:nvUbdIzc  $06:81DB: A0 05    LDY #$05
f3342   c99499450    i31696077    A:0F X:18 Y:05 S:D9 P:nvUbdIzc  $06:81DD: B1 F0    LDA ($F0),Y @ $078C = #$00
f3342   c99499455    i31696078    A:00 X:18 Y:05 S:D9 P:nvUbdIZc  $06:81DF: AA       TAX
f3342   c99499457    i31696079    A:00 X:00 Y:05 S:D9 P:nvUbdIZc  $06:81E0: 29 F0    AND #$F0
f3342   c99499459    i31696080    A:00 X:00 Y:05 S:D9 P:nvUbdIZc  $06:81E2: 85 F6    STA $F6 = #$BE
f3342   c99499462    i31696081    A:00 X:00 Y:05 S:D9 P:nvUbdIZc  $06:81E4: 29 20    AND #$20
f3342   c99499464    i31696082    A:00 X:00 Y:05 S:D9 P:nvUbdIZc  $06:81E6: F0 06    BEQ $81EE
f3342   c99499467    i31696083    A:00 X:00 Y:05 S:D9 P:nvUbdIZc  $06:81EE: 8A       TXA
f3342   c99499469    i31696084    A:00 X:00 Y:05 S:D9 P:nvUbdIZc  $06:81EF: 29 0F    AND #$0F
f3342   c99499471    i31696085    A:00 X:00 Y:05 S:D9 P:nvUbdIZc  $06:81F1: 85 F7    STA $F7 = #$8B
f3342   c99499474    i31696086    A:00 X:00 Y:05 S:D9 P:nvUbdIZc  $06:81F3: A4 F3    LDY $F3 = #$02
f3349   c99706398    i31761524    A:D2 X:23 Y:01 S:DB P:nvUbdIzC  $01:A036: BD EB 05 LDA $05EB,X @ $060E = #$D3
f3349   c99706403    i31761525    A:D3 X:23 Y:01 S:DB P:NvUbdIzC  $01:A039: 8D 07 20 STA $2007 = #$00
f3349   c99706407    i31761526    A:D3 X:23 Y:01 S:DB P:NvUbdIzC  $01:A03C: E8       INX
f3349   c99706409    i31761527    A:D3 X:24 Y:01 S:DB P:nvUbdIzC  $01:A03D: 88       DEY
f3349   c99706411    i31761528    A:D3 X:24 Y:00 S:DB P:nvUbdIZC  $01:A03E: D0 F6    BNE $A036
f3349   c99706413    i31761529    A:D3 X:24 Y:00 S:DB P:nvUbdIZC  $01:A040: E8       INX
f3349   c99706415    i31761530    A:D3 X:25 Y:00 S:DB P:nvUbdIzC  $01:A041: E8       INX
f3349   c99706417    i31761531    A:D3 X:26 Y:00 S:DB P:nvUbdIzC  $01:A042: E8       INX
f3349   c99706419    i31761532    A:D3 X:27 Y:00 S:DB P:nvUbdIzC  $01:A043: BD E8 05 LDA $05E8,X @ $060F = #$04
f3349   c99706424    i31761533    A:04 X:27 Y:00 S:DB P:nvUbdIzC  $01:A046: D0 D3    BNE $A01B
f3349   c99706427    i31761534    A:04 X:27 Y:00 S:DB P:nvUbdIzC  $01:A01B: A0 80    LDY #$80
f3349   c99706429    i31761535    A:04 X:27 Y:80 S:DB P:NvUbdIzC  $01:A01D: BD E8 05 LDA $05E8,X @ $060F = #$04
f3349   c99706434    i31761536    A:04 X:27 Y:80 S:DB P:nvUbdIzC  $01:A020: 10 04    BPL $A026
f3349   c99706437    i31761537    A:04 X:27 Y:80 S:DB P:nvUbdIzC  $01:A026: 8C 00 20 STY $2000 = #$80
f3349   c99706441    i31761538    A:04 X:27 Y:80 S:DB P:nvUbdIzC  $01:A029: A8       TAY
f3349   c99706443    i31761539    A:04 X:27 Y:04 S:DB P:nvUbdIzC  $01:A02A: BD EA 05 LDA $05EA,X @ $0611 = #$20
f3349   c99706448    i31761540    A:20 X:27 Y:04 S:DB P:nvUbdIzC  $01:A02D: 8D 06 20 STA $2006 = #$D4
f3349   c99706452    i31761541    A:20 X:27 Y:04 S:DB P:nvUbdIzC  $01:A030: BD E9 05 LDA $05E9,X @ $0610 = #$F0
f3349   c99706457    i31761542    A:F0 X:27 Y:04 S:DB P:NvUbdIzC  $01:A033: 8D 06 20 STA $2006 = #$D4
f3349   c99706461    i31761543    A:F0 X:27 Y:04 S:DB P:NvUbdIzC  $01:A036: BD EB 05 LDA $05EB,X @ $0612 = #$83
f3349   c99706466    i31761544    A:83 X:27 Y:04 S:DB P:NvUbdIzC  $01:A039: 8D 07 20 STA $2007 = #$00
f3349   c99706470    i31761545    A:83 X:27 Y:04 S:DB P:NvUbdIzC  $01:A03C: E8       INX
f3349   c99706472    i31761546    A:83 X:28 Y:04 S:DB P:nvUbdIzC  $01:A03D: 88       DEY
f3349   c99706474    i31761547    A:83 X:28 Y:03 S:DB P:nvUbdIzC  $01:A03E: D0 F6    BNE $A036
f3349   c99706477    i31761548    A:83 X:28 Y:03 S:DB P:nvUbdIzC  $01:A036: BD EB 05 LDA $05EB,X @ $0613 = #$83
f3349   c99706482    i31761549    A:83 X:28 Y:03 S:DB P:NvUbdIzC  $01:A039: 8D 07 20 STA $2007 = #$00
f3349   c99706486    i31761550    A:83 X:28 Y:03 S:DB P:NvUbdIzC  $01:A03C: E8       INX
f3349   c99706488    i31761551    A:83 X:29 Y:03 S:DB P:nvUbdIzC  $01:A03D: 88       DEY
f3349   c99706490    i31761552    A:83 X:29 Y:02 S:DB P:nvUbdIzC  $01:A03E: D0 F6    BNE $A036
f3349   c99706493    i31761553    A:83 X:29 Y:02 S:DB P:nvUbdIzC  $01:A036: BD EB 05 LDA $05EB,X @ $0614 = #$D8
f3349   c99706498    i31761554    A:D8 X:29 Y:02 S:DB P:NvUbdIzC  $01:A039: 8D 07 20 STA $2007 = #$00
f3349   c99706502    i31761555    A:D8 X:29 Y:02 S:DB P:NvUbdIzC  $01:A03C: E8       INX
f3349   c99706504    i31761556    A:D8 X:2A Y:02 S:DB P:nvUbdIzC  $01:A03D: 88       DEY
f3349   c99706506    i31761557    A:D8 X:2A Y:01 S:DB P:nvUbdIzC  $01:A03E: D0 F6    BNE $A036
f3349   c99706509    i31761558    A:D8 X:2A Y:01 S:DB P:nvUbdIzC  $01:A036: BD EB 05 LDA $05EB,X @ $0615 = #$D9
f3349   c99706514    i31761559    A:D9 X:2A Y:01 S:DB P:NvUbdIzC  $01:A039: 8D 07 20 STA $2007 = #$00
f3349   c99706518    i31761560    A:D9 X:2A Y:01 S:DB P:NvUbdIzC  $01:A03C: E8       INX
f3349   c99706520    i31761561    A:D9 X:2B Y:01 S:DB P:nvUbdIzC  $01:A03D: 88       DEY
f3349   c99706522    i31761562    A:D9 X:2B Y:00 S:DB P:nvUbdIZC  $01:A03E: D0 F6    BNE $A036
f3349   c99706524    i31761563    A:D9 X:2B Y:00 S:DB P:nvUbdIZC  $01:A040: E8       INX
f3349   c99706526    i31761564    A:D9 X:2C Y:00 S:DB P:nvUbdIzC  $01:A041: E8       INX
f3349   c99706528    i31761565    A:D9 X:2D Y:00 S:DB P:nvUbdIzC  $01:A042: E8       INX
f3351   c99766186    i31780529    A:00 X:31 Y:01 S:DB P:nvUbdIZC  $01:A039: 8D 07 20 STA $2007 = #$00
f3351   c99766190    i31780530    A:00 X:31 Y:01 S:DB P:nvUbdIZC  $01:A03C: E8       INX
f3351   c99766192    i31780531    A:00 X:32 Y:01 S:DB P:nvUbdIzC  $01:A03D: 88       DEY
f3351   c99766194    i31780532    A:00 X:32 Y:00 S:DB P:nvUbdIZC  $01:A03E: D0 F6    BNE $A036
f3351   c99766196    i31780533    A:00 X:32 Y:00 S:DB P:nvUbdIZC  $01:A040: E8       INX
f3351   c99766198    i31780534    A:00 X:33 Y:00 S:DB P:nvUbdIzC  $01:A041: E8       INX
f3351   c99766200    i31780535    A:00 X:34 Y:00 S:DB P:nvUbdIzC  $01:A042: E8       INX
f3351   c99766202    i31780536    A:00 X:35 Y:00 S:DB P:nvUbdIzC  $01:A043: BD E8 05 LDA $05E8,X @ $061D = #$04
f3351   c99766207    i31780537    A:04 X:35 Y:00 S:DB P:nvUbdIzC  $01:A046: D0 D3    BNE $A01B
f3351   c99766210    i31780538    A:04 X:35 Y:00 S:DB P:nvUbdIzC  $01:A01B: A0 80    LDY #$80
f3351   c99766212    i31780539    A:04 X:35 Y:80 S:DB P:NvUbdIzC  $01:A01D: BD E8 05 LDA $05E8,X @ $061D = #$04
f3351   c99766217    i31780540    A:04 X:35 Y:80 S:DB P:nvUbdIzC  $01:A020: 10 04    BPL $A026
f3351   c99766220    i31780541    A:04 X:35 Y:80 S:DB P:nvUbdIzC  $01:A026: 8C 00 20 STY $2000 = #$80
f3351   c99766224    i31780542    A:04 X:35 Y:80 S:DB P:nvUbdIzC  $01:A029: A8       TAY
f3351   c99766226    i31780543    A:04 X:35 Y:04 S:DB P:nvUbdIzC  $01:A02A: BD EA 05 LDA $05EA,X @ $061F = #$21
f3351   c99766231    i31780544    A:21 X:35 Y:04 S:DB P:nvUbdIzC  $01:A02D: 8D 06 20 STA $2006 = #$44
f3351   c99766235    i31780545    A:21 X:35 Y:04 S:DB P:nvUbdIzC  $01:A030: BD E9 05 LDA $05E9,X @ $061E = #$60
f3351   c99766240    i31780546    A:60 X:35 Y:04 S:DB P:nvUbdIzC  $01:A033: 8D 06 20 STA $2006 = #$44
f3351   c99766244    i31780547    A:60 X:35 Y:04 S:DB P:nvUbdIzC  $01:A036: BD EB 05 LDA $05EB,X @ $0620 = #$00
f3351   c99766249    i31780548    A:00 X:35 Y:04 S:DB P:nvUbdIZC  $01:A039: 8D 07 20 STA $2007 = #$00
f3351   c99766253    i31780549    A:00 X:35 Y:04 S:DB P:nvUbdIZC  $01:A03C: E8       INX
f3351   c99766255    i31780550    A:00 X:36 Y:04 S:DB P:nvUbdIzC  $01:A03D: 88       DEY
f3351   c99766257    i31780551    A:00 X:36 Y:03 S:DB P:nvUbdIzC  $01:A03E: D0 F6    BNE $A036
f3351   c99766260    i31780552    A:00 X:36 Y:03 S:DB P:nvUbdIzC  $01:A036: BD EB 05 LDA $05EB,X @ $0621 = #$00
f3351   c99766265    i31780553    A:00 X:36 Y:03 S:DB P:nvUbdIZC  $01:A039: 8D 07 20 STA $2007 = #$00
f3351   c99766269    i31780554    A:00 X:36 Y:03 S:DB P:nvUbdIZC  $01:A03C: E8       INX
f3351   c99766271    i31780555    A:00 X:37 Y:03 S:DB P:nvUbdIzC  $01:A03D: 88       DEY
f3351   c99766273    i31780556    A:00 X:37 Y:02 S:DB P:nvUbdIzC  $01:A03E: D0 F6    BNE $A036
f3351   c99766276    i31780557    A:00 X:37 Y:02 S:DB P:nvUbdIzC  $01:A036: BD EB 05 LDA $05EB,X @ $0622 = #$00
f3351   c99766281    i31780558    A:00 X:37 Y:02 S:DB P:nvUbdIZC  $01:A039: 8D 07 20 STA $2007 = #$00
f3351   c99766285    i31780559    A:00 X:37 Y:02 S:DB P:nvUbdIZC  $01:A03C: E8       INX
f3351   c99766287    i31780560    A:00 X:38 Y:02 S:DB P:nvUbdIzC  $01:A03D: 88       DEY
f3351   c99766289    i31780561    A:00 X:38 Y:01 S:DB P:nvUbdIzC  $01:A03E: D0 F6    BNE $A036
f3351   c99766292    i31780562    A:00 X:38 Y:01 S:DB P:nvUbdIzC  $01:A036: BD EB 05 LDA $05EB,X @ $0623 = #$00
f3351   c99766297    i31780563    A:00 X:38 Y:01 S:DB P:nvUbdIZC  $01:A039: 8D 07 20 STA $2007 = #$00
f3351   c99766301    i31780564    A:00 X:38 Y:01 S:DB P:nvUbdIZC  $01:A03C: E8       INX
f3351   c99766303    i31780565    A:00 X:39 Y:01 S:DB P:nvUbdIzC  $01:A03D: 88       DEY
f3351   c99766305    i31780566    A:00 X:39 Y:00 S:DB P:nvUbdIZC  $01:A03E: D0 F6    BNE $A036
f3351   c99766307    i31780567    A:00 X:39 Y:00 S:DB P:nvUbdIZC  $01:A040: E8       INX
f3351   c99766309    i31780568    A:00 X:3A Y:00 S:DB P:nvUbdIzC  $01:A041: E8       INX
f3351   c99766311    i31780569    A:00 X:3B Y:00 S:DB P:nvUbdIzC  $01:A042: E8       INX
f3351   c99766313    i31780570    A:00 X:3C Y:00 S:DB P:nvUbdIzC  $01:A043: BD E8 05 LDA $05E8,X @ $0624 = #$00
f3351   c99766591    i31780655    A:20 X:02 Y:07 S:DB P:nvUbdIzc  $01:A0ED: BD 15 40 LDA $4015,X @ $4017 = #$01
f3351   c99766595    i31780656    A:40 X:02 Y:07 S:DB P:nvUbdIzc  $01:A0F0: 4A       LSR
f3351   c99766597    i31780657    A:20 X:02 Y:07 S:DB P:nvUbdIzc  $01:A0F1: 26 3F    ROL $3F = #$20
f3351   c99766602    i31780658    A:20 X:02 Y:07 S:DB P:nvUbdIzc  $01:A0F3: 29 01    AND #$01
f3351   c99766604    i31780659    A:00 X:02 Y:07 S:DB P:nvUbdIZc  $01:A0F5: 05 3F    ORA $3F = #$40
f3351   c99766607    i31780660    A:40 X:02 Y:07 S:DB P:nvUbdIzc  $01:A0F7: 85 3F    STA $3F = #$40
f3351   c99766610    i31780661    A:40 X:02 Y:07 S:DB P:nvUbdIzc  $01:A0F9: 88       DEY
f3351   c99766612    i31780662    A:40 X:02 Y:06 S:DB P:nvUbdIzc  $01:A0FA: D0 F1    BNE $A0ED
f3351   c99766615    i31780663    A:40 X:02 Y:06 S:DB P:nvUbdIzc  $01:A0ED: BD 15 40 LDA $4015,X @ $4017 = #$01
f3351   c99766619    i31780664    A:40 X:02 Y:06 S:DB P:nvUbdIzc  $01:A0F0: 4A       LSR
f3351   c99766621    i31780665    A:20 X:02 Y:06 S:DB P:nvUbdIzc  $01:A0F1: 26 3F    ROL $3F = #$40
f3351   c99766626    i31780666    A:20 X:02 Y:06 S:DB P:NvUbdIzc  $01:A0F3: 29 01    AND #$01
f3351   c99766628    i31780667    A:00 X:02 Y:06 S:DB P:nvUbdIZc  $01:A0F5: 05 3F    ORA $3F = #$80
f3351   c99766631    i31780668    A:80 X:02 Y:06 S:DB P:NvUbdIzc  $01:A0F7: 85 3F    STA $3F = #$80
f3351   c99766634    i31780669    A:80 X:02 Y:06 S:DB P:NvUbdIzc  $01:A0F9: 88       DEY
f3351   c99766636    i31780670    A:80 X:02 Y:05 S:DB P:nvUbdIzc  $01:A0FA: D0 F1    BNE $A0ED
f3351   c99766639    i31780671    A:80 X:02 Y:05 S:DB P:nvUbdIzc  $01:A0ED: BD 15 40 LDA $4015,X @ $4017 = #$01
f3351   c99766643    i31780672    A:40 X:02 Y:05 S:DB P:nvUbdIzc  $01:A0F0: 4A       LSR
f3351   c99766645    i31780673    A:20 X:02 Y:05 S:DB P:nvUbdIzc  $01:A0F1: 26 3F    ROL $3F = #$80
f3351   c99766650    i31780674    A:20 X:02 Y:05 S:DB P:nvUbdIZC  $01:A0F3: 29 01    AND #$01
f3351   c99766652    i31780675    A:00 X:02 Y:05 S:DB P:nvUbdIZC  $01:A0F5: 05 3F    ORA $3F = #$00
f3351   c99766655    i31780676    A:00 X:02 Y:05 S:DB P:nvUbdIZC  $01:A0F7: 85 3F    STA $3F = #$00
f3351   c99766658    i31780677    A:00 X:02 Y:05 S:DB P:nvUbdIZC  $01:A0F9: 88       DEY
f3351   c99766660    i31780678    A:00 X:02 Y:04 S:DB P:nvUbdIzC  $01:A0FA: D0 F1    BNE $A0ED
f3351   c99766663    i31780679    A:00 X:02 Y:04 S:DB P:nvUbdIzC  $01:A0ED: BD 15 40 LDA $4015,X @ $4017 = #$01
f3351   c99766667    i31780680    A:40 X:02 Y:04 S:DB P:nvUbdIzC  $01:A0F0: 4A       LSR
f3351   c99766669    i31780681    A:20 X:02 Y:04 S:DB P:nvUbdIzc  $01:A0F1: 26 3F    ROL $3F = #$00
f3351   c99766674    i31780682    A:20 X:02 Y:04 S:DB P:nvUbdIZc  $01:A0F3: 29 01    AND #$01
f3351   c99766676    i31780683    A:00 X:02 Y:04 S:DB P:nvUbdIZc  $01:A0F5: 05 3F    ORA $3F = #$00
f3351   c99766679    i31780684    A:00 X:02 Y:04 S:DB P:nvUbdIZc  $01:A0F7: 85 3F    STA $3F = #$00
f3351   c99766682    i31780685    A:00 X:02 Y:04 S:DB P:nvUbdIZc  $01:A0F9: 88       DEY
f3351   c99766684    i31780686    A:00 X:02 Y:03 S:DB P:nvUbdIzc  $01:A0FA: D0 F1    BNE $A0ED
f3351   c99766687    i31780687    A:00 X:02 Y:03 S:DB P:nvUbdIzc  $01:A0ED: BD 15 40 LDA $4015,X @ $4017 = #$01
f3351   c99766691    i31780688    A:40 X:02 Y:03 S:DB P:nvUbdIzc  $01:A0F0: 4A       LSR
f3351   c99766693    i31780689    A:20 X:02 Y:03 S:DB P:nvUbdIzc  $01:A0F1: 26 3F    ROL $3F = #$00
f3351   c99766698    i31780690    A:20 X:02 Y:03 S:DB P:nvUbdIZc  $01:A0F3: 29 01    AND #$01
f3351   c99766700    i31780691    A:00 X:02 Y:03 S:DB P:nvUbdIZc  $01:A0F5: 05 3F    ORA $3F = #$00
f3351   c99766703    i31780692    A:00 X:02 Y:03 S:DB P:nvUbdIZc  $01:A0F7: 85 3F    STA $3F = #$00
f3351   c99766706    i31780693    A:00 X:02 Y:03 S:DB P:nvUbdIZc  $01:A0F9: 88       DEY
f3351   c99766708    i31780694    A:00 X:02 Y:02 S:DB P:nvUbdIzc  $01:A0FA: D0 F1    BNE $A0ED
f3351   c99766711    i31780695    A:00 X:02 Y:02 S:DB P:nvUbdIzc  $01:A0ED: BD 15 40 LDA $4015,X @ $4017 = #$01
f3351   c99766715    i31780696    A:40 X:02 Y:02 S:DB P:nvUbdIzc  $01:A0F0: 4A       LSR
f3354   c99854982    i31808749    A:AA X:0E Y:01 S:DB P:NvUbdIzC  $01:A039: 8D 07 20 STA $2007 = #$00
f3354   c99854986    i31808750    A:AA X:0E Y:01 S:DB P:NvUbdIzC  $01:A03C: E8       INX
f3354   c99854988    i31808751    A:AA X:0F Y:01 S:DB P:nvUbdIzC  $01:A03D: 88       DEY
f3354   c99854990    i31808752    A:AA X:0F Y:00 S:DB P:nvUbdIZC  $01:A03E: D0 F6    BNE $A036
f3354   c99854992    i31808753    A:AA X:0F Y:00 S:DB P:nvUbdIZC  $01:A040: E8       INX
f3354   c99854994    i31808754    A:AA X:10 Y:00 S:DB P:nvUbdIzC  $01:A041: E8       INX
f3354   c99854996    i31808755    A:AA X:11 Y:00 S:DB P:nvUbdIzC  $01:A042: E8       INX
f3354   c99854998    i31808756    A:AA X:12 Y:00 S:DB P:nvUbdIzC  $01:A043: BD E8 05 LDA $05E8,X @ $05FA = #$04
f3354   c99855002    i31808757    A:04 X:12 Y:00 S:DB P:nvUbdIzC  $01:A046: D0 D3    BNE $A01B
f3354   c99855005    i31808758    A:04 X:12 Y:00 S:DB P:nvUbdIzC  $01:A01B: A0 80    LDY #$80
f3354   c99855007    i31808759    A:04 X:12 Y:80 S:DB P:NvUbdIzC  $01:A01D: BD E8 05 LDA $05E8,X @ $05FA = #$04
f3354   c99855011    i31808760    A:04 X:12 Y:80 S:DB P:nvUbdIzC  $01:A020: 10 04    BPL $A026
f3354   c99855014    i31808761    A:04 X:12 Y:80 S:DB P:nvUbdIzC  $01:A026: 8C 00 20 STY $2000 = #$80
f3354   c99855018    i31808762    A:04 X:12 Y:80 S:DB P:nvUbdIzC  $01:A029: A8       TAY
f3354   c99855020    i31808763    A:04 X:12 Y:04 S:DB P:nvUbdIzC  $01:A02A: BD EA 05 LDA $05EA,X @ $05FC = #$21
f3354   c99855024    i31808764    A:21 X:12 Y:04 S:DB P:nvUbdIzC  $01:A02D: 8D 06 20 STA $2006 = #$D6
f3354   c99855028    i31808765    A:21 X:12 Y:04 S:DB P:nvUbdIzC  $01:A030: BD E9 05 LDA $05E9,X @ $05FB = #$14
f3354   c99855032    i31808766    A:14 X:12 Y:04 S:DB P:nvUbdIzC  $01:A033: 8D 06 20 STA $2006 = #$D6
f3354   c99855036    i31808767    A:14 X:12 Y:04 S:DB P:nvUbdIzC  $01:A036: BD EB 05 LDA $05EB,X @ $05FD = #$DE
f3354   c99855040    i31808768    A:DE X:12 Y:04 S:DB P:NvUbdIzC  $01:A039: 8D 07 20 STA $2007 = #$00
f3354   c99855044    i31808769    A:DE X:12 Y:04 S:DB P:NvUbdIzC  $01:A03C: E8       INX
f3354   c99855046    i31808770    A:DE X:13 Y:04 S:DB P:nvUbdIzC  $01:A03D: 88       DEY
f3354   c99855048    i31808771    A:DE X:13 Y:03 S:DB P:nvUbdIzC  $01:A03E: D0 F6    BNE $A036
f3354   c99855051    i31808772    A:DE X:13 Y:03 S:DB P:nvUbdIzC  $01:A036: BD EB 05 LDA $05EB,X @ $05FE = #$83
f3354   c99855055    i31808773    A:83 X:13 Y:03 S:DB P:NvUbdIzC  $01:A039: 8D 07 20 STA $2007 = #$00
f3354   c99855059    i31808774    A:83 X:13 Y:03 S:DB P:NvUbdIzC  $01:A03C: E8       INX
f3354   c99855061    i31808775    A:83 X:14 Y:03 S:DB P:nvUbdIzC  $01:A03D: 88       DEY
f3354   c99855063    i31808776    A:83 X:14 Y:02 S:DB P:nvUbdIzC  $01:A03E: D0 F6    BNE $A036
f3354   c99855066    i31808777    A:83 X:14 Y:02 S:DB P:nvUbdIzC  $01:A036: BD EB 05 LDA $05EB,X @ $05FF = #$91
f3354   c99855070    i31808778    A:91 X:14 Y:02 S:DB P:NvUbdIzC  $01:A039: 8D 07 20 STA $2007 = #$00
f3354   c99855074    i31808779    A:91 X:14 Y:02 S:DB P:NvUbdIzC  $01:A03C: E8       INX
f3354   c99855076    i31808780    A:91 X:15 Y:02 S:DB P:nvUbdIzC  $01:A03D: 88       DEY
f3354   c99855078    i31808781    A:91 X:15 Y:01 S:DB P:nvUbdIzC  $01:A03E: D0 F6    BNE $A036
f3354   c99855081    i31808782    A:91 X:15 Y:01 S:DB P:nvUbdIzC  $01:A036: BD EB 05 LDA $05EB,X @ $0600 = #$9A
f3354   c99855086    i31808783    A:9A X:15 Y:01 S:DB P:NvUbdIzC  $01:A039: 8D 07 20 STA $2007 = #$00
f3354   c99855090    i31808784    A:9A X:15 Y:01 S:DB P:NvUbdIzC  $01:A03C: E8       INX
f3354   c99855092    i31808785    A:9A X:16 Y:01 S:DB P:nvUbdIzC  $01:A03D: 88       DEY
f3354   c99855094    i31808786    A:9A X:16 Y:00 S:DB P:nvUbdIZC  $01:A03E: D0 F6    BNE $A036
f3354   c99855096    i31808787    A:9A X:16 Y:00 S:DB P:nvUbdIZC  $01:A040: E8       INX
f3354   c99855098    i31808788    A:9A X:17 Y:00 S:DB P:nvUbdIzC  $01:A041: E8       INX
f3354   c99855100    i31808789    A:9A X:18 Y:00 S:DB P:nvUbdIzC  $01:A042: E8       INX
f3354   c99855102    i31808790    A:9A X:19 Y:00 S:DB P:nvUbdIzC  $01:A043: BD E8 05 LDA $05E8,X @ $0601 = #$04
f3354   c99858443    i31809852    A:07 X:08 Y:00 S:1E P:nvUbdizc  $00:9051: 29 20    AND #$20
f3354   c99858445    i31809853    A:00 X:08 Y:00 S:1E P:nvUbdiZc  $00:9053: 4A       LSR
f3354   c99858447    i31809854    A:00 X:08 Y:00 S:1E P:nvUbdiZc  $00:9054: 4A       LSR
f3354   c99858449    i31809855    A:00 X:08 Y:00 S:1E P:nvUbdiZc  $00:9055: 05 E6    ORA $E6 = #$07
f3354   c99858452    i31809856    A:07 X:08 Y:00 S:1E P:nvUbdizc  $00:9057: 29 0F    AND #$0F
f3354   c99858454    i31809857    A:07 X:08 Y:00 S:1E P:nvUbdizc  $00:9059: 85 E6    STA $E6 = #$07
f3354   c99858457    i31809858    A:07 X:08 Y:00 S:1E P:nvUbdizc  $00:905B: A5 68    LDA $68 = #$21
f3354   c99858460    i31809859    A:21 X:08 Y:00 S:1E P:nvUbdizc  $00:905D: 0A       ASL
f3354   c99858462    i31809860    A:42 X:08 Y:00 S:1E P:nvUbdizc  $00:905E: 0A       ASL
f3354   c99858464    i31809861    A:84 X:08 Y:00 S:1E P:NvUbdizc  $00:905F: 0A       ASL
f3354   c99858466    i31809862    A:08 X:08 Y:00 S:1E P:nvUbdizC  $00:9060: 0A       ASL
f3354   c99858468    i31809863    A:10 X:08 Y:00 S:1E P:nvUbdizc  $00:9061: 29 30    AND #$30
f3354   c99858470    i31809864    A:10 X:08 Y:00 S:1E P:nvUbdizc  $00:9063: 18       CLC
f3354   c99858472    i31809865    A:10 X:08 Y:00 S:1E P:nvUbdizc  $00:9064: 69 C0    ADC #$C0
f3354   c99858474    i31809866    A:D0 X:08 Y:00 S:1E P:NvUbdizc  $00:9066: 05 E6    ORA $E6 = #$07
f3354   c99858477    i31809867    A:D7 X:08 Y:00 S:1E P:NvUbdizc  $00:9068: A8       TAY
f3354   c99858479    i31809868    A:D7 X:08 Y:D7 S:1E P:NvUbdizc  $00:9069: A5 68    LDA $68 = #$21
f3354   c99858482    i31809869    A:21 X:08 Y:D7 S:1E P:nvUbdizc  $00:906B: 29 FC    AND #$FC
f3354   c99858484    i31809870    A:20 X:08 Y:D7 S:1E P:nvUbdizc  $00:906D: 69 03    ADC #$03
f3354   c99858486    i31809871    A:23 X:08 Y:D7 S:1E P:nvUbdizc  $00:906F: AA       TAX
f3354   c99858488    i31809872    A:23 X:23 Y:D7 S:1E P:nvUbdizc  $00:9070: 60       RTS (from $9049)
f3354   c99858494    i31809873    A:23 X:23 Y:D7 S:20 P:nvUbdizc  $00:8FD4: 24 67    BIT $67 = #$1C
f3354   c99858497    i31809874    A:23 X:23 Y:D7 S:20 P:nvUbdiZc  $00:8FD6: 50 62    BVC $903A
f3354   c99858501    i31809875    A:23 X:23 Y:D7 S:20 P:nvUbdiZc  $00:903A: A9 01    LDA #$01
f3354   c99858503    i31809876    A:01 X:23 Y:D7 S:20 P:nvUbdizc  $00:903C: 20 28 9B JSR $9B28
f3354   c99858509    i31809877    A:01 X:23 Y:D7 S:1E P:nvUbdizc  $00:9B28: 48       PHA
f3354   c99858512    i31809878    A:01 X:23 Y:D7 S:1D P:nvUbdizc  $00:9B29: 2C 29 06 BIT $0629 = #$04
f3354   c99858516    i31809879    A:01 X:23 Y:D7 S:1D P:nvUbdiZc  $00:9B2C: 50 09    BVC $9B37
f3354   c99858519    i31809880    A:01 X:23 Y:D7 S:1D P:nvUbdiZc  $00:9B37: 29 3F    AND #$3F
f3354   c99858521    i31809881    A:01 X:23 Y:D7 S:1D P:nvUbdizc  $00:9B39: 18       CLC
f3354   c99858523    i31809882    A:01 X:23 Y:D7 S:1D P:nvUbdizc  $00:9B3A: 6D 28 06 ADC $0628 = #$15
f3354   c99858527    i31809883    A:16 X:23 Y:D7 S:1D P:nvUbdizc  $00:9B3D: C9 3D    CMP #$3D
f3354   c99858529    i31809884    A:16 X:23 Y:D7 S:1D P:NvUbdizc  $00:9B3F: B0 ED    BCS $9B2E
f3354   c99858531    i31809885    A:16 X:23 Y:D7 S:1D P:NvUbdizc  $00:9B41: 68       PLA
f3354   c99858535    i31809886    A:01 X:23 Y:D7 S:1E P:nvUbdizc  $00:9B42: 09 40    ORA #$40
f3354   c99858537    i31809887    A:41 X:23 Y:D7 S:1E P:nvUbdizc  $00:9B44: 8D 29 06 STA $0629 = #$04
f3354   c99858541    i31809888    A:41 X:23 Y:D7 S:1E P:nvUbdizc  $00:9B47: 8A       TXA
f3354   c99858543    i31809889    A:23 X:23 Y:D7 S:1E P:nvUbdizc  $00:9B48: AE 28 06 LDX $0628 = #$15
f3354   c99858547    i31809890    A:23 X:15 Y:D7 S:1E P:nvUbdizc  $00:9B4B: 9D EA 05 STA $05EA,X @ $05FF = #$91
f3354   c99858552    i31809891    A:23 X:15 Y:D7 S:1E P:nvUbdizc  $00:9B4E: 98       TYA
f3354   c99858554    i31809892    A:D7 X:15 Y:D7 S:1E P:NvUbdizc  $00:9B4F: 9D E9 05 STA $05E9,X @ $05FE = #$83
f3354   c99858559    i31809893    A:D7 X:15 Y:D7 S:1E P:NvUbdizc  $00:9B52: AD 29 06 LDA $0629 = #$41
f3354   c99858563    i31809894    A:41 X:15 Y:D7 S:1E P:nvUbdizc  $00:9B55: 29 BF    AND #$BF
f3354   c99859651    i31810234    A:20 X:1C Y:04 S:24 P:nvUbdizc  $00:8E43: A5 6D    LDA $6D = #$04
f3354   c99859654    i31810235    A:04 X:1C Y:04 S:24 P:nvUbdizc  $00:8E45: 0A       ASL
f3354   c99859656    i31810236    A:08 X:1C Y:04 S:24 P:nvUbdizc  $00:8E46: 0A       ASL
f3354   c99859658    i31810237    A:10 X:1C Y:04 S:24 P:nvUbdizc  $00:8E47: 0A       ASL
f3354   c99859660    i31810238    A:20 X:1C Y:04 S:24 P:nvUbdizc  $00:8E48: 49 FF    EOR #$FF
f3354   c99859662    i31810239    A:DF X:1C Y:04 S:24 P:NvUbdizc  $00:8E4A: 18       CLC
f3354   c99859664    i31810240    A:DF X:1C Y:04 S:24 P:NvUbdizc  $00:8E4B: 69 01    ADC #$01
f3354   c99859666    i31810241    A:E0 X:1C Y:04 S:24 P:NvUbdizc  $00:8E4D: 18       CLC
f3354   c99859668    i31810242    A:E0 X:1C Y:04 S:24 P:NvUbdizc  $00:8E4E: 65 5C    ADC $5C = #$20
f3354   c99859671    i31810243    A:00 X:1C Y:04 S:24 P:nvUbdiZC  $00:8E50: 85 5C    STA $5C = #$20
f3354   c99859674    i31810244    A:00 X:1C Y:04 S:24 P:nvUbdiZC  $00:8E52: A5 5D    LDA $5D = #$21
f3354   c99859677    i31810245    A:21 X:1C Y:04 S:24 P:nvUbdizC  $00:8E54: 49 04    EOR #$04
f3354   c99859679    i31810246    A:25 X:1C Y:04 S:24 P:nvUbdizC  $00:8E56: 85 5D    STA $5D = #$21
f3354   c99859682    i31810247    A:25 X:1C Y:04 S:24 P:nvUbdizC  $00:8E58: A5 6E    LDA $6E = #$01
f3354   c99859685    i31810248    A:01 X:1C Y:04 S:24 P:nvUbdizC  $00:8E5A: 48       PHA
f3354   c99859688    i31810249    A:01 X:1C Y:04 S:23 P:nvUbdizC  $00:8E5B: 18       CLC
f3354   c99859690    i31810250    A:01 X:1C Y:04 S:23 P:nvUbdizc  $00:8E5C: 65 63    ADC $63 = #$88
f3354   c99859693    i31810251    A:89 X:1C Y:04 S:23 P:NvUbdizc  $00:8E5E: 85 63    STA $63 = #$88
f3354   c99859696    i31810252    A:89 X:1C Y:04 S:23 P:NvUbdizc  $00:8E60: 68       PLA
f3354   c99859700    i31810253    A:01 X:1C Y:04 S:24 P:nvUbdizc  $00:8E61: 30 07    BMI $8E6A
f3354   c99859702    i31810254    A:01 X:1C Y:04 S:24 P:nvUbdizc  $00:8E63: A5 64    LDA $64 = #$A3
f3354   c99859705    i31810255    A:A3 X:1C Y:04 S:24 P:NvUbdizc  $00:8E65: 69 00    ADC #$00
f3354   c99859707    i31810256    A:A3 X:1C Y:04 S:24 P:NvUbdizc  $00:8E67: 4C 6E 8E JMP $8E6E
f3354   c99859710    i31810257    A:A3 X:1C Y:04 S:24 P:NvUbdizc  $00:8E6E: 85 64    STA $64 = #$A3
f3354   c99859713    i31810258    A:A3 X:1C Y:04 S:24 P:NvUbdizc  $00:8E70: C6 ED    DEC $ED = #$01
f3354   c99859718    i31810259    A:A3 X:1C Y:04 S:24 P:nvUbdiZc  $00:8E72: D0 B9    BNE $8E2D
f3354   c99859720    i31810260    A:A3 X:1C Y:04 S:24 P:nvUbdiZc  $00:8E74: A5 6F    LDA $6F = #$08
f3354   c99859723    i31810261    A:08 X:1C Y:04 S:24 P:nvUbdizc  $00:8E76: 48       PHA
f3354   c99859726    i31810262    A:08 X:1C Y:04 S:23 P:nvUbdizc  $00:8E77: 18       CLC
f3354   c99859728    i31810263    A:08 X:1C Y:04 S:23 P:nvUbdizc  $00:8E78: 65 65    ADC $65 = #$81
f3354   c99859731    i31810264    A:89 X:1C Y:04 S:23 P:NvUbdizc  $00:8E7A: 85 63    STA $63 = #$89
f3354   c99859734    i31810265    A:89 X:1C Y:04 S:23 P:NvUbdizc  $00:8E7C: 68       PLA
f3354   c99859738    i31810266    A:08 X:1C Y:04 S:24 P:nvUbdizc  $00:8E7D: 30 07    BMI $8E86
f3354   c99859740    i31810267    A:08 X:1C Y:04 S:24 P:nvUbdizc  $00:8E7F: A5 66    LDA $66 = #$A3
f3354   c99859743    i31810268    A:A3 X:1C Y:04 S:24 P:NvUbdizc  $00:8E81: 69 00    ADC #$00
f3354   c99859745    i31810269    A:A3 X:1C Y:04 S:24 P:NvUbdizc  $00:8E83: 4C 8A 8E JMP $8E8A
f3354   c99859748    i31810270    A:A3 X:1C Y:04 S:24 P:NvUbdizc  $00:8E8A: 85 64    STA $64 = #$A3
f3354   c99859751    i31810271    A:A3 X:1C Y:04 S:24 P:NvUbdizc  $00:8E8C: A5 62    LDA $62 = #$A0
f3354   c99859754    i31810272    A:A0 X:1C Y:04 S:24 P:NvUbdizc  $00:8E8E: 29 C0    AND #$C0
f3354   c99859756    i31810273    A:80 X:1C Y:04 S:24 P:NvUbdizc  $00:8E90: C9 40    CMP #$40
f3354   c99859758    i31810274    A:80 X:1C Y:04 S:24 P:nvUbdizC  $00:8E92: F0 2E    BEQ $8EC2
f3354   c99859760    i31810275    A:80 X:1C Y:04 S:24 P:nvUbdizC  $00:8E94: A5 73    LDA $73 = #$00
f3354   c99859763    i31810276    A:00 X:1C Y:04 S:24 P:nvUbdiZC  $00:8E96: 18       CLC
f3355   c99885691    i31818507    A:00 X:02 Y:06 S:DB P:nvUbdIzc  $01:A0ED: BD 15 40 LDA $4015,X @ $4017 = #$01
f3355   c99885695    i31818508    A:40 X:02 Y:06 S:DB P:nvUbdIzc  $01:A0F0: 4A       LSR
f3355   c99885697    i31818509    A:20 X:02 Y:06 S:DB P:nvUbdIzc  $01:A0F1: 26 3F    ROL $3F = #$00
f3355   c99885702    i31818510    A:20 X:02 Y:06 S:DB P:nvUbdIZc  $01:A0F3: 29 01    AND #$01
f3355   c99885704    i31818511    A:00 X:02 Y:06 S:DB P:nvUbdIZc  $01:A0F5: 05 3F    ORA $3F = #$00
f3355   c99885707    i31818512    A:00 X:02 Y:06 S:DB P:nvUbdIZc  $01:A0F7: 85 3F    STA $3F = #$00
f3355   c99885710    i31818513    A:00 X:02 Y:06 S:DB P:nvUbdIZc  $01:A0F9: 88       DEY
f3355   c99885712    i31818514    A:00 X:02 Y:05 S:DB P:nvUbdIzc  $01:A0FA: D0 F1    BNE $A0ED
f3355   c99885715    i31818515    A:00 X:02 Y:05 S:DB P:nvUbdIzc  $01:A0ED: BD 15 40 LDA $4015,X @ $4017 = #$01
f3355   c99885719    i31818516    A:40 X:02 Y:05 S:DB P:nvUbdIzc  $01:A0F0: 4A       LSR
f3355   c99885721    i31818517    A:20 X:02 Y:05 S:DB P:nvUbdIzc  $01:A0F1: 26 3F    ROL $3F = #$00
f3355   c99885726    i31818518    A:20 X:02 Y:05 S:DB P:nvUbdIZc  $01:A0F3: 29 01    AND #$01
f3355   c99885728    i31818519    A:00 X:02 Y:05 S:DB P:nvUbdIZc  $01:A0F5: 05 3F    ORA $3F = #$00
f3355   c99885731    i31818520    A:00 X:02 Y:05 S:DB P:nvUbdIZc  $01:A0F7: 85 3F    STA $3F = #$00
f3355   c99885734    i31818521    A:00 X:02 Y:05 S:DB P:nvUbdIZc  $01:A0F9: 88       DEY
f3355   c99885736    i31818522    A:00 X:02 Y:04 S:DB P:nvUbdIzc  $01:A0FA: D0 F1    BNE $A0ED
f3355   c99885739    i31818523    A:00 X:02 Y:04 S:DB P:nvUbdIzc  $01:A0ED: BD 15 40 LDA $4015,X @ $4017 = #$01
f3355   c99885743    i31818524    A:40 X:02 Y:04 S:DB P:nvUbdIzc  $01:A0F0: 4A       LSR
f3355   c99885745    i31818525    A:20 X:02 Y:04 S:DB P:nvUbdIzc  $01:A0F1: 26 3F    ROL $3F = #$00
f3355   c99885750    i31818526    A:20 X:02 Y:04 S:DB P:nvUbdIZc  $01:A0F3: 29 01    AND #$01
f3355   c99885752    i31818527    A:00 X:02 Y:04 S:DB P:nvUbdIZc  $01:A0F5: 05 3F    ORA $3F = #$00
f3355   c99885755    i31818528    A:00 X:02 Y:04 S:DB P:nvUbdIZc  $01:A0F7: 85 3F    STA $3F = #$00
f3355   c99885758    i31818529    A:00 X:02 Y:04 S:DB P:nvUbdIZc  $01:A0F9: 88       DEY
f3355   c99885760    i31818530    A:00 X:02 Y:03 S:DB P:nvUbdIzc  $01:A0FA: D0 F1    BNE $A0ED
f3355   c99885763    i31818531    A:00 X:02 Y:03 S:DB P:nvUbdIzc  $01:A0ED: BD 15 40 LDA $4015,X @ $4017 = #$01
f3355   c99885767    i31818532    A:40 X:02 Y:03 S:DB P:nvUbdIzc  $01:A0F0: 4A       LSR
f3355   c99885769    i31818533    A:20 X:02 Y:03 S:DB P:nvUbdIzc  $01:A0F1: 26 3F    ROL $3F = #$00
f3355   c99885774    i31818534    A:20 X:02 Y:03 S:DB P:nvUbdIZc  $01:A0F3: 29 01    AND #$01
f3355   c99885776    i31818535    A:00 X:02 Y:03 S:DB P:nvUbdIZc  $01:A0F5: 05 3F    ORA $3F = #$00
f3355   c99885779    i31818536    A:00 X:02 Y:03 S:DB P:nvUbdIZc  $01:A0F7: 85 3F    STA $3F = #$00
f3355   c99885782    i31818537    A:00 X:02 Y:03 S:DB P:nvUbdIZc  $01:A0F9: 88       DEY
f3355   c99885784    i31818538    A:00 X:02 Y:02 S:DB P:nvUbdIzc  $01:A0FA: D0 F1    BNE $A0ED
f3355   c99885787    i31818539    A:00 X:02 Y:02 S:DB P:nvUbdIzc  $01:A0ED: BD 15 40 LDA $4015,X @ $4017 = #$01
f3355   c99885791    i31818540    A:40 X:02 Y:02 S:DB P:nvUbdIzc  $01:A0F0: 4A       LSR
f3355   c99885793    i31818541    A:20 X:02 Y:02 S:DB P:nvUbdIzc  $01:A0F1: 26 3F    ROL $3F = #$00
f3355   c99885798    i31818542    A:20 X:02 Y:02 S:DB P:nvUbdIZc  $01:A0F3: 29 01    AND #$01
f3355   c99885800    i31818543    A:00 X:02 Y:02 S:DB P:nvUbdIZc  $01:A0F5: 05 3F    ORA $3F = #$00
f3355   c99885803    i31818544    A:00 X:02 Y:02 S:DB P:nvUbdIZc  $01:A0F7: 85 3F    STA $3F = #$00
f3355   c99885806    i31818545    A:00 X:02 Y:02 S:DB P:nvUbdIZc  $01:A0F9: 88       DEY
f3355   c99885808    i31818546    A:00 X:02 Y:01 S:DB P:nvUbdIzc  $01:A0FA: D0 F1    BNE $A0ED
f3355   c99885811    i31818547    A:00 X:02 Y:01 S:DB P:nvUbdIzc  $01:A0ED: BD 15 40 LDA $4015,X @ $4017 = #$01
f3355   c99885815    i31818548    A:40 X:02 Y:01 S:DB P:nvUbdIzc  $01:A0F0: 4A       LSR
f3356   c99914645    i31827717    A:00 X:15 Y:04 S:DB P:nvUbdIZC  $01:A039: 8D 07 20 STA $2007 = #$00
f3356   c99914649    i31827718    A:00 X:15 Y:04 S:DB P:nvUbdIZC  $01:A03C: E8       INX
f3356   c99914651    i31827719    A:00 X:16 Y:04 S:DB P:nvUbdIzC  $01:A03D: 88       DEY
f3356   c99914653    i31827720    A:00 X:16 Y:03 S:DB P:nvUbdIzC  $01:A03E: D0 F6    BNE $A036
f3356   c99914656    i31827721    A:00 X:16 Y:03 S:DB P:nvUbdIzC  $01:A036: BD EB 05 LDA $05EB,X @ $0601 = #$00
f3356   c99914661    i31827722    A:00 X:16 Y:03 S:DB P:nvUbdIZC  $01:A039: 8D 07 20 STA $2007 = #$00
f3356   c99914665    i31827723    A:00 X:16 Y:03 S:DB P:nvUbdIZC  $01:A03C: E8       INX
f3356   c99914667    i31827724    A:00 X:17 Y:03 S:DB P:nvUbdIzC  $01:A03D: 88       DEY
f3356   c99914669    i31827725    A:00 X:17 Y:02 S:DB P:nvUbdIzC  $01:A03E: D0 F6    BNE $A036
f3356   c99914672    i31827726    A:00 X:17 Y:02 S:DB P:nvUbdIzC  $01:A036: BD EB 05 LDA $05EB,X @ $0602 = #$00
f3356   c99914677    i31827727    A:00 X:17 Y:02 S:DB P:nvUbdIZC  $01:A039: 8D 07 20 STA $2007 = #$00
f3356   c99914681    i31827728    A:00 X:17 Y:02 S:DB P:nvUbdIZC  $01:A03C: E8       INX
f3356   c99914683    i31827729    A:00 X:18 Y:02 S:DB P:nvUbdIzC  $01:A03D: 88       DEY
f3356   c99914685    i31827730    A:00 X:18 Y:01 S:DB P:nvUbdIzC  $01:A03E: D0 F6    BNE $A036
f3356   c99914688    i31827731    A:00 X:18 Y:01 S:DB P:nvUbdIzC  $01:A036: BD EB 05 LDA $05EB,X @ $0603 = #$00
f3356   c99914693    i31827732    A:00 X:18 Y:01 S:DB P:nvUbdIZC  $01:A039: 8D 07 20 STA $2007 = #$00
f3356   c99914697    i31827733    A:00 X:18 Y:01 S:DB P:nvUbdIZC  $01:A03C: E8       INX
f3356   c99914699    i31827734    A:00 X:19 Y:01 S:DB P:nvUbdIzC  $01:A03D: 88       DEY
f3356   c99914701    i31827735    A:00 X:19 Y:00 S:DB P:nvUbdIZC  $01:A03E: D0 F6    BNE $A036
f3356   c99914703    i31827736    A:00 X:19 Y:00 S:DB P:nvUbdIZC  $01:A040: E8       INX
f3356   c99914705    i31827737    A:00 X:1A Y:00 S:DB P:nvUbdIzC  $01:A041: E8       INX
f3356   c99914707    i31827738    A:00 X:1B Y:00 S:DB P:nvUbdIzC  $01:A042: E8       INX
f3356   c99914709    i31827739    A:00 X:1C Y:00 S:DB P:nvUbdIzC  $01:A043: BD E8 05 LDA $05E8,X @ $0604 = #$01
f3356   c99914714    i31827740    A:01 X:1C Y:00 S:DB P:nvUbdIzC  $01:A046: D0 D3    BNE $A01B
f3356   c99914717    i31827741    A:01 X:1C Y:00 S:DB P:nvUbdIzC  $01:A01B: A0 80    LDY #$80
f3356   c99914719    i31827742    A:01 X:1C Y:80 S:DB P:NvUbdIzC  $01:A01D: BD E8 05 LDA $05E8,X @ $0604 = #$01
f3356   c99914724    i31827743    A:01 X:1C Y:80 S:DB P:nvUbdIzC  $01:A020: 10 04    BPL $A026
f3356   c99914727    i31827744    A:01 X:1C Y:80 S:DB P:nvUbdIzC  $01:A026: 8C 00 20 STY $2000 = #$80
f3356   c99914731    i31827745    A:01 X:1C Y:80 S:DB P:nvUbdIzC  $01:A029: A8       TAY
f3356   c99914733    i31827746    A:01 X:1C Y:01 S:DB P:nvUbdIzC  $01:A02A: BD EA 05 LDA $05EA,X @ $0606 = #$23
f3356   c99914738    i31827747    A:23 X:1C Y:01 S:DB P:nvUbdIzC  $01:A02D: 8D 06 20 STA $2006 = #$E4
f3356   c99914742    i31827748    A:23 X:1C Y:01 S:DB P:nvUbdIzC  $01:A030: BD E9 05 LDA $05E9,X @ $0605 = #$D9
f3356   c99914747    i31827749    A:D9 X:1C Y:01 S:DB P:NvUbdIzC  $01:A033: 8D 06 20 STA $2006 = #$E4
f3356   c99914751    i31827750    A:D9 X:1C Y:01 S:DB P:NvUbdIzC  $01:A036: BD EB 05 LDA $05EB,X @ $0607 = #$AA
f3356   c99914756    i31827751    A:AA X:1C Y:01 S:DB P:NvUbdIzC  $01:A039: 8D 07 20 STA $2007 = #$00
f3356   c99914760    i31827752    A:AA X:1C Y:01 S:DB P:NvUbdIzC  $01:A03C: E8       INX
f3356   c99914762    i31827753    A:AA X:1D Y:01 S:DB P:nvUbdIzC  $01:A03D: 88       DEY
f3356   c99914764    i31827754    A:AA X:1D Y:00 S:DB P:nvUbdIZC  $01:A03E: D0 F6    BNE $A036
f3356   c99914766    i31827755    A:AA X:1D Y:00 S:DB P:nvUbdIZC  $01:A040: E8       INX
f3356   c99914768    i31827756    A:AA X:1E Y:00 S:DB P:nvUbdIzC  $01:A041: E8       INX
f3356   c99914770    i31827757    A:AA X:1F Y:00 S:DB P:nvUbdIzC  $01:A042: E8       INX
f3356   c99914772    i31827758    A:AA X:20 Y:00 S:DB P:nvUbdIzC  $01:A043: BD E8 05 LDA $05E8,X @ $0608 = #$04
f3358   c99974314    i31846678    A:00 X:1C Y:01 S:DB P:nvUbdIzC  $01:A036: BD EB 05 LDA $05EB,X @ $0607 = #$00
f3358   c99974319    i31846679    A:00 X:1C Y:01 S:DB P:nvUbdIZC  $01:A039: 8D 07 20 STA $2007 = #$00
f3358   c99974323    i31846680    A:00 X:1C Y:01 S:DB P:nvUbdIZC  $01:A03C: E8       INX
f3358   c99974325    i31846681    A:00 X:1D Y:01 S:DB P:nvUbdIzC  $01:A03D: 88       DEY
f3358   c99974327    i31846682    A:00 X:1D Y:00 S:DB P:nvUbdIZC  $01:A03E: D0 F6    BNE $A036
f3358   c99974329    i31846683    A:00 X:1D Y:00 S:DB P:nvUbdIZC  $01:A040: E8       INX
f3358   c99974331    i31846684    A:00 X:1E Y:00 S:DB P:nvUbdIzC  $01:A041: E8       INX
f3358   c99974333    i31846685    A:00 X:1F Y:00 S:DB P:nvUbdIzC  $01:A042: E8       INX
f3358   c99974335    i31846686    A:00 X:20 Y:00 S:DB P:nvUbdIzC  $01:A043: BD E8 05 LDA $05E8,X @ $0608 = #$04
f3358   c99974340    i31846687    A:04 X:20 Y:00 S:DB P:nvUbdIzC  $01:A046: D0 D3    BNE $A01B
f3358   c99974343    i31846688    A:04 X:20 Y:00 S:DB P:nvUbdIzC  $01:A01B: A0 80    LDY #$80
f3358   c99974345    i31846689    A:04 X:20 Y:80 S:DB P:NvUbdIzC  $01:A01D: BD E8 05 LDA $05E8,X @ $0608 = #$04
f3358   c99974350    i31846690    A:04 X:20 Y:80 S:DB P:nvUbdIzC  $01:A020: 10 04    BPL $A026
f3358   c99974353    i31846691    A:04 X:20 Y:80 S:DB P:nvUbdIzC  $01:A026: 8C 00 20 STY $2000 = #$80
f3358   c99974357    i31846692    A:04 X:20 Y:80 S:DB P:nvUbdIzC  $01:A029: A8       TAY
f3358   c99974359    i31846693    A:04 X:20 Y:04 S:DB P:nvUbdIzC  $01:A02A: BD EA 05 LDA $05EA,X @ $060A = #$21
f3358   c99974364    i31846694    A:21 X:20 Y:04 S:DB P:nvUbdIzC  $01:A02D: 8D 06 20 STA $2006 = #$D4
f3358   c99974368    i31846695    A:21 X:20 Y:04 S:DB P:nvUbdIzC  $01:A030: BD E9 05 LDA $05E9,X @ $0609 = #$F0
f3358   c99974373    i31846696    A:F0 X:20 Y:04 S:DB P:NvUbdIzC  $01:A033: 8D 06 20 STA $2006 = #$D4
f3358   c99974377    i31846697    A:F0 X:20 Y:04 S:DB P:NvUbdIzC  $01:A036: BD EB 05 LDA $05EB,X @ $060B = #$00
f3358   c99974382    i31846698    A:00 X:20 Y:04 S:DB P:nvUbdIZC  $01:A039: 8D 07 20 STA $2007 = #$00
f3358   c99974386    i31846699    A:00 X:20 Y:04 S:DB P:nvUbdIZC  $01:A03C: E8       INX
f3358   c99974388    i31846700    A:00 X:21 Y:04 S:DB P:nvUbdIzC  $01:A03D: 88       DEY
f3358   c99974390    i31846701    A:00 X:21 Y:03 S:DB P:nvUbdIzC  $01:A03E: D0 F6    BNE $A036
f3358   c99974393    i31846702    A:00 X:21 Y:03 S:DB P:nvUbdIzC  $01:A036: BD EB 05 LDA $05EB,X @ $060C = #$00
f3358   c99974398    i31846703    A:00 X:21 Y:03 S:DB P:nvUbdIZC  $01:A039: 8D 07 20 STA $2007 = #$00
f3358   c99974402    i31846704    A:00 X:21 Y:03 S:DB P:nvUbdIZC  $01:A03C: E8       INX
f3358   c99974404    i31846705    A:00 X:22 Y:03 S:DB P:nvUbdIzC  $01:A03D: 88       DEY
f3358   c99974406    i31846706    A:00 X:22 Y:02 S:DB P:nvUbdIzC  $01:A03E: D0 F6    BNE $A036
f3358   c99974409    i31846707    A:00 X:22 Y:02 S:DB P:nvUbdIzC  $01:A036: BD EB 05 LDA $05EB,X @ $060D = #$00
f3358   c99974414    i31846708    A:00 X:22 Y:02 S:DB P:nvUbdIZC  $01:A039: 8D 07 20 STA $2007 = #$00
f3358   c99974418    i31846709    A:00 X:22 Y:02 S:DB P:nvUbdIZC  $01:A03C: E8       INX
f3358   c99974420    i31846710    A:00 X:23 Y:02 S:DB P:nvUbdIzC  $01:A03D: 88       DEY
f3358   c99974422    i31846711    A:00 X:23 Y:01 S:DB P:nvUbdIzC  $01:A03E: D0 F6    BNE $A036
f3358   c99974425    i31846712    A:00 X:23 Y:01 S:DB P:nvUbdIzC  $01:A036: BD EB 05 LDA $05EB,X @ $060E = #$00
f3358   c99974430    i31846713    A:00 X:23 Y:01 S:DB P:nvUbdIZC  $01:A039: 8D 07 20 STA $2007 = #$00
f3358   c99974434    i31846714    A:00 X:23 Y:01 S:DB P:nvUbdIZC  $01:A03C: E8       INX
f3358   c99974436    i31846715    A:00 X:24 Y:01 S:DB P:nvUbdIzC  $01:A03D: 88       DEY
f3358   c99974438    i31846716    A:00 X:24 Y:00 S:DB P:nvUbdIZC  $01:A03E: D0 F6    BNE $A036
f3358   c99974440    i31846717    A:00 X:24 Y:00 S:DB P:nvUbdIZC  $01:A040: E8       INX
f3358   c99974442    i31846718    A:00 X:25 Y:00 S:DB P:nvUbdIzC  $01:A041: E8       INX
f3358   c99974444    i31846719    A:00 X:26 Y:00 S:DB P:nvUbdIzC  $01:A042: E8       INX
f3358   c99975254    i31846973    A:00 X:01 Y:07 S:DB P:nvUbdIzc  $01:A0ED: BD 15 40 LDA $4015,X @ $4016 = #$00
f3358   c99975258    i31846974    A:40 X:01 Y:07 S:DB P:nvUbdIzc  $01:A0F0: 4A       LSR
f3358   c99975260    i31846975    A:20 X:01 Y:07 S:DB P:nvUbdIzc  $01:A0F1: 26 3F    ROL $3F = #$00
f3358   c99975265    i31846976    A:20 X:01 Y:07 S:DB P:nvUbdIZc  $01:A0F3: 29 01    AND #$01
f3358   c99975267    i31846977    A:00 X:01 Y:07 S:DB P:nvUbdIZc  $01:A0F5: 05 3F    ORA $3F = #$00
f3358   c99975270    i31846978    A:00 X:01 Y:07 S:DB P:nvUbdIZc  $01:A0F7: 85 3F    STA $3F = #$00
f3358   c99975273    i31846979    A:00 X:01 Y:07 S:DB P:nvUbdIZc  $01:A0F9: 88       DEY
f3358   c99975275    i31846980    A:00 X:01 Y:06 S:DB P:nvUbdIzc  $01:A0FA: D0 F1    BNE $A0ED
f3358   c99975278    i31846981    A:00 X:01 Y:06 S:DB P:nvUbdIzc  $01:A0ED: BD 15 40 LDA $4015,X @ $4016 = #$00
f3358   c99975282    i31846982    A:40 X:01 Y:06 S:DB P:nvUbdIzc  $01:A0F0: 4A       LSR
f3358   c99975284    i31846983    A:20 X:01 Y:06 S:DB P:nvUbdIzc  $01:A0F1: 26 3F    ROL $3F = #$00
f3358   c99975289    i31846984    A:20 X:01 Y:06 S:DB P:nvUbdIZc  $01:A0F3: 29 01    AND #$01
f3358   c99975291    i31846985    A:00 X:01 Y:06 S:DB P:nvUbdIZc  $01:A0F5: 05 3F    ORA $3F = #$00
f3358   c99975294    i31846986    A:00 X:01 Y:06 S:DB P:nvUbdIZc  $01:A0F7: 85 3F    STA $3F = #$00
f3358   c99975297    i31846987    A:00 X:01 Y:06 S:DB P:nvUbdIZc  $01:A0F9: 88       DEY
f3358   c99975299    i31846988    A:00 X:01 Y:05 S:DB P:nvUbdIzc  $01:A0FA: D0 F1    BNE $A0ED
f3358   c99975302    i31846989    A:00 X:01 Y:05 S:DB P:nvUbdIzc  $01:A0ED: BD 15 40 LDA $4015,X @ $4016 = #$00
f3358   c99975306    i31846990    A:40 X:01 Y:05 S:DB P:nvUbdIzc  $01:A0F0: 4A       LSR
f3358   c99975308    i31846991    A:20 X:01 Y:05 S:DB P:nvUbdIzc  $01:A0F1: 26 3F    ROL $3F = #$00
f3358   c99975313    i31846992    A:20 X:01 Y:05 S:DB P:nvUbdIZc  $01:A0F3: 29 01    AND #$01
f3358   c99975315    i31846993    A:00 X:01 Y:05 S:DB P:nvUbdIZc  $01:A0F5: 05 3F    ORA $3F = #$00
f3358   c99975318    i31846994    A:00 X:01 Y:05 S:DB P:nvUbdIZc  $01:A0F7: 85 3F    STA $3F = #$00
f3358   c99975321    i31846995    A:00 X:01 Y:05 S:DB P:nvUbdIZc  $01:A0F9: 88       DEY
f3358   c99975323    i31846996    A:00 X:01 Y:04 S:DB P:nvUbdIzc  $01:A0FA: D0 F1    BNE $A0ED
f3358   c99975326    i31846997    A:00 X:01 Y:04 S:DB P:nvUbdIzc  $01:A0ED: BD 15 40 LDA $4015,X @ $4016 = #$00
f3358   c99975330    i31846998    A:40 X:01 Y:04 S:DB P:nvUbdIzc  $01:A0F0: 4A       LSR
f3358   c99975332    i31846999    A:20 X:01 Y:04 S:DB P:nvUbdIzc  $01:A0F1: 26 3F    ROL $3F = #$00
f3358   c99975337    i31847000    A:20 X:01 Y:04 S:DB P:nvUbdIZc  $01:A0F3: 29 01    AND #$01
f3358   c99975339    i31847001    A:00 X:01 Y:04 S:DB P:nvUbdIZc  $01:A0F5: 05 3F    ORA $3F = #$00
f3358   c99975342    i31847002    A:00 X:01 Y:04 S:DB P:nvUbdIZc  $01:A0F7: 85 3F    STA $3F = #$00
f3358   c99975345    i31847003    A:00 X:01 Y:04 S:DB P:nvUbdIZc  $01:A0F9: 88       DEY
f3358   c99975347    i31847004    A:00 X:01 Y:03 S:DB P:nvUbdIzc  $01:A0FA: D0 F1    BNE $A0ED
f3358   c99975350    i31847005    A:00 X:01 Y:03 S:DB P:nvUbdIzc  $01:A0ED: BD 15 40 LDA $4015,X @ $4016 = #$00
f3358   c99975354    i31847006    A:40 X:01 Y:03 S:DB P:nvUbdIzc  $01:A0F0: 4A       LSR
f3358   c99975356    i31847007    A:20 X:01 Y:03 S:DB P:nvUbdIzc  $01:A0F1: 26 3F    ROL $3F = #$00
f3358   c99975361    i31847008    A:20 X:01 Y:03 S:DB P:nvUbdIZc  $01:A0F3: 29 01    AND #$01
f3358   c99975363    i31847009    A:00 X:01 Y:03 S:DB P:nvUbdIZc  $01:A0F5: 05 3F    ORA $3F = #$00
f3358   c99975366    i31847010    A:00 X:01 Y:03 S:DB P:nvUbdIZc  $01:A0F7: 85 3F    STA $3F = #$00
f3358   c99975369    i31847011    A:00 X:01 Y:03 S:DB P:nvUbdIZc  $01:A0F9: 88       DEY
f3358   c99975371    i31847012    A:00 X:01 Y:02 S:DB P:nvUbdIzc  $01:A0FA: D0 F1    BNE $A0ED
f3358   c99975374    i31847013    A:00 X:01 Y:02 S:DB P:nvUbdIzc  $01:A0ED: BD 15 40 LDA $4015,X @ $4016 = #$00
f3358   c99975378    i31847014    A:40 X:01 Y:02 S:DB P:nvUbdIzc  $01:A0F0: 4A       LSR
f3358   c99983772    i31849565    A:02 X:6C Y:F8 S:EC P:nvUbdizc  $01:A8EE: 99 02 02 STA $0202,Y @ $02FA = #$02
f3358   c99983777    i31849566    A:02 X:6C Y:F8 S:EC P:nvUbdizc  $01:A8F1: B9 6B 04 LDA $046B,Y @ $0563 = #$8C
f3358   c99983782    i31849567    A:8C X:6C Y:F8 S:EC P:NvUbdizc  $01:A8F4: 99 03 02 STA $0203,Y @ $02FB = #$8C
f3358   c99983787    i31849568    A:8C X:6C Y:F8 S:EC P:NvUbdizc  $01:A8F7: C8       INY
f3358   c99983789    i31849569    A:8C X:6C Y:F9 S:EC P:NvUbdizc  $01:A8F8: C8       INY
f3358   c99983791    i31849570    A:8C X:6C Y:FA S:EC P:NvUbdizc  $01:A8F9: C8       INY
f3358   c99983793    i31849571    A:8C X:6C Y:FB S:EC P:NvUbdizc  $01:A8FA: C8       INY
f3358   c99983795    i31849572    A:8C X:6C Y:FC S:EC P:NvUbdizc  $01:A8FB: D0 D8    BNE $A8D5
f3358   c99983798    i31849573    A:8C X:6C Y:FC S:EC P:NvUbdizc  $01:A8D5: BE 68 04 LDX $0468,Y @ $0564 = #$00
f3358   c99983803    i31849574    A:8C X:00 Y:FC S:EC P:nvUbdiZc  $01:A8D8: B9 6A 04 LDA $046A,Y @ $0566 = #$00
f3358   c99983808    i31849575    A:00 X:00 Y:FC S:EC P:nvUbdiZc  $01:A8DB: 29 0C    AND #$0C
f3358   c99983810    i31849576    A:00 X:00 Y:FC S:EC P:nvUbdiZc  $01:A8DD: F0 02    BEQ $A8E1
f3358   c99983813    i31849577    A:00 X:00 Y:FC S:EC P:nvUbdiZc  $01:A8E1: 8A       TXA
f3358   c99983815    i31849578    A:00 X:00 Y:FC S:EC P:nvUbdiZc  $01:A8E2: 99 00 02 STA $0200,Y @ $02FC = #$00
f3358   c99983820    i31849579    A:00 X:00 Y:FC S:EC P:nvUbdiZc  $01:A8E5: B9 69 04 LDA $0469,Y @ $0565 = #$00
f3358   c99983825    i31849580    A:00 X:00 Y:FC S:EC P:nvUbdiZc  $01:A8E8: 99 01 02 STA $0201,Y @ $02FD = #$00
f3358   c99983830    i31849581    A:00 X:00 Y:FC S:EC P:nvUbdiZc  $01:A8EB: B9 6A 04 LDA $046A,Y @ $0566 = #$00
f3358   c99983835    i31849582    A:00 X:00 Y:FC S:EC P:nvUbdiZc  $01:A8EE: 99 02 02 STA $0202,Y @ $02FE = #$00
f3358   c99983840    i31849583    A:00 X:00 Y:FC S:EC P:nvUbdiZc  $01:A8F1: B9 6B 04 LDA $046B,Y @ $0567 = #$F8
f3358   c99983845    i31849584    A:F8 X:00 Y:FC S:EC P:NvUbdizc  $01:A8F4: 99 03 02 STA $0203,Y @ $02FF = #$F8
f3358   c99983850    i31849585    A:F8 X:00 Y:FC S:EC P:NvUbdizc  $01:A8F7: C8       INY
f3358   c99983852    i31849586    A:F8 X:00 Y:FD S:EC P:NvUbdizc  $01:A8F8: C8       INY
f3358   c99983854    i31849587    A:F8 X:00 Y:FE S:EC P:NvUbdizc  $01:A8F9: C8       INY
f3358   c99983856    i31849588    A:F8 X:00 Y:FF S:EC P:NvUbdizc  $01:A8FA: C8       INY
f3358   c99983858    i31849589    A:F8 X:00 Y:00 S:EC P:nvUbdiZc  $01:A8FB: D0 D8    BNE $A8D5
f3358   c99983860    i31849590    A:F8 X:00 Y:00 S:EC P:nvUbdiZc  $01:A8FD: 60       RTS (from $A215)
f3358   c99983866    i31849591    A:F8 X:00 Y:00 S:EE P:nvUbdiZc  $00:8392: A2 06    LDX #$06
f3358   c99983868    i31849592    A:F8 X:06 Y:00 S:EE P:nvUbdizc  $00:8394: 20 B9 C4 JSR $C4B9
f3358   c99983874    i31849593    A:F8 X:06 Y:00 S:EC P:nvUbdizc  $0F:C4B9: 86 25    STX $25 = #$02
f3358   c99983877    i31849594    A:F8 X:06 Y:00 S:EC P:nvUbdizc  $0F:C4BB: A9 07    LDA #$07
f3358   c99983879    i31849595    A:07 X:06 Y:00 S:EC P:nvUbdizc  $0F:C4BD: 05 22    ORA $22 = #$00
f3358   c99983882    i31849596    A:07 X:06 Y:00 S:EC P:nvUbdizc  $0F:C4BF: 85 23    STA $23 = #$06
f3358   c99983885    i31849597    A:07 X:06 Y:00 S:EC P:nvUbdizc  $0F:C4C1: 8D 00 80 STA $8000 = #$A5
f3358   c99983889    i31849598    A:07 X:06 Y:00 S:EC P:nvUbdizc  $0F:C4C4: 8E 01 80 STX $8001 = #$27
f3358   c99983893    i31849599    A:07 X:06 Y:00 S:EC P:nvUbdizc  $0F:C4C7: 60       RTS (from $C4B9)
f3358   c99983899    i31849600    A:07 X:06 Y:00 S:EE P:nvUbdizc  $00:8397: 60       RTS (from $838A)
f3358   c99983905    i31849601    A:07 X:06 Y:00 S:F0 P:nvUbdizc  $00:82F0: A5 4C    LDA $4C = #$00
f3358   c99983908    i31849602    A:00 X:06 Y:00 S:F0 P:nvUbdiZc  $00:82F2: 10 F9    BPL $82ED
f3358   c99983911    i31849603    A:00 X:06 Y:00 S:F0 P:nvUbdiZc  $00:82ED: 20 8A 83 JSR $838A
f3358   c99983917    i31849604    A:00 X:06 Y:00 S:EE P:nvUbdiZc  $00:838A: A2 02    LDX #$02
f3358   c99983919    i31849605    A:00 X:02 Y:00 S:EE P:nvUbdizc  $00:838C: 20 B9 C4 JSR $C4B9
f3359   c100004765   i31856346    A:00 X:02 Y:08 S:DB P:nvUbdIzc  $01:A0ED: BD 15 40 LDA $4015,X @ $4017 = #$01
f3359   c100004769   i31856347    A:40 X:02 Y:08 S:DB P:nvUbdIzc  $01:A0F0: 4A       LSR
f3359   c100004771   i31856348    A:20 X:02 Y:08 S:DB P:nvUbdIzc  $01:A0F1: 26 3F    ROL $3F = #$00
f3359   c100004776   i31856349    A:20 X:02 Y:08 S:DB P:nvUbdIZc  $01:A0F3: 29 01    AND #$01
f3359   c100004778   i31856350    A:00 X:02 Y:08 S:DB P:nvUbdIZc  $01:A0F5: 05 3F    ORA $3F = #$00
f3359   c100004781   i31856351    A:00 X:02 Y:08 S:DB P:nvUbdIZc  $01:A0F7: 85 3F    STA $3F = #$00
f3359   c100004784   i31856352    A:00 X:02 Y:08 S:DB P:nvUbdIZc  $01:A0F9: 88       DEY
f3359   c100004786   i31856353    A:00 X:02 Y:07 S:DB P:nvUbdIzc  $01:A0FA: D0 F1    BNE $A0ED
f3359   c100004789   i31856354    A:00 X:02 Y:07 S:DB P:nvUbdIzc  $01:A0ED: BD 15 40 LDA $4015,X @ $4017 = #$01
f3359   c100004793   i31856355    A:40 X:02 Y:07 S:DB P:nvUbdIzc  $01:A0F0: 4A       LSR
f3359   c100004795   i31856356    A:20 X:02 Y:07 S:DB P:nvUbdIzc  $01:A0F1: 26 3F    ROL $3F = #$00
f3359   c100004800   i31856357    A:20 X:02 Y:07 S:DB P:nvUbdIZc  $01:A0F3: 29 01    AND #$01
f3359   c100004802   i31856358    A:00 X:02 Y:07 S:DB P:nvUbdIZc  $01:A0F5: 05 3F    ORA $3F = #$00
f3359   c100004805   i31856359    A:00 X:02 Y:07 S:DB P:nvUbdIZc  $01:A0F7: 85 3F    STA $3F = #$00
f3359   c100004808   i31856360    A:00 X:02 Y:07 S:DB P:nvUbdIZc  $01:A0F9: 88       DEY
f3359   c100004810   i31856361    A:00 X:02 Y:06 S:DB P:nvUbdIzc  $01:A0FA: D0 F1    BNE $A0ED
f3359   c100004813   i31856362    A:00 X:02 Y:06 S:DB P:nvUbdIzc  $01:A0ED: BD 15 40 LDA $4015,X @ $4017 = #$01
f3359   c100004817   i31856363    A:40 X:02 Y:06 S:DB P:nvUbdIzc  $01:A0F0: 4A       LSR
f3359   c100004819   i31856364    A:20 X:02 Y:06 S:DB P:nvUbdIzc  $01:A0F1: 26 3F    ROL $3F = #$00
f3359   c100004824   i31856365    A:20 X:02 Y:06 S:DB P:nvUbdIZc  $01:A0F3: 29 01    AND #$01
f3359   c100004826   i31856366    A:00 X:02 Y:06 S:DB P:nvUbdIZc  $01:A0F5: 05 3F    ORA $3F = #$00
f3359   c100004829   i31856367    A:00 X:02 Y:06 S:DB P:nvUbdIZc  $01:A0F7: 85 3F    STA $3F = #$00
f3359   c100004832   i31856368    A:00 X:02 Y:06 S:DB P:nvUbdIZc  $01:A0F9: 88       DEY
f3359   c100004834   i31856369    A:00 X:02 Y:05 S:DB P:nvUbdIzc  $01:A0FA: D0 F1    BNE $A0ED
f3359   c100004837   i31856370    A:00 X:02 Y:05 S:DB P:nvUbdIzc  $01:A0ED: BD 15 40 LDA $4015,X @ $4017 = #$01
f3359   c100004841   i31856371    A:40 X:02 Y:05 S:DB P:nvUbdIzc  $01:A0F0: 4A       LSR
f3359   c100004843   i31856372    A:20 X:02 Y:05 S:DB P:nvUbdIzc  $01:A0F1: 26 3F    ROL $3F = #$00
f3359   c100004848   i31856373    A:20 X:02 Y:05 S:DB P:nvUbdIZc  $01:A0F3: 29 01    AND #$01
f3359   c100004850   i31856374    A:00 X:02 Y:05 S:DB P:nvUbdIZc  $01:A0F5: 05 3F    ORA $3F = #$00
f3359   c100004853   i31856375    A:00 X:02 Y:05 S:DB P:nvUbdIZc  $01:A0F7: 85 3F    STA $3F = #$00
f3359   c100004856   i31856376    A:00 X:02 Y:05 S:DB P:nvUbdIZc  $01:A0F9: 88       DEY
f3359   c100004858   i31856377    A:00 X:02 Y:04 S:DB P:nvUbdIzc  $01:A0FA: D0 F1    BNE $A0ED
f3359   c100004861   i31856378    A:00 X:02 Y:04 S:DB P:nvUbdIzc  $01:A0ED: BD 15 40 LDA $4015,X @ $4017 = #$01
f3359   c100004865   i31856379    A:40 X:02 Y:04 S:DB P:nvUbdIzc  $01:A0F0: 4A       LSR
f3359   c100004867   i31856380    A:20 X:02 Y:04 S:DB P:nvUbdIzc  $01:A0F1: 26 3F    ROL $3F = #$00
f3359   c100004872   i31856381    A:20 X:02 Y:04 S:DB P:nvUbdIZc  $01:A0F3: 29 01    AND #$01
f3359   c100004874   i31856382    A:00 X:02 Y:04 S:DB P:nvUbdIZc  $01:A0F5: 05 3F    ORA $3F = #$00
f3359   c100004877   i31856383    A:00 X:02 Y:04 S:DB P:nvUbdIZc  $01:A0F7: 85 3F    STA $3F = #$00
f3359   c100004880   i31856384    A:00 X:02 Y:04 S:DB P:nvUbdIZc  $01:A0F9: 88       DEY
f3359   c100004882   i31856385    A:00 X:02 Y:03 S:DB P:nvUbdIzc  $01:A0FA: D0 F1    BNE $A0ED
f3359   c100004885   i31856386    A:00 X:02 Y:03 S:DB P:nvUbdIzc  $01:A0ED: BD 15 40 LDA $4015,X @ $4017 = #$01
f3359   c100004889   i31856387    A:40 X:02 Y:03 S:DB P:nvUbdIzc  $01:A0F0: 4A       LSR
f3359   c100006321   i31856855    A:AA X:13 Y:00 S:15 P:NvUbdizc  $00:9F3B: 68       PLA
f3359   c100006325   i31856856    A:03 X:13 Y:00 S:16 P:nvUbdizc  $00:9F3C: 85 E8    STA $E8 = #$00
f3359   c100006328   i31856857    A:03 X:13 Y:00 S:16 P:nvUbdizc  $00:9F3E: 68       PLA
f3359   c100006332   i31856858    A:20 X:13 Y:00 S:17 P:nvUbdizc  $00:9F3F: 85 E9    STA $E9 = #$08
f3359   c100006335   i31856859    A:20 X:13 Y:00 S:17 P:nvUbdizc  $00:9F41: 68       PLA
f3359   c100006339   i31856860    A:05 X:13 Y:00 S:18 P:nvUbdizc  $00:9F42: 85 EA    STA $EA = #$04
f3359   c100006342   i31856861    A:05 X:13 Y:00 S:18 P:nvUbdizc  $00:9F44: 68       PLA
f3359   c100006346   i31856862    A:B1 X:13 Y:00 S:19 P:NvUbdizc  $00:9F45: 85 EB    STA $EB = #$0D
f3359   c100006349   i31856863    A:B1 X:13 Y:00 S:19 P:NvUbdizc  $00:9F47: 68       PLA
f3359   c100006353   i31856864    A:30 X:13 Y:00 S:1A P:nvUbdizc  $00:9F48: 85 EC    STA $EC = #$38
f3359   c100006356   i31856865    A:30 X:13 Y:00 S:1A P:nvUbdizc  $00:9F4A: 68       PLA
f3359   c100006360   i31856866    A:01 X:13 Y:00 S:1B P:nvUbdizc  $00:9F4B: 85 ED    STA $ED = #$B8
f3359   c100006363   i31856867    A:01 X:13 Y:00 S:1B P:nvUbdizc  $00:9F4D: 68       PLA
f3359   c100006367   i31856868    A:BC X:13 Y:00 S:1C P:NvUbdizc  $00:9F4E: A8       TAY
f3359   c100006369   i31856869    A:BC X:13 Y:BC S:1C P:NvUbdizc  $00:9F4F: 68       PLA
f3359   c100006373   i31856870    A:21 X:13 Y:BC S:1D P:nvUbdizc  $00:9F50: AA       TAX
f3359   c100006375   i31856871    A:21 X:21 Y:BC S:1D P:nvUbdizc  $00:9F51: 60       RTS (from $9FA8)
f3359   c100006381   i31856872    A:21 X:21 Y:BC S:1F P:nvUbdizc  $00:9B33: 68       PLA
f3359   c100006385   i31856873    A:04 X:21 Y:BC S:20 P:nvUbdizc  $00:9B34: 4C 28 9B JMP $9B28
f3359   c100006388   i31856874    A:04 X:21 Y:BC S:20 P:nvUbdizc  $00:9B28: 48       PHA
f3359   c100006391   i31856875    A:04 X:21 Y:BC S:1F P:nvUbdizc  $00:9B29: 2C 29 06 BIT $0629 = #$04
f3359   c100006395   i31856876    A:04 X:21 Y:BC S:1F P:nvUbdizc  $00:9B2C: 50 09    BVC $9B37
f3359   c100006398   i31856877    A:04 X:21 Y:BC S:1F P:nvUbdizc  $00:9B37: 29 3F    AND #$3F
f3359   c100006400   i31856878    A:04 X:21 Y:BC S:1F P:nvUbdizc  $00:9B39: 18       CLC
f3359   c100006402   i31856879    A:04 X:21 Y:BC S:1F P:nvUbdizc  $00:9B3A: 6D 28 06 ADC $0628 = #$00
f3359   c100006406   i31856880    A:04 X:21 Y:BC S:1F P:nvUbdizc  $00:9B3D: C9 3D    CMP #$3D
f3359   c100006408   i31856881    A:04 X:21 Y:BC S:1F P:NvUbdizc  $00:9B3F: B0 ED    BCS $9B2E
f3359   c100006410   i31856882    A:04 X:21 Y:BC S:1F P:NvUbdizc  $00:9B41: 68       PLA
f3359   c100006414   i31856883    A:04 X:21 Y:BC S:20 P:nvUbdizc  $00:9B42: 09 40    ORA #$40
f3359   c100006416   i31856884    A:44 X:21 Y:BC S:20 P:nvUbdizc  $00:9B44: 8D 29 06 STA $0629 = #$04
f3359   c100006420   i31856885    A:44 X:21 Y:BC S:20 P:nvUbdizc  $00:9B47: 8A       TXA
f3359   c100006422   i31856886    A:21 X:21 Y:BC S:20 P:nvUbdizc  $00:9B48: AE 28 06 LDX $0628 = #$00
f3359   c100006426   i31856887    A:21 X:00 Y:BC S:20 P:nvUbdiZc  $00:9B4B: 9D EA 05 STA $05EA,X @ $05EA = #$21
f3359   c100006431   i31856888    A:21 X:00 Y:BC S:20 P:nvUbdiZc  $00:9B4E: 98       TYA
f3359   c100006433   i31856889    A:BC X:00 Y:BC S:20 P:NvUbdizc  $00:9B4F: 9D E9 05 STA $05E9,X @ $05E9 = #$D4
f3359   c100006438   i31856890    A:BC X:00 Y:BC S:20 P:NvUbdizc  $00:9B52: AD 29 06 LDA $0629 = #$44
f3359   c100006442   i31856891    A:44 X:00 Y:BC S:20 P:nvUbdizc  $00:9B55: 29 BF    AND #$BF
f3359   c100006444   i31856892    A:04 X:00 Y:BC S:20 P:nvUbdizc  $00:9B57: 9D E8 05 STA $05E8,X @ $05E8 = #$04
f3359   c100006449   i31856893    A:04 X:00 Y:BC S:20 P:nvUbdizc  $00:9B5A: E8       INX
f3359   c100006451   i31856894    A:04 X:01 Y:BC S:20 P:nvUbdizc  $00:9B5B: E8       INX
f3359   c100006453   i31856895    A:04 X:02 Y:BC S:20 P:nvUbdizc  $00:9B5C: E8       INX
f3359   c100006455   i31856896    A:04 X:03 Y:BC S:20 P:nvUbdizc  $00:9B5D: 60       RTS (from $9B28)
f3359   c100006461   i31856897    A:04 X:03 Y:BC S:22 P:nvUbdizc  $00:8F47: A0 00    LDY #$00
f3359   c100019869   i31861130    A:40 X:19 Y:00 S:E0 P:nvUbdizC  $00:9F04: A5 1B    LDA $1B = #$40
f3359   c100019872   i31861131    A:40 X:19 Y:00 S:E0 P:nvUbdizC  $00:9F06: 10 FC    BPL $9F04
f3359   c100019875   i31861132    A:40 X:19 Y:00 S:E0 P:nvUbdizC  $00:9F04: A5 1B    LDA $1B = #$40
f3359   c100019878   i31861133    A:40 X:19 Y:00 S:E0 P:nvUbdizC  $00:9F06: 10 FC    BPL $9F04
f3359   c100019881   i31861134    A:40 X:19 Y:00 S:E0 P:nvUbdizC  $00:9F04: A5 1B    LDA $1B = #$40
f3359   c100019884   i31861135    A:40 X:19 Y:00 S:E0 P:nvUbdizC  $00:9F06: 10 FC    BPL $9F04
f3359   c100019887   i31861136    A:40 X:19 Y:00 S:E0 P:nvUbdizC  $00:9F04: A5 1B    LDA $1B = #$40
f3359   c100019890   i31861137    A:40 X:19 Y:00 S:E0 P:nvUbdizC  $00:9F06: 10 FC    BPL $9F04
f3359   c100019893   i31861138    A:40 X:19 Y:00 S:E0 P:nvUbdizC  $00:9F04: A5 1B    LDA $1B = #$40
f3359   c100019896   i31861139    A:40 X:19 Y:00 S:E0 P:nvUbdizC  $00:9F06: 10 FC    BPL $9F04
f3359   c100019899   i31861140    A:40 X:19 Y:00 S:E0 P:nvUbdizC  $00:9F04: A5 1B    LDA $1B = #$40
f3359   c100019902   i31861141    A:40 X:19 Y:00 S:E0 P:nvUbdizC  $00:9F06: 10 FC    BPL $9F04
f3359   c100019905   i31861142    A:40 X:19 Y:00 S:E0 P:nvUbdizC  $00:9F04: A5 1B    LDA $1B = #$40
f3359   c100019908   i31861143    A:40 X:19 Y:00 S:E0 P:nvUbdizC  $00:9F06: 10 FC    BPL $9F04
f3359   c100019911   i31861144    A:40 X:19 Y:00 S:E0 P:nvUbdizC  $00:9F04: A5 1B    LDA $1B = #$40
f3359   c100019914   i31861145    A:40 X:19 Y:00 S:E0 P:nvUbdizC  $00:9F06: 10 FC    BPL $9F04
f3359   c100019917   i31861146    A:40 X:19 Y:00 S:E0 P:nvUbdizC  $00:9F04: A5 1B    LDA $1B = #$40
f3359   c100019920   i31861147    A:40 X:19 Y:00 S:E0 P:nvUbdizC  $00:9F06: 10 FC    BPL $9F04
f3359   c100019923   i31861148    A:40 X:19 Y:00 S:E0 P:nvUbdizC  $00:9F04: A5 1B    LDA $1B = #$40
f3359   c100019926   i31861149    A:40 X:19 Y:00 S:E0 P:nvUbdizC  $00:9F06: 10 FC    BPL $9F04
f3359   c100019929   i31861150    A:40 X:19 Y:00 S:E0 P:nvUbdizC  $00:9F04: A5 1B    LDA $1B = #$40
f3359   c100019932   i31861151    A:40 X:19 Y:00 S:E0 P:nvUbdizC  $00:9F06: 10 FC    BPL $9F04
f3359   c100019935   i31861152    A:40 X:19 Y:00 S:E0 P:nvUbdizC  $00:9F04: A5 1B    LDA $1B = #$40
f3359   c100019938   i31861153    A:40 X:19 Y:00 S:E0 P:nvUbdizC  $00:9F06: 10 FC    BPL $9F04
f3359   c100019941   i31861154    A:40 X:19 Y:00 S:E0 P:nvUbdizC  $00:9F04: A5 1B    LDA $1B = #$40
f3359   c100019944   i31861155    A:40 X:19 Y:00 S:E0 P:nvUbdizC  $00:9F06: 10 FC    BPL $9F04
f3359   c100019954   i31861156    A:40 X:19 Y:00 S:DD P:nvUbdIzC  $0F:C506: 4C 21 C8 JMP $C821
f3359   c100019957   i31861157    A:40 X:19 Y:00 S:DD P:nvUbdIzC  $0F:C821: 24 1B    BIT $1B = #$40
f3359   c100019960   i31861158    A:40 X:19 Y:00 S:DD P:nVUbdIzC  $0F:C823: 50 03    BVC $C828
f3359   c100019962   i31861159    A:40 X:19 Y:00 S:DD P:nVUbdIzC  $0F:C825: 4C 78 C4 JMP $C478
f3359   c100019965   i31861160    A:40 X:19 Y:00 S:DD P:nVUbdIzC  $0F:C478: 24 3B    BIT $3B = #$55
f3359   c100019968   i31861161    A:40 X:19 Y:00 S:DD P:nVUbdIzC  $0F:C47A: 30 32    BMI $C4AE
f3359   c100019970   i31861162    A:40 X:19 Y:00 S:DD P:nVUbdIzC  $0F:C47C: 38       SEC
f3359   c100019972   i31861163    A:40 X:19 Y:00 S:DD P:nVUbdIzC  $0F:C47D: 66 3B    ROR $3B = #$55
f3359   c100019977   i31861164    A:40 X:19 Y:00 S:DD P:NVUbdIzC  $0F:C47F: 85 3C    STA $3C = #$40
f3359   c100019980   i31861165    A:40 X:19 Y:00 S:DD P:NVUbdIzC  $0F:C481: 86 3D    STX $3D = #$19
f3359   c100019983   i31861166    A:40 X:19 Y:00 S:DD P:NVUbdIzC  $0F:C483: 84 3E    STY $3E = #$00
f3359   c100019986   i31861167    A:40 X:19 Y:00 S:DD P:NVUbdIzC  $0F:C485: A5 22    LDA $22 = #$00
f3359   c100019989   i31861168    A:00 X:19 Y:00 S:DD P:nVUbdIZC  $0F:C487: 09 07    ORA #$07
f3359   c100019991   i31861169    A:07 X:19 Y:00 S:DD P:nVUbdIzC  $0F:C489: 8D 00 80 STA $8000 = #$A5
f3359   c100019995   i31861170    A:07 X:19 Y:00 S:DD P:nVUbdIzC  $0F:C48C: A9 02    LDA #$02
f3359   c100019997   i31861171    A:02 X:19 Y:00 S:DD P:nVUbdIzC  $0F:C48E: 8D 01 80 STA $8001 = #$27
f3360   c100034100   i31865679    A:00 X:2A Y:01 S:DB P:nvUbdIZC  $01:A039: 8D 07 20 STA $2007 = #$00
f3360   c100034104   i31865680    A:00 X:2A Y:01 S:DB P:nvUbdIZC  $01:A03C: E8       INX
f3360   c100034106   i31865681    A:00 X:2B Y:01 S:DB P:nvUbdIzC  $01:A03D: 88       DEY
f3360   c100034108   i31865682    A:00 X:2B Y:00 S:DB P:nvUbdIZC  $01:A03E: D0 F6    BNE $A036
f3360   c100034110   i31865683    A:00 X:2B Y:00 S:DB P:nvUbdIZC  $01:A040: E8       INX
f3360   c100034112   i31865684    A:00 X:2C Y:00 S:DB P:nvUbdIzC  $01:A041: E8       INX
f3360   c100034114   i31865685    A:00 X:2D Y:00 S:DB P:nvUbdIzC  $01:A042: E8       INX
f3360   c100034116   i31865686    A:00 X:2E Y:00 S:DB P:nvUbdIzC  $01:A043: BD E8 05 LDA $05E8,X @ $0616 = #$04
f3360   c100034121   i31865687    A:04 X:2E Y:00 S:DB P:nvUbdIzC  $01:A046: D0 D3    BNE $A01B
f3360   c100034124   i31865688    A:04 X:2E Y:00 S:DB P:nvUbdIzC  $01:A01B: A0 80    LDY #$80
f3360   c100034126   i31865689    A:04 X:2E Y:80 S:DB P:NvUbdIzC  $01:A01D: BD E8 05 LDA $05E8,X @ $0616 = #$04
f3360   c100034131   i31865690    A:04 X:2E Y:80 S:DB P:nvUbdIzC  $01:A020: 10 04    BPL $A026
f3360   c100034134   i31865691    A:04 X:2E Y:80 S:DB P:nvUbdIzC  $01:A026: 8C 00 20 STY $2000 = #$80
f3360   c100034138   i31865692    A:04 X:2E Y:80 S:DB P:nvUbdIzC  $01:A029: A8       TAY
f3360   c100034140   i31865693    A:04 X:2E Y:04 S:DB P:nvUbdIzC  $01:A02A: BD EA 05 LDA $05EA,X @ $0618 = #$22
f3360   c100034145   i31865694    A:22 X:2E Y:04 S:DB P:nvUbdIzC  $01:A02D: 8D 06 20 STA $2006 = #$44
f3360   c100034149   i31865695    A:22 X:2E Y:04 S:DB P:nvUbdIzC  $01:A030: BD E9 05 LDA $05E9,X @ $0617 = #$60
f3360   c100034154   i31865696    A:60 X:2E Y:04 S:DB P:nvUbdIzC  $01:A033: 8D 06 20 STA $2006 = #$44
f3360   c100034158   i31865697    A:60 X:2E Y:04 S:DB P:nvUbdIzC  $01:A036: BD EB 05 LDA $05EB,X @ $0619 = #$00
f3360   c100034163   i31865698    A:00 X:2E Y:04 S:DB P:nvUbdIZC  $01:A039: 8D 07 20 STA $2007 = #$00
f3360   c100034167   i31865699    A:00 X:2E Y:04 S:DB P:nvUbdIZC  $01:A03C: E8       INX
f3360   c100034169   i31865700    A:00 X:2F Y:04 S:DB P:nvUbdIzC  $01:A03D: 88       DEY
f3360   c100034171   i31865701    A:00 X:2F Y:03 S:DB P:nvUbdIzC  $01:A03E: D0 F6    BNE $A036
f3360   c100034174   i31865702    A:00 X:2F Y:03 S:DB P:nvUbdIzC  $01:A036: BD EB 05 LDA $05EB,X @ $061A = #$00
f3360   c100034179   i31865703    A:00 X:2F Y:03 S:DB P:nvUbdIZC  $01:A039: 8D 07 20 STA $2007 = #$00
f3360   c100034183   i31865704    A:00 X:2F Y:03 S:DB P:nvUbdIZC  $01:A03C: E8       INX
f3360   c100034185   i31865705    A:00 X:30 Y:03 S:DB P:nvUbdIzC  $01:A03D: 88       DEY
f3360   c100034187   i31865706    A:00 X:30 Y:02 S:DB P:nvUbdIzC  $01:A03E: D0 F6    BNE $A036
f3360   c100034190   i31865707    A:00 X:30 Y:02 S:DB P:nvUbdIzC  $01:A036: BD EB 05 LDA $05EB,X @ $061B = #$00
f3360   c100034195   i31865708    A:00 X:30 Y:02 S:DB P:nvUbdIZC  $01:A039: 8D 07 20 STA $2007 = #$00
f3360   c100034199   i31865709    A:00 X:30 Y:02 S:DB P:nvUbdIZC  $01:A03C: E8       INX
f3360   c100034201   i31865710    A:00 X:31 Y:02 S:DB P:nvUbdIzC  $01:A03D: 88       DEY
f3360   c100034203   i31865711    A:00 X:31 Y:01 S:DB P:nvUbdIzC  $01:A03E: D0 F6    BNE $A036
f3360   c100034206   i31865712    A:00 X:31 Y:01 S:DB P:nvUbdIzC  $01:A036: BD EB 05 LDA $05EB,X @ $061C = #$00
f3360   c100034211   i31865713    A:00 X:31 Y:01 S:DB P:nvUbdIZC  $01:A039: 8D 07 20 STA $2007 = #$00
f3360   c100034215   i31865714    A:00 X:31 Y:01 S:DB P:nvUbdIZC  $01:A03C: E8       INX
f3360   c100034217   i31865715    A:00 X:32 Y:01 S:DB P:nvUbdIzC  $01:A03D: 88       DEY
f3360   c100034219   i31865716    A:00 X:32 Y:00 S:DB P:nvUbdIZC  $01:A03E: D0 F6    BNE $A036
f3360   c100034221   i31865717    A:00 X:32 Y:00 S:DB P:nvUbdIZC  $01:A040: E8       INX
f3360   c100034223   i31865718    A:00 X:33 Y:00 S:DB P:nvUbdIzC  $01:A041: E8       INX
f3360   c100034225   i31865719    A:00 X:34 Y:00 S:DB P:nvUbdIzC  $01:A042: E8       INX
f3360   c100034227   i31865720    A:00 X:35 Y:00 S:DB P:nvUbdIzC  $01:A043: BD E8 05 LDA $05E8,X @ $061D = #$01
f3361   c100063993   i31875179    A:00 X:31 Y:01 S:DB P:nvUbdIZC  $01:A039: 8D 07 20 STA $2007 = #$00
f3361   c100063997   i31875180    A:00 X:31 Y:01 S:DB P:nvUbdIZC  $01:A03C: E8       INX
f3361   c100063999   i31875181    A:00 X:32 Y:01 S:DB P:nvUbdIzC  $01:A03D: 88       DEY
f3361   c100064001   i31875182    A:00 X:32 Y:00 S:DB P:nvUbdIZC  $01:A03E: D0 F6    BNE $A036
f3361   c100064003   i31875183    A:00 X:32 Y:00 S:DB P:nvUbdIZC  $01:A040: E8       INX
f3361   c100064005   i31875184    A:00 X:33 Y:00 S:DB P:nvUbdIzC  $01:A041: E8       INX
f3361   c100064007   i31875185    A:00 X:34 Y:00 S:DB P:nvUbdIzC  $01:A042: E8       INX
f3361   c100064009   i31875186    A:00 X:35 Y:00 S:DB P:nvUbdIzC  $01:A043: BD E8 05 LDA $05E8,X @ $061D = #$04
f3361   c100064014   i31875187    A:04 X:35 Y:00 S:DB P:nvUbdIzC  $01:A046: D0 D3    BNE $A01B
f3361   c100064017   i31875188    A:04 X:35 Y:00 S:DB P:nvUbdIzC  $01:A01B: A0 80    LDY #$80
f3361   c100064019   i31875189    A:04 X:35 Y:80 S:DB P:NvUbdIzC  $01:A01D: BD E8 05 LDA $05E8,X @ $061D = #$04
f3361   c100064024   i31875190    A:04 X:35 Y:80 S:DB P:nvUbdIzC  $01:A020: 10 04    BPL $A026
f3361   c100064027   i31875191    A:04 X:35 Y:80 S:DB P:nvUbdIzC  $01:A026: 8C 00 20 STY $2000 = #$80
f3361   c100064031   i31875192    A:04 X:35 Y:80 S:DB P:nvUbdIzC  $01:A029: A8       TAY
f3361   c100064033   i31875193    A:04 X:35 Y:04 S:DB P:nvUbdIzC  $01:A02A: BD EA 05 LDA $05EA,X @ $061F = #$22
f3361   c100064038   i31875194    A:22 X:35 Y:04 S:DB P:nvUbdIzC  $01:A02D: 8D 06 20 STA $2006 = #$4C
f3361   c100064042   i31875195    A:22 X:35 Y:04 S:DB P:nvUbdIzC  $01:A030: BD E9 05 LDA $05E9,X @ $061E = #$68
f3361   c100064047   i31875196    A:68 X:35 Y:04 S:DB P:nvUbdIzC  $01:A033: 8D 06 20 STA $2006 = #$4C
f3361   c100064051   i31875197    A:68 X:35 Y:04 S:DB P:nvUbdIzC  $01:A036: BD EB 05 LDA $05EB,X @ $0620 = #$00
f3361   c100064056   i31875198    A:00 X:35 Y:04 S:DB P:nvUbdIZC  $01:A039: 8D 07 20 STA $2007 = #$00
f3361   c100064060   i31875199    A:00 X:35 Y:04 S:DB P:nvUbdIZC  $01:A03C: E8       INX
f3361   c100064062   i31875200    A:00 X:36 Y:04 S:DB P:nvUbdIzC  $01:A03D: 88       DEY
f3361   c100064064   i31875201    A:00 X:36 Y:03 S:DB P:nvUbdIzC  $01:A03E: D0 F6    BNE $A036
f3361   c100064067   i31875202    A:00 X:36 Y:03 S:DB P:nvUbdIzC  $01:A036: BD EB 05 LDA $05EB,X @ $0621 = #$00
f3361   c100064072   i31875203    A:00 X:36 Y:03 S:DB P:nvUbdIZC  $01:A039: 8D 07 20 STA $2007 = #$00
f3361   c100064076   i31875204    A:00 X:36 Y:03 S:DB P:nvUbdIZC  $01:A03C: E8       INX
f3361   c100064078   i31875205    A:00 X:37 Y:03 S:DB P:nvUbdIzC  $01:A03D: 88       DEY
f3361   c100064080   i31875206    A:00 X:37 Y:02 S:DB P:nvUbdIzC  $01:A03E: D0 F6    BNE $A036
f3361   c100064083   i31875207    A:00 X:37 Y:02 S:DB P:nvUbdIzC  $01:A036: BD EB 05 LDA $05EB,X @ $0622 = #$00
f3361   c100064088   i31875208    A:00 X:37 Y:02 S:DB P:nvUbdIZC  $01:A039: 8D 07 20 STA $2007 = #$00
f3361   c100064092   i31875209    A:00 X:37 Y:02 S:DB P:nvUbdIZC  $01:A03C: E8       INX
f3361   c100064094   i31875210    A:00 X:38 Y:02 S:DB P:nvUbdIzC  $01:A03D: 88       DEY
f3361   c100064096   i31875211    A:00 X:38 Y:01 S:DB P:nvUbdIzC  $01:A03E: D0 F6    BNE $A036
f3361   c100064099   i31875212    A:00 X:38 Y:01 S:DB P:nvUbdIzC  $01:A036: BD EB 05 LDA $05EB,X @ $0623 = #$00
f3361   c100064104   i31875213    A:00 X:38 Y:01 S:DB P:nvUbdIZC  $01:A039: 8D 07 20 STA $2007 = #$00
f3361   c100064108   i31875214    A:00 X:38 Y:01 S:DB P:nvUbdIZC  $01:A03C: E8       INX
f3361   c100064110   i31875215    A:00 X:39 Y:01 S:DB P:nvUbdIzC  $01:A03D: 88       DEY
f3361   c100064112   i31875216    A:00 X:39 Y:00 S:DB P:nvUbdIZC  $01:A03E: D0 F6    BNE $A036
f3361   c100064114   i31875217    A:00 X:39 Y:00 S:DB P:nvUbdIZC  $01:A040: E8       INX
f3361   c100064116   i31875218    A:00 X:3A Y:00 S:DB P:nvUbdIzC  $01:A041: E8       INX
f3361   c100064118   i31875219    A:00 X:3B Y:00 S:DB P:nvUbdIzC  $01:A042: E8       INX
f3361   c100064120   i31875220    A:00 X:3C Y:00 S:DB P:nvUbdIzC  $01:A043: BD E8 05 LDA $05E8,X @ $0624 = #$00
f3361   c100064398   i31875305    A:00 X:02 Y:07 S:DB P:nvUbdIzc  $01:A0ED: BD 15 40 LDA $4015,X @ $4017 = #$01
f3361   c100064402   i31875306    A:40 X:02 Y:07 S:DB P:nvUbdIzc  $01:A0F0: 4A       LSR
f3361   c100064404   i31875307    A:20 X:02 Y:07 S:DB P:nvUbdIzc  $01:A0F1: 26 3F    ROL $3F = #$00
f3361   c100064409   i31875308    A:20 X:02 Y:07 S:DB P:nvUbdIZc  $01:A0F3: 29 01    AND #$01
f3361   c100064411   i31875309    A:00 X:02 Y:07 S:DB P:nvUbdIZc  $01:A0F5: 05 3F    ORA $3F = #$00
f3361   c100064414   i31875310    A:00 X:02 Y:07 S:DB P:nvUbdIZc  $01:A0F7: 85 3F    STA $3F = #$00
f3361   c100064417   i31875311    A:00 X:02 Y:07 S:DB P:nvUbdIZc  $01:A0F9: 88       DEY
f3361   c100064419   i31875312    A:00 X:02 Y:06 S:DB P:nvUbdIzc  $01:A0FA: D0 F1    BNE $A0ED
f3361   c100064422   i31875313    A:00 X:02 Y:06 S:DB P:nvUbdIzc  $01:A0ED: BD 15 40 LDA $4015,X @ $4017 = #$01
f3361   c100064426   i31875314    A:40 X:02 Y:06 S:DB P:nvUbdIzc  $01:A0F0: 4A       LSR
f3361   c100064428   i31875315    A:20 X:02 Y:06 S:DB P:nvUbdIzc  $01:A0F1: 26 3F    ROL $3F = #$00
f3361   c100064433   i31875316    A:20 X:02 Y:06 S:DB P:nvUbdIZc  $01:A0F3: 29 01    AND #$01
f3361   c100064435   i31875317    A:00 X:02 Y:06 S:DB P:nvUbdIZc  $01:A0F5: 05 3F    ORA $3F = #$00
f3361   c100064438   i31875318    A:00 X:02 Y:06 S:DB P:nvUbdIZc  $01:A0F7: 85 3F    STA $3F = #$00
f3361   c100064441   i31875319    A:00 X:02 Y:06 S:DB P:nvUbdIZc  $01:A0F9: 88       DEY
f3361   c100064443   i31875320    A:00 X:02 Y:05 S:DB P:nvUbdIzc  $01:A0FA: D0 F1    BNE $A0ED
f3361   c100064446   i31875321    A:00 X:02 Y:05 S:DB P:nvUbdIzc  $01:A0ED: BD 15 40 LDA $4015,X @ $4017 = #$01
f3361   c100064450   i31875322    A:40 X:02 Y:05 S:DB P:nvUbdIzc  $01:A0F0: 4A       LSR
f3361   c100064452   i31875323    A:20 X:02 Y:05 S:DB P:nvUbdIzc  $01:A0F1: 26 3F    ROL $3F = #$00
f3361   c100064457   i31875324    A:20 X:02 Y:05 S:DB P:nvUbdIZc  $01:A0F3: 29 01    AND #$01
f3361   c100064459   i31875325    A:00 X:02 Y:05 S:DB P:nvUbdIZc  $01:A0F5: 05 3F    ORA $3F = #$00
f3361   c100064462   i31875326    A:00 X:02 Y:05 S:DB P:nvUbdIZc  $01:A0F7: 85 3F    STA $3F = #$00
f3361   c100064465   i31875327    A:00 X:02 Y:05 S:DB P:nvUbdIZc  $01:A0F9: 88       DEY
f3361   c100064467   i31875328    A:00 X:02 Y:04 S:DB P:nvUbdIzc  $01:A0FA: D0 F1    BNE $A0ED
f3361   c100064470   i31875329    A:00 X:02 Y:04 S:DB P:nvUbdIzc  $01:A0ED: BD 15 40 LDA $4015,X @ $4017 = #$01
f3361   c100064474   i31875330    A:40 X:02 Y:04 S:DB P:nvUbdIzc  $01:A0F0: 4A       LSR
f3361   c100064476   i31875331    A:20 X:02 Y:04 S:DB P:nvUbdIzc  $01:A0F1: 26 3F    ROL $3F = #$00
f3361   c100064481   i31875332    A:20 X:02 Y:04 S:DB P:nvUbdIZc  $01:A0F3: 29 01    AND #$01
f3361   c100064483   i31875333    A:00 X:02 Y:04 S:DB P:nvUbdIZc  $01:A0F5: 05 3F    ORA $3F = #$00
f3361   c100064486   i31875334    A:00 X:02 Y:04 S:DB P:nvUbdIZc  $01:A0F7: 85 3F    STA $3F = #$00
f3361   c100064489   i31875335    A:00 X:02 Y:04 S:DB P:nvUbdIZc  $01:A0F9: 88       DEY
f3361   c100064491   i31875336    A:00 X:02 Y:03 S:DB P:nvUbdIzc  $01:A0FA: D0 F1    BNE $A0ED
f3361   c100064494   i31875337    A:00 X:02 Y:03 S:DB P:nvUbdIzc  $01:A0ED: BD 15 40 LDA $4015,X @ $4017 = #$01
f3361   c100064498   i31875338    A:40 X:02 Y:03 S:DB P:nvUbdIzc  $01:A0F0: 4A       LSR
f3361   c100064500   i31875339    A:20 X:02 Y:03 S:DB P:nvUbdIzc  $01:A0F1: 26 3F    ROL $3F = #$00
f3361   c100064505   i31875340    A:20 X:02 Y:03 S:DB P:nvUbdIZc  $01:A0F3: 29 01    AND #$01
f3361   c100064507   i31875341    A:00 X:02 Y:03 S:DB P:nvUbdIZc  $01:A0F5: 05 3F    ORA $3F = #$00
f3361   c100064510   i31875342    A:00 X:02 Y:03 S:DB P:nvUbdIZc  $01:A0F7: 85 3F    STA $3F = #$00
f3361   c100064513   i31875343    A:00 X:02 Y:03 S:DB P:nvUbdIZc  $01:A0F9: 88       DEY
f3361   c100064515   i31875344    A:00 X:02 Y:02 S:DB P:nvUbdIzc  $01:A0FA: D0 F1    BNE $A0ED
f3361   c100064518   i31875345    A:00 X:02 Y:02 S:DB P:nvUbdIzc  $01:A0ED: BD 15 40 LDA $4015,X @ $4017 = #$01
f3361   c100064522   i31875346    A:40 X:02 Y:02 S:DB P:nvUbdIzc  $01:A0F0: 4A       LSR
f3362   c100093221   i31884473    A:00 X:0E Y:01 S:DB P:nvUbdIzC  $01:A036: BD EB 05 LDA $05EB,X @ $05F9 = #$00
f3362   c100093225   i31884474    A:00 X:0E Y:01 S:DB P:nvUbdIZC  $01:A039: 8D 07 20 STA $2007 = #$00
f3362   c100093229   i31884475    A:00 X:0E Y:01 S:DB P:nvUbdIZC  $01:A03C: E8       INX
f3362   c100093231   i31884476    A:00 X:0F Y:01 S:DB P:nvUbdIzC  $01:A03D: 88       DEY
f3362   c100093233   i31884477    A:00 X:0F Y:00 S:DB P:nvUbdIZC  $01:A03E: D0 F6    BNE $A036
f3362   c100093235   i31884478    A:00 X:0F Y:00 S:DB P:nvUbdIZC  $01:A040: E8       INX
f3362   c100093237   i31884479    A:00 X:10 Y:00 S:DB P:nvUbdIzC  $01:A041: E8       INX
f3362   c100093239   i31884480    A:00 X:11 Y:00 S:DB P:nvUbdIzC  $01:A042: E8       INX
f3362   c100093241   i31884481    A:00 X:12 Y:00 S:DB P:nvUbdIzC  $01:A043: BD E8 05 LDA $05E8,X @ $05FA = #$04
f3362   c100093245   i31884482    A:04 X:12 Y:00 S:DB P:nvUbdIzC  $01:A046: D0 D3    BNE $A01B
f3362   c100093248   i31884483    A:04 X:12 Y:00 S:DB P:nvUbdIzC  $01:A01B: A0 80    LDY #$80
f3362   c100093250   i31884484    A:04 X:12 Y:80 S:DB P:NvUbdIzC  $01:A01D: BD E8 05 LDA $05E8,X @ $05FA = #$04
f3362   c100093254   i31884485    A:04 X:12 Y:80 S:DB P:nvUbdIzC  $01:A020: 10 04    BPL $A026
f3362   c100093257   i31884486    A:04 X:12 Y:80 S:DB P:nvUbdIzC  $01:A026: 8C 00 20 STY $2000 = #$80
f3362   c100093261   i31884487    A:04 X:12 Y:80 S:DB P:nvUbdIzC  $01:A029: A8       TAY
f3362   c100093263   i31884488    A:04 X:12 Y:04 S:DB P:nvUbdIzC  $01:A02A: BD EA 05 LDA $05EA,X @ $05FC = #$22
f3362   c100093267   i31884489    A:22 X:12 Y:04 S:DB P:nvUbdIzC  $01:A02D: 8D 06 20 STA $2006 = #$30
f3362   c100093271   i31884490    A:22 X:12 Y:04 S:DB P:nvUbdIzC  $01:A030: BD E9 05 LDA $05E9,X @ $05FB = #$4C
f3362   c100093275   i31884491    A:4C X:12 Y:04 S:DB P:nvUbdIzC  $01:A033: 8D 06 20 STA $2006 = #$30
f3362   c100093279   i31884492    A:4C X:12 Y:04 S:DB P:nvUbdIzC  $01:A036: BD EB 05 LDA $05EB,X @ $05FD = #$05
f3362   c100093283   i31884493    A:05 X:12 Y:04 S:DB P:nvUbdIzC  $01:A039: 8D 07 20 STA $2007 = #$00
f3362   c100093287   i31884494    A:05 X:12 Y:04 S:DB P:nvUbdIzC  $01:A03C: E8       INX
f3362   c100093289   i31884495    A:05 X:13 Y:04 S:DB P:nvUbdIzC  $01:A03D: 88       DEY
f3362   c100093291   i31884496    A:05 X:13 Y:03 S:DB P:nvUbdIzC  $01:A03E: D0 F6    BNE $A036
f3362   c100093294   i31884497    A:05 X:13 Y:03 S:DB P:nvUbdIzC  $01:A036: BD EB 05 LDA $05EB,X @ $05FE = #$10
f3362   c100093298   i31884498    A:10 X:13 Y:03 S:DB P:nvUbdIzC  $01:A039: 8D 07 20 STA $2007 = #$00
f3362   c100093302   i31884499    A:10 X:13 Y:03 S:DB P:nvUbdIzC  $01:A03C: E8       INX
f3362   c100093304   i31884500    A:10 X:14 Y:03 S:DB P:nvUbdIzC  $01:A03D: 88       DEY
f3362   c100093306   i31884501    A:10 X:14 Y:02 S:DB P:nvUbdIzC  $01:A03E: D0 F6    BNE $A036
f3362   c100093309   i31884502    A:10 X:14 Y:02 S:DB P:nvUbdIzC  $01:A036: BD EB 05 LDA $05EB,X @ $05FF = #$0F
f3362   c100093313   i31884503    A:0F X:14 Y:02 S:DB P:nvUbdIzC  $01:A039: 8D 07 20 STA $2007 = #$00
f3362   c100093317   i31884504    A:0F X:14 Y:02 S:DB P:nvUbdIzC  $01:A03C: E8       INX
f3362   c100093319   i31884505    A:0F X:15 Y:02 S:DB P:nvUbdIzC  $01:A03D: 88       DEY
f3362   c100093321   i31884506    A:0F X:15 Y:01 S:DB P:nvUbdIzC  $01:A03E: D0 F6    BNE $A036
f3362   c100093324   i31884507    A:0F X:15 Y:01 S:DB P:nvUbdIzC  $01:A036: BD EB 05 LDA $05EB,X @ $0600 = #$14
f3362   c100093329   i31884508    A:14 X:15 Y:01 S:DB P:nvUbdIzC  $01:A039: 8D 07 20 STA $2007 = #$00
f3362   c100093333   i31884509    A:14 X:15 Y:01 S:DB P:nvUbdIzC  $01:A03C: E8       INX
f3362   c100093335   i31884510    A:14 X:16 Y:01 S:DB P:nvUbdIzC  $01:A03D: 88       DEY
f3362   c100093337   i31884511    A:14 X:16 Y:00 S:DB P:nvUbdIZC  $01:A03E: D0 F6    BNE $A036
f3362   c100093339   i31884512    A:14 X:16 Y:00 S:DB P:nvUbdIZC  $01:A040: E8       INX
f3362   c100093341   i31884513    A:14 X:17 Y:00 S:DB P:nvUbdIzC  $01:A041: E8       INX
f3362   c100093343   i31884514    A:14 X:18 Y:00 S:DB P:nvUbdIzC  $01:A042: E8       INX
f3363   c100123005   i31893936    A:00 X:0E Y:01 S:DB P:nvUbdIZC  $01:A039: 8D 07 20 STA $2007 = #$00
f3363   c100123009   i31893937    A:00 X:0E Y:01 S:DB P:nvUbdIZC  $01:A03C: E8       INX
f3363   c100123011   i31893938    A:00 X:0F Y:01 S:DB P:nvUbdIzC  $01:A03D: 88       DEY
f3363   c100123013   i31893939    A:00 X:0F Y:00 S:DB P:nvUbdIZC  $01:A03E: D0 F6    BNE $A036
f3363   c100123015   i31893940    A:00 X:0F Y:00 S:DB P:nvUbdIZC  $01:A040: E8       INX
f3363   c100123017   i31893941    A:00 X:10 Y:00 S:DB P:nvUbdIzC  $01:A041: E8       INX
f3363   c100123019   i31893942    A:00 X:11 Y:00 S:DB P:nvUbdIzC  $01:A042: E8       INX
f3363   c100123021   i31893943    A:00 X:12 Y:00 S:DB P:nvUbdIzC  $01:A043: BD E8 05 LDA $05E8,X @ $05FA = #$04
f3363   c100123025   i31893944    A:04 X:12 Y:00 S:DB P:nvUbdIzC  $01:A046: D0 D3    BNE $A01B
f3363   c100123028   i31893945    A:04 X:12 Y:00 S:DB P:nvUbdIzC  $01:A01B: A0 80    LDY #$80
f3363   c100123030   i31893946    A:04 X:12 Y:80 S:DB P:NvUbdIzC  $01:A01D: BD E8 05 LDA $05E8,X @ $05FA = #$04
f3363   c100123034   i31893947    A:04 X:12 Y:80 S:DB P:nvUbdIzC  $01:A020: 10 04    BPL $A026
f3363   c100123037   i31893948    A:04 X:12 Y:80 S:DB P:nvUbdIzC  $01:A026: 8C 00 20 STY $2000 = #$80
f3363   c100123041   i31893949    A:04 X:12 Y:80 S:DB P:nvUbdIzC  $01:A029: A8       TAY
f3363   c100123043   i31893950    A:04 X:12 Y:04 S:DB P:nvUbdIzC  $01:A02A: BD EA 05 LDA $05EA,X @ $05FC = #$22
f3363   c100123047   i31893951    A:22 X:12 Y:04 S:DB P:nvUbdIzC  $01:A02D: 8D 06 20 STA $2006 = #$18
f3363   c100123051   i31893952    A:22 X:12 Y:04 S:DB P:nvUbdIzC  $01:A030: BD E9 05 LDA $05E9,X @ $05FB = #$34
f3363   c100123055   i31893953    A:34 X:12 Y:04 S:DB P:nvUbdIzC  $01:A033: 8D 06 20 STA $2006 = #$18
f3363   c100123059   i31893954    A:34 X:12 Y:04 S:DB P:nvUbdIzC  $01:A036: BD EB 05 LDA $05EB,X @ $05FD = #$00
f3363   c100123063   i31893955    A:00 X:12 Y:04 S:DB P:nvUbdIZC  $01:A039: 8D 07 20 STA $2007 = #$00
f3363   c100123067   i31893956    A:00 X:12 Y:04 S:DB P:nvUbdIZC  $01:A03C: E8       INX
f3363   c100123069   i31893957    A:00 X:13 Y:04 S:DB P:nvUbdIzC  $01:A03D: 88       DEY
f3363   c100123071   i31893958    A:00 X:13 Y:03 S:DB P:nvUbdIzC  $01:A03E: D0 F6    BNE $A036
f3363   c100123074   i31893959    A:00 X:13 Y:03 S:DB P:nvUbdIzC  $01:A036: BD EB 05 LDA $05EB,X @ $05FE = #$00
f3363   c100123078   i31893960    A:00 X:13 Y:03 S:DB P:nvUbdIZC  $01:A039: 8D 07 20 STA $2007 = #$00
f3363   c100123082   i31893961    A:00 X:13 Y:03 S:DB P:nvUbdIZC  $01:A03C: E8       INX
f3363   c100123084   i31893962    A:00 X:14 Y:03 S:DB P:nvUbdIzC  $01:A03D: 88       DEY
f3363   c100123086   i31893963    A:00 X:14 Y:02 S:DB P:nvUbdIzC  $01:A03E: D0 F6    BNE $A036
f3363   c100123089   i31893964    A:00 X:14 Y:02 S:DB P:nvUbdIzC  $01:A036: BD EB 05 LDA $05EB,X @ $05FF = #$00
f3363   c100123093   i31893965    A:00 X:14 Y:02 S:DB P:nvUbdIZC  $01:A039: 8D 07 20 STA $2007 = #$00
f3363   c100123097   i31893966    A:00 X:14 Y:02 S:DB P:nvUbdIZC  $01:A03C: E8       INX
f3363   c100123099   i31893967    A:00 X:15 Y:02 S:DB P:nvUbdIzC  $01:A03D: 88       DEY
f3363   c100123101   i31893968    A:00 X:15 Y:01 S:DB P:nvUbdIzC  $01:A03E: D0 F6    BNE $A036
f3363   c100123104   i31893969    A:00 X:15 Y:01 S:DB P:nvUbdIzC  $01:A036: BD EB 05 LDA $05EB,X @ $0600 = #$00
f3363   c100123109   i31893970    A:00 X:15 Y:01 S:DB P:nvUbdIZC  $01:A039: 8D 07 20 STA $2007 = #$00
f3363   c100123113   i31893971    A:00 X:15 Y:01 S:DB P:nvUbdIZC  $01:A03C: E8       INX
f3363   c100123115   i31893972    A:00 X:16 Y:01 S:DB P:nvUbdIzC  $01:A03D: 88       DEY
f3363   c100123117   i31893973    A:00 X:16 Y:00 S:DB P:nvUbdIZC  $01:A03E: D0 F6    BNE $A036
f3363   c100123119   i31893974    A:00 X:16 Y:00 S:DB P:nvUbdIZC  $01:A040: E8       INX
f3363   c100123121   i31893975    A:00 X:17 Y:00 S:DB P:nvUbdIzC  $01:A041: E8       INX
f3363   c100123123   i31893976    A:00 X:18 Y:00 S:DB P:nvUbdIzC  $01:A042: E8       INX
f3363   c100123125   i31893977    A:00 X:19 Y:00 S:DB P:nvUbdIzC  $01:A043: BD E8 05 LDA $05E8,X @ $0601 = #$04
f3364   c100153174   i31903526    A:00 X:27 Y:04 S:DB P:nvUbdIZC  $01:A039: 8D 07 20 STA $2007 = #$00
f3364   c100153178   i31903527    A:00 X:27 Y:04 S:DB P:nvUbdIZC  $01:A03C: E8       INX
f3364   c100153180   i31903528    A:00 X:28 Y:04 S:DB P:nvUbdIzC  $01:A03D: 88       DEY
f3364   c100153182   i31903529    A:00 X:28 Y:03 S:DB P:nvUbdIzC  $01:A03E: D0 F6    BNE $A036
f3364   c100153185   i31903530    A:00 X:28 Y:03 S:DB P:nvUbdIzC  $01:A036: BD EB 05 LDA $05EB,X @ $0613 = #$00
f3364   c100153190   i31903531    A:00 X:28 Y:03 S:DB P:nvUbdIZC  $01:A039: 8D 07 20 STA $2007 = #$00
f3364   c100153194   i31903532    A:00 X:28 Y:03 S:DB P:nvUbdIZC  $01:A03C: E8       INX
f3364   c100153196   i31903533    A:00 X:29 Y:03 S:DB P:nvUbdIzC  $01:A03D: 88       DEY
f3364   c100153198   i31903534    A:00 X:29 Y:02 S:DB P:nvUbdIzC  $01:A03E: D0 F6    BNE $A036
f3364   c100153201   i31903535    A:00 X:29 Y:02 S:DB P:nvUbdIzC  $01:A036: BD EB 05 LDA $05EB,X @ $0614 = #$00
f3364   c100153206   i31903536    A:00 X:29 Y:02 S:DB P:nvUbdIZC  $01:A039: 8D 07 20 STA $2007 = #$00
f3364   c100153210   i31903537    A:00 X:29 Y:02 S:DB P:nvUbdIZC  $01:A03C: E8       INX
f3364   c100153212   i31903538    A:00 X:2A Y:02 S:DB P:nvUbdIzC  $01:A03D: 88       DEY
f3364   c100153214   i31903539    A:00 X:2A Y:01 S:DB P:nvUbdIzC  $01:A03E: D0 F6    BNE $A036
f3364   c100153217   i31903540    A:00 X:2A Y:01 S:DB P:nvUbdIzC  $01:A036: BD EB 05 LDA $05EB,X @ $0615 = #$00
f3364   c100153222   i31903541    A:00 X:2A Y:01 S:DB P:nvUbdIZC  $01:A039: 8D 07 20 STA $2007 = #$00
f3364   c100153226   i31903542    A:00 X:2A Y:01 S:DB P:nvUbdIZC  $01:A03C: E8       INX
f3364   c100153228   i31903543    A:00 X:2B Y:01 S:DB P:nvUbdIzC  $01:A03D: 88       DEY
f3364   c100153230   i31903544    A:00 X:2B Y:00 S:DB P:nvUbdIZC  $01:A03E: D0 F6    BNE $A036
f3364   c100153232   i31903545    A:00 X:2B Y:00 S:DB P:nvUbdIZC  $01:A040: E8       INX
f3364   c100153234   i31903546    A:00 X:2C Y:00 S:DB P:nvUbdIzC  $01:A041: E8       INX
f3364   c100153236   i31903547    A:00 X:2D Y:00 S:DB P:nvUbdIzC  $01:A042: E8       INX
f3364   c100153238   i31903548    A:00 X:2E Y:00 S:DB P:nvUbdIzC  $01:A043: BD E8 05 LDA $05E8,X @ $0616 = #$01
f3364   c100153243   i31903549    A:01 X:2E Y:00 S:DB P:nvUbdIzC  $01:A046: D0 D3    BNE $A01B
f3364   c100153246   i31903550    A:01 X:2E Y:00 S:DB P:nvUbdIzC  $01:A01B: A0 80    LDY #$80
f3364   c100153248   i31903551    A:01 X:2E Y:80 S:DB P:NvUbdIzC  $01:A01D: BD E8 05 LDA $05E8,X @ $0616 = #$01
f3364   c100153253   i31903552    A:01 X:2E Y:80 S:DB P:nvUbdIzC  $01:A020: 10 04    BPL $A026
f3364   c100153256   i31903553    A:01 X:2E Y:80 S:DB P:nvUbdIzC  $01:A026: 8C 00 20 STY $2000 = #$80
f3364   c100153260   i31903554    A:01 X:2E Y:80 S:DB P:nvUbdIzC  $01:A029: A8       TAY
f3364   c100153262   i31903555    A:01 X:2E Y:01 S:DB P:nvUbdIzC  $01:A02A: BD EA 05 LDA $05EA,X @ $0618 = #$23
f3364   c100153267   i31903556    A:23 X:2E Y:01 S:DB P:nvUbdIzC  $01:A02D: 8D 06 20 STA $2006 = #$80
f3364   c100153271   i31903557    A:23 X:2E Y:01 S:DB P:nvUbdIzC  $01:A030: BD E9 05 LDA $05E9,X @ $0617 = #$E8
f3364   c100153276   i31903558    A:E8 X:2E Y:01 S:DB P:NvUbdIzC  $01:A033: 8D 06 20 STA $2006 = #$80
f3364   c100153280   i31903559    A:E8 X:2E Y:01 S:DB P:NvUbdIzC  $01:A036: BD EB 05 LDA $05EB,X @ $0619 = #$AA
f3364   c100153285   i31903560    A:AA X:2E Y:01 S:DB P:NvUbdIzC  $01:A039: 8D 07 20 STA $2007 = #$00
f3364   c100153289   i31903561    A:AA X:2E Y:01 S:DB P:NvUbdIzC  $01:A03C: E8       INX
f3364   c100153291   i31903562    A:AA X:2F Y:01 S:DB P:nvUbdIzC  $01:A03D: 88       DEY
f3364   c100153293   i31903563    A:AA X:2F Y:00 S:DB P:nvUbdIZC  $01:A03E: D0 F6    BNE $A036
f3364   c100153295   i31903564    A:AA X:2F Y:00 S:DB P:nvUbdIZC  $01:A040: E8       INX
f3364   c100153297   i31903565    A:AA X:30 Y:00 S:DB P:nvUbdIzC  $01:A041: E8       INX
f3364   c100153299   i31903566    A:AA X:31 Y:00 S:DB P:nvUbdIzC  $01:A042: E8       INX
f3364   c100153301   i31903567    A:AA X:32 Y:00 S:DB P:nvUbdIzC  $01:A043: BD E8 05 LDA $05E8,X @ $061A = #$04
f3364   c100153714   i31903694    A:00 X:02 Y:06 S:DB P:nvUbdIzc  $01:A0ED: BD 15 40 LDA $4015,X @ $4017 = #$01
f3364   c100153718   i31903695    A:40 X:02 Y:06 S:DB P:nvUbdIzc  $01:A0F0: 4A       LSR
f3364   c100153720   i31903696    A:20 X:02 Y:06 S:DB P:nvUbdIzc  $01:A0F1: 26 3F    ROL $3F = #$00
f3364   c100153725   i31903697    A:20 X:02 Y:06 S:DB P:nvUbdIZc  $01:A0F3: 29 01    AND #$01
f3364   c100153727   i31903698    A:00 X:02 Y:06 S:DB P:nvUbdIZc  $01:A0F5: 05 3F    ORA $3F = #$00
f3364   c100153730   i31903699    A:00 X:02 Y:06 S:DB P:nvUbdIZc  $01:A0F7: 85 3F    STA $3F = #$00
f3364   c100153733   i31903700    A:00 X:02 Y:06 S:DB P:nvUbdIZc  $01:A0F9: 88       DEY
f3364   c100153735   i31903701    A:00 X:02 Y:05 S:DB P:nvUbdIzc  $01:A0FA: D0 F1    BNE $A0ED
f3364   c100153738   i31903702    A:00 X:02 Y:05 S:DB P:nvUbdIzc  $01:A0ED: BD 15 40 LDA $4015,X @ $4017 = #$01
f3364   c100153742   i31903703    A:40 X:02 Y:05 S:DB P:nvUbdIzc  $01:A0F0: 4A       LSR
f3364   c100153744   i31903704    A:20 X:02 Y:05 S:DB P:nvUbdIzc  $01:A0F1: 26 3F    ROL $3F = #$00
f3364   c100153749   i31903705    A:20 X:02 Y:05 S:DB P:nvUbdIZc  $01:A0F3: 29 01    AND #$01
f3364   c100153751   i31903706    A:00 X:02 Y:05 S:DB P:nvUbdIZc  $01:A0F5: 05 3F    ORA $3F = #$00
f3364   c100153754   i31903707    A:00 X:02 Y:05 S:DB P:nvUbdIZc  $01:A0F7: 85 3F    STA $3F = #$00
f3364   c100153757   i31903708    A:00 X:02 Y:05 S:DB P:nvUbdIZc  $01:A0F9: 88       DEY
f3364   c100153759   i31903709    A:00 X:02 Y:04 S:DB P:nvUbdIzc  $01:A0FA: D0 F1    BNE $A0ED
f3364   c100153762   i31903710    A:00 X:02 Y:04 S:DB P:nvUbdIzc  $01:A0ED: BD 15 40 LDA $4015,X @ $4017 = #$01
f3364   c100153766   i31903711    A:40 X:02 Y:04 S:DB P:nvUbdIzc  $01:A0F0: 4A       LSR
f3364   c100153768   i31903712    A:20 X:02 Y:04 S:DB P:nvUbdIzc  $01:A0F1: 26 3F    ROL $3F = #$00
f3364   c100153773   i31903713    A:20 X:02 Y:04 S:DB P:nvUbdIZc  $01:A0F3: 29 01    AND #$01
f3364   c100153775   i31903714    A:00 X:02 Y:04 S:DB P:nvUbdIZc  $01:A0F5: 05 3F    ORA $3F = #$00
f3364   c100153778   i31903715    A:00 X:02 Y:04 S:DB P:nvUbdIZc  $01:A0F7: 85 3F    STA $3F = #$00
f3364   c100153781   i31903716    A:00 X:02 Y:04 S:DB P:nvUbdIZc  $01:A0F9: 88       DEY
f3364   c100153783   i31903717    A:00 X:02 Y:03 S:DB P:nvUbdIzc  $01:A0FA: D0 F1    BNE $A0ED
f3364   c100153786   i31903718    A:00 X:02 Y:03 S:DB P:nvUbdIzc  $01:A0ED: BD 15 40 LDA $4015,X @ $4017 = #$01
f3364   c100153790   i31903719    A:40 X:02 Y:03 S:DB P:nvUbdIzc  $01:A0F0: 4A       LSR
f3364   c100153792   i31903720    A:20 X:02 Y:03 S:DB P:nvUbdIzc  $01:A0F1: 26 3F    ROL $3F = #$00
f3364   c100153797   i31903721    A:20 X:02 Y:03 S:DB P:nvUbdIZc  $01:A0F3: 29 01    AND #$01
f3364   c100153799   i31903722    A:00 X:02 Y:03 S:DB P:nvUbdIZc  $01:A0F5: 05 3F    ORA $3F = #$00
f3364   c100153802   i31903723    A:00 X:02 Y:03 S:DB P:nvUbdIZc  $01:A0F7: 85 3F    STA $3F = #$00
f3364   c100153805   i31903724    A:00 X:02 Y:03 S:DB P:nvUbdIZc  $01:A0F9: 88       DEY
f3364   c100153807   i31903725    A:00 X:02 Y:02 S:DB P:nvUbdIzc  $01:A0FA: D0 F1    BNE $A0ED
f3364   c100153810   i31903726    A:00 X:02 Y:02 S:DB P:nvUbdIzc  $01:A0ED: BD 15 40 LDA $4015,X @ $4017 = #$01
f3364   c100153814   i31903727    A:40 X:02 Y:02 S:DB P:nvUbdIzc  $01:A0F0: 4A       LSR
f3364   c100153816   i31903728    A:20 X:02 Y:02 S:DB P:nvUbdIzc  $01:A0F1: 26 3F    ROL $3F = #$00
f3364   c100153821   i31903729    A:20 X:02 Y:02 S:DB P:nvUbdIZc  $01:A0F3: 29 01    AND #$01
f3364   c100153823   i31903730    A:00 X:02 Y:02 S:DB P:nvUbdIZc  $01:A0F5: 05 3F    ORA $3F = #$00
f3364   c100153826   i31903731    A:00 X:02 Y:02 S:DB P:nvUbdIZc  $01:A0F7: 85 3F    STA $3F = #$00
f3364   c100153829   i31903732    A:00 X:02 Y:02 S:DB P:nvUbdIZc  $01:A0F9: 88       DEY
f3364   c100153831   i31903733    A:00 X:02 Y:01 S:DB P:nvUbdIzc  $01:A0FA: D0 F1    BNE $A0ED
f3364   c100153834   i31903734    A:00 X:02 Y:01 S:DB P:nvUbdIzc  $01:A0ED: BD 15 40 LDA $4015,X @ $4017 = #$01
f3364   c100153838   i31903735    A:40 X:02 Y:01 S:DB P:nvUbdIzc  $01:A0F0: 4A       LSR
f3365   c100182561   i31912866    A:E0 X:0E Y:04 S:DB P:NvUbdIzC  $01:A036: BD EB 05 LDA $05EB,X @ $05F9 = #$00
f3365   c100182565   i31912867    A:00 X:0E Y:04 S:DB P:nvUbdIZC  $01:A039: 8D 07 20 STA $2007 = #$00
f3365   c100182569   i31912868    A:00 X:0E Y:04 S:DB P:nvUbdIZC  $01:A03C: E8       INX
f3365   c100182571   i31912869    A:00 X:0F Y:04 S:DB P:nvUbdIzC  $01:A03D: 88       DEY
f3365   c100182573   i31912870    A:00 X:0F Y:03 S:DB P:nvUbdIzC  $01:A03E: D0 F6    BNE $A036
f3365   c100182576   i31912871    A:00 X:0F Y:03 S:DB P:nvUbdIzC  $01:A036: BD EB 05 LDA $05EB,X @ $05FA = #$00
f3365   c100182580   i31912872    A:00 X:0F Y:03 S:DB P:nvUbdIZC  $01:A039: 8D 07 20 STA $2007 = #$00
f3365   c100182584   i31912873    A:00 X:0F Y:03 S:DB P:nvUbdIZC  $01:A03C: E8       INX
f3365   c100182586   i31912874    A:00 X:10 Y:03 S:DB P:nvUbdIzC  $01:A03D: 88       DEY
f3365   c100182588   i31912875    A:00 X:10 Y:02 S:DB P:nvUbdIzC  $01:A03E: D0 F6    BNE $A036
f3365   c100182591   i31912876    A:00 X:10 Y:02 S:DB P:nvUbdIzC  $01:A036: BD EB 05 LDA $05EB,X @ $05FB = #$00
f3365   c100182595   i31912877    A:00 X:10 Y:02 S:DB P:nvUbdIZC  $01:A039: 8D 07 20 STA $2007 = #$00
f3365   c100182599   i31912878    A:00 X:10 Y:02 S:DB P:nvUbdIZC  $01:A03C: E8       INX
f3365   c100182601   i31912879    A:00 X:11 Y:02 S:DB P:nvUbdIzC  $01:A03D: 88       DEY
f3365   c100182603   i31912880    A:00 X:11 Y:01 S:DB P:nvUbdIzC  $01:A03E: D0 F6    BNE $A036
f3365   c100182606   i31912881    A:00 X:11 Y:01 S:DB P:nvUbdIzC  $01:A036: BD EB 05 LDA $05EB,X @ $05FC = #$14
f3365   c100182610   i31912882    A:14 X:11 Y:01 S:DB P:nvUbdIzC  $01:A039: 8D 07 20 STA $2007 = #$00
f3365   c100182614   i31912883    A:14 X:11 Y:01 S:DB P:nvUbdIzC  $01:A03C: E8       INX
f3365   c100182616   i31912884    A:14 X:12 Y:01 S:DB P:nvUbdIzC  $01:A03D: 88       DEY
f3365   c100182618   i31912885    A:14 X:12 Y:00 S:DB P:nvUbdIZC  $01:A03E: D0 F6    BNE $A036
f3365   c100182620   i31912886    A:14 X:12 Y:00 S:DB P:nvUbdIZC  $01:A040: E8       INX
f3365   c100182622   i31912887    A:14 X:13 Y:00 S:DB P:nvUbdIzC  $01:A041: E8       INX
f3365   c100182624   i31912888    A:14 X:14 Y:00 S:DB P:nvUbdIzC  $01:A042: E8       INX
f3365   c100182626   i31912889    A:14 X:15 Y:00 S:DB P:nvUbdIzC  $01:A043: BD E8 05 LDA $05E8,X @ $05FD = #$01
f3365   c100182630   i31912890    A:01 X:15 Y:00 S:DB P:nvUbdIzC  $01:A046: D0 D3    BNE $A01B
f3365   c100182633   i31912891    A:01 X:15 Y:00 S:DB P:nvUbdIzC  $01:A01B: A0 80    LDY #$80
f3365   c100182635   i31912892    A:01 X:15 Y:80 S:DB P:NvUbdIzC  $01:A01D: BD E8 05 LDA $05E8,X @ $05FD = #$01
f3365   c100182639   i31912893    A:01 X:15 Y:80 S:DB P:nvUbdIzC  $01:A020: 10 04    BPL $A026
f3365   c100182642   i31912894    A:01 X:15 Y:80 S:DB P:nvUbdIzC  $01:A026: 8C 00 20 STY $2000 = #$80
f3365   c100182646   i31912895    A:01 X:15 Y:80 S:DB P:nvUbdIzC  $01:A029: A8       TAY
f3365   c100182648   i31912896    A:01 X:15 Y:01 S:DB P:nvUbdIzC  $01:A02A: BD EA 05 LDA $05EA,X @ $05FF = #$23
f3365   c100182652   i31912897    A:23 X:15 Y:01 S:DB P:nvUbdIzC  $01:A02D: 8D 06 20 STA $2006 = #$E4
f3365   c100182656   i31912898    A:23 X:15 Y:01 S:DB P:nvUbdIzC  $01:A030: BD E9 05 LDA $05E9,X @ $05FE = #$E9
f3365   c100182660   i31912899    A:E9 X:15 Y:01 S:DB P:NvUbdIzC  $01:A033: 8D 06 20 STA $2006 = #$E4
f3365   c100182664   i31912900    A:E9 X:15 Y:01 S:DB P:NvUbdIzC  $01:A036: BD EB 05 LDA $05EB,X @ $0600 = #$AA
f3365   c100182669   i31912901    A:AA X:15 Y:01 S:DB P:NvUbdIzC  $01:A039: 8D 07 20 STA $2007 = #$00
f3365   c100182673   i31912902    A:AA X:15 Y:01 S:DB P:NvUbdIzC  $01:A03C: E8       INX
f3365   c100182675   i31912903    A:AA X:16 Y:01 S:DB P:nvUbdIzC  $01:A03D: 88       DEY
f3365   c100182677   i31912904    A:AA X:16 Y:00 S:DB P:nvUbdIZC  $01:A03E: D0 F6    BNE $A036
f3365   c100182679   i31912905    A:AA X:16 Y:00 S:DB P:nvUbdIZC  $01:A040: E8       INX
f3365   c100182681   i31912906    A:AA X:17 Y:00 S:DB P:nvUbdIzC  $01:A041: E8       INX
f3365   c100182683   i31912907    A:AA X:18 Y:00 S:DB P:nvUbdIzC  $01:A042: E8       INX
f3366   c100211424   i31922201    A:40 X:19 Y:00 S:E0 P:nvUbdizC  $00:9F04: A5 1B    LDA $1B = #$40
f3366   c100211427   i31922202    A:40 X:19 Y:00 S:E0 P:nvUbdizC  $00:9F06: 10 FC    BPL $9F04
f3366   c100211430   i31922203    A:40 X:19 Y:00 S:E0 P:nvUbdizC  $00:9F04: A5 1B    LDA $1B = #$40
f3366   c100211433   i31922204    A:40 X:19 Y:00 S:E0 P:nvUbdizC  $00:9F06: 10 FC    BPL $9F04
f3366   c100211436   i31922205    A:40 X:19 Y:00 S:E0 P:nvUbdizC  $00:9F04: A5 1B    LDA $1B = #$40
f3366   c100211439   i31922206    A:40 X:19 Y:00 S:E0 P:nvUbdizC  $00:9F06: 10 FC    BPL $9F04
f3366   c100211442   i31922207    A:40 X:19 Y:00 S:E0 P:nvUbdizC  $00:9F04: A5 1B    LDA $1B = #$40
f3366   c100211445   i31922208    A:40 X:19 Y:00 S:E0 P:nvUbdizC  $00:9F06: 10 FC    BPL $9F04
f3366   c100211448   i31922209    A:40 X:19 Y:00 S:E0 P:nvUbdizC  $00:9F04: A5 1B    LDA $1B = #$40
f3366   c100211451   i31922210    A:40 X:19 Y:00 S:E0 P:nvUbdizC  $00:9F06: 10 FC    BPL $9F04
f3366   c100211454   i31922211    A:40 X:19 Y:00 S:E0 P:nvUbdizC  $00:9F04: A5 1B    LDA $1B = #$40
f3366   c100211457   i31922212    A:40 X:19 Y:00 S:E0 P:nvUbdizC  $00:9F06: 10 FC    BPL $9F04
f3366   c100211460   i31922213    A:40 X:19 Y:00 S:E0 P:nvUbdizC  $00:9F04: A5 1B    LDA $1B = #$40
f3366   c100211463   i31922214    A:40 X:19 Y:00 S:E0 P:nvUbdizC  $00:9F06: 10 FC    BPL $9F04
f3366   c100211466   i31922215    A:40 X:19 Y:00 S:E0 P:nvUbdizC  $00:9F04: A5 1B    LDA $1B = #$40
f3366   c100211469   i31922216    A:40 X:19 Y:00 S:E0 P:nvUbdizC  $00:9F06: 10 FC    BPL $9F04
f3366   c100211472   i31922217    A:40 X:19 Y:00 S:E0 P:nvUbdizC  $00:9F04: A5 1B    LDA $1B = #$40
f3366   c100211475   i31922218    A:40 X:19 Y:00 S:E0 P:nvUbdizC  $00:9F06: 10 FC    BPL $9F04
f3366   c100211478   i31922219    A:40 X:19 Y:00 S:E0 P:nvUbdizC  $00:9F04: A5 1B    LDA $1B = #$40
f3366   c100211481   i31922220    A:40 X:19 Y:00 S:E0 P:nvUbdizC  $00:9F06: 10 FC    BPL $9F04
f3366   c100211484   i31922221    A:40 X:19 Y:00 S:E0 P:nvUbdizC  $00:9F04: A5 1B    LDA $1B = #$40
f3366   c100211487   i31922222    A:40 X:19 Y:00 S:E0 P:nvUbdizC  $00:9F06: 10 FC    BPL $9F04
f3366   c100211490   i31922223    A:40 X:19 Y:00 S:E0 P:nvUbdizC  $00:9F04: A5 1B    LDA $1B = #$40
f3366   c100211493   i31922224    A:40 X:19 Y:00 S:E0 P:nvUbdizC  $00:9F06: 10 FC    BPL $9F04
f3366   c100211496   i31922225    A:40 X:19 Y:00 S:E0 P:nvUbdizC  $00:9F04: A5 1B    LDA $1B = #$40
f3366   c100211499   i31922226    A:40 X:19 Y:00 S:E0 P:nvUbdizC  $00:9F06: 10 FC    BPL $9F04
f3366   c100211509   i31922227    A:40 X:19 Y:00 S:DD P:nvUbdIzC  $0F:C500: 4C 6E C7 JMP $C76E
f3366   c100211512   i31922228    A:40 X:19 Y:00 S:DD P:nvUbdIzC  $0F:C76E: 24 1B    BIT $1B = #$40
f3366   c100211515   i31922229    A:40 X:19 Y:00 S:DD P:nVUbdIzC  $0F:C770: 50 03    BVC $C775
f3366   c100211517   i31922230    A:40 X:19 Y:00 S:DD P:nVUbdIzC  $0F:C772: 4C 21 C4 JMP $C421
f3366   c100211520   i31922231    A:40 X:19 Y:00 S:DD P:nVUbdIzC  $0F:C421: 24 3B    BIT $3B = #$55
f3366   c100211523   i31922232    A:40 X:19 Y:00 S:DD P:nVUbdIzC  $0F:C423: 30 4D    BMI $C472
f3366   c100211525   i31922233    A:40 X:19 Y:00 S:DD P:nVUbdIzC  $0F:C425: 38       SEC
f3366   c100211527   i31922234    A:40 X:19 Y:00 S:DD P:nVUbdIzC  $0F:C426: 66 3B    ROR $3B = #$55
f3366   c100211532   i31922235    A:40 X:19 Y:00 S:DD P:NVUbdIzC  $0F:C428: 85 3C    STA $3C = #$40
f3366   c100211535   i31922236    A:40 X:19 Y:00 S:DD P:NVUbdIzC  $0F:C42A: 86 3D    STX $3D = #$19
f3366   c100211538   i31922237    A:40 X:19 Y:00 S:DD P:NVUbdIzC  $0F:C42C: 84 3E    STY $3E = #$00
f3366   c100211541   i31922238    A:40 X:19 Y:00 S:DD P:NVUbdIzC  $0F:C42E: A5 22    LDA $22 = #$00
f3366   c100211544   i31922239    A:00 X:19 Y:00 S:DD P:nVUbdIZC  $0F:C430: 09 07    ORA #$07
f3366   c100211546   i31922240    A:07 X:19 Y:00 S:DD P:nVUbdIzC  $0F:C432: 8D 00 80 STA $8000 = #$A5
f3366   c100211550   i31922241    A:07 X:19 Y:00 S:DD P:nVUbdIzC  $0F:C435: A9 02    LDA #$02
f3366   c100211552   i31922242    A:02 X:19 Y:00 S:DD P:nVUbdIzC  $0F:C437: 8D 01 80 STA $8001 = #$27
f3367   c100242231   i31931832    A:00 X:15 Y:01 S:DB P:nvUbdIZC  $01:A039: 8D 07 20 STA $2007 = #$00
f3367   c100242235   i31931833    A:00 X:15 Y:01 S:DB P:nvUbdIZC  $01:A03C: E8       INX
f3367   c100242237   i31931834    A:00 X:16 Y:01 S:DB P:nvUbdIzC  $01:A03D: 88       DEY
f3367   c100242239   i31931835    A:00 X:16 Y:00 S:DB P:nvUbdIZC  $01:A03E: D0 F6    BNE $A036
f3367   c100242241   i31931836    A:00 X:16 Y:00 S:DB P:nvUbdIZC  $01:A040: E8       INX
f3367   c100242243   i31931837    A:00 X:17 Y:00 S:DB P:nvUbdIzC  $01:A041: E8       INX
f3367   c100242245   i31931838    A:00 X:18 Y:00 S:DB P:nvUbdIzC  $01:A042: E8       INX
f3367   c100242247   i31931839    A:00 X:19 Y:00 S:DB P:nvUbdIzC  $01:A043: BD E8 05 LDA $05E8,X @ $0601 = #$04
f3367   c100242252   i31931840    A:04 X:19 Y:00 S:DB P:nvUbdIzC  $01:A046: D0 D3    BNE $A01B
f3367   c100242255   i31931841    A:04 X:19 Y:00 S:DB P:nvUbdIzC  $01:A01B: A0 80    LDY #$80
f3367   c100242257   i31931842    A:04 X:19 Y:80 S:DB P:NvUbdIzC  $01:A01D: BD E8 05 LDA $05E8,X @ $0601 = #$04
f3367   c100242262   i31931843    A:04 X:19 Y:80 S:DB P:nvUbdIzC  $01:A020: 10 04    BPL $A026
f3367   c100242265   i31931844    A:04 X:19 Y:80 S:DB P:nvUbdIzC  $01:A026: 8C 00 20 STY $2000 = #$80
f3367   c100242269   i31931845    A:04 X:19 Y:80 S:DB P:nvUbdIzC  $01:A029: A8       TAY
f3367   c100242271   i31931846    A:04 X:19 Y:04 S:DB P:nvUbdIzC  $01:A02A: BD EA 05 LDA $05EA,X @ $0603 = #$22
f3367   c100242276   i31931847    A:22 X:19 Y:04 S:DB P:nvUbdIzC  $01:A02D: 8D 06 20 STA $2006 = #$D4
f3367   c100242280   i31931848    A:22 X:19 Y:04 S:DB P:nvUbdIzC  $01:A030: BD E9 05 LDA $05E9,X @ $0602 = #$F0
f3367   c100242285   i31931849    A:F0 X:19 Y:04 S:DB P:NvUbdIzC  $01:A033: 8D 06 20 STA $2006 = #$D4
f3367   c100242289   i31931850    A:F0 X:19 Y:04 S:DB P:NvUbdIzC  $01:A036: BD EB 05 LDA $05EB,X @ $0604 = #$19
f3367   c100242294   i31931851    A:19 X:19 Y:04 S:DB P:nvUbdIzC  $01:A039: 8D 07 20 STA $2007 = #$00
f3367   c100242298   i31931852    A:19 X:19 Y:04 S:DB P:nvUbdIzC  $01:A03C: E8       INX
f3367   c100242300   i31931853    A:19 X:1A Y:04 S:DB P:nvUbdIzC  $01:A03D: 88       DEY
f3367   c100242302   i31931854    A:19 X:1A Y:03 S:DB P:nvUbdIzC  $01:A03E: D0 F6    BNE $A036
f3367   c100242305   i31931855    A:19 X:1A Y:03 S:DB P:nvUbdIzC  $01:A036: BD EB 05 LDA $05EB,X @ $0605 = #$33
f3367   c100242310   i31931856    A:33 X:1A Y:03 S:DB P:nvUbdIzC  $01:A039: 8D 07 20 STA $2007 = #$00
f3367   c100242314   i31931857    A:33 X:1A Y:03 S:DB P:nvUbdIzC  $01:A03C: E8       INX
f3367   c100242316   i31931858    A:33 X:1B Y:03 S:DB P:nvUbdIzC  $01:A03D: 88       DEY
f3367   c100242318   i31931859    A:33 X:1B Y:02 S:DB P:nvUbdIzC  $01:A03E: D0 F6    BNE $A036
f3367   c100242321   i31931860    A:33 X:1B Y:02 S:DB P:nvUbdIzC  $01:A036: BD EB 05 LDA $05EB,X @ $0606 = #$14
f3367   c100242326   i31931861    A:14 X:1B Y:02 S:DB P:nvUbdIzC  $01:A039: 8D 07 20 STA $2007 = #$00
f3367   c100242330   i31931862    A:14 X:1B Y:02 S:DB P:nvUbdIzC  $01:A03C: E8       INX
f3367   c100242332   i31931863    A:14 X:1C Y:02 S:DB P:nvUbdIzC  $01:A03D: 88       DEY
f3367   c100242334   i31931864    A:14 X:1C Y:01 S:DB P:nvUbdIzC  $01:A03E: D0 F6    BNE $A036
f3367   c100242337   i31931865    A:14 X:1C Y:01 S:DB P:nvUbdIzC  $01:A036: BD EB 05 LDA $05EB,X @ $0607 = #$13
f3367   c100242342   i31931866    A:13 X:1C Y:01 S:DB P:nvUbdIzC  $01:A039: 8D 07 20 STA $2007 = #$00
f3367   c100242346   i31931867    A:13 X:1C Y:01 S:DB P:nvUbdIzC  $01:A03C: E8       INX
f3367   c100242348   i31931868    A:13 X:1D Y:01 S:DB P:nvUbdIzC  $01:A03D: 88       DEY
f3367   c100242350   i31931869    A:13 X:1D Y:00 S:DB P:nvUbdIZC  $01:A03E: D0 F6    BNE $A036
f3367   c100242352   i31931870    A:13 X:1D Y:00 S:DB P:nvUbdIZC  $01:A040: E8       INX
f3367   c100242354   i31931871    A:13 X:1E Y:00 S:DB P:nvUbdIzC  $01:A041: E8       INX
f3367   c100242356   i31931872    A:13 X:1F Y:00 S:DB P:nvUbdIzC  $01:A042: E8       INX
f3367   c100242358   i31931873    A:13 X:20 Y:00 S:DB P:nvUbdIzC  $01:A043: BD E8 05 LDA $05E8,X @ $0608 = #$01
f3368   c100272006   i31941293    A:0A X:15 Y:01 S:DB P:nvUbdIzC  $01:A036: BD EB 05 LDA $05EB,X @ $0600 = #$03
f3368   c100272011   i31941294    A:03 X:15 Y:01 S:DB P:nvUbdIzC  $01:A039: 8D 07 20 STA $2007 = #$00
f3368   c100272015   i31941295    A:03 X:15 Y:01 S:DB P:nvUbdIzC  $01:A03C: E8       INX
f3368   c100272017   i31941296    A:03 X:16 Y:01 S:DB P:nvUbdIzC  $01:A03D: 88       DEY
f3368   c100272019   i31941297    A:03 X:16 Y:00 S:DB P:nvUbdIZC  $01:A03E: D0 F6    BNE $A036
f3368   c100272021   i31941298    A:03 X:16 Y:00 S:DB P:nvUbdIZC  $01:A040: E8       INX
f3368   c100272023   i31941299    A:03 X:17 Y:00 S:DB P:nvUbdIzC  $01:A041: E8       INX
f3368   c100272025   i31941300    A:03 X:18 Y:00 S:DB P:nvUbdIzC  $01:A042: E8       INX
f3368   c100272027   i31941301    A:03 X:19 Y:00 S:DB P:nvUbdIzC  $01:A043: BD E8 05 LDA $05E8,X @ $0601 = #$04
f3368   c100272032   i31941302    A:04 X:19 Y:00 S:DB P:nvUbdIzC  $01:A046: D0 D3    BNE $A01B
f3368   c100272035   i31941303    A:04 X:19 Y:00 S:DB P:nvUbdIzC  $01:A01B: A0 80    LDY #$80
f3368   c100272037   i31941304    A:04 X:19 Y:80 S:DB P:NvUbdIzC  $01:A01D: BD E8 05 LDA $05E8,X @ $0601 = #$04
f3368   c100272042   i31941305    A:04 X:19 Y:80 S:DB P:nvUbdIzC  $01:A020: 10 04    BPL $A026
f3368   c100272045   i31941306    A:04 X:19 Y:80 S:DB P:nvUbdIzC  $01:A026: 8C 00 20 STY $2000 = #$80
f3368   c100272049   i31941307    A:04 X:19 Y:80 S:DB P:nvUbdIzC  $01:A029: A8       TAY
f3368   c100272051   i31941308    A:04 X:19 Y:04 S:DB P:nvUbdIzC  $01:A02A: BD EA 05 LDA $05EA,X @ $0603 = #$22
f3368   c100272056   i31941309    A:22 X:19 Y:04 S:DB P:nvUbdIzC  $01:A02D: 8D 06 20 STA $2006 = #$BC
f3368   c100272060   i31941310    A:22 X:19 Y:04 S:DB P:nvUbdIzC  $01:A030: BD E9 05 LDA $05E9,X @ $0602 = #$D8
f3368   c100272065   i31941311    A:D8 X:19 Y:04 S:DB P:NvUbdIzC  $01:A033: 8D 06 20 STA $2006 = #$BC
f3368   c100272069   i31941312    A:D8 X:19 Y:04 S:DB P:NvUbdIzC  $01:A036: BD EB 05 LDA $05EB,X @ $0604 = #$00
f3368   c100272074   i31941313    A:00 X:19 Y:04 S:DB P:nvUbdIZC  $01:A039: 8D 07 20 STA $2007 = #$00
f3368   c100272078   i31941314    A:00 X:19 Y:04 S:DB P:nvUbdIZC  $01:A03C: E8       INX
f3368   c100272080   i31941315    A:00 X:1A Y:04 S:DB P:nvUbdIzC  $01:A03D: 88       DEY
f3368   c100272082   i31941316    A:00 X:1A Y:03 S:DB P:nvUbdIzC  $01:A03E: D0 F6    BNE $A036
f3368   c100272085   i31941317    A:00 X:1A Y:03 S:DB P:nvUbdIzC  $01:A036: BD EB 05 LDA $05EB,X @ $0605 = #$00
f3368   c100272090   i31941318    A:00 X:1A Y:03 S:DB P:nvUbdIZC  $01:A039: 8D 07 20 STA $2007 = #$00
f3368   c100272094   i31941319    A:00 X:1A Y:03 S:DB P:nvUbdIZC  $01:A03C: E8       INX
f3368   c100272096   i31941320    A:00 X:1B Y:03 S:DB P:nvUbdIzC  $01:A03D: 88       DEY
f3368   c100272098   i31941321    A:00 X:1B Y:02 S:DB P:nvUbdIzC  $01:A03E: D0 F6    BNE $A036
f3368   c100272101   i31941322    A:00 X:1B Y:02 S:DB P:nvUbdIzC  $01:A036: BD EB 05 LDA $05EB,X @ $0606 = #$00
f3368   c100272106   i31941323    A:00 X:1B Y:02 S:DB P:nvUbdIZC  $01:A039: 8D 07 20 STA $2007 = #$00
f3368   c100272110   i31941324    A:00 X:1B Y:02 S:DB P:nvUbdIZC  $01:A03C: E8       INX
f3368   c100272112   i31941325    A:00 X:1C Y:02 S:DB P:nvUbdIzC  $01:A03D: 88       DEY
f3368   c100272114   i31941326    A:00 X:1C Y:01 S:DB P:nvUbdIzC  $01:A03E: D0 F6    BNE $A036
f3368   c100272117   i31941327    A:00 X:1C Y:01 S:DB P:nvUbdIzC  $01:A036: BD EB 05 LDA $05EB,X @ $0607 = #$00
f3368   c100272122   i31941328    A:00 X:1C Y:01 S:DB P:nvUbdIZC  $01:A039: 8D 07 20 STA $2007 = #$00
f3368   c100272126   i31941329    A:00 X:1C Y:01 S:DB P:nvUbdIZC  $01:A03C: E8       INX
f3368   c100272128   i31941330    A:00 X:1D Y:01 S:DB P:nvUbdIzC  $01:A03D: 88       DEY
f3368   c100272130   i31941331    A:00 X:1D Y:00 S:DB P:nvUbdIZC  $01:A03E: D0 F6    BNE $A036
f3368   c100272132   i31941332    A:00 X:1D Y:00 S:DB P:nvUbdIZC  $01:A040: E8       INX
f3368   c100272134   i31941333    A:00 X:1E Y:00 S:DB P:nvUbdIzC  $01:A041: E8       INX
f3368   c100272136   i31941334    A:00 X:1F Y:00 S:DB P:nvUbdIzC  $01:A042: E8       INX
f3368   c100273081   i31941630    A:00 X:01 Y:06 S:DB P:nvUbdIzc  $01:A0ED: BD 15 40 LDA $4015,X @ $4016 = #$00
f3368   c100273085   i31941631    A:40 X:01 Y:06 S:DB P:nvUbdIzc  $01:A0F0: 4A       LSR
f3368   c100273087   i31941632    A:20 X:01 Y:06 S:DB P:nvUbdIzc  $01:A0F1: 26 3F    ROL $3F = #$00
f3368   c100273092   i31941633    A:20 X:01 Y:06 S:DB P:nvUbdIZc  $01:A0F3: 29 01    AND #$01
f3368   c100273094   i31941634    A:00 X:01 Y:06 S:DB P:nvUbdIZc  $01:A0F5: 05 3F    ORA $3F = #$00
f3368   c100273097   i31941635    A:00 X:01 Y:06 S:DB P:nvUbdIZc  $01:A0F7: 85 3F    STA $3F = #$00
f3368   c100273100   i31941636    A:00 X:01 Y:06 S:DB P:nvUbdIZc  $01:A0F9: 88       DEY
f3368   c100273102   i31941637    A:00 X:01 Y:05 S:DB P:nvUbdIzc  $01:A0FA: D0 F1    BNE $A0ED
f3368   c100273105   i31941638    A:00 X:01 Y:05 S:DB P:nvUbdIzc  $01:A0ED: BD 15 40 LDA $4015,X @ $4016 = #$00
f3368   c100273109   i31941639    A:40 X:01 Y:05 S:DB P:nvUbdIzc  $01:A0F0: 4A       LSR
f3368   c100273111   i31941640    A:20 X:01 Y:05 S:DB P:nvUbdIzc  $01:A0F1: 26 3F    ROL $3F = #$00
f3368   c100273116   i31941641    A:20 X:01 Y:05 S:DB P:nvUbdIZc  $01:A0F3: 29 01    AND #$01
f3368   c100273118   i31941642    A:00 X:01 Y:05 S:DB P:nvUbdIZc  $01:A0F5: 05 3F    ORA $3F = #$00
f3368   c100273121   i31941643    A:00 X:01 Y:05 S:DB P:nvUbdIZc  $01:A0F7: 85 3F    STA $3F = #$00
f3368   c100273124   i31941644    A:00 X:01 Y:05 S:DB P:nvUbdIZc  $01:A0F9: 88       DEY
f3368   c100273126   i31941645    A:00 X:01 Y:04 S:DB P:nvUbdIzc  $01:A0FA: D0 F1    BNE $A0ED
f3368   c100273129   i31941646    A:00 X:01 Y:04 S:DB P:nvUbdIzc  $01:A0ED: BD 15 40 LDA $4015,X @ $4016 = #$00
f3368   c100273133   i31941647    A:40 X:01 Y:04 S:DB P:nvUbdIzc  $01:A0F0: 4A       LSR
f3368   c100273135   i31941648    A:20 X:01 Y:04 S:DB P:nvUbdIzc  $01:A0F1: 26 3F    ROL $3F = #$00
f3368   c100273140   i31941649    A:20 X:01 Y:04 S:DB P:nvUbdIZc  $01:A0F3: 29 01    AND #$01
f3368   c100273142   i31941650    A:00 X:01 Y:04 S:DB P:nvUbdIZc  $01:A0F5: 05 3F    ORA $3F = #$00
f3368   c100273145   i31941651    A:00 X:01 Y:04 S:DB P:nvUbdIZc  $01:A0F7: 85 3F    STA $3F = #$00
f3368   c100273148   i31941652    A:00 X:01 Y:04 S:DB P:nvUbdIZc  $01:A0F9: 88       DEY
f3368   c100273150   i31941653    A:00 X:01 Y:03 S:DB P:nvUbdIzc  $01:A0FA: D0 F1    BNE $A0ED
f3368   c100273153   i31941654    A:00 X:01 Y:03 S:DB P:nvUbdIzc  $01:A0ED: BD 15 40 LDA $4015,X @ $4016 = #$00
f3368   c100273157   i31941655    A:40 X:01 Y:03 S:DB P:nvUbdIzc  $01:A0F0: 4A       LSR
f3368   c100273159   i31941656    A:20 X:01 Y:03 S:DB P:nvUbdIzc  $01:A0F1: 26 3F    ROL $3F = #$00
f3368   c100273164   i31941657    A:20 X:01 Y:03 S:DB P:nvUbdIZc  $01:A0F3: 29 01    AND #$01
f3368   c100273166   i31941658    A:00 X:01 Y:03 S:DB P:nvUbdIZc  $01:A0F5: 05 3F    ORA $3F = #$00
f3368   c100273169   i31941659    A:00 X:01 Y:03 S:DB P:nvUbdIZc  $01:A0F7: 85 3F    STA $3F = #$00
f3368   c100273172   i31941660    A:00 X:01 Y:03 S:DB P:nvUbdIZc  $01:A0F9: 88       DEY
f3368   c100273174   i31941661    A:00 X:01 Y:02 S:DB P:nvUbdIzc  $01:A0FA: D0 F1    BNE $A0ED
f3368   c100273177   i31941662    A:00 X:01 Y:02 S:DB P:nvUbdIzc  $01:A0ED: BD 15 40 LDA $4015,X @ $4016 = #$00
f3368   c100273181   i31941663    A:40 X:01 Y:02 S:DB P:nvUbdIzc  $01:A0F0: 4A       LSR
f3368   c100273183   i31941664    A:20 X:01 Y:02 S:DB P:nvUbdIzc  $01:A0F1: 26 3F    ROL $3F = #$00
f3368   c100273188   i31941665    A:20 X:01 Y:02 S:DB P:nvUbdIZc  $01:A0F3: 29 01    AND #$01
f3368   c100273190   i31941666    A:00 X:01 Y:02 S:DB P:nvUbdIZc  $01:A0F5: 05 3F    ORA $3F = #$00
f3368   c100273193   i31941667    A:00 X:01 Y:02 S:DB P:nvUbdIZc  $01:A0F7: 85 3F    STA $3F = #$00
f3368   c100273196   i31941668    A:00 X:01 Y:02 S:DB P:nvUbdIZc  $01:A0F9: 88       DEY
f3368   c100273198   i31941669    A:00 X:01 Y:01 S:DB P:nvUbdIzc  $01:A0FA: D0 F1    BNE $A0ED
f3368   c100273201   i31941670    A:00 X:01 Y:01 S:DB P:nvUbdIzc  $01:A0ED: BD 15 40 LDA $4015,X @ $4016 = #$00
f3368   c100273205   i31941671    A:40 X:01 Y:01 S:DB P:nvUbdIzc  $01:A0F0: 4A       LSR
f3371   c100361796   i31969837    A:00 X:31 Y:01 S:DB P:nvUbdIZC  $01:A039: 8D 07 20 STA $2007 = #$00
f3371   c100361800   i31969838    A:00 X:31 Y:01 S:DB P:nvUbdIZC  $01:A03C: E8       INX
f3371   c100361802   i31969839    A:00 X:32 Y:01 S:DB P:nvUbdIzC  $01:A03D: 88       DEY
f3371   c100361804   i31969840    A:00 X:32 Y:00 S:DB P:nvUbdIZC  $01:A03E: D0 F6    BNE $A036
f3371   c100361806   i31969841    A:00 X:32 Y:00 S:DB P:nvUbdIZC  $01:A040: E8       INX
f3371   c100361808   i31969842    A:00 X:33 Y:00 S:DB P:nvUbdIzC  $01:A041: E8       INX
f3371   c100361810   i31969843    A:00 X:34 Y:00 S:DB P:nvUbdIzC  $01:A042: E8       INX
f3371   c100361812   i31969844    A:00 X:35 Y:00 S:DB P:nvUbdIzC  $01:A043: BD E8 05 LDA $05E8,X @ $061D = #$04
f3371   c100361817   i31969845    A:04 X:35 Y:00 S:DB P:nvUbdIzC  $01:A046: D0 D3    BNE $A01B
f3371   c100361820   i31969846    A:04 X:35 Y:00 S:DB P:nvUbdIzC  $01:A01B: A0 80    LDY #$80
f3371   c100361822   i31969847    A:04 X:35 Y:80 S:DB P:NvUbdIzC  $01:A01D: BD E8 05 LDA $05E8,X @ $061D = #$04
f3371   c100361827   i31969848    A:04 X:35 Y:80 S:DB P:nvUbdIzC  $01:A020: 10 04    BPL $A026
f3371   c100361830   i31969849    A:04 X:35 Y:80 S:DB P:nvUbdIzC  $01:A026: 8C 00 20 STY $2000 = #$80
f3371   c100361834   i31969850    A:04 X:35 Y:80 S:DB P:nvUbdIzC  $01:A029: A8       TAY
f3371   c100361836   i31969851    A:04 X:35 Y:04 S:DB P:nvUbdIzC  $01:A02A: BD EA 05 LDA $05EA,X @ $061F = #$23
f3371   c100361841   i31969852    A:23 X:35 Y:04 S:DB P:nvUbdIzC  $01:A02D: 8D 06 20 STA $2006 = #$54
f3371   c100361845   i31969853    A:23 X:35 Y:04 S:DB P:nvUbdIzC  $01:A030: BD E9 05 LDA $05E9,X @ $061E = #$70
f3371   c100361850   i31969854    A:70 X:35 Y:04 S:DB P:nvUbdIzC  $01:A033: 8D 06 20 STA $2006 = #$54
f3371   c100361854   i31969855    A:70 X:35 Y:04 S:DB P:nvUbdIzC  $01:A036: BD EB 05 LDA $05EB,X @ $0620 = #$00
f3371   c100361859   i31969856    A:00 X:35 Y:04 S:DB P:nvUbdIZC  $01:A039: 8D 07 20 STA $2007 = #$00
f3371   c100361863   i31969857    A:00 X:35 Y:04 S:DB P:nvUbdIZC  $01:A03C: E8       INX
f3371   c100361865   i31969858    A:00 X:36 Y:04 S:DB P:nvUbdIzC  $01:A03D: 88       DEY
f3371   c100361867   i31969859    A:00 X:36 Y:03 S:DB P:nvUbdIzC  $01:A03E: D0 F6    BNE $A036
f3371   c100361870   i31969860    A:00 X:36 Y:03 S:DB P:nvUbdIzC  $01:A036: BD EB 05 LDA $05EB,X @ $0621 = #$00
f3371   c100361875   i31969861    A:00 X:36 Y:03 S:DB P:nvUbdIZC  $01:A039: 8D 07 20 STA $2007 = #$00
f3371   c100361879   i31969862    A:00 X:36 Y:03 S:DB P:nvUbdIZC  $01:A03C: E8       INX
f3371   c100361881   i31969863    A:00 X:37 Y:03 S:DB P:nvUbdIzC  $01:A03D: 88       DEY
f3371   c100361883   i31969864    A:00 X:37 Y:02 S:DB P:nvUbdIzC  $01:A03E: D0 F6    BNE $A036
f3371   c100361886   i31969865    A:00 X:37 Y:02 S:DB P:nvUbdIzC  $01:A036: BD EB 05 LDA $05EB,X @ $0622 = #$00
f3371   c100361891   i31969866    A:00 X:37 Y:02 S:DB P:nvUbdIZC  $01:A039: 8D 07 20 STA $2007 = #$00
f3371   c100361895   i31969867    A:00 X:37 Y:02 S:DB P:nvUbdIZC  $01:A03C: E8       INX
f3371   c100361897   i31969868    A:00 X:38 Y:02 S:DB P:nvUbdIzC  $01:A03D: 88       DEY
f3371   c100361899   i31969869    A:00 X:38 Y:01 S:DB P:nvUbdIzC  $01:A03E: D0 F6    BNE $A036
f3371   c100361902   i31969870    A:00 X:38 Y:01 S:DB P:nvUbdIzC  $01:A036: BD EB 05 LDA $05EB,X @ $0623 = #$00
f3371   c100361907   i31969871    A:00 X:38 Y:01 S:DB P:nvUbdIZC  $01:A039: 8D 07 20 STA $2007 = #$00
f3371   c100361911   i31969872    A:00 X:38 Y:01 S:DB P:nvUbdIZC  $01:A03C: E8       INX
f3371   c100361913   i31969873    A:00 X:39 Y:01 S:DB P:nvUbdIzC  $01:A03D: 88       DEY
f3371   c100361915   i31969874    A:00 X:39 Y:00 S:DB P:nvUbdIZC  $01:A03E: D0 F6    BNE $A036
f3371   c100361917   i31969875    A:00 X:39 Y:00 S:DB P:nvUbdIZC  $01:A040: E8       INX
f3371   c100361919   i31969876    A:00 X:3A Y:00 S:DB P:nvUbdIzC  $01:A041: E8       INX
f3371   c100361921   i31969877    A:00 X:3B Y:00 S:DB P:nvUbdIzC  $01:A042: E8       INX
f3371   c100361923   i31969878    A:00 X:3C Y:00 S:DB P:nvUbdIzC  $01:A043: BD E8 05 LDA $05E8,X @ $0624 = #$00
f3371   c100362201   i31969963    A:00 X:02 Y:07 S:DB P:nvUbdIzc  $01:A0ED: BD 15 40 LDA $4015,X @ $4017 = #$01
f3371   c100362205   i31969964    A:40 X:02 Y:07 S:DB P:nvUbdIzc  $01:A0F0: 4A       LSR
f3371   c100362207   i31969965    A:20 X:02 Y:07 S:DB P:nvUbdIzc  $01:A0F1: 26 3F    ROL $3F = #$00
f3371   c100362212   i31969966    A:20 X:02 Y:07 S:DB P:nvUbdIZc  $01:A0F3: 29 01    AND #$01
f3371   c100362214   i31969967    A:00 X:02 Y:07 S:DB P:nvUbdIZc  $01:A0F5: 05 3F    ORA $3F = #$00
f3371   c100362217   i31969968    A:00 X:02 Y:07 S:DB P:nvUbdIZc  $01:A0F7: 85 3F    STA $3F = #$00
f3371   c100362220   i31969969    A:00 X:02 Y:07 S:DB P:nvUbdIZc  $01:A0F9: 88       DEY
f3371   c100362222   i31969970    A:00 X:02 Y:06 S:DB P:nvUbdIzc  $01:A0FA: D0 F1    BNE $A0ED
f3371   c100362225   i31969971    A:00 X:02 Y:06 S:DB P:nvUbdIzc  $01:A0ED: BD 15 40 LDA $4015,X @ $4017 = #$01
f3371   c100362229   i31969972    A:40 X:02 Y:06 S:DB P:nvUbdIzc  $01:A0F0: 4A       LSR
f3371   c100362231   i31969973    A:20 X:02 Y:06 S:DB P:nvUbdIzc  $01:A0F1: 26 3F    ROL $3F = #$00
f3371   c100362236   i31969974    A:20 X:02 Y:06 S:DB P:nvUbdIZc  $01:A0F3: 29 01    AND #$01
f3371   c100362238   i31969975    A:00 X:02 Y:06 S:DB P:nvUbdIZc  $01:A0F5: 05 3F    ORA $3F = #$00
f3371   c100362241   i31969976    A:00 X:02 Y:06 S:DB P:nvUbdIZc  $01:A0F7: 85 3F    STA $3F = #$00
f3371   c100362244   i31969977    A:00 X:02 Y:06 S:DB P:nvUbdIZc  $01:A0F9: 88       DEY
f3371   c100362246   i31969978    A:00 X:02 Y:05 S:DB P:nvUbdIzc  $01:A0FA: D0 F1    BNE $A0ED
f3371   c100362249   i31969979    A:00 X:02 Y:05 S:DB P:nvUbdIzc  $01:A0ED: BD 15 40 LDA $4015,X @ $4017 = #$01
f3371   c100362253   i31969980    A:40 X:02 Y:05 S:DB P:nvUbdIzc  $01:A0F0: 4A       LSR
f3371   c100362255   i31969981    A:20 X:02 Y:05 S:DB P:nvUbdIzc  $01:A0F1: 26 3F    ROL $3F = #$00
f3371   c100362260   i31969982    A:20 X:02 Y:05 S:DB P:nvUbdIZc  $01:A0F3: 29 01    AND #$01
f3371   c100362262   i31969983    A:00 X:02 Y:05 S:DB P:nvUbdIZc  $01:A0F5: 05 3F    ORA $3F = #$00
f3371   c100362265   i31969984    A:00 X:02 Y:05 S:DB P:nvUbdIZc  $01:A0F7: 85 3F    STA $3F = #$00
f3371   c100362268   i31969985    A:00 X:02 Y:05 S:DB P:nvUbdIZc  $01:A0F9: 88       DEY
f3371   c100362270   i31969986    A:00 X:02 Y:04 S:DB P:nvUbdIzc  $01:A0FA: D0 F1    BNE $A0ED
f3371   c100362273   i31969987    A:00 X:02 Y:04 S:DB P:nvUbdIzc  $01:A0ED: BD 15 40 LDA $4015,X @ $4017 = #$01
f3371   c100362277   i31969988    A:40 X:02 Y:04 S:DB P:nvUbdIzc  $01:A0F0: 4A       LSR
f3371   c100362279   i31969989    A:20 X:02 Y:04 S:DB P:nvUbdIzc  $01:A0F1: 26 3F    ROL $3F = #$00
f3371   c100362284   i31969990    A:20 X:02 Y:04 S:DB P:nvUbdIZc  $01:A0F3: 29 01    AND #$01
f3371   c100362286   i31969991    A:00 X:02 Y:04 S:DB P:nvUbdIZc  $01:A0F5: 05 3F    ORA $3F = #$00
f3371   c100362289   i31969992    A:00 X:02 Y:04 S:DB P:nvUbdIZc  $01:A0F7: 85 3F    STA $3F = #$00
f3371   c100362292   i31969993    A:00 X:02 Y:04 S:DB P:nvUbdIZc  $01:A0F9: 88       DEY
f3371   c100362294   i31969994    A:00 X:02 Y:03 S:DB P:nvUbdIzc  $01:A0FA: D0 F1    BNE $A0ED
f3371   c100362297   i31969995    A:00 X:02 Y:03 S:DB P:nvUbdIzc  $01:A0ED: BD 15 40 LDA $4015,X @ $4017 = #$01
f3371   c100362301   i31969996    A:40 X:02 Y:03 S:DB P:nvUbdIzc  $01:A0F0: 4A       LSR
f3371   c100362303   i31969997    A:20 X:02 Y:03 S:DB P:nvUbdIzc  $01:A0F1: 26 3F    ROL $3F = #$00
f3371   c100362308   i31969998    A:20 X:02 Y:03 S:DB P:nvUbdIZc  $01:A0F3: 29 01    AND #$01
f3371   c100362310   i31969999    A:00 X:02 Y:03 S:DB P:nvUbdIZc  $01:A0F5: 05 3F    ORA $3F = #$00
f3371   c100362313   i31970000    A:00 X:02 Y:03 S:DB P:nvUbdIZc  $01:A0F7: 85 3F    STA $3F = #$00
f3371   c100362316   i31970001    A:00 X:02 Y:03 S:DB P:nvUbdIZc  $01:A0F9: 88       DEY
f3371   c100362318   i31970002    A:00 X:02 Y:02 S:DB P:nvUbdIzc  $01:A0FA: D0 F1    BNE $A0ED
f3371   c100362321   i31970003    A:00 X:02 Y:02 S:DB P:nvUbdIzc  $01:A0ED: BD 15 40 LDA $4015,X @ $4017 = #$01
f3371   c100362325   i31970004    A:40 X:02 Y:02 S:DB P:nvUbdIzc  $01:A0F0: 4A       LSR
f3372   c100391415   i31979257    A:00 X:27 Y:01 S:DB P:nvUbdIzC  $01:A036: BD EB 05 LDA $05EB,X @ $0612 = #$00
f3372   c100391420   i31979258    A:00 X:27 Y:01 S:DB P:nvUbdIZC  $01:A039: 8D 07 20 STA $2007 = #$00
f3372   c100391424   i31979259    A:00 X:27 Y:01 S:DB P:nvUbdIZC  $01:A03C: E8       INX
f3372   c100391426   i31979260    A:00 X:28 Y:01 S:DB P:nvUbdIzC  $01:A03D: 88       DEY
f3372   c100391428   i31979261    A:00 X:28 Y:00 S:DB P:nvUbdIZC  $01:A03E: D0 F6    BNE $A036
f3372   c100391430   i31979262    A:00 X:28 Y:00 S:DB P:nvUbdIZC  $01:A040: E8       INX
f3372   c100391432   i31979263    A:00 X:29 Y:00 S:DB P:nvUbdIzC  $01:A041: E8       INX
f3372   c100391434   i31979264    A:00 X:2A Y:00 S:DB P:nvUbdIzC  $01:A042: E8       INX
f3372   c100391436   i31979265    A:00 X:2B Y:00 S:DB P:nvUbdIzC  $01:A043: BD E8 05 LDA $05E8,X @ $0613 = #$04
f3372   c100391441   i31979266    A:04 X:2B Y:00 S:DB P:nvUbdIzC  $01:A046: D0 D3    BNE $A01B
f3372   c100391444   i31979267    A:04 X:2B Y:00 S:DB P:nvUbdIzC  $01:A01B: A0 80    LDY #$80
f3372   c100391446   i31979268    A:04 X:2B Y:80 S:DB P:NvUbdIzC  $01:A01D: BD E8 05 LDA $05E8,X @ $0613 = #$04
f3372   c100391451   i31979269    A:04 X:2B Y:80 S:DB P:nvUbdIzC  $01:A020: 10 04    BPL $A026
f3372   c100391454   i31979270    A:04 X:2B Y:80 S:DB P:nvUbdIzC  $01:A026: 8C 00 20 STY $2000 = #$80
f3372   c100391458   i31979271    A:04 X:2B Y:80 S:DB P:nvUbdIzC  $01:A029: A8       TAY
f3372   c100391460   i31979272    A:04 X:2B Y:04 S:DB P:nvUbdIzC  $01:A02A: BD EA 05 LDA $05EA,X @ $0615 = #$23
f3372   c100391465   i31979273    A:23 X:2B Y:04 S:DB P:nvUbdIzC  $01:A02D: 8D 06 20 STA $2006 = #$1C
f3372   c100391469   i31979274    A:23 X:2B Y:04 S:DB P:nvUbdIzC  $01:A030: BD E9 05 LDA $05E9,X @ $0614 = #$38
f3372   c100391474   i31979275    A:38 X:2B Y:04 S:DB P:nvUbdIzC  $01:A033: 8D 06 20 STA $2006 = #$1C
f3372   c100391478   i31979276    A:38 X:2B Y:04 S:DB P:nvUbdIzC  $01:A036: BD EB 05 LDA $05EB,X @ $0616 = #$00
f3372   c100391483   i31979277    A:00 X:2B Y:04 S:DB P:nvUbdIZC  $01:A039: 8D 07 20 STA $2007 = #$00
f3372   c100391487   i31979278    A:00 X:2B Y:04 S:DB P:nvUbdIZC  $01:A03C: E8       INX
f3372   c100391489   i31979279    A:00 X:2C Y:04 S:DB P:nvUbdIzC  $01:A03D: 88       DEY
f3372   c100391491   i31979280    A:00 X:2C Y:03 S:DB P:nvUbdIzC  $01:A03E: D0 F6    BNE $A036
f3372   c100391494   i31979281    A:00 X:2C Y:03 S:DB P:nvUbdIzC  $01:A036: BD EB 05 LDA $05EB,X @ $0617 = #$00
f3372   c100391499   i31979282    A:00 X:2C Y:03 S:DB P:nvUbdIZC  $01:A039: 8D 07 20 STA $2007 = #$00
f3372   c100391503   i31979283    A:00 X:2C Y:03 S:DB P:nvUbdIZC  $01:A03C: E8       INX
f3372   c100391505   i31979284    A:00 X:2D Y:03 S:DB P:nvUbdIzC  $01:A03D: 88       DEY
f3372   c100391507   i31979285    A:00 X:2D Y:02 S:DB P:nvUbdIzC  $01:A03E: D0 F6    BNE $A036
f3372   c100391510   i31979286    A:00 X:2D Y:02 S:DB P:nvUbdIzC  $01:A036: BD EB 05 LDA $05EB,X @ $0618 = #$00
f3372   c100391515   i31979287    A:00 X:2D Y:02 S:DB P:nvUbdIZC  $01:A039: 8D 07 20 STA $2007 = #$00
f3372   c100391519   i31979288    A:00 X:2D Y:02 S:DB P:nvUbdIZC  $01:A03C: E8       INX
f3372   c100391521   i31979289    A:00 X:2E Y:02 S:DB P:nvUbdIzC  $01:A03D: 88       DEY
f3372   c100391523   i31979290    A:00 X:2E Y:01 S:DB P:nvUbdIzC  $01:A03E: D0 F6    BNE $A036
f3372   c100391526   i31979291    A:00 X:2E Y:01 S:DB P:nvUbdIzC  $01:A036: BD EB 05 LDA $05EB,X @ $0619 = #$00
f3372   c100391531   i31979292    A:00 X:2E Y:01 S:DB P:nvUbdIZC  $01:A039: 8D 07 20 STA $2007 = #$00
f3372   c100391535   i31979293    A:00 X:2E Y:01 S:DB P:nvUbdIZC  $01:A03C: E8       INX
f3372   c100391537   i31979294    A:00 X:2F Y:01 S:DB P:nvUbdIzC  $01:A03D: 88       DEY
f3372   c100391539   i31979295    A:00 X:2F Y:00 S:DB P:nvUbdIZC  $01:A03E: D0 F6    BNE $A036
f3372   c100391541   i31979296    A:00 X:2F Y:00 S:DB P:nvUbdIZC  $01:A040: E8       INX
f3372   c100391543   i31979297    A:00 X:30 Y:00 S:DB P:nvUbdIzC  $01:A041: E8       INX
f3372   c100391545   i31979298    A:00 X:31 Y:00 S:DB P:nvUbdIzC  $01:A042: E8       INX
f3373   c100420807   i31988633    A:00 X:0E Y:01 S:DB P:nvUbdIzC  $01:A036: BD EB 05 LDA $05EB,X @ $05F9 = #$00
f3373   c100420811   i31988634    A:00 X:0E Y:01 S:DB P:nvUbdIZC  $01:A039: 8D 07 20 STA $2007 = #$00
f3373   c100420815   i31988635    A:00 X:0E Y:01 S:DB P:nvUbdIZC  $01:A03C: E8       INX
f3373   c100420817   i31988636    A:00 X:0F Y:01 S:DB P:nvUbdIzC  $01:A03D: 88       DEY
f3373   c100420819   i31988637    A:00 X:0F Y:00 S:DB P:nvUbdIZC  $01:A03E: D0 F6    BNE $A036
f3373   c100420821   i31988638    A:00 X:0F Y:00 S:DB P:nvUbdIZC  $01:A040: E8       INX
f3373   c100420823   i31988639    A:00 X:10 Y:00 S:DB P:nvUbdIzC  $01:A041: E8       INX
f3373   c100420825   i31988640    A:00 X:11 Y:00 S:DB P:nvUbdIzC  $01:A042: E8       INX
f3373   c100420827   i31988641    A:00 X:12 Y:00 S:DB P:nvUbdIzC  $01:A043: BD E8 05 LDA $05E8,X @ $05FA = #$04
f3373   c100420831   i31988642    A:04 X:12 Y:00 S:DB P:nvUbdIzC  $01:A046: D0 D3    BNE $A01B
f3373   c100420834   i31988643    A:04 X:12 Y:00 S:DB P:nvUbdIzC  $01:A01B: A0 80    LDY #$80
f3373   c100420836   i31988644    A:04 X:12 Y:80 S:DB P:NvUbdIzC  $01:A01D: BD E8 05 LDA $05E8,X @ $05FA = #$04
f3373   c100420840   i31988645    A:04 X:12 Y:80 S:DB P:nvUbdIzC  $01:A020: 10 04    BPL $A026
f3373   c100420843   i31988646    A:04 X:12 Y:80 S:DB P:nvUbdIzC  $01:A026: 8C 00 20 STY $2000 = #$80
f3373   c100420847   i31988647    A:04 X:12 Y:80 S:DB P:nvUbdIzC  $01:A029: A8       TAY
f3373   c100420849   i31988648    A:04 X:12 Y:04 S:DB P:nvUbdIzC  $01:A02A: BD EA 05 LDA $05EA,X @ $05FC = #$23
f3373   c100420853   i31988649    A:23 X:12 Y:04 S:DB P:nvUbdIzC  $01:A02D: 8D 06 20 STA $2006 = #$20
f3373   c100420857   i31988650    A:23 X:12 Y:04 S:DB P:nvUbdIzC  $01:A030: BD E9 05 LDA $05E9,X @ $05FB = #$3C
f3373   c100420861   i31988651    A:3C X:12 Y:04 S:DB P:nvUbdIzC  $01:A033: 8D 06 20 STA $2006 = #$20
f3373   c100420865   i31988652    A:3C X:12 Y:04 S:DB P:nvUbdIzC  $01:A036: BD EB 05 LDA $05EB,X @ $05FD = #$00
f3373   c100420869   i31988653    A:00 X:12 Y:04 S:DB P:nvUbdIZC  $01:A039: 8D 07 20 STA $2007 = #$00
f3373   c100420873   i31988654    A:00 X:12 Y:04 S:DB P:nvUbdIZC  $01:A03C: E8       INX
f3373   c100420875   i31988655    A:00 X:13 Y:04 S:DB P:nvUbdIzC  $01:A03D: 88       DEY
f3373   c100420877   i31988656    A:00 X:13 Y:03 S:DB P:nvUbdIzC  $01:A03E: D0 F6    BNE $A036
f3373   c100420880   i31988657    A:00 X:13 Y:03 S:DB P:nvUbdIzC  $01:A036: BD EB 05 LDA $05EB,X @ $05FE = #$00
f3373   c100420884   i31988658    A:00 X:13 Y:03 S:DB P:nvUbdIZC  $01:A039: 8D 07 20 STA $2007 = #$00
f3373   c100420888   i31988659    A:00 X:13 Y:03 S:DB P:nvUbdIZC  $01:A03C: E8       INX
f3373   c100420890   i31988660    A:00 X:14 Y:03 S:DB P:nvUbdIzC  $01:A03D: 88       DEY
f3373   c100420892   i31988661    A:00 X:14 Y:02 S:DB P:nvUbdIzC  $01:A03E: D0 F6    BNE $A036
f3373   c100420895   i31988662    A:00 X:14 Y:02 S:DB P:nvUbdIzC  $01:A036: BD EB 05 LDA $05EB,X @ $05FF = #$00
f3373   c100420899   i31988663    A:00 X:14 Y:02 S:DB P:nvUbdIZC  $01:A039: 8D 07 20 STA $2007 = #$00
f3373   c100420903   i31988664    A:00 X:14 Y:02 S:DB P:nvUbdIZC  $01:A03C: E8       INX
f3373   c100420905   i31988665    A:00 X:15 Y:02 S:DB P:nvUbdIzC  $01:A03D: 88       DEY
f3373   c100420907   i31988666    A:00 X:15 Y:01 S:DB P:nvUbdIzC  $01:A03E: D0 F6    BNE $A036
f3373   c100420910   i31988667    A:00 X:15 Y:01 S:DB P:nvUbdIzC  $01:A036: BD EB 05 LDA $05EB,X @ $0600 = #$00
f3373   c100420915   i31988668    A:00 X:15 Y:01 S:DB P:nvUbdIZC  $01:A039: 8D 07 20 STA $2007 = #$00
f3373   c100420919   i31988669    A:00 X:15 Y:01 S:DB P:nvUbdIZC  $01:A03C: E8       INX
f3373   c100420921   i31988670    A:00 X:16 Y:01 S:DB P:nvUbdIzC  $01:A03D: 88       DEY
f3373   c100420923   i31988671    A:00 X:16 Y:00 S:DB P:nvUbdIZC  $01:A03E: D0 F6    BNE $A036
f3373   c100420925   i31988672    A:00 X:16 Y:00 S:DB P:nvUbdIZC  $01:A040: E8       INX
f3373   c100420927   i31988673    A:00 X:17 Y:00 S:DB P:nvUbdIzC  $01:A041: E8       INX
f3373   c100420929   i31988674    A:00 X:18 Y:00 S:DB P:nvUbdIzC  $01:A042: E8       INX
f3375   c100479451   i32007431    A:40 X:19 Y:00 S:E0 P:nvUbdizC  $00:9F04: A5 1B    LDA $1B = #$40
f3375   c100479454   i32007432    A:40 X:19 Y:00 S:E0 P:nvUbdizC  $00:9F06: 10 FC    BPL $9F04
f3375   c100479457   i32007433    A:40 X:19 Y:00 S:E0 P:nvUbdizC  $00:9F04: A5 1B    LDA $1B = #$40
f3375   c100479460   i32007434    A:40 X:19 Y:00 S:E0 P:nvUbdizC  $00:9F06: 10 FC    BPL $9F04
f3375   c100479463   i32007435    A:40 X:19 Y:00 S:E0 P:nvUbdizC  $00:9F04: A5 1B    LDA $1B = #$40
f3375   c100479466   i32007436    A:40 X:19 Y:00 S:E0 P:nvUbdizC  $00:9F06: 10 FC    BPL $9F04
f3375   c100479469   i32007437    A:40 X:19 Y:00 S:E0 P:nvUbdizC  $00:9F04: A5 1B    LDA $1B = #$40
f3375   c100479472   i32007438    A:40 X:19 Y:00 S:E0 P:nvUbdizC  $00:9F06: 10 FC    BPL $9F04
f3375   c100479475   i32007439    A:40 X:19 Y:00 S:E0 P:nvUbdizC  $00:9F04: A5 1B    LDA $1B = #$40
f3375   c100479478   i32007440    A:40 X:19 Y:00 S:E0 P:nvUbdizC  $00:9F06: 10 FC    BPL $9F04
f3375   c100479481   i32007441    A:40 X:19 Y:00 S:E0 P:nvUbdizC  $00:9F04: A5 1B    LDA $1B = #$40
f3375   c100479484   i32007442    A:40 X:19 Y:00 S:E0 P:nvUbdizC  $00:9F06: 10 FC    BPL $9F04
f3375   c100479487   i32007443    A:40 X:19 Y:00 S:E0 P:nvUbdizC  $00:9F04: A5 1B    LDA $1B = #$40
f3375   c100479490   i32007444    A:40 X:19 Y:00 S:E0 P:nvUbdizC  $00:9F06: 10 FC    BPL $9F04
f3375   c100479493   i32007445    A:40 X:19 Y:00 S:E0 P:nvUbdizC  $00:9F04: A5 1B    LDA $1B = #$40
f3375   c100479496   i32007446    A:40 X:19 Y:00 S:E0 P:nvUbdizC  $00:9F06: 10 FC    BPL $9F04
f3375   c100479499   i32007447    A:40 X:19 Y:00 S:E0 P:nvUbdizC  $00:9F04: A5 1B    LDA $1B = #$40
f3375   c100479502   i32007448    A:40 X:19 Y:00 S:E0 P:nvUbdizC  $00:9F06: 10 FC    BPL $9F04
f3375   c100479505   i32007449    A:40 X:19 Y:00 S:E0 P:nvUbdizC  $00:9F04: A5 1B    LDA $1B = #$40
f3375   c100479508   i32007450    A:40 X:19 Y:00 S:E0 P:nvUbdizC  $00:9F06: 10 FC    BPL $9F04
f3375   c100479511   i32007451    A:40 X:19 Y:00 S:E0 P:nvUbdizC  $00:9F04: A5 1B    LDA $1B = #$40
f3375   c100479514   i32007452    A:40 X:19 Y:00 S:E0 P:nvUbdizC  $00:9F06: 10 FC    BPL $9F04
f3375   c100479517   i32007453    A:40 X:19 Y:00 S:E0 P:nvUbdizC  $00:9F04: A5 1B    LDA $1B = #$40
f3375   c100479520   i32007454    A:40 X:19 Y:00 S:E0 P:nvUbdizC  $00:9F06: 10 FC    BPL $9F04
f3375   c100479523   i32007455    A:40 X:19 Y:00 S:E0 P:nvUbdizC  $00:9F04: A5 1B    LDA $1B = #$40
f3375   c100479533   i32007456    A:40 X:19 Y:00 S:DD P:nvUbdIzC  $0F:C500: 4C 6E C7 JMP $C76E
f3375   c100479536   i32007457    A:40 X:19 Y:00 S:DD P:nvUbdIzC  $0F:C76E: 24 1B    BIT $1B = #$40
f3375   c100479539   i32007458    A:40 X:19 Y:00 S:DD P:nVUbdIzC  $0F:C770: 50 03    BVC $C775
f3375   c100479541   i32007459    A:40 X:19 Y:00 S:DD P:nVUbdIzC  $0F:C772: 4C 21 C4 JMP $C421
f3375   c100479544   i32007460    A:40 X:19 Y:00 S:DD P:nVUbdIzC  $0F:C421: 24 3B    BIT $3B = #$55
f3375   c100479547   i32007461    A:40 X:19 Y:00 S:DD P:nVUbdIzC  $0F:C423: 30 4D    BMI $C472
f3375   c100479549   i32007462    A:40 X:19 Y:00 S:DD P:nVUbdIzC  $0F:C425: 38       SEC
f3375   c100479551   i32007463    A:40 X:19 Y:00 S:DD P:nVUbdIzC  $0F:C426: 66 3B    ROR $3B = #$55
f3375   c100479556   i32007464    A:40 X:19 Y:00 S:DD P:NVUbdIzC  $0F:C428: 85 3C    STA $3C = #$40
f3375   c100479559   i32007465    A:40 X:19 Y:00 S:DD P:NVUbdIzC  $0F:C42A: 86 3D    STX $3D = #$19
f3375   c100479562   i32007466    A:40 X:19 Y:00 S:DD P:NVUbdIzC  $0F:C42C: 84 3E    STY $3E = #$00
f3375   c100479565   i32007467    A:40 X:19 Y:00 S:DD P:NVUbdIzC  $0F:C42E: A5 22    LDA $22 = #$00
f3375   c100479568   i32007468    A:00 X:19 Y:00 S:DD P:nVUbdIZC  $0F:C430: 09 07    ORA #$07
f3375   c100479570   i32007469    A:07 X:19 Y:00 S:DD P:nVUbdIzC  $0F:C432: 8D 00 80 STA $8000 = #$A5
f3375   c100479574   i32007470    A:07 X:19 Y:00 S:DD P:nVUbdIzC  $0F:C435: A9 02    LDA #$02
f3375   c100479576   i32007471    A:02 X:19 Y:00 S:DD P:nVUbdIzC  $0F:C437: 8D 01 80 STA $8001 = #$27
f3375   c100479580   i32007472    A:02 X:19 Y:00 S:DD P:nVUbdIzC  $0F:C43A: 20 00 A0 JSR $A000
f3375   c100480372   i32007557    A:00 X:02 Y:06 S:DB P:nVUbdIzc  $01:A0ED: BD 15 40 LDA $4015,X @ $4017 = #$01
f3375   c100480376   i32007558    A:40 X:02 Y:06 S:DB P:nVUbdIzc  $01:A0F0: 4A       LSR
f3375   c100480378   i32007559    A:20 X:02 Y:06 S:DB P:nVUbdIzc  $01:A0F1: 26 3F    ROL $3F = #$00
f3375   c100480383   i32007560    A:20 X:02 Y:06 S:DB P:nVUbdIZc  $01:A0F3: 29 01    AND #$01
f3375   c100480385   i32007561    A:00 X:02 Y:06 S:DB P:nVUbdIZc  $01:A0F5: 05 3F    ORA $3F = #$00
f3375   c100480388   i32007562    A:00 X:02 Y:06 S:DB P:nVUbdIZc  $01:A0F7: 85 3F    STA $3F = #$00
f3375   c100480391   i32007563    A:00 X:02 Y:06 S:DB P:nVUbdIZc  $01:A0F9: 88       DEY
f3375   c100480393   i32007564    A:00 X:02 Y:05 S:DB P:nVUbdIzc  $01:A0FA: D0 F1    BNE $A0ED
f3375   c100480396   i32007565    A:00 X:02 Y:05 S:DB P:nVUbdIzc  $01:A0ED: BD 15 40 LDA $4015,X @ $4017 = #$01
f3375   c100480400   i32007566    A:40 X:02 Y:05 S:DB P:nVUbdIzc  $01:A0F0: 4A       LSR
f3375   c100480402   i32007567    A:20 X:02 Y:05 S:DB P:nVUbdIzc  $01:A0F1: 26 3F    ROL $3F = #$00
f3375   c100480407   i32007568    A:20 X:02 Y:05 S:DB P:nVUbdIZc  $01:A0F3: 29 01    AND #$01
f3375   c100480409   i32007569    A:00 X:02 Y:05 S:DB P:nVUbdIZc  $01:A0F5: 05 3F    ORA $3F = #$00
f3375   c100480412   i32007570    A:00 X:02 Y:05 S:DB P:nVUbdIZc  $01:A0F7: 85 3F    STA $3F = #$00
f3375   c100480415   i32007571    A:00 X:02 Y:05 S:DB P:nVUbdIZc  $01:A0F9: 88       DEY
f3375   c100480417   i32007572    A:00 X:02 Y:04 S:DB P:nVUbdIzc  $01:A0FA: D0 F1    BNE $A0ED
f3375   c100480420   i32007573    A:00 X:02 Y:04 S:DB P:nVUbdIzc  $01:A0ED: BD 15 40 LDA $4015,X @ $4017 = #$01
f3375   c100480424   i32007574    A:40 X:02 Y:04 S:DB P:nVUbdIzc  $01:A0F0: 4A       LSR
f3375   c100480426   i32007575    A:20 X:02 Y:04 S:DB P:nVUbdIzc  $01:A0F1: 26 3F    ROL $3F = #$00
f3375   c100480431   i32007576    A:20 X:02 Y:04 S:DB P:nVUbdIZc  $01:A0F3: 29 01    AND #$01
f3375   c100480433   i32007577    A:00 X:02 Y:04 S:DB P:nVUbdIZc  $01:A0F5: 05 3F    ORA $3F = #$00
f3375   c100480436   i32007578    A:00 X:02 Y:04 S:DB P:nVUbdIZc  $01:A0F7: 85 3F    STA $3F = #$00
f3375   c100480439   i32007579    A:00 X:02 Y:04 S:DB P:nVUbdIZc  $01:A0F9: 88       DEY
f3375   c100480441   i32007580    A:00 X:02 Y:03 S:DB P:nVUbdIzc  $01:A0FA: D0 F1    BNE $A0ED
f3375   c100480444   i32007581    A:00 X:02 Y:03 S:DB P:nVUbdIzc  $01:A0ED: BD 15 40 LDA $4015,X @ $4017 = #$01
f3375   c100480448   i32007582    A:40 X:02 Y:03 S:DB P:nVUbdIzc  $01:A0F0: 4A       LSR
f3375   c100480450   i32007583    A:20 X:02 Y:03 S:DB P:nVUbdIzc  $01:A0F1: 26 3F    ROL $3F = #$00
f3375   c100480455   i32007584    A:20 X:02 Y:03 S:DB P:nVUbdIZc  $01:A0F3: 29 01    AND #$01
f3375   c100480457   i32007585    A:00 X:02 Y:03 S:DB P:nVUbdIZc  $01:A0F5: 05 3F    ORA $3F = #$00
f3375   c100480460   i32007586    A:00 X:02 Y:03 S:DB P:nVUbdIZc  $01:A0F7: 85 3F    STA $3F = #$00
f3375   c100480463   i32007587    A:00 X:02 Y:03 S:DB P:nVUbdIZc  $01:A0F9: 88       DEY
f3375   c100480465   i32007588    A:00 X:02 Y:02 S:DB P:nVUbdIzc  $01:A0FA: D0 F1    BNE $A0ED
f3375   c100480468   i32007589    A:00 X:02 Y:02 S:DB P:nVUbdIzc  $01:A0ED: BD 15 40 LDA $4015,X @ $4017 = #$01
f3375   c100480472   i32007590    A:40 X:02 Y:02 S:DB P:nVUbdIzc  $01:A0F0: 4A       LSR
f3375   c100480474   i32007591    A:20 X:02 Y:02 S:DB P:nVUbdIzc  $01:A0F1: 26 3F    ROL $3F = #$00
f3375   c100480479   i32007592    A:20 X:02 Y:02 S:DB P:nVUbdIZc  $01:A0F3: 29 01    AND #$01
f3375   c100480481   i32007593    A:00 X:02 Y:02 S:DB P:nVUbdIZc  $01:A0F5: 05 3F    ORA $3F = #$00
f3375   c100480484   i32007594    A:00 X:02 Y:02 S:DB P:nVUbdIZc  $01:A0F7: 85 3F    STA $3F = #$00
f3375   c100480487   i32007595    A:00 X:02 Y:02 S:DB P:nVUbdIZc  $01:A0F9: 88       DEY
f3375   c100480489   i32007596    A:00 X:02 Y:01 S:DB P:nVUbdIzc  $01:A0FA: D0 F1    BNE $A0ED
f3375   c100480492   i32007597    A:00 X:02 Y:01 S:DB P:nVUbdIzc  $01:A0ED: BD 15 40 LDA $4015,X @ $4017 = #$01
f3375   c100480496   i32007598    A:40 X:02 Y:01 S:DB P:nVUbdIzc  $01:A0F0: 4A       LSR
