000000	512	banner.nbfc	.nbfc
000001	32	banner.nbfp	.nbfp
000002	1188552	Child.srl	.srl
000003	1827040	Nurie_sd.sdat	.sdat
000004	976	clear/kami_ce.bin	.bin
000005	1088	clear/kami_cg.bin	.bin
000006	104	clear/kami_pc.NCLR	.nclr
000007	552	f_make/2_hand.NCLR	.nclr
000008	72	f_make/2_keyf.NCLR	.nclr
000009	171	f_make/btn_allclear.NCER	.ncer
000010	3208	f_make/btn_allclear_LZ.bin	.bin
000011	171	f_make/btn_kettei.NCER	.ncer
000012	2976	f_make/btn_kettei_LZ.bin	.bin
000013	171	f_make/btn_return.NCER	.ncer
000014	2768	f_make/btn_return_LZ.bin	.bin
000015	171	f_make/btn_yame.NCER	.ncer
000016	3160	f_make/btn_yame_LZ.bin	.bin
000017	384	f_make/caution.NCGR	.ncgr
000018	552	f_make/caution.NCLR	.nclr
000019	1572	f_make/caution.NSCR	.nscr
000020	552	f_make/clr_res.NCLR	.nclr
000021	1572	f_make/clr_res_main.NSCR	.nscr
000022	1588	f_make/clr_res_main_LZ.bin	.bin
000023	552	f_make/file_kill.NCLR	.nclr
000024	1192	f_make/file_kill_LZ.bin	.bin
000025	1572	f_make/file_kill_main.NSCR	.nscr
000026	1572	f_make/file_make_change.NSCR	.nscr
000027	1572	f_make/file_make_change_2_sita.NSCR	.nscr
000028	552	f_make/file_make_main.NCLR	.nclr
000029	1572	f_make/file_make_main.NSCR	.nscr
000030	552	f_make/file_make_main_2.NCLR	.nclr
000031	3324	f_make/file_make_main_2_LZ.bin	.bin
000032	1572	f_make/file_make_main_2_sita.NSCR	.nscr
000033	1572	f_make/file_make_main_2_ue.NSCR	.nscr
000034	2528	f_make/file_make_main_LZ.bin	.bin
000035	1572	f_make/file_make_main_ue.NSCR	.nscr
000036	552	f_make/file_make_tool.NCLR	.nclr
000037	1796	f_make/file_make_tool_LZ.bin	.bin
000038	231	f_make/hand_L.NCER	.ncer
000039	10708	f_make/hand_L_LZ.bin	.bin
000040	231	f_make/hand_R.NCER	.ncer
000041	10744	f_make/hand_R_LZ.bin	.bin
000042	99	f_make/key_button.NCER	.ncer
000043	560	f_make/key_button.NCGR	.ncgr
000044	99	f_make/key_key.NCER	.ncer
000045	560	f_make/key_key.NCGR	.ncgr
000046	195	f_make/tool.NCER	.ncer
000047	552	fap/bg_fap.NCLR	.nclr
000048	17972	fap/bg_fap_LZ.bin	.bin
000049	111	fap/col_change.NCER	.ncer
000050	560	fap/col_change.NCGR	.ncgr
000051	200	fap/col_changef.nclr	.nclr
000052	1572	fap/fap_BG_ue.NSCR	.nscr
000053	1572	fap/fap_henkan.NSCR	.nscr
000054	552	fap/fap_parts.NCLR	.nclr
000055	1552	fap/fap_parts_LZ.bin	.bin
000056	111	fap/fap_pen_b.NCER	.ncer
000057	304	fap/fap_pen_b.NCGR	.ncgr
000058	104	fap/fap_pen_bf.nclr	.nclr
000059	111	fap/fap_pen_g.NCER	.ncer
000060	304	fap/fap_pen_g.NCGR	.ncgr
000061	104	fap/fap_pen_gf.nclr	.nclr
000062	111	fap/fap_pen_k.NCER	.ncer
000063	304	fap/fap_pen_k.NCGR	.ncgr
000064	104	fap/fap_pen_kf.nclr	.nclr
000065	111	fap/fap_pen_w.NCER	.ncer
000066	304	fap/fap_pen_w.NCGR	.ncgr
000067	104	fap/fap_pen_wf.nclr	.nclr
000068	72	fap/hojyo_1f.nclr	.nclr
000069	403	fap/hojyo_black_need.NCER	.ncer
000070	1968	fap/hojyo_black_need.NCGR	.ncgr
000071	463	fap/hojyo_black_over.NCER	.ncer
000072	1968	fap/hojyo_black_over.NCGR	.ncgr
000073	111	fap/hojyo_clear.NCER	.ncer
000074	560	fap/hojyo_clear.NCGR	.ncgr
000075	167	fap/hojyo_undo_1.NCER	.ncer
000076	176	fap/hojyo_undo_1.NCGR	.ncgr
000077	167	fap/hojyo_undo_2.NCER	.ncer
000078	176	fap/hojyo_undo_2.NCGR	.ncgr
000079	167	fap/hojyo_undo_3.NCER	.ncer
000080	176	fap/hojyo_undo_3.NCGR	.ncgr
000081	259	fap/hojyo_waku_08.NCER	.ncer
000082	432	fap/hojyo_waku_08.NCGR	.ncgr
000083	355	fap/hojyo_waku_12.NCER	.ncer
000084	688	fap/hojyo_waku_12.NCGR	.ncgr
000085	355	fap/hojyo_waku_16.NCER	.ncer
000086	432	fap/hojyo_waku_16.NCGR	.ncgr
000087	463	fap/hojyo_white_need.NCER	.ncer
000088	2096	fap/hojyo_white_need.NCGR	.ncgr
000089	403	fap/hojyo_white_over.NCER	.ncer
000090	1840	fap/hojyo_white_over.NCGR	.ncgr
000091	548	fap_comp/f001.NSCR	.nscr
000092	1148	fap_comp/f001_LZ.bin	.bin
000093	72	fap_comp/f001_pc.NCLR	.nclr
000094	1164	fap_comp/f002_LZ.bin	.bin
000095	72	fap_comp/f002_pc.NCLR	.nclr
000096	1064	fap_comp/f003_LZ.bin	.bin
000097	72	fap_comp/f003_pc.NCLR	.nclr
000098	1112	fap_comp/f004_LZ.bin	.bin
000099	72	fap_comp/f004_pc.NCLR	.nclr
000100	1124	fap_comp/f005_LZ.bin	.bin
000101	72	fap_comp/f005_pc.NCLR	.nclr
000102	1132	fap_comp/f006_LZ.bin	.bin
000103	72	fap_comp/f006_pc.NCLR	.nclr
000104	1108	fap_comp/f007_LZ.bin	.bin
000105	72	fap_comp/f007_pc.NCLR	.nclr
000106	1108	fap_comp/f008_LZ.bin	.bin
000107	72	fap_comp/f008_pc.NCLR	.nclr
000108	1128	fap_comp/f009_LZ.bin	.bin
000109	72	fap_comp/f009_pc.NCLR	.nclr
000110	1164	fap_comp/f010_LZ.bin	.bin
000111	72	fap_comp/f010_pc.NCLR	.nclr
000112	1124	fap_comp/f011_LZ.bin	.bin
000113	72	fap_comp/f011_pc.NCLR	.nclr
000114	1120	fap_comp/f012_LZ.bin	.bin
000115	72	fap_comp/f012_pc.NCLR	.nclr
000116	1128	fap_comp/f013_LZ.bin	.bin
000117	72	fap_comp/f013_pc.NCLR	.nclr
000118	1120	fap_comp/f014_LZ.bin	.bin
000119	72	fap_comp/f014_pc.NCLR	.nclr
000120	1188	fap_comp/f015_LZ.bin	.bin
000121	72	fap_comp/f015_pc.NCLR	.nclr
000122	1120	fap_comp/f016_LZ.bin	.bin
000123	72	fap_comp/f016_pc.NCLR	.nclr
000124	1184	fap_comp/f017_LZ.bin	.bin
000125	72	fap_comp/f017_pc.NCLR	.nclr
000126	1144	fap_comp/f018_LZ.bin	.bin
000127	72	fap_comp/f018_pc.NCLR	.nclr
000128	1136	fap_comp/f019_LZ.bin	.bin
000129	72	fap_comp/f019_pc.NCLR	.nclr
000130	1124	fap_comp/f020_LZ.bin	.bin
000131	72	fap_comp/f020_pc.NCLR	.nclr
000132	1104	fap_comp/f021_LZ.bin	.bin
000133	72	fap_comp/f021_pc.NCLR	.nclr
000134	1152	fap_comp/f022_LZ.bin	.bin
000135	72	fap_comp/f022_pc.NCLR	.nclr
000136	1092	fap_comp/f023_LZ.bin	.bin
000137	72	fap_comp/f023_pc.NCLR	.nclr
000138	1100	fap_comp/f024_LZ.bin	.bin
000139	72	fap_comp/f024_pc.NCLR	.nclr
000140	1076	fap_comp/f025_LZ.bin	.bin
000141	72	fap_comp/f025_pc.NCLR	.nclr
000142	1132	fap_comp/f026_LZ.bin	.bin
000143	72	fap_comp/f026_pc.NCLR	.nclr
000144	1104	fap_comp/f027_LZ.bin	.bin
000145	72	fap_comp/f027_pc.NCLR	.nclr
000146	1096	fap_comp/f028_LZ.bin	.bin
000147	72	fap_comp/f028_pc.NCLR	.nclr
000148	1148	fap_comp/f029_LZ.bin	.bin
000149	72	fap_comp/f029_pc.NCLR	.nclr
000150	1112	fap_comp/f030_LZ.bin	.bin
000151	72	fap_comp/f030_pc.NCLR	.nclr
000152	1092	fap_comp/f031_LZ.bin	.bin
000153	72	fap_comp/f031_pc.NCLR	.nclr
000154	1100	fap_comp/f032_LZ.bin	.bin
000155	72	fap_comp/f032_pc.NCLR	.nclr
000156	1132	fap_comp/f033_LZ.bin	.bin
000157	72	fap_comp/f033_pc.NCLR	.nclr
000158	1152	fap_comp/f034_LZ.bin	.bin
000159	72	fap_comp/f034_pc.NCLR	.nclr
000160	1124	fap_comp/f035_LZ.bin	.bin
000161	72	fap_comp/f035_pc.NCLR	.nclr
000162	1096	fap_comp/f036_LZ.bin	.bin
000163	72	fap_comp/f036_pc.NCLR	.nclr
000164	1108	fap_comp/f037_LZ.bin	.bin
000165	72	fap_comp/f037_pc.NCLR	.nclr
000166	1072	fap_comp/f038_LZ.bin	.bin
000167	72	fap_comp/f038_pc.NCLR	.nclr
000168	1076	fap_comp/f039_LZ.bin	.bin
000169	72	fap_comp/f039_pc.NCLR	.nclr
000170	1080	fap_comp/f040_LZ.bin	.bin
000171	72	fap_comp/f040_pc.NCLR	.nclr
000172	1180	fap_comp/f041_LZ.bin	.bin
000173	72	fap_comp/f041_pc.NCLR	.nclr
000174	1104	fap_comp/f042_LZ.bin	.bin
000175	72	fap_comp/f042_pc.NCLR	.nclr
000176	1140	fap_comp/f043_LZ.bin	.bin
000177	72	fap_comp/f043_pc.NCLR	.nclr
000178	1096	fap_comp/f044_LZ.bin	.bin
000179	72	fap_comp/f044_pc.NCLR	.nclr
000180	1104	fap_comp/f045_LZ.bin	.bin
000181	72	fap_comp/f045_pc.NCLR	.nclr
000182	1096	fap_comp/f046_LZ.bin	.bin
000183	72	fap_comp/f046_pc.NCLR	.nclr
000184	1080	fap_comp/f047_LZ.bin	.bin
000185	72	fap_comp/f047_pc.NCLR	.nclr
000186	1116	fap_comp/f048_LZ.bin	.bin
000187	72	fap_comp/f048_pc.NCLR	.nclr
000188	1132	fap_comp/f049_LZ.bin	.bin
000189	72	fap_comp/f049_pc.NCLR	.nclr
000190	1124	fap_comp/f050_LZ.bin	.bin
000191	72	fap_comp/f050_pc.NCLR	.nclr
000192	1108	fap_comp/f051_LZ.bin	.bin
000193	72	fap_comp/f051_pc.NCLR	.nclr
000194	1280	fap_comp/f052_LZ.bin	.bin
000195	72	fap_comp/f052_pc.NCLR	.nclr
000196	1280	fap_comp/f053_LZ.bin	.bin
000197	72	fap_comp/f053_pc.NCLR	.nclr
000198	1176	fap_comp/f054_LZ.bin	.bin
000199	72	fap_comp/f054_pc.NCLR	.nclr
000200	1172	fap_comp/f055_LZ.bin	.bin
000201	72	fap_comp/f055_pc.NCLR	.nclr
000202	1364	fap_comp/f056_LZ.bin	.bin
000203	72	fap_comp/f056_pc.NCLR	.nclr
000204	1492	fap_comp/f057_LZ.bin	.bin
000205	72	fap_comp/f057_pc.NCLR	.nclr
000206	1232	fap_comp/f058_LZ.bin	.bin
000207	72	fap_comp/f058_pc.NCLR	.nclr
000208	1268	fap_comp/f059_LZ.bin	.bin
000209	72	fap_comp/f059_pc.NCLR	.nclr
000210	1208	fap_comp/f060_LZ.bin	.bin
000211	72	fap_comp/f060_pc.NCLR	.nclr
000212	1232	fap_comp/f061_LZ.bin	.bin
000213	72	fap_comp/f061_pc.NCLR	.nclr
000214	1240	fap_comp/f062_LZ.bin	.bin
000215	72	fap_comp/f062_pc.NCLR	.nclr
000216	1364	fap_comp/f063_LZ.bin	.bin
000217	72	fap_comp/f063_pc.NCLR	.nclr
000218	1312	fap_comp/f064_LZ.bin	.bin
000219	72	fap_comp/f064_pc.NCLR	.nclr
000220	1192	fap_comp/f065_LZ.bin	.bin
000221	72	fap_comp/f065_pc.NCLR	.nclr
000222	1212	fap_comp/f066_LZ.bin	.bin
000223	72	fap_comp/f066_pc.NCLR	.nclr
000224	1280	fap_comp/f067_LZ.bin	.bin
000225	72	fap_comp/f067_pc.NCLR	.nclr
000226	1192	fap_comp/f068_LZ.bin	.bin
000227	72	fap_comp/f068_pc.NCLR	.nclr
000228	1176	fap_comp/f069_LZ.bin	.bin
000229	72	fap_comp/f069_pc.NCLR	.nclr
000230	1312	fap_comp/f070_LZ.bin	.bin
000231	72	fap_comp/f070_pc.NCLR	.nclr
000232	1232	fap_comp/f071_LZ.bin	.bin
000233	72	fap_comp/f071_pc.NCLR	.nclr
000234	1248	fap_comp/f072_LZ.bin	.bin
000235	72	fap_comp/f072_pc.NCLR	.nclr
000236	1216	fap_comp/f073_LZ.bin	.bin
000237	72	fap_comp/f073_pc.NCLR	.nclr
000238	1316	fap_comp/f074_LZ.bin	.bin
000239	72	fap_comp/f074_pc.NCLR	.nclr
000240	1196	fap_comp/f075_LZ.bin	.bin
000241	72	fap_comp/f075_pc.NCLR	.nclr
000242	1168	fap_comp/f076_LZ.bin	.bin
000243	72	fap_comp/f076_pc.NCLR	.nclr
000244	1436	fap_comp/f077_LZ.bin	.bin
000245	72	fap_comp/f077_pc.NCLR	.nclr
000246	1260	fap_comp/f078_LZ.bin	.bin
000247	72	fap_comp/f078_pc.NCLR	.nclr
000248	1404	fap_comp/f079_LZ.bin	.bin
000249	72	fap_comp/f079_pc.NCLR	.nclr
000250	1152	fap_comp/f080_LZ.bin	.bin
000251	72	fap_comp/f080_pc.NCLR	.nclr
000252	1176	fap_comp/f081_LZ.bin	.bin
000253	72	fap_comp/f081_pc.NCLR	.nclr
000254	1280	fap_comp/f082_LZ.bin	.bin
000255	72	fap_comp/f082_pc.NCLR	.nclr
000256	1216	fap_comp/f083_LZ.bin	.bin
000257	72	fap_comp/f083_pc.NCLR	.nclr
000258	1176	fap_comp/f084_LZ.bin	.bin
000259	72	fap_comp/f084_pc.NCLR	.nclr
000260	1148	fap_comp/f085_LZ.bin	.bin
000261	72	fap_comp/f085_pc.NCLR	.nclr
000262	1272	fap_comp/f086_LZ.bin	.bin
000263	72	fap_comp/f086_pc.NCLR	.nclr
000264	1384	fap_comp/f087_LZ.bin	.bin
000265	72	fap_comp/f087_pc.NCLR	.nclr
000266	1328	fap_comp/f088_LZ.bin	.bin
000267	72	fap_comp/f088_pc.NCLR	.nclr
000268	1276	fap_comp/f089_LZ.bin	.bin
000269	72	fap_comp/f089_pc.NCLR	.nclr
000270	1272	fap_comp/f090_LZ.bin	.bin
000271	72	fap_comp/f090_pc.NCLR	.nclr
000272	1168	fap_comp/f091_LZ.bin	.bin
000273	72	fap_comp/f091_pc.NCLR	.nclr
000274	1220	fap_comp/f092_LZ.bin	.bin
000275	72	fap_comp/f092_pc.NCLR	.nclr
000276	1172	fap_comp/f093_LZ.bin	.bin
000277	72	fap_comp/f093_pc.NCLR	.nclr
000278	1272	fap_comp/f094_LZ.bin	.bin
000279	72	fap_comp/f094_pc.NCLR	.nclr
000280	1304	fap_comp/f095_LZ.bin	.bin
000281	72	fap_comp/f095_pc.NCLR	.nclr
000282	1152	fap_comp/f096_LZ.bin	.bin
000283	72	fap_comp/f096_pc.NCLR	.nclr
000284	1204	fap_comp/f097_LZ.bin	.bin
000285	72	fap_comp/f097_pc.NCLR	.nclr
000286	1220	fap_comp/f098_LZ.bin	.bin
000287	72	fap_comp/f098_pc.NCLR	.nclr
000288	1216	fap_comp/f099_LZ.bin	.bin
000289	72	fap_comp/f099_pc.NCLR	.nclr
000290	1284	fap_comp/f100_LZ.bin	.bin
000291	72	fap_comp/f100_pc.NCLR	.nclr
000292	1252	fap_comp/f101_LZ.bin	.bin
000293	72	fap_comp/f101_pc.NCLR	.nclr
000294	1128	fap_comp/f102_LZ.bin	.bin
000295	72	fap_comp/f102_pc.NCLR	.nclr
000296	1248	fap_comp/f103_LZ.bin	.bin
000297	72	fap_comp/f103_pc.NCLR	.nclr
000298	1304	fap_comp/f104_LZ.bin	.bin
000299	72	fap_comp/f104_pc.NCLR	.nclr
000300	1292	fap_comp/f105_LZ.bin	.bin
000301	72	fap_comp/f105_pc.NCLR	.nclr
000302	1360	fap_comp/f106_LZ.bin	.bin
000303	72	fap_comp/f106_pc.NCLR	.nclr
000304	1112	fap_comp/f107_LZ.bin	.bin
000305	72	fap_comp/f107_pc.NCLR	.nclr
000306	1212	fap_comp/f108_LZ.bin	.bin
000307	72	fap_comp/f108_pc.NCLR	.nclr
000308	1176	fap_comp/f109_LZ.bin	.bin
000309	72	fap_comp/f109_pc.NCLR	.nclr
000310	1136	fap_comp/f110_LZ.bin	.bin
000311	72	fap_comp/f110_pc.NCLR	.nclr
000312	1236	fap_comp/f111_LZ.bin	.bin
000313	72	fap_comp/f111_pc.NCLR	.nclr
000314	1268	fap_comp/f112_LZ.bin	.bin
000315	72	fap_comp/f112_pc.NCLR	.nclr
000316	1200	fap_comp/f113_LZ.bin	.bin
000317	72	fap_comp/f113_pc.NCLR	.nclr
000318	1336	fap_comp/f114_LZ.bin	.bin
000319	72	fap_comp/f114_pc.NCLR	.nclr
000320	1240	fap_comp/f115_LZ.bin	.bin
000321	72	fap_comp/f115_pc.NCLR	.nclr
000322	1304	fap_comp/f116_LZ.bin	.bin
000323	72	fap_comp/f116_pc.NCLR	.nclr
000324	1324	fap_comp/f117_LZ.bin	.bin
000325	72	fap_comp/f117_pc.NCLR	.nclr
000326	1256	fap_comp/f118_LZ.bin	.bin
000327	72	fap_comp/f118_pc.NCLR	.nclr
000328	1360	fap_comp/f119_LZ.bin	.bin
000329	72	fap_comp/f119_pc.NCLR	.nclr
000330	1232	fap_comp/f120_LZ.bin	.bin
000331	72	fap_comp/f120_pc.NCLR	.nclr
000332	1152	fap_comp/f121_LZ.bin	.bin
000333	72	fap_comp/f121_pc.NCLR	.nclr
000334	1280	fap_comp/f122_LZ.bin	.bin
000335	72	fap_comp/f122_pc.NCLR	.nclr
000336	1360	fap_comp/f123_LZ.bin	.bin
000337	72	fap_comp/f123_pc.NCLR	.nclr
000338	1128	fap_comp/f124_LZ.bin	.bin
000339	72	fap_comp/f124_pc.NCLR	.nclr
000340	1140	fap_comp/f125_LZ.bin	.bin
000341	72	fap_comp/f125_pc.NCLR	.nclr
000342	1260	fap_comp/f126_LZ.bin	.bin
000343	72	fap_comp/f126_pc.NCLR	.nclr
000344	1368	fap_comp/f127_LZ.bin	.bin
000345	72	fap_comp/f127_pc.NCLR	.nclr
000346	1472	fap_comp/f128_LZ.bin	.bin
000347	72	fap_comp/f128_pc.NCLR	.nclr
000348	1396	fap_comp/f129_LZ.bin	.bin
000349	72	fap_comp/f129_pc.NCLR	.nclr
000350	1492	fap_comp/f130_LZ.bin	.bin
000351	72	fap_comp/f130_pc.NCLR	.nclr
000352	1460	fap_comp/f131_LZ.bin	.bin
000353	72	fap_comp/f131_pc.NCLR	.nclr
000354	1340	fap_comp/f132_LZ.bin	.bin
000355	72	fap_comp/f132_pc.NCLR	.nclr
000356	1416	fap_comp/f133_LZ.bin	.bin
000357	72	fap_comp/f133_pc.NCLR	.nclr
000358	1472	fap_comp/f134_LZ.bin	.bin
000359	72	fap_comp/f134_pc.NCLR	.nclr
000360	1504	fap_comp/f135_LZ.bin	.bin
000361	72	fap_comp/f135_pc.NCLR	.nclr
000362	1288	fap_comp/f136_LZ.bin	.bin
000363	72	fap_comp/f136_pc.NCLR	.nclr
000364	1376	fap_comp/f137_LZ.bin	.bin
000365	72	fap_comp/f137_pc.NCLR	.nclr
000366	1460	fap_comp/f138_LZ.bin	.bin
000367	72	fap_comp/f138_pc.NCLR	.nclr
000368	1192	fap_comp/f139_LZ.bin	.bin
000369	72	fap_comp/f139_pc.NCLR	.nclr
000370	1348	fap_comp/f140_LZ.bin	.bin
000371	72	fap_comp/f140_pc.NCLR	.nclr
000372	1240	fap_comp/f141_LZ.bin	.bin
000373	72	fap_comp/f141_pc.NCLR	.nclr
000374	1340	fap_comp/f142_LZ.bin	.bin
000375	72	fap_comp/f142_pc.NCLR	.nclr
000376	1396	fap_comp/f143_LZ.bin	.bin
000377	72	fap_comp/f143_pc.NCLR	.nclr
000378	1388	fap_comp/f144_LZ.bin	.bin
000379	72	fap_comp/f144_pc.NCLR	.nclr
000380	1432	fap_comp/f145_LZ.bin	.bin
000381	72	fap_comp/f145_pc.NCLR	.nclr
000382	1400	fap_comp/f146_LZ.bin	.bin
000383	72	fap_comp/f146_pc.NCLR	.nclr
000384	1420	fap_comp/f147_LZ.bin	.bin
000385	72	fap_comp/f147_pc.NCLR	.nclr
000386	1396	fap_comp/f148_LZ.bin	.bin
000387	72	fap_comp/f148_pc.NCLR	.nclr
000388	1532	fap_comp/f149_LZ.bin	.bin
000389	72	fap_comp/f149_pc.NCLR	.nclr
000390	1280	fap_comp/f150_LZ.bin	.bin
000391	72	fap_comp/f150_pc.NCLR	.nclr
000392	1428	fap_comp/f151_LZ.bin	.bin
000393	72	fap_comp/f151_pc.NCLR	.nclr
000394	1328	fap_comp/f152_LZ.bin	.bin
000395	72	fap_comp/f152_pc.NCLR	.nclr
000396	1312	fap_comp/f153_LZ.bin	.bin
000397	72	fap_comp/f153_pc.NCLR	.nclr
000398	1312	fap_comp/f154_LZ.bin	.bin
000399	72	fap_comp/f154_pc.NCLR	.nclr
000400	1208	fap_comp/f155_LZ.bin	.bin
000401	72	fap_comp/f155_pc.NCLR	.nclr
000402	1288	fap_comp/f156_LZ.bin	.bin
000403	72	fap_comp/f156_pc.NCLR	.nclr
000404	1460	fap_comp/f157_LZ.bin	.bin
000405	72	fap_comp/f157_pc.NCLR	.nclr
000406	1412	fap_comp/f158_LZ.bin	.bin
000407	72	fap_comp/f158_pc.NCLR	.nclr
000408	1332	fap_comp/f159_LZ.bin	.bin
000409	72	fap_comp/f159_pc.NCLR	.nclr
000410	1344	fap_comp/f160_LZ.bin	.bin
000411	72	fap_comp/f160_pc.NCLR	.nclr
000412	1464	fap_comp/f161_LZ.bin	.bin
000413	72	fap_comp/f161_pc.NCLR	.nclr
000414	1400	fap_comp/f162_LZ.bin	.bin
000415	72	fap_comp/f162_pc.NCLR	.nclr
000416	1240	fap_comp/f163_LZ.bin	.bin
000417	72	fap_comp/f163_pc.NCLR	.nclr
000418	1488	fap_comp/f164_LZ.bin	.bin
000419	72	fap_comp/f164_pc.NCLR	.nclr
000420	1316	fap_comp/f165_LZ.bin	.bin
000421	72	fap_comp/f165_pc.NCLR	.nclr
000422	1404	fap_comp/f166_LZ.bin	.bin
000423	72	fap_comp/f166_pc.NCLR	.nclr
000424	1400	fap_comp/f167_LZ.bin	.bin
000425	72	fap_comp/f167_pc.NCLR	.nclr
000426	1420	fap_comp/f168_LZ.bin	.bin
000427	72	fap_comp/f168_pc.NCLR	.nclr
000428	1236	fap_comp/f169_LZ.bin	.bin
000429	72	fap_comp/f169_pc.NCLR	.nclr
000430	1144	fap_comp/f170_LZ.bin	.bin
000431	72	fap_comp/f170_pc.NCLR	.nclr
000432	1364	fap_comp/f171_LZ.bin	.bin
000433	72	fap_comp/f171_pc.NCLR	.nclr
000434	1336	fap_comp/f172_LZ.bin	.bin
000435	72	fap_comp/f172_pc.NCLR	.nclr
000436	1536	fap_comp/f173_LZ.bin	.bin
000437	72	fap_comp/f173_pc.NCLR	.nclr
000438	1472	fap_comp/f174_LZ.bin	.bin
000439	72	fap_comp/f174_pc.NCLR	.nclr
000440	1396	fap_comp/f175_LZ.bin	.bin
000441	72	fap_comp/f175_pc.NCLR	.nclr
000442	1500	fap_comp/f176_LZ.bin	.bin
000443	72	fap_comp/f176_pc.NCLR	.nclr
000444	1404	fap_comp/f177_LZ.bin	.bin
000445	72	fap_comp/f177_pc.NCLR	.nclr
000446	1520	fap_comp/f178_LZ.bin	.bin
000447	72	fap_comp/f178_pc.NCLR	.nclr
000448	1404	fap_comp/f179_LZ.bin	.bin
000449	72	fap_comp/f179_pc.NCLR	.nclr
000450	1364	fap_comp/f180_LZ.bin	.bin
000451	72	fap_comp/f180_pc.NCLR	.nclr
000452	1360	fap_comp/f181_LZ.bin	.bin
000453	72	fap_comp/f181_pc.NCLR	.nclr
000454	1392	fap_comp/f182_LZ.bin	.bin
000455	72	fap_comp/f182_pc.NCLR	.nclr
000456	1424	fap_comp/f183_LZ.bin	.bin
000457	72	fap_comp/f183_pc.NCLR	.nclr
000458	1344	fap_comp/f184_LZ.bin	.bin
000459	72	fap_comp/f184_pc.NCLR	.nclr
000460	1332	fap_comp/f185_LZ.bin	.bin
000461	72	fap_comp/f185_pc.NCLR	.nclr
000462	1220	fap_comp/f186_LZ.bin	.bin
000463	72	fap_comp/f186_pc.NCLR	.nclr
000464	1444	fap_comp/f187_LZ.bin	.bin
000465	72	fap_comp/f187_pc.NCLR	.nclr
000466	1384	fap_comp/f188_LZ.bin	.bin
000467	72	fap_comp/f188_pc.NCLR	.nclr
000468	1200	fap_comp/f189_LZ.bin	.bin
000469	72	fap_comp/f189_pc.NCLR	.nclr
000470	1472	fap_comp/f190_LZ.bin	.bin
000471	72	fap_comp/f190_pc.NCLR	.nclr
000472	1440	fap_comp/f191_LZ.bin	.bin
000473	72	fap_comp/f191_pc.NCLR	.nclr
000474	1300	fap_comp/f192_LZ.bin	.bin
000475	72	fap_comp/f192_pc.NCLR	.nclr
000476	1440	fap_comp/f193_LZ.bin	.bin
000477	72	fap_comp/f193_pc.NCLR	.nclr
000478	1296	fap_comp/f194_LZ.bin	.bin
000479	72	fap_comp/f194_pc.NCLR	.nclr
000480	1288	fap_comp/f195_LZ.bin	.bin
000481	72	fap_comp/f195_pc.NCLR	.nclr
000482	1328	fap_comp/f196_LZ.bin	.bin
000483	72	fap_comp/f196_pc.NCLR	.nclr
000484	1228	fap_comp/f197_LZ.bin	.bin
000485	72	fap_comp/f197_pc.NCLR	.nclr
000486	1340	fap_comp/f198_LZ.bin	.bin
000487	72	fap_comp/f198_pc.NCLR	.nclr
000488	1360	fap_comp/f199_LZ.bin	.bin
000489	72	fap_comp/f199_pc.NCLR	.nclr
000490	1476	fap_comp/f200_LZ.bin	.bin
000491	72	fap_comp/f200_pc.NCLR	.nclr
000492	1376	fap_comp/f201_LZ.bin	.bin
000493	72	fap_comp/f201_pc.NCLR	.nclr
000494	1324	fap_comp/f202_LZ.bin	.bin
000495	72	fap_comp/f202_pc.NCLR	.nclr
000496	1472	fap_comp/f203_LZ.bin	.bin
000497	72	fap_comp/f203_pc.NCLR	.nclr
000498	1340	fap_comp/f204_LZ.bin	.bin
000499	72	fap_comp/f204_pc.NCLR	.nclr
000500	1328	fap_comp/f205_LZ.bin	.bin
000501	72	fap_comp/f205_pc.NCLR	.nclr
000502	1096	fap_comp/f206_LZ.bin	.bin
000503	72	fap_comp/f206_pc.NCLR	.nclr
000504	1096	fap_comp/f207_LZ.bin	.bin
000505	72	fap_comp/f207_pc.NCLR	.nclr
000506	1096	fap_comp/f208_LZ.bin	.bin
000507	72	fap_comp/f208_pc.NCLR	.nclr
000508	1124	fap_comp/f209_LZ.bin	.bin
000509	72	fap_comp/f209_pc.NCLR	.nclr
000510	1140	fap_comp/f210_LZ.bin	.bin
000511	72	fap_comp/f210_pc.NCLR	.nclr
000512	1228	fap_comp/f211_LZ.bin	.bin
000513	72	fap_comp/f211_pc.NCLR	.nclr
000514	1236	fap_comp/f212_LZ.bin	.bin
000515	72	fap_comp/f212_pc.NCLR	.nclr
000516	1100	fap_comp/f213_LZ.bin	.bin
000517	72	fap_comp/f213_pc.NCLR	.nclr
000518	1176	fap_comp/f214_LZ.bin	.bin
000519	72	fap_comp/f214_pc.NCLR	.nclr
000520	1148	fap_comp/f215_LZ.bin	.bin
000521	72	fap_comp/f215_pc.NCLR	.nclr
000522	1132	fap_comp/f216_LZ.bin	.bin
000523	72	fap_comp/f216_pc.NCLR	.nclr
000524	1100	fap_comp/f217_LZ.bin	.bin
000525	72	fap_comp/f217_pc.NCLR	.nclr
000526	1200	fap_comp/f218_LZ.bin	.bin
000527	72	fap_comp/f218_pc.NCLR	.nclr
000528	1176	fap_comp/f219_LZ.bin	.bin
000529	72	fap_comp/f219_pc.NCLR	.nclr
000530	1156	fap_comp/f220_LZ.bin	.bin
000531	72	fap_comp/f220_pc.NCLR	.nclr
000532	1116	fap_comp/f221_LZ.bin	.bin
000533	72	fap_comp/f221_pc.NCLR	.nclr
000534	1204	fap_comp/f222_LZ.bin	.bin
000535	72	fap_comp/f222_pc.NCLR	.nclr
000536	1092	fap_comp/f223_LZ.bin	.bin
000537	72	fap_comp/f223_pc.NCLR	.nclr
000538	1168	fap_comp/f224_LZ.bin	.bin
000539	72	fap_comp/f224_pc.NCLR	.nclr
000540	1176	fap_comp/f225_LZ.bin	.bin
000541	72	fap_comp/f225_pc.NCLR	.nclr
000542	1148	fap_comp/f226_LZ.bin	.bin
000543	72	fap_comp/f226_pc.NCLR	.nclr
000544	1144	fap_comp/f227_LZ.bin	.bin
000545	72	fap_comp/f227_pc.NCLR	.nclr
000546	1180	fap_comp/f228_LZ.bin	.bin
000547	72	fap_comp/f228_pc.NCLR	.nclr
000548	1204	fap_comp/f229_LZ.bin	.bin
000549	72	fap_comp/f229_pc.NCLR	.nclr
000550	1144	fap_comp/f230_LZ.bin	.bin
000551	72	fap_comp/f230_pc.NCLR	.nclr
000552	1132	fap_comp/f231_LZ.bin	.bin
000553	72	fap_comp/f231_pc.NCLR	.nclr
000554	1172	fap_comp/f232_LZ.bin	.bin
000555	72	fap_comp/f232_pc.NCLR	.nclr
000556	1096	fap_comp/f233_LZ.bin	.bin
000557	72	fap_comp/f233_pc.NCLR	.nclr
000558	1188	fap_comp/f234_LZ.bin	.bin
000559	72	fap_comp/f234_pc.NCLR	.nclr
000560	1164	fap_comp/f235_LZ.bin	.bin
000561	72	fap_comp/f235_pc.NCLR	.nclr
000562	1120	fap_comp/f236_LZ.bin	.bin
000563	72	fap_comp/f236_pc.NCLR	.nclr
000564	1176	fap_comp/f237_LZ.bin	.bin
000565	72	fap_comp/f237_pc.NCLR	.nclr
000566	1104	fap_comp/f238_LZ.bin	.bin
000567	72	fap_comp/f238_pc.NCLR	.nclr
000568	1108	fap_comp/f239_LZ.bin	.bin
000569	72	fap_comp/f239_pc.NCLR	.nclr
000570	1220	fap_comp/f240_LZ.bin	.bin
000571	72	fap_comp/f240_pc.NCLR	.nclr
000572	1204	fap_comp/f241_LZ.bin	.bin
000573	72	fap_comp/f241_pc.NCLR	.nclr
000574	1164	fap_comp/f242_LZ.bin	.bin
000575	72	fap_comp/f242_pc.NCLR	.nclr
000576	1180	fap_comp/f243_LZ.bin	.bin
000577	72	fap_comp/f243_pc.NCLR	.nclr
000578	1184	fap_comp/f244_LZ.bin	.bin
000579	72	fap_comp/f244_pc.NCLR	.nclr
000580	1208	fap_comp/f245_LZ.bin	.bin
000581	72	fap_comp/f245_pc.NCLR	.nclr
000582	1172	fap_comp/f246_LZ.bin	.bin
000583	72	fap_comp/f246_pc.NCLR	.nclr
000584	1200	fap_comp/f247_LZ.bin	.bin
000585	72	fap_comp/f247_pc.NCLR	.nclr
000586	1380	fap_comp/f248_LZ.bin	.bin
000587	72	fap_comp/f248_pc.NCLR	.nclr
000588	1096	fap_comp/f249_LZ.bin	.bin
000589	72	fap_comp/f249_pc.NCLR	.nclr
000590	1164	fap_comp/f250_LZ.bin	.bin
000591	72	fap_comp/f250_pc.NCLR	.nclr
000592	1132	fap_comp/f251_LZ.bin	.bin
000593	72	fap_comp/f251_pc.NCLR	.nclr
000594	1180	fap_comp/f252_LZ.bin	.bin
000595	72	fap_comp/f252_pc.NCLR	.nclr
000596	1100	fap_comp/f253_LZ.bin	.bin
000597	72	fap_comp/f253_pc.NCLR	.nclr
000598	1128	fap_comp/f254_LZ.bin	.bin
000599	72	fap_comp/f254_pc.NCLR	.nclr
000600	1108	fap_comp/f255_LZ.bin	.bin
000601	72	fap_comp/f255_pc.NCLR	.nclr
000602	1140	fap_comp/f256_LZ.bin	.bin
000603	72	fap_comp/f256_pc.NCLR	.nclr
000604	1128	fap_comp/f257_LZ.bin	.bin
000605	72	fap_comp/f257_pc.NCLR	.nclr
000606	1160	fap_comp/f258_LZ.bin	.bin
000607	72	fap_comp/f258_pc.NCLR	.nclr
000608	1176	fap_comp/f259_LZ.bin	.bin
000609	72	fap_comp/f259_pc.NCLR	.nclr
000610	1168	fap_comp/f260_LZ.bin	.bin
000611	72	fap_comp/f260_pc.NCLR	.nclr
000612	1208	fap_comp/f261_LZ.bin	.bin
000613	72	fap_comp/f261_pc.NCLR	.nclr
000614	1116	fap_comp/f262_LZ.bin	.bin
000615	72	fap_comp/f262_pc.NCLR	.nclr
000616	1200	fap_comp/f263_LZ.bin	.bin
000617	72	fap_comp/f263_pc.NCLR	.nclr
000618	1192	fap_comp/f264_LZ.bin	.bin
000619	72	fap_comp/f264_pc.NCLR	.nclr
000620	1124	fap_comp/f265_LZ.bin	.bin
000621	72	fap_comp/f265_pc.NCLR	.nclr
000622	1184	fap_comp/f266_LZ.bin	.bin
000623	72	fap_comp/f266_pc.NCLR	.nclr
000624	1220	fap_comp/f267_LZ.bin	.bin
000625	72	fap_comp/f267_pc.NCLR	.nclr
000626	1260	fap_comp/f268_LZ.bin	.bin
000627	72	fap_comp/f268_pc.NCLR	.nclr
000628	1208	fap_comp/f269_LZ.bin	.bin
000629	72	fap_comp/f269_pc.NCLR	.nclr
000630	1128	fap_comp/f270_LZ.bin	.bin
000631	72	fap_comp/f270_pc.NCLR	.nclr
000632	1116	fap_comp/f271_LZ.bin	.bin
000633	72	fap_comp/f271_pc.NCLR	.nclr
000634	1148	fap_comp/f272_LZ.bin	.bin
000635	72	fap_comp/f272_pc.NCLR	.nclr
000636	1108	fap_comp/f273_LZ.bin	.bin
000637	72	fap_comp/f273_pc.NCLR	.nclr
000638	1144	fap_comp/f274_LZ.bin	.bin
000639	72	fap_comp/f274_pc.NCLR	.nclr
000640	1164	fap_comp/f275_LZ.bin	.bin
000641	72	fap_comp/f275_pc.NCLR	.nclr
000642	1172	fap_comp/f276_LZ.bin	.bin
000643	72	fap_comp/f276_pc.NCLR	.nclr
000644	1196	fap_comp/f277_LZ.bin	.bin
000645	72	fap_comp/f277_pc.NCLR	.nclr
000646	1144	fap_comp/f278_LZ.bin	.bin
000647	72	fap_comp/f278_pc.NCLR	.nclr
000648	1196	fap_comp/f279_LZ.bin	.bin
000649	72	fap_comp/f279_pc.NCLR	.nclr
000650	1668	fap_comp/f280_LZ.bin	.bin
000651	72	fap_comp/f280_pc.NCLR	.nclr
000652	1572	fap_comp/f281_LZ.bin	.bin
000653	72	fap_comp/f281_pc.NCLR	.nclr
000654	1620	fap_comp/f282_LZ.bin	.bin
000655	72	fap_comp/f282_pc.NCLR	.nclr
000656	1532	fap_comp/f283_LZ.bin	.bin
000657	72	fap_comp/f283_pc.NCLR	.nclr
000658	1684	fap_comp/f284_LZ.bin	.bin
000659	72	fap_comp/f284_pc.NCLR	.nclr
000660	1668	fap_comp/f285_LZ.bin	.bin
000661	72	fap_comp/f285_pc.NCLR	.nclr
000662	1824	fap_comp/f286_LZ.bin	.bin
000663	72	fap_comp/f286_pc.NCLR	.nclr
000664	1584	fap_comp/f287_LZ.bin	.bin
000665	72	fap_comp/f287_pc.NCLR	.nclr
000666	1832	fap_comp/f288_LZ.bin	.bin
000667	72	fap_comp/f288_pc.NCLR	.nclr
000668	1660	fap_comp/f289_LZ.bin	.bin
000669	72	fap_comp/f289_pc.NCLR	.nclr
000670	1860	fap_comp/f290_LZ.bin	.bin
000671	72	fap_comp/f290_pc.NCLR	.nclr
000672	1708	fap_comp/f291_LZ.bin	.bin
000673	72	fap_comp/f291_pc.NCLR	.nclr
000674	1708	fap_comp/f292_LZ.bin	.bin
000675	72	fap_comp/f292_pc.NCLR	.nclr
000676	1408	fap_comp/f293_LZ.bin	.bin
000677	72	fap_comp/f293_pc.NCLR	.nclr
000678	1796	fap_comp/f294_LZ.bin	.bin
000679	72	fap_comp/f294_pc.NCLR	.nclr
000680	1428	fap_comp/f295_LZ.bin	.bin
000681	72	fap_comp/f295_pc.NCLR	.nclr
000682	1796	fap_comp/f296_LZ.bin	.bin
000683	72	fap_comp/f296_pc.NCLR	.nclr
000684	1764	fap_comp/f297_LZ.bin	.bin
000685	72	fap_comp/f297_pc.NCLR	.nclr
000686	1636	fap_comp/f298_LZ.bin	.bin
000687	72	fap_comp/f298_pc.NCLR	.nclr
000688	1664	fap_comp/f299_LZ.bin	.bin
000689	72	fap_comp/f299_pc.NCLR	.nclr
000690	1724	fap_comp/f300_LZ.bin	.bin
000691	72	fap_comp/f300_pc.NCLR	.nclr
000692	1864	fap_comp/f301_LZ.bin	.bin
000693	72	fap_comp/f301_pc.NCLR	.nclr
000694	1704	fap_comp/f302_LZ.bin	.bin
000695	72	fap_comp/f302_pc.NCLR	.nclr
000696	1736	fap_comp/f303_LZ.bin	.bin
000697	72	fap_comp/f303_pc.NCLR	.nclr
000698	1512	fap_comp/f304_LZ.bin	.bin
000699	72	fap_comp/f304_pc.NCLR	.nclr
000700	1520	fap_comp/f305_LZ.bin	.bin
000701	72	fap_comp/f305_pc.NCLR	.nclr
000702	1644	fap_comp/f306_LZ.bin	.bin
000703	72	fap_comp/f306_pc.NCLR	.nclr
000704	1496	fap_comp/f307_LZ.bin	.bin
000705	72	fap_comp/f307_pc.NCLR	.nclr
000706	1512	fap_comp/f308_LZ.bin	.bin
000707	72	fap_comp/f308_pc.NCLR	.nclr
000708	1756	fap_comp/f309_LZ.bin	.bin
000709	72	fap_comp/f309_pc.NCLR	.nclr
000710	1824	fap_comp/f310_LZ.bin	.bin
000711	72	fap_comp/f310_pc.NCLR	.nclr
000712	1544	fap_comp/f311_LZ.bin	.bin
000713	72	fap_comp/f311_pc.NCLR	.nclr
000714	1712	fap_comp/f312_LZ.bin	.bin
000715	72	fap_comp/f312_pc.NCLR	.nclr
000716	1844	fap_comp/f313_LZ.bin	.bin
000717	72	fap_comp/f313_pc.NCLR	.nclr
000718	1884	fap_comp/f314_LZ.bin	.bin
000719	72	fap_comp/f314_pc.NCLR	.nclr
000720	1896	fap_comp/f315_LZ.bin	.bin
000721	72	fap_comp/f315_pc.NCLR	.nclr
000722	1968	fap_comp/f316_LZ.bin	.bin
000723	72	fap_comp/f316_pc.NCLR	.nclr
000724	1896	fap_comp/f317_LZ.bin	.bin
000725	72	fap_comp/f317_pc.NCLR	.nclr
000726	1864	fap_comp/f318_LZ.bin	.bin
000727	72	fap_comp/f318_pc.NCLR	.nclr
000728	2120	fap_comp/f319_LZ.bin	.bin
000729	72	fap_comp/f319_pc.NCLR	.nclr
000730	1916	fap_comp/f320_LZ.bin	.bin
000731	72	fap_comp/f320_pc.NCLR	.nclr
000732	2052	fap_comp/f321_LZ.bin	.bin
000733	72	fap_comp/f321_pc.NCLR	.nclr
000734	1792	fap_comp/f322_LZ.bin	.bin
000735	72	fap_comp/f322_pc.NCLR	.nclr
000736	1800	fap_comp/f323_LZ.bin	.bin
000737	72	fap_comp/f323_pc.NCLR	.nclr
000738	1792	fap_comp/f324_LZ.bin	.bin
000739	72	fap_comp/f324_pc.NCLR	.nclr
000740	1824	fap_comp/f325_LZ.bin	.bin
000741	72	fap_comp/f325_pc.NCLR	.nclr
000742	1640	fap_comp/f326_LZ.bin	.bin
000743	72	fap_comp/f326_pc.NCLR	.nclr
000744	2012	fap_comp/f327_LZ.bin	.bin
000745	72	fap_comp/f327_pc.NCLR	.nclr
000746	1612	fap_comp/f328_LZ.bin	.bin
000747	72	fap_comp/f328_pc.NCLR	.nclr
000748	1656	fap_comp/f329_LZ.bin	.bin
000749	72	fap_comp/f329_pc.NCLR	.nclr
000750	1824	fap_comp/f330_LZ.bin	.bin
000751	72	fap_comp/f330_pc.NCLR	.nclr
000752	1944	fap_comp/f331_LZ.bin	.bin
000753	72	fap_comp/f331_pc.NCLR	.nclr
000754	2084	fap_comp/f332_LZ.bin	.bin
000755	72	fap_comp/f332_pc.NCLR	.nclr
000756	1972	fap_comp/f333_LZ.bin	.bin
000757	72	fap_comp/f333_pc.NCLR	.nclr
000758	1892	fap_comp/f334_LZ.bin	.bin
000759	72	fap_comp/f334_pc.NCLR	.nclr
000760	1864	fap_comp/f335_LZ.bin	.bin
000761	72	fap_comp/f335_pc.NCLR	.nclr
000762	1404	fap_comp/f336_LZ.bin	.bin
000763	72	fap_comp/f336_pc.NCLR	.nclr
000764	1480	fap_comp/f337_LZ.bin	.bin
000765	72	fap_comp/f337_pc.NCLR	.nclr
000766	1476	fap_comp/f338_LZ.bin	.bin
000767	72	fap_comp/f338_pc.NCLR	.nclr
000768	1472	fap_comp/f339_LZ.bin	.bin
000769	72	fap_comp/f339_pc.NCLR	.nclr
000770	1668	fap_comp/f340_LZ.bin	.bin
000771	72	fap_comp/f340_pc.NCLR	.nclr
000772	1556	fap_comp/f341_LZ.bin	.bin
000773	72	fap_comp/f341_pc.NCLR	.nclr
000774	1492	fap_comp/f342_LZ.bin	.bin
000775	72	fap_comp/f342_pc.NCLR	.nclr
000776	1296	fap_comp/f343_LZ.bin	.bin
000777	72	fap_comp/f343_pc.NCLR	.nclr
000778	1504	fap_comp/f344_LZ.bin	.bin
000779	72	fap_comp/f344_pc.NCLR	.nclr
000780	1536	fap_comp/f345_LZ.bin	.bin
000781	72	fap_comp/f345_pc.NCLR	.nclr
000782	1572	fap_comp/f346_LZ.bin	.bin
000783	72	fap_comp/f346_pc.NCLR	.nclr
000784	1532	fap_comp/f347_LZ.bin	.bin
000785	72	fap_comp/f347_pc.NCLR	.nclr
000786	1552	fap_comp/f348_LZ.bin	.bin
000787	72	fap_comp/f348_pc.NCLR	.nclr
000788	1320	fap_comp/f349_LZ.bin	.bin
000789	72	fap_comp/f349_pc.NCLR	.nclr
000790	1696	fap_comp/f350_LZ.bin	.bin
000791	72	fap_comp/f350_pc.NCLR	.nclr
000792	1420	fap_comp/f351_LZ.bin	.bin
000793	72	fap_comp/f351_pc.NCLR	.nclr
000794	1360	fap_comp/f352_LZ.bin	.bin
000795	72	fap_comp/f352_pc.NCLR	.nclr
000796	1692	fap_comp/f353_LZ.bin	.bin
000797	72	fap_comp/f353_pc.NCLR	.nclr
000798	1528	fap_comp/f354_LZ.bin	.bin
000799	72	fap_comp/f354_pc.NCLR	.nclr
000800	1620	fap_comp/f355_LZ.bin	.bin
000801	72	fap_comp/f355_pc.NCLR	.nclr
000802	1576	fap_comp/f356_LZ.bin	.bin
000803	72	fap_comp/f356_pc.NCLR	.nclr
000804	1488	fap_comp/f357_LZ.bin	.bin
000805	72	fap_comp/f357_pc.NCLR	.nclr
000806	1540	fap_comp/f358_LZ.bin	.bin
000807	72	fap_comp/f358_pc.NCLR	.nclr
000808	1504	fap_comp/f359_LZ.bin	.bin
000809	72	fap_comp/f359_pc.NCLR	.nclr
000810	1544	fap_comp/f360_LZ.bin	.bin
000811	72	fap_comp/f360_pc.NCLR	.nclr
000812	1492	fap_comp/f361_LZ.bin	.bin
000813	72	fap_comp/f361_pc.NCLR	.nclr
000814	1516	fap_comp/f362_LZ.bin	.bin
000815	72	fap_comp/f362_pc.NCLR	.nclr
000816	1508	fap_comp/f363_LZ.bin	.bin
000817	72	fap_comp/f363_pc.NCLR	.nclr
000818	1452	fap_comp/f364_LZ.bin	.bin
000819	72	fap_comp/f364_pc.NCLR	.nclr
000820	1524	fap_comp/f365_LZ.bin	.bin
000821	72	fap_comp/f365_pc.NCLR	.nclr
000822	1472	fap_comp/f366_LZ.bin	.bin
000823	72	fap_comp/f366_pc.NCLR	.nclr
000824	1768	fap_comp/f367_LZ.bin	.bin
000825	72	fap_comp/f367_pc.NCLR	.nclr
000826	1512	fap_comp/f368_LZ.bin	.bin
000827	72	fap_comp/f368_pc.NCLR	.nclr
000828	1536	fap_comp/f369_LZ.bin	.bin
000829	72	fap_comp/f369_pc.NCLR	.nclr
000830	1408	fap_comp/f370_LZ.bin	.bin
000831	72	fap_comp/f370_pc.NCLR	.nclr
000832	1536	fap_comp/f371_LZ.bin	.bin
000833	72	fap_comp/f371_pc.NCLR	.nclr
000834	1596	fap_comp/f372_LZ.bin	.bin
000835	72	fap_comp/f372_pc.NCLR	.nclr
000836	1528	fap_comp/f373_LZ.bin	.bin
000837	72	fap_comp/f373_pc.NCLR	.nclr
000838	1560	fap_comp/f374_LZ.bin	.bin
000839	72	fap_comp/f374_pc.NCLR	.nclr
000840	1424	fap_comp/f375_LZ.bin	.bin
000841	72	fap_comp/f375_pc.NCLR	.nclr
000842	1364	fap_comp/f376_LZ.bin	.bin
000843	72	fap_comp/f376_pc.NCLR	.nclr
000844	1796	fap_comp/f377_LZ.bin	.bin
000845	72	fap_comp/f377_pc.NCLR	.nclr
000846	1332	fap_comp/f378_LZ.bin	.bin
000847	72	fap_comp/f378_pc.NCLR	.nclr
000848	1256	fap_comp/f379_LZ.bin	.bin
000849	72	fap_comp/f379_pc.NCLR	.nclr
000850	1400	fap_comp/f380_LZ.bin	.bin
000851	72	fap_comp/f380_pc.NCLR	.nclr
000852	1732	fap_comp/f381_LZ.bin	.bin
000853	72	fap_comp/f381_pc.NCLR	.nclr
000854	1620	fap_comp/f382_LZ.bin	.bin
000855	72	fap_comp/f382_pc.NCLR	.nclr
000856	1728	fap_comp/f383_LZ.bin	.bin
000857	72	fap_comp/f383_pc.NCLR	.nclr
000858	1908	fap_comp/f384_LZ.bin	.bin
000859	72	fap_comp/f384_pc.NCLR	.nclr
000860	1748	fap_comp/f385_LZ.bin	.bin
000861	72	fap_comp/f385_pc.NCLR	.nclr
000862	1740	fap_comp/f386_LZ.bin	.bin
000863	72	fap_comp/f386_pc.NCLR	.nclr
000864	1480	fap_comp/f387_LZ.bin	.bin
000865	72	fap_comp/f387_pc.NCLR	.nclr
000866	1748	fap_comp/f388_LZ.bin	.bin
000867	72	fap_comp/f388_pc.NCLR	.nclr
000868	1940	fap_comp/f389_LZ.bin	.bin
000869	72	fap_comp/f389_pc.NCLR	.nclr
000870	1780	fap_comp/f390_LZ.bin	.bin
000871	72	fap_comp/f390_pc.NCLR	.nclr
000872	1464	fap_comp/f391_LZ.bin	.bin
000873	72	fap_comp/f391_pc.NCLR	.nclr
000874	1672	fap_comp/f392_LZ.bin	.bin
000875	72	fap_comp/f392_pc.NCLR	.nclr
000876	1280	fap_comp/f393_LZ.bin	.bin
000877	72	fap_comp/f393_pc.NCLR	.nclr
000878	1648	fap_comp/f394_LZ.bin	.bin
000879	72	fap_comp/f394_pc.NCLR	.nclr
000880	1780	fap_comp/f395_LZ.bin	.bin
000881	72	fap_comp/f395_pc.NCLR	.nclr
000882	1664	fap_comp/f396_LZ.bin	.bin
000883	72	fap_comp/f396_pc.NCLR	.nclr
000884	1684	fap_comp/f397_LZ.bin	.bin
000885	72	fap_comp/f397_pc.NCLR	.nclr
000886	1604	fap_comp/f398_LZ.bin	.bin
000887	72	fap_comp/f398_pc.NCLR	.nclr
000888	1644	fap_comp/f399_LZ.bin	.bin
000889	72	fap_comp/f399_pc.NCLR	.nclr
000890	1604	fap_comp/f400_LZ.bin	.bin
000891	72	fap_comp/f400_pc.NCLR	.nclr
000892	144	fap_d/3000110_Japanese.fap	.fap
000893	144	fap_d/3000204_shakespeare.fap	.fap
000894	144	fap_d/3000211_crab.fap	.fap
000895	144	fap_d/3000213_fish.fap	.fap
000896	144	fap_d/3000301_ninja.fap	.fap
000897	144	fap_d/3000302_kendama.fap	.fap
000898	144	fap_d/3000305_frog.fap	.fap
000899	144	fap_d/3000306_chick.fap	.fap
000900	144	fap_d/3000401_dance.fap	.fap
000901	144	fap_d/3000403_chase.fap	.fap
000902	253	fap_d/3000602_turtle.fap	.fap
000903	253	fap_d/3000605_waiter.fap	.fap
000904	253	fap_d/3000606_horse.fap	.fap
000905	253	fap_d/3000607_elephant.fap	.fap
000906	253	fap_d/3000608_cook.fap	.fap
000907	394	fap_d/3000610_reading.fap	.fap
000908	394	fap_d/3000612_koala.fap	.fap
000909	394	fap_d/3000613_tango.fap	.fap
000910	394	fap_d/3000614_draftsman.fap	.fap
000911	394	fap_d/3000615_skiing.fap	.fap
000912	394	fap_d/3000616_coffee.fap	.fap
000913	394	fap_d/3000618_wrestling.fap	.fap
000914	394	fap_d/3000620_snake.fap	.fap
000915	394	fap_d/3000804_fruits.fap	.fap
000916	394	fap_d/3000806_builder.fap	.fap
000917	394	fap_d/3000808_jiraffe.fap	.fap
000918	394	fap_d/3000809_meal.fap	.fap
000919	394	fap_d/3000810_cake.fap	.fap
000920	394	fap_d/3000812_lion.fap	.fap
000921	394	fap_d/3000814_elephant.fap	.fap
000922	394	fap_d/3000817_dog.fap	.fap
000923	394	fap_d/3000820_sewing kit.fap	.fap
000924	144	fap_d/3000904_shinkansen.fap	.fap
000925	144	fap_d/3000905_pineapple.fap	.fap
000926	144	fap_d/3000916_champagne.fap	.fap
000927	565	fap_d/3001201_nighttime.fap	.fap
000928	565	fap_d/3001203_grasshopper.fap	.fap
000929	565	fap_d/3001204_deer.fap	.fap
000930	565	fap_d/3001205_bird.fap	.fap
000931	565	fap_d/3001206_grapes.fap	.fap
000932	565	fap_d/3001209_hair stylist.fap	.fap
000933	565	fap_d/3001212_bicycle.fap	.fap
000934	565	fap_d/3001217_fish.fap	.fap
000935	565	fap_d/3001218_tiger.fap	.fap
000936	253	fap_d/3001302_snail.fap	.fap
000937	253	fap_d/3001304_dog.fap	.fap
000938	253	fap_d/3001306_cake.fap	.fap
000939	253	fap_d/3001307_frog.fap	.fap
000940	253	fap_d/3001309_camel.fap	.fap
000941	253	fap_d/3001310_carnival.fap	.fap
000942	394	fap_d/3001311_flamenco.fap	.fap
000943	394	fap_d/3001313_skating.fap	.fap
000944	394	fap_d/3001315_skateboard.fap	.fap
000945	394	fap_d/3001317_archer.fap	.fap
000946	394	fap_d/3001318_reading.fap	.fap
000947	253	fap_d/3001401_windmills.fap	.fap
000948	253	fap_d/3001402_tv.fap	.fap
000949	253	fap_d/3001403_bonfire.fap	.fap
000950	253	fap_d/3001405_cocktail.fap	.fap
000951	253	fap_d/3001406_hammer.fap	.fap
000952	394	fap_d/3001409_running.fap	.fap
000953	394	fap_d/3001411_wheelchair.fap	.fap
000954	394	fap_d/3001412_chair.fap	.fap
000955	1128	fap_d/3001419_bears.fap	.fap
000956	1128	fap_d/3001420_tractor.fap	.fap
000957	565	fap_d/3001505_girl & dog.fap	.fap
000958	565	fap_d/3001508_cranes.fap	.fap
000959	565	fap_d/3001510_king of swans.fap	.fap
000960	565	fap_d/3001514_grandma.fap	.fap
000961	659	fap_d/3001520_shower.fap	.fap
000962	253	fap_d/3001601_kangaroo.fap	.fap
000963	253	fap_d/3001603_scarecrow.fap	.fap
000964	394	fap_d/3001610_body builder.fap	.fap
000965	394	fap_d/3001611_old clock.fap	.fap
000966	394	fap_d/3001613_circus.fap	.fap
000967	565	fap_d/3001616_clown.fap	.fap
000968	565	fap_d/3001617_bath.fap	.fap
000969	565	fap_d/3001618_giraffe.fap	.fap
000970	1128	fap_d/3001620_polar bears.fap	.fap
000971	253	fap_d/3001701_clock.fap	.fap
000972	253	fap_d/3001702_atom.fap	.fap
000973	253	fap_d/3001704_tools.fap	.fap
000974	394	fap_d/3001707_cheese.fap	.fap
000975	394	fap_d/3001708_staple remover.fap	.fap
000976	394	fap_d/3001713_bulldog.fap	.fap
000977	565	fap_d/3001716_sliding.fap	.fap
000978	565	fap_d/3001717_airplane.fap	.fap
000979	565	fap_d/3001718_fish.fap	.fap
000980	565	fap_d/3001719_meditation.fap	.fap
000981	253	fap_d/3001801_baseball.fap	.fap
000982	253	fap_d/3001802_dung beetle.fap	.fap
000983	253	fap_d/3001804_microscope.fap	.fap
000984	394	fap_d/3001810_morning exercise.fap	.fap
000985	394	fap_d/3001812_ostrich.fap	.fap
000986	394	fap_d/3001813_pelican.fap	.fap
000987	394	fap_d/3001814_riding.fap	.fap
000988	565	fap_d/3001817_rickshaw.fap	.fap
000989	565	fap_d/3001818_underwater.fap	.fap
000990	253	fap_d/3001901_basketball.fap	.fap
000991	253	fap_d/3001905_peacock.fap	.fap
000992	394	fap_d/3001907_trumpet player.fap	.fap
000993	394	fap_d/3001912_man.fap	.fap
000994	565	fap_d/3001918_catching butterfly.fap	.fap
000995	144	fap_d/3002003_masks.fap	.fap
000996	253	fap_d/3002009_silverware.fap	.fap
000997	253	fap_d/3002010_tea.fap	.fap
000998	394	fap_d/3002012_Baby & doll.fap	.fap
000999	565	fap_d/3002019_drinking.fap	.fap
001000	1128	fap_d/3002020_garbage truck.fap	.fap
001001	144	fap_d/3002101_present.fap	.fap
001002	144	fap_d/3002104_bird.fap	.fap
001003	144	fap_d/3002106_mirror.fap	.fap
001004	144	fap_d/3002107_rider.fap	.fap
001005	253	fap_d/3002108_witch.fap	.fap
001006	253	fap_d/3002110_indian.fap	.fap
001007	394	fap_d/3002113_deer.fap	.fap
001008	394	fap_d/3002114_man & mule.fap	.fap
001009	394	fap_d/3002115_bear.fap	.fap
001010	565	fap_d/3002116_performance.fap	.fap
001011	565	fap_d/3002117_penguins.fap	.fap
001012	565	fap_d/3002118_jumping a rope.fap	.fap
001013	565	fap_d/3002119_pig.fap	.fap
001014	1128	fap_d/3002120_carousel.fap	.fap
001015	144	fap_d/3002201_juice.fap	.fap
001016	144	fap_d/3002203_watch.fap	.fap
001017	253	fap_d/3002210_clown.fap	.fap
001018	253	fap_d/3002212_chess.fap	.fap
001019	253	fap_d/3002213_sherlock holmes.fap	.fap
001020	565	fap_d/3002220_olympic torch.fap	.fap
001021	144	fap_d/3002301_eggplants.fap	.fap
001022	144	fap_d/3002302_torch.fap	.fap
001023	144	fap_d/3002303_ant.fap	.fap
001024	144	fap_d/3002304_penguins.fap	.fap
001025	394	fap_d/3002314_astronaut.fap	.fap
001026	565	fap_d/3002316_baker.fap	.fap
001027	565	fap_d/3002319_thai chi.fap	.fap
001028	1128	fap_d/3002320_flying.fap	.fap
001029	565	fap_d/3002417_drummer.fap	.fap
001030	565	fap_d/3002518_sumo.fap	.fap
001031	565	fap_d/3002519_taj mahal.fap	.fap
001032	1128	fap_d/3002520_sport car.fap	.fap
001033	144	fap_d/3002606_shoes.fap	.fap
001034	394	fap_d/3002614_baseball.fap	.fap
001035	565	fap_d/3002616_baker.fap	.fap
001036	565	fap_d/3002617_biker.fap	.fap
001037	565	fap_d/3002619_rider.fap	.fap
001038	1128	fap_d/3002620_elephants.fap	.fap
001039	565	fap_d/3002719_skating shoes.fap	.fap
001040	565	fap_d/3002818_water ski.fap	.fap
001041	144	fap_d/3003002_golf.fap	.fap
001042	394	fap_d/3003208_violin player.fap	.fap
001043	394	fap_d/3003212_french horn.fap	.fap
001044	565	fap_d/3003303_rabbit and turtle.fap	.fap
001045	565	fap_d/3003317_circus.fap	.fap
001046	565	fap_d/3003907_ice skater.fap	.fap
001047	565	fap_d/3003908_hiker.fap	.fap
001048	253	fap_d/3100309_Sleeping.fap	.fap
001049	253	fap_d/3100310_house.fap	.fap
001050	394	fap_d/3100313_weight lifter.fap	.fap
001051	144	fap_d/3100402_hammer.fap	.fap
001052	144	fap_d/3100414_chess.fap	.fap
001053	144	fap_d/3100606_judge.fap	.fap
001054	144	fap_d/3100608_astronaut.fap	.fap
001055	144	fap_d/3100611_pipe.fap	.fap
001056	144	fap_d/3100614_panda.fap	.fap
001057	253	fap_d/3100802_ping pong.fap	.fap
001058	253	fap_d/3100803_iron.fap	.fap
001059	253	fap_d/3100807_fish.fap	.fap
001060	394	fap_d/3100813_meal.fap	.fap
001061	394	fap_d/3100814_encounter.fap	.fap
001062	394	fap_d/3100817_roller coaster.fap	.fap
001063	253	fap_d/3100904_fruits.fap	.fap
001064	253	fap_d/3100906_sumo.fap	.fap
001065	253	fap_d/3100908_jazz.fap	.fap
001066	253	fap_d/3100910_Water polo.fap	.fap
001067	565	fap_d/3101006_iris.fap	.fap
001068	565	fap_d/3101013_bonsai & birds.fap	.fap
001069	565	fap_d/3101019_sloth.fap	.fap
001070	253	fap_d/3101202_drum.fap	.fap
001071	253	fap_d/3101205_finger.fap	.fap
001072	394	fap_d/3101209_old man.fap	.fap
001073	394	fap_d/3101214_eagle.fap	.fap
001074	1128	fap_d/3101220_bears.fap	.fap
001075	253	fap_d/3101307_gorilla.fap	.fap
001076	394	fap_d/3101309_balloon.fap	.fap
001077	394	fap_d/3101313_walking on rope.fap	.fap
001078	394	fap_d/3101314_playing.fap	.fap
001079	565	fap_d/3101316_fireman.fap	.fap
001080	1128	fap_d/3101320_at the market.fap	.fap
001081	253	fap_d/3101405_crane.fap	.fap
001082	253	fap_d/3101407_seal.fap	.fap
001083	394	fap_d/3101410_basketball.fap	.fap
001084	394	fap_d/3101412_horseman.fap	.fap
001085	394	fap_d/3101413_baby.fap	.fap
001086	394	fap_d/3101414_russian dolls.fap	.fap
001087	565	fap_d/3101416_karate.fap	.fap
001088	565	fap_d/3101419_drum.fap	.fap
001089	1128	fap_d/3101420_tortoise.fap	.fap
001090	253	fap_d/3101504_drinking.fap	.fap
001091	253	fap_d/3101505_beetle.fap	.fap
001092	394	fap_d/3101513_reading newspaper.fap	.fap
001093	565	fap_d/3101518_sydney opera house.fap	.fap
001094	1128	fap_d/3101520_pagoda of bagan.fap	.fap
001095	144	fap_d/3101603_saturn.fap	.fap
001096	253	fap_d/3101611_rocket.fap	.fap
001097	253	fap_d/3101612_jack in the box.fap	.fap
001098	253	fap_d/3101614_fish.fap	.fap
001099	565	fap_d/3101618_shopping.fap	.fap
001100	253	fap_d/3101707_shoes.fap	.fap
001101	394	fap_d/3101712_monkey.fap	.fap
001102	394	fap_d/3101714_skateboarding.fap	.fap
001103	394	fap_d/3101715_watermelon.fap	.fap
001104	565	fap_d/3101717_scooter.fap	.fap
001105	144	fap_d/3101805_father and son.fap	.fap
001106	144	fap_d/3101806_eggplant & radish.fap	.fap
001107	565	fap_d/3101919_Berries.fap	.fap
001108	565	fap_d/3102019_skier.fap	.fap
001109	1128	fap_d/3102020_arc de triumph.fap	.fap
001110	253	fap_d/3102108_key and lock.fap	.fap
001111	253	fap_d/3102109_sunset.fap	.fap
001112	565	fap_d/3102118_breakdancing.fap	.fap
001113	253	fap_d/3102206_rose.fap	.fap
001114	565	fap_d/3102319_speaker.fap	.fap
001115	253	fap_d/3102409_christmas.fap	.fap
001116	394	fap_d/3102411_running.fap	.fap
001117	565	fap_d/3102416_football player.fap	.fap
001118	565	fap_d/3102417_snowman and house.fap	.fap
001119	253	fap_d/3102504_birds.fap	.fap
001120	253	fap_d/3102510_ambulance.fap	.fap
001121	394	fap_d/3200114_beach.fap	.fap
001122	253	fap_d/3200209_Tennis.fap	.fap
001123	394	fap_d/3200213_earphones.fap	.fap
001124	1253	fap_d/3200312_ice skating.fap	.fap
001125	1253	fap_d/3200315_bee.fap	.fap
001126	1503	fap_d/3200316_school bus.fap	.fap
001127	1503	fap_d/3200317_kitchen.fap	.fap
001128	1503	fap_d/3200320_horse training.fap	.fap
001129	565	fap_d/3200408_partridges.fap	.fap
001130	1003	fap_d/3200413_shark.fap	.fap
001131	1253	fap_d/3200416_carriage.fap	.fap
001132	1253	fap_d/3200417_piano.fap	.fap
001133	1253	fap_d/3200418_knight.fap	.fap
001134	1503	fap_d/3200419_billiard.fap	.fap
001135	1503	fap_d/3200420_hitchhikers.fap	.fap
001136	1253	fap_d/3200517_atv.fap	.fap
001137	1003	fap_d/3200613_driving.fap	.fap
001138	1003	fap_d/3200615_winning a race.fap	.fap
001139	1503	fap_d/3200619_santa claus.fap	.fap
001140	1003	fap_d/3200715_mummy.fap	.fap
001141	1253	fap_d/3200716_dentist.fap	.fap
001142	769	fap_d/3200910_truck.fap	.fap
001143	769	fap_d/3200911_tropical fruits.fap	.fap
001144	1253	fap_d/3200917_bedroom.fap	.fap
001145	1253	fap_d/3200918_pushing car.fap	.fap
001146	769	fap_d/3201010_parachutists.fap	.fap
001147	1003	fap_d/3201013_dancer.fap	.fap
001148	1253	fap_d/3201016_beach.fap	.fap
001149	769	fap_d/3201111_painting.fap	.fap
001150	1003	fap_d/3201115_village.fap	.fap
001151	1503	fap_d/3201119_new york.fap	.fap
001152	565	fap_d/3201208_snowmobile.fap	.fap
001153	1003	fap_d/3201213_indians.fap	.fap
001154	1253	fap_d/3201216_party.fap	.fap
001155	1253	fap_d/3201218_palace.fap	.fap
001156	1503	fap_d/3201220_windmill and girl.fap	.fap
001157	565	fap_d/3201310_wine.fap	.fap
001158	769	fap_d/3201311_car.fap	.fap
001159	1003	fap_d/3201313_at the circus.fap	.fap
001160	565	fap_d/3201407_knight.fap	.fap
001161	1003	fap_d/3201413_japanese woman.fap	.fap
001162	1003	fap_d/3201414_beethoven.fap	.fap
001163	1253	fap_d/3201417_boat.fap	.fap
001164	1253	fap_d/3201418_tiger.fap	.fap
001165	144	fap_d/3300101_flowers.fap	.fap
001166	253	fap_d/3300106_mirror.fap	.fap
001167	253	fap_d/3300108_clothes.fap	.fap
001168	253	fap_d/3300110_tunnel.fap	.fap
001169	394	fap_d/3300111_sewing.fap	.fap
001170	394	fap_d/3300115_sun & moon.fap	.fap
001171	565	fap_d/3300117_playground.fap	.fap
001172	565	fap_d/3300118_king & queen.fap	.fap
001173	769	fap_d/3300210_columbus.fap	.fap
001174	1003	fap_d/3300213_tractor.fap	.fap
001175	1003	fap_d/3300214_family.fap	.fap
001176	1253	fap_d/3300218_painting.fap	.fap
001177	1503	fap_d/3300220_pool.fap	.fap
001178	253	fap_d/3300303_fisherman.fap	.fap
001179	253	fap_d/3300304_cake.fap	.fap
001180	565	fap_d/3300307_flying.fap	.fap
001181	769	fap_d/3300310_cards.fap	.fap
001182	769	fap_d/3300312_artist.fap	.fap
001183	1003	fap_d/3300314_jogging.fap	.fap
001184	1253	fap_d/3300318_cow.fap	.fap
001185	1503	fap_d/3300319_sailing.fap	.fap
001186	144	fap_d/3300401_rooster.fap	.fap
001187	394	fap_d/3300406_guitar player.fap	.fap
001188	769	fap_d/3300412_dog & cat.fap	.fap
001189	1003	fap_d/3300415_toys.fap	.fap
001190	1253	fap_d/3300416_colosseum.fap	.fap
001191	144	fap_d/3300501_victory.fap	.fap
001192	253	fap_d/3300503_playing.fap	.fap
001193	253	fap_d/3300504_ballet shoes.fap	.fap
001194	394	fap_d/3300506_dinosaur.fap	.fap
001195	565	fap_d/3300507_clown.fap	.fap
001196	565	fap_d/3300508_meal.fap	.fap
001197	565	fap_d/3300509_beach.fap	.fap
001198	769	fap_d/3300512_golf.fap	.fap
001199	1003	fap_d/3300513_giraffe.fap	.fap
001200	1253	fap_d/3300518_playground.fap	.fap
001201	1503	fap_d/3300519_wrestling.fap	.fap
001202	1503	fap_d/3300520_band.fap	.fap
001203	253	fap_d/3300604_pumpkin.fap	.fap
001204	394	fap_d/3300605_sea shell.fap	.fap
001205	394	fap_d/3300606_truck.fap	.fap
001206	565	fap_d/3300608_bus.fap	.fap
001207	769	fap_d/3300610_cheerleaders.fap	.fap
001208	1003	fap_d/3300615_fishing.fap	.fap
001209	1253	fap_d/3300616_horse & carriage.fap	.fap
001210	1253	fap_d/3300617_singing.fap	.fap
001211	1503	fap_d/3300620_dollar.fap	.fap
001212	144	fap_d/3300701_ant.fap	.fap
001213	394	fap_d/3300706_inca pyramid.fap	.fap
001214	769	fap_d/3300711_surfing.fap	.fap
001215	769	fap_d/3300712_jefferson memorial.fap	.fap
001216	1503	fap_d/3300719_therapy.fap	.fap
001217	1503	fap_d/3300720_singing.fap	.fap
001218	144	fap_d/3300801_glasses.fap	.fap
001219	253	fap_d/3300804_dj.fap	.fap
001220	394	fap_d/3300805_beer.fap	.fap
001221	565	fap_d/3300808_koalas.fap	.fap
001222	769	fap_d/3300810_hospital.fap	.fap
001223	769	fap_d/3300811_ballet.fap	.fap
001224	769	fap_d/3300812_boy & koala.fap	.fap
001225	1003	fap_d/3300814_fireman.fap	.fap
001226	1003	fap_d/3300815_family.fap	.fap
001227	1253	fap_d/3300817_at the beach.fap	.fap
001228	1253	fap_d/3300818_kites.fap	.fap
001229	144	fap_d/3301002_bike.fap	.fap
001230	253	fap_d/3301003_mother & daughter.fap	.fap
001231	769	fap_d/3301011_atv.fap	.fap
001232	769	fap_d/3301013_proposal.fap	.fap
001233	1003	fap_d/3301015_indian.fap	.fap
001234	1253	fap_d/3301017_hockey.fap	.fap
001235	1253	fap_d/3301018_sleeping.fap	.fap
001236	1503	fap_d/3301020_pub.fap	.fap
001237	144	fap_d/3301101_muffin.fap	.fap
001238	253	fap_d/3301103_deer.fap	.fap
001239	394	fap_d/3301105_turtles.fap	.fap
001240	1003	fap_d/3301114_playing.fap	.fap
001241	1003	fap_d/3301115_lions.fap	.fap
001242	1253	fap_d/3301116_girl & dog.fap	.fap
001243	1253	fap_d/3301118_bulldozer.fap	.fap
001244	1503	fap_d/3301120_roller coaster.fap	.fap
001245	253	fap_d/3301202_crown.fap	.fap
001246	253	fap_d/3301203_jewel ring.fap	.fap
001247	394	fap_d/3301204_football.fap	.fap
001248	565	fap_d/3301207_parachutist.fap	.fap
001249	565	fap_d/3301208_roller blades.fap	.fap
001250	769	fap_d/3301210_gymnastic.fap	.fap
001251	769	fap_d/3301211_circus.fap	.fap
001252	1003	fap_d/3301213_halloween ghosts.fap	.fap
001253	1003	fap_d/3301214_sweeping.fap	.fap
001254	1003	fap_d/3301215_horseman and girl.fap	.fap
001255	1253	fap_d/3301218_bird.fap	.fap
001256	1503	fap_d/3301219_carousel.fap	.fap
001257	394	fap_d/3301305_scorpion.fap	.fap
001258	565	fap_d/3301307_walking on the rope.fap	.fap
001259	565	fap_d/3301309_balloons.fap	.fap
001260	769	fap_d/3301310_goat.fap	.fap
001261	1253	fap_d/3301317_little mermaid.fap	.fap
001262	144	fap_d/3301401_cook.fap	.fap
001263	394	fap_d/3301405_rabbit.fap	.fap
001264	565	fap_d/3301407_helmet and football.fap	.fap
001265	769	fap_d/3301411_cocktail.fap	.fap
001266	1003	fap_d/3301413_gulliver.fap	.fap
001267	1003	fap_d/3301414_gardening.fap	.fap
001268	1253	fap_d/3301417_snowman.fap	.fap
001269	1253	fap_d/3301418_dancing contest.fap	.fap
001270	394	fap_d/3301506_in the pool.fap	.fap
001271	769	fap_d/3301510_dancers.fap	.fap
001272	769	fap_d/3301511_horse.fap	.fap
001273	769	fap_d/3301512_chameleon.fap	.fap
001274	1253	fap_d/3301517_village.fap	.fap
001275	1503	fap_d/3301520_canoe.fap	.fap
001276	394	fap_d/3301605_toaster.fap	.fap
001277	565	fap_d/3301608_riding.fap	.fap
001278	769	fap_d/3301611_ram.fap	.fap
001279	769	fap_d/3301612_lion.fap	.fap
001280	1003	fap_d/3301614_parade.fap	.fap
001281	1003	fap_d/3301615_scarecrow.fap	.fap
001282	1253	fap_d/3301618_slide.fap	.fap
001283	1503	fap_d/3301619_flying elephant.fap	.fap
001284	144	fap_d/gf00211_beer.fap	.fap
001285	144	fap_d/gf00217_tricycle.fap	.fap
001286	144	fap_d/gf00220_fan.fap	.fap
001287	144	fap_d/gf00324_saxophone.fap	.fap
001288	144	fap_d/gf00619_dragonfly.fap	.fap
001289	144	fap_d/gf00621_dung beetle.fap	.fap
001290	144	fap_d/gf00704_kagamimochi.fap	.fap
001291	144	fap_d/gf00902_pisa tower.fap	.fap
001292	25	fap_d/tu_fap_00.fap	.fap
001293	19	fap_d/tu_fap_01.fap	.fap
001294	25	fap_d/tu_fap_02.fap	.fap
001295	19	fap_d/tu_fap_03.fap	.fap
001296	33	fap_d/tu_fap_04.fap	.fap
001297	552	kakuninn/continue.NCLR	.nclr
001298	648	kakuninn/continue_LZ.bin	.bin
001299	1572	kakuninn/continue_top1.NSCR	.nscr
001300	1572	kakuninn/continue_top2.NSCR	.nscr
001301	1572	kakuninn/continue_vtm.NSCR	.nscr
001302	552	kakuninn/window_01.NCLR	.nclr
001303	640	kakuninn/window_01_LZ.bin	.bin
001304	24640	lap/bg_lap.NCGR	.ncgr
001305	552	lap/bg_lap.NCLR	.nclr
001306	164	lap/l_8x8_256x16.NSCR	.nscr
001307	700	lap/l_8x8_256x16_LZ.bin	.bin
001308	111	lap/l_ato.NANR	.nanr
001309	111	lap/l_ato.NCER	.ncer
001310	688	lap/l_ato.NCGR	.ncgr
001311	111	lap/l_clear.NANR	.nanr
001312	99	lap/l_clear.NCER	.ncer
001313	1072	lap/l_clear.NCGR	.ncgr
001314	552	lap/l_color.NCLR	.nclr
001315	72	lap/l_color_256x16_pc.NCLR	.nclr
001316	111	lap/l_num.NANR	.nanr
001317	223	lap/l_num.NCER	.ncer
001318	1328	lap/l_num.NCGR	.ncgr
001319	90	lap/l_obj_color.NCLR	.nclr
001320	111	lap/l_ok.NANR	.nanr
001321	111	lap/l_ok.NCER	.ncer
001322	688	lap/l_ok.NCGR	.ncgr
001323	1572	lap/lap_BG_ue.NSCR	.nscr
001324	548	LAP_COMP/l001.NSCR	.nscr
001325	1084	LAP_COMP/l001_LZ.bin	.bin
001326	72	LAP_COMP/l001_pc.NCLR	.nclr
001327	1080	LAP_COMP/l002_LZ.bin	.bin
001328	72	LAP_COMP/l002_pc.NCLR	.nclr
001329	1056	LAP_COMP/l003_LZ.bin	.bin
001330	72	LAP_COMP/l003_pc.NCLR	.nclr
001331	1072	LAP_COMP/l004_LZ.bin	.bin
001332	72	LAP_COMP/l004_pc.NCLR	.nclr
001333	1056	LAP_COMP/l005_LZ.bin	.bin
001334	72	LAP_COMP/l005_pc.NCLR	.nclr
001335	1080	LAP_COMP/l006_LZ.bin	.bin
001336	72	LAP_COMP/l006_pc.NCLR	.nclr
001337	1092	LAP_COMP/l007_LZ.bin	.bin
001338	72	LAP_COMP/l007_pc.NCLR	.nclr
001339	1088	LAP_COMP/l008_LZ.bin	.bin
001340	72	LAP_COMP/l008_pc.NCLR	.nclr
001341	1072	LAP_COMP/l009_LZ.bin	.bin
001342	72	LAP_COMP/l009_pc.NCLR	.nclr
001343	1076	LAP_COMP/l010_LZ.bin	.bin
001344	72	LAP_COMP/l010_pc.NCLR	.nclr
001345	1052	LAP_COMP/l011_LZ.bin	.bin
001346	72	LAP_COMP/l011_pc.NCLR	.nclr
001347	1072	LAP_COMP/l012_LZ.bin	.bin
001348	72	LAP_COMP/l012_pc.NCLR	.nclr
001349	1060	LAP_COMP/l013_LZ.bin	.bin
001350	72	LAP_COMP/l013_pc.NCLR	.nclr
001351	1312	LAP_COMP/l014_LZ.bin	.bin
001352	72	LAP_COMP/l014_pc.NCLR	.nclr
001353	1248	LAP_COMP/l051_LZ.bin	.bin
001354	72	LAP_COMP/l051_pc.NCLR	.nclr
001355	1324	LAP_COMP/l052_LZ.bin	.bin
001356	72	LAP_COMP/l052_pc.NCLR	.nclr
001357	1288	LAP_COMP/l053_LZ.bin	.bin
001358	72	LAP_COMP/l053_pc.NCLR	.nclr
001359	1308	LAP_COMP/l054_LZ.bin	.bin
001360	72	LAP_COMP/l054_pc.NCLR	.nclr
001361	1276	LAP_COMP/l055_LZ.bin	.bin
001362	72	LAP_COMP/l055_pc.NCLR	.nclr
001363	1360	LAP_COMP/l056_LZ.bin	.bin
001364	72	LAP_COMP/l056_pc.NCLR	.nclr
001365	1408	LAP_COMP/l057_LZ.bin	.bin
001366	72	LAP_COMP/l057_pc.NCLR	.nclr
001367	1480	LAP_COMP/l058_LZ.bin	.bin
001368	72	LAP_COMP/l058_pc.NCLR	.nclr
001369	1260	LAP_COMP/l059_LZ.bin	.bin
001370	72	LAP_COMP/l059_pc.NCLR	.nclr
001371	1476	LAP_COMP/l060_LZ.bin	.bin
001372	72	LAP_COMP/l060_pc.NCLR	.nclr
001373	1552	LAP_COMP/l061_LZ.bin	.bin
001374	72	LAP_COMP/l061_pc.NCLR	.nclr
001375	1444	LAP_COMP/l062_LZ.bin	.bin
001376	72	LAP_COMP/l062_pc.NCLR	.nclr
001377	1368	LAP_COMP/l063_LZ.bin	.bin
001378	72	LAP_COMP/l063_pc.NCLR	.nclr
001379	1388	LAP_COMP/l064_LZ.bin	.bin
001380	72	LAP_COMP/l064_pc.NCLR	.nclr
001381	1380	LAP_COMP/l065_LZ.bin	.bin
001382	72	LAP_COMP/l065_pc.NCLR	.nclr
001383	1588	LAP_COMP/l066_LZ.bin	.bin
001384	72	LAP_COMP/l066_pc.NCLR	.nclr
001385	1564	LAP_COMP/l067_LZ.bin	.bin
001386	72	LAP_COMP/l067_pc.NCLR	.nclr
001387	1380	LAP_COMP/l068_LZ.bin	.bin
001388	72	LAP_COMP/l068_pc.NCLR	.nclr
001389	1336	LAP_COMP/l069_LZ.bin	.bin
001390	72	LAP_COMP/l069_pc.NCLR	.nclr
001391	1296	LAP_COMP/l070_LZ.bin	.bin
001392	72	LAP_COMP/l070_pc.NCLR	.nclr
001393	1256	LAP_COMP/l071_LZ.bin	.bin
001394	72	LAP_COMP/l071_pc.NCLR	.nclr
001395	1268	LAP_COMP/l072_LZ.bin	.bin
001396	72	LAP_COMP/l072_pc.NCLR	.nclr
001397	1288	LAP_COMP/l073_LZ.bin	.bin
001398	72	LAP_COMP/l073_pc.NCLR	.nclr
001399	1308	LAP_COMP/l074_LZ.bin	.bin
001400	72	LAP_COMP/l074_pc.NCLR	.nclr
001401	1320	LAP_COMP/l075_LZ.bin	.bin
001402	72	LAP_COMP/l075_pc.NCLR	.nclr
001403	1604	LAP_COMP/l076_LZ.bin	.bin
001404	72	LAP_COMP/l076_pc.NCLR	.nclr
001405	1452	LAP_COMP/l077_LZ.bin	.bin
001406	72	LAP_COMP/l077_pc.NCLR	.nclr
001407	1644	LAP_COMP/l078_LZ.bin	.bin
001408	72	LAP_COMP/l078_pc.NCLR	.nclr
001409	1484	LAP_COMP/l079_LZ.bin	.bin
001410	72	LAP_COMP/l079_pc.NCLR	.nclr
001411	1692	LAP_COMP/l080_LZ.bin	.bin
001412	72	LAP_COMP/l080_pc.NCLR	.nclr
001413	1552	LAP_COMP/l081_LZ.bin	.bin
001414	72	LAP_COMP/l081_pc.NCLR	.nclr
001415	1532	LAP_COMP/l082_LZ.bin	.bin
001416	72	LAP_COMP/l082_pc.NCLR	.nclr
001417	1368	LAP_COMP/l166_LZ.bin	.bin
001418	72	LAP_COMP/l166_pc.NCLR	.nclr
001419	1404	LAP_COMP/l167_LZ.bin	.bin
001420	72	LAP_COMP/l167_pc.NCLR	.nclr
001421	1336	LAP_COMP/l168_LZ.bin	.bin
001422	72	LAP_COMP/l168_pc.NCLR	.nclr
001423	1304	LAP_COMP/l169_LZ.bin	.bin
001424	72	LAP_COMP/l169_pc.NCLR	.nclr
001425	1380	LAP_COMP/l170_LZ.bin	.bin
001426	72	LAP_COMP/l170_pc.NCLR	.nclr
001427	1340	LAP_COMP/l171_LZ.bin	.bin
001428	72	LAP_COMP/l171_pc.NCLR	.nclr
001429	1416	LAP_COMP/l172_LZ.bin	.bin
001430	72	LAP_COMP/l172_pc.NCLR	.nclr
001431	1216	LAP_COMP/l173_LZ.bin	.bin
001432	72	LAP_COMP/l173_pc.NCLR	.nclr
001433	1424	LAP_COMP/l174_LZ.bin	.bin
001434	72	LAP_COMP/l174_pc.NCLR	.nclr
001435	1512	LAP_COMP/l175_LZ.bin	.bin
001436	72	LAP_COMP/l175_pc.NCLR	.nclr
001437	1332	LAP_COMP/l176_LZ.bin	.bin
001438	72	LAP_COMP/l176_pc.NCLR	.nclr
001439	1344	LAP_COMP/l177_LZ.bin	.bin
001440	72	LAP_COMP/l177_pc.NCLR	.nclr
001441	1448	LAP_COMP/l178_LZ.bin	.bin
001442	72	LAP_COMP/l178_pc.NCLR	.nclr
001443	1528	LAP_COMP/l179_LZ.bin	.bin
001444	72	LAP_COMP/l179_pc.NCLR	.nclr
001445	1716	LAP_COMP/l180_LZ.bin	.bin
001446	72	LAP_COMP/l180_pc.NCLR	.nclr
001447	1644	LAP_COMP/l181_LZ.bin	.bin
001448	72	LAP_COMP/l181_pc.NCLR	.nclr
001449	1800	LAP_COMP/l182_LZ.bin	.bin
001450	72	LAP_COMP/l182_pc.NCLR	.nclr
001451	1652	LAP_COMP/l183_LZ.bin	.bin
001452	72	LAP_COMP/l183_pc.NCLR	.nclr
001453	1508	LAP_COMP/l184_LZ.bin	.bin
001454	72	LAP_COMP/l184_pc.NCLR	.nclr
001455	1400	LAP_COMP/l185_LZ.bin	.bin
001456	72	LAP_COMP/l185_pc.NCLR	.nclr
001457	1764	LAP_COMP/l186_LZ.bin	.bin
001458	72	LAP_COMP/l186_pc.NCLR	.nclr
001459	1456	LAP_COMP/l187_LZ.bin	.bin
001460	72	LAP_COMP/l187_pc.NCLR	.nclr
001461	1492	LAP_COMP/l296_LZ.bin	.bin
001462	72	LAP_COMP/l296_pc.NCLR	.nclr
001463	1484	LAP_COMP/l297_LZ.bin	.bin
001464	72	LAP_COMP/l297_pc.NCLR	.nclr
001465	1452	LAP_COMP/l298_LZ.bin	.bin
001466	72	LAP_COMP/l298_pc.NCLR	.nclr
001467	1576	LAP_COMP/l299_LZ.bin	.bin
001468	72	LAP_COMP/l299_pc.NCLR	.nclr
001469	1392	LAP_COMP/l300_LZ.bin	.bin
001470	72	LAP_COMP/l300_pc.NCLR	.nclr
001471	1456	LAP_COMP/l301_LZ.bin	.bin
001472	72	LAP_COMP/l301_pc.NCLR	.nclr
001473	1244	LAP_COMP/l302_LZ.bin	.bin
001474	72	LAP_COMP/l302_pc.NCLR	.nclr
001475	1560	LAP_COMP/l303_LZ.bin	.bin
001476	72	LAP_COMP/l303_pc.NCLR	.nclr
001477	1348	LAP_COMP/l304_LZ.bin	.bin
001478	72	LAP_COMP/l304_pc.NCLR	.nclr
001479	1392	LAP_COMP/l305_LZ.bin	.bin
001480	72	LAP_COMP/l305_pc.NCLR	.nclr
001481	1536	LAP_COMP/l306_LZ.bin	.bin
001482	72	LAP_COMP/l306_pc.NCLR	.nclr
001483	2204	LAP_COMP/l307_LZ.bin	.bin
001484	72	LAP_COMP/l307_pc.NCLR	.nclr
001485	1352	LAP_COMP/l308_LZ.bin	.bin
001486	72	LAP_COMP/l308_pc.NCLR	.nclr
001487	1604	LAP_COMP/l309_LZ.bin	.bin
001488	72	LAP_COMP/l309_pc.NCLR	.nclr
001489	2112	LAP_COMP/l310_LZ.bin	.bin
001490	72	LAP_COMP/l310_pc.NCLR	.nclr
001491	1480	LAP_COMP/l311_LZ.bin	.bin
001492	72	LAP_COMP/l311_pc.NCLR	.nclr
001493	1812	LAP_COMP/l312_LZ.bin	.bin
001494	72	LAP_COMP/l312_pc.NCLR	.nclr
001495	1756	LAP_COMP/l356_LZ.bin	.bin
001496	72	LAP_COMP/l356_pc.NCLR	.nclr
001497	1852	LAP_COMP/l357_LZ.bin	.bin
001498	72	LAP_COMP/l357_pc.NCLR	.nclr
001499	1872	LAP_COMP/l358_LZ.bin	.bin
001500	72	LAP_COMP/l358_pc.NCLR	.nclr
001501	1664	LAP_COMP/l359_LZ.bin	.bin
001502	72	LAP_COMP/l359_pc.NCLR	.nclr
001503	1704	LAP_COMP/l360_LZ.bin	.bin
001504	72	LAP_COMP/l360_pc.NCLR	.nclr
001505	1812	LAP_COMP/l361_LZ.bin	.bin
001506	72	LAP_COMP/l361_pc.NCLR	.nclr
001507	1800	LAP_COMP/l362_LZ.bin	.bin
001508	72	LAP_COMP/l362_pc.NCLR	.nclr
001509	1980	LAP_COMP/l363_LZ.bin	.bin
001510	72	LAP_COMP/l363_pc.NCLR	.nclr
001511	1880	LAP_COMP/l364_LZ.bin	.bin
001512	72	LAP_COMP/l364_pc.NCLR	.nclr
001513	1556	LAP_COMP/l365_LZ.bin	.bin
001514	72	LAP_COMP/l365_pc.NCLR	.nclr
001515	1776	LAP_COMP/l366_LZ.bin	.bin
001516	72	LAP_COMP/l366_pc.NCLR	.nclr
001517	1752	LAP_COMP/l367_LZ.bin	.bin
001518	72	LAP_COMP/l367_pc.NCLR	.nclr
001519	1668	LAP_COMP/l368_LZ.bin	.bin
001520	72	LAP_COMP/l368_pc.NCLR	.nclr
001521	1708	LAP_COMP/l369_LZ.bin	.bin
001522	72	LAP_COMP/l369_pc.NCLR	.nclr
001523	1908	LAP_COMP/l370_LZ.bin	.bin
001524	72	LAP_COMP/l370_pc.NCLR	.nclr
001525	426	lap_d/1_dat/2000203_Coffee maker.lap	.lap
001526	426	lap_d/1_dat/2000301_Chess.lap	.lap
001527	426	lap_d/1_dat/2000702_Toaster.lap	.lap
001528	426	lap_d/1_dat/2001301_Mermaid.lap	.lap
001529	426	lap_d/1_dat/2001401_Baby.lap	.lap
001530	426	lap_d/1_dat/2001801_Rider.lap	.lap
001531	426	lap_d/1_dat/2001902_Car.lap	.lap
001532	426	lap_d/1_dat/2002001_Pirate flag.lap	.lap
001533	326	lap_d/1_dat/2003405_Computer.lap	.lap
001534	326	lap_d/1_dat/2003410_Shuttle.lap	.lap
001535	526	lap_d/1_dat/2003414_Pirate.lap	.lap
001536	426	lap_d/1_dat/2004401_Hippo.lap	.lap
001537	326	lap_d/1_dat/2004706_Carp.lap	.lap
001538	426	lap_d/1_dat/2005002_Dragonfly.lap	.lap
001539	426	lap_d/1_dat/2100101_Brushing teeth.lap	.lap
001540	901	lap_d/1_dat/2100103_City at night.lap	.lap
001541	426	lap_d/1_dat/2100410_Tropical fish.lap	.lap
001542	426	lap_d/1_dat/2100413_Ice skating.lap	.lap
001543	426	lap_d/1_dat/2100511_Wedding.lap	.lap
001544	426	lap_d/1_dat/2100701_Crocodile.lap	.lap
001545	426	lap_d/1_dat/2100705_Cow.lap	.lap
001546	426	lap_d/1_dat/2100715_Boxing.lap	.lap
001547	426	lap_d/1_dat/2100716_Cup.lap	.lap
001548	426	lap_d/1_dat/2100719_Baseball.lap	.lap
001549	426	lap_d/1_dat/2100802_Christmas.lap	.lap
001550	426	lap_d/1_dat/2101210_Helicopter.lap	.lap
001551	426	lap_d/1_dat/2101214_Teddy bear.lap	.lap
001552	426	lap_d/1_dat/2101805_Shoveling snow.lap	.lap
001553	426	lap_d/1_dat/2101901_Mount Fuji.lap	.lap
001554	426	lap_d/1_dat/2101902_Fox.lap	.lap
001555	426	lap_d/1_dat/2102205_Bear.lap	.lap
001556	426	lap_d/1_dat/2102208_Sewing.lap	.lap
001557	426	lap_d/1_dat/2102210_Playing the violin.lap	.lap
001558	426	lap_d/1_dat/2102214_Howling.lap	.lap
001559	426	lap_d/1_dat/2102301_Jeep.lap	.lap
001560	426	lap_d/1_dat/2102501_Airplane.lap	.lap
001561	426	lap_d/1_dat/2102509_Chick.lap	.lap
001562	426	lap_d/1_dat/2102510_Spider.lap	.lap
001563	426	lap_d/1_dat/2102514_Watermelon.lap	.lap
001564	426	lap_d/1_dat/2102602_Jumping.lap	.lap
001565	426	lap_d/1_dat/2102610_Walking with dog.lap	.lap
001566	426	lap_d/1_dat/2102613_Accordion.lap	.lap
001567	426	lap_d/1_dat/2102615_Rooster.lap	.lap
001568	426	lap_d/1_dat/2102801_Apple juice.lap	.lap
001569	426	lap_d/1_dat/2103103_Diving.lap	.lap
001570	426	lap_d/1_dat/2103105_Lighter.lap	.lap
001571	426	lap_d/1_dat/2103403_Trumpet.lap	.lap
001572	426	lap_d/1_dat/2103404_Worm.lap	.lap
001573	426	lap_d/1_dat/2103501_Strawberries.lap	.lap
001574	426	lap_d/1_dat/2103620_Bee.lap	.lap
001575	651	lap_d/2_dat/2001203_Karate kid.lap	.lap
001576	926	lap_d/2_dat/2001207_Meditation.lap	.lap
001577	926	lap_d/2_dat/2001305_Cupid.lap	.lap
001578	651	lap_d/2_dat/2001404_Poodle.lap	.lap
001579	651	lap_d/2_dat/2001603_Raining.lap	.lap
001580	651	lap_d/2_dat/2001604_Piano player.lap	.lap
001581	1251	lap_d/2_dat/2001608_boat.lap	.lap
001582	1251	lap_d/2_dat/2001610_Drummer.lap	.lap
001583	651	lap_d/2_dat/2001804_Blacksmith.lap	.lap
001584	651	lap_d/2_dat/2001904_Bowling.lap	.lap
001585	1376	lap_d/2_dat/2100114_Man and bird.lap	.lap
001586	1026	lap_d/2_dat/2100203_Eating.lap	.lap
001587	1226	lap_d/2_dat/2100209_Drinking.lap	.lap
001588	926	lap_d/2_dat/2100514_Technician.lap	.lap
001589	926	lap_d/2_dat/2100517_Guard.lap	.lap
001590	651	lap_d/2_dat/2100901_Maneki Neko.lap	.lap
001591	651	lap_d/2_dat/2100902_Playing on Koto.lap	.lap
001592	651	lap_d/2_dat/2100906_Rabbit making rice.lap	.lap
001593	651	lap_d/2_dat/2101012_Farmer.lap	.lap
001594	1376	lap_d/2_dat/2101015_Award.lap	.lap
001595	1376	lap_d/2_dat/2101016_Conductor.lap	.lap
001596	926	lap_d/2_dat/2101218_Gorilla.lap	.lap
001597	926	lap_d/2_dat/2101607_Playing.lap	.lap
001598	1251	lap_d/2_dat/2101609_Tourist.lap	.lap
001599	651	lap_d/2_dat/2101903_Japanese shoes.lap	.lap
001600	1251	lap_d/2_dat/2101910_Daruma doll.lap	.lap
001601	1251	lap_d/2_dat/2102110_Crystal ball.lap	.lap
001602	926	lap_d/2_dat/2102217_Boat.lap	.lap
001603	926	lap_d/2_dat/2102307_Sailing.lap	.lap
001604	1251	lap_d/2_dat/2102309_Milking.lap	.lap
001605	926	lap_d/2_dat/2102518_Conductor.lap	.lap
001606	926	lap_d/2_dat/2102617_Jogging.lap	.lap
001607	926	lap_d/2_dat/2102618_Parade.lap	.lap
001608	651	lap_d/2_dat/2102703_Cards.lap	.lap
001609	651	lap_d/2_dat/2102704_Toothpaste.lap	.lap
001610	926	lap_d/2_dat/2102705_Treasure chest.lap	.lap
001611	1251	lap_d/2_dat/2102709_Playing ground.lap	.lap
001612	651	lap_d/2_dat/2102803_Fast food.lap	.lap
001613	651	lap_d/2_dat/2102904_Fire car.lap	.lap
001614	926	lap_d/2_dat/2103120_Water sport.lap	.lap
001615	926	lap_d/2_dat/2103207_Train.lap	.lap
001616	1251	lap_d/2_dat/2103209_Crocodile.lap	.lap
001617	926	lap_d/2_dat/2103417_Dancing class.lap	.lap
001618	926	lap_d/2_dat/2103419_Water skiing.lap	.lap
001619	1251	lap_d/2_dat/2103508_Baby.lap	.lap
001620	1251	lap_d/2_dat/2103510_Cocktail.lap	.lap
001621	1251	lap_d/2_dat/2103704_Fish.lap	.lap
001622	926	lap_d/2_dat/2103820_Rescue.lap	.lap
001623	926	lap_d/2_dat/2103903_Reading.lap	.lap
001624	1251	lap_d/2_dat/2103904_Cowboy.lap	.lap
001625	1251	lap_d/2_dat/2103905_Genie.lap	.lap
001626	1251	lap_d/2_dat/2103906_Whale.lap	.lap
001627	926	lap_d/2_dat/2104016_Penguin.lap	.lap
001628	1251	lap_d/2_dat/2104107_Princess & frog.lap	.lap
001629	1626	lap_d/2_dat/2104110_Archer.lap	.lap
001630	1226	lap_d/2_dat/2104309_King & prince.lap	.lap
001631	926	lap_d/2_dat/2104417_Driving.lap	.lap
001632	926	lap_d/2_dat/2104418_Cave family.lap	.lap
001633	926	lap_d/2_dat/2104616_Girl with umbrella.lap	.lap
001634	651	lap_d/2_dat/2104803_Bread and wheat.lap	.lap
001635	926	lap_d/2_dat/2104804_Pizza.lap	.lap
001636	926	lap_d/2_dat/2104805_Iron.lap	.lap
001637	1251	lap_d/2_dat/2105007_Girl.lap	.lap
001638	926	lap_d/2_dat/2200302_Handshake.lap	.lap
001639	926	lap_d/2_dat/2200303_Moon.lap	.lap
001640	926	lap_d/2_dat/2200304_Jack in the box.lap	.lap
001641	926	lap_d/2_dat/2200401_Run.lap	.lap
001642	1076	lap_d/2_dat/2200402_Wheelchair.lap	.lap
001643	1076	lap_d/2_dat/2200403_Dog.lap	.lap
001644	1076	lap_d/2_dat/2200502_Dog.lap	.lap
001645	1076	lap_d/2_dat/2200503_Fish.lap	.lap
001646	1076	lap_d/2_dat/2200504_Boy & ball.lap	.lap
001647	926	lap_d/2_dat/2200603_Coffee.lap	.lap
001648	1076	lap_d/2_dat/2200801_Soccer.lap	.lap
001649	1076	lap_d/2_dat/2200803_Gymnastic.lap	.lap
001650	1076	lap_d/2_dat/2201003_Underwater.lap	.lap
001651	926	lap_d/2_dat/2201101_Eagle.lap	.lap
001652	926	lap_d/2_dat/2201102_Guitar.lap	.lap
001653	1251	lap_d/2_dat/2201105_Lion.lap	.lap
001654	1251	lap_d/2_dat/2201106_Rocking chair.lap	.lap
001655	1076	lap_d/2_dat/2201204_Ventilator.lap	.lap
001656	1251	lap_d/2_dat/2201205_Underfoot.lap	.lap
001657	1076	lap_d/2_dat/2201402_Horse.lap	.lap
001658	1076	lap_d/2_dat/2201403_Surfing.lap	.lap
001659	1076	lap_d/2_dat/2201404_On the phone.lap	.lap
001660	1076	lap_d/2_dat/2300104_Rabbit.lap	.lap
001661	1076	lap_d/2_dat/2300201_Gardening.lap	.lap
001662	1076	lap_d/2_dat/2300202_Boat.lap	.lap
001663	1076	lap_d/2_dat/2300204_Ice cream.lap	.lap
001664	1076	lap_d/2_dat/2300205_Fishing.lap	.lap
001665	1076	lap_d/2_dat/2300402_Tulip.lap	.lap
001666	1076	lap_d/2_dat/2300404_Chicken.lap	.lap
001667	926	lap_d/2_dat/2300502_Chick.lap	.lap
001668	1076	lap_d/2_dat/2300503_Tropic drink.lap	.lap
001669	1076	lap_d/2_dat/2300504_Painter.lap	.lap
001670	1076	lap_d/2_dat/2300602_Laundry.lap	.lap
001671	1076	lap_d/2_dat/2300604_Flowers.lap	.lap
001672	1076	lap_d/2_dat/2300605_Singer.lap	.lap
001673	926	lap_d/2_dat/2300701_Bee.lap	.lap
001674	926	lap_d/2_dat/2300702_Drum.lap	.lap
001675	926	lap_d/2_dat/2300703_Lighting candles.lap	.lap
001676	1076	lap_d/2_dat/2300801_Fly.lap	.lap
001677	1076	lap_d/2_dat/2300802_Music.lap	.lap
001678	1076	lap_d/2_dat/2300805_Lily.lap	.lap
001679	1076	lap_d/2_dat/2300901_Turkey.lap	.lap
001680	1076	lap_d/2_dat/2300902_Candles & flowers.lap	.lap
001681	1076	lap_d/2_dat/2300905_Superhero.lap	.lap
001682	926	lap_d/2_dat/2301201_Hippo & bird.lap	.lap
001683	926	lap_d/2_dat/2301202_Snail.lap	.lap
001684	926	lap_d/2_dat/2301203_Cheers.lap	.lap
001685	1076	lap_d/2_dat/2301303_Monkey.lap	.lap
001686	1251	lap_d/2_dat/2301305_Thief.lap	.lap
001687	1076	lap_d/2_dat/2301401_Fish.lap	.lap
001688	1076	lap_d/2_dat/2301402_Golf.lap	.lap
001689	1076	lap_d/2_dat/2301405_Fishing.lap	.lap
001690	1626	lap_d/3_dat/2000101_Baker.lap	.lap
001691	1626	lap_d/3_dat/2000103_Businessman.lap	.lap
001692	1826	lap_d/3_dat/2000108_Barber.lap	.lap
001693	1826	lap_d/3_dat/2000110_Lumberjack.lap	.lap
001694	2426	lap_d/3_dat/2000320_Mona Lisa.lap	.lap
001695	2051	lap_d/3_dat/2001115_Hiker.lap	.lap
001696	1601	lap_d/3_dat/2100106_Row the boat.lap	.lap
001697	2026	lap_d/3_dat/2100112_Woman with dog.lap	.lap
001698	1626	lap_d/3_dat/2100814_Balloons.lap	.lap
001699	2051	lap_d/3_dat/2100816_Fashion show.lap	.lap
001700	2501	lap_d/3_dat/2100911_Kanto festival.lap	.lap
001701	2501	lap_d/3_dat/2100912_Nebuta festival.lap	.lap
001702	2501	lap_d/3_dat/2100913_Daimonji festival.lap	.lap
001703	2501	lap_d/3_dat/2100915_Chrysanthemum.lap	.lap
001704	2501	lap_d/3_dat/2100917_Shichi go san.lap	.lap
001705	2501	lap_d/3_dat/2100919_Ostukimi.lap	.lap
001706	2501	lap_d/3_dat/2100920_Sport day.lap	.lap
001707	1601	lap_d/3_dat/2101306_Tempel.lap	.lap
001708	2026	lap_d/3_dat/2101308_Colosseum.lap	.lap
001709	2026	lap_d/3_dat/2101309_Taj mahal.lap	.lap
001710	2026	lap_d/3_dat/2101310_Big Ben.lap	.lap
001711	2501	lap_d/3_dat/2101312_Statue of liberty.lap	.lap
001712	2501	lap_d/3_dat/2101313_Kremlin.lap	.lap
001713	2501	lap_d/3_dat/2101314_Arc de triumph.lap	.lap
001714	2501	lap_d/3_dat/2101315_Sagradafamilia.lap	.lap
001715	2501	lap_d/3_dat/2101317_Japanese landscape.lap	.lap
001716	2501	lap_d/3_dat/2101404_Fisherman.lap	.lap
001717	2051	lap_d/3_dat/2101614_Fisherman.lap	.lap
001718	1626	lap_d/3_dat/2101711_Surfing.lap	.lap
001719	1626	lap_d/3_dat/2101712_Mermaid.lap	.lap
001720	2051	lap_d/3_dat/2101713_Fire truck.lap	.lap
001721	2051	lap_d/3_dat/2101714_Astronaut.lap	.lap
001722	1626	lap_d/3_dat/2101912_Kites.lap	.lap
001723	1626	lap_d/3_dat/2101913_Japanese woman.lap	.lap
001724	1626	lap_d/3_dat/2101914_Musician.lap	.lap
001725	2051	lap_d/3_dat/2101915_Folk dancing.lap	.lap
001726	2276	lap_d/3_dat/2101918_Setting Ikebana.lap	.lap
001727	1626	lap_d/3_dat/2102312_Surfer.lap	.lap
001728	1626	lap_d/3_dat/2102313_Roller coaster.lap	.lap
001729	2051	lap_d/3_dat/2102314_Diving.lap	.lap
001730	2501	lap_d/3_dat/2102401_Chinese wall.lap	.lap
001731	2501	lap_d/3_dat/2102403_Trees.lap	.lap
001732	2501	lap_d/3_dat/2102404_Castle.lap	.lap
001733	2501	lap_d/3_dat/2102405_Autumn.lap	.lap
001734	2501	lap_d/3_dat/2102407_Bridge.lap	.lap
001735	2501	lap_d/3_dat/2102408_Temple.lap	.lap
001736	2501	lap_d/3_dat/2102409_River.lap	.lap
001737	2501	lap_d/3_dat/2102410_Venice.lap	.lap
001738	2501	lap_d/3_dat/2102411_Tropical beach.lap	.lap
001739	2501	lap_d/3_dat/2102412_Desert.lap	.lap
001740	2501	lap_d/3_dat/2102414_Lake.lap	.lap
001741	2501	lap_d/3_dat/2102415_Pergamon.lap	.lap
001742	2501	lap_d/3_dat/2102416_Japanese castle.lap	.lap
001743	2501	lap_d/3_dat/2102418_Moai statues.lap	.lap
001744	2501	lap_d/3_dat/2102419_Greece.lap	.lap
001745	2501	lap_d/3_dat/2102420_Mountain road.lap	.lap
001746	1626	lap_d/3_dat/2102711_Mother & baby.lap	.lap
001747	1626	lap_d/3_dat/2102712_Injection.lap	.lap
001748	1626	lap_d/3_dat/2102713_Picnic.lap	.lap
001749	2051	lap_d/3_dat/2102714_Swans.lap	.lap
001750	2051	lap_d/3_dat/2102715_Lion.lap	.lap
001751	1626	lap_d/3_dat/2102813_Jester.lap	.lap
001752	2051	lap_d/3_dat/2102814_Zoo keeper.lap	.lap
001753	1626	lap_d/3_dat/2102911_Circus.lap	.lap
001754	1626	lap_d/3_dat/2102912_Party.lap	.lap
001755	1626	lap_d/3_dat/2103213_Dentist.lap	.lap
001756	1826	lap_d/3_dat/2103313_Shark.lap	.lap
001757	1826	lap_d/3_dat/2103314_Brushing teeth.lap	.lap
001758	1626	lap_d/3_dat/2103512_Girl with flowers.lap	.lap
001759	1626	lap_d/3_dat/2103513_Crab.lap	.lap
001760	2051	lap_d/3_dat/2103514_Judo.lap	.lap
001761	2051	lap_d/3_dat/2103515_Scooter.lap	.lap
001762	1626	lap_d/3_dat/2103708_Truck.lap	.lap
001763	1626	lap_d/3_dat/2103709_Climbing.lap	.lap
001764	1626	lap_d/3_dat/2103710_Seattle.lap	.lap
001765	2051	lap_d/3_dat/2103713_Harp.lap	.lap
001766	2051	lap_d/3_dat/2103914_Airplane.lap	.lap
001767	2276	lap_d/3_dat/2104203_Brandenburg Gate.lap	.lap
001768	2276	lap_d/3_dat/2104204_Falling Water.lap	.lap
001769	2276	lap_d/3_dat/2104206_Country.lap	.lap
001770	2276	lap_d/3_dat/2104208_Rock.lap	.lap
001771	2276	lap_d/3_dat/2104209_Forest.lap	.lap
001772	2276	lap_d/3_dat/2104210_Waterfall.lap	.lap
001773	2276	lap_d/3_dat/2104213_Castle.lap	.lap
001774	2276	lap_d/3_dat/2104215_Birches.lap	.lap
001775	2501	lap_d/3_dat/2104219_San Marco square.lap	.lap
001776	2501	lap_d/3_dat/2104220_Lighthouse of Pharos.lap	.lap
001777	1626	lap_d/3_dat/2105008_Tahitian.lap	.lap
001778	2276	lap_d/3_dat/2105114_Windy day.lap	.lap
001779	1626	lap_d/3_dat/2200308_Penguin.lap	.lap
001780	1826	lap_d/3_dat/2200310_Mother & baby.lap	.lap
001781	1626	lap_d/3_dat/2200408_Light.lap	.lap
001782	1826	lap_d/3_dat/2200507_Chicken.lap	.lap
001783	1826	lap_d/3_dat/2200508_Monkeys.lap	.lap
001784	1826	lap_d/3_dat/2200509_Japanese flower.lap	.lap
001785	1626	lap_d/3_dat/2200706_Cats & dogs.lap	.lap
001786	1626	lap_d/3_dat/2200708_Tennis.lap	.lap
001787	1826	lap_d/3_dat/2200807_Ladybug.lap	.lap
001788	1826	lap_d/3_dat/2201008_Quarrel.lap	.lap
001789	1626	lap_d/3_dat/2201107_Sumo.lap	.lap
001790	2526	lap_d/3_dat/2201113_Pizza.lap	.lap
001791	1826	lap_d/3_dat/2201206_Cheers.lap	.lap
001792	1826	lap_d/3_dat/2201207_Trumpet.lap	.lap
001793	1826	lap_d/3_dat/2201409_Bat.lap	.lap
001794	1826	lap_d/3_dat/2201510_Cranes.lap	.lap
001795	1626	lap_d/3_dat/2300108_Old couple.lap	.lap
001796	1826	lap_d/3_dat/2300206_Cows.lap	.lap
001797	1826	lap_d/3_dat/2300209_Shopping.lap	.lap
001798	1826	lap_d/3_dat/2300405_Swimming.lap	.lap
001799	1826	lap_d/3_dat/2300406_Leaping.lap	.lap
001800	1826	lap_d/3_dat/2300407_Street.lap	.lap
001801	1826	lap_d/3_dat/2300409_Blender.lap	.lap
001802	1826	lap_d/3_dat/2300507_Shaving.lap	.lap
001803	1826	lap_d/3_dat/2300509_Cleaning.lap	.lap
001804	1826	lap_d/3_dat/2300510_Caroling.lap	.lap
001805	1826	lap_d/3_dat/2300607_Tape recorder.lap	.lap
001806	1826	lap_d/3_dat/2300610_Hanging on tree.lap	.lap
001807	1626	lap_d/3_dat/2300707_Frog.lap	.lap
001808	1626	lap_d/3_dat/2300708_Basketball.lap	.lap
001809	1626	lap_d/3_dat/2300710_Doctor.lap	.lap
001810	1826	lap_d/3_dat/2300806_Birthday.lap	.lap
001811	1826	lap_d/3_dat/2300807_Sushi.lap	.lap
001812	1826	lap_d/3_dat/2300808_Neptune.lap	.lap
001813	1826	lap_d/3_dat/2300810_Girl.lap	.lap
001814	1826	lap_d/3_dat/2300908_Hawaiian souvenir.lap	.lap
001815	1826	lap_d/3_dat/2300909_Rock band.lap	.lap
001816	1626	lap_d/3_dat/2301209_Buddha.lap	.lap
001817	1826	lap_d/3_dat/2301310_Doctor.lap	.lap
001818	1826	lap_d/3_dat/2301407_Mount Fuji.lap	.lap
001819	1826	lap_d/3_dat/2301409_Cats and fireworks.lap	.lap
001820	2526	lap_d/4_dat/2001617_Movers.lap	.lap
001821	2526	lap_d/4_dat/2003617_X ray.lap	.lap
001822	2526	lap_d/4_dat/2101407_Jogger.lap	.lap
001823	2526	lap_d/4_dat/2101408_Horse rider.lap	.lap
001824	2526	lap_d/4_dat/2101409_Boxers.lap	.lap
001825	2776	lap_d/4_dat/2101411_Wind surfer.lap	.lap
001826	2776	lap_d/4_dat/2101412_Disk thrower.lap	.lap
001827	2776	lap_d/4_dat/2101413_Judo.lap	.lap
001828	2776	lap_d/4_dat/2101414_Sumo wrestlers.lap	.lap
001829	2776	lap_d/4_dat/2101415_Dancer.lap	.lap
001830	3026	lap_d/4_dat/2101417_Rodeo.lap	.lap
001831	3026	lap_d/4_dat/2101419_Basketball.lap	.lap
001832	2526	lap_d/4_dat/2101619_Cowboy.lap	.lap
001833	2276	lap_d/4_dat/2101716_Rally.lap	.lap
001834	2526	lap_d/4_dat/2101917_Three monkeys.lap	.lap
001835	2526	lap_d/4_dat/2102116_Nurse.lap	.lap
001836	2526	lap_d/4_dat/2102118_Fire fighter.lap	.lap
001837	2526	lap_d/4_dat/2102716_Reading.lap	.lap
001838	2526	lap_d/4_dat/2102816_At the pool.lap	.lap
001839	2526	lap_d/4_dat/2102817_Welder.lap	.lap
001840	2526	lap_d/4_dat/2103216_Hooray.lap	.lap
001841	2526	lap_d/4_dat/2103217_Climbing.lap	.lap
001842	2526	lap_d/4_dat/2103517_DNA.lap	.lap
001843	2526	lap_d/4_dat/2103518_At sea.lap	.lap
001844	2526	lap_d/4_dat/2103918_Archimedes.lap	.lap
001845	2526	lap_d/4_dat/2104117_Bridge.lap	.lap
001846	2276	lap_d/4_dat/2105113_MI6 HQ London.lap	.lap
001847	2526	lap_d/4_dat/2105116_Cockfight.lap	.lap
001848	2526	lap_d/4_dat/2105117_Serenade.lap	.lap
001849	2526	lap_d/4_dat/2200112_In the pub.lap	.lap
001850	2526	lap_d/4_dat/2200113_Crossing.lap	.lap
001851	2526	lap_d/4_dat/2200315_Winter.lap	.lap
001852	2776	lap_d/4_dat/2200414_Bedroom.lap	.lap
001853	2776	lap_d/4_dat/2200415_Motorbike.lap	.lap
001854	2776	lap_d/4_dat/2200513_Big Ben.lap	.lap
001855	2526	lap_d/4_dat/2200611_Fireworks.lap	.lap
001856	2526	lap_d/4_dat/2200615_Space shuttle.lap	.lap
001857	2776	lap_d/4_dat/2200815_Temple.lap	.lap
001858	2776	lap_d/4_dat/2201014_Fisherman.lap	.lap
001859	2526	lap_d/4_dat/2201112_Wolf.lap	.lap
001860	2526	lap_d/4_dat/2201114_Mirror.lap	.lap
001861	3051	lap_d/4_dat/2201116_Presidents.lap	.lap
001862	2776	lap_d/4_dat/2201215_Sloth.lap	.lap
001863	2776	lap_d/4_dat/2201511_Fishing.lap	.lap
001864	2526	lap_d/4_dat/2300112_Car race.lap	.lap
001865	2776	lap_d/4_dat/2300212_Cat.lap	.lap
001866	2776	lap_d/4_dat/2300213_Vietnamese.lap	.lap
001867	2776	lap_d/4_dat/2300214_Soccer player.lap	.lap
001868	2776	lap_d/4_dat/2300215_Hair salon.lap	.lap
001869	2776	lap_d/4_dat/2300410_Chemist.lap	.lap
001870	2776	lap_d/4_dat/2300413_Ship.lap	.lap
001871	2526	lap_d/4_dat/2300511_Dancer.lap	.lap
001872	2526	lap_d/4_dat/2300513_Eskimo.lap	.lap
001873	2776	lap_d/4_dat/2300615_Golden fish.lap	.lap
001874	2776	lap_d/4_dat/2300711_Car.lap	.lap
001875	2776	lap_d/4_dat/2300811_Bird.lap	.lap
001876	2776	lap_d/4_dat/2300814_Cactus.lap	.lap
001877	2526	lap_d/4_dat/2301211_Ice skating.lap	.lap
001878	2776	lap_d/4_dat/2301412_Rocket.lap	.lap
001879	2776	lap_d/4_dat/2301415_Hindu god.lap	.lap
001880	4076	lap_d/5_dat/2001319_Knight.lap	.lap
001881	4076	lap_d/5_dat/2001419_Wagon.lap	.lap
001882	4076	lap_d/5_dat/2001719_Evolution.lap	.lap
001883	4076	lap_d/5_dat/2001819_Sport car.lap	.lap
001884	4076	lap_d/5_dat/2001919_United states.lap	.lap
001885	4076	lap_d/5_dat/2101620_Accident.lap	.lap
001886	4076	lap_d/5_dat/2101720_Racetrack.lap	.lap
001887	4076	lap_d/5_dat/2102719_Soccer.lap	.lap
001888	4076	lap_d/5_dat/2103219_Puncture.lap	.lap
001889	4076	lap_d/5_dat/2103519_Japanese bridge.lap	.lap
001890	4076	lap_d/5_dat/2103719_Robot.lap	.lap
001891	4076	lap_d/5_dat/2103919_Noah's ark.lap	.lap
001892	4076	lap_d/5_dat/2104120_Elephants.lap	.lap
001893	3226	lap_d/5_dat/2104318_Washington's house.lap	.lap
001894	4076	lap_d/5_dat/2104319_Christmas.lap	.lap
001895	3226	lap_d/5_dat/2105018_Couple.lap	.lap
001896	4076	lap_d/5_dat/2105019_Marching band.lap	.lap
001897	4076	lap_d/5_dat/2105119_Ancient world.lap	.lap
001898	4076	lap_d/5_dat/2105319_Frog.lap	.lap
001899	3626	lap_d/5_dat/2200116_Ice skating.lap	.lap
001900	3626	lap_d/5_dat/2200316_Fireman.lap	.lap
001901	3626	lap_d/5_dat/2200317_Karate.lap	.lap
001902	3926	lap_d/5_dat/2200518_Moscow.lap	.lap
001903	3626	lap_d/5_dat/2201117_Bull.lap	.lap
001904	4251	lap_d/5_dat/2201119_Ship.lap	.lap
001905	4251	lap_d/5_dat/2201120_Albert Einstein.lap	.lap
001906	3926	lap_d/5_dat/2201218_African.lap	.lap
001907	3926	lap_d/5_dat/2201220_Arab.lap	.lap
001908	3926	lap_d/5_dat/2201518_Dancers.lap	.lap
001909	3926	lap_d/5_dat/2300118_At the beach.lap	.lap
001910	3926	lap_d/5_dat/2300119_Choir.lap	.lap
001911	3926	lap_d/5_dat/2300216_Birds.lap	.lap
001912	3926	lap_d/5_dat/2300220_Jack & the beanstalk.lap	.lap
001913	3326	lap_d/5_dat/2300416_Rabbits.lap	.lap
001914	3926	lap_d/5_dat/2300419_Dragon.lap	.lap
001915	3926	lap_d/5_dat/2300518_Chess.lap	.lap
001916	3926	lap_d/5_dat/2300520_Violin.lap	.lap
001917	3926	lap_d/5_dat/2300719_Crab.lap	.lap
001918	3926	lap_d/5_dat/2300816_Road.lap	.lap
001919	3926	lap_d/5_dat/2300819_Bird.lap	.lap
001920	3926	lap_d/5_dat/2300917_Casa Mila.lap	.lap
001921	3926	lap_d/5_dat/2300918_Street.lap	.lap
001922	3926	lap_d/5_dat/2301317_Around the world.lap	.lap
001923	3926	lap_d/5_dat/2301418_Lake.lap	.lap
001924	3926	lap_d/5_dat/2301419_Bird shop.lap	.lap
001925	51	lap_d/tutorial/tu_lap_00.lap	.lap
001926	51	lap_d/tutorial/tu_lap_01.lap	.lap
001927	51	lap_d/tutorial/tu_lap_02.lap	.lap
001928	75	lap_d/tutorial/tu_lap_03.lap	.lap
001929	51	lap_d/tutorial/tu_lap_04.lap	.lap
001930	75	lap_d/tutorial/tu_lap_05.lap	.lap
001931	75	lap_d/tutorial/tu_lap_06.lap	.lap
001932	131	main/w_button.NANR	.nanr
001933	127	main/w_button.NCER	.ncer
001934	816	main/w_button.NCGR	.ncgr
001935	552	main/w_button.NCLR	.nclr
001936	552	main/window.NCLR	.nclr
001937	552	main/window_bk.NCLR	.nclr
001938	1088	main/window_bkF.NCGR	.ncgr
001939	72	main/window_bkf.nclr	.nclr
001940	2084	main/window_bkF.NSCR	.nscr
001941	3136	main/windowF.NCGR	.ncgr
001942	72	main/windowf.nclr	.nclr
001943	2084	main/windowF.NSCR	.nscr
001944	552	map/bg_map.NCLR	.nclr
001945	24024	map/bg_map_LZ.bin	.bin
001946	103	map/clear.NCER	.ncer
001947	1072	map/clear.NCGR	.ncgr
001948	90	map/clear.NCLR	.nclr
001949	279	map/curs.NCER	.ncer
001950	1840	map/curs.NCGR	.ncgr
001951	90	map/curs.NCLR	.nclr
001952	171	map/curs2.NCER	.ncer
001953	1072	map/curs2.NCGR	.ncgr
001954	104	map/curs2.nclr	.nclr
001955	123	map/go_opt.NCER	.ncer
001956	2096	map/go_opt.NCGR	.ncgr
001957	1572	map/map_BG_ue.NSCR	.nscr
001958	552	map/map_parts.NCLR	.nclr
001959	828	map/map_partsf_LZ.bin	.bin
001960	552	map/map_waku.NCLR	.nclr
001961	4160	map/map_wakuf.NCGR	.ncgr
001962	1572	map/map_wakuf.NSCR	.nscr
001963	2084	map/map_wakuf2.NSCR	.nscr
001964	127	map/X123.NCER	.ncer
001965	816	map/X123.NCGR	.ncgr
001966	552	map/X123.NCLR	.nclr
001967	548	map_comp/m001.NSCR	.nscr
001968	1104	map_comp/m001_LZ.bin	.bin
001969	72	map_comp/m001_pc.NCLR	.nclr
001970	1056	map_comp/m002_LZ.bin	.bin
001971	72	map_comp/m002_pc.NCLR	.nclr
001972	1168	map_comp/m003_LZ.bin	.bin
001973	72	map_comp/m003_pc.NCLR	.nclr
001974	1128	map_comp/m004_LZ.bin	.bin
001975	72	map_comp/m004_pc.NCLR	.nclr
001976	1108	map_comp/m005_LZ.bin	.bin
001977	72	map_comp/m005_pc.NCLR	.nclr
001978	1164	map_comp/m006_LZ.bin	.bin
001979	72	map_comp/m006_pc.NCLR	.nclr
001980	1216	map_comp/m007_LZ.bin	.bin
001981	72	map_comp/m007_pc.NCLR	.nclr
001982	1148	map_comp/m008_LZ.bin	.bin
001983	72	map_comp/m008_pc.NCLR	.nclr
001984	1100	map_comp/m009_LZ.bin	.bin
001985	72	map_comp/m009_pc.NCLR	.nclr
001986	1204	map_comp/m010_LZ.bin	.bin
001987	72	map_comp/m010_pc.NCLR	.nclr
001988	1988	map_comp/m011_LZ.bin	.bin
001989	72	map_comp/m011_pc.NCLR	.nclr
001990	1160	map_comp/m012_LZ.bin	.bin
001991	72	map_comp/m012_pc.NCLR	.nclr
001992	1104	map_comp/m013_LZ.bin	.bin
001993	72	map_comp/m013_pc.NCLR	.nclr
001994	1140	map_comp/m014_LZ.bin	.bin
001995	72	map_comp/m014_pc.NCLR	.nclr
001996	1156	map_comp/m015_LZ.bin	.bin
001997	72	map_comp/m015_pc.NCLR	.nclr
001998	1168	map_comp/m016_LZ.bin	.bin
001999	72	map_comp/m016_pc.NCLR	.nclr
002000	1220	map_comp/m017_LZ.bin	.bin
002001	72	map_comp/m017_pc.NCLR	.nclr
002002	1160	map_comp/m018_LZ.bin	.bin
002003	72	map_comp/m018_pc.NCLR	.nclr
002004	1172	map_comp/m019_LZ.bin	.bin
002005	72	map_comp/m019_pc.NCLR	.nclr
002006	1076	map_comp/m020_LZ.bin	.bin
002007	72	map_comp/m020_pc.NCLR	.nclr
002008	1200	map_comp/m021_LZ.bin	.bin
002009	72	map_comp/m021_pc.NCLR	.nclr
002010	1164	map_comp/m022_LZ.bin	.bin
002011	72	map_comp/m022_pc.NCLR	.nclr
002012	1144	map_comp/m023_LZ.bin	.bin
002013	72	map_comp/m023_pc.NCLR	.nclr
002014	1096	map_comp/m024_LZ.bin	.bin
002015	72	map_comp/m024_pc.NCLR	.nclr
002016	1148	map_comp/m025_LZ.bin	.bin
002017	72	map_comp/m025_pc.NCLR	.nclr
002018	1104	map_comp/m026_LZ.bin	.bin
002019	72	map_comp/m026_pc.NCLR	.nclr
002020	1176	map_comp/m027_LZ.bin	.bin
002021	72	map_comp/m027_pc.NCLR	.nclr
002022	1124	map_comp/m028_LZ.bin	.bin
002023	72	map_comp/m028_pc.NCLR	.nclr
002024	1252	map_comp/m029_LZ.bin	.bin
002025	72	map_comp/m029_pc.NCLR	.nclr
002026	1120	map_comp/m030_LZ.bin	.bin
002027	72	map_comp/m030_pc.NCLR	.nclr
002028	1168	map_comp/m031_LZ.bin	.bin
002029	72	map_comp/m031_pc.NCLR	.nclr
002030	1148	map_comp/m032_LZ.bin	.bin
002031	72	map_comp/m032_pc.NCLR	.nclr
002032	1116	map_comp/m033_LZ.bin	.bin
002033	72	map_comp/m033_pc.NCLR	.nclr
002034	1152	map_comp/m034_LZ.bin	.bin
002035	72	map_comp/m034_pc.NCLR	.nclr
002036	1076	map_comp/m035_LZ.bin	.bin
002037	72	map_comp/m035_pc.NCLR	.nclr
002038	1144	map_comp/m036_LZ.bin	.bin
002039	72	map_comp/m036_pc.NCLR	.nclr
002040	1268	map_comp/m037_LZ.bin	.bin
002041	72	map_comp/m037_pc.NCLR	.nclr
002042	1264	map_comp/m038_LZ.bin	.bin
002043	72	map_comp/m038_pc.NCLR	.nclr
002044	1128	map_comp/m039_LZ.bin	.bin
002045	72	map_comp/m039_pc.NCLR	.nclr
002046	1080	map_comp/m040_LZ.bin	.bin
002047	72	map_comp/m040_pc.NCLR	.nclr
002048	1492	map_comp/m041_LZ.bin	.bin
002049	72	map_comp/m041_pc.NCLR	.nclr
002050	1104	map_comp/m042_LZ.bin	.bin
002051	72	map_comp/m042_pc.NCLR	.nclr
002052	1080	map_comp/m043_LZ.bin	.bin
002053	72	map_comp/m043_pc.NCLR	.nclr
002054	1148	map_comp/m044_LZ.bin	.bin
002055	72	map_comp/m044_pc.NCLR	.nclr
002056	1284	map_comp/m045_LZ.bin	.bin
002057	72	map_comp/m045_pc.NCLR	.nclr
002058	1208	map_comp/m046_LZ.bin	.bin
002059	72	map_comp/m046_pc.NCLR	.nclr
002060	1132	map_comp/m047_LZ.bin	.bin
002061	72	map_comp/m047_pc.NCLR	.nclr
002062	1196	map_comp/m048_LZ.bin	.bin
002063	72	map_comp/m048_pc.NCLR	.nclr
002064	1164	map_comp/m049_LZ.bin	.bin
002065	72	map_comp/m049_pc.NCLR	.nclr
002066	1180	map_comp/m050_LZ.bin	.bin
002067	72	map_comp/m050_pc.NCLR	.nclr
002068	1232	map_comp/m051_LZ.bin	.bin
002069	72	map_comp/m051_pc.NCLR	.nclr
002070	1392	map_comp/m052_LZ.bin	.bin
002071	72	map_comp/m052_pc.NCLR	.nclr
002072	1224	map_comp/m053_LZ.bin	.bin
002073	72	map_comp/m053_pc.NCLR	.nclr
002074	1240	map_comp/m054_LZ.bin	.bin
002075	72	map_comp/m054_pc.NCLR	.nclr
002076	1276	map_comp/m055_LZ.bin	.bin
002077	72	map_comp/m055_pc.NCLR	.nclr
002078	1232	map_comp/m056_LZ.bin	.bin
002079	72	map_comp/m056_pc.NCLR	.nclr
002080	1216	map_comp/m057_LZ.bin	.bin
002081	72	map_comp/m057_pc.NCLR	.nclr
002082	1352	map_comp/m058_LZ.bin	.bin
002083	72	map_comp/m058_pc.NCLR	.nclr
002084	1548	map_comp/m059_LZ.bin	.bin
002085	72	map_comp/m059_pc.NCLR	.nclr
002086	1144	map_comp/m060_LZ.bin	.bin
002087	72	map_comp/m060_pc.NCLR	.nclr
002088	1144	map_comp/m061_LZ.bin	.bin
002089	72	map_comp/m061_pc.NCLR	.nclr
002090	1220	map_comp/m062_LZ.bin	.bin
002091	72	map_comp/m062_pc.NCLR	.nclr
002092	1452	map_comp/m063_LZ.bin	.bin
002093	72	map_comp/m063_pc.NCLR	.nclr
002094	1240	map_comp/m064_LZ.bin	.bin
002095	72	map_comp/m064_pc.NCLR	.nclr
002096	1384	map_comp/m065_LZ.bin	.bin
002097	72	map_comp/m065_pc.NCLR	.nclr
002098	1232	map_comp/m066_LZ.bin	.bin
002099	72	map_comp/m066_pc.NCLR	.nclr
002100	1176	map_comp/m067_LZ.bin	.bin
002101	72	map_comp/m067_pc.NCLR	.nclr
002102	1140	map_comp/m068_LZ.bin	.bin
002103	72	map_comp/m068_pc.NCLR	.nclr
002104	1248	map_comp/m069_LZ.bin	.bin
002105	72	map_comp/m069_pc.NCLR	.nclr
002106	1256	map_comp/m070_LZ.bin	.bin
002107	72	map_comp/m070_pc.NCLR	.nclr
002108	1220	map_comp/m071_LZ.bin	.bin
002109	72	map_comp/m071_pc.NCLR	.nclr
002110	1188	map_comp/m072_LZ.bin	.bin
002111	72	map_comp/m072_pc.NCLR	.nclr
002112	1168	map_comp/m073_LZ.bin	.bin
002113	72	map_comp/m073_pc.NCLR	.nclr
002114	1076	map_comp/m074_LZ.bin	.bin
002115	72	map_comp/m074_pc.NCLR	.nclr
002116	1192	map_comp/m075_LZ.bin	.bin
002117	72	map_comp/m075_pc.NCLR	.nclr
002118	1096	map_comp/m076_LZ.bin	.bin
002119	72	map_comp/m076_pc.NCLR	.nclr
002120	1068	map_comp/m077_LZ.bin	.bin
002121	72	map_comp/m077_pc.NCLR	.nclr
002122	1108	map_comp/m078_LZ.bin	.bin
002123	72	map_comp/m078_pc.NCLR	.nclr
002124	1072	map_comp/m079_LZ.bin	.bin
002125	72	map_comp/m079_pc.NCLR	.nclr
002126	1092	map_comp/m080_LZ.bin	.bin
002127	72	map_comp/m080_pc.NCLR	.nclr
002128	1092	map_comp/m081_LZ.bin	.bin
002129	72	map_comp/m081_pc.NCLR	.nclr
002130	1092	map_comp/m082_LZ.bin	.bin
002131	72	map_comp/m082_pc.NCLR	.nclr
002132	1088	map_comp/m083_LZ.bin	.bin
002133	72	map_comp/m083_pc.NCLR	.nclr
002134	1136	map_comp/m084_LZ.bin	.bin
002135	72	map_comp/m084_pc.NCLR	.nclr
002136	1172	map_comp/m085_LZ.bin	.bin
002137	72	map_comp/m085_pc.NCLR	.nclr
002138	1112	map_comp/m086_LZ.bin	.bin
002139	72	map_comp/m086_pc.NCLR	.nclr
002140	1068	map_comp/m087_LZ.bin	.bin
002141	72	map_comp/m087_pc.NCLR	.nclr
002142	1152	map_comp/m088_LZ.bin	.bin
002143	72	map_comp/m088_pc.NCLR	.nclr
002144	1220	map_comp/m089_LZ.bin	.bin
002145	72	map_comp/m089_pc.NCLR	.nclr
002146	1672	map_comp/m090_LZ.bin	.bin
002147	72	map_comp/m090_pc.NCLR	.nclr
002148	1212	map_comp/m091_LZ.bin	.bin
002149	72	map_comp/m091_pc.NCLR	.nclr
002150	1176	map_comp/m092_LZ.bin	.bin
002151	72	map_comp/m092_pc.NCLR	.nclr
002152	1104	map_comp/m093_LZ.bin	.bin
002153	72	map_comp/m093_pc.NCLR	.nclr
002154	1184	map_comp/m094_LZ.bin	.bin
002155	72	map_comp/m094_pc.NCLR	.nclr
002156	1112	map_comp/m095_LZ.bin	.bin
002157	72	map_comp/m095_pc.NCLR	.nclr
002158	1100	map_comp/m096_LZ.bin	.bin
002159	72	map_comp/m096_pc.NCLR	.nclr
002160	1112	map_comp/m097_LZ.bin	.bin
002161	72	map_comp/m097_pc.NCLR	.nclr
002162	1196	map_comp/m098_LZ.bin	.bin
002163	72	map_comp/m098_pc.NCLR	.nclr
002164	1128	map_comp/m099_LZ.bin	.bin
002165	72	map_comp/m099_pc.NCLR	.nclr
002166	1132	map_comp/m100_LZ.bin	.bin
002167	72	map_comp/m100_pc.NCLR	.nclr
002168	1740	map_comp/m101_LZ.bin	.bin
002169	72	map_comp/m101_pc.NCLR	.nclr
002170	1384	map_comp/m102_LZ.bin	.bin
002171	72	map_comp/m102_pc.NCLR	.nclr
002172	1328	map_comp/m103_LZ.bin	.bin
002173	72	map_comp/m103_pc.NCLR	.nclr
002174	1424	map_comp/m104_LZ.bin	.bin
002175	72	map_comp/m104_pc.NCLR	.nclr
002176	1332	map_comp/m105_LZ.bin	.bin
002177	72	map_comp/m105_pc.NCLR	.nclr
002178	1784	map_comp/m106_LZ.bin	.bin
002179	72	map_comp/m106_pc.NCLR	.nclr
002180	1252	map_comp/m107_LZ.bin	.bin
002181	72	map_comp/m107_pc.NCLR	.nclr
002182	1544	map_comp/m108_LZ.bin	.bin
002183	72	map_comp/m108_pc.NCLR	.nclr
002184	1808	map_comp/m109_LZ.bin	.bin
002185	72	map_comp/m109_pc.NCLR	.nclr
002186	1220	map_comp/m110_LZ.bin	.bin
002187	72	map_comp/m110_pc.NCLR	.nclr
002188	1396	map_comp/m111_LZ.bin	.bin
002189	72	map_comp/m111_pc.NCLR	.nclr
002190	1768	map_comp/m112_LZ.bin	.bin
002191	72	map_comp/m112_pc.NCLR	.nclr
002192	1444	map_comp/m113_LZ.bin	.bin
002193	72	map_comp/m113_pc.NCLR	.nclr
002194	1480	map_comp/m114_LZ.bin	.bin
002195	72	map_comp/m114_pc.NCLR	.nclr
002196	1384	map_comp/m115_LZ.bin	.bin
002197	72	map_comp/m115_pc.NCLR	.nclr
002198	1356	map_comp/m116_LZ.bin	.bin
002199	72	map_comp/m116_pc.NCLR	.nclr
002200	1384	map_comp/m117_LZ.bin	.bin
002201	72	map_comp/m117_pc.NCLR	.nclr
002202	1348	map_comp/m118_LZ.bin	.bin
002203	72	map_comp/m118_pc.NCLR	.nclr
002204	1868	map_comp/m119_LZ.bin	.bin
002205	72	map_comp/m119_pc.NCLR	.nclr
002206	1604	map_comp/m120_LZ.bin	.bin
002207	72	map_comp/m120_pc.NCLR	.nclr
002208	1492	map_comp/m121_LZ.bin	.bin
002209	72	map_comp/m121_pc.NCLR	.nclr
002210	1348	map_comp/m122_LZ.bin	.bin
002211	72	map_comp/m122_pc.NCLR	.nclr
002212	1492	map_comp/m123_LZ.bin	.bin
002213	72	map_comp/m123_pc.NCLR	.nclr
002214	1360	map_comp/m124_LZ.bin	.bin
002215	72	map_comp/m124_pc.NCLR	.nclr
002216	1684	map_comp/m125_LZ.bin	.bin
002217	72	map_comp/m125_pc.NCLR	.nclr
002218	1320	map_comp/m126_LZ.bin	.bin
002219	72	map_comp/m126_pc.NCLR	.nclr
002220	1424	map_comp/m127_LZ.bin	.bin
002221	72	map_comp/m127_pc.NCLR	.nclr
002222	1820	map_comp/m128_LZ.bin	.bin
002223	72	map_comp/m128_pc.NCLR	.nclr
002224	1376	map_comp/m129_LZ.bin	.bin
002225	72	map_comp/m129_pc.NCLR	.nclr
002226	1400	map_comp/m130_LZ.bin	.bin
002227	72	map_comp/m130_pc.NCLR	.nclr
002228	1724	map_comp/m131_LZ.bin	.bin
002229	72	map_comp/m131_pc.NCLR	.nclr
002230	1524	map_comp/m132_LZ.bin	.bin
002231	72	map_comp/m132_pc.NCLR	.nclr
002232	1624	map_comp/m133_LZ.bin	.bin
002233	72	map_comp/m133_pc.NCLR	.nclr
002234	1692	map_comp/m134_LZ.bin	.bin
002235	72	map_comp/m134_pc.NCLR	.nclr
002236	1824	map_comp/m135_LZ.bin	.bin
002237	72	map_comp/m135_pc.NCLR	.nclr
002238	1660	map_comp/m136_LZ.bin	.bin
002239	72	map_comp/m136_pc.NCLR	.nclr
002240	1468	map_comp/m137_LZ.bin	.bin
002241	72	map_comp/m137_pc.NCLR	.nclr
002242	1340	map_comp/m138_LZ.bin	.bin
002243	72	map_comp/m138_pc.NCLR	.nclr
002244	1832	map_comp/m139_LZ.bin	.bin
002245	72	map_comp/m139_pc.NCLR	.nclr
002246	1488	map_comp/m140_LZ.bin	.bin
002247	72	map_comp/m140_pc.NCLR	.nclr
002248	1764	map_comp/m141_LZ.bin	.bin
002249	72	map_comp/m141_pc.NCLR	.nclr
002250	1588	map_comp/m142_LZ.bin	.bin
002251	72	map_comp/m142_pc.NCLR	.nclr
002252	1604	map_comp/m143_LZ.bin	.bin
002253	72	map_comp/m143_pc.NCLR	.nclr
002254	1376	map_comp/m144_LZ.bin	.bin
002255	72	map_comp/m144_pc.NCLR	.nclr
002256	1560	map_comp/m145_LZ.bin	.bin
002257	72	map_comp/m145_pc.NCLR	.nclr
002258	1520	map_comp/m146_LZ.bin	.bin
002259	72	map_comp/m146_pc.NCLR	.nclr
002260	1480	map_comp/m147_LZ.bin	.bin
002261	72	map_comp/m147_pc.NCLR	.nclr
002262	1296	map_comp/m148_LZ.bin	.bin
002263	72	map_comp/m148_pc.NCLR	.nclr
002264	1512	map_comp/m149_LZ.bin	.bin
002265	72	map_comp/m149_pc.NCLR	.nclr
002266	1384	map_comp/m150_LZ.bin	.bin
002267	72	map_comp/m150_pc.NCLR	.nclr
002268	1608	map_comp/m151_LZ.bin	.bin
002269	72	map_comp/m151_pc.NCLR	.nclr
002270	1704	map_comp/m152_LZ.bin	.bin
002271	72	map_comp/m152_pc.NCLR	.nclr
002272	1524	map_comp/m153_LZ.bin	.bin
002273	72	map_comp/m153_pc.NCLR	.nclr
002274	1584	map_comp/m154_LZ.bin	.bin
002275	72	map_comp/m154_pc.NCLR	.nclr
002276	1512	map_comp/m155_LZ.bin	.bin
002277	72	map_comp/m155_pc.NCLR	.nclr
002278	1448	map_comp/m156_LZ.bin	.bin
002279	72	map_comp/m156_pc.NCLR	.nclr
002280	1544	map_comp/m157_LZ.bin	.bin
002281	72	map_comp/m157_pc.NCLR	.nclr
002282	1528	map_comp/m158_LZ.bin	.bin
002283	72	map_comp/m158_pc.NCLR	.nclr
002284	1664	map_comp/m159_LZ.bin	.bin
002285	72	map_comp/m159_pc.NCLR	.nclr
002286	1492	map_comp/m160_LZ.bin	.bin
002287	72	map_comp/m160_pc.NCLR	.nclr
002288	1320	map_comp/m161_LZ.bin	.bin
002289	72	map_comp/m161_pc.NCLR	.nclr
002290	1572	map_comp/m162_LZ.bin	.bin
002291	72	map_comp/m162_pc.NCLR	.nclr
002292	1696	map_comp/m163_LZ.bin	.bin
002293	72	map_comp/m163_pc.NCLR	.nclr
002294	1552	map_comp/m164_LZ.bin	.bin
002295	72	map_comp/m164_pc.NCLR	.nclr
002296	1828	map_comp/m165_LZ.bin	.bin
002297	72	map_comp/m165_pc.NCLR	.nclr
002298	1596	map_comp/m166_LZ.bin	.bin
002299	72	map_comp/m166_pc.NCLR	.nclr
002300	1656	map_comp/m167_LZ.bin	.bin
002301	72	map_comp/m167_pc.NCLR	.nclr
002302	1504	map_comp/m168_LZ.bin	.bin
002303	72	map_comp/m168_pc.NCLR	.nclr
002304	1400	map_comp/m169_LZ.bin	.bin
002305	72	map_comp/m169_pc.NCLR	.nclr
002306	1544	map_comp/m170_LZ.bin	.bin
002307	72	map_comp/m170_pc.NCLR	.nclr
002308	1336	map_comp/m171_LZ.bin	.bin
002309	72	map_comp/m171_pc.NCLR	.nclr
002310	1420	map_comp/m172_LZ.bin	.bin
002311	72	map_comp/m172_pc.NCLR	.nclr
002312	1376	map_comp/m173_LZ.bin	.bin
002313	72	map_comp/m173_pc.NCLR	.nclr
002314	1540	map_comp/m174_LZ.bin	.bin
002315	72	map_comp/m174_pc.NCLR	.nclr
002316	1500	map_comp/m175_LZ.bin	.bin
002317	72	map_comp/m175_pc.NCLR	.nclr
002318	1588	map_comp/m176_LZ.bin	.bin
002319	72	map_comp/m176_pc.NCLR	.nclr
002320	1744	map_comp/m177_LZ.bin	.bin
002321	72	map_comp/m177_pc.NCLR	.nclr
002322	1440	map_comp/m178_LZ.bin	.bin
002323	72	map_comp/m178_pc.NCLR	.nclr
002324	1568	map_comp/m179_LZ.bin	.bin
002325	72	map_comp/m179_pc.NCLR	.nclr
002326	1296	map_comp/m180_LZ.bin	.bin
002327	72	map_comp/m180_pc.NCLR	.nclr
002328	1852	map_comp/m181_LZ.bin	.bin
002329	72	map_comp/m181_pc.NCLR	.nclr
002330	1888	map_comp/m182_LZ.bin	.bin
002331	72	map_comp/m182_pc.NCLR	.nclr
002332	1416	map_comp/m183_LZ.bin	.bin
002333	72	map_comp/m183_pc.NCLR	.nclr
002334	1308	map_comp/m184_LZ.bin	.bin
002335	72	map_comp/m184_pc.NCLR	.nclr
002336	1396	map_comp/m185_LZ.bin	.bin
002337	72	map_comp/m185_pc.NCLR	.nclr
002338	1408	map_comp/m186_LZ.bin	.bin
002339	72	map_comp/m186_pc.NCLR	.nclr
002340	1396	map_comp/m187_LZ.bin	.bin
002341	72	map_comp/m187_pc.NCLR	.nclr
002342	1332	map_comp/m188_LZ.bin	.bin
002343	72	map_comp/m188_pc.NCLR	.nclr
002344	1388	map_comp/m189_LZ.bin	.bin
002345	72	map_comp/m189_pc.NCLR	.nclr
002346	2148	map_comp/m190_LZ.bin	.bin
002347	72	map_comp/m190_pc.NCLR	.nclr
002348	1664	map_comp/m191_LZ.bin	.bin
002349	72	map_comp/m191_pc.NCLR	.nclr
002350	1500	map_comp/m192_LZ.bin	.bin
002351	72	map_comp/m192_pc.NCLR	.nclr
002352	1624	map_comp/m193_LZ.bin	.bin
002353	72	map_comp/m193_pc.NCLR	.nclr
002354	1384	map_comp/m194_LZ.bin	.bin
002355	72	map_comp/m194_pc.NCLR	.nclr
002356	1564	map_comp/m195_LZ.bin	.bin
002357	72	map_comp/m195_pc.NCLR	.nclr
002358	1808	map_comp/m196_LZ.bin	.bin
002359	72	map_comp/m196_pc.NCLR	.nclr
002360	1784	map_comp/m197_LZ.bin	.bin
002361	72	map_comp/m197_pc.NCLR	.nclr
002362	1512	map_comp/m198_LZ.bin	.bin
002363	72	map_comp/m198_pc.NCLR	.nclr
002364	1428	map_comp/m199_LZ.bin	.bin
002365	72	map_comp/m199_pc.NCLR	.nclr
002366	1820	map_comp/m200_LZ.bin	.bin
002367	72	map_comp/m200_pc.NCLR	.nclr
002368	1516	map_comp/m201_LZ.bin	.bin
002369	72	map_comp/m201_pc.NCLR	.nclr
002370	1384	map_comp/m202_LZ.bin	.bin
002371	72	map_comp/m202_pc.NCLR	.nclr
002372	1500	map_comp/m203_LZ.bin	.bin
002373	72	map_comp/m203_pc.NCLR	.nclr
002374	1620	map_comp/m204_LZ.bin	.bin
002375	72	map_comp/m204_pc.NCLR	.nclr
002376	1700	map_comp/m205_LZ.bin	.bin
002377	72	map_comp/m205_pc.NCLR	.nclr
002378	1468	map_comp/m206_LZ.bin	.bin
002379	72	map_comp/m206_pc.NCLR	.nclr
002380	1564	map_comp/m207_LZ.bin	.bin
002381	72	map_comp/m207_pc.NCLR	.nclr
002382	1728	map_comp/m208_LZ.bin	.bin
002383	72	map_comp/m208_pc.NCLR	.nclr
002384	1412	map_comp/m209_LZ.bin	.bin
002385	72	map_comp/m209_pc.NCLR	.nclr
002386	1764	map_comp/m210_LZ.bin	.bin
002387	72	map_comp/m210_pc.NCLR	.nclr
002388	1744	map_comp/m211_LZ.bin	.bin
002389	72	map_comp/m211_pc.NCLR	.nclr
002390	1572	map_comp/m212_LZ.bin	.bin
002391	72	map_comp/m212_pc.NCLR	.nclr
002392	1648	map_comp/m213_LZ.bin	.bin
002393	72	map_comp/m213_pc.NCLR	.nclr
002394	1704	map_comp/m214_LZ.bin	.bin
002395	72	map_comp/m214_pc.NCLR	.nclr
002396	1500	map_comp/m215_LZ.bin	.bin
002397	72	map_comp/m215_pc.NCLR	.nclr
002398	1912	map_comp/m216_LZ.bin	.bin
002399	72	map_comp/m216_pc.NCLR	.nclr
002400	1480	map_comp/m217_LZ.bin	.bin
002401	72	map_comp/m217_pc.NCLR	.nclr
002402	1336	map_comp/m218_LZ.bin	.bin
002403	72	map_comp/m218_pc.NCLR	.nclr
002404	1296	map_comp/m219_LZ.bin	.bin
002405	72	map_comp/m219_pc.NCLR	.nclr
002406	1840	map_comp/m220_LZ.bin	.bin
002407	72	map_comp/m220_pc.NCLR	.nclr
002408	1468	map_comp/m221_LZ.bin	.bin
002409	72	map_comp/m221_pc.NCLR	.nclr
002410	1288	map_comp/m222_LZ.bin	.bin
002411	72	map_comp/m222_pc.NCLR	.nclr
002412	1380	map_comp/m223_LZ.bin	.bin
002413	72	map_comp/m223_pc.NCLR	.nclr
002414	1480	map_comp/m224_LZ.bin	.bin
002415	72	map_comp/m224_pc.NCLR	.nclr
002416	1444	map_comp/m225_LZ.bin	.bin
002417	72	map_comp/m225_pc.NCLR	.nclr
002418	1568	map_comp/m226_LZ.bin	.bin
002419	72	map_comp/m226_pc.NCLR	.nclr
002420	1400	map_comp/m227_LZ.bin	.bin
002421	72	map_comp/m227_pc.NCLR	.nclr
002422	1408	map_comp/m228_LZ.bin	.bin
002423	72	map_comp/m228_pc.NCLR	.nclr
002424	1408	map_comp/m229_LZ.bin	.bin
002425	72	map_comp/m229_pc.NCLR	.nclr
002426	1368	map_comp/m230_LZ.bin	.bin
002427	72	map_comp/m230_pc.NCLR	.nclr
002428	1476	map_comp/m231_LZ.bin	.bin
002429	72	map_comp/m231_pc.NCLR	.nclr
002430	1452	map_comp/m232_LZ.bin	.bin
002431	72	map_comp/m232_pc.NCLR	.nclr
002432	1328	map_comp/m233_LZ.bin	.bin
002433	72	map_comp/m233_pc.NCLR	.nclr
002434	1348	map_comp/m234_LZ.bin	.bin
002435	72	map_comp/m234_pc.NCLR	.nclr
002436	1432	map_comp/m235_LZ.bin	.bin
002437	72	map_comp/m235_pc.NCLR	.nclr
002438	1380	map_comp/m236_LZ.bin	.bin
002439	72	map_comp/m236_pc.NCLR	.nclr
002440	1424	map_comp/m237_LZ.bin	.bin
002441	72	map_comp/m237_pc.NCLR	.nclr
002442	1360	map_comp/m238_LZ.bin	.bin
002443	72	map_comp/m238_pc.NCLR	.nclr
002444	1344	map_comp/m239_LZ.bin	.bin
002445	72	map_comp/m239_pc.NCLR	.nclr
002446	1396	map_comp/m240_LZ.bin	.bin
002447	72	map_comp/m240_pc.NCLR	.nclr
002448	1432	map_comp/m241_LZ.bin	.bin
002449	72	map_comp/m241_pc.NCLR	.nclr
002450	1416	map_comp/m242_LZ.bin	.bin
002451	72	map_comp/m242_pc.NCLR	.nclr
002452	1444	map_comp/m243_LZ.bin	.bin
002453	72	map_comp/m243_pc.NCLR	.nclr
002454	1476	map_comp/m244_LZ.bin	.bin
002455	72	map_comp/m244_pc.NCLR	.nclr
002456	1488	map_comp/m245_LZ.bin	.bin
002457	72	map_comp/m245_pc.NCLR	.nclr
002458	1596	map_comp/m246_LZ.bin	.bin
002459	72	map_comp/m246_pc.NCLR	.nclr
002460	1364	map_comp/m247_LZ.bin	.bin
002461	72	map_comp/m247_pc.NCLR	.nclr
002462	1544	map_comp/m248_LZ.bin	.bin
002463	72	map_comp/m248_pc.NCLR	.nclr
002464	1448	map_comp/m249_LZ.bin	.bin
002465	72	map_comp/m249_pc.NCLR	.nclr
002466	1644	map_comp/m250_LZ.bin	.bin
002467	72	map_comp/m250_pc.NCLR	.nclr
002468	1344	map_comp/m251_LZ.bin	.bin
002469	72	map_comp/m251_pc.NCLR	.nclr
002470	1384	map_comp/m252_LZ.bin	.bin
002471	72	map_comp/m252_pc.NCLR	.nclr
002472	1692	map_comp/m253_LZ.bin	.bin
002473	72	map_comp/m253_pc.NCLR	.nclr
002474	1564	map_comp/m254_LZ.bin	.bin
002475	72	map_comp/m254_pc.NCLR	.nclr
002476	1432	map_comp/m255_LZ.bin	.bin
002477	72	map_comp/m255_pc.NCLR	.nclr
002478	1704	map_comp/m256_LZ.bin	.bin
002479	72	map_comp/m256_pc.NCLR	.nclr
002480	1300	map_comp/m257_LZ.bin	.bin
002481	72	map_comp/m257_pc.NCLR	.nclr
002482	1456	map_comp/m258_LZ.bin	.bin
002483	72	map_comp/m258_pc.NCLR	.nclr
002484	1376	map_comp/m259_LZ.bin	.bin
002485	72	map_comp/m259_pc.NCLR	.nclr
002486	1808	map_comp/m260_LZ.bin	.bin
002487	72	map_comp/m260_pc.NCLR	.nclr
002488	1396	map_comp/m261_LZ.bin	.bin
002489	72	map_comp/m261_pc.NCLR	.nclr
002490	1412	map_comp/m262_LZ.bin	.bin
002491	72	map_comp/m262_pc.NCLR	.nclr
002492	1304	map_comp/m263_LZ.bin	.bin
002493	72	map_comp/m263_pc.NCLR	.nclr
002494	1392	map_comp/m264_LZ.bin	.bin
002495	72	map_comp/m264_pc.NCLR	.nclr
002496	1388	map_comp/m265_LZ.bin	.bin
002497	72	map_comp/m265_pc.NCLR	.nclr
002498	1524	map_comp/m266_LZ.bin	.bin
002499	72	map_comp/m266_pc.NCLR	.nclr
002500	1152	map_comp/m267_LZ.bin	.bin
002501	72	map_comp/m267_pc.NCLR	.nclr
002502	1260	map_comp/m268_LZ.bin	.bin
002503	72	map_comp/m268_pc.NCLR	.nclr
002504	1532	map_comp/m269_LZ.bin	.bin
002505	72	map_comp/m269_pc.NCLR	.nclr
002506	1896	map_comp/m270_LZ.bin	.bin
002507	72	map_comp/m270_pc.NCLR	.nclr
002508	1520	map_comp/m271_LZ.bin	.bin
002509	72	map_comp/m271_pc.NCLR	.nclr
002510	1216	map_comp/m272_LZ.bin	.bin
002511	72	map_comp/m272_pc.NCLR	.nclr
002512	1268	map_comp/m273_LZ.bin	.bin
002513	72	map_comp/m273_pc.NCLR	.nclr
002514	1204	map_comp/m274_LZ.bin	.bin
002515	72	map_comp/m274_pc.NCLR	.nclr
002516	1376	map_comp/m275_LZ.bin	.bin
002517	72	map_comp/m275_pc.NCLR	.nclr
002518	1464	map_comp/m276_LZ.bin	.bin
002519	72	map_comp/m276_pc.NCLR	.nclr
002520	1496	map_comp/m277_LZ.bin	.bin
002521	72	map_comp/m277_pc.NCLR	.nclr
002522	1820	map_comp/m278_LZ.bin	.bin
002523	72	map_comp/m278_pc.NCLR	.nclr
002524	1412	map_comp/m279_LZ.bin	.bin
002525	72	map_comp/m279_pc.NCLR	.nclr
002526	1660	map_comp/m280_LZ.bin	.bin
002527	72	map_comp/m280_pc.NCLR	.nclr
002528	1372	map_comp/m281_LZ.bin	.bin
002529	72	map_comp/m281_pc.NCLR	.nclr
002530	1292	map_comp/m282_LZ.bin	.bin
002531	72	map_comp/m282_pc.NCLR	.nclr
002532	1596	map_comp/m283_LZ.bin	.bin
002533	72	map_comp/m283_pc.NCLR	.nclr
002534	1444	map_comp/m284_LZ.bin	.bin
002535	72	map_comp/m284_pc.NCLR	.nclr
002536	1452	map_comp/m285_LZ.bin	.bin
002537	72	map_comp/m285_pc.NCLR	.nclr
002538	1752	map_comp/m286_LZ.bin	.bin
002539	72	map_comp/m286_pc.NCLR	.nclr
002540	2448	map_comp/m287_LZ.bin	.bin
002541	72	map_comp/m287_pc.NCLR	.nclr
002542	1568	map_comp/m288_LZ.bin	.bin
002543	72	map_comp/m288_pc.NCLR	.nclr
002544	1440	map_comp/m289_LZ.bin	.bin
002545	72	map_comp/m289_pc.NCLR	.nclr
002546	1508	map_comp/m290_LZ.bin	.bin
002547	72	map_comp/m290_pc.NCLR	.nclr
002548	1404	map_comp/m291_LZ.bin	.bin
002549	72	map_comp/m291_pc.NCLR	.nclr
002550	1864	map_comp/m292_LZ.bin	.bin
002551	72	map_comp/m292_pc.NCLR	.nclr
002552	1616	map_comp/m293_LZ.bin	.bin
002553	72	map_comp/m293_pc.NCLR	.nclr
002554	1580	map_comp/m294_LZ.bin	.bin
002555	72	map_comp/m294_pc.NCLR	.nclr
002556	1752	map_comp/m295_LZ.bin	.bin
002557	72	map_comp/m295_pc.NCLR	.nclr
002558	1448	map_comp/m296_LZ.bin	.bin
002559	72	map_comp/m296_pc.NCLR	.nclr
002560	1636	map_comp/m297_LZ.bin	.bin
002561	72	map_comp/m297_pc.NCLR	.nclr
002562	1612	map_comp/m298_LZ.bin	.bin
002563	72	map_comp/m298_pc.NCLR	.nclr
002564	1860	map_comp/m299_LZ.bin	.bin
002565	72	map_comp/m299_pc.NCLR	.nclr
002566	1460	map_comp/m300_LZ.bin	.bin
002567	72	map_comp/m300_pc.NCLR	.nclr
002568	1620	map_comp/m301_LZ.bin	.bin
002569	72	map_comp/m301_pc.NCLR	.nclr
002570	1468	map_comp/m302_LZ.bin	.bin
002571	72	map_comp/m302_pc.NCLR	.nclr
002572	1596	map_comp/m303_LZ.bin	.bin
002573	72	map_comp/m303_pc.NCLR	.nclr
002574	1268	map_comp/m304_LZ.bin	.bin
002575	72	map_comp/m304_pc.NCLR	.nclr
002576	1432	map_comp/m305_LZ.bin	.bin
002577	72	map_comp/m305_pc.NCLR	.nclr
002578	1528	map_comp/m306_LZ.bin	.bin
002579	72	map_comp/m306_pc.NCLR	.nclr
002580	1556	map_comp/m307_LZ.bin	.bin
002581	72	map_comp/m307_pc.NCLR	.nclr
002582	1672	map_comp/m308_LZ.bin	.bin
002583	72	map_comp/m308_pc.NCLR	.nclr
002584	1936	map_comp/m309_LZ.bin	.bin
002585	72	map_comp/m309_pc.NCLR	.nclr
002586	1548	map_comp/m310_LZ.bin	.bin
002587	72	map_comp/m310_pc.NCLR	.nclr
002588	1460	map_comp/m311_LZ.bin	.bin
002589	72	map_comp/m311_pc.NCLR	.nclr
002590	1264	map_comp/m312_LZ.bin	.bin
002591	72	map_comp/m312_pc.NCLR	.nclr
002592	1680	map_comp/m313_LZ.bin	.bin
002593	72	map_comp/m313_pc.NCLR	.nclr
002594	1356	map_comp/m314_LZ.bin	.bin
002595	72	map_comp/m314_pc.NCLR	.nclr
002596	1424	map_comp/m315_LZ.bin	.bin
002597	72	map_comp/m315_pc.NCLR	.nclr
002598	1588	map_comp/m316_LZ.bin	.bin
002599	72	map_comp/m316_pc.NCLR	.nclr
002600	1480	map_comp/m317_LZ.bin	.bin
002601	72	map_comp/m317_pc.NCLR	.nclr
002602	1488	map_comp/m318_LZ.bin	.bin
002603	72	map_comp/m318_pc.NCLR	.nclr
002604	1416	map_comp/m319_LZ.bin	.bin
002605	72	map_comp/m319_pc.NCLR	.nclr
002606	1504	map_comp/m320_LZ.bin	.bin
002607	72	map_comp/m320_pc.NCLR	.nclr
002608	1420	map_comp/m321_LZ.bin	.bin
002609	72	map_comp/m321_pc.NCLR	.nclr
002610	1484	map_comp/m322_LZ.bin	.bin
002611	72	map_comp/m322_pc.NCLR	.nclr
002612	1608	map_comp/m323_LZ.bin	.bin
002613	72	map_comp/m323_pc.NCLR	.nclr
002614	1556	map_comp/m324_LZ.bin	.bin
002615	72	map_comp/m324_pc.NCLR	.nclr
002616	1424	map_comp/m325_LZ.bin	.bin
002617	72	map_comp/m325_pc.NCLR	.nclr
002618	1360	map_comp/m326_LZ.bin	.bin
002619	72	map_comp/m326_pc.NCLR	.nclr
002620	1612	map_comp/m327_LZ.bin	.bin
002621	72	map_comp/m327_pc.NCLR	.nclr
002622	1428	map_comp/m328_LZ.bin	.bin
002623	72	map_comp/m328_pc.NCLR	.nclr
002624	1520	map_comp/m329_LZ.bin	.bin
002625	72	map_comp/m329_pc.NCLR	.nclr
002626	1328	map_comp/m330_LZ.bin	.bin
002627	72	map_comp/m330_pc.NCLR	.nclr
002628	1580	map_comp/m331_LZ.bin	.bin
002629	72	map_comp/m331_pc.NCLR	.nclr
002630	1512	map_comp/m332_LZ.bin	.bin
002631	72	map_comp/m332_pc.NCLR	.nclr
002632	1420	map_comp/m333_LZ.bin	.bin
002633	72	map_comp/m333_pc.NCLR	.nclr
002634	1428	map_comp/m334_LZ.bin	.bin
002635	72	map_comp/m334_pc.NCLR	.nclr
002636	1576	map_comp/m335_LZ.bin	.bin
002637	72	map_comp/m335_pc.NCLR	.nclr
002638	1556	map_comp/m336_LZ.bin	.bin
002639	72	map_comp/m336_pc.NCLR	.nclr
002640	1552	map_comp/m337_LZ.bin	.bin
002641	72	map_comp/m337_pc.NCLR	.nclr
002642	1500	map_comp/m338_LZ.bin	.bin
002643	72	map_comp/m338_pc.NCLR	.nclr
002644	1476	map_comp/m339_LZ.bin	.bin
002645	72	map_comp/m339_pc.NCLR	.nclr
002646	1500	map_comp/m340_LZ.bin	.bin
002647	72	map_comp/m340_pc.NCLR	.nclr
002648	1628	map_comp/m341_LZ.bin	.bin
002649	72	map_comp/m341_pc.NCLR	.nclr
002650	1508	map_comp/m342_LZ.bin	.bin
002651	72	map_comp/m342_pc.NCLR	.nclr
002652	1792	map_comp/m343_LZ.bin	.bin
002653	72	map_comp/m343_pc.NCLR	.nclr
002654	2104	map_comp/m344_LZ.bin	.bin
002655	72	map_comp/m344_pc.NCLR	.nclr
002656	1688	map_comp/m345_LZ.bin	.bin
002657	72	map_comp/m345_pc.NCLR	.nclr
002658	1364	map_comp/m346_LZ.bin	.bin
002659	72	map_comp/m346_pc.NCLR	.nclr
002660	1896	map_comp/m347_LZ.bin	.bin
002661	72	map_comp/m347_pc.NCLR	.nclr
002662	1936	map_comp/m348_LZ.bin	.bin
002663	72	map_comp/m348_pc.NCLR	.nclr
002664	1940	map_comp/m349_LZ.bin	.bin
002665	72	map_comp/m349_pc.NCLR	.nclr
002666	1760	map_comp/m350_LZ.bin	.bin
002667	72	map_comp/m350_pc.NCLR	.nclr
002668	2068	map_comp/m351_LZ.bin	.bin
002669	72	map_comp/m351_pc.NCLR	.nclr
002670	2372	map_comp/m352_LZ.bin	.bin
002671	72	map_comp/m352_pc.NCLR	.nclr
002672	1668	map_comp/m353_LZ.bin	.bin
002673	72	map_comp/m353_pc.NCLR	.nclr
002674	1844	map_comp/m354_LZ.bin	.bin
002675	72	map_comp/m354_pc.NCLR	.nclr
002676	1996	map_comp/m355_LZ.bin	.bin
002677	72	map_comp/m355_pc.NCLR	.nclr
002678	1640	map_comp/m356_LZ.bin	.bin
002679	72	map_comp/m356_pc.NCLR	.nclr
002680	1664	map_comp/m357_LZ.bin	.bin
002681	72	map_comp/m357_pc.NCLR	.nclr
002682	2204	map_comp/m358_LZ.bin	.bin
002683	72	map_comp/m358_pc.NCLR	.nclr
002684	2028	map_comp/m359_LZ.bin	.bin
002685	72	map_comp/m359_pc.NCLR	.nclr
002686	1868	map_comp/m360_LZ.bin	.bin
002687	72	map_comp/m360_pc.NCLR	.nclr
002688	1940	map_comp/m361_LZ.bin	.bin
002689	72	map_comp/m361_pc.NCLR	.nclr
002690	1896	map_comp/m362_LZ.bin	.bin
002691	72	map_comp/m362_pc.NCLR	.nclr
002692	1788	map_comp/m363_LZ.bin	.bin
002693	72	map_comp/m363_pc.NCLR	.nclr
002694	1760	map_comp/m364_LZ.bin	.bin
002695	72	map_comp/m364_pc.NCLR	.nclr
002696	1772	map_comp/m365_LZ.bin	.bin
002697	72	map_comp/m365_pc.NCLR	.nclr
002698	1736	map_comp/m366_LZ.bin	.bin
002699	72	map_comp/m366_pc.NCLR	.nclr
002700	1660	map_comp/m367_LZ.bin	.bin
002701	72	map_comp/m367_pc.NCLR	.nclr
002702	1604	map_comp/m368_LZ.bin	.bin
002703	72	map_comp/m368_pc.NCLR	.nclr
002704	1648	map_comp/m369_LZ.bin	.bin
002705	72	map_comp/m369_pc.NCLR	.nclr
002706	1720	map_comp/m370_LZ.bin	.bin
002707	72	map_comp/m370_pc.NCLR	.nclr
002708	1788	map_comp/m371_LZ.bin	.bin
002709	72	map_comp/m371_pc.NCLR	.nclr
002710	1912	map_comp/m372_LZ.bin	.bin
002711	72	map_comp/m372_pc.NCLR	.nclr
002712	1876	map_comp/m373_LZ.bin	.bin
002713	72	map_comp/m373_pc.NCLR	.nclr
002714	2056	map_comp/m374_LZ.bin	.bin
002715	72	map_comp/m374_pc.NCLR	.nclr
002716	1436	map_comp/m375_LZ.bin	.bin
002717	72	map_comp/m375_pc.NCLR	.nclr
002718	2204	map_comp/m376_LZ.bin	.bin
002719	72	map_comp/m376_pc.NCLR	.nclr
002720	2052	map_comp/m377_LZ.bin	.bin
002721	72	map_comp/m377_pc.NCLR	.nclr
002722	1864	map_comp/m378_LZ.bin	.bin
002723	72	map_comp/m378_pc.NCLR	.nclr
002724	1688	map_comp/m379_LZ.bin	.bin
002725	72	map_comp/m379_pc.NCLR	.nclr
002726	1708	map_comp/m380_LZ.bin	.bin
002727	72	map_comp/m380_pc.NCLR	.nclr
002728	2212	map_comp/m381_LZ.bin	.bin
002729	72	map_comp/m381_pc.NCLR	.nclr
002730	1808	map_comp/m382_LZ.bin	.bin
002731	72	map_comp/m382_pc.NCLR	.nclr
002732	2052	map_comp/m383_LZ.bin	.bin
002733	72	map_comp/m383_pc.NCLR	.nclr
002734	2616	map_comp/m384_LZ.bin	.bin
002735	72	map_comp/m384_pc.NCLR	.nclr
002736	2600	map_comp/m385_LZ.bin	.bin
002737	72	map_comp/m385_pc.NCLR	.nclr
002738	1900	map_comp/m386_LZ.bin	.bin
002739	72	map_comp/m386_pc.NCLR	.nclr
002740	1676	map_comp/m387_LZ.bin	.bin
002741	72	map_comp/m387_pc.NCLR	.nclr
002742	2192	map_comp/m388_LZ.bin	.bin
002743	72	map_comp/m388_pc.NCLR	.nclr
002744	1712	map_comp/m389_LZ.bin	.bin
002745	72	map_comp/m389_pc.NCLR	.nclr
002746	2024	map_comp/m390_LZ.bin	.bin
002747	72	map_comp/m390_pc.NCLR	.nclr
002748	1760	map_comp/m391_LZ.bin	.bin
002749	72	map_comp/m391_pc.NCLR	.nclr
002750	1732	map_comp/m392_LZ.bin	.bin
002751	72	map_comp/m392_pc.NCLR	.nclr
002752	2008	map_comp/m393_LZ.bin	.bin
002753	72	map_comp/m393_pc.NCLR	.nclr
002754	2156	map_comp/m394_LZ.bin	.bin
002755	72	map_comp/m394_pc.NCLR	.nclr
002756	1492	map_comp/m395_LZ.bin	.bin
002757	72	map_comp/m395_pc.NCLR	.nclr
002758	1784	map_comp/m396_LZ.bin	.bin
002759	72	map_comp/m396_pc.NCLR	.nclr
002760	1760	map_comp/m397_LZ.bin	.bin
002761	72	map_comp/m397_pc.NCLR	.nclr
002762	1548	map_comp/m398_LZ.bin	.bin
002763	72	map_comp/m398_pc.NCLR	.nclr
002764	2176	map_comp/m399_LZ.bin	.bin
002765	72	map_comp/m399_pc.NCLR	.nclr
002766	1472	map_comp/m400_LZ.bin	.bin
002767	72	map_comp/m400_pc.NCLR	.nclr
002768	806	map_d/4000101_Cat & mouse.map	.map
002769	806	map_d/4000103_Frog.map	.map
002770	1206	map_d/4000106_Airplane.map	.map
002771	1019	map_d/4000109_Eagle.map	.map
002772	1244	map_d/4000112_Ship.map	.map
002773	1244	map_d/4000114_Pharaoh.map	.map
002774	1506	map_d/4000115_Cowboy.map	.map
002775	2106	map_d/4000119_Bus.map	.map
002776	2406	map_d/4000120_Cannon.map	.map
002777	119	map_d/4000201_House.map	.map
002778	119	map_d/4000202_Cat.map	.map
002779	206	map_d/4000204_Wooden horse.map	.map
002780	256	map_d/4000206_Snail.map	.map
002781	306	map_d/4000207_Woodpecker.map	.map
002782	382	map_d/4000210_Dance.map	.map
002783	444	map_d/4000211_Microscope.map	.map
002784	444	map_d/4000215_Dog.map	.map
002785	456	map_d/4000216_Chameleon.map	.map
002786	456	map_d/4000217_Man.map	.map
002787	456	map_d/4000218_Mouse.map	.map
002788	531	map_d/4000219_Rider.map	.map
002789	619	map_d/4000302_Squirrel.map	.map
002790	619	map_d/4000306_Sheep.map	.map
002791	806	map_d/4000307_Angel.map	.map
002792	806	map_d/4000308_Dog.map	.map
002793	806	map_d/4000309_Joker.map	.map
002794	1019	map_d/4000312_Dolphin.map	.map
002795	1019	map_d/4000405_Gorilla.map	.map
002796	1019	map_d/4000407_Couple.map	.map
002797	1019	map_d/4000408_Firefighter.map	.map
002798	1206	map_d/4000412_Director.map	.map
002799	1206	map_d/4000413_Wedding.map	.map
002800	1469	map_d/4000414_Phone call.map	.map
002801	1469	map_d/4000416_Baseball.map	.map
002802	1756	map_d/4000418_Detective.map	.map
002803	206	map_d/4000502_Kettle.map	.map
002804	206	map_d/4000503_Birds.map	.map
002805	206	map_d/4000504_Rooster.map	.map
002806	319	map_d/4000506_Puppy.map	.map
002807	319	map_d/4000507_Camel.map	.map
002808	456	map_d/4000509_Cats.map	.map
002809	456	map_d/4000510_Monkeys.map	.map
002810	456	map_d/4000512_Peacock.map	.map
002811	619	map_d/4000513_Glider.map	.map
002812	806	map_d/4000518_Repair guy.map	.map
002813	806	map_d/4000519_Deer.map	.map
002814	806	map_d/4000520_Ballet.map	.map
002815	206	map_d/4000602_Swan.map	.map
002816	206	map_d/4000604_Frog.map	.map
002817	319	map_d/4000606_Carrots.map	.map
002818	319	map_d/4000607_Turtle.map	.map
002819	619	map_d/4000613_Baseball.map	.map
002820	619	map_d/4000614_Birds.map	.map
002821	619	map_d/4000615_Swinging.map	.map
002822	806	map_d/4000618_Sea horses.map	.map
002823	806	map_d/4000619_Genie.map	.map
002824	1019	map_d/4000704_Sheep.map	.map
002825	1019	map_d/4000706_Cats.map	.map
002826	1206	map_d/4000711_Gymnasts.map	.map
002827	1206	map_d/4000712_Juggler.map	.map
002828	1469	map_d/4000715_Ice scating.map	.map
002829	1469	map_d/4000717_Rooster fight.map	.map
002830	1756	map_d/4000718_Winged horse.map	.map
002831	2706	map_d/4000719_Cooks.map	.map
002832	206	map_d/4000802_Mushrooms.map	.map
002833	206	map_d/4000803_Bird.map	.map
002834	206	map_d/4000804_Lizard.map	.map
002835	206	map_d/4000805_Pot.map	.map
002836	206	map_d/4000807_Strawberries.map	.map
002837	319	map_d/4000809_Boots.map	.map
002838	319	map_d/4000816_Flower.map	.map
002839	456	map_d/4000818_Whale.map	.map
002840	456	map_d/4000820_Sea turtle.map	.map
002841	619	map_d/4000901_The thinker.map	.map
002842	806	map_d/4000905_Guitar player.map	.map
002843	1019	map_d/4000908_Captain.map	.map
002844	1019	map_d/4000910_Elf.map	.map
002845	1469	map_d/4000917_Statue of liberty.map	.map
002846	1469	map_d/4000918_Corcovado.map	.map
002847	1469	map_d/4000919_Rider.map	.map
002848	2706	map_d/4000920_Band.map	.map
002849	619	map_d/4001004_Desk.map	.map
002850	806	map_d/4001005_Wolf.map	.map
002851	806	map_d/4001006_Trees.map	.map
002852	1019	map_d/4001008_Weight lifter.map	.map
002853	1019	map_d/4001010_Cock & chick.map	.map
002854	1206	map_d/4001012_Mandolin & violin.map	.map
002855	1206	map_d/4001014_Boy & dog.map	.map
002856	1206	map_d/4001015_Birds.map	.map
002857	1469	map_d/4001016_Lady with umbrella.map	.map
002858	1469	map_d/4001017_Guitar player.map	.map
002859	2706	map_d/4001020_Sunbathing.map	.map
002860	206	map_d/4001102_Tractor.map	.map
002861	206	map_d/4001106_Hedgehog.map	.map
002862	206	map_d/4001107_Whale.map	.map
002863	319	map_d/4001110_Maple leaf.map	.map
002864	319	map_d/4001112_Mouse.map	.map
002865	456	map_d/4001119_Penguins.map	.map
002866	206	map_d/4001201_Anchor.map	.map
002867	206	map_d/4001202_Giraffe.map	.map
002868	206	map_d/4001204_Bow & arrow.map	.map
002869	319	map_d/4001211_Duck.map	.map
002870	319	map_d/4001212_See-saw.map	.map
002871	806	map_d/4001304_Hippo.map	.map
002872	1019	map_d/4001306_Bear.map	.map
002873	1019	map_d/4001307_Camel.map	.map
002874	1019	map_d/4001308_Castle.map	.map
002875	1019	map_d/4001311_Witch.map	.map
002876	1206	map_d/4001313_Fish.map	.map
002877	1206	map_d/4001315_Going home.map	.map
002878	1206	map_d/4001317_Wine & glass.map	.map
002879	1469	map_d/4001318_Mermaid.map	.map
002880	619	map_d/4001404_Strawberries.map	.map
002881	806	map_d/4001406_Octopus.map	.map
002882	1469	map_d/4001416_Balloon.map	.map
002883	1469	map_d/4001417_Birds.map	.map
002884	1469	map_d/4001419_Shopping.map	.map
002885	206	map_d/4001503_Eaten apple.map	.map
002886	206	map_d/4001504_Cut!.map	.map
002887	206	map_d/4001505_Bonfire.map	.map
002888	206	map_d/4001506_Tap.map	.map
002889	319	map_d/4001511_Vine.map	.map
002890	319	map_d/4001512_Diamond ring.map	.map
002891	456	map_d/4001517_Xmas tree.map	.map
002892	456	map_d/4001518_Snowman.map	.map
002893	456	map_d/4001519_Toucan.map	.map
002894	206	map_d/4001601_Dog.map	.map
002895	206	map_d/4001607_Scales.map	.map
002896	319	map_d/4001614_Pram.map	.map
002897	319	map_d/4001615_Wine.map	.map
002898	456	map_d/4001616_Horse.map	.map
002899	456	map_d/4001619_Fishing.map	.map
002900	456	map_d/4001620_Walking with dog.map	.map
002901	619	map_d/4001702_Flowerpot.map	.map
002902	806	map_d/4001706_Running.map	.map
002903	806	map_d/4001707_Walking with baby.map	.map
002904	1019	map_d/4001709_Honey sucker.map	.map
002905	1019	map_d/4001711_Sitting.map	.map
002906	1019	map_d/4001713_Girl.map	.map
002907	1206	map_d/4001714_Crane.map	.map
002908	1206	map_d/4001715_Ostrich.map	.map
002909	1206	map_d/4001716_Penguin.map	.map
002910	1469	map_d/4001717_Gramophone.map	.map
002911	1469	map_d/4001718_House.map	.map
002912	1469	map_d/4001719_Netherlands.map	.map
002913	2706	map_d/4001720_Watering.map	.map
002914	206	map_d/4001801_Chicken.map	.map
002915	206	map_d/4001802_Duck.map	.map
002916	206	map_d/4001803_Ski.map	.map
002917	206	map_d/4001806_Piano player.map	.map
002918	206	map_d/4001807_Fish.map	.map
002919	206	map_d/4001808_Ninja.map	.map
002920	319	map_d/4001809_Lamp.map	.map
002921	319	map_d/4001810_Guitarist.map	.map
002922	319	map_d/4001812_Beach.map	.map
002923	456	map_d/4001816_Camel.map	.map
002924	456	map_d/4001818_Fishing.map	.map
002925	456	map_d/4001819_Torte.map	.map
002926	456	map_d/4001820_Butterfly.map	.map
002927	206	map_d/4001901_Flag.map	.map
002928	206	map_d/4001905_Seal.map	.map
002929	319	map_d/4001911_Trumpet.map	.map
002930	319	map_d/4001912_Hand.map	.map
002931	319	map_d/4001913_Spider.map	.map
002932	456	map_d/4001917_Dancers.map	.map
002933	619	map_d/4002002_Dumbbells.map	.map
002934	619	map_d/4002003_Butterfly.map	.map
002935	619	map_d/4002004_Ram.map	.map
002936	806	map_d/4002006_Flower arrangement.map	.map
002937	806	map_d/4002008_Old woman.map	.map
002938	1019	map_d/4002009_Man on carpet.map	.map
002939	1206	map_d/4002014_Bull.map	.map
002940	619	map_d/4002101_Bird.map	.map
002941	619	map_d/4002102_Panda.map	.map
002942	806	map_d/4002105_Frogs.map	.map
002943	806	map_d/4002106_Painter.map	.map
002944	1019	map_d/4002108_Dancer.map	.map
002945	1019	map_d/4002110_Donkey.map	.map
002946	1019	map_d/4002112_Father.map	.map
002947	1206	map_d/4002115_Waitress.map	.map
002948	1469	map_d/4002118_Souter lighthouse.map	.map
002949	806	map_d/4002208_Bird watching.map	.map
002950	806	map_d/4002209_Candy.map	.map
002951	1019	map_d/4002213_Whale.map	.map
002952	1206	map_d/4002216_Couple.map	.map
002953	1206	map_d/4002217_Clown.map	.map
002954	2706	map_d/4002220_Princess & dwarfs.map	.map
002955	206	map_d/4002304_Ice cream.map	.map
002956	319	map_d/4002313_Kangaroo.map	.map
002957	319	map_d/4002315_Watermelon.map	.map
002958	456	map_d/4002319_Gong.map	.map
002959	206	map_d/4002403_Aquarium.map	.map
002960	319	map_d/4002412_Cherries.map	.map
002961	319	map_d/4002413_Warrior.map	.map
002962	319	map_d/4002415_Wheelbarrow.map	.map
002963	456	map_d/4002418_Windmill.map	.map
002964	456	map_d/4002419_Airplane.map	.map
002965	619	map_d/4002501_Deer.map	.map
002966	619	map_d/4002503_Telephone.map	.map
002967	1019	map_d/4002508_Rodeo.map	.map
002968	1019	map_d/4002509_Karate.map	.map
002969	1019	map_d/4002512_Ship.map	.map
002970	1206	map_d/4002514_Eskimo.map	.map
002971	1206	map_d/4002516_Balloon vendor.map	.map
002972	1469	map_d/4002517_Cellist.map	.map
002973	1469	map_d/4002518_Trojan Horse.map	.map
002974	1469	map_d/4002519_Elephant.map	.map
002975	806	map_d/4002606_Desk.map	.map
002976	1206	map_d/4002614_Beer.map	.map
002977	1206	map_d/4002615_Hindu god.map	.map
002978	1206	map_d/4002616_Juggler.map	.map
002979	1469	map_d/4002619_Doctor & patient.map	.map
002980	2706	map_d/4002620_Castle.map	.map
002981	206	map_d/4002701_Scissors.map	.map
002982	319	map_d/4002713_Cat on a tree.map	.map
002983	456	map_d/4002716_Chef.map	.map
002984	456	map_d/4002719_Weight lifter.map	.map
002985	319	map_d/4002804_Fish.map	.map
002986	619	map_d/4002810_Hockey.map	.map
002987	619	map_d/4002811_Gramophone.map	.map
002988	806	map_d/4002812_Doctor & patient.map	.map
002989	806	map_d/4002815_Acrobat.map	.map
002990	319	map_d/4002901_Shark.map	.map
002991	319	map_d/4002904_Teapot.map	.map
002992	319	map_d/4002905_Violin.map	.map
002993	619	map_d/4002908_Ski.map	.map
002994	619	map_d/4002910_Ship.map	.map
002995	1206	map_d/4002918_Raking leaves.map	.map
002996	319	map_d/4003005_Cake.map	.map
002997	619	map_d/4003006_Clown.map	.map
002998	806	map_d/4003013_Masks.map	.map
002999	806	map_d/4003015_Easter Island statues.map	.map
003000	1206	map_d/4003017_Feeding birds.map	.map
003001	1019	map_d/4100105_G Washington.map	.map
003002	1206	map_d/4100108_A Lincoln.map	.map
003003	806	map_d/4200103_Elephant.map	.map
003004	806	map_d/4200105_Drummer.map	.map
003005	1806	map_d/4200114_Fisherman.map	.map
003006	3006	map_d/4200120_Toreador.map	.map
003007	806	map_d/4200201_Chicken.map	.map
003008	806	map_d/4200202_Lion.map	.map
003009	806	map_d/4200203_Riding a dolphin.map	.map
003010	1256	map_d/4200206_Kite.map	.map
003011	1256	map_d/4200208_Cowboy.map	.map
003012	1256	map_d/4200210_Squirrel.map	.map
003013	3006	map_d/4200216_Violin.map	.map
003014	3006	map_d/4200218_Paris.map	.map
003015	3006	map_d/4200219_Towing.map	.map
003016	806	map_d/4200302_Elephant.map	.map
003017	1256	map_d/4200308_Beach.map	.map
003018	1806	map_d/4200311_Dancers.map	.map
003019	1806	map_d/4200312_Captain.map	.map
003020	1806	map_d/4200314_Man & horse.map	.map
003021	1806	map_d/4200315_Fisherman & dog.map	.map
003022	3006	map_d/4200317_Snorkeling.map	.map
003023	3006	map_d/4200318_Dragon.map	.map
003024	3006	map_d/4200319_Pumpkins.map	.map
003025	806	map_d/4200401_Cat.map	.map
003026	806	map_d/4200403_Fish.map	.map
003027	806	map_d/4200404_Panda.map	.map
003028	1256	map_d/4200406_Cars.map	.map
003029	1256	map_d/4200407_Flowers.map	.map
003030	1256	map_d/4200408_Girl.map	.map
003031	1806	map_d/4200411_Houses.map	.map
003032	1806	map_d/4200413_Riding.map	.map
003033	1806	map_d/4200414_Sitting.map	.map
003034	3006	map_d/4200417_Fruits.map	.map
003035	3006	map_d/4200419_Sea.map	.map
003036	3006	map_d/4200420_Telescope.map	.map
003037	806	map_d/4200502_Riding.map	.map
003038	806	map_d/4200504_Pram.map	.map
003039	1256	map_d/4200507_Skiing.map	.map
003040	1256	map_d/4200508_Fish.map	.map
003041	1256	map_d/4200509_Bowling.map	.map
003042	1806	map_d/4200511_Beach.map	.map
003043	1806	map_d/4200512_Parachutist.map	.map
003044	1806	map_d/4200514_Deer.map	.map
003045	1806	map_d/4200515_Elephants.map	.map
003046	3006	map_d/4200516_San Pietro Rome.map	.map
003047	3006	map_d/4200517_Airplane.map	.map
003048	3006	map_d/4200520_Aquarium.map	.map
003049	806	map_d/4200603_Dogs.map	.map
003050	806	map_d/4200605_Dinosaur.map	.map
003051	1256	map_d/4200606_Girl and birds.map	.map
003052	1256	map_d/4200607_Couple.map	.map
003053	1256	map_d/4200608_Barbeque.map	.map
003054	1256	map_d/4200609_Cellist.map	.map
003055	1256	map_d/4200610_Cook.map	.map
003056	3006	map_d/4200618_Backpackers.map	.map
003057	3006	map_d/4200619_Village.map	.map
003058	806	map_d/4200702_Little Red Riding Hood.map	.map
003059	806	map_d/4200703_Bowling.map	.map
003060	806	map_d/4200706_Walking on the rope.map	.map
003061	1806	map_d/4200712_Camel.map	.map
003062	1806	map_d/4200716_Circus.map	.map
003063	3006	map_d/4200719_Jumping rope.map	.map
003064	806	map_d/4200801_Panda.map	.map
003065	806	map_d/4200803_Santa.map	.map
003066	806	map_d/4200805_Husky.map	.map
003067	1256	map_d/4200806_Skateboarding.map	.map
003068	1256	map_d/4200808_Racing car.map	.map
003069	1256	map_d/4200809_Tuba player.map	.map
003070	1256	map_d/4200810_Motorbike.map	.map
003071	1806	map_d/4200812_In the supermarket.map	.map
003072	1806	map_d/4200814_Car.map	.map
003073	3006	map_d/4200816_Dolphins.map	.map
003074	3006	map_d/4200817_Chorus.map	.map
003075	3006	map_d/4200818_Hammock.map	.map
003076	3006	map_d/4200819_Locomotive.map	.map
003077	3006	map_d/4200820_Horses.map	.map
003078	806	map_d/4200904_Bird.map	.map
003079	1256	map_d/4200907_Castle.map	.map
003080	1256	map_d/4200908_Russian dolls.map	.map
003081	1256	map_d/4200910_Cook.map	.map
003082	1806	map_d/4200911_Elephant.map	.map
003083	1806	map_d/4200913_Factory.map	.map
003084	3006	map_d/4200916_Penguins.map	.map
003085	806	map_d/4201101_Bulldozer.map	.map
003086	1256	map_d/4201106_Truck.map	.map
003087	1256	map_d/4201109_Music box.map	.map
003088	1256	map_d/4201110_Dancers.map	.map
003089	1806	map_d/4201111_Drummer.map	.map
003090	1806	map_d/4201113_Prisoner.map	.map
003091	1806	map_d/4201114_Helicopter.map	.map
003092	3006	map_d/4201116_Billiard.map	.map
003093	3006	map_d/4201117_Penguins.map	.map
003094	3006	map_d/4201118_Moose.map	.map
003095	3006	map_d/4201119_Dinosaur.map	.map
003096	3006	map_d/4201120_Beach.map	.map
003097	806	map_d/4201201_Jet ski.map	.map
003098	806	map_d/4201203_Matador.map	.map
003099	1256	map_d/4201207_Elephant.map	.map
003100	1256	map_d/4201208_Dog and girl.map	.map
003101	1256	map_d/4201209_Father and son.map	.map
003102	1256	map_d/4201210_Fish and fisherman.map	.map
003103	1806	map_d/4201214_Scarecrow.map	.map
003104	3006	map_d/4201216_Egypt.map	.map
003105	3006	map_d/4201217_Rialto Bridge.map	.map
003106	3006	map_d/4201218_Under water.map	.map
003107	3006	map_d/4201219_Lions.map	.map
003108	806	map_d/4201305_Boat.map	.map
003109	1256	map_d/4201308_Gardener.map	.map
003110	1806	map_d/4201312_Girl and bird.map	.map
003111	1806	map_d/4201315_Roses.map	.map
003112	1256	map_d/4201410_Owl.map	.map
003113	3006	map_d/4201417_Volleyball .map	.map
003114	806	map_d/4300103_Dove.map	.map
003115	806	map_d/4300104_Mailbox.map	.map
003116	806	map_d/4300105_Teddy bear.map	.map
003117	1256	map_d/4300106_Bee.map	.map
003118	1256	map_d/4300110_Bird.map	.map
003119	1756	map_d/4300111_Girl.map	.map
003120	1756	map_d/4300113_Fruits.map	.map
003121	3006	map_d/4300117_Breakfast.map	.map
003122	3006	map_d/4300118_Car.map	.map
003123	806	map_d/4300201_Locomotive.map	.map
003124	806	map_d/4300203_Turkey.map	.map
003125	806	map_d/4300204_Sandglass.map	.map
003126	806	map_d/4300205_House.map	.map
003127	1256	map_d/4300206_Old car.map	.map
003128	1256	map_d/4300208_Musicians.map	.map
003129	1256	map_d/4300209_Wrestling.map	.map
003130	1256	map_d/4300210_Riding.map	.map
003131	1756	map_d/4300214_Elephant.map	.map
003132	1756	map_d/4300215_Ship.map	.map
003133	3006	map_d/4300216_Dogs.map	.map
003134	3006	map_d/4300217_Octopus.map	.map
003135	806	map_d/4300302_Cappuccino.map	.map
003136	806	map_d/4300305_Dragonfly.map	.map
003137	1256	map_d/4300307_Girl and dog.map	.map
003138	1256	map_d/4300309_Guitarist.map	.map
003139	1256	map_d/4300310_Skates.map	.map
003140	1506	map_d/4300311_Fairy.map	.map
003141	1756	map_d/4300312_Birds.map	.map
003142	1756	map_d/4300313_Girl on swing.map	.map
003143	3006	map_d/4300317_Hanging laundry.map	.map
003144	3006	map_d/4300318_Hockey.map	.map
003145	806	map_d/4300401_Cacti.map	.map
003146	806	map_d/4300402_Chess.map	.map
003147	806	map_d/4300403_Lily of the valley.map	.map
003148	806	map_d/4300405_Swallow.map	.map
003149	1256	map_d/4300407_Girl and dog.map	.map
003150	1256	map_d/4300409_Gardening.map	.map
003151	1256	map_d/4300411_Owl.map	.map
003152	2506	map_d/4300416_Stags.map	.map
003153	2756	map_d/4300417_Flamenco.map	.map
003154	806	map_d/4300501_Mouse.map	.map
003155	1256	map_d/4300508_Eagle.map	.map
003156	1256	map_d/4300509_Climber.map	.map
003157	1756	map_d/4300514_James Dean.map	.map
003158	3006	map_d/4300516_Woman with cat.map	.map
003159	3006	map_d/4300517_Tower Bridge.map	.map
003160	3006	map_d/4300520_Kite.map	.map
003161	1806	map_d/Joshichan.map	.map
003162	1506	map_d/Mama.map	.map
003163	444	map_d/Nameko.map	.map
003164	1019	map_d/Papa.map	.map
003165	681	map_d/Rina.map	.map
003166	1256	map_d/Senpai.map	.map
003167	1806	map_d/Tsumami.map	.map
003168	19	map_d/tu_map_00.map	.map
003169	19	map_d/tu_map_01.map	.map
003170	19	map_d/tu_map_02.map	.map
003171	47	map_d/tu_map_03.map	.map
003172	552	option/05_BG.NCLR	.nclr
003173	552	option/05_button.NCLR	.nclr
003174	25656	option/05_button_LZ.bin	.bin
003175	848	option/05_chuudan_BG_LZ.bin	.bin
003176	8088	option/05_fap_BG_LZ.bin	.bin
003177	6732	option/05_lap_BG_LZ.bin	.bin
003178	7016	option/05_map_BG_LZ.bin	.bin
003179	444	option/05_menu_BG_LZ.bin	.bin
003180	2452	option/05_sound_BG_LZ.bin	.bin
003181	294	option/05_spl.NCLR	.nclr
003182	111	option/_A.NCER	.ncer
003183	304	option/_A.NCGR	.ncgr
003184	111	option/_A_L.NCER	.ncer
003185	304	option/_A_L.NCGR	.ncgr
003186	111	option/_B.NCER	.ncer
003187	304	option/_B.NCGR	.ncgr
003188	111	option/_B_L.NCER	.ncer
003189	304	option/_B_L.NCGR	.ncgr
003190	111	option/_L.NCER	.ncer
003191	304	option/_L.NCGR	.ncgr
003192	111	option/_L_L.NCER	.ncer
003193	304	option/_L_L.NCGR	.ncgr
003194	111	option/_R.NCER	.ncer
003195	304	option/_R.NCGR	.ncgr
003196	111	option/_R_L.NCER	.ncer
003197	304	option/_R_L.NCGR	.ncgr
003198	111	option/_Select.NCER	.ncer
003199	304	option/_Select.NCGR	.ncgr
003200	111	option/_X.NCER	.ncer
003201	304	option/_X.NCGR	.ncgr
003202	111	option/_X_L.NCER	.ncer
003203	304	option/_X_L.NCGR	.ncgr
003204	111	option/_Y.NCER	.ncer
003205	304	option/_Y.NCGR	.ncgr
003206	111	option/_Y_L.NCER	.ncer
003207	304	option/_Y_L.NCGR	.ncgr
003208	99	option/bgm_on.NCER	.ncer
003209	304	option/bgm_on.NCGR	.ncgr
003210	99	option/box_batu.NCER	.ncer
003211	176	option/box_batu.NCGR	.ncgr
003212	99	option/box_check.NCER	.ncer
003213	176	option/box_check.NCGR	.ncgr
003214	787	option/btn_all.NCER	.ncer
003215	3532	option/btn_all_LZ.bin	.bin
003216	147	option/chu_no.NCER	.ncer
003217	4184	option/chu_no_LZ.bin	.bin
003218	147	option/chu_yes.NCER	.ncer
003219	3904	option/chu_yes_LZ.bin	.bin
003220	1572	option/cmn_chuudan_main.NSCR	.nscr
003221	1572	option/cmn_menu_main.NSCR	.nscr
003222	1572	option/cmn_shuuryou_main.NSCR	.nscr
003223	1572	option/cmn_sound_main.NSCR	.nscr
003224	195	option/default_btn.NCER	.ncer
003225	4268	option/default_btn_LZ.bin	.bin
003226	1572	option/fap_btn_main.NSCR	.nscr
003227	1572	option/fap_opt_main.NSCR	.nscr
003228	1572	option/lap_btn_main.NSCR	.nscr
003229	1572	option/lap_opt_main.NSCR	.nscr
003230	1572	option/map_btn_main.NSCR	.nscr
003231	1572	option/map_opt_main.NSCR	.nscr
003232	755	option/opt_menu_button.NCER	.ncer
003233	103	option/opt_sc_1.NCER	.ncer
003234	304	option/opt_sc_1.NCGR	.ncgr
003235	103	option/opt_sc_5.NCER	.ncer
003236	304	option/opt_sc_5.NCGR	.ncgr
003237	103	option/opt_sc_9.NCER	.ncer
003238	304	option/opt_sc_9.NCGR	.ncgr
003239	99	option/pen.NCER	.ncer
003240	176	option/pen.NCGR	.ncgr
003241	195	option/return_menu_button.NCER	.ncer
003242	4188	option/return_menu_button_LZ.bin	.bin
003243	99	option/vol_light.NCER	.ncer
003244	176	option/vol_light.NCGR	.ncgr
003245	99	option/vol_sldr.NCER	.ncer
003246	176	option/vol_sldr.NCGR	.ncgr
003247	99	option/yaji_D.NCER	.ncer
003248	176	option/yaji_D.NCGR	.ncgr
003249	99	option/yaji_L.NCER	.ncer
003250	176	option/yaji_L.NCGR	.ncgr
003251	99	option/yaji_R.NCER	.ncer
003252	176	option/yaji_R.NCGR	.ncgr
003253	147	select/03_button.NCER	.ncer
003254	3120	select/03_button.NCGR	.ncgr
003255	1572	select/03_window_top.NSCR	.nscr
003256	103	select/03_yaji_sita.NCER	.ncer
003257	432	select/03_yaji_sita.NCGR	.ncgr
003258	103	select/03_yaji_ue.NCER	.ncer
003259	432	select/03_yaji_ue.NCGR	.ncgr
003260	552	select/button.NCLR	.nclr
003261	552	select/button_q_no.NCLR	.nclr
003262	363	select/button_suuji.NCER	.ncer
003263	2608	select/button_suuji.NCGR	.ncgr
003264	103	select/crsl.NCER	.ncer
003265	816	select/crsl.NCGR	.ncgr
003266	552	select/crsl.NCLR	.nclr
003267	2624	select/hatena.NCGR	.ncgr
003268	552	select/hatena.NCLR	.nclr
003269	1572	select/hatena.NSCR	.nscr
003270	828	select/No_button_LZ.bin	.bin
003271	1572	select/No_window_fap.NSCR	.nscr
003272	1572	select/No_window_lap.NSCR	.nscr
003273	1872	select/No_window_LZ.bin	.bin
003274	1572	select/No_window_map.NSCR	.nscr
003275	103	select/slider.NCER	.ncer
003276	432	select/slider.NCGR	.ncgr
003277	2624	select/window_01.NCGR	.ncgr
003278	552	select/window_01.NCLR	.nclr
003279	155	taiken/01234.NCER	.ncer
003280	688	taiken/01234.NCGR	.ncgr
003281	139	taiken/ant.NCER	.ncer
003282	560	taiken/ant.NCGR	.ncgr
003283	147	taiken/btn_no.NCER	.ncer
003284	3120	taiken/btn_no.NCGR	.ncgr
003285	147	taiken/btn_yes.NCER	.ncer
003286	3120	taiken/btn_yes.NCGR	.ncgr
003287	287	taiken/taiken_kubaru.NCER	.ncer
003288	552	taiken/taiken_kubaru.NCLR	.nclr
003289	15020	taiken/taiken_kubaru_LZ.bin	.bin
003290	552	taiken/taiken_main.NCLR	.nclr
003291	5808	taiken/taiken_main_LZ.bin	.bin
003292	499	taiken/taiken_mes.NCER	.ncer
003293	4604	taiken/taiken_mes_LZ.bin	.bin
003294	72	taiken/taiken_mesf.nclr	.nclr
003295	1572	taiken/taiken_sita_1.NSCR	.nscr
003296	1572	taiken/taiken_sita_2.NSCR	.nscr
003297	72	taiken/taiken_splf.nclr	.nclr
003298	1572	taiken/taiken_ue.NSCR	.nscr
003299	552	title/autosave.NCLR	.nclr
003300	1572	title/autosave.NSCR	.nscr
003301	5576	title/autosave_LZ.bin	.bin
003302	552	title/axss.NCLR	.nclr
003303	1572	title/axss.NSCR	.nscr
003304	1668	title/axss_LZ.bin	.bin
003305	552	title/besttime.NCLR	.nclr
003306	1572	title/besttime.NSCR	.nscr
003307	1192	title/besttime_LZ.bin	.bin
003308	552	title/bg_title.NCLR	.nclr
003309	1572	title/bg_title_t.NSCR	.nscr
003310	21716	title/bg_title_t_LZ.bin	.bin
003311	1572	title/bg_title_v.NSCR	.nscr
003312	35120	title/bg_title_v_LZ.bin	.bin
003313	135	title/btn_down.NCER	.ncer
003314	552	title/btn_down.NCLR	.nclr
003315	5436	title/btn_down_LZ.bin	.bin
003316	171	title/btn_XtoKill.NCER	.ncer
003317	552	title/btn_XtoKill.NCLR	.nclr
003318	3380	title/btn_XtoKill_LZ.bin	.bin
003319	552	title/button.NCLR	.nclr
003320	559	title/button_select.NCER	.ncer
003321	15048	title/button_select_LZ.bin	.bin
003322	552	title/button_title.NCLR	.nclr
003323	159	title/button_title_off.NCER	.ncer
003324	12580	title/button_title_off_LZ.bin	.bin
003325	552	title/conceptis.NCLR	.nclr
003326	1572	title/conceptis.NSCR	.nscr
003327	2428	title/conceptis_LZ.bin	.bin
003328	223	title/file_cas.NCER	.ncer
003329	432	title/file_cas.NCGR	.ncgr
003330	72	title/file_casf.nclr	.nclr
003331	552	title/file_kill_run.NCLR	.nclr
003332	1572	title/file_kill_run.NSCR	.nscr
003333	6368	title/file_kill_run_LZ.bin	.bin
003334	1572	title/succes.NSCR	.nscr
003335	1080	title/succes_LZ.bin	.bin
003336	552	title/success.NCLR	.nclr
003337	195	tutorial/btn_back.NCER	.ncer
003338	3684	tutorial/btn_back_LZ.bin	.bin
003339	552	tutorial/btn_chuudan_pc.NCLR	.nclr
003340	195	tutorial/btn_cnt.NCER	.ncer
003341	3732	tutorial/btn_cnt_LZ.bin	.bin
003342	195	tutorial/btn_end.NCER	.ncer
003343	4804	tutorial/btn_end_LZ.bin	.bin
003344	195	tutorial/btn_next.NCER	.ncer
003345	3484	tutorial/btn_next_LZ.bin	.bin
003346	195	tutorial/btn_retry.NCER	.ncer
003347	4096	tutorial/btn_retry_LZ.bin	.bin
003348	171	tutorial/step_1.NCER	.ncer
003349	480	tutorial/step_1_LZ.bin	.bin
003350	171	tutorial/step_2.NCER	.ncer
003351	540	tutorial/step_2_LZ.bin	.bin
003352	171	tutorial/step_3.NCER	.ncer
003353	540	tutorial/step_3_LZ.bin	.bin
003354	171	tutorial/step_4.NCER	.ncer
003355	512	tutorial/step_4_LZ.bin	.bin
003356	171	tutorial/step_5.NCER	.ncer
003357	544	tutorial/step_5_LZ.bin	.bin
003358	171	tutorial/step_6.NCER	.ncer
003359	532	tutorial/step_6_LZ.bin	.bin
003360	171	tutorial/step_7.NCER	.ncer
003361	520	tutorial/step_7_LZ.bin	.bin
003362	104	tutorial/step_btn_pc.NCLR	.nclr
003363	99	tutorial/step_clear_star.NCER	.ncer
003364	176	tutorial/step_clear_star.NCGR	.ncgr
003365	90	tutorial/step_clear_star.NCLR	.nclr
003366	304	tutorial/t_fap_s1_SC.bin	.bin
003367	308	tutorial/t_fap_s2_SC.bin	.bin
003368	308	tutorial/t_fap_s3_SC.bin	.bin
003369	308	tutorial/t_fap_s4_SC.bin	.bin
003370	308	tutorial/t_fap_s5_SC.bin	.bin
003371	304	tutorial/t_lap_s1_SC.bin	.bin
003372	308	tutorial/t_lap_s2_SC.bin	.bin
003373	308	tutorial/t_lap_s3_SC.bin	.bin
003374	308	tutorial/t_lap_s4_SC.bin	.bin
003375	308	tutorial/t_lap_s5_SC.bin	.bin
003376	308	tutorial/t_lap_s6_SC.bin	.bin
003377	308	tutorial/t_lap_s7_SC.bin	.bin
003378	304	tutorial/t_map_s1_SC.bin	.bin
003379	308	tutorial/t_map_s2_SC.bin	.bin
003380	308	tutorial/t_map_s3_SC.bin	.bin
003381	308	tutorial/t_map_s4_SC.bin	.bin
003382	308	tutorial/t_top_SC.bin	.bin
003383	123	tutorial/tu_OK.NCER	.ncer
003384	1268	tutorial/tu_OK_LZ.bin	.bin
003385	104	tutorial/tu_OK_pc.NCLR	.nclr
003386	240	tutorial/tu_sita_1_SC.bin	.bin
003387	244	tutorial/tu_sita_2_SC.bin	.bin
003388	508	tutorial/tu_ue_zu_fap2_LZ.bin	.bin
003389	72	tutorial/tu_ue_zu_fap2_pc.NCLR	.nclr
003390	328	tutorial/tu_ue_zu_fap2_SC.bin	.bin
003391	876	tutorial/tu_ue_zu_fap3_LZ.bin	.bin
003392	72	tutorial/tu_ue_zu_fap3_pc.NCLR	.nclr
003393	408	tutorial/tu_ue_zu_fap3_SC.bin	.bin
003394	648	tutorial/tu_ue_zu_fap4_LZ.bin	.bin
003395	72	tutorial/tu_ue_zu_fap4_pc.NCLR	.nclr
003396	332	tutorial/tu_ue_zu_fap4_SC.bin	.bin
003397	892	tutorial/tu_ue_zu_fap5_LZ.bin	.bin
003398	72	tutorial/tu_ue_zu_fap5_pc.NCLR	.nclr
003399	408	tutorial/tu_ue_zu_fap5_SC.bin	.bin
003400	492	tutorial/tu_ue_zu_map2_SC.bin	.bin
003401	700	tutorial/tu_ue_zu_map3_LZ.bin	.bin
003402	72	tutorial/tu_ue_zu_map3_pc.NCLR	.nclr
003403	388	tutorial/tu_ue_zu_map3_SC.bin	.bin
003404	672	tutorial/tu_ue_zu_map4_SC.bin	.bin
003405	872	tutorial/tu_ue_zu_map5_SC.bin	.bin
003406	3044	tutorial/tutorial_ue_1_LZ.bin	.bin
003407	104	tutorial/tutorial_ue_1_pc.NCLR	.nclr
003408	632	tutorial/window_01_LZ.bin	.bin
003409	72	tutorial/window_01_pc.NCLR	.nclr