f6      c153925      i43515147    A:93 X:03 Y:00 S:FC P:NvubdizC  $01:AA0B: 48       PHA
f6      c153928      i43515148    A:93 X:03 Y:00 S:FB P:NvubdizC  $01:AA0C: A9 00    LDA #$00
f6      c153930      i43515149    A:00 X:03 Y:00 S:FB P:nvubdiZC  $01:AA0E: 91 EC    STA ($EC),Y @ $046D = #$00
f6      c153936      i43515150    A:00 X:03 Y:00 S:FB P:nvubdiZC  $01:AA10: E6 EC    INC $EC = #$6D
f6      c153941      i43515151    A:00 X:03 Y:00 S:FB P:nvubdizC  $01:AA12: D0 02    BNE $AA16
f6      c153944      i43515152    A:00 X:03 Y:00 S:FB P:nvubdizC  $01:AA16: 68       PLA
f6      c153948      i43515153    A:93 X:03 Y:00 S:FC P:NvubdizC  $01:AA17: 38       SEC
f6      c153950      i43515154    A:93 X:03 Y:00 S:FC P:NvubdizC  $01:AA18: E9 01    SBC #$01
f6      c153952      i43515155    A:92 X:03 Y:00 S:FC P:NvubdizC  $01:AA1A: D0 EF    BNE $AA0B
f6      c153955      i43515156    A:92 X:03 Y:00 S:FC P:NvubdizC  $01:AA0B: 48       PHA
f6      c153958      i43515157    A:92 X:03 Y:00 S:FB P:NvubdizC  $01:AA0C: A9 00    LDA #$00
f6      c153960      i43515158    A:00 X:03 Y:00 S:FB P:nvubdiZC  $01:AA0E: 91 EC    STA ($EC),Y @ $046E = #$00
f6      c153966      i43515159    A:00 X:03 Y:00 S:FB P:nvubdiZC  $01:AA10: E6 EC    INC $EC = #$6E
f6      c153971      i43515160    A:00 X:03 Y:00 S:FB P:nvubdizC  $01:AA12: D0 02    BNE $AA16
f6      c153974      i43515161    A:00 X:03 Y:00 S:FB P:nvubdizC  $01:AA16: 68       PLA
f6      c153978      i43515162    A:92 X:03 Y:00 S:FC P:NvubdizC  $01:AA17: 38       SEC
f6      c153980      i43515163    A:92 X:03 Y:00 S:FC P:NvubdizC  $01:AA18: E9 01    SBC #$01
f6      c153982      i43515164    A:91 X:03 Y:00 S:FC P:NvubdizC  $01:AA1A: D0 EF    BNE $AA0B
f6      c153985      i43515165    A:91 X:03 Y:00 S:FC P:NvubdizC  $01:AA0B: 48       PHA
f6      c153988      i43515166    A:91 X:03 Y:00 S:FB P:NvubdizC  $01:AA0C: A9 00    LDA #$00
f6      c153990      i43515167    A:00 X:03 Y:00 S:FB P:nvubdiZC  $01:AA0E: 91 EC    STA ($EC),Y @ $046F = #$00
f6      c153996      i43515168    A:00 X:03 Y:00 S:FB P:nvubdiZC  $01:AA10: E6 EC    INC $EC = #$6F
f6      c154001      i43515169    A:00 X:03 Y:00 S:FB P:nvubdizC  $01:AA12: D0 02    BNE $AA16
f6      c154004      i43515170    A:00 X:03 Y:00 S:FB P:nvubdizC  $01:AA16: 68       PLA
f6      c154008      i43515171    A:91 X:03 Y:00 S:FC P:NvubdizC  $01:AA17: 38       SEC
f6      c154010      i43515172    A:91 X:03 Y:00 S:FC P:NvubdizC  $01:AA18: E9 01    SBC #$01
f6      c154012      i43515173    A:90 X:03 Y:00 S:FC P:NvubdizC  $01:AA1A: D0 EF    BNE $AA0B
f6      c154015      i43515174    A:90 X:03 Y:00 S:FC P:NvubdizC  $01:AA0B: 48       PHA
f6      c154018      i43515175    A:90 X:03 Y:00 S:FB P:NvubdizC  $01:AA0C: A9 00    LDA #$00
f6      c154020      i43515176    A:00 X:03 Y:00 S:FB P:nvubdiZC  $01:AA0E: 91 EC    STA ($EC),Y @ $0470 = #$00
f6      c154026      i43515177    A:00 X:03 Y:00 S:FB P:nvubdiZC  $01:AA10: E6 EC    INC $EC = #$70
f6      c154031      i43515178    A:00 X:03 Y:00 S:FB P:nvubdizC  $01:AA12: D0 02    BNE $AA16
f6      c154034      i43515179    A:00 X:03 Y:00 S:FB P:nvubdizC  $01:AA16: 68       PLA
f6      c154038      i43515180    A:90 X:03 Y:00 S:FC P:NvubdizC  $01:AA17: 38       SEC
f6      c154040      i43515181    A:90 X:03 Y:00 S:FC P:NvubdizC  $01:AA18: E9 01    SBC #$01
f6      c154042      i43515182    A:8F X:03 Y:00 S:FC P:NvubdizC  $01:AA1A: D0 EF    BNE $AA0B
f6      c154045      i43515183    A:8F X:03 Y:00 S:FC P:NvubdizC  $01:AA0B: 48       PHA
f6      c154048      i43515184    A:8F X:03 Y:00 S:FB P:NvubdizC  $01:AA0C: A9 00    LDA #$00
f6      c154050      i43515185    A:00 X:03 Y:00 S:FB P:nvubdiZC  $01:AA0E: 91 EC    STA ($EC),Y @ $0471 = #$00
f6      c154056      i43515186    A:00 X:03 Y:00 S:FB P:nvubdiZC  $01:AA10: E6 EC    INC $EC = #$71
f6      c154061      i43515187    A:00 X:03 Y:00 S:FB P:nvubdizC  $01:AA12: D0 02    BNE $AA16
f6      c154064      i43515188    A:00 X:03 Y:00 S:FB P:nvubdizC  $01:AA16: 68       PLA
f6      c154068      i43515189    A:8F X:03 Y:00 S:FC P:NvubdizC  $01:AA17: 38       SEC
f6      c154795      i43515408    A:76 X:03 Y:00 S:FC P:nvubdizC  $01:AA0B: 48       PHA
f6      c154798      i43515409    A:76 X:03 Y:00 S:FB P:nvubdizC  $01:AA0C: A9 00    LDA #$00
f6      c154800      i43515410    A:00 X:03 Y:00 S:FB P:nvubdiZC  $01:AA0E: 91 EC    STA ($EC),Y @ $048A = #$00
f6      c154806      i43515411    A:00 X:03 Y:00 S:FB P:nvubdiZC  $01:AA10: E6 EC    INC $EC = #$8A
f6      c154811      i43515412    A:00 X:03 Y:00 S:FB P:NvubdizC  $01:AA12: D0 02    BNE $AA16
f6      c154814      i43515413    A:00 X:03 Y:00 S:FB P:NvubdizC  $01:AA16: 68       PLA
f6      c154818      i43515414    A:76 X:03 Y:00 S:FC P:nvubdizC  $01:AA17: 38       SEC
f6      c154820      i43515415    A:76 X:03 Y:00 S:FC P:nvubdizC  $01:AA18: E9 01    SBC #$01
f6      c154822      i43515416    A:75 X:03 Y:00 S:FC P:nvubdizC  $01:AA1A: D0 EF    BNE $AA0B
f6      c154825      i43515417    A:75 X:03 Y:00 S:FC P:nvubdizC  $01:AA0B: 48       PHA
f6      c154828      i43515418    A:75 X:03 Y:00 S:FB P:nvubdizC  $01:AA0C: A9 00    LDA #$00
f6      c154830      i43515419    A:00 X:03 Y:00 S:FB P:nvubdiZC  $01:AA0E: 91 EC    STA ($EC),Y @ $048B = #$00
f6      c154836      i43515420    A:00 X:03 Y:00 S:FB P:nvubdiZC  $01:AA10: E6 EC    INC $EC = #$8B
f6      c154841      i43515421    A:00 X:03 Y:00 S:FB P:NvubdizC  $01:AA12: D0 02    BNE $AA16
f6      c154844      i43515422    A:00 X:03 Y:00 S:FB P:NvubdizC  $01:AA16: 68       PLA
f6      c154848      i43515423    A:75 X:03 Y:00 S:FC P:nvubdizC  $01:AA17: 38       SEC
f6      c154850      i43515424    A:75 X:03 Y:00 S:FC P:nvubdizC  $01:AA18: E9 01    SBC #$01
f6      c154852      i43515425    A:74 X:03 Y:00 S:FC P:nvubdizC  $01:AA1A: D0 EF    BNE $AA0B
f6      c154855      i43515426    A:74 X:03 Y:00 S:FC P:nvubdizC  $01:AA0B: 48       PHA
f6      c154858      i43515427    A:74 X:03 Y:00 S:FB P:nvubdizC  $01:AA0C: A9 00    LDA #$00
f6      c154860      i43515428    A:00 X:03 Y:00 S:FB P:nvubdiZC  $01:AA0E: 91 EC    STA ($EC),Y @ $048C = #$00
f6      c154866      i43515429    A:00 X:03 Y:00 S:FB P:nvubdiZC  $01:AA10: E6 EC    INC $EC = #$8C
f6      c154871      i43515430    A:00 X:03 Y:00 S:FB P:NvubdizC  $01:AA12: D0 02    BNE $AA16
f6      c154874      i43515431    A:00 X:03 Y:00 S:FB P:NvubdizC  $01:AA16: 68       PLA
f6      c154878      i43515432    A:74 X:03 Y:00 S:FC P:nvubdizC  $01:AA17: 38       SEC
f6      c154880      i43515433    A:74 X:03 Y:00 S:FC P:nvubdizC  $01:AA18: E9 01    SBC #$01
f6      c154882      i43515434    A:73 X:03 Y:00 S:FC P:nvubdizC  $01:AA1A: D0 EF    BNE $AA0B
f6      c154885      i43515435    A:73 X:03 Y:00 S:FC P:nvubdizC  $01:AA0B: 48       PHA
f6      c154888      i43515436    A:73 X:03 Y:00 S:FB P:nvubdizC  $01:AA0C: A9 00    LDA #$00
f6      c154890      i43515437    A:00 X:03 Y:00 S:FB P:nvubdiZC  $01:AA0E: 91 EC    STA ($EC),Y @ $048D = #$00
f6      c154896      i43515438    A:00 X:03 Y:00 S:FB P:nvubdiZC  $01:AA10: E6 EC    INC $EC = #$8D
f6      c154901      i43515439    A:00 X:03 Y:00 S:FB P:NvubdizC  $01:AA12: D0 02    BNE $AA16
f6      c154904      i43515440    A:00 X:03 Y:00 S:FB P:NvubdizC  $01:AA16: 68       PLA
f6      c154908      i43515441    A:73 X:03 Y:00 S:FC P:nvubdizC  $01:AA17: 38       SEC
f6      c154910      i43515442    A:73 X:03 Y:00 S:FC P:nvubdizC  $01:AA18: E9 01    SBC #$01
f6      c154912      i43515443    A:72 X:03 Y:00 S:FC P:nvubdizC  $01:AA1A: D0 EF    BNE $AA0B
f6      c154915      i43515444    A:72 X:03 Y:00 S:FC P:nvubdizC  $01:AA0B: 48       PHA
f6      c154918      i43515445    A:72 X:03 Y:00 S:FB P:nvubdizC  $01:AA0C: A9 00    LDA #$00
f6      c154920      i43515446    A:00 X:03 Y:00 S:FB P:nvubdiZC  $01:AA0E: 91 EC    STA ($EC),Y @ $048E = #$00
f6      c154926      i43515447    A:00 X:03 Y:00 S:FB P:nvubdiZC  $01:AA10: E6 EC    INC $EC = #$8E
f6      c154931      i43515448    A:00 X:03 Y:00 S:FB P:NvubdizC  $01:AA12: D0 02    BNE $AA16
f6      c154934      i43515449    A:00 X:03 Y:00 S:FB P:NvubdizC  $01:AA16: 68       PLA
f6      c154938      i43515450    A:72 X:03 Y:00 S:FC P:nvubdizC  $01:AA17: 38       SEC
f6      c155665      i43515669    A:59 X:03 Y:00 S:FC P:nvubdizC  $01:AA0B: 48       PHA
f6      c155668      i43515670    A:59 X:03 Y:00 S:FB P:nvubdizC  $01:AA0C: A9 00    LDA #$00
f6      c155670      i43515671    A:00 X:03 Y:00 S:FB P:nvubdiZC  $01:AA0E: 91 EC    STA ($EC),Y @ $04A7 = #$00
f6      c155676      i43515672    A:00 X:03 Y:00 S:FB P:nvubdiZC  $01:AA10: E6 EC    INC $EC = #$A7
f6      c155681      i43515673    A:00 X:03 Y:00 S:FB P:NvubdizC  $01:AA12: D0 02    BNE $AA16
f6      c155684      i43515674    A:00 X:03 Y:00 S:FB P:NvubdizC  $01:AA16: 68       PLA
f6      c155688      i43515675    A:59 X:03 Y:00 S:FC P:nvubdizC  $01:AA17: 38       SEC
f6      c155690      i43515676    A:59 X:03 Y:00 S:FC P:nvubdizC  $01:AA18: E9 01    SBC #$01
f6      c155692      i43515677    A:58 X:03 Y:00 S:FC P:nvubdizC  $01:AA1A: D0 EF    BNE $AA0B
f6      c155695      i43515678    A:58 X:03 Y:00 S:FC P:nvubdizC  $01:AA0B: 48       PHA
f6      c155698      i43515679    A:58 X:03 Y:00 S:FB P:nvubdizC  $01:AA0C: A9 00    LDA #$00
f6      c155700      i43515680    A:00 X:03 Y:00 S:FB P:nvubdiZC  $01:AA0E: 91 EC    STA ($EC),Y @ $04A8 = #$00
f6      c155706      i43515681    A:00 X:03 Y:00 S:FB P:nvubdiZC  $01:AA10: E6 EC    INC $EC = #$A8
f6      c155711      i43515682    A:00 X:03 Y:00 S:FB P:NvubdizC  $01:AA12: D0 02    BNE $AA16
f6      c155714      i43515683    A:00 X:03 Y:00 S:FB P:NvubdizC  $01:AA16: 68       PLA
f6      c155718      i43515684    A:58 X:03 Y:00 S:FC P:nvubdizC  $01:AA17: 38       SEC
f6      c155720      i43515685    A:58 X:03 Y:00 S:FC P:nvubdizC  $01:AA18: E9 01    SBC #$01
f6      c155722      i43515686    A:57 X:03 Y:00 S:FC P:nvubdizC  $01:AA1A: D0 EF    BNE $AA0B
f6      c155725      i43515687    A:57 X:03 Y:00 S:FC P:nvubdizC  $01:AA0B: 48       PHA
f6      c155728      i43515688    A:57 X:03 Y:00 S:FB P:nvubdizC  $01:AA0C: A9 00    LDA #$00
f6      c155730      i43515689    A:00 X:03 Y:00 S:FB P:nvubdiZC  $01:AA0E: 91 EC    STA ($EC),Y @ $04A9 = #$00
f6      c155736      i43515690    A:00 X:03 Y:00 S:FB P:nvubdiZC  $01:AA10: E6 EC    INC $EC = #$A9
f6      c155741      i43515691    A:00 X:03 Y:00 S:FB P:NvubdizC  $01:AA12: D0 02    BNE $AA16
f6      c155744      i43515692    A:00 X:03 Y:00 S:FB P:NvubdizC  $01:AA16: 68       PLA
f6      c155748      i43515693    A:57 X:03 Y:00 S:FC P:nvubdizC  $01:AA17: 38       SEC
f6      c155750      i43515694    A:57 X:03 Y:00 S:FC P:nvubdizC  $01:AA18: E9 01    SBC #$01
f6      c155752      i43515695    A:56 X:03 Y:00 S:FC P:nvubdizC  $01:AA1A: D0 EF    BNE $AA0B
f6      c155755      i43515696    A:56 X:03 Y:00 S:FC P:nvubdizC  $01:AA0B: 48       PHA
f6      c155758      i43515697    A:56 X:03 Y:00 S:FB P:nvubdizC  $01:AA0C: A9 00    LDA #$00
f6      c155760      i43515698    A:00 X:03 Y:00 S:FB P:nvubdiZC  $01:AA0E: 91 EC    STA ($EC),Y @ $04AA = #$00
f6      c155766      i43515699    A:00 X:03 Y:00 S:FB P:nvubdiZC  $01:AA10: E6 EC    INC $EC = #$AA
f6      c155771      i43515700    A:00 X:03 Y:00 S:FB P:NvubdizC  $01:AA12: D0 02    BNE $AA16
f6      c155774      i43515701    A:00 X:03 Y:00 S:FB P:NvubdizC  $01:AA16: 68       PLA
f6      c155778      i43515702    A:56 X:03 Y:00 S:FC P:nvubdizC  $01:AA17: 38       SEC
f6      c155780      i43515703    A:56 X:03 Y:00 S:FC P:nvubdizC  $01:AA18: E9 01    SBC #$01
f6      c155782      i43515704    A:55 X:03 Y:00 S:FC P:nvubdizC  $01:AA1A: D0 EF    BNE $AA0B
f6      c155785      i43515705    A:55 X:03 Y:00 S:FC P:nvubdizC  $01:AA0B: 48       PHA
f6      c155788      i43515706    A:55 X:03 Y:00 S:FB P:nvubdizC  $01:AA0C: A9 00    LDA #$00
f6      c155790      i43515707    A:00 X:03 Y:00 S:FB P:nvubdiZC  $01:AA0E: 91 EC    STA ($EC),Y @ $04AB = #$00
f6      c155796      i43515708    A:00 X:03 Y:00 S:FB P:nvubdiZC  $01:AA10: E6 EC    INC $EC = #$AB
f6      c155801      i43515709    A:00 X:03 Y:00 S:FB P:NvubdizC  $01:AA12: D0 02    BNE $AA16
f6      c155804      i43515710    A:00 X:03 Y:00 S:FB P:NvubdizC  $01:AA16: 68       PLA
f6      c155808      i43515711    A:55 X:03 Y:00 S:FC P:nvubdizC  $01:AA17: 38       SEC
f6      c156535      i43515930    A:3C X:03 Y:00 S:FC P:nvubdizC  $01:AA0B: 48       PHA
f6      c156538      i43515931    A:3C X:03 Y:00 S:FB P:nvubdizC  $01:AA0C: A9 00    LDA #$00
f6      c156540      i43515932    A:00 X:03 Y:00 S:FB P:nvubdiZC  $01:AA0E: 91 EC    STA ($EC),Y @ $04C4 = #$00
f6      c156546      i43515933    A:00 X:03 Y:00 S:FB P:nvubdiZC  $01:AA10: E6 EC    INC $EC = #$C4
f6      c156551      i43515934    A:00 X:03 Y:00 S:FB P:NvubdizC  $01:AA12: D0 02    BNE $AA16
f6      c156554      i43515935    A:00 X:03 Y:00 S:FB P:NvubdizC  $01:AA16: 68       PLA
f6      c156558      i43515936    A:3C X:03 Y:00 S:FC P:nvubdizC  $01:AA17: 38       SEC
f6      c156560      i43515937    A:3C X:03 Y:00 S:FC P:nvubdizC  $01:AA18: E9 01    SBC #$01
f6      c156562      i43515938    A:3B X:03 Y:00 S:FC P:nvubdizC  $01:AA1A: D0 EF    BNE $AA0B
f6      c156565      i43515939    A:3B X:03 Y:00 S:FC P:nvubdizC  $01:AA0B: 48       PHA
f6      c156568      i43515940    A:3B X:03 Y:00 S:FB P:nvubdizC  $01:AA0C: A9 00    LDA #$00
f6      c156570      i43515941    A:00 X:03 Y:00 S:FB P:nvubdiZC  $01:AA0E: 91 EC    STA ($EC),Y @ $04C5 = #$00
f6      c156576      i43515942    A:00 X:03 Y:00 S:FB P:nvubdiZC  $01:AA10: E6 EC    INC $EC = #$C5
f6      c156581      i43515943    A:00 X:03 Y:00 S:FB P:NvubdizC  $01:AA12: D0 02    BNE $AA16
f6      c156584      i43515944    A:00 X:03 Y:00 S:FB P:NvubdizC  $01:AA16: 68       PLA
f6      c156588      i43515945    A:3B X:03 Y:00 S:FC P:nvubdizC  $01:AA17: 38       SEC
f6      c156590      i43515946    A:3B X:03 Y:00 S:FC P:nvubdizC  $01:AA18: E9 01    SBC #$01
f6      c156592      i43515947    A:3A X:03 Y:00 S:FC P:nvubdizC  $01:AA1A: D0 EF    BNE $AA0B
f6      c156595      i43515948    A:3A X:03 Y:00 S:FC P:nvubdizC  $01:AA0B: 48       PHA
f6      c156598      i43515949    A:3A X:03 Y:00 S:FB P:nvubdizC  $01:AA0C: A9 00    LDA #$00
f6      c156600      i43515950    A:00 X:03 Y:00 S:FB P:nvubdiZC  $01:AA0E: 91 EC    STA ($EC),Y @ $04C6 = #$00
f6      c156606      i43515951    A:00 X:03 Y:00 S:FB P:nvubdiZC  $01:AA10: E6 EC    INC $EC = #$C6
f6      c156611      i43515952    A:00 X:03 Y:00 S:FB P:NvubdizC  $01:AA12: D0 02    BNE $AA16
f6      c156614      i43515953    A:00 X:03 Y:00 S:FB P:NvubdizC  $01:AA16: 68       PLA
f6      c156618      i43515954    A:3A X:03 Y:00 S:FC P:nvubdizC  $01:AA17: 38       SEC
f6      c156620      i43515955    A:3A X:03 Y:00 S:FC P:nvubdizC  $01:AA18: E9 01    SBC #$01
f6      c156622      i43515956    A:39 X:03 Y:00 S:FC P:nvubdizC  $01:AA1A: D0 EF    BNE $AA0B
f6      c156625      i43515957    A:39 X:03 Y:00 S:FC P:nvubdizC  $01:AA0B: 48       PHA
f6      c156628      i43515958    A:39 X:03 Y:00 S:FB P:nvubdizC  $01:AA0C: A9 00    LDA #$00
f6      c156630      i43515959    A:00 X:03 Y:00 S:FB P:nvubdiZC  $01:AA0E: 91 EC    STA ($EC),Y @ $04C7 = #$00
f6      c156636      i43515960    A:00 X:03 Y:00 S:FB P:nvubdiZC  $01:AA10: E6 EC    INC $EC = #$C7
f6      c156641      i43515961    A:00 X:03 Y:00 S:FB P:NvubdizC  $01:AA12: D0 02    BNE $AA16
f6      c156644      i43515962    A:00 X:03 Y:00 S:FB P:NvubdizC  $01:AA16: 68       PLA
f6      c156648      i43515963    A:39 X:03 Y:00 S:FC P:nvubdizC  $01:AA17: 38       SEC
f6      c156650      i43515964    A:39 X:03 Y:00 S:FC P:nvubdizC  $01:AA18: E9 01    SBC #$01
f6      c156652      i43515965    A:38 X:03 Y:00 S:FC P:nvubdizC  $01:AA1A: D0 EF    BNE $AA0B
f6      c156655      i43515966    A:38 X:03 Y:00 S:FC P:nvubdizC  $01:AA0B: 48       PHA
f6      c156658      i43515967    A:38 X:03 Y:00 S:FB P:nvubdizC  $01:AA0C: A9 00    LDA #$00
f6      c156660      i43515968    A:00 X:03 Y:00 S:FB P:nvubdiZC  $01:AA0E: 91 EC    STA ($EC),Y @ $04C8 = #$00
f6      c156666      i43515969    A:00 X:03 Y:00 S:FB P:nvubdiZC  $01:AA10: E6 EC    INC $EC = #$C8
f6      c156671      i43515970    A:00 X:03 Y:00 S:FB P:NvubdizC  $01:AA12: D0 02    BNE $AA16
f6      c156674      i43515971    A:00 X:03 Y:00 S:FB P:NvubdizC  $01:AA16: 68       PLA
f6      c156678      i43515972    A:38 X:03 Y:00 S:FC P:nvubdizC  $01:AA17: 38       SEC
f6      c157405      i43516191    A:1F X:03 Y:00 S:FC P:nvubdizC  $01:AA0B: 48       PHA
f6      c157408      i43516192    A:1F X:03 Y:00 S:FB P:nvubdizC  $01:AA0C: A9 00    LDA #$00
f6      c157410      i43516193    A:00 X:03 Y:00 S:FB P:nvubdiZC  $01:AA0E: 91 EC    STA ($EC),Y @ $04E1 = #$00
f6      c157416      i43516194    A:00 X:03 Y:00 S:FB P:nvubdiZC  $01:AA10: E6 EC    INC $EC = #$E1
f6      c157421      i43516195    A:00 X:03 Y:00 S:FB P:NvubdizC  $01:AA12: D0 02    BNE $AA16
f6      c157424      i43516196    A:00 X:03 Y:00 S:FB P:NvubdizC  $01:AA16: 68       PLA
f6      c157428      i43516197    A:1F X:03 Y:00 S:FC P:nvubdizC  $01:AA17: 38       SEC
f6      c157430      i43516198    A:1F X:03 Y:00 S:FC P:nvubdizC  $01:AA18: E9 01    SBC #$01
f6      c157432      i43516199    A:1E X:03 Y:00 S:FC P:nvubdizC  $01:AA1A: D0 EF    BNE $AA0B
f6      c157435      i43516200    A:1E X:03 Y:00 S:FC P:nvubdizC  $01:AA0B: 48       PHA
f6      c157438      i43516201    A:1E X:03 Y:00 S:FB P:nvubdizC  $01:AA0C: A9 00    LDA #$00
f6      c157440      i43516202    A:00 X:03 Y:00 S:FB P:nvubdiZC  $01:AA0E: 91 EC    STA ($EC),Y @ $04E2 = #$00
f6      c157446      i43516203    A:00 X:03 Y:00 S:FB P:nvubdiZC  $01:AA10: E6 EC    INC $EC = #$E2
f6      c157451      i43516204    A:00 X:03 Y:00 S:FB P:NvubdizC  $01:AA12: D0 02    BNE $AA16
f6      c157454      i43516205    A:00 X:03 Y:00 S:FB P:NvubdizC  $01:AA16: 68       PLA
f6      c157458      i43516206    A:1E X:03 Y:00 S:FC P:nvubdizC  $01:AA17: 38       SEC
f6      c157460      i43516207    A:1E X:03 Y:00 S:FC P:nvubdizC  $01:AA18: E9 01    SBC #$01
f6      c157462      i43516208    A:1D X:03 Y:00 S:FC P:nvubdizC  $01:AA1A: D0 EF    BNE $AA0B
f6      c157465      i43516209    A:1D X:03 Y:00 S:FC P:nvubdizC  $01:AA0B: 48       PHA
f6      c157468      i43516210    A:1D X:03 Y:00 S:FB P:nvubdizC  $01:AA0C: A9 00    LDA #$00
f6      c157470      i43516211    A:00 X:03 Y:00 S:FB P:nvubdiZC  $01:AA0E: 91 EC    STA ($EC),Y @ $04E3 = #$00
f6      c157476      i43516212    A:00 X:03 Y:00 S:FB P:nvubdiZC  $01:AA10: E6 EC    INC $EC = #$E3
f6      c157481      i43516213    A:00 X:03 Y:00 S:FB P:NvubdizC  $01:AA12: D0 02    BNE $AA16
f6      c157484      i43516214    A:00 X:03 Y:00 S:FB P:NvubdizC  $01:AA16: 68       PLA
f6      c157488      i43516215    A:1D X:03 Y:00 S:FC P:nvubdizC  $01:AA17: 38       SEC
f6      c157490      i43516216    A:1D X:03 Y:00 S:FC P:nvubdizC  $01:AA18: E9 01    SBC #$01
f6      c157492      i43516217    A:1C X:03 Y:00 S:FC P:nvubdizC  $01:AA1A: D0 EF    BNE $AA0B
f6      c157495      i43516218    A:1C X:03 Y:00 S:FC P:nvubdizC  $01:AA0B: 48       PHA
f6      c157498      i43516219    A:1C X:03 Y:00 S:FB P:nvubdizC  $01:AA0C: A9 00    LDA #$00
f6      c157500      i43516220    A:00 X:03 Y:00 S:FB P:nvubdiZC  $01:AA0E: 91 EC    STA ($EC),Y @ $04E4 = #$00
f6      c157506      i43516221    A:00 X:03 Y:00 S:FB P:nvubdiZC  $01:AA10: E6 EC    INC $EC = #$E4
f6      c157511      i43516222    A:00 X:03 Y:00 S:FB P:NvubdizC  $01:AA12: D0 02    BNE $AA16
f6      c157514      i43516223    A:00 X:03 Y:00 S:FB P:NvubdizC  $01:AA16: 68       PLA
f6      c157518      i43516224    A:1C X:03 Y:00 S:FC P:nvubdizC  $01:AA17: 38       SEC
f6      c157520      i43516225    A:1C X:03 Y:00 S:FC P:nvubdizC  $01:AA18: E9 01    SBC #$01
f6      c157522      i43516226    A:1B X:03 Y:00 S:FC P:nvubdizC  $01:AA1A: D0 EF    BNE $AA0B
f6      c157525      i43516227    A:1B X:03 Y:00 S:FC P:nvubdizC  $01:AA0B: 48       PHA
f6      c157528      i43516228    A:1B X:03 Y:00 S:FB P:nvubdizC  $01:AA0C: A9 00    LDA #$00
f6      c157530      i43516229    A:00 X:03 Y:00 S:FB P:nvubdiZC  $01:AA0E: 91 EC    STA ($EC),Y @ $04E5 = #$00
f6      c157536      i43516230    A:00 X:03 Y:00 S:FB P:nvubdiZC  $01:AA10: E6 EC    INC $EC = #$E5
f6      c157541      i43516231    A:00 X:03 Y:00 S:FB P:NvubdizC  $01:AA12: D0 02    BNE $AA16
f6      c157544      i43516232    A:00 X:03 Y:00 S:FB P:NvubdizC  $01:AA16: 68       PLA
f6      c157548      i43516233    A:1B X:03 Y:00 S:FC P:nvubdizC  $01:AA17: 38       SEC
f6      c158853      i43516626    A:EF X:02 Y:00 S:FC P:NvubdizC  $01:AA0B: 48       PHA
f6      c158856      i43516627    A:EF X:02 Y:00 S:FB P:NvubdizC  $01:AA0C: A9 00    LDA #$00
f6      c158858      i43516628    A:00 X:02 Y:00 S:FB P:nvubdiZC  $01:AA0E: 91 EC    STA ($EC),Y @ $0511 = #$00
f6      c158864      i43516629    A:00 X:02 Y:00 S:FB P:nvubdiZC  $01:AA10: E6 EC    INC $EC = #$11
f6      c158869      i43516630    A:00 X:02 Y:00 S:FB P:nvubdizC  $01:AA12: D0 02    BNE $AA16
f6      c158872      i43516631    A:00 X:02 Y:00 S:FB P:nvubdizC  $01:AA16: 68       PLA
f6      c158876      i43516632    A:EF X:02 Y:00 S:FC P:NvubdizC  $01:AA17: 38       SEC
f6      c158878      i43516633    A:EF X:02 Y:00 S:FC P:NvubdizC  $01:AA18: E9 01    SBC #$01
f6      c158880      i43516634    A:EE X:02 Y:00 S:FC P:NvubdizC  $01:AA1A: D0 EF    BNE $AA0B
f6      c158883      i43516635    A:EE X:02 Y:00 S:FC P:NvubdizC  $01:AA0B: 48       PHA
f6      c158886      i43516636    A:EE X:02 Y:00 S:FB P:NvubdizC  $01:AA0C: A9 00    LDA #$00
f6      c158888      i43516637    A:00 X:02 Y:00 S:FB P:nvubdiZC  $01:AA0E: 91 EC    STA ($EC),Y @ $0512 = #$00
f6      c158894      i43516638    A:00 X:02 Y:00 S:FB P:nvubdiZC  $01:AA10: E6 EC    INC $EC = #$12
f6      c158899      i43516639    A:00 X:02 Y:00 S:FB P:nvubdizC  $01:AA12: D0 02    BNE $AA16
f6      c158902      i43516640    A:00 X:02 Y:00 S:FB P:nvubdizC  $01:AA16: 68       PLA
f6      c158906      i43516641    A:EE X:02 Y:00 S:FC P:NvubdizC  $01:AA17: 38       SEC
f6      c158908      i43516642    A:EE X:02 Y:00 S:FC P:NvubdizC  $01:AA18: E9 01    SBC #$01
f6      c158910      i43516643    A:ED X:02 Y:00 S:FC P:NvubdizC  $01:AA1A: D0 EF    BNE $AA0B
f6      c158913      i43516644    A:ED X:02 Y:00 S:FC P:NvubdizC  $01:AA0B: 48       PHA
f6      c158916      i43516645    A:ED X:02 Y:00 S:FB P:NvubdizC  $01:AA0C: A9 00    LDA #$00
f6      c158918      i43516646    A:00 X:02 Y:00 S:FB P:nvubdiZC  $01:AA0E: 91 EC    STA ($EC),Y @ $0513 = #$00
f6      c158924      i43516647    A:00 X:02 Y:00 S:FB P:nvubdiZC  $01:AA10: E6 EC    INC $EC = #$13
f6      c158929      i43516648    A:00 X:02 Y:00 S:FB P:nvubdizC  $01:AA12: D0 02    BNE $AA16
f6      c158932      i43516649    A:00 X:02 Y:00 S:FB P:nvubdizC  $01:AA16: 68       PLA
f6      c158936      i43516650    A:ED X:02 Y:00 S:FC P:NvubdizC  $01:AA17: 38       SEC
f6      c158938      i43516651    A:ED X:02 Y:00 S:FC P:NvubdizC  $01:AA18: E9 01    SBC #$01
f6      c158940      i43516652    A:EC X:02 Y:00 S:FC P:NvubdizC  $01:AA1A: D0 EF    BNE $AA0B
f6      c158943      i43516653    A:EC X:02 Y:00 S:FC P:NvubdizC  $01:AA0B: 48       PHA
f6      c158946      i43516654    A:EC X:02 Y:00 S:FB P:NvubdizC  $01:AA0C: A9 00    LDA #$00
f6      c158948      i43516655    A:00 X:02 Y:00 S:FB P:nvubdiZC  $01:AA0E: 91 EC    STA ($EC),Y @ $0514 = #$00
f6      c158954      i43516656    A:00 X:02 Y:00 S:FB P:nvubdiZC  $01:AA10: E6 EC    INC $EC = #$14
f6      c158959      i43516657    A:00 X:02 Y:00 S:FB P:nvubdizC  $01:AA12: D0 02    BNE $AA16
f6      c158962      i43516658    A:00 X:02 Y:00 S:FB P:nvubdizC  $01:AA16: 68       PLA
f6      c158966      i43516659    A:EC X:02 Y:00 S:FC P:NvubdizC  $01:AA17: 38       SEC
f6      c158968      i43516660    A:EC X:02 Y:00 S:FC P:NvubdizC  $01:AA18: E9 01    SBC #$01
f6      c158970      i43516661    A:EB X:02 Y:00 S:FC P:NvubdizC  $01:AA1A: D0 EF    BNE $AA0B
f6      c158973      i43516662    A:EB X:02 Y:00 S:FC P:NvubdizC  $01:AA0B: 48       PHA
f6      c158976      i43516663    A:EB X:02 Y:00 S:FB P:NvubdizC  $01:AA0C: A9 00    LDA #$00
f6      c158978      i43516664    A:00 X:02 Y:00 S:FB P:nvubdiZC  $01:AA0E: 91 EC    STA ($EC),Y @ $0515 = #$00
f6      c158984      i43516665    A:00 X:02 Y:00 S:FB P:nvubdiZC  $01:AA10: E6 EC    INC $EC = #$15
f6      c158989      i43516666    A:00 X:02 Y:00 S:FB P:nvubdizC  $01:AA12: D0 02    BNE $AA16
f6      c158992      i43516667    A:00 X:02 Y:00 S:FB P:nvubdizC  $01:AA16: 68       PLA
f6      c158996      i43516668    A:EB X:02 Y:00 S:FC P:NvubdizC  $01:AA17: 38       SEC
f6      c159723      i43516887    A:D2 X:02 Y:00 S:FC P:NvubdizC  $01:AA0B: 48       PHA
f6      c159726      i43516888    A:D2 X:02 Y:00 S:FB P:NvubdizC  $01:AA0C: A9 00    LDA #$00
f6      c159728      i43516889    A:00 X:02 Y:00 S:FB P:nvubdiZC  $01:AA0E: 91 EC    STA ($EC),Y @ $052E = #$00
f6      c159734      i43516890    A:00 X:02 Y:00 S:FB P:nvubdiZC  $01:AA10: E6 EC    INC $EC = #$2E
f6      c159739      i43516891    A:00 X:02 Y:00 S:FB P:nvubdizC  $01:AA12: D0 02    BNE $AA16
f6      c159742      i43516892    A:00 X:02 Y:00 S:FB P:nvubdizC  $01:AA16: 68       PLA
f6      c159746      i43516893    A:D2 X:02 Y:00 S:FC P:NvubdizC  $01:AA17: 38       SEC
f6      c159748      i43516894    A:D2 X:02 Y:00 S:FC P:NvubdizC  $01:AA18: E9 01    SBC #$01
f6      c159750      i43516895    A:D1 X:02 Y:00 S:FC P:NvubdizC  $01:AA1A: D0 EF    BNE $AA0B
f6      c159753      i43516896    A:D1 X:02 Y:00 S:FC P:NvubdizC  $01:AA0B: 48       PHA
f6      c159756      i43516897    A:D1 X:02 Y:00 S:FB P:NvubdizC  $01:AA0C: A9 00    LDA #$00
f6      c159758      i43516898    A:00 X:02 Y:00 S:FB P:nvubdiZC  $01:AA0E: 91 EC    STA ($EC),Y @ $052F = #$00
f6      c159764      i43516899    A:00 X:02 Y:00 S:FB P:nvubdiZC  $01:AA10: E6 EC    INC $EC = #$2F
f6      c159769      i43516900    A:00 X:02 Y:00 S:FB P:nvubdizC  $01:AA12: D0 02    BNE $AA16
f6      c159772      i43516901    A:00 X:02 Y:00 S:FB P:nvubdizC  $01:AA16: 68       PLA
f6      c159776      i43516902    A:D1 X:02 Y:00 S:FC P:NvubdizC  $01:AA17: 38       SEC
f6      c159778      i43516903    A:D1 X:02 Y:00 S:FC P:NvubdizC  $01:AA18: E9 01    SBC #$01
f6      c159780      i43516904    A:D0 X:02 Y:00 S:FC P:NvubdizC  $01:AA1A: D0 EF    BNE $AA0B
f6      c159783      i43516905    A:D0 X:02 Y:00 S:FC P:NvubdizC  $01:AA0B: 48       PHA
f6      c159786      i43516906    A:D0 X:02 Y:00 S:FB P:NvubdizC  $01:AA0C: A9 00    LDA #$00
f6      c159788      i43516907    A:00 X:02 Y:00 S:FB P:nvubdiZC  $01:AA0E: 91 EC    STA ($EC),Y @ $0530 = #$00
f6      c159794      i43516908    A:00 X:02 Y:00 S:FB P:nvubdiZC  $01:AA10: E6 EC    INC $EC = #$30
f6      c159799      i43516909    A:00 X:02 Y:00 S:FB P:nvubdizC  $01:AA12: D0 02    BNE $AA16
f6      c159802      i43516910    A:00 X:02 Y:00 S:FB P:nvubdizC  $01:AA16: 68       PLA
f6      c159806      i43516911    A:D0 X:02 Y:00 S:FC P:NvubdizC  $01:AA17: 38       SEC
f6      c159808      i43516912    A:D0 X:02 Y:00 S:FC P:NvubdizC  $01:AA18: E9 01    SBC #$01
f6      c159810      i43516913    A:CF X:02 Y:00 S:FC P:NvubdizC  $01:AA1A: D0 EF    BNE $AA0B
f6      c159813      i43516914    A:CF X:02 Y:00 S:FC P:NvubdizC  $01:AA0B: 48       PHA
f6      c159816      i43516915    A:CF X:02 Y:00 S:FB P:NvubdizC  $01:AA0C: A9 00    LDA #$00
f6      c159818      i43516916    A:00 X:02 Y:00 S:FB P:nvubdiZC  $01:AA0E: 91 EC    STA ($EC),Y @ $0531 = #$00
f6      c159824      i43516917    A:00 X:02 Y:00 S:FB P:nvubdiZC  $01:AA10: E6 EC    INC $EC = #$31
f6      c159829      i43516918    A:00 X:02 Y:00 S:FB P:nvubdizC  $01:AA12: D0 02    BNE $AA16
f6      c159832      i43516919    A:00 X:02 Y:00 S:FB P:nvubdizC  $01:AA16: 68       PLA
f6      c159836      i43516920    A:CF X:02 Y:00 S:FC P:NvubdizC  $01:AA17: 38       SEC
f6      c159838      i43516921    A:CF X:02 Y:00 S:FC P:NvubdizC  $01:AA18: E9 01    SBC #$01
f6      c159840      i43516922    A:CE X:02 Y:00 S:FC P:NvubdizC  $01:AA1A: D0 EF    BNE $AA0B
f6      c159843      i43516923    A:CE X:02 Y:00 S:FC P:NvubdizC  $01:AA0B: 48       PHA
f6      c159846      i43516924    A:CE X:02 Y:00 S:FB P:NvubdizC  $01:AA0C: A9 00    LDA #$00
f6      c159848      i43516925    A:00 X:02 Y:00 S:FB P:nvubdiZC  $01:AA0E: 91 EC    STA ($EC),Y @ $0532 = #$00
f6      c159854      i43516926    A:00 X:02 Y:00 S:FB P:nvubdiZC  $01:AA10: E6 EC    INC $EC = #$32
f6      c159859      i43516927    A:00 X:02 Y:00 S:FB P:nvubdizC  $01:AA12: D0 02    BNE $AA16
f6      c159862      i43516928    A:00 X:02 Y:00 S:FB P:nvubdizC  $01:AA16: 68       PLA
f6      c159866      i43516929    A:CE X:02 Y:00 S:FC P:NvubdizC  $01:AA17: 38       SEC
f6      c160593      i43517148    A:B5 X:02 Y:00 S:FC P:NvubdizC  $01:AA0B: 48       PHA
f6      c160596      i43517149    A:B5 X:02 Y:00 S:FB P:NvubdizC  $01:AA0C: A9 00    LDA #$00
f6      c160598      i43517150    A:00 X:02 Y:00 S:FB P:nvubdiZC  $01:AA0E: 91 EC    STA ($EC),Y @ $054B = #$00
f6      c160604      i43517151    A:00 X:02 Y:00 S:FB P:nvubdiZC  $01:AA10: E6 EC    INC $EC = #$4B
f6      c160609      i43517152    A:00 X:02 Y:00 S:FB P:nvubdizC  $01:AA12: D0 02    BNE $AA16
f6      c160612      i43517153    A:00 X:02 Y:00 S:FB P:nvubdizC  $01:AA16: 68       PLA
f6      c160616      i43517154    A:B5 X:02 Y:00 S:FC P:NvubdizC  $01:AA17: 38       SEC
f6      c160618      i43517155    A:B5 X:02 Y:00 S:FC P:NvubdizC  $01:AA18: E9 01    SBC #$01
f6      c160620      i43517156    A:B4 X:02 Y:00 S:FC P:NvubdizC  $01:AA1A: D0 EF    BNE $AA0B
f6      c160623      i43517157    A:B4 X:02 Y:00 S:FC P:NvubdizC  $01:AA0B: 48       PHA
f6      c160626      i43517158    A:B4 X:02 Y:00 S:FB P:NvubdizC  $01:AA0C: A9 00    LDA #$00
f6      c160628      i43517159    A:00 X:02 Y:00 S:FB P:nvubdiZC  $01:AA0E: 91 EC    STA ($EC),Y @ $054C = #$00
f6      c160634      i43517160    A:00 X:02 Y:00 S:FB P:nvubdiZC  $01:AA10: E6 EC    INC $EC = #$4C
f6      c160639      i43517161    A:00 X:02 Y:00 S:FB P:nvubdizC  $01:AA12: D0 02    BNE $AA16
f6      c160642      i43517162    A:00 X:02 Y:00 S:FB P:nvubdizC  $01:AA16: 68       PLA
f6      c160646      i43517163    A:B4 X:02 Y:00 S:FC P:NvubdizC  $01:AA17: 38       SEC
f6      c160648      i43517164    A:B4 X:02 Y:00 S:FC P:NvubdizC  $01:AA18: E9 01    SBC #$01
f6      c160650      i43517165    A:B3 X:02 Y:00 S:FC P:NvubdizC  $01:AA1A: D0 EF    BNE $AA0B
f6      c160653      i43517166    A:B3 X:02 Y:00 S:FC P:NvubdizC  $01:AA0B: 48       PHA
f6      c160656      i43517167    A:B3 X:02 Y:00 S:FB P:NvubdizC  $01:AA0C: A9 00    LDA #$00
f6      c160658      i43517168    A:00 X:02 Y:00 S:FB P:nvubdiZC  $01:AA0E: 91 EC    STA ($EC),Y @ $054D = #$00
f6      c160664      i43517169    A:00 X:02 Y:00 S:FB P:nvubdiZC  $01:AA10: E6 EC    INC $EC = #$4D
f6      c160669      i43517170    A:00 X:02 Y:00 S:FB P:nvubdizC  $01:AA12: D0 02    BNE $AA16
f6      c160672      i43517171    A:00 X:02 Y:00 S:FB P:nvubdizC  $01:AA16: 68       PLA
f6      c160676      i43517172    A:B3 X:02 Y:00 S:FC P:NvubdizC  $01:AA17: 38       SEC
f6      c160678      i43517173    A:B3 X:02 Y:00 S:FC P:NvubdizC  $01:AA18: E9 01    SBC #$01
f6      c160680      i43517174    A:B2 X:02 Y:00 S:FC P:NvubdizC  $01:AA1A: D0 EF    BNE $AA0B
f6      c160683      i43517175    A:B2 X:02 Y:00 S:FC P:NvubdizC  $01:AA0B: 48       PHA
f6      c160686      i43517176    A:B2 X:02 Y:00 S:FB P:NvubdizC  $01:AA0C: A9 00    LDA #$00
f6      c160688      i43517177    A:00 X:02 Y:00 S:FB P:nvubdiZC  $01:AA0E: 91 EC    STA ($EC),Y @ $054E = #$00
f6      c160694      i43517178    A:00 X:02 Y:00 S:FB P:nvubdiZC  $01:AA10: E6 EC    INC $EC = #$4E
f6      c160699      i43517179    A:00 X:02 Y:00 S:FB P:nvubdizC  $01:AA12: D0 02    BNE $AA16
f6      c160702      i43517180    A:00 X:02 Y:00 S:FB P:nvubdizC  $01:AA16: 68       PLA
f6      c160706      i43517181    A:B2 X:02 Y:00 S:FC P:NvubdizC  $01:AA17: 38       SEC
f6      c160708      i43517182    A:B2 X:02 Y:00 S:FC P:NvubdizC  $01:AA18: E9 01    SBC #$01
f6      c160710      i43517183    A:B1 X:02 Y:00 S:FC P:NvubdizC  $01:AA1A: D0 EF    BNE $AA0B
f6      c160713      i43517184    A:B1 X:02 Y:00 S:FC P:NvubdizC  $01:AA0B: 48       PHA
f6      c160716      i43517185    A:B1 X:02 Y:00 S:FB P:NvubdizC  $01:AA0C: A9 00    LDA #$00
f6      c160718      i43517186    A:00 X:02 Y:00 S:FB P:nvubdiZC  $01:AA0E: 91 EC    STA ($EC),Y @ $054F = #$00
f6      c160724      i43517187    A:00 X:02 Y:00 S:FB P:nvubdiZC  $01:AA10: E6 EC    INC $EC = #$4F
f6      c160729      i43517188    A:00 X:02 Y:00 S:FB P:nvubdizC  $01:AA12: D0 02    BNE $AA16
f6      c160732      i43517189    A:00 X:02 Y:00 S:FB P:nvubdizC  $01:AA16: 68       PLA
f6      c160736      i43517190    A:B1 X:02 Y:00 S:FC P:NvubdizC  $01:AA17: 38       SEC
f6      c161463      i43517409    A:98 X:02 Y:00 S:FC P:NvubdizC  $01:AA0B: 48       PHA
f6      c161466      i43517410    A:98 X:02 Y:00 S:FB P:NvubdizC  $01:AA0C: A9 00    LDA #$00
f6      c161468      i43517411    A:00 X:02 Y:00 S:FB P:nvubdiZC  $01:AA0E: 91 EC    STA ($EC),Y @ $0568 = #$00
f6      c161474      i43517412    A:00 X:02 Y:00 S:FB P:nvubdiZC  $01:AA10: E6 EC    INC $EC = #$68
f6      c161479      i43517413    A:00 X:02 Y:00 S:FB P:nvubdizC  $01:AA12: D0 02    BNE $AA16
f6      c161482      i43517414    A:00 X:02 Y:00 S:FB P:nvubdizC  $01:AA16: 68       PLA
f6      c161486      i43517415    A:98 X:02 Y:00 S:FC P:NvubdizC  $01:AA17: 38       SEC
f6      c161488      i43517416    A:98 X:02 Y:00 S:FC P:NvubdizC  $01:AA18: E9 01    SBC #$01
f6      c161490      i43517417    A:97 X:02 Y:00 S:FC P:NvubdizC  $01:AA1A: D0 EF    BNE $AA0B
f6      c161493      i43517418    A:97 X:02 Y:00 S:FC P:NvubdizC  $01:AA0B: 48       PHA
f6      c161496      i43517419    A:97 X:02 Y:00 S:FB P:NvubdizC  $01:AA0C: A9 00    LDA #$00
f6      c161498      i43517420    A:00 X:02 Y:00 S:FB P:nvubdiZC  $01:AA0E: 91 EC    STA ($EC),Y @ $0569 = #$00
f6      c161504      i43517421    A:00 X:02 Y:00 S:FB P:nvubdiZC  $01:AA10: E6 EC    INC $EC = #$69
f6      c161509      i43517422    A:00 X:02 Y:00 S:FB P:nvubdizC  $01:AA12: D0 02    BNE $AA16
f6      c161512      i43517423    A:00 X:02 Y:00 S:FB P:nvubdizC  $01:AA16: 68       PLA
f6      c161516      i43517424    A:97 X:02 Y:00 S:FC P:NvubdizC  $01:AA17: 38       SEC
f6      c161518      i43517425    A:97 X:02 Y:00 S:FC P:NvubdizC  $01:AA18: E9 01    SBC #$01
f6      c161520      i43517426    A:96 X:02 Y:00 S:FC P:NvubdizC  $01:AA1A: D0 EF    BNE $AA0B
f6      c161523      i43517427    A:96 X:02 Y:00 S:FC P:NvubdizC  $01:AA0B: 48       PHA
f6      c161526      i43517428    A:96 X:02 Y:00 S:FB P:NvubdizC  $01:AA0C: A9 00    LDA #$00
f6      c161528      i43517429    A:00 X:02 Y:00 S:FB P:nvubdiZC  $01:AA0E: 91 EC    STA ($EC),Y @ $056A = #$00
f6      c161534      i43517430    A:00 X:02 Y:00 S:FB P:nvubdiZC  $01:AA10: E6 EC    INC $EC = #$6A
f6      c161539      i43517431    A:00 X:02 Y:00 S:FB P:nvubdizC  $01:AA12: D0 02    BNE $AA16
f6      c161542      i43517432    A:00 X:02 Y:00 S:FB P:nvubdizC  $01:AA16: 68       PLA
f6      c161546      i43517433    A:96 X:02 Y:00 S:FC P:NvubdizC  $01:AA17: 38       SEC
f6      c161548      i43517434    A:96 X:02 Y:00 S:FC P:NvubdizC  $01:AA18: E9 01    SBC #$01
f6      c161550      i43517435    A:95 X:02 Y:00 S:FC P:NvubdizC  $01:AA1A: D0 EF    BNE $AA0B
f6      c161553      i43517436    A:95 X:02 Y:00 S:FC P:NvubdizC  $01:AA0B: 48       PHA
f6      c161556      i43517437    A:95 X:02 Y:00 S:FB P:NvubdizC  $01:AA0C: A9 00    LDA #$00
f6      c161558      i43517438    A:00 X:02 Y:00 S:FB P:nvubdiZC  $01:AA0E: 91 EC    STA ($EC),Y @ $056B = #$00
f6      c161564      i43517439    A:00 X:02 Y:00 S:FB P:nvubdiZC  $01:AA10: E6 EC    INC $EC = #$6B
f6      c161569      i43517440    A:00 X:02 Y:00 S:FB P:nvubdizC  $01:AA12: D0 02    BNE $AA16
f6      c161572      i43517441    A:00 X:02 Y:00 S:FB P:nvubdizC  $01:AA16: 68       PLA
f6      c161576      i43517442    A:95 X:02 Y:00 S:FC P:NvubdizC  $01:AA17: 38       SEC
f6      c161578      i43517443    A:95 X:02 Y:00 S:FC P:NvubdizC  $01:AA18: E9 01    SBC #$01
f6      c161580      i43517444    A:94 X:02 Y:00 S:FC P:NvubdizC  $01:AA1A: D0 EF    BNE $AA0B
f6      c161583      i43517445    A:94 X:02 Y:00 S:FC P:NvubdizC  $01:AA0B: 48       PHA
f6      c161586      i43517446    A:94 X:02 Y:00 S:FB P:NvubdizC  $01:AA0C: A9 00    LDA #$00
f6      c161588      i43517447    A:00 X:02 Y:00 S:FB P:nvubdiZC  $01:AA0E: 91 EC    STA ($EC),Y @ $056C = #$00
f6      c161594      i43517448    A:00 X:02 Y:00 S:FB P:nvubdiZC  $01:AA10: E6 EC    INC $EC = #$6C
f6      c161599      i43517449    A:00 X:02 Y:00 S:FB P:nvubdizC  $01:AA12: D0 02    BNE $AA16
f6      c161602      i43517450    A:00 X:02 Y:00 S:FB P:nvubdizC  $01:AA16: 68       PLA
f6      c161606      i43517451    A:94 X:02 Y:00 S:FC P:NvubdizC  $01:AA17: 38       SEC
f6      c162333      i43517670    A:7B X:02 Y:00 S:FC P:nvubdizC  $01:AA0B: 48       PHA
f6      c162336      i43517671    A:7B X:02 Y:00 S:FB P:nvubdizC  $01:AA0C: A9 00    LDA #$00
f6      c162338      i43517672    A:00 X:02 Y:00 S:FB P:nvubdiZC  $01:AA0E: 91 EC    STA ($EC),Y @ $0585 = #$00
f6      c162344      i43517673    A:00 X:02 Y:00 S:FB P:nvubdiZC  $01:AA10: E6 EC    INC $EC = #$85
f6      c162349      i43517674    A:00 X:02 Y:00 S:FB P:NvubdizC  $01:AA12: D0 02    BNE $AA16
f6      c162352      i43517675    A:00 X:02 Y:00 S:FB P:NvubdizC  $01:AA16: 68       PLA
f6      c162356      i43517676    A:7B X:02 Y:00 S:FC P:nvubdizC  $01:AA17: 38       SEC
f6      c162358      i43517677    A:7B X:02 Y:00 S:FC P:nvubdizC  $01:AA18: E9 01    SBC #$01
f6      c162360      i43517678    A:7A X:02 Y:00 S:FC P:nvubdizC  $01:AA1A: D0 EF    BNE $AA0B
f6      c162363      i43517679    A:7A X:02 Y:00 S:FC P:nvubdizC  $01:AA0B: 48       PHA
f6      c162366      i43517680    A:7A X:02 Y:00 S:FB P:nvubdizC  $01:AA0C: A9 00    LDA #$00
f6      c162368      i43517681    A:00 X:02 Y:00 S:FB P:nvubdiZC  $01:AA0E: 91 EC    STA ($EC),Y @ $0586 = #$00
f6      c162374      i43517682    A:00 X:02 Y:00 S:FB P:nvubdiZC  $01:AA10: E6 EC    INC $EC = #$86
f6      c162379      i43517683    A:00 X:02 Y:00 S:FB P:NvubdizC  $01:AA12: D0 02    BNE $AA16
f6      c162382      i43517684    A:00 X:02 Y:00 S:FB P:NvubdizC  $01:AA16: 68       PLA
f6      c162386      i43517685    A:7A X:02 Y:00 S:FC P:nvubdizC  $01:AA17: 38       SEC
f6      c162388      i43517686    A:7A X:02 Y:00 S:FC P:nvubdizC  $01:AA18: E9 01    SBC #$01
f6      c162390      i43517687    A:79 X:02 Y:00 S:FC P:nvubdizC  $01:AA1A: D0 EF    BNE $AA0B
f6      c162393      i43517688    A:79 X:02 Y:00 S:FC P:nvubdizC  $01:AA0B: 48       PHA
f6      c162396      i43517689    A:79 X:02 Y:00 S:FB P:nvubdizC  $01:AA0C: A9 00    LDA #$00
f6      c162398      i43517690    A:00 X:02 Y:00 S:FB P:nvubdiZC  $01:AA0E: 91 EC    STA ($EC),Y @ $0587 = #$00
f6      c162404      i43517691    A:00 X:02 Y:00 S:FB P:nvubdiZC  $01:AA10: E6 EC    INC $EC = #$87
f6      c162409      i43517692    A:00 X:02 Y:00 S:FB P:NvubdizC  $01:AA12: D0 02    BNE $AA16
f6      c162412      i43517693    A:00 X:02 Y:00 S:FB P:NvubdizC  $01:AA16: 68       PLA
f6      c162416      i43517694    A:79 X:02 Y:00 S:FC P:nvubdizC  $01:AA17: 38       SEC
f6      c162418      i43517695    A:79 X:02 Y:00 S:FC P:nvubdizC  $01:AA18: E9 01    SBC #$01
f6      c162420      i43517696    A:78 X:02 Y:00 S:FC P:nvubdizC  $01:AA1A: D0 EF    BNE $AA0B
f6      c162423      i43517697    A:78 X:02 Y:00 S:FC P:nvubdizC  $01:AA0B: 48       PHA
f6      c162426      i43517698    A:78 X:02 Y:00 S:FB P:nvubdizC  $01:AA0C: A9 00    LDA #$00
f6      c162428      i43517699    A:00 X:02 Y:00 S:FB P:nvubdiZC  $01:AA0E: 91 EC    STA ($EC),Y @ $0588 = #$00
f6      c162434      i43517700    A:00 X:02 Y:00 S:FB P:nvubdiZC  $01:AA10: E6 EC    INC $EC = #$88
f6      c162439      i43517701    A:00 X:02 Y:00 S:FB P:NvubdizC  $01:AA12: D0 02    BNE $AA16
f6      c162442      i43517702    A:00 X:02 Y:00 S:FB P:NvubdizC  $01:AA16: 68       PLA
f6      c162446      i43517703    A:78 X:02 Y:00 S:FC P:nvubdizC  $01:AA17: 38       SEC
f6      c162448      i43517704    A:78 X:02 Y:00 S:FC P:nvubdizC  $01:AA18: E9 01    SBC #$01
f6      c162450      i43517705    A:77 X:02 Y:00 S:FC P:nvubdizC  $01:AA1A: D0 EF    BNE $AA0B
f6      c162453      i43517706    A:77 X:02 Y:00 S:FC P:nvubdizC  $01:AA0B: 48       PHA
f6      c162456      i43517707    A:77 X:02 Y:00 S:FB P:nvubdizC  $01:AA0C: A9 00    LDA #$00
f6      c162458      i43517708    A:00 X:02 Y:00 S:FB P:nvubdiZC  $01:AA0E: 91 EC    STA ($EC),Y @ $0589 = #$00
f6      c162464      i43517709    A:00 X:02 Y:00 S:FB P:nvubdiZC  $01:AA10: E6 EC    INC $EC = #$89
f6      c162469      i43517710    A:00 X:02 Y:00 S:FB P:NvubdizC  $01:AA12: D0 02    BNE $AA16
f6      c162472      i43517711    A:00 X:02 Y:00 S:FB P:NvubdizC  $01:AA16: 68       PLA
f6      c162476      i43517712    A:77 X:02 Y:00 S:FC P:nvubdizC  $01:AA17: 38       SEC
f6      c163203      i43517931    A:5E X:02 Y:00 S:FC P:nvubdizC  $01:AA0B: 48       PHA
f6      c163206      i43517932    A:5E X:02 Y:00 S:FB P:nvubdizC  $01:AA0C: A9 00    LDA #$00
f6      c163208      i43517933    A:00 X:02 Y:00 S:FB P:nvubdiZC  $01:AA0E: 91 EC    STA ($EC),Y @ $05A2 = #$00
f6      c163214      i43517934    A:00 X:02 Y:00 S:FB P:nvubdiZC  $01:AA10: E6 EC    INC $EC = #$A2
f6      c163219      i43517935    A:00 X:02 Y:00 S:FB P:NvubdizC  $01:AA12: D0 02    BNE $AA16
f6      c163222      i43517936    A:00 X:02 Y:00 S:FB P:NvubdizC  $01:AA16: 68       PLA
f6      c163226      i43517937    A:5E X:02 Y:00 S:FC P:nvubdizC  $01:AA17: 38       SEC
f6      c163228      i43517938    A:5E X:02 Y:00 S:FC P:nvubdizC  $01:AA18: E9 01    SBC #$01
f6      c163230      i43517939    A:5D X:02 Y:00 S:FC P:nvubdizC  $01:AA1A: D0 EF    BNE $AA0B
f6      c163233      i43517940    A:5D X:02 Y:00 S:FC P:nvubdizC  $01:AA0B: 48       PHA
f6      c163236      i43517941    A:5D X:02 Y:00 S:FB P:nvubdizC  $01:AA0C: A9 00    LDA #$00
f6      c163238      i43517942    A:00 X:02 Y:00 S:FB P:nvubdiZC  $01:AA0E: 91 EC    STA ($EC),Y @ $05A3 = #$00
f6      c163244      i43517943    A:00 X:02 Y:00 S:FB P:nvubdiZC  $01:AA10: E6 EC    INC $EC = #$A3
f6      c163249      i43517944    A:00 X:02 Y:00 S:FB P:NvubdizC  $01:AA12: D0 02    BNE $AA16
f6      c163252      i43517945    A:00 X:02 Y:00 S:FB P:NvubdizC  $01:AA16: 68       PLA
f6      c163256      i43517946    A:5D X:02 Y:00 S:FC P:nvubdizC  $01:AA17: 38       SEC
f6      c163258      i43517947    A:5D X:02 Y:00 S:FC P:nvubdizC  $01:AA18: E9 01    SBC #$01
f6      c163260      i43517948    A:5C X:02 Y:00 S:FC P:nvubdizC  $01:AA1A: D0 EF    BNE $AA0B
f6      c163263      i43517949    A:5C X:02 Y:00 S:FC P:nvubdizC  $01:AA0B: 48       PHA
f6      c163266      i43517950    A:5C X:02 Y:00 S:FB P:nvubdizC  $01:AA0C: A9 00    LDA #$00
f6      c163268      i43517951    A:00 X:02 Y:00 S:FB P:nvubdiZC  $01:AA0E: 91 EC    STA ($EC),Y @ $05A4 = #$00
f6      c163274      i43517952    A:00 X:02 Y:00 S:FB P:nvubdiZC  $01:AA10: E6 EC    INC $EC = #$A4
f6      c163279      i43517953    A:00 X:02 Y:00 S:FB P:NvubdizC  $01:AA12: D0 02    BNE $AA16
f6      c163282      i43517954    A:00 X:02 Y:00 S:FB P:NvubdizC  $01:AA16: 68       PLA
f6      c163286      i43517955    A:5C X:02 Y:00 S:FC P:nvubdizC  $01:AA17: 38       SEC
f6      c163288      i43517956    A:5C X:02 Y:00 S:FC P:nvubdizC  $01:AA18: E9 01    SBC #$01
f6      c163290      i43517957    A:5B X:02 Y:00 S:FC P:nvubdizC  $01:AA1A: D0 EF    BNE $AA0B
f6      c163293      i43517958    A:5B X:02 Y:00 S:FC P:nvubdizC  $01:AA0B: 48       PHA
f6      c163296      i43517959    A:5B X:02 Y:00 S:FB P:nvubdizC  $01:AA0C: A9 00    LDA #$00
f6      c163298      i43517960    A:00 X:02 Y:00 S:FB P:nvubdiZC  $01:AA0E: 91 EC    STA ($EC),Y @ $05A5 = #$00
f6      c163304      i43517961    A:00 X:02 Y:00 S:FB P:nvubdiZC  $01:AA10: E6 EC    INC $EC = #$A5
f6      c163309      i43517962    A:00 X:02 Y:00 S:FB P:NvubdizC  $01:AA12: D0 02    BNE $AA16
f6      c163312      i43517963    A:00 X:02 Y:00 S:FB P:NvubdizC  $01:AA16: 68       PLA
f6      c163316      i43517964    A:5B X:02 Y:00 S:FC P:nvubdizC  $01:AA17: 38       SEC
f6      c163318      i43517965    A:5B X:02 Y:00 S:FC P:nvubdizC  $01:AA18: E9 01    SBC #$01
f6      c163320      i43517966    A:5A X:02 Y:00 S:FC P:nvubdizC  $01:AA1A: D0 EF    BNE $AA0B
f6      c163323      i43517967    A:5A X:02 Y:00 S:FC P:nvubdizC  $01:AA0B: 48       PHA
f6      c163326      i43517968    A:5A X:02 Y:00 S:FB P:nvubdizC  $01:AA0C: A9 00    LDA #$00
f6      c163328      i43517969    A:00 X:02 Y:00 S:FB P:nvubdiZC  $01:AA0E: 91 EC    STA ($EC),Y @ $05A6 = #$00
f6      c163334      i43517970    A:00 X:02 Y:00 S:FB P:nvubdiZC  $01:AA10: E6 EC    INC $EC = #$A6
f6      c163339      i43517971    A:00 X:02 Y:00 S:FB P:NvubdizC  $01:AA12: D0 02    BNE $AA16
f6      c163342      i43517972    A:00 X:02 Y:00 S:FB P:NvubdizC  $01:AA16: 68       PLA
f6      c163346      i43517973    A:5A X:02 Y:00 S:FC P:nvubdizC  $01:AA17: 38       SEC
f6      c164073      i43518192    A:41 X:02 Y:00 S:FC P:nvubdizC  $01:AA0B: 48       PHA
f6      c164076      i43518193    A:41 X:02 Y:00 S:FB P:nvubdizC  $01:AA0C: A9 00    LDA #$00
f6      c164078      i43518194    A:00 X:02 Y:00 S:FB P:nvubdiZC  $01:AA0E: 91 EC    STA ($EC),Y @ $05BF = #$00
f6      c164084      i43518195    A:00 X:02 Y:00 S:FB P:nvubdiZC  $01:AA10: E6 EC    INC $EC = #$BF
f6      c164089      i43518196    A:00 X:02 Y:00 S:FB P:NvubdizC  $01:AA12: D0 02    BNE $AA16
f6      c164092      i43518197    A:00 X:02 Y:00 S:FB P:NvubdizC  $01:AA16: 68       PLA
f6      c164096      i43518198    A:41 X:02 Y:00 S:FC P:nvubdizC  $01:AA17: 38       SEC
f6      c164098      i43518199    A:41 X:02 Y:00 S:FC P:nvubdizC  $01:AA18: E9 01    SBC #$01
f6      c164100      i43518200    A:40 X:02 Y:00 S:FC P:nvubdizC  $01:AA1A: D0 EF    BNE $AA0B
f6      c164103      i43518201    A:40 X:02 Y:00 S:FC P:nvubdizC  $01:AA0B: 48       PHA
f6      c164106      i43518202    A:40 X:02 Y:00 S:FB P:nvubdizC  $01:AA0C: A9 00    LDA #$00
f6      c164108      i43518203    A:00 X:02 Y:00 S:FB P:nvubdiZC  $01:AA0E: 91 EC    STA ($EC),Y @ $05C0 = #$00
f6      c164114      i43518204    A:00 X:02 Y:00 S:FB P:nvubdiZC  $01:AA10: E6 EC    INC $EC = #$C0
f6      c164119      i43518205    A:00 X:02 Y:00 S:FB P:NvubdizC  $01:AA12: D0 02    BNE $AA16
f6      c164122      i43518206    A:00 X:02 Y:00 S:FB P:NvubdizC  $01:AA16: 68       PLA
f6      c164126      i43518207    A:40 X:02 Y:00 S:FC P:nvubdizC  $01:AA17: 38       SEC
f6      c164128      i43518208    A:40 X:02 Y:00 S:FC P:nvubdizC  $01:AA18: E9 01    SBC #$01
f6      c164130      i43518209    A:3F X:02 Y:00 S:FC P:nvubdizC  $01:AA1A: D0 EF    BNE $AA0B
f6      c164133      i43518210    A:3F X:02 Y:00 S:FC P:nvubdizC  $01:AA0B: 48       PHA
f6      c164136      i43518211    A:3F X:02 Y:00 S:FB P:nvubdizC  $01:AA0C: A9 00    LDA #$00
f6      c164138      i43518212    A:00 X:02 Y:00 S:FB P:nvubdiZC  $01:AA0E: 91 EC    STA ($EC),Y @ $05C1 = #$00
f6      c164144      i43518213    A:00 X:02 Y:00 S:FB P:nvubdiZC  $01:AA10: E6 EC    INC $EC = #$C1
f6      c164149      i43518214    A:00 X:02 Y:00 S:FB P:NvubdizC  $01:AA12: D0 02    BNE $AA16
f6      c164152      i43518215    A:00 X:02 Y:00 S:FB P:NvubdizC  $01:AA16: 68       PLA
f6      c164156      i43518216    A:3F X:02 Y:00 S:FC P:nvubdizC  $01:AA17: 38       SEC
f6      c164158      i43518217    A:3F X:02 Y:00 S:FC P:nvubdizC  $01:AA18: E9 01    SBC #$01
f6      c164160      i43518218    A:3E X:02 Y:00 S:FC P:nvubdizC  $01:AA1A: D0 EF    BNE $AA0B
f6      c164163      i43518219    A:3E X:02 Y:00 S:FC P:nvubdizC  $01:AA0B: 48       PHA
f6      c164166      i43518220    A:3E X:02 Y:00 S:FB P:nvubdizC  $01:AA0C: A9 00    LDA #$00
f6      c164168      i43518221    A:00 X:02 Y:00 S:FB P:nvubdiZC  $01:AA0E: 91 EC    STA ($EC),Y @ $05C2 = #$00
f6      c164174      i43518222    A:00 X:02 Y:00 S:FB P:nvubdiZC  $01:AA10: E6 EC    INC $EC = #$C2
f6      c164179      i43518223    A:00 X:02 Y:00 S:FB P:NvubdizC  $01:AA12: D0 02    BNE $AA16
f6      c164182      i43518224    A:00 X:02 Y:00 S:FB P:NvubdizC  $01:AA16: 68       PLA
f6      c164186      i43518225    A:3E X:02 Y:00 S:FC P:nvubdizC  $01:AA17: 38       SEC
f6      c164188      i43518226    A:3E X:02 Y:00 S:FC P:nvubdizC  $01:AA18: E9 01    SBC #$01
f6      c164190      i43518227    A:3D X:02 Y:00 S:FC P:nvubdizC  $01:AA1A: D0 EF    BNE $AA0B
f6      c164193      i43518228    A:3D X:02 Y:00 S:FC P:nvubdizC  $01:AA0B: 48       PHA
f6      c164196      i43518229    A:3D X:02 Y:00 S:FB P:nvubdizC  $01:AA0C: A9 00    LDA #$00
f6      c164198      i43518230    A:00 X:02 Y:00 S:FB P:nvubdiZC  $01:AA0E: 91 EC    STA ($EC),Y @ $05C3 = #$00
f6      c164204      i43518231    A:00 X:02 Y:00 S:FB P:nvubdiZC  $01:AA10: E6 EC    INC $EC = #$C3
f6      c164209      i43518232    A:00 X:02 Y:00 S:FB P:NvubdizC  $01:AA12: D0 02    BNE $AA16
f6      c164212      i43518233    A:00 X:02 Y:00 S:FB P:NvubdizC  $01:AA16: 68       PLA
f6      c164216      i43518234    A:3D X:02 Y:00 S:FC P:nvubdizC  $01:AA17: 38       SEC
f6      c164943      i43518453    A:24 X:02 Y:00 S:FC P:nvubdizC  $01:AA0B: 48       PHA
f6      c164946      i43518454    A:24 X:02 Y:00 S:FB P:nvubdizC  $01:AA0C: A9 00    LDA #$00
f6      c164948      i43518455    A:00 X:02 Y:00 S:FB P:nvubdiZC  $01:AA0E: 91 EC    STA ($EC),Y @ $05DC = #$00
f6      c164954      i43518456    A:00 X:02 Y:00 S:FB P:nvubdiZC  $01:AA10: E6 EC    INC $EC = #$DC
f6      c164959      i43518457    A:00 X:02 Y:00 S:FB P:NvubdizC  $01:AA12: D0 02    BNE $AA16
f6      c164962      i43518458    A:00 X:02 Y:00 S:FB P:NvubdizC  $01:AA16: 68       PLA
f6      c164966      i43518459    A:24 X:02 Y:00 S:FC P:nvubdizC  $01:AA17: 38       SEC
f6      c164968      i43518460    A:24 X:02 Y:00 S:FC P:nvubdizC  $01:AA18: E9 01    SBC #$01
f6      c164970      i43518461    A:23 X:02 Y:00 S:FC P:nvubdizC  $01:AA1A: D0 EF    BNE $AA0B
f6      c164973      i43518462    A:23 X:02 Y:00 S:FC P:nvubdizC  $01:AA0B: 48       PHA
f6      c164976      i43518463    A:23 X:02 Y:00 S:FB P:nvubdizC  $01:AA0C: A9 00    LDA #$00
f6      c164978      i43518464    A:00 X:02 Y:00 S:FB P:nvubdiZC  $01:AA0E: 91 EC    STA ($EC),Y @ $05DD = #$00
f6      c164984      i43518465    A:00 X:02 Y:00 S:FB P:nvubdiZC  $01:AA10: E6 EC    INC $EC = #$DD
f6      c164989      i43518466    A:00 X:02 Y:00 S:FB P:NvubdizC  $01:AA12: D0 02    BNE $AA16
f6      c164992      i43518467    A:00 X:02 Y:00 S:FB P:NvubdizC  $01:AA16: 68       PLA
f6      c164996      i43518468    A:23 X:02 Y:00 S:FC P:nvubdizC  $01:AA17: 38       SEC
f6      c164998      i43518469    A:23 X:02 Y:00 S:FC P:nvubdizC  $01:AA18: E9 01    SBC #$01
f6      c165000      i43518470    A:22 X:02 Y:00 S:FC P:nvubdizC  $01:AA1A: D0 EF    BNE $AA0B
f6      c165003      i43518471    A:22 X:02 Y:00 S:FC P:nvubdizC  $01:AA0B: 48       PHA
f6      c165006      i43518472    A:22 X:02 Y:00 S:FB P:nvubdizC  $01:AA0C: A9 00    LDA #$00
f6      c165008      i43518473    A:00 X:02 Y:00 S:FB P:nvubdiZC  $01:AA0E: 91 EC    STA ($EC),Y @ $05DE = #$00
f6      c165014      i43518474    A:00 X:02 Y:00 S:FB P:nvubdiZC  $01:AA10: E6 EC    INC $EC = #$DE
f6      c165019      i43518475    A:00 X:02 Y:00 S:FB P:NvubdizC  $01:AA12: D0 02    BNE $AA16
f6      c165022      i43518476    A:00 X:02 Y:00 S:FB P:NvubdizC  $01:AA16: 68       PLA
f6      c165026      i43518477    A:22 X:02 Y:00 S:FC P:nvubdizC  $01:AA17: 38       SEC
f6      c165028      i43518478    A:22 X:02 Y:00 S:FC P:nvubdizC  $01:AA18: E9 01    SBC #$01
f6      c165030      i43518479    A:21 X:02 Y:00 S:FC P:nvubdizC  $01:AA1A: D0 EF    BNE $AA0B
f6      c165033      i43518480    A:21 X:02 Y:00 S:FC P:nvubdizC  $01:AA0B: 48       PHA
f6      c165036      i43518481    A:21 X:02 Y:00 S:FB P:nvubdizC  $01:AA0C: A9 00    LDA #$00
f6      c165038      i43518482    A:00 X:02 Y:00 S:FB P:nvubdiZC  $01:AA0E: 91 EC    STA ($EC),Y @ $05DF = #$00
f6      c165044      i43518483    A:00 X:02 Y:00 S:FB P:nvubdiZC  $01:AA10: E6 EC    INC $EC = #$DF
f6      c165049      i43518484    A:00 X:02 Y:00 S:FB P:NvubdizC  $01:AA12: D0 02    BNE $AA16
f6      c165052      i43518485    A:00 X:02 Y:00 S:FB P:NvubdizC  $01:AA16: 68       PLA
f6      c165056      i43518486    A:21 X:02 Y:00 S:FC P:nvubdizC  $01:AA17: 38       SEC
f6      c165058      i43518487    A:21 X:02 Y:00 S:FC P:nvubdizC  $01:AA18: E9 01    SBC #$01
f6      c165060      i43518488    A:20 X:02 Y:00 S:FC P:nvubdizC  $01:AA1A: D0 EF    BNE $AA0B
f6      c165063      i43518489    A:20 X:02 Y:00 S:FC P:nvubdizC  $01:AA0B: 48       PHA
f6      c165066      i43518490    A:20 X:02 Y:00 S:FB P:nvubdizC  $01:AA0C: A9 00    LDA #$00
f6      c165068      i43518491    A:00 X:02 Y:00 S:FB P:nvubdiZC  $01:AA0E: 91 EC    STA ($EC),Y @ $05E0 = #$00
f6      c165074      i43518492    A:00 X:02 Y:00 S:FB P:nvubdiZC  $01:AA10: E6 EC    INC $EC = #$E0
f6      c165079      i43518493    A:00 X:02 Y:00 S:FB P:NvubdizC  $01:AA12: D0 02    BNE $AA16
f6      c165082      i43518494    A:00 X:02 Y:00 S:FB P:NvubdizC  $01:AA16: 68       PLA
f6      c165086      i43518495    A:20 X:02 Y:00 S:FC P:nvubdizC  $01:AA17: 38       SEC
f6      c165813      i43518714    A:07 X:02 Y:00 S:FC P:nvubdizC  $01:AA0B: 48       PHA
f6      c165816      i43518715    A:07 X:02 Y:00 S:FB P:nvubdizC  $01:AA0C: A9 00    LDA #$00
f6      c165818      i43518716    A:00 X:02 Y:00 S:FB P:nvubdiZC  $01:AA0E: 91 EC    STA ($EC),Y @ $05F9 = #$00
f6      c165824      i43518717    A:00 X:02 Y:00 S:FB P:nvubdiZC  $01:AA10: E6 EC    INC $EC = #$F9
f6      c165829      i43518718    A:00 X:02 Y:00 S:FB P:NvubdizC  $01:AA12: D0 02    BNE $AA16
f6      c165832      i43518719    A:00 X:02 Y:00 S:FB P:NvubdizC  $01:AA16: 68       PLA
f6      c165836      i43518720    A:07 X:02 Y:00 S:FC P:nvubdizC  $01:AA17: 38       SEC
f6      c165838      i43518721    A:07 X:02 Y:00 S:FC P:nvubdizC  $01:AA18: E9 01    SBC #$01
f6      c165840      i43518722    A:06 X:02 Y:00 S:FC P:nvubdizC  $01:AA1A: D0 EF    BNE $AA0B
f6      c165843      i43518723    A:06 X:02 Y:00 S:FC P:nvubdizC  $01:AA0B: 48       PHA
f6      c165846      i43518724    A:06 X:02 Y:00 S:FB P:nvubdizC  $01:AA0C: A9 00    LDA #$00
f6      c165848      i43518725    A:00 X:02 Y:00 S:FB P:nvubdiZC  $01:AA0E: 91 EC    STA ($EC),Y @ $05FA = #$00
f6      c165854      i43518726    A:00 X:02 Y:00 S:FB P:nvubdiZC  $01:AA10: E6 EC    INC $EC = #$FA
f6      c165859      i43518727    A:00 X:02 Y:00 S:FB P:NvubdizC  $01:AA12: D0 02    BNE $AA16
f6      c165862      i43518728    A:00 X:02 Y:00 S:FB P:NvubdizC  $01:AA16: 68       PLA
f6      c165866      i43518729    A:06 X:02 Y:00 S:FC P:nvubdizC  $01:AA17: 38       SEC
f6      c165868      i43518730    A:06 X:02 Y:00 S:FC P:nvubdizC  $01:AA18: E9 01    SBC #$01
f6      c165870      i43518731    A:05 X:02 Y:00 S:FC P:nvubdizC  $01:AA1A: D0 EF    BNE $AA0B
f6      c165873      i43518732    A:05 X:02 Y:00 S:FC P:nvubdizC  $01:AA0B: 48       PHA
f6      c165876      i43518733    A:05 X:02 Y:00 S:FB P:nvubdizC  $01:AA0C: A9 00    LDA #$00
f6      c165878      i43518734    A:00 X:02 Y:00 S:FB P:nvubdiZC  $01:AA0E: 91 EC    STA ($EC),Y @ $05FB = #$00
f6      c165884      i43518735    A:00 X:02 Y:00 S:FB P:nvubdiZC  $01:AA10: E6 EC    INC $EC = #$FB
f6      c165889      i43518736    A:00 X:02 Y:00 S:FB P:NvubdizC  $01:AA12: D0 02    BNE $AA16
f6      c165892      i43518737    A:00 X:02 Y:00 S:FB P:NvubdizC  $01:AA16: 68       PLA
f6      c165896      i43518738    A:05 X:02 Y:00 S:FC P:nvubdizC  $01:AA17: 38       SEC
f6      c165898      i43518739    A:05 X:02 Y:00 S:FC P:nvubdizC  $01:AA18: E9 01    SBC #$01
f6      c165900      i43518740    A:04 X:02 Y:00 S:FC P:nvubdizC  $01:AA1A: D0 EF    BNE $AA0B
f6      c165903      i43518741    A:04 X:02 Y:00 S:FC P:nvubdizC  $01:AA0B: 48       PHA
f6      c165906      i43518742    A:04 X:02 Y:00 S:FB P:nvubdizC  $01:AA0C: A9 00    LDA #$00
f6      c165908      i43518743    A:00 X:02 Y:00 S:FB P:nvubdiZC  $01:AA0E: 91 EC    STA ($EC),Y @ $05FC = #$00
f6      c165914      i43518744    A:00 X:02 Y:00 S:FB P:nvubdiZC  $01:AA10: E6 EC    INC $EC = #$FC
f6      c165919      i43518745    A:00 X:02 Y:00 S:FB P:NvubdizC  $01:AA12: D0 02    BNE $AA16
f6      c165922      i43518746    A:00 X:02 Y:00 S:FB P:NvubdizC  $01:AA16: 68       PLA
f6      c165926      i43518747    A:04 X:02 Y:00 S:FC P:nvubdizC  $01:AA17: 38       SEC
f6      c165928      i43518748    A:04 X:02 Y:00 S:FC P:nvubdizC  $01:AA18: E9 01    SBC #$01
f6      c165930      i43518749    A:03 X:02 Y:00 S:FC P:nvubdizC  $01:AA1A: D0 EF    BNE $AA0B
f6      c165933      i43518750    A:03 X:02 Y:00 S:FC P:nvubdizC  $01:AA0B: 48       PHA
f6      c165936      i43518751    A:03 X:02 Y:00 S:FB P:nvubdizC  $01:AA0C: A9 00    LDA #$00
f6      c165938      i43518752    A:00 X:02 Y:00 S:FB P:nvubdiZC  $01:AA0E: 91 EC    STA ($EC),Y @ $05FD = #$00
f6      c165944      i43518753    A:00 X:02 Y:00 S:FB P:nvubdiZC  $01:AA10: E6 EC    INC $EC = #$FD
f6      c165949      i43518754    A:00 X:02 Y:00 S:FB P:NvubdizC  $01:AA12: D0 02    BNE $AA16
f6      c165952      i43518755    A:00 X:02 Y:00 S:FB P:NvubdizC  $01:AA16: 68       PLA
f6      c165956      i43518756    A:03 X:02 Y:00 S:FC P:nvubdizC  $01:AA17: 38       SEC
f6      c166391      i43518888    A:F4 X:01 Y:00 S:FC P:NvubdizC  $01:AA0B: 48       PHA
f6      c166394      i43518889    A:F4 X:01 Y:00 S:FB P:NvubdizC  $01:AA0C: A9 00    LDA #$00
f6      c166396      i43518890    A:00 X:01 Y:00 S:FB P:nvubdiZC  $01:AA0E: 91 EC    STA ($EC),Y @ $060C = #$00
f6      c166402      i43518891    A:00 X:01 Y:00 S:FB P:nvubdiZC  $01:AA10: E6 EC    INC $EC = #$0C
f6      c166407      i43518892    A:00 X:01 Y:00 S:FB P:nvubdizC  $01:AA12: D0 02    BNE $AA16
f6      c166410      i43518893    A:00 X:01 Y:00 S:FB P:nvubdizC  $01:AA16: 68       PLA
f6      c166414      i43518894    A:F4 X:01 Y:00 S:FC P:NvubdizC  $01:AA17: 38       SEC
f6      c166416      i43518895    A:F4 X:01 Y:00 S:FC P:NvubdizC  $01:AA18: E9 01    SBC #$01
f6      c166418      i43518896    A:F3 X:01 Y:00 S:FC P:NvubdizC  $01:AA1A: D0 EF    BNE $AA0B
f6      c166421      i43518897    A:F3 X:01 Y:00 S:FC P:NvubdizC  $01:AA0B: 48       PHA
f6      c166424      i43518898    A:F3 X:01 Y:00 S:FB P:NvubdizC  $01:AA0C: A9 00    LDA #$00
f6      c166426      i43518899    A:00 X:01 Y:00 S:FB P:nvubdiZC  $01:AA0E: 91 EC    STA ($EC),Y @ $060D = #$00
f6      c166432      i43518900    A:00 X:01 Y:00 S:FB P:nvubdiZC  $01:AA10: E6 EC    INC $EC = #$0D
f6      c166437      i43518901    A:00 X:01 Y:00 S:FB P:nvubdizC  $01:AA12: D0 02    BNE $AA16
f6      c166440      i43518902    A:00 X:01 Y:00 S:FB P:nvubdizC  $01:AA16: 68       PLA
f6      c166444      i43518903    A:F3 X:01 Y:00 S:FC P:NvubdizC  $01:AA17: 38       SEC
f6      c166446      i43518904    A:F3 X:01 Y:00 S:FC P:NvubdizC  $01:AA18: E9 01    SBC #$01
f6      c166448      i43518905    A:F2 X:01 Y:00 S:FC P:NvubdizC  $01:AA1A: D0 EF    BNE $AA0B
f6      c166451      i43518906    A:F2 X:01 Y:00 S:FC P:NvubdizC  $01:AA0B: 48       PHA
f6      c166454      i43518907    A:F2 X:01 Y:00 S:FB P:NvubdizC  $01:AA0C: A9 00    LDA #$00
f6      c166456      i43518908    A:00 X:01 Y:00 S:FB P:nvubdiZC  $01:AA0E: 91 EC    STA ($EC),Y @ $060E = #$00
f6      c166462      i43518909    A:00 X:01 Y:00 S:FB P:nvubdiZC  $01:AA10: E6 EC    INC $EC = #$0E
f6      c166467      i43518910    A:00 X:01 Y:00 S:FB P:nvubdizC  $01:AA12: D0 02    BNE $AA16
f6      c166470      i43518911    A:00 X:01 Y:00 S:FB P:nvubdizC  $01:AA16: 68       PLA
f6      c166474      i43518912    A:F2 X:01 Y:00 S:FC P:NvubdizC  $01:AA17: 38       SEC
f6      c166476      i43518913    A:F2 X:01 Y:00 S:FC P:NvubdizC  $01:AA18: E9 01    SBC #$01
f6      c166478      i43518914    A:F1 X:01 Y:00 S:FC P:NvubdizC  $01:AA1A: D0 EF    BNE $AA0B
f6      c166481      i43518915    A:F1 X:01 Y:00 S:FC P:NvubdizC  $01:AA0B: 48       PHA
f6      c166484      i43518916    A:F1 X:01 Y:00 S:FB P:NvubdizC  $01:AA0C: A9 00    LDA #$00
f6      c166486      i43518917    A:00 X:01 Y:00 S:FB P:nvubdiZC  $01:AA0E: 91 EC    STA ($EC),Y @ $060F = #$00
f6      c166492      i43518918    A:00 X:01 Y:00 S:FB P:nvubdiZC  $01:AA10: E6 EC    INC $EC = #$0F
f6      c166497      i43518919    A:00 X:01 Y:00 S:FB P:nvubdizC  $01:AA12: D0 02    BNE $AA16
f6      c166500      i43518920    A:00 X:01 Y:00 S:FB P:nvubdizC  $01:AA16: 68       PLA
f6      c166504      i43518921    A:F1 X:01 Y:00 S:FC P:NvubdizC  $01:AA17: 38       SEC
f6      c166506      i43518922    A:F1 X:01 Y:00 S:FC P:NvubdizC  $01:AA18: E9 01    SBC #$01
f6      c166508      i43518923    A:F0 X:01 Y:00 S:FC P:NvubdizC  $01:AA1A: D0 EF    BNE $AA0B
f6      c166511      i43518924    A:F0 X:01 Y:00 S:FC P:NvubdizC  $01:AA0B: 48       PHA
f6      c166514      i43518925    A:F0 X:01 Y:00 S:FB P:NvubdizC  $01:AA0C: A9 00    LDA #$00
f6      c166516      i43518926    A:00 X:01 Y:00 S:FB P:nvubdiZC  $01:AA0E: 91 EC    STA ($EC),Y @ $0610 = #$00
f6      c166522      i43518927    A:00 X:01 Y:00 S:FB P:nvubdiZC  $01:AA10: E6 EC    INC $EC = #$10
f6      c166527      i43518928    A:00 X:01 Y:00 S:FB P:nvubdizC  $01:AA12: D0 02    BNE $AA16
f6      c166530      i43518929    A:00 X:01 Y:00 S:FB P:nvubdizC  $01:AA16: 68       PLA
f6      c166534      i43518930    A:F0 X:01 Y:00 S:FC P:NvubdizC  $01:AA17: 38       SEC
f6      c167261      i43519149    A:D7 X:01 Y:00 S:FC P:NvubdizC  $01:AA0B: 48       PHA
f6      c167264      i43519150    A:D7 X:01 Y:00 S:FB P:NvubdizC  $01:AA0C: A9 00    LDA #$00
f6      c167266      i43519151    A:00 X:01 Y:00 S:FB P:nvubdiZC  $01:AA0E: 91 EC    STA ($EC),Y @ $0629 = #$00
f6      c167272      i43519152    A:00 X:01 Y:00 S:FB P:nvubdiZC  $01:AA10: E6 EC    INC $EC = #$29
f6      c167277      i43519153    A:00 X:01 Y:00 S:FB P:nvubdizC  $01:AA12: D0 02    BNE $AA16
f6      c167280      i43519154    A:00 X:01 Y:00 S:FB P:nvubdizC  $01:AA16: 68       PLA
f6      c167284      i43519155    A:D7 X:01 Y:00 S:FC P:NvubdizC  $01:AA17: 38       SEC
f6      c167286      i43519156    A:D7 X:01 Y:00 S:FC P:NvubdizC  $01:AA18: E9 01    SBC #$01
f6      c167288      i43519157    A:D6 X:01 Y:00 S:FC P:NvubdizC  $01:AA1A: D0 EF    BNE $AA0B
f6      c167291      i43519158    A:D6 X:01 Y:00 S:FC P:NvubdizC  $01:AA0B: 48       PHA
f6      c167294      i43519159    A:D6 X:01 Y:00 S:FB P:NvubdizC  $01:AA0C: A9 00    LDA #$00
f6      c167296      i43519160    A:00 X:01 Y:00 S:FB P:nvubdiZC  $01:AA0E: 91 EC    STA ($EC),Y @ $062A = #$00
f6      c167302      i43519161    A:00 X:01 Y:00 S:FB P:nvubdiZC  $01:AA10: E6 EC    INC $EC = #$2A
f6      c167307      i43519162    A:00 X:01 Y:00 S:FB P:nvubdizC  $01:AA12: D0 02    BNE $AA16
f6      c167310      i43519163    A:00 X:01 Y:00 S:FB P:nvubdizC  $01:AA16: 68       PLA
f6      c167314      i43519164    A:D6 X:01 Y:00 S:FC P:NvubdizC  $01:AA17: 38       SEC
f6      c167316      i43519165    A:D6 X:01 Y:00 S:FC P:NvubdizC  $01:AA18: E9 01    SBC #$01
f6      c167318      i43519166    A:D5 X:01 Y:00 S:FC P:NvubdizC  $01:AA1A: D0 EF    BNE $AA0B
f6      c167321      i43519167    A:D5 X:01 Y:00 S:FC P:NvubdizC  $01:AA0B: 48       PHA
f6      c167324      i43519168    A:D5 X:01 Y:00 S:FB P:NvubdizC  $01:AA0C: A9 00    LDA #$00
f6      c167326      i43519169    A:00 X:01 Y:00 S:FB P:nvubdiZC  $01:AA0E: 91 EC    STA ($EC),Y @ $062B = #$00
f6      c167332      i43519170    A:00 X:01 Y:00 S:FB P:nvubdiZC  $01:AA10: E6 EC    INC $EC = #$2B
f6      c167337      i43519171    A:00 X:01 Y:00 S:FB P:nvubdizC  $01:AA12: D0 02    BNE $AA16
f6      c167340      i43519172    A:00 X:01 Y:00 S:FB P:nvubdizC  $01:AA16: 68       PLA
f6      c167344      i43519173    A:D5 X:01 Y:00 S:FC P:NvubdizC  $01:AA17: 38       SEC
f6      c167346      i43519174    A:D5 X:01 Y:00 S:FC P:NvubdizC  $01:AA18: E9 01    SBC #$01
f6      c167348      i43519175    A:D4 X:01 Y:00 S:FC P:NvubdizC  $01:AA1A: D0 EF    BNE $AA0B
f6      c167351      i43519176    A:D4 X:01 Y:00 S:FC P:NvubdizC  $01:AA0B: 48       PHA
f6      c167354      i43519177    A:D4 X:01 Y:00 S:FB P:NvubdizC  $01:AA0C: A9 00    LDA #$00
f6      c167356      i43519178    A:00 X:01 Y:00 S:FB P:nvubdiZC  $01:AA0E: 91 EC    STA ($EC),Y @ $062C = #$00
f6      c167362      i43519179    A:00 X:01 Y:00 S:FB P:nvubdiZC  $01:AA10: E6 EC    INC $EC = #$2C
f6      c167367      i43519180    A:00 X:01 Y:00 S:FB P:nvubdizC  $01:AA12: D0 02    BNE $AA16
f6      c167370      i43519181    A:00 X:01 Y:00 S:FB P:nvubdizC  $01:AA16: 68       PLA
f6      c167374      i43519182    A:D4 X:01 Y:00 S:FC P:NvubdizC  $01:AA17: 38       SEC
f6      c167376      i43519183    A:D4 X:01 Y:00 S:FC P:NvubdizC  $01:AA18: E9 01    SBC #$01
f6      c167378      i43519184    A:D3 X:01 Y:00 S:FC P:NvubdizC  $01:AA1A: D0 EF    BNE $AA0B
f6      c167381      i43519185    A:D3 X:01 Y:00 S:FC P:NvubdizC  $01:AA0B: 48       PHA
f6      c167384      i43519186    A:D3 X:01 Y:00 S:FB P:NvubdizC  $01:AA0C: A9 00    LDA #$00
f6      c167386      i43519187    A:00 X:01 Y:00 S:FB P:nvubdiZC  $01:AA0E: 91 EC    STA ($EC),Y @ $062D = #$00
f6      c167392      i43519188    A:00 X:01 Y:00 S:FB P:nvubdiZC  $01:AA10: E6 EC    INC $EC = #$2D
f6      c167397      i43519189    A:00 X:01 Y:00 S:FB P:nvubdizC  $01:AA12: D0 02    BNE $AA16
f6      c167400      i43519190    A:00 X:01 Y:00 S:FB P:nvubdizC  $01:AA16: 68       PLA
f6      c167404      i43519191    A:D3 X:01 Y:00 S:FC P:NvubdizC  $01:AA17: 38       SEC
f6      c168131      i43519410    A:BA X:01 Y:00 S:FC P:NvubdizC  $01:AA0B: 48       PHA
f6      c168134      i43519411    A:BA X:01 Y:00 S:FB P:NvubdizC  $01:AA0C: A9 00    LDA #$00
f6      c168136      i43519412    A:00 X:01 Y:00 S:FB P:nvubdiZC  $01:AA0E: 91 EC    STA ($EC),Y @ $0646 = #$00
f6      c168142      i43519413    A:00 X:01 Y:00 S:FB P:nvubdiZC  $01:AA10: E6 EC    INC $EC = #$46
f6      c168147      i43519414    A:00 X:01 Y:00 S:FB P:nvubdizC  $01:AA12: D0 02    BNE $AA16
f6      c168150      i43519415    A:00 X:01 Y:00 S:FB P:nvubdizC  $01:AA16: 68       PLA
f6      c168154      i43519416    A:BA X:01 Y:00 S:FC P:NvubdizC  $01:AA17: 38       SEC
f6      c168156      i43519417    A:BA X:01 Y:00 S:FC P:NvubdizC  $01:AA18: E9 01    SBC #$01
f6      c168158      i43519418    A:B9 X:01 Y:00 S:FC P:NvubdizC  $01:AA1A: D0 EF    BNE $AA0B
f6      c168161      i43519419    A:B9 X:01 Y:00 S:FC P:NvubdizC  $01:AA0B: 48       PHA
f6      c168164      i43519420    A:B9 X:01 Y:00 S:FB P:NvubdizC  $01:AA0C: A9 00    LDA #$00
f6      c168166      i43519421    A:00 X:01 Y:00 S:FB P:nvubdiZC  $01:AA0E: 91 EC    STA ($EC),Y @ $0647 = #$00
f6      c168172      i43519422    A:00 X:01 Y:00 S:FB P:nvubdiZC  $01:AA10: E6 EC    INC $EC = #$47
f6      c168177      i43519423    A:00 X:01 Y:00 S:FB P:nvubdizC  $01:AA12: D0 02    BNE $AA16
f6      c168180      i43519424    A:00 X:01 Y:00 S:FB P:nvubdizC  $01:AA16: 68       PLA
f6      c168184      i43519425    A:B9 X:01 Y:00 S:FC P:NvubdizC  $01:AA17: 38       SEC
f6      c168186      i43519426    A:B9 X:01 Y:00 S:FC P:NvubdizC  $01:AA18: E9 01    SBC #$01
f6      c168188      i43519427    A:B8 X:01 Y:00 S:FC P:NvubdizC  $01:AA1A: D0 EF    BNE $AA0B
f6      c168191      i43519428    A:B8 X:01 Y:00 S:FC P:NvubdizC  $01:AA0B: 48       PHA
f6      c168194      i43519429    A:B8 X:01 Y:00 S:FB P:NvubdizC  $01:AA0C: A9 00    LDA #$00
f6      c168196      i43519430    A:00 X:01 Y:00 S:FB P:nvubdiZC  $01:AA0E: 91 EC    STA ($EC),Y @ $0648 = #$00
f6      c168202      i43519431    A:00 X:01 Y:00 S:FB P:nvubdiZC  $01:AA10: E6 EC    INC $EC = #$48
f6      c168207      i43519432    A:00 X:01 Y:00 S:FB P:nvubdizC  $01:AA12: D0 02    BNE $AA16
f6      c168210      i43519433    A:00 X:01 Y:00 S:FB P:nvubdizC  $01:AA16: 68       PLA
f6      c168214      i43519434    A:B8 X:01 Y:00 S:FC P:NvubdizC  $01:AA17: 38       SEC
f6      c168216      i43519435    A:B8 X:01 Y:00 S:FC P:NvubdizC  $01:AA18: E9 01    SBC #$01
f6      c168218      i43519436    A:B7 X:01 Y:00 S:FC P:NvubdizC  $01:AA1A: D0 EF    BNE $AA0B
f6      c168221      i43519437    A:B7 X:01 Y:00 S:FC P:NvubdizC  $01:AA0B: 48       PHA
f6      c168224      i43519438    A:B7 X:01 Y:00 S:FB P:NvubdizC  $01:AA0C: A9 00    LDA #$00
f6      c168226      i43519439    A:00 X:01 Y:00 S:FB P:nvubdiZC  $01:AA0E: 91 EC    STA ($EC),Y @ $0649 = #$00
f6      c168232      i43519440    A:00 X:01 Y:00 S:FB P:nvubdiZC  $01:AA10: E6 EC    INC $EC = #$49
f6      c168237      i43519441    A:00 X:01 Y:00 S:FB P:nvubdizC  $01:AA12: D0 02    BNE $AA16
f6      c168240      i43519442    A:00 X:01 Y:00 S:FB P:nvubdizC  $01:AA16: 68       PLA
f6      c168244      i43519443    A:B7 X:01 Y:00 S:FC P:NvubdizC  $01:AA17: 38       SEC
f6      c168246      i43519444    A:B7 X:01 Y:00 S:FC P:NvubdizC  $01:AA18: E9 01    SBC #$01
f6      c168248      i43519445    A:B6 X:01 Y:00 S:FC P:NvubdizC  $01:AA1A: D0 EF    BNE $AA0B
f6      c168251      i43519446    A:B6 X:01 Y:00 S:FC P:NvubdizC  $01:AA0B: 48       PHA
f6      c168254      i43519447    A:B6 X:01 Y:00 S:FB P:NvubdizC  $01:AA0C: A9 00    LDA #$00
f6      c168256      i43519448    A:00 X:01 Y:00 S:FB P:nvubdiZC  $01:AA0E: 91 EC    STA ($EC),Y @ $064A = #$00
f6      c168262      i43519449    A:00 X:01 Y:00 S:FB P:nvubdiZC  $01:AA10: E6 EC    INC $EC = #$4A
f6      c168267      i43519450    A:00 X:01 Y:00 S:FB P:nvubdizC  $01:AA12: D0 02    BNE $AA16
f6      c168270      i43519451    A:00 X:01 Y:00 S:FB P:nvubdizC  $01:AA16: 68       PLA
f6      c168274      i43519452    A:B6 X:01 Y:00 S:FC P:NvubdizC  $01:AA17: 38       SEC
f6      c169001      i43519671    A:9D X:01 Y:00 S:FC P:NvubdizC  $01:AA0B: 48       PHA
f6      c169004      i43519672    A:9D X:01 Y:00 S:FB P:NvubdizC  $01:AA0C: A9 00    LDA #$00
f6      c169006      i43519673    A:00 X:01 Y:00 S:FB P:nvubdiZC  $01:AA0E: 91 EC    STA ($EC),Y @ $0663 = #$00
f6      c169012      i43519674    A:00 X:01 Y:00 S:FB P:nvubdiZC  $01:AA10: E6 EC    INC $EC = #$63
f6      c169017      i43519675    A:00 X:01 Y:00 S:FB P:nvubdizC  $01:AA12: D0 02    BNE $AA16
f6      c169020      i43519676    A:00 X:01 Y:00 S:FB P:nvubdizC  $01:AA16: 68       PLA
f6      c169024      i43519677    A:9D X:01 Y:00 S:FC P:NvubdizC  $01:AA17: 38       SEC
f6      c169026      i43519678    A:9D X:01 Y:00 S:FC P:NvubdizC  $01:AA18: E9 01    SBC #$01
f6      c169028      i43519679    A:9C X:01 Y:00 S:FC P:NvubdizC  $01:AA1A: D0 EF    BNE $AA0B
f6      c169031      i43519680    A:9C X:01 Y:00 S:FC P:NvubdizC  $01:AA0B: 48       PHA
f6      c169034      i43519681    A:9C X:01 Y:00 S:FB P:NvubdizC  $01:AA0C: A9 00    LDA #$00
f6      c169036      i43519682    A:00 X:01 Y:00 S:FB P:nvubdiZC  $01:AA0E: 91 EC    STA ($EC),Y @ $0664 = #$00
f6      c169042      i43519683    A:00 X:01 Y:00 S:FB P:nvubdiZC  $01:AA10: E6 EC    INC $EC = #$64
f6      c169047      i43519684    A:00 X:01 Y:00 S:FB P:nvubdizC  $01:AA12: D0 02    BNE $AA16
f6      c169050      i43519685    A:00 X:01 Y:00 S:FB P:nvubdizC  $01:AA16: 68       PLA
f6      c169054      i43519686    A:9C X:01 Y:00 S:FC P:NvubdizC  $01:AA17: 38       SEC
f6      c169056      i43519687    A:9C X:01 Y:00 S:FC P:NvubdizC  $01:AA18: E9 01    SBC #$01
f6      c169058      i43519688    A:9B X:01 Y:00 S:FC P:NvubdizC  $01:AA1A: D0 EF    BNE $AA0B
f6      c169061      i43519689    A:9B X:01 Y:00 S:FC P:NvubdizC  $01:AA0B: 48       PHA
f6      c169064      i43519690    A:9B X:01 Y:00 S:FB P:NvubdizC  $01:AA0C: A9 00    LDA #$00
f6      c169066      i43519691    A:00 X:01 Y:00 S:FB P:nvubdiZC  $01:AA0E: 91 EC    STA ($EC),Y @ $0665 = #$00
f6      c169072      i43519692    A:00 X:01 Y:00 S:FB P:nvubdiZC  $01:AA10: E6 EC    INC $EC = #$65
f6      c169077      i43519693    A:00 X:01 Y:00 S:FB P:nvubdizC  $01:AA12: D0 02    BNE $AA16
f6      c169080      i43519694    A:00 X:01 Y:00 S:FB P:nvubdizC  $01:AA16: 68       PLA
f6      c169084      i43519695    A:9B X:01 Y:00 S:FC P:NvubdizC  $01:AA17: 38       SEC
f6      c169086      i43519696    A:9B X:01 Y:00 S:FC P:NvubdizC  $01:AA18: E9 01    SBC #$01
f6      c169088      i43519697    A:9A X:01 Y:00 S:FC P:NvubdizC  $01:AA1A: D0 EF    BNE $AA0B
f6      c169091      i43519698    A:9A X:01 Y:00 S:FC P:NvubdizC  $01:AA0B: 48       PHA
f6      c169094      i43519699    A:9A X:01 Y:00 S:FB P:NvubdizC  $01:AA0C: A9 00    LDA #$00
f6      c169096      i43519700    A:00 X:01 Y:00 S:FB P:nvubdiZC  $01:AA0E: 91 EC    STA ($EC),Y @ $0666 = #$00
f6      c169102      i43519701    A:00 X:01 Y:00 S:FB P:nvubdiZC  $01:AA10: E6 EC    INC $EC = #$66
f6      c169107      i43519702    A:00 X:01 Y:00 S:FB P:nvubdizC  $01:AA12: D0 02    BNE $AA16
f6      c169110      i43519703    A:00 X:01 Y:00 S:FB P:nvubdizC  $01:AA16: 68       PLA
f6      c169114      i43519704    A:9A X:01 Y:00 S:FC P:NvubdizC  $01:AA17: 38       SEC
f6      c169116      i43519705    A:9A X:01 Y:00 S:FC P:NvubdizC  $01:AA18: E9 01    SBC #$01
f6      c169118      i43519706    A:99 X:01 Y:00 S:FC P:NvubdizC  $01:AA1A: D0 EF    BNE $AA0B
f6      c169121      i43519707    A:99 X:01 Y:00 S:FC P:NvubdizC  $01:AA0B: 48       PHA
f6      c169124      i43519708    A:99 X:01 Y:00 S:FB P:NvubdizC  $01:AA0C: A9 00    LDA #$00
f6      c169126      i43519709    A:00 X:01 Y:00 S:FB P:nvubdiZC  $01:AA0E: 91 EC    STA ($EC),Y @ $0667 = #$00
f6      c169132      i43519710    A:00 X:01 Y:00 S:FB P:nvubdiZC  $01:AA10: E6 EC    INC $EC = #$67
f6      c169137      i43519711    A:00 X:01 Y:00 S:FB P:nvubdizC  $01:AA12: D0 02    BNE $AA16
f6      c169140      i43519712    A:00 X:01 Y:00 S:FB P:nvubdizC  $01:AA16: 68       PLA
f6      c169144      i43519713    A:99 X:01 Y:00 S:FC P:NvubdizC  $01:AA17: 38       SEC
f6      c169871      i43519932    A:80 X:01 Y:00 S:FC P:NvubdizC  $01:AA0B: 48       PHA
f6      c169874      i43519933    A:80 X:01 Y:00 S:FB P:NvubdizC  $01:AA0C: A9 00    LDA #$00
f6      c169876      i43519934    A:00 X:01 Y:00 S:FB P:nvubdiZC  $01:AA0E: 91 EC    STA ($EC),Y @ $0680 = #$00
f6      c169882      i43519935    A:00 X:01 Y:00 S:FB P:nvubdiZC  $01:AA10: E6 EC    INC $EC = #$80
f6      c169887      i43519936    A:00 X:01 Y:00 S:FB P:NvubdizC  $01:AA12: D0 02    BNE $AA16
f6      c169890      i43519937    A:00 X:01 Y:00 S:FB P:NvubdizC  $01:AA16: 68       PLA
f6      c169894      i43519938    A:80 X:01 Y:00 S:FC P:NvubdizC  $01:AA17: 38       SEC
f6      c169896      i43519939    A:80 X:01 Y:00 S:FC P:NvubdizC  $01:AA18: E9 01    SBC #$01
f6      c169898      i43519940    A:7F X:01 Y:00 S:FC P:nVubdizC  $01:AA1A: D0 EF    BNE $AA0B
f6      c169901      i43519941    A:7F X:01 Y:00 S:FC P:nVubdizC  $01:AA0B: 48       PHA
f6      c169904      i43519942    A:7F X:01 Y:00 S:FB P:nVubdizC  $01:AA0C: A9 00    LDA #$00
f6      c169906      i43519943    A:00 X:01 Y:00 S:FB P:nVubdiZC  $01:AA0E: 91 EC    STA ($EC),Y @ $0681 = #$00
f6      c169912      i43519944    A:00 X:01 Y:00 S:FB P:nVubdiZC  $01:AA10: E6 EC    INC $EC = #$81
f6      c169917      i43519945    A:00 X:01 Y:00 S:FB P:NVubdizC  $01:AA12: D0 02    BNE $AA16
f6      c169920      i43519946    A:00 X:01 Y:00 S:FB P:NVubdizC  $01:AA16: 68       PLA
f6      c169924      i43519947    A:7F X:01 Y:00 S:FC P:nVubdizC  $01:AA17: 38       SEC
f6      c169926      i43519948    A:7F X:01 Y:00 S:FC P:nVubdizC  $01:AA18: E9 01    SBC #$01
f6      c169928      i43519949    A:7E X:01 Y:00 S:FC P:nvubdizC  $01:AA1A: D0 EF    BNE $AA0B
f6      c169931      i43519950    A:7E X:01 Y:00 S:FC P:nvubdizC  $01:AA0B: 48       PHA
f6      c169934      i43519951    A:7E X:01 Y:00 S:FB P:nvubdizC  $01:AA0C: A9 00    LDA #$00
f6      c169936      i43519952    A:00 X:01 Y:00 S:FB P:nvubdiZC  $01:AA0E: 91 EC    STA ($EC),Y @ $0682 = #$00
f6      c169942      i43519953    A:00 X:01 Y:00 S:FB P:nvubdiZC  $01:AA10: E6 EC    INC $EC = #$82
f6      c169947      i43519954    A:00 X:01 Y:00 S:FB P:NvubdizC  $01:AA12: D0 02    BNE $AA16
f6      c169950      i43519955    A:00 X:01 Y:00 S:FB P:NvubdizC  $01:AA16: 68       PLA
f6      c169954      i43519956    A:7E X:01 Y:00 S:FC P:nvubdizC  $01:AA17: 38       SEC
f6      c169956      i43519957    A:7E X:01 Y:00 S:FC P:nvubdizC  $01:AA18: E9 01    SBC #$01
f6      c169958      i43519958    A:7D X:01 Y:00 S:FC P:nvubdizC  $01:AA1A: D0 EF    BNE $AA0B
f6      c169961      i43519959    A:7D X:01 Y:00 S:FC P:nvubdizC  $01:AA0B: 48       PHA
f6      c169964      i43519960    A:7D X:01 Y:00 S:FB P:nvubdizC  $01:AA0C: A9 00    LDA #$00
f6      c169966      i43519961    A:00 X:01 Y:00 S:FB P:nvubdiZC  $01:AA0E: 91 EC    STA ($EC),Y @ $0683 = #$00
f6      c169972      i43519962    A:00 X:01 Y:00 S:FB P:nvubdiZC  $01:AA10: E6 EC    INC $EC = #$83
f6      c169977      i43519963    A:00 X:01 Y:00 S:FB P:NvubdizC  $01:AA12: D0 02    BNE $AA16
f6      c169980      i43519964    A:00 X:01 Y:00 S:FB P:NvubdizC  $01:AA16: 68       PLA
f6      c169984      i43519965    A:7D X:01 Y:00 S:FC P:nvubdizC  $01:AA17: 38       SEC
f6      c169986      i43519966    A:7D X:01 Y:00 S:FC P:nvubdizC  $01:AA18: E9 01    SBC #$01
f6      c169988      i43519967    A:7C X:01 Y:00 S:FC P:nvubdizC  $01:AA1A: D0 EF    BNE $AA0B
f6      c169991      i43519968    A:7C X:01 Y:00 S:FC P:nvubdizC  $01:AA0B: 48       PHA
f6      c169994      i43519969    A:7C X:01 Y:00 S:FB P:nvubdizC  $01:AA0C: A9 00    LDA #$00
f6      c169996      i43519970    A:00 X:01 Y:00 S:FB P:nvubdiZC  $01:AA0E: 91 EC    STA ($EC),Y @ $0684 = #$00
f6      c170002      i43519971    A:00 X:01 Y:00 S:FB P:nvubdiZC  $01:AA10: E6 EC    INC $EC = #$84
f6      c170007      i43519972    A:00 X:01 Y:00 S:FB P:NvubdizC  $01:AA12: D0 02    BNE $AA16
f6      c170010      i43519973    A:00 X:01 Y:00 S:FB P:NvubdizC  $01:AA16: 68       PLA
f6      c170014      i43519974    A:7C X:01 Y:00 S:FC P:nvubdizC  $01:AA17: 38       SEC
f6      c170741      i43520193    A:63 X:01 Y:00 S:FC P:nvubdizC  $01:AA0B: 48       PHA
f6      c170744      i43520194    A:63 X:01 Y:00 S:FB P:nvubdizC  $01:AA0C: A9 00    LDA #$00
f6      c170746      i43520195    A:00 X:01 Y:00 S:FB P:nvubdiZC  $01:AA0E: 91 EC    STA ($EC),Y @ $069D = #$00
f6      c170752      i43520196    A:00 X:01 Y:00 S:FB P:nvubdiZC  $01:AA10: E6 EC    INC $EC = #$9D
f6      c170757      i43520197    A:00 X:01 Y:00 S:FB P:NvubdizC  $01:AA12: D0 02    BNE $AA16
f6      c170760      i43520198    A:00 X:01 Y:00 S:FB P:NvubdizC  $01:AA16: 68       PLA
f6      c170764      i43520199    A:63 X:01 Y:00 S:FC P:nvubdizC  $01:AA17: 38       SEC
f6      c170766      i43520200    A:63 X:01 Y:00 S:FC P:nvubdizC  $01:AA18: E9 01    SBC #$01
f6      c170768      i43520201    A:62 X:01 Y:00 S:FC P:nvubdizC  $01:AA1A: D0 EF    BNE $AA0B
f6      c170771      i43520202    A:62 X:01 Y:00 S:FC P:nvubdizC  $01:AA0B: 48       PHA
f6      c170774      i43520203    A:62 X:01 Y:00 S:FB P:nvubdizC  $01:AA0C: A9 00    LDA #$00
f6      c170776      i43520204    A:00 X:01 Y:00 S:FB P:nvubdiZC  $01:AA0E: 91 EC    STA ($EC),Y @ $069E = #$00
f6      c170782      i43520205    A:00 X:01 Y:00 S:FB P:nvubdiZC  $01:AA10: E6 EC    INC $EC = #$9E
f6      c170787      i43520206    A:00 X:01 Y:00 S:FB P:NvubdizC  $01:AA12: D0 02    BNE $AA16
f6      c170790      i43520207    A:00 X:01 Y:00 S:FB P:NvubdizC  $01:AA16: 68       PLA
f6      c170794      i43520208    A:62 X:01 Y:00 S:FC P:nvubdizC  $01:AA17: 38       SEC
f6      c170796      i43520209    A:62 X:01 Y:00 S:FC P:nvubdizC  $01:AA18: E9 01    SBC #$01
f6      c170798      i43520210    A:61 X:01 Y:00 S:FC P:nvubdizC  $01:AA1A: D0 EF    BNE $AA0B
f6      c170801      i43520211    A:61 X:01 Y:00 S:FC P:nvubdizC  $01:AA0B: 48       PHA
f6      c170804      i43520212    A:61 X:01 Y:00 S:FB P:nvubdizC  $01:AA0C: A9 00    LDA #$00
f6      c170806      i43520213    A:00 X:01 Y:00 S:FB P:nvubdiZC  $01:AA0E: 91 EC    STA ($EC),Y @ $069F = #$00
f6      c170812      i43520214    A:00 X:01 Y:00 S:FB P:nvubdiZC  $01:AA10: E6 EC    INC $EC = #$9F
f6      c170817      i43520215    A:00 X:01 Y:00 S:FB P:NvubdizC  $01:AA12: D0 02    BNE $AA16
f6      c170820      i43520216    A:00 X:01 Y:00 S:FB P:NvubdizC  $01:AA16: 68       PLA
f6      c170824      i43520217    A:61 X:01 Y:00 S:FC P:nvubdizC  $01:AA17: 38       SEC
f6      c170826      i43520218    A:61 X:01 Y:00 S:FC P:nvubdizC  $01:AA18: E9 01    SBC #$01
f6      c170828      i43520219    A:60 X:01 Y:00 S:FC P:nvubdizC  $01:AA1A: D0 EF    BNE $AA0B
f6      c170831      i43520220    A:60 X:01 Y:00 S:FC P:nvubdizC  $01:AA0B: 48       PHA
f6      c170834      i43520221    A:60 X:01 Y:00 S:FB P:nvubdizC  $01:AA0C: A9 00    LDA #$00
f6      c170836      i43520222    A:00 X:01 Y:00 S:FB P:nvubdiZC  $01:AA0E: 91 EC    STA ($EC),Y @ $06A0 = #$00
f6      c170842      i43520223    A:00 X:01 Y:00 S:FB P:nvubdiZC  $01:AA10: E6 EC    INC $EC = #$A0
f6      c170847      i43520224    A:00 X:01 Y:00 S:FB P:NvubdizC  $01:AA12: D0 02    BNE $AA16
f6      c170850      i43520225    A:00 X:01 Y:00 S:FB P:NvubdizC  $01:AA16: 68       PLA
f6      c170854      i43520226    A:60 X:01 Y:00 S:FC P:nvubdizC  $01:AA17: 38       SEC
f6      c170856      i43520227    A:60 X:01 Y:00 S:FC P:nvubdizC  $01:AA18: E9 01    SBC #$01
f6      c170858      i43520228    A:5F X:01 Y:00 S:FC P:nvubdizC  $01:AA1A: D0 EF    BNE $AA0B
f6      c170861      i43520229    A:5F X:01 Y:00 S:FC P:nvubdizC  $01:AA0B: 48       PHA
f6      c170864      i43520230    A:5F X:01 Y:00 S:FB P:nvubdizC  $01:AA0C: A9 00    LDA #$00
f6      c170866      i43520231    A:00 X:01 Y:00 S:FB P:nvubdiZC  $01:AA0E: 91 EC    STA ($EC),Y @ $06A1 = #$00
f6      c170872      i43520232    A:00 X:01 Y:00 S:FB P:nvubdiZC  $01:AA10: E6 EC    INC $EC = #$A1
f6      c170877      i43520233    A:00 X:01 Y:00 S:FB P:NvubdizC  $01:AA12: D0 02    BNE $AA16
f6      c170880      i43520234    A:00 X:01 Y:00 S:FB P:NvubdizC  $01:AA16: 68       PLA
f6      c170884      i43520235    A:5F X:01 Y:00 S:FC P:nvubdizC  $01:AA17: 38       SEC
f6      c171611      i43520454    A:46 X:01 Y:00 S:FC P:nvubdizC  $01:AA0B: 48       PHA
f6      c171614      i43520455    A:46 X:01 Y:00 S:FB P:nvubdizC  $01:AA0C: A9 00    LDA #$00
f6      c171616      i43520456    A:00 X:01 Y:00 S:FB P:nvubdiZC  $01:AA0E: 91 EC    STA ($EC),Y @ $06BA = #$00
f6      c171622      i43520457    A:00 X:01 Y:00 S:FB P:nvubdiZC  $01:AA10: E6 EC    INC $EC = #$BA
f6      c171627      i43520458    A:00 X:01 Y:00 S:FB P:NvubdizC  $01:AA12: D0 02    BNE $AA16
f6      c171630      i43520459    A:00 X:01 Y:00 S:FB P:NvubdizC  $01:AA16: 68       PLA
f6      c171634      i43520460    A:46 X:01 Y:00 S:FC P:nvubdizC  $01:AA17: 38       SEC
f6      c171636      i43520461    A:46 X:01 Y:00 S:FC P:nvubdizC  $01:AA18: E9 01    SBC #$01
f6      c171638      i43520462    A:45 X:01 Y:00 S:FC P:nvubdizC  $01:AA1A: D0 EF    BNE $AA0B
f6      c171641      i43520463    A:45 X:01 Y:00 S:FC P:nvubdizC  $01:AA0B: 48       PHA
f6      c171644      i43520464    A:45 X:01 Y:00 S:FB P:nvubdizC  $01:AA0C: A9 00    LDA #$00
f6      c171646      i43520465    A:00 X:01 Y:00 S:FB P:nvubdiZC  $01:AA0E: 91 EC    STA ($EC),Y @ $06BB = #$00
f6      c171652      i43520466    A:00 X:01 Y:00 S:FB P:nvubdiZC  $01:AA10: E6 EC    INC $EC = #$BB
f6      c171657      i43520467    A:00 X:01 Y:00 S:FB P:NvubdizC  $01:AA12: D0 02    BNE $AA16
f6      c171660      i43520468    A:00 X:01 Y:00 S:FB P:NvubdizC  $01:AA16: 68       PLA
f6      c171664      i43520469    A:45 X:01 Y:00 S:FC P:nvubdizC  $01:AA17: 38       SEC
f6      c171666      i43520470    A:45 X:01 Y:00 S:FC P:nvubdizC  $01:AA18: E9 01    SBC #$01
f6      c171668      i43520471    A:44 X:01 Y:00 S:FC P:nvubdizC  $01:AA1A: D0 EF    BNE $AA0B
f6      c171671      i43520472    A:44 X:01 Y:00 S:FC P:nvubdizC  $01:AA0B: 48       PHA
f6      c171674      i43520473    A:44 X:01 Y:00 S:FB P:nvubdizC  $01:AA0C: A9 00    LDA #$00
f6      c171676      i43520474    A:00 X:01 Y:00 S:FB P:nvubdiZC  $01:AA0E: 91 EC    STA ($EC),Y @ $06BC = #$00
f6      c171682      i43520475    A:00 X:01 Y:00 S:FB P:nvubdiZC  $01:AA10: E6 EC    INC $EC = #$BC
f6      c171687      i43520476    A:00 X:01 Y:00 S:FB P:NvubdizC  $01:AA12: D0 02    BNE $AA16
f6      c171690      i43520477    A:00 X:01 Y:00 S:FB P:NvubdizC  $01:AA16: 68       PLA
f6      c171694      i43520478    A:44 X:01 Y:00 S:FC P:nvubdizC  $01:AA17: 38       SEC
f6      c171696      i43520479    A:44 X:01 Y:00 S:FC P:nvubdizC  $01:AA18: E9 01    SBC #$01
f6      c171698      i43520480    A:43 X:01 Y:00 S:FC P:nvubdizC  $01:AA1A: D0 EF    BNE $AA0B
f6      c171701      i43520481    A:43 X:01 Y:00 S:FC P:nvubdizC  $01:AA0B: 48       PHA
f6      c171704      i43520482    A:43 X:01 Y:00 S:FB P:nvubdizC  $01:AA0C: A9 00    LDA #$00
f6      c171706      i43520483    A:00 X:01 Y:00 S:FB P:nvubdiZC  $01:AA0E: 91 EC    STA ($EC),Y @ $06BD = #$00
f6      c171712      i43520484    A:00 X:01 Y:00 S:FB P:nvubdiZC  $01:AA10: E6 EC    INC $EC = #$BD
f6      c171717      i43520485    A:00 X:01 Y:00 S:FB P:NvubdizC  $01:AA12: D0 02    BNE $AA16
f6      c171720      i43520486    A:00 X:01 Y:00 S:FB P:NvubdizC  $01:AA16: 68       PLA
f6      c171724      i43520487    A:43 X:01 Y:00 S:FC P:nvubdizC  $01:AA17: 38       SEC
f6      c171726      i43520488    A:43 X:01 Y:00 S:FC P:nvubdizC  $01:AA18: E9 01    SBC #$01
f6      c171728      i43520489    A:42 X:01 Y:00 S:FC P:nvubdizC  $01:AA1A: D0 EF    BNE $AA0B
f6      c171731      i43520490    A:42 X:01 Y:00 S:FC P:nvubdizC  $01:AA0B: 48       PHA
f6      c171734      i43520491    A:42 X:01 Y:00 S:FB P:nvubdizC  $01:AA0C: A9 00    LDA #$00
f6      c171736      i43520492    A:00 X:01 Y:00 S:FB P:nvubdiZC  $01:AA0E: 91 EC    STA ($EC),Y @ $06BE = #$00
f6      c171742      i43520493    A:00 X:01 Y:00 S:FB P:nvubdiZC  $01:AA10: E6 EC    INC $EC = #$BE
f6      c171747      i43520494    A:00 X:01 Y:00 S:FB P:NvubdizC  $01:AA12: D0 02    BNE $AA16
f6      c171750      i43520495    A:00 X:01 Y:00 S:FB P:NvubdizC  $01:AA16: 68       PLA
f6      c171754      i43520496    A:42 X:01 Y:00 S:FC P:nvubdizC  $01:AA17: 38       SEC
f6      c172481      i43520715    A:29 X:01 Y:00 S:FC P:nvubdizC  $01:AA0B: 48       PHA
f6      c172484      i43520716    A:29 X:01 Y:00 S:FB P:nvubdizC  $01:AA0C: A9 00    LDA #$00
f6      c172486      i43520717    A:00 X:01 Y:00 S:FB P:nvubdiZC  $01:AA0E: 91 EC    STA ($EC),Y @ $06D7 = #$00
f6      c172492      i43520718    A:00 X:01 Y:00 S:FB P:nvubdiZC  $01:AA10: E6 EC    INC $EC = #$D7
f6      c172497      i43520719    A:00 X:01 Y:00 S:FB P:NvubdizC  $01:AA12: D0 02    BNE $AA16
f6      c172500      i43520720    A:00 X:01 Y:00 S:FB P:NvubdizC  $01:AA16: 68       PLA
f6      c172504      i43520721    A:29 X:01 Y:00 S:FC P:nvubdizC  $01:AA17: 38       SEC
f6      c172506      i43520722    A:29 X:01 Y:00 S:FC P:nvubdizC  $01:AA18: E9 01    SBC #$01
f6      c172508      i43520723    A:28 X:01 Y:00 S:FC P:nvubdizC  $01:AA1A: D0 EF    BNE $AA0B
f6      c172511      i43520724    A:28 X:01 Y:00 S:FC P:nvubdizC  $01:AA0B: 48       PHA
f6      c172514      i43520725    A:28 X:01 Y:00 S:FB P:nvubdizC  $01:AA0C: A9 00    LDA #$00
f6      c172516      i43520726    A:00 X:01 Y:00 S:FB P:nvubdiZC  $01:AA0E: 91 EC    STA ($EC),Y @ $06D8 = #$00
f6      c172522      i43520727    A:00 X:01 Y:00 S:FB P:nvubdiZC  $01:AA10: E6 EC    INC $EC = #$D8
f6      c172527      i43520728    A:00 X:01 Y:00 S:FB P:NvubdizC  $01:AA12: D0 02    BNE $AA16
f6      c172530      i43520729    A:00 X:01 Y:00 S:FB P:NvubdizC  $01:AA16: 68       PLA
f6      c172534      i43520730    A:28 X:01 Y:00 S:FC P:nvubdizC  $01:AA17: 38       SEC
f6      c172536      i43520731    A:28 X:01 Y:00 S:FC P:nvubdizC  $01:AA18: E9 01    SBC #$01
f6      c172538      i43520732    A:27 X:01 Y:00 S:FC P:nvubdizC  $01:AA1A: D0 EF    BNE $AA0B
f6      c172541      i43520733    A:27 X:01 Y:00 S:FC P:nvubdizC  $01:AA0B: 48       PHA
f6      c172544      i43520734    A:27 X:01 Y:00 S:FB P:nvubdizC  $01:AA0C: A9 00    LDA #$00
f6      c172546      i43520735    A:00 X:01 Y:00 S:FB P:nvubdiZC  $01:AA0E: 91 EC    STA ($EC),Y @ $06D9 = #$00
f6      c172552      i43520736    A:00 X:01 Y:00 S:FB P:nvubdiZC  $01:AA10: E6 EC    INC $EC = #$D9
f6      c172557      i43520737    A:00 X:01 Y:00 S:FB P:NvubdizC  $01:AA12: D0 02    BNE $AA16
f6      c172560      i43520738    A:00 X:01 Y:00 S:FB P:NvubdizC  $01:AA16: 68       PLA
f6      c172564      i43520739    A:27 X:01 Y:00 S:FC P:nvubdizC  $01:AA17: 38       SEC
f6      c172566      i43520740    A:27 X:01 Y:00 S:FC P:nvubdizC  $01:AA18: E9 01    SBC #$01
f6      c172568      i43520741    A:26 X:01 Y:00 S:FC P:nvubdizC  $01:AA1A: D0 EF    BNE $AA0B
f6      c172571      i43520742    A:26 X:01 Y:00 S:FC P:nvubdizC  $01:AA0B: 48       PHA
f6      c172574      i43520743    A:26 X:01 Y:00 S:FB P:nvubdizC  $01:AA0C: A9 00    LDA #$00
f6      c172576      i43520744    A:00 X:01 Y:00 S:FB P:nvubdiZC  $01:AA0E: 91 EC    STA ($EC),Y @ $06DA = #$00
f6      c172582      i43520745    A:00 X:01 Y:00 S:FB P:nvubdiZC  $01:AA10: E6 EC    INC $EC = #$DA
f6      c172587      i43520746    A:00 X:01 Y:00 S:FB P:NvubdizC  $01:AA12: D0 02    BNE $AA16
f6      c172590      i43520747    A:00 X:01 Y:00 S:FB P:NvubdizC  $01:AA16: 68       PLA
f6      c172594      i43520748    A:26 X:01 Y:00 S:FC P:nvubdizC  $01:AA17: 38       SEC
f6      c172596      i43520749    A:26 X:01 Y:00 S:FC P:nvubdizC  $01:AA18: E9 01    SBC #$01
f6      c172598      i43520750    A:25 X:01 Y:00 S:FC P:nvubdizC  $01:AA1A: D0 EF    BNE $AA0B
f6      c172601      i43520751    A:25 X:01 Y:00 S:FC P:nvubdizC  $01:AA0B: 48       PHA
f6      c172604      i43520752    A:25 X:01 Y:00 S:FB P:nvubdizC  $01:AA0C: A9 00    LDA #$00
f6      c172606      i43520753    A:00 X:01 Y:00 S:FB P:nvubdiZC  $01:AA0E: 91 EC    STA ($EC),Y @ $06DB = #$00
f6      c172612      i43520754    A:00 X:01 Y:00 S:FB P:nvubdiZC  $01:AA10: E6 EC    INC $EC = #$DB
f6      c172617      i43520755    A:00 X:01 Y:00 S:FB P:NvubdizC  $01:AA12: D0 02    BNE $AA16
f6      c172620      i43520756    A:00 X:01 Y:00 S:FB P:NvubdizC  $01:AA16: 68       PLA
f6      c172624      i43520757    A:25 X:01 Y:00 S:FC P:nvubdizC  $01:AA17: 38       SEC
f6      c173351      i43520976    A:0C X:01 Y:00 S:FC P:nvubdizC  $01:AA0B: 48       PHA
f6      c173354      i43520977    A:0C X:01 Y:00 S:FB P:nvubdizC  $01:AA0C: A9 00    LDA #$00
f6      c173356      i43520978    A:00 X:01 Y:00 S:FB P:nvubdiZC  $01:AA0E: 91 EC    STA ($EC),Y @ $06F4 = #$00
f6      c173362      i43520979    A:00 X:01 Y:00 S:FB P:nvubdiZC  $01:AA10: E6 EC    INC $EC = #$F4
f6      c173367      i43520980    A:00 X:01 Y:00 S:FB P:NvubdizC  $01:AA12: D0 02    BNE $AA16
f6      c173370      i43520981    A:00 X:01 Y:00 S:FB P:NvubdizC  $01:AA16: 68       PLA
f6      c173374      i43520982    A:0C X:01 Y:00 S:FC P:nvubdizC  $01:AA17: 38       SEC
f6      c173376      i43520983    A:0C X:01 Y:00 S:FC P:nvubdizC  $01:AA18: E9 01    SBC #$01
f6      c173378      i43520984    A:0B X:01 Y:00 S:FC P:nvubdizC  $01:AA1A: D0 EF    BNE $AA0B
f6      c173381      i43520985    A:0B X:01 Y:00 S:FC P:nvubdizC  $01:AA0B: 48       PHA
f6      c173384      i43520986    A:0B X:01 Y:00 S:FB P:nvubdizC  $01:AA0C: A9 00    LDA #$00
f6      c173386      i43520987    A:00 X:01 Y:00 S:FB P:nvubdiZC  $01:AA0E: 91 EC    STA ($EC),Y @ $06F5 = #$00
f6      c173392      i43520988    A:00 X:01 Y:00 S:FB P:nvubdiZC  $01:AA10: E6 EC    INC $EC = #$F5
f6      c173397      i43520989    A:00 X:01 Y:00 S:FB P:NvubdizC  $01:AA12: D0 02    BNE $AA16
f6      c173400      i43520990    A:00 X:01 Y:00 S:FB P:NvubdizC  $01:AA16: 68       PLA
f6      c173404      i43520991    A:0B X:01 Y:00 S:FC P:nvubdizC  $01:AA17: 38       SEC
f6      c173406      i43520992    A:0B X:01 Y:00 S:FC P:nvubdizC  $01:AA18: E9 01    SBC #$01
f6      c173408      i43520993    A:0A X:01 Y:00 S:FC P:nvubdizC  $01:AA1A: D0 EF    BNE $AA0B
f6      c173411      i43520994    A:0A X:01 Y:00 S:FC P:nvubdizC  $01:AA0B: 48       PHA
f6      c173414      i43520995    A:0A X:01 Y:00 S:FB P:nvubdizC  $01:AA0C: A9 00    LDA #$00
f6      c173416      i43520996    A:00 X:01 Y:00 S:FB P:nvubdiZC  $01:AA0E: 91 EC    STA ($EC),Y @ $06F6 = #$00
f6      c173422      i43520997    A:00 X:01 Y:00 S:FB P:nvubdiZC  $01:AA10: E6 EC    INC $EC = #$F6
f6      c173427      i43520998    A:00 X:01 Y:00 S:FB P:NvubdizC  $01:AA12: D0 02    BNE $AA16
f6      c173430      i43520999    A:00 X:01 Y:00 S:FB P:NvubdizC  $01:AA16: 68       PLA
f6      c173434      i43521000    A:0A X:01 Y:00 S:FC P:nvubdizC  $01:AA17: 38       SEC
f6      c173436      i43521001    A:0A X:01 Y:00 S:FC P:nvubdizC  $01:AA18: E9 01    SBC #$01
f6      c173438      i43521002    A:09 X:01 Y:00 S:FC P:nvubdizC  $01:AA1A: D0 EF    BNE $AA0B
f6      c173441      i43521003    A:09 X:01 Y:00 S:FC P:nvubdizC  $01:AA0B: 48       PHA
f6      c173444      i43521004    A:09 X:01 Y:00 S:FB P:nvubdizC  $01:AA0C: A9 00    LDA #$00
f6      c173446      i43521005    A:00 X:01 Y:00 S:FB P:nvubdiZC  $01:AA0E: 91 EC    STA ($EC),Y @ $06F7 = #$00
f6      c173452      i43521006    A:00 X:01 Y:00 S:FB P:nvubdiZC  $01:AA10: E6 EC    INC $EC = #$F7
f6      c173457      i43521007    A:00 X:01 Y:00 S:FB P:NvubdizC  $01:AA12: D0 02    BNE $AA16
f6      c173460      i43521008    A:00 X:01 Y:00 S:FB P:NvubdizC  $01:AA16: 68       PLA
f6      c173464      i43521009    A:09 X:01 Y:00 S:FC P:nvubdizC  $01:AA17: 38       SEC
f6      c173466      i43521010    A:09 X:01 Y:00 S:FC P:nvubdizC  $01:AA18: E9 01    SBC #$01
f6      c173468      i43521011    A:08 X:01 Y:00 S:FC P:nvubdizC  $01:AA1A: D0 EF    BNE $AA0B
f6      c173471      i43521012    A:08 X:01 Y:00 S:FC P:nvubdizC  $01:AA0B: 48       PHA
f6      c173474      i43521013    A:08 X:01 Y:00 S:FB P:nvubdizC  $01:AA0C: A9 00    LDA #$00
f6      c173476      i43521014    A:00 X:01 Y:00 S:FB P:nvubdiZC  $01:AA0E: 91 EC    STA ($EC),Y @ $06F8 = #$00
f6      c173482      i43521015    A:00 X:01 Y:00 S:FB P:nvubdiZC  $01:AA10: E6 EC    INC $EC = #$F8
f6      c173487      i43521016    A:00 X:01 Y:00 S:FB P:NvubdizC  $01:AA12: D0 02    BNE $AA16
f6      c173490      i43521017    A:00 X:01 Y:00 S:FB P:NvubdizC  $01:AA16: 68       PLA
f6      c173494      i43521018    A:08 X:01 Y:00 S:FC P:nvubdizC  $01:AA17: 38       SEC
f6      c174478      i43521316    A:0F X:0F Y:05 S:FA P:nvubdizc  $00:9AA3: BD A2 9E LDA $9EA2,X @ $9EB1 = #$00
f6      c174482      i43521317    A:00 X:0F Y:05 S:FA P:nvubdiZc  $00:9AA6: 85 E6    STA $E6 = #$00
f6      c174485      i43521318    A:00 X:0F Y:05 S:FA P:nvubdiZc  $00:9AA8: B9 2A 06 LDA $062A,Y @ $062F = #$0F
f6      c174489      i43521319    A:0F X:0F Y:05 S:FA P:nvubdizc  $00:9AAB: 29 0F    AND #$0F
f6      c174491      i43521320    A:0F X:0F Y:05 S:FA P:nvubdizc  $00:9AAD: 05 E6    ORA $E6 = #$00
f6      c174494      i43521321    A:0F X:0F Y:05 S:FA P:nvubdizc  $00:9AAF: A6 E7    LDX $E7 = #$08
f6      c174497      i43521322    A:0F X:08 Y:05 S:FA P:nvubdizc  $00:9AB1: 9D E8 05 STA $05E8,X @ $05F0 = #$00
f6      c174502      i43521323    A:0F X:08 Y:05 S:FA P:nvubdizc  $00:9AB4: E6 E7    INC $E7 = #$08
f6      c174507      i43521324    A:0F X:08 Y:05 S:FA P:nvubdizc  $00:9AB6: C8       INY
f6      c174509      i43521325    A:0F X:08 Y:06 S:FA P:nvubdizc  $00:9AB7: 60       RTS (from $9AA2)
f6      c174515      i43521326    A:0F X:08 Y:06 S:FC P:nvubdizc  $00:9A89: C0 10    CPY #$10
f6      c174517      i43521327    A:0F X:08 Y:06 S:FC P:Nvubdizc  $00:9A8B: D0 F1    BNE $9A7E
f6      c174520      i43521328    A:0F X:08 Y:06 S:FC P:Nvubdizc  $00:9A7E: B9 2A 06 LDA $062A,Y @ $0630 = #$0F
f6      c174524      i43521329    A:0F X:08 Y:06 S:FC P:nvubdizc  $00:9A81: 29 30    AND #$30
f6      c174526      i43521330    A:00 X:08 Y:06 S:FC P:nvubdiZc  $00:9A83: 18       CLC
f6      c174528      i43521331    A:00 X:08 Y:06 S:FC P:nvubdiZc  $00:9A84: 65 4A    ADC $4A = #$0F
f6      c174531      i43521332    A:0F X:08 Y:06 S:FC P:nvubdizc  $00:9A86: 20 A2 9A JSR $9AA2
f6      c174537      i43521333    A:0F X:08 Y:06 S:FA P:nvubdizc  $00:9AA2: AA       TAX
f6      c174539      i43521334    A:0F X:0F Y:06 S:FA P:nvubdizc  $00:9AA3: BD A2 9E LDA $9EA2,X @ $9EB1 = #$00
f6      c174543      i43521335    A:00 X:0F Y:06 S:FA P:nvubdiZc  $00:9AA6: 85 E6    STA $E6 = #$00
f6      c174546      i43521336    A:00 X:0F Y:06 S:FA P:nvubdiZc  $00:9AA8: B9 2A 06 LDA $062A,Y @ $0630 = #$0F
f6      c174550      i43521337    A:0F X:0F Y:06 S:FA P:nvubdizc  $00:9AAB: 29 0F    AND #$0F
f6      c174552      i43521338    A:0F X:0F Y:06 S:FA P:nvubdizc  $00:9AAD: 05 E6    ORA $E6 = #$00
f6      c174555      i43521339    A:0F X:0F Y:06 S:FA P:nvubdizc  $00:9AAF: A6 E7    LDX $E7 = #$09
f6      c174558      i43521340    A:0F X:09 Y:06 S:FA P:nvubdizc  $00:9AB1: 9D E8 05 STA $05E8,X @ $05F1 = #$00
f6      c174563      i43521341    A:0F X:09 Y:06 S:FA P:nvubdizc  $00:9AB4: E6 E7    INC $E7 = #$09
f6      c174568      i43521342    A:0F X:09 Y:06 S:FA P:nvubdizc  $00:9AB6: C8       INY
f6      c174570      i43521343    A:0F X:09 Y:07 S:FA P:nvubdizc  $00:9AB7: 60       RTS (from $9AA2)
f6      c174576      i43521344    A:0F X:09 Y:07 S:FC P:nvubdizc  $00:9A89: C0 10    CPY #$10
f6      c174578      i43521345    A:0F X:09 Y:07 S:FC P:Nvubdizc  $00:9A8B: D0 F1    BNE $9A7E
f6      c174581      i43521346    A:0F X:09 Y:07 S:FC P:Nvubdizc  $00:9A7E: B9 2A 06 LDA $062A,Y @ $0631 = #$0F
f6      c174585      i43521347    A:0F X:09 Y:07 S:FC P:nvubdizc  $00:9A81: 29 30    AND #$30
f6      c174587      i43521348    A:00 X:09 Y:07 S:FC P:nvubdiZc  $00:9A83: 18       CLC
f6      c174589      i43521349    A:00 X:09 Y:07 S:FC P:nvubdiZc  $00:9A84: 65 4A    ADC $4A = #$0F
f6      c174592      i43521350    A:0F X:09 Y:07 S:FC P:nvubdizc  $00:9A86: 20 A2 9A JSR $9AA2
f6      c174598      i43521351    A:0F X:09 Y:07 S:FA P:nvubdizc  $00:9AA2: AA       TAX
f6      c174600      i43521352    A:0F X:0F Y:07 S:FA P:nvubdizc  $00:9AA3: BD A2 9E LDA $9EA2,X @ $9EB1 = #$00
f6      c174604      i43521353    A:00 X:0F Y:07 S:FA P:nvubdiZc  $00:9AA6: 85 E6    STA $E6 = #$00
f6      c174607      i43521354    A:00 X:0F Y:07 S:FA P:nvubdiZc  $00:9AA8: B9 2A 06 LDA $062A,Y @ $0631 = #$0F
f6      c174611      i43521355    A:0F X:0F Y:07 S:FA P:nvubdizc  $00:9AAB: 29 0F    AND #$0F
f6      c174613      i43521356    A:0F X:0F Y:07 S:FA P:nvubdizc  $00:9AAD: 05 E6    ORA $E6 = #$00
f8      c231221      i43539780    A:E0 X:20 Y:00 S:4C P:Nvubdizc  $00:9958: 18       CLC
f8      c231223      i43539781    A:E0 X:20 Y:00 S:4C P:Nvubdizc  $00:9959: 69 20    ADC #$20
f8      c231225      i43539782    A:00 X:20 Y:00 S:4C P:nvubdiZC  $00:995B: 85 E6    STA $E6 = #$E0
f8      c231228      i43539783    A:00 X:20 Y:00 S:4C P:nvubdiZC  $00:995D: A5 E7    LDA $E7 = #$21
f8      c231231      i43539784    A:21 X:20 Y:00 S:4C P:nvubdizC  $00:995F: 69 00    ADC #$00
f8      c231233      i43539785    A:22 X:20 Y:00 S:4C P:nvubdizc  $00:9961: 85 E7    STA $E7 = #$21
f8      c231236      i43539786    A:22 X:20 Y:00 S:4C P:nvubdizc  $00:9963: C6 E8    DEC $E8 = #$01
f8      c231241      i43539787    A:22 X:20 Y:00 S:4C P:nvubdiZc  $00:9965: D0 DB    BNE $9942
f8      c231243      i43539788    A:22 X:20 Y:00 S:4C P:nvubdiZc  $00:9967: A5 21    LDA $21 = #$06
f8      c231246      i43539789    A:06 X:20 Y:00 S:4C P:nvubdizc  $00:9969: 09 18    ORA #$18
f8      c231248      i43539790    A:1E X:20 Y:00 S:4C P:nvubdizc  $00:996B: 8D 01 20 STA $2001 = #$06
f8      c231252      i43539791    A:1E X:20 Y:00 S:4C P:nvubdizc  $00:996E: 85 21    STA $21 = #$06
f8      c231255      i43539792    A:1E X:20 Y:00 S:4C P:nvubdizc  $00:9970: A5 20    LDA $20 = #$08
f8      c231258      i43539793    A:08 X:20 Y:00 S:4C P:nvubdizc  $00:9972: 09 80    ORA #$80
f8      c231260      i43539794    A:88 X:20 Y:00 S:4C P:Nvubdizc  $00:9974: 85 20    STA $20 = #$08
f8      c231263      i43539795    A:88 X:20 Y:00 S:4C P:Nvubdizc  $00:9976: 8D 00 20 STA $2000 = #$08
f8      c231267      i43539796    A:88 X:20 Y:00 S:4C P:Nvubdizc  $00:9979: 60       RTS (from $9071)
f8      c231273      i43539797    A:88 X:20 Y:00 S:4E P:Nvubdizc  $00:8BA8: 4C AE 8B JMP $8BAE
f8      c231276      i43539798    A:88 X:20 Y:00 S:4E P:Nvubdizc  $00:8BAE: A9 01    LDA #$01
f8      c231278      i43539799    A:01 X:20 Y:00 S:4E P:nvubdizc  $00:8BB0: 20 A8 9F JSR $9FA8
f8      c231284      i43539800    A:01 X:20 Y:00 S:4C P:nvubdizc  $00:9FA8: 85 19    STA $19 = #$01
f8      c231287      i43539801    A:01 X:20 Y:00 S:4C P:nvubdizc  $00:9FAA: 8A       TXA
f8      c231289      i43539802    A:20 X:20 Y:00 S:4C P:nvubdizc  $00:9FAB: 48       PHA
f8      c231292      i43539803    A:20 X:20 Y:00 S:4B P:nvubdizc  $00:9FAC: 98       TYA
f8      c231294      i43539804    A:00 X:20 Y:00 S:4B P:nvubdiZc  $00:9FAD: 48       PHA
f8      c231297      i43539805    A:00 X:20 Y:00 S:4A P:nvubdiZc  $00:9FAE: A5 ED    LDA $ED = #$00
f8      c231300      i43539806    A:00 X:20 Y:00 S:4A P:nvubdiZc  $00:9FB0: 48       PHA
f8      c231303      i43539807    A:00 X:20 Y:00 S:49 P:nvubdiZc  $00:9FB1: A5 EC    LDA $EC = #$13
f8      c231306      i43539808    A:13 X:20 Y:00 S:49 P:nvubdizc  $00:9FB3: 48       PHA
f8      c231309      i43539809    A:13 X:20 Y:00 S:48 P:nvubdizc  $00:9FB4: A5 EB    LDA $EB = #$00
f8      c231312      i43539810    A:00 X:20 Y:00 S:48 P:nvubdiZc  $00:9FB6: 48       PHA
f8      c231315      i43539811    A:00 X:20 Y:00 S:47 P:nvubdiZc  $00:9FB7: A5 EA    LDA $EA = #$03
f8      c231318      i43539812    A:03 X:20 Y:00 S:47 P:nvubdizc  $00:9FB9: 48       PHA
f8      c231321      i43539813    A:03 X:20 Y:00 S:46 P:nvubdizc  $00:9FBA: A5 E9    LDA $E9 = #$20
f8      c231324      i43539814    A:20 X:20 Y:00 S:46 P:nvubdizc  $00:9FBC: 48       PHA
f8      c231327      i43539815    A:20 X:20 Y:00 S:45 P:nvubdizc  $00:9FBD: A5 E8    LDA $E8 = #$00
f8      c231330      i43539816    A:00 X:20 Y:00 S:45 P:nvubdiZc  $00:9FBF: 48       PHA
f8      c231333      i43539817    A:00 X:20 Y:00 S:44 P:nvubdiZc  $00:9FC0: A5 E7    LDA $E7 = #$22
f8      c231336      i43539818    A:22 X:20 Y:00 S:44 P:nvubdizc  $00:9FC2: 48       PHA
f8      c231339      i43539819    A:22 X:20 Y:00 S:43 P:nvubdizc  $00:9FC3: A5 E6    LDA $E6 = #$00
f8      c231342      i43539820    A:00 X:20 Y:00 S:43 P:nvubdiZc  $00:9FC5: 48       PHA
f8      c231345      i43539821    A:00 X:20 Y:00 S:42 P:nvubdiZc  $00:9FC6: BA       TSX
f8      c231347      i43539822    A:00 X:42 Y:00 S:42 P:nvubdizc  $00:9FC7: 8A       TXA
f9      c240017      i43542526    A:00 X:01 Y:07 S:DB P:nvubdIzc  $01:A0ED: BD 15 40 LDA $4015,X @ $4016 = #$00
f9      c240021      i43542527    A:40 X:01 Y:07 S:DB P:nvubdIzc  $01:A0F0: 4A       LSR
f9      c240023      i43542528    A:20 X:01 Y:07 S:DB P:nvubdIzc  $01:A0F1: 26 3F    ROL $3F = #$00
f9      c240028      i43542529    A:20 X:01 Y:07 S:DB P:nvubdIZc  $01:A0F3: 29 01    AND #$01
f9      c240030      i43542530    A:00 X:01 Y:07 S:DB P:nvubdIZc  $01:A0F5: 05 3F    ORA $3F = #$00
f9      c240033      i43542531    A:00 X:01 Y:07 S:DB P:nvubdIZc  $01:A0F7: 85 3F    STA $3F = #$00
f9      c240036      i43542532    A:00 X:01 Y:07 S:DB P:nvubdIZc  $01:A0F9: 88       DEY
f9      c240038      i43542533    A:00 X:01 Y:06 S:DB P:nvubdIzc  $01:A0FA: D0 F1    BNE $A0ED
f9      c240041      i43542534    A:00 X:01 Y:06 S:DB P:nvubdIzc  $01:A0ED: BD 15 40 LDA $4015,X @ $4016 = #$00
f9      c240045      i43542535    A:40 X:01 Y:06 S:DB P:nvubdIzc  $01:A0F0: 4A       LSR
f9      c240047      i43542536    A:20 X:01 Y:06 S:DB P:nvubdIzc  $01:A0F1: 26 3F    ROL $3F = #$00
f9      c240052      i43542537    A:20 X:01 Y:06 S:DB P:nvubdIZc  $01:A0F3: 29 01    AND #$01
f9      c240054      i43542538    A:00 X:01 Y:06 S:DB P:nvubdIZc  $01:A0F5: 05 3F    ORA $3F = #$00
f9      c240057      i43542539    A:00 X:01 Y:06 S:DB P:nvubdIZc  $01:A0F7: 85 3F    STA $3F = #$00
f9      c240060      i43542540    A:00 X:01 Y:06 S:DB P:nvubdIZc  $01:A0F9: 88       DEY
f9      c240062      i43542541    A:00 X:01 Y:05 S:DB P:nvubdIzc  $01:A0FA: D0 F1    BNE $A0ED
f9      c240065      i43542542    A:00 X:01 Y:05 S:DB P:nvubdIzc  $01:A0ED: BD 15 40 LDA $4015,X @ $4016 = #$00
f9      c240069      i43542543    A:40 X:01 Y:05 S:DB P:nvubdIzc  $01:A0F0: 4A       LSR
f9      c240071      i43542544    A:20 X:01 Y:05 S:DB P:nvubdIzc  $01:A0F1: 26 3F    ROL $3F = #$00
f9      c240076      i43542545    A:20 X:01 Y:05 S:DB P:nvubdIZc  $01:A0F3: 29 01    AND #$01
f9      c240078      i43542546    A:00 X:01 Y:05 S:DB P:nvubdIZc  $01:A0F5: 05 3F    ORA $3F = #$00
f9      c240081      i43542547    A:00 X:01 Y:05 S:DB P:nvubdIZc  $01:A0F7: 85 3F    STA $3F = #$00
f9      c240084      i43542548    A:00 X:01 Y:05 S:DB P:nvubdIZc  $01:A0F9: 88       DEY
f9      c240086      i43542549    A:00 X:01 Y:04 S:DB P:nvubdIzc  $01:A0FA: D0 F1    BNE $A0ED
f9      c240089      i43542550    A:00 X:01 Y:04 S:DB P:nvubdIzc  $01:A0ED: BD 15 40 LDA $4015,X @ $4016 = #$00
f9      c240093      i43542551    A:40 X:01 Y:04 S:DB P:nvubdIzc  $01:A0F0: 4A       LSR
f9      c240095      i43542552    A:20 X:01 Y:04 S:DB P:nvubdIzc  $01:A0F1: 26 3F    ROL $3F = #$00
f9      c240100      i43542553    A:20 X:01 Y:04 S:DB P:nvubdIZc  $01:A0F3: 29 01    AND #$01
f9      c240102      i43542554    A:00 X:01 Y:04 S:DB P:nvubdIZc  $01:A0F5: 05 3F    ORA $3F = #$00
f9      c240105      i43542555    A:00 X:01 Y:04 S:DB P:nvubdIZc  $01:A0F7: 85 3F    STA $3F = #$00
f9      c240108      i43542556    A:00 X:01 Y:04 S:DB P:nvubdIZc  $01:A0F9: 88       DEY
f9      c240110      i43542557    A:00 X:01 Y:03 S:DB P:nvubdIzc  $01:A0FA: D0 F1    BNE $A0ED
f9      c240113      i43542558    A:00 X:01 Y:03 S:DB P:nvubdIzc  $01:A0ED: BD 15 40 LDA $4015,X @ $4016 = #$00
f9      c240117      i43542559    A:40 X:01 Y:03 S:DB P:nvubdIzc  $01:A0F0: 4A       LSR
f9      c240119      i43542560    A:20 X:01 Y:03 S:DB P:nvubdIzc  $01:A0F1: 26 3F    ROL $3F = #$00
f9      c240124      i43542561    A:20 X:01 Y:03 S:DB P:nvubdIZc  $01:A0F3: 29 01    AND #$01
f9      c240126      i43542562    A:00 X:01 Y:03 S:DB P:nvubdIZc  $01:A0F5: 05 3F    ORA $3F = #$00
f9      c240129      i43542563    A:00 X:01 Y:03 S:DB P:nvubdIZc  $01:A0F7: 85 3F    STA $3F = #$00
f9      c240132      i43542564    A:00 X:01 Y:03 S:DB P:nvubdIZc  $01:A0F9: 88       DEY
f9      c240134      i43542565    A:00 X:01 Y:02 S:DB P:nvubdIzc  $01:A0FA: D0 F1    BNE $A0ED
f9      c240137      i43542566    A:00 X:01 Y:02 S:DB P:nvubdIzc  $01:A0ED: BD 15 40 LDA $4015,X @ $4016 = #$00
f9      c240141      i43542567    A:40 X:01 Y:02 S:DB P:nvubdIzc  $01:A0F0: 4A       LSR
f10     c269263      i43551861    A:DC X:20 Y:01 S:DB P:NvUbdIzc  $01:A036: BD EB 05 LDA $05EB,X @ $060B = #$00
f10     c269268      i43551862    A:00 X:20 Y:01 S:DB P:nvUbdIZc  $01:A039: 8D 07 20 STA $2007 = #$00
f10     c269272      i43551863    A:00 X:20 Y:01 S:DB P:nvUbdIZc  $01:A03C: E8       INX
f10     c269274      i43551864    A:00 X:21 Y:01 S:DB P:nvUbdIzc  $01:A03D: 88       DEY
f10     c269276      i43551865    A:00 X:21 Y:00 S:DB P:nvUbdIZc  $01:A03E: D0 F6    BNE $A036
f10     c269278      i43551866    A:00 X:21 Y:00 S:DB P:nvUbdIZc  $01:A040: E8       INX
f10     c269280      i43551867    A:00 X:22 Y:00 S:DB P:nvUbdIzc  $01:A041: E8       INX
f10     c269282      i43551868    A:00 X:23 Y:00 S:DB P:nvUbdIzc  $01:A042: E8       INX
f10     c269284      i43551869    A:00 X:24 Y:00 S:DB P:nvUbdIzc  $01:A043: BD E8 05 LDA $05E8,X @ $060C = #$04
f10     c269289      i43551870    A:04 X:24 Y:00 S:DB P:nvUbdIzc  $01:A046: D0 D3    BNE $A01B
f10     c269292      i43551871    A:04 X:24 Y:00 S:DB P:nvUbdIzc  $01:A01B: A0 80    LDY #$80
f10     c269294      i43551872    A:04 X:24 Y:80 S:DB P:NvUbdIzc  $01:A01D: BD E8 05 LDA $05E8,X @ $060C = #$04
f10     c269299      i43551873    A:04 X:24 Y:80 S:DB P:nvUbdIzc  $01:A020: 10 04    BPL $A026
f10     c269302      i43551874    A:04 X:24 Y:80 S:DB P:nvUbdIzc  $01:A026: 8C 00 20 STY $2000 = #$80
f10     c269306      i43551875    A:04 X:24 Y:80 S:DB P:nvUbdIzc  $01:A029: A8       TAY
f10     c269308      i43551876    A:04 X:24 Y:04 S:DB P:nvUbdIzc  $01:A02A: BD EA 05 LDA $05EA,X @ $060E = #$21
f10     c269313      i43551877    A:21 X:24 Y:04 S:DB P:nvUbdIzc  $01:A02D: 8D 06 20 STA $2006 = #$DD
f10     c269317      i43551878    A:21 X:24 Y:04 S:DB P:nvUbdIzc  $01:A030: BD E9 05 LDA $05E9,X @ $060D = #$90
f10     c269322      i43551879    A:90 X:24 Y:04 S:DB P:NvUbdIzc  $01:A033: 8D 06 20 STA $2006 = #$DD
f10     c269326      i43551880    A:90 X:24 Y:04 S:DB P:NvUbdIzc  $01:A036: BD EB 05 LDA $05EB,X @ $060F = #$2D
f10     c269331      i43551881    A:2D X:24 Y:04 S:DB P:nvUbdIzc  $01:A039: 8D 07 20 STA $2007 = #$00
f10     c269335      i43551882    A:2D X:24 Y:04 S:DB P:nvUbdIzc  $01:A03C: E8       INX
f10     c269337      i43551883    A:2D X:25 Y:04 S:DB P:nvUbdIzc  $01:A03D: 88       DEY
f10     c269339      i43551884    A:2D X:25 Y:03 S:DB P:nvUbdIzc  $01:A03E: D0 F6    BNE $A036
f10     c269342      i43551885    A:2D X:25 Y:03 S:DB P:nvUbdIzc  $01:A036: BD EB 05 LDA $05EB,X @ $0610 = #$38
f10     c269347      i43551886    A:38 X:25 Y:03 S:DB P:nvUbdIzc  $01:A039: 8D 07 20 STA $2007 = #$00
f10     c269351      i43551887    A:38 X:25 Y:03 S:DB P:nvUbdIzc  $01:A03C: E8       INX
f10     c269353      i43551888    A:38 X:26 Y:03 S:DB P:nvUbdIzc  $01:A03D: 88       DEY
f10     c269355      i43551889    A:38 X:26 Y:02 S:DB P:nvUbdIzc  $01:A03E: D0 F6    BNE $A036
f10     c269358      i43551890    A:38 X:26 Y:02 S:DB P:nvUbdIzc  $01:A036: BD EB 05 LDA $05EB,X @ $0611 = #$37
f10     c269363      i43551891    A:37 X:26 Y:02 S:DB P:nvUbdIzc  $01:A039: 8D 07 20 STA $2007 = #$00
f10     c269367      i43551892    A:37 X:26 Y:02 S:DB P:nvUbdIzc  $01:A03C: E8       INX
f10     c269369      i43551893    A:37 X:27 Y:02 S:DB P:nvUbdIzc  $01:A03D: 88       DEY
f10     c269371      i43551894    A:37 X:27 Y:01 S:DB P:nvUbdIzc  $01:A03E: D0 F6    BNE $A036
f10     c269374      i43551895    A:37 X:27 Y:01 S:DB P:nvUbdIzc  $01:A036: BD EB 05 LDA $05EB,X @ $0612 = #$39
f10     c269379      i43551896    A:39 X:27 Y:01 S:DB P:nvUbdIzc  $01:A039: 8D 07 20 STA $2007 = #$00
f10     c269383      i43551897    A:39 X:27 Y:01 S:DB P:nvUbdIzc  $01:A03C: E8       INX
f10     c269385      i43551898    A:39 X:28 Y:01 S:DB P:nvUbdIzc  $01:A03D: 88       DEY
f10     c269387      i43551899    A:39 X:28 Y:00 S:DB P:nvUbdIZc  $01:A03E: D0 F6    BNE $A036
f10     c269389      i43551900    A:39 X:28 Y:00 S:DB P:nvUbdIZc  $01:A040: E8       INX
f10     c269391      i43551901    A:39 X:29 Y:00 S:DB P:nvUbdIzc  $01:A041: E8       INX
f10     c269393      i43551902    A:39 X:2A Y:00 S:DB P:nvUbdIzc  $01:A042: E8       INX
f13     c361291      i43581156    A:02 X:02 Y:06 S:4A P:nvUbdizc  $00:9AA3: BD A2 9E LDA $9EA2,X @ $9EA4 = #$00
f13     c361295      i43581157    A:00 X:02 Y:06 S:4A P:nvUbdiZc  $00:9AA6: 85 E6    STA $E6 = #$00
f13     c361298      i43581158    A:00 X:02 Y:06 S:4A P:nvUbdiZc  $00:9AA8: B9 2A 06 LDA $062A,Y @ $0630 = #$0F
f13     c361302      i43581159    A:0F X:02 Y:06 S:4A P:nvUbdizc  $00:9AAB: 29 0F    AND #$0F
f13     c361304      i43581160    A:0F X:02 Y:06 S:4A P:nvUbdizc  $00:9AAD: 05 E6    ORA $E6 = #$00
f13     c361307      i43581161    A:0F X:02 Y:06 S:4A P:nvUbdizc  $00:9AAF: A6 E7    LDX $E7 = #$09
f13     c361310      i43581162    A:0F X:09 Y:06 S:4A P:nvUbdizc  $00:9AB1: 9D E8 05 STA $05E8,X @ $05F1 = #$0F
f13     c361315      i43581163    A:0F X:09 Y:06 S:4A P:nvUbdizc  $00:9AB4: E6 E7    INC $E7 = #$09
f13     c361320      i43581164    A:0F X:09 Y:06 S:4A P:nvUbdizc  $00:9AB6: C8       INY
f13     c361322      i43581165    A:0F X:09 Y:07 S:4A P:nvUbdizc  $00:9AB7: 60       RTS (from $9AA2)
f13     c361328      i43581166    A:0F X:09 Y:07 S:4C P:nvUbdizc  $00:9A89: C0 10    CPY #$10
f13     c361330      i43581167    A:0F X:09 Y:07 S:4C P:NvUbdizc  $00:9A8B: D0 F1    BNE $9A7E
f13     c361333      i43581168    A:0F X:09 Y:07 S:4C P:NvUbdizc  $00:9A7E: B9 2A 06 LDA $062A,Y @ $0631 = #$0F
f13     c361337      i43581169    A:0F X:09 Y:07 S:4C P:nvUbdizc  $00:9A81: 29 30    AND #$30
f13     c361339      i43581170    A:00 X:09 Y:07 S:4C P:nvUbdiZc  $00:9A83: 18       CLC
f13     c361341      i43581171    A:00 X:09 Y:07 S:4C P:nvUbdiZc  $00:9A84: 65 4A    ADC $4A = #$02
f13     c361344      i43581172    A:02 X:09 Y:07 S:4C P:nvUbdizc  $00:9A86: 20 A2 9A JSR $9AA2
f13     c361350      i43581173    A:02 X:09 Y:07 S:4A P:nvUbdizc  $00:9AA2: AA       TAX
f13     c361352      i43581174    A:02 X:02 Y:07 S:4A P:nvUbdizc  $00:9AA3: BD A2 9E LDA $9EA2,X @ $9EA4 = #$00
f13     c361356      i43581175    A:00 X:02 Y:07 S:4A P:nvUbdiZc  $00:9AA6: 85 E6    STA $E6 = #$00
f13     c361359      i43581176    A:00 X:02 Y:07 S:4A P:nvUbdiZc  $00:9AA8: B9 2A 06 LDA $062A,Y @ $0631 = #$0F
f13     c361363      i43581177    A:0F X:02 Y:07 S:4A P:nvUbdizc  $00:9AAB: 29 0F    AND #$0F
f13     c361365      i43581178    A:0F X:02 Y:07 S:4A P:nvUbdizc  $00:9AAD: 05 E6    ORA $E6 = #$00
f13     c361368      i43581179    A:0F X:02 Y:07 S:4A P:nvUbdizc  $00:9AAF: A6 E7    LDX $E7 = #$0A
f13     c361371      i43581180    A:0F X:0A Y:07 S:4A P:nvUbdizc  $00:9AB1: 9D E8 05 STA $05E8,X @ $05F2 = #$0F
f13     c361376      i43581181    A:0F X:0A Y:07 S:4A P:nvUbdizc  $00:9AB4: E6 E7    INC $E7 = #$0A
f13     c361381      i43581182    A:0F X:0A Y:07 S:4A P:nvUbdizc  $00:9AB6: C8       INY
f13     c361383      i43581183    A:0F X:0A Y:08 S:4A P:nvUbdizc  $00:9AB7: 60       RTS (from $9AA2)
f13     c361389      i43581184    A:0F X:0A Y:08 S:4C P:nvUbdizc  $00:9A89: C0 10    CPY #$10
f13     c361391      i43581185    A:0F X:0A Y:08 S:4C P:NvUbdizc  $00:9A8B: D0 F1    BNE $9A7E
f13     c361394      i43581186    A:0F X:0A Y:08 S:4C P:NvUbdizc  $00:9A7E: B9 2A 06 LDA $062A,Y @ $0632 = #$0F
f13     c361398      i43581187    A:0F X:0A Y:08 S:4C P:nvUbdizc  $00:9A81: 29 30    AND #$30
f13     c361400      i43581188    A:00 X:0A Y:08 S:4C P:nvUbdiZc  $00:9A83: 18       CLC
f13     c361402      i43581189    A:00 X:0A Y:08 S:4C P:nvUbdiZc  $00:9A84: 65 4A    ADC $4A = #$02
f13     c361405      i43581190    A:02 X:0A Y:08 S:4C P:nvUbdizc  $00:9A86: 20 A2 9A JSR $9AA2
f13     c361411      i43581191    A:02 X:0A Y:08 S:4A P:nvUbdizc  $00:9AA2: AA       TAX
f13     c361413      i43581192    A:02 X:02 Y:08 S:4A P:nvUbdizc  $00:9AA3: BD A2 9E LDA $9EA2,X @ $9EA4 = #$00
f13     c361417      i43581193    A:00 X:02 Y:08 S:4A P:nvUbdiZc  $00:9AA6: 85 E6    STA $E6 = #$00
f13     c361420      i43581194    A:00 X:02 Y:08 S:4A P:nvUbdiZc  $00:9AA8: B9 2A 06 LDA $062A,Y @ $0632 = #$0F
f13     c361424      i43581195    A:0F X:02 Y:08 S:4A P:nvUbdizc  $00:9AAB: 29 0F    AND #$0F
f13     c361426      i43581196    A:0F X:02 Y:08 S:4A P:nvUbdizc  $00:9AAD: 05 E6    ORA $E6 = #$00
f17     c478040      i43618133    A:00 X:02 Y:06 S:DB P:nvUbdIzc  $01:A0ED: BD 15 40 LDA $4015,X @ $4017 = #$01
f17     c478044      i43618134    A:40 X:02 Y:06 S:DB P:nvUbdIzc  $01:A0F0: 4A       LSR
f17     c478046      i43618135    A:20 X:02 Y:06 S:DB P:nvUbdIzc  $01:A0F1: 26 3F    ROL $3F = #$00
f17     c478051      i43618136    A:20 X:02 Y:06 S:DB P:nvUbdIZc  $01:A0F3: 29 01    AND #$01
f17     c478053      i43618137    A:00 X:02 Y:06 S:DB P:nvUbdIZc  $01:A0F5: 05 3F    ORA $3F = #$00
f17     c478056      i43618138    A:00 X:02 Y:06 S:DB P:nvUbdIZc  $01:A0F7: 85 3F    STA $3F = #$00
f17     c478059      i43618139    A:00 X:02 Y:06 S:DB P:nvUbdIZc  $01:A0F9: 88       DEY
f17     c478061      i43618140    A:00 X:02 Y:05 S:DB P:nvUbdIzc  $01:A0FA: D0 F1    BNE $A0ED
f17     c478064      i43618141    A:00 X:02 Y:05 S:DB P:nvUbdIzc  $01:A0ED: BD 15 40 LDA $4015,X @ $4017 = #$01
f17     c478068      i43618142    A:40 X:02 Y:05 S:DB P:nvUbdIzc  $01:A0F0: 4A       LSR
f17     c478070      i43618143    A:20 X:02 Y:05 S:DB P:nvUbdIzc  $01:A0F1: 26 3F    ROL $3F = #$00
f17     c478075      i43618144    A:20 X:02 Y:05 S:DB P:nvUbdIZc  $01:A0F3: 29 01    AND #$01
f17     c478077      i43618145    A:00 X:02 Y:05 S:DB P:nvUbdIZc  $01:A0F5: 05 3F    ORA $3F = #$00
f17     c478080      i43618146    A:00 X:02 Y:05 S:DB P:nvUbdIZc  $01:A0F7: 85 3F    STA $3F = #$00
f17     c478083      i43618147    A:00 X:02 Y:05 S:DB P:nvUbdIZc  $01:A0F9: 88       DEY
f17     c478085      i43618148    A:00 X:02 Y:04 S:DB P:nvUbdIzc  $01:A0FA: D0 F1    BNE $A0ED
f17     c478088      i43618149    A:00 X:02 Y:04 S:DB P:nvUbdIzc  $01:A0ED: BD 15 40 LDA $4015,X @ $4017 = #$01
f17     c478092      i43618150    A:40 X:02 Y:04 S:DB P:nvUbdIzc  $01:A0F0: 4A       LSR
f17     c478094      i43618151    A:20 X:02 Y:04 S:DB P:nvUbdIzc  $01:A0F1: 26 3F    ROL $3F = #$00
f17     c478099      i43618152    A:20 X:02 Y:04 S:DB P:nvUbdIZc  $01:A0F3: 29 01    AND #$01
f17     c478101      i43618153    A:00 X:02 Y:04 S:DB P:nvUbdIZc  $01:A0F5: 05 3F    ORA $3F = #$00
f17     c478104      i43618154    A:00 X:02 Y:04 S:DB P:nvUbdIZc  $01:A0F7: 85 3F    STA $3F = #$00
f17     c478107      i43618155    A:00 X:02 Y:04 S:DB P:nvUbdIZc  $01:A0F9: 88       DEY
f17     c478109      i43618156    A:00 X:02 Y:03 S:DB P:nvUbdIzc  $01:A0FA: D0 F1    BNE $A0ED
f17     c478112      i43618157    A:00 X:02 Y:03 S:DB P:nvUbdIzc  $01:A0ED: BD 15 40 LDA $4015,X @ $4017 = #$01
f17     c478116      i43618158    A:40 X:02 Y:03 S:DB P:nvUbdIzc  $01:A0F0: 4A       LSR
f17     c478118      i43618159    A:20 X:02 Y:03 S:DB P:nvUbdIzc  $01:A0F1: 26 3F    ROL $3F = #$00
f17     c478123      i43618160    A:20 X:02 Y:03 S:DB P:nvUbdIZc  $01:A0F3: 29 01    AND #$01
f17     c478125      i43618161    A:00 X:02 Y:03 S:DB P:nvUbdIZc  $01:A0F5: 05 3F    ORA $3F = #$00
f17     c478128      i43618162    A:00 X:02 Y:03 S:DB P:nvUbdIZc  $01:A0F7: 85 3F    STA $3F = #$00
f17     c478131      i43618163    A:00 X:02 Y:03 S:DB P:nvUbdIZc  $01:A0F9: 88       DEY
f17     c478133      i43618164    A:00 X:02 Y:02 S:DB P:nvUbdIzc  $01:A0FA: D0 F1    BNE $A0ED
f17     c478136      i43618165    A:00 X:02 Y:02 S:DB P:nvUbdIzc  $01:A0ED: BD 15 40 LDA $4015,X @ $4017 = #$01
f17     c478140      i43618166    A:40 X:02 Y:02 S:DB P:nvUbdIzc  $01:A0F0: 4A       LSR
f17     c478142      i43618167    A:20 X:02 Y:02 S:DB P:nvUbdIzc  $01:A0F1: 26 3F    ROL $3F = #$00
f17     c478147      i43618168    A:20 X:02 Y:02 S:DB P:nvUbdIZc  $01:A0F3: 29 01    AND #$01
f17     c478149      i43618169    A:00 X:02 Y:02 S:DB P:nvUbdIZc  $01:A0F5: 05 3F    ORA $3F = #$00
f17     c478152      i43618170    A:00 X:02 Y:02 S:DB P:nvUbdIZc  $01:A0F7: 85 3F    STA $3F = #$00
f17     c478155      i43618171    A:00 X:02 Y:02 S:DB P:nvUbdIZc  $01:A0F9: 88       DEY
f17     c478157      i43618172    A:00 X:02 Y:01 S:DB P:nvUbdIzc  $01:A0FA: D0 F1    BNE $A0ED
f17     c478160      i43618173    A:00 X:02 Y:01 S:DB P:nvUbdIzc  $01:A0ED: BD 15 40 LDA $4015,X @ $4017 = #$01
f17     c478164      i43618174    A:40 X:02 Y:01 S:DB P:nvUbdIzc  $01:A0F0: 4A       LSR
f19     c539740      i43637690    A:00 X:08 Y:02 S:4A P:nvUbdiZc  $00:9AA8: B9 2A 06 LDA $062A,Y @ $062C = #$00
f19     c539744      i43637691    A:00 X:08 Y:02 S:4A P:nvUbdiZc  $00:9AAB: 29 0F    AND #$0F
f19     c539746      i43637692    A:00 X:08 Y:02 S:4A P:nvUbdiZc  $00:9AAD: 05 E6    ORA $E6 = #$00
f19     c539749      i43637693    A:00 X:08 Y:02 S:4A P:nvUbdiZc  $00:9AAF: A6 E7    LDX $E7 = #$05
f19     c539752      i43637694    A:00 X:05 Y:02 S:4A P:nvUbdizc  $00:9AB1: 9D E8 05 STA $05E8,X @ $05ED = #$00
f19     c539757      i43637695    A:00 X:05 Y:02 S:4A P:nvUbdizc  $00:9AB4: E6 E7    INC $E7 = #$05
f19     c539762      i43637696    A:00 X:05 Y:02 S:4A P:nvUbdizc  $00:9AB6: C8       INY
f19     c539764      i43637697    A:00 X:05 Y:03 S:4A P:nvUbdizc  $00:9AB7: 60       RTS (from $9AA2)
f19     c539770      i43637698    A:00 X:05 Y:03 S:4C P:nvUbdizc  $00:9A89: C0 10    CPY #$10
f19     c539772      i43637699    A:00 X:05 Y:03 S:4C P:NvUbdizc  $00:9A8B: D0 F1    BNE $9A7E
f19     c539775      i43637700    A:00 X:05 Y:03 S:4C P:NvUbdizc  $00:9A7E: B9 2A 06 LDA $062A,Y @ $062D = #$30
f19     c539779      i43637701    A:30 X:05 Y:03 S:4C P:nvUbdizc  $00:9A81: 29 30    AND #$30
f19     c539781      i43637702    A:30 X:05 Y:03 S:4C P:nvUbdizc  $00:9A83: 18       CLC
f19     c539783      i43637703    A:30 X:05 Y:03 S:4C P:nvUbdizc  $00:9A84: 65 4A    ADC $4A = #$08
f19     c539786      i43637704    A:38 X:05 Y:03 S:4C P:nvUbdizc  $00:9A86: 20 A2 9A JSR $9AA2
f19     c539792      i43637705    A:38 X:05 Y:03 S:4A P:nvUbdizc  $00:9AA2: AA       TAX
f19     c539794      i43637706    A:38 X:38 Y:03 S:4A P:nvUbdizc  $00:9AA3: BD A2 9E LDA $9EA2,X @ $9EDA = #$30
f19     c539798      i43637707    A:30 X:38 Y:03 S:4A P:nvUbdizc  $00:9AA6: 85 E6    STA $E6 = #$00
f19     c539801      i43637708    A:30 X:38 Y:03 S:4A P:nvUbdizc  $00:9AA8: B9 2A 06 LDA $062A,Y @ $062D = #$30
f19     c539805      i43637709    A:30 X:38 Y:03 S:4A P:nvUbdizc  $00:9AAB: 29 0F    AND #$0F
f19     c539807      i43637710    A:00 X:38 Y:03 S:4A P:nvUbdiZc  $00:9AAD: 05 E6    ORA $E6 = #$30
f19     c539810      i43637711    A:30 X:38 Y:03 S:4A P:nvUbdizc  $00:9AAF: A6 E7    LDX $E7 = #$06
f19     c539813      i43637712    A:30 X:06 Y:03 S:4A P:nvUbdizc  $00:9AB1: 9D E8 05 STA $05E8,X @ $05EE = #$30
f19     c539818      i43637713    A:30 X:06 Y:03 S:4A P:nvUbdizc  $00:9AB4: E6 E7    INC $E7 = #$06
f19     c539823      i43637714    A:30 X:06 Y:03 S:4A P:nvUbdizc  $00:9AB6: C8       INY
f19     c539825      i43637715    A:30 X:06 Y:04 S:4A P:nvUbdizc  $00:9AB7: 60       RTS (from $9AA2)
f19     c539831      i43637716    A:30 X:06 Y:04 S:4C P:nvUbdizc  $00:9A89: C0 10    CPY #$10
f19     c539833      i43637717    A:30 X:06 Y:04 S:4C P:NvUbdizc  $00:9A8B: D0 F1    BNE $9A7E
f19     c539836      i43637718    A:30 X:06 Y:04 S:4C P:NvUbdizc  $00:9A7E: B9 2A 06 LDA $062A,Y @ $062E = #$0F
f19     c539840      i43637719    A:0F X:06 Y:04 S:4C P:nvUbdizc  $00:9A81: 29 30    AND #$30
f19     c539842      i43637720    A:00 X:06 Y:04 S:4C P:nvUbdiZc  $00:9A83: 18       CLC
f19     c539844      i43637721    A:00 X:06 Y:04 S:4C P:nvUbdiZc  $00:9A84: 65 4A    ADC $4A = #$08
f19     c539847      i43637722    A:08 X:06 Y:04 S:4C P:nvUbdizc  $00:9A86: 20 A2 9A JSR $9AA2
f19     c539853      i43637723    A:08 X:06 Y:04 S:4A P:nvUbdizc  $00:9AA2: AA       TAX
f19     c539855      i43637724    A:08 X:08 Y:04 S:4A P:nvUbdizc  $00:9AA3: BD A2 9E LDA $9EA2,X @ $9EAA = #$00
f19     c539859      i43637725    A:00 X:08 Y:04 S:4A P:nvUbdiZc  $00:9AA6: 85 E6    STA $E6 = #$30
f19     c539862      i43637726    A:00 X:08 Y:04 S:4A P:nvUbdiZc  $00:9AA8: B9 2A 06 LDA $062A,Y @ $062E = #$0F
f19     c539866      i43637727    A:0F X:08 Y:04 S:4A P:nvUbdizc  $00:9AAB: 29 0F    AND #$0F
f19     c539868      i43637728    A:0F X:08 Y:04 S:4A P:nvUbdizc  $00:9AAD: 05 E6    ORA $E6 = #$00
f19     c539871      i43637729    A:0F X:08 Y:04 S:4A P:nvUbdizc  $00:9AAF: A6 E7    LDX $E7 = #$07
f19     c539874      i43637730    A:0F X:07 Y:04 S:4A P:nvUbdizc  $00:9AB1: 9D E8 05 STA $05E8,X @ $05EF = #$0F
f24     c686504      i43684170    A:00 X:02 Y:06 S:DB P:nvUbdIzc  $01:A0ED: BD 15 40 LDA $4015,X @ $4017 = #$01
f24     c686508      i43684171    A:40 X:02 Y:06 S:DB P:nvUbdIzc  $01:A0F0: 4A       LSR
f24     c686510      i43684172    A:20 X:02 Y:06 S:DB P:nvUbdIzc  $01:A0F1: 26 3F    ROL $3F = #$00
f24     c686515      i43684173    A:20 X:02 Y:06 S:DB P:nvUbdIZc  $01:A0F3: 29 01    AND #$01
f24     c686517      i43684174    A:00 X:02 Y:06 S:DB P:nvUbdIZc  $01:A0F5: 05 3F    ORA $3F = #$00
f24     c686520      i43684175    A:00 X:02 Y:06 S:DB P:nvUbdIZc  $01:A0F7: 85 3F    STA $3F = #$00
f24     c686523      i43684176    A:00 X:02 Y:06 S:DB P:nvUbdIZc  $01:A0F9: 88       DEY
f24     c686525      i43684177    A:00 X:02 Y:05 S:DB P:nvUbdIzc  $01:A0FA: D0 F1    BNE $A0ED
f24     c686528      i43684178    A:00 X:02 Y:05 S:DB P:nvUbdIzc  $01:A0ED: BD 15 40 LDA $4015,X @ $4017 = #$01
f24     c686532      i43684179    A:40 X:02 Y:05 S:DB P:nvUbdIzc  $01:A0F0: 4A       LSR
f24     c686534      i43684180    A:20 X:02 Y:05 S:DB P:nvUbdIzc  $01:A0F1: 26 3F    ROL $3F = #$00
f24     c686539      i43684181    A:20 X:02 Y:05 S:DB P:nvUbdIZc  $01:A0F3: 29 01    AND #$01
f24     c686541      i43684182    A:00 X:02 Y:05 S:DB P:nvUbdIZc  $01:A0F5: 05 3F    ORA $3F = #$00
f24     c686544      i43684183    A:00 X:02 Y:05 S:DB P:nvUbdIZc  $01:A0F7: 85 3F    STA $3F = #$00
f24     c686547      i43684184    A:00 X:02 Y:05 S:DB P:nvUbdIZc  $01:A0F9: 88       DEY
f24     c686549      i43684185    A:00 X:02 Y:04 S:DB P:nvUbdIzc  $01:A0FA: D0 F1    BNE $A0ED
f24     c686552      i43684186    A:00 X:02 Y:04 S:DB P:nvUbdIzc  $01:A0ED: BD 15 40 LDA $4015,X @ $4017 = #$01
f24     c686556      i43684187    A:40 X:02 Y:04 S:DB P:nvUbdIzc  $01:A0F0: 4A       LSR
f24     c686558      i43684188    A:20 X:02 Y:04 S:DB P:nvUbdIzc  $01:A0F1: 26 3F    ROL $3F = #$00
f24     c686563      i43684189    A:20 X:02 Y:04 S:DB P:nvUbdIZc  $01:A0F3: 29 01    AND #$01
f24     c686565      i43684190    A:00 X:02 Y:04 S:DB P:nvUbdIZc  $01:A0F5: 05 3F    ORA $3F = #$00
f24     c686568      i43684191    A:00 X:02 Y:04 S:DB P:nvUbdIZc  $01:A0F7: 85 3F    STA $3F = #$00
f24     c686571      i43684192    A:00 X:02 Y:04 S:DB P:nvUbdIZc  $01:A0F9: 88       DEY
f24     c686573      i43684193    A:00 X:02 Y:03 S:DB P:nvUbdIzc  $01:A0FA: D0 F1    BNE $A0ED
f24     c686576      i43684194    A:00 X:02 Y:03 S:DB P:nvUbdIzc  $01:A0ED: BD 15 40 LDA $4015,X @ $4017 = #$01
f24     c686580      i43684195    A:40 X:02 Y:03 S:DB P:nvUbdIzc  $01:A0F0: 4A       LSR
f24     c686582      i43684196    A:20 X:02 Y:03 S:DB P:nvUbdIzc  $01:A0F1: 26 3F    ROL $3F = #$00
f24     c686587      i43684197    A:20 X:02 Y:03 S:DB P:nvUbdIZc  $01:A0F3: 29 01    AND #$01
f24     c686589      i43684198    A:00 X:02 Y:03 S:DB P:nvUbdIZc  $01:A0F5: 05 3F    ORA $3F = #$00
f24     c686592      i43684199    A:00 X:02 Y:03 S:DB P:nvUbdIZc  $01:A0F7: 85 3F    STA $3F = #$00
f24     c686595      i43684200    A:00 X:02 Y:03 S:DB P:nvUbdIZc  $01:A0F9: 88       DEY
f24     c686597      i43684201    A:00 X:02 Y:02 S:DB P:nvUbdIzc  $01:A0FA: D0 F1    BNE $A0ED
f24     c686600      i43684202    A:00 X:02 Y:02 S:DB P:nvUbdIzc  $01:A0ED: BD 15 40 LDA $4015,X @ $4017 = #$01
f24     c686604      i43684203    A:40 X:02 Y:02 S:DB P:nvUbdIzc  $01:A0F0: 4A       LSR
f24     c686606      i43684204    A:20 X:02 Y:02 S:DB P:nvUbdIzc  $01:A0F1: 26 3F    ROL $3F = #$00
f24     c686611      i43684205    A:20 X:02 Y:02 S:DB P:nvUbdIZc  $01:A0F3: 29 01    AND #$01
f24     c686613      i43684206    A:00 X:02 Y:02 S:DB P:nvUbdIZc  $01:A0F5: 05 3F    ORA $3F = #$00
f24     c686616      i43684207    A:00 X:02 Y:02 S:DB P:nvUbdIZc  $01:A0F7: 85 3F    STA $3F = #$00
f24     c686619      i43684208    A:00 X:02 Y:02 S:DB P:nvUbdIZc  $01:A0F9: 88       DEY
f24     c686621      i43684209    A:00 X:02 Y:01 S:DB P:nvUbdIzc  $01:A0FA: D0 F1    BNE $A0ED
f24     c686624      i43684210    A:00 X:02 Y:01 S:DB P:nvUbdIzc  $01:A0ED: BD 15 40 LDA $4015,X @ $4017 = #$01
f24     c686628      i43684211    A:40 X:02 Y:01 S:DB P:nvUbdIzc  $01:A0F0: 4A       LSR
f26     c748204      i43703727    A:00 X:0F Y:02 S:4A P:nvUbdiZc  $00:9AA8: B9 2A 06 LDA $062A,Y @ $062C = #$00
f26     c748208      i43703728    A:00 X:0F Y:02 S:4A P:nvUbdiZc  $00:9AAB: 29 0F    AND #$0F
f26     c748210      i43703729    A:00 X:0F Y:02 S:4A P:nvUbdiZc  $00:9AAD: 05 E6    ORA $E6 = #$00
f26     c748213      i43703730    A:00 X:0F Y:02 S:4A P:nvUbdiZc  $00:9AAF: A6 E7    LDX $E7 = #$05
f26     c748216      i43703731    A:00 X:05 Y:02 S:4A P:nvUbdizc  $00:9AB1: 9D E8 05 STA $05E8,X @ $05ED = #$00
f26     c748221      i43703732    A:00 X:05 Y:02 S:4A P:nvUbdizc  $00:9AB4: E6 E7    INC $E7 = #$05
f26     c748226      i43703733    A:00 X:05 Y:02 S:4A P:nvUbdizc  $00:9AB6: C8       INY
f26     c748228      i43703734    A:00 X:05 Y:03 S:4A P:nvUbdizc  $00:9AB7: 60       RTS (from $9AA2)
f26     c748234      i43703735    A:00 X:05 Y:03 S:4C P:nvUbdizc  $00:9A89: C0 10    CPY #$10
f26     c748236      i43703736    A:00 X:05 Y:03 S:4C P:NvUbdizc  $00:9A8B: D0 F1    BNE $9A7E
f26     c748239      i43703737    A:00 X:05 Y:03 S:4C P:NvUbdizc  $00:9A7E: B9 2A 06 LDA $062A,Y @ $062D = #$30
f26     c748243      i43703738    A:30 X:05 Y:03 S:4C P:nvUbdizc  $00:9A81: 29 30    AND #$30
f26     c748245      i43703739    A:30 X:05 Y:03 S:4C P:nvUbdizc  $00:9A83: 18       CLC
f26     c748247      i43703740    A:30 X:05 Y:03 S:4C P:nvUbdizc  $00:9A84: 65 4A    ADC $4A = #$0F
f26     c748250      i43703741    A:3F X:05 Y:03 S:4C P:nvUbdizc  $00:9A86: 20 A2 9A JSR $9AA2
f26     c748256      i43703742    A:3F X:05 Y:03 S:4A P:nvUbdizc  $00:9AA2: AA       TAX
f26     c748258      i43703743    A:3F X:3F Y:03 S:4A P:nvUbdizc  $00:9AA3: BD A2 9E LDA $9EA2,X @ $9EE1 = #$30
f26     c748262      i43703744    A:30 X:3F Y:03 S:4A P:nvUbdizc  $00:9AA6: 85 E6    STA $E6 = #$00
f26     c748265      i43703745    A:30 X:3F Y:03 S:4A P:nvUbdizc  $00:9AA8: B9 2A 06 LDA $062A,Y @ $062D = #$30
f26     c748269      i43703746    A:30 X:3F Y:03 S:4A P:nvUbdizc  $00:9AAB: 29 0F    AND #$0F
f26     c748271      i43703747    A:00 X:3F Y:03 S:4A P:nvUbdiZc  $00:9AAD: 05 E6    ORA $E6 = #$30
f26     c748274      i43703748    A:30 X:3F Y:03 S:4A P:nvUbdizc  $00:9AAF: A6 E7    LDX $E7 = #$06
f26     c748277      i43703749    A:30 X:06 Y:03 S:4A P:nvUbdizc  $00:9AB1: 9D E8 05 STA $05E8,X @ $05EE = #$30
f26     c748282      i43703750    A:30 X:06 Y:03 S:4A P:nvUbdizc  $00:9AB4: E6 E7    INC $E7 = #$06
f26     c748287      i43703751    A:30 X:06 Y:03 S:4A P:nvUbdizc  $00:9AB6: C8       INY
f26     c748289      i43703752    A:30 X:06 Y:04 S:4A P:nvUbdizc  $00:9AB7: 60       RTS (from $9AA2)
f26     c748295      i43703753    A:30 X:06 Y:04 S:4C P:nvUbdizc  $00:9A89: C0 10    CPY #$10
f26     c748297      i43703754    A:30 X:06 Y:04 S:4C P:NvUbdizc  $00:9A8B: D0 F1    BNE $9A7E
f26     c748300      i43703755    A:30 X:06 Y:04 S:4C P:NvUbdizc  $00:9A7E: B9 2A 06 LDA $062A,Y @ $062E = #$0F
f26     c748304      i43703756    A:0F X:06 Y:04 S:4C P:nvUbdizc  $00:9A81: 29 30    AND #$30
f26     c748306      i43703757    A:00 X:06 Y:04 S:4C P:nvUbdiZc  $00:9A83: 18       CLC
f26     c748308      i43703758    A:00 X:06 Y:04 S:4C P:nvUbdiZc  $00:9A84: 65 4A    ADC $4A = #$0F
f26     c748311      i43703759    A:0F X:06 Y:04 S:4C P:nvUbdizc  $00:9A86: 20 A2 9A JSR $9AA2
f26     c748317      i43703760    A:0F X:06 Y:04 S:4A P:nvUbdizc  $00:9AA2: AA       TAX
f26     c748319      i43703761    A:0F X:0F Y:04 S:4A P:nvUbdizc  $00:9AA3: BD A2 9E LDA $9EA2,X @ $9EB1 = #$00
f26     c748323      i43703762    A:00 X:0F Y:04 S:4A P:nvUbdiZc  $00:9AA6: 85 E6    STA $E6 = #$30
f26     c748326      i43703763    A:00 X:0F Y:04 S:4A P:nvUbdiZc  $00:9AA8: B9 2A 06 LDA $062A,Y @ $062E = #$0F
f26     c748330      i43703764    A:0F X:0F Y:04 S:4A P:nvUbdizc  $00:9AAB: 29 0F    AND #$0F
f26     c748332      i43703765    A:0F X:0F Y:04 S:4A P:nvUbdizc  $00:9AAD: 05 E6    ORA $E6 = #$00
f26     c748335      i43703766    A:0F X:0F Y:04 S:4A P:nvUbdizc  $00:9AAF: A6 E7    LDX $E7 = #$07
f26     c748338      i43703767    A:0F X:07 Y:04 S:4A P:nvUbdizc  $00:9AB1: 9D E8 05 STA $05E8,X @ $05EF = #$0F
f27     c777641      i43713056    A:23 X:42 Y:00 S:44 P:nvUbdizc  $00:9F3B: 68       PLA
f27     c777645      i43713057    A:00 X:42 Y:00 S:45 P:nvUbdiZc  $00:9F3C: 85 E8    STA $E8 = #$00
f27     c777648      i43713058    A:00 X:42 Y:00 S:45 P:nvUbdiZc  $00:9F3E: 68       PLA
f27     c777652      i43713059    A:03 X:42 Y:00 S:46 P:nvUbdizc  $00:9F3F: 85 E9    STA $E9 = #$20
f27     c777655      i43713060    A:03 X:42 Y:00 S:46 P:nvUbdizc  $00:9F41: 68       PLA
f27     c777659      i43713061    A:71 X:42 Y:00 S:47 P:nvUbdizc  $00:9F42: 85 EA    STA $EA = #$00
f27     c777662      i43713062    A:71 X:42 Y:00 S:47 P:nvUbdizc  $00:9F44: 68       PLA
f27     c777666      i43713063    A:B3 X:42 Y:00 S:48 P:NvUbdizc  $00:9F45: 85 EB    STA $EB = #$55
f27     c777669      i43713064    A:B3 X:42 Y:00 S:48 P:NvUbdizc  $00:9F47: 68       PLA
f27     c777673      i43713065    A:00 X:42 Y:00 S:49 P:nvUbdiZc  $00:9F48: 85 EC    STA $EC = #$00
f27     c777676      i43713066    A:00 X:42 Y:00 S:49 P:nvUbdiZc  $00:9F4A: 68       PLA
f27     c777680      i43713067    A:03 X:42 Y:00 S:4A P:nvUbdizc  $00:9F4B: 85 ED    STA $ED = #$02
f27     c777683      i43713068    A:03 X:42 Y:00 S:4A P:nvUbdizc  $00:9F4D: 68       PLA
f27     c777687      i43713069    A:20 X:42 Y:00 S:4B P:nvUbdizc  $00:9F4E: A8       TAY
f27     c777689      i43713070    A:20 X:42 Y:20 S:4B P:nvUbdizc  $00:9F4F: 68       PLA
f27     c777693      i43713071    A:23 X:42 Y:20 S:4C P:nvUbdizc  $00:9F50: AA       TAX
f27     c777695      i43713072    A:23 X:23 Y:20 S:4C P:nvUbdizc  $00:9F51: 60       RTS (from $9FA8)
f27     c777701      i43713073    A:23 X:23 Y:20 S:4E P:nvUbdizc  $00:99A4: A5 4A    LDA $4A = #$0F
f27     c777704      i43713074    A:0F X:23 Y:20 S:4E P:nvUbdizc  $00:99A6: 18       CLC
f27     c777706      i43713075    A:0F X:23 Y:20 S:4E P:nvUbdizc  $00:99A7: 65 4B    ADC $4B = #$0F
f27     c777709      i43713076    A:1E X:23 Y:20 S:4E P:nvUbdizc  $00:99A9: C9 1E    CMP #$1E
f27     c777711      i43713077    A:1E X:23 Y:20 S:4E P:nvUbdiZC  $00:99AB: 90 DF    BCC $998C
f27     c777713      i43713078    A:1E X:23 Y:20 S:4E P:nvUbdiZC  $00:99AD: 60       RTS (from $997E)
f27     c777719      i43713079    A:1E X:23 Y:20 S:50 P:nvUbdiZC  $00:8588: A9 01    LDA #$01
f27     c777721      i43713080    A:01 X:23 Y:20 S:50 P:nvUbdizC  $00:858A: 4C 79 88 JMP $8879
f27     c777724      i43713081    A:01 X:23 Y:20 S:50 P:nvUbdizC  $00:8879: 18       CLC
f27     c777726      i43713082    A:01 X:23 Y:20 S:50 P:nvUbdizc  $00:887A: 65 4D    ADC $4D = #$27
f27     c777729      i43713083    A:28 X:23 Y:20 S:50 P:nvUbdizc  $00:887C: 85 4D    STA $4D = #$27
f27     c777732      i43713084    A:28 X:23 Y:20 S:50 P:nvUbdizc  $00:887E: A5 4E    LDA $4E = #$A0
f27     c777735      i43713085    A:A0 X:23 Y:20 S:50 P:NvUbdizc  $00:8880: 69 00    ADC #$00
f27     c777737      i43713086    A:A0 X:23 Y:20 S:50 P:NvUbdizc  $00:8882: 85 4E    STA $4E = #$A0
f27     c777740      i43713087    A:A0 X:23 Y:20 S:50 P:NvUbdizc  $00:8884: 4C E7 84 JMP $84E7
f27     c777743      i43713088    A:A0 X:23 Y:20 S:50 P:NvUbdizc  $00:84E7: A0 00    LDY #$00
f27     c777745      i43713089    A:A0 X:23 Y:00 S:50 P:nvUbdiZc  $00:84E9: B1 4D    LDA ($4D),Y @ $A028 = #$DF
f27     c777750      i43713090    A:DF X:23 Y:00 S:50 P:NvUbdizc  $00:84EB: C9 D8    CMP #$D8
f27     c777752      i43713091    A:DF X:23 Y:00 S:50 P:nvUbdizC  $00:84ED: B0 15    BCS $8504
f27     c777756      i43713092    A:DF X:23 Y:00 S:50 P:nvUbdizC  $00:8504: C9 E0    CMP #$E0
f27     c777758      i43713093    A:DF X:23 Y:00 S:50 P:NvUbdizc  $00:8506: B0 14    BCS $851C
f27     c777760      i43713094    A:DF X:23 Y:00 S:50 P:NvUbdizc  $00:8508: 38       SEC
f27     c777762      i43713095    A:DF X:23 Y:00 S:50 P:NvUbdizC  $00:8509: E9 D8    SBC #$D8
f27     c777764      i43713096    A:07 X:23 Y:00 S:50 P:nvUbdizC  $00:850B: AA       TAX
f27     c777766      i43713097    A:07 X:07 Y:00 S:50 P:nvUbdizC  $00:850C: BD E6 8A LDA $8AE6,X @ $8AED = #$F0
f27     c777770      i43713098    A:F0 X:07 Y:00 S:50 P:NvUbdizC  $00:850F: 48       PHA
f29     c834834      i43731321    A:00 X:02 Y:06 S:DB P:nVUbdIzc  $01:A0ED: BD 15 40 LDA $4015,X @ $4017 = #$01
f29     c834838      i43731322    A:40 X:02 Y:06 S:DB P:nVUbdIzc  $01:A0F0: 4A       LSR
f29     c834840      i43731323    A:20 X:02 Y:06 S:DB P:nVUbdIzc  $01:A0F1: 26 3F    ROL $3F = #$00
f29     c834845      i43731324    A:20 X:02 Y:06 S:DB P:nVUbdIZc  $01:A0F3: 29 01    AND #$01
f29     c834847      i43731325    A:00 X:02 Y:06 S:DB P:nVUbdIZc  $01:A0F5: 05 3F    ORA $3F = #$00
f29     c834850      i43731326    A:00 X:02 Y:06 S:DB P:nVUbdIZc  $01:A0F7: 85 3F    STA $3F = #$00
f29     c834853      i43731327    A:00 X:02 Y:06 S:DB P:nVUbdIZc  $01:A0F9: 88       DEY
f29     c834855      i43731328    A:00 X:02 Y:05 S:DB P:nVUbdIzc  $01:A0FA: D0 F1    BNE $A0ED
f29     c834858      i43731329    A:00 X:02 Y:05 S:DB P:nVUbdIzc  $01:A0ED: BD 15 40 LDA $4015,X @ $4017 = #$01
f29     c834862      i43731330    A:40 X:02 Y:05 S:DB P:nVUbdIzc  $01:A0F0: 4A       LSR
f29     c834864      i43731331    A:20 X:02 Y:05 S:DB P:nVUbdIzc  $01:A0F1: 26 3F    ROL $3F = #$00
f29     c834869      i43731332    A:20 X:02 Y:05 S:DB P:nVUbdIZc  $01:A0F3: 29 01    AND #$01
f29     c834871      i43731333    A:00 X:02 Y:05 S:DB P:nVUbdIZc  $01:A0F5: 05 3F    ORA $3F = #$00
f29     c834874      i43731334    A:00 X:02 Y:05 S:DB P:nVUbdIZc  $01:A0F7: 85 3F    STA $3F = #$00
f29     c834877      i43731335    A:00 X:02 Y:05 S:DB P:nVUbdIZc  $01:A0F9: 88       DEY
f29     c834879      i43731336    A:00 X:02 Y:04 S:DB P:nVUbdIzc  $01:A0FA: D0 F1    BNE $A0ED
f29     c834882      i43731337    A:00 X:02 Y:04 S:DB P:nVUbdIzc  $01:A0ED: BD 15 40 LDA $4015,X @ $4017 = #$01
f29     c834886      i43731338    A:40 X:02 Y:04 S:DB P:nVUbdIzc  $01:A0F0: 4A       LSR
f29     c834888      i43731339    A:20 X:02 Y:04 S:DB P:nVUbdIzc  $01:A0F1: 26 3F    ROL $3F = #$00
f29     c834893      i43731340    A:20 X:02 Y:04 S:DB P:nVUbdIZc  $01:A0F3: 29 01    AND #$01
f29     c834895      i43731341    A:00 X:02 Y:04 S:DB P:nVUbdIZc  $01:A0F5: 05 3F    ORA $3F = #$00
f29     c834898      i43731342    A:00 X:02 Y:04 S:DB P:nVUbdIZc  $01:A0F7: 85 3F    STA $3F = #$00
f29     c834901      i43731343    A:00 X:02 Y:04 S:DB P:nVUbdIZc  $01:A0F9: 88       DEY
f29     c834903      i43731344    A:00 X:02 Y:03 S:DB P:nVUbdIzc  $01:A0FA: D0 F1    BNE $A0ED
f29     c834906      i43731345    A:00 X:02 Y:03 S:DB P:nVUbdIzc  $01:A0ED: BD 15 40 LDA $4015,X @ $4017 = #$01
f29     c834910      i43731346    A:40 X:02 Y:03 S:DB P:nVUbdIzc  $01:A0F0: 4A       LSR
f29     c834912      i43731347    A:20 X:02 Y:03 S:DB P:nVUbdIzc  $01:A0F1: 26 3F    ROL $3F = #$00
f29     c834917      i43731348    A:20 X:02 Y:03 S:DB P:nVUbdIZc  $01:A0F3: 29 01    AND #$01
f29     c834919      i43731349    A:00 X:02 Y:03 S:DB P:nVUbdIZc  $01:A0F5: 05 3F    ORA $3F = #$00
f29     c834922      i43731350    A:00 X:02 Y:03 S:DB P:nVUbdIZc  $01:A0F7: 85 3F    STA $3F = #$00
f29     c834925      i43731351    A:00 X:02 Y:03 S:DB P:nVUbdIZc  $01:A0F9: 88       DEY
f29     c834927      i43731352    A:00 X:02 Y:02 S:DB P:nVUbdIzc  $01:A0FA: D0 F1    BNE $A0ED
f29     c834930      i43731353    A:00 X:02 Y:02 S:DB P:nVUbdIzc  $01:A0ED: BD 15 40 LDA $4015,X @ $4017 = #$01
f29     c834934      i43731354    A:40 X:02 Y:02 S:DB P:nVUbdIzc  $01:A0F0: 4A       LSR
f29     c834936      i43731355    A:20 X:02 Y:02 S:DB P:nVUbdIzc  $01:A0F1: 26 3F    ROL $3F = #$00
f29     c834941      i43731356    A:20 X:02 Y:02 S:DB P:nVUbdIZc  $01:A0F3: 29 01    AND #$01
f29     c834943      i43731357    A:00 X:02 Y:02 S:DB P:nVUbdIZc  $01:A0F5: 05 3F    ORA $3F = #$00
f29     c834946      i43731358    A:00 X:02 Y:02 S:DB P:nVUbdIZc  $01:A0F7: 85 3F    STA $3F = #$00
f29     c834949      i43731359    A:00 X:02 Y:02 S:DB P:nVUbdIZc  $01:A0F9: 88       DEY
f29     c834951      i43731360    A:00 X:02 Y:01 S:DB P:nVUbdIzc  $01:A0FA: D0 F1    BNE $A0ED
f29     c834954      i43731361    A:00 X:02 Y:01 S:DB P:nVUbdIzc  $01:A0ED: BD 15 40 LDA $4015,X @ $4017 = #$01
f29     c834958      i43731362    A:40 X:02 Y:01 S:DB P:nVUbdIzc  $01:A0F0: 4A       LSR
f30     c863679      i43740713    A:40 X:19 Y:00 S:E0 P:nvUbdizC  $00:9F04: A5 1B    LDA $1B = #$40
f30     c863682      i43740714    A:40 X:19 Y:00 S:E0 P:nvUbdizC  $00:9F06: 10 FC    BPL $9F04
f30     c863685      i43740715    A:40 X:19 Y:00 S:E0 P:nvUbdizC  $00:9F04: A5 1B    LDA $1B = #$40
f30     c863688      i43740716    A:40 X:19 Y:00 S:E0 P:nvUbdizC  $00:9F06: 10 FC    BPL $9F04
f30     c863691      i43740717    A:40 X:19 Y:00 S:E0 P:nvUbdizC  $00:9F04: A5 1B    LDA $1B = #$40
f30     c863694      i43740718    A:40 X:19 Y:00 S:E0 P:nvUbdizC  $00:9F06: 10 FC    BPL $9F04
f30     c863697      i43740719    A:40 X:19 Y:00 S:E0 P:nvUbdizC  $00:9F04: A5 1B    LDA $1B = #$40
f30     c863700      i43740720    A:40 X:19 Y:00 S:E0 P:nvUbdizC  $00:9F06: 10 FC    BPL $9F04
f30     c863703      i43740721    A:40 X:19 Y:00 S:E0 P:nvUbdizC  $00:9F04: A5 1B    LDA $1B = #$40
f30     c863706      i43740722    A:40 X:19 Y:00 S:E0 P:nvUbdizC  $00:9F06: 10 FC    BPL $9F04
f30     c863709      i43740723    A:40 X:19 Y:00 S:E0 P:nvUbdizC  $00:9F04: A5 1B    LDA $1B = #$40
f30     c863712      i43740724    A:40 X:19 Y:00 S:E0 P:nvUbdizC  $00:9F06: 10 FC    BPL $9F04
f30     c863715      i43740725    A:40 X:19 Y:00 S:E0 P:nvUbdizC  $00:9F04: A5 1B    LDA $1B = #$40
f30     c863718      i43740726    A:40 X:19 Y:00 S:E0 P:nvUbdizC  $00:9F06: 10 FC    BPL $9F04
f30     c863721      i43740727    A:40 X:19 Y:00 S:E0 P:nvUbdizC  $00:9F04: A5 1B    LDA $1B = #$40
f30     c863724      i43740728    A:40 X:19 Y:00 S:E0 P:nvUbdizC  $00:9F06: 10 FC    BPL $9F04
f30     c863727      i43740729    A:40 X:19 Y:00 S:E0 P:nvUbdizC  $00:9F04: A5 1B    LDA $1B = #$40
f30     c863730      i43740730    A:40 X:19 Y:00 S:E0 P:nvUbdizC  $00:9F06: 10 FC    BPL $9F04
f30     c863733      i43740731    A:40 X:19 Y:00 S:E0 P:nvUbdizC  $00:9F04: A5 1B    LDA $1B = #$40
f30     c863736      i43740732    A:40 X:19 Y:00 S:E0 P:nvUbdizC  $00:9F06: 10 FC    BPL $9F04
f30     c863739      i43740733    A:40 X:19 Y:00 S:E0 P:nvUbdizC  $00:9F04: A5 1B    LDA $1B = #$40
f30     c863742      i43740734    A:40 X:19 Y:00 S:E0 P:nvUbdizC  $00:9F06: 10 FC    BPL $9F04
f30     c863745      i43740735    A:40 X:19 Y:00 S:E0 P:nvUbdizC  $00:9F04: A5 1B    LDA $1B = #$40
f30     c863748      i43740736    A:40 X:19 Y:00 S:E0 P:nvUbdizC  $00:9F06: 10 FC    BPL $9F04
f30     c863751      i43740737    A:40 X:19 Y:00 S:E0 P:nvUbdizC  $00:9F04: A5 1B    LDA $1B = #$40
f30     c863761      i43740738    A:40 X:19 Y:00 S:DD P:nvUbdIzC  $0F:C500: 4C 6E C7 JMP $C76E
f30     c863764      i43740739    A:40 X:19 Y:00 S:DD P:nvUbdIzC  $0F:C76E: 24 1B    BIT $1B = #$40
f30     c863767      i43740740    A:40 X:19 Y:00 S:DD P:nVUbdIzC  $0F:C770: 50 03    BVC $C775
f30     c863769      i43740741    A:40 X:19 Y:00 S:DD P:nVUbdIzC  $0F:C772: 4C 21 C4 JMP $C421
f30     c863772      i43740742    A:40 X:19 Y:00 S:DD P:nVUbdIzC  $0F:C421: 24 3B    BIT $3B = #$55
f30     c863775      i43740743    A:40 X:19 Y:00 S:DD P:nVUbdIzC  $0F:C423: 30 4D    BMI $C472
f30     c863777      i43740744    A:40 X:19 Y:00 S:DD P:nVUbdIzC  $0F:C425: 38       SEC
f30     c863779      i43740745    A:40 X:19 Y:00 S:DD P:nVUbdIzC  $0F:C426: 66 3B    ROR $3B = #$55
f30     c863784      i43740746    A:40 X:19 Y:00 S:DD P:NVUbdIzC  $0F:C428: 85 3C    STA $3C = #$40
f30     c863787      i43740747    A:40 X:19 Y:00 S:DD P:NVUbdIzC  $0F:C42A: 86 3D    STX $3D = #$19
f30     c863790      i43740748    A:40 X:19 Y:00 S:DD P:NVUbdIzC  $0F:C42C: 84 3E    STY $3E = #$00
f30     c863793      i43740749    A:40 X:19 Y:00 S:DD P:NVUbdIzC  $0F:C42E: A5 22    LDA $22 = #$00
f30     c863796      i43740750    A:00 X:19 Y:00 S:DD P:nVUbdIZC  $0F:C430: 09 07    ORA #$07
f30     c863798      i43740751    A:07 X:19 Y:00 S:DD P:nVUbdIzC  $0F:C432: 8D 00 80 STA $8000 = #$A5
f30     c863802      i43740752    A:07 X:19 Y:00 S:DD P:nVUbdIzC  $0F:C435: A9 02    LDA #$02
f30     c863804      i43740753    A:02 X:19 Y:00 S:DD P:nVUbdIzC  $0F:C437: 8D 01 80 STA $8001 = #$27
f30     c863808      i43740754    A:02 X:19 Y:00 S:DD P:nVUbdIzC  $0F:C43A: 20 00 A0 JSR $A000
f32     c924126      i43759874    A:00 X:02 Y:08 S:DB P:nVUbdIzc  $01:A0ED: BD 15 40 LDA $4015,X @ $4017 = #$01
f32     c924130      i43759875    A:40 X:02 Y:08 S:DB P:nVUbdIzc  $01:A0F0: 4A       LSR
f32     c924132      i43759876    A:20 X:02 Y:08 S:DB P:nVUbdIzc  $01:A0F1: 26 3F    ROL $3F = #$00
f32     c924137      i43759877    A:20 X:02 Y:08 S:DB P:nVUbdIZc  $01:A0F3: 29 01    AND #$01
f32     c924139      i43759878    A:00 X:02 Y:08 S:DB P:nVUbdIZc  $01:A0F5: 05 3F    ORA $3F = #$00
f32     c924142      i43759879    A:00 X:02 Y:08 S:DB P:nVUbdIZc  $01:A0F7: 85 3F    STA $3F = #$00
f32     c924145      i43759880    A:00 X:02 Y:08 S:DB P:nVUbdIZc  $01:A0F9: 88       DEY
f32     c924147      i43759881    A:00 X:02 Y:07 S:DB P:nVUbdIzc  $01:A0FA: D0 F1    BNE $A0ED
f32     c924150      i43759882    A:00 X:02 Y:07 S:DB P:nVUbdIzc  $01:A0ED: BD 15 40 LDA $4015,X @ $4017 = #$01
f32     c924154      i43759883    A:40 X:02 Y:07 S:DB P:nVUbdIzc  $01:A0F0: 4A       LSR
f32     c924156      i43759884    A:20 X:02 Y:07 S:DB P:nVUbdIzc  $01:A0F1: 26 3F    ROL $3F = #$00
f32     c924161      i43759885    A:20 X:02 Y:07 S:DB P:nVUbdIZc  $01:A0F3: 29 01    AND #$01
f32     c924163      i43759886    A:00 X:02 Y:07 S:DB P:nVUbdIZc  $01:A0F5: 05 3F    ORA $3F = #$00
f32     c924166      i43759887    A:00 X:02 Y:07 S:DB P:nVUbdIZc  $01:A0F7: 85 3F    STA $3F = #$00
f32     c924169      i43759888    A:00 X:02 Y:07 S:DB P:nVUbdIZc  $01:A0F9: 88       DEY
f32     c924171      i43759889    A:00 X:02 Y:06 S:DB P:nVUbdIzc  $01:A0FA: D0 F1    BNE $A0ED
f32     c924174      i43759890    A:00 X:02 Y:06 S:DB P:nVUbdIzc  $01:A0ED: BD 15 40 LDA $4015,X @ $4017 = #$01
f32     c924178      i43759891    A:40 X:02 Y:06 S:DB P:nVUbdIzc  $01:A0F0: 4A       LSR
f32     c924180      i43759892    A:20 X:02 Y:06 S:DB P:nVUbdIzc  $01:A0F1: 26 3F    ROL $3F = #$00
f32     c924185      i43759893    A:20 X:02 Y:06 S:DB P:nVUbdIZc  $01:A0F3: 29 01    AND #$01
f32     c924187      i43759894    A:00 X:02 Y:06 S:DB P:nVUbdIZc  $01:A0F5: 05 3F    ORA $3F = #$00
f32     c924190      i43759895    A:00 X:02 Y:06 S:DB P:nVUbdIZc  $01:A0F7: 85 3F    STA $3F = #$00
f32     c924193      i43759896    A:00 X:02 Y:06 S:DB P:nVUbdIZc  $01:A0F9: 88       DEY
f32     c924195      i43759897    A:00 X:02 Y:05 S:DB P:nVUbdIzc  $01:A0FA: D0 F1    BNE $A0ED
f32     c924198      i43759898    A:00 X:02 Y:05 S:DB P:nVUbdIzc  $01:A0ED: BD 15 40 LDA $4015,X @ $4017 = #$01
f32     c924202      i43759899    A:40 X:02 Y:05 S:DB P:nVUbdIzc  $01:A0F0: 4A       LSR
f32     c924204      i43759900    A:20 X:02 Y:05 S:DB P:nVUbdIzc  $01:A0F1: 26 3F    ROL $3F = #$00
f32     c924209      i43759901    A:20 X:02 Y:05 S:DB P:nVUbdIZc  $01:A0F3: 29 01    AND #$01
f32     c924211      i43759902    A:00 X:02 Y:05 S:DB P:nVUbdIZc  $01:A0F5: 05 3F    ORA $3F = #$00
f32     c924214      i43759903    A:00 X:02 Y:05 S:DB P:nVUbdIZc  $01:A0F7: 85 3F    STA $3F = #$00
f32     c924217      i43759904    A:00 X:02 Y:05 S:DB P:nVUbdIZc  $01:A0F9: 88       DEY
f32     c924219      i43759905    A:00 X:02 Y:04 S:DB P:nVUbdIzc  $01:A0FA: D0 F1    BNE $A0ED
f32     c924222      i43759906    A:00 X:02 Y:04 S:DB P:nVUbdIzc  $01:A0ED: BD 15 40 LDA $4015,X @ $4017 = #$01
f32     c924226      i43759907    A:40 X:02 Y:04 S:DB P:nVUbdIzc  $01:A0F0: 4A       LSR
f32     c924228      i43759908    A:20 X:02 Y:04 S:DB P:nVUbdIzc  $01:A0F1: 26 3F    ROL $3F = #$00
f32     c924233      i43759909    A:20 X:02 Y:04 S:DB P:nVUbdIZc  $01:A0F3: 29 01    AND #$01
f32     c924235      i43759910    A:00 X:02 Y:04 S:DB P:nVUbdIZc  $01:A0F5: 05 3F    ORA $3F = #$00
f32     c924238      i43759911    A:00 X:02 Y:04 S:DB P:nVUbdIZc  $01:A0F7: 85 3F    STA $3F = #$00
f32     c924241      i43759912    A:00 X:02 Y:04 S:DB P:nVUbdIZc  $01:A0F9: 88       DEY
f32     c924243      i43759913    A:00 X:02 Y:03 S:DB P:nVUbdIzc  $01:A0FA: D0 F1    BNE $A0ED
f32     c924246      i43759914    A:00 X:02 Y:03 S:DB P:nVUbdIzc  $01:A0ED: BD 15 40 LDA $4015,X @ $4017 = #$01
f32     c924250      i43759915    A:40 X:02 Y:03 S:DB P:nVUbdIzc  $01:A0F0: 4A       LSR
f36     c1043297     i43797983    A:00 X:02 Y:06 S:DB P:nVUbdIzc  $01:A0ED: BD 15 40 LDA $4015,X @ $4017 = #$01
f36     c1043301     i43797984    A:40 X:02 Y:06 S:DB P:nVUbdIzc  $01:A0F0: 4A       LSR
f36     c1043303     i43797985    A:20 X:02 Y:06 S:DB P:nVUbdIzc  $01:A0F1: 26 3F    ROL $3F = #$00
f36     c1043308     i43797986    A:20 X:02 Y:06 S:DB P:nVUbdIZc  $01:A0F3: 29 01    AND #$01
f36     c1043310     i43797987    A:00 X:02 Y:06 S:DB P:nVUbdIZc  $01:A0F5: 05 3F    ORA $3F = #$00
f36     c1043313     i43797988    A:00 X:02 Y:06 S:DB P:nVUbdIZc  $01:A0F7: 85 3F    STA $3F = #$00
f36     c1043316     i43797989    A:00 X:02 Y:06 S:DB P:nVUbdIZc  $01:A0F9: 88       DEY
f36     c1043318     i43797990    A:00 X:02 Y:05 S:DB P:nVUbdIzc  $01:A0FA: D0 F1    BNE $A0ED
f36     c1043321     i43797991    A:00 X:02 Y:05 S:DB P:nVUbdIzc  $01:A0ED: BD 15 40 LDA $4015,X @ $4017 = #$01
f36     c1043325     i43797992    A:40 X:02 Y:05 S:DB P:nVUbdIzc  $01:A0F0: 4A       LSR
f36     c1043327     i43797993    A:20 X:02 Y:05 S:DB P:nVUbdIzc  $01:A0F1: 26 3F    ROL $3F = #$00
f36     c1043332     i43797994    A:20 X:02 Y:05 S:DB P:nVUbdIZc  $01:A0F3: 29 01    AND #$01
f36     c1043334     i43797995    A:00 X:02 Y:05 S:DB P:nVUbdIZc  $01:A0F5: 05 3F    ORA $3F = #$00
f36     c1043337     i43797996    A:00 X:02 Y:05 S:DB P:nVUbdIZc  $01:A0F7: 85 3F    STA $3F = #$00
f36     c1043340     i43797997    A:00 X:02 Y:05 S:DB P:nVUbdIZc  $01:A0F9: 88       DEY
f36     c1043342     i43797998    A:00 X:02 Y:04 S:DB P:nVUbdIzc  $01:A0FA: D0 F1    BNE $A0ED
f36     c1043345     i43797999    A:00 X:02 Y:04 S:DB P:nVUbdIzc  $01:A0ED: BD 15 40 LDA $4015,X @ $4017 = #$01
f36     c1043349     i43798000    A:40 X:02 Y:04 S:DB P:nVUbdIzc  $01:A0F0: 4A       LSR
f36     c1043351     i43798001    A:20 X:02 Y:04 S:DB P:nVUbdIzc  $01:A0F1: 26 3F    ROL $3F = #$00
f36     c1043356     i43798002    A:20 X:02 Y:04 S:DB P:nVUbdIZc  $01:A0F3: 29 01    AND #$01
f36     c1043358     i43798003    A:00 X:02 Y:04 S:DB P:nVUbdIZc  $01:A0F5: 05 3F    ORA $3F = #$00
f36     c1043361     i43798004    A:00 X:02 Y:04 S:DB P:nVUbdIZc  $01:A0F7: 85 3F    STA $3F = #$00
f36     c1043364     i43798005    A:00 X:02 Y:04 S:DB P:nVUbdIZc  $01:A0F9: 88       DEY
f36     c1043366     i43798006    A:00 X:02 Y:03 S:DB P:nVUbdIzc  $01:A0FA: D0 F1    BNE $A0ED
f36     c1043369     i43798007    A:00 X:02 Y:03 S:DB P:nVUbdIzc  $01:A0ED: BD 15 40 LDA $4015,X @ $4017 = #$01
f36     c1043373     i43798008    A:40 X:02 Y:03 S:DB P:nVUbdIzc  $01:A0F0: 4A       LSR
f36     c1043375     i43798009    A:20 X:02 Y:03 S:DB P:nVUbdIzc  $01:A0F1: 26 3F    ROL $3F = #$00
f36     c1043380     i43798010    A:20 X:02 Y:03 S:DB P:nVUbdIZc  $01:A0F3: 29 01    AND #$01
f36     c1043382     i43798011    A:00 X:02 Y:03 S:DB P:nVUbdIZc  $01:A0F5: 05 3F    ORA $3F = #$00
f36     c1043385     i43798012    A:00 X:02 Y:03 S:DB P:nVUbdIZc  $01:A0F7: 85 3F    STA $3F = #$00
f36     c1043388     i43798013    A:00 X:02 Y:03 S:DB P:nVUbdIZc  $01:A0F9: 88       DEY
f36     c1043390     i43798014    A:00 X:02 Y:02 S:DB P:nVUbdIzc  $01:A0FA: D0 F1    BNE $A0ED
f36     c1043393     i43798015    A:00 X:02 Y:02 S:DB P:nVUbdIzc  $01:A0ED: BD 15 40 LDA $4015,X @ $4017 = #$01
f36     c1043397     i43798016    A:40 X:02 Y:02 S:DB P:nVUbdIzc  $01:A0F0: 4A       LSR
f36     c1043399     i43798017    A:20 X:02 Y:02 S:DB P:nVUbdIzc  $01:A0F1: 26 3F    ROL $3F = #$00
f36     c1043404     i43798018    A:20 X:02 Y:02 S:DB P:nVUbdIZc  $01:A0F3: 29 01    AND #$01
f36     c1043406     i43798019    A:00 X:02 Y:02 S:DB P:nVUbdIZc  $01:A0F5: 05 3F    ORA $3F = #$00
f36     c1043409     i43798020    A:00 X:02 Y:02 S:DB P:nVUbdIZc  $01:A0F7: 85 3F    STA $3F = #$00
f36     c1043412     i43798021    A:00 X:02 Y:02 S:DB P:nVUbdIZc  $01:A0F9: 88       DEY
f36     c1043414     i43798022    A:00 X:02 Y:01 S:DB P:nVUbdIzc  $01:A0FA: D0 F1    BNE $A0ED
f36     c1043417     i43798023    A:00 X:02 Y:01 S:DB P:nVUbdIzc  $01:A0ED: BD 15 40 LDA $4015,X @ $4017 = #$01
f36     c1043421     i43798024    A:40 X:02 Y:01 S:DB P:nVUbdIzc  $01:A0F0: 4A       LSR
f37     c1072139     i43807374    A:40 X:19 Y:00 S:E0 P:nvUbdizC  $00:9F04: A5 1B    LDA $1B = #$40
f37     c1072142     i43807375    A:40 X:19 Y:00 S:E0 P:nvUbdizC  $00:9F06: 10 FC    BPL $9F04
f37     c1072145     i43807376    A:40 X:19 Y:00 S:E0 P:nvUbdizC  $00:9F04: A5 1B    LDA $1B = #$40
f37     c1072148     i43807377    A:40 X:19 Y:00 S:E0 P:nvUbdizC  $00:9F06: 10 FC    BPL $9F04
f37     c1072151     i43807378    A:40 X:19 Y:00 S:E0 P:nvUbdizC  $00:9F04: A5 1B    LDA $1B = #$40
f37     c1072154     i43807379    A:40 X:19 Y:00 S:E0 P:nvUbdizC  $00:9F06: 10 FC    BPL $9F04
f37     c1072157     i43807380    A:40 X:19 Y:00 S:E0 P:nvUbdizC  $00:9F04: A5 1B    LDA $1B = #$40
f37     c1072160     i43807381    A:40 X:19 Y:00 S:E0 P:nvUbdizC  $00:9F06: 10 FC    BPL $9F04
f37     c1072163     i43807382    A:40 X:19 Y:00 S:E0 P:nvUbdizC  $00:9F04: A5 1B    LDA $1B = #$40
f37     c1072166     i43807383    A:40 X:19 Y:00 S:E0 P:nvUbdizC  $00:9F06: 10 FC    BPL $9F04
f37     c1072169     i43807384    A:40 X:19 Y:00 S:E0 P:nvUbdizC  $00:9F04: A5 1B    LDA $1B = #$40
f37     c1072172     i43807385    A:40 X:19 Y:00 S:E0 P:nvUbdizC  $00:9F06: 10 FC    BPL $9F04
f37     c1072175     i43807386    A:40 X:19 Y:00 S:E0 P:nvUbdizC  $00:9F04: A5 1B    LDA $1B = #$40
f37     c1072178     i43807387    A:40 X:19 Y:00 S:E0 P:nvUbdizC  $00:9F06: 10 FC    BPL $9F04
f37     c1072181     i43807388    A:40 X:19 Y:00 S:E0 P:nvUbdizC  $00:9F04: A5 1B    LDA $1B = #$40
f37     c1072184     i43807389    A:40 X:19 Y:00 S:E0 P:nvUbdizC  $00:9F06: 10 FC    BPL $9F04
f37     c1072187     i43807390    A:40 X:19 Y:00 S:E0 P:nvUbdizC  $00:9F04: A5 1B    LDA $1B = #$40
f37     c1072190     i43807391    A:40 X:19 Y:00 S:E0 P:nvUbdizC  $00:9F06: 10 FC    BPL $9F04
f37     c1072193     i43807392    A:40 X:19 Y:00 S:E0 P:nvUbdizC  $00:9F04: A5 1B    LDA $1B = #$40
f37     c1072196     i43807393    A:40 X:19 Y:00 S:E0 P:nvUbdizC  $00:9F06: 10 FC    BPL $9F04
f37     c1072199     i43807394    A:40 X:19 Y:00 S:E0 P:nvUbdizC  $00:9F04: A5 1B    LDA $1B = #$40
f37     c1072202     i43807395    A:40 X:19 Y:00 S:E0 P:nvUbdizC  $00:9F06: 10 FC    BPL $9F04
f37     c1072205     i43807396    A:40 X:19 Y:00 S:E0 P:nvUbdizC  $00:9F04: A5 1B    LDA $1B = #$40
f37     c1072208     i43807397    A:40 X:19 Y:00 S:E0 P:nvUbdizC  $00:9F06: 10 FC    BPL $9F04
f37     c1072211     i43807398    A:40 X:19 Y:00 S:E0 P:nvUbdizC  $00:9F04: A5 1B    LDA $1B = #$40
f37     c1072214     i43807399    A:40 X:19 Y:00 S:E0 P:nvUbdizC  $00:9F06: 10 FC    BPL $9F04
f37     c1072224     i43807400    A:40 X:19 Y:00 S:DD P:nvUbdIzC  $0F:C500: 4C 6E C7 JMP $C76E
f37     c1072227     i43807401    A:40 X:19 Y:00 S:DD P:nvUbdIzC  $0F:C76E: 24 1B    BIT $1B = #$40
f37     c1072230     i43807402    A:40 X:19 Y:00 S:DD P:nVUbdIzC  $0F:C770: 50 03    BVC $C775
f37     c1072232     i43807403    A:40 X:19 Y:00 S:DD P:nVUbdIzC  $0F:C772: 4C 21 C4 JMP $C421
f37     c1072235     i43807404    A:40 X:19 Y:00 S:DD P:nVUbdIzC  $0F:C421: 24 3B    BIT $3B = #$55
f37     c1072238     i43807405    A:40 X:19 Y:00 S:DD P:nVUbdIzC  $0F:C423: 30 4D    BMI $C472
f37     c1072240     i43807406    A:40 X:19 Y:00 S:DD P:nVUbdIzC  $0F:C425: 38       SEC
f37     c1072242     i43807407    A:40 X:19 Y:00 S:DD P:nVUbdIzC  $0F:C426: 66 3B    ROR $3B = #$55
f37     c1072247     i43807408    A:40 X:19 Y:00 S:DD P:NVUbdIzC  $0F:C428: 85 3C    STA $3C = #$40
f37     c1072250     i43807409    A:40 X:19 Y:00 S:DD P:NVUbdIzC  $0F:C42A: 86 3D    STX $3D = #$19
f37     c1072253     i43807410    A:40 X:19 Y:00 S:DD P:NVUbdIzC  $0F:C42C: 84 3E    STY $3E = #$00
f37     c1072256     i43807411    A:40 X:19 Y:00 S:DD P:NVUbdIzC  $0F:C42E: A5 22    LDA $22 = #$00
f37     c1072259     i43807412    A:00 X:19 Y:00 S:DD P:nVUbdIZC  $0F:C430: 09 07    ORA #$07
f37     c1072261     i43807413    A:07 X:19 Y:00 S:DD P:nVUbdIzC  $0F:C432: 8D 00 80 STA $8000 = #$A5
f37     c1072265     i43807414    A:07 X:19 Y:00 S:DD P:nVUbdIzC  $0F:C435: A9 02    LDA #$02
f37     c1072267     i43807415    A:02 X:19 Y:00 S:DD P:nVUbdIzC  $0F:C437: 8D 01 80 STA $8001 = #$27
f43     c1250825     i43864514    A:40 X:19 Y:00 S:E0 P:nvUbdizC  $00:9F04: A5 1B    LDA $1B = #$40
f43     c1250828     i43864515    A:40 X:19 Y:00 S:E0 P:nvUbdizC  $00:9F06: 10 FC    BPL $9F04
f43     c1250831     i43864516    A:40 X:19 Y:00 S:E0 P:nvUbdizC  $00:9F04: A5 1B    LDA $1B = #$40
f43     c1250834     i43864517    A:40 X:19 Y:00 S:E0 P:nvUbdizC  $00:9F06: 10 FC    BPL $9F04
f43     c1250837     i43864518    A:40 X:19 Y:00 S:E0 P:nvUbdizC  $00:9F04: A5 1B    LDA $1B = #$40
f43     c1250840     i43864519    A:40 X:19 Y:00 S:E0 P:nvUbdizC  $00:9F06: 10 FC    BPL $9F04
f43     c1250843     i43864520    A:40 X:19 Y:00 S:E0 P:nvUbdizC  $00:9F04: A5 1B    LDA $1B = #$40
f43     c1250846     i43864521    A:40 X:19 Y:00 S:E0 P:nvUbdizC  $00:9F06: 10 FC    BPL $9F04
f43     c1250849     i43864522    A:40 X:19 Y:00 S:E0 P:nvUbdizC  $00:9F04: A5 1B    LDA $1B = #$40
f43     c1250852     i43864523    A:40 X:19 Y:00 S:E0 P:nvUbdizC  $00:9F06: 10 FC    BPL $9F04
f43     c1250855     i43864524    A:40 X:19 Y:00 S:E0 P:nvUbdizC  $00:9F04: A5 1B    LDA $1B = #$40
f43     c1250858     i43864525    A:40 X:19 Y:00 S:E0 P:nvUbdizC  $00:9F06: 10 FC    BPL $9F04
f43     c1250861     i43864526    A:40 X:19 Y:00 S:E0 P:nvUbdizC  $00:9F04: A5 1B    LDA $1B = #$40
f43     c1250864     i43864527    A:40 X:19 Y:00 S:E0 P:nvUbdizC  $00:9F06: 10 FC    BPL $9F04
f43     c1250867     i43864528    A:40 X:19 Y:00 S:E0 P:nvUbdizC  $00:9F04: A5 1B    LDA $1B = #$40
f43     c1250870     i43864529    A:40 X:19 Y:00 S:E0 P:nvUbdizC  $00:9F06: 10 FC    BPL $9F04
f43     c1250873     i43864530    A:40 X:19 Y:00 S:E0 P:nvUbdizC  $00:9F04: A5 1B    LDA $1B = #$40
f43     c1250876     i43864531    A:40 X:19 Y:00 S:E0 P:nvUbdizC  $00:9F06: 10 FC    BPL $9F04
f43     c1250879     i43864532    A:40 X:19 Y:00 S:E0 P:nvUbdizC  $00:9F04: A5 1B    LDA $1B = #$40
f43     c1250882     i43864533    A:40 X:19 Y:00 S:E0 P:nvUbdizC  $00:9F06: 10 FC    BPL $9F04
f43     c1250885     i43864534    A:40 X:19 Y:00 S:E0 P:nvUbdizC  $00:9F04: A5 1B    LDA $1B = #$40
f43     c1250888     i43864535    A:40 X:19 Y:00 S:E0 P:nvUbdizC  $00:9F06: 10 FC    BPL $9F04
f43     c1250891     i43864536    A:40 X:19 Y:00 S:E0 P:nvUbdizC  $00:9F04: A5 1B    LDA $1B = #$40
f43     c1250894     i43864537    A:40 X:19 Y:00 S:E0 P:nvUbdizC  $00:9F06: 10 FC    BPL $9F04
f43     c1250897     i43864538    A:40 X:19 Y:00 S:E0 P:nvUbdizC  $00:9F04: A5 1B    LDA $1B = #$40
f43     c1250907     i43864539    A:40 X:19 Y:00 S:DD P:nvUbdIzC  $0F:C500: 4C 6E C7 JMP $C76E
f43     c1250910     i43864540    A:40 X:19 Y:00 S:DD P:nvUbdIzC  $0F:C76E: 24 1B    BIT $1B = #$40
f43     c1250913     i43864541    A:40 X:19 Y:00 S:DD P:nVUbdIzC  $0F:C770: 50 03    BVC $C775
f43     c1250915     i43864542    A:40 X:19 Y:00 S:DD P:nVUbdIzC  $0F:C772: 4C 21 C4 JMP $C421
f43     c1250918     i43864543    A:40 X:19 Y:00 S:DD P:nVUbdIzC  $0F:C421: 24 3B    BIT $3B = #$55
f43     c1250921     i43864544    A:40 X:19 Y:00 S:DD P:nVUbdIzC  $0F:C423: 30 4D    BMI $C472
f43     c1250923     i43864545    A:40 X:19 Y:00 S:DD P:nVUbdIzC  $0F:C425: 38       SEC
f43     c1250925     i43864546    A:40 X:19 Y:00 S:DD P:nVUbdIzC  $0F:C426: 66 3B    ROR $3B = #$55
f43     c1250930     i43864547    A:40 X:19 Y:00 S:DD P:NVUbdIzC  $0F:C428: 85 3C    STA $3C = #$40
f43     c1250933     i43864548    A:40 X:19 Y:00 S:DD P:NVUbdIzC  $0F:C42A: 86 3D    STX $3D = #$19
f43     c1250936     i43864549    A:40 X:19 Y:00 S:DD P:NVUbdIzC  $0F:C42C: 84 3E    STY $3E = #$00
f43     c1250939     i43864550    A:40 X:19 Y:00 S:DD P:NVUbdIzC  $0F:C42E: A5 22    LDA $22 = #$00
f43     c1250942     i43864551    A:00 X:19 Y:00 S:DD P:nVUbdIZC  $0F:C430: 09 07    ORA #$07
f43     c1250944     i43864552    A:07 X:19 Y:00 S:DD P:nVUbdIzC  $0F:C432: 8D 00 80 STA $8000 = #$A5
f43     c1250948     i43864553    A:07 X:19 Y:00 S:DD P:nVUbdIzC  $0F:C435: A9 02    LDA #$02
f43     c1250950     i43864554    A:02 X:19 Y:00 S:DD P:nVUbdIzC  $0F:C437: 8D 01 80 STA $8001 = #$27
f43     c1250954     i43864555    A:02 X:19 Y:00 S:DD P:nVUbdIzC  $0F:C43A: 20 00 A0 JSR $A000
f44     c1281761     i43874241    A:00 X:01 Y:07 S:DB P:nVUbdIzc  $01:A0ED: BD 15 40 LDA $4015,X @ $4016 = #$00
f44     c1281765     i43874242    A:40 X:01 Y:07 S:DB P:nVUbdIzc  $01:A0F0: 4A       LSR
f44     c1281767     i43874243    A:20 X:01 Y:07 S:DB P:nVUbdIzc  $01:A0F1: 26 3F    ROL $3F = #$00
f44     c1281772     i43874244    A:20 X:01 Y:07 S:DB P:nVUbdIZc  $01:A0F3: 29 01    AND #$01
f44     c1281774     i43874245    A:00 X:01 Y:07 S:DB P:nVUbdIZc  $01:A0F5: 05 3F    ORA $3F = #$00
f44     c1281777     i43874246    A:00 X:01 Y:07 S:DB P:nVUbdIZc  $01:A0F7: 85 3F    STA $3F = #$00
f44     c1281780     i43874247    A:00 X:01 Y:07 S:DB P:nVUbdIZc  $01:A0F9: 88       DEY
f44     c1281782     i43874248    A:00 X:01 Y:06 S:DB P:nVUbdIzc  $01:A0FA: D0 F1    BNE $A0ED
f44     c1281785     i43874249    A:00 X:01 Y:06 S:DB P:nVUbdIzc  $01:A0ED: BD 15 40 LDA $4015,X @ $4016 = #$00
f44     c1281789     i43874250    A:40 X:01 Y:06 S:DB P:nVUbdIzc  $01:A0F0: 4A       LSR
f44     c1281791     i43874251    A:20 X:01 Y:06 S:DB P:nVUbdIzc  $01:A0F1: 26 3F    ROL $3F = #$00
f44     c1281796     i43874252    A:20 X:01 Y:06 S:DB P:nVUbdIZc  $01:A0F3: 29 01    AND #$01
f44     c1281798     i43874253    A:00 X:01 Y:06 S:DB P:nVUbdIZc  $01:A0F5: 05 3F    ORA $3F = #$00
f44     c1281801     i43874254    A:00 X:01 Y:06 S:DB P:nVUbdIZc  $01:A0F7: 85 3F    STA $3F = #$00
f44     c1281804     i43874255    A:00 X:01 Y:06 S:DB P:nVUbdIZc  $01:A0F9: 88       DEY
f44     c1281806     i43874256    A:00 X:01 Y:05 S:DB P:nVUbdIzc  $01:A0FA: D0 F1    BNE $A0ED
f44     c1281809     i43874257    A:00 X:01 Y:05 S:DB P:nVUbdIzc  $01:A0ED: BD 15 40 LDA $4015,X @ $4016 = #$00
f44     c1281813     i43874258    A:40 X:01 Y:05 S:DB P:nVUbdIzc  $01:A0F0: 4A       LSR
f44     c1281815     i43874259    A:20 X:01 Y:05 S:DB P:nVUbdIzc  $01:A0F1: 26 3F    ROL $3F = #$00
f44     c1281820     i43874260    A:20 X:01 Y:05 S:DB P:nVUbdIZc  $01:A0F3: 29 01    AND #$01
f44     c1281822     i43874261    A:00 X:01 Y:05 S:DB P:nVUbdIZc  $01:A0F5: 05 3F    ORA $3F = #$00
f44     c1281825     i43874262    A:00 X:01 Y:05 S:DB P:nVUbdIZc  $01:A0F7: 85 3F    STA $3F = #$00
f44     c1281828     i43874263    A:00 X:01 Y:05 S:DB P:nVUbdIZc  $01:A0F9: 88       DEY
f44     c1281830     i43874264    A:00 X:01 Y:04 S:DB P:nVUbdIzc  $01:A0FA: D0 F1    BNE $A0ED
f44     c1281833     i43874265    A:00 X:01 Y:04 S:DB P:nVUbdIzc  $01:A0ED: BD 15 40 LDA $4015,X @ $4016 = #$00
f44     c1281837     i43874266    A:40 X:01 Y:04 S:DB P:nVUbdIzc  $01:A0F0: 4A       LSR
f44     c1281839     i43874267    A:20 X:01 Y:04 S:DB P:nVUbdIzc  $01:A0F1: 26 3F    ROL $3F = #$00
f44     c1281844     i43874268    A:20 X:01 Y:04 S:DB P:nVUbdIZc  $01:A0F3: 29 01    AND #$01
f44     c1281846     i43874269    A:00 X:01 Y:04 S:DB P:nVUbdIZc  $01:A0F5: 05 3F    ORA $3F = #$00
f44     c1281849     i43874270    A:00 X:01 Y:04 S:DB P:nVUbdIZc  $01:A0F7: 85 3F    STA $3F = #$00
f44     c1281852     i43874271    A:00 X:01 Y:04 S:DB P:nVUbdIZc  $01:A0F9: 88       DEY
f44     c1281854     i43874272    A:00 X:01 Y:03 S:DB P:nVUbdIzc  $01:A0FA: D0 F1    BNE $A0ED
f44     c1281857     i43874273    A:00 X:01 Y:03 S:DB P:nVUbdIzc  $01:A0ED: BD 15 40 LDA $4015,X @ $4016 = #$00
f44     c1281861     i43874274    A:40 X:01 Y:03 S:DB P:nVUbdIzc  $01:A0F0: 4A       LSR
f44     c1281863     i43874275    A:20 X:01 Y:03 S:DB P:nVUbdIzc  $01:A0F1: 26 3F    ROL $3F = #$00
f44     c1281868     i43874276    A:20 X:01 Y:03 S:DB P:nVUbdIZc  $01:A0F3: 29 01    AND #$01
f44     c1281870     i43874277    A:00 X:01 Y:03 S:DB P:nVUbdIZc  $01:A0F5: 05 3F    ORA $3F = #$00
f44     c1281873     i43874278    A:00 X:01 Y:03 S:DB P:nVUbdIZc  $01:A0F7: 85 3F    STA $3F = #$00
f44     c1281876     i43874279    A:00 X:01 Y:03 S:DB P:nVUbdIZc  $01:A0F9: 88       DEY
f44     c1281878     i43874280    A:00 X:01 Y:02 S:DB P:nVUbdIzc  $01:A0FA: D0 F1    BNE $A0ED
f44     c1281881     i43874281    A:00 X:01 Y:02 S:DB P:nVUbdIzc  $01:A0ED: BD 15 40 LDA $4015,X @ $4016 = #$00
f44     c1281885     i43874282    A:40 X:01 Y:02 S:DB P:nVUbdIzc  $01:A0F0: 4A       LSR
f48     c1400663     i43912261    A:00 X:02 Y:06 S:DB P:nVUbdIzc  $01:A0ED: BD 15 40 LDA $4015,X @ $4017 = #$01
f48     c1400667     i43912262    A:40 X:02 Y:06 S:DB P:nVUbdIzc  $01:A0F0: 4A       LSR
f48     c1400669     i43912263    A:20 X:02 Y:06 S:DB P:nVUbdIzc  $01:A0F1: 26 3F    ROL $3F = #$00
f48     c1400674     i43912264    A:20 X:02 Y:06 S:DB P:nVUbdIZc  $01:A0F3: 29 01    AND #$01
f48     c1400676     i43912265    A:00 X:02 Y:06 S:DB P:nVUbdIZc  $01:A0F5: 05 3F    ORA $3F = #$00
f48     c1400679     i43912266    A:00 X:02 Y:06 S:DB P:nVUbdIZc  $01:A0F7: 85 3F    STA $3F = #$00
f48     c1400682     i43912267    A:00 X:02 Y:06 S:DB P:nVUbdIZc  $01:A0F9: 88       DEY
f48     c1400684     i43912268    A:00 X:02 Y:05 S:DB P:nVUbdIzc  $01:A0FA: D0 F1    BNE $A0ED
f48     c1400687     i43912269    A:00 X:02 Y:05 S:DB P:nVUbdIzc  $01:A0ED: BD 15 40 LDA $4015,X @ $4017 = #$01
f48     c1400691     i43912270    A:40 X:02 Y:05 S:DB P:nVUbdIzc  $01:A0F0: 4A       LSR
f48     c1400693     i43912271    A:20 X:02 Y:05 S:DB P:nVUbdIzc  $01:A0F1: 26 3F    ROL $3F = #$00
f48     c1400698     i43912272    A:20 X:02 Y:05 S:DB P:nVUbdIZc  $01:A0F3: 29 01    AND #$01
f48     c1400700     i43912273    A:00 X:02 Y:05 S:DB P:nVUbdIZc  $01:A0F5: 05 3F    ORA $3F = #$00
f48     c1400703     i43912274    A:00 X:02 Y:05 S:DB P:nVUbdIZc  $01:A0F7: 85 3F    STA $3F = #$00
f48     c1400706     i43912275    A:00 X:02 Y:05 S:DB P:nVUbdIZc  $01:A0F9: 88       DEY
f48     c1400708     i43912276    A:00 X:02 Y:04 S:DB P:nVUbdIzc  $01:A0FA: D0 F1    BNE $A0ED
f48     c1400711     i43912277    A:00 X:02 Y:04 S:DB P:nVUbdIzc  $01:A0ED: BD 15 40 LDA $4015,X @ $4017 = #$01
f48     c1400715     i43912278    A:40 X:02 Y:04 S:DB P:nVUbdIzc  $01:A0F0: 4A       LSR
f48     c1400717     i43912279    A:20 X:02 Y:04 S:DB P:nVUbdIzc  $01:A0F1: 26 3F    ROL $3F = #$00
f48     c1400722     i43912280    A:20 X:02 Y:04 S:DB P:nVUbdIZc  $01:A0F3: 29 01    AND #$01
f48     c1400724     i43912281    A:00 X:02 Y:04 S:DB P:nVUbdIZc  $01:A0F5: 05 3F    ORA $3F = #$00
f48     c1400727     i43912282    A:00 X:02 Y:04 S:DB P:nVUbdIZc  $01:A0F7: 85 3F    STA $3F = #$00
f48     c1400730     i43912283    A:00 X:02 Y:04 S:DB P:nVUbdIZc  $01:A0F9: 88       DEY
f48     c1400732     i43912284    A:00 X:02 Y:03 S:DB P:nVUbdIzc  $01:A0FA: D0 F1    BNE $A0ED
f48     c1400735     i43912285    A:00 X:02 Y:03 S:DB P:nVUbdIzc  $01:A0ED: BD 15 40 LDA $4015,X @ $4017 = #$01
f48     c1400739     i43912286    A:40 X:02 Y:03 S:DB P:nVUbdIzc  $01:A0F0: 4A       LSR
f48     c1400741     i43912287    A:20 X:02 Y:03 S:DB P:nVUbdIzc  $01:A0F1: 26 3F    ROL $3F = #$00
f48     c1400746     i43912288    A:20 X:02 Y:03 S:DB P:nVUbdIZc  $01:A0F3: 29 01    AND #$01
f48     c1400748     i43912289    A:00 X:02 Y:03 S:DB P:nVUbdIZc  $01:A0F5: 05 3F    ORA $3F = #$00
f48     c1400751     i43912290    A:00 X:02 Y:03 S:DB P:nVUbdIZc  $01:A0F7: 85 3F    STA $3F = #$00
f48     c1400754     i43912291    A:00 X:02 Y:03 S:DB P:nVUbdIZc  $01:A0F9: 88       DEY
f48     c1400756     i43912292    A:00 X:02 Y:02 S:DB P:nVUbdIzc  $01:A0FA: D0 F1    BNE $A0ED
f48     c1400759     i43912293    A:00 X:02 Y:02 S:DB P:nVUbdIzc  $01:A0ED: BD 15 40 LDA $4015,X @ $4017 = #$01
f48     c1400763     i43912294    A:40 X:02 Y:02 S:DB P:nVUbdIzc  $01:A0F0: 4A       LSR
f48     c1400765     i43912295    A:20 X:02 Y:02 S:DB P:nVUbdIzc  $01:A0F1: 26 3F    ROL $3F = #$00
f48     c1400770     i43912296    A:20 X:02 Y:02 S:DB P:nVUbdIZc  $01:A0F3: 29 01    AND #$01
f48     c1400772     i43912297    A:00 X:02 Y:02 S:DB P:nVUbdIZc  $01:A0F5: 05 3F    ORA $3F = #$00
f48     c1400775     i43912298    A:00 X:02 Y:02 S:DB P:nVUbdIZc  $01:A0F7: 85 3F    STA $3F = #$00
f48     c1400778     i43912299    A:00 X:02 Y:02 S:DB P:nVUbdIZc  $01:A0F9: 88       DEY
f48     c1400780     i43912300    A:00 X:02 Y:01 S:DB P:nVUbdIzc  $01:A0FA: D0 F1    BNE $A0ED
f48     c1400783     i43912301    A:00 X:02 Y:01 S:DB P:nVUbdIzc  $01:A0ED: BD 15 40 LDA $4015,X @ $4017 = #$01
f48     c1400787     i43912302    A:40 X:02 Y:01 S:DB P:nVUbdIzc  $01:A0F0: 4A       LSR
f49     c1429505     i43921652    A:40 X:19 Y:00 S:E0 P:nvUbdizC  $00:9F04: A5 1B    LDA $1B = #$40
f49     c1429508     i43921653    A:40 X:19 Y:00 S:E0 P:nvUbdizC  $00:9F06: 10 FC    BPL $9F04
f49     c1429511     i43921654    A:40 X:19 Y:00 S:E0 P:nvUbdizC  $00:9F04: A5 1B    LDA $1B = #$40
f49     c1429514     i43921655    A:40 X:19 Y:00 S:E0 P:nvUbdizC  $00:9F06: 10 FC    BPL $9F04
f49     c1429517     i43921656    A:40 X:19 Y:00 S:E0 P:nvUbdizC  $00:9F04: A5 1B    LDA $1B = #$40
f49     c1429520     i43921657    A:40 X:19 Y:00 S:E0 P:nvUbdizC  $00:9F06: 10 FC    BPL $9F04
f49     c1429523     i43921658    A:40 X:19 Y:00 S:E0 P:nvUbdizC  $00:9F04: A5 1B    LDA $1B = #$40
f49     c1429526     i43921659    A:40 X:19 Y:00 S:E0 P:nvUbdizC  $00:9F06: 10 FC    BPL $9F04
f49     c1429529     i43921660    A:40 X:19 Y:00 S:E0 P:nvUbdizC  $00:9F04: A5 1B    LDA $1B = #$40
f49     c1429532     i43921661    A:40 X:19 Y:00 S:E0 P:nvUbdizC  $00:9F06: 10 FC    BPL $9F04
f49     c1429535     i43921662    A:40 X:19 Y:00 S:E0 P:nvUbdizC  $00:9F04: A5 1B    LDA $1B = #$40
f49     c1429538     i43921663    A:40 X:19 Y:00 S:E0 P:nvUbdizC  $00:9F06: 10 FC    BPL $9F04
f49     c1429541     i43921664    A:40 X:19 Y:00 S:E0 P:nvUbdizC  $00:9F04: A5 1B    LDA $1B = #$40
f49     c1429544     i43921665    A:40 X:19 Y:00 S:E0 P:nvUbdizC  $00:9F06: 10 FC    BPL $9F04
f49     c1429547     i43921666    A:40 X:19 Y:00 S:E0 P:nvUbdizC  $00:9F04: A5 1B    LDA $1B = #$40
f49     c1429550     i43921667    A:40 X:19 Y:00 S:E0 P:nvUbdizC  $00:9F06: 10 FC    BPL $9F04
f49     c1429553     i43921668    A:40 X:19 Y:00 S:E0 P:nvUbdizC  $00:9F04: A5 1B    LDA $1B = #$40
f49     c1429556     i43921669    A:40 X:19 Y:00 S:E0 P:nvUbdizC  $00:9F06: 10 FC    BPL $9F04
f49     c1429559     i43921670    A:40 X:19 Y:00 S:E0 P:nvUbdizC  $00:9F04: A5 1B    LDA $1B = #$40
f49     c1429562     i43921671    A:40 X:19 Y:00 S:E0 P:nvUbdizC  $00:9F06: 10 FC    BPL $9F04
f49     c1429565     i43921672    A:40 X:19 Y:00 S:E0 P:nvUbdizC  $00:9F04: A5 1B    LDA $1B = #$40
f49     c1429568     i43921673    A:40 X:19 Y:00 S:E0 P:nvUbdizC  $00:9F06: 10 FC    BPL $9F04
f49     c1429571     i43921674    A:40 X:19 Y:00 S:E0 P:nvUbdizC  $00:9F04: A5 1B    LDA $1B = #$40
f49     c1429574     i43921675    A:40 X:19 Y:00 S:E0 P:nvUbdizC  $00:9F06: 10 FC    BPL $9F04
f49     c1429577     i43921676    A:40 X:19 Y:00 S:E0 P:nvUbdizC  $00:9F04: A5 1B    LDA $1B = #$40
f49     c1429580     i43921677    A:40 X:19 Y:00 S:E0 P:nvUbdizC  $00:9F06: 10 FC    BPL $9F04
f49     c1429590     i43921678    A:40 X:19 Y:00 S:DD P:nvUbdIzC  $0F:C500: 4C 6E C7 JMP $C76E
f49     c1429593     i43921679    A:40 X:19 Y:00 S:DD P:nvUbdIzC  $0F:C76E: 24 1B    BIT $1B = #$40
f49     c1429596     i43921680    A:40 X:19 Y:00 S:DD P:nVUbdIzC  $0F:C770: 50 03    BVC $C775
f49     c1429598     i43921681    A:40 X:19 Y:00 S:DD P:nVUbdIzC  $0F:C772: 4C 21 C4 JMP $C421
f49     c1429601     i43921682    A:40 X:19 Y:00 S:DD P:nVUbdIzC  $0F:C421: 24 3B    BIT $3B = #$55
f49     c1429604     i43921683    A:40 X:19 Y:00 S:DD P:nVUbdIzC  $0F:C423: 30 4D    BMI $C472
f49     c1429606     i43921684    A:40 X:19 Y:00 S:DD P:nVUbdIzC  $0F:C425: 38       SEC
f49     c1429608     i43921685    A:40 X:19 Y:00 S:DD P:nVUbdIzC  $0F:C426: 66 3B    ROR $3B = #$55
f49     c1429613     i43921686    A:40 X:19 Y:00 S:DD P:NVUbdIzC  $0F:C428: 85 3C    STA $3C = #$40
f49     c1429616     i43921687    A:40 X:19 Y:00 S:DD P:NVUbdIzC  $0F:C42A: 86 3D    STX $3D = #$19
f49     c1429619     i43921688    A:40 X:19 Y:00 S:DD P:NVUbdIzC  $0F:C42C: 84 3E    STY $3E = #$00
f49     c1429622     i43921689    A:40 X:19 Y:00 S:DD P:NVUbdIzC  $0F:C42E: A5 22    LDA $22 = #$00
f49     c1429625     i43921690    A:00 X:19 Y:00 S:DD P:nVUbdIZC  $0F:C430: 09 07    ORA #$07
f49     c1429627     i43921691    A:07 X:19 Y:00 S:DD P:nVUbdIzC  $0F:C432: 8D 00 80 STA $8000 = #$A5
f49     c1429631     i43921692    A:07 X:19 Y:00 S:DD P:nVUbdIzC  $0F:C435: A9 02    LDA #$02
f49     c1429633     i43921693    A:02 X:19 Y:00 S:DD P:nVUbdIzC  $0F:C437: 8D 01 80 STA $8001 = #$27
f55     c1608191     i43978792    A:40 X:19 Y:00 S:E0 P:nvUbdizC  $00:9F04: A5 1B    LDA $1B = #$40
f55     c1608194     i43978793    A:40 X:19 Y:00 S:E0 P:nvUbdizC  $00:9F06: 10 FC    BPL $9F04
f55     c1608197     i43978794    A:40 X:19 Y:00 S:E0 P:nvUbdizC  $00:9F04: A5 1B    LDA $1B = #$40
f55     c1608200     i43978795    A:40 X:19 Y:00 S:E0 P:nvUbdizC  $00:9F06: 10 FC    BPL $9F04
f55     c1608203     i43978796    A:40 X:19 Y:00 S:E0 P:nvUbdizC  $00:9F04: A5 1B    LDA $1B = #$40
f55     c1608206     i43978797    A:40 X:19 Y:00 S:E0 P:nvUbdizC  $00:9F06: 10 FC    BPL $9F04
f55     c1608209     i43978798    A:40 X:19 Y:00 S:E0 P:nvUbdizC  $00:9F04: A5 1B    LDA $1B = #$40
f55     c1608212     i43978799    A:40 X:19 Y:00 S:E0 P:nvUbdizC  $00:9F06: 10 FC    BPL $9F04
f55     c1608215     i43978800    A:40 X:19 Y:00 S:E0 P:nvUbdizC  $00:9F04: A5 1B    LDA $1B = #$40
f55     c1608218     i43978801    A:40 X:19 Y:00 S:E0 P:nvUbdizC  $00:9F06: 10 FC    BPL $9F04
f55     c1608221     i43978802    A:40 X:19 Y:00 S:E0 P:nvUbdizC  $00:9F04: A5 1B    LDA $1B = #$40
f55     c1608224     i43978803    A:40 X:19 Y:00 S:E0 P:nvUbdizC  $00:9F06: 10 FC    BPL $9F04
f55     c1608227     i43978804    A:40 X:19 Y:00 S:E0 P:nvUbdizC  $00:9F04: A5 1B    LDA $1B = #$40
f55     c1608230     i43978805    A:40 X:19 Y:00 S:E0 P:nvUbdizC  $00:9F06: 10 FC    BPL $9F04
f55     c1608233     i43978806    A:40 X:19 Y:00 S:E0 P:nvUbdizC  $00:9F04: A5 1B    LDA $1B = #$40
f55     c1608236     i43978807    A:40 X:19 Y:00 S:E0 P:nvUbdizC  $00:9F06: 10 FC    BPL $9F04
f55     c1608239     i43978808    A:40 X:19 Y:00 S:E0 P:nvUbdizC  $00:9F04: A5 1B    LDA $1B = #$40
f55     c1608242     i43978809    A:40 X:19 Y:00 S:E0 P:nvUbdizC  $00:9F06: 10 FC    BPL $9F04
f55     c1608245     i43978810    A:40 X:19 Y:00 S:E0 P:nvUbdizC  $00:9F04: A5 1B    LDA $1B = #$40
f55     c1608248     i43978811    A:40 X:19 Y:00 S:E0 P:nvUbdizC  $00:9F06: 10 FC    BPL $9F04
f55     c1608251     i43978812    A:40 X:19 Y:00 S:E0 P:nvUbdizC  $00:9F04: A5 1B    LDA $1B = #$40
f55     c1608254     i43978813    A:40 X:19 Y:00 S:E0 P:nvUbdizC  $00:9F06: 10 FC    BPL $9F04
f55     c1608257     i43978814    A:40 X:19 Y:00 S:E0 P:nvUbdizC  $00:9F04: A5 1B    LDA $1B = #$40
f55     c1608260     i43978815    A:40 X:19 Y:00 S:E0 P:nvUbdizC  $00:9F06: 10 FC    BPL $9F04
f55     c1608263     i43978816    A:40 X:19 Y:00 S:E0 P:nvUbdizC  $00:9F04: A5 1B    LDA $1B = #$40
f55     c1608273     i43978817    A:40 X:19 Y:00 S:DD P:nvUbdIzC  $0F:C500: 4C 6E C7 JMP $C76E
f55     c1608276     i43978818    A:40 X:19 Y:00 S:DD P:nvUbdIzC  $0F:C76E: 24 1B    BIT $1B = #$40
f55     c1608279     i43978819    A:40 X:19 Y:00 S:DD P:nVUbdIzC  $0F:C770: 50 03    BVC $C775
f55     c1608281     i43978820    A:40 X:19 Y:00 S:DD P:nVUbdIzC  $0F:C772: 4C 21 C4 JMP $C421
f55     c1608284     i43978821    A:40 X:19 Y:00 S:DD P:nVUbdIzC  $0F:C421: 24 3B    BIT $3B = #$55
f55     c1608287     i43978822    A:40 X:19 Y:00 S:DD P:nVUbdIzC  $0F:C423: 30 4D    BMI $C472
f55     c1608289     i43978823    A:40 X:19 Y:00 S:DD P:nVUbdIzC  $0F:C425: 38       SEC
f55     c1608291     i43978824    A:40 X:19 Y:00 S:DD P:nVUbdIzC  $0F:C426: 66 3B    ROR $3B = #$55
f55     c1608296     i43978825    A:40 X:19 Y:00 S:DD P:NVUbdIzC  $0F:C428: 85 3C    STA $3C = #$40
f55     c1608299     i43978826    A:40 X:19 Y:00 S:DD P:NVUbdIzC  $0F:C42A: 86 3D    STX $3D = #$19
f55     c1608302     i43978827    A:40 X:19 Y:00 S:DD P:NVUbdIzC  $0F:C42C: 84 3E    STY $3E = #$00
f55     c1608305     i43978828    A:40 X:19 Y:00 S:DD P:NVUbdIzC  $0F:C42E: A5 22    LDA $22 = #$00
f55     c1608308     i43978829    A:00 X:19 Y:00 S:DD P:nVUbdIZC  $0F:C430: 09 07    ORA #$07
f55     c1608310     i43978830    A:07 X:19 Y:00 S:DD P:nVUbdIzC  $0F:C432: 8D 00 80 STA $8000 = #$A5
f55     c1608314     i43978831    A:07 X:19 Y:00 S:DD P:nVUbdIzC  $0F:C435: A9 02    LDA #$02
f55     c1608316     i43978832    A:02 X:19 Y:00 S:DD P:nVUbdIzC  $0F:C437: 8D 01 80 STA $8001 = #$27
f55     c1608320     i43978833    A:02 X:19 Y:00 S:DD P:nVUbdIzC  $0F:C43A: 20 00 A0 JSR $A000
f56     c1639127     i43988519    A:00 X:01 Y:07 S:DB P:nVUbdIzc  $01:A0ED: BD 15 40 LDA $4015,X @ $4016 = #$00
f56     c1639131     i43988520    A:40 X:01 Y:07 S:DB P:nVUbdIzc  $01:A0F0: 4A       LSR
f56     c1639133     i43988521    A:20 X:01 Y:07 S:DB P:nVUbdIzc  $01:A0F1: 26 3F    ROL $3F = #$00
f56     c1639138     i43988522    A:20 X:01 Y:07 S:DB P:nVUbdIZc  $01:A0F3: 29 01    AND #$01
f56     c1639140     i43988523    A:00 X:01 Y:07 S:DB P:nVUbdIZc  $01:A0F5: 05 3F    ORA $3F = #$00
f56     c1639143     i43988524    A:00 X:01 Y:07 S:DB P:nVUbdIZc  $01:A0F7: 85 3F    STA $3F = #$00
f56     c1639146     i43988525    A:00 X:01 Y:07 S:DB P:nVUbdIZc  $01:A0F9: 88       DEY
f56     c1639148     i43988526    A:00 X:01 Y:06 S:DB P:nVUbdIzc  $01:A0FA: D0 F1    BNE $A0ED
f56     c1639151     i43988527    A:00 X:01 Y:06 S:DB P:nVUbdIzc  $01:A0ED: BD 15 40 LDA $4015,X @ $4016 = #$00
f56     c1639155     i43988528    A:40 X:01 Y:06 S:DB P:nVUbdIzc  $01:A0F0: 4A       LSR
f56     c1639157     i43988529    A:20 X:01 Y:06 S:DB P:nVUbdIzc  $01:A0F1: 26 3F    ROL $3F = #$00
f56     c1639162     i43988530    A:20 X:01 Y:06 S:DB P:nVUbdIZc  $01:A0F3: 29 01    AND #$01
f56     c1639164     i43988531    A:00 X:01 Y:06 S:DB P:nVUbdIZc  $01:A0F5: 05 3F    ORA $3F = #$00
f56     c1639167     i43988532    A:00 X:01 Y:06 S:DB P:nVUbdIZc  $01:A0F7: 85 3F    STA $3F = #$00
f56     c1639170     i43988533    A:00 X:01 Y:06 S:DB P:nVUbdIZc  $01:A0F9: 88       DEY
f56     c1639172     i43988534    A:00 X:01 Y:05 S:DB P:nVUbdIzc  $01:A0FA: D0 F1    BNE $A0ED
f56     c1639175     i43988535    A:00 X:01 Y:05 S:DB P:nVUbdIzc  $01:A0ED: BD 15 40 LDA $4015,X @ $4016 = #$00
f56     c1639179     i43988536    A:40 X:01 Y:05 S:DB P:nVUbdIzc  $01:A0F0: 4A       LSR
f56     c1639181     i43988537    A:20 X:01 Y:05 S:DB P:nVUbdIzc  $01:A0F1: 26 3F    ROL $3F = #$00
f56     c1639186     i43988538    A:20 X:01 Y:05 S:DB P:nVUbdIZc  $01:A0F3: 29 01    AND #$01
f56     c1639188     i43988539    A:00 X:01 Y:05 S:DB P:nVUbdIZc  $01:A0F5: 05 3F    ORA $3F = #$00
f56     c1639191     i43988540    A:00 X:01 Y:05 S:DB P:nVUbdIZc  $01:A0F7: 85 3F    STA $3F = #$00
f56     c1639194     i43988541    A:00 X:01 Y:05 S:DB P:nVUbdIZc  $01:A0F9: 88       DEY
f56     c1639196     i43988542    A:00 X:01 Y:04 S:DB P:nVUbdIzc  $01:A0FA: D0 F1    BNE $A0ED
f56     c1639199     i43988543    A:00 X:01 Y:04 S:DB P:nVUbdIzc  $01:A0ED: BD 15 40 LDA $4015,X @ $4016 = #$00
f56     c1639203     i43988544    A:40 X:01 Y:04 S:DB P:nVUbdIzc  $01:A0F0: 4A       LSR
f56     c1639205     i43988545    A:20 X:01 Y:04 S:DB P:nVUbdIzc  $01:A0F1: 26 3F    ROL $3F = #$00
f56     c1639210     i43988546    A:20 X:01 Y:04 S:DB P:nVUbdIZc  $01:A0F3: 29 01    AND #$01
f56     c1639212     i43988547    A:00 X:01 Y:04 S:DB P:nVUbdIZc  $01:A0F5: 05 3F    ORA $3F = #$00
f56     c1639215     i43988548    A:00 X:01 Y:04 S:DB P:nVUbdIZc  $01:A0F7: 85 3F    STA $3F = #$00
f56     c1639218     i43988549    A:00 X:01 Y:04 S:DB P:nVUbdIZc  $01:A0F9: 88       DEY
f56     c1639220     i43988550    A:00 X:01 Y:03 S:DB P:nVUbdIzc  $01:A0FA: D0 F1    BNE $A0ED
f56     c1639223     i43988551    A:00 X:01 Y:03 S:DB P:nVUbdIzc  $01:A0ED: BD 15 40 LDA $4015,X @ $4016 = #$00
f56     c1639227     i43988552    A:40 X:01 Y:03 S:DB P:nVUbdIzc  $01:A0F0: 4A       LSR
f56     c1639229     i43988553    A:20 X:01 Y:03 S:DB P:nVUbdIzc  $01:A0F1: 26 3F    ROL $3F = #$00
f56     c1639234     i43988554    A:20 X:01 Y:03 S:DB P:nVUbdIZc  $01:A0F3: 29 01    AND #$01
f56     c1639236     i43988555    A:00 X:01 Y:03 S:DB P:nVUbdIZc  $01:A0F5: 05 3F    ORA $3F = #$00
f56     c1639239     i43988556    A:00 X:01 Y:03 S:DB P:nVUbdIZc  $01:A0F7: 85 3F    STA $3F = #$00
f56     c1639242     i43988557    A:00 X:01 Y:03 S:DB P:nVUbdIZc  $01:A0F9: 88       DEY
f56     c1639244     i43988558    A:00 X:01 Y:02 S:DB P:nVUbdIzc  $01:A0FA: D0 F1    BNE $A0ED
f56     c1639247     i43988559    A:00 X:01 Y:02 S:DB P:nVUbdIzc  $01:A0ED: BD 15 40 LDA $4015,X @ $4016 = #$00
f56     c1639251     i43988560    A:40 X:01 Y:02 S:DB P:nVUbdIzc  $01:A0F0: 4A       LSR
f60     c1758029     i44026539    A:00 X:02 Y:06 S:DB P:nVUbdIzc  $01:A0ED: BD 15 40 LDA $4015,X @ $4017 = #$01
f60     c1758033     i44026540    A:40 X:02 Y:06 S:DB P:nVUbdIzc  $01:A0F0: 4A       LSR
f60     c1758035     i44026541    A:20 X:02 Y:06 S:DB P:nVUbdIzc  $01:A0F1: 26 3F    ROL $3F = #$00
f60     c1758040     i44026542    A:20 X:02 Y:06 S:DB P:nVUbdIZc  $01:A0F3: 29 01    AND #$01
f60     c1758042     i44026543    A:00 X:02 Y:06 S:DB P:nVUbdIZc  $01:A0F5: 05 3F    ORA $3F = #$00
f60     c1758045     i44026544    A:00 X:02 Y:06 S:DB P:nVUbdIZc  $01:A0F7: 85 3F    STA $3F = #$00
f60     c1758048     i44026545    A:00 X:02 Y:06 S:DB P:nVUbdIZc  $01:A0F9: 88       DEY
f60     c1758050     i44026546    A:00 X:02 Y:05 S:DB P:nVUbdIzc  $01:A0FA: D0 F1    BNE $A0ED
f60     c1758053     i44026547    A:00 X:02 Y:05 S:DB P:nVUbdIzc  $01:A0ED: BD 15 40 LDA $4015,X @ $4017 = #$01
f60     c1758057     i44026548    A:40 X:02 Y:05 S:DB P:nVUbdIzc  $01:A0F0: 4A       LSR
f60     c1758059     i44026549    A:20 X:02 Y:05 S:DB P:nVUbdIzc  $01:A0F1: 26 3F    ROL $3F = #$00
f60     c1758064     i44026550    A:20 X:02 Y:05 S:DB P:nVUbdIZc  $01:A0F3: 29 01    AND #$01
f60     c1758066     i44026551    A:00 X:02 Y:05 S:DB P:nVUbdIZc  $01:A0F5: 05 3F    ORA $3F = #$00
f60     c1758069     i44026552    A:00 X:02 Y:05 S:DB P:nVUbdIZc  $01:A0F7: 85 3F    STA $3F = #$00
f60     c1758072     i44026553    A:00 X:02 Y:05 S:DB P:nVUbdIZc  $01:A0F9: 88       DEY
f60     c1758074     i44026554    A:00 X:02 Y:04 S:DB P:nVUbdIzc  $01:A0FA: D0 F1    BNE $A0ED
f60     c1758077     i44026555    A:00 X:02 Y:04 S:DB P:nVUbdIzc  $01:A0ED: BD 15 40 LDA $4015,X @ $4017 = #$01
f60     c1758081     i44026556    A:40 X:02 Y:04 S:DB P:nVUbdIzc  $01:A0F0: 4A       LSR
f60     c1758083     i44026557    A:20 X:02 Y:04 S:DB P:nVUbdIzc  $01:A0F1: 26 3F    ROL $3F = #$00
f60     c1758088     i44026558    A:20 X:02 Y:04 S:DB P:nVUbdIZc  $01:A0F3: 29 01    AND #$01
f60     c1758090     i44026559    A:00 X:02 Y:04 S:DB P:nVUbdIZc  $01:A0F5: 05 3F    ORA $3F = #$00
f60     c1758093     i44026560    A:00 X:02 Y:04 S:DB P:nVUbdIZc  $01:A0F7: 85 3F    STA $3F = #$00
f60     c1758096     i44026561    A:00 X:02 Y:04 S:DB P:nVUbdIZc  $01:A0F9: 88       DEY
f60     c1758098     i44026562    A:00 X:02 Y:03 S:DB P:nVUbdIzc  $01:A0FA: D0 F1    BNE $A0ED
f60     c1758101     i44026563    A:00 X:02 Y:03 S:DB P:nVUbdIzc  $01:A0ED: BD 15 40 LDA $4015,X @ $4017 = #$01
f60     c1758105     i44026564    A:40 X:02 Y:03 S:DB P:nVUbdIzc  $01:A0F0: 4A       LSR
f60     c1758107     i44026565    A:20 X:02 Y:03 S:DB P:nVUbdIzc  $01:A0F1: 26 3F    ROL $3F = #$00
f60     c1758112     i44026566    A:20 X:02 Y:03 S:DB P:nVUbdIZc  $01:A0F3: 29 01    AND #$01
f60     c1758114     i44026567    A:00 X:02 Y:03 S:DB P:nVUbdIZc  $01:A0F5: 05 3F    ORA $3F = #$00
f60     c1758117     i44026568    A:00 X:02 Y:03 S:DB P:nVUbdIZc  $01:A0F7: 85 3F    STA $3F = #$00
f60     c1758120     i44026569    A:00 X:02 Y:03 S:DB P:nVUbdIZc  $01:A0F9: 88       DEY
f60     c1758122     i44026570    A:00 X:02 Y:02 S:DB P:nVUbdIzc  $01:A0FA: D0 F1    BNE $A0ED
f60     c1758125     i44026571    A:00 X:02 Y:02 S:DB P:nVUbdIzc  $01:A0ED: BD 15 40 LDA $4015,X @ $4017 = #$01
f60     c1758129     i44026572    A:40 X:02 Y:02 S:DB P:nVUbdIzc  $01:A0F0: 4A       LSR
f60     c1758131     i44026573    A:20 X:02 Y:02 S:DB P:nVUbdIzc  $01:A0F1: 26 3F    ROL $3F = #$00
f60     c1758136     i44026574    A:20 X:02 Y:02 S:DB P:nVUbdIZc  $01:A0F3: 29 01    AND #$01
f60     c1758138     i44026575    A:00 X:02 Y:02 S:DB P:nVUbdIZc  $01:A0F5: 05 3F    ORA $3F = #$00
f60     c1758141     i44026576    A:00 X:02 Y:02 S:DB P:nVUbdIZc  $01:A0F7: 85 3F    STA $3F = #$00
f60     c1758144     i44026577    A:00 X:02 Y:02 S:DB P:nVUbdIZc  $01:A0F9: 88       DEY
f60     c1758146     i44026578    A:00 X:02 Y:01 S:DB P:nVUbdIzc  $01:A0FA: D0 F1    BNE $A0ED
f60     c1758149     i44026579    A:00 X:02 Y:01 S:DB P:nVUbdIzc  $01:A0ED: BD 15 40 LDA $4015,X @ $4017 = #$01
f60     c1758153     i44026580    A:40 X:02 Y:01 S:DB P:nVUbdIzc  $01:A0F0: 4A       LSR
f61     c1786871     i44035930    A:40 X:19 Y:00 S:E0 P:nvUbdizC  $00:9F04: A5 1B    LDA $1B = #$40
f61     c1786874     i44035931    A:40 X:19 Y:00 S:E0 P:nvUbdizC  $00:9F06: 10 FC    BPL $9F04
f61     c1786877     i44035932    A:40 X:19 Y:00 S:E0 P:nvUbdizC  $00:9F04: A5 1B    LDA $1B = #$40
f61     c1786880     i44035933    A:40 X:19 Y:00 S:E0 P:nvUbdizC  $00:9F06: 10 FC    BPL $9F04
f61     c1786883     i44035934    A:40 X:19 Y:00 S:E0 P:nvUbdizC  $00:9F04: A5 1B    LDA $1B = #$40
f61     c1786886     i44035935    A:40 X:19 Y:00 S:E0 P:nvUbdizC  $00:9F06: 10 FC    BPL $9F04
f61     c1786889     i44035936    A:40 X:19 Y:00 S:E0 P:nvUbdizC  $00:9F04: A5 1B    LDA $1B = #$40
f61     c1786892     i44035937    A:40 X:19 Y:00 S:E0 P:nvUbdizC  $00:9F06: 10 FC    BPL $9F04
f61     c1786895     i44035938    A:40 X:19 Y:00 S:E0 P:nvUbdizC  $00:9F04: A5 1B    LDA $1B = #$40
f61     c1786898     i44035939    A:40 X:19 Y:00 S:E0 P:nvUbdizC  $00:9F06: 10 FC    BPL $9F04
f61     c1786901     i44035940    A:40 X:19 Y:00 S:E0 P:nvUbdizC  $00:9F04: A5 1B    LDA $1B = #$40
f61     c1786904     i44035941    A:40 X:19 Y:00 S:E0 P:nvUbdizC  $00:9F06: 10 FC    BPL $9F04
f61     c1786907     i44035942    A:40 X:19 Y:00 S:E0 P:nvUbdizC  $00:9F04: A5 1B    LDA $1B = #$40
f61     c1786910     i44035943    A:40 X:19 Y:00 S:E0 P:nvUbdizC  $00:9F06: 10 FC    BPL $9F04
f61     c1786913     i44035944    A:40 X:19 Y:00 S:E0 P:nvUbdizC  $00:9F04: A5 1B    LDA $1B = #$40
f61     c1786916     i44035945    A:40 X:19 Y:00 S:E0 P:nvUbdizC  $00:9F06: 10 FC    BPL $9F04
f61     c1786919     i44035946    A:40 X:19 Y:00 S:E0 P:nvUbdizC  $00:9F04: A5 1B    LDA $1B = #$40
f61     c1786922     i44035947    A:40 X:19 Y:00 S:E0 P:nvUbdizC  $00:9F06: 10 FC    BPL $9F04
f61     c1786925     i44035948    A:40 X:19 Y:00 S:E0 P:nvUbdizC  $00:9F04: A5 1B    LDA $1B = #$40
f61     c1786928     i44035949    A:40 X:19 Y:00 S:E0 P:nvUbdizC  $00:9F06: 10 FC    BPL $9F04
f61     c1786931     i44035950    A:40 X:19 Y:00 S:E0 P:nvUbdizC  $00:9F04: A5 1B    LDA $1B = #$40
f61     c1786934     i44035951    A:40 X:19 Y:00 S:E0 P:nvUbdizC  $00:9F06: 10 FC    BPL $9F04
f61     c1786937     i44035952    A:40 X:19 Y:00 S:E0 P:nvUbdizC  $00:9F04: A5 1B    LDA $1B = #$40
f61     c1786940     i44035953    A:40 X:19 Y:00 S:E0 P:nvUbdizC  $00:9F06: 10 FC    BPL $9F04
f61     c1786943     i44035954    A:40 X:19 Y:00 S:E0 P:nvUbdizC  $00:9F04: A5 1B    LDA $1B = #$40
f61     c1786946     i44035955    A:40 X:19 Y:00 S:E0 P:nvUbdizC  $00:9F06: 10 FC    BPL $9F04
f61     c1786956     i44035956    A:40 X:19 Y:00 S:DD P:nvUbdIzC  $0F:C500: 4C 6E C7 JMP $C76E
f61     c1786959     i44035957    A:40 X:19 Y:00 S:DD P:nvUbdIzC  $0F:C76E: 24 1B    BIT $1B = #$40
f61     c1786962     i44035958    A:40 X:19 Y:00 S:DD P:nVUbdIzC  $0F:C770: 50 03    BVC $C775
f61     c1786964     i44035959    A:40 X:19 Y:00 S:DD P:nVUbdIzC  $0F:C772: 4C 21 C4 JMP $C421
f61     c1786967     i44035960    A:40 X:19 Y:00 S:DD P:nVUbdIzC  $0F:C421: 24 3B    BIT $3B = #$55
f61     c1786970     i44035961    A:40 X:19 Y:00 S:DD P:nVUbdIzC  $0F:C423: 30 4D    BMI $C472
f61     c1786972     i44035962    A:40 X:19 Y:00 S:DD P:nVUbdIzC  $0F:C425: 38       SEC
f61     c1786974     i44035963    A:40 X:19 Y:00 S:DD P:nVUbdIzC  $0F:C426: 66 3B    ROR $3B = #$55
f61     c1786979     i44035964    A:40 X:19 Y:00 S:DD P:NVUbdIzC  $0F:C428: 85 3C    STA $3C = #$40
f61     c1786982     i44035965    A:40 X:19 Y:00 S:DD P:NVUbdIzC  $0F:C42A: 86 3D    STX $3D = #$19
f61     c1786985     i44035966    A:40 X:19 Y:00 S:DD P:NVUbdIzC  $0F:C42C: 84 3E    STY $3E = #$00
f61     c1786988     i44035967    A:40 X:19 Y:00 S:DD P:NVUbdIzC  $0F:C42E: A5 22    LDA $22 = #$00
f61     c1786991     i44035968    A:00 X:19 Y:00 S:DD P:nVUbdIZC  $0F:C430: 09 07    ORA #$07
f61     c1786993     i44035969    A:07 X:19 Y:00 S:DD P:nVUbdIzC  $0F:C432: 8D 00 80 STA $8000 = #$A5
f61     c1786997     i44035970    A:07 X:19 Y:00 S:DD P:nVUbdIzC  $0F:C435: A9 02    LDA #$02
f61     c1786999     i44035971    A:02 X:19 Y:00 S:DD P:nVUbdIzC  $0F:C437: 8D 01 80 STA $8001 = #$27
f67     c1965557     i44093070    A:40 X:19 Y:00 S:E0 P:nvUbdizC  $00:9F04: A5 1B    LDA $1B = #$40
f67     c1965560     i44093071    A:40 X:19 Y:00 S:E0 P:nvUbdizC  $00:9F06: 10 FC    BPL $9F04
f67     c1965563     i44093072    A:40 X:19 Y:00 S:E0 P:nvUbdizC  $00:9F04: A5 1B    LDA $1B = #$40
f67     c1965566     i44093073    A:40 X:19 Y:00 S:E0 P:nvUbdizC  $00:9F06: 10 FC    BPL $9F04
f67     c1965569     i44093074    A:40 X:19 Y:00 S:E0 P:nvUbdizC  $00:9F04: A5 1B    LDA $1B = #$40
f67     c1965572     i44093075    A:40 X:19 Y:00 S:E0 P:nvUbdizC  $00:9F06: 10 FC    BPL $9F04
f67     c1965575     i44093076    A:40 X:19 Y:00 S:E0 P:nvUbdizC  $00:9F04: A5 1B    LDA $1B = #$40
f67     c1965578     i44093077    A:40 X:19 Y:00 S:E0 P:nvUbdizC  $00:9F06: 10 FC    BPL $9F04
f67     c1965581     i44093078    A:40 X:19 Y:00 S:E0 P:nvUbdizC  $00:9F04: A5 1B    LDA $1B = #$40
f67     c1965584     i44093079    A:40 X:19 Y:00 S:E0 P:nvUbdizC  $00:9F06: 10 FC    BPL $9F04
f67     c1965587     i44093080    A:40 X:19 Y:00 S:E0 P:nvUbdizC  $00:9F04: A5 1B    LDA $1B = #$40
f67     c1965590     i44093081    A:40 X:19 Y:00 S:E0 P:nvUbdizC  $00:9F06: 10 FC    BPL $9F04
f67     c1965593     i44093082    A:40 X:19 Y:00 S:E0 P:nvUbdizC  $00:9F04: A5 1B    LDA $1B = #$40
f67     c1965596     i44093083    A:40 X:19 Y:00 S:E0 P:nvUbdizC  $00:9F06: 10 FC    BPL $9F04
f67     c1965599     i44093084    A:40 X:19 Y:00 S:E0 P:nvUbdizC  $00:9F04: A5 1B    LDA $1B = #$40
f67     c1965602     i44093085    A:40 X:19 Y:00 S:E0 P:nvUbdizC  $00:9F06: 10 FC    BPL $9F04
f67     c1965605     i44093086    A:40 X:19 Y:00 S:E0 P:nvUbdizC  $00:9F04: A5 1B    LDA $1B = #$40
f67     c1965608     i44093087    A:40 X:19 Y:00 S:E0 P:nvUbdizC  $00:9F06: 10 FC    BPL $9F04
f67     c1965611     i44093088    A:40 X:19 Y:00 S:E0 P:nvUbdizC  $00:9F04: A5 1B    LDA $1B = #$40
f67     c1965614     i44093089    A:40 X:19 Y:00 S:E0 P:nvUbdizC  $00:9F06: 10 FC    BPL $9F04
f67     c1965617     i44093090    A:40 X:19 Y:00 S:E0 P:nvUbdizC  $00:9F04: A5 1B    LDA $1B = #$40
f67     c1965620     i44093091    A:40 X:19 Y:00 S:E0 P:nvUbdizC  $00:9F06: 10 FC    BPL $9F04
f67     c1965623     i44093092    A:40 X:19 Y:00 S:E0 P:nvUbdizC  $00:9F04: A5 1B    LDA $1B = #$40
f67     c1965626     i44093093    A:40 X:19 Y:00 S:E0 P:nvUbdizC  $00:9F06: 10 FC    BPL $9F04
f67     c1965629     i44093094    A:40 X:19 Y:00 S:E0 P:nvUbdizC  $00:9F04: A5 1B    LDA $1B = #$40
f67     c1965639     i44093095    A:40 X:19 Y:00 S:DD P:nvUbdIzC  $0F:C500: 4C 6E C7 JMP $C76E
f67     c1965642     i44093096    A:40 X:19 Y:00 S:DD P:nvUbdIzC  $0F:C76E: 24 1B    BIT $1B = #$40
f67     c1965645     i44093097    A:40 X:19 Y:00 S:DD P:nVUbdIzC  $0F:C770: 50 03    BVC $C775
f67     c1965647     i44093098    A:40 X:19 Y:00 S:DD P:nVUbdIzC  $0F:C772: 4C 21 C4 JMP $C421
f67     c1965650     i44093099    A:40 X:19 Y:00 S:DD P:nVUbdIzC  $0F:C421: 24 3B    BIT $3B = #$55
f67     c1965653     i44093100    A:40 X:19 Y:00 S:DD P:nVUbdIzC  $0F:C423: 30 4D    BMI $C472
f67     c1965655     i44093101    A:40 X:19 Y:00 S:DD P:nVUbdIzC  $0F:C425: 38       SEC
f67     c1965657     i44093102    A:40 X:19 Y:00 S:DD P:nVUbdIzC  $0F:C426: 66 3B    ROR $3B = #$55
f67     c1965662     i44093103    A:40 X:19 Y:00 S:DD P:NVUbdIzC  $0F:C428: 85 3C    STA $3C = #$40
f67     c1965665     i44093104    A:40 X:19 Y:00 S:DD P:NVUbdIzC  $0F:C42A: 86 3D    STX $3D = #$19
f67     c1965668     i44093105    A:40 X:19 Y:00 S:DD P:NVUbdIzC  $0F:C42C: 84 3E    STY $3E = #$00
f67     c1965671     i44093106    A:40 X:19 Y:00 S:DD P:NVUbdIzC  $0F:C42E: A5 22    LDA $22 = #$00
f67     c1965674     i44093107    A:00 X:19 Y:00 S:DD P:nVUbdIZC  $0F:C430: 09 07    ORA #$07
f67     c1965676     i44093108    A:07 X:19 Y:00 S:DD P:nVUbdIzC  $0F:C432: 8D 00 80 STA $8000 = #$A5
f67     c1965680     i44093109    A:07 X:19 Y:00 S:DD P:nVUbdIzC  $0F:C435: A9 02    LDA #$02
f67     c1965682     i44093110    A:02 X:19 Y:00 S:DD P:nVUbdIzC  $0F:C437: 8D 01 80 STA $8001 = #$27
f67     c1965686     i44093111    A:02 X:19 Y:00 S:DD P:nVUbdIzC  $0F:C43A: 20 00 A0 JSR $A000
f68     c1996493     i44102797    A:00 X:01 Y:07 S:DB P:nVUbdIzc  $01:A0ED: BD 15 40 LDA $4015,X @ $4016 = #$00
f68     c1996497     i44102798    A:40 X:01 Y:07 S:DB P:nVUbdIzc  $01:A0F0: 4A       LSR
f68     c1996499     i44102799    A:20 X:01 Y:07 S:DB P:nVUbdIzc  $01:A0F1: 26 3F    ROL $3F = #$00
f68     c1996504     i44102800    A:20 X:01 Y:07 S:DB P:nVUbdIZc  $01:A0F3: 29 01    AND #$01
f68     c1996506     i44102801    A:00 X:01 Y:07 S:DB P:nVUbdIZc  $01:A0F5: 05 3F    ORA $3F = #$00
f68     c1996509     i44102802    A:00 X:01 Y:07 S:DB P:nVUbdIZc  $01:A0F7: 85 3F    STA $3F = #$00
f68     c1996512     i44102803    A:00 X:01 Y:07 S:DB P:nVUbdIZc  $01:A0F9: 88       DEY
f68     c1996514     i44102804    A:00 X:01 Y:06 S:DB P:nVUbdIzc  $01:A0FA: D0 F1    BNE $A0ED
f68     c1996517     i44102805    A:00 X:01 Y:06 S:DB P:nVUbdIzc  $01:A0ED: BD 15 40 LDA $4015,X @ $4016 = #$00
f68     c1996521     i44102806    A:40 X:01 Y:06 S:DB P:nVUbdIzc  $01:A0F0: 4A       LSR
f68     c1996523     i44102807    A:20 X:01 Y:06 S:DB P:nVUbdIzc  $01:A0F1: 26 3F    ROL $3F = #$00
f68     c1996528     i44102808    A:20 X:01 Y:06 S:DB P:nVUbdIZc  $01:A0F3: 29 01    AND #$01
f68     c1996530     i44102809    A:00 X:01 Y:06 S:DB P:nVUbdIZc  $01:A0F5: 05 3F    ORA $3F = #$00
f68     c1996533     i44102810    A:00 X:01 Y:06 S:DB P:nVUbdIZc  $01:A0F7: 85 3F    STA $3F = #$00
f68     c1996536     i44102811    A:00 X:01 Y:06 S:DB P:nVUbdIZc  $01:A0F9: 88       DEY
f68     c1996538     i44102812    A:00 X:01 Y:05 S:DB P:nVUbdIzc  $01:A0FA: D0 F1    BNE $A0ED
f68     c1996541     i44102813    A:00 X:01 Y:05 S:DB P:nVUbdIzc  $01:A0ED: BD 15 40 LDA $4015,X @ $4016 = #$00
f68     c1996545     i44102814    A:40 X:01 Y:05 S:DB P:nVUbdIzc  $01:A0F0: 4A       LSR
f68     c1996547     i44102815    A:20 X:01 Y:05 S:DB P:nVUbdIzc  $01:A0F1: 26 3F    ROL $3F = #$00
f68     c1996552     i44102816    A:20 X:01 Y:05 S:DB P:nVUbdIZc  $01:A0F3: 29 01    AND #$01
f68     c1996554     i44102817    A:00 X:01 Y:05 S:DB P:nVUbdIZc  $01:A0F5: 05 3F    ORA $3F = #$00
f68     c1996557     i44102818    A:00 X:01 Y:05 S:DB P:nVUbdIZc  $01:A0F7: 85 3F    STA $3F = #$00
f68     c1996560     i44102819    A:00 X:01 Y:05 S:DB P:nVUbdIZc  $01:A0F9: 88       DEY
f68     c1996562     i44102820    A:00 X:01 Y:04 S:DB P:nVUbdIzc  $01:A0FA: D0 F1    BNE $A0ED
f68     c1996565     i44102821    A:00 X:01 Y:04 S:DB P:nVUbdIzc  $01:A0ED: BD 15 40 LDA $4015,X @ $4016 = #$00
f68     c1996569     i44102822    A:40 X:01 Y:04 S:DB P:nVUbdIzc  $01:A0F0: 4A       LSR
f68     c1996571     i44102823    A:20 X:01 Y:04 S:DB P:nVUbdIzc  $01:A0F1: 26 3F    ROL $3F = #$00
f68     c1996576     i44102824    A:20 X:01 Y:04 S:DB P:nVUbdIZc  $01:A0F3: 29 01    AND #$01
f68     c1996578     i44102825    A:00 X:01 Y:04 S:DB P:nVUbdIZc  $01:A0F5: 05 3F    ORA $3F = #$00
f68     c1996581     i44102826    A:00 X:01 Y:04 S:DB P:nVUbdIZc  $01:A0F7: 85 3F    STA $3F = #$00
f68     c1996584     i44102827    A:00 X:01 Y:04 S:DB P:nVUbdIZc  $01:A0F9: 88       DEY
f68     c1996586     i44102828    A:00 X:01 Y:03 S:DB P:nVUbdIzc  $01:A0FA: D0 F1    BNE $A0ED
f68     c1996589     i44102829    A:00 X:01 Y:03 S:DB P:nVUbdIzc  $01:A0ED: BD 15 40 LDA $4015,X @ $4016 = #$00
f68     c1996593     i44102830    A:40 X:01 Y:03 S:DB P:nVUbdIzc  $01:A0F0: 4A       LSR
f68     c1996595     i44102831    A:20 X:01 Y:03 S:DB P:nVUbdIzc  $01:A0F1: 26 3F    ROL $3F = #$00
f68     c1996600     i44102832    A:20 X:01 Y:03 S:DB P:nVUbdIZc  $01:A0F3: 29 01    AND #$01
f68     c1996602     i44102833    A:00 X:01 Y:03 S:DB P:nVUbdIZc  $01:A0F5: 05 3F    ORA $3F = #$00
f68     c1996605     i44102834    A:00 X:01 Y:03 S:DB P:nVUbdIZc  $01:A0F7: 85 3F    STA $3F = #$00
f68     c1996608     i44102835    A:00 X:01 Y:03 S:DB P:nVUbdIZc  $01:A0F9: 88       DEY
f68     c1996610     i44102836    A:00 X:01 Y:02 S:DB P:nVUbdIzc  $01:A0FA: D0 F1    BNE $A0ED
f68     c1996613     i44102837    A:00 X:01 Y:02 S:DB P:nVUbdIzc  $01:A0ED: BD 15 40 LDA $4015,X @ $4016 = #$00
f68     c1996617     i44102838    A:40 X:01 Y:02 S:DB P:nVUbdIzc  $01:A0F0: 4A       LSR
f72     c2115395     i44140817    A:00 X:02 Y:06 S:DB P:nVUbdIzc  $01:A0ED: BD 15 40 LDA $4015,X @ $4017 = #$01
f72     c2115399     i44140818    A:40 X:02 Y:06 S:DB P:nVUbdIzc  $01:A0F0: 4A       LSR
f72     c2115401     i44140819    A:20 X:02 Y:06 S:DB P:nVUbdIzc  $01:A0F1: 26 3F    ROL $3F = #$00
f72     c2115406     i44140820    A:20 X:02 Y:06 S:DB P:nVUbdIZc  $01:A0F3: 29 01    AND #$01
f72     c2115408     i44140821    A:00 X:02 Y:06 S:DB P:nVUbdIZc  $01:A0F5: 05 3F    ORA $3F = #$00
f72     c2115411     i44140822    A:00 X:02 Y:06 S:DB P:nVUbdIZc  $01:A0F7: 85 3F    STA $3F = #$00
f72     c2115414     i44140823    A:00 X:02 Y:06 S:DB P:nVUbdIZc  $01:A0F9: 88       DEY
f72     c2115416     i44140824    A:00 X:02 Y:05 S:DB P:nVUbdIzc  $01:A0FA: D0 F1    BNE $A0ED
f72     c2115419     i44140825    A:00 X:02 Y:05 S:DB P:nVUbdIzc  $01:A0ED: BD 15 40 LDA $4015,X @ $4017 = #$01
f72     c2115423     i44140826    A:40 X:02 Y:05 S:DB P:nVUbdIzc  $01:A0F0: 4A       LSR
f72     c2115425     i44140827    A:20 X:02 Y:05 S:DB P:nVUbdIzc  $01:A0F1: 26 3F    ROL $3F = #$00
f72     c2115430     i44140828    A:20 X:02 Y:05 S:DB P:nVUbdIZc  $01:A0F3: 29 01    AND #$01
f72     c2115432     i44140829    A:00 X:02 Y:05 S:DB P:nVUbdIZc  $01:A0F5: 05 3F    ORA $3F = #$00
f72     c2115435     i44140830    A:00 X:02 Y:05 S:DB P:nVUbdIZc  $01:A0F7: 85 3F    STA $3F = #$00
f72     c2115438     i44140831    A:00 X:02 Y:05 S:DB P:nVUbdIZc  $01:A0F9: 88       DEY
f72     c2115440     i44140832    A:00 X:02 Y:04 S:DB P:nVUbdIzc  $01:A0FA: D0 F1    BNE $A0ED
f72     c2115443     i44140833    A:00 X:02 Y:04 S:DB P:nVUbdIzc  $01:A0ED: BD 15 40 LDA $4015,X @ $4017 = #$01
f72     c2115447     i44140834    A:40 X:02 Y:04 S:DB P:nVUbdIzc  $01:A0F0: 4A       LSR
f72     c2115449     i44140835    A:20 X:02 Y:04 S:DB P:nVUbdIzc  $01:A0F1: 26 3F    ROL $3F = #$00
f72     c2115454     i44140836    A:20 X:02 Y:04 S:DB P:nVUbdIZc  $01:A0F3: 29 01    AND #$01
f72     c2115456     i44140837    A:00 X:02 Y:04 S:DB P:nVUbdIZc  $01:A0F5: 05 3F    ORA $3F = #$00
f72     c2115459     i44140838    A:00 X:02 Y:04 S:DB P:nVUbdIZc  $01:A0F7: 85 3F    STA $3F = #$00
f72     c2115462     i44140839    A:00 X:02 Y:04 S:DB P:nVUbdIZc  $01:A0F9: 88       DEY
f72     c2115464     i44140840    A:00 X:02 Y:03 S:DB P:nVUbdIzc  $01:A0FA: D0 F1    BNE $A0ED
f72     c2115467     i44140841    A:00 X:02 Y:03 S:DB P:nVUbdIzc  $01:A0ED: BD 15 40 LDA $4015,X @ $4017 = #$01
f72     c2115471     i44140842    A:40 X:02 Y:03 S:DB P:nVUbdIzc  $01:A0F0: 4A       LSR
f72     c2115473     i44140843    A:20 X:02 Y:03 S:DB P:nVUbdIzc  $01:A0F1: 26 3F    ROL $3F = #$00
f72     c2115478     i44140844    A:20 X:02 Y:03 S:DB P:nVUbdIZc  $01:A0F3: 29 01    AND #$01
f72     c2115480     i44140845    A:00 X:02 Y:03 S:DB P:nVUbdIZc  $01:A0F5: 05 3F    ORA $3F = #$00
f72     c2115483     i44140846    A:00 X:02 Y:03 S:DB P:nVUbdIZc  $01:A0F7: 85 3F    STA $3F = #$00
f72     c2115486     i44140847    A:00 X:02 Y:03 S:DB P:nVUbdIZc  $01:A0F9: 88       DEY
f72     c2115488     i44140848    A:00 X:02 Y:02 S:DB P:nVUbdIzc  $01:A0FA: D0 F1    BNE $A0ED
f72     c2115491     i44140849    A:00 X:02 Y:02 S:DB P:nVUbdIzc  $01:A0ED: BD 15 40 LDA $4015,X @ $4017 = #$01
f72     c2115495     i44140850    A:40 X:02 Y:02 S:DB P:nVUbdIzc  $01:A0F0: 4A       LSR
f72     c2115497     i44140851    A:20 X:02 Y:02 S:DB P:nVUbdIzc  $01:A0F1: 26 3F    ROL $3F = #$00
f72     c2115502     i44140852    A:20 X:02 Y:02 S:DB P:nVUbdIZc  $01:A0F3: 29 01    AND #$01
f72     c2115504     i44140853    A:00 X:02 Y:02 S:DB P:nVUbdIZc  $01:A0F5: 05 3F    ORA $3F = #$00
f72     c2115507     i44140854    A:00 X:02 Y:02 S:DB P:nVUbdIZc  $01:A0F7: 85 3F    STA $3F = #$00
f72     c2115510     i44140855    A:00 X:02 Y:02 S:DB P:nVUbdIZc  $01:A0F9: 88       DEY
f72     c2115512     i44140856    A:00 X:02 Y:01 S:DB P:nVUbdIzc  $01:A0FA: D0 F1    BNE $A0ED
f72     c2115515     i44140857    A:00 X:02 Y:01 S:DB P:nVUbdIzc  $01:A0ED: BD 15 40 LDA $4015,X @ $4017 = #$01
f72     c2115519     i44140858    A:40 X:02 Y:01 S:DB P:nVUbdIzc  $01:A0F0: 4A       LSR
f73     c2144237     i44150208    A:40 X:19 Y:00 S:E0 P:nvUbdizC  $00:9F04: A5 1B    LDA $1B = #$40
f73     c2144240     i44150209    A:40 X:19 Y:00 S:E0 P:nvUbdizC  $00:9F06: 10 FC    BPL $9F04
f73     c2144243     i44150210    A:40 X:19 Y:00 S:E0 P:nvUbdizC  $00:9F04: A5 1B    LDA $1B = #$40
f73     c2144246     i44150211    A:40 X:19 Y:00 S:E0 P:nvUbdizC  $00:9F06: 10 FC    BPL $9F04
f73     c2144249     i44150212    A:40 X:19 Y:00 S:E0 P:nvUbdizC  $00:9F04: A5 1B    LDA $1B = #$40
f73     c2144252     i44150213    A:40 X:19 Y:00 S:E0 P:nvUbdizC  $00:9F06: 10 FC    BPL $9F04
f73     c2144255     i44150214    A:40 X:19 Y:00 S:E0 P:nvUbdizC  $00:9F04: A5 1B    LDA $1B = #$40
f73     c2144258     i44150215    A:40 X:19 Y:00 S:E0 P:nvUbdizC  $00:9F06: 10 FC    BPL $9F04
f73     c2144261     i44150216    A:40 X:19 Y:00 S:E0 P:nvUbdizC  $00:9F04: A5 1B    LDA $1B = #$40
f73     c2144264     i44150217    A:40 X:19 Y:00 S:E0 P:nvUbdizC  $00:9F06: 10 FC    BPL $9F04
f73     c2144267     i44150218    A:40 X:19 Y:00 S:E0 P:nvUbdizC  $00:9F04: A5 1B    LDA $1B = #$40
f73     c2144270     i44150219    A:40 X:19 Y:00 S:E0 P:nvUbdizC  $00:9F06: 10 FC    BPL $9F04
f73     c2144273     i44150220    A:40 X:19 Y:00 S:E0 P:nvUbdizC  $00:9F04: A5 1B    LDA $1B = #$40
f73     c2144276     i44150221    A:40 X:19 Y:00 S:E0 P:nvUbdizC  $00:9F06: 10 FC    BPL $9F04
f73     c2144279     i44150222    A:40 X:19 Y:00 S:E0 P:nvUbdizC  $00:9F04: A5 1B    LDA $1B = #$40
f73     c2144282     i44150223    A:40 X:19 Y:00 S:E0 P:nvUbdizC  $00:9F06: 10 FC    BPL $9F04
f73     c2144285     i44150224    A:40 X:19 Y:00 S:E0 P:nvUbdizC  $00:9F04: A5 1B    LDA $1B = #$40
f73     c2144288     i44150225    A:40 X:19 Y:00 S:E0 P:nvUbdizC  $00:9F06: 10 FC    BPL $9F04
f73     c2144291     i44150226    A:40 X:19 Y:00 S:E0 P:nvUbdizC  $00:9F04: A5 1B    LDA $1B = #$40
f73     c2144294     i44150227    A:40 X:19 Y:00 S:E0 P:nvUbdizC  $00:9F06: 10 FC    BPL $9F04
f73     c2144297     i44150228    A:40 X:19 Y:00 S:E0 P:nvUbdizC  $00:9F04: A5 1B    LDA $1B = #$40
f73     c2144300     i44150229    A:40 X:19 Y:00 S:E0 P:nvUbdizC  $00:9F06: 10 FC    BPL $9F04
f73     c2144303     i44150230    A:40 X:19 Y:00 S:E0 P:nvUbdizC  $00:9F04: A5 1B    LDA $1B = #$40
f73     c2144306     i44150231    A:40 X:19 Y:00 S:E0 P:nvUbdizC  $00:9F06: 10 FC    BPL $9F04
f73     c2144309     i44150232    A:40 X:19 Y:00 S:E0 P:nvUbdizC  $00:9F04: A5 1B    LDA $1B = #$40
f73     c2144312     i44150233    A:40 X:19 Y:00 S:E0 P:nvUbdizC  $00:9F06: 10 FC    BPL $9F04
f73     c2144322     i44150234    A:40 X:19 Y:00 S:DD P:nvUbdIzC  $0F:C500: 4C 6E C7 JMP $C76E
f73     c2144325     i44150235    A:40 X:19 Y:00 S:DD P:nvUbdIzC  $0F:C76E: 24 1B    BIT $1B = #$40
f73     c2144328     i44150236    A:40 X:19 Y:00 S:DD P:nVUbdIzC  $0F:C770: 50 03    BVC $C775
f73     c2144330     i44150237    A:40 X:19 Y:00 S:DD P:nVUbdIzC  $0F:C772: 4C 21 C4 JMP $C421
f73     c2144333     i44150238    A:40 X:19 Y:00 S:DD P:nVUbdIzC  $0F:C421: 24 3B    BIT $3B = #$55
f73     c2144336     i44150239    A:40 X:19 Y:00 S:DD P:nVUbdIzC  $0F:C423: 30 4D    BMI $C472
f73     c2144338     i44150240    A:40 X:19 Y:00 S:DD P:nVUbdIzC  $0F:C425: 38       SEC
f73     c2144340     i44150241    A:40 X:19 Y:00 S:DD P:nVUbdIzC  $0F:C426: 66 3B    ROR $3B = #$55
f73     c2144345     i44150242    A:40 X:19 Y:00 S:DD P:NVUbdIzC  $0F:C428: 85 3C    STA $3C = #$40
f73     c2144348     i44150243    A:40 X:19 Y:00 S:DD P:NVUbdIzC  $0F:C42A: 86 3D    STX $3D = #$19
f73     c2144351     i44150244    A:40 X:19 Y:00 S:DD P:NVUbdIzC  $0F:C42C: 84 3E    STY $3E = #$00
f73     c2144354     i44150245    A:40 X:19 Y:00 S:DD P:NVUbdIzC  $0F:C42E: A5 22    LDA $22 = #$00
f73     c2144357     i44150246    A:00 X:19 Y:00 S:DD P:nVUbdIZC  $0F:C430: 09 07    ORA #$07
f73     c2144359     i44150247    A:07 X:19 Y:00 S:DD P:nVUbdIzC  $0F:C432: 8D 00 80 STA $8000 = #$A5
f73     c2144363     i44150248    A:07 X:19 Y:00 S:DD P:nVUbdIzC  $0F:C435: A9 02    LDA #$02
f73     c2144365     i44150249    A:02 X:19 Y:00 S:DD P:nVUbdIzC  $0F:C437: 8D 01 80 STA $8001 = #$27
f79     c2322923     i44207348    A:40 X:19 Y:00 S:E0 P:nvUbdizC  $00:9F04: A5 1B    LDA $1B = #$40
f79     c2322926     i44207349    A:40 X:19 Y:00 S:E0 P:nvUbdizC  $00:9F06: 10 FC    BPL $9F04
f79     c2322929     i44207350    A:40 X:19 Y:00 S:E0 P:nvUbdizC  $00:9F04: A5 1B    LDA $1B = #$40
f79     c2322932     i44207351    A:40 X:19 Y:00 S:E0 P:nvUbdizC  $00:9F06: 10 FC    BPL $9F04
f79     c2322935     i44207352    A:40 X:19 Y:00 S:E0 P:nvUbdizC  $00:9F04: A5 1B    LDA $1B = #$40
f79     c2322938     i44207353    A:40 X:19 Y:00 S:E0 P:nvUbdizC  $00:9F06: 10 FC    BPL $9F04
f79     c2322941     i44207354    A:40 X:19 Y:00 S:E0 P:nvUbdizC  $00:9F04: A5 1B    LDA $1B = #$40
f79     c2322944     i44207355    A:40 X:19 Y:00 S:E0 P:nvUbdizC  $00:9F06: 10 FC    BPL $9F04
f79     c2322947     i44207356    A:40 X:19 Y:00 S:E0 P:nvUbdizC  $00:9F04: A5 1B    LDA $1B = #$40
f79     c2322950     i44207357    A:40 X:19 Y:00 S:E0 P:nvUbdizC  $00:9F06: 10 FC    BPL $9F04
f79     c2322953     i44207358    A:40 X:19 Y:00 S:E0 P:nvUbdizC  $00:9F04: A5 1B    LDA $1B = #$40
f79     c2322956     i44207359    A:40 X:19 Y:00 S:E0 P:nvUbdizC  $00:9F06: 10 FC    BPL $9F04
f79     c2322959     i44207360    A:40 X:19 Y:00 S:E0 P:nvUbdizC  $00:9F04: A5 1B    LDA $1B = #$40
f79     c2322962     i44207361    A:40 X:19 Y:00 S:E0 P:nvUbdizC  $00:9F06: 10 FC    BPL $9F04
f79     c2322965     i44207362    A:40 X:19 Y:00 S:E0 P:nvUbdizC  $00:9F04: A5 1B    LDA $1B = #$40
f79     c2322968     i44207363    A:40 X:19 Y:00 S:E0 P:nvUbdizC  $00:9F06: 10 FC    BPL $9F04
f79     c2322971     i44207364    A:40 X:19 Y:00 S:E0 P:nvUbdizC  $00:9F04: A5 1B    LDA $1B = #$40
f79     c2322974     i44207365    A:40 X:19 Y:00 S:E0 P:nvUbdizC  $00:9F06: 10 FC    BPL $9F04
f79     c2322977     i44207366    A:40 X:19 Y:00 S:E0 P:nvUbdizC  $00:9F04: A5 1B    LDA $1B = #$40
f79     c2322980     i44207367    A:40 X:19 Y:00 S:E0 P:nvUbdizC  $00:9F06: 10 FC    BPL $9F04
f79     c2322983     i44207368    A:40 X:19 Y:00 S:E0 P:nvUbdizC  $00:9F04: A5 1B    LDA $1B = #$40
f79     c2322986     i44207369    A:40 X:19 Y:00 S:E0 P:nvUbdizC  $00:9F06: 10 FC    BPL $9F04
f79     c2322989     i44207370    A:40 X:19 Y:00 S:E0 P:nvUbdizC  $00:9F04: A5 1B    LDA $1B = #$40
f79     c2322992     i44207371    A:40 X:19 Y:00 S:E0 P:nvUbdizC  $00:9F06: 10 FC    BPL $9F04
f79     c2322995     i44207372    A:40 X:19 Y:00 S:E0 P:nvUbdizC  $00:9F04: A5 1B    LDA $1B = #$40
f79     c2323005     i44207373    A:40 X:19 Y:00 S:DD P:nvUbdIzC  $0F:C500: 4C 6E C7 JMP $C76E
f79     c2323008     i44207374    A:40 X:19 Y:00 S:DD P:nvUbdIzC  $0F:C76E: 24 1B    BIT $1B = #$40
f79     c2323011     i44207375    A:40 X:19 Y:00 S:DD P:nVUbdIzC  $0F:C770: 50 03    BVC $C775
f79     c2323013     i44207376    A:40 X:19 Y:00 S:DD P:nVUbdIzC  $0F:C772: 4C 21 C4 JMP $C421
f79     c2323016     i44207377    A:40 X:19 Y:00 S:DD P:nVUbdIzC  $0F:C421: 24 3B    BIT $3B = #$55
f79     c2323019     i44207378    A:40 X:19 Y:00 S:DD P:nVUbdIzC  $0F:C423: 30 4D    BMI $C472
f79     c2323021     i44207379    A:40 X:19 Y:00 S:DD P:nVUbdIzC  $0F:C425: 38       SEC
f79     c2323023     i44207380    A:40 X:19 Y:00 S:DD P:nVUbdIzC  $0F:C426: 66 3B    ROR $3B = #$55
f79     c2323028     i44207381    A:40 X:19 Y:00 S:DD P:NVUbdIzC  $0F:C428: 85 3C    STA $3C = #$40
f79     c2323031     i44207382    A:40 X:19 Y:00 S:DD P:NVUbdIzC  $0F:C42A: 86 3D    STX $3D = #$19
f79     c2323034     i44207383    A:40 X:19 Y:00 S:DD P:NVUbdIzC  $0F:C42C: 84 3E    STY $3E = #$00
f79     c2323037     i44207384    A:40 X:19 Y:00 S:DD P:NVUbdIzC  $0F:C42E: A5 22    LDA $22 = #$00
f79     c2323040     i44207385    A:00 X:19 Y:00 S:DD P:nVUbdIZC  $0F:C430: 09 07    ORA #$07
f79     c2323042     i44207386    A:07 X:19 Y:00 S:DD P:nVUbdIzC  $0F:C432: 8D 00 80 STA $8000 = #$A5
f79     c2323046     i44207387    A:07 X:19 Y:00 S:DD P:nVUbdIzC  $0F:C435: A9 02    LDA #$02
f79     c2323048     i44207388    A:02 X:19 Y:00 S:DD P:nVUbdIzC  $0F:C437: 8D 01 80 STA $8001 = #$27
f79     c2323052     i44207389    A:02 X:19 Y:00 S:DD P:nVUbdIzC  $0F:C43A: 20 00 A0 JSR $A000
f80     c2353859     i44217075    A:00 X:01 Y:07 S:DB P:nVUbdIzc  $01:A0ED: BD 15 40 LDA $4015,X @ $4016 = #$00
f80     c2353863     i44217076    A:40 X:01 Y:07 S:DB P:nVUbdIzc  $01:A0F0: 4A       LSR
f80     c2353865     i44217077    A:20 X:01 Y:07 S:DB P:nVUbdIzc  $01:A0F1: 26 3F    ROL $3F = #$00
f80     c2353870     i44217078    A:20 X:01 Y:07 S:DB P:nVUbdIZc  $01:A0F3: 29 01    AND #$01
f80     c2353872     i44217079    A:00 X:01 Y:07 S:DB P:nVUbdIZc  $01:A0F5: 05 3F    ORA $3F = #$00
f80     c2353875     i44217080    A:00 X:01 Y:07 S:DB P:nVUbdIZc  $01:A0F7: 85 3F    STA $3F = #$00
f80     c2353878     i44217081    A:00 X:01 Y:07 S:DB P:nVUbdIZc  $01:A0F9: 88       DEY
f80     c2353880     i44217082    A:00 X:01 Y:06 S:DB P:nVUbdIzc  $01:A0FA: D0 F1    BNE $A0ED
f80     c2353883     i44217083    A:00 X:01 Y:06 S:DB P:nVUbdIzc  $01:A0ED: BD 15 40 LDA $4015,X @ $4016 = #$00
f80     c2353887     i44217084    A:40 X:01 Y:06 S:DB P:nVUbdIzc  $01:A0F0: 4A       LSR
f80     c2353889     i44217085    A:20 X:01 Y:06 S:DB P:nVUbdIzc  $01:A0F1: 26 3F    ROL $3F = #$00
f80     c2353894     i44217086    A:20 X:01 Y:06 S:DB P:nVUbdIZc  $01:A0F3: 29 01    AND #$01
f80     c2353896     i44217087    A:00 X:01 Y:06 S:DB P:nVUbdIZc  $01:A0F5: 05 3F    ORA $3F = #$00
f80     c2353899     i44217088    A:00 X:01 Y:06 S:DB P:nVUbdIZc  $01:A0F7: 85 3F    STA $3F = #$00
f80     c2353902     i44217089    A:00 X:01 Y:06 S:DB P:nVUbdIZc  $01:A0F9: 88       DEY
f80     c2353904     i44217090    A:00 X:01 Y:05 S:DB P:nVUbdIzc  $01:A0FA: D0 F1    BNE $A0ED
f80     c2353907     i44217091    A:00 X:01 Y:05 S:DB P:nVUbdIzc  $01:A0ED: BD 15 40 LDA $4015,X @ $4016 = #$00
f80     c2353911     i44217092    A:40 X:01 Y:05 S:DB P:nVUbdIzc  $01:A0F0: 4A       LSR
f80     c2353913     i44217093    A:20 X:01 Y:05 S:DB P:nVUbdIzc  $01:A0F1: 26 3F    ROL $3F = #$00
f80     c2353918     i44217094    A:20 X:01 Y:05 S:DB P:nVUbdIZc  $01:A0F3: 29 01    AND #$01
f80     c2353920     i44217095    A:00 X:01 Y:05 S:DB P:nVUbdIZc  $01:A0F5: 05 3F    ORA $3F = #$00
f80     c2353923     i44217096    A:00 X:01 Y:05 S:DB P:nVUbdIZc  $01:A0F7: 85 3F    STA $3F = #$00
f80     c2353926     i44217097    A:00 X:01 Y:05 S:DB P:nVUbdIZc  $01:A0F9: 88       DEY
f80     c2353928     i44217098    A:00 X:01 Y:04 S:DB P:nVUbdIzc  $01:A0FA: D0 F1    BNE $A0ED
f80     c2353931     i44217099    A:00 X:01 Y:04 S:DB P:nVUbdIzc  $01:A0ED: BD 15 40 LDA $4015,X @ $4016 = #$00
f80     c2353935     i44217100    A:40 X:01 Y:04 S:DB P:nVUbdIzc  $01:A0F0: 4A       LSR
f80     c2353937     i44217101    A:20 X:01 Y:04 S:DB P:nVUbdIzc  $01:A0F1: 26 3F    ROL $3F = #$00
f80     c2353942     i44217102    A:20 X:01 Y:04 S:DB P:nVUbdIZc  $01:A0F3: 29 01    AND #$01
f80     c2353944     i44217103    A:00 X:01 Y:04 S:DB P:nVUbdIZc  $01:A0F5: 05 3F    ORA $3F = #$00
f80     c2353947     i44217104    A:00 X:01 Y:04 S:DB P:nVUbdIZc  $01:A0F7: 85 3F    STA $3F = #$00
f80     c2353950     i44217105    A:00 X:01 Y:04 S:DB P:nVUbdIZc  $01:A0F9: 88       DEY
f80     c2353952     i44217106    A:00 X:01 Y:03 S:DB P:nVUbdIzc  $01:A0FA: D0 F1    BNE $A0ED
f80     c2353955     i44217107    A:00 X:01 Y:03 S:DB P:nVUbdIzc  $01:A0ED: BD 15 40 LDA $4015,X @ $4016 = #$00
f80     c2353959     i44217108    A:40 X:01 Y:03 S:DB P:nVUbdIzc  $01:A0F0: 4A       LSR
f80     c2353961     i44217109    A:20 X:01 Y:03 S:DB P:nVUbdIzc  $01:A0F1: 26 3F    ROL $3F = #$00
f80     c2353966     i44217110    A:20 X:01 Y:03 S:DB P:nVUbdIZc  $01:A0F3: 29 01    AND #$01
f80     c2353968     i44217111    A:00 X:01 Y:03 S:DB P:nVUbdIZc  $01:A0F5: 05 3F    ORA $3F = #$00
f80     c2353971     i44217112    A:00 X:01 Y:03 S:DB P:nVUbdIZc  $01:A0F7: 85 3F    STA $3F = #$00
f80     c2353974     i44217113    A:00 X:01 Y:03 S:DB P:nVUbdIZc  $01:A0F9: 88       DEY
f80     c2353976     i44217114    A:00 X:01 Y:02 S:DB P:nVUbdIzc  $01:A0FA: D0 F1    BNE $A0ED
f80     c2353979     i44217115    A:00 X:01 Y:02 S:DB P:nVUbdIzc  $01:A0ED: BD 15 40 LDA $4015,X @ $4016 = #$00
f80     c2353983     i44217116    A:40 X:01 Y:02 S:DB P:nVUbdIzc  $01:A0F0: 4A       LSR
f84     c2472761     i44255095    A:00 X:02 Y:06 S:DB P:nVUbdIzc  $01:A0ED: BD 15 40 LDA $4015,X @ $4017 = #$01
f84     c2472765     i44255096    A:40 X:02 Y:06 S:DB P:nVUbdIzc  $01:A0F0: 4A       LSR
f84     c2472767     i44255097    A:20 X:02 Y:06 S:DB P:nVUbdIzc  $01:A0F1: 26 3F    ROL $3F = #$00
f84     c2472772     i44255098    A:20 X:02 Y:06 S:DB P:nVUbdIZc  $01:A0F3: 29 01    AND #$01
f84     c2472774     i44255099    A:00 X:02 Y:06 S:DB P:nVUbdIZc  $01:A0F5: 05 3F    ORA $3F = #$00
f84     c2472777     i44255100    A:00 X:02 Y:06 S:DB P:nVUbdIZc  $01:A0F7: 85 3F    STA $3F = #$00
f84     c2472780     i44255101    A:00 X:02 Y:06 S:DB P:nVUbdIZc  $01:A0F9: 88       DEY
f84     c2472782     i44255102    A:00 X:02 Y:05 S:DB P:nVUbdIzc  $01:A0FA: D0 F1    BNE $A0ED
f84     c2472785     i44255103    A:00 X:02 Y:05 S:DB P:nVUbdIzc  $01:A0ED: BD 15 40 LDA $4015,X @ $4017 = #$01
f84     c2472789     i44255104    A:40 X:02 Y:05 S:DB P:nVUbdIzc  $01:A0F0: 4A       LSR
f84     c2472791     i44255105    A:20 X:02 Y:05 S:DB P:nVUbdIzc  $01:A0F1: 26 3F    ROL $3F = #$00
f84     c2472796     i44255106    A:20 X:02 Y:05 S:DB P:nVUbdIZc  $01:A0F3: 29 01    AND #$01
f84     c2472798     i44255107    A:00 X:02 Y:05 S:DB P:nVUbdIZc  $01:A0F5: 05 3F    ORA $3F = #$00
f84     c2472801     i44255108    A:00 X:02 Y:05 S:DB P:nVUbdIZc  $01:A0F7: 85 3F    STA $3F = #$00
f84     c2472804     i44255109    A:00 X:02 Y:05 S:DB P:nVUbdIZc  $01:A0F9: 88       DEY
f84     c2472806     i44255110    A:00 X:02 Y:04 S:DB P:nVUbdIzc  $01:A0FA: D0 F1    BNE $A0ED
f84     c2472809     i44255111    A:00 X:02 Y:04 S:DB P:nVUbdIzc  $01:A0ED: BD 15 40 LDA $4015,X @ $4017 = #$01
f84     c2472813     i44255112    A:40 X:02 Y:04 S:DB P:nVUbdIzc  $01:A0F0: 4A       LSR
f84     c2472815     i44255113    A:20 X:02 Y:04 S:DB P:nVUbdIzc  $01:A0F1: 26 3F    ROL $3F = #$00
f84     c2472820     i44255114    A:20 X:02 Y:04 S:DB P:nVUbdIZc  $01:A0F3: 29 01    AND #$01
f84     c2472822     i44255115    A:00 X:02 Y:04 S:DB P:nVUbdIZc  $01:A0F5: 05 3F    ORA $3F = #$00
f84     c2472825     i44255116    A:00 X:02 Y:04 S:DB P:nVUbdIZc  $01:A0F7: 85 3F    STA $3F = #$00
f84     c2472828     i44255117    A:00 X:02 Y:04 S:DB P:nVUbdIZc  $01:A0F9: 88       DEY
f84     c2472830     i44255118    A:00 X:02 Y:03 S:DB P:nVUbdIzc  $01:A0FA: D0 F1    BNE $A0ED
f84     c2472833     i44255119    A:00 X:02 Y:03 S:DB P:nVUbdIzc  $01:A0ED: BD 15 40 LDA $4015,X @ $4017 = #$01
f84     c2472837     i44255120    A:40 X:02 Y:03 S:DB P:nVUbdIzc  $01:A0F0: 4A       LSR
f84     c2472839     i44255121    A:20 X:02 Y:03 S:DB P:nVUbdIzc  $01:A0F1: 26 3F    ROL $3F = #$00
f84     c2472844     i44255122    A:20 X:02 Y:03 S:DB P:nVUbdIZc  $01:A0F3: 29 01    AND #$01
f84     c2472846     i44255123    A:00 X:02 Y:03 S:DB P:nVUbdIZc  $01:A0F5: 05 3F    ORA $3F = #$00
f84     c2472849     i44255124    A:00 X:02 Y:03 S:DB P:nVUbdIZc  $01:A0F7: 85 3F    STA $3F = #$00
f84     c2472852     i44255125    A:00 X:02 Y:03 S:DB P:nVUbdIZc  $01:A0F9: 88       DEY
f84     c2472854     i44255126    A:00 X:02 Y:02 S:DB P:nVUbdIzc  $01:A0FA: D0 F1    BNE $A0ED
f84     c2472857     i44255127    A:00 X:02 Y:02 S:DB P:nVUbdIzc  $01:A0ED: BD 15 40 LDA $4015,X @ $4017 = #$01
f84     c2472861     i44255128    A:40 X:02 Y:02 S:DB P:nVUbdIzc  $01:A0F0: 4A       LSR
f84     c2472863     i44255129    A:20 X:02 Y:02 S:DB P:nVUbdIzc  $01:A0F1: 26 3F    ROL $3F = #$00
f84     c2472868     i44255130    A:20 X:02 Y:02 S:DB P:nVUbdIZc  $01:A0F3: 29 01    AND #$01
f84     c2472870     i44255131    A:00 X:02 Y:02 S:DB P:nVUbdIZc  $01:A0F5: 05 3F    ORA $3F = #$00
f84     c2472873     i44255132    A:00 X:02 Y:02 S:DB P:nVUbdIZc  $01:A0F7: 85 3F    STA $3F = #$00
f84     c2472876     i44255133    A:00 X:02 Y:02 S:DB P:nVUbdIZc  $01:A0F9: 88       DEY
f84     c2472878     i44255134    A:00 X:02 Y:01 S:DB P:nVUbdIzc  $01:A0FA: D0 F1    BNE $A0ED
f84     c2472881     i44255135    A:00 X:02 Y:01 S:DB P:nVUbdIzc  $01:A0ED: BD 15 40 LDA $4015,X @ $4017 = #$01
f84     c2472885     i44255136    A:40 X:02 Y:01 S:DB P:nVUbdIzc  $01:A0F0: 4A       LSR
f85     c2501603     i44264486    A:40 X:19 Y:00 S:E0 P:nvUbdizC  $00:9F04: A5 1B    LDA $1B = #$40
f85     c2501606     i44264487    A:40 X:19 Y:00 S:E0 P:nvUbdizC  $00:9F06: 10 FC    BPL $9F04
f85     c2501609     i44264488    A:40 X:19 Y:00 S:E0 P:nvUbdizC  $00:9F04: A5 1B    LDA $1B = #$40
f85     c2501612     i44264489    A:40 X:19 Y:00 S:E0 P:nvUbdizC  $00:9F06: 10 FC    BPL $9F04
f85     c2501615     i44264490    A:40 X:19 Y:00 S:E0 P:nvUbdizC  $00:9F04: A5 1B    LDA $1B = #$40
f85     c2501618     i44264491    A:40 X:19 Y:00 S:E0 P:nvUbdizC  $00:9F06: 10 FC    BPL $9F04
f85     c2501621     i44264492    A:40 X:19 Y:00 S:E0 P:nvUbdizC  $00:9F04: A5 1B    LDA $1B = #$40
f85     c2501624     i44264493    A:40 X:19 Y:00 S:E0 P:nvUbdizC  $00:9F06: 10 FC    BPL $9F04
f85     c2501627     i44264494    A:40 X:19 Y:00 S:E0 P:nvUbdizC  $00:9F04: A5 1B    LDA $1B = #$40
f85     c2501630     i44264495    A:40 X:19 Y:00 S:E0 P:nvUbdizC  $00:9F06: 10 FC    BPL $9F04
f85     c2501633     i44264496    A:40 X:19 Y:00 S:E0 P:nvUbdizC  $00:9F04: A5 1B    LDA $1B = #$40
f85     c2501636     i44264497    A:40 X:19 Y:00 S:E0 P:nvUbdizC  $00:9F06: 10 FC    BPL $9F04
f85     c2501639     i44264498    A:40 X:19 Y:00 S:E0 P:nvUbdizC  $00:9F04: A5 1B    LDA $1B = #$40
f85     c2501642     i44264499    A:40 X:19 Y:00 S:E0 P:nvUbdizC  $00:9F06: 10 FC    BPL $9F04
f85     c2501645     i44264500    A:40 X:19 Y:00 S:E0 P:nvUbdizC  $00:9F04: A5 1B    LDA $1B = #$40
f85     c2501648     i44264501    A:40 X:19 Y:00 S:E0 P:nvUbdizC  $00:9F06: 10 FC    BPL $9F04
f85     c2501651     i44264502    A:40 X:19 Y:00 S:E0 P:nvUbdizC  $00:9F04: A5 1B    LDA $1B = #$40
f85     c2501654     i44264503    A:40 X:19 Y:00 S:E0 P:nvUbdizC  $00:9F06: 10 FC    BPL $9F04
f85     c2501657     i44264504    A:40 X:19 Y:00 S:E0 P:nvUbdizC  $00:9F04: A5 1B    LDA $1B = #$40
f85     c2501660     i44264505    A:40 X:19 Y:00 S:E0 P:nvUbdizC  $00:9F06: 10 FC    BPL $9F04
f85     c2501663     i44264506    A:40 X:19 Y:00 S:E0 P:nvUbdizC  $00:9F04: A5 1B    LDA $1B = #$40
f85     c2501666     i44264507    A:40 X:19 Y:00 S:E0 P:nvUbdizC  $00:9F06: 10 FC    BPL $9F04
f85     c2501669     i44264508    A:40 X:19 Y:00 S:E0 P:nvUbdizC  $00:9F04: A5 1B    LDA $1B = #$40
f85     c2501672     i44264509    A:40 X:19 Y:00 S:E0 P:nvUbdizC  $00:9F06: 10 FC    BPL $9F04
f85     c2501675     i44264510    A:40 X:19 Y:00 S:E0 P:nvUbdizC  $00:9F04: A5 1B    LDA $1B = #$40
f85     c2501678     i44264511    A:40 X:19 Y:00 S:E0 P:nvUbdizC  $00:9F06: 10 FC    BPL $9F04
f85     c2501688     i44264512    A:40 X:19 Y:00 S:DD P:nvUbdIzC  $0F:C500: 4C 6E C7 JMP $C76E
f85     c2501691     i44264513    A:40 X:19 Y:00 S:DD P:nvUbdIzC  $0F:C76E: 24 1B    BIT $1B = #$40
f85     c2501694     i44264514    A:40 X:19 Y:00 S:DD P:nVUbdIzC  $0F:C770: 50 03    BVC $C775
f85     c2501696     i44264515    A:40 X:19 Y:00 S:DD P:nVUbdIzC  $0F:C772: 4C 21 C4 JMP $C421
f85     c2501699     i44264516    A:40 X:19 Y:00 S:DD P:nVUbdIzC  $0F:C421: 24 3B    BIT $3B = #$55
f85     c2501702     i44264517    A:40 X:19 Y:00 S:DD P:nVUbdIzC  $0F:C423: 30 4D    BMI $C472
f85     c2501704     i44264518    A:40 X:19 Y:00 S:DD P:nVUbdIzC  $0F:C425: 38       SEC
f85     c2501706     i44264519    A:40 X:19 Y:00 S:DD P:nVUbdIzC  $0F:C426: 66 3B    ROR $3B = #$55
f85     c2501711     i44264520    A:40 X:19 Y:00 S:DD P:NVUbdIzC  $0F:C428: 85 3C    STA $3C = #$40
f85     c2501714     i44264521    A:40 X:19 Y:00 S:DD P:NVUbdIzC  $0F:C42A: 86 3D    STX $3D = #$19
f85     c2501717     i44264522    A:40 X:19 Y:00 S:DD P:NVUbdIzC  $0F:C42C: 84 3E    STY $3E = #$00
f85     c2501720     i44264523    A:40 X:19 Y:00 S:DD P:NVUbdIzC  $0F:C42E: A5 22    LDA $22 = #$00
f85     c2501723     i44264524    A:00 X:19 Y:00 S:DD P:nVUbdIZC  $0F:C430: 09 07    ORA #$07
f85     c2501725     i44264525    A:07 X:19 Y:00 S:DD P:nVUbdIzC  $0F:C432: 8D 00 80 STA $8000 = #$A5
f85     c2501729     i44264526    A:07 X:19 Y:00 S:DD P:nVUbdIzC  $0F:C435: A9 02    LDA #$02
f85     c2501731     i44264527    A:02 X:19 Y:00 S:DD P:nVUbdIzC  $0F:C437: 8D 01 80 STA $8001 = #$27
f91     c2680289     i44321626    A:40 X:19 Y:00 S:E0 P:nvUbdizC  $00:9F04: A5 1B    LDA $1B = #$40
f91     c2680292     i44321627    A:40 X:19 Y:00 S:E0 P:nvUbdizC  $00:9F06: 10 FC    BPL $9F04
f91     c2680295     i44321628    A:40 X:19 Y:00 S:E0 P:nvUbdizC  $00:9F04: A5 1B    LDA $1B = #$40
f91     c2680298     i44321629    A:40 X:19 Y:00 S:E0 P:nvUbdizC  $00:9F06: 10 FC    BPL $9F04
f91     c2680301     i44321630    A:40 X:19 Y:00 S:E0 P:nvUbdizC  $00:9F04: A5 1B    LDA $1B = #$40
f91     c2680304     i44321631    A:40 X:19 Y:00 S:E0 P:nvUbdizC  $00:9F06: 10 FC    BPL $9F04
f91     c2680307     i44321632    A:40 X:19 Y:00 S:E0 P:nvUbdizC  $00:9F04: A5 1B    LDA $1B = #$40
f91     c2680310     i44321633    A:40 X:19 Y:00 S:E0 P:nvUbdizC  $00:9F06: 10 FC    BPL $9F04
f91     c2680313     i44321634    A:40 X:19 Y:00 S:E0 P:nvUbdizC  $00:9F04: A5 1B    LDA $1B = #$40
f91     c2680316     i44321635    A:40 X:19 Y:00 S:E0 P:nvUbdizC  $00:9F06: 10 FC    BPL $9F04
f91     c2680319     i44321636    A:40 X:19 Y:00 S:E0 P:nvUbdizC  $00:9F04: A5 1B    LDA $1B = #$40
f91     c2680322     i44321637    A:40 X:19 Y:00 S:E0 P:nvUbdizC  $00:9F06: 10 FC    BPL $9F04
f91     c2680325     i44321638    A:40 X:19 Y:00 S:E0 P:nvUbdizC  $00:9F04: A5 1B    LDA $1B = #$40
f91     c2680328     i44321639    A:40 X:19 Y:00 S:E0 P:nvUbdizC  $00:9F06: 10 FC    BPL $9F04
f91     c2680331     i44321640    A:40 X:19 Y:00 S:E0 P:nvUbdizC  $00:9F04: A5 1B    LDA $1B = #$40
f91     c2680334     i44321641    A:40 X:19 Y:00 S:E0 P:nvUbdizC  $00:9F06: 10 FC    BPL $9F04
f91     c2680337     i44321642    A:40 X:19 Y:00 S:E0 P:nvUbdizC  $00:9F04: A5 1B    LDA $1B = #$40
f91     c2680340     i44321643    A:40 X:19 Y:00 S:E0 P:nvUbdizC  $00:9F06: 10 FC    BPL $9F04
f91     c2680343     i44321644    A:40 X:19 Y:00 S:E0 P:nvUbdizC  $00:9F04: A5 1B    LDA $1B = #$40
f91     c2680346     i44321645    A:40 X:19 Y:00 S:E0 P:nvUbdizC  $00:9F06: 10 FC    BPL $9F04
f91     c2680349     i44321646    A:40 X:19 Y:00 S:E0 P:nvUbdizC  $00:9F04: A5 1B    LDA $1B = #$40
f91     c2680352     i44321647    A:40 X:19 Y:00 S:E0 P:nvUbdizC  $00:9F06: 10 FC    BPL $9F04
f91     c2680355     i44321648    A:40 X:19 Y:00 S:E0 P:nvUbdizC  $00:9F04: A5 1B    LDA $1B = #$40
f91     c2680358     i44321649    A:40 X:19 Y:00 S:E0 P:nvUbdizC  $00:9F06: 10 FC    BPL $9F04
f91     c2680361     i44321650    A:40 X:19 Y:00 S:E0 P:nvUbdizC  $00:9F04: A5 1B    LDA $1B = #$40
f91     c2680371     i44321651    A:40 X:19 Y:00 S:DD P:nvUbdIzC  $0F:C500: 4C 6E C7 JMP $C76E
f91     c2680374     i44321652    A:40 X:19 Y:00 S:DD P:nvUbdIzC  $0F:C76E: 24 1B    BIT $1B = #$40
f91     c2680377     i44321653    A:40 X:19 Y:00 S:DD P:nVUbdIzC  $0F:C770: 50 03    BVC $C775
f91     c2680379     i44321654    A:40 X:19 Y:00 S:DD P:nVUbdIzC  $0F:C772: 4C 21 C4 JMP $C421
f91     c2680382     i44321655    A:40 X:19 Y:00 S:DD P:nVUbdIzC  $0F:C421: 24 3B    BIT $3B = #$55
f91     c2680385     i44321656    A:40 X:19 Y:00 S:DD P:nVUbdIzC  $0F:C423: 30 4D    BMI $C472
f91     c2680387     i44321657    A:40 X:19 Y:00 S:DD P:nVUbdIzC  $0F:C425: 38       SEC
f91     c2680389     i44321658    A:40 X:19 Y:00 S:DD P:nVUbdIzC  $0F:C426: 66 3B    ROR $3B = #$55
f91     c2680394     i44321659    A:40 X:19 Y:00 S:DD P:NVUbdIzC  $0F:C428: 85 3C    STA $3C = #$40
f91     c2680397     i44321660    A:40 X:19 Y:00 S:DD P:NVUbdIzC  $0F:C42A: 86 3D    STX $3D = #$19
f91     c2680400     i44321661    A:40 X:19 Y:00 S:DD P:NVUbdIzC  $0F:C42C: 84 3E    STY $3E = #$00
f91     c2680403     i44321662    A:40 X:19 Y:00 S:DD P:NVUbdIzC  $0F:C42E: A5 22    LDA $22 = #$00
f91     c2680406     i44321663    A:00 X:19 Y:00 S:DD P:nVUbdIZC  $0F:C430: 09 07    ORA #$07
f91     c2680408     i44321664    A:07 X:19 Y:00 S:DD P:nVUbdIzC  $0F:C432: 8D 00 80 STA $8000 = #$A5
f91     c2680412     i44321665    A:07 X:19 Y:00 S:DD P:nVUbdIzC  $0F:C435: A9 02    LDA #$02
f91     c2680414     i44321666    A:02 X:19 Y:00 S:DD P:nVUbdIzC  $0F:C437: 8D 01 80 STA $8001 = #$27
f91     c2680418     i44321667    A:02 X:19 Y:00 S:DD P:nVUbdIzC  $0F:C43A: 20 00 A0 JSR $A000
f92     c2711225     i44331353    A:00 X:01 Y:07 S:DB P:nVUbdIzc  $01:A0ED: BD 15 40 LDA $4015,X @ $4016 = #$00
f92     c2711229     i44331354    A:40 X:01 Y:07 S:DB P:nVUbdIzc  $01:A0F0: 4A       LSR
f92     c2711231     i44331355    A:20 X:01 Y:07 S:DB P:nVUbdIzc  $01:A0F1: 26 3F    ROL $3F = #$00
f92     c2711236     i44331356    A:20 X:01 Y:07 S:DB P:nVUbdIZc  $01:A0F3: 29 01    AND #$01
f92     c2711238     i44331357    A:00 X:01 Y:07 S:DB P:nVUbdIZc  $01:A0F5: 05 3F    ORA $3F = #$00
f92     c2711241     i44331358    A:00 X:01 Y:07 S:DB P:nVUbdIZc  $01:A0F7: 85 3F    STA $3F = #$00
f92     c2711244     i44331359    A:00 X:01 Y:07 S:DB P:nVUbdIZc  $01:A0F9: 88       DEY
f92     c2711246     i44331360    A:00 X:01 Y:06 S:DB P:nVUbdIzc  $01:A0FA: D0 F1    BNE $A0ED
f92     c2711249     i44331361    A:00 X:01 Y:06 S:DB P:nVUbdIzc  $01:A0ED: BD 15 40 LDA $4015,X @ $4016 = #$00
f92     c2711253     i44331362    A:40 X:01 Y:06 S:DB P:nVUbdIzc  $01:A0F0: 4A       LSR
f92     c2711255     i44331363    A:20 X:01 Y:06 S:DB P:nVUbdIzc  $01:A0F1: 26 3F    ROL $3F = #$00
f92     c2711260     i44331364    A:20 X:01 Y:06 S:DB P:nVUbdIZc  $01:A0F3: 29 01    AND #$01
f92     c2711262     i44331365    A:00 X:01 Y:06 S:DB P:nVUbdIZc  $01:A0F5: 05 3F    ORA $3F = #$00
f92     c2711265     i44331366    A:00 X:01 Y:06 S:DB P:nVUbdIZc  $01:A0F7: 85 3F    STA $3F = #$00
f92     c2711268     i44331367    A:00 X:01 Y:06 S:DB P:nVUbdIZc  $01:A0F9: 88       DEY
f92     c2711270     i44331368    A:00 X:01 Y:05 S:DB P:nVUbdIzc  $01:A0FA: D0 F1    BNE $A0ED
f92     c2711273     i44331369    A:00 X:01 Y:05 S:DB P:nVUbdIzc  $01:A0ED: BD 15 40 LDA $4015,X @ $4016 = #$00
f92     c2711277     i44331370    A:40 X:01 Y:05 S:DB P:nVUbdIzc  $01:A0F0: 4A       LSR
f92     c2711279     i44331371    A:20 X:01 Y:05 S:DB P:nVUbdIzc  $01:A0F1: 26 3F    ROL $3F = #$00
f92     c2711284     i44331372    A:20 X:01 Y:05 S:DB P:nVUbdIZc  $01:A0F3: 29 01    AND #$01
f92     c2711286     i44331373    A:00 X:01 Y:05 S:DB P:nVUbdIZc  $01:A0F5: 05 3F    ORA $3F = #$00
f92     c2711289     i44331374    A:00 X:01 Y:05 S:DB P:nVUbdIZc  $01:A0F7: 85 3F    STA $3F = #$00
f92     c2711292     i44331375    A:00 X:01 Y:05 S:DB P:nVUbdIZc  $01:A0F9: 88       DEY
f92     c2711294     i44331376    A:00 X:01 Y:04 S:DB P:nVUbdIzc  $01:A0FA: D0 F1    BNE $A0ED
f92     c2711297     i44331377    A:00 X:01 Y:04 S:DB P:nVUbdIzc  $01:A0ED: BD 15 40 LDA $4015,X @ $4016 = #$00
f92     c2711301     i44331378    A:40 X:01 Y:04 S:DB P:nVUbdIzc  $01:A0F0: 4A       LSR
f92     c2711303     i44331379    A:20 X:01 Y:04 S:DB P:nVUbdIzc  $01:A0F1: 26 3F    ROL $3F = #$00
f92     c2711308     i44331380    A:20 X:01 Y:04 S:DB P:nVUbdIZc  $01:A0F3: 29 01    AND #$01
f92     c2711310     i44331381    A:00 X:01 Y:04 S:DB P:nVUbdIZc  $01:A0F5: 05 3F    ORA $3F = #$00
f92     c2711313     i44331382    A:00 X:01 Y:04 S:DB P:nVUbdIZc  $01:A0F7: 85 3F    STA $3F = #$00
f92     c2711316     i44331383    A:00 X:01 Y:04 S:DB P:nVUbdIZc  $01:A0F9: 88       DEY
f92     c2711318     i44331384    A:00 X:01 Y:03 S:DB P:nVUbdIzc  $01:A0FA: D0 F1    BNE $A0ED
f92     c2711321     i44331385    A:00 X:01 Y:03 S:DB P:nVUbdIzc  $01:A0ED: BD 15 40 LDA $4015,X @ $4016 = #$00
f92     c2711325     i44331386    A:40 X:01 Y:03 S:DB P:nVUbdIzc  $01:A0F0: 4A       LSR
f92     c2711327     i44331387    A:20 X:01 Y:03 S:DB P:nVUbdIzc  $01:A0F1: 26 3F    ROL $3F = #$00
f92     c2711332     i44331388    A:20 X:01 Y:03 S:DB P:nVUbdIZc  $01:A0F3: 29 01    AND #$01
f92     c2711334     i44331389    A:00 X:01 Y:03 S:DB P:nVUbdIZc  $01:A0F5: 05 3F    ORA $3F = #$00
f92     c2711337     i44331390    A:00 X:01 Y:03 S:DB P:nVUbdIZc  $01:A0F7: 85 3F    STA $3F = #$00
f92     c2711340     i44331391    A:00 X:01 Y:03 S:DB P:nVUbdIZc  $01:A0F9: 88       DEY
f92     c2711342     i44331392    A:00 X:01 Y:02 S:DB P:nVUbdIzc  $01:A0FA: D0 F1    BNE $A0ED
f92     c2711345     i44331393    A:00 X:01 Y:02 S:DB P:nVUbdIzc  $01:A0ED: BD 15 40 LDA $4015,X @ $4016 = #$00
f92     c2711349     i44331394    A:40 X:01 Y:02 S:DB P:nVUbdIzc  $01:A0F0: 4A       LSR
f96     c2830127     i44369373    A:00 X:02 Y:06 S:DB P:nVUbdIzc  $01:A0ED: BD 15 40 LDA $4015,X @ $4017 = #$01
f96     c2830131     i44369374    A:40 X:02 Y:06 S:DB P:nVUbdIzc  $01:A0F0: 4A       LSR
f96     c2830133     i44369375    A:20 X:02 Y:06 S:DB P:nVUbdIzc  $01:A0F1: 26 3F    ROL $3F = #$00
f96     c2830138     i44369376    A:20 X:02 Y:06 S:DB P:nVUbdIZc  $01:A0F3: 29 01    AND #$01
f96     c2830140     i44369377    A:00 X:02 Y:06 S:DB P:nVUbdIZc  $01:A0F5: 05 3F    ORA $3F = #$00
f96     c2830143     i44369378    A:00 X:02 Y:06 S:DB P:nVUbdIZc  $01:A0F7: 85 3F    STA $3F = #$00
f96     c2830146     i44369379    A:00 X:02 Y:06 S:DB P:nVUbdIZc  $01:A0F9: 88       DEY
f96     c2830148     i44369380    A:00 X:02 Y:05 S:DB P:nVUbdIzc  $01:A0FA: D0 F1    BNE $A0ED
f96     c2830151     i44369381    A:00 X:02 Y:05 S:DB P:nVUbdIzc  $01:A0ED: BD 15 40 LDA $4015,X @ $4017 = #$01
f96     c2830155     i44369382    A:40 X:02 Y:05 S:DB P:nVUbdIzc  $01:A0F0: 4A       LSR
f96     c2830157     i44369383    A:20 X:02 Y:05 S:DB P:nVUbdIzc  $01:A0F1: 26 3F    ROL $3F = #$00
f96     c2830162     i44369384    A:20 X:02 Y:05 S:DB P:nVUbdIZc  $01:A0F3: 29 01    AND #$01
f96     c2830164     i44369385    A:00 X:02 Y:05 S:DB P:nVUbdIZc  $01:A0F5: 05 3F    ORA $3F = #$00
f96     c2830167     i44369386    A:00 X:02 Y:05 S:DB P:nVUbdIZc  $01:A0F7: 85 3F    STA $3F = #$00
f96     c2830170     i44369387    A:00 X:02 Y:05 S:DB P:nVUbdIZc  $01:A0F9: 88       DEY
f96     c2830172     i44369388    A:00 X:02 Y:04 S:DB P:nVUbdIzc  $01:A0FA: D0 F1    BNE $A0ED
f96     c2830175     i44369389    A:00 X:02 Y:04 S:DB P:nVUbdIzc  $01:A0ED: BD 15 40 LDA $4015,X @ $4017 = #$01
f96     c2830179     i44369390    A:40 X:02 Y:04 S:DB P:nVUbdIzc  $01:A0F0: 4A       LSR
f96     c2830181     i44369391    A:20 X:02 Y:04 S:DB P:nVUbdIzc  $01:A0F1: 26 3F    ROL $3F = #$00
f96     c2830186     i44369392    A:20 X:02 Y:04 S:DB P:nVUbdIZc  $01:A0F3: 29 01    AND #$01
f96     c2830188     i44369393    A:00 X:02 Y:04 S:DB P:nVUbdIZc  $01:A0F5: 05 3F    ORA $3F = #$00
f96     c2830191     i44369394    A:00 X:02 Y:04 S:DB P:nVUbdIZc  $01:A0F7: 85 3F    STA $3F = #$00
f96     c2830194     i44369395    A:00 X:02 Y:04 S:DB P:nVUbdIZc  $01:A0F9: 88       DEY
f96     c2830196     i44369396    A:00 X:02 Y:03 S:DB P:nVUbdIzc  $01:A0FA: D0 F1    BNE $A0ED
f96     c2830199     i44369397    A:00 X:02 Y:03 S:DB P:nVUbdIzc  $01:A0ED: BD 15 40 LDA $4015,X @ $4017 = #$01
f96     c2830203     i44369398    A:40 X:02 Y:03 S:DB P:nVUbdIzc  $01:A0F0: 4A       LSR
f96     c2830205     i44369399    A:20 X:02 Y:03 S:DB P:nVUbdIzc  $01:A0F1: 26 3F    ROL $3F = #$00
f96     c2830210     i44369400    A:20 X:02 Y:03 S:DB P:nVUbdIZc  $01:A0F3: 29 01    AND #$01
f96     c2830212     i44369401    A:00 X:02 Y:03 S:DB P:nVUbdIZc  $01:A0F5: 05 3F    ORA $3F = #$00
f96     c2830215     i44369402    A:00 X:02 Y:03 S:DB P:nVUbdIZc  $01:A0F7: 85 3F    STA $3F = #$00
f96     c2830218     i44369403    A:00 X:02 Y:03 S:DB P:nVUbdIZc  $01:A0F9: 88       DEY
f96     c2830220     i44369404    A:00 X:02 Y:02 S:DB P:nVUbdIzc  $01:A0FA: D0 F1    BNE $A0ED
f96     c2830223     i44369405    A:00 X:02 Y:02 S:DB P:nVUbdIzc  $01:A0ED: BD 15 40 LDA $4015,X @ $4017 = #$01
f96     c2830227     i44369406    A:40 X:02 Y:02 S:DB P:nVUbdIzc  $01:A0F0: 4A       LSR
f96     c2830229     i44369407    A:20 X:02 Y:02 S:DB P:nVUbdIzc  $01:A0F1: 26 3F    ROL $3F = #$00
f96     c2830234     i44369408    A:20 X:02 Y:02 S:DB P:nVUbdIZc  $01:A0F3: 29 01    AND #$01
f96     c2830236     i44369409    A:00 X:02 Y:02 S:DB P:nVUbdIZc  $01:A0F5: 05 3F    ORA $3F = #$00
f96     c2830239     i44369410    A:00 X:02 Y:02 S:DB P:nVUbdIZc  $01:A0F7: 85 3F    STA $3F = #$00
f96     c2830242     i44369411    A:00 X:02 Y:02 S:DB P:nVUbdIZc  $01:A0F9: 88       DEY
f96     c2830244     i44369412    A:00 X:02 Y:01 S:DB P:nVUbdIzc  $01:A0FA: D0 F1    BNE $A0ED
f96     c2830247     i44369413    A:00 X:02 Y:01 S:DB P:nVUbdIzc  $01:A0ED: BD 15 40 LDA $4015,X @ $4017 = #$01
f96     c2830251     i44369414    A:40 X:02 Y:01 S:DB P:nVUbdIzc  $01:A0F0: 4A       LSR
f97     c2858969     i44378764    A:40 X:19 Y:00 S:E0 P:nvUbdizC  $00:9F04: A5 1B    LDA $1B = #$40
f97     c2858972     i44378765    A:40 X:19 Y:00 S:E0 P:nvUbdizC  $00:9F06: 10 FC    BPL $9F04
f97     c2858975     i44378766    A:40 X:19 Y:00 S:E0 P:nvUbdizC  $00:9F04: A5 1B    LDA $1B = #$40
f97     c2858978     i44378767    A:40 X:19 Y:00 S:E0 P:nvUbdizC  $00:9F06: 10 FC    BPL $9F04
f97     c2858981     i44378768    A:40 X:19 Y:00 S:E0 P:nvUbdizC  $00:9F04: A5 1B    LDA $1B = #$40
f97     c2858984     i44378769    A:40 X:19 Y:00 S:E0 P:nvUbdizC  $00:9F06: 10 FC    BPL $9F04
f97     c2858987     i44378770    A:40 X:19 Y:00 S:E0 P:nvUbdizC  $00:9F04: A5 1B    LDA $1B = #$40
f97     c2858990     i44378771    A:40 X:19 Y:00 S:E0 P:nvUbdizC  $00:9F06: 10 FC    BPL $9F04
f97     c2858993     i44378772    A:40 X:19 Y:00 S:E0 P:nvUbdizC  $00:9F04: A5 1B    LDA $1B = #$40
f97     c2858996     i44378773    A:40 X:19 Y:00 S:E0 P:nvUbdizC  $00:9F06: 10 FC    BPL $9F04
f97     c2858999     i44378774    A:40 X:19 Y:00 S:E0 P:nvUbdizC  $00:9F04: A5 1B    LDA $1B = #$40
f97     c2859002     i44378775    A:40 X:19 Y:00 S:E0 P:nvUbdizC  $00:9F06: 10 FC    BPL $9F04
f97     c2859005     i44378776    A:40 X:19 Y:00 S:E0 P:nvUbdizC  $00:9F04: A5 1B    LDA $1B = #$40
f97     c2859008     i44378777    A:40 X:19 Y:00 S:E0 P:nvUbdizC  $00:9F06: 10 FC    BPL $9F04
f97     c2859011     i44378778    A:40 X:19 Y:00 S:E0 P:nvUbdizC  $00:9F04: A5 1B    LDA $1B = #$40
f97     c2859014     i44378779    A:40 X:19 Y:00 S:E0 P:nvUbdizC  $00:9F06: 10 FC    BPL $9F04
f97     c2859017     i44378780    A:40 X:19 Y:00 S:E0 P:nvUbdizC  $00:9F04: A5 1B    LDA $1B = #$40
f97     c2859020     i44378781    A:40 X:19 Y:00 S:E0 P:nvUbdizC  $00:9F06: 10 FC    BPL $9F04
f97     c2859023     i44378782    A:40 X:19 Y:00 S:E0 P:nvUbdizC  $00:9F04: A5 1B    LDA $1B = #$40
f97     c2859026     i44378783    A:40 X:19 Y:00 S:E0 P:nvUbdizC  $00:9F06: 10 FC    BPL $9F04
f97     c2859029     i44378784    A:40 X:19 Y:00 S:E0 P:nvUbdizC  $00:9F04: A5 1B    LDA $1B = #$40
f97     c2859032     i44378785    A:40 X:19 Y:00 S:E0 P:nvUbdizC  $00:9F06: 10 FC    BPL $9F04
f97     c2859035     i44378786    A:40 X:19 Y:00 S:E0 P:nvUbdizC  $00:9F04: A5 1B    LDA $1B = #$40
f97     c2859038     i44378787    A:40 X:19 Y:00 S:E0 P:nvUbdizC  $00:9F06: 10 FC    BPL $9F04
f97     c2859041     i44378788    A:40 X:19 Y:00 S:E0 P:nvUbdizC  $00:9F04: A5 1B    LDA $1B = #$40
f97     c2859044     i44378789    A:40 X:19 Y:00 S:E0 P:nvUbdizC  $00:9F06: 10 FC    BPL $9F04
f97     c2859054     i44378790    A:40 X:19 Y:00 S:DD P:nvUbdIzC  $0F:C500: 4C 6E C7 JMP $C76E
f97     c2859057     i44378791    A:40 X:19 Y:00 S:DD P:nvUbdIzC  $0F:C76E: 24 1B    BIT $1B = #$40
f97     c2859060     i44378792    A:40 X:19 Y:00 S:DD P:nVUbdIzC  $0F:C770: 50 03    BVC $C775
f97     c2859062     i44378793    A:40 X:19 Y:00 S:DD P:nVUbdIzC  $0F:C772: 4C 21 C4 JMP $C421
f97     c2859065     i44378794    A:40 X:19 Y:00 S:DD P:nVUbdIzC  $0F:C421: 24 3B    BIT $3B = #$55
f97     c2859068     i44378795    A:40 X:19 Y:00 S:DD P:nVUbdIzC  $0F:C423: 30 4D    BMI $C472
f97     c2859070     i44378796    A:40 X:19 Y:00 S:DD P:nVUbdIzC  $0F:C425: 38       SEC
f97     c2859072     i44378797    A:40 X:19 Y:00 S:DD P:nVUbdIzC  $0F:C426: 66 3B    ROR $3B = #$55
f97     c2859077     i44378798    A:40 X:19 Y:00 S:DD P:NVUbdIzC  $0F:C428: 85 3C    STA $3C = #$40
f97     c2859080     i44378799    A:40 X:19 Y:00 S:DD P:NVUbdIzC  $0F:C42A: 86 3D    STX $3D = #$19
f97     c2859083     i44378800    A:40 X:19 Y:00 S:DD P:NVUbdIzC  $0F:C42C: 84 3E    STY $3E = #$00
f97     c2859086     i44378801    A:40 X:19 Y:00 S:DD P:NVUbdIzC  $0F:C42E: A5 22    LDA $22 = #$00
f97     c2859089     i44378802    A:00 X:19 Y:00 S:DD P:nVUbdIZC  $0F:C430: 09 07    ORA #$07
f97     c2859091     i44378803    A:07 X:19 Y:00 S:DD P:nVUbdIzC  $0F:C432: 8D 00 80 STA $8000 = #$A5
f97     c2859095     i44378804    A:07 X:19 Y:00 S:DD P:nVUbdIzC  $0F:C435: A9 02    LDA #$02
f97     c2859097     i44378805    A:02 X:19 Y:00 S:DD P:nVUbdIzC  $0F:C437: 8D 01 80 STA $8001 = #$27
f103    c3037655     i44435904    A:40 X:19 Y:00 S:E0 P:nvUbdizC  $00:9F04: A5 1B    LDA $1B = #$40
f103    c3037658     i44435905    A:40 X:19 Y:00 S:E0 P:nvUbdizC  $00:9F06: 10 FC    BPL $9F04
f103    c3037661     i44435906    A:40 X:19 Y:00 S:E0 P:nvUbdizC  $00:9F04: A5 1B    LDA $1B = #$40
f103    c3037664     i44435907    A:40 X:19 Y:00 S:E0 P:nvUbdizC  $00:9F06: 10 FC    BPL $9F04
f103    c3037667     i44435908    A:40 X:19 Y:00 S:E0 P:nvUbdizC  $00:9F04: A5 1B    LDA $1B = #$40
f103    c3037670     i44435909    A:40 X:19 Y:00 S:E0 P:nvUbdizC  $00:9F06: 10 FC    BPL $9F04
f103    c3037673     i44435910    A:40 X:19 Y:00 S:E0 P:nvUbdizC  $00:9F04: A5 1B    LDA $1B = #$40
f103    c3037676     i44435911    A:40 X:19 Y:00 S:E0 P:nvUbdizC  $00:9F06: 10 FC    BPL $9F04
f103    c3037679     i44435912    A:40 X:19 Y:00 S:E0 P:nvUbdizC  $00:9F04: A5 1B    LDA $1B = #$40
f103    c3037682     i44435913    A:40 X:19 Y:00 S:E0 P:nvUbdizC  $00:9F06: 10 FC    BPL $9F04
f103    c3037685     i44435914    A:40 X:19 Y:00 S:E0 P:nvUbdizC  $00:9F04: A5 1B    LDA $1B = #$40
f103    c3037688     i44435915    A:40 X:19 Y:00 S:E0 P:nvUbdizC  $00:9F06: 10 FC    BPL $9F04
f103    c3037691     i44435916    A:40 X:19 Y:00 S:E0 P:nvUbdizC  $00:9F04: A5 1B    LDA $1B = #$40
f103    c3037694     i44435917    A:40 X:19 Y:00 S:E0 P:nvUbdizC  $00:9F06: 10 FC    BPL $9F04
f103    c3037697     i44435918    A:40 X:19 Y:00 S:E0 P:nvUbdizC  $00:9F04: A5 1B    LDA $1B = #$40
f103    c3037700     i44435919    A:40 X:19 Y:00 S:E0 P:nvUbdizC  $00:9F06: 10 FC    BPL $9F04
f103    c3037703     i44435920    A:40 X:19 Y:00 S:E0 P:nvUbdizC  $00:9F04: A5 1B    LDA $1B = #$40
f103    c3037706     i44435921    A:40 X:19 Y:00 S:E0 P:nvUbdizC  $00:9F06: 10 FC    BPL $9F04
f103    c3037709     i44435922    A:40 X:19 Y:00 S:E0 P:nvUbdizC  $00:9F04: A5 1B    LDA $1B = #$40
f103    c3037712     i44435923    A:40 X:19 Y:00 S:E0 P:nvUbdizC  $00:9F06: 10 FC    BPL $9F04
f103    c3037715     i44435924    A:40 X:19 Y:00 S:E0 P:nvUbdizC  $00:9F04: A5 1B    LDA $1B = #$40
f103    c3037718     i44435925    A:40 X:19 Y:00 S:E0 P:nvUbdizC  $00:9F06: 10 FC    BPL $9F04
f103    c3037721     i44435926    A:40 X:19 Y:00 S:E0 P:nvUbdizC  $00:9F04: A5 1B    LDA $1B = #$40
f103    c3037724     i44435927    A:40 X:19 Y:00 S:E0 P:nvUbdizC  $00:9F06: 10 FC    BPL $9F04
f103    c3037727     i44435928    A:40 X:19 Y:00 S:E0 P:nvUbdizC  $00:9F04: A5 1B    LDA $1B = #$40
f103    c3037737     i44435929    A:40 X:19 Y:00 S:DD P:nvUbdIzC  $0F:C500: 4C 6E C7 JMP $C76E
f103    c3037740     i44435930    A:40 X:19 Y:00 S:DD P:nvUbdIzC  $0F:C76E: 24 1B    BIT $1B = #$40
f103    c3037743     i44435931    A:40 X:19 Y:00 S:DD P:nVUbdIzC  $0F:C770: 50 03    BVC $C775
f103    c3037745     i44435932    A:40 X:19 Y:00 S:DD P:nVUbdIzC  $0F:C772: 4C 21 C4 JMP $C421
f103    c3037748     i44435933    A:40 X:19 Y:00 S:DD P:nVUbdIzC  $0F:C421: 24 3B    BIT $3B = #$55
f103    c3037751     i44435934    A:40 X:19 Y:00 S:DD P:nVUbdIzC  $0F:C423: 30 4D    BMI $C472
f103    c3037753     i44435935    A:40 X:19 Y:00 S:DD P:nVUbdIzC  $0F:C425: 38       SEC
f103    c3037755     i44435936    A:40 X:19 Y:00 S:DD P:nVUbdIzC  $0F:C426: 66 3B    ROR $3B = #$55
f103    c3037760     i44435937    A:40 X:19 Y:00 S:DD P:NVUbdIzC  $0F:C428: 85 3C    STA $3C = #$40
f103    c3037763     i44435938    A:40 X:19 Y:00 S:DD P:NVUbdIzC  $0F:C42A: 86 3D    STX $3D = #$19
f103    c3037766     i44435939    A:40 X:19 Y:00 S:DD P:NVUbdIzC  $0F:C42C: 84 3E    STY $3E = #$00
f103    c3037769     i44435940    A:40 X:19 Y:00 S:DD P:NVUbdIzC  $0F:C42E: A5 22    LDA $22 = #$00
f103    c3037772     i44435941    A:00 X:19 Y:00 S:DD P:nVUbdIZC  $0F:C430: 09 07    ORA #$07
f103    c3037774     i44435942    A:07 X:19 Y:00 S:DD P:nVUbdIzC  $0F:C432: 8D 00 80 STA $8000 = #$A5
f103    c3037778     i44435943    A:07 X:19 Y:00 S:DD P:nVUbdIzC  $0F:C435: A9 02    LDA #$02
f103    c3037780     i44435944    A:02 X:19 Y:00 S:DD P:nVUbdIzC  $0F:C437: 8D 01 80 STA $8001 = #$27
f103    c3037784     i44435945    A:02 X:19 Y:00 S:DD P:nVUbdIzC  $0F:C43A: 20 00 A0 JSR $A000
f104    c3068591     i44445631    A:00 X:01 Y:07 S:DB P:nVUbdIzc  $01:A0ED: BD 15 40 LDA $4015,X @ $4016 = #$00
f104    c3068595     i44445632    A:40 X:01 Y:07 S:DB P:nVUbdIzc  $01:A0F0: 4A       LSR
f104    c3068597     i44445633    A:20 X:01 Y:07 S:DB P:nVUbdIzc  $01:A0F1: 26 3F    ROL $3F = #$00
f104    c3068602     i44445634    A:20 X:01 Y:07 S:DB P:nVUbdIZc  $01:A0F3: 29 01    AND #$01
f104    c3068604     i44445635    A:00 X:01 Y:07 S:DB P:nVUbdIZc  $01:A0F5: 05 3F    ORA $3F = #$00
f104    c3068607     i44445636    A:00 X:01 Y:07 S:DB P:nVUbdIZc  $01:A0F7: 85 3F    STA $3F = #$00
f104    c3068610     i44445637    A:00 X:01 Y:07 S:DB P:nVUbdIZc  $01:A0F9: 88       DEY
f104    c3068612     i44445638    A:00 X:01 Y:06 S:DB P:nVUbdIzc  $01:A0FA: D0 F1    BNE $A0ED
f104    c3068615     i44445639    A:00 X:01 Y:06 S:DB P:nVUbdIzc  $01:A0ED: BD 15 40 LDA $4015,X @ $4016 = #$00
f104    c3068619     i44445640    A:40 X:01 Y:06 S:DB P:nVUbdIzc  $01:A0F0: 4A       LSR
f104    c3068621     i44445641    A:20 X:01 Y:06 S:DB P:nVUbdIzc  $01:A0F1: 26 3F    ROL $3F = #$00
f104    c3068626     i44445642    A:20 X:01 Y:06 S:DB P:nVUbdIZc  $01:A0F3: 29 01    AND #$01
f104    c3068628     i44445643    A:00 X:01 Y:06 S:DB P:nVUbdIZc  $01:A0F5: 05 3F    ORA $3F = #$00
f104    c3068631     i44445644    A:00 X:01 Y:06 S:DB P:nVUbdIZc  $01:A0F7: 85 3F    STA $3F = #$00
f104    c3068634     i44445645    A:00 X:01 Y:06 S:DB P:nVUbdIZc  $01:A0F9: 88       DEY
f104    c3068636     i44445646    A:00 X:01 Y:05 S:DB P:nVUbdIzc  $01:A0FA: D0 F1    BNE $A0ED
f104    c3068639     i44445647    A:00 X:01 Y:05 S:DB P:nVUbdIzc  $01:A0ED: BD 15 40 LDA $4015,X @ $4016 = #$00
f104    c3068643     i44445648    A:40 X:01 Y:05 S:DB P:nVUbdIzc  $01:A0F0: 4A       LSR
f104    c3068645     i44445649    A:20 X:01 Y:05 S:DB P:nVUbdIzc  $01:A0F1: 26 3F    ROL $3F = #$00
f104    c3068650     i44445650    A:20 X:01 Y:05 S:DB P:nVUbdIZc  $01:A0F3: 29 01    AND #$01
f104    c3068652     i44445651    A:00 X:01 Y:05 S:DB P:nVUbdIZc  $01:A0F5: 05 3F    ORA $3F = #$00
f104    c3068655     i44445652    A:00 X:01 Y:05 S:DB P:nVUbdIZc  $01:A0F7: 85 3F    STA $3F = #$00
f104    c3068658     i44445653    A:00 X:01 Y:05 S:DB P:nVUbdIZc  $01:A0F9: 88       DEY
f104    c3068660     i44445654    A:00 X:01 Y:04 S:DB P:nVUbdIzc  $01:A0FA: D0 F1    BNE $A0ED
f104    c3068663     i44445655    A:00 X:01 Y:04 S:DB P:nVUbdIzc  $01:A0ED: BD 15 40 LDA $4015,X @ $4016 = #$00
f104    c3068667     i44445656    A:40 X:01 Y:04 S:DB P:nVUbdIzc  $01:A0F0: 4A       LSR
f104    c3068669     i44445657    A:20 X:01 Y:04 S:DB P:nVUbdIzc  $01:A0F1: 26 3F    ROL $3F = #$00
f104    c3068674     i44445658    A:20 X:01 Y:04 S:DB P:nVUbdIZc  $01:A0F3: 29 01    AND #$01
f104    c3068676     i44445659    A:00 X:01 Y:04 S:DB P:nVUbdIZc  $01:A0F5: 05 3F    ORA $3F = #$00
f104    c3068679     i44445660    A:00 X:01 Y:04 S:DB P:nVUbdIZc  $01:A0F7: 85 3F    STA $3F = #$00
f104    c3068682     i44445661    A:00 X:01 Y:04 S:DB P:nVUbdIZc  $01:A0F9: 88       DEY
f104    c3068684     i44445662    A:00 X:01 Y:03 S:DB P:nVUbdIzc  $01:A0FA: D0 F1    BNE $A0ED
f104    c3068687     i44445663    A:00 X:01 Y:03 S:DB P:nVUbdIzc  $01:A0ED: BD 15 40 LDA $4015,X @ $4016 = #$00
f104    c3068691     i44445664    A:40 X:01 Y:03 S:DB P:nVUbdIzc  $01:A0F0: 4A       LSR
f104    c3068693     i44445665    A:20 X:01 Y:03 S:DB P:nVUbdIzc  $01:A0F1: 26 3F    ROL $3F = #$00
f104    c3068698     i44445666    A:20 X:01 Y:03 S:DB P:nVUbdIZc  $01:A0F3: 29 01    AND #$01
f104    c3068700     i44445667    A:00 X:01 Y:03 S:DB P:nVUbdIZc  $01:A0F5: 05 3F    ORA $3F = #$00
f104    c3068703     i44445668    A:00 X:01 Y:03 S:DB P:nVUbdIZc  $01:A0F7: 85 3F    STA $3F = #$00
f104    c3068706     i44445669    A:00 X:01 Y:03 S:DB P:nVUbdIZc  $01:A0F9: 88       DEY
f104    c3068708     i44445670    A:00 X:01 Y:02 S:DB P:nVUbdIzc  $01:A0FA: D0 F1    BNE $A0ED
f104    c3068711     i44445671    A:00 X:01 Y:02 S:DB P:nVUbdIzc  $01:A0ED: BD 15 40 LDA $4015,X @ $4016 = #$00
f104    c3068715     i44445672    A:40 X:01 Y:02 S:DB P:nVUbdIzc  $01:A0F0: 4A       LSR
f108    c3187493     i44483651    A:00 X:02 Y:06 S:DB P:nVUbdIzc  $01:A0ED: BD 15 40 LDA $4015,X @ $4017 = #$01
f108    c3187497     i44483652    A:40 X:02 Y:06 S:DB P:nVUbdIzc  $01:A0F0: 4A       LSR
f108    c3187499     i44483653    A:20 X:02 Y:06 S:DB P:nVUbdIzc  $01:A0F1: 26 3F    ROL $3F = #$00
f108    c3187504     i44483654    A:20 X:02 Y:06 S:DB P:nVUbdIZc  $01:A0F3: 29 01    AND #$01
f108    c3187506     i44483655    A:00 X:02 Y:06 S:DB P:nVUbdIZc  $01:A0F5: 05 3F    ORA $3F = #$00
f108    c3187509     i44483656    A:00 X:02 Y:06 S:DB P:nVUbdIZc  $01:A0F7: 85 3F    STA $3F = #$00
f108    c3187512     i44483657    A:00 X:02 Y:06 S:DB P:nVUbdIZc  $01:A0F9: 88       DEY
f108    c3187514     i44483658    A:00 X:02 Y:05 S:DB P:nVUbdIzc  $01:A0FA: D0 F1    BNE $A0ED
f108    c3187517     i44483659    A:00 X:02 Y:05 S:DB P:nVUbdIzc  $01:A0ED: BD 15 40 LDA $4015,X @ $4017 = #$01
f108    c3187521     i44483660    A:40 X:02 Y:05 S:DB P:nVUbdIzc  $01:A0F0: 4A       LSR
f108    c3187523     i44483661    A:20 X:02 Y:05 S:DB P:nVUbdIzc  $01:A0F1: 26 3F    ROL $3F = #$00
f108    c3187528     i44483662    A:20 X:02 Y:05 S:DB P:nVUbdIZc  $01:A0F3: 29 01    AND #$01
f108    c3187530     i44483663    A:00 X:02 Y:05 S:DB P:nVUbdIZc  $01:A0F5: 05 3F    ORA $3F = #$00
f108    c3187533     i44483664    A:00 X:02 Y:05 S:DB P:nVUbdIZc  $01:A0F7: 85 3F    STA $3F = #$00
f108    c3187536     i44483665    A:00 X:02 Y:05 S:DB P:nVUbdIZc  $01:A0F9: 88       DEY
f108    c3187538     i44483666    A:00 X:02 Y:04 S:DB P:nVUbdIzc  $01:A0FA: D0 F1    BNE $A0ED
f108    c3187541     i44483667    A:00 X:02 Y:04 S:DB P:nVUbdIzc  $01:A0ED: BD 15 40 LDA $4015,X @ $4017 = #$01
f108    c3187545     i44483668    A:40 X:02 Y:04 S:DB P:nVUbdIzc  $01:A0F0: 4A       LSR
f108    c3187547     i44483669    A:20 X:02 Y:04 S:DB P:nVUbdIzc  $01:A0F1: 26 3F    ROL $3F = #$00
f108    c3187552     i44483670    A:20 X:02 Y:04 S:DB P:nVUbdIZc  $01:A0F3: 29 01    AND #$01
f108    c3187554     i44483671    A:00 X:02 Y:04 S:DB P:nVUbdIZc  $01:A0F5: 05 3F    ORA $3F = #$00
f108    c3187557     i44483672    A:00 X:02 Y:04 S:DB P:nVUbdIZc  $01:A0F7: 85 3F    STA $3F = #$00
f108    c3187560     i44483673    A:00 X:02 Y:04 S:DB P:nVUbdIZc  $01:A0F9: 88       DEY
f108    c3187562     i44483674    A:00 X:02 Y:03 S:DB P:nVUbdIzc  $01:A0FA: D0 F1    BNE $A0ED
f108    c3187565     i44483675    A:00 X:02 Y:03 S:DB P:nVUbdIzc  $01:A0ED: BD 15 40 LDA $4015,X @ $4017 = #$01
f108    c3187569     i44483676    A:40 X:02 Y:03 S:DB P:nVUbdIzc  $01:A0F0: 4A       LSR
f108    c3187571     i44483677    A:20 X:02 Y:03 S:DB P:nVUbdIzc  $01:A0F1: 26 3F    ROL $3F = #$00
f108    c3187576     i44483678    A:20 X:02 Y:03 S:DB P:nVUbdIZc  $01:A0F3: 29 01    AND #$01
f108    c3187578     i44483679    A:00 X:02 Y:03 S:DB P:nVUbdIZc  $01:A0F5: 05 3F    ORA $3F = #$00
f108    c3187581     i44483680    A:00 X:02 Y:03 S:DB P:nVUbdIZc  $01:A0F7: 85 3F    STA $3F = #$00
f108    c3187584     i44483681    A:00 X:02 Y:03 S:DB P:nVUbdIZc  $01:A0F9: 88       DEY
f108    c3187586     i44483682    A:00 X:02 Y:02 S:DB P:nVUbdIzc  $01:A0FA: D0 F1    BNE $A0ED
f108    c3187589     i44483683    A:00 X:02 Y:02 S:DB P:nVUbdIzc  $01:A0ED: BD 15 40 LDA $4015,X @ $4017 = #$01
f108    c3187593     i44483684    A:40 X:02 Y:02 S:DB P:nVUbdIzc  $01:A0F0: 4A       LSR
f108    c3187595     i44483685    A:20 X:02 Y:02 S:DB P:nVUbdIzc  $01:A0F1: 26 3F    ROL $3F = #$00
f108    c3187600     i44483686    A:20 X:02 Y:02 S:DB P:nVUbdIZc  $01:A0F3: 29 01    AND #$01
f108    c3187602     i44483687    A:00 X:02 Y:02 S:DB P:nVUbdIZc  $01:A0F5: 05 3F    ORA $3F = #$00
f108    c3187605     i44483688    A:00 X:02 Y:02 S:DB P:nVUbdIZc  $01:A0F7: 85 3F    STA $3F = #$00
f108    c3187608     i44483689    A:00 X:02 Y:02 S:DB P:nVUbdIZc  $01:A0F9: 88       DEY
f108    c3187610     i44483690    A:00 X:02 Y:01 S:DB P:nVUbdIzc  $01:A0FA: D0 F1    BNE $A0ED
f108    c3187613     i44483691    A:00 X:02 Y:01 S:DB P:nVUbdIzc  $01:A0ED: BD 15 40 LDA $4015,X @ $4017 = #$01
f108    c3187617     i44483692    A:40 X:02 Y:01 S:DB P:nVUbdIzc  $01:A0F0: 4A       LSR
f109    c3216335     i44493042    A:40 X:19 Y:00 S:E0 P:nvUbdizC  $00:9F04: A5 1B    LDA $1B = #$40
f109    c3216338     i44493043    A:40 X:19 Y:00 S:E0 P:nvUbdizC  $00:9F06: 10 FC    BPL $9F04
f109    c3216341     i44493044    A:40 X:19 Y:00 S:E0 P:nvUbdizC  $00:9F04: A5 1B    LDA $1B = #$40
f109    c3216344     i44493045    A:40 X:19 Y:00 S:E0 P:nvUbdizC  $00:9F06: 10 FC    BPL $9F04
f109    c3216347     i44493046    A:40 X:19 Y:00 S:E0 P:nvUbdizC  $00:9F04: A5 1B    LDA $1B = #$40
f109    c3216350     i44493047    A:40 X:19 Y:00 S:E0 P:nvUbdizC  $00:9F06: 10 FC    BPL $9F04
f109    c3216353     i44493048    A:40 X:19 Y:00 S:E0 P:nvUbdizC  $00:9F04: A5 1B    LDA $1B = #$40
f109    c3216356     i44493049    A:40 X:19 Y:00 S:E0 P:nvUbdizC  $00:9F06: 10 FC    BPL $9F04
f109    c3216359     i44493050    A:40 X:19 Y:00 S:E0 P:nvUbdizC  $00:9F04: A5 1B    LDA $1B = #$40
f109    c3216362     i44493051    A:40 X:19 Y:00 S:E0 P:nvUbdizC  $00:9F06: 10 FC    BPL $9F04
f109    c3216365     i44493052    A:40 X:19 Y:00 S:E0 P:nvUbdizC  $00:9F04: A5 1B    LDA $1B = #$40
f109    c3216368     i44493053    A:40 X:19 Y:00 S:E0 P:nvUbdizC  $00:9F06: 10 FC    BPL $9F04
f109    c3216371     i44493054    A:40 X:19 Y:00 S:E0 P:nvUbdizC  $00:9F04: A5 1B    LDA $1B = #$40
f109    c3216374     i44493055    A:40 X:19 Y:00 S:E0 P:nvUbdizC  $00:9F06: 10 FC    BPL $9F04
f109    c3216377     i44493056    A:40 X:19 Y:00 S:E0 P:nvUbdizC  $00:9F04: A5 1B    LDA $1B = #$40
f109    c3216380     i44493057    A:40 X:19 Y:00 S:E0 P:nvUbdizC  $00:9F06: 10 FC    BPL $9F04
f109    c3216383     i44493058    A:40 X:19 Y:00 S:E0 P:nvUbdizC  $00:9F04: A5 1B    LDA $1B = #$40
f109    c3216386     i44493059    A:40 X:19 Y:00 S:E0 P:nvUbdizC  $00:9F06: 10 FC    BPL $9F04
f109    c3216389     i44493060    A:40 X:19 Y:00 S:E0 P:nvUbdizC  $00:9F04: A5 1B    LDA $1B = #$40
f109    c3216392     i44493061    A:40 X:19 Y:00 S:E0 P:nvUbdizC  $00:9F06: 10 FC    BPL $9F04
f109    c3216395     i44493062    A:40 X:19 Y:00 S:E0 P:nvUbdizC  $00:9F04: A5 1B    LDA $1B = #$40
f109    c3216398     i44493063    A:40 X:19 Y:00 S:E0 P:nvUbdizC  $00:9F06: 10 FC    BPL $9F04
f109    c3216401     i44493064    A:40 X:19 Y:00 S:E0 P:nvUbdizC  $00:9F04: A5 1B    LDA $1B = #$40
f109    c3216404     i44493065    A:40 X:19 Y:00 S:E0 P:nvUbdizC  $00:9F06: 10 FC    BPL $9F04
f109    c3216407     i44493066    A:40 X:19 Y:00 S:E0 P:nvUbdizC  $00:9F04: A5 1B    LDA $1B = #$40
f109    c3216410     i44493067    A:40 X:19 Y:00 S:E0 P:nvUbdizC  $00:9F06: 10 FC    BPL $9F04
f109    c3216420     i44493068    A:40 X:19 Y:00 S:DD P:nvUbdIzC  $0F:C500: 4C 6E C7 JMP $C76E
f109    c3216423     i44493069    A:40 X:19 Y:00 S:DD P:nvUbdIzC  $0F:C76E: 24 1B    BIT $1B = #$40
f109    c3216426     i44493070    A:40 X:19 Y:00 S:DD P:nVUbdIzC  $0F:C770: 50 03    BVC $C775
f109    c3216428     i44493071    A:40 X:19 Y:00 S:DD P:nVUbdIzC  $0F:C772: 4C 21 C4 JMP $C421
f109    c3216431     i44493072    A:40 X:19 Y:00 S:DD P:nVUbdIzC  $0F:C421: 24 3B    BIT $3B = #$55
f109    c3216434     i44493073    A:40 X:19 Y:00 S:DD P:nVUbdIzC  $0F:C423: 30 4D    BMI $C472
f109    c3216436     i44493074    A:40 X:19 Y:00 S:DD P:nVUbdIzC  $0F:C425: 38       SEC
f109    c3216438     i44493075    A:40 X:19 Y:00 S:DD P:nVUbdIzC  $0F:C426: 66 3B    ROR $3B = #$55
f109    c3216443     i44493076    A:40 X:19 Y:00 S:DD P:NVUbdIzC  $0F:C428: 85 3C    STA $3C = #$40
f109    c3216446     i44493077    A:40 X:19 Y:00 S:DD P:NVUbdIzC  $0F:C42A: 86 3D    STX $3D = #$19
f109    c3216449     i44493078    A:40 X:19 Y:00 S:DD P:NVUbdIzC  $0F:C42C: 84 3E    STY $3E = #$00
f109    c3216452     i44493079    A:40 X:19 Y:00 S:DD P:NVUbdIzC  $0F:C42E: A5 22    LDA $22 = #$00
f109    c3216455     i44493080    A:00 X:19 Y:00 S:DD P:nVUbdIZC  $0F:C430: 09 07    ORA #$07
f109    c3216457     i44493081    A:07 X:19 Y:00 S:DD P:nVUbdIzC  $0F:C432: 8D 00 80 STA $8000 = #$A5
f109    c3216461     i44493082    A:07 X:19 Y:00 S:DD P:nVUbdIzC  $0F:C435: A9 02    LDA #$02
f109    c3216463     i44493083    A:02 X:19 Y:00 S:DD P:nVUbdIzC  $0F:C437: 8D 01 80 STA $8001 = #$27
f115    c3395021     i44550182    A:40 X:19 Y:00 S:E0 P:nvUbdizC  $00:9F04: A5 1B    LDA $1B = #$40
f115    c3395024     i44550183    A:40 X:19 Y:00 S:E0 P:nvUbdizC  $00:9F06: 10 FC    BPL $9F04
f115    c3395027     i44550184    A:40 X:19 Y:00 S:E0 P:nvUbdizC  $00:9F04: A5 1B    LDA $1B = #$40
f115    c3395030     i44550185    A:40 X:19 Y:00 S:E0 P:nvUbdizC  $00:9F06: 10 FC    BPL $9F04
f115    c3395033     i44550186    A:40 X:19 Y:00 S:E0 P:nvUbdizC  $00:9F04: A5 1B    LDA $1B = #$40
f115    c3395036     i44550187    A:40 X:19 Y:00 S:E0 P:nvUbdizC  $00:9F06: 10 FC    BPL $9F04
f115    c3395039     i44550188    A:40 X:19 Y:00 S:E0 P:nvUbdizC  $00:9F04: A5 1B    LDA $1B = #$40
f115    c3395042     i44550189    A:40 X:19 Y:00 S:E0 P:nvUbdizC  $00:9F06: 10 FC    BPL $9F04
f115    c3395045     i44550190    A:40 X:19 Y:00 S:E0 P:nvUbdizC  $00:9F04: A5 1B    LDA $1B = #$40
f115    c3395048     i44550191    A:40 X:19 Y:00 S:E0 P:nvUbdizC  $00:9F06: 10 FC    BPL $9F04
f115    c3395051     i44550192    A:40 X:19 Y:00 S:E0 P:nvUbdizC  $00:9F04: A5 1B    LDA $1B = #$40
f115    c3395054     i44550193    A:40 X:19 Y:00 S:E0 P:nvUbdizC  $00:9F06: 10 FC    BPL $9F04
f115    c3395057     i44550194    A:40 X:19 Y:00 S:E0 P:nvUbdizC  $00:9F04: A5 1B    LDA $1B = #$40
f115    c3395060     i44550195    A:40 X:19 Y:00 S:E0 P:nvUbdizC  $00:9F06: 10 FC    BPL $9F04
f115    c3395063     i44550196    A:40 X:19 Y:00 S:E0 P:nvUbdizC  $00:9F04: A5 1B    LDA $1B = #$40
f115    c3395066     i44550197    A:40 X:19 Y:00 S:E0 P:nvUbdizC  $00:9F06: 10 FC    BPL $9F04
f115    c3395069     i44550198    A:40 X:19 Y:00 S:E0 P:nvUbdizC  $00:9F04: A5 1B    LDA $1B = #$40
f115    c3395072     i44550199    A:40 X:19 Y:00 S:E0 P:nvUbdizC  $00:9F06: 10 FC    BPL $9F04
f115    c3395075     i44550200    A:40 X:19 Y:00 S:E0 P:nvUbdizC  $00:9F04: A5 1B    LDA $1B = #$40
f115    c3395078     i44550201    A:40 X:19 Y:00 S:E0 P:nvUbdizC  $00:9F06: 10 FC    BPL $9F04
f115    c3395081     i44550202    A:40 X:19 Y:00 S:E0 P:nvUbdizC  $00:9F04: A5 1B    LDA $1B = #$40
f115    c3395084     i44550203    A:40 X:19 Y:00 S:E0 P:nvUbdizC  $00:9F06: 10 FC    BPL $9F04
f115    c3395087     i44550204    A:40 X:19 Y:00 S:E0 P:nvUbdizC  $00:9F04: A5 1B    LDA $1B = #$40
f115    c3395090     i44550205    A:40 X:19 Y:00 S:E0 P:nvUbdizC  $00:9F06: 10 FC    BPL $9F04
f115    c3395093     i44550206    A:40 X:19 Y:00 S:E0 P:nvUbdizC  $00:9F04: A5 1B    LDA $1B = #$40
f115    c3395103     i44550207    A:40 X:19 Y:00 S:DD P:nvUbdIzC  $0F:C500: 4C 6E C7 JMP $C76E
f115    c3395106     i44550208    A:40 X:19 Y:00 S:DD P:nvUbdIzC  $0F:C76E: 24 1B    BIT $1B = #$40
f115    c3395109     i44550209    A:40 X:19 Y:00 S:DD P:nVUbdIzC  $0F:C770: 50 03    BVC $C775
f115    c3395111     i44550210    A:40 X:19 Y:00 S:DD P:nVUbdIzC  $0F:C772: 4C 21 C4 JMP $C421
f115    c3395114     i44550211    A:40 X:19 Y:00 S:DD P:nVUbdIzC  $0F:C421: 24 3B    BIT $3B = #$55
f115    c3395117     i44550212    A:40 X:19 Y:00 S:DD P:nVUbdIzC  $0F:C423: 30 4D    BMI $C472
f115    c3395119     i44550213    A:40 X:19 Y:00 S:DD P:nVUbdIzC  $0F:C425: 38       SEC
f115    c3395121     i44550214    A:40 X:19 Y:00 S:DD P:nVUbdIzC  $0F:C426: 66 3B    ROR $3B = #$55
f115    c3395126     i44550215    A:40 X:19 Y:00 S:DD P:NVUbdIzC  $0F:C428: 85 3C    STA $3C = #$40
f115    c3395129     i44550216    A:40 X:19 Y:00 S:DD P:NVUbdIzC  $0F:C42A: 86 3D    STX $3D = #$19
f115    c3395132     i44550217    A:40 X:19 Y:00 S:DD P:NVUbdIzC  $0F:C42C: 84 3E    STY $3E = #$00
f115    c3395135     i44550218    A:40 X:19 Y:00 S:DD P:NVUbdIzC  $0F:C42E: A5 22    LDA $22 = #$00
f115    c3395138     i44550219    A:00 X:19 Y:00 S:DD P:nVUbdIZC  $0F:C430: 09 07    ORA #$07
f115    c3395140     i44550220    A:07 X:19 Y:00 S:DD P:nVUbdIzC  $0F:C432: 8D 00 80 STA $8000 = #$A5
f115    c3395144     i44550221    A:07 X:19 Y:00 S:DD P:nVUbdIzC  $0F:C435: A9 02    LDA #$02
f115    c3395146     i44550222    A:02 X:19 Y:00 S:DD P:nVUbdIzC  $0F:C437: 8D 01 80 STA $8001 = #$27
f115    c3395150     i44550223    A:02 X:19 Y:00 S:DD P:nVUbdIzC  $0F:C43A: 20 00 A0 JSR $A000
f116    c3425957     i44559909    A:00 X:01 Y:07 S:DB P:nVUbdIzc  $01:A0ED: BD 15 40 LDA $4015,X @ $4016 = #$00
f116    c3425961     i44559910    A:40 X:01 Y:07 S:DB P:nVUbdIzc  $01:A0F0: 4A       LSR
f116    c3425963     i44559911    A:20 X:01 Y:07 S:DB P:nVUbdIzc  $01:A0F1: 26 3F    ROL $3F = #$00
f116    c3425968     i44559912    A:20 X:01 Y:07 S:DB P:nVUbdIZc  $01:A0F3: 29 01    AND #$01
f116    c3425970     i44559913    A:00 X:01 Y:07 S:DB P:nVUbdIZc  $01:A0F5: 05 3F    ORA $3F = #$00
f116    c3425973     i44559914    A:00 X:01 Y:07 S:DB P:nVUbdIZc  $01:A0F7: 85 3F    STA $3F = #$00
f116    c3425976     i44559915    A:00 X:01 Y:07 S:DB P:nVUbdIZc  $01:A0F9: 88       DEY
f116    c3425978     i44559916    A:00 X:01 Y:06 S:DB P:nVUbdIzc  $01:A0FA: D0 F1    BNE $A0ED
f116    c3425981     i44559917    A:00 X:01 Y:06 S:DB P:nVUbdIzc  $01:A0ED: BD 15 40 LDA $4015,X @ $4016 = #$00
f116    c3425985     i44559918    A:40 X:01 Y:06 S:DB P:nVUbdIzc  $01:A0F0: 4A       LSR
f116    c3425987     i44559919    A:20 X:01 Y:06 S:DB P:nVUbdIzc  $01:A0F1: 26 3F    ROL $3F = #$00
f116    c3425992     i44559920    A:20 X:01 Y:06 S:DB P:nVUbdIZc  $01:A0F3: 29 01    AND #$01
f116    c3425994     i44559921    A:00 X:01 Y:06 S:DB P:nVUbdIZc  $01:A0F5: 05 3F    ORA $3F = #$00
f116    c3425997     i44559922    A:00 X:01 Y:06 S:DB P:nVUbdIZc  $01:A0F7: 85 3F    STA $3F = #$00
f116    c3426000     i44559923    A:00 X:01 Y:06 S:DB P:nVUbdIZc  $01:A0F9: 88       DEY
f116    c3426002     i44559924    A:00 X:01 Y:05 S:DB P:nVUbdIzc  $01:A0FA: D0 F1    BNE $A0ED
f116    c3426005     i44559925    A:00 X:01 Y:05 S:DB P:nVUbdIzc  $01:A0ED: BD 15 40 LDA $4015,X @ $4016 = #$00
f116    c3426009     i44559926    A:40 X:01 Y:05 S:DB P:nVUbdIzc  $01:A0F0: 4A       LSR
f116    c3426011     i44559927    A:20 X:01 Y:05 S:DB P:nVUbdIzc  $01:A0F1: 26 3F    ROL $3F = #$00
f116    c3426016     i44559928    A:20 X:01 Y:05 S:DB P:nVUbdIZc  $01:A0F3: 29 01    AND #$01
f116    c3426018     i44559929    A:00 X:01 Y:05 S:DB P:nVUbdIZc  $01:A0F5: 05 3F    ORA $3F = #$00
f116    c3426021     i44559930    A:00 X:01 Y:05 S:DB P:nVUbdIZc  $01:A0F7: 85 3F    STA $3F = #$00
f116    c3426024     i44559931    A:00 X:01 Y:05 S:DB P:nVUbdIZc  $01:A0F9: 88       DEY
f116    c3426026     i44559932    A:00 X:01 Y:04 S:DB P:nVUbdIzc  $01:A0FA: D0 F1    BNE $A0ED
f116    c3426029     i44559933    A:00 X:01 Y:04 S:DB P:nVUbdIzc  $01:A0ED: BD 15 40 LDA $4015,X @ $4016 = #$00
f116    c3426033     i44559934    A:40 X:01 Y:04 S:DB P:nVUbdIzc  $01:A0F0: 4A       LSR
f116    c3426035     i44559935    A:20 X:01 Y:04 S:DB P:nVUbdIzc  $01:A0F1: 26 3F    ROL $3F = #$00
f116    c3426040     i44559936    A:20 X:01 Y:04 S:DB P:nVUbdIZc  $01:A0F3: 29 01    AND #$01
f116    c3426042     i44559937    A:00 X:01 Y:04 S:DB P:nVUbdIZc  $01:A0F5: 05 3F    ORA $3F = #$00
f116    c3426045     i44559938    A:00 X:01 Y:04 S:DB P:nVUbdIZc  $01:A0F7: 85 3F    STA $3F = #$00
f116    c3426048     i44559939    A:00 X:01 Y:04 S:DB P:nVUbdIZc  $01:A0F9: 88       DEY
f116    c3426050     i44559940    A:00 X:01 Y:03 S:DB P:nVUbdIzc  $01:A0FA: D0 F1    BNE $A0ED
f116    c3426053     i44559941    A:00 X:01 Y:03 S:DB P:nVUbdIzc  $01:A0ED: BD 15 40 LDA $4015,X @ $4016 = #$00
f116    c3426057     i44559942    A:40 X:01 Y:03 S:DB P:nVUbdIzc  $01:A0F0: 4A       LSR
f116    c3426059     i44559943    A:20 X:01 Y:03 S:DB P:nVUbdIzc  $01:A0F1: 26 3F    ROL $3F = #$00
f116    c3426064     i44559944    A:20 X:01 Y:03 S:DB P:nVUbdIZc  $01:A0F3: 29 01    AND #$01
f116    c3426066     i44559945    A:00 X:01 Y:03 S:DB P:nVUbdIZc  $01:A0F5: 05 3F    ORA $3F = #$00
f116    c3426069     i44559946    A:00 X:01 Y:03 S:DB P:nVUbdIZc  $01:A0F7: 85 3F    STA $3F = #$00
f116    c3426072     i44559947    A:00 X:01 Y:03 S:DB P:nVUbdIZc  $01:A0F9: 88       DEY
f116    c3426074     i44559948    A:00 X:01 Y:02 S:DB P:nVUbdIzc  $01:A0FA: D0 F1    BNE $A0ED
f116    c3426077     i44559949    A:00 X:01 Y:02 S:DB P:nVUbdIzc  $01:A0ED: BD 15 40 LDA $4015,X @ $4016 = #$00
f116    c3426081     i44559950    A:40 X:01 Y:02 S:DB P:nVUbdIzc  $01:A0F0: 4A       LSR
f120    c3544859     i44597929    A:00 X:02 Y:06 S:DB P:nVUbdIzc  $01:A0ED: BD 15 40 LDA $4015,X @ $4017 = #$01
f120    c3544863     i44597930    A:40 X:02 Y:06 S:DB P:nVUbdIzc  $01:A0F0: 4A       LSR
f120    c3544865     i44597931    A:20 X:02 Y:06 S:DB P:nVUbdIzc  $01:A0F1: 26 3F    ROL $3F = #$00
f120    c3544870     i44597932    A:20 X:02 Y:06 S:DB P:nVUbdIZc  $01:A0F3: 29 01    AND #$01
f120    c3544872     i44597933    A:00 X:02 Y:06 S:DB P:nVUbdIZc  $01:A0F5: 05 3F    ORA $3F = #$00
f120    c3544875     i44597934    A:00 X:02 Y:06 S:DB P:nVUbdIZc  $01:A0F7: 85 3F    STA $3F = #$00
f120    c3544878     i44597935    A:00 X:02 Y:06 S:DB P:nVUbdIZc  $01:A0F9: 88       DEY
f120    c3544880     i44597936    A:00 X:02 Y:05 S:DB P:nVUbdIzc  $01:A0FA: D0 F1    BNE $A0ED
f120    c3544883     i44597937    A:00 X:02 Y:05 S:DB P:nVUbdIzc  $01:A0ED: BD 15 40 LDA $4015,X @ $4017 = #$01
f120    c3544887     i44597938    A:40 X:02 Y:05 S:DB P:nVUbdIzc  $01:A0F0: 4A       LSR
f120    c3544889     i44597939    A:20 X:02 Y:05 S:DB P:nVUbdIzc  $01:A0F1: 26 3F    ROL $3F = #$00
f120    c3544894     i44597940    A:20 X:02 Y:05 S:DB P:nVUbdIZc  $01:A0F3: 29 01    AND #$01
f120    c3544896     i44597941    A:00 X:02 Y:05 S:DB P:nVUbdIZc  $01:A0F5: 05 3F    ORA $3F = #$00
f120    c3544899     i44597942    A:00 X:02 Y:05 S:DB P:nVUbdIZc  $01:A0F7: 85 3F    STA $3F = #$00
f120    c3544902     i44597943    A:00 X:02 Y:05 S:DB P:nVUbdIZc  $01:A0F9: 88       DEY
f120    c3544904     i44597944    A:00 X:02 Y:04 S:DB P:nVUbdIzc  $01:A0FA: D0 F1    BNE $A0ED
f120    c3544907     i44597945    A:00 X:02 Y:04 S:DB P:nVUbdIzc  $01:A0ED: BD 15 40 LDA $4015,X @ $4017 = #$01
f120    c3544911     i44597946    A:40 X:02 Y:04 S:DB P:nVUbdIzc  $01:A0F0: 4A       LSR
f120    c3544913     i44597947    A:20 X:02 Y:04 S:DB P:nVUbdIzc  $01:A0F1: 26 3F    ROL $3F = #$00
f120    c3544918     i44597948    A:20 X:02 Y:04 S:DB P:nVUbdIZc  $01:A0F3: 29 01    AND #$01
f120    c3544920     i44597949    A:00 X:02 Y:04 S:DB P:nVUbdIZc  $01:A0F5: 05 3F    ORA $3F = #$00
f120    c3544923     i44597950    A:00 X:02 Y:04 S:DB P:nVUbdIZc  $01:A0F7: 85 3F    STA $3F = #$00
f120    c3544926     i44597951    A:00 X:02 Y:04 S:DB P:nVUbdIZc  $01:A0F9: 88       DEY
f120    c3544928     i44597952    A:00 X:02 Y:03 S:DB P:nVUbdIzc  $01:A0FA: D0 F1    BNE $A0ED
f120    c3544931     i44597953    A:00 X:02 Y:03 S:DB P:nVUbdIzc  $01:A0ED: BD 15 40 LDA $4015,X @ $4017 = #$01
f120    c3544935     i44597954    A:40 X:02 Y:03 S:DB P:nVUbdIzc  $01:A0F0: 4A       LSR
f120    c3544937     i44597955    A:20 X:02 Y:03 S:DB P:nVUbdIzc  $01:A0F1: 26 3F    ROL $3F = #$00
f120    c3544942     i44597956    A:20 X:02 Y:03 S:DB P:nVUbdIZc  $01:A0F3: 29 01    AND #$01
f120    c3544944     i44597957    A:00 X:02 Y:03 S:DB P:nVUbdIZc  $01:A0F5: 05 3F    ORA $3F = #$00
f120    c3544947     i44597958    A:00 X:02 Y:03 S:DB P:nVUbdIZc  $01:A0F7: 85 3F    STA $3F = #$00
f120    c3544950     i44597959    A:00 X:02 Y:03 S:DB P:nVUbdIZc  $01:A0F9: 88       DEY
f120    c3544952     i44597960    A:00 X:02 Y:02 S:DB P:nVUbdIzc  $01:A0FA: D0 F1    BNE $A0ED
f120    c3544955     i44597961    A:00 X:02 Y:02 S:DB P:nVUbdIzc  $01:A0ED: BD 15 40 LDA $4015,X @ $4017 = #$01
f120    c3544959     i44597962    A:40 X:02 Y:02 S:DB P:nVUbdIzc  $01:A0F0: 4A       LSR
f120    c3544961     i44597963    A:20 X:02 Y:02 S:DB P:nVUbdIzc  $01:A0F1: 26 3F    ROL $3F = #$00
f120    c3544966     i44597964    A:20 X:02 Y:02 S:DB P:nVUbdIZc  $01:A0F3: 29 01    AND #$01
f120    c3544968     i44597965    A:00 X:02 Y:02 S:DB P:nVUbdIZc  $01:A0F5: 05 3F    ORA $3F = #$00
f120    c3544971     i44597966    A:00 X:02 Y:02 S:DB P:nVUbdIZc  $01:A0F7: 85 3F    STA $3F = #$00
f120    c3544974     i44597967    A:00 X:02 Y:02 S:DB P:nVUbdIZc  $01:A0F9: 88       DEY
f120    c3544976     i44597968    A:00 X:02 Y:01 S:DB P:nVUbdIzc  $01:A0FA: D0 F1    BNE $A0ED
f120    c3544979     i44597969    A:00 X:02 Y:01 S:DB P:nVUbdIzc  $01:A0ED: BD 15 40 LDA $4015,X @ $4017 = #$01
f120    c3544983     i44597970    A:40 X:02 Y:01 S:DB P:nVUbdIzc  $01:A0F0: 4A       LSR
f121    c3573701     i44607320    A:40 X:19 Y:00 S:E0 P:nvUbdizC  $00:9F04: A5 1B    LDA $1B = #$40
f121    c3573704     i44607321    A:40 X:19 Y:00 S:E0 P:nvUbdizC  $00:9F06: 10 FC    BPL $9F04
f121    c3573707     i44607322    A:40 X:19 Y:00 S:E0 P:nvUbdizC  $00:9F04: A5 1B    LDA $1B = #$40
f121    c3573710     i44607323    A:40 X:19 Y:00 S:E0 P:nvUbdizC  $00:9F06: 10 FC    BPL $9F04
f121    c3573713     i44607324    A:40 X:19 Y:00 S:E0 P:nvUbdizC  $00:9F04: A5 1B    LDA $1B = #$40
f121    c3573716     i44607325    A:40 X:19 Y:00 S:E0 P:nvUbdizC  $00:9F06: 10 FC    BPL $9F04
f121    c3573719     i44607326    A:40 X:19 Y:00 S:E0 P:nvUbdizC  $00:9F04: A5 1B    LDA $1B = #$40
f121    c3573722     i44607327    A:40 X:19 Y:00 S:E0 P:nvUbdizC  $00:9F06: 10 FC    BPL $9F04
f121    c3573725     i44607328    A:40 X:19 Y:00 S:E0 P:nvUbdizC  $00:9F04: A5 1B    LDA $1B = #$40
f121    c3573728     i44607329    A:40 X:19 Y:00 S:E0 P:nvUbdizC  $00:9F06: 10 FC    BPL $9F04
f121    c3573731     i44607330    A:40 X:19 Y:00 S:E0 P:nvUbdizC  $00:9F04: A5 1B    LDA $1B = #$40
f121    c3573734     i44607331    A:40 X:19 Y:00 S:E0 P:nvUbdizC  $00:9F06: 10 FC    BPL $9F04
f121    c3573737     i44607332    A:40 X:19 Y:00 S:E0 P:nvUbdizC  $00:9F04: A5 1B    LDA $1B = #$40
f121    c3573740     i44607333    A:40 X:19 Y:00 S:E0 P:nvUbdizC  $00:9F06: 10 FC    BPL $9F04
f121    c3573743     i44607334    A:40 X:19 Y:00 S:E0 P:nvUbdizC  $00:9F04: A5 1B    LDA $1B = #$40
f121    c3573746     i44607335    A:40 X:19 Y:00 S:E0 P:nvUbdizC  $00:9F06: 10 FC    BPL $9F04
f121    c3573749     i44607336    A:40 X:19 Y:00 S:E0 P:nvUbdizC  $00:9F04: A5 1B    LDA $1B = #$40
f121    c3573752     i44607337    A:40 X:19 Y:00 S:E0 P:nvUbdizC  $00:9F06: 10 FC    BPL $9F04
f121    c3573755     i44607338    A:40 X:19 Y:00 S:E0 P:nvUbdizC  $00:9F04: A5 1B    LDA $1B = #$40
f121    c3573758     i44607339    A:40 X:19 Y:00 S:E0 P:nvUbdizC  $00:9F06: 10 FC    BPL $9F04
f121    c3573761     i44607340    A:40 X:19 Y:00 S:E0 P:nvUbdizC  $00:9F04: A5 1B    LDA $1B = #$40
f121    c3573764     i44607341    A:40 X:19 Y:00 S:E0 P:nvUbdizC  $00:9F06: 10 FC    BPL $9F04
f121    c3573767     i44607342    A:40 X:19 Y:00 S:E0 P:nvUbdizC  $00:9F04: A5 1B    LDA $1B = #$40
f121    c3573770     i44607343    A:40 X:19 Y:00 S:E0 P:nvUbdizC  $00:9F06: 10 FC    BPL $9F04
f121    c3573773     i44607344    A:40 X:19 Y:00 S:E0 P:nvUbdizC  $00:9F04: A5 1B    LDA $1B = #$40
f121    c3573776     i44607345    A:40 X:19 Y:00 S:E0 P:nvUbdizC  $00:9F06: 10 FC    BPL $9F04
f121    c3573786     i44607346    A:40 X:19 Y:00 S:DD P:nvUbdIzC  $0F:C500: 4C 6E C7 JMP $C76E
f121    c3573789     i44607347    A:40 X:19 Y:00 S:DD P:nvUbdIzC  $0F:C76E: 24 1B    BIT $1B = #$40
f121    c3573792     i44607348    A:40 X:19 Y:00 S:DD P:nVUbdIzC  $0F:C770: 50 03    BVC $C775
f121    c3573794     i44607349    A:40 X:19 Y:00 S:DD P:nVUbdIzC  $0F:C772: 4C 21 C4 JMP $C421
f121    c3573797     i44607350    A:40 X:19 Y:00 S:DD P:nVUbdIzC  $0F:C421: 24 3B    BIT $3B = #$55
f121    c3573800     i44607351    A:40 X:19 Y:00 S:DD P:nVUbdIzC  $0F:C423: 30 4D    BMI $C472
f121    c3573802     i44607352    A:40 X:19 Y:00 S:DD P:nVUbdIzC  $0F:C425: 38       SEC
f121    c3573804     i44607353    A:40 X:19 Y:00 S:DD P:nVUbdIzC  $0F:C426: 66 3B    ROR $3B = #$55
f121    c3573809     i44607354    A:40 X:19 Y:00 S:DD P:NVUbdIzC  $0F:C428: 85 3C    STA $3C = #$40
f121    c3573812     i44607355    A:40 X:19 Y:00 S:DD P:NVUbdIzC  $0F:C42A: 86 3D    STX $3D = #$19
f121    c3573815     i44607356    A:40 X:19 Y:00 S:DD P:NVUbdIzC  $0F:C42C: 84 3E    STY $3E = #$00
f121    c3573818     i44607357    A:40 X:19 Y:00 S:DD P:NVUbdIzC  $0F:C42E: A5 22    LDA $22 = #$00
f121    c3573821     i44607358    A:00 X:19 Y:00 S:DD P:nVUbdIZC  $0F:C430: 09 07    ORA #$07
f121    c3573823     i44607359    A:07 X:19 Y:00 S:DD P:nVUbdIzC  $0F:C432: 8D 00 80 STA $8000 = #$A5
f121    c3573827     i44607360    A:07 X:19 Y:00 S:DD P:nVUbdIzC  $0F:C435: A9 02    LDA #$02
f121    c3573829     i44607361    A:02 X:19 Y:00 S:DD P:nVUbdIzC  $0F:C437: 8D 01 80 STA $8001 = #$27
f127    c3752387     i44664460    A:40 X:19 Y:00 S:E0 P:nvUbdizC  $00:9F04: A5 1B    LDA $1B = #$40
f127    c3752390     i44664461    A:40 X:19 Y:00 S:E0 P:nvUbdizC  $00:9F06: 10 FC    BPL $9F04
f127    c3752393     i44664462    A:40 X:19 Y:00 S:E0 P:nvUbdizC  $00:9F04: A5 1B    LDA $1B = #$40
f127    c3752396     i44664463    A:40 X:19 Y:00 S:E0 P:nvUbdizC  $00:9F06: 10 FC    BPL $9F04
f127    c3752399     i44664464    A:40 X:19 Y:00 S:E0 P:nvUbdizC  $00:9F04: A5 1B    LDA $1B = #$40
f127    c3752402     i44664465    A:40 X:19 Y:00 S:E0 P:nvUbdizC  $00:9F06: 10 FC    BPL $9F04
f127    c3752405     i44664466    A:40 X:19 Y:00 S:E0 P:nvUbdizC  $00:9F04: A5 1B    LDA $1B = #$40
f127    c3752408     i44664467    A:40 X:19 Y:00 S:E0 P:nvUbdizC  $00:9F06: 10 FC    BPL $9F04
f127    c3752411     i44664468    A:40 X:19 Y:00 S:E0 P:nvUbdizC  $00:9F04: A5 1B    LDA $1B = #$40
f127    c3752414     i44664469    A:40 X:19 Y:00 S:E0 P:nvUbdizC  $00:9F06: 10 FC    BPL $9F04
f127    c3752417     i44664470    A:40 X:19 Y:00 S:E0 P:nvUbdizC  $00:9F04: A5 1B    LDA $1B = #$40
f127    c3752420     i44664471    A:40 X:19 Y:00 S:E0 P:nvUbdizC  $00:9F06: 10 FC    BPL $9F04
f127    c3752423     i44664472    A:40 X:19 Y:00 S:E0 P:nvUbdizC  $00:9F04: A5 1B    LDA $1B = #$40
f127    c3752426     i44664473    A:40 X:19 Y:00 S:E0 P:nvUbdizC  $00:9F06: 10 FC    BPL $9F04
f127    c3752429     i44664474    A:40 X:19 Y:00 S:E0 P:nvUbdizC  $00:9F04: A5 1B    LDA $1B = #$40
f127    c3752432     i44664475    A:40 X:19 Y:00 S:E0 P:nvUbdizC  $00:9F06: 10 FC    BPL $9F04
f127    c3752435     i44664476    A:40 X:19 Y:00 S:E0 P:nvUbdizC  $00:9F04: A5 1B    LDA $1B = #$40
f127    c3752438     i44664477    A:40 X:19 Y:00 S:E0 P:nvUbdizC  $00:9F06: 10 FC    BPL $9F04
f127    c3752441     i44664478    A:40 X:19 Y:00 S:E0 P:nvUbdizC  $00:9F04: A5 1B    LDA $1B = #$40
f127    c3752444     i44664479    A:40 X:19 Y:00 S:E0 P:nvUbdizC  $00:9F06: 10 FC    BPL $9F04
f127    c3752447     i44664480    A:40 X:19 Y:00 S:E0 P:nvUbdizC  $00:9F04: A5 1B    LDA $1B = #$40
f127    c3752450     i44664481    A:40 X:19 Y:00 S:E0 P:nvUbdizC  $00:9F06: 10 FC    BPL $9F04
f127    c3752453     i44664482    A:40 X:19 Y:00 S:E0 P:nvUbdizC  $00:9F04: A5 1B    LDA $1B = #$40
f127    c3752456     i44664483    A:40 X:19 Y:00 S:E0 P:nvUbdizC  $00:9F06: 10 FC    BPL $9F04
f127    c3752459     i44664484    A:40 X:19 Y:00 S:E0 P:nvUbdizC  $00:9F04: A5 1B    LDA $1B = #$40
f127    c3752469     i44664485    A:40 X:19 Y:00 S:DD P:nvUbdIzC  $0F:C500: 4C 6E C7 JMP $C76E
f127    c3752472     i44664486    A:40 X:19 Y:00 S:DD P:nvUbdIzC  $0F:C76E: 24 1B    BIT $1B = #$40
f127    c3752475     i44664487    A:40 X:19 Y:00 S:DD P:nVUbdIzC  $0F:C770: 50 03    BVC $C775
f127    c3752477     i44664488    A:40 X:19 Y:00 S:DD P:nVUbdIzC  $0F:C772: 4C 21 C4 JMP $C421
f127    c3752480     i44664489    A:40 X:19 Y:00 S:DD P:nVUbdIzC  $0F:C421: 24 3B    BIT $3B = #$55
f127    c3752483     i44664490    A:40 X:19 Y:00 S:DD P:nVUbdIzC  $0F:C423: 30 4D    BMI $C472
f127    c3752485     i44664491    A:40 X:19 Y:00 S:DD P:nVUbdIzC  $0F:C425: 38       SEC
f127    c3752487     i44664492    A:40 X:19 Y:00 S:DD P:nVUbdIzC  $0F:C426: 66 3B    ROR $3B = #$55
f127    c3752492     i44664493    A:40 X:19 Y:00 S:DD P:NVUbdIzC  $0F:C428: 85 3C    STA $3C = #$40
f127    c3752495     i44664494    A:40 X:19 Y:00 S:DD P:NVUbdIzC  $0F:C42A: 86 3D    STX $3D = #$19
f127    c3752498     i44664495    A:40 X:19 Y:00 S:DD P:NVUbdIzC  $0F:C42C: 84 3E    STY $3E = #$00
f127    c3752501     i44664496    A:40 X:19 Y:00 S:DD P:NVUbdIzC  $0F:C42E: A5 22    LDA $22 = #$00
f127    c3752504     i44664497    A:00 X:19 Y:00 S:DD P:nVUbdIZC  $0F:C430: 09 07    ORA #$07
f127    c3752506     i44664498    A:07 X:19 Y:00 S:DD P:nVUbdIzC  $0F:C432: 8D 00 80 STA $8000 = #$A5
f127    c3752510     i44664499    A:07 X:19 Y:00 S:DD P:nVUbdIzC  $0F:C435: A9 02    LDA #$02
f127    c3752512     i44664500    A:02 X:19 Y:00 S:DD P:nVUbdIzC  $0F:C437: 8D 01 80 STA $8001 = #$27
f127    c3752516     i44664501    A:02 X:19 Y:00 S:DD P:nVUbdIzC  $0F:C43A: 20 00 A0 JSR $A000
f128    c3783323     i44674187    A:00 X:01 Y:07 S:DB P:nVUbdIzc  $01:A0ED: BD 15 40 LDA $4015,X @ $4016 = #$00
f128    c3783327     i44674188    A:40 X:01 Y:07 S:DB P:nVUbdIzc  $01:A0F0: 4A       LSR
f128    c3783329     i44674189    A:20 X:01 Y:07 S:DB P:nVUbdIzc  $01:A0F1: 26 3F    ROL $3F = #$00
f128    c3783334     i44674190    A:20 X:01 Y:07 S:DB P:nVUbdIZc  $01:A0F3: 29 01    AND #$01
f128    c3783336     i44674191    A:00 X:01 Y:07 S:DB P:nVUbdIZc  $01:A0F5: 05 3F    ORA $3F = #$00
f128    c3783339     i44674192    A:00 X:01 Y:07 S:DB P:nVUbdIZc  $01:A0F7: 85 3F    STA $3F = #$00
f128    c3783342     i44674193    A:00 X:01 Y:07 S:DB P:nVUbdIZc  $01:A0F9: 88       DEY
f128    c3783344     i44674194    A:00 X:01 Y:06 S:DB P:nVUbdIzc  $01:A0FA: D0 F1    BNE $A0ED
f128    c3783347     i44674195    A:00 X:01 Y:06 S:DB P:nVUbdIzc  $01:A0ED: BD 15 40 LDA $4015,X @ $4016 = #$00
f128    c3783351     i44674196    A:40 X:01 Y:06 S:DB P:nVUbdIzc  $01:A0F0: 4A       LSR
f128    c3783353     i44674197    A:20 X:01 Y:06 S:DB P:nVUbdIzc  $01:A0F1: 26 3F    ROL $3F = #$00
f128    c3783358     i44674198    A:20 X:01 Y:06 S:DB P:nVUbdIZc  $01:A0F3: 29 01    AND #$01
f128    c3783360     i44674199    A:00 X:01 Y:06 S:DB P:nVUbdIZc  $01:A0F5: 05 3F    ORA $3F = #$00
f128    c3783363     i44674200    A:00 X:01 Y:06 S:DB P:nVUbdIZc  $01:A0F7: 85 3F    STA $3F = #$00
f128    c3783366     i44674201    A:00 X:01 Y:06 S:DB P:nVUbdIZc  $01:A0F9: 88       DEY
f128    c3783368     i44674202    A:00 X:01 Y:05 S:DB P:nVUbdIzc  $01:A0FA: D0 F1    BNE $A0ED
f128    c3783371     i44674203    A:00 X:01 Y:05 S:DB P:nVUbdIzc  $01:A0ED: BD 15 40 LDA $4015,X @ $4016 = #$00
f128    c3783375     i44674204    A:40 X:01 Y:05 S:DB P:nVUbdIzc  $01:A0F0: 4A       LSR
f128    c3783377     i44674205    A:20 X:01 Y:05 S:DB P:nVUbdIzc  $01:A0F1: 26 3F    ROL $3F = #$00
f128    c3783382     i44674206    A:20 X:01 Y:05 S:DB P:nVUbdIZc  $01:A0F3: 29 01    AND #$01
f128    c3783384     i44674207    A:00 X:01 Y:05 S:DB P:nVUbdIZc  $01:A0F5: 05 3F    ORA $3F = #$00
f128    c3783387     i44674208    A:00 X:01 Y:05 S:DB P:nVUbdIZc  $01:A0F7: 85 3F    STA $3F = #$00
f128    c3783390     i44674209    A:00 X:01 Y:05 S:DB P:nVUbdIZc  $01:A0F9: 88       DEY
f128    c3783392     i44674210    A:00 X:01 Y:04 S:DB P:nVUbdIzc  $01:A0FA: D0 F1    BNE $A0ED
f128    c3783395     i44674211    A:00 X:01 Y:04 S:DB P:nVUbdIzc  $01:A0ED: BD 15 40 LDA $4015,X @ $4016 = #$00
f128    c3783399     i44674212    A:40 X:01 Y:04 S:DB P:nVUbdIzc  $01:A0F0: 4A       LSR
f128    c3783401     i44674213    A:20 X:01 Y:04 S:DB P:nVUbdIzc  $01:A0F1: 26 3F    ROL $3F = #$00
f128    c3783406     i44674214    A:20 X:01 Y:04 S:DB P:nVUbdIZc  $01:A0F3: 29 01    AND #$01
f128    c3783408     i44674215    A:00 X:01 Y:04 S:DB P:nVUbdIZc  $01:A0F5: 05 3F    ORA $3F = #$00
f128    c3783411     i44674216    A:00 X:01 Y:04 S:DB P:nVUbdIZc  $01:A0F7: 85 3F    STA $3F = #$00
f128    c3783414     i44674217    A:00 X:01 Y:04 S:DB P:nVUbdIZc  $01:A0F9: 88       DEY
f128    c3783416     i44674218    A:00 X:01 Y:03 S:DB P:nVUbdIzc  $01:A0FA: D0 F1    BNE $A0ED
f128    c3783419     i44674219    A:00 X:01 Y:03 S:DB P:nVUbdIzc  $01:A0ED: BD 15 40 LDA $4015,X @ $4016 = #$00
f128    c3783423     i44674220    A:40 X:01 Y:03 S:DB P:nVUbdIzc  $01:A0F0: 4A       LSR
f128    c3783425     i44674221    A:20 X:01 Y:03 S:DB P:nVUbdIzc  $01:A0F1: 26 3F    ROL $3F = #$00
f128    c3783430     i44674222    A:20 X:01 Y:03 S:DB P:nVUbdIZc  $01:A0F3: 29 01    AND #$01
f128    c3783432     i44674223    A:00 X:01 Y:03 S:DB P:nVUbdIZc  $01:A0F5: 05 3F    ORA $3F = #$00
f128    c3783435     i44674224    A:00 X:01 Y:03 S:DB P:nVUbdIZc  $01:A0F7: 85 3F    STA $3F = #$00
f128    c3783438     i44674225    A:00 X:01 Y:03 S:DB P:nVUbdIZc  $01:A0F9: 88       DEY
f128    c3783440     i44674226    A:00 X:01 Y:02 S:DB P:nVUbdIzc  $01:A0FA: D0 F1    BNE $A0ED
f128    c3783443     i44674227    A:00 X:01 Y:02 S:DB P:nVUbdIzc  $01:A0ED: BD 15 40 LDA $4015,X @ $4016 = #$00
f128    c3783447     i44674228    A:40 X:01 Y:02 S:DB P:nVUbdIzc  $01:A0F0: 4A       LSR
f132    c3902225     i44712207    A:00 X:02 Y:06 S:DB P:nVUbdIzc  $01:A0ED: BD 15 40 LDA $4015,X @ $4017 = #$01
f132    c3902229     i44712208    A:40 X:02 Y:06 S:DB P:nVUbdIzc  $01:A0F0: 4A       LSR
f132    c3902231     i44712209    A:20 X:02 Y:06 S:DB P:nVUbdIzc  $01:A0F1: 26 3F    ROL $3F = #$00
f132    c3902236     i44712210    A:20 X:02 Y:06 S:DB P:nVUbdIZc  $01:A0F3: 29 01    AND #$01
f132    c3902238     i44712211    A:00 X:02 Y:06 S:DB P:nVUbdIZc  $01:A0F5: 05 3F    ORA $3F = #$00
f132    c3902241     i44712212    A:00 X:02 Y:06 S:DB P:nVUbdIZc  $01:A0F7: 85 3F    STA $3F = #$00
f132    c3902244     i44712213    A:00 X:02 Y:06 S:DB P:nVUbdIZc  $01:A0F9: 88       DEY
f132    c3902246     i44712214    A:00 X:02 Y:05 S:DB P:nVUbdIzc  $01:A0FA: D0 F1    BNE $A0ED
f132    c3902249     i44712215    A:00 X:02 Y:05 S:DB P:nVUbdIzc  $01:A0ED: BD 15 40 LDA $4015,X @ $4017 = #$01
f132    c3902253     i44712216    A:40 X:02 Y:05 S:DB P:nVUbdIzc  $01:A0F0: 4A       LSR
f132    c3902255     i44712217    A:20 X:02 Y:05 S:DB P:nVUbdIzc  $01:A0F1: 26 3F    ROL $3F = #$00
f132    c3902260     i44712218    A:20 X:02 Y:05 S:DB P:nVUbdIZc  $01:A0F3: 29 01    AND #$01
f132    c3902262     i44712219    A:00 X:02 Y:05 S:DB P:nVUbdIZc  $01:A0F5: 05 3F    ORA $3F = #$00
f132    c3902265     i44712220    A:00 X:02 Y:05 S:DB P:nVUbdIZc  $01:A0F7: 85 3F    STA $3F = #$00
f132    c3902268     i44712221    A:00 X:02 Y:05 S:DB P:nVUbdIZc  $01:A0F9: 88       DEY
f132    c3902270     i44712222    A:00 X:02 Y:04 S:DB P:nVUbdIzc  $01:A0FA: D0 F1    BNE $A0ED
f132    c3902273     i44712223    A:00 X:02 Y:04 S:DB P:nVUbdIzc  $01:A0ED: BD 15 40 LDA $4015,X @ $4017 = #$01
f132    c3902277     i44712224    A:40 X:02 Y:04 S:DB P:nVUbdIzc  $01:A0F0: 4A       LSR
f132    c3902279     i44712225    A:20 X:02 Y:04 S:DB P:nVUbdIzc  $01:A0F1: 26 3F    ROL $3F = #$00
f132    c3902284     i44712226    A:20 X:02 Y:04 S:DB P:nVUbdIZc  $01:A0F3: 29 01    AND #$01
f132    c3902286     i44712227    A:00 X:02 Y:04 S:DB P:nVUbdIZc  $01:A0F5: 05 3F    ORA $3F = #$00
f132    c3902289     i44712228    A:00 X:02 Y:04 S:DB P:nVUbdIZc  $01:A0F7: 85 3F    STA $3F = #$00
f132    c3902292     i44712229    A:00 X:02 Y:04 S:DB P:nVUbdIZc  $01:A0F9: 88       DEY
f132    c3902294     i44712230    A:00 X:02 Y:03 S:DB P:nVUbdIzc  $01:A0FA: D0 F1    BNE $A0ED
f132    c3902297     i44712231    A:00 X:02 Y:03 S:DB P:nVUbdIzc  $01:A0ED: BD 15 40 LDA $4015,X @ $4017 = #$01
f132    c3902301     i44712232    A:40 X:02 Y:03 S:DB P:nVUbdIzc  $01:A0F0: 4A       LSR
f132    c3902303     i44712233    A:20 X:02 Y:03 S:DB P:nVUbdIzc  $01:A0F1: 26 3F    ROL $3F = #$00
f132    c3902308     i44712234    A:20 X:02 Y:03 S:DB P:nVUbdIZc  $01:A0F3: 29 01    AND #$01
f132    c3902310     i44712235    A:00 X:02 Y:03 S:DB P:nVUbdIZc  $01:A0F5: 05 3F    ORA $3F = #$00
f132    c3902313     i44712236    A:00 X:02 Y:03 S:DB P:nVUbdIZc  $01:A0F7: 85 3F    STA $3F = #$00
f132    c3902316     i44712237    A:00 X:02 Y:03 S:DB P:nVUbdIZc  $01:A0F9: 88       DEY
f132    c3902318     i44712238    A:00 X:02 Y:02 S:DB P:nVUbdIzc  $01:A0FA: D0 F1    BNE $A0ED
f132    c3902321     i44712239    A:00 X:02 Y:02 S:DB P:nVUbdIzc  $01:A0ED: BD 15 40 LDA $4015,X @ $4017 = #$01
f132    c3902325     i44712240    A:40 X:02 Y:02 S:DB P:nVUbdIzc  $01:A0F0: 4A       LSR
f132    c3902327     i44712241    A:20 X:02 Y:02 S:DB P:nVUbdIzc  $01:A0F1: 26 3F    ROL $3F = #$00
f132    c3902332     i44712242    A:20 X:02 Y:02 S:DB P:nVUbdIZc  $01:A0F3: 29 01    AND #$01
f132    c3902334     i44712243    A:00 X:02 Y:02 S:DB P:nVUbdIZc  $01:A0F5: 05 3F    ORA $3F = #$00
f132    c3902337     i44712244    A:00 X:02 Y:02 S:DB P:nVUbdIZc  $01:A0F7: 85 3F    STA $3F = #$00
f132    c3902340     i44712245    A:00 X:02 Y:02 S:DB P:nVUbdIZc  $01:A0F9: 88       DEY
f132    c3902342     i44712246    A:00 X:02 Y:01 S:DB P:nVUbdIzc  $01:A0FA: D0 F1    BNE $A0ED
f132    c3902345     i44712247    A:00 X:02 Y:01 S:DB P:nVUbdIzc  $01:A0ED: BD 15 40 LDA $4015,X @ $4017 = #$01
f132    c3902349     i44712248    A:40 X:02 Y:01 S:DB P:nVUbdIzc  $01:A0F0: 4A       LSR
f133    c3931067     i44721598    A:40 X:19 Y:00 S:E0 P:nvUbdizC  $00:9F04: A5 1B    LDA $1B = #$40
f133    c3931070     i44721599    A:40 X:19 Y:00 S:E0 P:nvUbdizC  $00:9F06: 10 FC    BPL $9F04
f133    c3931073     i44721600    A:40 X:19 Y:00 S:E0 P:nvUbdizC  $00:9F04: A5 1B    LDA $1B = #$40
f133    c3931076     i44721601    A:40 X:19 Y:00 S:E0 P:nvUbdizC  $00:9F06: 10 FC    BPL $9F04
f133    c3931079     i44721602    A:40 X:19 Y:00 S:E0 P:nvUbdizC  $00:9F04: A5 1B    LDA $1B = #$40
f133    c3931082     i44721603    A:40 X:19 Y:00 S:E0 P:nvUbdizC  $00:9F06: 10 FC    BPL $9F04
f133    c3931085     i44721604    A:40 X:19 Y:00 S:E0 P:nvUbdizC  $00:9F04: A5 1B    LDA $1B = #$40
f133    c3931088     i44721605    A:40 X:19 Y:00 S:E0 P:nvUbdizC  $00:9F06: 10 FC    BPL $9F04
f133    c3931091     i44721606    A:40 X:19 Y:00 S:E0 P:nvUbdizC  $00:9F04: A5 1B    LDA $1B = #$40
f133    c3931094     i44721607    A:40 X:19 Y:00 S:E0 P:nvUbdizC  $00:9F06: 10 FC    BPL $9F04
f133    c3931097     i44721608    A:40 X:19 Y:00 S:E0 P:nvUbdizC  $00:9F04: A5 1B    LDA $1B = #$40
f133    c3931100     i44721609    A:40 X:19 Y:00 S:E0 P:nvUbdizC  $00:9F06: 10 FC    BPL $9F04
f133    c3931103     i44721610    A:40 X:19 Y:00 S:E0 P:nvUbdizC  $00:9F04: A5 1B    LDA $1B = #$40
f133    c3931106     i44721611    A:40 X:19 Y:00 S:E0 P:nvUbdizC  $00:9F06: 10 FC    BPL $9F04
f133    c3931109     i44721612    A:40 X:19 Y:00 S:E0 P:nvUbdizC  $00:9F04: A5 1B    LDA $1B = #$40
f133    c3931112     i44721613    A:40 X:19 Y:00 S:E0 P:nvUbdizC  $00:9F06: 10 FC    BPL $9F04
f133    c3931115     i44721614    A:40 X:19 Y:00 S:E0 P:nvUbdizC  $00:9F04: A5 1B    LDA $1B = #$40
f133    c3931118     i44721615    A:40 X:19 Y:00 S:E0 P:nvUbdizC  $00:9F06: 10 FC    BPL $9F04
f133    c3931121     i44721616    A:40 X:19 Y:00 S:E0 P:nvUbdizC  $00:9F04: A5 1B    LDA $1B = #$40
f133    c3931124     i44721617    A:40 X:19 Y:00 S:E0 P:nvUbdizC  $00:9F06: 10 FC    BPL $9F04
f133    c3931127     i44721618    A:40 X:19 Y:00 S:E0 P:nvUbdizC  $00:9F04: A5 1B    LDA $1B = #$40
f133    c3931130     i44721619    A:40 X:19 Y:00 S:E0 P:nvUbdizC  $00:9F06: 10 FC    BPL $9F04
f133    c3931133     i44721620    A:40 X:19 Y:00 S:E0 P:nvUbdizC  $00:9F04: A5 1B    LDA $1B = #$40
f133    c3931136     i44721621    A:40 X:19 Y:00 S:E0 P:nvUbdizC  $00:9F06: 10 FC    BPL $9F04
f133    c3931139     i44721622    A:40 X:19 Y:00 S:E0 P:nvUbdizC  $00:9F04: A5 1B    LDA $1B = #$40
f133    c3931142     i44721623    A:40 X:19 Y:00 S:E0 P:nvUbdizC  $00:9F06: 10 FC    BPL $9F04
f133    c3931152     i44721624    A:40 X:19 Y:00 S:DD P:nvUbdIzC  $0F:C500: 4C 6E C7 JMP $C76E
f133    c3931155     i44721625    A:40 X:19 Y:00 S:DD P:nvUbdIzC  $0F:C76E: 24 1B    BIT $1B = #$40
f133    c3931158     i44721626    A:40 X:19 Y:00 S:DD P:nVUbdIzC  $0F:C770: 50 03    BVC $C775
f133    c3931160     i44721627    A:40 X:19 Y:00 S:DD P:nVUbdIzC  $0F:C772: 4C 21 C4 JMP $C421
f133    c3931163     i44721628    A:40 X:19 Y:00 S:DD P:nVUbdIzC  $0F:C421: 24 3B    BIT $3B = #$55
f133    c3931166     i44721629    A:40 X:19 Y:00 S:DD P:nVUbdIzC  $0F:C423: 30 4D    BMI $C472
f133    c3931168     i44721630    A:40 X:19 Y:00 S:DD P:nVUbdIzC  $0F:C425: 38       SEC
f133    c3931170     i44721631    A:40 X:19 Y:00 S:DD P:nVUbdIzC  $0F:C426: 66 3B    ROR $3B = #$55
f133    c3931175     i44721632    A:40 X:19 Y:00 S:DD P:NVUbdIzC  $0F:C428: 85 3C    STA $3C = #$40
f133    c3931178     i44721633    A:40 X:19 Y:00 S:DD P:NVUbdIzC  $0F:C42A: 86 3D    STX $3D = #$19
f133    c3931181     i44721634    A:40 X:19 Y:00 S:DD P:NVUbdIzC  $0F:C42C: 84 3E    STY $3E = #$00
f133    c3931184     i44721635    A:40 X:19 Y:00 S:DD P:NVUbdIzC  $0F:C42E: A5 22    LDA $22 = #$00
f133    c3931187     i44721636    A:00 X:19 Y:00 S:DD P:nVUbdIZC  $0F:C430: 09 07    ORA #$07
f133    c3931189     i44721637    A:07 X:19 Y:00 S:DD P:nVUbdIzC  $0F:C432: 8D 00 80 STA $8000 = #$A5
f133    c3931193     i44721638    A:07 X:19 Y:00 S:DD P:nVUbdIzC  $0F:C435: A9 02    LDA #$02
f133    c3931195     i44721639    A:02 X:19 Y:00 S:DD P:nVUbdIzC  $0F:C437: 8D 01 80 STA $8001 = #$27
f139    c4109753     i44778738    A:40 X:19 Y:00 S:E0 P:nvUbdizC  $00:9F04: A5 1B    LDA $1B = #$40
f139    c4109756     i44778739    A:40 X:19 Y:00 S:E0 P:nvUbdizC  $00:9F06: 10 FC    BPL $9F04
f139    c4109759     i44778740    A:40 X:19 Y:00 S:E0 P:nvUbdizC  $00:9F04: A5 1B    LDA $1B = #$40
f139    c4109762     i44778741    A:40 X:19 Y:00 S:E0 P:nvUbdizC  $00:9F06: 10 FC    BPL $9F04
f139    c4109765     i44778742    A:40 X:19 Y:00 S:E0 P:nvUbdizC  $00:9F04: A5 1B    LDA $1B = #$40
f139    c4109768     i44778743    A:40 X:19 Y:00 S:E0 P:nvUbdizC  $00:9F06: 10 FC    BPL $9F04
f139    c4109771     i44778744    A:40 X:19 Y:00 S:E0 P:nvUbdizC  $00:9F04: A5 1B    LDA $1B = #$40
f139    c4109774     i44778745    A:40 X:19 Y:00 S:E0 P:nvUbdizC  $00:9F06: 10 FC    BPL $9F04
f139    c4109777     i44778746    A:40 X:19 Y:00 S:E0 P:nvUbdizC  $00:9F04: A5 1B    LDA $1B = #$40
f139    c4109780     i44778747    A:40 X:19 Y:00 S:E0 P:nvUbdizC  $00:9F06: 10 FC    BPL $9F04
f139    c4109783     i44778748    A:40 X:19 Y:00 S:E0 P:nvUbdizC  $00:9F04: A5 1B    LDA $1B = #$40
f139    c4109786     i44778749    A:40 X:19 Y:00 S:E0 P:nvUbdizC  $00:9F06: 10 FC    BPL $9F04
f139    c4109789     i44778750    A:40 X:19 Y:00 S:E0 P:nvUbdizC  $00:9F04: A5 1B    LDA $1B = #$40
f139    c4109792     i44778751    A:40 X:19 Y:00 S:E0 P:nvUbdizC  $00:9F06: 10 FC    BPL $9F04
f139    c4109795     i44778752    A:40 X:19 Y:00 S:E0 P:nvUbdizC  $00:9F04: A5 1B    LDA $1B = #$40
f139    c4109798     i44778753    A:40 X:19 Y:00 S:E0 P:nvUbdizC  $00:9F06: 10 FC    BPL $9F04
f139    c4109801     i44778754    A:40 X:19 Y:00 S:E0 P:nvUbdizC  $00:9F04: A5 1B    LDA $1B = #$40
f139    c4109804     i44778755    A:40 X:19 Y:00 S:E0 P:nvUbdizC  $00:9F06: 10 FC    BPL $9F04
f139    c4109807     i44778756    A:40 X:19 Y:00 S:E0 P:nvUbdizC  $00:9F04: A5 1B    LDA $1B = #$40
f139    c4109810     i44778757    A:40 X:19 Y:00 S:E0 P:nvUbdizC  $00:9F06: 10 FC    BPL $9F04
f139    c4109813     i44778758    A:40 X:19 Y:00 S:E0 P:nvUbdizC  $00:9F04: A5 1B    LDA $1B = #$40
f139    c4109816     i44778759    A:40 X:19 Y:00 S:E0 P:nvUbdizC  $00:9F06: 10 FC    BPL $9F04
f139    c4109819     i44778760    A:40 X:19 Y:00 S:E0 P:nvUbdizC  $00:9F04: A5 1B    LDA $1B = #$40
f139    c4109822     i44778761    A:40 X:19 Y:00 S:E0 P:nvUbdizC  $00:9F06: 10 FC    BPL $9F04
f139    c4109825     i44778762    A:40 X:19 Y:00 S:E0 P:nvUbdizC  $00:9F04: A5 1B    LDA $1B = #$40
f139    c4109835     i44778763    A:40 X:19 Y:00 S:DD P:nvUbdIzC  $0F:C500: 4C 6E C7 JMP $C76E
f139    c4109838     i44778764    A:40 X:19 Y:00 S:DD P:nvUbdIzC  $0F:C76E: 24 1B    BIT $1B = #$40
f139    c4109841     i44778765    A:40 X:19 Y:00 S:DD P:nVUbdIzC  $0F:C770: 50 03    BVC $C775
f139    c4109843     i44778766    A:40 X:19 Y:00 S:DD P:nVUbdIzC  $0F:C772: 4C 21 C4 JMP $C421
f139    c4109846     i44778767    A:40 X:19 Y:00 S:DD P:nVUbdIzC  $0F:C421: 24 3B    BIT $3B = #$55
f139    c4109849     i44778768    A:40 X:19 Y:00 S:DD P:nVUbdIzC  $0F:C423: 30 4D    BMI $C472
f139    c4109851     i44778769    A:40 X:19 Y:00 S:DD P:nVUbdIzC  $0F:C425: 38       SEC
f139    c4109853     i44778770    A:40 X:19 Y:00 S:DD P:nVUbdIzC  $0F:C426: 66 3B    ROR $3B = #$55
f139    c4109858     i44778771    A:40 X:19 Y:00 S:DD P:NVUbdIzC  $0F:C428: 85 3C    STA $3C = #$40
f139    c4109861     i44778772    A:40 X:19 Y:00 S:DD P:NVUbdIzC  $0F:C42A: 86 3D    STX $3D = #$19
f139    c4109864     i44778773    A:40 X:19 Y:00 S:DD P:NVUbdIzC  $0F:C42C: 84 3E    STY $3E = #$00
f139    c4109867     i44778774    A:40 X:19 Y:00 S:DD P:NVUbdIzC  $0F:C42E: A5 22    LDA $22 = #$00
f139    c4109870     i44778775    A:00 X:19 Y:00 S:DD P:nVUbdIZC  $0F:C430: 09 07    ORA #$07
f139    c4109872     i44778776    A:07 X:19 Y:00 S:DD P:nVUbdIzC  $0F:C432: 8D 00 80 STA $8000 = #$A5
f139    c4109876     i44778777    A:07 X:19 Y:00 S:DD P:nVUbdIzC  $0F:C435: A9 02    LDA #$02
f139    c4109878     i44778778    A:02 X:19 Y:00 S:DD P:nVUbdIzC  $0F:C437: 8D 01 80 STA $8001 = #$27
f139    c4109882     i44778779    A:02 X:19 Y:00 S:DD P:nVUbdIzC  $0F:C43A: 20 00 A0 JSR $A000
f140    c4140689     i44788465    A:00 X:01 Y:07 S:DB P:nVUbdIzc  $01:A0ED: BD 15 40 LDA $4015,X @ $4016 = #$00
f140    c4140693     i44788466    A:40 X:01 Y:07 S:DB P:nVUbdIzc  $01:A0F0: 4A       LSR
f140    c4140695     i44788467    A:20 X:01 Y:07 S:DB P:nVUbdIzc  $01:A0F1: 26 3F    ROL $3F = #$00
f140    c4140700     i44788468    A:20 X:01 Y:07 S:DB P:nVUbdIZc  $01:A0F3: 29 01    AND #$01
f140    c4140702     i44788469    A:00 X:01 Y:07 S:DB P:nVUbdIZc  $01:A0F5: 05 3F    ORA $3F = #$00
f140    c4140705     i44788470    A:00 X:01 Y:07 S:DB P:nVUbdIZc  $01:A0F7: 85 3F    STA $3F = #$00
f140    c4140708     i44788471    A:00 X:01 Y:07 S:DB P:nVUbdIZc  $01:A0F9: 88       DEY
f140    c4140710     i44788472    A:00 X:01 Y:06 S:DB P:nVUbdIzc  $01:A0FA: D0 F1    BNE $A0ED
f140    c4140713     i44788473    A:00 X:01 Y:06 S:DB P:nVUbdIzc  $01:A0ED: BD 15 40 LDA $4015,X @ $4016 = #$00
f140    c4140717     i44788474    A:40 X:01 Y:06 S:DB P:nVUbdIzc  $01:A0F0: 4A       LSR
f140    c4140719     i44788475    A:20 X:01 Y:06 S:DB P:nVUbdIzc  $01:A0F1: 26 3F    ROL $3F = #$00
f140    c4140724     i44788476    A:20 X:01 Y:06 S:DB P:nVUbdIZc  $01:A0F3: 29 01    AND #$01
f140    c4140726     i44788477    A:00 X:01 Y:06 S:DB P:nVUbdIZc  $01:A0F5: 05 3F    ORA $3F = #$00
f140    c4140729     i44788478    A:00 X:01 Y:06 S:DB P:nVUbdIZc  $01:A0F7: 85 3F    STA $3F = #$00
f140    c4140732     i44788479    A:00 X:01 Y:06 S:DB P:nVUbdIZc  $01:A0F9: 88       DEY
f140    c4140734     i44788480    A:00 X:01 Y:05 S:DB P:nVUbdIzc  $01:A0FA: D0 F1    BNE $A0ED
f140    c4140737     i44788481    A:00 X:01 Y:05 S:DB P:nVUbdIzc  $01:A0ED: BD 15 40 LDA $4015,X @ $4016 = #$00
f140    c4140741     i44788482    A:40 X:01 Y:05 S:DB P:nVUbdIzc  $01:A0F0: 4A       LSR
f140    c4140743     i44788483    A:20 X:01 Y:05 S:DB P:nVUbdIzc  $01:A0F1: 26 3F    ROL $3F = #$00
f140    c4140748     i44788484    A:20 X:01 Y:05 S:DB P:nVUbdIZc  $01:A0F3: 29 01    AND #$01
f140    c4140750     i44788485    A:00 X:01 Y:05 S:DB P:nVUbdIZc  $01:A0F5: 05 3F    ORA $3F = #$00
f140    c4140753     i44788486    A:00 X:01 Y:05 S:DB P:nVUbdIZc  $01:A0F7: 85 3F    STA $3F = #$00
f140    c4140756     i44788487    A:00 X:01 Y:05 S:DB P:nVUbdIZc  $01:A0F9: 88       DEY
f140    c4140758     i44788488    A:00 X:01 Y:04 S:DB P:nVUbdIzc  $01:A0FA: D0 F1    BNE $A0ED
f140    c4140761     i44788489    A:00 X:01 Y:04 S:DB P:nVUbdIzc  $01:A0ED: BD 15 40 LDA $4015,X @ $4016 = #$00
f140    c4140765     i44788490    A:40 X:01 Y:04 S:DB P:nVUbdIzc  $01:A0F0: 4A       LSR
f140    c4140767     i44788491    A:20 X:01 Y:04 S:DB P:nVUbdIzc  $01:A0F1: 26 3F    ROL $3F = #$00
f140    c4140772     i44788492    A:20 X:01 Y:04 S:DB P:nVUbdIZc  $01:A0F3: 29 01    AND #$01
f140    c4140774     i44788493    A:00 X:01 Y:04 S:DB P:nVUbdIZc  $01:A0F5: 05 3F    ORA $3F = #$00
f140    c4140777     i44788494    A:00 X:01 Y:04 S:DB P:nVUbdIZc  $01:A0F7: 85 3F    STA $3F = #$00
f140    c4140780     i44788495    A:00 X:01 Y:04 S:DB P:nVUbdIZc  $01:A0F9: 88       DEY
f140    c4140782     i44788496    A:00 X:01 Y:03 S:DB P:nVUbdIzc  $01:A0FA: D0 F1    BNE $A0ED
f140    c4140785     i44788497    A:00 X:01 Y:03 S:DB P:nVUbdIzc  $01:A0ED: BD 15 40 LDA $4015,X @ $4016 = #$00
f140    c4140789     i44788498    A:40 X:01 Y:03 S:DB P:nVUbdIzc  $01:A0F0: 4A       LSR
f140    c4140791     i44788499    A:20 X:01 Y:03 S:DB P:nVUbdIzc  $01:A0F1: 26 3F    ROL $3F = #$00
f140    c4140796     i44788500    A:20 X:01 Y:03 S:DB P:nVUbdIZc  $01:A0F3: 29 01    AND #$01
f140    c4140798     i44788501    A:00 X:01 Y:03 S:DB P:nVUbdIZc  $01:A0F5: 05 3F    ORA $3F = #$00
f140    c4140801     i44788502    A:00 X:01 Y:03 S:DB P:nVUbdIZc  $01:A0F7: 85 3F    STA $3F = #$00
f140    c4140804     i44788503    A:00 X:01 Y:03 S:DB P:nVUbdIZc  $01:A0F9: 88       DEY
f140    c4140806     i44788504    A:00 X:01 Y:02 S:DB P:nVUbdIzc  $01:A0FA: D0 F1    BNE $A0ED
f140    c4140809     i44788505    A:00 X:01 Y:02 S:DB P:nVUbdIzc  $01:A0ED: BD 15 40 LDA $4015,X @ $4016 = #$00
f140    c4140813     i44788506    A:40 X:01 Y:02 S:DB P:nVUbdIzc  $01:A0F0: 4A       LSR
f144    c4259591     i44826485    A:00 X:02 Y:06 S:DB P:nVUbdIzc  $01:A0ED: BD 15 40 LDA $4015,X @ $4017 = #$01
f144    c4259595     i44826486    A:40 X:02 Y:06 S:DB P:nVUbdIzc  $01:A0F0: 4A       LSR
f144    c4259597     i44826487    A:20 X:02 Y:06 S:DB P:nVUbdIzc  $01:A0F1: 26 3F    ROL $3F = #$00
f144    c4259602     i44826488    A:20 X:02 Y:06 S:DB P:nVUbdIZc  $01:A0F3: 29 01    AND #$01
f144    c4259604     i44826489    A:00 X:02 Y:06 S:DB P:nVUbdIZc  $01:A0F5: 05 3F    ORA $3F = #$00
f144    c4259607     i44826490    A:00 X:02 Y:06 S:DB P:nVUbdIZc  $01:A0F7: 85 3F    STA $3F = #$00
f144    c4259610     i44826491    A:00 X:02 Y:06 S:DB P:nVUbdIZc  $01:A0F9: 88       DEY
f144    c4259612     i44826492    A:00 X:02 Y:05 S:DB P:nVUbdIzc  $01:A0FA: D0 F1    BNE $A0ED
f144    c4259615     i44826493    A:00 X:02 Y:05 S:DB P:nVUbdIzc  $01:A0ED: BD 15 40 LDA $4015,X @ $4017 = #$01
f144    c4259619     i44826494    A:40 X:02 Y:05 S:DB P:nVUbdIzc  $01:A0F0: 4A       LSR
f144    c4259621     i44826495    A:20 X:02 Y:05 S:DB P:nVUbdIzc  $01:A0F1: 26 3F    ROL $3F = #$00
f144    c4259626     i44826496    A:20 X:02 Y:05 S:DB P:nVUbdIZc  $01:A0F3: 29 01    AND #$01
f144    c4259628     i44826497    A:00 X:02 Y:05 S:DB P:nVUbdIZc  $01:A0F5: 05 3F    ORA $3F = #$00
f144    c4259631     i44826498    A:00 X:02 Y:05 S:DB P:nVUbdIZc  $01:A0F7: 85 3F    STA $3F = #$00
f144    c4259634     i44826499    A:00 X:02 Y:05 S:DB P:nVUbdIZc  $01:A0F9: 88       DEY
f144    c4259636     i44826500    A:00 X:02 Y:04 S:DB P:nVUbdIzc  $01:A0FA: D0 F1    BNE $A0ED
f144    c4259639     i44826501    A:00 X:02 Y:04 S:DB P:nVUbdIzc  $01:A0ED: BD 15 40 LDA $4015,X @ $4017 = #$01
f144    c4259643     i44826502    A:40 X:02 Y:04 S:DB P:nVUbdIzc  $01:A0F0: 4A       LSR
f144    c4259645     i44826503    A:20 X:02 Y:04 S:DB P:nVUbdIzc  $01:A0F1: 26 3F    ROL $3F = #$00
f144    c4259650     i44826504    A:20 X:02 Y:04 S:DB P:nVUbdIZc  $01:A0F3: 29 01    AND #$01
f144    c4259652     i44826505    A:00 X:02 Y:04 S:DB P:nVUbdIZc  $01:A0F5: 05 3F    ORA $3F = #$00
f144    c4259655     i44826506    A:00 X:02 Y:04 S:DB P:nVUbdIZc  $01:A0F7: 85 3F    STA $3F = #$00
f144    c4259658     i44826507    A:00 X:02 Y:04 S:DB P:nVUbdIZc  $01:A0F9: 88       DEY
f144    c4259660     i44826508    A:00 X:02 Y:03 S:DB P:nVUbdIzc  $01:A0FA: D0 F1    BNE $A0ED
f144    c4259663     i44826509    A:00 X:02 Y:03 S:DB P:nVUbdIzc  $01:A0ED: BD 15 40 LDA $4015,X @ $4017 = #$01
f144    c4259667     i44826510    A:40 X:02 Y:03 S:DB P:nVUbdIzc  $01:A0F0: 4A       LSR
f144    c4259669     i44826511    A:20 X:02 Y:03 S:DB P:nVUbdIzc  $01:A0F1: 26 3F    ROL $3F = #$00
f144    c4259674     i44826512    A:20 X:02 Y:03 S:DB P:nVUbdIZc  $01:A0F3: 29 01    AND #$01
f144    c4259676     i44826513    A:00 X:02 Y:03 S:DB P:nVUbdIZc  $01:A0F5: 05 3F    ORA $3F = #$00
f144    c4259679     i44826514    A:00 X:02 Y:03 S:DB P:nVUbdIZc  $01:A0F7: 85 3F    STA $3F = #$00
f144    c4259682     i44826515    A:00 X:02 Y:03 S:DB P:nVUbdIZc  $01:A0F9: 88       DEY
f144    c4259684     i44826516    A:00 X:02 Y:02 S:DB P:nVUbdIzc  $01:A0FA: D0 F1    BNE $A0ED
f144    c4259687     i44826517    A:00 X:02 Y:02 S:DB P:nVUbdIzc  $01:A0ED: BD 15 40 LDA $4015,X @ $4017 = #$01
f144    c4259691     i44826518    A:40 X:02 Y:02 S:DB P:nVUbdIzc  $01:A0F0: 4A       LSR
f144    c4259693     i44826519    A:20 X:02 Y:02 S:DB P:nVUbdIzc  $01:A0F1: 26 3F    ROL $3F = #$00
f144    c4259698     i44826520    A:20 X:02 Y:02 S:DB P:nVUbdIZc  $01:A0F3: 29 01    AND #$01
f144    c4259700     i44826521    A:00 X:02 Y:02 S:DB P:nVUbdIZc  $01:A0F5: 05 3F    ORA $3F = #$00
f144    c4259703     i44826522    A:00 X:02 Y:02 S:DB P:nVUbdIZc  $01:A0F7: 85 3F    STA $3F = #$00
f144    c4259706     i44826523    A:00 X:02 Y:02 S:DB P:nVUbdIZc  $01:A0F9: 88       DEY
f144    c4259708     i44826524    A:00 X:02 Y:01 S:DB P:nVUbdIzc  $01:A0FA: D0 F1    BNE $A0ED
f144    c4259711     i44826525    A:00 X:02 Y:01 S:DB P:nVUbdIzc  $01:A0ED: BD 15 40 LDA $4015,X @ $4017 = #$01
f144    c4259715     i44826526    A:40 X:02 Y:01 S:DB P:nVUbdIzc  $01:A0F0: 4A       LSR
f145    c4288433     i44835876    A:40 X:19 Y:00 S:E0 P:nvUbdizC  $00:9F04: A5 1B    LDA $1B = #$40
f145    c4288436     i44835877    A:40 X:19 Y:00 S:E0 P:nvUbdizC  $00:9F06: 10 FC    BPL $9F04
f145    c4288439     i44835878    A:40 X:19 Y:00 S:E0 P:nvUbdizC  $00:9F04: A5 1B    LDA $1B = #$40
f145    c4288442     i44835879    A:40 X:19 Y:00 S:E0 P:nvUbdizC  $00:9F06: 10 FC    BPL $9F04
f145    c4288445     i44835880    A:40 X:19 Y:00 S:E0 P:nvUbdizC  $00:9F04: A5 1B    LDA $1B = #$40
f145    c4288448     i44835881    A:40 X:19 Y:00 S:E0 P:nvUbdizC  $00:9F06: 10 FC    BPL $9F04
f145    c4288451     i44835882    A:40 X:19 Y:00 S:E0 P:nvUbdizC  $00:9F04: A5 1B    LDA $1B = #$40
f145    c4288454     i44835883    A:40 X:19 Y:00 S:E0 P:nvUbdizC  $00:9F06: 10 FC    BPL $9F04
f145    c4288457     i44835884    A:40 X:19 Y:00 S:E0 P:nvUbdizC  $00:9F04: A5 1B    LDA $1B = #$40
f145    c4288460     i44835885    A:40 X:19 Y:00 S:E0 P:nvUbdizC  $00:9F06: 10 FC    BPL $9F04
f145    c4288463     i44835886    A:40 X:19 Y:00 S:E0 P:nvUbdizC  $00:9F04: A5 1B    LDA $1B = #$40
f145    c4288466     i44835887    A:40 X:19 Y:00 S:E0 P:nvUbdizC  $00:9F06: 10 FC    BPL $9F04
f145    c4288469     i44835888    A:40 X:19 Y:00 S:E0 P:nvUbdizC  $00:9F04: A5 1B    LDA $1B = #$40
f145    c4288472     i44835889    A:40 X:19 Y:00 S:E0 P:nvUbdizC  $00:9F06: 10 FC    BPL $9F04
f145    c4288475     i44835890    A:40 X:19 Y:00 S:E0 P:nvUbdizC  $00:9F04: A5 1B    LDA $1B = #$40
f145    c4288478     i44835891    A:40 X:19 Y:00 S:E0 P:nvUbdizC  $00:9F06: 10 FC    BPL $9F04
f145    c4288481     i44835892    A:40 X:19 Y:00 S:E0 P:nvUbdizC  $00:9F04: A5 1B    LDA $1B = #$40
f145    c4288484     i44835893    A:40 X:19 Y:00 S:E0 P:nvUbdizC  $00:9F06: 10 FC    BPL $9F04
f145    c4288487     i44835894    A:40 X:19 Y:00 S:E0 P:nvUbdizC  $00:9F04: A5 1B    LDA $1B = #$40
f145    c4288490     i44835895    A:40 X:19 Y:00 S:E0 P:nvUbdizC  $00:9F06: 10 FC    BPL $9F04
f145    c4288493     i44835896    A:40 X:19 Y:00 S:E0 P:nvUbdizC  $00:9F04: A5 1B    LDA $1B = #$40
f145    c4288496     i44835897    A:40 X:19 Y:00 S:E0 P:nvUbdizC  $00:9F06: 10 FC    BPL $9F04
f145    c4288499     i44835898    A:40 X:19 Y:00 S:E0 P:nvUbdizC  $00:9F04: A5 1B    LDA $1B = #$40
f145    c4288502     i44835899    A:40 X:19 Y:00 S:E0 P:nvUbdizC  $00:9F06: 10 FC    BPL $9F04
f145    c4288505     i44835900    A:40 X:19 Y:00 S:E0 P:nvUbdizC  $00:9F04: A5 1B    LDA $1B = #$40
f145    c4288508     i44835901    A:40 X:19 Y:00 S:E0 P:nvUbdizC  $00:9F06: 10 FC    BPL $9F04
f145    c4288518     i44835902    A:40 X:19 Y:00 S:DD P:nvUbdIzC  $0F:C500: 4C 6E C7 JMP $C76E
f145    c4288521     i44835903    A:40 X:19 Y:00 S:DD P:nvUbdIzC  $0F:C76E: 24 1B    BIT $1B = #$40
f145    c4288524     i44835904    A:40 X:19 Y:00 S:DD P:nVUbdIzC  $0F:C770: 50 03    BVC $C775
f145    c4288526     i44835905    A:40 X:19 Y:00 S:DD P:nVUbdIzC  $0F:C772: 4C 21 C4 JMP $C421
f145    c4288529     i44835906    A:40 X:19 Y:00 S:DD P:nVUbdIzC  $0F:C421: 24 3B    BIT $3B = #$55
f145    c4288532     i44835907    A:40 X:19 Y:00 S:DD P:nVUbdIzC  $0F:C423: 30 4D    BMI $C472
f145    c4288534     i44835908    A:40 X:19 Y:00 S:DD P:nVUbdIzC  $0F:C425: 38       SEC
f145    c4288536     i44835909    A:40 X:19 Y:00 S:DD P:nVUbdIzC  $0F:C426: 66 3B    ROR $3B = #$55
f145    c4288541     i44835910    A:40 X:19 Y:00 S:DD P:NVUbdIzC  $0F:C428: 85 3C    STA $3C = #$40
f145    c4288544     i44835911    A:40 X:19 Y:00 S:DD P:NVUbdIzC  $0F:C42A: 86 3D    STX $3D = #$19
f145    c4288547     i44835912    A:40 X:19 Y:00 S:DD P:NVUbdIzC  $0F:C42C: 84 3E    STY $3E = #$00
f145    c4288550     i44835913    A:40 X:19 Y:00 S:DD P:NVUbdIzC  $0F:C42E: A5 22    LDA $22 = #$00
f145    c4288553     i44835914    A:00 X:19 Y:00 S:DD P:nVUbdIZC  $0F:C430: 09 07    ORA #$07
f145    c4288555     i44835915    A:07 X:19 Y:00 S:DD P:nVUbdIzC  $0F:C432: 8D 00 80 STA $8000 = #$A5
f145    c4288559     i44835916    A:07 X:19 Y:00 S:DD P:nVUbdIzC  $0F:C435: A9 02    LDA #$02
f145    c4288561     i44835917    A:02 X:19 Y:00 S:DD P:nVUbdIzC  $0F:C437: 8D 01 80 STA $8001 = #$27
f151    c4467119     i44893016    A:40 X:19 Y:00 S:E0 P:nvUbdizC  $00:9F04: A5 1B    LDA $1B = #$40
f151    c4467122     i44893017    A:40 X:19 Y:00 S:E0 P:nvUbdizC  $00:9F06: 10 FC    BPL $9F04
f151    c4467125     i44893018    A:40 X:19 Y:00 S:E0 P:nvUbdizC  $00:9F04: A5 1B    LDA $1B = #$40
f151    c4467128     i44893019    A:40 X:19 Y:00 S:E0 P:nvUbdizC  $00:9F06: 10 FC    BPL $9F04
f151    c4467131     i44893020    A:40 X:19 Y:00 S:E0 P:nvUbdizC  $00:9F04: A5 1B    LDA $1B = #$40
f151    c4467134     i44893021    A:40 X:19 Y:00 S:E0 P:nvUbdizC  $00:9F06: 10 FC    BPL $9F04
f151    c4467137     i44893022    A:40 X:19 Y:00 S:E0 P:nvUbdizC  $00:9F04: A5 1B    LDA $1B = #$40
f151    c4467140     i44893023    A:40 X:19 Y:00 S:E0 P:nvUbdizC  $00:9F06: 10 FC    BPL $9F04
f151    c4467143     i44893024    A:40 X:19 Y:00 S:E0 P:nvUbdizC  $00:9F04: A5 1B    LDA $1B = #$40
f151    c4467146     i44893025    A:40 X:19 Y:00 S:E0 P:nvUbdizC  $00:9F06: 10 FC    BPL $9F04
f151    c4467149     i44893026    A:40 X:19 Y:00 S:E0 P:nvUbdizC  $00:9F04: A5 1B    LDA $1B = #$40
f151    c4467152     i44893027    A:40 X:19 Y:00 S:E0 P:nvUbdizC  $00:9F06: 10 FC    BPL $9F04
f151    c4467155     i44893028    A:40 X:19 Y:00 S:E0 P:nvUbdizC  $00:9F04: A5 1B    LDA $1B = #$40
f151    c4467158     i44893029    A:40 X:19 Y:00 S:E0 P:nvUbdizC  $00:9F06: 10 FC    BPL $9F04
f151    c4467161     i44893030    A:40 X:19 Y:00 S:E0 P:nvUbdizC  $00:9F04: A5 1B    LDA $1B = #$40
f151    c4467164     i44893031    A:40 X:19 Y:00 S:E0 P:nvUbdizC  $00:9F06: 10 FC    BPL $9F04
f151    c4467167     i44893032    A:40 X:19 Y:00 S:E0 P:nvUbdizC  $00:9F04: A5 1B    LDA $1B = #$40
f151    c4467170     i44893033    A:40 X:19 Y:00 S:E0 P:nvUbdizC  $00:9F06: 10 FC    BPL $9F04
f151    c4467173     i44893034    A:40 X:19 Y:00 S:E0 P:nvUbdizC  $00:9F04: A5 1B    LDA $1B = #$40
f151    c4467176     i44893035    A:40 X:19 Y:00 S:E0 P:nvUbdizC  $00:9F06: 10 FC    BPL $9F04
f151    c4467179     i44893036    A:40 X:19 Y:00 S:E0 P:nvUbdizC  $00:9F04: A5 1B    LDA $1B = #$40
f151    c4467182     i44893037    A:40 X:19 Y:00 S:E0 P:nvUbdizC  $00:9F06: 10 FC    BPL $9F04
f151    c4467185     i44893038    A:40 X:19 Y:00 S:E0 P:nvUbdizC  $00:9F04: A5 1B    LDA $1B = #$40
f151    c4467188     i44893039    A:40 X:19 Y:00 S:E0 P:nvUbdizC  $00:9F06: 10 FC    BPL $9F04
f151    c4467191     i44893040    A:40 X:19 Y:00 S:E0 P:nvUbdizC  $00:9F04: A5 1B    LDA $1B = #$40
f151    c4467201     i44893041    A:40 X:19 Y:00 S:DD P:nvUbdIzC  $0F:C500: 4C 6E C7 JMP $C76E
f151    c4467204     i44893042    A:40 X:19 Y:00 S:DD P:nvUbdIzC  $0F:C76E: 24 1B    BIT $1B = #$40
f151    c4467207     i44893043    A:40 X:19 Y:00 S:DD P:nVUbdIzC  $0F:C770: 50 03    BVC $C775
f151    c4467209     i44893044    A:40 X:19 Y:00 S:DD P:nVUbdIzC  $0F:C772: 4C 21 C4 JMP $C421
f151    c4467212     i44893045    A:40 X:19 Y:00 S:DD P:nVUbdIzC  $0F:C421: 24 3B    BIT $3B = #$55
f151    c4467215     i44893046    A:40 X:19 Y:00 S:DD P:nVUbdIzC  $0F:C423: 30 4D    BMI $C472
f151    c4467217     i44893047    A:40 X:19 Y:00 S:DD P:nVUbdIzC  $0F:C425: 38       SEC
f151    c4467219     i44893048    A:40 X:19 Y:00 S:DD P:nVUbdIzC  $0F:C426: 66 3B    ROR $3B = #$55
f151    c4467224     i44893049    A:40 X:19 Y:00 S:DD P:NVUbdIzC  $0F:C428: 85 3C    STA $3C = #$40
f151    c4467227     i44893050    A:40 X:19 Y:00 S:DD P:NVUbdIzC  $0F:C42A: 86 3D    STX $3D = #$19
f151    c4467230     i44893051    A:40 X:19 Y:00 S:DD P:NVUbdIzC  $0F:C42C: 84 3E    STY $3E = #$00
f151    c4467233     i44893052    A:40 X:19 Y:00 S:DD P:NVUbdIzC  $0F:C42E: A5 22    LDA $22 = #$00
f151    c4467236     i44893053    A:00 X:19 Y:00 S:DD P:nVUbdIZC  $0F:C430: 09 07    ORA #$07
f151    c4467238     i44893054    A:07 X:19 Y:00 S:DD P:nVUbdIzC  $0F:C432: 8D 00 80 STA $8000 = #$A5
f151    c4467242     i44893055    A:07 X:19 Y:00 S:DD P:nVUbdIzC  $0F:C435: A9 02    LDA #$02
f151    c4467244     i44893056    A:02 X:19 Y:00 S:DD P:nVUbdIzC  $0F:C437: 8D 01 80 STA $8001 = #$27
f151    c4467248     i44893057    A:02 X:19 Y:00 S:DD P:nVUbdIzC  $0F:C43A: 20 00 A0 JSR $A000
f152    c4498055     i44902743    A:00 X:01 Y:07 S:DB P:nVUbdIzc  $01:A0ED: BD 15 40 LDA $4015,X @ $4016 = #$00
f152    c4498059     i44902744    A:40 X:01 Y:07 S:DB P:nVUbdIzc  $01:A0F0: 4A       LSR
f152    c4498061     i44902745    A:20 X:01 Y:07 S:DB P:nVUbdIzc  $01:A0F1: 26 3F    ROL $3F = #$00
f152    c4498066     i44902746    A:20 X:01 Y:07 S:DB P:nVUbdIZc  $01:A0F3: 29 01    AND #$01
f152    c4498068     i44902747    A:00 X:01 Y:07 S:DB P:nVUbdIZc  $01:A0F5: 05 3F    ORA $3F = #$00
f152    c4498071     i44902748    A:00 X:01 Y:07 S:DB P:nVUbdIZc  $01:A0F7: 85 3F    STA $3F = #$00
f152    c4498074     i44902749    A:00 X:01 Y:07 S:DB P:nVUbdIZc  $01:A0F9: 88       DEY
f152    c4498076     i44902750    A:00 X:01 Y:06 S:DB P:nVUbdIzc  $01:A0FA: D0 F1    BNE $A0ED
f152    c4498079     i44902751    A:00 X:01 Y:06 S:DB P:nVUbdIzc  $01:A0ED: BD 15 40 LDA $4015,X @ $4016 = #$00
f152    c4498083     i44902752    A:40 X:01 Y:06 S:DB P:nVUbdIzc  $01:A0F0: 4A       LSR
f152    c4498085     i44902753    A:20 X:01 Y:06 S:DB P:nVUbdIzc  $01:A0F1: 26 3F    ROL $3F = #$00
f152    c4498090     i44902754    A:20 X:01 Y:06 S:DB P:nVUbdIZc  $01:A0F3: 29 01    AND #$01
f152    c4498092     i44902755    A:00 X:01 Y:06 S:DB P:nVUbdIZc  $01:A0F5: 05 3F    ORA $3F = #$00
f152    c4498095     i44902756    A:00 X:01 Y:06 S:DB P:nVUbdIZc  $01:A0F7: 85 3F    STA $3F = #$00
f152    c4498098     i44902757    A:00 X:01 Y:06 S:DB P:nVUbdIZc  $01:A0F9: 88       DEY
f152    c4498100     i44902758    A:00 X:01 Y:05 S:DB P:nVUbdIzc  $01:A0FA: D0 F1    BNE $A0ED
f152    c4498103     i44902759    A:00 X:01 Y:05 S:DB P:nVUbdIzc  $01:A0ED: BD 15 40 LDA $4015,X @ $4016 = #$00
f152    c4498107     i44902760    A:40 X:01 Y:05 S:DB P:nVUbdIzc  $01:A0F0: 4A       LSR
f152    c4498109     i44902761    A:20 X:01 Y:05 S:DB P:nVUbdIzc  $01:A0F1: 26 3F    ROL $3F = #$00
f152    c4498114     i44902762    A:20 X:01 Y:05 S:DB P:nVUbdIZc  $01:A0F3: 29 01    AND #$01
f152    c4498116     i44902763    A:00 X:01 Y:05 S:DB P:nVUbdIZc  $01:A0F5: 05 3F    ORA $3F = #$00
f152    c4498119     i44902764    A:00 X:01 Y:05 S:DB P:nVUbdIZc  $01:A0F7: 85 3F    STA $3F = #$00
f152    c4498122     i44902765    A:00 X:01 Y:05 S:DB P:nVUbdIZc  $01:A0F9: 88       DEY
f152    c4498124     i44902766    A:00 X:01 Y:04 S:DB P:nVUbdIzc  $01:A0FA: D0 F1    BNE $A0ED
f152    c4498127     i44902767    A:00 X:01 Y:04 S:DB P:nVUbdIzc  $01:A0ED: BD 15 40 LDA $4015,X @ $4016 = #$00
f152    c4498131     i44902768    A:40 X:01 Y:04 S:DB P:nVUbdIzc  $01:A0F0: 4A       LSR
f152    c4498133     i44902769    A:20 X:01 Y:04 S:DB P:nVUbdIzc  $01:A0F1: 26 3F    ROL $3F = #$00
f152    c4498138     i44902770    A:20 X:01 Y:04 S:DB P:nVUbdIZc  $01:A0F3: 29 01    AND #$01
f152    c4498140     i44902771    A:00 X:01 Y:04 S:DB P:nVUbdIZc  $01:A0F5: 05 3F    ORA $3F = #$00
f152    c4498143     i44902772    A:00 X:01 Y:04 S:DB P:nVUbdIZc  $01:A0F7: 85 3F    STA $3F = #$00
f152    c4498146     i44902773    A:00 X:01 Y:04 S:DB P:nVUbdIZc  $01:A0F9: 88       DEY
f152    c4498148     i44902774    A:00 X:01 Y:03 S:DB P:nVUbdIzc  $01:A0FA: D0 F1    BNE $A0ED
f152    c4498151     i44902775    A:00 X:01 Y:03 S:DB P:nVUbdIzc  $01:A0ED: BD 15 40 LDA $4015,X @ $4016 = #$00
f152    c4498155     i44902776    A:40 X:01 Y:03 S:DB P:nVUbdIzc  $01:A0F0: 4A       LSR
f152    c4498157     i44902777    A:20 X:01 Y:03 S:DB P:nVUbdIzc  $01:A0F1: 26 3F    ROL $3F = #$00
f152    c4498162     i44902778    A:20 X:01 Y:03 S:DB P:nVUbdIZc  $01:A0F3: 29 01    AND #$01
f152    c4498164     i44902779    A:00 X:01 Y:03 S:DB P:nVUbdIZc  $01:A0F5: 05 3F    ORA $3F = #$00
f152    c4498167     i44902780    A:00 X:01 Y:03 S:DB P:nVUbdIZc  $01:A0F7: 85 3F    STA $3F = #$00
f152    c4498170     i44902781    A:00 X:01 Y:03 S:DB P:nVUbdIZc  $01:A0F9: 88       DEY
f152    c4498172     i44902782    A:00 X:01 Y:02 S:DB P:nVUbdIzc  $01:A0FA: D0 F1    BNE $A0ED
f152    c4498175     i44902783    A:00 X:01 Y:02 S:DB P:nVUbdIzc  $01:A0ED: BD 15 40 LDA $4015,X @ $4016 = #$00
f152    c4498179     i44902784    A:40 X:01 Y:02 S:DB P:nVUbdIzc  $01:A0F0: 4A       LSR
f156    c4616957     i44940763    A:00 X:02 Y:06 S:DB P:nVUbdIzc  $01:A0ED: BD 15 40 LDA $4015,X @ $4017 = #$01
f156    c4616961     i44940764    A:40 X:02 Y:06 S:DB P:nVUbdIzc  $01:A0F0: 4A       LSR
f156    c4616963     i44940765    A:20 X:02 Y:06 S:DB P:nVUbdIzc  $01:A0F1: 26 3F    ROL $3F = #$00
f156    c4616968     i44940766    A:20 X:02 Y:06 S:DB P:nVUbdIZc  $01:A0F3: 29 01    AND #$01
f156    c4616970     i44940767    A:00 X:02 Y:06 S:DB P:nVUbdIZc  $01:A0F5: 05 3F    ORA $3F = #$00
f156    c4616973     i44940768    A:00 X:02 Y:06 S:DB P:nVUbdIZc  $01:A0F7: 85 3F    STA $3F = #$00
f156    c4616976     i44940769    A:00 X:02 Y:06 S:DB P:nVUbdIZc  $01:A0F9: 88       DEY
f156    c4616978     i44940770    A:00 X:02 Y:05 S:DB P:nVUbdIzc  $01:A0FA: D0 F1    BNE $A0ED
f156    c4616981     i44940771    A:00 X:02 Y:05 S:DB P:nVUbdIzc  $01:A0ED: BD 15 40 LDA $4015,X @ $4017 = #$01
f156    c4616985     i44940772    A:40 X:02 Y:05 S:DB P:nVUbdIzc  $01:A0F0: 4A       LSR
f156    c4616987     i44940773    A:20 X:02 Y:05 S:DB P:nVUbdIzc  $01:A0F1: 26 3F    ROL $3F = #$00
f156    c4616992     i44940774    A:20 X:02 Y:05 S:DB P:nVUbdIZc  $01:A0F3: 29 01    AND #$01
f156    c4616994     i44940775    A:00 X:02 Y:05 S:DB P:nVUbdIZc  $01:A0F5: 05 3F    ORA $3F = #$00
f156    c4616997     i44940776    A:00 X:02 Y:05 S:DB P:nVUbdIZc  $01:A0F7: 85 3F    STA $3F = #$00
f156    c4617000     i44940777    A:00 X:02 Y:05 S:DB P:nVUbdIZc  $01:A0F9: 88       DEY
f156    c4617002     i44940778    A:00 X:02 Y:04 S:DB P:nVUbdIzc  $01:A0FA: D0 F1    BNE $A0ED
f156    c4617005     i44940779    A:00 X:02 Y:04 S:DB P:nVUbdIzc  $01:A0ED: BD 15 40 LDA $4015,X @ $4017 = #$01
f156    c4617009     i44940780    A:40 X:02 Y:04 S:DB P:nVUbdIzc  $01:A0F0: 4A       LSR
f156    c4617011     i44940781    A:20 X:02 Y:04 S:DB P:nVUbdIzc  $01:A0F1: 26 3F    ROL $3F = #$00
f156    c4617016     i44940782    A:20 X:02 Y:04 S:DB P:nVUbdIZc  $01:A0F3: 29 01    AND #$01
f156    c4617018     i44940783    A:00 X:02 Y:04 S:DB P:nVUbdIZc  $01:A0F5: 05 3F    ORA $3F = #$00
f156    c4617021     i44940784    A:00 X:02 Y:04 S:DB P:nVUbdIZc  $01:A0F7: 85 3F    STA $3F = #$00
f156    c4617024     i44940785    A:00 X:02 Y:04 S:DB P:nVUbdIZc  $01:A0F9: 88       DEY
f156    c4617026     i44940786    A:00 X:02 Y:03 S:DB P:nVUbdIzc  $01:A0FA: D0 F1    BNE $A0ED
f156    c4617029     i44940787    A:00 X:02 Y:03 S:DB P:nVUbdIzc  $01:A0ED: BD 15 40 LDA $4015,X @ $4017 = #$01
f156    c4617033     i44940788    A:40 X:02 Y:03 S:DB P:nVUbdIzc  $01:A0F0: 4A       LSR
f156    c4617035     i44940789    A:20 X:02 Y:03 S:DB P:nVUbdIzc  $01:A0F1: 26 3F    ROL $3F = #$00
f156    c4617040     i44940790    A:20 X:02 Y:03 S:DB P:nVUbdIZc  $01:A0F3: 29 01    AND #$01
f156    c4617042     i44940791    A:00 X:02 Y:03 S:DB P:nVUbdIZc  $01:A0F5: 05 3F    ORA $3F = #$00
f156    c4617045     i44940792    A:00 X:02 Y:03 S:DB P:nVUbdIZc  $01:A0F7: 85 3F    STA $3F = #$00
f156    c4617048     i44940793    A:00 X:02 Y:03 S:DB P:nVUbdIZc  $01:A0F9: 88       DEY
f156    c4617050     i44940794    A:00 X:02 Y:02 S:DB P:nVUbdIzc  $01:A0FA: D0 F1    BNE $A0ED
f156    c4617053     i44940795    A:00 X:02 Y:02 S:DB P:nVUbdIzc  $01:A0ED: BD 15 40 LDA $4015,X @ $4017 = #$01
f156    c4617057     i44940796    A:40 X:02 Y:02 S:DB P:nVUbdIzc  $01:A0F0: 4A       LSR
f156    c4617059     i44940797    A:20 X:02 Y:02 S:DB P:nVUbdIzc  $01:A0F1: 26 3F    ROL $3F = #$00
f156    c4617064     i44940798    A:20 X:02 Y:02 S:DB P:nVUbdIZc  $01:A0F3: 29 01    AND #$01
f156    c4617066     i44940799    A:00 X:02 Y:02 S:DB P:nVUbdIZc  $01:A0F5: 05 3F    ORA $3F = #$00
f156    c4617069     i44940800    A:00 X:02 Y:02 S:DB P:nVUbdIZc  $01:A0F7: 85 3F    STA $3F = #$00
f156    c4617072     i44940801    A:00 X:02 Y:02 S:DB P:nVUbdIZc  $01:A0F9: 88       DEY
f156    c4617074     i44940802    A:00 X:02 Y:01 S:DB P:nVUbdIzc  $01:A0FA: D0 F1    BNE $A0ED
f156    c4617077     i44940803    A:00 X:02 Y:01 S:DB P:nVUbdIzc  $01:A0ED: BD 15 40 LDA $4015,X @ $4017 = #$01
f156    c4617081     i44940804    A:40 X:02 Y:01 S:DB P:nVUbdIzc  $01:A0F0: 4A       LSR
f157    c4645799     i44950154    A:40 X:19 Y:00 S:E0 P:nvUbdizC  $00:9F04: A5 1B    LDA $1B = #$40
f157    c4645802     i44950155    A:40 X:19 Y:00 S:E0 P:nvUbdizC  $00:9F06: 10 FC    BPL $9F04
f157    c4645805     i44950156    A:40 X:19 Y:00 S:E0 P:nvUbdizC  $00:9F04: A5 1B    LDA $1B = #$40
f157    c4645808     i44950157    A:40 X:19 Y:00 S:E0 P:nvUbdizC  $00:9F06: 10 FC    BPL $9F04
f157    c4645811     i44950158    A:40 X:19 Y:00 S:E0 P:nvUbdizC  $00:9F04: A5 1B    LDA $1B = #$40
f157    c4645814     i44950159    A:40 X:19 Y:00 S:E0 P:nvUbdizC  $00:9F06: 10 FC    BPL $9F04
f157    c4645817     i44950160    A:40 X:19 Y:00 S:E0 P:nvUbdizC  $00:9F04: A5 1B    LDA $1B = #$40
f157    c4645820     i44950161    A:40 X:19 Y:00 S:E0 P:nvUbdizC  $00:9F06: 10 FC    BPL $9F04
f157    c4645823     i44950162    A:40 X:19 Y:00 S:E0 P:nvUbdizC  $00:9F04: A5 1B    LDA $1B = #$40
f157    c4645826     i44950163    A:40 X:19 Y:00 S:E0 P:nvUbdizC  $00:9F06: 10 FC    BPL $9F04
f157    c4645829     i44950164    A:40 X:19 Y:00 S:E0 P:nvUbdizC  $00:9F04: A5 1B    LDA $1B = #$40
f157    c4645832     i44950165    A:40 X:19 Y:00 S:E0 P:nvUbdizC  $00:9F06: 10 FC    BPL $9F04
f157    c4645835     i44950166    A:40 X:19 Y:00 S:E0 P:nvUbdizC  $00:9F04: A5 1B    LDA $1B = #$40
f157    c4645838     i44950167    A:40 X:19 Y:00 S:E0 P:nvUbdizC  $00:9F06: 10 FC    BPL $9F04
f157    c4645841     i44950168    A:40 X:19 Y:00 S:E0 P:nvUbdizC  $00:9F04: A5 1B    LDA $1B = #$40
f157    c4645844     i44950169    A:40 X:19 Y:00 S:E0 P:nvUbdizC  $00:9F06: 10 FC    BPL $9F04
f157    c4645847     i44950170    A:40 X:19 Y:00 S:E0 P:nvUbdizC  $00:9F04: A5 1B    LDA $1B = #$40
f157    c4645850     i44950171    A:40 X:19 Y:00 S:E0 P:nvUbdizC  $00:9F06: 10 FC    BPL $9F04
f157    c4645853     i44950172    A:40 X:19 Y:00 S:E0 P:nvUbdizC  $00:9F04: A5 1B    LDA $1B = #$40
f157    c4645856     i44950173    A:40 X:19 Y:00 S:E0 P:nvUbdizC  $00:9F06: 10 FC    BPL $9F04
f157    c4645859     i44950174    A:40 X:19 Y:00 S:E0 P:nvUbdizC  $00:9F04: A5 1B    LDA $1B = #$40
f157    c4645862     i44950175    A:40 X:19 Y:00 S:E0 P:nvUbdizC  $00:9F06: 10 FC    BPL $9F04
f157    c4645865     i44950176    A:40 X:19 Y:00 S:E0 P:nvUbdizC  $00:9F04: A5 1B    LDA $1B = #$40
f157    c4645868     i44950177    A:40 X:19 Y:00 S:E0 P:nvUbdizC  $00:9F06: 10 FC    BPL $9F04
f157    c4645871     i44950178    A:40 X:19 Y:00 S:E0 P:nvUbdizC  $00:9F04: A5 1B    LDA $1B = #$40
f157    c4645874     i44950179    A:40 X:19 Y:00 S:E0 P:nvUbdizC  $00:9F06: 10 FC    BPL $9F04
f157    c4645884     i44950180    A:40 X:19 Y:00 S:DD P:nvUbdIzC  $0F:C500: 4C 6E C7 JMP $C76E
f157    c4645887     i44950181    A:40 X:19 Y:00 S:DD P:nvUbdIzC  $0F:C76E: 24 1B    BIT $1B = #$40
f157    c4645890     i44950182    A:40 X:19 Y:00 S:DD P:nVUbdIzC  $0F:C770: 50 03    BVC $C775
f157    c4645892     i44950183    A:40 X:19 Y:00 S:DD P:nVUbdIzC  $0F:C772: 4C 21 C4 JMP $C421
f157    c4645895     i44950184    A:40 X:19 Y:00 S:DD P:nVUbdIzC  $0F:C421: 24 3B    BIT $3B = #$55
f157    c4645898     i44950185    A:40 X:19 Y:00 S:DD P:nVUbdIzC  $0F:C423: 30 4D    BMI $C472
f157    c4645900     i44950186    A:40 X:19 Y:00 S:DD P:nVUbdIzC  $0F:C425: 38       SEC
f157    c4645902     i44950187    A:40 X:19 Y:00 S:DD P:nVUbdIzC  $0F:C426: 66 3B    ROR $3B = #$55
f157    c4645907     i44950188    A:40 X:19 Y:00 S:DD P:NVUbdIzC  $0F:C428: 85 3C    STA $3C = #$40
f157    c4645910     i44950189    A:40 X:19 Y:00 S:DD P:NVUbdIzC  $0F:C42A: 86 3D    STX $3D = #$19
f157    c4645913     i44950190    A:40 X:19 Y:00 S:DD P:NVUbdIzC  $0F:C42C: 84 3E    STY $3E = #$00
f157    c4645916     i44950191    A:40 X:19 Y:00 S:DD P:NVUbdIzC  $0F:C42E: A5 22    LDA $22 = #$00
f157    c4645919     i44950192    A:00 X:19 Y:00 S:DD P:nVUbdIZC  $0F:C430: 09 07    ORA #$07
f157    c4645921     i44950193    A:07 X:19 Y:00 S:DD P:nVUbdIzC  $0F:C432: 8D 00 80 STA $8000 = #$A5
f157    c4645925     i44950194    A:07 X:19 Y:00 S:DD P:nVUbdIzC  $0F:C435: A9 02    LDA #$02
f157    c4645927     i44950195    A:02 X:19 Y:00 S:DD P:nVUbdIzC  $0F:C437: 8D 01 80 STA $8001 = #$27
f163    c4824485     i45007294    A:40 X:19 Y:00 S:E0 P:nvUbdizC  $00:9F04: A5 1B    LDA $1B = #$40
f163    c4824488     i45007295    A:40 X:19 Y:00 S:E0 P:nvUbdizC  $00:9F06: 10 FC    BPL $9F04
f163    c4824491     i45007296    A:40 X:19 Y:00 S:E0 P:nvUbdizC  $00:9F04: A5 1B    LDA $1B = #$40
f163    c4824494     i45007297    A:40 X:19 Y:00 S:E0 P:nvUbdizC  $00:9F06: 10 FC    BPL $9F04
f163    c4824497     i45007298    A:40 X:19 Y:00 S:E0 P:nvUbdizC  $00:9F04: A5 1B    LDA $1B = #$40
f163    c4824500     i45007299    A:40 X:19 Y:00 S:E0 P:nvUbdizC  $00:9F06: 10 FC    BPL $9F04
f163    c4824503     i45007300    A:40 X:19 Y:00 S:E0 P:nvUbdizC  $00:9F04: A5 1B    LDA $1B = #$40
f163    c4824506     i45007301    A:40 X:19 Y:00 S:E0 P:nvUbdizC  $00:9F06: 10 FC    BPL $9F04
f163    c4824509     i45007302    A:40 X:19 Y:00 S:E0 P:nvUbdizC  $00:9F04: A5 1B    LDA $1B = #$40
f163    c4824512     i45007303    A:40 X:19 Y:00 S:E0 P:nvUbdizC  $00:9F06: 10 FC    BPL $9F04
f163    c4824515     i45007304    A:40 X:19 Y:00 S:E0 P:nvUbdizC  $00:9F04: A5 1B    LDA $1B = #$40
f163    c4824518     i45007305    A:40 X:19 Y:00 S:E0 P:nvUbdizC  $00:9F06: 10 FC    BPL $9F04
f163    c4824521     i45007306    A:40 X:19 Y:00 S:E0 P:nvUbdizC  $00:9F04: A5 1B    LDA $1B = #$40
f163    c4824524     i45007307    A:40 X:19 Y:00 S:E0 P:nvUbdizC  $00:9F06: 10 FC    BPL $9F04
f163    c4824527     i45007308    A:40 X:19 Y:00 S:E0 P:nvUbdizC  $00:9F04: A5 1B    LDA $1B = #$40
f163    c4824530     i45007309    A:40 X:19 Y:00 S:E0 P:nvUbdizC  $00:9F06: 10 FC    BPL $9F04
f163    c4824533     i45007310    A:40 X:19 Y:00 S:E0 P:nvUbdizC  $00:9F04: A5 1B    LDA $1B = #$40
f163    c4824536     i45007311    A:40 X:19 Y:00 S:E0 P:nvUbdizC  $00:9F06: 10 FC    BPL $9F04
f163    c4824539     i45007312    A:40 X:19 Y:00 S:E0 P:nvUbdizC  $00:9F04: A5 1B    LDA $1B = #$40
f163    c4824542     i45007313    A:40 X:19 Y:00 S:E0 P:nvUbdizC  $00:9F06: 10 FC    BPL $9F04
f163    c4824545     i45007314    A:40 X:19 Y:00 S:E0 P:nvUbdizC  $00:9F04: A5 1B    LDA $1B = #$40
f163    c4824548     i45007315    A:40 X:19 Y:00 S:E0 P:nvUbdizC  $00:9F06: 10 FC    BPL $9F04
f163    c4824551     i45007316    A:40 X:19 Y:00 S:E0 P:nvUbdizC  $00:9F04: A5 1B    LDA $1B = #$40
f163    c4824554     i45007317    A:40 X:19 Y:00 S:E0 P:nvUbdizC  $00:9F06: 10 FC    BPL $9F04
f163    c4824557     i45007318    A:40 X:19 Y:00 S:E0 P:nvUbdizC  $00:9F04: A5 1B    LDA $1B = #$40
f163    c4824567     i45007319    A:40 X:19 Y:00 S:DD P:nvUbdIzC  $0F:C500: 4C 6E C7 JMP $C76E
f163    c4824570     i45007320    A:40 X:19 Y:00 S:DD P:nvUbdIzC  $0F:C76E: 24 1B    BIT $1B = #$40
f163    c4824573     i45007321    A:40 X:19 Y:00 S:DD P:nVUbdIzC  $0F:C770: 50 03    BVC $C775
f163    c4824575     i45007322    A:40 X:19 Y:00 S:DD P:nVUbdIzC  $0F:C772: 4C 21 C4 JMP $C421
f163    c4824578     i45007323    A:40 X:19 Y:00 S:DD P:nVUbdIzC  $0F:C421: 24 3B    BIT $3B = #$55
f163    c4824581     i45007324    A:40 X:19 Y:00 S:DD P:nVUbdIzC  $0F:C423: 30 4D    BMI $C472
f163    c4824583     i45007325    A:40 X:19 Y:00 S:DD P:nVUbdIzC  $0F:C425: 38       SEC
f163    c4824585     i45007326    A:40 X:19 Y:00 S:DD P:nVUbdIzC  $0F:C426: 66 3B    ROR $3B = #$55
f163    c4824590     i45007327    A:40 X:19 Y:00 S:DD P:NVUbdIzC  $0F:C428: 85 3C    STA $3C = #$40
f163    c4824593     i45007328    A:40 X:19 Y:00 S:DD P:NVUbdIzC  $0F:C42A: 86 3D    STX $3D = #$19
f163    c4824596     i45007329    A:40 X:19 Y:00 S:DD P:NVUbdIzC  $0F:C42C: 84 3E    STY $3E = #$00
f163    c4824599     i45007330    A:40 X:19 Y:00 S:DD P:NVUbdIzC  $0F:C42E: A5 22    LDA $22 = #$00
f163    c4824602     i45007331    A:00 X:19 Y:00 S:DD P:nVUbdIZC  $0F:C430: 09 07    ORA #$07
f163    c4824604     i45007332    A:07 X:19 Y:00 S:DD P:nVUbdIzC  $0F:C432: 8D 00 80 STA $8000 = #$A5
f163    c4824608     i45007333    A:07 X:19 Y:00 S:DD P:nVUbdIzC  $0F:C435: A9 02    LDA #$02
f163    c4824610     i45007334    A:02 X:19 Y:00 S:DD P:nVUbdIzC  $0F:C437: 8D 01 80 STA $8001 = #$27
f163    c4824614     i45007335    A:02 X:19 Y:00 S:DD P:nVUbdIzC  $0F:C43A: 20 00 A0 JSR $A000
f164    c4855421     i45017021    A:00 X:01 Y:07 S:DB P:nVUbdIzc  $01:A0ED: BD 15 40 LDA $4015,X @ $4016 = #$00
f164    c4855425     i45017022    A:40 X:01 Y:07 S:DB P:nVUbdIzc  $01:A0F0: 4A       LSR
f164    c4855427     i45017023    A:20 X:01 Y:07 S:DB P:nVUbdIzc  $01:A0F1: 26 3F    ROL $3F = #$00
f164    c4855432     i45017024    A:20 X:01 Y:07 S:DB P:nVUbdIZc  $01:A0F3: 29 01    AND #$01
f164    c4855434     i45017025    A:00 X:01 Y:07 S:DB P:nVUbdIZc  $01:A0F5: 05 3F    ORA $3F = #$00
f164    c4855437     i45017026    A:00 X:01 Y:07 S:DB P:nVUbdIZc  $01:A0F7: 85 3F    STA $3F = #$00
f164    c4855440     i45017027    A:00 X:01 Y:07 S:DB P:nVUbdIZc  $01:A0F9: 88       DEY
f164    c4855442     i45017028    A:00 X:01 Y:06 S:DB P:nVUbdIzc  $01:A0FA: D0 F1    BNE $A0ED
f164    c4855445     i45017029    A:00 X:01 Y:06 S:DB P:nVUbdIzc  $01:A0ED: BD 15 40 LDA $4015,X @ $4016 = #$00
f164    c4855449     i45017030    A:40 X:01 Y:06 S:DB P:nVUbdIzc  $01:A0F0: 4A       LSR
f164    c4855451     i45017031    A:20 X:01 Y:06 S:DB P:nVUbdIzc  $01:A0F1: 26 3F    ROL $3F = #$00
f164    c4855456     i45017032    A:20 X:01 Y:06 S:DB P:nVUbdIZc  $01:A0F3: 29 01    AND #$01
f164    c4855458     i45017033    A:00 X:01 Y:06 S:DB P:nVUbdIZc  $01:A0F5: 05 3F    ORA $3F = #$00
f164    c4855461     i45017034    A:00 X:01 Y:06 S:DB P:nVUbdIZc  $01:A0F7: 85 3F    STA $3F = #$00
f164    c4855464     i45017035    A:00 X:01 Y:06 S:DB P:nVUbdIZc  $01:A0F9: 88       DEY
f164    c4855466     i45017036    A:00 X:01 Y:05 S:DB P:nVUbdIzc  $01:A0FA: D0 F1    BNE $A0ED
f164    c4855469     i45017037    A:00 X:01 Y:05 S:DB P:nVUbdIzc  $01:A0ED: BD 15 40 LDA $4015,X @ $4016 = #$00
f164    c4855473     i45017038    A:40 X:01 Y:05 S:DB P:nVUbdIzc  $01:A0F0: 4A       LSR
f164    c4855475     i45017039    A:20 X:01 Y:05 S:DB P:nVUbdIzc  $01:A0F1: 26 3F    ROL $3F = #$00
f164    c4855480     i45017040    A:20 X:01 Y:05 S:DB P:nVUbdIZc  $01:A0F3: 29 01    AND #$01
f164    c4855482     i45017041    A:00 X:01 Y:05 S:DB P:nVUbdIZc  $01:A0F5: 05 3F    ORA $3F = #$00
f164    c4855485     i45017042    A:00 X:01 Y:05 S:DB P:nVUbdIZc  $01:A0F7: 85 3F    STA $3F = #$00
f164    c4855488     i45017043    A:00 X:01 Y:05 S:DB P:nVUbdIZc  $01:A0F9: 88       DEY
f164    c4855490     i45017044    A:00 X:01 Y:04 S:DB P:nVUbdIzc  $01:A0FA: D0 F1    BNE $A0ED
f164    c4855493     i45017045    A:00 X:01 Y:04 S:DB P:nVUbdIzc  $01:A0ED: BD 15 40 LDA $4015,X @ $4016 = #$00
f164    c4855497     i45017046    A:40 X:01 Y:04 S:DB P:nVUbdIzc  $01:A0F0: 4A       LSR
f164    c4855499     i45017047    A:20 X:01 Y:04 S:DB P:nVUbdIzc  $01:A0F1: 26 3F    ROL $3F = #$00
f164    c4855504     i45017048    A:20 X:01 Y:04 S:DB P:nVUbdIZc  $01:A0F3: 29 01    AND #$01
f164    c4855506     i45017049    A:00 X:01 Y:04 S:DB P:nVUbdIZc  $01:A0F5: 05 3F    ORA $3F = #$00
f164    c4855509     i45017050    A:00 X:01 Y:04 S:DB P:nVUbdIZc  $01:A0F7: 85 3F    STA $3F = #$00
f164    c4855512     i45017051    A:00 X:01 Y:04 S:DB P:nVUbdIZc  $01:A0F9: 88       DEY
f164    c4855514     i45017052    A:00 X:01 Y:03 S:DB P:nVUbdIzc  $01:A0FA: D0 F1    BNE $A0ED
f164    c4855517     i45017053    A:00 X:01 Y:03 S:DB P:nVUbdIzc  $01:A0ED: BD 15 40 LDA $4015,X @ $4016 = #$00
f164    c4855521     i45017054    A:40 X:01 Y:03 S:DB P:nVUbdIzc  $01:A0F0: 4A       LSR
f164    c4855523     i45017055    A:20 X:01 Y:03 S:DB P:nVUbdIzc  $01:A0F1: 26 3F    ROL $3F = #$00
f164    c4855528     i45017056    A:20 X:01 Y:03 S:DB P:nVUbdIZc  $01:A0F3: 29 01    AND #$01
f164    c4855530     i45017057    A:00 X:01 Y:03 S:DB P:nVUbdIZc  $01:A0F5: 05 3F    ORA $3F = #$00
f164    c4855533     i45017058    A:00 X:01 Y:03 S:DB P:nVUbdIZc  $01:A0F7: 85 3F    STA $3F = #$00
f164    c4855536     i45017059    A:00 X:01 Y:03 S:DB P:nVUbdIZc  $01:A0F9: 88       DEY
f164    c4855538     i45017060    A:00 X:01 Y:02 S:DB P:nVUbdIzc  $01:A0FA: D0 F1    BNE $A0ED
f164    c4855541     i45017061    A:00 X:01 Y:02 S:DB P:nVUbdIzc  $01:A0ED: BD 15 40 LDA $4015,X @ $4016 = #$00
f164    c4855545     i45017062    A:40 X:01 Y:02 S:DB P:nVUbdIzc  $01:A0F0: 4A       LSR
f168    c4974323     i45055041    A:00 X:02 Y:06 S:DB P:nVUbdIzc  $01:A0ED: BD 15 40 LDA $4015,X @ $4017 = #$01
f168    c4974327     i45055042    A:40 X:02 Y:06 S:DB P:nVUbdIzc  $01:A0F0: 4A       LSR
f168    c4974329     i45055043    A:20 X:02 Y:06 S:DB P:nVUbdIzc  $01:A0F1: 26 3F    ROL $3F = #$00
f168    c4974334     i45055044    A:20 X:02 Y:06 S:DB P:nVUbdIZc  $01:A0F3: 29 01    AND #$01
f168    c4974336     i45055045    A:00 X:02 Y:06 S:DB P:nVUbdIZc  $01:A0F5: 05 3F    ORA $3F = #$00
f168    c4974339     i45055046    A:00 X:02 Y:06 S:DB P:nVUbdIZc  $01:A0F7: 85 3F    STA $3F = #$00
f168    c4974342     i45055047    A:00 X:02 Y:06 S:DB P:nVUbdIZc  $01:A0F9: 88       DEY
f168    c4974344     i45055048    A:00 X:02 Y:05 S:DB P:nVUbdIzc  $01:A0FA: D0 F1    BNE $A0ED
f168    c4974347     i45055049    A:00 X:02 Y:05 S:DB P:nVUbdIzc  $01:A0ED: BD 15 40 LDA $4015,X @ $4017 = #$01
f168    c4974351     i45055050    A:40 X:02 Y:05 S:DB P:nVUbdIzc  $01:A0F0: 4A       LSR
f168    c4974353     i45055051    A:20 X:02 Y:05 S:DB P:nVUbdIzc  $01:A0F1: 26 3F    ROL $3F = #$00
f168    c4974358     i45055052    A:20 X:02 Y:05 S:DB P:nVUbdIZc  $01:A0F3: 29 01    AND #$01
f168    c4974360     i45055053    A:00 X:02 Y:05 S:DB P:nVUbdIZc  $01:A0F5: 05 3F    ORA $3F = #$00
f168    c4974363     i45055054    A:00 X:02 Y:05 S:DB P:nVUbdIZc  $01:A0F7: 85 3F    STA $3F = #$00
f168    c4974366     i45055055    A:00 X:02 Y:05 S:DB P:nVUbdIZc  $01:A0F9: 88       DEY
f168    c4974368     i45055056    A:00 X:02 Y:04 S:DB P:nVUbdIzc  $01:A0FA: D0 F1    BNE $A0ED
f168    c4974371     i45055057    A:00 X:02 Y:04 S:DB P:nVUbdIzc  $01:A0ED: BD 15 40 LDA $4015,X @ $4017 = #$01
f168    c4974375     i45055058    A:40 X:02 Y:04 S:DB P:nVUbdIzc  $01:A0F0: 4A       LSR
f168    c4974377     i45055059    A:20 X:02 Y:04 S:DB P:nVUbdIzc  $01:A0F1: 26 3F    ROL $3F = #$00
f168    c4974382     i45055060    A:20 X:02 Y:04 S:DB P:nVUbdIZc  $01:A0F3: 29 01    AND #$01
f168    c4974384     i45055061    A:00 X:02 Y:04 S:DB P:nVUbdIZc  $01:A0F5: 05 3F    ORA $3F = #$00
f168    c4974387     i45055062    A:00 X:02 Y:04 S:DB P:nVUbdIZc  $01:A0F7: 85 3F    STA $3F = #$00
f168    c4974390     i45055063    A:00 X:02 Y:04 S:DB P:nVUbdIZc  $01:A0F9: 88       DEY
f168    c4974392     i45055064    A:00 X:02 Y:03 S:DB P:nVUbdIzc  $01:A0FA: D0 F1    BNE $A0ED
f168    c4974395     i45055065    A:00 X:02 Y:03 S:DB P:nVUbdIzc  $01:A0ED: BD 15 40 LDA $4015,X @ $4017 = #$01
f168    c4974399     i45055066    A:40 X:02 Y:03 S:DB P:nVUbdIzc  $01:A0F0: 4A       LSR
f168    c4974401     i45055067    A:20 X:02 Y:03 S:DB P:nVUbdIzc  $01:A0F1: 26 3F    ROL $3F = #$00
f168    c4974406     i45055068    A:20 X:02 Y:03 S:DB P:nVUbdIZc  $01:A0F3: 29 01    AND #$01
f168    c4974408     i45055069    A:00 X:02 Y:03 S:DB P:nVUbdIZc  $01:A0F5: 05 3F    ORA $3F = #$00
f168    c4974411     i45055070    A:00 X:02 Y:03 S:DB P:nVUbdIZc  $01:A0F7: 85 3F    STA $3F = #$00
f168    c4974414     i45055071    A:00 X:02 Y:03 S:DB P:nVUbdIZc  $01:A0F9: 88       DEY
f168    c4974416     i45055072    A:00 X:02 Y:02 S:DB P:nVUbdIzc  $01:A0FA: D0 F1    BNE $A0ED
f168    c4974419     i45055073    A:00 X:02 Y:02 S:DB P:nVUbdIzc  $01:A0ED: BD 15 40 LDA $4015,X @ $4017 = #$01
f168    c4974423     i45055074    A:40 X:02 Y:02 S:DB P:nVUbdIzc  $01:A0F0: 4A       LSR
f168    c4974425     i45055075    A:20 X:02 Y:02 S:DB P:nVUbdIzc  $01:A0F1: 26 3F    ROL $3F = #$00
f168    c4974430     i45055076    A:20 X:02 Y:02 S:DB P:nVUbdIZc  $01:A0F3: 29 01    AND #$01
f168    c4974432     i45055077    A:00 X:02 Y:02 S:DB P:nVUbdIZc  $01:A0F5: 05 3F    ORA $3F = #$00
f168    c4974435     i45055078    A:00 X:02 Y:02 S:DB P:nVUbdIZc  $01:A0F7: 85 3F    STA $3F = #$00
f168    c4974438     i45055079    A:00 X:02 Y:02 S:DB P:nVUbdIZc  $01:A0F9: 88       DEY
f168    c4974440     i45055080    A:00 X:02 Y:01 S:DB P:nVUbdIzc  $01:A0FA: D0 F1    BNE $A0ED
f168    c4974443     i45055081    A:00 X:02 Y:01 S:DB P:nVUbdIzc  $01:A0ED: BD 15 40 LDA $4015,X @ $4017 = #$01
f168    c4974447     i45055082    A:40 X:02 Y:01 S:DB P:nVUbdIzc  $01:A0F0: 4A       LSR
f169    c5003165     i45064432    A:40 X:19 Y:00 S:E0 P:nvUbdizC  $00:9F04: A5 1B    LDA $1B = #$40
f169    c5003168     i45064433    A:40 X:19 Y:00 S:E0 P:nvUbdizC  $00:9F06: 10 FC    BPL $9F04
f169    c5003171     i45064434    A:40 X:19 Y:00 S:E0 P:nvUbdizC  $00:9F04: A5 1B    LDA $1B = #$40
f169    c5003174     i45064435    A:40 X:19 Y:00 S:E0 P:nvUbdizC  $00:9F06: 10 FC    BPL $9F04
f169    c5003177     i45064436    A:40 X:19 Y:00 S:E0 P:nvUbdizC  $00:9F04: A5 1B    LDA $1B = #$40
f169    c5003180     i45064437    A:40 X:19 Y:00 S:E0 P:nvUbdizC  $00:9F06: 10 FC    BPL $9F04
f169    c5003183     i45064438    A:40 X:19 Y:00 S:E0 P:nvUbdizC  $00:9F04: A5 1B    LDA $1B = #$40
f169    c5003186     i45064439    A:40 X:19 Y:00 S:E0 P:nvUbdizC  $00:9F06: 10 FC    BPL $9F04
f169    c5003189     i45064440    A:40 X:19 Y:00 S:E0 P:nvUbdizC  $00:9F04: A5 1B    LDA $1B = #$40
f169    c5003192     i45064441    A:40 X:19 Y:00 S:E0 P:nvUbdizC  $00:9F06: 10 FC    BPL $9F04
f169    c5003195     i45064442    A:40 X:19 Y:00 S:E0 P:nvUbdizC  $00:9F04: A5 1B    LDA $1B = #$40
f169    c5003198     i45064443    A:40 X:19 Y:00 S:E0 P:nvUbdizC  $00:9F06: 10 FC    BPL $9F04
f169    c5003201     i45064444    A:40 X:19 Y:00 S:E0 P:nvUbdizC  $00:9F04: A5 1B    LDA $1B = #$40
f169    c5003204     i45064445    A:40 X:19 Y:00 S:E0 P:nvUbdizC  $00:9F06: 10 FC    BPL $9F04
f169    c5003207     i45064446    A:40 X:19 Y:00 S:E0 P:nvUbdizC  $00:9F04: A5 1B    LDA $1B = #$40
f169    c5003210     i45064447    A:40 X:19 Y:00 S:E0 P:nvUbdizC  $00:9F06: 10 FC    BPL $9F04
f169    c5003213     i45064448    A:40 X:19 Y:00 S:E0 P:nvUbdizC  $00:9F04: A5 1B    LDA $1B = #$40
f169    c5003216     i45064449    A:40 X:19 Y:00 S:E0 P:nvUbdizC  $00:9F06: 10 FC    BPL $9F04
f169    c5003219     i45064450    A:40 X:19 Y:00 S:E0 P:nvUbdizC  $00:9F04: A5 1B    LDA $1B = #$40
f169    c5003222     i45064451    A:40 X:19 Y:00 S:E0 P:nvUbdizC  $00:9F06: 10 FC    BPL $9F04
f169    c5003225     i45064452    A:40 X:19 Y:00 S:E0 P:nvUbdizC  $00:9F04: A5 1B    LDA $1B = #$40
f169    c5003228     i45064453    A:40 X:19 Y:00 S:E0 P:nvUbdizC  $00:9F06: 10 FC    BPL $9F04
f169    c5003231     i45064454    A:40 X:19 Y:00 S:E0 P:nvUbdizC  $00:9F04: A5 1B    LDA $1B = #$40
f169    c5003234     i45064455    A:40 X:19 Y:00 S:E0 P:nvUbdizC  $00:9F06: 10 FC    BPL $9F04
f169    c5003237     i45064456    A:40 X:19 Y:00 S:E0 P:nvUbdizC  $00:9F04: A5 1B    LDA $1B = #$40
f169    c5003240     i45064457    A:40 X:19 Y:00 S:E0 P:nvUbdizC  $00:9F06: 10 FC    BPL $9F04
f169    c5003250     i45064458    A:40 X:19 Y:00 S:DD P:nvUbdIzC  $0F:C500: 4C 6E C7 JMP $C76E
f169    c5003253     i45064459    A:40 X:19 Y:00 S:DD P:nvUbdIzC  $0F:C76E: 24 1B    BIT $1B = #$40
f169    c5003256     i45064460    A:40 X:19 Y:00 S:DD P:nVUbdIzC  $0F:C770: 50 03    BVC $C775
f169    c5003258     i45064461    A:40 X:19 Y:00 S:DD P:nVUbdIzC  $0F:C772: 4C 21 C4 JMP $C421
f169    c5003261     i45064462    A:40 X:19 Y:00 S:DD P:nVUbdIzC  $0F:C421: 24 3B    BIT $3B = #$55
f169    c5003264     i45064463    A:40 X:19 Y:00 S:DD P:nVUbdIzC  $0F:C423: 30 4D    BMI $C472
f169    c5003266     i45064464    A:40 X:19 Y:00 S:DD P:nVUbdIzC  $0F:C425: 38       SEC
f169    c5003268     i45064465    A:40 X:19 Y:00 S:DD P:nVUbdIzC  $0F:C426: 66 3B    ROR $3B = #$55
f169    c5003273     i45064466    A:40 X:19 Y:00 S:DD P:NVUbdIzC  $0F:C428: 85 3C    STA $3C = #$40
f169    c5003276     i45064467    A:40 X:19 Y:00 S:DD P:NVUbdIzC  $0F:C42A: 86 3D    STX $3D = #$19
f169    c5003279     i45064468    A:40 X:19 Y:00 S:DD P:NVUbdIzC  $0F:C42C: 84 3E    STY $3E = #$00
f169    c5003282     i45064469    A:40 X:19 Y:00 S:DD P:NVUbdIzC  $0F:C42E: A5 22    LDA $22 = #$00
f169    c5003285     i45064470    A:00 X:19 Y:00 S:DD P:nVUbdIZC  $0F:C430: 09 07    ORA #$07
f169    c5003287     i45064471    A:07 X:19 Y:00 S:DD P:nVUbdIzC  $0F:C432: 8D 00 80 STA $8000 = #$A5
f169    c5003291     i45064472    A:07 X:19 Y:00 S:DD P:nVUbdIzC  $0F:C435: A9 02    LDA #$02
f169    c5003293     i45064473    A:02 X:19 Y:00 S:DD P:nVUbdIzC  $0F:C437: 8D 01 80 STA $8001 = #$27
f175    c5181851     i45121572    A:40 X:19 Y:00 S:E0 P:nvUbdizC  $00:9F04: A5 1B    LDA $1B = #$40
f175    c5181854     i45121573    A:40 X:19 Y:00 S:E0 P:nvUbdizC  $00:9F06: 10 FC    BPL $9F04
f175    c5181857     i45121574    A:40 X:19 Y:00 S:E0 P:nvUbdizC  $00:9F04: A5 1B    LDA $1B = #$40
f175    c5181860     i45121575    A:40 X:19 Y:00 S:E0 P:nvUbdizC  $00:9F06: 10 FC    BPL $9F04
f175    c5181863     i45121576    A:40 X:19 Y:00 S:E0 P:nvUbdizC  $00:9F04: A5 1B    LDA $1B = #$40
f175    c5181866     i45121577    A:40 X:19 Y:00 S:E0 P:nvUbdizC  $00:9F06: 10 FC    BPL $9F04
f175    c5181869     i45121578    A:40 X:19 Y:00 S:E0 P:nvUbdizC  $00:9F04: A5 1B    LDA $1B = #$40
f175    c5181872     i45121579    A:40 X:19 Y:00 S:E0 P:nvUbdizC  $00:9F06: 10 FC    BPL $9F04
f175    c5181875     i45121580    A:40 X:19 Y:00 S:E0 P:nvUbdizC  $00:9F04: A5 1B    LDA $1B = #$40
f175    c5181878     i45121581    A:40 X:19 Y:00 S:E0 P:nvUbdizC  $00:9F06: 10 FC    BPL $9F04
f175    c5181881     i45121582    A:40 X:19 Y:00 S:E0 P:nvUbdizC  $00:9F04: A5 1B    LDA $1B = #$40
f175    c5181884     i45121583    A:40 X:19 Y:00 S:E0 P:nvUbdizC  $00:9F06: 10 FC    BPL $9F04
f175    c5181887     i45121584    A:40 X:19 Y:00 S:E0 P:nvUbdizC  $00:9F04: A5 1B    LDA $1B = #$40
f175    c5181890     i45121585    A:40 X:19 Y:00 S:E0 P:nvUbdizC  $00:9F06: 10 FC    BPL $9F04
f175    c5181893     i45121586    A:40 X:19 Y:00 S:E0 P:nvUbdizC  $00:9F04: A5 1B    LDA $1B = #$40
f175    c5181896     i45121587    A:40 X:19 Y:00 S:E0 P:nvUbdizC  $00:9F06: 10 FC    BPL $9F04
f175    c5181899     i45121588    A:40 X:19 Y:00 S:E0 P:nvUbdizC  $00:9F04: A5 1B    LDA $1B = #$40
f175    c5181902     i45121589    A:40 X:19 Y:00 S:E0 P:nvUbdizC  $00:9F06: 10 FC    BPL $9F04
f175    c5181905     i45121590    A:40 X:19 Y:00 S:E0 P:nvUbdizC  $00:9F04: A5 1B    LDA $1B = #$40
f175    c5181908     i45121591    A:40 X:19 Y:00 S:E0 P:nvUbdizC  $00:9F06: 10 FC    BPL $9F04
f175    c5181911     i45121592    A:40 X:19 Y:00 S:E0 P:nvUbdizC  $00:9F04: A5 1B    LDA $1B = #$40
f175    c5181914     i45121593    A:40 X:19 Y:00 S:E0 P:nvUbdizC  $00:9F06: 10 FC    BPL $9F04
f175    c5181917     i45121594    A:40 X:19 Y:00 S:E0 P:nvUbdizC  $00:9F04: A5 1B    LDA $1B = #$40
f175    c5181920     i45121595    A:40 X:19 Y:00 S:E0 P:nvUbdizC  $00:9F06: 10 FC    BPL $9F04
f175    c5181923     i45121596    A:40 X:19 Y:00 S:E0 P:nvUbdizC  $00:9F04: A5 1B    LDA $1B = #$40
f175    c5181933     i45121597    A:40 X:19 Y:00 S:DD P:nvUbdIzC  $0F:C500: 4C 6E C7 JMP $C76E
f175    c5181936     i45121598    A:40 X:19 Y:00 S:DD P:nvUbdIzC  $0F:C76E: 24 1B    BIT $1B = #$40
f175    c5181939     i45121599    A:40 X:19 Y:00 S:DD P:nVUbdIzC  $0F:C770: 50 03    BVC $C775
f175    c5181941     i45121600    A:40 X:19 Y:00 S:DD P:nVUbdIzC  $0F:C772: 4C 21 C4 JMP $C421
f175    c5181944     i45121601    A:40 X:19 Y:00 S:DD P:nVUbdIzC  $0F:C421: 24 3B    BIT $3B = #$55
f175    c5181947     i45121602    A:40 X:19 Y:00 S:DD P:nVUbdIzC  $0F:C423: 30 4D    BMI $C472
f175    c5181949     i45121603    A:40 X:19 Y:00 S:DD P:nVUbdIzC  $0F:C425: 38       SEC
f175    c5181951     i45121604    A:40 X:19 Y:00 S:DD P:nVUbdIzC  $0F:C426: 66 3B    ROR $3B = #$55
f175    c5181956     i45121605    A:40 X:19 Y:00 S:DD P:NVUbdIzC  $0F:C428: 85 3C    STA $3C = #$40
f175    c5181959     i45121606    A:40 X:19 Y:00 S:DD P:NVUbdIzC  $0F:C42A: 86 3D    STX $3D = #$19
f175    c5181962     i45121607    A:40 X:19 Y:00 S:DD P:NVUbdIzC  $0F:C42C: 84 3E    STY $3E = #$00
f175    c5181965     i45121608    A:40 X:19 Y:00 S:DD P:NVUbdIzC  $0F:C42E: A5 22    LDA $22 = #$00
f175    c5181968     i45121609    A:00 X:19 Y:00 S:DD P:nVUbdIZC  $0F:C430: 09 07    ORA #$07
f175    c5181970     i45121610    A:07 X:19 Y:00 S:DD P:nVUbdIzC  $0F:C432: 8D 00 80 STA $8000 = #$A5
f175    c5181974     i45121611    A:07 X:19 Y:00 S:DD P:nVUbdIzC  $0F:C435: A9 02    LDA #$02
f175    c5181976     i45121612    A:02 X:19 Y:00 S:DD P:nVUbdIzC  $0F:C437: 8D 01 80 STA $8001 = #$27
f175    c5181980     i45121613    A:02 X:19 Y:00 S:DD P:nVUbdIzC  $0F:C43A: 20 00 A0 JSR $A000
f176    c5212787     i45131299    A:00 X:01 Y:07 S:DB P:nVUbdIzc  $01:A0ED: BD 15 40 LDA $4015,X @ $4016 = #$00
f176    c5212791     i45131300    A:40 X:01 Y:07 S:DB P:nVUbdIzc  $01:A0F0: 4A       LSR
f176    c5212793     i45131301    A:20 X:01 Y:07 S:DB P:nVUbdIzc  $01:A0F1: 26 3F    ROL $3F = #$00
f176    c5212798     i45131302    A:20 X:01 Y:07 S:DB P:nVUbdIZc  $01:A0F3: 29 01    AND #$01
f176    c5212800     i45131303    A:00 X:01 Y:07 S:DB P:nVUbdIZc  $01:A0F5: 05 3F    ORA $3F = #$00
f176    c5212803     i45131304    A:00 X:01 Y:07 S:DB P:nVUbdIZc  $01:A0F7: 85 3F    STA $3F = #$00
f176    c5212806     i45131305    A:00 X:01 Y:07 S:DB P:nVUbdIZc  $01:A0F9: 88       DEY
f176    c5212808     i45131306    A:00 X:01 Y:06 S:DB P:nVUbdIzc  $01:A0FA: D0 F1    BNE $A0ED
f176    c5212811     i45131307    A:00 X:01 Y:06 S:DB P:nVUbdIzc  $01:A0ED: BD 15 40 LDA $4015,X @ $4016 = #$00
f176    c5212815     i45131308    A:40 X:01 Y:06 S:DB P:nVUbdIzc  $01:A0F0: 4A       LSR
f176    c5212817     i45131309    A:20 X:01 Y:06 S:DB P:nVUbdIzc  $01:A0F1: 26 3F    ROL $3F = #$00
f176    c5212822     i45131310    A:20 X:01 Y:06 S:DB P:nVUbdIZc  $01:A0F3: 29 01    AND #$01
f176    c5212824     i45131311    A:00 X:01 Y:06 S:DB P:nVUbdIZc  $01:A0F5: 05 3F    ORA $3F = #$00
f176    c5212827     i45131312    A:00 X:01 Y:06 S:DB P:nVUbdIZc  $01:A0F7: 85 3F    STA $3F = #$00
f176    c5212830     i45131313    A:00 X:01 Y:06 S:DB P:nVUbdIZc  $01:A0F9: 88       DEY
f176    c5212832     i45131314    A:00 X:01 Y:05 S:DB P:nVUbdIzc  $01:A0FA: D0 F1    BNE $A0ED
f176    c5212835     i45131315    A:00 X:01 Y:05 S:DB P:nVUbdIzc  $01:A0ED: BD 15 40 LDA $4015,X @ $4016 = #$00
f176    c5212839     i45131316    A:40 X:01 Y:05 S:DB P:nVUbdIzc  $01:A0F0: 4A       LSR
f176    c5212841     i45131317    A:20 X:01 Y:05 S:DB P:nVUbdIzc  $01:A0F1: 26 3F    ROL $3F = #$00
f176    c5212846     i45131318    A:20 X:01 Y:05 S:DB P:nVUbdIZc  $01:A0F3: 29 01    AND #$01
f176    c5212848     i45131319    A:00 X:01 Y:05 S:DB P:nVUbdIZc  $01:A0F5: 05 3F    ORA $3F = #$00
f176    c5212851     i45131320    A:00 X:01 Y:05 S:DB P:nVUbdIZc  $01:A0F7: 85 3F    STA $3F = #$00
f176    c5212854     i45131321    A:00 X:01 Y:05 S:DB P:nVUbdIZc  $01:A0F9: 88       DEY
f176    c5212856     i45131322    A:00 X:01 Y:04 S:DB P:nVUbdIzc  $01:A0FA: D0 F1    BNE $A0ED
f176    c5212859     i45131323    A:00 X:01 Y:04 S:DB P:nVUbdIzc  $01:A0ED: BD 15 40 LDA $4015,X @ $4016 = #$00
f176    c5212863     i45131324    A:40 X:01 Y:04 S:DB P:nVUbdIzc  $01:A0F0: 4A       LSR
f176    c5212865     i45131325    A:20 X:01 Y:04 S:DB P:nVUbdIzc  $01:A0F1: 26 3F    ROL $3F = #$00
f176    c5212870     i45131326    A:20 X:01 Y:04 S:DB P:nVUbdIZc  $01:A0F3: 29 01    AND #$01
f176    c5212872     i45131327    A:00 X:01 Y:04 S:DB P:nVUbdIZc  $01:A0F5: 05 3F    ORA $3F = #$00
f176    c5212875     i45131328    A:00 X:01 Y:04 S:DB P:nVUbdIZc  $01:A0F7: 85 3F    STA $3F = #$00
f176    c5212878     i45131329    A:00 X:01 Y:04 S:DB P:nVUbdIZc  $01:A0F9: 88       DEY
f176    c5212880     i45131330    A:00 X:01 Y:03 S:DB P:nVUbdIzc  $01:A0FA: D0 F1    BNE $A0ED
f176    c5212883     i45131331    A:00 X:01 Y:03 S:DB P:nVUbdIzc  $01:A0ED: BD 15 40 LDA $4015,X @ $4016 = #$00
f176    c5212887     i45131332    A:40 X:01 Y:03 S:DB P:nVUbdIzc  $01:A0F0: 4A       LSR
f176    c5212889     i45131333    A:20 X:01 Y:03 S:DB P:nVUbdIzc  $01:A0F1: 26 3F    ROL $3F = #$00
f176    c5212894     i45131334    A:20 X:01 Y:03 S:DB P:nVUbdIZc  $01:A0F3: 29 01    AND #$01
f176    c5212896     i45131335    A:00 X:01 Y:03 S:DB P:nVUbdIZc  $01:A0F5: 05 3F    ORA $3F = #$00
f176    c5212899     i45131336    A:00 X:01 Y:03 S:DB P:nVUbdIZc  $01:A0F7: 85 3F    STA $3F = #$00
f176    c5212902     i45131337    A:00 X:01 Y:03 S:DB P:nVUbdIZc  $01:A0F9: 88       DEY
f176    c5212904     i45131338    A:00 X:01 Y:02 S:DB P:nVUbdIzc  $01:A0FA: D0 F1    BNE $A0ED
f176    c5212907     i45131339    A:00 X:01 Y:02 S:DB P:nVUbdIzc  $01:A0ED: BD 15 40 LDA $4015,X @ $4016 = #$00
f176    c5212911     i45131340    A:40 X:01 Y:02 S:DB P:nVUbdIzc  $01:A0F0: 4A       LSR
f180    c5331689     i45169319    A:00 X:02 Y:06 S:DB P:nVUbdIzc  $01:A0ED: BD 15 40 LDA $4015,X @ $4017 = #$01
f180    c5331693     i45169320    A:40 X:02 Y:06 S:DB P:nVUbdIzc  $01:A0F0: 4A       LSR
f180    c5331695     i45169321    A:20 X:02 Y:06 S:DB P:nVUbdIzc  $01:A0F1: 26 3F    ROL $3F = #$00
f180    c5331700     i45169322    A:20 X:02 Y:06 S:DB P:nVUbdIZc  $01:A0F3: 29 01    AND #$01
f180    c5331702     i45169323    A:00 X:02 Y:06 S:DB P:nVUbdIZc  $01:A0F5: 05 3F    ORA $3F = #$00
f180    c5331705     i45169324    A:00 X:02 Y:06 S:DB P:nVUbdIZc  $01:A0F7: 85 3F    STA $3F = #$00
f180    c5331708     i45169325    A:00 X:02 Y:06 S:DB P:nVUbdIZc  $01:A0F9: 88       DEY
f180    c5331710     i45169326    A:00 X:02 Y:05 S:DB P:nVUbdIzc  $01:A0FA: D0 F1    BNE $A0ED
f180    c5331713     i45169327    A:00 X:02 Y:05 S:DB P:nVUbdIzc  $01:A0ED: BD 15 40 LDA $4015,X @ $4017 = #$01
f180    c5331717     i45169328    A:40 X:02 Y:05 S:DB P:nVUbdIzc  $01:A0F0: 4A       LSR
f180    c5331719     i45169329    A:20 X:02 Y:05 S:DB P:nVUbdIzc  $01:A0F1: 26 3F    ROL $3F = #$00
f180    c5331724     i45169330    A:20 X:02 Y:05 S:DB P:nVUbdIZc  $01:A0F3: 29 01    AND #$01
f180    c5331726     i45169331    A:00 X:02 Y:05 S:DB P:nVUbdIZc  $01:A0F5: 05 3F    ORA $3F = #$00
f180    c5331729     i45169332    A:00 X:02 Y:05 S:DB P:nVUbdIZc  $01:A0F7: 85 3F    STA $3F = #$00
f180    c5331732     i45169333    A:00 X:02 Y:05 S:DB P:nVUbdIZc  $01:A0F9: 88       DEY
f180    c5331734     i45169334    A:00 X:02 Y:04 S:DB P:nVUbdIzc  $01:A0FA: D0 F1    BNE $A0ED
f180    c5331737     i45169335    A:00 X:02 Y:04 S:DB P:nVUbdIzc  $01:A0ED: BD 15 40 LDA $4015,X @ $4017 = #$01
f180    c5331741     i45169336    A:40 X:02 Y:04 S:DB P:nVUbdIzc  $01:A0F0: 4A       LSR
f180    c5331743     i45169337    A:20 X:02 Y:04 S:DB P:nVUbdIzc  $01:A0F1: 26 3F    ROL $3F = #$00
f180    c5331748     i45169338    A:20 X:02 Y:04 S:DB P:nVUbdIZc  $01:A0F3: 29 01    AND #$01
f180    c5331750     i45169339    A:00 X:02 Y:04 S:DB P:nVUbdIZc  $01:A0F5: 05 3F    ORA $3F = #$00
f180    c5331753     i45169340    A:00 X:02 Y:04 S:DB P:nVUbdIZc  $01:A0F7: 85 3F    STA $3F = #$00
f180    c5331756     i45169341    A:00 X:02 Y:04 S:DB P:nVUbdIZc  $01:A0F9: 88       DEY
f180    c5331758     i45169342    A:00 X:02 Y:03 S:DB P:nVUbdIzc  $01:A0FA: D0 F1    BNE $A0ED
f180    c5331761     i45169343    A:00 X:02 Y:03 S:DB P:nVUbdIzc  $01:A0ED: BD 15 40 LDA $4015,X @ $4017 = #$01
f180    c5331765     i45169344    A:40 X:02 Y:03 S:DB P:nVUbdIzc  $01:A0F0: 4A       LSR
f180    c5331767     i45169345    A:20 X:02 Y:03 S:DB P:nVUbdIzc  $01:A0F1: 26 3F    ROL $3F = #$00
f180    c5331772     i45169346    A:20 X:02 Y:03 S:DB P:nVUbdIZc  $01:A0F3: 29 01    AND #$01
f180    c5331774     i45169347    A:00 X:02 Y:03 S:DB P:nVUbdIZc  $01:A0F5: 05 3F    ORA $3F = #$00
f180    c5331777     i45169348    A:00 X:02 Y:03 S:DB P:nVUbdIZc  $01:A0F7: 85 3F    STA $3F = #$00
f180    c5331780     i45169349    A:00 X:02 Y:03 S:DB P:nVUbdIZc  $01:A0F9: 88       DEY
f180    c5331782     i45169350    A:00 X:02 Y:02 S:DB P:nVUbdIzc  $01:A0FA: D0 F1    BNE $A0ED
f180    c5331785     i45169351    A:00 X:02 Y:02 S:DB P:nVUbdIzc  $01:A0ED: BD 15 40 LDA $4015,X @ $4017 = #$01
f180    c5331789     i45169352    A:40 X:02 Y:02 S:DB P:nVUbdIzc  $01:A0F0: 4A       LSR
f180    c5331791     i45169353    A:20 X:02 Y:02 S:DB P:nVUbdIzc  $01:A0F1: 26 3F    ROL $3F = #$00
f180    c5331796     i45169354    A:20 X:02 Y:02 S:DB P:nVUbdIZc  $01:A0F3: 29 01    AND #$01
f180    c5331798     i45169355    A:00 X:02 Y:02 S:DB P:nVUbdIZc  $01:A0F5: 05 3F    ORA $3F = #$00
f180    c5331801     i45169356    A:00 X:02 Y:02 S:DB P:nVUbdIZc  $01:A0F7: 85 3F    STA $3F = #$00
f180    c5331804     i45169357    A:00 X:02 Y:02 S:DB P:nVUbdIZc  $01:A0F9: 88       DEY
f180    c5331806     i45169358    A:00 X:02 Y:01 S:DB P:nVUbdIzc  $01:A0FA: D0 F1    BNE $A0ED
f180    c5331809     i45169359    A:00 X:02 Y:01 S:DB P:nVUbdIzc  $01:A0ED: BD 15 40 LDA $4015,X @ $4017 = #$01
f180    c5331813     i45169360    A:40 X:02 Y:01 S:DB P:nVUbdIzc  $01:A0F0: 4A       LSR
f181    c5360531     i45178710    A:40 X:19 Y:00 S:E0 P:nvUbdizC  $00:9F04: A5 1B    LDA $1B = #$40
f181    c5360534     i45178711    A:40 X:19 Y:00 S:E0 P:nvUbdizC  $00:9F06: 10 FC    BPL $9F04
f181    c5360537     i45178712    A:40 X:19 Y:00 S:E0 P:nvUbdizC  $00:9F04: A5 1B    LDA $1B = #$40
f181    c5360540     i45178713    A:40 X:19 Y:00 S:E0 P:nvUbdizC  $00:9F06: 10 FC    BPL $9F04
f181    c5360543     i45178714    A:40 X:19 Y:00 S:E0 P:nvUbdizC  $00:9F04: A5 1B    LDA $1B = #$40
f181    c5360546     i45178715    A:40 X:19 Y:00 S:E0 P:nvUbdizC  $00:9F06: 10 FC    BPL $9F04
f181    c5360549     i45178716    A:40 X:19 Y:00 S:E0 P:nvUbdizC  $00:9F04: A5 1B    LDA $1B = #$40
f181    c5360552     i45178717    A:40 X:19 Y:00 S:E0 P:nvUbdizC  $00:9F06: 10 FC    BPL $9F04
f181    c5360555     i45178718    A:40 X:19 Y:00 S:E0 P:nvUbdizC  $00:9F04: A5 1B    LDA $1B = #$40
f181    c5360558     i45178719    A:40 X:19 Y:00 S:E0 P:nvUbdizC  $00:9F06: 10 FC    BPL $9F04
f181    c5360561     i45178720    A:40 X:19 Y:00 S:E0 P:nvUbdizC  $00:9F04: A5 1B    LDA $1B = #$40
f181    c5360564     i45178721    A:40 X:19 Y:00 S:E0 P:nvUbdizC  $00:9F06: 10 FC    BPL $9F04
f181    c5360567     i45178722    A:40 X:19 Y:00 S:E0 P:nvUbdizC  $00:9F04: A5 1B    LDA $1B = #$40
f181    c5360570     i45178723    A:40 X:19 Y:00 S:E0 P:nvUbdizC  $00:9F06: 10 FC    BPL $9F04
f181    c5360573     i45178724    A:40 X:19 Y:00 S:E0 P:nvUbdizC  $00:9F04: A5 1B    LDA $1B = #$40
f181    c5360576     i45178725    A:40 X:19 Y:00 S:E0 P:nvUbdizC  $00:9F06: 10 FC    BPL $9F04
f181    c5360579     i45178726    A:40 X:19 Y:00 S:E0 P:nvUbdizC  $00:9F04: A5 1B    LDA $1B = #$40
f181    c5360582     i45178727    A:40 X:19 Y:00 S:E0 P:nvUbdizC  $00:9F06: 10 FC    BPL $9F04
f181    c5360585     i45178728    A:40 X:19 Y:00 S:E0 P:nvUbdizC  $00:9F04: A5 1B    LDA $1B = #$40
f181    c5360588     i45178729    A:40 X:19 Y:00 S:E0 P:nvUbdizC  $00:9F06: 10 FC    BPL $9F04
f181    c5360591     i45178730    A:40 X:19 Y:00 S:E0 P:nvUbdizC  $00:9F04: A5 1B    LDA $1B = #$40
f181    c5360594     i45178731    A:40 X:19 Y:00 S:E0 P:nvUbdizC  $00:9F06: 10 FC    BPL $9F04
f181    c5360597     i45178732    A:40 X:19 Y:00 S:E0 P:nvUbdizC  $00:9F04: A5 1B    LDA $1B = #$40
f181    c5360600     i45178733    A:40 X:19 Y:00 S:E0 P:nvUbdizC  $00:9F06: 10 FC    BPL $9F04
f181    c5360603     i45178734    A:40 X:19 Y:00 S:E0 P:nvUbdizC  $00:9F04: A5 1B    LDA $1B = #$40
f181    c5360606     i45178735    A:40 X:19 Y:00 S:E0 P:nvUbdizC  $00:9F06: 10 FC    BPL $9F04
f181    c5360616     i45178736    A:40 X:19 Y:00 S:DD P:nvUbdIzC  $0F:C500: 4C 6E C7 JMP $C76E
f181    c5360619     i45178737    A:40 X:19 Y:00 S:DD P:nvUbdIzC  $0F:C76E: 24 1B    BIT $1B = #$40
f181    c5360622     i45178738    A:40 X:19 Y:00 S:DD P:nVUbdIzC  $0F:C770: 50 03    BVC $C775
f181    c5360624     i45178739    A:40 X:19 Y:00 S:DD P:nVUbdIzC  $0F:C772: 4C 21 C4 JMP $C421
f181    c5360627     i45178740    A:40 X:19 Y:00 S:DD P:nVUbdIzC  $0F:C421: 24 3B    BIT $3B = #$55
f181    c5360630     i45178741    A:40 X:19 Y:00 S:DD P:nVUbdIzC  $0F:C423: 30 4D    BMI $C472
f181    c5360632     i45178742    A:40 X:19 Y:00 S:DD P:nVUbdIzC  $0F:C425: 38       SEC
f181    c5360634     i45178743    A:40 X:19 Y:00 S:DD P:nVUbdIzC  $0F:C426: 66 3B    ROR $3B = #$55
f181    c5360639     i45178744    A:40 X:19 Y:00 S:DD P:NVUbdIzC  $0F:C428: 85 3C    STA $3C = #$40
f181    c5360642     i45178745    A:40 X:19 Y:00 S:DD P:NVUbdIzC  $0F:C42A: 86 3D    STX $3D = #$19
f181    c5360645     i45178746    A:40 X:19 Y:00 S:DD P:NVUbdIzC  $0F:C42C: 84 3E    STY $3E = #$00
f181    c5360648     i45178747    A:40 X:19 Y:00 S:DD P:NVUbdIzC  $0F:C42E: A5 22    LDA $22 = #$00
f181    c5360651     i45178748    A:00 X:19 Y:00 S:DD P:nVUbdIZC  $0F:C430: 09 07    ORA #$07
f181    c5360653     i45178749    A:07 X:19 Y:00 S:DD P:nVUbdIzC  $0F:C432: 8D 00 80 STA $8000 = #$A5
f181    c5360657     i45178750    A:07 X:19 Y:00 S:DD P:nVUbdIzC  $0F:C435: A9 02    LDA #$02
f181    c5360659     i45178751    A:02 X:19 Y:00 S:DD P:nVUbdIzC  $0F:C437: 8D 01 80 STA $8001 = #$27
f187    c5539217     i45235850    A:40 X:19 Y:00 S:E0 P:nvUbdizC  $00:9F04: A5 1B    LDA $1B = #$40
f187    c5539220     i45235851    A:40 X:19 Y:00 S:E0 P:nvUbdizC  $00:9F06: 10 FC    BPL $9F04
f187    c5539223     i45235852    A:40 X:19 Y:00 S:E0 P:nvUbdizC  $00:9F04: A5 1B    LDA $1B = #$40
f187    c5539226     i45235853    A:40 X:19 Y:00 S:E0 P:nvUbdizC  $00:9F06: 10 FC    BPL $9F04
f187    c5539229     i45235854    A:40 X:19 Y:00 S:E0 P:nvUbdizC  $00:9F04: A5 1B    LDA $1B = #$40
f187    c5539232     i45235855    A:40 X:19 Y:00 S:E0 P:nvUbdizC  $00:9F06: 10 FC    BPL $9F04
f187    c5539235     i45235856    A:40 X:19 Y:00 S:E0 P:nvUbdizC  $00:9F04: A5 1B    LDA $1B = #$40
f187    c5539238     i45235857    A:40 X:19 Y:00 S:E0 P:nvUbdizC  $00:9F06: 10 FC    BPL $9F04
f187    c5539241     i45235858    A:40 X:19 Y:00 S:E0 P:nvUbdizC  $00:9F04: A5 1B    LDA $1B = #$40
f187    c5539244     i45235859    A:40 X:19 Y:00 S:E0 P:nvUbdizC  $00:9F06: 10 FC    BPL $9F04
f187    c5539247     i45235860    A:40 X:19 Y:00 S:E0 P:nvUbdizC  $00:9F04: A5 1B    LDA $1B = #$40
f187    c5539250     i45235861    A:40 X:19 Y:00 S:E0 P:nvUbdizC  $00:9F06: 10 FC    BPL $9F04
f187    c5539253     i45235862    A:40 X:19 Y:00 S:E0 P:nvUbdizC  $00:9F04: A5 1B    LDA $1B = #$40
f187    c5539256     i45235863    A:40 X:19 Y:00 S:E0 P:nvUbdizC  $00:9F06: 10 FC    BPL $9F04
f187    c5539259     i45235864    A:40 X:19 Y:00 S:E0 P:nvUbdizC  $00:9F04: A5 1B    LDA $1B = #$40
f187    c5539262     i45235865    A:40 X:19 Y:00 S:E0 P:nvUbdizC  $00:9F06: 10 FC    BPL $9F04
f187    c5539265     i45235866    A:40 X:19 Y:00 S:E0 P:nvUbdizC  $00:9F04: A5 1B    LDA $1B = #$40
f187    c5539268     i45235867    A:40 X:19 Y:00 S:E0 P:nvUbdizC  $00:9F06: 10 FC    BPL $9F04
f187    c5539271     i45235868    A:40 X:19 Y:00 S:E0 P:nvUbdizC  $00:9F04: A5 1B    LDA $1B = #$40
f187    c5539274     i45235869    A:40 X:19 Y:00 S:E0 P:nvUbdizC  $00:9F06: 10 FC    BPL $9F04
f187    c5539277     i45235870    A:40 X:19 Y:00 S:E0 P:nvUbdizC  $00:9F04: A5 1B    LDA $1B = #$40
f187    c5539280     i45235871    A:40 X:19 Y:00 S:E0 P:nvUbdizC  $00:9F06: 10 FC    BPL $9F04
f187    c5539283     i45235872    A:40 X:19 Y:00 S:E0 P:nvUbdizC  $00:9F04: A5 1B    LDA $1B = #$40
f187    c5539286     i45235873    A:40 X:19 Y:00 S:E0 P:nvUbdizC  $00:9F06: 10 FC    BPL $9F04
f187    c5539289     i45235874    A:40 X:19 Y:00 S:E0 P:nvUbdizC  $00:9F04: A5 1B    LDA $1B = #$40
f187    c5539299     i45235875    A:40 X:19 Y:00 S:DD P:nvUbdIzC  $0F:C500: 4C 6E C7 JMP $C76E
f187    c5539302     i45235876    A:40 X:19 Y:00 S:DD P:nvUbdIzC  $0F:C76E: 24 1B    BIT $1B = #$40
f187    c5539305     i45235877    A:40 X:19 Y:00 S:DD P:nVUbdIzC  $0F:C770: 50 03    BVC $C775
f187    c5539307     i45235878    A:40 X:19 Y:00 S:DD P:nVUbdIzC  $0F:C772: 4C 21 C4 JMP $C421
f187    c5539310     i45235879    A:40 X:19 Y:00 S:DD P:nVUbdIzC  $0F:C421: 24 3B    BIT $3B = #$55
f187    c5539313     i45235880    A:40 X:19 Y:00 S:DD P:nVUbdIzC  $0F:C423: 30 4D    BMI $C472
f187    c5539315     i45235881    A:40 X:19 Y:00 S:DD P:nVUbdIzC  $0F:C425: 38       SEC
f187    c5539317     i45235882    A:40 X:19 Y:00 S:DD P:nVUbdIzC  $0F:C426: 66 3B    ROR $3B = #$55
f187    c5539322     i45235883    A:40 X:19 Y:00 S:DD P:NVUbdIzC  $0F:C428: 85 3C    STA $3C = #$40
f187    c5539325     i45235884    A:40 X:19 Y:00 S:DD P:NVUbdIzC  $0F:C42A: 86 3D    STX $3D = #$19
f187    c5539328     i45235885    A:40 X:19 Y:00 S:DD P:NVUbdIzC  $0F:C42C: 84 3E    STY $3E = #$00
f187    c5539331     i45235886    A:40 X:19 Y:00 S:DD P:NVUbdIzC  $0F:C42E: A5 22    LDA $22 = #$00
f187    c5539334     i45235887    A:00 X:19 Y:00 S:DD P:nVUbdIZC  $0F:C430: 09 07    ORA #$07
f187    c5539336     i45235888    A:07 X:19 Y:00 S:DD P:nVUbdIzC  $0F:C432: 8D 00 80 STA $8000 = #$A5
f187    c5539340     i45235889    A:07 X:19 Y:00 S:DD P:nVUbdIzC  $0F:C435: A9 02    LDA #$02
f187    c5539342     i45235890    A:02 X:19 Y:00 S:DD P:nVUbdIzC  $0F:C437: 8D 01 80 STA $8001 = #$27
f187    c5539346     i45235891    A:02 X:19 Y:00 S:DD P:nVUbdIzC  $0F:C43A: 20 00 A0 JSR $A000
f188    c5570153     i45245577    A:00 X:01 Y:07 S:DB P:nVUbdIzc  $01:A0ED: BD 15 40 LDA $4015,X @ $4016 = #$00
f188    c5570157     i45245578    A:40 X:01 Y:07 S:DB P:nVUbdIzc  $01:A0F0: 4A       LSR
f188    c5570159     i45245579    A:20 X:01 Y:07 S:DB P:nVUbdIzc  $01:A0F1: 26 3F    ROL $3F = #$00
f188    c5570164     i45245580    A:20 X:01 Y:07 S:DB P:nVUbdIZc  $01:A0F3: 29 01    AND #$01
f188    c5570166     i45245581    A:00 X:01 Y:07 S:DB P:nVUbdIZc  $01:A0F5: 05 3F    ORA $3F = #$00
f188    c5570169     i45245582    A:00 X:01 Y:07 S:DB P:nVUbdIZc  $01:A0F7: 85 3F    STA $3F = #$00
f188    c5570172     i45245583    A:00 X:01 Y:07 S:DB P:nVUbdIZc  $01:A0F9: 88       DEY
f188    c5570174     i45245584    A:00 X:01 Y:06 S:DB P:nVUbdIzc  $01:A0FA: D0 F1    BNE $A0ED
f188    c5570177     i45245585    A:00 X:01 Y:06 S:DB P:nVUbdIzc  $01:A0ED: BD 15 40 LDA $4015,X @ $4016 = #$00
f188    c5570181     i45245586    A:40 X:01 Y:06 S:DB P:nVUbdIzc  $01:A0F0: 4A       LSR
f188    c5570183     i45245587    A:20 X:01 Y:06 S:DB P:nVUbdIzc  $01:A0F1: 26 3F    ROL $3F = #$00
f188    c5570188     i45245588    A:20 X:01 Y:06 S:DB P:nVUbdIZc  $01:A0F3: 29 01    AND #$01
f188    c5570190     i45245589    A:00 X:01 Y:06 S:DB P:nVUbdIZc  $01:A0F5: 05 3F    ORA $3F = #$00
f188    c5570193     i45245590    A:00 X:01 Y:06 S:DB P:nVUbdIZc  $01:A0F7: 85 3F    STA $3F = #$00
f188    c5570196     i45245591    A:00 X:01 Y:06 S:DB P:nVUbdIZc  $01:A0F9: 88       DEY
f188    c5570198     i45245592    A:00 X:01 Y:05 S:DB P:nVUbdIzc  $01:A0FA: D0 F1    BNE $A0ED
f188    c5570201     i45245593    A:00 X:01 Y:05 S:DB P:nVUbdIzc  $01:A0ED: BD 15 40 LDA $4015,X @ $4016 = #$00
f188    c5570205     i45245594    A:40 X:01 Y:05 S:DB P:nVUbdIzc  $01:A0F0: 4A       LSR
f188    c5570207     i45245595    A:20 X:01 Y:05 S:DB P:nVUbdIzc  $01:A0F1: 26 3F    ROL $3F = #$00
f188    c5570212     i45245596    A:20 X:01 Y:05 S:DB P:nVUbdIZc  $01:A0F3: 29 01    AND #$01
f188    c5570214     i45245597    A:00 X:01 Y:05 S:DB P:nVUbdIZc  $01:A0F5: 05 3F    ORA $3F = #$00
f188    c5570217     i45245598    A:00 X:01 Y:05 S:DB P:nVUbdIZc  $01:A0F7: 85 3F    STA $3F = #$00
f188    c5570220     i45245599    A:00 X:01 Y:05 S:DB P:nVUbdIZc  $01:A0F9: 88       DEY
f188    c5570222     i45245600    A:00 X:01 Y:04 S:DB P:nVUbdIzc  $01:A0FA: D0 F1    BNE $A0ED
f188    c5570225     i45245601    A:00 X:01 Y:04 S:DB P:nVUbdIzc  $01:A0ED: BD 15 40 LDA $4015,X @ $4016 = #$00
f188    c5570229     i45245602    A:40 X:01 Y:04 S:DB P:nVUbdIzc  $01:A0F0: 4A       LSR
f188    c5570231     i45245603    A:20 X:01 Y:04 S:DB P:nVUbdIzc  $01:A0F1: 26 3F    ROL $3F = #$00
f188    c5570236     i45245604    A:20 X:01 Y:04 S:DB P:nVUbdIZc  $01:A0F3: 29 01    AND #$01
f188    c5570238     i45245605    A:00 X:01 Y:04 S:DB P:nVUbdIZc  $01:A0F5: 05 3F    ORA $3F = #$00
f188    c5570241     i45245606    A:00 X:01 Y:04 S:DB P:nVUbdIZc  $01:A0F7: 85 3F    STA $3F = #$00
f188    c5570244     i45245607    A:00 X:01 Y:04 S:DB P:nVUbdIZc  $01:A0F9: 88       DEY
f188    c5570246     i45245608    A:00 X:01 Y:03 S:DB P:nVUbdIzc  $01:A0FA: D0 F1    BNE $A0ED
f188    c5570249     i45245609    A:00 X:01 Y:03 S:DB P:nVUbdIzc  $01:A0ED: BD 15 40 LDA $4015,X @ $4016 = #$00
f188    c5570253     i45245610    A:40 X:01 Y:03 S:DB P:nVUbdIzc  $01:A0F0: 4A       LSR
f188    c5570255     i45245611    A:20 X:01 Y:03 S:DB P:nVUbdIzc  $01:A0F1: 26 3F    ROL $3F = #$00
f188    c5570260     i45245612    A:20 X:01 Y:03 S:DB P:nVUbdIZc  $01:A0F3: 29 01    AND #$01
f188    c5570262     i45245613    A:00 X:01 Y:03 S:DB P:nVUbdIZc  $01:A0F5: 05 3F    ORA $3F = #$00
f188    c5570265     i45245614    A:00 X:01 Y:03 S:DB P:nVUbdIZc  $01:A0F7: 85 3F    STA $3F = #$00
f188    c5570268     i45245615    A:00 X:01 Y:03 S:DB P:nVUbdIZc  $01:A0F9: 88       DEY
f188    c5570270     i45245616    A:00 X:01 Y:02 S:DB P:nVUbdIzc  $01:A0FA: D0 F1    BNE $A0ED
f188    c5570273     i45245617    A:00 X:01 Y:02 S:DB P:nVUbdIzc  $01:A0ED: BD 15 40 LDA $4015,X @ $4016 = #$00
f188    c5570277     i45245618    A:40 X:01 Y:02 S:DB P:nVUbdIzc  $01:A0F0: 4A       LSR
f192    c5689055     i45283597    A:00 X:02 Y:06 S:DB P:nVUbdIzc  $01:A0ED: BD 15 40 LDA $4015,X @ $4017 = #$01
f192    c5689059     i45283598    A:40 X:02 Y:06 S:DB P:nVUbdIzc  $01:A0F0: 4A       LSR
f192    c5689061     i45283599    A:20 X:02 Y:06 S:DB P:nVUbdIzc  $01:A0F1: 26 3F    ROL $3F = #$00
f192    c5689066     i45283600    A:20 X:02 Y:06 S:DB P:nVUbdIZc  $01:A0F3: 29 01    AND #$01
f192    c5689068     i45283601    A:00 X:02 Y:06 S:DB P:nVUbdIZc  $01:A0F5: 05 3F    ORA $3F = #$00
f192    c5689071     i45283602    A:00 X:02 Y:06 S:DB P:nVUbdIZc  $01:A0F7: 85 3F    STA $3F = #$00
f192    c5689074     i45283603    A:00 X:02 Y:06 S:DB P:nVUbdIZc  $01:A0F9: 88       DEY
f192    c5689076     i45283604    A:00 X:02 Y:05 S:DB P:nVUbdIzc  $01:A0FA: D0 F1    BNE $A0ED
f192    c5689079     i45283605    A:00 X:02 Y:05 S:DB P:nVUbdIzc  $01:A0ED: BD 15 40 LDA $4015,X @ $4017 = #$01
f192    c5689083     i45283606    A:40 X:02 Y:05 S:DB P:nVUbdIzc  $01:A0F0: 4A       LSR
f192    c5689085     i45283607    A:20 X:02 Y:05 S:DB P:nVUbdIzc  $01:A0F1: 26 3F    ROL $3F = #$00
f192    c5689090     i45283608    A:20 X:02 Y:05 S:DB P:nVUbdIZc  $01:A0F3: 29 01    AND #$01
f192    c5689092     i45283609    A:00 X:02 Y:05 S:DB P:nVUbdIZc  $01:A0F5: 05 3F    ORA $3F = #$00
f192    c5689095     i45283610    A:00 X:02 Y:05 S:DB P:nVUbdIZc  $01:A0F7: 85 3F    STA $3F = #$00
f192    c5689098     i45283611    A:00 X:02 Y:05 S:DB P:nVUbdIZc  $01:A0F9: 88       DEY
f192    c5689100     i45283612    A:00 X:02 Y:04 S:DB P:nVUbdIzc  $01:A0FA: D0 F1    BNE $A0ED
f192    c5689103     i45283613    A:00 X:02 Y:04 S:DB P:nVUbdIzc  $01:A0ED: BD 15 40 LDA $4015,X @ $4017 = #$01
f192    c5689107     i45283614    A:40 X:02 Y:04 S:DB P:nVUbdIzc  $01:A0F0: 4A       LSR
f192    c5689109     i45283615    A:20 X:02 Y:04 S:DB P:nVUbdIzc  $01:A0F1: 26 3F    ROL $3F = #$00
f192    c5689114     i45283616    A:20 X:02 Y:04 S:DB P:nVUbdIZc  $01:A0F3: 29 01    AND #$01
f192    c5689116     i45283617    A:00 X:02 Y:04 S:DB P:nVUbdIZc  $01:A0F5: 05 3F    ORA $3F = #$00
f192    c5689119     i45283618    A:00 X:02 Y:04 S:DB P:nVUbdIZc  $01:A0F7: 85 3F    STA $3F = #$00
f192    c5689122     i45283619    A:00 X:02 Y:04 S:DB P:nVUbdIZc  $01:A0F9: 88       DEY
f192    c5689124     i45283620    A:00 X:02 Y:03 S:DB P:nVUbdIzc  $01:A0FA: D0 F1    BNE $A0ED
f192    c5689127     i45283621    A:00 X:02 Y:03 S:DB P:nVUbdIzc  $01:A0ED: BD 15 40 LDA $4015,X @ $4017 = #$01
f192    c5689131     i45283622    A:40 X:02 Y:03 S:DB P:nVUbdIzc  $01:A0F0: 4A       LSR
f192    c5689133     i45283623    A:20 X:02 Y:03 S:DB P:nVUbdIzc  $01:A0F1: 26 3F    ROL $3F = #$00
f192    c5689138     i45283624    A:20 X:02 Y:03 S:DB P:nVUbdIZc  $01:A0F3: 29 01    AND #$01
f192    c5689140     i45283625    A:00 X:02 Y:03 S:DB P:nVUbdIZc  $01:A0F5: 05 3F    ORA $3F = #$00
f192    c5689143     i45283626    A:00 X:02 Y:03 S:DB P:nVUbdIZc  $01:A0F7: 85 3F    STA $3F = #$00
f192    c5689146     i45283627    A:00 X:02 Y:03 S:DB P:nVUbdIZc  $01:A0F9: 88       DEY
f192    c5689148     i45283628    A:00 X:02 Y:02 S:DB P:nVUbdIzc  $01:A0FA: D0 F1    BNE $A0ED
f192    c5689151     i45283629    A:00 X:02 Y:02 S:DB P:nVUbdIzc  $01:A0ED: BD 15 40 LDA $4015,X @ $4017 = #$01
f192    c5689155     i45283630    A:40 X:02 Y:02 S:DB P:nVUbdIzc  $01:A0F0: 4A       LSR
f192    c5689157     i45283631    A:20 X:02 Y:02 S:DB P:nVUbdIzc  $01:A0F1: 26 3F    ROL $3F = #$00
f192    c5689162     i45283632    A:20 X:02 Y:02 S:DB P:nVUbdIZc  $01:A0F3: 29 01    AND #$01
f192    c5689164     i45283633    A:00 X:02 Y:02 S:DB P:nVUbdIZc  $01:A0F5: 05 3F    ORA $3F = #$00
f192    c5689167     i45283634    A:00 X:02 Y:02 S:DB P:nVUbdIZc  $01:A0F7: 85 3F    STA $3F = #$00
f192    c5689170     i45283635    A:00 X:02 Y:02 S:DB P:nVUbdIZc  $01:A0F9: 88       DEY
f192    c5689172     i45283636    A:00 X:02 Y:01 S:DB P:nVUbdIzc  $01:A0FA: D0 F1    BNE $A0ED
f192    c5689175     i45283637    A:00 X:02 Y:01 S:DB P:nVUbdIzc  $01:A0ED: BD 15 40 LDA $4015,X @ $4017 = #$01
f192    c5689179     i45283638    A:40 X:02 Y:01 S:DB P:nVUbdIzc  $01:A0F0: 4A       LSR
f193    c5717897     i45292988    A:40 X:19 Y:00 S:E0 P:nvUbdizC  $00:9F04: A5 1B    LDA $1B = #$40
f193    c5717900     i45292989    A:40 X:19 Y:00 S:E0 P:nvUbdizC  $00:9F06: 10 FC    BPL $9F04
f193    c5717903     i45292990    A:40 X:19 Y:00 S:E0 P:nvUbdizC  $00:9F04: A5 1B    LDA $1B = #$40
f193    c5717906     i45292991    A:40 X:19 Y:00 S:E0 P:nvUbdizC  $00:9F06: 10 FC    BPL $9F04
f193    c5717909     i45292992    A:40 X:19 Y:00 S:E0 P:nvUbdizC  $00:9F04: A5 1B    LDA $1B = #$40
f193    c5717912     i45292993    A:40 X:19 Y:00 S:E0 P:nvUbdizC  $00:9F06: 10 FC    BPL $9F04
f193    c5717915     i45292994    A:40 X:19 Y:00 S:E0 P:nvUbdizC  $00:9F04: A5 1B    LDA $1B = #$40
f193    c5717918     i45292995    A:40 X:19 Y:00 S:E0 P:nvUbdizC  $00:9F06: 10 FC    BPL $9F04
f193    c5717921     i45292996    A:40 X:19 Y:00 S:E0 P:nvUbdizC  $00:9F04: A5 1B    LDA $1B = #$40
f193    c5717924     i45292997    A:40 X:19 Y:00 S:E0 P:nvUbdizC  $00:9F06: 10 FC    BPL $9F04
f193    c5717927     i45292998    A:40 X:19 Y:00 S:E0 P:nvUbdizC  $00:9F04: A5 1B    LDA $1B = #$40
f193    c5717930     i45292999    A:40 X:19 Y:00 S:E0 P:nvUbdizC  $00:9F06: 10 FC    BPL $9F04
f193    c5717933     i45293000    A:40 X:19 Y:00 S:E0 P:nvUbdizC  $00:9F04: A5 1B    LDA $1B = #$40
f193    c5717936     i45293001    A:40 X:19 Y:00 S:E0 P:nvUbdizC  $00:9F06: 10 FC    BPL $9F04
f193    c5717939     i45293002    A:40 X:19 Y:00 S:E0 P:nvUbdizC  $00:9F04: A5 1B    LDA $1B = #$40
f193    c5717942     i45293003    A:40 X:19 Y:00 S:E0 P:nvUbdizC  $00:9F06: 10 FC    BPL $9F04
f193    c5717945     i45293004    A:40 X:19 Y:00 S:E0 P:nvUbdizC  $00:9F04: A5 1B    LDA $1B = #$40
f193    c5717948     i45293005    A:40 X:19 Y:00 S:E0 P:nvUbdizC  $00:9F06: 10 FC    BPL $9F04
f193    c5717951     i45293006    A:40 X:19 Y:00 S:E0 P:nvUbdizC  $00:9F04: A5 1B    LDA $1B = #$40
f193    c5717954     i45293007    A:40 X:19 Y:00 S:E0 P:nvUbdizC  $00:9F06: 10 FC    BPL $9F04
f193    c5717957     i45293008    A:40 X:19 Y:00 S:E0 P:nvUbdizC  $00:9F04: A5 1B    LDA $1B = #$40
f193    c5717960     i45293009    A:40 X:19 Y:00 S:E0 P:nvUbdizC  $00:9F06: 10 FC    BPL $9F04
f193    c5717963     i45293010    A:40 X:19 Y:00 S:E0 P:nvUbdizC  $00:9F04: A5 1B    LDA $1B = #$40
f193    c5717966     i45293011    A:40 X:19 Y:00 S:E0 P:nvUbdizC  $00:9F06: 10 FC    BPL $9F04
f193    c5717969     i45293012    A:40 X:19 Y:00 S:E0 P:nvUbdizC  $00:9F04: A5 1B    LDA $1B = #$40
f193    c5717972     i45293013    A:40 X:19 Y:00 S:E0 P:nvUbdizC  $00:9F06: 10 FC    BPL $9F04
f193    c5717982     i45293014    A:40 X:19 Y:00 S:DD P:nvUbdIzC  $0F:C500: 4C 6E C7 JMP $C76E
f193    c5717985     i45293015    A:40 X:19 Y:00 S:DD P:nvUbdIzC  $0F:C76E: 24 1B    BIT $1B = #$40
f193    c5717988     i45293016    A:40 X:19 Y:00 S:DD P:nVUbdIzC  $0F:C770: 50 03    BVC $C775
f193    c5717990     i45293017    A:40 X:19 Y:00 S:DD P:nVUbdIzC  $0F:C772: 4C 21 C4 JMP $C421
f193    c5717993     i45293018    A:40 X:19 Y:00 S:DD P:nVUbdIzC  $0F:C421: 24 3B    BIT $3B = #$55
f193    c5717996     i45293019    A:40 X:19 Y:00 S:DD P:nVUbdIzC  $0F:C423: 30 4D    BMI $C472
f193    c5717998     i45293020    A:40 X:19 Y:00 S:DD P:nVUbdIzC  $0F:C425: 38       SEC
f193    c5718000     i45293021    A:40 X:19 Y:00 S:DD P:nVUbdIzC  $0F:C426: 66 3B    ROR $3B = #$55
f193    c5718005     i45293022    A:40 X:19 Y:00 S:DD P:NVUbdIzC  $0F:C428: 85 3C    STA $3C = #$40
f193    c5718008     i45293023    A:40 X:19 Y:00 S:DD P:NVUbdIzC  $0F:C42A: 86 3D    STX $3D = #$19
f193    c5718011     i45293024    A:40 X:19 Y:00 S:DD P:NVUbdIzC  $0F:C42C: 84 3E    STY $3E = #$00
f193    c5718014     i45293025    A:40 X:19 Y:00 S:DD P:NVUbdIzC  $0F:C42E: A5 22    LDA $22 = #$00
f193    c5718017     i45293026    A:00 X:19 Y:00 S:DD P:nVUbdIZC  $0F:C430: 09 07    ORA #$07
f193    c5718019     i45293027    A:07 X:19 Y:00 S:DD P:nVUbdIzC  $0F:C432: 8D 00 80 STA $8000 = #$A5
f193    c5718023     i45293028    A:07 X:19 Y:00 S:DD P:nVUbdIzC  $0F:C435: A9 02    LDA #$02
f193    c5718025     i45293029    A:02 X:19 Y:00 S:DD P:nVUbdIzC  $0F:C437: 8D 01 80 STA $8001 = #$27
f199    c5896583     i45350128    A:40 X:19 Y:00 S:E0 P:nvUbdizC  $00:9F04: A5 1B    LDA $1B = #$40
f199    c5896586     i45350129    A:40 X:19 Y:00 S:E0 P:nvUbdizC  $00:9F06: 10 FC    BPL $9F04
f199    c5896589     i45350130    A:40 X:19 Y:00 S:E0 P:nvUbdizC  $00:9F04: A5 1B    LDA $1B = #$40
f199    c5896592     i45350131    A:40 X:19 Y:00 S:E0 P:nvUbdizC  $00:9F06: 10 FC    BPL $9F04
f199    c5896595     i45350132    A:40 X:19 Y:00 S:E0 P:nvUbdizC  $00:9F04: A5 1B    LDA $1B = #$40
f199    c5896598     i45350133    A:40 X:19 Y:00 S:E0 P:nvUbdizC  $00:9F06: 10 FC    BPL $9F04
f199    c5896601     i45350134    A:40 X:19 Y:00 S:E0 P:nvUbdizC  $00:9F04: A5 1B    LDA $1B = #$40
f199    c5896604     i45350135    A:40 X:19 Y:00 S:E0 P:nvUbdizC  $00:9F06: 10 FC    BPL $9F04
f199    c5896607     i45350136    A:40 X:19 Y:00 S:E0 P:nvUbdizC  $00:9F04: A5 1B    LDA $1B = #$40
f199    c5896610     i45350137    A:40 X:19 Y:00 S:E0 P:nvUbdizC  $00:9F06: 10 FC    BPL $9F04
f199    c5896613     i45350138    A:40 X:19 Y:00 S:E0 P:nvUbdizC  $00:9F04: A5 1B    LDA $1B = #$40
f199    c5896616     i45350139    A:40 X:19 Y:00 S:E0 P:nvUbdizC  $00:9F06: 10 FC    BPL $9F04
f199    c5896619     i45350140    A:40 X:19 Y:00 S:E0 P:nvUbdizC  $00:9F04: A5 1B    LDA $1B = #$40
f199    c5896622     i45350141    A:40 X:19 Y:00 S:E0 P:nvUbdizC  $00:9F06: 10 FC    BPL $9F04
f199    c5896625     i45350142    A:40 X:19 Y:00 S:E0 P:nvUbdizC  $00:9F04: A5 1B    LDA $1B = #$40
f199    c5896628     i45350143    A:40 X:19 Y:00 S:E0 P:nvUbdizC  $00:9F06: 10 FC    BPL $9F04
f199    c5896631     i45350144    A:40 X:19 Y:00 S:E0 P:nvUbdizC  $00:9F04: A5 1B    LDA $1B = #$40
f199    c5896634     i45350145    A:40 X:19 Y:00 S:E0 P:nvUbdizC  $00:9F06: 10 FC    BPL $9F04
f199    c5896637     i45350146    A:40 X:19 Y:00 S:E0 P:nvUbdizC  $00:9F04: A5 1B    LDA $1B = #$40
f199    c5896640     i45350147    A:40 X:19 Y:00 S:E0 P:nvUbdizC  $00:9F06: 10 FC    BPL $9F04
f199    c5896643     i45350148    A:40 X:19 Y:00 S:E0 P:nvUbdizC  $00:9F04: A5 1B    LDA $1B = #$40
f199    c5896646     i45350149    A:40 X:19 Y:00 S:E0 P:nvUbdizC  $00:9F06: 10 FC    BPL $9F04
f199    c5896649     i45350150    A:40 X:19 Y:00 S:E0 P:nvUbdizC  $00:9F04: A5 1B    LDA $1B = #$40
f199    c5896652     i45350151    A:40 X:19 Y:00 S:E0 P:nvUbdizC  $00:9F06: 10 FC    BPL $9F04
f199    c5896655     i45350152    A:40 X:19 Y:00 S:E0 P:nvUbdizC  $00:9F04: A5 1B    LDA $1B = #$40
f199    c5896665     i45350153    A:40 X:19 Y:00 S:DD P:nvUbdIzC  $0F:C500: 4C 6E C7 JMP $C76E
f199    c5896668     i45350154    A:40 X:19 Y:00 S:DD P:nvUbdIzC  $0F:C76E: 24 1B    BIT $1B = #$40
f199    c5896671     i45350155    A:40 X:19 Y:00 S:DD P:nVUbdIzC  $0F:C770: 50 03    BVC $C775
f199    c5896673     i45350156    A:40 X:19 Y:00 S:DD P:nVUbdIzC  $0F:C772: 4C 21 C4 JMP $C421
f199    c5896676     i45350157    A:40 X:19 Y:00 S:DD P:nVUbdIzC  $0F:C421: 24 3B    BIT $3B = #$55
f199    c5896679     i45350158    A:40 X:19 Y:00 S:DD P:nVUbdIzC  $0F:C423: 30 4D    BMI $C472
f199    c5896681     i45350159    A:40 X:19 Y:00 S:DD P:nVUbdIzC  $0F:C425: 38       SEC
f199    c5896683     i45350160    A:40 X:19 Y:00 S:DD P:nVUbdIzC  $0F:C426: 66 3B    ROR $3B = #$55
f199    c5896688     i45350161    A:40 X:19 Y:00 S:DD P:NVUbdIzC  $0F:C428: 85 3C    STA $3C = #$40
f199    c5896691     i45350162    A:40 X:19 Y:00 S:DD P:NVUbdIzC  $0F:C42A: 86 3D    STX $3D = #$19
f199    c5896694     i45350163    A:40 X:19 Y:00 S:DD P:NVUbdIzC  $0F:C42C: 84 3E    STY $3E = #$00
f199    c5896697     i45350164    A:40 X:19 Y:00 S:DD P:NVUbdIzC  $0F:C42E: A5 22    LDA $22 = #$00
f199    c5896700     i45350165    A:00 X:19 Y:00 S:DD P:nVUbdIZC  $0F:C430: 09 07    ORA #$07
f199    c5896702     i45350166    A:07 X:19 Y:00 S:DD P:nVUbdIzC  $0F:C432: 8D 00 80 STA $8000 = #$A5
f199    c5896706     i45350167    A:07 X:19 Y:00 S:DD P:nVUbdIzC  $0F:C435: A9 02    LDA #$02
f199    c5896708     i45350168    A:02 X:19 Y:00 S:DD P:nVUbdIzC  $0F:C437: 8D 01 80 STA $8001 = #$27
f199    c5896712     i45350169    A:02 X:19 Y:00 S:DD P:nVUbdIzC  $0F:C43A: 20 00 A0 JSR $A000
f200    c5927519     i45359855    A:00 X:01 Y:07 S:DB P:nVUbdIzc  $01:A0ED: BD 15 40 LDA $4015,X @ $4016 = #$00
f200    c5927523     i45359856    A:40 X:01 Y:07 S:DB P:nVUbdIzc  $01:A0F0: 4A       LSR
f200    c5927525     i45359857    A:20 X:01 Y:07 S:DB P:nVUbdIzc  $01:A0F1: 26 3F    ROL $3F = #$00
f200    c5927530     i45359858    A:20 X:01 Y:07 S:DB P:nVUbdIZc  $01:A0F3: 29 01    AND #$01
f200    c5927532     i45359859    A:00 X:01 Y:07 S:DB P:nVUbdIZc  $01:A0F5: 05 3F    ORA $3F = #$00
f200    c5927535     i45359860    A:00 X:01 Y:07 S:DB P:nVUbdIZc  $01:A0F7: 85 3F    STA $3F = #$00
f200    c5927538     i45359861    A:00 X:01 Y:07 S:DB P:nVUbdIZc  $01:A0F9: 88       DEY
f200    c5927540     i45359862    A:00 X:01 Y:06 S:DB P:nVUbdIzc  $01:A0FA: D0 F1    BNE $A0ED
f200    c5927543     i45359863    A:00 X:01 Y:06 S:DB P:nVUbdIzc  $01:A0ED: BD 15 40 LDA $4015,X @ $4016 = #$00
f200    c5927547     i45359864    A:40 X:01 Y:06 S:DB P:nVUbdIzc  $01:A0F0: 4A       LSR
f200    c5927549     i45359865    A:20 X:01 Y:06 S:DB P:nVUbdIzc  $01:A0F1: 26 3F    ROL $3F = #$00
f200    c5927554     i45359866    A:20 X:01 Y:06 S:DB P:nVUbdIZc  $01:A0F3: 29 01    AND #$01
f200    c5927556     i45359867    A:00 X:01 Y:06 S:DB P:nVUbdIZc  $01:A0F5: 05 3F    ORA $3F = #$00
f200    c5927559     i45359868    A:00 X:01 Y:06 S:DB P:nVUbdIZc  $01:A0F7: 85 3F    STA $3F = #$00
f200    c5927562     i45359869    A:00 X:01 Y:06 S:DB P:nVUbdIZc  $01:A0F9: 88       DEY
f200    c5927564     i45359870    A:00 X:01 Y:05 S:DB P:nVUbdIzc  $01:A0FA: D0 F1    BNE $A0ED
f200    c5927567     i45359871    A:00 X:01 Y:05 S:DB P:nVUbdIzc  $01:A0ED: BD 15 40 LDA $4015,X @ $4016 = #$00
f200    c5927571     i45359872    A:40 X:01 Y:05 S:DB P:nVUbdIzc  $01:A0F0: 4A       LSR
f200    c5927573     i45359873    A:20 X:01 Y:05 S:DB P:nVUbdIzc  $01:A0F1: 26 3F    ROL $3F = #$00
f200    c5927578     i45359874    A:20 X:01 Y:05 S:DB P:nVUbdIZc  $01:A0F3: 29 01    AND #$01
f200    c5927580     i45359875    A:00 X:01 Y:05 S:DB P:nVUbdIZc  $01:A0F5: 05 3F    ORA $3F = #$00
f200    c5927583     i45359876    A:00 X:01 Y:05 S:DB P:nVUbdIZc  $01:A0F7: 85 3F    STA $3F = #$00
f200    c5927586     i45359877    A:00 X:01 Y:05 S:DB P:nVUbdIZc  $01:A0F9: 88       DEY
f200    c5927588     i45359878    A:00 X:01 Y:04 S:DB P:nVUbdIzc  $01:A0FA: D0 F1    BNE $A0ED
f200    c5927591     i45359879    A:00 X:01 Y:04 S:DB P:nVUbdIzc  $01:A0ED: BD 15 40 LDA $4015,X @ $4016 = #$00
f200    c5927595     i45359880    A:40 X:01 Y:04 S:DB P:nVUbdIzc  $01:A0F0: 4A       LSR
f200    c5927597     i45359881    A:20 X:01 Y:04 S:DB P:nVUbdIzc  $01:A0F1: 26 3F    ROL $3F = #$00
f200    c5927602     i45359882    A:20 X:01 Y:04 S:DB P:nVUbdIZc  $01:A0F3: 29 01    AND #$01
f200    c5927604     i45359883    A:00 X:01 Y:04 S:DB P:nVUbdIZc  $01:A0F5: 05 3F    ORA $3F = #$00
f200    c5927607     i45359884    A:00 X:01 Y:04 S:DB P:nVUbdIZc  $01:A0F7: 85 3F    STA $3F = #$00
f200    c5927610     i45359885    A:00 X:01 Y:04 S:DB P:nVUbdIZc  $01:A0F9: 88       DEY
f200    c5927612     i45359886    A:00 X:01 Y:03 S:DB P:nVUbdIzc  $01:A0FA: D0 F1    BNE $A0ED
f200    c5927615     i45359887    A:00 X:01 Y:03 S:DB P:nVUbdIzc  $01:A0ED: BD 15 40 LDA $4015,X @ $4016 = #$00
f200    c5927619     i45359888    A:40 X:01 Y:03 S:DB P:nVUbdIzc  $01:A0F0: 4A       LSR
f200    c5927621     i45359889    A:20 X:01 Y:03 S:DB P:nVUbdIzc  $01:A0F1: 26 3F    ROL $3F = #$00
f200    c5927626     i45359890    A:20 X:01 Y:03 S:DB P:nVUbdIZc  $01:A0F3: 29 01    AND #$01
f200    c5927628     i45359891    A:00 X:01 Y:03 S:DB P:nVUbdIZc  $01:A0F5: 05 3F    ORA $3F = #$00
f200    c5927631     i45359892    A:00 X:01 Y:03 S:DB P:nVUbdIZc  $01:A0F7: 85 3F    STA $3F = #$00
f200    c5927634     i45359893    A:00 X:01 Y:03 S:DB P:nVUbdIZc  $01:A0F9: 88       DEY
f200    c5927636     i45359894    A:00 X:01 Y:02 S:DB P:nVUbdIzc  $01:A0FA: D0 F1    BNE $A0ED
f200    c5927639     i45359895    A:00 X:01 Y:02 S:DB P:nVUbdIzc  $01:A0ED: BD 15 40 LDA $4015,X @ $4016 = #$00
f200    c5927643     i45359896    A:40 X:01 Y:02 S:DB P:nVUbdIzc  $01:A0F0: 4A       LSR
f204    c6046421     i45397875    A:00 X:02 Y:06 S:DB P:nVUbdIzc  $01:A0ED: BD 15 40 LDA $4015,X @ $4017 = #$01
f204    c6046425     i45397876    A:40 X:02 Y:06 S:DB P:nVUbdIzc  $01:A0F0: 4A       LSR
f204    c6046427     i45397877    A:20 X:02 Y:06 S:DB P:nVUbdIzc  $01:A0F1: 26 3F    ROL $3F = #$00
f204    c6046432     i45397878    A:20 X:02 Y:06 S:DB P:nVUbdIZc  $01:A0F3: 29 01    AND #$01
f204    c6046434     i45397879    A:00 X:02 Y:06 S:DB P:nVUbdIZc  $01:A0F5: 05 3F    ORA $3F = #$00
f204    c6046437     i45397880    A:00 X:02 Y:06 S:DB P:nVUbdIZc  $01:A0F7: 85 3F    STA $3F = #$00
f204    c6046440     i45397881    A:00 X:02 Y:06 S:DB P:nVUbdIZc  $01:A0F9: 88       DEY
f204    c6046442     i45397882    A:00 X:02 Y:05 S:DB P:nVUbdIzc  $01:A0FA: D0 F1    BNE $A0ED
f204    c6046445     i45397883    A:00 X:02 Y:05 S:DB P:nVUbdIzc  $01:A0ED: BD 15 40 LDA $4015,X @ $4017 = #$01
f204    c6046449     i45397884    A:40 X:02 Y:05 S:DB P:nVUbdIzc  $01:A0F0: 4A       LSR
f204    c6046451     i45397885    A:20 X:02 Y:05 S:DB P:nVUbdIzc  $01:A0F1: 26 3F    ROL $3F = #$00
f204    c6046456     i45397886    A:20 X:02 Y:05 S:DB P:nVUbdIZc  $01:A0F3: 29 01    AND #$01
f204    c6046458     i45397887    A:00 X:02 Y:05 S:DB P:nVUbdIZc  $01:A0F5: 05 3F    ORA $3F = #$00
f204    c6046461     i45397888    A:00 X:02 Y:05 S:DB P:nVUbdIZc  $01:A0F7: 85 3F    STA $3F = #$00
f204    c6046464     i45397889    A:00 X:02 Y:05 S:DB P:nVUbdIZc  $01:A0F9: 88       DEY
f204    c6046466     i45397890    A:00 X:02 Y:04 S:DB P:nVUbdIzc  $01:A0FA: D0 F1    BNE $A0ED
f204    c6046469     i45397891    A:00 X:02 Y:04 S:DB P:nVUbdIzc  $01:A0ED: BD 15 40 LDA $4015,X @ $4017 = #$01
f204    c6046473     i45397892    A:40 X:02 Y:04 S:DB P:nVUbdIzc  $01:A0F0: 4A       LSR
f204    c6046475     i45397893    A:20 X:02 Y:04 S:DB P:nVUbdIzc  $01:A0F1: 26 3F    ROL $3F = #$00
f204    c6046480     i45397894    A:20 X:02 Y:04 S:DB P:nVUbdIZc  $01:A0F3: 29 01    AND #$01
f204    c6046482     i45397895    A:00 X:02 Y:04 S:DB P:nVUbdIZc  $01:A0F5: 05 3F    ORA $3F = #$00
f204    c6046485     i45397896    A:00 X:02 Y:04 S:DB P:nVUbdIZc  $01:A0F7: 85 3F    STA $3F = #$00
f204    c6046488     i45397897    A:00 X:02 Y:04 S:DB P:nVUbdIZc  $01:A0F9: 88       DEY
f204    c6046490     i45397898    A:00 X:02 Y:03 S:DB P:nVUbdIzc  $01:A0FA: D0 F1    BNE $A0ED
f204    c6046493     i45397899    A:00 X:02 Y:03 S:DB P:nVUbdIzc  $01:A0ED: BD 15 40 LDA $4015,X @ $4017 = #$01
f204    c6046497     i45397900    A:40 X:02 Y:03 S:DB P:nVUbdIzc  $01:A0F0: 4A       LSR
f204    c6046499     i45397901    A:20 X:02 Y:03 S:DB P:nVUbdIzc  $01:A0F1: 26 3F    ROL $3F = #$00
f204    c6046504     i45397902    A:20 X:02 Y:03 S:DB P:nVUbdIZc  $01:A0F3: 29 01    AND #$01
f204    c6046506     i45397903    A:00 X:02 Y:03 S:DB P:nVUbdIZc  $01:A0F5: 05 3F    ORA $3F = #$00
f204    c6046509     i45397904    A:00 X:02 Y:03 S:DB P:nVUbdIZc  $01:A0F7: 85 3F    STA $3F = #$00
f204    c6046512     i45397905    A:00 X:02 Y:03 S:DB P:nVUbdIZc  $01:A0F9: 88       DEY
f204    c6046514     i45397906    A:00 X:02 Y:02 S:DB P:nVUbdIzc  $01:A0FA: D0 F1    BNE $A0ED
f204    c6046517     i45397907    A:00 X:02 Y:02 S:DB P:nVUbdIzc  $01:A0ED: BD 15 40 LDA $4015,X @ $4017 = #$01
f204    c6046521     i45397908    A:40 X:02 Y:02 S:DB P:nVUbdIzc  $01:A0F0: 4A       LSR
f204    c6046523     i45397909    A:20 X:02 Y:02 S:DB P:nVUbdIzc  $01:A0F1: 26 3F    ROL $3F = #$00
f204    c6046528     i45397910    A:20 X:02 Y:02 S:DB P:nVUbdIZc  $01:A0F3: 29 01    AND #$01
f204    c6046530     i45397911    A:00 X:02 Y:02 S:DB P:nVUbdIZc  $01:A0F5: 05 3F    ORA $3F = #$00
f204    c6046533     i45397912    A:00 X:02 Y:02 S:DB P:nVUbdIZc  $01:A0F7: 85 3F    STA $3F = #$00
f204    c6046536     i45397913    A:00 X:02 Y:02 S:DB P:nVUbdIZc  $01:A0F9: 88       DEY
f204    c6046538     i45397914    A:00 X:02 Y:01 S:DB P:nVUbdIzc  $01:A0FA: D0 F1    BNE $A0ED
f204    c6046541     i45397915    A:00 X:02 Y:01 S:DB P:nVUbdIzc  $01:A0ED: BD 15 40 LDA $4015,X @ $4017 = #$01
f204    c6046545     i45397916    A:40 X:02 Y:01 S:DB P:nVUbdIzc  $01:A0F0: 4A       LSR
f205    c6075263     i45407266    A:40 X:19 Y:00 S:E0 P:nvUbdizC  $00:9F04: A5 1B    LDA $1B = #$40
f205    c6075266     i45407267    A:40 X:19 Y:00 S:E0 P:nvUbdizC  $00:9F06: 10 FC    BPL $9F04
f205    c6075269     i45407268    A:40 X:19 Y:00 S:E0 P:nvUbdizC  $00:9F04: A5 1B    LDA $1B = #$40
f205    c6075272     i45407269    A:40 X:19 Y:00 S:E0 P:nvUbdizC  $00:9F06: 10 FC    BPL $9F04
f205    c6075275     i45407270    A:40 X:19 Y:00 S:E0 P:nvUbdizC  $00:9F04: A5 1B    LDA $1B = #$40
f205    c6075278     i45407271    A:40 X:19 Y:00 S:E0 P:nvUbdizC  $00:9F06: 10 FC    BPL $9F04
f205    c6075281     i45407272    A:40 X:19 Y:00 S:E0 P:nvUbdizC  $00:9F04: A5 1B    LDA $1B = #$40
f205    c6075284     i45407273    A:40 X:19 Y:00 S:E0 P:nvUbdizC  $00:9F06: 10 FC    BPL $9F04
f205    c6075287     i45407274    A:40 X:19 Y:00 S:E0 P:nvUbdizC  $00:9F04: A5 1B    LDA $1B = #$40
f205    c6075290     i45407275    A:40 X:19 Y:00 S:E0 P:nvUbdizC  $00:9F06: 10 FC    BPL $9F04
f205    c6075293     i45407276    A:40 X:19 Y:00 S:E0 P:nvUbdizC  $00:9F04: A5 1B    LDA $1B = #$40
f205    c6075296     i45407277    A:40 X:19 Y:00 S:E0 P:nvUbdizC  $00:9F06: 10 FC    BPL $9F04
f205    c6075299     i45407278    A:40 X:19 Y:00 S:E0 P:nvUbdizC  $00:9F04: A5 1B    LDA $1B = #$40
f205    c6075302     i45407279    A:40 X:19 Y:00 S:E0 P:nvUbdizC  $00:9F06: 10 FC    BPL $9F04
f205    c6075305     i45407280    A:40 X:19 Y:00 S:E0 P:nvUbdizC  $00:9F04: A5 1B    LDA $1B = #$40
f205    c6075308     i45407281    A:40 X:19 Y:00 S:E0 P:nvUbdizC  $00:9F06: 10 FC    BPL $9F04
f205    c6075311     i45407282    A:40 X:19 Y:00 S:E0 P:nvUbdizC  $00:9F04: A5 1B    LDA $1B = #$40
f205    c6075314     i45407283    A:40 X:19 Y:00 S:E0 P:nvUbdizC  $00:9F06: 10 FC    BPL $9F04
f205    c6075317     i45407284    A:40 X:19 Y:00 S:E0 P:nvUbdizC  $00:9F04: A5 1B    LDA $1B = #$40
f205    c6075320     i45407285    A:40 X:19 Y:00 S:E0 P:nvUbdizC  $00:9F06: 10 FC    BPL $9F04
f205    c6075323     i45407286    A:40 X:19 Y:00 S:E0 P:nvUbdizC  $00:9F04: A5 1B    LDA $1B = #$40
f205    c6075326     i45407287    A:40 X:19 Y:00 S:E0 P:nvUbdizC  $00:9F06: 10 FC    BPL $9F04
f205    c6075329     i45407288    A:40 X:19 Y:00 S:E0 P:nvUbdizC  $00:9F04: A5 1B    LDA $1B = #$40
f205    c6075332     i45407289    A:40 X:19 Y:00 S:E0 P:nvUbdizC  $00:9F06: 10 FC    BPL $9F04
f205    c6075335     i45407290    A:40 X:19 Y:00 S:E0 P:nvUbdizC  $00:9F04: A5 1B    LDA $1B = #$40
f205    c6075338     i45407291    A:40 X:19 Y:00 S:E0 P:nvUbdizC  $00:9F06: 10 FC    BPL $9F04
f205    c6075348     i45407292    A:40 X:19 Y:00 S:DD P:nvUbdIzC  $0F:C500: 4C 6E C7 JMP $C76E
f205    c6075351     i45407293    A:40 X:19 Y:00 S:DD P:nvUbdIzC  $0F:C76E: 24 1B    BIT $1B = #$40
f205    c6075354     i45407294    A:40 X:19 Y:00 S:DD P:nVUbdIzC  $0F:C770: 50 03    BVC $C775
f205    c6075356     i45407295    A:40 X:19 Y:00 S:DD P:nVUbdIzC  $0F:C772: 4C 21 C4 JMP $C421
f205    c6075359     i45407296    A:40 X:19 Y:00 S:DD P:nVUbdIzC  $0F:C421: 24 3B    BIT $3B = #$55
f205    c6075362     i45407297    A:40 X:19 Y:00 S:DD P:nVUbdIzC  $0F:C423: 30 4D    BMI $C472
f205    c6075364     i45407298    A:40 X:19 Y:00 S:DD P:nVUbdIzC  $0F:C425: 38       SEC
f205    c6075366     i45407299    A:40 X:19 Y:00 S:DD P:nVUbdIzC  $0F:C426: 66 3B    ROR $3B = #$55
f205    c6075371     i45407300    A:40 X:19 Y:00 S:DD P:NVUbdIzC  $0F:C428: 85 3C    STA $3C = #$40
f205    c6075374     i45407301    A:40 X:19 Y:00 S:DD P:NVUbdIzC  $0F:C42A: 86 3D    STX $3D = #$19
f205    c6075377     i45407302    A:40 X:19 Y:00 S:DD P:NVUbdIzC  $0F:C42C: 84 3E    STY $3E = #$00
f205    c6075380     i45407303    A:40 X:19 Y:00 S:DD P:NVUbdIzC  $0F:C42E: A5 22    LDA $22 = #$00
f205    c6075383     i45407304    A:00 X:19 Y:00 S:DD P:nVUbdIZC  $0F:C430: 09 07    ORA #$07
f205    c6075385     i45407305    A:07 X:19 Y:00 S:DD P:nVUbdIzC  $0F:C432: 8D 00 80 STA $8000 = #$A5
f205    c6075389     i45407306    A:07 X:19 Y:00 S:DD P:nVUbdIzC  $0F:C435: A9 02    LDA #$02
f205    c6075391     i45407307    A:02 X:19 Y:00 S:DD P:nVUbdIzC  $0F:C437: 8D 01 80 STA $8001 = #$27
f211    c6253949     i45464406    A:40 X:19 Y:00 S:E0 P:nvUbdizC  $00:9F04: A5 1B    LDA $1B = #$40
f211    c6253952     i45464407    A:40 X:19 Y:00 S:E0 P:nvUbdizC  $00:9F06: 10 FC    BPL $9F04
f211    c6253955     i45464408    A:40 X:19 Y:00 S:E0 P:nvUbdizC  $00:9F04: A5 1B    LDA $1B = #$40
f211    c6253958     i45464409    A:40 X:19 Y:00 S:E0 P:nvUbdizC  $00:9F06: 10 FC    BPL $9F04
f211    c6253961     i45464410    A:40 X:19 Y:00 S:E0 P:nvUbdizC  $00:9F04: A5 1B    LDA $1B = #$40
f211    c6253964     i45464411    A:40 X:19 Y:00 S:E0 P:nvUbdizC  $00:9F06: 10 FC    BPL $9F04
f211    c6253967     i45464412    A:40 X:19 Y:00 S:E0 P:nvUbdizC  $00:9F04: A5 1B    LDA $1B = #$40
f211    c6253970     i45464413    A:40 X:19 Y:00 S:E0 P:nvUbdizC  $00:9F06: 10 FC    BPL $9F04
f211    c6253973     i45464414    A:40 X:19 Y:00 S:E0 P:nvUbdizC  $00:9F04: A5 1B    LDA $1B = #$40
f211    c6253976     i45464415    A:40 X:19 Y:00 S:E0 P:nvUbdizC  $00:9F06: 10 FC    BPL $9F04
f211    c6253979     i45464416    A:40 X:19 Y:00 S:E0 P:nvUbdizC  $00:9F04: A5 1B    LDA $1B = #$40
f211    c6253982     i45464417    A:40 X:19 Y:00 S:E0 P:nvUbdizC  $00:9F06: 10 FC    BPL $9F04
f211    c6253985     i45464418    A:40 X:19 Y:00 S:E0 P:nvUbdizC  $00:9F04: A5 1B    LDA $1B = #$40
f211    c6253988     i45464419    A:40 X:19 Y:00 S:E0 P:nvUbdizC  $00:9F06: 10 FC    BPL $9F04
f211    c6253991     i45464420    A:40 X:19 Y:00 S:E0 P:nvUbdizC  $00:9F04: A5 1B    LDA $1B = #$40
f211    c6253994     i45464421    A:40 X:19 Y:00 S:E0 P:nvUbdizC  $00:9F06: 10 FC    BPL $9F04
f211    c6253997     i45464422    A:40 X:19 Y:00 S:E0 P:nvUbdizC  $00:9F04: A5 1B    LDA $1B = #$40
f211    c6254000     i45464423    A:40 X:19 Y:00 S:E0 P:nvUbdizC  $00:9F06: 10 FC    BPL $9F04
f211    c6254003     i45464424    A:40 X:19 Y:00 S:E0 P:nvUbdizC  $00:9F04: A5 1B    LDA $1B = #$40
f211    c6254006     i45464425    A:40 X:19 Y:00 S:E0 P:nvUbdizC  $00:9F06: 10 FC    BPL $9F04
f211    c6254009     i45464426    A:40 X:19 Y:00 S:E0 P:nvUbdizC  $00:9F04: A5 1B    LDA $1B = #$40
f211    c6254012     i45464427    A:40 X:19 Y:00 S:E0 P:nvUbdizC  $00:9F06: 10 FC    BPL $9F04
f211    c6254015     i45464428    A:40 X:19 Y:00 S:E0 P:nvUbdizC  $00:9F04: A5 1B    LDA $1B = #$40
f211    c6254018     i45464429    A:40 X:19 Y:00 S:E0 P:nvUbdizC  $00:9F06: 10 FC    BPL $9F04
f211    c6254021     i45464430    A:40 X:19 Y:00 S:E0 P:nvUbdizC  $00:9F04: A5 1B    LDA $1B = #$40
f211    c6254031     i45464431    A:40 X:19 Y:00 S:DD P:nvUbdIzC  $0F:C500: 4C 6E C7 JMP $C76E
f211    c6254034     i45464432    A:40 X:19 Y:00 S:DD P:nvUbdIzC  $0F:C76E: 24 1B    BIT $1B = #$40
f211    c6254037     i45464433    A:40 X:19 Y:00 S:DD P:nVUbdIzC  $0F:C770: 50 03    BVC $C775
f211    c6254039     i45464434    A:40 X:19 Y:00 S:DD P:nVUbdIzC  $0F:C772: 4C 21 C4 JMP $C421
f211    c6254042     i45464435    A:40 X:19 Y:00 S:DD P:nVUbdIzC  $0F:C421: 24 3B    BIT $3B = #$55
f211    c6254045     i45464436    A:40 X:19 Y:00 S:DD P:nVUbdIzC  $0F:C423: 30 4D    BMI $C472
f211    c6254047     i45464437    A:40 X:19 Y:00 S:DD P:nVUbdIzC  $0F:C425: 38       SEC
f211    c6254049     i45464438    A:40 X:19 Y:00 S:DD P:nVUbdIzC  $0F:C426: 66 3B    ROR $3B = #$55
f211    c6254054     i45464439    A:40 X:19 Y:00 S:DD P:NVUbdIzC  $0F:C428: 85 3C    STA $3C = #$40
f211    c6254057     i45464440    A:40 X:19 Y:00 S:DD P:NVUbdIzC  $0F:C42A: 86 3D    STX $3D = #$19
f211    c6254060     i45464441    A:40 X:19 Y:00 S:DD P:NVUbdIzC  $0F:C42C: 84 3E    STY $3E = #$00
f211    c6254063     i45464442    A:40 X:19 Y:00 S:DD P:NVUbdIzC  $0F:C42E: A5 22    LDA $22 = #$00
f211    c6254066     i45464443    A:00 X:19 Y:00 S:DD P:nVUbdIZC  $0F:C430: 09 07    ORA #$07
f211    c6254068     i45464444    A:07 X:19 Y:00 S:DD P:nVUbdIzC  $0F:C432: 8D 00 80 STA $8000 = #$A5
f211    c6254072     i45464445    A:07 X:19 Y:00 S:DD P:nVUbdIzC  $0F:C435: A9 02    LDA #$02
f211    c6254074     i45464446    A:02 X:19 Y:00 S:DD P:nVUbdIzC  $0F:C437: 8D 01 80 STA $8001 = #$27
f211    c6254078     i45464447    A:02 X:19 Y:00 S:DD P:nVUbdIzC  $0F:C43A: 20 00 A0 JSR $A000
f212    c6284885     i45474133    A:00 X:01 Y:07 S:DB P:nVUbdIzc  $01:A0ED: BD 15 40 LDA $4015,X @ $4016 = #$00
f212    c6284889     i45474134    A:40 X:01 Y:07 S:DB P:nVUbdIzc  $01:A0F0: 4A       LSR
f212    c6284891     i45474135    A:20 X:01 Y:07 S:DB P:nVUbdIzc  $01:A0F1: 26 3F    ROL $3F = #$00
f212    c6284896     i45474136    A:20 X:01 Y:07 S:DB P:nVUbdIZc  $01:A0F3: 29 01    AND #$01
f212    c6284898     i45474137    A:00 X:01 Y:07 S:DB P:nVUbdIZc  $01:A0F5: 05 3F    ORA $3F = #$00
f212    c6284901     i45474138    A:00 X:01 Y:07 S:DB P:nVUbdIZc  $01:A0F7: 85 3F    STA $3F = #$00
f212    c6284904     i45474139    A:00 X:01 Y:07 S:DB P:nVUbdIZc  $01:A0F9: 88       DEY
f212    c6284906     i45474140    A:00 X:01 Y:06 S:DB P:nVUbdIzc  $01:A0FA: D0 F1    BNE $A0ED
f212    c6284909     i45474141    A:00 X:01 Y:06 S:DB P:nVUbdIzc  $01:A0ED: BD 15 40 LDA $4015,X @ $4016 = #$00
f212    c6284913     i45474142    A:40 X:01 Y:06 S:DB P:nVUbdIzc  $01:A0F0: 4A       LSR
f212    c6284915     i45474143    A:20 X:01 Y:06 S:DB P:nVUbdIzc  $01:A0F1: 26 3F    ROL $3F = #$00
f212    c6284920     i45474144    A:20 X:01 Y:06 S:DB P:nVUbdIZc  $01:A0F3: 29 01    AND #$01
f212    c6284922     i45474145    A:00 X:01 Y:06 S:DB P:nVUbdIZc  $01:A0F5: 05 3F    ORA $3F = #$00
f212    c6284925     i45474146    A:00 X:01 Y:06 S:DB P:nVUbdIZc  $01:A0F7: 85 3F    STA $3F = #$00
f212    c6284928     i45474147    A:00 X:01 Y:06 S:DB P:nVUbdIZc  $01:A0F9: 88       DEY
f212    c6284930     i45474148    A:00 X:01 Y:05 S:DB P:nVUbdIzc  $01:A0FA: D0 F1    BNE $A0ED
f212    c6284933     i45474149    A:00 X:01 Y:05 S:DB P:nVUbdIzc  $01:A0ED: BD 15 40 LDA $4015,X @ $4016 = #$00
f212    c6284937     i45474150    A:40 X:01 Y:05 S:DB P:nVUbdIzc  $01:A0F0: 4A       LSR
f212    c6284939     i45474151    A:20 X:01 Y:05 S:DB P:nVUbdIzc  $01:A0F1: 26 3F    ROL $3F = #$00
f212    c6284944     i45474152    A:20 X:01 Y:05 S:DB P:nVUbdIZc  $01:A0F3: 29 01    AND #$01
f212    c6284946     i45474153    A:00 X:01 Y:05 S:DB P:nVUbdIZc  $01:A0F5: 05 3F    ORA $3F = #$00
f212    c6284949     i45474154    A:00 X:01 Y:05 S:DB P:nVUbdIZc  $01:A0F7: 85 3F    STA $3F = #$00
f212    c6284952     i45474155    A:00 X:01 Y:05 S:DB P:nVUbdIZc  $01:A0F9: 88       DEY
f212    c6284954     i45474156    A:00 X:01 Y:04 S:DB P:nVUbdIzc  $01:A0FA: D0 F1    BNE $A0ED
f212    c6284957     i45474157    A:00 X:01 Y:04 S:DB P:nVUbdIzc  $01:A0ED: BD 15 40 LDA $4015,X @ $4016 = #$00
f212    c6284961     i45474158    A:40 X:01 Y:04 S:DB P:nVUbdIzc  $01:A0F0: 4A       LSR
f212    c6284963     i45474159    A:20 X:01 Y:04 S:DB P:nVUbdIzc  $01:A0F1: 26 3F    ROL $3F = #$00
f212    c6284968     i45474160    A:20 X:01 Y:04 S:DB P:nVUbdIZc  $01:A0F3: 29 01    AND #$01
f212    c6284970     i45474161    A:00 X:01 Y:04 S:DB P:nVUbdIZc  $01:A0F5: 05 3F    ORA $3F = #$00
f212    c6284973     i45474162    A:00 X:01 Y:04 S:DB P:nVUbdIZc  $01:A0F7: 85 3F    STA $3F = #$00
f212    c6284976     i45474163    A:00 X:01 Y:04 S:DB P:nVUbdIZc  $01:A0F9: 88       DEY
f212    c6284978     i45474164    A:00 X:01 Y:03 S:DB P:nVUbdIzc  $01:A0FA: D0 F1    BNE $A0ED
f212    c6284981     i45474165    A:00 X:01 Y:03 S:DB P:nVUbdIzc  $01:A0ED: BD 15 40 LDA $4015,X @ $4016 = #$00
f212    c6284985     i45474166    A:40 X:01 Y:03 S:DB P:nVUbdIzc  $01:A0F0: 4A       LSR
f212    c6284987     i45474167    A:20 X:01 Y:03 S:DB P:nVUbdIzc  $01:A0F1: 26 3F    ROL $3F = #$00
f212    c6284992     i45474168    A:20 X:01 Y:03 S:DB P:nVUbdIZc  $01:A0F3: 29 01    AND #$01
f212    c6284994     i45474169    A:00 X:01 Y:03 S:DB P:nVUbdIZc  $01:A0F5: 05 3F    ORA $3F = #$00
f212    c6284997     i45474170    A:00 X:01 Y:03 S:DB P:nVUbdIZc  $01:A0F7: 85 3F    STA $3F = #$00
f212    c6285000     i45474171    A:00 X:01 Y:03 S:DB P:nVUbdIZc  $01:A0F9: 88       DEY
f212    c6285002     i45474172    A:00 X:01 Y:02 S:DB P:nVUbdIzc  $01:A0FA: D0 F1    BNE $A0ED
f212    c6285005     i45474173    A:00 X:01 Y:02 S:DB P:nVUbdIzc  $01:A0ED: BD 15 40 LDA $4015,X @ $4016 = #$00
f212    c6285009     i45474174    A:40 X:01 Y:02 S:DB P:nVUbdIzc  $01:A0F0: 4A       LSR
f216    c6403787     i45512153    A:00 X:02 Y:06 S:DB P:nVUbdIzc  $01:A0ED: BD 15 40 LDA $4015,X @ $4017 = #$01
f216    c6403791     i45512154    A:40 X:02 Y:06 S:DB P:nVUbdIzc  $01:A0F0: 4A       LSR
f216    c6403793     i45512155    A:20 X:02 Y:06 S:DB P:nVUbdIzc  $01:A0F1: 26 3F    ROL $3F = #$00
f216    c6403798     i45512156    A:20 X:02 Y:06 S:DB P:nVUbdIZc  $01:A0F3: 29 01    AND #$01
f216    c6403800     i45512157    A:00 X:02 Y:06 S:DB P:nVUbdIZc  $01:A0F5: 05 3F    ORA $3F = #$00
f216    c6403803     i45512158    A:00 X:02 Y:06 S:DB P:nVUbdIZc  $01:A0F7: 85 3F    STA $3F = #$00
f216    c6403806     i45512159    A:00 X:02 Y:06 S:DB P:nVUbdIZc  $01:A0F9: 88       DEY
f216    c6403808     i45512160    A:00 X:02 Y:05 S:DB P:nVUbdIzc  $01:A0FA: D0 F1    BNE $A0ED
f216    c6403811     i45512161    A:00 X:02 Y:05 S:DB P:nVUbdIzc  $01:A0ED: BD 15 40 LDA $4015,X @ $4017 = #$01
f216    c6403815     i45512162    A:40 X:02 Y:05 S:DB P:nVUbdIzc  $01:A0F0: 4A       LSR
f216    c6403817     i45512163    A:20 X:02 Y:05 S:DB P:nVUbdIzc  $01:A0F1: 26 3F    ROL $3F = #$00
f216    c6403822     i45512164    A:20 X:02 Y:05 S:DB P:nVUbdIZc  $01:A0F3: 29 01    AND #$01
f216    c6403824     i45512165    A:00 X:02 Y:05 S:DB P:nVUbdIZc  $01:A0F5: 05 3F    ORA $3F = #$00
f216    c6403827     i45512166    A:00 X:02 Y:05 S:DB P:nVUbdIZc  $01:A0F7: 85 3F    STA $3F = #$00
f216    c6403830     i45512167    A:00 X:02 Y:05 S:DB P:nVUbdIZc  $01:A0F9: 88       DEY
f216    c6403832     i45512168    A:00 X:02 Y:04 S:DB P:nVUbdIzc  $01:A0FA: D0 F1    BNE $A0ED
f216    c6403835     i45512169    A:00 X:02 Y:04 S:DB P:nVUbdIzc  $01:A0ED: BD 15 40 LDA $4015,X @ $4017 = #$01
f216    c6403839     i45512170    A:40 X:02 Y:04 S:DB P:nVUbdIzc  $01:A0F0: 4A       LSR
f216    c6403841     i45512171    A:20 X:02 Y:04 S:DB P:nVUbdIzc  $01:A0F1: 26 3F    ROL $3F = #$00
f216    c6403846     i45512172    A:20 X:02 Y:04 S:DB P:nVUbdIZc  $01:A0F3: 29 01    AND #$01
f216    c6403848     i45512173    A:00 X:02 Y:04 S:DB P:nVUbdIZc  $01:A0F5: 05 3F    ORA $3F = #$00
f216    c6403851     i45512174    A:00 X:02 Y:04 S:DB P:nVUbdIZc  $01:A0F7: 85 3F    STA $3F = #$00
f216    c6403854     i45512175    A:00 X:02 Y:04 S:DB P:nVUbdIZc  $01:A0F9: 88       DEY
f216    c6403856     i45512176    A:00 X:02 Y:03 S:DB P:nVUbdIzc  $01:A0FA: D0 F1    BNE $A0ED
f216    c6403859     i45512177    A:00 X:02 Y:03 S:DB P:nVUbdIzc  $01:A0ED: BD 15 40 LDA $4015,X @ $4017 = #$01
f216    c6403863     i45512178    A:40 X:02 Y:03 S:DB P:nVUbdIzc  $01:A0F0: 4A       LSR
f216    c6403865     i45512179    A:20 X:02 Y:03 S:DB P:nVUbdIzc  $01:A0F1: 26 3F    ROL $3F = #$00
f216    c6403870     i45512180    A:20 X:02 Y:03 S:DB P:nVUbdIZc  $01:A0F3: 29 01    AND #$01
f216    c6403872     i45512181    A:00 X:02 Y:03 S:DB P:nVUbdIZc  $01:A0F5: 05 3F    ORA $3F = #$00
f216    c6403875     i45512182    A:00 X:02 Y:03 S:DB P:nVUbdIZc  $01:A0F7: 85 3F    STA $3F = #$00
f216    c6403878     i45512183    A:00 X:02 Y:03 S:DB P:nVUbdIZc  $01:A0F9: 88       DEY
f216    c6403880     i45512184    A:00 X:02 Y:02 S:DB P:nVUbdIzc  $01:A0FA: D0 F1    BNE $A0ED
f216    c6403883     i45512185    A:00 X:02 Y:02 S:DB P:nVUbdIzc  $01:A0ED: BD 15 40 LDA $4015,X @ $4017 = #$01
f216    c6403887     i45512186    A:40 X:02 Y:02 S:DB P:nVUbdIzc  $01:A0F0: 4A       LSR
f216    c6403889     i45512187    A:20 X:02 Y:02 S:DB P:nVUbdIzc  $01:A0F1: 26 3F    ROL $3F = #$00
f216    c6403894     i45512188    A:20 X:02 Y:02 S:DB P:nVUbdIZc  $01:A0F3: 29 01    AND #$01
f216    c6403896     i45512189    A:00 X:02 Y:02 S:DB P:nVUbdIZc  $01:A0F5: 05 3F    ORA $3F = #$00
f216    c6403899     i45512190    A:00 X:02 Y:02 S:DB P:nVUbdIZc  $01:A0F7: 85 3F    STA $3F = #$00
f216    c6403902     i45512191    A:00 X:02 Y:02 S:DB P:nVUbdIZc  $01:A0F9: 88       DEY
f216    c6403904     i45512192    A:00 X:02 Y:01 S:DB P:nVUbdIzc  $01:A0FA: D0 F1    BNE $A0ED
f216    c6403907     i45512193    A:00 X:02 Y:01 S:DB P:nVUbdIzc  $01:A0ED: BD 15 40 LDA $4015,X @ $4017 = #$01
f216    c6403911     i45512194    A:40 X:02 Y:01 S:DB P:nVUbdIzc  $01:A0F0: 4A       LSR
f217    c6432629     i45521544    A:40 X:19 Y:00 S:E0 P:nvUbdizC  $00:9F04: A5 1B    LDA $1B = #$40
f217    c6432632     i45521545    A:40 X:19 Y:00 S:E0 P:nvUbdizC  $00:9F06: 10 FC    BPL $9F04
f217    c6432635     i45521546    A:40 X:19 Y:00 S:E0 P:nvUbdizC  $00:9F04: A5 1B    LDA $1B = #$40
f217    c6432638     i45521547    A:40 X:19 Y:00 S:E0 P:nvUbdizC  $00:9F06: 10 FC    BPL $9F04
f217    c6432641     i45521548    A:40 X:19 Y:00 S:E0 P:nvUbdizC  $00:9F04: A5 1B    LDA $1B = #$40
f217    c6432644     i45521549    A:40 X:19 Y:00 S:E0 P:nvUbdizC  $00:9F06: 10 FC    BPL $9F04
f217    c6432647     i45521550    A:40 X:19 Y:00 S:E0 P:nvUbdizC  $00:9F04: A5 1B    LDA $1B = #$40
f217    c6432650     i45521551    A:40 X:19 Y:00 S:E0 P:nvUbdizC  $00:9F06: 10 FC    BPL $9F04
f217    c6432653     i45521552    A:40 X:19 Y:00 S:E0 P:nvUbdizC  $00:9F04: A5 1B    LDA $1B = #$40
f217    c6432656     i45521553    A:40 X:19 Y:00 S:E0 P:nvUbdizC  $00:9F06: 10 FC    BPL $9F04
f217    c6432659     i45521554    A:40 X:19 Y:00 S:E0 P:nvUbdizC  $00:9F04: A5 1B    LDA $1B = #$40
f217    c6432662     i45521555    A:40 X:19 Y:00 S:E0 P:nvUbdizC  $00:9F06: 10 FC    BPL $9F04
f217    c6432665     i45521556    A:40 X:19 Y:00 S:E0 P:nvUbdizC  $00:9F04: A5 1B    LDA $1B = #$40
f217    c6432668     i45521557    A:40 X:19 Y:00 S:E0 P:nvUbdizC  $00:9F06: 10 FC    BPL $9F04
f217    c6432671     i45521558    A:40 X:19 Y:00 S:E0 P:nvUbdizC  $00:9F04: A5 1B    LDA $1B = #$40
f217    c6432674     i45521559    A:40 X:19 Y:00 S:E0 P:nvUbdizC  $00:9F06: 10 FC    BPL $9F04
f217    c6432677     i45521560    A:40 X:19 Y:00 S:E0 P:nvUbdizC  $00:9F04: A5 1B    LDA $1B = #$40
f217    c6432680     i45521561    A:40 X:19 Y:00 S:E0 P:nvUbdizC  $00:9F06: 10 FC    BPL $9F04
f217    c6432683     i45521562    A:40 X:19 Y:00 S:E0 P:nvUbdizC  $00:9F04: A5 1B    LDA $1B = #$40
f217    c6432686     i45521563    A:40 X:19 Y:00 S:E0 P:nvUbdizC  $00:9F06: 10 FC    BPL $9F04
f217    c6432689     i45521564    A:40 X:19 Y:00 S:E0 P:nvUbdizC  $00:9F04: A5 1B    LDA $1B = #$40
f217    c6432692     i45521565    A:40 X:19 Y:00 S:E0 P:nvUbdizC  $00:9F06: 10 FC    BPL $9F04
f217    c6432695     i45521566    A:40 X:19 Y:00 S:E0 P:nvUbdizC  $00:9F04: A5 1B    LDA $1B = #$40
f217    c6432698     i45521567    A:40 X:19 Y:00 S:E0 P:nvUbdizC  $00:9F06: 10 FC    BPL $9F04
f217    c6432701     i45521568    A:40 X:19 Y:00 S:E0 P:nvUbdizC  $00:9F04: A5 1B    LDA $1B = #$40
f217    c6432704     i45521569    A:40 X:19 Y:00 S:E0 P:nvUbdizC  $00:9F06: 10 FC    BPL $9F04
f217    c6432714     i45521570    A:40 X:19 Y:00 S:DD P:nvUbdIzC  $0F:C500: 4C 6E C7 JMP $C76E
f217    c6432717     i45521571    A:40 X:19 Y:00 S:DD P:nvUbdIzC  $0F:C76E: 24 1B    BIT $1B = #$40
f217    c6432720     i45521572    A:40 X:19 Y:00 S:DD P:nVUbdIzC  $0F:C770: 50 03    BVC $C775
f217    c6432722     i45521573    A:40 X:19 Y:00 S:DD P:nVUbdIzC  $0F:C772: 4C 21 C4 JMP $C421
f217    c6432725     i45521574    A:40 X:19 Y:00 S:DD P:nVUbdIzC  $0F:C421: 24 3B    BIT $3B = #$55
f217    c6432728     i45521575    A:40 X:19 Y:00 S:DD P:nVUbdIzC  $0F:C423: 30 4D    BMI $C472
f217    c6432730     i45521576    A:40 X:19 Y:00 S:DD P:nVUbdIzC  $0F:C425: 38       SEC
f217    c6432732     i45521577    A:40 X:19 Y:00 S:DD P:nVUbdIzC  $0F:C426: 66 3B    ROR $3B = #$55
f217    c6432737     i45521578    A:40 X:19 Y:00 S:DD P:NVUbdIzC  $0F:C428: 85 3C    STA $3C = #$40
f217    c6432740     i45521579    A:40 X:19 Y:00 S:DD P:NVUbdIzC  $0F:C42A: 86 3D    STX $3D = #$19
f217    c6432743     i45521580    A:40 X:19 Y:00 S:DD P:NVUbdIzC  $0F:C42C: 84 3E    STY $3E = #$00
f217    c6432746     i45521581    A:40 X:19 Y:00 S:DD P:NVUbdIzC  $0F:C42E: A5 22    LDA $22 = #$00
f217    c6432749     i45521582    A:00 X:19 Y:00 S:DD P:nVUbdIZC  $0F:C430: 09 07    ORA #$07
f217    c6432751     i45521583    A:07 X:19 Y:00 S:DD P:nVUbdIzC  $0F:C432: 8D 00 80 STA $8000 = #$A5
f217    c6432755     i45521584    A:07 X:19 Y:00 S:DD P:nVUbdIzC  $0F:C435: A9 02    LDA #$02
f217    c6432757     i45521585    A:02 X:19 Y:00 S:DD P:nVUbdIzC  $0F:C437: 8D 01 80 STA $8001 = #$27
f223    c6611315     i45578684    A:40 X:19 Y:00 S:E0 P:nvUbdizC  $00:9F04: A5 1B    LDA $1B = #$40
f223    c6611318     i45578685    A:40 X:19 Y:00 S:E0 P:nvUbdizC  $00:9F06: 10 FC    BPL $9F04
f223    c6611321     i45578686    A:40 X:19 Y:00 S:E0 P:nvUbdizC  $00:9F04: A5 1B    LDA $1B = #$40
f223    c6611324     i45578687    A:40 X:19 Y:00 S:E0 P:nvUbdizC  $00:9F06: 10 FC    BPL $9F04
f223    c6611327     i45578688    A:40 X:19 Y:00 S:E0 P:nvUbdizC  $00:9F04: A5 1B    LDA $1B = #$40
f223    c6611330     i45578689    A:40 X:19 Y:00 S:E0 P:nvUbdizC  $00:9F06: 10 FC    BPL $9F04
f223    c6611333     i45578690    A:40 X:19 Y:00 S:E0 P:nvUbdizC  $00:9F04: A5 1B    LDA $1B = #$40
f223    c6611336     i45578691    A:40 X:19 Y:00 S:E0 P:nvUbdizC  $00:9F06: 10 FC    BPL $9F04
f223    c6611339     i45578692    A:40 X:19 Y:00 S:E0 P:nvUbdizC  $00:9F04: A5 1B    LDA $1B = #$40
f223    c6611342     i45578693    A:40 X:19 Y:00 S:E0 P:nvUbdizC  $00:9F06: 10 FC    BPL $9F04
f223    c6611345     i45578694    A:40 X:19 Y:00 S:E0 P:nvUbdizC  $00:9F04: A5 1B    LDA $1B = #$40
f223    c6611348     i45578695    A:40 X:19 Y:00 S:E0 P:nvUbdizC  $00:9F06: 10 FC    BPL $9F04
f223    c6611351     i45578696    A:40 X:19 Y:00 S:E0 P:nvUbdizC  $00:9F04: A5 1B    LDA $1B = #$40
f223    c6611354     i45578697    A:40 X:19 Y:00 S:E0 P:nvUbdizC  $00:9F06: 10 FC    BPL $9F04
f223    c6611357     i45578698    A:40 X:19 Y:00 S:E0 P:nvUbdizC  $00:9F04: A5 1B    LDA $1B = #$40
f223    c6611360     i45578699    A:40 X:19 Y:00 S:E0 P:nvUbdizC  $00:9F06: 10 FC    BPL $9F04
f223    c6611363     i45578700    A:40 X:19 Y:00 S:E0 P:nvUbdizC  $00:9F04: A5 1B    LDA $1B = #$40
f223    c6611366     i45578701    A:40 X:19 Y:00 S:E0 P:nvUbdizC  $00:9F06: 10 FC    BPL $9F04
f223    c6611369     i45578702    A:40 X:19 Y:00 S:E0 P:nvUbdizC  $00:9F04: A5 1B    LDA $1B = #$40
f223    c6611372     i45578703    A:40 X:19 Y:00 S:E0 P:nvUbdizC  $00:9F06: 10 FC    BPL $9F04
f223    c6611375     i45578704    A:40 X:19 Y:00 S:E0 P:nvUbdizC  $00:9F04: A5 1B    LDA $1B = #$40
f223    c6611378     i45578705    A:40 X:19 Y:00 S:E0 P:nvUbdizC  $00:9F06: 10 FC    BPL $9F04
f223    c6611381     i45578706    A:40 X:19 Y:00 S:E0 P:nvUbdizC  $00:9F04: A5 1B    LDA $1B = #$40
f223    c6611384     i45578707    A:40 X:19 Y:00 S:E0 P:nvUbdizC  $00:9F06: 10 FC    BPL $9F04
f223    c6611387     i45578708    A:40 X:19 Y:00 S:E0 P:nvUbdizC  $00:9F04: A5 1B    LDA $1B = #$40
f223    c6611397     i45578709    A:40 X:19 Y:00 S:DD P:nvUbdIzC  $0F:C500: 4C 6E C7 JMP $C76E
f223    c6611400     i45578710    A:40 X:19 Y:00 S:DD P:nvUbdIzC  $0F:C76E: 24 1B    BIT $1B = #$40
f223    c6611403     i45578711    A:40 X:19 Y:00 S:DD P:nVUbdIzC  $0F:C770: 50 03    BVC $C775
f223    c6611405     i45578712    A:40 X:19 Y:00 S:DD P:nVUbdIzC  $0F:C772: 4C 21 C4 JMP $C421
f223    c6611408     i45578713    A:40 X:19 Y:00 S:DD P:nVUbdIzC  $0F:C421: 24 3B    BIT $3B = #$55
f223    c6611411     i45578714    A:40 X:19 Y:00 S:DD P:nVUbdIzC  $0F:C423: 30 4D    BMI $C472
f223    c6611413     i45578715    A:40 X:19 Y:00 S:DD P:nVUbdIzC  $0F:C425: 38       SEC
f223    c6611415     i45578716    A:40 X:19 Y:00 S:DD P:nVUbdIzC  $0F:C426: 66 3B    ROR $3B = #$55
f223    c6611420     i45578717    A:40 X:19 Y:00 S:DD P:NVUbdIzC  $0F:C428: 85 3C    STA $3C = #$40
f223    c6611423     i45578718    A:40 X:19 Y:00 S:DD P:NVUbdIzC  $0F:C42A: 86 3D    STX $3D = #$19
f223    c6611426     i45578719    A:40 X:19 Y:00 S:DD P:NVUbdIzC  $0F:C42C: 84 3E    STY $3E = #$00
f223    c6611429     i45578720    A:40 X:19 Y:00 S:DD P:NVUbdIzC  $0F:C42E: A5 22    LDA $22 = #$00
f223    c6611432     i45578721    A:00 X:19 Y:00 S:DD P:nVUbdIZC  $0F:C430: 09 07    ORA #$07
f223    c6611434     i45578722    A:07 X:19 Y:00 S:DD P:nVUbdIzC  $0F:C432: 8D 00 80 STA $8000 = #$A5
f223    c6611438     i45578723    A:07 X:19 Y:00 S:DD P:nVUbdIzC  $0F:C435: A9 02    LDA #$02
f223    c6611440     i45578724    A:02 X:19 Y:00 S:DD P:nVUbdIzC  $0F:C437: 8D 01 80 STA $8001 = #$27
f223    c6611444     i45578725    A:02 X:19 Y:00 S:DD P:nVUbdIzC  $0F:C43A: 20 00 A0 JSR $A000
f224    c6642251     i45588411    A:00 X:01 Y:07 S:DB P:nVUbdIzc  $01:A0ED: BD 15 40 LDA $4015,X @ $4016 = #$00
f224    c6642255     i45588412    A:40 X:01 Y:07 S:DB P:nVUbdIzc  $01:A0F0: 4A       LSR
f224    c6642257     i45588413    A:20 X:01 Y:07 S:DB P:nVUbdIzc  $01:A0F1: 26 3F    ROL $3F = #$00
f224    c6642262     i45588414    A:20 X:01 Y:07 S:DB P:nVUbdIZc  $01:A0F3: 29 01    AND #$01
f224    c6642264     i45588415    A:00 X:01 Y:07 S:DB P:nVUbdIZc  $01:A0F5: 05 3F    ORA $3F = #$00
f224    c6642267     i45588416    A:00 X:01 Y:07 S:DB P:nVUbdIZc  $01:A0F7: 85 3F    STA $3F = #$00
f224    c6642270     i45588417    A:00 X:01 Y:07 S:DB P:nVUbdIZc  $01:A0F9: 88       DEY
f224    c6642272     i45588418    A:00 X:01 Y:06 S:DB P:nVUbdIzc  $01:A0FA: D0 F1    BNE $A0ED
f224    c6642275     i45588419    A:00 X:01 Y:06 S:DB P:nVUbdIzc  $01:A0ED: BD 15 40 LDA $4015,X @ $4016 = #$00
f224    c6642279     i45588420    A:40 X:01 Y:06 S:DB P:nVUbdIzc  $01:A0F0: 4A       LSR
f224    c6642281     i45588421    A:20 X:01 Y:06 S:DB P:nVUbdIzc  $01:A0F1: 26 3F    ROL $3F = #$00
f224    c6642286     i45588422    A:20 X:01 Y:06 S:DB P:nVUbdIZc  $01:A0F3: 29 01    AND #$01
f224    c6642288     i45588423    A:00 X:01 Y:06 S:DB P:nVUbdIZc  $01:A0F5: 05 3F    ORA $3F = #$00
f224    c6642291     i45588424    A:00 X:01 Y:06 S:DB P:nVUbdIZc  $01:A0F7: 85 3F    STA $3F = #$00
f224    c6642294     i45588425    A:00 X:01 Y:06 S:DB P:nVUbdIZc  $01:A0F9: 88       DEY
f224    c6642296     i45588426    A:00 X:01 Y:05 S:DB P:nVUbdIzc  $01:A0FA: D0 F1    BNE $A0ED
f224    c6642299     i45588427    A:00 X:01 Y:05 S:DB P:nVUbdIzc  $01:A0ED: BD 15 40 LDA $4015,X @ $4016 = #$00
f224    c6642303     i45588428    A:40 X:01 Y:05 S:DB P:nVUbdIzc  $01:A0F0: 4A       LSR
f224    c6642305     i45588429    A:20 X:01 Y:05 S:DB P:nVUbdIzc  $01:A0F1: 26 3F    ROL $3F = #$00
f224    c6642310     i45588430    A:20 X:01 Y:05 S:DB P:nVUbdIZc  $01:A0F3: 29 01    AND #$01
f224    c6642312     i45588431    A:00 X:01 Y:05 S:DB P:nVUbdIZc  $01:A0F5: 05 3F    ORA $3F = #$00
f224    c6642315     i45588432    A:00 X:01 Y:05 S:DB P:nVUbdIZc  $01:A0F7: 85 3F    STA $3F = #$00
f224    c6642318     i45588433    A:00 X:01 Y:05 S:DB P:nVUbdIZc  $01:A0F9: 88       DEY
f224    c6642320     i45588434    A:00 X:01 Y:04 S:DB P:nVUbdIzc  $01:A0FA: D0 F1    BNE $A0ED
f224    c6642323     i45588435    A:00 X:01 Y:04 S:DB P:nVUbdIzc  $01:A0ED: BD 15 40 LDA $4015,X @ $4016 = #$00
f224    c6642327     i45588436    A:40 X:01 Y:04 S:DB P:nVUbdIzc  $01:A0F0: 4A       LSR
f224    c6642329     i45588437    A:20 X:01 Y:04 S:DB P:nVUbdIzc  $01:A0F1: 26 3F    ROL $3F = #$00
f224    c6642334     i45588438    A:20 X:01 Y:04 S:DB P:nVUbdIZc  $01:A0F3: 29 01    AND #$01
f224    c6642336     i45588439    A:00 X:01 Y:04 S:DB P:nVUbdIZc  $01:A0F5: 05 3F    ORA $3F = #$00
f224    c6642339     i45588440    A:00 X:01 Y:04 S:DB P:nVUbdIZc  $01:A0F7: 85 3F    STA $3F = #$00
f224    c6642342     i45588441    A:00 X:01 Y:04 S:DB P:nVUbdIZc  $01:A0F9: 88       DEY
f224    c6642344     i45588442    A:00 X:01 Y:03 S:DB P:nVUbdIzc  $01:A0FA: D0 F1    BNE $A0ED
f224    c6642347     i45588443    A:00 X:01 Y:03 S:DB P:nVUbdIzc  $01:A0ED: BD 15 40 LDA $4015,X @ $4016 = #$00
f224    c6642351     i45588444    A:40 X:01 Y:03 S:DB P:nVUbdIzc  $01:A0F0: 4A       LSR
f224    c6642353     i45588445    A:20 X:01 Y:03 S:DB P:nVUbdIzc  $01:A0F1: 26 3F    ROL $3F = #$00
f224    c6642358     i45588446    A:20 X:01 Y:03 S:DB P:nVUbdIZc  $01:A0F3: 29 01    AND #$01
f224    c6642360     i45588447    A:00 X:01 Y:03 S:DB P:nVUbdIZc  $01:A0F5: 05 3F    ORA $3F = #$00
f224    c6642363     i45588448    A:00 X:01 Y:03 S:DB P:nVUbdIZc  $01:A0F7: 85 3F    STA $3F = #$00
f224    c6642366     i45588449    A:00 X:01 Y:03 S:DB P:nVUbdIZc  $01:A0F9: 88       DEY
f224    c6642368     i45588450    A:00 X:01 Y:02 S:DB P:nVUbdIzc  $01:A0FA: D0 F1    BNE $A0ED
f224    c6642371     i45588451    A:00 X:01 Y:02 S:DB P:nVUbdIzc  $01:A0ED: BD 15 40 LDA $4015,X @ $4016 = #$00
f224    c6642375     i45588452    A:40 X:01 Y:02 S:DB P:nVUbdIzc  $01:A0F0: 4A       LSR
f247    c7326982     i45807371    A:00 X:02 Y:06 S:DB P:nVUbdIzc  $01:A0ED: BD 15 40 LDA $4015,X @ $4017 = #$01
f247    c7326986     i45807372    A:40 X:02 Y:06 S:DB P:nVUbdIzc  $01:A0F0: 4A       LSR
f247    c7326988     i45807373    A:20 X:02 Y:06 S:DB P:nVUbdIzc  $01:A0F1: 26 3F    ROL $3F = #$00
f247    c7326993     i45807374    A:20 X:02 Y:06 S:DB P:nVUbdIZc  $01:A0F3: 29 01    AND #$01
f247    c7326995     i45807375    A:00 X:02 Y:06 S:DB P:nVUbdIZc  $01:A0F5: 05 3F    ORA $3F = #$00
f247    c7326998     i45807376    A:00 X:02 Y:06 S:DB P:nVUbdIZc  $01:A0F7: 85 3F    STA $3F = #$00
f247    c7327001     i45807377    A:00 X:02 Y:06 S:DB P:nVUbdIZc  $01:A0F9: 88       DEY
f247    c7327003     i45807378    A:00 X:02 Y:05 S:DB P:nVUbdIzc  $01:A0FA: D0 F1    BNE $A0ED
f247    c7327006     i45807379    A:00 X:02 Y:05 S:DB P:nVUbdIzc  $01:A0ED: BD 15 40 LDA $4015,X @ $4017 = #$01
f247    c7327010     i45807380    A:40 X:02 Y:05 S:DB P:nVUbdIzc  $01:A0F0: 4A       LSR
f247    c7327012     i45807381    A:20 X:02 Y:05 S:DB P:nVUbdIzc  $01:A0F1: 26 3F    ROL $3F = #$00
f247    c7327017     i45807382    A:20 X:02 Y:05 S:DB P:nVUbdIZc  $01:A0F3: 29 01    AND #$01
f247    c7327019     i45807383    A:00 X:02 Y:05 S:DB P:nVUbdIZc  $01:A0F5: 05 3F    ORA $3F = #$00
f247    c7327022     i45807384    A:00 X:02 Y:05 S:DB P:nVUbdIZc  $01:A0F7: 85 3F    STA $3F = #$00
f247    c7327025     i45807385    A:00 X:02 Y:05 S:DB P:nVUbdIZc  $01:A0F9: 88       DEY
f247    c7327027     i45807386    A:00 X:02 Y:04 S:DB P:nVUbdIzc  $01:A0FA: D0 F1    BNE $A0ED
f247    c7327030     i45807387    A:00 X:02 Y:04 S:DB P:nVUbdIzc  $01:A0ED: BD 15 40 LDA $4015,X @ $4017 = #$01
f247    c7327034     i45807388    A:40 X:02 Y:04 S:DB P:nVUbdIzc  $01:A0F0: 4A       LSR
f247    c7327036     i45807389    A:20 X:02 Y:04 S:DB P:nVUbdIzc  $01:A0F1: 26 3F    ROL $3F = #$00
f247    c7327041     i45807390    A:20 X:02 Y:04 S:DB P:nVUbdIZc  $01:A0F3: 29 01    AND #$01
f247    c7327043     i45807391    A:00 X:02 Y:04 S:DB P:nVUbdIZc  $01:A0F5: 05 3F    ORA $3F = #$00
f247    c7327046     i45807392    A:00 X:02 Y:04 S:DB P:nVUbdIZc  $01:A0F7: 85 3F    STA $3F = #$00
f247    c7327049     i45807393    A:00 X:02 Y:04 S:DB P:nVUbdIZc  $01:A0F9: 88       DEY
f247    c7327051     i45807394    A:00 X:02 Y:03 S:DB P:nVUbdIzc  $01:A0FA: D0 F1    BNE $A0ED
f247    c7327054     i45807395    A:00 X:02 Y:03 S:DB P:nVUbdIzc  $01:A0ED: BD 15 40 LDA $4015,X @ $4017 = #$01
f247    c7327058     i45807396    A:40 X:02 Y:03 S:DB P:nVUbdIzc  $01:A0F0: 4A       LSR
f247    c7327060     i45807397    A:20 X:02 Y:03 S:DB P:nVUbdIzc  $01:A0F1: 26 3F    ROL $3F = #$00
f247    c7327065     i45807398    A:20 X:02 Y:03 S:DB P:nVUbdIZc  $01:A0F3: 29 01    AND #$01
f247    c7327067     i45807399    A:00 X:02 Y:03 S:DB P:nVUbdIZc  $01:A0F5: 05 3F    ORA $3F = #$00
f247    c7327070     i45807400    A:00 X:02 Y:03 S:DB P:nVUbdIZc  $01:A0F7: 85 3F    STA $3F = #$00
f247    c7327073     i45807401    A:00 X:02 Y:03 S:DB P:nVUbdIZc  $01:A0F9: 88       DEY
f247    c7327075     i45807402    A:00 X:02 Y:02 S:DB P:nVUbdIzc  $01:A0FA: D0 F1    BNE $A0ED
f247    c7327078     i45807403    A:00 X:02 Y:02 S:DB P:nVUbdIzc  $01:A0ED: BD 15 40 LDA $4015,X @ $4017 = #$01
f247    c7327082     i45807404    A:40 X:02 Y:02 S:DB P:nVUbdIzc  $01:A0F0: 4A       LSR
f247    c7327084     i45807405    A:20 X:02 Y:02 S:DB P:nVUbdIzc  $01:A0F1: 26 3F    ROL $3F = #$00
f247    c7327089     i45807406    A:20 X:02 Y:02 S:DB P:nVUbdIZc  $01:A0F3: 29 01    AND #$01
f247    c7327091     i45807407    A:00 X:02 Y:02 S:DB P:nVUbdIZc  $01:A0F5: 05 3F    ORA $3F = #$00
f247    c7327094     i45807408    A:00 X:02 Y:02 S:DB P:nVUbdIZc  $01:A0F7: 85 3F    STA $3F = #$00
f247    c7327097     i45807409    A:00 X:02 Y:02 S:DB P:nVUbdIZc  $01:A0F9: 88       DEY
f247    c7327099     i45807410    A:00 X:02 Y:01 S:DB P:nVUbdIzc  $01:A0FA: D0 F1    BNE $A0ED
f247    c7327102     i45807411    A:00 X:02 Y:01 S:DB P:nVUbdIzc  $01:A0ED: BD 15 40 LDA $4015,X @ $4017 = #$01
f247    c7327106     i45807412    A:40 X:02 Y:01 S:DB P:nVUbdIzc  $01:A0F0: 4A       LSR
f248    c7355827     i45816763    A:40 X:19 Y:00 S:E0 P:nvUbdizC  $00:9F04: A5 1B    LDA $1B = #$40
f248    c7355830     i45816764    A:40 X:19 Y:00 S:E0 P:nvUbdizC  $00:9F06: 10 FC    BPL $9F04
f248    c7355833     i45816765    A:40 X:19 Y:00 S:E0 P:nvUbdizC  $00:9F04: A5 1B    LDA $1B = #$40
f248    c7355836     i45816766    A:40 X:19 Y:00 S:E0 P:nvUbdizC  $00:9F06: 10 FC    BPL $9F04
f248    c7355839     i45816767    A:40 X:19 Y:00 S:E0 P:nvUbdizC  $00:9F04: A5 1B    LDA $1B = #$40
f248    c7355842     i45816768    A:40 X:19 Y:00 S:E0 P:nvUbdizC  $00:9F06: 10 FC    BPL $9F04
f248    c7355845     i45816769    A:40 X:19 Y:00 S:E0 P:nvUbdizC  $00:9F04: A5 1B    LDA $1B = #$40
f248    c7355848     i45816770    A:40 X:19 Y:00 S:E0 P:nvUbdizC  $00:9F06: 10 FC    BPL $9F04
f248    c7355851     i45816771    A:40 X:19 Y:00 S:E0 P:nvUbdizC  $00:9F04: A5 1B    LDA $1B = #$40
f248    c7355854     i45816772    A:40 X:19 Y:00 S:E0 P:nvUbdizC  $00:9F06: 10 FC    BPL $9F04
f248    c7355857     i45816773    A:40 X:19 Y:00 S:E0 P:nvUbdizC  $00:9F04: A5 1B    LDA $1B = #$40
f248    c7355860     i45816774    A:40 X:19 Y:00 S:E0 P:nvUbdizC  $00:9F06: 10 FC    BPL $9F04
f248    c7355863     i45816775    A:40 X:19 Y:00 S:E0 P:nvUbdizC  $00:9F04: A5 1B    LDA $1B = #$40
f248    c7355866     i45816776    A:40 X:19 Y:00 S:E0 P:nvUbdizC  $00:9F06: 10 FC    BPL $9F04
f248    c7355869     i45816777    A:40 X:19 Y:00 S:E0 P:nvUbdizC  $00:9F04: A5 1B    LDA $1B = #$40
f248    c7355872     i45816778    A:40 X:19 Y:00 S:E0 P:nvUbdizC  $00:9F06: 10 FC    BPL $9F04
f248    c7355875     i45816779    A:40 X:19 Y:00 S:E0 P:nvUbdizC  $00:9F04: A5 1B    LDA $1B = #$40
f248    c7355878     i45816780    A:40 X:19 Y:00 S:E0 P:nvUbdizC  $00:9F06: 10 FC    BPL $9F04
f248    c7355881     i45816781    A:40 X:19 Y:00 S:E0 P:nvUbdizC  $00:9F04: A5 1B    LDA $1B = #$40
f248    c7355884     i45816782    A:40 X:19 Y:00 S:E0 P:nvUbdizC  $00:9F06: 10 FC    BPL $9F04
f248    c7355887     i45816783    A:40 X:19 Y:00 S:E0 P:nvUbdizC  $00:9F04: A5 1B    LDA $1B = #$40
f248    c7355890     i45816784    A:40 X:19 Y:00 S:E0 P:nvUbdizC  $00:9F06: 10 FC    BPL $9F04
f248    c7355893     i45816785    A:40 X:19 Y:00 S:E0 P:nvUbdizC  $00:9F04: A5 1B    LDA $1B = #$40
f248    c7355896     i45816786    A:40 X:19 Y:00 S:E0 P:nvUbdizC  $00:9F06: 10 FC    BPL $9F04
f248    c7355899     i45816787    A:40 X:19 Y:00 S:E0 P:nvUbdizC  $00:9F04: A5 1B    LDA $1B = #$40
f248    c7355909     i45816788    A:40 X:19 Y:00 S:DD P:nvUbdIzC  $0F:C500: 4C 6E C7 JMP $C76E
f248    c7355912     i45816789    A:40 X:19 Y:00 S:DD P:nvUbdIzC  $0F:C76E: 24 1B    BIT $1B = #$40
f248    c7355915     i45816790    A:40 X:19 Y:00 S:DD P:nVUbdIzC  $0F:C770: 50 03    BVC $C775
f248    c7355917     i45816791    A:40 X:19 Y:00 S:DD P:nVUbdIzC  $0F:C772: 4C 21 C4 JMP $C421
f248    c7355920     i45816792    A:40 X:19 Y:00 S:DD P:nVUbdIzC  $0F:C421: 24 3B    BIT $3B = #$55
f248    c7355923     i45816793    A:40 X:19 Y:00 S:DD P:nVUbdIzC  $0F:C423: 30 4D    BMI $C472
f248    c7355925     i45816794    A:40 X:19 Y:00 S:DD P:nVUbdIzC  $0F:C425: 38       SEC
f248    c7355927     i45816795    A:40 X:19 Y:00 S:DD P:nVUbdIzC  $0F:C426: 66 3B    ROR $3B = #$55
f248    c7355932     i45816796    A:40 X:19 Y:00 S:DD P:NVUbdIzC  $0F:C428: 85 3C    STA $3C = #$40
f248    c7355935     i45816797    A:40 X:19 Y:00 S:DD P:NVUbdIzC  $0F:C42A: 86 3D    STX $3D = #$19
f248    c7355938     i45816798    A:40 X:19 Y:00 S:DD P:NVUbdIzC  $0F:C42C: 84 3E    STY $3E = #$00
f248    c7355941     i45816799    A:40 X:19 Y:00 S:DD P:NVUbdIzC  $0F:C42E: A5 22    LDA $22 = #$00
f248    c7355944     i45816800    A:00 X:19 Y:00 S:DD P:nVUbdIZC  $0F:C430: 09 07    ORA #$07
f248    c7355946     i45816801    A:07 X:19 Y:00 S:DD P:nVUbdIzC  $0F:C432: 8D 00 80 STA $8000 = #$A5
f248    c7355950     i45816802    A:07 X:19 Y:00 S:DD P:nVUbdIzC  $0F:C435: A9 02    LDA #$02
f248    c7355952     i45816803    A:02 X:19 Y:00 S:DD P:nVUbdIzC  $0F:C437: 8D 01 80 STA $8001 = #$27
f248    c7355956     i45816804    A:02 X:19 Y:00 S:DD P:nVUbdIzC  $0F:C43A: 20 00 A0 JSR $A000
f249    c7386763     i45826490    A:00 X:01 Y:07 S:DB P:nVUbdIzc  $01:A0ED: BD 15 40 LDA $4015,X @ $4016 = #$00
f249    c7386767     i45826491    A:40 X:01 Y:07 S:DB P:nVUbdIzc  $01:A0F0: 4A       LSR
f249    c7386769     i45826492    A:20 X:01 Y:07 S:DB P:nVUbdIzc  $01:A0F1: 26 3F    ROL $3F = #$00
f249    c7386774     i45826493    A:20 X:01 Y:07 S:DB P:nVUbdIZc  $01:A0F3: 29 01    AND #$01
f249    c7386776     i45826494    A:00 X:01 Y:07 S:DB P:nVUbdIZc  $01:A0F5: 05 3F    ORA $3F = #$00
f249    c7386779     i45826495    A:00 X:01 Y:07 S:DB P:nVUbdIZc  $01:A0F7: 85 3F    STA $3F = #$00
f249    c7386782     i45826496    A:00 X:01 Y:07 S:DB P:nVUbdIZc  $01:A0F9: 88       DEY
f249    c7386784     i45826497    A:00 X:01 Y:06 S:DB P:nVUbdIzc  $01:A0FA: D0 F1    BNE $A0ED
f249    c7386787     i45826498    A:00 X:01 Y:06 S:DB P:nVUbdIzc  $01:A0ED: BD 15 40 LDA $4015,X @ $4016 = #$00
f249    c7386791     i45826499    A:40 X:01 Y:06 S:DB P:nVUbdIzc  $01:A0F0: 4A       LSR
f249    c7386793     i45826500    A:20 X:01 Y:06 S:DB P:nVUbdIzc  $01:A0F1: 26 3F    ROL $3F = #$00
f249    c7386798     i45826501    A:20 X:01 Y:06 S:DB P:nVUbdIZc  $01:A0F3: 29 01    AND #$01
f249    c7386800     i45826502    A:00 X:01 Y:06 S:DB P:nVUbdIZc  $01:A0F5: 05 3F    ORA $3F = #$00
f249    c7386803     i45826503    A:00 X:01 Y:06 S:DB P:nVUbdIZc  $01:A0F7: 85 3F    STA $3F = #$00
f249    c7386806     i45826504    A:00 X:01 Y:06 S:DB P:nVUbdIZc  $01:A0F9: 88       DEY
f249    c7386808     i45826505    A:00 X:01 Y:05 S:DB P:nVUbdIzc  $01:A0FA: D0 F1    BNE $A0ED
f249    c7386811     i45826506    A:00 X:01 Y:05 S:DB P:nVUbdIzc  $01:A0ED: BD 15 40 LDA $4015,X @ $4016 = #$00
f249    c7386815     i45826507    A:40 X:01 Y:05 S:DB P:nVUbdIzc  $01:A0F0: 4A       LSR
f249    c7386817     i45826508    A:20 X:01 Y:05 S:DB P:nVUbdIzc  $01:A0F1: 26 3F    ROL $3F = #$00
f249    c7386822     i45826509    A:20 X:01 Y:05 S:DB P:nVUbdIZc  $01:A0F3: 29 01    AND #$01
f249    c7386824     i45826510    A:00 X:01 Y:05 S:DB P:nVUbdIZc  $01:A0F5: 05 3F    ORA $3F = #$00
f249    c7386827     i45826511    A:00 X:01 Y:05 S:DB P:nVUbdIZc  $01:A0F7: 85 3F    STA $3F = #$00
f249    c7386830     i45826512    A:00 X:01 Y:05 S:DB P:nVUbdIZc  $01:A0F9: 88       DEY
f249    c7386832     i45826513    A:00 X:01 Y:04 S:DB P:nVUbdIzc  $01:A0FA: D0 F1    BNE $A0ED
f249    c7386835     i45826514    A:00 X:01 Y:04 S:DB P:nVUbdIzc  $01:A0ED: BD 15 40 LDA $4015,X @ $4016 = #$00
f249    c7386839     i45826515    A:40 X:01 Y:04 S:DB P:nVUbdIzc  $01:A0F0: 4A       LSR
f249    c7386841     i45826516    A:20 X:01 Y:04 S:DB P:nVUbdIzc  $01:A0F1: 26 3F    ROL $3F = #$00
f249    c7386846     i45826517    A:20 X:01 Y:04 S:DB P:nVUbdIZc  $01:A0F3: 29 01    AND #$01
f249    c7386848     i45826518    A:00 X:01 Y:04 S:DB P:nVUbdIZc  $01:A0F5: 05 3F    ORA $3F = #$00
f249    c7386851     i45826519    A:00 X:01 Y:04 S:DB P:nVUbdIZc  $01:A0F7: 85 3F    STA $3F = #$00
f249    c7386854     i45826520    A:00 X:01 Y:04 S:DB P:nVUbdIZc  $01:A0F9: 88       DEY
f249    c7386856     i45826521    A:00 X:01 Y:03 S:DB P:nVUbdIzc  $01:A0FA: D0 F1    BNE $A0ED
f249    c7386859     i45826522    A:00 X:01 Y:03 S:DB P:nVUbdIzc  $01:A0ED: BD 15 40 LDA $4015,X @ $4016 = #$00
f249    c7386863     i45826523    A:40 X:01 Y:03 S:DB P:nVUbdIzc  $01:A0F0: 4A       LSR
f249    c7386865     i45826524    A:20 X:01 Y:03 S:DB P:nVUbdIzc  $01:A0F1: 26 3F    ROL $3F = #$00
f249    c7386870     i45826525    A:20 X:01 Y:03 S:DB P:nVUbdIZc  $01:A0F3: 29 01    AND #$01
f249    c7386872     i45826526    A:00 X:01 Y:03 S:DB P:nVUbdIZc  $01:A0F5: 05 3F    ORA $3F = #$00
f249    c7386875     i45826527    A:00 X:01 Y:03 S:DB P:nVUbdIZc  $01:A0F7: 85 3F    STA $3F = #$00
f249    c7386878     i45826528    A:00 X:01 Y:03 S:DB P:nVUbdIZc  $01:A0F9: 88       DEY
f249    c7386880     i45826529    A:00 X:01 Y:02 S:DB P:nVUbdIzc  $01:A0FA: D0 F1    BNE $A0ED
f249    c7386883     i45826530    A:00 X:01 Y:02 S:DB P:nVUbdIzc  $01:A0ED: BD 15 40 LDA $4015,X @ $4016 = #$00
f249    c7386887     i45826531    A:40 X:01 Y:02 S:DB P:nVUbdIzc  $01:A0F0: 4A       LSR
f253    c7505665     i45864510    A:00 X:02 Y:06 S:DB P:nVUbdIzc  $01:A0ED: BD 15 40 LDA $4015,X @ $4017 = #$01
f253    c7505669     i45864511    A:40 X:02 Y:06 S:DB P:nVUbdIzc  $01:A0F0: 4A       LSR
f253    c7505671     i45864512    A:20 X:02 Y:06 S:DB P:nVUbdIzc  $01:A0F1: 26 3F    ROL $3F = #$00
f253    c7505676     i45864513    A:20 X:02 Y:06 S:DB P:nVUbdIZc  $01:A0F3: 29 01    AND #$01
f253    c7505678     i45864514    A:00 X:02 Y:06 S:DB P:nVUbdIZc  $01:A0F5: 05 3F    ORA $3F = #$00
f253    c7505681     i45864515    A:00 X:02 Y:06 S:DB P:nVUbdIZc  $01:A0F7: 85 3F    STA $3F = #$00
f253    c7505684     i45864516    A:00 X:02 Y:06 S:DB P:nVUbdIZc  $01:A0F9: 88       DEY
f253    c7505686     i45864517    A:00 X:02 Y:05 S:DB P:nVUbdIzc  $01:A0FA: D0 F1    BNE $A0ED
f253    c7505689     i45864518    A:00 X:02 Y:05 S:DB P:nVUbdIzc  $01:A0ED: BD 15 40 LDA $4015,X @ $4017 = #$01
f253    c7505693     i45864519    A:40 X:02 Y:05 S:DB P:nVUbdIzc  $01:A0F0: 4A       LSR
f253    c7505695     i45864520    A:20 X:02 Y:05 S:DB P:nVUbdIzc  $01:A0F1: 26 3F    ROL $3F = #$00
f253    c7505700     i45864521    A:20 X:02 Y:05 S:DB P:nVUbdIZc  $01:A0F3: 29 01    AND #$01
f253    c7505702     i45864522    A:00 X:02 Y:05 S:DB P:nVUbdIZc  $01:A0F5: 05 3F    ORA $3F = #$00
f253    c7505705     i45864523    A:00 X:02 Y:05 S:DB P:nVUbdIZc  $01:A0F7: 85 3F    STA $3F = #$00
f253    c7505708     i45864524    A:00 X:02 Y:05 S:DB P:nVUbdIZc  $01:A0F9: 88       DEY
f253    c7505710     i45864525    A:00 X:02 Y:04 S:DB P:nVUbdIzc  $01:A0FA: D0 F1    BNE $A0ED
f253    c7505713     i45864526    A:00 X:02 Y:04 S:DB P:nVUbdIzc  $01:A0ED: BD 15 40 LDA $4015,X @ $4017 = #$01
f253    c7505717     i45864527    A:40 X:02 Y:04 S:DB P:nVUbdIzc  $01:A0F0: 4A       LSR
f253    c7505719     i45864528    A:20 X:02 Y:04 S:DB P:nVUbdIzc  $01:A0F1: 26 3F    ROL $3F = #$00
f253    c7505724     i45864529    A:20 X:02 Y:04 S:DB P:nVUbdIZc  $01:A0F3: 29 01    AND #$01
f253    c7505726     i45864530    A:00 X:02 Y:04 S:DB P:nVUbdIZc  $01:A0F5: 05 3F    ORA $3F = #$00
f253    c7505729     i45864531    A:00 X:02 Y:04 S:DB P:nVUbdIZc  $01:A0F7: 85 3F    STA $3F = #$00
f253    c7505732     i45864532    A:00 X:02 Y:04 S:DB P:nVUbdIZc  $01:A0F9: 88       DEY
f253    c7505734     i45864533    A:00 X:02 Y:03 S:DB P:nVUbdIzc  $01:A0FA: D0 F1    BNE $A0ED
f253    c7505737     i45864534    A:00 X:02 Y:03 S:DB P:nVUbdIzc  $01:A0ED: BD 15 40 LDA $4015,X @ $4017 = #$01
f253    c7505741     i45864535    A:40 X:02 Y:03 S:DB P:nVUbdIzc  $01:A0F0: 4A       LSR
f253    c7505743     i45864536    A:20 X:02 Y:03 S:DB P:nVUbdIzc  $01:A0F1: 26 3F    ROL $3F = #$00
f253    c7505748     i45864537    A:20 X:02 Y:03 S:DB P:nVUbdIZc  $01:A0F3: 29 01    AND #$01
f253    c7505750     i45864538    A:00 X:02 Y:03 S:DB P:nVUbdIZc  $01:A0F5: 05 3F    ORA $3F = #$00
f253    c7505753     i45864539    A:00 X:02 Y:03 S:DB P:nVUbdIZc  $01:A0F7: 85 3F    STA $3F = #$00
f253    c7505756     i45864540    A:00 X:02 Y:03 S:DB P:nVUbdIZc  $01:A0F9: 88       DEY
f253    c7505758     i45864541    A:00 X:02 Y:02 S:DB P:nVUbdIzc  $01:A0FA: D0 F1    BNE $A0ED
f253    c7505761     i45864542    A:00 X:02 Y:02 S:DB P:nVUbdIzc  $01:A0ED: BD 15 40 LDA $4015,X @ $4017 = #$01
f253    c7505765     i45864543    A:40 X:02 Y:02 S:DB P:nVUbdIzc  $01:A0F0: 4A       LSR
f253    c7505767     i45864544    A:20 X:02 Y:02 S:DB P:nVUbdIzc  $01:A0F1: 26 3F    ROL $3F = #$00
f253    c7505772     i45864545    A:20 X:02 Y:02 S:DB P:nVUbdIZc  $01:A0F3: 29 01    AND #$01
f253    c7505774     i45864546    A:00 X:02 Y:02 S:DB P:nVUbdIZc  $01:A0F5: 05 3F    ORA $3F = #$00
f253    c7505777     i45864547    A:00 X:02 Y:02 S:DB P:nVUbdIZc  $01:A0F7: 85 3F    STA $3F = #$00
f253    c7505780     i45864548    A:00 X:02 Y:02 S:DB P:nVUbdIZc  $01:A0F9: 88       DEY
f253    c7505782     i45864549    A:00 X:02 Y:01 S:DB P:nVUbdIzc  $01:A0FA: D0 F1    BNE $A0ED
f253    c7505785     i45864550    A:00 X:02 Y:01 S:DB P:nVUbdIzc  $01:A0ED: BD 15 40 LDA $4015,X @ $4017 = #$01
f253    c7505789     i45864551    A:40 X:02 Y:01 S:DB P:nVUbdIzc  $01:A0F0: 4A       LSR
f254    c7534507     i45873901    A:40 X:19 Y:00 S:E0 P:nvUbdizC  $00:9F04: A5 1B    LDA $1B = #$40
f254    c7534510     i45873902    A:40 X:19 Y:00 S:E0 P:nvUbdizC  $00:9F06: 10 FC    BPL $9F04
f254    c7534513     i45873903    A:40 X:19 Y:00 S:E0 P:nvUbdizC  $00:9F04: A5 1B    LDA $1B = #$40
f254    c7534516     i45873904    A:40 X:19 Y:00 S:E0 P:nvUbdizC  $00:9F06: 10 FC    BPL $9F04
f254    c7534519     i45873905    A:40 X:19 Y:00 S:E0 P:nvUbdizC  $00:9F04: A5 1B    LDA $1B = #$40
f254    c7534522     i45873906    A:40 X:19 Y:00 S:E0 P:nvUbdizC  $00:9F06: 10 FC    BPL $9F04
f254    c7534525     i45873907    A:40 X:19 Y:00 S:E0 P:nvUbdizC  $00:9F04: A5 1B    LDA $1B = #$40
f254    c7534528     i45873908    A:40 X:19 Y:00 S:E0 P:nvUbdizC  $00:9F06: 10 FC    BPL $9F04
f254    c7534531     i45873909    A:40 X:19 Y:00 S:E0 P:nvUbdizC  $00:9F04: A5 1B    LDA $1B = #$40
f254    c7534534     i45873910    A:40 X:19 Y:00 S:E0 P:nvUbdizC  $00:9F06: 10 FC    BPL $9F04
f254    c7534537     i45873911    A:40 X:19 Y:00 S:E0 P:nvUbdizC  $00:9F04: A5 1B    LDA $1B = #$40
f254    c7534540     i45873912    A:40 X:19 Y:00 S:E0 P:nvUbdizC  $00:9F06: 10 FC    BPL $9F04
f254    c7534543     i45873913    A:40 X:19 Y:00 S:E0 P:nvUbdizC  $00:9F04: A5 1B    LDA $1B = #$40
f254    c7534546     i45873914    A:40 X:19 Y:00 S:E0 P:nvUbdizC  $00:9F06: 10 FC    BPL $9F04
f254    c7534549     i45873915    A:40 X:19 Y:00 S:E0 P:nvUbdizC  $00:9F04: A5 1B    LDA $1B = #$40
f254    c7534552     i45873916    A:40 X:19 Y:00 S:E0 P:nvUbdizC  $00:9F06: 10 FC    BPL $9F04
f254    c7534555     i45873917    A:40 X:19 Y:00 S:E0 P:nvUbdizC  $00:9F04: A5 1B    LDA $1B = #$40
f254    c7534558     i45873918    A:40 X:19 Y:00 S:E0 P:nvUbdizC  $00:9F06: 10 FC    BPL $9F04
f254    c7534561     i45873919    A:40 X:19 Y:00 S:E0 P:nvUbdizC  $00:9F04: A5 1B    LDA $1B = #$40
f254    c7534564     i45873920    A:40 X:19 Y:00 S:E0 P:nvUbdizC  $00:9F06: 10 FC    BPL $9F04
f254    c7534567     i45873921    A:40 X:19 Y:00 S:E0 P:nvUbdizC  $00:9F04: A5 1B    LDA $1B = #$40
f254    c7534570     i45873922    A:40 X:19 Y:00 S:E0 P:nvUbdizC  $00:9F06: 10 FC    BPL $9F04
f254    c7534573     i45873923    A:40 X:19 Y:00 S:E0 P:nvUbdizC  $00:9F04: A5 1B    LDA $1B = #$40
f254    c7534576     i45873924    A:40 X:19 Y:00 S:E0 P:nvUbdizC  $00:9F06: 10 FC    BPL $9F04
f254    c7534579     i45873925    A:40 X:19 Y:00 S:E0 P:nvUbdizC  $00:9F04: A5 1B    LDA $1B = #$40
f254    c7534582     i45873926    A:40 X:19 Y:00 S:E0 P:nvUbdizC  $00:9F06: 10 FC    BPL $9F04
f254    c7534592     i45873927    A:40 X:19 Y:00 S:DD P:nvUbdIzC  $0F:C500: 4C 6E C7 JMP $C76E
f254    c7534595     i45873928    A:40 X:19 Y:00 S:DD P:nvUbdIzC  $0F:C76E: 24 1B    BIT $1B = #$40
f254    c7534598     i45873929    A:40 X:19 Y:00 S:DD P:nVUbdIzC  $0F:C770: 50 03    BVC $C775
f254    c7534600     i45873930    A:40 X:19 Y:00 S:DD P:nVUbdIzC  $0F:C772: 4C 21 C4 JMP $C421
f254    c7534603     i45873931    A:40 X:19 Y:00 S:DD P:nVUbdIzC  $0F:C421: 24 3B    BIT $3B = #$55
f254    c7534606     i45873932    A:40 X:19 Y:00 S:DD P:nVUbdIzC  $0F:C423: 30 4D    BMI $C472
f254    c7534608     i45873933    A:40 X:19 Y:00 S:DD P:nVUbdIzC  $0F:C425: 38       SEC
f254    c7534610     i45873934    A:40 X:19 Y:00 S:DD P:nVUbdIzC  $0F:C426: 66 3B    ROR $3B = #$55
f254    c7534615     i45873935    A:40 X:19 Y:00 S:DD P:NVUbdIzC  $0F:C428: 85 3C    STA $3C = #$40
f254    c7534618     i45873936    A:40 X:19 Y:00 S:DD P:NVUbdIzC  $0F:C42A: 86 3D    STX $3D = #$19
f254    c7534621     i45873937    A:40 X:19 Y:00 S:DD P:NVUbdIzC  $0F:C42C: 84 3E    STY $3E = #$00
f254    c7534624     i45873938    A:40 X:19 Y:00 S:DD P:NVUbdIzC  $0F:C42E: A5 22    LDA $22 = #$00
f254    c7534627     i45873939    A:00 X:19 Y:00 S:DD P:nVUbdIZC  $0F:C430: 09 07    ORA #$07
f254    c7534629     i45873940    A:07 X:19 Y:00 S:DD P:nVUbdIzC  $0F:C432: 8D 00 80 STA $8000 = #$A5
f254    c7534633     i45873941    A:07 X:19 Y:00 S:DD P:nVUbdIzC  $0F:C435: A9 02    LDA #$02
f254    c7534635     i45873942    A:02 X:19 Y:00 S:DD P:nVUbdIzC  $0F:C437: 8D 01 80 STA $8001 = #$27
f264    c7839388     i45971108    A:00 X:00 Y:F8 S:EC P:nvUbdiZc  $01:A8EE: 99 02 02 STA $0202,Y @ $02FA = #$00
f264    c7839393     i45971109    A:00 X:00 Y:F8 S:EC P:nvUbdiZc  $01:A8F1: B9 6B 04 LDA $046B,Y @ $0563 = #$00
f264    c7839398     i45971110    A:00 X:00 Y:F8 S:EC P:nvUbdiZc  $01:A8F4: 99 03 02 STA $0203,Y @ $02FB = #$00
f264    c7839403     i45971111    A:00 X:00 Y:F8 S:EC P:nvUbdiZc  $01:A8F7: C8       INY
f264    c7839405     i45971112    A:00 X:00 Y:F9 S:EC P:NvUbdizc  $01:A8F8: C8       INY
f264    c7839407     i45971113    A:00 X:00 Y:FA S:EC P:NvUbdizc  $01:A8F9: C8       INY
f264    c7839409     i45971114    A:00 X:00 Y:FB S:EC P:NvUbdizc  $01:A8FA: C8       INY
f264    c7839411     i45971115    A:00 X:00 Y:FC S:EC P:NvUbdizc  $01:A8FB: D0 D8    BNE $A8D5
f264    c7839414     i45971116    A:00 X:00 Y:FC S:EC P:NvUbdizc  $01:A8D5: BE 68 04 LDX $0468,Y @ $0564 = #$00
f264    c7839419     i45971117    A:00 X:00 Y:FC S:EC P:nvUbdiZc  $01:A8D8: B9 6A 04 LDA $046A,Y @ $0566 = #$00
f264    c7839424     i45971118    A:00 X:00 Y:FC S:EC P:nvUbdiZc  $01:A8DB: 29 0C    AND #$0C
f264    c7839426     i45971119    A:00 X:00 Y:FC S:EC P:nvUbdiZc  $01:A8DD: F0 02    BEQ $A8E1
f264    c7839429     i45971120    A:00 X:00 Y:FC S:EC P:nvUbdiZc  $01:A8E1: 8A       TXA
f264    c7839431     i45971121    A:00 X:00 Y:FC S:EC P:nvUbdiZc  $01:A8E2: 99 00 02 STA $0200,Y @ $02FC = #$00
f264    c7839436     i45971122    A:00 X:00 Y:FC S:EC P:nvUbdiZc  $01:A8E5: B9 69 04 LDA $0469,Y @ $0565 = #$00
f264    c7839441     i45971123    A:00 X:00 Y:FC S:EC P:nvUbdiZc  $01:A8E8: 99 01 02 STA $0201,Y @ $02FD = #$00
f264    c7839446     i45971124    A:00 X:00 Y:FC S:EC P:nvUbdiZc  $01:A8EB: B9 6A 04 LDA $046A,Y @ $0566 = #$00
f264    c7839451     i45971125    A:00 X:00 Y:FC S:EC P:nvUbdiZc  $01:A8EE: 99 02 02 STA $0202,Y @ $02FE = #$00
f264    c7839456     i45971126    A:00 X:00 Y:FC S:EC P:nvUbdiZc  $01:A8F1: B9 6B 04 LDA $046B,Y @ $0567 = #$F8
f264    c7839461     i45971127    A:F8 X:00 Y:FC S:EC P:NvUbdizc  $01:A8F4: 99 03 02 STA $0203,Y @ $02FF = #$F8
f264    c7839466     i45971128    A:F8 X:00 Y:FC S:EC P:NvUbdizc  $01:A8F7: C8       INY
f264    c7839468     i45971129    A:F8 X:00 Y:FD S:EC P:NvUbdizc  $01:A8F8: C8       INY
f264    c7839470     i45971130    A:F8 X:00 Y:FE S:EC P:NvUbdizc  $01:A8F9: C8       INY
f264    c7839472     i45971131    A:F8 X:00 Y:FF S:EC P:NvUbdizc  $01:A8FA: C8       INY
f264    c7839474     i45971132    A:F8 X:00 Y:00 S:EC P:nvUbdiZc  $01:A8FB: D0 D8    BNE $A8D5
f264    c7839476     i45971133    A:F8 X:00 Y:00 S:EC P:nvUbdiZc  $01:A8FD: 60       RTS (from $A215)
f264    c7839482     i45971134    A:F8 X:00 Y:00 S:EE P:nvUbdiZc  $00:8392: A2 06    LDX #$06
f264    c7839484     i45971135    A:F8 X:06 Y:00 S:EE P:nvUbdizc  $00:8394: 20 B9 C4 JSR $C4B9
f264    c7839490     i45971136    A:F8 X:06 Y:00 S:EC P:nvUbdizc  $0F:C4B9: 86 25    STX $25 = #$02
f264    c7839493     i45971137    A:F8 X:06 Y:00 S:EC P:nvUbdizc  $0F:C4BB: A9 07    LDA #$07
f264    c7839495     i45971138    A:07 X:06 Y:00 S:EC P:nvUbdizc  $0F:C4BD: 05 22    ORA $22 = #$00
f264    c7839498     i45971139    A:07 X:06 Y:00 S:EC P:nvUbdizc  $0F:C4BF: 85 23    STA $23 = #$06
f264    c7839501     i45971140    A:07 X:06 Y:00 S:EC P:nvUbdizc  $0F:C4C1: 8D 00 80 STA $8000 = #$A5
f264    c7839505     i45971141    A:07 X:06 Y:00 S:EC P:nvUbdizc  $0F:C4C4: 8E 01 80 STX $8001 = #$27
f264    c7839509     i45971142    A:07 X:06 Y:00 S:EC P:nvUbdizc  $0F:C4C7: 60       RTS (from $C4B9)
f264    c7839515     i45971143    A:07 X:06 Y:00 S:EE P:nvUbdizc  $00:8397: 60       RTS (from $838A)
f264    c7839521     i45971144    A:07 X:06 Y:00 S:F0 P:nvUbdizc  $00:82F0: A5 4C    LDA $4C = #$00
f264    c7839524     i45971145    A:00 X:06 Y:00 S:F0 P:nvUbdiZc  $00:82F2: 10 F9    BPL $82ED
f264    c7839527     i45971146    A:00 X:06 Y:00 S:F0 P:nvUbdiZc  $00:82ED: 20 8A 83 JSR $838A
f264    c7839533     i45971147    A:00 X:06 Y:00 S:EE P:nvUbdiZc  $00:838A: A2 02    LDX #$02
f264    c7839535     i45971148    A:00 X:02 Y:00 S:EE P:nvUbdizc  $00:838C: 20 B9 C4 JSR $C4B9
f264    c7849219     i45974374    A:40 X:19 Y:00 S:E0 P:nvUbdizC  $00:9F06: 10 FC    BPL $9F04
f264    c7849222     i45974375    A:40 X:19 Y:00 S:E0 P:nvUbdizC  $00:9F04: A5 1B    LDA $1B = #$40
f264    c7849225     i45974376    A:40 X:19 Y:00 S:E0 P:nvUbdizC  $00:9F06: 10 FC    BPL $9F04
f264    c7849228     i45974377    A:40 X:19 Y:00 S:E0 P:nvUbdizC  $00:9F04: A5 1B    LDA $1B = #$40
f264    c7849231     i45974378    A:40 X:19 Y:00 S:E0 P:nvUbdizC  $00:9F06: 10 FC    BPL $9F04
f264    c7849234     i45974379    A:40 X:19 Y:00 S:E0 P:nvUbdizC  $00:9F04: A5 1B    LDA $1B = #$40
f264    c7849237     i45974380    A:40 X:19 Y:00 S:E0 P:nvUbdizC  $00:9F06: 10 FC    BPL $9F04
f264    c7849240     i45974381    A:40 X:19 Y:00 S:E0 P:nvUbdizC  $00:9F04: A5 1B    LDA $1B = #$40
f264    c7849243     i45974382    A:40 X:19 Y:00 S:E0 P:nvUbdizC  $00:9F06: 10 FC    BPL $9F04
f264    c7849246     i45974383    A:40 X:19 Y:00 S:E0 P:nvUbdizC  $00:9F04: A5 1B    LDA $1B = #$40
f264    c7849249     i45974384    A:40 X:19 Y:00 S:E0 P:nvUbdizC  $00:9F06: 10 FC    BPL $9F04
f264    c7849252     i45974385    A:40 X:19 Y:00 S:E0 P:nvUbdizC  $00:9F04: A5 1B    LDA $1B = #$40
f264    c7849255     i45974386    A:40 X:19 Y:00 S:E0 P:nvUbdizC  $00:9F06: 10 FC    BPL $9F04
f264    c7849258     i45974387    A:40 X:19 Y:00 S:E0 P:nvUbdizC  $00:9F04: A5 1B    LDA $1B = #$40
f264    c7849261     i45974388    A:40 X:19 Y:00 S:E0 P:nvUbdizC  $00:9F06: 10 FC    BPL $9F04
f264    c7849264     i45974389    A:40 X:19 Y:00 S:E0 P:nvUbdizC  $00:9F04: A5 1B    LDA $1B = #$40
f264    c7849267     i45974390    A:40 X:19 Y:00 S:E0 P:nvUbdizC  $00:9F06: 10 FC    BPL $9F04
f264    c7849270     i45974391    A:40 X:19 Y:00 S:E0 P:nvUbdizC  $00:9F04: A5 1B    LDA $1B = #$40
f264    c7849273     i45974392    A:40 X:19 Y:00 S:E0 P:nvUbdizC  $00:9F06: 10 FC    BPL $9F04
f264    c7849276     i45974393    A:40 X:19 Y:00 S:E0 P:nvUbdizC  $00:9F04: A5 1B    LDA $1B = #$40
f264    c7849279     i45974394    A:40 X:19 Y:00 S:E0 P:nvUbdizC  $00:9F06: 10 FC    BPL $9F04
f264    c7849282     i45974395    A:40 X:19 Y:00 S:E0 P:nvUbdizC  $00:9F04: A5 1B    LDA $1B = #$40
f264    c7849285     i45974396    A:40 X:19 Y:00 S:E0 P:nvUbdizC  $00:9F06: 10 FC    BPL $9F04
f264    c7849288     i45974397    A:40 X:19 Y:00 S:E0 P:nvUbdizC  $00:9F04: A5 1B    LDA $1B = #$40
f264    c7849291     i45974398    A:40 X:19 Y:00 S:E0 P:nvUbdizC  $00:9F06: 10 FC    BPL $9F04
f264    c7849294     i45974399    A:40 X:19 Y:00 S:E0 P:nvUbdizC  $00:9F04: A5 1B    LDA $1B = #$40
f264    c7849304     i45974400    A:40 X:19 Y:00 S:DD P:nvUbdIzC  $0F:C506: 4C 21 C8 JMP $C821
f264    c7849307     i45974401    A:40 X:19 Y:00 S:DD P:nvUbdIzC  $0F:C821: 24 1B    BIT $1B = #$40
f264    c7849310     i45974402    A:40 X:19 Y:00 S:DD P:nVUbdIzC  $0F:C823: 50 03    BVC $C828
f264    c7849312     i45974403    A:40 X:19 Y:00 S:DD P:nVUbdIzC  $0F:C825: 4C 78 C4 JMP $C478
f264    c7849315     i45974404    A:40 X:19 Y:00 S:DD P:nVUbdIzC  $0F:C478: 24 3B    BIT $3B = #$55
f264    c7849318     i45974405    A:40 X:19 Y:00 S:DD P:nVUbdIzC  $0F:C47A: 30 32    BMI $C4AE
f264    c7849320     i45974406    A:40 X:19 Y:00 S:DD P:nVUbdIzC  $0F:C47C: 38       SEC
f264    c7849322     i45974407    A:40 X:19 Y:00 S:DD P:nVUbdIzC  $0F:C47D: 66 3B    ROR $3B = #$55
f264    c7849327     i45974408    A:40 X:19 Y:00 S:DD P:NVUbdIzC  $0F:C47F: 85 3C    STA $3C = #$40
f264    c7849330     i45974409    A:40 X:19 Y:00 S:DD P:NVUbdIzC  $0F:C481: 86 3D    STX $3D = #$19
f264    c7849333     i45974410    A:40 X:19 Y:00 S:DD P:NVUbdIzC  $0F:C483: 84 3E    STY $3E = #$00
f264    c7849336     i45974411    A:40 X:19 Y:00 S:DD P:NVUbdIzC  $0F:C485: A5 22    LDA $22 = #$00
f264    c7849339     i45974412    A:00 X:19 Y:00 S:DD P:nVUbdIZC  $0F:C487: 09 07    ORA #$07
f264    c7849341     i45974413    A:07 X:19 Y:00 S:DD P:nVUbdIzC  $0F:C489: 8D 00 80 STA $8000 = #$A5
f264    c7849345     i45974414    A:07 X:19 Y:00 S:DD P:nVUbdIzC  $0F:C48C: A9 02    LDA #$02
f264    c7849347     i45974415    A:02 X:19 Y:00 S:DD P:nVUbdIzC  $0F:C48E: 8D 01 80 STA $8001 = #$27
f277    c8219489     i46092048    A:40 X:19 Y:00 S:E0 P:nvUbdizC  $00:9F06: 10 FC    BPL $9F04
f277    c8219492     i46092049    A:40 X:19 Y:00 S:E0 P:nvUbdizC  $00:9F04: A5 1B    LDA $1B = #$40
f277    c8219495     i46092050    A:40 X:19 Y:00 S:E0 P:nvUbdizC  $00:9F06: 10 FC    BPL $9F04
f277    c8219498     i46092051    A:40 X:19 Y:00 S:E0 P:nvUbdizC  $00:9F04: A5 1B    LDA $1B = #$40
f277    c8219501     i46092052    A:40 X:19 Y:00 S:E0 P:nvUbdizC  $00:9F06: 10 FC    BPL $9F04
f277    c8219504     i46092053    A:40 X:19 Y:00 S:E0 P:nvUbdizC  $00:9F04: A5 1B    LDA $1B = #$40
f277    c8219507     i46092054    A:40 X:19 Y:00 S:E0 P:nvUbdizC  $00:9F06: 10 FC    BPL $9F04
f277    c8219510     i46092055    A:40 X:19 Y:00 S:E0 P:nvUbdizC  $00:9F04: A5 1B    LDA $1B = #$40
f277    c8219513     i46092056    A:40 X:19 Y:00 S:E0 P:nvUbdizC  $00:9F06: 10 FC    BPL $9F04
f277    c8219516     i46092057    A:40 X:19 Y:00 S:E0 P:nvUbdizC  $00:9F04: A5 1B    LDA $1B = #$40
f277    c8219519     i46092058    A:40 X:19 Y:00 S:E0 P:nvUbdizC  $00:9F06: 10 FC    BPL $9F04
f277    c8219522     i46092059    A:40 X:19 Y:00 S:E0 P:nvUbdizC  $00:9F04: A5 1B    LDA $1B = #$40
f277    c8219525     i46092060    A:40 X:19 Y:00 S:E0 P:nvUbdizC  $00:9F06: 10 FC    BPL $9F04
f277    c8219528     i46092061    A:40 X:19 Y:00 S:E0 P:nvUbdizC  $00:9F04: A5 1B    LDA $1B = #$40
f277    c8219531     i46092062    A:40 X:19 Y:00 S:E0 P:nvUbdizC  $00:9F06: 10 FC    BPL $9F04
f277    c8219534     i46092063    A:40 X:19 Y:00 S:E0 P:nvUbdizC  $00:9F04: A5 1B    LDA $1B = #$40
f277    c8219544     i46092064    A:40 X:19 Y:00 S:DD P:nvUbdIzC  $0F:C500: 4C 6E C7 JMP $C76E
f277    c8219547     i46092065    A:40 X:19 Y:00 S:DD P:nvUbdIzC  $0F:C76E: 24 1B    BIT $1B = #$40
f277    c8219550     i46092066    A:40 X:19 Y:00 S:DD P:nVUbdIzC  $0F:C770: 50 03    BVC $C775
f277    c8219552     i46092067    A:40 X:19 Y:00 S:DD P:nVUbdIzC  $0F:C772: 4C 21 C4 JMP $C421
f277    c8219555     i46092068    A:40 X:19 Y:00 S:DD P:nVUbdIzC  $0F:C421: 24 3B    BIT $3B = #$55
f277    c8219558     i46092069    A:40 X:19 Y:00 S:DD P:nVUbdIzC  $0F:C423: 30 4D    BMI $C472
f277    c8219560     i46092070    A:40 X:19 Y:00 S:DD P:nVUbdIzC  $0F:C425: 38       SEC
f277    c8219562     i46092071    A:40 X:19 Y:00 S:DD P:nVUbdIzC  $0F:C426: 66 3B    ROR $3B = #$55
f277    c8219567     i46092072    A:40 X:19 Y:00 S:DD P:NVUbdIzC  $0F:C428: 85 3C    STA $3C = #$40
f277    c8219570     i46092073    A:40 X:19 Y:00 S:DD P:NVUbdIzC  $0F:C42A: 86 3D    STX $3D = #$19
f277    c8219573     i46092074    A:40 X:19 Y:00 S:DD P:NVUbdIzC  $0F:C42C: 84 3E    STY $3E = #$00
f277    c8219576     i46092075    A:40 X:19 Y:00 S:DD P:NVUbdIzC  $0F:C42E: A5 22    LDA $22 = #$00
f277    c8219579     i46092076    A:00 X:19 Y:00 S:DD P:nVUbdIZC  $0F:C430: 09 07    ORA #$07
f277    c8219581     i46092077    A:07 X:19 Y:00 S:DD P:nVUbdIzC  $0F:C432: 8D 00 80 STA $8000 = #$A5
f277    c8219585     i46092078    A:07 X:19 Y:00 S:DD P:nVUbdIzC  $0F:C435: A9 02    LDA #$02
f277    c8219587     i46092079    A:02 X:19 Y:00 S:DD P:nVUbdIzC  $0F:C437: 8D 01 80 STA $8001 = #$27
f277    c8219591     i46092080    A:02 X:19 Y:00 S:DD P:nVUbdIzC  $0F:C43A: 20 00 A0 JSR $A000
f277    c8219597     i46092081    A:02 X:19 Y:00 S:DB P:nVUbdIzC  $01:A000: A9 00    LDA #$00
f277    c8219599     i46092082    A:00 X:19 Y:00 S:DB P:nVUbdIZC  $01:A002: 8D 03 20 STA $2003 = #$00
f277    c8219603     i46092083    A:00 X:19 Y:00 S:DB P:nVUbdIZC  $01:A005: A9 02    LDA #$02
f277    c8219605     i46092084    A:02 X:19 Y:00 S:DB P:nVUbdIzC  $01:A007: 8D 14 40 STA $4014 = #$02
f277    c8220121     i46092085    A:02 X:19 Y:00 S:DB P:nVUbdIzC  $01:A00A: AD 28 06 LDA $0628 = #$23
f277    c8220125     i46092086    A:23 X:19 Y:00 S:DB P:nVUbdIzC  $01:A00D: F0 4E    BEQ $A05D
f277    c8220127     i46092087    A:23 X:19 Y:00 S:DB P:nVUbdIzC  $01:A00F: 2C 29 06 BIT $0629 = #$20
f277    c8220131     i46092088    A:23 X:19 Y:00 S:DB P:nvUbdIzC  $01:A012: 70 49    BVS $A05D
f277    c8220133     i46092089    A:23 X:19 Y:00 S:DB P:nvUbdIzC  $01:A014: A9 00    LDA #$00
f282    c8397883     i46148519    A:F8 X:F8 Y:FC S:EC P:NvUbdizc  $01:A8FB: D0 D8    BNE $A8D5
f282    c8397886     i46148520    A:F8 X:F8 Y:FC S:EC P:NvUbdizc  $01:A8D5: BE 68 04 LDX $0468,Y @ $0564 = #$F8
f282    c8397891     i46148521    A:F8 X:F8 Y:FC S:EC P:NvUbdizc  $01:A8D8: B9 6A 04 LDA $046A,Y @ $0566 = #$F8
f282    c8397896     i46148522    A:F8 X:F8 Y:FC S:EC P:NvUbdizc  $01:A8DB: 29 0C    AND #$0C
f282    c8397898     i46148523    A:08 X:F8 Y:FC S:EC P:nvUbdizc  $01:A8DD: F0 02    BEQ $A8E1
f282    c8397900     i46148524    A:08 X:F8 Y:FC S:EC P:nvUbdizc  $01:A8DF: A2 F8    LDX #$F8
f282    c8397902     i46148525    A:08 X:F8 Y:FC S:EC P:NvUbdizc  $01:A8E1: 8A       TXA
f282    c8397904     i46148526    A:F8 X:F8 Y:FC S:EC P:NvUbdizc  $01:A8E2: 99 00 02 STA $0200,Y @ $02FC = #$F8
f282    c8397909     i46148527    A:F8 X:F8 Y:FC S:EC P:NvUbdizc  $01:A8E5: B9 69 04 LDA $0469,Y @ $0565 = #$F8
f282    c8397914     i46148528    A:F8 X:F8 Y:FC S:EC P:NvUbdizc  $01:A8E8: 99 01 02 STA $0201,Y @ $02FD = #$F8
f282    c8397919     i46148529    A:F8 X:F8 Y:FC S:EC P:NvUbdizc  $01:A8EB: B9 6A 04 LDA $046A,Y @ $0566 = #$F8
f282    c8397924     i46148530    A:F8 X:F8 Y:FC S:EC P:NvUbdizc  $01:A8EE: 99 02 02 STA $0202,Y @ $02FE = #$F8
f282    c8397929     i46148531    A:F8 X:F8 Y:FC S:EC P:NvUbdizc  $01:A8F1: B9 6B 04 LDA $046B,Y @ $0567 = #$F8
f282    c8397934     i46148532    A:F8 X:F8 Y:FC S:EC P:NvUbdizc  $01:A8F4: 99 03 02 STA $0203,Y @ $02FF = #$F8
f282    c8397939     i46148533    A:F8 X:F8 Y:FC S:EC P:NvUbdizc  $01:A8F7: C8       INY
f282    c8397941     i46148534    A:F8 X:F8 Y:FD S:EC P:NvUbdizc  $01:A8F8: C8       INY
f282    c8397943     i46148535    A:F8 X:F8 Y:FE S:EC P:NvUbdizc  $01:A8F9: C8       INY
f282    c8397945     i46148536    A:F8 X:F8 Y:FF S:EC P:NvUbdizc  $01:A8FA: C8       INY
f282    c8397947     i46148537    A:F8 X:F8 Y:00 S:EC P:nvUbdiZc  $01:A8FB: D0 D8    BNE $A8D5
f282    c8397949     i46148538    A:F8 X:F8 Y:00 S:EC P:nvUbdiZc  $01:A8FD: 60       RTS (from $A215)
f282    c8397955     i46148539    A:F8 X:F8 Y:00 S:EE P:nvUbdiZc  $00:8392: A2 06    LDX #$06
f282    c8397957     i46148540    A:F8 X:06 Y:00 S:EE P:nvUbdizc  $00:8394: 20 B9 C4 JSR $C4B9
f282    c8397963     i46148541    A:F8 X:06 Y:00 S:EC P:nvUbdizc  $0F:C4B9: 86 25    STX $25 = #$02
f282    c8397966     i46148542    A:F8 X:06 Y:00 S:EC P:nvUbdizc  $0F:C4BB: A9 07    LDA #$07
f282    c8397968     i46148543    A:07 X:06 Y:00 S:EC P:nvUbdizc  $0F:C4BD: 05 22    ORA $22 = #$00
f282    c8397971     i46148544    A:07 X:06 Y:00 S:EC P:nvUbdizc  $0F:C4BF: 85 23    STA $23 = #$06
f282    c8397974     i46148545    A:07 X:06 Y:00 S:EC P:nvUbdizc  $0F:C4C1: 8D 00 80 STA $8000 = #$A5
f282    c8397978     i46148546    A:07 X:06 Y:00 S:EC P:nvUbdizc  $0F:C4C4: 8E 01 80 STX $8001 = #$27
f282    c8397982     i46148547    A:07 X:06 Y:00 S:EC P:nvUbdizc  $0F:C4C7: 60       RTS (from $C4B9)
f282    c8397988     i46148548    A:07 X:06 Y:00 S:EE P:nvUbdizc  $00:8397: 60       RTS (from $838A)
f282    c8397994     i46148549    A:07 X:06 Y:00 S:F0 P:nvUbdizc  $00:82F0: A5 4C    LDA $4C = #$00
f282    c8397997     i46148550    A:00 X:06 Y:00 S:F0 P:nvUbdiZc  $00:82F2: 10 F9    BPL $82ED
f282    c8398000     i46148551    A:00 X:06 Y:00 S:F0 P:nvUbdiZc  $00:82ED: 20 8A 83 JSR $838A
f282    c8398006     i46148552    A:00 X:06 Y:00 S:EE P:nvUbdiZc  $00:838A: A2 02    LDX #$02
f282    c8398008     i46148553    A:00 X:02 Y:00 S:EE P:nvUbdizc  $00:838C: 20 B9 C4 JSR $C4B9
f282    c8398014     i46148554    A:00 X:02 Y:00 S:EC P:nvUbdizc  $0F:C4B9: 86 25    STX $25 = #$06
f282    c8398017     i46148555    A:00 X:02 Y:00 S:EC P:nvUbdizc  $0F:C4BB: A9 07    LDA #$07
f282    c8398019     i46148556    A:07 X:02 Y:00 S:EC P:nvUbdizc  $0F:C4BD: 05 22    ORA $22 = #$00
f282    c8398022     i46148557    A:07 X:02 Y:00 S:EC P:nvUbdizc  $0F:C4BF: 85 23    STA $23 = #$07
f282    c8398025     i46148558    A:07 X:02 Y:00 S:EC P:nvUbdizc  $0F:C4C1: 8D 00 80 STA $8000 = #$A5
f282    c8398029     i46148559    A:07 X:02 Y:00 S:EC P:nvUbdizc  $0F:C4C4: 8E 01 80 STX $8001 = #$27
f283    c8400629     i46149240    A:04 X:05 Y:0B S:D9 P:nvUbdIzc  $06:83BF: CA       DEX
f283    c8400631     i46149241    A:04 X:04 Y:0B S:D9 P:nvUbdIzc  $06:83C0: 10 FC    BPL $83BE
f283    c8400634     i46149242    A:04 X:04 Y:0B S:D9 P:nvUbdIzc  $06:83BE: 2A       ROL
f283    c8400636     i46149243    A:08 X:04 Y:0B S:D9 P:nvUbdIzc  $06:83BF: CA       DEX
f283    c8400638     i46149244    A:08 X:03 Y:0B S:D9 P:nvUbdIzc  $06:83C0: 10 FC    BPL $83BE
f283    c8400641     i46149245    A:08 X:03 Y:0B S:D9 P:nvUbdIzc  $06:83BE: 2A       ROL
f283    c8400643     i46149246    A:10 X:03 Y:0B S:D9 P:nvUbdIzc  $06:83BF: CA       DEX
f283    c8400645     i46149247    A:10 X:02 Y:0B S:D9 P:nvUbdIzc  $06:83C0: 10 FC    BPL $83BE
f283    c8400648     i46149248    A:10 X:02 Y:0B S:D9 P:nvUbdIzc  $06:83BE: 2A       ROL
f283    c8400650     i46149249    A:20 X:02 Y:0B S:D9 P:nvUbdIzc  $06:83BF: CA       DEX
f283    c8400652     i46149250    A:20 X:01 Y:0B S:D9 P:nvUbdIzc  $06:83C0: 10 FC    BPL $83BE
f283    c8400655     i46149251    A:20 X:01 Y:0B S:D9 P:nvUbdIzc  $06:83BE: 2A       ROL
f283    c8400657     i46149252    A:40 X:01 Y:0B S:D9 P:nvUbdIzc  $06:83BF: CA       DEX
f283    c8400659     i46149253    A:40 X:00 Y:0B S:D9 P:nvUbdIZc  $06:83C0: 10 FC    BPL $83BE
f283    c8400662     i46149254    A:40 X:00 Y:0B S:D9 P:nvUbdIZc  $06:83BE: 2A       ROL
f283    c8400664     i46149255    A:80 X:00 Y:0B S:D9 P:NvUbdIzc  $06:83BF: CA       DEX
f283    c8400666     i46149256    A:80 X:FF Y:0B S:D9 P:NvUbdIzc  $06:83C0: 10 FC    BPL $83BE
f283    c8400668     i46149257    A:80 X:FF Y:0B S:D9 P:NvUbdIzc  $06:83C2: 0D 06 07 ORA $0706 = #$70
f283    c8400672     i46149258    A:F0 X:FF Y:0B S:D9 P:NvUbdIzc  $06:83C5: 8D 06 07 STA $0706 = #$70
f283    c8400676     i46149259    A:F0 X:FF Y:0B S:D9 P:NvUbdIzc  $06:83C8: C8       INY
f283    c8400678     i46149260    A:F0 X:FF Y:0C S:D9 P:nvUbdIzc  $06:83C9: 10 95    BPL $8360
f283    c8400681     i46149261    A:F0 X:FF Y:0C S:D9 P:nvUbdIzc  $06:8360: B1 F0    LDA ($F0),Y @ $B7B9 = #$FF
f283    c8400686     i46149262    A:FF X:FF Y:0C S:D9 P:NvUbdIzc  $06:8362: 10 08    BPL $836C
f283    c8400688     i46149263    A:FF X:FF Y:0C S:D9 P:NvUbdIzc  $06:8364: A2 0F    LDX #$0F
f283    c8400690     i46149264    A:FF X:0F Y:0C S:D9 P:nvUbdIzc  $06:8366: 8E 15 40 STX $4015 = #$00
f283    c8400694     i46149265    A:FF X:0F Y:0C S:D9 P:nvUbdIzc  $06:8369: A6 F5    LDX $F5 = #$00
f283    c8400697     i46149266    A:FF X:00 Y:0C S:D9 P:nvUbdIZc  $06:836B: 60       RTS (from $8349)
f283    c8400703     i46149267    A:FF X:00 Y:0C S:DB P:nvUbdIZc  $06:80B2: A9 00    LDA #$00
f283    c8400705     i46149268    A:00 X:00 Y:0C S:DB P:nvUbdIZc  $06:80B4: 9D 00 07 STA $0700,X @ $0700 = #$00
f283    c8400710     i46149269    A:00 X:00 Y:0C S:DB P:nvUbdIZc  $06:80B7: CA       DEX
f283    c8400712     i46149270    A:00 X:FF Y:0C S:DB P:NvUbdIzc  $06:80B8: 10 A9    BPL $8063
f283    c8400714     i46149271    A:00 X:FF Y:0C S:DB P:NvUbdIzc  $06:80BA: A9 27    LDA #$27
f283    c8400716     i46149272    A:27 X:FF Y:0C S:DB P:nvUbdIzc  $06:80BC: 85 F0    STA $F0 = #$AD
f283    c8400719     i46149273    A:27 X:FF Y:0C S:DB P:nvUbdIzc  $06:80BE: A9 07    LDA #$07
f283    c8400721     i46149274    A:07 X:FF Y:0C S:DB P:nvUbdIzc  $06:80C0: 85 F1    STA $F1 = #$B7
f283    c8400724     i46149275    A:07 X:FF Y:0C S:DB P:nvUbdIzc  $06:80C2: A9 00    LDA #$00
f283    c8400726     i46149276    A:00 X:FF Y:0C S:DB P:nvUbdIZc  $06:80C4: 85 F2    STA $F2 = #$FF
f283    c8400729     i46149277    A:00 X:FF Y:0C S:DB P:nvUbdIZc  $06:80C6: A0 08    LDY #$08
f283    c8400731     i46149278    A:00 X:FF Y:08 S:DB P:nvUbdIzc  $06:80C8: 84 F3    STY $F3 = #$10
f283    c8400734     i46149279    A:00 X:FF Y:08 S:DB P:nvUbdIzc  $06:80CA: AD 06 07 LDA $0706 = #$F0
f283    c8400738     i46149280    A:F0 X:FF Y:08 S:DB P:NvUbdIzc  $06:80CD: 4A       LSR
f283    c8400740     i46149281    A:78 X:FF Y:08 S:DB P:nvUbdIzc  $06:80CE: 90 02    BCC $80D2
f283    c8400743     i46149282    A:78 X:FF Y:08 S:DB P:nvUbdIzc  $06:80D2: 8D 06 07 STA $0706 = #$F0
f286    c8489605     i46177688    A:C3 X:03 Y:06 S:DB P:NvUbdIzC  $06:80D2: 8D 06 07 STA $0706 = #$87
f286    c8489609     i46177689    A:C3 X:03 Y:06 S:DB P:NvUbdIzC  $06:80D5: 90 35    BCC $810C
f286    c8489611     i46177690    A:C3 X:03 Y:06 S:DB P:NvUbdIzC  $06:80D7: A6 F2    LDX $F2 = #$14
f286    c8489614     i46177691    A:C3 X:14 Y:06 S:DB P:nvUbdIzC  $06:80D9: DE 07 07 DEC $0707,X @ $071B = #$0C
f286    c8489621     i46177692    A:C3 X:14 Y:06 S:DB P:nvUbdIzC  $06:80DC: D0 03    BNE $80E1
f286    c8489624     i46177693    A:C3 X:14 Y:06 S:DB P:nvUbdIzC  $06:80E1: A6 F2    LDX $F2 = #$14
f286    c8489627     i46177694    A:C3 X:14 Y:06 S:DB P:nvUbdIzC  $06:80E3: DE 09 07 DEC $0709,X @ $071D = #$05
f286    c8489634     i46177695    A:C3 X:14 Y:06 S:DB P:nvUbdIzC  $06:80E6: D0 21    BNE $8109
f286    c8489638     i46177696    A:C3 X:14 Y:06 S:DB P:nvUbdIzC  $06:8109: 20 DB 81 JSR $81DB
f286    c8489644     i46177697    A:C3 X:14 Y:06 S:D9 P:nvUbdIzC  $06:81DB: A0 05    LDY #$05
f286    c8489646     i46177698    A:C3 X:14 Y:05 S:D9 P:nvUbdIzC  $06:81DD: B1 F0    LDA ($F0),Y @ $077C = #$A8
f286    c8489651     i46177699    A:A8 X:14 Y:05 S:D9 P:NvUbdIzC  $06:81DF: AA       TAX
f286    c8489653     i46177700    A:A8 X:A8 Y:05 S:D9 P:NvUbdIzC  $06:81E0: 29 F0    AND #$F0
f286    c8489655     i46177701    A:A0 X:A8 Y:05 S:D9 P:NvUbdIzC  $06:81E2: 85 F6    STA $F6 = #$00
f286    c8489658     i46177702    A:A0 X:A8 Y:05 S:D9 P:NvUbdIzC  $06:81E4: 29 20    AND #$20
f286    c8489660     i46177703    A:20 X:A8 Y:05 S:D9 P:nvUbdIzC  $06:81E6: F0 06    BEQ $81EE
f286    c8489662     i46177704    A:20 X:A8 Y:05 S:D9 P:nvUbdIzC  $06:81E8: A9 0F    LDA #$0F
f286    c8489664     i46177705    A:0F X:A8 Y:05 S:D9 P:nvUbdIzC  $06:81EA: 85 F7    STA $F7 = #$08
f286    c8489667     i46177706    A:0F X:A8 Y:05 S:D9 P:nvUbdIzC  $06:81EC: D0 45    BNE $8233
f286    c8489671     i46177707    A:0F X:A8 Y:05 S:D9 P:nvUbdIzC  $06:8233: A6 F2    LDX $F2 = #$14
f286    c8489674     i46177708    A:0F X:14 Y:05 S:D9 P:nvUbdIzC  $06:8235: BD 0A 07 LDA $070A,X @ $071E = #$0F
f286    c8489678     i46177709    A:0F X:14 Y:05 S:D9 P:nvUbdIzC  $06:8238: 38       SEC
f286    c8489680     i46177710    A:0F X:14 Y:05 S:D9 P:nvUbdIzC  $06:8239: E5 F7    SBC $F7 = #$0F
f286    c8489683     i46177711    A:00 X:14 Y:05 S:D9 P:nvUbdIZC  $06:823B: 10 02    BPL $823F
f286    c8489686     i46177712    A:00 X:14 Y:05 S:D9 P:nvUbdIZC  $06:823F: 05 F6    ORA $F6 = #$A0
f286    c8489689     i46177713    A:A0 X:14 Y:05 S:D9 P:NvUbdIzC  $06:8241: A0 06    LDY #$06
f286    c8489691     i46177714    A:A0 X:14 Y:06 S:D9 P:nvUbdIzC  $06:8243: 91 F0    STA ($F0),Y @ $077D = #$A0
f286    c8489697     i46177715    A:A0 X:14 Y:06 S:D9 P:nvUbdIzC  $06:8245: A6 F3    LDX $F3 = #$03
f286    c8489700     i46177716    A:A0 X:03 Y:06 S:D9 P:nvUbdIzC  $06:8247: CA       DEX
f286    c8489702     i46177717    A:A0 X:02 Y:06 S:D9 P:nvUbdIzC  $06:8248: BD AF 07 LDA $07AF,X @ $07B1 = #$01
f286    c8489706     i46177718    A:01 X:02 Y:06 S:D9 P:nvUbdIzC  $06:824B: C9 01    CMP #$01
f286    c8489708     i46177719    A:01 X:02 Y:06 S:D9 P:nvUbdIZC  $06:824D: F0 08    BEQ $8257
f286    c8489711     i46177720    A:01 X:02 Y:06 S:D9 P:nvUbdIZC  $06:8257: BD C7 07 LDA $07C7,X @ $07C9 = #$03
f286    c8489715     i46177721    A:03 X:02 Y:06 S:D9 P:nvUbdIzC  $06:825A: 0A       ASL
f286    c8489717     i46177722    A:06 X:02 Y:06 S:D9 P:nvUbdIzc  $06:825B: A8       TAY
f286    c8489719     i46177723    A:06 X:02 Y:06 S:D9 P:nvUbdIzc  $06:825C: B9 69 82 LDA $8269,Y @ $826F = #$C9
f286    c8489723     i46177724    A:C9 X:02 Y:06 S:D9 P:NvUbdIzc  $06:825F: 85 F9    STA $F9 = #$B4
f286    c8489726     i46177725    A:C9 X:02 Y:06 S:D9 P:NvUbdIzc  $06:8261: B9 6A 82 LDA $826A,Y @ $8270 = #$82
f286    c8489730     i46177726    A:82 X:02 Y:06 S:D9 P:NvUbdIzc  $06:8264: 85 FA    STA $FA = #$82
f286    c8489733     i46177727    A:82 X:02 Y:06 S:D9 P:NvUbdIzc  $06:8266: 6C F9 00 JMP ($00F9) = $82C9
f286    c8489738     i46177728    A:82 X:02 Y:06 S:D9 P:NvUbdIzc  $06:82C9: BD B7 07 LDA $07B7,X @ $07B9 = #$00
f286    c8504392     i46182433    A:40 X:19 Y:00 S:E0 P:nvUbdizC  $00:9F04: A5 1B    LDA $1B = #$40
f286    c8504395     i46182434    A:40 X:19 Y:00 S:E0 P:nvUbdizC  $00:9F06: 10 FC    BPL $9F04
f286    c8504398     i46182435    A:40 X:19 Y:00 S:E0 P:nvUbdizC  $00:9F04: A5 1B    LDA $1B = #$40
f286    c8504401     i46182436    A:40 X:19 Y:00 S:E0 P:nvUbdizC  $00:9F06: 10 FC    BPL $9F04
f286    c8504404     i46182437    A:40 X:19 Y:00 S:E0 P:nvUbdizC  $00:9F04: A5 1B    LDA $1B = #$40
f286    c8504407     i46182438    A:40 X:19 Y:00 S:E0 P:nvUbdizC  $00:9F06: 10 FC    BPL $9F04
f286    c8504410     i46182439    A:40 X:19 Y:00 S:E0 P:nvUbdizC  $00:9F04: A5 1B    LDA $1B = #$40
f286    c8504413     i46182440    A:40 X:19 Y:00 S:E0 P:nvUbdizC  $00:9F06: 10 FC    BPL $9F04
f286    c8504416     i46182441    A:40 X:19 Y:00 S:E0 P:nvUbdizC  $00:9F04: A5 1B    LDA $1B = #$40
f286    c8504419     i46182442    A:40 X:19 Y:00 S:E0 P:nvUbdizC  $00:9F06: 10 FC    BPL $9F04
f286    c8504422     i46182443    A:40 X:19 Y:00 S:E0 P:nvUbdizC  $00:9F04: A5 1B    LDA $1B = #$40
f286    c8504425     i46182444    A:40 X:19 Y:00 S:E0 P:nvUbdizC  $00:9F06: 10 FC    BPL $9F04
f286    c8504428     i46182445    A:40 X:19 Y:00 S:E0 P:nvUbdizC  $00:9F04: A5 1B    LDA $1B = #$40
f286    c8504431     i46182446    A:40 X:19 Y:00 S:E0 P:nvUbdizC  $00:9F06: 10 FC    BPL $9F04
f286    c8504434     i46182447    A:40 X:19 Y:00 S:E0 P:nvUbdizC  $00:9F04: A5 1B    LDA $1B = #$40
f286    c8504437     i46182448    A:40 X:19 Y:00 S:E0 P:nvUbdizC  $00:9F06: 10 FC    BPL $9F04
f286    c8504440     i46182449    A:40 X:19 Y:00 S:E0 P:nvUbdizC  $00:9F04: A5 1B    LDA $1B = #$40
f286    c8504443     i46182450    A:40 X:19 Y:00 S:E0 P:nvUbdizC  $00:9F06: 10 FC    BPL $9F04
f286    c8504446     i46182451    A:40 X:19 Y:00 S:E0 P:nvUbdizC  $00:9F04: A5 1B    LDA $1B = #$40
f286    c8504449     i46182452    A:40 X:19 Y:00 S:E0 P:nvUbdizC  $00:9F06: 10 FC    BPL $9F04
f286    c8504452     i46182453    A:40 X:19 Y:00 S:E0 P:nvUbdizC  $00:9F04: A5 1B    LDA $1B = #$40
f286    c8504455     i46182454    A:40 X:19 Y:00 S:E0 P:nvUbdizC  $00:9F06: 10 FC    BPL $9F04
f286    c8504458     i46182455    A:40 X:19 Y:00 S:E0 P:nvUbdizC  $00:9F04: A5 1B    LDA $1B = #$40
f286    c8504461     i46182456    A:40 X:19 Y:00 S:E0 P:nvUbdizC  $00:9F06: 10 FC    BPL $9F04
f286    c8504464     i46182457    A:40 X:19 Y:00 S:E0 P:nvUbdizC  $00:9F04: A5 1B    LDA $1B = #$40
f286    c8504467     i46182458    A:40 X:19 Y:00 S:E0 P:nvUbdizC  $00:9F06: 10 FC    BPL $9F04
f286    c8504477     i46182459    A:40 X:19 Y:00 S:DD P:nvUbdIzC  $0F:C506: 4C 21 C8 JMP $C821
f286    c8504480     i46182460    A:40 X:19 Y:00 S:DD P:nvUbdIzC  $0F:C821: 24 1B    BIT $1B = #$40
f286    c8504483     i46182461    A:40 X:19 Y:00 S:DD P:nVUbdIzC  $0F:C823: 50 03    BVC $C828
f286    c8504485     i46182462    A:40 X:19 Y:00 S:DD P:nVUbdIzC  $0F:C825: 4C 78 C4 JMP $C478
f286    c8504488     i46182463    A:40 X:19 Y:00 S:DD P:nVUbdIzC  $0F:C478: 24 3B    BIT $3B = #$55
f286    c8504491     i46182464    A:40 X:19 Y:00 S:DD P:nVUbdIzC  $0F:C47A: 30 32    BMI $C4AE
f286    c8504493     i46182465    A:40 X:19 Y:00 S:DD P:nVUbdIzC  $0F:C47C: 38       SEC
f286    c8504495     i46182466    A:40 X:19 Y:00 S:DD P:nVUbdIzC  $0F:C47D: 66 3B    ROR $3B = #$55
f286    c8504500     i46182467    A:40 X:19 Y:00 S:DD P:NVUbdIzC  $0F:C47F: 85 3C    STA $3C = #$40
f286    c8504503     i46182468    A:40 X:19 Y:00 S:DD P:NVUbdIzC  $0F:C481: 86 3D    STX $3D = #$19
f286    c8504506     i46182469    A:40 X:19 Y:00 S:DD P:NVUbdIzC  $0F:C483: 84 3E    STY $3E = #$00
f286    c8504509     i46182470    A:40 X:19 Y:00 S:DD P:NVUbdIzC  $0F:C485: A5 22    LDA $22 = #$00
f286    c8504512     i46182471    A:00 X:19 Y:00 S:DD P:nVUbdIZC  $0F:C487: 09 07    ORA #$07
f286    c8504514     i46182472    A:07 X:19 Y:00 S:DD P:nVUbdIzC  $0F:C489: 8D 00 80 STA $8000 = #$A5
f286    c8504518     i46182473    A:07 X:19 Y:00 S:DD P:nVUbdIzC  $0F:C48C: A9 02    LDA #$02
f286    c8504520     i46182474    A:02 X:19 Y:00 S:DD P:nVUbdIzC  $0F:C48E: 8D 01 80 STA $8001 = #$27
f291    c8638569     i46225427    A:0F X:A8 Y:05 S:D9 P:nvUbdIzC  $06:81EC: D0 45    BNE $8233
f291    c8638573     i46225428    A:0F X:A8 Y:05 S:D9 P:nvUbdIzC  $06:8233: A6 F2    LDX $F2 = #$14
f291    c8638576     i46225429    A:0F X:14 Y:05 S:D9 P:nvUbdIzC  $06:8235: BD 0A 07 LDA $070A,X @ $071E = #$0D
f291    c8638580     i46225430    A:0D X:14 Y:05 S:D9 P:nvUbdIzC  $06:8238: 38       SEC
f291    c8638582     i46225431    A:0D X:14 Y:05 S:D9 P:nvUbdIzC  $06:8239: E5 F7    SBC $F7 = #$0F
f291    c8638585     i46225432    A:FE X:14 Y:05 S:D9 P:NvUbdIzc  $06:823B: 10 02    BPL $823F
f291    c8638587     i46225433    A:FE X:14 Y:05 S:D9 P:NvUbdIzc  $06:823D: A9 00    LDA #$00
f291    c8638589     i46225434    A:00 X:14 Y:05 S:D9 P:nvUbdIZc  $06:823F: 05 F6    ORA $F6 = #$A0
f291    c8638592     i46225435    A:A0 X:14 Y:05 S:D9 P:NvUbdIzc  $06:8241: A0 06    LDY #$06
f291    c8638594     i46225436    A:A0 X:14 Y:06 S:D9 P:nvUbdIzc  $06:8243: 91 F0    STA ($F0),Y @ $077D = #$A0
f291    c8638600     i46225437    A:A0 X:14 Y:06 S:D9 P:nvUbdIzc  $06:8245: A6 F3    LDX $F3 = #$03
f291    c8638603     i46225438    A:A0 X:03 Y:06 S:D9 P:nvUbdIzc  $06:8247: CA       DEX
f291    c8638605     i46225439    A:A0 X:02 Y:06 S:D9 P:nvUbdIzc  $06:8248: BD AF 07 LDA $07AF,X @ $07B1 = #$01
f291    c8638609     i46225440    A:01 X:02 Y:06 S:D9 P:nvUbdIzc  $06:824B: C9 01    CMP #$01
f291    c8638611     i46225441    A:01 X:02 Y:06 S:D9 P:nvUbdIZC  $06:824D: F0 08    BEQ $8257
f291    c8638614     i46225442    A:01 X:02 Y:06 S:D9 P:nvUbdIZC  $06:8257: BD C7 07 LDA $07C7,X @ $07C9 = #$08
f291    c8638618     i46225443    A:08 X:02 Y:06 S:D9 P:nvUbdIzC  $06:825A: 0A       ASL
f291    c8638620     i46225444    A:10 X:02 Y:06 S:D9 P:nvUbdIzc  $06:825B: A8       TAY
f291    c8638622     i46225445    A:10 X:02 Y:10 S:D9 P:nvUbdIzc  $06:825C: B9 69 82 LDA $8269,Y @ $8279 = #$92
f291    c8638626     i46225446    A:92 X:02 Y:10 S:D9 P:NvUbdIzc  $06:825F: 85 F9    STA $F9 = #$7D
f291    c8638629     i46225447    A:92 X:02 Y:10 S:D9 P:NvUbdIzc  $06:8261: B9 6A 82 LDA $826A,Y @ $827A = #$82
f291    c8638633     i46225448    A:82 X:02 Y:10 S:D9 P:NvUbdIzc  $06:8264: 85 FA    STA $FA = #$82
f291    c8638636     i46225449    A:82 X:02 Y:10 S:D9 P:NvUbdIzc  $06:8266: 6C F9 00 JMP ($00F9) = $8292
f291    c8638641     i46225450    A:82 X:02 Y:10 S:D9 P:NvUbdIzc  $06:8292: A9 02    LDA #$02
f291    c8638643     i46225451    A:02 X:02 Y:10 S:D9 P:nvUbdIzc  $06:8294: 4C 7F 82 JMP $827F
f291    c8638646     i46225452    A:02 X:02 Y:10 S:D9 P:nvUbdIzc  $06:827F: 18       CLC
f291    c8638648     i46225453    A:02 X:02 Y:10 S:D9 P:nvUbdIzc  $06:8280: 7D B7 07 ADC $07B7,X @ $07B9 = #$00
f291    c8638652     i46225454    A:02 X:02 Y:10 S:D9 P:nvUbdIzc  $06:8283: A0 07    LDY #$07
f291    c8638654     i46225455    A:02 X:02 Y:07 S:D9 P:nvUbdIzc  $06:8285: 91 F0    STA ($F0),Y @ $077E = #$01
f291    c8638660     i46225456    A:02 X:02 Y:07 S:D9 P:nvUbdIzc  $06:8287: BD BF 07 LDA $07BF,X @ $07C1 = #$00
f291    c8638664     i46225457    A:00 X:02 Y:07 S:D9 P:nvUbdIZc  $06:828A: 69 00    ADC #$00
f291    c8638666     i46225458    A:00 X:02 Y:07 S:D9 P:nvUbdIZc  $06:828C: C8       INY
f291    c8638668     i46225459    A:00 X:02 Y:08 S:D9 P:nvUbdIzc  $06:828D: 91 F0    STA ($F0),Y @ $077F = #$00
f291    c8638674     i46225460    A:00 X:02 Y:08 S:D9 P:nvUbdIzc  $06:828F: 4C A4 82 JMP $82A4
f291    c8638677     i46225461    A:00 X:02 Y:08 S:D9 P:nvUbdIzc  $06:82A4: BD C7 07 LDA $07C7,X @ $07C9 = #$08
f291    c8638681     i46225462    A:08 X:02 Y:08 S:D9 P:nvUbdIzc  $06:82A7: 18       CLC
f291    c8638683     i46225463    A:08 X:02 Y:08 S:D9 P:nvUbdIzc  $06:82A8: 69 01    ADC #$01
f291    c8638685     i46225464    A:09 X:02 Y:08 S:D9 P:nvUbdIzc  $06:82AA: C9 0A    CMP #$0A
f291    c8638687     i46225465    A:09 X:02 Y:08 S:D9 P:NvUbdIzc  $06:82AC: D0 02    BNE $82B0
f291    c8638690     i46225466    A:09 X:02 Y:08 S:D9 P:NvUbdIzc  $06:82B0: 9D C7 07 STA $07C7,X @ $07C9 = #$08
f291    c8638695     i46225467    A:09 X:02 Y:08 S:D9 P:NvUbdIzc  $06:82B3: 60       RTS (from $81DB)
f292    c8667056     i46234552    A:00 X:02 Y:08 S:DB P:nVUbdIzc  $01:A0ED: BD 15 40 LDA $4015,X @ $4017 = #$01
f292    c8667060     i46234553    A:40 X:02 Y:08 S:DB P:nVUbdIzc  $01:A0F0: 4A       LSR
f292    c8667062     i46234554    A:20 X:02 Y:08 S:DB P:nVUbdIzc  $01:A0F1: 26 3F    ROL $3F = #$00
f292    c8667067     i46234555    A:20 X:02 Y:08 S:DB P:nVUbdIZc  $01:A0F3: 29 01    AND #$01
f292    c8667069     i46234556    A:00 X:02 Y:08 S:DB P:nVUbdIZc  $01:A0F5: 05 3F    ORA $3F = #$00
f292    c8667072     i46234557    A:00 X:02 Y:08 S:DB P:nVUbdIZc  $01:A0F7: 85 3F    STA $3F = #$00
f292    c8667075     i46234558    A:00 X:02 Y:08 S:DB P:nVUbdIZc  $01:A0F9: 88       DEY
f292    c8667077     i46234559    A:00 X:02 Y:07 S:DB P:nVUbdIzc  $01:A0FA: D0 F1    BNE $A0ED
f292    c8667080     i46234560    A:00 X:02 Y:07 S:DB P:nVUbdIzc  $01:A0ED: BD 15 40 LDA $4015,X @ $4017 = #$01
f292    c8667084     i46234561    A:40 X:02 Y:07 S:DB P:nVUbdIzc  $01:A0F0: 4A       LSR
f292    c8667086     i46234562    A:20 X:02 Y:07 S:DB P:nVUbdIzc  $01:A0F1: 26 3F    ROL $3F = #$00
f292    c8667091     i46234563    A:20 X:02 Y:07 S:DB P:nVUbdIZc  $01:A0F3: 29 01    AND #$01
f292    c8667093     i46234564    A:00 X:02 Y:07 S:DB P:nVUbdIZc  $01:A0F5: 05 3F    ORA $3F = #$00
f292    c8667096     i46234565    A:00 X:02 Y:07 S:DB P:nVUbdIZc  $01:A0F7: 85 3F    STA $3F = #$00
f292    c8667099     i46234566    A:00 X:02 Y:07 S:DB P:nVUbdIZc  $01:A0F9: 88       DEY
f292    c8667101     i46234567    A:00 X:02 Y:06 S:DB P:nVUbdIzc  $01:A0FA: D0 F1    BNE $A0ED
f292    c8667104     i46234568    A:00 X:02 Y:06 S:DB P:nVUbdIzc  $01:A0ED: BD 15 40 LDA $4015,X @ $4017 = #$01
f292    c8667108     i46234569    A:40 X:02 Y:06 S:DB P:nVUbdIzc  $01:A0F0: 4A       LSR
f292    c8667110     i46234570    A:20 X:02 Y:06 S:DB P:nVUbdIzc  $01:A0F1: 26 3F    ROL $3F = #$00
f292    c8667115     i46234571    A:20 X:02 Y:06 S:DB P:nVUbdIZc  $01:A0F3: 29 01    AND #$01
f292    c8667117     i46234572    A:00 X:02 Y:06 S:DB P:nVUbdIZc  $01:A0F5: 05 3F    ORA $3F = #$00
f292    c8667120     i46234573    A:00 X:02 Y:06 S:DB P:nVUbdIZc  $01:A0F7: 85 3F    STA $3F = #$00
f292    c8667123     i46234574    A:00 X:02 Y:06 S:DB P:nVUbdIZc  $01:A0F9: 88       DEY
f292    c8667125     i46234575    A:00 X:02 Y:05 S:DB P:nVUbdIzc  $01:A0FA: D0 F1    BNE $A0ED
f292    c8667128     i46234576    A:00 X:02 Y:05 S:DB P:nVUbdIzc  $01:A0ED: BD 15 40 LDA $4015,X @ $4017 = #$01
f292    c8667132     i46234577    A:40 X:02 Y:05 S:DB P:nVUbdIzc  $01:A0F0: 4A       LSR
f292    c8667134     i46234578    A:20 X:02 Y:05 S:DB P:nVUbdIzc  $01:A0F1: 26 3F    ROL $3F = #$00
f292    c8667139     i46234579    A:20 X:02 Y:05 S:DB P:nVUbdIZc  $01:A0F3: 29 01    AND #$01
f292    c8667141     i46234580    A:00 X:02 Y:05 S:DB P:nVUbdIZc  $01:A0F5: 05 3F    ORA $3F = #$00
f292    c8667144     i46234581    A:00 X:02 Y:05 S:DB P:nVUbdIZc  $01:A0F7: 85 3F    STA $3F = #$00
f292    c8667147     i46234582    A:00 X:02 Y:05 S:DB P:nVUbdIZc  $01:A0F9: 88       DEY
f292    c8667149     i46234583    A:00 X:02 Y:04 S:DB P:nVUbdIzc  $01:A0FA: D0 F1    BNE $A0ED
f292    c8667152     i46234584    A:00 X:02 Y:04 S:DB P:nVUbdIzc  $01:A0ED: BD 15 40 LDA $4015,X @ $4017 = #$01
f292    c8667156     i46234585    A:40 X:02 Y:04 S:DB P:nVUbdIzc  $01:A0F0: 4A       LSR
f292    c8667158     i46234586    A:20 X:02 Y:04 S:DB P:nVUbdIzc  $01:A0F1: 26 3F    ROL $3F = #$00
f292    c8667163     i46234587    A:20 X:02 Y:04 S:DB P:nVUbdIZc  $01:A0F3: 29 01    AND #$01
f292    c8667165     i46234588    A:00 X:02 Y:04 S:DB P:nVUbdIZc  $01:A0F5: 05 3F    ORA $3F = #$00
f292    c8667168     i46234589    A:00 X:02 Y:04 S:DB P:nVUbdIZc  $01:A0F7: 85 3F    STA $3F = #$00
f292    c8667171     i46234590    A:00 X:02 Y:04 S:DB P:nVUbdIZc  $01:A0F9: 88       DEY
f292    c8667173     i46234591    A:00 X:02 Y:03 S:DB P:nVUbdIzc  $01:A0FA: D0 F1    BNE $A0ED
f292    c8667176     i46234592    A:00 X:02 Y:03 S:DB P:nVUbdIzc  $01:A0ED: BD 15 40 LDA $4015,X @ $4017 = #$01
f292    c8667180     i46234593    A:40 X:02 Y:03 S:DB P:nVUbdIzc  $01:A0F0: 4A       LSR
f292    c8674456     i46236842    A:F8 X:F8 Y:FC S:EC P:NvUbdizc  $01:A8FB: D0 D8    BNE $A8D5
f292    c8674459     i46236843    A:F8 X:F8 Y:FC S:EC P:NvUbdizc  $01:A8D5: BE 68 04 LDX $0468,Y @ $0564 = #$F8
f292    c8674464     i46236844    A:F8 X:F8 Y:FC S:EC P:NvUbdizc  $01:A8D8: B9 6A 04 LDA $046A,Y @ $0566 = #$F8
f292    c8674469     i46236845    A:F8 X:F8 Y:FC S:EC P:NvUbdizc  $01:A8DB: 29 0C    AND #$0C
f292    c8674471     i46236846    A:08 X:F8 Y:FC S:EC P:nvUbdizc  $01:A8DD: F0 02    BEQ $A8E1
f292    c8674473     i46236847    A:08 X:F8 Y:FC S:EC P:nvUbdizc  $01:A8DF: A2 F8    LDX #$F8
f292    c8674475     i46236848    A:08 X:F8 Y:FC S:EC P:NvUbdizc  $01:A8E1: 8A       TXA
f292    c8674477     i46236849    A:F8 X:F8 Y:FC S:EC P:NvUbdizc  $01:A8E2: 99 00 02 STA $0200,Y @ $02FC = #$F8
f292    c8674482     i46236850    A:F8 X:F8 Y:FC S:EC P:NvUbdizc  $01:A8E5: B9 69 04 LDA $0469,Y @ $0565 = #$F8
f292    c8674487     i46236851    A:F8 X:F8 Y:FC S:EC P:NvUbdizc  $01:A8E8: 99 01 02 STA $0201,Y @ $02FD = #$F8
f292    c8674492     i46236852    A:F8 X:F8 Y:FC S:EC P:NvUbdizc  $01:A8EB: B9 6A 04 LDA $046A,Y @ $0566 = #$F8
f292    c8674497     i46236853    A:F8 X:F8 Y:FC S:EC P:NvUbdizc  $01:A8EE: 99 02 02 STA $0202,Y @ $02FE = #$F8
f292    c8674502     i46236854    A:F8 X:F8 Y:FC S:EC P:NvUbdizc  $01:A8F1: B9 6B 04 LDA $046B,Y @ $0567 = #$F8
f292    c8674507     i46236855    A:F8 X:F8 Y:FC S:EC P:NvUbdizc  $01:A8F4: 99 03 02 STA $0203,Y @ $02FF = #$F8
f292    c8674512     i46236856    A:F8 X:F8 Y:FC S:EC P:NvUbdizc  $01:A8F7: C8       INY
f292    c8674514     i46236857    A:F8 X:F8 Y:FD S:EC P:NvUbdizc  $01:A8F8: C8       INY
f292    c8674516     i46236858    A:F8 X:F8 Y:FE S:EC P:NvUbdizc  $01:A8F9: C8       INY
f292    c8674518     i46236859    A:F8 X:F8 Y:FF S:EC P:NvUbdizc  $01:A8FA: C8       INY
f292    c8674520     i46236860    A:F8 X:F8 Y:00 S:EC P:nvUbdiZc  $01:A8FB: D0 D8    BNE $A8D5
f292    c8674522     i46236861    A:F8 X:F8 Y:00 S:EC P:nvUbdiZc  $01:A8FD: 60       RTS (from $A215)
f292    c8674528     i46236862    A:F8 X:F8 Y:00 S:EE P:nvUbdiZc  $00:8392: A2 06    LDX #$06
f292    c8674530     i46236863    A:F8 X:06 Y:00 S:EE P:nvUbdizc  $00:8394: 20 B9 C4 JSR $C4B9
f292    c8674536     i46236864    A:F8 X:06 Y:00 S:EC P:nvUbdizc  $0F:C4B9: 86 25    STX $25 = #$02
f292    c8674539     i46236865    A:F8 X:06 Y:00 S:EC P:nvUbdizc  $0F:C4BB: A9 07    LDA #$07
f292    c8674541     i46236866    A:07 X:06 Y:00 S:EC P:nvUbdizc  $0F:C4BD: 05 22    ORA $22 = #$00
f292    c8674544     i46236867    A:07 X:06 Y:00 S:EC P:nvUbdizc  $0F:C4BF: 85 23    STA $23 = #$06
f292    c8674547     i46236868    A:07 X:06 Y:00 S:EC P:nvUbdizc  $0F:C4C1: 8D 00 80 STA $8000 = #$A5
f292    c8674551     i46236869    A:07 X:06 Y:00 S:EC P:nvUbdizc  $0F:C4C4: 8E 01 80 STX $8001 = #$27
f292    c8674555     i46236870    A:07 X:06 Y:00 S:EC P:nvUbdizc  $0F:C4C7: 60       RTS (from $C4B9)
f292    c8674561     i46236871    A:07 X:06 Y:00 S:EE P:nvUbdizc  $00:8397: 60       RTS (from $838A)
f292    c8674567     i46236872    A:07 X:06 Y:00 S:F0 P:nvUbdizc  $00:82F0: A5 4C    LDA $4C = #$00
f292    c8674570     i46236873    A:00 X:06 Y:00 S:F0 P:nvUbdiZc  $00:82F2: 10 F9    BPL $82ED
f292    c8674573     i46236874    A:00 X:06 Y:00 S:F0 P:nvUbdiZc  $00:82ED: 20 8A 83 JSR $838A
f292    c8674579     i46236875    A:00 X:06 Y:00 S:EE P:nvUbdiZc  $00:838A: A2 02    LDX #$02
f292    c8674581     i46236876    A:00 X:02 Y:00 S:EE P:nvUbdizc  $00:838C: 20 B9 C4 JSR $C4B9
f292    c8674587     i46236877    A:00 X:02 Y:00 S:EC P:nvUbdizc  $0F:C4B9: 86 25    STX $25 = #$06
f292    c8674590     i46236878    A:00 X:02 Y:00 S:EC P:nvUbdizc  $0F:C4BB: A9 07    LDA #$07
f292    c8674592     i46236879    A:07 X:02 Y:00 S:EC P:nvUbdizc  $0F:C4BD: 05 22    ORA $22 = #$00
f292    c8674595     i46236880    A:07 X:02 Y:00 S:EC P:nvUbdizc  $0F:C4BF: 85 23    STA $23 = #$07
f292    c8674598     i46236881    A:07 X:02 Y:00 S:EC P:nvUbdizc  $0F:C4C1: 8D 00 80 STA $8000 = #$A5
f292    c8674602     i46236882    A:07 X:02 Y:00 S:EC P:nvUbdizc  $0F:C4C4: 8E 01 80 STX $8001 = #$27
f298    c8846033     i46291925    A:00 X:01 Y:06 S:DB P:nVUbdIzc  $01:A0ED: BD 15 40 LDA $4015,X @ $4016 = #$00
f298    c8846037     i46291926    A:40 X:01 Y:06 S:DB P:nVUbdIzc  $01:A0F0: 4A       LSR
f298    c8846039     i46291927    A:20 X:01 Y:06 S:DB P:nVUbdIzc  $01:A0F1: 26 3F    ROL $3F = #$00
f298    c8846044     i46291928    A:20 X:01 Y:06 S:DB P:nVUbdIZc  $01:A0F3: 29 01    AND #$01
f298    c8846046     i46291929    A:00 X:01 Y:06 S:DB P:nVUbdIZc  $01:A0F5: 05 3F    ORA $3F = #$00
f298    c8846049     i46291930    A:00 X:01 Y:06 S:DB P:nVUbdIZc  $01:A0F7: 85 3F    STA $3F = #$00
f298    c8846052     i46291931    A:00 X:01 Y:06 S:DB P:nVUbdIZc  $01:A0F9: 88       DEY
f298    c8846054     i46291932    A:00 X:01 Y:05 S:DB P:nVUbdIzc  $01:A0FA: D0 F1    BNE $A0ED
f298    c8846057     i46291933    A:00 X:01 Y:05 S:DB P:nVUbdIzc  $01:A0ED: BD 15 40 LDA $4015,X @ $4016 = #$00
f298    c8846061     i46291934    A:40 X:01 Y:05 S:DB P:nVUbdIzc  $01:A0F0: 4A       LSR
f298    c8846063     i46291935    A:20 X:01 Y:05 S:DB P:nVUbdIzc  $01:A0F1: 26 3F    ROL $3F = #$00
f298    c8846068     i46291936    A:20 X:01 Y:05 S:DB P:nVUbdIZc  $01:A0F3: 29 01    AND #$01
f298    c8846070     i46291937    A:00 X:01 Y:05 S:DB P:nVUbdIZc  $01:A0F5: 05 3F    ORA $3F = #$00
f298    c8846073     i46291938    A:00 X:01 Y:05 S:DB P:nVUbdIZc  $01:A0F7: 85 3F    STA $3F = #$00
f298    c8846076     i46291939    A:00 X:01 Y:05 S:DB P:nVUbdIZc  $01:A0F9: 88       DEY
f298    c8846078     i46291940    A:00 X:01 Y:04 S:DB P:nVUbdIzc  $01:A0FA: D0 F1    BNE $A0ED
f298    c8846081     i46291941    A:00 X:01 Y:04 S:DB P:nVUbdIzc  $01:A0ED: BD 15 40 LDA $4015,X @ $4016 = #$00
f298    c8846085     i46291942    A:40 X:01 Y:04 S:DB P:nVUbdIzc  $01:A0F0: 4A       LSR
f298    c8846087     i46291943    A:20 X:01 Y:04 S:DB P:nVUbdIzc  $01:A0F1: 26 3F    ROL $3F = #$00
f298    c8846092     i46291944    A:20 X:01 Y:04 S:DB P:nVUbdIZc  $01:A0F3: 29 01    AND #$01
f298    c8846094     i46291945    A:00 X:01 Y:04 S:DB P:nVUbdIZc  $01:A0F5: 05 3F    ORA $3F = #$00
f298    c8846097     i46291946    A:00 X:01 Y:04 S:DB P:nVUbdIZc  $01:A0F7: 85 3F    STA $3F = #$00
f298    c8846100     i46291947    A:00 X:01 Y:04 S:DB P:nVUbdIZc  $01:A0F9: 88       DEY
f298    c8846102     i46291948    A:00 X:01 Y:03 S:DB P:nVUbdIzc  $01:A0FA: D0 F1    BNE $A0ED
f298    c8846105     i46291949    A:00 X:01 Y:03 S:DB P:nVUbdIzc  $01:A0ED: BD 15 40 LDA $4015,X @ $4016 = #$00
f298    c8846109     i46291950    A:40 X:01 Y:03 S:DB P:nVUbdIzc  $01:A0F0: 4A       LSR
f298    c8846111     i46291951    A:20 X:01 Y:03 S:DB P:nVUbdIzc  $01:A0F1: 26 3F    ROL $3F = #$00
f298    c8846116     i46291952    A:20 X:01 Y:03 S:DB P:nVUbdIZc  $01:A0F3: 29 01    AND #$01
f298    c8846118     i46291953    A:00 X:01 Y:03 S:DB P:nVUbdIZc  $01:A0F5: 05 3F    ORA $3F = #$00
f298    c8846121     i46291954    A:00 X:01 Y:03 S:DB P:nVUbdIZc  $01:A0F7: 85 3F    STA $3F = #$00
f298    c8846124     i46291955    A:00 X:01 Y:03 S:DB P:nVUbdIZc  $01:A0F9: 88       DEY
f298    c8846126     i46291956    A:00 X:01 Y:02 S:DB P:nVUbdIzc  $01:A0FA: D0 F1    BNE $A0ED
f298    c8846129     i46291957    A:00 X:01 Y:02 S:DB P:nVUbdIzc  $01:A0ED: BD 15 40 LDA $4015,X @ $4016 = #$00
f298    c8846133     i46291958    A:40 X:01 Y:02 S:DB P:nVUbdIzc  $01:A0F0: 4A       LSR
f298    c8846135     i46291959    A:20 X:01 Y:02 S:DB P:nVUbdIzc  $01:A0F1: 26 3F    ROL $3F = #$00
f298    c8846140     i46291960    A:20 X:01 Y:02 S:DB P:nVUbdIZc  $01:A0F3: 29 01    AND #$01
f298    c8846142     i46291961    A:00 X:01 Y:02 S:DB P:nVUbdIZc  $01:A0F5: 05 3F    ORA $3F = #$00
f298    c8846145     i46291962    A:00 X:01 Y:02 S:DB P:nVUbdIZc  $01:A0F7: 85 3F    STA $3F = #$00
f298    c8846148     i46291963    A:00 X:01 Y:02 S:DB P:nVUbdIZc  $01:A0F9: 88       DEY
f298    c8846150     i46291964    A:00 X:01 Y:01 S:DB P:nVUbdIzc  $01:A0FA: D0 F1    BNE $A0ED
f298    c8846153     i46291965    A:00 X:01 Y:01 S:DB P:nVUbdIzc  $01:A0ED: BD 15 40 LDA $4015,X @ $4016 = #$00
f298    c8846157     i46291966    A:40 X:01 Y:01 S:DB P:nVUbdIzc  $01:A0F0: 4A       LSR
f301    c8935773     i46320703    A:0C X:00 Y:0F S:DB P:nVUbdIZc  $06:8002: BC 00 07 LDY $0700,X @ $0700 = #$00
f301    c8935777     i46320704    A:0C X:00 Y:00 S:DB P:nVUbdIZc  $06:8005: C0 32    CPY #$32
f301    c8935779     i46320705    A:0C X:00 Y:00 S:DB P:NVUbdIzc  $06:8007: B0 0E    BCS $8017
f301    c8935781     i46320706    A:0C X:00 Y:00 S:DB P:NVUbdIzc  $06:8009: A0 07    LDY #$07
f301    c8935783     i46320707    A:0C X:00 Y:07 S:DB P:nVUbdIzc  $06:800B: 8C 00 80 STY $8000 = #$A2
f301    c8935787     i46320708    A:0C X:00 Y:07 S:DB P:nVUbdIzc  $06:800E: AC FC 07 LDY $07FC = #$0F
f301    c8935791     i46320709    A:0C X:00 Y:0F S:DB P:nVUbdIzc  $06:8011: 8C 01 80 STY $8001 = #$05
f301    c8935795     i46320710    A:0C X:00 Y:0F S:DB P:nVUbdIzc  $06:8014: 4C 5E 80 JMP $805E
f301    c8935798     i46320711    A:0C X:00 Y:0F S:DB P:nVUbdIzc  $06:805E: CA       DEX
f301    c8935800     i46320712    A:0C X:FF Y:0F S:DB P:NVUbdIzc  $06:805F: 10 A1    BPL $8002
f301    c8935802     i46320713    A:0C X:FF Y:0F S:DB P:NVUbdIzc  $06:8061: A2 05    LDX #$05
f301    c8935804     i46320714    A:0C X:05 Y:0F S:DB P:nVUbdIzc  $06:8063: BC 00 07 LDY $0700,X @ $0705 = #$00
f301    c8935808     i46320715    A:0C X:05 Y:00 S:DB P:nVUbdIZc  $06:8066: F0 4F    BEQ $80B7
f301    c8935811     i46320716    A:0C X:05 Y:00 S:DB P:nVUbdIZc  $06:80B7: CA       DEX
f301    c8935813     i46320717    A:0C X:04 Y:00 S:DB P:nVUbdIzc  $06:80B8: 10 A9    BPL $8063
f301    c8935816     i46320718    A:0C X:04 Y:00 S:DB P:nVUbdIzc  $06:8063: BC 00 07 LDY $0700,X @ $0704 = #$00
f301    c8935820     i46320719    A:0C X:04 Y:00 S:DB P:nVUbdIZc  $06:8066: F0 4F    BEQ $80B7
f301    c8935823     i46320720    A:0C X:04 Y:00 S:DB P:nVUbdIZc  $06:80B7: CA       DEX
f301    c8935825     i46320721    A:0C X:03 Y:00 S:DB P:nVUbdIzc  $06:80B8: 10 A9    BPL $8063
f301    c8935828     i46320722    A:0C X:03 Y:00 S:DB P:nVUbdIzc  $06:8063: BC 00 07 LDY $0700,X @ $0703 = #$00
f301    c8935832     i46320723    A:0C X:03 Y:00 S:DB P:nVUbdIZc  $06:8066: F0 4F    BEQ $80B7
f301    c8935835     i46320724    A:0C X:03 Y:00 S:DB P:nVUbdIZc  $06:80B7: CA       DEX
f301    c8935837     i46320725    A:0C X:02 Y:00 S:DB P:nVUbdIzc  $06:80B8: 10 A9    BPL $8063
f301    c8935840     i46320726    A:0C X:02 Y:00 S:DB P:nVUbdIzc  $06:8063: BC 00 07 LDY $0700,X @ $0702 = #$00
f301    c8935844     i46320727    A:0C X:02 Y:00 S:DB P:nVUbdIZc  $06:8066: F0 4F    BEQ $80B7
f301    c8935847     i46320728    A:0C X:02 Y:00 S:DB P:nVUbdIZc  $06:80B7: CA       DEX
f301    c8935849     i46320729    A:0C X:01 Y:00 S:DB P:nVUbdIzc  $06:80B8: 10 A9    BPL $8063
f301    c8935852     i46320730    A:0C X:01 Y:00 S:DB P:nVUbdIzc  $06:8063: BC 00 07 LDY $0700,X @ $0701 = #$00
f301    c8935856     i46320731    A:0C X:01 Y:00 S:DB P:nVUbdIZc  $06:8066: F0 4F    BEQ $80B7
f301    c8935859     i46320732    A:0C X:01 Y:00 S:DB P:nVUbdIZc  $06:80B7: CA       DEX
f301    c8935861     i46320733    A:0C X:00 Y:00 S:DB P:nVUbdIZc  $06:80B8: 10 A9    BPL $8063
f301    c8935864     i46320734    A:0C X:00 Y:00 S:DB P:nVUbdIZc  $06:8063: BC 00 07 LDY $0700,X @ $0700 = #$00
f301    c8935868     i46320735    A:0C X:00 Y:00 S:DB P:nVUbdIZc  $06:8066: F0 4F    BEQ $80B7
f301    c8935871     i46320736    A:0C X:00 Y:00 S:DB P:nVUbdIZc  $06:80B7: CA       DEX
f301    c8935873     i46320737    A:0C X:FF Y:00 S:DB P:NVUbdIzc  $06:80B8: 10 A9    BPL $8063
f301    c8935875     i46320738    A:0C X:FF Y:00 S:DB P:NVUbdIzc  $06:80BA: A9 27    LDA #$27
f301    c8935877     i46320739    A:27 X:FF Y:00 S:DB P:nVUbdIzc  $06:80BC: 85 F0    STA $F0 = #$67
f301    c8935880     i46320740    A:27 X:FF Y:00 S:DB P:nVUbdIzc  $06:80BE: A9 07    LDA #$07
f301    c8935882     i46320741    A:07 X:FF Y:00 S:DB P:nVUbdIzc  $06:80C0: 85 F1    STA $F1 = #$07
f301    c8935885     i46320742    A:07 X:FF Y:00 S:DB P:nVUbdIzc  $06:80C2: A9 00    LDA #$00
f301    c8935887     i46320743    A:00 X:FF Y:00 S:DB P:nVUbdIZc  $06:80C4: 85 F2    STA $F2 = #$FF
f301    c8935890     i46320744    A:00 X:FF Y:00 S:DB P:nVUbdIZc  $06:80C6: A0 08    LDY #$08
f302    c8965556     i46330253    A:0C X:00 Y:0F S:DB P:nvUbdIZc  $06:8002: BC 00 07 LDY $0700,X @ $0700 = #$00
f302    c8965560     i46330254    A:0C X:00 Y:00 S:DB P:nvUbdIZc  $06:8005: C0 32    CPY #$32
f302    c8965562     i46330255    A:0C X:00 Y:00 S:DB P:NvUbdIzc  $06:8007: B0 0E    BCS $8017
f302    c8965564     i46330256    A:0C X:00 Y:00 S:DB P:NvUbdIzc  $06:8009: A0 07    LDY #$07
f302    c8965566     i46330257    A:0C X:00 Y:07 S:DB P:nvUbdIzc  $06:800B: 8C 00 80 STY $8000 = #$A2
f302    c8965570     i46330258    A:0C X:00 Y:07 S:DB P:nvUbdIzc  $06:800E: AC FC 07 LDY $07FC = #$0F
f302    c8965574     i46330259    A:0C X:00 Y:0F S:DB P:nvUbdIzc  $06:8011: 8C 01 80 STY $8001 = #$05
f302    c8965578     i46330260    A:0C X:00 Y:0F S:DB P:nvUbdIzc  $06:8014: 4C 5E 80 JMP $805E
f302    c8965581     i46330261    A:0C X:00 Y:0F S:DB P:nvUbdIzc  $06:805E: CA       DEX
f302    c8965583     i46330262    A:0C X:FF Y:0F S:DB P:NvUbdIzc  $06:805F: 10 A1    BPL $8002
f302    c8965585     i46330263    A:0C X:FF Y:0F S:DB P:NvUbdIzc  $06:8061: A2 05    LDX #$05
f302    c8965587     i46330264    A:0C X:05 Y:0F S:DB P:nvUbdIzc  $06:8063: BC 00 07 LDY $0700,X @ $0705 = #$00
f302    c8965591     i46330265    A:0C X:05 Y:00 S:DB P:nvUbdIZc  $06:8066: F0 4F    BEQ $80B7
f302    c8965594     i46330266    A:0C X:05 Y:00 S:DB P:nvUbdIZc  $06:80B7: CA       DEX
f302    c8965596     i46330267    A:0C X:04 Y:00 S:DB P:nvUbdIzc  $06:80B8: 10 A9    BPL $8063
f302    c8965599     i46330268    A:0C X:04 Y:00 S:DB P:nvUbdIzc  $06:8063: BC 00 07 LDY $0700,X @ $0704 = #$00
f302    c8965603     i46330269    A:0C X:04 Y:00 S:DB P:nvUbdIZc  $06:8066: F0 4F    BEQ $80B7
f302    c8965606     i46330270    A:0C X:04 Y:00 S:DB P:nvUbdIZc  $06:80B7: CA       DEX
f302    c8965608     i46330271    A:0C X:03 Y:00 S:DB P:nvUbdIzc  $06:80B8: 10 A9    BPL $8063
f302    c8965611     i46330272    A:0C X:03 Y:00 S:DB P:nvUbdIzc  $06:8063: BC 00 07 LDY $0700,X @ $0703 = #$00
f302    c8965615     i46330273    A:0C X:03 Y:00 S:DB P:nvUbdIZc  $06:8066: F0 4F    BEQ $80B7
f302    c8965618     i46330274    A:0C X:03 Y:00 S:DB P:nvUbdIZc  $06:80B7: CA       DEX
f302    c8965620     i46330275    A:0C X:02 Y:00 S:DB P:nvUbdIzc  $06:80B8: 10 A9    BPL $8063
f302    c8965623     i46330276    A:0C X:02 Y:00 S:DB P:nvUbdIzc  $06:8063: BC 00 07 LDY $0700,X @ $0702 = #$00
f302    c8965627     i46330277    A:0C X:02 Y:00 S:DB P:nvUbdIZc  $06:8066: F0 4F    BEQ $80B7
f302    c8965630     i46330278    A:0C X:02 Y:00 S:DB P:nvUbdIZc  $06:80B7: CA       DEX
f302    c8965632     i46330279    A:0C X:01 Y:00 S:DB P:nvUbdIzc  $06:80B8: 10 A9    BPL $8063
f302    c8965635     i46330280    A:0C X:01 Y:00 S:DB P:nvUbdIzc  $06:8063: BC 00 07 LDY $0700,X @ $0701 = #$00
f302    c8965639     i46330281    A:0C X:01 Y:00 S:DB P:nvUbdIZc  $06:8066: F0 4F    BEQ $80B7
f302    c8965642     i46330282    A:0C X:01 Y:00 S:DB P:nvUbdIZc  $06:80B7: CA       DEX
f302    c8965644     i46330283    A:0C X:00 Y:00 S:DB P:nvUbdIZc  $06:80B8: 10 A9    BPL $8063
f302    c8965647     i46330284    A:0C X:00 Y:00 S:DB P:nvUbdIZc  $06:8063: BC 00 07 LDY $0700,X @ $0700 = #$00
f302    c8965651     i46330285    A:0C X:00 Y:00 S:DB P:nvUbdIZc  $06:8066: F0 4F    BEQ $80B7
f302    c8965654     i46330286    A:0C X:00 Y:00 S:DB P:nvUbdIZc  $06:80B7: CA       DEX
f302    c8965656     i46330287    A:0C X:FF Y:00 S:DB P:NvUbdIzc  $06:80B8: 10 A9    BPL $8063
f302    c8965658     i46330288    A:0C X:FF Y:00 S:DB P:NvUbdIzc  $06:80BA: A9 27    LDA #$27
f302    c8965660     i46330289    A:27 X:FF Y:00 S:DB P:nvUbdIzc  $06:80BC: 85 F0    STA $F0 = #$67
f302    c8965663     i46330290    A:27 X:FF Y:00 S:DB P:nvUbdIzc  $06:80BE: A9 07    LDA #$07
f302    c8965665     i46330291    A:07 X:FF Y:00 S:DB P:nvUbdIzc  $06:80C0: 85 F1    STA $F1 = #$07
f302    c8965668     i46330292    A:07 X:FF Y:00 S:DB P:nvUbdIzc  $06:80C2: A9 00    LDA #$00
f302    c8965670     i46330293    A:00 X:FF Y:00 S:DB P:nvUbdIZc  $06:80C4: 85 F2    STA $F2 = #$FF
f302    c8965673     i46330294    A:00 X:FF Y:00 S:DB P:nvUbdIZc  $06:80C6: A0 08    LDY #$08
f308    c9150945     i46389595    A:F8 X:F8 Y:FC S:EC P:NvUbdizc  $01:A8FB: D0 D8    BNE $A8D5
f308    c9150948     i46389596    A:F8 X:F8 Y:FC S:EC P:NvUbdizc  $01:A8D5: BE 68 04 LDX $0468,Y @ $0564 = #$F8
f308    c9150953     i46389597    A:F8 X:F8 Y:FC S:EC P:NvUbdizc  $01:A8D8: B9 6A 04 LDA $046A,Y @ $0566 = #$F8
f308    c9150958     i46389598    A:F8 X:F8 Y:FC S:EC P:NvUbdizc  $01:A8DB: 29 0C    AND #$0C
f308    c9150960     i46389599    A:08 X:F8 Y:FC S:EC P:nvUbdizc  $01:A8DD: F0 02    BEQ $A8E1
f308    c9150962     i46389600    A:08 X:F8 Y:FC S:EC P:nvUbdizc  $01:A8DF: A2 F8    LDX #$F8
f308    c9150964     i46389601    A:08 X:F8 Y:FC S:EC P:NvUbdizc  $01:A8E1: 8A       TXA
f308    c9150966     i46389602    A:F8 X:F8 Y:FC S:EC P:NvUbdizc  $01:A8E2: 99 00 02 STA $0200,Y @ $02FC = #$F8
f308    c9150971     i46389603    A:F8 X:F8 Y:FC S:EC P:NvUbdizc  $01:A8E5: B9 69 04 LDA $0469,Y @ $0565 = #$F8
f308    c9150976     i46389604    A:F8 X:F8 Y:FC S:EC P:NvUbdizc  $01:A8E8: 99 01 02 STA $0201,Y @ $02FD = #$F8
f308    c9150981     i46389605    A:F8 X:F8 Y:FC S:EC P:NvUbdizc  $01:A8EB: B9 6A 04 LDA $046A,Y @ $0566 = #$F8
f308    c9150986     i46389606    A:F8 X:F8 Y:FC S:EC P:NvUbdizc  $01:A8EE: 99 02 02 STA $0202,Y @ $02FE = #$F8
f308    c9150991     i46389607    A:F8 X:F8 Y:FC S:EC P:NvUbdizc  $01:A8F1: B9 6B 04 LDA $046B,Y @ $0567 = #$F8
f308    c9150996     i46389608    A:F8 X:F8 Y:FC S:EC P:NvUbdizc  $01:A8F4: 99 03 02 STA $0203,Y @ $02FF = #$F8
f308    c9151001     i46389609    A:F8 X:F8 Y:FC S:EC P:NvUbdizc  $01:A8F7: C8       INY
f308    c9151003     i46389610    A:F8 X:F8 Y:FD S:EC P:NvUbdizc  $01:A8F8: C8       INY
f308    c9151005     i46389611    A:F8 X:F8 Y:FE S:EC P:NvUbdizc  $01:A8F9: C8       INY
f308    c9151007     i46389612    A:F8 X:F8 Y:FF S:EC P:NvUbdizc  $01:A8FA: C8       INY
f308    c9151009     i46389613    A:F8 X:F8 Y:00 S:EC P:nvUbdiZc  $01:A8FB: D0 D8    BNE $A8D5
f308    c9151011     i46389614    A:F8 X:F8 Y:00 S:EC P:nvUbdiZc  $01:A8FD: 60       RTS (from $A215)
f308    c9151017     i46389615    A:F8 X:F8 Y:00 S:EE P:nvUbdiZc  $00:8392: A2 06    LDX #$06
f308    c9151019     i46389616    A:F8 X:06 Y:00 S:EE P:nvUbdizc  $00:8394: 20 B9 C4 JSR $C4B9
f308    c9151025     i46389617    A:F8 X:06 Y:00 S:EC P:nvUbdizc  $0F:C4B9: 86 25    STX $25 = #$02
f308    c9151028     i46389618    A:F8 X:06 Y:00 S:EC P:nvUbdizc  $0F:C4BB: A9 07    LDA #$07
f308    c9151030     i46389619    A:07 X:06 Y:00 S:EC P:nvUbdizc  $0F:C4BD: 05 22    ORA $22 = #$00
f308    c9151033     i46389620    A:07 X:06 Y:00 S:EC P:nvUbdizc  $0F:C4BF: 85 23    STA $23 = #$06
f308    c9151036     i46389621    A:07 X:06 Y:00 S:EC P:nvUbdizc  $0F:C4C1: 8D 00 80 STA $8000 = #$A5
f308    c9151040     i46389622    A:07 X:06 Y:00 S:EC P:nvUbdizc  $0F:C4C4: 8E 01 80 STX $8001 = #$27
f308    c9151044     i46389623    A:07 X:06 Y:00 S:EC P:nvUbdizc  $0F:C4C7: 60       RTS (from $C4B9)
f308    c9151050     i46389624    A:07 X:06 Y:00 S:EE P:nvUbdizc  $00:8397: 60       RTS (from $838A)
f308    c9151056     i46389625    A:07 X:06 Y:00 S:F0 P:nvUbdizc  $00:82F0: A5 4C    LDA $4C = #$00
f308    c9151059     i46389626    A:00 X:06 Y:00 S:F0 P:nvUbdiZc  $00:82F2: 10 F9    BPL $82ED
f308    c9151062     i46389627    A:00 X:06 Y:00 S:F0 P:nvUbdiZc  $00:82ED: 20 8A 83 JSR $838A
f308    c9151068     i46389628    A:00 X:06 Y:00 S:EE P:nvUbdiZc  $00:838A: A2 02    LDX #$02
f308    c9151070     i46389629    A:00 X:02 Y:00 S:EE P:nvUbdizc  $00:838C: 20 B9 C4 JSR $C4B9
f308    c9151076     i46389630    A:00 X:02 Y:00 S:EC P:nvUbdizc  $0F:C4B9: 86 25    STX $25 = #$06
f308    c9151079     i46389631    A:00 X:02 Y:00 S:EC P:nvUbdizc  $0F:C4BB: A9 07    LDA #$07
f308    c9151081     i46389632    A:07 X:02 Y:00 S:EC P:nvUbdizc  $0F:C4BD: 05 22    ORA $22 = #$00
f308    c9151084     i46389633    A:07 X:02 Y:00 S:EC P:nvUbdizc  $0F:C4BF: 85 23    STA $23 = #$07
f308    c9151087     i46389634    A:07 X:02 Y:00 S:EC P:nvUbdizc  $0F:C4C1: 8D 00 80 STA $8000 = #$A5
f308    c9151091     i46389635    A:07 X:02 Y:00 S:EC P:nvUbdizc  $0F:C4C4: 8E 01 80 STX $8001 = #$27
f314    c9329626     i46446884    A:F8 X:F8 Y:FC S:EC P:NvUbdizc  $01:A8FB: D0 D8    BNE $A8D5
f314    c9329629     i46446885    A:F8 X:F8 Y:FC S:EC P:NvUbdizc  $01:A8D5: BE 68 04 LDX $0468,Y @ $0564 = #$F8
f314    c9329634     i46446886    A:F8 X:F8 Y:FC S:EC P:NvUbdizc  $01:A8D8: B9 6A 04 LDA $046A,Y @ $0566 = #$F8
f314    c9329639     i46446887    A:F8 X:F8 Y:FC S:EC P:NvUbdizc  $01:A8DB: 29 0C    AND #$0C
f314    c9329641     i46446888    A:08 X:F8 Y:FC S:EC P:nvUbdizc  $01:A8DD: F0 02    BEQ $A8E1
f314    c9329643     i46446889    A:08 X:F8 Y:FC S:EC P:nvUbdizc  $01:A8DF: A2 F8    LDX #$F8
f314    c9329645     i46446890    A:08 X:F8 Y:FC S:EC P:NvUbdizc  $01:A8E1: 8A       TXA
f314    c9329647     i46446891    A:F8 X:F8 Y:FC S:EC P:NvUbdizc  $01:A8E2: 99 00 02 STA $0200,Y @ $02FC = #$F8
f314    c9329652     i46446892    A:F8 X:F8 Y:FC S:EC P:NvUbdizc  $01:A8E5: B9 69 04 LDA $0469,Y @ $0565 = #$F8
f314    c9329657     i46446893    A:F8 X:F8 Y:FC S:EC P:NvUbdizc  $01:A8E8: 99 01 02 STA $0201,Y @ $02FD = #$F8
f314    c9329662     i46446894    A:F8 X:F8 Y:FC S:EC P:NvUbdizc  $01:A8EB: B9 6A 04 LDA $046A,Y @ $0566 = #$F8
f314    c9329667     i46446895    A:F8 X:F8 Y:FC S:EC P:NvUbdizc  $01:A8EE: 99 02 02 STA $0202,Y @ $02FE = #$F8
f314    c9329672     i46446896    A:F8 X:F8 Y:FC S:EC P:NvUbdizc  $01:A8F1: B9 6B 04 LDA $046B,Y @ $0567 = #$F8
f314    c9329677     i46446897    A:F8 X:F8 Y:FC S:EC P:NvUbdizc  $01:A8F4: 99 03 02 STA $0203,Y @ $02FF = #$F8
f314    c9329682     i46446898    A:F8 X:F8 Y:FC S:EC P:NvUbdizc  $01:A8F7: C8       INY
f314    c9329684     i46446899    A:F8 X:F8 Y:FD S:EC P:NvUbdizc  $01:A8F8: C8       INY
f314    c9329686     i46446900    A:F8 X:F8 Y:FE S:EC P:NvUbdizc  $01:A8F9: C8       INY
f314    c9329688     i46446901    A:F8 X:F8 Y:FF S:EC P:NvUbdizc  $01:A8FA: C8       INY
f314    c9329690     i46446902    A:F8 X:F8 Y:00 S:EC P:nvUbdiZc  $01:A8FB: D0 D8    BNE $A8D5
f314    c9329692     i46446903    A:F8 X:F8 Y:00 S:EC P:nvUbdiZc  $01:A8FD: 60       RTS (from $A215)
f314    c9329698     i46446904    A:F8 X:F8 Y:00 S:EE P:nvUbdiZc  $00:8392: A2 06    LDX #$06
f314    c9329700     i46446905    A:F8 X:06 Y:00 S:EE P:nvUbdizc  $00:8394: 20 B9 C4 JSR $C4B9
f314    c9329706     i46446906    A:F8 X:06 Y:00 S:EC P:nvUbdizc  $0F:C4B9: 86 25    STX $25 = #$02
f314    c9329709     i46446907    A:F8 X:06 Y:00 S:EC P:nvUbdizc  $0F:C4BB: A9 07    LDA #$07
f314    c9329711     i46446908    A:07 X:06 Y:00 S:EC P:nvUbdizc  $0F:C4BD: 05 22    ORA $22 = #$00
f314    c9329714     i46446909    A:07 X:06 Y:00 S:EC P:nvUbdizc  $0F:C4BF: 85 23    STA $23 = #$06
f314    c9329717     i46446910    A:07 X:06 Y:00 S:EC P:nvUbdizc  $0F:C4C1: 8D 00 80 STA $8000 = #$A5
f314    c9329721     i46446911    A:07 X:06 Y:00 S:EC P:nvUbdizc  $0F:C4C4: 8E 01 80 STX $8001 = #$27
f314    c9329725     i46446912    A:07 X:06 Y:00 S:EC P:nvUbdizc  $0F:C4C7: 60       RTS (from $C4B9)
f314    c9329731     i46446913    A:07 X:06 Y:00 S:EE P:nvUbdizc  $00:8397: 60       RTS (from $838A)
f314    c9329737     i46446914    A:07 X:06 Y:00 S:F0 P:nvUbdizc  $00:82F0: A5 4C    LDA $4C = #$00
f314    c9329740     i46446915    A:00 X:06 Y:00 S:F0 P:nvUbdiZc  $00:82F2: 10 F9    BPL $82ED
f314    c9329743     i46446916    A:00 X:06 Y:00 S:F0 P:nvUbdiZc  $00:82ED: 20 8A 83 JSR $838A
f314    c9329749     i46446917    A:00 X:06 Y:00 S:EE P:nvUbdiZc  $00:838A: A2 02    LDX #$02
f314    c9329751     i46446918    A:00 X:02 Y:00 S:EE P:nvUbdizc  $00:838C: 20 B9 C4 JSR $C4B9
f314    c9329757     i46446919    A:00 X:02 Y:00 S:EC P:nvUbdizc  $0F:C4B9: 86 25    STX $25 = #$06
f314    c9329760     i46446920    A:00 X:02 Y:00 S:EC P:nvUbdizc  $0F:C4BB: A9 07    LDA #$07
f314    c9329762     i46446921    A:07 X:02 Y:00 S:EC P:nvUbdizc  $0F:C4BD: 05 22    ORA $22 = #$00
f314    c9329765     i46446922    A:07 X:02 Y:00 S:EC P:nvUbdizc  $0F:C4BF: 85 23    STA $23 = #$07
f314    c9329768     i46446923    A:07 X:02 Y:00 S:EC P:nvUbdizc  $0F:C4C1: 8D 00 80 STA $8000 = #$A5
f314    c9329772     i46446924    A:07 X:02 Y:00 S:EC P:nvUbdizc  $0F:C4C4: 8E 01 80 STX $8001 = #$27
f328    c9746552     i46580542    A:F8 X:F8 Y:FC S:EC P:NvUbdizc  $01:A8FB: D0 D8    BNE $A8D5
f328    c9746555     i46580543    A:F8 X:F8 Y:FC S:EC P:NvUbdizc  $01:A8D5: BE 68 04 LDX $0468,Y @ $0564 = #$F8
f328    c9746560     i46580544    A:F8 X:F8 Y:FC S:EC P:NvUbdizc  $01:A8D8: B9 6A 04 LDA $046A,Y @ $0566 = #$F8
f328    c9746565     i46580545    A:F8 X:F8 Y:FC S:EC P:NvUbdizc  $01:A8DB: 29 0C    AND #$0C
f328    c9746567     i46580546    A:08 X:F8 Y:FC S:EC P:nvUbdizc  $01:A8DD: F0 02    BEQ $A8E1
f328    c9746569     i46580547    A:08 X:F8 Y:FC S:EC P:nvUbdizc  $01:A8DF: A2 F8    LDX #$F8
f328    c9746571     i46580548    A:08 X:F8 Y:FC S:EC P:NvUbdizc  $01:A8E1: 8A       TXA
f328    c9746573     i46580549    A:F8 X:F8 Y:FC S:EC P:NvUbdizc  $01:A8E2: 99 00 02 STA $0200,Y @ $02FC = #$F8
f328    c9746578     i46580550    A:F8 X:F8 Y:FC S:EC P:NvUbdizc  $01:A8E5: B9 69 04 LDA $0469,Y @ $0565 = #$F8
f328    c9746583     i46580551    A:F8 X:F8 Y:FC S:EC P:NvUbdizc  $01:A8E8: 99 01 02 STA $0201,Y @ $02FD = #$F8
f328    c9746588     i46580552    A:F8 X:F8 Y:FC S:EC P:NvUbdizc  $01:A8EB: B9 6A 04 LDA $046A,Y @ $0566 = #$F8
f328    c9746593     i46580553    A:F8 X:F8 Y:FC S:EC P:NvUbdizc  $01:A8EE: 99 02 02 STA $0202,Y @ $02FE = #$F8
f328    c9746598     i46580554    A:F8 X:F8 Y:FC S:EC P:NvUbdizc  $01:A8F1: B9 6B 04 LDA $046B,Y @ $0567 = #$F8
f328    c9746603     i46580555    A:F8 X:F8 Y:FC S:EC P:NvUbdizc  $01:A8F4: 99 03 02 STA $0203,Y @ $02FF = #$F8
f328    c9746608     i46580556    A:F8 X:F8 Y:FC S:EC P:NvUbdizc  $01:A8F7: C8       INY
f328    c9746610     i46580557    A:F8 X:F8 Y:FD S:EC P:NvUbdizc  $01:A8F8: C8       INY
f328    c9746612     i46580558    A:F8 X:F8 Y:FE S:EC P:NvUbdizc  $01:A8F9: C8       INY
f328    c9746614     i46580559    A:F8 X:F8 Y:FF S:EC P:NvUbdizc  $01:A8FA: C8       INY
f328    c9746616     i46580560    A:F8 X:F8 Y:00 S:EC P:nvUbdiZc  $01:A8FB: D0 D8    BNE $A8D5
f328    c9746618     i46580561    A:F8 X:F8 Y:00 S:EC P:nvUbdiZc  $01:A8FD: 60       RTS (from $A215)
f328    c9746624     i46580562    A:F8 X:F8 Y:00 S:EE P:nvUbdiZc  $00:8392: A2 06    LDX #$06
f328    c9746626     i46580563    A:F8 X:06 Y:00 S:EE P:nvUbdizc  $00:8394: 20 B9 C4 JSR $C4B9
f328    c9746632     i46580564    A:F8 X:06 Y:00 S:EC P:nvUbdizc  $0F:C4B9: 86 25    STX $25 = #$02
f328    c9746635     i46580565    A:F8 X:06 Y:00 S:EC P:nvUbdizc  $0F:C4BB: A9 07    LDA #$07
f328    c9746637     i46580566    A:07 X:06 Y:00 S:EC P:nvUbdizc  $0F:C4BD: 05 22    ORA $22 = #$00
f328    c9746640     i46580567    A:07 X:06 Y:00 S:EC P:nvUbdizc  $0F:C4BF: 85 23    STA $23 = #$06
f328    c9746643     i46580568    A:07 X:06 Y:00 S:EC P:nvUbdizc  $0F:C4C1: 8D 00 80 STA $8000 = #$A5
f328    c9746647     i46580569    A:07 X:06 Y:00 S:EC P:nvUbdizc  $0F:C4C4: 8E 01 80 STX $8001 = #$27
f328    c9746651     i46580570    A:07 X:06 Y:00 S:EC P:nvUbdizc  $0F:C4C7: 60       RTS (from $C4B9)
f328    c9746657     i46580571    A:07 X:06 Y:00 S:EE P:nvUbdizc  $00:8397: 60       RTS (from $838A)
f328    c9746663     i46580572    A:07 X:06 Y:00 S:F0 P:nvUbdizc  $00:82F0: A5 4C    LDA $4C = #$00
f328    c9746666     i46580573    A:00 X:06 Y:00 S:F0 P:nvUbdiZc  $00:82F2: 10 F9    BPL $82ED
f328    c9746669     i46580574    A:00 X:06 Y:00 S:F0 P:nvUbdiZc  $00:82ED: 20 8A 83 JSR $838A
f328    c9746675     i46580575    A:00 X:06 Y:00 S:EE P:nvUbdiZc  $00:838A: A2 02    LDX #$02
f328    c9746677     i46580576    A:00 X:02 Y:00 S:EE P:nvUbdizc  $00:838C: 20 B9 C4 JSR $C4B9
f328    c9746683     i46580577    A:00 X:02 Y:00 S:EC P:nvUbdizc  $0F:C4B9: 86 25    STX $25 = #$06
f328    c9746686     i46580578    A:00 X:02 Y:00 S:EC P:nvUbdizc  $0F:C4BB: A9 07    LDA #$07
f328    c9746688     i46580579    A:07 X:02 Y:00 S:EC P:nvUbdizc  $0F:C4BD: 05 22    ORA $22 = #$00
f328    c9746691     i46580580    A:07 X:02 Y:00 S:EC P:nvUbdizc  $0F:C4BF: 85 23    STA $23 = #$07
f328    c9746694     i46580581    A:07 X:02 Y:00 S:EC P:nvUbdizc  $0F:C4C1: 8D 00 80 STA $8000 = #$A5
f328    c9746698     i46580582    A:07 X:02 Y:00 S:EC P:nvUbdizc  $0F:C4C4: 8E 01 80 STX $8001 = #$27
f329    c9776335     i46590091    A:F8 X:F8 Y:FC S:EC P:NvUbdizc  $01:A8FB: D0 D8    BNE $A8D5
f329    c9776338     i46590092    A:F8 X:F8 Y:FC S:EC P:NvUbdizc  $01:A8D5: BE 68 04 LDX $0468,Y @ $0564 = #$F8
f329    c9776343     i46590093    A:F8 X:F8 Y:FC S:EC P:NvUbdizc  $01:A8D8: B9 6A 04 LDA $046A,Y @ $0566 = #$F8
f329    c9776348     i46590094    A:F8 X:F8 Y:FC S:EC P:NvUbdizc  $01:A8DB: 29 0C    AND #$0C
f329    c9776350     i46590095    A:08 X:F8 Y:FC S:EC P:nvUbdizc  $01:A8DD: F0 02    BEQ $A8E1
f329    c9776352     i46590096    A:08 X:F8 Y:FC S:EC P:nvUbdizc  $01:A8DF: A2 F8    LDX #$F8
f329    c9776354     i46590097    A:08 X:F8 Y:FC S:EC P:NvUbdizc  $01:A8E1: 8A       TXA
f329    c9776356     i46590098    A:F8 X:F8 Y:FC S:EC P:NvUbdizc  $01:A8E2: 99 00 02 STA $0200,Y @ $02FC = #$F8
f329    c9776361     i46590099    A:F8 X:F8 Y:FC S:EC P:NvUbdizc  $01:A8E5: B9 69 04 LDA $0469,Y @ $0565 = #$F8
f329    c9776366     i46590100    A:F8 X:F8 Y:FC S:EC P:NvUbdizc  $01:A8E8: 99 01 02 STA $0201,Y @ $02FD = #$F8
f329    c9776371     i46590101    A:F8 X:F8 Y:FC S:EC P:NvUbdizc  $01:A8EB: B9 6A 04 LDA $046A,Y @ $0566 = #$F8
f329    c9776376     i46590102    A:F8 X:F8 Y:FC S:EC P:NvUbdizc  $01:A8EE: 99 02 02 STA $0202,Y @ $02FE = #$F8
f329    c9776381     i46590103    A:F8 X:F8 Y:FC S:EC P:NvUbdizc  $01:A8F1: B9 6B 04 LDA $046B,Y @ $0567 = #$F8
f329    c9776386     i46590104    A:F8 X:F8 Y:FC S:EC P:NvUbdizc  $01:A8F4: 99 03 02 STA $0203,Y @ $02FF = #$F8
f329    c9776391     i46590105    A:F8 X:F8 Y:FC S:EC P:NvUbdizc  $01:A8F7: C8       INY
f329    c9776393     i46590106    A:F8 X:F8 Y:FD S:EC P:NvUbdizc  $01:A8F8: C8       INY
f329    c9776395     i46590107    A:F8 X:F8 Y:FE S:EC P:NvUbdizc  $01:A8F9: C8       INY
f329    c9776397     i46590108    A:F8 X:F8 Y:FF S:EC P:NvUbdizc  $01:A8FA: C8       INY
f329    c9776399     i46590109    A:F8 X:F8 Y:00 S:EC P:nvUbdiZc  $01:A8FB: D0 D8    BNE $A8D5
f329    c9776401     i46590110    A:F8 X:F8 Y:00 S:EC P:nvUbdiZc  $01:A8FD: 60       RTS (from $A215)
f329    c9776407     i46590111    A:F8 X:F8 Y:00 S:EE P:nvUbdiZc  $00:8392: A2 06    LDX #$06
f329    c9776409     i46590112    A:F8 X:06 Y:00 S:EE P:nvUbdizc  $00:8394: 20 B9 C4 JSR $C4B9
f329    c9776415     i46590113    A:F8 X:06 Y:00 S:EC P:nvUbdizc  $0F:C4B9: 86 25    STX $25 = #$02
f329    c9776418     i46590114    A:F8 X:06 Y:00 S:EC P:nvUbdizc  $0F:C4BB: A9 07    LDA #$07
f329    c9776420     i46590115    A:07 X:06 Y:00 S:EC P:nvUbdizc  $0F:C4BD: 05 22    ORA $22 = #$00
f329    c9776423     i46590116    A:07 X:06 Y:00 S:EC P:nvUbdizc  $0F:C4BF: 85 23    STA $23 = #$06
f329    c9776426     i46590117    A:07 X:06 Y:00 S:EC P:nvUbdizc  $0F:C4C1: 8D 00 80 STA $8000 = #$A5
f329    c9776430     i46590118    A:07 X:06 Y:00 S:EC P:nvUbdizc  $0F:C4C4: 8E 01 80 STX $8001 = #$27
f329    c9776434     i46590119    A:07 X:06 Y:00 S:EC P:nvUbdizc  $0F:C4C7: 60       RTS (from $C4B9)
f329    c9776440     i46590120    A:07 X:06 Y:00 S:EE P:nvUbdizc  $00:8397: 60       RTS (from $838A)
f329    c9776446     i46590121    A:07 X:06 Y:00 S:F0 P:nvUbdizc  $00:82F0: A5 4C    LDA $4C = #$00
f329    c9776449     i46590122    A:00 X:06 Y:00 S:F0 P:nvUbdiZc  $00:82F2: 10 F9    BPL $82ED
f329    c9776452     i46590123    A:00 X:06 Y:00 S:F0 P:nvUbdiZc  $00:82ED: 20 8A 83 JSR $838A
f329    c9776458     i46590124    A:00 X:06 Y:00 S:EE P:nvUbdiZc  $00:838A: A2 02    LDX #$02
f329    c9776460     i46590125    A:00 X:02 Y:00 S:EE P:nvUbdizc  $00:838C: 20 B9 C4 JSR $C4B9
f329    c9776466     i46590126    A:00 X:02 Y:00 S:EC P:nvUbdizc  $0F:C4B9: 86 25    STX $25 = #$06
f329    c9776469     i46590127    A:00 X:02 Y:00 S:EC P:nvUbdizc  $0F:C4BB: A9 07    LDA #$07
f329    c9776471     i46590128    A:07 X:02 Y:00 S:EC P:nvUbdizc  $0F:C4BD: 05 22    ORA $22 = #$00
f329    c9776474     i46590129    A:07 X:02 Y:00 S:EC P:nvUbdizc  $0F:C4BF: 85 23    STA $23 = #$07
f329    c9776477     i46590130    A:07 X:02 Y:00 S:EC P:nvUbdizc  $0F:C4C1: 8D 00 80 STA $8000 = #$A5
f329    c9776481     i46590131    A:07 X:02 Y:00 S:EC P:nvUbdizc  $0F:C4C4: 8E 01 80 STX $8001 = #$27
f332    c9866353     i46618952    A:F8 X:F8 Y:FC S:EC P:NvUbdizc  $01:A8FB: D0 D8    BNE $A8D5
f332    c9866356     i46618953    A:F8 X:F8 Y:FC S:EC P:NvUbdizc  $01:A8D5: BE 68 04 LDX $0468,Y @ $0564 = #$F8
f332    c9866361     i46618954    A:F8 X:F8 Y:FC S:EC P:NvUbdizc  $01:A8D8: B9 6A 04 LDA $046A,Y @ $0566 = #$F8
f332    c9866366     i46618955    A:F8 X:F8 Y:FC S:EC P:NvUbdizc  $01:A8DB: 29 0C    AND #$0C
f332    c9866368     i46618956    A:08 X:F8 Y:FC S:EC P:nvUbdizc  $01:A8DD: F0 02    BEQ $A8E1
f332    c9866370     i46618957    A:08 X:F8 Y:FC S:EC P:nvUbdizc  $01:A8DF: A2 F8    LDX #$F8
f332    c9866372     i46618958    A:08 X:F8 Y:FC S:EC P:NvUbdizc  $01:A8E1: 8A       TXA
f332    c9866374     i46618959    A:F8 X:F8 Y:FC S:EC P:NvUbdizc  $01:A8E2: 99 00 02 STA $0200,Y @ $02FC = #$F8
f332    c9866379     i46618960    A:F8 X:F8 Y:FC S:EC P:NvUbdizc  $01:A8E5: B9 69 04 LDA $0469,Y @ $0565 = #$F8
f332    c9866384     i46618961    A:F8 X:F8 Y:FC S:EC P:NvUbdizc  $01:A8E8: 99 01 02 STA $0201,Y @ $02FD = #$F8
f332    c9866389     i46618962    A:F8 X:F8 Y:FC S:EC P:NvUbdizc  $01:A8EB: B9 6A 04 LDA $046A,Y @ $0566 = #$F8
f332    c9866394     i46618963    A:F8 X:F8 Y:FC S:EC P:NvUbdizc  $01:A8EE: 99 02 02 STA $0202,Y @ $02FE = #$F8
f332    c9866399     i46618964    A:F8 X:F8 Y:FC S:EC P:NvUbdizc  $01:A8F1: B9 6B 04 LDA $046B,Y @ $0567 = #$F8
f332    c9866404     i46618965    A:F8 X:F8 Y:FC S:EC P:NvUbdizc  $01:A8F4: 99 03 02 STA $0203,Y @ $02FF = #$F8
f332    c9866409     i46618966    A:F8 X:F8 Y:FC S:EC P:NvUbdizc  $01:A8F7: C8       INY
f332    c9866411     i46618967    A:F8 X:F8 Y:FD S:EC P:NvUbdizc  $01:A8F8: C8       INY
f332    c9866413     i46618968    A:F8 X:F8 Y:FE S:EC P:NvUbdizc  $01:A8F9: C8       INY
f332    c9866415     i46618969    A:F8 X:F8 Y:FF S:EC P:NvUbdizc  $01:A8FA: C8       INY
f332    c9866417     i46618970    A:F8 X:F8 Y:00 S:EC P:nvUbdiZc  $01:A8FB: D0 D8    BNE $A8D5
f332    c9866419     i46618971    A:F8 X:F8 Y:00 S:EC P:nvUbdiZc  $01:A8FD: 60       RTS (from $A215)
f332    c9866425     i46618972    A:F8 X:F8 Y:00 S:EE P:nvUbdiZc  $00:8392: A2 06    LDX #$06
f332    c9866427     i46618973    A:F8 X:06 Y:00 S:EE P:nvUbdizc  $00:8394: 20 B9 C4 JSR $C4B9
f332    c9866433     i46618974    A:F8 X:06 Y:00 S:EC P:nvUbdizc  $0F:C4B9: 86 25    STX $25 = #$02
f332    c9866436     i46618975    A:F8 X:06 Y:00 S:EC P:nvUbdizc  $0F:C4BB: A9 07    LDA #$07
f332    c9866438     i46618976    A:07 X:06 Y:00 S:EC P:nvUbdizc  $0F:C4BD: 05 22    ORA $22 = #$00
f332    c9866441     i46618977    A:07 X:06 Y:00 S:EC P:nvUbdizc  $0F:C4BF: 85 23    STA $23 = #$06
f332    c9866444     i46618978    A:07 X:06 Y:00 S:EC P:nvUbdizc  $0F:C4C1: 8D 00 80 STA $8000 = #$A5
f332    c9866448     i46618979    A:07 X:06 Y:00 S:EC P:nvUbdizc  $0F:C4C4: 8E 01 80 STX $8001 = #$27
f332    c9866452     i46618980    A:07 X:06 Y:00 S:EC P:nvUbdizc  $0F:C4C7: 60       RTS (from $C4B9)
f332    c9866458     i46618981    A:07 X:06 Y:00 S:EE P:nvUbdizc  $00:8397: 60       RTS (from $838A)
f332    c9866464     i46618982    A:07 X:06 Y:00 S:F0 P:nvUbdizc  $00:82F0: A5 4C    LDA $4C = #$00
f332    c9866467     i46618983    A:00 X:06 Y:00 S:F0 P:nvUbdiZc  $00:82F2: 10 F9    BPL $82ED
f332    c9866470     i46618984    A:00 X:06 Y:00 S:F0 P:nvUbdiZc  $00:82ED: 20 8A 83 JSR $838A
f332    c9866476     i46618985    A:00 X:06 Y:00 S:EE P:nvUbdiZc  $00:838A: A2 02    LDX #$02
f332    c9866478     i46618986    A:00 X:02 Y:00 S:EE P:nvUbdizc  $00:838C: 20 B9 C4 JSR $C4B9
f332    c9866484     i46618987    A:00 X:02 Y:00 S:EC P:nvUbdizc  $0F:C4B9: 86 25    STX $25 = #$06
f332    c9866487     i46618988    A:00 X:02 Y:00 S:EC P:nvUbdizc  $0F:C4BB: A9 07    LDA #$07
f332    c9866489     i46618989    A:07 X:02 Y:00 S:EC P:nvUbdizc  $0F:C4BD: 05 22    ORA $22 = #$00
f332    c9866492     i46618990    A:07 X:02 Y:00 S:EC P:nvUbdizc  $0F:C4BF: 85 23    STA $23 = #$07
f332    c9866495     i46618991    A:07 X:02 Y:00 S:EC P:nvUbdizc  $0F:C4C1: 8D 00 80 STA $8000 = #$A5
f332    c9866499     i46618992    A:07 X:02 Y:00 S:EC P:nvUbdizc  $0F:C4C4: 8E 01 80 STX $8001 = #$27
f338    c10044361    i46676013    A:F8 X:F8 Y:FC S:EC P:NvUbdizc  $01:A8FB: D0 D8    BNE $A8D5
f338    c10044364    i46676014    A:F8 X:F8 Y:FC S:EC P:NvUbdizc  $01:A8D5: BE 68 04 LDX $0468,Y @ $0564 = #$F8
f338    c10044369    i46676015    A:F8 X:F8 Y:FC S:EC P:NvUbdizc  $01:A8D8: B9 6A 04 LDA $046A,Y @ $0566 = #$F8
f338    c10044374    i46676016    A:F8 X:F8 Y:FC S:EC P:NvUbdizc  $01:A8DB: 29 0C    AND #$0C
f338    c10044376    i46676017    A:08 X:F8 Y:FC S:EC P:nvUbdizc  $01:A8DD: F0 02    BEQ $A8E1
f338    c10044378    i46676018    A:08 X:F8 Y:FC S:EC P:nvUbdizc  $01:A8DF: A2 F8    LDX #$F8
f338    c10044380    i46676019    A:08 X:F8 Y:FC S:EC P:NvUbdizc  $01:A8E1: 8A       TXA
f338    c10044382    i46676020    A:F8 X:F8 Y:FC S:EC P:NvUbdizc  $01:A8E2: 99 00 02 STA $0200,Y @ $02FC = #$F8
f338    c10044387    i46676021    A:F8 X:F8 Y:FC S:EC P:NvUbdizc  $01:A8E5: B9 69 04 LDA $0469,Y @ $0565 = #$F8
f338    c10044392    i46676022    A:F8 X:F8 Y:FC S:EC P:NvUbdizc  $01:A8E8: 99 01 02 STA $0201,Y @ $02FD = #$F8
f338    c10044397    i46676023    A:F8 X:F8 Y:FC S:EC P:NvUbdizc  $01:A8EB: B9 6A 04 LDA $046A,Y @ $0566 = #$F8
f338    c10044402    i46676024    A:F8 X:F8 Y:FC S:EC P:NvUbdizc  $01:A8EE: 99 02 02 STA $0202,Y @ $02FE = #$F8
f338    c10044407    i46676025    A:F8 X:F8 Y:FC S:EC P:NvUbdizc  $01:A8F1: B9 6B 04 LDA $046B,Y @ $0567 = #$F8
f338    c10044412    i46676026    A:F8 X:F8 Y:FC S:EC P:NvUbdizc  $01:A8F4: 99 03 02 STA $0203,Y @ $02FF = #$F8
f338    c10044417    i46676027    A:F8 X:F8 Y:FC S:EC P:NvUbdizc  $01:A8F7: C8       INY
f338    c10044419    i46676028    A:F8 X:F8 Y:FD S:EC P:NvUbdizc  $01:A8F8: C8       INY
f338    c10044421    i46676029    A:F8 X:F8 Y:FE S:EC P:NvUbdizc  $01:A8F9: C8       INY
f338    c10044423    i46676030    A:F8 X:F8 Y:FF S:EC P:NvUbdizc  $01:A8FA: C8       INY
f338    c10044425    i46676031    A:F8 X:F8 Y:00 S:EC P:nvUbdiZc  $01:A8FB: D0 D8    BNE $A8D5
f338    c10044427    i46676032    A:F8 X:F8 Y:00 S:EC P:nvUbdiZc  $01:A8FD: 60       RTS (from $A215)
f338    c10044433    i46676033    A:F8 X:F8 Y:00 S:EE P:nvUbdiZc  $00:8392: A2 06    LDX #$06
f338    c10044435    i46676034    A:F8 X:06 Y:00 S:EE P:nvUbdizc  $00:8394: 20 B9 C4 JSR $C4B9
f338    c10044441    i46676035    A:F8 X:06 Y:00 S:EC P:nvUbdizc  $0F:C4B9: 86 25    STX $25 = #$02
f338    c10044444    i46676036    A:F8 X:06 Y:00 S:EC P:nvUbdizc  $0F:C4BB: A9 07    LDA #$07
f338    c10044446    i46676037    A:07 X:06 Y:00 S:EC P:nvUbdizc  $0F:C4BD: 05 22    ORA $22 = #$00
f338    c10044449    i46676038    A:07 X:06 Y:00 S:EC P:nvUbdizc  $0F:C4BF: 85 23    STA $23 = #$06
f338    c10044452    i46676039    A:07 X:06 Y:00 S:EC P:nvUbdizc  $0F:C4C1: 8D 00 80 STA $8000 = #$A5
f338    c10044456    i46676040    A:07 X:06 Y:00 S:EC P:nvUbdizc  $0F:C4C4: 8E 01 80 STX $8001 = #$27
f338    c10044460    i46676041    A:07 X:06 Y:00 S:EC P:nvUbdizc  $0F:C4C7: 60       RTS (from $C4B9)
f338    c10044466    i46676042    A:07 X:06 Y:00 S:EE P:nvUbdizc  $00:8397: 60       RTS (from $838A)
f338    c10044472    i46676043    A:07 X:06 Y:00 S:F0 P:nvUbdizc  $00:82F0: A5 4C    LDA $4C = #$00
f338    c10044475    i46676044    A:00 X:06 Y:00 S:F0 P:nvUbdiZc  $00:82F2: 10 F9    BPL $82ED
f338    c10044478    i46676045    A:00 X:06 Y:00 S:F0 P:nvUbdiZc  $00:82ED: 20 8A 83 JSR $838A
f338    c10044484    i46676046    A:00 X:06 Y:00 S:EE P:nvUbdiZc  $00:838A: A2 02    LDX #$02
f338    c10044486    i46676047    A:00 X:02 Y:00 S:EE P:nvUbdizc  $00:838C: 20 B9 C4 JSR $C4B9
f338    c10044492    i46676048    A:00 X:02 Y:00 S:EC P:nvUbdizc  $0F:C4B9: 86 25    STX $25 = #$06
f338    c10044495    i46676049    A:00 X:02 Y:00 S:EC P:nvUbdizc  $0F:C4BB: A9 07    LDA #$07
f338    c10044497    i46676050    A:07 X:02 Y:00 S:EC P:nvUbdizc  $0F:C4BD: 05 22    ORA $22 = #$00
f338    c10044500    i46676051    A:07 X:02 Y:00 S:EC P:nvUbdizc  $0F:C4BF: 85 23    STA $23 = #$07
f338    c10044503    i46676052    A:07 X:02 Y:00 S:EC P:nvUbdizc  $0F:C4C1: 8D 00 80 STA $8000 = #$A5
f338    c10044507    i46676053    A:07 X:02 Y:00 S:EC P:nvUbdizc  $0F:C4C4: 8E 01 80 STX $8001 = #$27
f344    c10217451    i46731447    A:08 X:FF Y:08 S:DB P:nvUbdIzc  $06:8119: C6 F3    DEC $F3 = #$07
f344    c10217456    i46731448    A:08 X:FF Y:08 S:DB P:nvUbdIzc  $06:811B: D0 AD    BNE $80CA
f344    c10217460    i46731449    A:08 X:FF Y:08 S:DB P:nvUbdIzc  $06:80CA: AD 06 07 LDA $0706 = #$3C
f344    c10217464    i46731450    A:3C X:FF Y:08 S:DB P:nvUbdIzc  $06:80CD: 4A       LSR
f344    c10217466    i46731451    A:1E X:FF Y:08 S:DB P:nvUbdIzc  $06:80CE: 90 02    BCC $80D2
f344    c10217469    i46731452    A:1E X:FF Y:08 S:DB P:nvUbdIzc  $06:80D2: 8D 06 07 STA $0706 = #$3C
f344    c10217473    i46731453    A:1E X:FF Y:08 S:DB P:nvUbdIzc  $06:80D5: 90 35    BCC $810C
f344    c10217477    i46731454    A:1E X:FF Y:08 S:DB P:nvUbdIzc  $06:810C: 18       CLC
f344    c10217479    i46731455    A:1E X:FF Y:08 S:DB P:nvUbdIzc  $06:810D: A9 10    LDA #$10
f344    c10217481    i46731456    A:10 X:FF Y:08 S:DB P:nvUbdIzc  $06:810F: 65 F0    ADC $F0 = #$47
f344    c10217484    i46731457    A:57 X:FF Y:08 S:DB P:nvUbdIzc  $06:8111: 85 F0    STA $F0 = #$47
f344    c10217487    i46731458    A:57 X:FF Y:08 S:DB P:nvUbdIzc  $06:8113: A9 04    LDA #$04
f344    c10217489    i46731459    A:04 X:FF Y:08 S:DB P:nvUbdIzc  $06:8115: 65 F2    ADC $F2 = #$08
f344    c10217492    i46731460    A:0C X:FF Y:08 S:DB P:nvUbdIzc  $06:8117: 85 F2    STA $F2 = #$08
f344    c10217495    i46731461    A:0C X:FF Y:08 S:DB P:nvUbdIzc  $06:8119: C6 F3    DEC $F3 = #$06
f344    c10217500    i46731462    A:0C X:FF Y:08 S:DB P:nvUbdIzc  $06:811B: D0 AD    BNE $80CA
f344    c10217504    i46731463    A:0C X:FF Y:08 S:DB P:nvUbdIzc  $06:80CA: AD 06 07 LDA $0706 = #$1E
f344    c10217508    i46731464    A:1E X:FF Y:08 S:DB P:nvUbdIzc  $06:80CD: 4A       LSR
f344    c10217510    i46731465    A:0F X:FF Y:08 S:DB P:nvUbdIzc  $06:80CE: 90 02    BCC $80D2
f344    c10217513    i46731466    A:0F X:FF Y:08 S:DB P:nvUbdIzc  $06:80D2: 8D 06 07 STA $0706 = #$1E
f344    c10217517    i46731467    A:0F X:FF Y:08 S:DB P:nvUbdIzc  $06:80D5: 90 35    BCC $810C
f344    c10217521    i46731468    A:0F X:FF Y:08 S:DB P:nvUbdIzc  $06:810C: 18       CLC
f344    c10217523    i46731469    A:0F X:FF Y:08 S:DB P:nvUbdIzc  $06:810D: A9 10    LDA #$10
f344    c10217525    i46731470    A:10 X:FF Y:08 S:DB P:nvUbdIzc  $06:810F: 65 F0    ADC $F0 = #$57
f344    c10217528    i46731471    A:67 X:FF Y:08 S:DB P:nvUbdIzc  $06:8111: 85 F0    STA $F0 = #$57
f344    c10217531    i46731472    A:67 X:FF Y:08 S:DB P:nvUbdIzc  $06:8113: A9 04    LDA #$04
f344    c10217533    i46731473    A:04 X:FF Y:08 S:DB P:nvUbdIzc  $06:8115: 65 F2    ADC $F2 = #$0C
f344    c10217536    i46731474    A:10 X:FF Y:08 S:DB P:nvUbdIzc  $06:8117: 85 F2    STA $F2 = #$0C
f344    c10217539    i46731475    A:10 X:FF Y:08 S:DB P:nvUbdIzc  $06:8119: C6 F3    DEC $F3 = #$05
f344    c10217544    i46731476    A:10 X:FF Y:08 S:DB P:nvUbdIzc  $06:811B: D0 AD    BNE $80CA
f344    c10217548    i46731477    A:10 X:FF Y:08 S:DB P:nvUbdIzc  $06:80CA: AD 06 07 LDA $0706 = #$0F
f344    c10217552    i46731478    A:0F X:FF Y:08 S:DB P:nvUbdIzc  $06:80CD: 4A       LSR
f344    c10217554    i46731479    A:07 X:FF Y:08 S:DB P:nvUbdIzC  $06:80CE: 90 02    BCC $80D2
f344    c10217556    i46731480    A:07 X:FF Y:08 S:DB P:nvUbdIzC  $06:80D0: 09 80    ORA #$80
f344    c10217558    i46731481    A:87 X:FF Y:08 S:DB P:NvUbdIzC  $06:80D2: 8D 06 07 STA $0706 = #$0F
f344    c10217562    i46731482    A:87 X:FF Y:08 S:DB P:NvUbdIzC  $06:80D5: 90 35    BCC $810C
f344    c10217564    i46731483    A:87 X:FF Y:08 S:DB P:NvUbdIzC  $06:80D7: A6 F2    LDX $F2 = #$10
f344    c10217567    i46731484    A:87 X:10 Y:08 S:DB P:nvUbdIzC  $06:80D9: DE 07 07 DEC $0707,X @ $0717 = #$03
f344    c10217574    i46731485    A:87 X:10 Y:08 S:DB P:nvUbdIzC  $06:80DC: D0 03    BNE $80E1
f344    c10217577    i46731486    A:87 X:10 Y:08 S:DB P:nvUbdIzC  $06:80E1: A6 F2    LDX $F2 = #$10
f344    c10217580    i46731487    A:87 X:10 Y:08 S:DB P:nvUbdIzC  $06:80E3: DE 09 07 DEC $0709,X @ $0719 = #$01
f344    c10217587    i46731488    A:87 X:10 Y:08 S:DB P:nvUbdIZC  $06:80E6: D0 21    BNE $8109
f344    c10227501    i46734544    A:00 X:15 Y:00 S:E0 P:nvUbdiZc  $00:9FCF: 95 02    STA $02,X @ $0017 = #$00
f344    c10227505    i46734545    A:00 X:15 Y:00 S:E0 P:nvUbdiZc  $00:9FD1: AD 25 00 LDA $0025 = #$02
f344    c10227509    i46734546    A:02 X:15 Y:00 S:E0 P:nvUbdizc  $00:9FD4: 95 03    STA $03,X @ $0018 = #$02
f344    c10227513    i46734547    A:02 X:15 Y:00 S:E0 P:nvUbdizc  $00:9FD6: A5 19    LDA $19 = #$01
f344    c10227516    i46734548    A:01 X:15 Y:00 S:E0 P:nvUbdizc  $00:9FD8: F0 04    BEQ $9FDE
f344    c10227518    i46734549    A:01 X:15 Y:00 S:E0 P:nvUbdizc  $00:9FDA: C9 FF    CMP #$FF
f344    c10227520    i46734550    A:01 X:15 Y:00 S:E0 P:nvUbdizc  $00:9FDC: D0 02    BNE $9FE0
f344    c10227523    i46734551    A:01 X:15 Y:00 S:E0 P:nvUbdizc  $00:9FE0: 95 00    STA $00,X @ $0015 = #$00
f344    c10227527    i46734552    A:01 X:15 Y:00 S:E0 P:nvUbdizc  $00:9FE2: 4C FB 9E JMP $9EFB
f344    c10227530    i46734553    A:01 X:15 Y:00 S:E0 P:nvUbdizc  $00:9EFB: 8A       TXA
f344    c10227532    i46734554    A:15 X:15 Y:00 S:E0 P:nvUbdizc  $00:9EFC: 18       CLC
f344    c10227534    i46734555    A:15 X:15 Y:00 S:E0 P:nvUbdizc  $00:9EFD: 69 04    ADC #$04
f344    c10227536    i46734556    A:19 X:15 Y:00 S:E0 P:nvUbdizc  $00:9EFF: AA       TAX
f344    c10227538    i46734557    A:19 X:19 Y:00 S:E0 P:nvUbdizc  $00:9F00: E0 19    CPX #$19
f344    c10227540    i46734558    A:19 X:19 Y:00 S:E0 P:nvUbdiZC  $00:9F02: D0 EB    BNE $9EEF
f344    c10227542    i46734559    A:19 X:19 Y:00 S:E0 P:nvUbdiZC  $00:9F04: A5 1B    LDA $1B = #$40
f344    c10227545    i46734560    A:40 X:19 Y:00 S:E0 P:nvUbdizC  $00:9F06: 10 FC    BPL $9F04
f344    c10227548    i46734561    A:40 X:19 Y:00 S:E0 P:nvUbdizC  $00:9F04: A5 1B    LDA $1B = #$40
f344    c10227551    i46734562    A:40 X:19 Y:00 S:E0 P:nvUbdizC  $00:9F06: 10 FC    BPL $9F04
f344    c10227554    i46734563    A:40 X:19 Y:00 S:E0 P:nvUbdizC  $00:9F04: A5 1B    LDA $1B = #$40
f344    c10227557    i46734564    A:40 X:19 Y:00 S:E0 P:nvUbdizC  $00:9F06: 10 FC    BPL $9F04
f344    c10227560    i46734565    A:40 X:19 Y:00 S:E0 P:nvUbdizC  $00:9F04: A5 1B    LDA $1B = #$40
f344    c10227563    i46734566    A:40 X:19 Y:00 S:E0 P:nvUbdizC  $00:9F06: 10 FC    BPL $9F04
f344    c10227566    i46734567    A:40 X:19 Y:00 S:E0 P:nvUbdizC  $00:9F04: A5 1B    LDA $1B = #$40
f344    c10227569    i46734568    A:40 X:19 Y:00 S:E0 P:nvUbdizC  $00:9F06: 10 FC    BPL $9F04
f344    c10227572    i46734569    A:40 X:19 Y:00 S:E0 P:nvUbdizC  $00:9F04: A5 1B    LDA $1B = #$40
f344    c10227575    i46734570    A:40 X:19 Y:00 S:E0 P:nvUbdizC  $00:9F06: 10 FC    BPL $9F04
f344    c10227578    i46734571    A:40 X:19 Y:00 S:E0 P:nvUbdizC  $00:9F04: A5 1B    LDA $1B = #$40
f344    c10227581    i46734572    A:40 X:19 Y:00 S:E0 P:nvUbdizC  $00:9F06: 10 FC    BPL $9F04
f344    c10227584    i46734573    A:40 X:19 Y:00 S:E0 P:nvUbdizC  $00:9F04: A5 1B    LDA $1B = #$40
f344    c10227587    i46734574    A:40 X:19 Y:00 S:E0 P:nvUbdizC  $00:9F06: 10 FC    BPL $9F04
f344    c10227590    i46734575    A:40 X:19 Y:00 S:E0 P:nvUbdizC  $00:9F04: A5 1B    LDA $1B = #$40
f344    c10227593    i46734576    A:40 X:19 Y:00 S:E0 P:nvUbdizC  $00:9F06: 10 FC    BPL $9F04
f344    c10227596    i46734577    A:40 X:19 Y:00 S:E0 P:nvUbdizC  $00:9F04: A5 1B    LDA $1B = #$40
f344    c10227599    i46734578    A:40 X:19 Y:00 S:E0 P:nvUbdizC  $00:9F06: 10 FC    BPL $9F04
f344    c10227602    i46734579    A:40 X:19 Y:00 S:E0 P:nvUbdizC  $00:9F04: A5 1B    LDA $1B = #$40
f344    c10227605    i46734580    A:40 X:19 Y:00 S:E0 P:nvUbdizC  $00:9F06: 10 FC    BPL $9F04
f344    c10227608    i46734581    A:40 X:19 Y:00 S:E0 P:nvUbdizC  $00:9F04: A5 1B    LDA $1B = #$40
f344    c10227611    i46734582    A:40 X:19 Y:00 S:E0 P:nvUbdizC  $00:9F06: 10 FC    BPL $9F04
f344    c10227614    i46734583    A:40 X:19 Y:00 S:E0 P:nvUbdizC  $00:9F04: A5 1B    LDA $1B = #$40
f344    c10227617    i46734584    A:40 X:19 Y:00 S:E0 P:nvUbdizC  $00:9F06: 10 FC    BPL $9F04
f344    c10227620    i46734585    A:40 X:19 Y:00 S:E0 P:nvUbdizC  $00:9F04: A5 1B    LDA $1B = #$40
f345    c10247230    i46740917    A:08 X:FF Y:08 S:DB P:nvUbdIzc  $06:8119: C6 F3    DEC $F3 = #$07
f345    c10247235    i46740918    A:08 X:FF Y:08 S:DB P:nvUbdIzc  $06:811B: D0 AD    BNE $80CA
f345    c10247239    i46740919    A:08 X:FF Y:08 S:DB P:nvUbdIzc  $06:80CA: AD 06 07 LDA $0706 = #$3C
f345    c10247243    i46740920    A:3C X:FF Y:08 S:DB P:nvUbdIzc  $06:80CD: 4A       LSR
f345    c10247245    i46740921    A:1E X:FF Y:08 S:DB P:nvUbdIzc  $06:80CE: 90 02    BCC $80D2
f345    c10247248    i46740922    A:1E X:FF Y:08 S:DB P:nvUbdIzc  $06:80D2: 8D 06 07 STA $0706 = #$3C
f345    c10247252    i46740923    A:1E X:FF Y:08 S:DB P:nvUbdIzc  $06:80D5: 90 35    BCC $810C
f345    c10247256    i46740924    A:1E X:FF Y:08 S:DB P:nvUbdIzc  $06:810C: 18       CLC
f345    c10247258    i46740925    A:1E X:FF Y:08 S:DB P:nvUbdIzc  $06:810D: A9 10    LDA #$10
f345    c10247260    i46740926    A:10 X:FF Y:08 S:DB P:nvUbdIzc  $06:810F: 65 F0    ADC $F0 = #$47
f345    c10247263    i46740927    A:57 X:FF Y:08 S:DB P:nvUbdIzc  $06:8111: 85 F0    STA $F0 = #$47
f345    c10247266    i46740928    A:57 X:FF Y:08 S:DB P:nvUbdIzc  $06:8113: A9 04    LDA #$04
f345    c10247268    i46740929    A:04 X:FF Y:08 S:DB P:nvUbdIzc  $06:8115: 65 F2    ADC $F2 = #$08
f345    c10247271    i46740930    A:0C X:FF Y:08 S:DB P:nvUbdIzc  $06:8117: 85 F2    STA $F2 = #$08
f345    c10247274    i46740931    A:0C X:FF Y:08 S:DB P:nvUbdIzc  $06:8119: C6 F3    DEC $F3 = #$06
f345    c10247279    i46740932    A:0C X:FF Y:08 S:DB P:nvUbdIzc  $06:811B: D0 AD    BNE $80CA
f345    c10247283    i46740933    A:0C X:FF Y:08 S:DB P:nvUbdIzc  $06:80CA: AD 06 07 LDA $0706 = #$1E
f345    c10247287    i46740934    A:1E X:FF Y:08 S:DB P:nvUbdIzc  $06:80CD: 4A       LSR
f345    c10247289    i46740935    A:0F X:FF Y:08 S:DB P:nvUbdIzc  $06:80CE: 90 02    BCC $80D2
f345    c10247292    i46740936    A:0F X:FF Y:08 S:DB P:nvUbdIzc  $06:80D2: 8D 06 07 STA $0706 = #$1E
f345    c10247296    i46740937    A:0F X:FF Y:08 S:DB P:nvUbdIzc  $06:80D5: 90 35    BCC $810C
f345    c10247300    i46740938    A:0F X:FF Y:08 S:DB P:nvUbdIzc  $06:810C: 18       CLC
f345    c10247302    i46740939    A:0F X:FF Y:08 S:DB P:nvUbdIzc  $06:810D: A9 10    LDA #$10
f345    c10247304    i46740940    A:10 X:FF Y:08 S:DB P:nvUbdIzc  $06:810F: 65 F0    ADC $F0 = #$57
f345    c10247307    i46740941    A:67 X:FF Y:08 S:DB P:nvUbdIzc  $06:8111: 85 F0    STA $F0 = #$57
f345    c10247310    i46740942    A:67 X:FF Y:08 S:DB P:nvUbdIzc  $06:8113: A9 04    LDA #$04
f345    c10247312    i46740943    A:04 X:FF Y:08 S:DB P:nvUbdIzc  $06:8115: 65 F2    ADC $F2 = #$0C
f345    c10247315    i46740944    A:10 X:FF Y:08 S:DB P:nvUbdIzc  $06:8117: 85 F2    STA $F2 = #$0C
f345    c10247318    i46740945    A:10 X:FF Y:08 S:DB P:nvUbdIzc  $06:8119: C6 F3    DEC $F3 = #$05
f345    c10247323    i46740946    A:10 X:FF Y:08 S:DB P:nvUbdIzc  $06:811B: D0 AD    BNE $80CA
f345    c10247327    i46740947    A:10 X:FF Y:08 S:DB P:nvUbdIzc  $06:80CA: AD 06 07 LDA $0706 = #$0F
f345    c10247331    i46740948    A:0F X:FF Y:08 S:DB P:nvUbdIzc  $06:80CD: 4A       LSR
f345    c10247333    i46740949    A:07 X:FF Y:08 S:DB P:nvUbdIzC  $06:80CE: 90 02    BCC $80D2
f345    c10247335    i46740950    A:07 X:FF Y:08 S:DB P:nvUbdIzC  $06:80D0: 09 80    ORA #$80
f345    c10247337    i46740951    A:87 X:FF Y:08 S:DB P:NvUbdIzC  $06:80D2: 8D 06 07 STA $0706 = #$0F
f345    c10247341    i46740952    A:87 X:FF Y:08 S:DB P:NvUbdIzC  $06:80D5: 90 35    BCC $810C
f345    c10247343    i46740953    A:87 X:FF Y:08 S:DB P:NvUbdIzC  $06:80D7: A6 F2    LDX $F2 = #$10
f345    c10247346    i46740954    A:87 X:10 Y:08 S:DB P:nvUbdIzC  $06:80D9: DE 07 07 DEC $0707,X @ $0717 = #$02
f345    c10247353    i46740955    A:87 X:10 Y:08 S:DB P:nvUbdIzC  $06:80DC: D0 03    BNE $80E1
f345    c10247356    i46740956    A:87 X:10 Y:08 S:DB P:nvUbdIzC  $06:80E1: A6 F2    LDX $F2 = #$10
f345    c10247359    i46740957    A:87 X:10 Y:08 S:DB P:nvUbdIzC  $06:80E3: DE 09 07 DEC $0709,X @ $0719 = #$FF
f345    c10247366    i46740958    A:87 X:10 Y:08 S:DB P:NvUbdIzC  $06:80E6: D0 21    BNE $8109
f345    c10249490    i46741634    A:AA X:3B Y:00 S:3D P:NvUbdizc  $00:9F3B: 68       PLA
f345    c10249494    i46741635    A:02 X:3B Y:00 S:3E P:nvUbdizc  $00:9F3C: 85 E8    STA $E8 = #$00
f345    c10249497    i46741636    A:02 X:3B Y:00 S:3E P:nvUbdizc  $00:9F3E: 68       PLA
f345    c10249501    i46741637    A:20 X:3B Y:00 S:3F P:nvUbdizc  $00:9F3F: 85 E9    STA $E9 = #$20
f345    c10249504    i46741638    A:20 X:3B Y:00 S:3F P:nvUbdizc  $00:9F41: 68       PLA
f345    c10249508    i46741639    A:6B X:3B Y:00 S:40 P:nvUbdizc  $00:9F42: 85 EA    STA $EA = #$00
f345    c10249511    i46741640    A:6B X:3B Y:00 S:40 P:nvUbdizc  $00:9F44: 68       PLA
f345    c10249515    i46741641    A:A4 X:3B Y:00 S:41 P:NvUbdizc  $00:9F45: 85 EB    STA $EB = #$55
f345    c10249518    i46741642    A:A4 X:3B Y:00 S:41 P:NvUbdizc  $00:9F47: 68       PLA
f345    c10249522    i46741643    A:40 X:3B Y:00 S:42 P:nvUbdizc  $00:9F48: 85 EC    STA $EC = #$00
f345    c10249525    i46741644    A:40 X:3B Y:00 S:42 P:nvUbdizc  $00:9F4A: 68       PLA
f345    c10249529    i46741645    A:0D X:3B Y:00 S:43 P:nvUbdizc  $00:9F4B: 85 ED    STA $ED = #$02
f345    c10249532    i46741646    A:0D X:3B Y:00 S:43 P:nvUbdizc  $00:9F4D: 68       PLA
f345    c10249536    i46741647    A:4C X:3B Y:00 S:44 P:nvUbdizc  $00:9F4E: A8       TAY
f345    c10249538    i46741648    A:4C X:3B Y:4C S:44 P:nvUbdizc  $00:9F4F: 68       PLA
f345    c10249542    i46741649    A:20 X:3B Y:4C S:45 P:nvUbdizc  $00:9F50: AA       TAX
f345    c10249544    i46741650    A:20 X:20 Y:4C S:45 P:nvUbdizc  $00:9F51: 60       RTS (from $9FA8)
f345    c10249550    i46741651    A:20 X:20 Y:4C S:47 P:nvUbdizc  $00:9B33: 68       PLA
f345    c10249554    i46741652    A:04 X:20 Y:4C S:48 P:nvUbdizc  $00:9B34: 4C 28 9B JMP $9B28
f345    c10249557    i46741653    A:04 X:20 Y:4C S:48 P:nvUbdizc  $00:9B28: 48       PHA
f345    c10249560    i46741654    A:04 X:20 Y:4C S:47 P:nvUbdizc  $00:9B29: 2C 29 06 BIT $0629 = #$04
f345    c10249564    i46741655    A:04 X:20 Y:4C S:47 P:nvUbdizc  $00:9B2C: 50 09    BVC $9B37
f345    c10249567    i46741656    A:04 X:20 Y:4C S:47 P:nvUbdizc  $00:9B37: 29 3F    AND #$3F
f345    c10249569    i46741657    A:04 X:20 Y:4C S:47 P:nvUbdizc  $00:9B39: 18       CLC
f345    c10249571    i46741658    A:04 X:20 Y:4C S:47 P:nvUbdizc  $00:9B3A: 6D 28 06 ADC $0628 = #$00
f345    c10249575    i46741659    A:04 X:20 Y:4C S:47 P:nvUbdizc  $00:9B3D: C9 3D    CMP #$3D
f345    c10249577    i46741660    A:04 X:20 Y:4C S:47 P:NvUbdizc  $00:9B3F: B0 ED    BCS $9B2E
f345    c10249579    i46741661    A:04 X:20 Y:4C S:47 P:NvUbdizc  $00:9B41: 68       PLA
f345    c10249583    i46741662    A:04 X:20 Y:4C S:48 P:nvUbdizc  $00:9B42: 09 40    ORA #$40
f345    c10249585    i46741663    A:44 X:20 Y:4C S:48 P:nvUbdizc  $00:9B44: 8D 29 06 STA $0629 = #$04
f345    c10249589    i46741664    A:44 X:20 Y:4C S:48 P:nvUbdizc  $00:9B47: 8A       TXA
f345    c10249591    i46741665    A:20 X:20 Y:4C S:48 P:nvUbdizc  $00:9B48: AE 28 06 LDX $0628 = #$00
f345    c10249595    i46741666    A:20 X:00 Y:4C S:48 P:nvUbdiZc  $00:9B4B: 9D EA 05 STA $05EA,X @ $05EA = #$20
f345    c10249600    i46741667    A:20 X:00 Y:4C S:48 P:nvUbdiZc  $00:9B4E: 98       TYA
f345    c10249602    i46741668    A:4C X:00 Y:4C S:48 P:nvUbdizc  $00:9B4F: 9D E9 05 STA $05E9,X @ $05E9 = #$64
f345    c10249607    i46741669    A:4C X:00 Y:4C S:48 P:nvUbdizc  $00:9B52: AD 29 06 LDA $0629 = #$44
f345    c10249611    i46741670    A:44 X:00 Y:4C S:48 P:nvUbdizc  $00:9B55: 29 BF    AND #$BF
f345    c10249613    i46741671    A:04 X:00 Y:4C S:48 P:nvUbdizc  $00:9B57: 9D E8 05 STA $05E8,X @ $05E8 = #$04
f345    c10249618    i46741672    A:04 X:00 Y:4C S:48 P:nvUbdizc  $00:9B5A: E8       INX
f345    c10249620    i46741673    A:04 X:01 Y:4C S:48 P:nvUbdizc  $00:9B5B: E8       INX
f345    c10249622    i46741674    A:04 X:02 Y:4C S:48 P:nvUbdizc  $00:9B5C: E8       INX
f345    c10249624    i46741675    A:04 X:03 Y:4C S:48 P:nvUbdizc  $00:9B5D: 60       RTS (from $9B28)
f345    c10249630    i46741676    A:04 X:03 Y:4C S:4A P:nvUbdizc  $00:8F47: A0 00    LDY #$00
f347    c10305226    i46759343    A:00 X:1C Y:01 S:DB P:nvUbdIzC  $01:A036: BD EB 05 LDA $05EB,X @ $0607 = #$00
f347    c10305231    i46759344    A:00 X:1C Y:01 S:DB P:nvUbdIZC  $01:A039: 8D 07 20 STA $2007 = #$00
f347    c10305235    i46759345    A:00 X:1C Y:01 S:DB P:nvUbdIZC  $01:A03C: E8       INX
f347    c10305237    i46759346    A:00 X:1D Y:01 S:DB P:nvUbdIzC  $01:A03D: 88       DEY
f347    c10305239    i46759347    A:00 X:1D Y:00 S:DB P:nvUbdIZC  $01:A03E: D0 F6    BNE $A036
f347    c10305241    i46759348    A:00 X:1D Y:00 S:DB P:nvUbdIZC  $01:A040: E8       INX
f347    c10305243    i46759349    A:00 X:1E Y:00 S:DB P:nvUbdIzC  $01:A041: E8       INX
f347    c10305245    i46759350    A:00 X:1F Y:00 S:DB P:nvUbdIzC  $01:A042: E8       INX
f347    c10305247    i46759351    A:00 X:20 Y:00 S:DB P:nvUbdIzC  $01:A043: BD E8 05 LDA $05E8,X @ $0608 = #$04
f347    c10305252    i46759352    A:04 X:20 Y:00 S:DB P:nvUbdIzC  $01:A046: D0 D3    BNE $A01B
f347    c10305255    i46759353    A:04 X:20 Y:00 S:DB P:nvUbdIzC  $01:A01B: A0 80    LDY #$80
f347    c10305257    i46759354    A:04 X:20 Y:80 S:DB P:NvUbdIzC  $01:A01D: BD E8 05 LDA $05E8,X @ $0608 = #$04
f347    c10305262    i46759355    A:04 X:20 Y:80 S:DB P:nvUbdIzC  $01:A020: 10 04    BPL $A026
f347    c10305265    i46759356    A:04 X:20 Y:80 S:DB P:nvUbdIzC  $01:A026: 8C 00 20 STY $2000 = #$80
f347    c10305269    i46759357    A:04 X:20 Y:80 S:DB P:nvUbdIzC  $01:A029: A8       TAY
f347    c10305271    i46759358    A:04 X:20 Y:04 S:DB P:nvUbdIzC  $01:A02A: BD EA 05 LDA $05EA,X @ $060A = #$20
f347    c10305276    i46759359    A:20 X:20 Y:04 S:DB P:nvUbdIzC  $01:A02D: 8D 06 20 STA $2006 = #$1C
f347    c10305280    i46759360    A:20 X:20 Y:04 S:DB P:nvUbdIzC  $01:A030: BD E9 05 LDA $05E9,X @ $0609 = #$38
f347    c10305285    i46759361    A:38 X:20 Y:04 S:DB P:nvUbdIzC  $01:A033: 8D 06 20 STA $2006 = #$1C
f347    c10305289    i46759362    A:38 X:20 Y:04 S:DB P:nvUbdIzC  $01:A036: BD EB 05 LDA $05EB,X @ $060B = #$00
f347    c10305294    i46759363    A:00 X:20 Y:04 S:DB P:nvUbdIZC  $01:A039: 8D 07 20 STA $2007 = #$00
f347    c10305298    i46759364    A:00 X:20 Y:04 S:DB P:nvUbdIZC  $01:A03C: E8       INX
f347    c10305300    i46759365    A:00 X:21 Y:04 S:DB P:nvUbdIzC  $01:A03D: 88       DEY
f347    c10305302    i46759366    A:00 X:21 Y:03 S:DB P:nvUbdIzC  $01:A03E: D0 F6    BNE $A036
f347    c10305305    i46759367    A:00 X:21 Y:03 S:DB P:nvUbdIzC  $01:A036: BD EB 05 LDA $05EB,X @ $060C = #$00
f347    c10305310    i46759368    A:00 X:21 Y:03 S:DB P:nvUbdIZC  $01:A039: 8D 07 20 STA $2007 = #$00
f347    c10305314    i46759369    A:00 X:21 Y:03 S:DB P:nvUbdIZC  $01:A03C: E8       INX
f347    c10305316    i46759370    A:00 X:22 Y:03 S:DB P:nvUbdIzC  $01:A03D: 88       DEY
f347    c10305318    i46759371    A:00 X:22 Y:02 S:DB P:nvUbdIzC  $01:A03E: D0 F6    BNE $A036
f347    c10305321    i46759372    A:00 X:22 Y:02 S:DB P:nvUbdIzC  $01:A036: BD EB 05 LDA $05EB,X @ $060D = #$00
f347    c10305326    i46759373    A:00 X:22 Y:02 S:DB P:nvUbdIZC  $01:A039: 8D 07 20 STA $2007 = #$00
f347    c10305330    i46759374    A:00 X:22 Y:02 S:DB P:nvUbdIZC  $01:A03C: E8       INX
f347    c10305332    i46759375    A:00 X:23 Y:02 S:DB P:nvUbdIzC  $01:A03D: 88       DEY
f347    c10305334    i46759376    A:00 X:23 Y:01 S:DB P:nvUbdIzC  $01:A03E: D0 F6    BNE $A036
f347    c10305337    i46759377    A:00 X:23 Y:01 S:DB P:nvUbdIzC  $01:A036: BD EB 05 LDA $05EB,X @ $060E = #$00
f347    c10305342    i46759378    A:00 X:23 Y:01 S:DB P:nvUbdIZC  $01:A039: 8D 07 20 STA $2007 = #$00
f347    c10305346    i46759379    A:00 X:23 Y:01 S:DB P:nvUbdIZC  $01:A03C: E8       INX
f347    c10305348    i46759380    A:00 X:24 Y:01 S:DB P:nvUbdIzC  $01:A03D: 88       DEY
f347    c10305350    i46759381    A:00 X:24 Y:00 S:DB P:nvUbdIZC  $01:A03E: D0 F6    BNE $A036
f347    c10305352    i46759382    A:00 X:24 Y:00 S:DB P:nvUbdIZC  $01:A040: E8       INX
f347    c10305354    i46759383    A:00 X:25 Y:00 S:DB P:nvUbdIzC  $01:A041: E8       INX
f347    c10305356    i46759384    A:00 X:26 Y:00 S:DB P:nvUbdIzC  $01:A042: E8       INX
f347    c10306166    i46759638    A:00 X:01 Y:07 S:DB P:nvUbdIzc  $01:A0ED: BD 15 40 LDA $4015,X @ $4016 = #$00
f347    c10306170    i46759639    A:40 X:01 Y:07 S:DB P:nvUbdIzc  $01:A0F0: 4A       LSR
f347    c10306172    i46759640    A:20 X:01 Y:07 S:DB P:nvUbdIzc  $01:A0F1: 26 3F    ROL $3F = #$00
f347    c10306177    i46759641    A:20 X:01 Y:07 S:DB P:nvUbdIZc  $01:A0F3: 29 01    AND #$01
f347    c10306179    i46759642    A:00 X:01 Y:07 S:DB P:nvUbdIZc  $01:A0F5: 05 3F    ORA $3F = #$00
f347    c10306182    i46759643    A:00 X:01 Y:07 S:DB P:nvUbdIZc  $01:A0F7: 85 3F    STA $3F = #$00
f347    c10306185    i46759644    A:00 X:01 Y:07 S:DB P:nvUbdIZc  $01:A0F9: 88       DEY
f347    c10306187    i46759645    A:00 X:01 Y:06 S:DB P:nvUbdIzc  $01:A0FA: D0 F1    BNE $A0ED
f347    c10306190    i46759646    A:00 X:01 Y:06 S:DB P:nvUbdIzc  $01:A0ED: BD 15 40 LDA $4015,X @ $4016 = #$00
f347    c10306194    i46759647    A:40 X:01 Y:06 S:DB P:nvUbdIzc  $01:A0F0: 4A       LSR
f347    c10306196    i46759648    A:20 X:01 Y:06 S:DB P:nvUbdIzc  $01:A0F1: 26 3F    ROL $3F = #$00
f347    c10306201    i46759649    A:20 X:01 Y:06 S:DB P:nvUbdIZc  $01:A0F3: 29 01    AND #$01
f347    c10306203    i46759650    A:00 X:01 Y:06 S:DB P:nvUbdIZc  $01:A0F5: 05 3F    ORA $3F = #$00
f347    c10306206    i46759651    A:00 X:01 Y:06 S:DB P:nvUbdIZc  $01:A0F7: 85 3F    STA $3F = #$00
f347    c10306209    i46759652    A:00 X:01 Y:06 S:DB P:nvUbdIZc  $01:A0F9: 88       DEY
f347    c10306211    i46759653    A:00 X:01 Y:05 S:DB P:nvUbdIzc  $01:A0FA: D0 F1    BNE $A0ED
f347    c10306214    i46759654    A:00 X:01 Y:05 S:DB P:nvUbdIzc  $01:A0ED: BD 15 40 LDA $4015,X @ $4016 = #$00
f347    c10306218    i46759655    A:40 X:01 Y:05 S:DB P:nvUbdIzc  $01:A0F0: 4A       LSR
f347    c10306220    i46759656    A:20 X:01 Y:05 S:DB P:nvUbdIzc  $01:A0F1: 26 3F    ROL $3F = #$00
f347    c10306225    i46759657    A:20 X:01 Y:05 S:DB P:nvUbdIZc  $01:A0F3: 29 01    AND #$01
f347    c10306227    i46759658    A:00 X:01 Y:05 S:DB P:nvUbdIZc  $01:A0F5: 05 3F    ORA $3F = #$00
f347    c10306230    i46759659    A:00 X:01 Y:05 S:DB P:nvUbdIZc  $01:A0F7: 85 3F    STA $3F = #$00
f347    c10306233    i46759660    A:00 X:01 Y:05 S:DB P:nvUbdIZc  $01:A0F9: 88       DEY
f347    c10306235    i46759661    A:00 X:01 Y:04 S:DB P:nvUbdIzc  $01:A0FA: D0 F1    BNE $A0ED
f347    c10306238    i46759662    A:00 X:01 Y:04 S:DB P:nvUbdIzc  $01:A0ED: BD 15 40 LDA $4015,X @ $4016 = #$00
f347    c10306242    i46759663    A:40 X:01 Y:04 S:DB P:nvUbdIzc  $01:A0F0: 4A       LSR
f347    c10306244    i46759664    A:20 X:01 Y:04 S:DB P:nvUbdIzc  $01:A0F1: 26 3F    ROL $3F = #$00
f347    c10306249    i46759665    A:20 X:01 Y:04 S:DB P:nvUbdIZc  $01:A0F3: 29 01    AND #$01
f347    c10306251    i46759666    A:00 X:01 Y:04 S:DB P:nvUbdIZc  $01:A0F5: 05 3F    ORA $3F = #$00
f347    c10306254    i46759667    A:00 X:01 Y:04 S:DB P:nvUbdIZc  $01:A0F7: 85 3F    STA $3F = #$00
f347    c10306257    i46759668    A:00 X:01 Y:04 S:DB P:nvUbdIZc  $01:A0F9: 88       DEY
f347    c10306259    i46759669    A:00 X:01 Y:03 S:DB P:nvUbdIzc  $01:A0FA: D0 F1    BNE $A0ED
f347    c10306262    i46759670    A:00 X:01 Y:03 S:DB P:nvUbdIzc  $01:A0ED: BD 15 40 LDA $4015,X @ $4016 = #$00
f347    c10306266    i46759671    A:40 X:01 Y:03 S:DB P:nvUbdIzc  $01:A0F0: 4A       LSR
f347    c10306268    i46759672    A:20 X:01 Y:03 S:DB P:nvUbdIzc  $01:A0F1: 26 3F    ROL $3F = #$00
f347    c10306273    i46759673    A:20 X:01 Y:03 S:DB P:nvUbdIZc  $01:A0F3: 29 01    AND #$01
f347    c10306275    i46759674    A:00 X:01 Y:03 S:DB P:nvUbdIZc  $01:A0F5: 05 3F    ORA $3F = #$00
f347    c10306278    i46759675    A:00 X:01 Y:03 S:DB P:nvUbdIZc  $01:A0F7: 85 3F    STA $3F = #$00
f347    c10306281    i46759676    A:00 X:01 Y:03 S:DB P:nvUbdIZc  $01:A0F9: 88       DEY
f347    c10306283    i46759677    A:00 X:01 Y:02 S:DB P:nvUbdIzc  $01:A0FA: D0 F1    BNE $A0ED
f347    c10306286    i46759678    A:00 X:01 Y:02 S:DB P:nvUbdIzc  $01:A0ED: BD 15 40 LDA $4015,X @ $4016 = #$00
f347    c10306290    i46759679    A:40 X:01 Y:02 S:DB P:nvUbdIzc  $01:A0F0: 4A       LSR
f348    c10335007    i46768818    A:C0 X:1C Y:01 S:DB P:NvUbdIzC  $01:A036: BD EB 05 LDA $05EB,X @ $0607 = #$AA
f348    c10335012    i46768819    A:AA X:1C Y:01 S:DB P:NvUbdIzC  $01:A039: 8D 07 20 STA $2007 = #$00
f348    c10335016    i46768820    A:AA X:1C Y:01 S:DB P:NvUbdIzC  $01:A03C: E8       INX
f348    c10335018    i46768821    A:AA X:1D Y:01 S:DB P:nvUbdIzC  $01:A03D: 88       DEY
f348    c10335020    i46768822    A:AA X:1D Y:00 S:DB P:nvUbdIZC  $01:A03E: D0 F6    BNE $A036
f348    c10335022    i46768823    A:AA X:1D Y:00 S:DB P:nvUbdIZC  $01:A040: E8       INX
f348    c10335024    i46768824    A:AA X:1E Y:00 S:DB P:nvUbdIzC  $01:A041: E8       INX
f348    c10335026    i46768825    A:AA X:1F Y:00 S:DB P:nvUbdIzC  $01:A042: E8       INX
f348    c10335028    i46768826    A:AA X:20 Y:00 S:DB P:nvUbdIzC  $01:A043: BD E8 05 LDA $05E8,X @ $0608 = #$04
f348    c10335033    i46768827    A:04 X:20 Y:00 S:DB P:nvUbdIzC  $01:A046: D0 D3    BNE $A01B
f348    c10335036    i46768828    A:04 X:20 Y:00 S:DB P:nvUbdIzC  $01:A01B: A0 80    LDY #$80
f348    c10335038    i46768829    A:04 X:20 Y:80 S:DB P:NvUbdIzC  $01:A01D: BD E8 05 LDA $05E8,X @ $0608 = #$04
f348    c10335043    i46768830    A:04 X:20 Y:80 S:DB P:nvUbdIzC  $01:A020: 10 04    BPL $A026
f348    c10335046    i46768831    A:04 X:20 Y:80 S:DB P:nvUbdIzC  $01:A026: 8C 00 20 STY $2000 = #$80
f348    c10335050    i46768832    A:04 X:20 Y:80 S:DB P:nvUbdIzC  $01:A029: A8       TAY
f348    c10335052    i46768833    A:04 X:20 Y:04 S:DB P:nvUbdIzC  $01:A02A: BD EA 05 LDA $05EA,X @ $060A = #$24
f348    c10335057    i46768834    A:24 X:20 Y:04 S:DB P:nvUbdIzC  $01:A02D: 8D 06 20 STA $2006 = #$C1
f348    c10335061    i46768835    A:24 X:20 Y:04 S:DB P:nvUbdIzC  $01:A030: BD E9 05 LDA $05E9,X @ $0609 = #$00
f348    c10335066    i46768836    A:00 X:20 Y:04 S:DB P:nvUbdIZC  $01:A033: 8D 06 20 STA $2006 = #$C1
f348    c10335070    i46768837    A:00 X:20 Y:04 S:DB P:nvUbdIZC  $01:A036: BD EB 05 LDA $05EB,X @ $060B = #$00
f348    c10335075    i46768838    A:00 X:20 Y:04 S:DB P:nvUbdIZC  $01:A039: 8D 07 20 STA $2007 = #$00
f348    c10335079    i46768839    A:00 X:20 Y:04 S:DB P:nvUbdIZC  $01:A03C: E8       INX
f348    c10335081    i46768840    A:00 X:21 Y:04 S:DB P:nvUbdIzC  $01:A03D: 88       DEY
f348    c10335083    i46768841    A:00 X:21 Y:03 S:DB P:nvUbdIzC  $01:A03E: D0 F6    BNE $A036
f348    c10335086    i46768842    A:00 X:21 Y:03 S:DB P:nvUbdIzC  $01:A036: BD EB 05 LDA $05EB,X @ $060C = #$00
f348    c10335091    i46768843    A:00 X:21 Y:03 S:DB P:nvUbdIZC  $01:A039: 8D 07 20 STA $2007 = #$00
f348    c10335095    i46768844    A:00 X:21 Y:03 S:DB P:nvUbdIZC  $01:A03C: E8       INX
f348    c10335097    i46768845    A:00 X:22 Y:03 S:DB P:nvUbdIzC  $01:A03D: 88       DEY
f348    c10335099    i46768846    A:00 X:22 Y:02 S:DB P:nvUbdIzC  $01:A03E: D0 F6    BNE $A036
f348    c10335102    i46768847    A:00 X:22 Y:02 S:DB P:nvUbdIzC  $01:A036: BD EB 05 LDA $05EB,X @ $060D = #$00
f348    c10335107    i46768848    A:00 X:22 Y:02 S:DB P:nvUbdIZC  $01:A039: 8D 07 20 STA $2007 = #$00
f348    c10335111    i46768849    A:00 X:22 Y:02 S:DB P:nvUbdIZC  $01:A03C: E8       INX
f348    c10335113    i46768850    A:00 X:23 Y:02 S:DB P:nvUbdIzC  $01:A03D: 88       DEY
f348    c10335115    i46768851    A:00 X:23 Y:01 S:DB P:nvUbdIzC  $01:A03E: D0 F6    BNE $A036
f348    c10335118    i46768852    A:00 X:23 Y:01 S:DB P:nvUbdIzC  $01:A036: BD EB 05 LDA $05EB,X @ $060E = #$00
f348    c10335123    i46768853    A:00 X:23 Y:01 S:DB P:nvUbdIZC  $01:A039: 8D 07 20 STA $2007 = #$00
f348    c10335127    i46768854    A:00 X:23 Y:01 S:DB P:nvUbdIZC  $01:A03C: E8       INX
f348    c10335129    i46768855    A:00 X:24 Y:01 S:DB P:nvUbdIzC  $01:A03D: 88       DEY
f348    c10335131    i46768856    A:00 X:24 Y:00 S:DB P:nvUbdIZC  $01:A03E: D0 F6    BNE $A036
f348    c10335133    i46768857    A:00 X:24 Y:00 S:DB P:nvUbdIZC  $01:A040: E8       INX
f348    c10335135    i46768858    A:00 X:25 Y:00 S:DB P:nvUbdIzC  $01:A041: E8       INX
f348    c10335137    i46768859    A:00 X:26 Y:00 S:DB P:nvUbdIzC  $01:A042: E8       INX
f349    c10366354    i46778800    A:08 X:FF Y:08 S:DB P:nvUbdIzc  $06:8119: C6 F3    DEC $F3 = #$07
f349    c10366359    i46778801    A:08 X:FF Y:08 S:DB P:nvUbdIzc  $06:811B: D0 AD    BNE $80CA
f349    c10366363    i46778802    A:08 X:FF Y:08 S:DB P:nvUbdIzc  $06:80CA: AD 06 07 LDA $0706 = #$3C
f349    c10366367    i46778803    A:3C X:FF Y:08 S:DB P:nvUbdIzc  $06:80CD: 4A       LSR
f349    c10366369    i46778804    A:1E X:FF Y:08 S:DB P:nvUbdIzc  $06:80CE: 90 02    BCC $80D2
f349    c10366372    i46778805    A:1E X:FF Y:08 S:DB P:nvUbdIzc  $06:80D2: 8D 06 07 STA $0706 = #$3C
f349    c10366376    i46778806    A:1E X:FF Y:08 S:DB P:nvUbdIzc  $06:80D5: 90 35    BCC $810C
f349    c10366380    i46778807    A:1E X:FF Y:08 S:DB P:nvUbdIzc  $06:810C: 18       CLC
f349    c10366382    i46778808    A:1E X:FF Y:08 S:DB P:nvUbdIzc  $06:810D: A9 10    LDA #$10
f349    c10366384    i46778809    A:10 X:FF Y:08 S:DB P:nvUbdIzc  $06:810F: 65 F0    ADC $F0 = #$47
f349    c10366387    i46778810    A:57 X:FF Y:08 S:DB P:nvUbdIzc  $06:8111: 85 F0    STA $F0 = #$47
f349    c10366390    i46778811    A:57 X:FF Y:08 S:DB P:nvUbdIzc  $06:8113: A9 04    LDA #$04
f349    c10366392    i46778812    A:04 X:FF Y:08 S:DB P:nvUbdIzc  $06:8115: 65 F2    ADC $F2 = #$08
f349    c10366395    i46778813    A:0C X:FF Y:08 S:DB P:nvUbdIzc  $06:8117: 85 F2    STA $F2 = #$08
f349    c10366398    i46778814    A:0C X:FF Y:08 S:DB P:nvUbdIzc  $06:8119: C6 F3    DEC $F3 = #$06
f349    c10366403    i46778815    A:0C X:FF Y:08 S:DB P:nvUbdIzc  $06:811B: D0 AD    BNE $80CA
f349    c10366407    i46778816    A:0C X:FF Y:08 S:DB P:nvUbdIzc  $06:80CA: AD 06 07 LDA $0706 = #$1E
f349    c10366411    i46778817    A:1E X:FF Y:08 S:DB P:nvUbdIzc  $06:80CD: 4A       LSR
f349    c10366413    i46778818    A:0F X:FF Y:08 S:DB P:nvUbdIzc  $06:80CE: 90 02    BCC $80D2
f349    c10366416    i46778819    A:0F X:FF Y:08 S:DB P:nvUbdIzc  $06:80D2: 8D 06 07 STA $0706 = #$1E
f349    c10366420    i46778820    A:0F X:FF Y:08 S:DB P:nvUbdIzc  $06:80D5: 90 35    BCC $810C
f349    c10366424    i46778821    A:0F X:FF Y:08 S:DB P:nvUbdIzc  $06:810C: 18       CLC
f349    c10366426    i46778822    A:0F X:FF Y:08 S:DB P:nvUbdIzc  $06:810D: A9 10    LDA #$10
f349    c10366428    i46778823    A:10 X:FF Y:08 S:DB P:nvUbdIzc  $06:810F: 65 F0    ADC $F0 = #$57
f349    c10366431    i46778824    A:67 X:FF Y:08 S:DB P:nvUbdIzc  $06:8111: 85 F0    STA $F0 = #$57
f349    c10366434    i46778825    A:67 X:FF Y:08 S:DB P:nvUbdIzc  $06:8113: A9 04    LDA #$04
f349    c10366436    i46778826    A:04 X:FF Y:08 S:DB P:nvUbdIzc  $06:8115: 65 F2    ADC $F2 = #$0C
f349    c10366439    i46778827    A:10 X:FF Y:08 S:DB P:nvUbdIzc  $06:8117: 85 F2    STA $F2 = #$0C
f349    c10366442    i46778828    A:10 X:FF Y:08 S:DB P:nvUbdIzc  $06:8119: C6 F3    DEC $F3 = #$05
f349    c10366447    i46778829    A:10 X:FF Y:08 S:DB P:nvUbdIzc  $06:811B: D0 AD    BNE $80CA
f349    c10366451    i46778830    A:10 X:FF Y:08 S:DB P:nvUbdIzc  $06:80CA: AD 06 07 LDA $0706 = #$0F
f349    c10366455    i46778831    A:0F X:FF Y:08 S:DB P:nvUbdIzc  $06:80CD: 4A       LSR
f349    c10366457    i46778832    A:07 X:FF Y:08 S:DB P:nvUbdIzC  $06:80CE: 90 02    BCC $80D2
f349    c10366459    i46778833    A:07 X:FF Y:08 S:DB P:nvUbdIzC  $06:80D0: 09 80    ORA #$80
f349    c10366461    i46778834    A:87 X:FF Y:08 S:DB P:NvUbdIzC  $06:80D2: 8D 06 07 STA $0706 = #$0F
f349    c10366465    i46778835    A:87 X:FF Y:08 S:DB P:NvUbdIzC  $06:80D5: 90 35    BCC $810C
f349    c10366467    i46778836    A:87 X:FF Y:08 S:DB P:NvUbdIzC  $06:80D7: A6 F2    LDX $F2 = #$10
f349    c10366470    i46778837    A:87 X:10 Y:08 S:DB P:nvUbdIzC  $06:80D9: DE 07 07 DEC $0707,X @ $0717 = #$05
f349    c10366477    i46778838    A:87 X:10 Y:08 S:DB P:nvUbdIzC  $06:80DC: D0 03    BNE $80E1
f349    c10366480    i46778839    A:87 X:10 Y:08 S:DB P:nvUbdIzC  $06:80E1: A6 F2    LDX $F2 = #$10
f349    c10366483    i46778840    A:87 X:10 Y:08 S:DB P:nvUbdIzC  $06:80E3: DE 09 07 DEC $0709,X @ $0719 = #$01
f349    c10366490    i46778841    A:87 X:10 Y:08 S:DB P:nvUbdIZC  $06:80E6: D0 21    BNE $8109
f350    c10396133    i46788270    A:08 X:FF Y:08 S:DB P:nvUbdIzc  $06:8119: C6 F3    DEC $F3 = #$07
f350    c10396138    i46788271    A:08 X:FF Y:08 S:DB P:nvUbdIzc  $06:811B: D0 AD    BNE $80CA
f350    c10396142    i46788272    A:08 X:FF Y:08 S:DB P:nvUbdIzc  $06:80CA: AD 06 07 LDA $0706 = #$3C
f350    c10396146    i46788273    A:3C X:FF Y:08 S:DB P:nvUbdIzc  $06:80CD: 4A       LSR
f350    c10396148    i46788274    A:1E X:FF Y:08 S:DB P:nvUbdIzc  $06:80CE: 90 02    BCC $80D2
f350    c10396151    i46788275    A:1E X:FF Y:08 S:DB P:nvUbdIzc  $06:80D2: 8D 06 07 STA $0706 = #$3C
f350    c10396155    i46788276    A:1E X:FF Y:08 S:DB P:nvUbdIzc  $06:80D5: 90 35    BCC $810C
f350    c10396159    i46788277    A:1E X:FF Y:08 S:DB P:nvUbdIzc  $06:810C: 18       CLC
f350    c10396161    i46788278    A:1E X:FF Y:08 S:DB P:nvUbdIzc  $06:810D: A9 10    LDA #$10
f350    c10396163    i46788279    A:10 X:FF Y:08 S:DB P:nvUbdIzc  $06:810F: 65 F0    ADC $F0 = #$47
f350    c10396166    i46788280    A:57 X:FF Y:08 S:DB P:nvUbdIzc  $06:8111: 85 F0    STA $F0 = #$47
f350    c10396169    i46788281    A:57 X:FF Y:08 S:DB P:nvUbdIzc  $06:8113: A9 04    LDA #$04
f350    c10396171    i46788282    A:04 X:FF Y:08 S:DB P:nvUbdIzc  $06:8115: 65 F2    ADC $F2 = #$08
f350    c10396174    i46788283    A:0C X:FF Y:08 S:DB P:nvUbdIzc  $06:8117: 85 F2    STA $F2 = #$08
f350    c10396177    i46788284    A:0C X:FF Y:08 S:DB P:nvUbdIzc  $06:8119: C6 F3    DEC $F3 = #$06
f350    c10396182    i46788285    A:0C X:FF Y:08 S:DB P:nvUbdIzc  $06:811B: D0 AD    BNE $80CA
f350    c10396186    i46788286    A:0C X:FF Y:08 S:DB P:nvUbdIzc  $06:80CA: AD 06 07 LDA $0706 = #$1E
f350    c10396190    i46788287    A:1E X:FF Y:08 S:DB P:nvUbdIzc  $06:80CD: 4A       LSR
f350    c10396192    i46788288    A:0F X:FF Y:08 S:DB P:nvUbdIzc  $06:80CE: 90 02    BCC $80D2
f350    c10396195    i46788289    A:0F X:FF Y:08 S:DB P:nvUbdIzc  $06:80D2: 8D 06 07 STA $0706 = #$1E
f350    c10396199    i46788290    A:0F X:FF Y:08 S:DB P:nvUbdIzc  $06:80D5: 90 35    BCC $810C
f350    c10396203    i46788291    A:0F X:FF Y:08 S:DB P:nvUbdIzc  $06:810C: 18       CLC
f350    c10396205    i46788292    A:0F X:FF Y:08 S:DB P:nvUbdIzc  $06:810D: A9 10    LDA #$10
f350    c10396207    i46788293    A:10 X:FF Y:08 S:DB P:nvUbdIzc  $06:810F: 65 F0    ADC $F0 = #$57
f350    c10396210    i46788294    A:67 X:FF Y:08 S:DB P:nvUbdIzc  $06:8111: 85 F0    STA $F0 = #$57
f350    c10396213    i46788295    A:67 X:FF Y:08 S:DB P:nvUbdIzc  $06:8113: A9 04    LDA #$04
f350    c10396215    i46788296    A:04 X:FF Y:08 S:DB P:nvUbdIzc  $06:8115: 65 F2    ADC $F2 = #$0C
f350    c10396218    i46788297    A:10 X:FF Y:08 S:DB P:nvUbdIzc  $06:8117: 85 F2    STA $F2 = #$0C
f350    c10396221    i46788298    A:10 X:FF Y:08 S:DB P:nvUbdIzc  $06:8119: C6 F3    DEC $F3 = #$05
f350    c10396226    i46788299    A:10 X:FF Y:08 S:DB P:nvUbdIzc  $06:811B: D0 AD    BNE $80CA
f350    c10396230    i46788300    A:10 X:FF Y:08 S:DB P:nvUbdIzc  $06:80CA: AD 06 07 LDA $0706 = #$0F
f350    c10396234    i46788301    A:0F X:FF Y:08 S:DB P:nvUbdIzc  $06:80CD: 4A       LSR
f350    c10396236    i46788302    A:07 X:FF Y:08 S:DB P:nvUbdIzC  $06:80CE: 90 02    BCC $80D2
f350    c10396238    i46788303    A:07 X:FF Y:08 S:DB P:nvUbdIzC  $06:80D0: 09 80    ORA #$80
f350    c10396240    i46788304    A:87 X:FF Y:08 S:DB P:NvUbdIzC  $06:80D2: 8D 06 07 STA $0706 = #$0F
f350    c10396244    i46788305    A:87 X:FF Y:08 S:DB P:NvUbdIzC  $06:80D5: 90 35    BCC $810C
f350    c10396246    i46788306    A:87 X:FF Y:08 S:DB P:NvUbdIzC  $06:80D7: A6 F2    LDX $F2 = #$10
f350    c10396249    i46788307    A:87 X:10 Y:08 S:DB P:nvUbdIzC  $06:80D9: DE 07 07 DEC $0707,X @ $0717 = #$04
f350    c10396256    i46788308    A:87 X:10 Y:08 S:DB P:nvUbdIzC  $06:80DC: D0 03    BNE $80E1
f350    c10396259    i46788309    A:87 X:10 Y:08 S:DB P:nvUbdIzC  $06:80E1: A6 F2    LDX $F2 = #$10
f350    c10396262    i46788310    A:87 X:10 Y:08 S:DB P:nvUbdIzC  $06:80E3: DE 09 07 DEC $0709,X @ $0719 = #$01
f350    c10396269    i46788311    A:87 X:10 Y:08 S:DB P:nvUbdIZC  $06:80E6: D0 21    BNE $8109
f351    c10425915    i46797742    A:08 X:FF Y:08 S:DB P:nvUbdIzc  $06:8119: C6 F3    DEC $F3 = #$07
f351    c10425920    i46797743    A:08 X:FF Y:08 S:DB P:nvUbdIzc  $06:811B: D0 AD    BNE $80CA
f351    c10425924    i46797744    A:08 X:FF Y:08 S:DB P:nvUbdIzc  $06:80CA: AD 06 07 LDA $0706 = #$3C
f351    c10425928    i46797745    A:3C X:FF Y:08 S:DB P:nvUbdIzc  $06:80CD: 4A       LSR
f351    c10425930    i46797746    A:1E X:FF Y:08 S:DB P:nvUbdIzc  $06:80CE: 90 02    BCC $80D2
f351    c10425933    i46797747    A:1E X:FF Y:08 S:DB P:nvUbdIzc  $06:80D2: 8D 06 07 STA $0706 = #$3C
f351    c10425937    i46797748    A:1E X:FF Y:08 S:DB P:nvUbdIzc  $06:80D5: 90 35    BCC $810C
f351    c10425941    i46797749    A:1E X:FF Y:08 S:DB P:nvUbdIzc  $06:810C: 18       CLC
f351    c10425943    i46797750    A:1E X:FF Y:08 S:DB P:nvUbdIzc  $06:810D: A9 10    LDA #$10
f351    c10425945    i46797751    A:10 X:FF Y:08 S:DB P:nvUbdIzc  $06:810F: 65 F0    ADC $F0 = #$47
f351    c10425948    i46797752    A:57 X:FF Y:08 S:DB P:nvUbdIzc  $06:8111: 85 F0    STA $F0 = #$47
f351    c10425951    i46797753    A:57 X:FF Y:08 S:DB P:nvUbdIzc  $06:8113: A9 04    LDA #$04
f351    c10425953    i46797754    A:04 X:FF Y:08 S:DB P:nvUbdIzc  $06:8115: 65 F2    ADC $F2 = #$08
f351    c10425956    i46797755    A:0C X:FF Y:08 S:DB P:nvUbdIzc  $06:8117: 85 F2    STA $F2 = #$08
f351    c10425959    i46797756    A:0C X:FF Y:08 S:DB P:nvUbdIzc  $06:8119: C6 F3    DEC $F3 = #$06
f351    c10425964    i46797757    A:0C X:FF Y:08 S:DB P:nvUbdIzc  $06:811B: D0 AD    BNE $80CA
f351    c10425968    i46797758    A:0C X:FF Y:08 S:DB P:nvUbdIzc  $06:80CA: AD 06 07 LDA $0706 = #$1E
f351    c10425972    i46797759    A:1E X:FF Y:08 S:DB P:nvUbdIzc  $06:80CD: 4A       LSR
f351    c10425974    i46797760    A:0F X:FF Y:08 S:DB P:nvUbdIzc  $06:80CE: 90 02    BCC $80D2
f351    c10425977    i46797761    A:0F X:FF Y:08 S:DB P:nvUbdIzc  $06:80D2: 8D 06 07 STA $0706 = #$1E
f351    c10425981    i46797762    A:0F X:FF Y:08 S:DB P:nvUbdIzc  $06:80D5: 90 35    BCC $810C
f351    c10425985    i46797763    A:0F X:FF Y:08 S:DB P:nvUbdIzc  $06:810C: 18       CLC
f351    c10425987    i46797764    A:0F X:FF Y:08 S:DB P:nvUbdIzc  $06:810D: A9 10    LDA #$10
f351    c10425989    i46797765    A:10 X:FF Y:08 S:DB P:nvUbdIzc  $06:810F: 65 F0    ADC $F0 = #$57
f351    c10425992    i46797766    A:67 X:FF Y:08 S:DB P:nvUbdIzc  $06:8111: 85 F0    STA $F0 = #$57
f351    c10425995    i46797767    A:67 X:FF Y:08 S:DB P:nvUbdIzc  $06:8113: A9 04    LDA #$04
f351    c10425997    i46797768    A:04 X:FF Y:08 S:DB P:nvUbdIzc  $06:8115: 65 F2    ADC $F2 = #$0C
f351    c10426000    i46797769    A:10 X:FF Y:08 S:DB P:nvUbdIzc  $06:8117: 85 F2    STA $F2 = #$0C
f351    c10426003    i46797770    A:10 X:FF Y:08 S:DB P:nvUbdIzc  $06:8119: C6 F3    DEC $F3 = #$05
f351    c10426008    i46797771    A:10 X:FF Y:08 S:DB P:nvUbdIzc  $06:811B: D0 AD    BNE $80CA
f351    c10426012    i46797772    A:10 X:FF Y:08 S:DB P:nvUbdIzc  $06:80CA: AD 06 07 LDA $0706 = #$0F
f351    c10426016    i46797773    A:0F X:FF Y:08 S:DB P:nvUbdIzc  $06:80CD: 4A       LSR
f351    c10426018    i46797774    A:07 X:FF Y:08 S:DB P:nvUbdIzC  $06:80CE: 90 02    BCC $80D2
f351    c10426020    i46797775    A:07 X:FF Y:08 S:DB P:nvUbdIzC  $06:80D0: 09 80    ORA #$80
f351    c10426022    i46797776    A:87 X:FF Y:08 S:DB P:NvUbdIzC  $06:80D2: 8D 06 07 STA $0706 = #$0F
f351    c10426026    i46797777    A:87 X:FF Y:08 S:DB P:NvUbdIzC  $06:80D5: 90 35    BCC $810C
f351    c10426028    i46797778    A:87 X:FF Y:08 S:DB P:NvUbdIzC  $06:80D7: A6 F2    LDX $F2 = #$10
f351    c10426031    i46797779    A:87 X:10 Y:08 S:DB P:nvUbdIzC  $06:80D9: DE 07 07 DEC $0707,X @ $0717 = #$03
f351    c10426038    i46797780    A:87 X:10 Y:08 S:DB P:nvUbdIzC  $06:80DC: D0 03    BNE $80E1
f351    c10426041    i46797781    A:87 X:10 Y:08 S:DB P:nvUbdIzC  $06:80E1: A6 F2    LDX $F2 = #$10
f351    c10426044    i46797782    A:87 X:10 Y:08 S:DB P:nvUbdIzC  $06:80E3: DE 09 07 DEC $0709,X @ $0719 = #$01
f351    c10426051    i46797783    A:87 X:10 Y:08 S:DB P:nvUbdIZC  $06:80E6: D0 21    BNE $8109
f352    c10454129    i46806715    A:00 X:1C Y:01 S:DB P:nvUbdIzC  $01:A036: BD EB 05 LDA $05EB,X @ $0607 = #$00
f352    c10454134    i46806716    A:00 X:1C Y:01 S:DB P:nvUbdIZC  $01:A039: 8D 07 20 STA $2007 = #$00
f352    c10454138    i46806717    A:00 X:1C Y:01 S:DB P:nvUbdIZC  $01:A03C: E8       INX
f352    c10454140    i46806718    A:00 X:1D Y:01 S:DB P:nvUbdIzC  $01:A03D: 88       DEY
f352    c10454142    i46806719    A:00 X:1D Y:00 S:DB P:nvUbdIZC  $01:A03E: D0 F6    BNE $A036
f352    c10454144    i46806720    A:00 X:1D Y:00 S:DB P:nvUbdIZC  $01:A040: E8       INX
f352    c10454146    i46806721    A:00 X:1E Y:00 S:DB P:nvUbdIzC  $01:A041: E8       INX
f352    c10454148    i46806722    A:00 X:1F Y:00 S:DB P:nvUbdIzC  $01:A042: E8       INX
f352    c10454150    i46806723    A:00 X:20 Y:00 S:DB P:nvUbdIzC  $01:A043: BD E8 05 LDA $05E8,X @ $0608 = #$04
f352    c10454155    i46806724    A:04 X:20 Y:00 S:DB P:nvUbdIzC  $01:A046: D0 D3    BNE $A01B
f352    c10454158    i46806725    A:04 X:20 Y:00 S:DB P:nvUbdIzC  $01:A01B: A0 80    LDY #$80
f352    c10454160    i46806726    A:04 X:20 Y:80 S:DB P:NvUbdIzC  $01:A01D: BD E8 05 LDA $05E8,X @ $0608 = #$04
f352    c10454165    i46806727    A:04 X:20 Y:80 S:DB P:nvUbdIzC  $01:A020: 10 04    BPL $A026
f352    c10454168    i46806728    A:04 X:20 Y:80 S:DB P:nvUbdIzC  $01:A026: 8C 00 20 STY $2000 = #$80
f352    c10454172    i46806729    A:04 X:20 Y:80 S:DB P:nvUbdIzC  $01:A029: A8       TAY
f352    c10454174    i46806730    A:04 X:20 Y:04 S:DB P:nvUbdIzC  $01:A02A: BD EA 05 LDA $05EA,X @ $060A = #$24
f352    c10454179    i46806731    A:24 X:20 Y:04 S:DB P:nvUbdIzC  $01:A02D: 8D 06 20 STA $2006 = #$20
f352    c10454183    i46806732    A:24 X:20 Y:04 S:DB P:nvUbdIzC  $01:A030: BD E9 05 LDA $05E9,X @ $0609 = #$3C
f352    c10454188    i46806733    A:3C X:20 Y:04 S:DB P:nvUbdIzC  $01:A033: 8D 06 20 STA $2006 = #$20
f352    c10454192    i46806734    A:3C X:20 Y:04 S:DB P:nvUbdIzC  $01:A036: BD EB 05 LDA $05EB,X @ $060B = #$00
f352    c10454197    i46806735    A:00 X:20 Y:04 S:DB P:nvUbdIZC  $01:A039: 8D 07 20 STA $2007 = #$00
f352    c10454201    i46806736    A:00 X:20 Y:04 S:DB P:nvUbdIZC  $01:A03C: E8       INX
f352    c10454203    i46806737    A:00 X:21 Y:04 S:DB P:nvUbdIzC  $01:A03D: 88       DEY
f352    c10454205    i46806738    A:00 X:21 Y:03 S:DB P:nvUbdIzC  $01:A03E: D0 F6    BNE $A036
f352    c10454208    i46806739    A:00 X:21 Y:03 S:DB P:nvUbdIzC  $01:A036: BD EB 05 LDA $05EB,X @ $060C = #$00
f352    c10454213    i46806740    A:00 X:21 Y:03 S:DB P:nvUbdIZC  $01:A039: 8D 07 20 STA $2007 = #$00
f352    c10454217    i46806741    A:00 X:21 Y:03 S:DB P:nvUbdIZC  $01:A03C: E8       INX
f352    c10454219    i46806742    A:00 X:22 Y:03 S:DB P:nvUbdIzC  $01:A03D: 88       DEY
f352    c10454221    i46806743    A:00 X:22 Y:02 S:DB P:nvUbdIzC  $01:A03E: D0 F6    BNE $A036
f352    c10454224    i46806744    A:00 X:22 Y:02 S:DB P:nvUbdIzC  $01:A036: BD EB 05 LDA $05EB,X @ $060D = #$00
f352    c10454229    i46806745    A:00 X:22 Y:02 S:DB P:nvUbdIZC  $01:A039: 8D 07 20 STA $2007 = #$00
f352    c10454233    i46806746    A:00 X:22 Y:02 S:DB P:nvUbdIZC  $01:A03C: E8       INX
f352    c10454235    i46806747    A:00 X:23 Y:02 S:DB P:nvUbdIzC  $01:A03D: 88       DEY
f352    c10454237    i46806748    A:00 X:23 Y:01 S:DB P:nvUbdIzC  $01:A03E: D0 F6    BNE $A036
f352    c10454240    i46806749    A:00 X:23 Y:01 S:DB P:nvUbdIzC  $01:A036: BD EB 05 LDA $05EB,X @ $060E = #$00
f352    c10454245    i46806750    A:00 X:23 Y:01 S:DB P:nvUbdIZC  $01:A039: 8D 07 20 STA $2007 = #$00
f352    c10454249    i46806751    A:00 X:23 Y:01 S:DB P:nvUbdIZC  $01:A03C: E8       INX
f352    c10454251    i46806752    A:00 X:24 Y:01 S:DB P:nvUbdIzC  $01:A03D: 88       DEY
f352    c10454253    i46806753    A:00 X:24 Y:00 S:DB P:nvUbdIZC  $01:A03E: D0 F6    BNE $A036
f352    c10454255    i46806754    A:00 X:24 Y:00 S:DB P:nvUbdIZC  $01:A040: E8       INX
f352    c10454257    i46806755    A:00 X:25 Y:00 S:DB P:nvUbdIzC  $01:A041: E8       INX
f352    c10454259    i46806756    A:00 X:26 Y:00 S:DB P:nvUbdIzC  $01:A042: E8       INX
f352    c10455069    i46807010    A:00 X:01 Y:07 S:DB P:nvUbdIzc  $01:A0ED: BD 15 40 LDA $4015,X @ $4016 = #$00
f352    c10455073    i46807011    A:40 X:01 Y:07 S:DB P:nvUbdIzc  $01:A0F0: 4A       LSR
f352    c10455075    i46807012    A:20 X:01 Y:07 S:DB P:nvUbdIzc  $01:A0F1: 26 3F    ROL $3F = #$00
f352    c10455080    i46807013    A:20 X:01 Y:07 S:DB P:nvUbdIZc  $01:A0F3: 29 01    AND #$01
f352    c10455082    i46807014    A:00 X:01 Y:07 S:DB P:nvUbdIZc  $01:A0F5: 05 3F    ORA $3F = #$00
f352    c10455085    i46807015    A:00 X:01 Y:07 S:DB P:nvUbdIZc  $01:A0F7: 85 3F    STA $3F = #$00
f352    c10455088    i46807016    A:00 X:01 Y:07 S:DB P:nvUbdIZc  $01:A0F9: 88       DEY
f352    c10455090    i46807017    A:00 X:01 Y:06 S:DB P:nvUbdIzc  $01:A0FA: D0 F1    BNE $A0ED
f352    c10455093    i46807018    A:00 X:01 Y:06 S:DB P:nvUbdIzc  $01:A0ED: BD 15 40 LDA $4015,X @ $4016 = #$00
f352    c10455097    i46807019    A:40 X:01 Y:06 S:DB P:nvUbdIzc  $01:A0F0: 4A       LSR
f352    c10455099    i46807020    A:20 X:01 Y:06 S:DB P:nvUbdIzc  $01:A0F1: 26 3F    ROL $3F = #$00
f352    c10455104    i46807021    A:20 X:01 Y:06 S:DB P:nvUbdIZc  $01:A0F3: 29 01    AND #$01
f352    c10455106    i46807022    A:00 X:01 Y:06 S:DB P:nvUbdIZc  $01:A0F5: 05 3F    ORA $3F = #$00
f352    c10455109    i46807023    A:00 X:01 Y:06 S:DB P:nvUbdIZc  $01:A0F7: 85 3F    STA $3F = #$00
f352    c10455112    i46807024    A:00 X:01 Y:06 S:DB P:nvUbdIZc  $01:A0F9: 88       DEY
f352    c10455114    i46807025    A:00 X:01 Y:05 S:DB P:nvUbdIzc  $01:A0FA: D0 F1    BNE $A0ED
f352    c10455117    i46807026    A:00 X:01 Y:05 S:DB P:nvUbdIzc  $01:A0ED: BD 15 40 LDA $4015,X @ $4016 = #$00
f352    c10455121    i46807027    A:40 X:01 Y:05 S:DB P:nvUbdIzc  $01:A0F0: 4A       LSR
f352    c10455123    i46807028    A:20 X:01 Y:05 S:DB P:nvUbdIzc  $01:A0F1: 26 3F    ROL $3F = #$00
f352    c10455128    i46807029    A:20 X:01 Y:05 S:DB P:nvUbdIZc  $01:A0F3: 29 01    AND #$01
f352    c10455130    i46807030    A:00 X:01 Y:05 S:DB P:nvUbdIZc  $01:A0F5: 05 3F    ORA $3F = #$00
f352    c10455133    i46807031    A:00 X:01 Y:05 S:DB P:nvUbdIZc  $01:A0F7: 85 3F    STA $3F = #$00
f352    c10455136    i46807032    A:00 X:01 Y:05 S:DB P:nvUbdIZc  $01:A0F9: 88       DEY
f352    c10455138    i46807033    A:00 X:01 Y:04 S:DB P:nvUbdIzc  $01:A0FA: D0 F1    BNE $A0ED
f352    c10455141    i46807034    A:00 X:01 Y:04 S:DB P:nvUbdIzc  $01:A0ED: BD 15 40 LDA $4015,X @ $4016 = #$00
f352    c10455145    i46807035    A:40 X:01 Y:04 S:DB P:nvUbdIzc  $01:A0F0: 4A       LSR
f352    c10455147    i46807036    A:20 X:01 Y:04 S:DB P:nvUbdIzc  $01:A0F1: 26 3F    ROL $3F = #$00
f352    c10455152    i46807037    A:20 X:01 Y:04 S:DB P:nvUbdIZc  $01:A0F3: 29 01    AND #$01
f352    c10455154    i46807038    A:00 X:01 Y:04 S:DB P:nvUbdIZc  $01:A0F5: 05 3F    ORA $3F = #$00
f352    c10455157    i46807039    A:00 X:01 Y:04 S:DB P:nvUbdIZc  $01:A0F7: 85 3F    STA $3F = #$00
f352    c10455160    i46807040    A:00 X:01 Y:04 S:DB P:nvUbdIZc  $01:A0F9: 88       DEY
f352    c10455162    i46807041    A:00 X:01 Y:03 S:DB P:nvUbdIzc  $01:A0FA: D0 F1    BNE $A0ED
f352    c10455165    i46807042    A:00 X:01 Y:03 S:DB P:nvUbdIzc  $01:A0ED: BD 15 40 LDA $4015,X @ $4016 = #$00
f352    c10455169    i46807043    A:40 X:01 Y:03 S:DB P:nvUbdIzc  $01:A0F0: 4A       LSR
f352    c10455171    i46807044    A:20 X:01 Y:03 S:DB P:nvUbdIzc  $01:A0F1: 26 3F    ROL $3F = #$00
f352    c10455176    i46807045    A:20 X:01 Y:03 S:DB P:nvUbdIZc  $01:A0F3: 29 01    AND #$01
f352    c10455178    i46807046    A:00 X:01 Y:03 S:DB P:nvUbdIZc  $01:A0F5: 05 3F    ORA $3F = #$00
f352    c10455181    i46807047    A:00 X:01 Y:03 S:DB P:nvUbdIZc  $01:A0F7: 85 3F    STA $3F = #$00
f352    c10455184    i46807048    A:00 X:01 Y:03 S:DB P:nvUbdIZc  $01:A0F9: 88       DEY
f352    c10455186    i46807049    A:00 X:01 Y:02 S:DB P:nvUbdIzc  $01:A0FA: D0 F1    BNE $A0ED
f352    c10455189    i46807050    A:00 X:01 Y:02 S:DB P:nvUbdIzc  $01:A0ED: BD 15 40 LDA $4015,X @ $4016 = #$00
f352    c10455193    i46807051    A:40 X:01 Y:02 S:DB P:nvUbdIzc  $01:A0F0: 4A       LSR
f352    c10465580    i46810274    A:00 X:02 Y:00 S:E0 P:nvUbdiZc  $00:9FC6: BA       TSX
f352    c10465582    i46810275    A:00 X:E0 Y:00 S:E0 P:NvUbdizc  $00:9FC7: 8A       TXA
f352    c10465584    i46810276    A:E0 X:E0 Y:00 S:E0 P:NvUbdizc  $00:9FC8: A6 00    LDX $00 = #$15
f352    c10465587    i46810277    A:E0 X:15 Y:00 S:E0 P:nvUbdizc  $00:9FCA: 95 01    STA $01,X @ $0016 = #$E0
f352    c10465591    i46810278    A:E0 X:15 Y:00 S:E0 P:nvUbdizc  $00:9FCC: AD 24 00 LDA $0024 = #$00
f352    c10465595    i46810279    A:00 X:15 Y:00 S:E0 P:nvUbdiZc  $00:9FCF: 95 02    STA $02,X @ $0017 = #$00
f352    c10465599    i46810280    A:00 X:15 Y:00 S:E0 P:nvUbdiZc  $00:9FD1: AD 25 00 LDA $0025 = #$02
f352    c10465603    i46810281    A:02 X:15 Y:00 S:E0 P:nvUbdizc  $00:9FD4: 95 03    STA $03,X @ $0018 = #$02
f352    c10465607    i46810282    A:02 X:15 Y:00 S:E0 P:nvUbdizc  $00:9FD6: A5 19    LDA $19 = #$01
f352    c10465610    i46810283    A:01 X:15 Y:00 S:E0 P:nvUbdizc  $00:9FD8: F0 04    BEQ $9FDE
f352    c10465612    i46810284    A:01 X:15 Y:00 S:E0 P:nvUbdizc  $00:9FDA: C9 FF    CMP #$FF
f352    c10465614    i46810285    A:01 X:15 Y:00 S:E0 P:nvUbdizc  $00:9FDC: D0 02    BNE $9FE0
f352    c10465617    i46810286    A:01 X:15 Y:00 S:E0 P:nvUbdizc  $00:9FE0: 95 00    STA $00,X @ $0015 = #$00
f352    c10465621    i46810287    A:01 X:15 Y:00 S:E0 P:nvUbdizc  $00:9FE2: 4C FB 9E JMP $9EFB
f352    c10465624    i46810288    A:01 X:15 Y:00 S:E0 P:nvUbdizc  $00:9EFB: 8A       TXA
f352    c10465626    i46810289    A:15 X:15 Y:00 S:E0 P:nvUbdizc  $00:9EFC: 18       CLC
f352    c10465628    i46810290    A:15 X:15 Y:00 S:E0 P:nvUbdizc  $00:9EFD: 69 04    ADC #$04
f352    c10465630    i46810291    A:19 X:15 Y:00 S:E0 P:nvUbdizc  $00:9EFF: AA       TAX
f352    c10465632    i46810292    A:19 X:19 Y:00 S:E0 P:nvUbdizc  $00:9F00: E0 19    CPX #$19
f352    c10465634    i46810293    A:19 X:19 Y:00 S:E0 P:nvUbdiZC  $00:9F02: D0 EB    BNE $9EEF
f352    c10465636    i46810294    A:19 X:19 Y:00 S:E0 P:nvUbdiZC  $00:9F04: A5 1B    LDA $1B = #$40
f352    c10465639    i46810295    A:40 X:19 Y:00 S:E0 P:nvUbdizC  $00:9F06: 10 FC    BPL $9F04
f352    c10465642    i46810296    A:40 X:19 Y:00 S:E0 P:nvUbdizC  $00:9F04: A5 1B    LDA $1B = #$40
f352    c10465645    i46810297    A:40 X:19 Y:00 S:E0 P:nvUbdizC  $00:9F06: 10 FC    BPL $9F04
f352    c10465648    i46810298    A:40 X:19 Y:00 S:E0 P:nvUbdizC  $00:9F04: A5 1B    LDA $1B = #$40
f352    c10465651    i46810299    A:40 X:19 Y:00 S:E0 P:nvUbdizC  $00:9F06: 10 FC    BPL $9F04
f352    c10465654    i46810300    A:40 X:19 Y:00 S:E0 P:nvUbdizC  $00:9F04: A5 1B    LDA $1B = #$40
f352    c10465657    i46810301    A:40 X:19 Y:00 S:E0 P:nvUbdizC  $00:9F06: 10 FC    BPL $9F04
f352    c10465660    i46810302    A:40 X:19 Y:00 S:E0 P:nvUbdizC  $00:9F04: A5 1B    LDA $1B = #$40
f352    c10465663    i46810303    A:40 X:19 Y:00 S:E0 P:nvUbdizC  $00:9F06: 10 FC    BPL $9F04
f352    c10465666    i46810304    A:40 X:19 Y:00 S:E0 P:nvUbdizC  $00:9F04: A5 1B    LDA $1B = #$40
f352    c10465669    i46810305    A:40 X:19 Y:00 S:E0 P:nvUbdizC  $00:9F06: 10 FC    BPL $9F04
f352    c10465672    i46810306    A:40 X:19 Y:00 S:E0 P:nvUbdizC  $00:9F04: A5 1B    LDA $1B = #$40
f352    c10465675    i46810307    A:40 X:19 Y:00 S:E0 P:nvUbdizC  $00:9F06: 10 FC    BPL $9F04
f352    c10465678    i46810308    A:40 X:19 Y:00 S:E0 P:nvUbdizC  $00:9F04: A5 1B    LDA $1B = #$40
f352    c10465681    i46810309    A:40 X:19 Y:00 S:E0 P:nvUbdizC  $00:9F06: 10 FC    BPL $9F04
f352    c10465684    i46810310    A:40 X:19 Y:00 S:E0 P:nvUbdizC  $00:9F04: A5 1B    LDA $1B = #$40
f352    c10465687    i46810311    A:40 X:19 Y:00 S:E0 P:nvUbdizC  $00:9F06: 10 FC    BPL $9F04
f352    c10465690    i46810312    A:40 X:19 Y:00 S:E0 P:nvUbdizC  $00:9F04: A5 1B    LDA $1B = #$40
f352    c10465693    i46810313    A:40 X:19 Y:00 S:E0 P:nvUbdizC  $00:9F06: 10 FC    BPL $9F04
f352    c10465696    i46810314    A:40 X:19 Y:00 S:E0 P:nvUbdizC  $00:9F04: A5 1B    LDA $1B = #$40
f352    c10465699    i46810315    A:40 X:19 Y:00 S:E0 P:nvUbdizC  $00:9F06: 10 FC    BPL $9F04
f353    c10483909    i46816197    A:C9 X:1C Y:01 S:DB P:NvUbdIzC  $01:A036: BD EB 05 LDA $05EB,X @ $0607 = #$AA
f353    c10483914    i46816198    A:AA X:1C Y:01 S:DB P:NvUbdIzC  $01:A039: 8D 07 20 STA $2007 = #$00
f353    c10483918    i46816199    A:AA X:1C Y:01 S:DB P:NvUbdIzC  $01:A03C: E8       INX
f353    c10483920    i46816200    A:AA X:1D Y:01 S:DB P:nvUbdIzC  $01:A03D: 88       DEY
f353    c10483922    i46816201    A:AA X:1D Y:00 S:DB P:nvUbdIZC  $01:A03E: D0 F6    BNE $A036
f353    c10483924    i46816202    A:AA X:1D Y:00 S:DB P:nvUbdIZC  $01:A040: E8       INX
f353    c10483926    i46816203    A:AA X:1E Y:00 S:DB P:nvUbdIzC  $01:A041: E8       INX
f353    c10483928    i46816204    A:AA X:1F Y:00 S:DB P:nvUbdIzC  $01:A042: E8       INX
f353    c10483930    i46816205    A:AA X:20 Y:00 S:DB P:nvUbdIzC  $01:A043: BD E8 05 LDA $05E8,X @ $0608 = #$04
f353    c10483935    i46816206    A:04 X:20 Y:00 S:DB P:nvUbdIzC  $01:A046: D0 D3    BNE $A01B
f353    c10483938    i46816207    A:04 X:20 Y:00 S:DB P:nvUbdIzC  $01:A01B: A0 80    LDY #$80
f353    c10483940    i46816208    A:04 X:20 Y:80 S:DB P:NvUbdIzC  $01:A01D: BD E8 05 LDA $05E8,X @ $0608 = #$04
f353    c10483945    i46816209    A:04 X:20 Y:80 S:DB P:nvUbdIzC  $01:A020: 10 04    BPL $A026
f353    c10483948    i46816210    A:04 X:20 Y:80 S:DB P:nvUbdIzC  $01:A026: 8C 00 20 STY $2000 = #$80
f353    c10483952    i46816211    A:04 X:20 Y:80 S:DB P:nvUbdIzC  $01:A029: A8       TAY
f353    c10483954    i46816212    A:04 X:20 Y:04 S:DB P:nvUbdIzC  $01:A02A: BD EA 05 LDA $05EA,X @ $060A = #$20
f353    c10483959    i46816213    A:20 X:20 Y:04 S:DB P:nvUbdIzC  $01:A02D: 8D 06 20 STA $2006 = #$CA
f353    c10483963    i46816214    A:20 X:20 Y:04 S:DB P:nvUbdIzC  $01:A030: BD E9 05 LDA $05E9,X @ $0609 = #$84
f353    c10483968    i46816215    A:84 X:20 Y:04 S:DB P:NvUbdIzC  $01:A033: 8D 06 20 STA $2006 = #$CA
f353    c10483972    i46816216    A:84 X:20 Y:04 S:DB P:NvUbdIzC  $01:A036: BD EB 05 LDA $05EB,X @ $060B = #$01
f353    c10483977    i46816217    A:01 X:20 Y:04 S:DB P:nvUbdIzC  $01:A039: 8D 07 20 STA $2007 = #$00
f353    c10483981    i46816218    A:01 X:20 Y:04 S:DB P:nvUbdIzC  $01:A03C: E8       INX
f353    c10483983    i46816219    A:01 X:21 Y:04 S:DB P:nvUbdIzC  $01:A03D: 88       DEY
f353    c10483985    i46816220    A:01 X:21 Y:03 S:DB P:nvUbdIzC  $01:A03E: D0 F6    BNE $A036
f353    c10483988    i46816221    A:01 X:21 Y:03 S:DB P:nvUbdIzC  $01:A036: BD EB 05 LDA $05EB,X @ $060C = #$01
f353    c10483993    i46816222    A:01 X:21 Y:03 S:DB P:nvUbdIzC  $01:A039: 8D 07 20 STA $2007 = #$00
f353    c10483997    i46816223    A:01 X:21 Y:03 S:DB P:nvUbdIzC  $01:A03C: E8       INX
f353    c10483999    i46816224    A:01 X:22 Y:03 S:DB P:nvUbdIzC  $01:A03D: 88       DEY
f353    c10484001    i46816225    A:01 X:22 Y:02 S:DB P:nvUbdIzC  $01:A03E: D0 F6    BNE $A036
f353    c10484004    i46816226    A:01 X:22 Y:02 S:DB P:nvUbdIzC  $01:A036: BD EB 05 LDA $05EB,X @ $060D = #$01
f353    c10484009    i46816227    A:01 X:22 Y:02 S:DB P:nvUbdIzC  $01:A039: 8D 07 20 STA $2007 = #$00
f353    c10484013    i46816228    A:01 X:22 Y:02 S:DB P:nvUbdIzC  $01:A03C: E8       INX
f353    c10484015    i46816229    A:01 X:23 Y:02 S:DB P:nvUbdIzC  $01:A03D: 88       DEY
f353    c10484017    i46816230    A:01 X:23 Y:01 S:DB P:nvUbdIzC  $01:A03E: D0 F6    BNE $A036
f353    c10484020    i46816231    A:01 X:23 Y:01 S:DB P:nvUbdIzC  $01:A036: BD EB 05 LDA $05EB,X @ $060E = #$01
f353    c10484025    i46816232    A:01 X:23 Y:01 S:DB P:nvUbdIzC  $01:A039: 8D 07 20 STA $2007 = #$00
f353    c10484029    i46816233    A:01 X:23 Y:01 S:DB P:nvUbdIzC  $01:A03C: E8       INX
f353    c10484031    i46816234    A:01 X:24 Y:01 S:DB P:nvUbdIzC  $01:A03D: 88       DEY
f353    c10484033    i46816235    A:01 X:24 Y:00 S:DB P:nvUbdIZC  $01:A03E: D0 F6    BNE $A036
f353    c10484035    i46816236    A:01 X:24 Y:00 S:DB P:nvUbdIZC  $01:A040: E8       INX
f353    c10484037    i46816237    A:01 X:25 Y:00 S:DB P:nvUbdIzC  $01:A041: E8       INX
f353    c10484039    i46816238    A:01 X:26 Y:00 S:DB P:nvUbdIzC  $01:A042: E8       INX
f354    c10515257    i46826165    A:08 X:FF Y:08 S:DB P:nvUbdIzc  $06:8119: C6 F3    DEC $F3 = #$07
f354    c10515262    i46826166    A:08 X:FF Y:08 S:DB P:nvUbdIzc  $06:811B: D0 AD    BNE $80CA
f354    c10515266    i46826167    A:08 X:FF Y:08 S:DB P:nvUbdIzc  $06:80CA: AD 06 07 LDA $0706 = #$3C
f354    c10515270    i46826168    A:3C X:FF Y:08 S:DB P:nvUbdIzc  $06:80CD: 4A       LSR
f354    c10515272    i46826169    A:1E X:FF Y:08 S:DB P:nvUbdIzc  $06:80CE: 90 02    BCC $80D2
f354    c10515275    i46826170    A:1E X:FF Y:08 S:DB P:nvUbdIzc  $06:80D2: 8D 06 07 STA $0706 = #$3C
f354    c10515279    i46826171    A:1E X:FF Y:08 S:DB P:nvUbdIzc  $06:80D5: 90 35    BCC $810C
f354    c10515283    i46826172    A:1E X:FF Y:08 S:DB P:nvUbdIzc  $06:810C: 18       CLC
f354    c10515285    i46826173    A:1E X:FF Y:08 S:DB P:nvUbdIzc  $06:810D: A9 10    LDA #$10
f354    c10515287    i46826174    A:10 X:FF Y:08 S:DB P:nvUbdIzc  $06:810F: 65 F0    ADC $F0 = #$47
f354    c10515290    i46826175    A:57 X:FF Y:08 S:DB P:nvUbdIzc  $06:8111: 85 F0    STA $F0 = #$47
f354    c10515293    i46826176    A:57 X:FF Y:08 S:DB P:nvUbdIzc  $06:8113: A9 04    LDA #$04
f354    c10515295    i46826177    A:04 X:FF Y:08 S:DB P:nvUbdIzc  $06:8115: 65 F2    ADC $F2 = #$08
f354    c10515298    i46826178    A:0C X:FF Y:08 S:DB P:nvUbdIzc  $06:8117: 85 F2    STA $F2 = #$08
f354    c10515301    i46826179    A:0C X:FF Y:08 S:DB P:nvUbdIzc  $06:8119: C6 F3    DEC $F3 = #$06
f354    c10515306    i46826180    A:0C X:FF Y:08 S:DB P:nvUbdIzc  $06:811B: D0 AD    BNE $80CA
f354    c10515310    i46826181    A:0C X:FF Y:08 S:DB P:nvUbdIzc  $06:80CA: AD 06 07 LDA $0706 = #$1E
f354    c10515314    i46826182    A:1E X:FF Y:08 S:DB P:nvUbdIzc  $06:80CD: 4A       LSR
f354    c10515316    i46826183    A:0F X:FF Y:08 S:DB P:nvUbdIzc  $06:80CE: 90 02    BCC $80D2
f354    c10515319    i46826184    A:0F X:FF Y:08 S:DB P:nvUbdIzc  $06:80D2: 8D 06 07 STA $0706 = #$1E
f354    c10515323    i46826185    A:0F X:FF Y:08 S:DB P:nvUbdIzc  $06:80D5: 90 35    BCC $810C
f354    c10515327    i46826186    A:0F X:FF Y:08 S:DB P:nvUbdIzc  $06:810C: 18       CLC
f354    c10515329    i46826187    A:0F X:FF Y:08 S:DB P:nvUbdIzc  $06:810D: A9 10    LDA #$10
f354    c10515331    i46826188    A:10 X:FF Y:08 S:DB P:nvUbdIzc  $06:810F: 65 F0    ADC $F0 = #$57
f354    c10515334    i46826189    A:67 X:FF Y:08 S:DB P:nvUbdIzc  $06:8111: 85 F0    STA $F0 = #$57
f354    c10515337    i46826190    A:67 X:FF Y:08 S:DB P:nvUbdIzc  $06:8113: A9 04    LDA #$04
f354    c10515339    i46826191    A:04 X:FF Y:08 S:DB P:nvUbdIzc  $06:8115: 65 F2    ADC $F2 = #$0C
f354    c10515342    i46826192    A:10 X:FF Y:08 S:DB P:nvUbdIzc  $06:8117: 85 F2    STA $F2 = #$0C
f354    c10515345    i46826193    A:10 X:FF Y:08 S:DB P:nvUbdIzc  $06:8119: C6 F3    DEC $F3 = #$05
f354    c10515350    i46826194    A:10 X:FF Y:08 S:DB P:nvUbdIzc  $06:811B: D0 AD    BNE $80CA
f354    c10515354    i46826195    A:10 X:FF Y:08 S:DB P:nvUbdIzc  $06:80CA: AD 06 07 LDA $0706 = #$0F
f354    c10515358    i46826196    A:0F X:FF Y:08 S:DB P:nvUbdIzc  $06:80CD: 4A       LSR
f354    c10515360    i46826197    A:07 X:FF Y:08 S:DB P:nvUbdIzC  $06:80CE: 90 02    BCC $80D2
f354    c10515362    i46826198    A:07 X:FF Y:08 S:DB P:nvUbdIzC  $06:80D0: 09 80    ORA #$80
f354    c10515364    i46826199    A:87 X:FF Y:08 S:DB P:NvUbdIzC  $06:80D2: 8D 06 07 STA $0706 = #$0F
f354    c10515368    i46826200    A:87 X:FF Y:08 S:DB P:NvUbdIzC  $06:80D5: 90 35    BCC $810C
f354    c10515370    i46826201    A:87 X:FF Y:08 S:DB P:NvUbdIzC  $06:80D7: A6 F2    LDX $F2 = #$10
f354    c10515373    i46826202    A:87 X:10 Y:08 S:DB P:nvUbdIzC  $06:80D9: DE 07 07 DEC $0707,X @ $0717 = #$07
f354    c10515380    i46826203    A:87 X:10 Y:08 S:DB P:nvUbdIzC  $06:80DC: D0 03    BNE $80E1
f354    c10515383    i46826204    A:87 X:10 Y:08 S:DB P:nvUbdIzC  $06:80E1: A6 F2    LDX $F2 = #$10
f354    c10515386    i46826205    A:87 X:10 Y:08 S:DB P:nvUbdIzC  $06:80E3: DE 09 07 DEC $0709,X @ $0719 = #$01
f354    c10515393    i46826206    A:87 X:10 Y:08 S:DB P:nvUbdIZC  $06:80E6: D0 21    BNE $8109
f355    c10545036    i46835635    A:08 X:FF Y:08 S:DB P:nvUbdIzc  $06:8119: C6 F3    DEC $F3 = #$07
f355    c10545041    i46835636    A:08 X:FF Y:08 S:DB P:nvUbdIzc  $06:811B: D0 AD    BNE $80CA
f355    c10545045    i46835637    A:08 X:FF Y:08 S:DB P:nvUbdIzc  $06:80CA: AD 06 07 LDA $0706 = #$3C
f355    c10545049    i46835638    A:3C X:FF Y:08 S:DB P:nvUbdIzc  $06:80CD: 4A       LSR
f355    c10545051    i46835639    A:1E X:FF Y:08 S:DB P:nvUbdIzc  $06:80CE: 90 02    BCC $80D2
f355    c10545054    i46835640    A:1E X:FF Y:08 S:DB P:nvUbdIzc  $06:80D2: 8D 06 07 STA $0706 = #$3C
f355    c10545058    i46835641    A:1E X:FF Y:08 S:DB P:nvUbdIzc  $06:80D5: 90 35    BCC $810C
f355    c10545062    i46835642    A:1E X:FF Y:08 S:DB P:nvUbdIzc  $06:810C: 18       CLC
f355    c10545064    i46835643    A:1E X:FF Y:08 S:DB P:nvUbdIzc  $06:810D: A9 10    LDA #$10
f355    c10545066    i46835644    A:10 X:FF Y:08 S:DB P:nvUbdIzc  $06:810F: 65 F0    ADC $F0 = #$47
f355    c10545069    i46835645    A:57 X:FF Y:08 S:DB P:nvUbdIzc  $06:8111: 85 F0    STA $F0 = #$47
f355    c10545072    i46835646    A:57 X:FF Y:08 S:DB P:nvUbdIzc  $06:8113: A9 04    LDA #$04
f355    c10545074    i46835647    A:04 X:FF Y:08 S:DB P:nvUbdIzc  $06:8115: 65 F2    ADC $F2 = #$08
f355    c10545077    i46835648    A:0C X:FF Y:08 S:DB P:nvUbdIzc  $06:8117: 85 F2    STA $F2 = #$08
f355    c10545080    i46835649    A:0C X:FF Y:08 S:DB P:nvUbdIzc  $06:8119: C6 F3    DEC $F3 = #$06
f355    c10545085    i46835650    A:0C X:FF Y:08 S:DB P:nvUbdIzc  $06:811B: D0 AD    BNE $80CA
f355    c10545089    i46835651    A:0C X:FF Y:08 S:DB P:nvUbdIzc  $06:80CA: AD 06 07 LDA $0706 = #$1E
f355    c10545093    i46835652    A:1E X:FF Y:08 S:DB P:nvUbdIzc  $06:80CD: 4A       LSR
f355    c10545095    i46835653    A:0F X:FF Y:08 S:DB P:nvUbdIzc  $06:80CE: 90 02    BCC $80D2
f355    c10545098    i46835654    A:0F X:FF Y:08 S:DB P:nvUbdIzc  $06:80D2: 8D 06 07 STA $0706 = #$1E
f355    c10545102    i46835655    A:0F X:FF Y:08 S:DB P:nvUbdIzc  $06:80D5: 90 35    BCC $810C
f355    c10545106    i46835656    A:0F X:FF Y:08 S:DB P:nvUbdIzc  $06:810C: 18       CLC
f355    c10545108    i46835657    A:0F X:FF Y:08 S:DB P:nvUbdIzc  $06:810D: A9 10    LDA #$10
f355    c10545110    i46835658    A:10 X:FF Y:08 S:DB P:nvUbdIzc  $06:810F: 65 F0    ADC $F0 = #$57
f355    c10545113    i46835659    A:67 X:FF Y:08 S:DB P:nvUbdIzc  $06:8111: 85 F0    STA $F0 = #$57
f355    c10545116    i46835660    A:67 X:FF Y:08 S:DB P:nvUbdIzc  $06:8113: A9 04    LDA #$04
f355    c10545118    i46835661    A:04 X:FF Y:08 S:DB P:nvUbdIzc  $06:8115: 65 F2    ADC $F2 = #$0C
f355    c10545121    i46835662    A:10 X:FF Y:08 S:DB P:nvUbdIzc  $06:8117: 85 F2    STA $F2 = #$0C
f355    c10545124    i46835663    A:10 X:FF Y:08 S:DB P:nvUbdIzc  $06:8119: C6 F3    DEC $F3 = #$05
f355    c10545129    i46835664    A:10 X:FF Y:08 S:DB P:nvUbdIzc  $06:811B: D0 AD    BNE $80CA
f355    c10545133    i46835665    A:10 X:FF Y:08 S:DB P:nvUbdIzc  $06:80CA: AD 06 07 LDA $0706 = #$0F
f355    c10545137    i46835666    A:0F X:FF Y:08 S:DB P:nvUbdIzc  $06:80CD: 4A       LSR
f355    c10545139    i46835667    A:07 X:FF Y:08 S:DB P:nvUbdIzC  $06:80CE: 90 02    BCC $80D2
f355    c10545141    i46835668    A:07 X:FF Y:08 S:DB P:nvUbdIzC  $06:80D0: 09 80    ORA #$80
f355    c10545143    i46835669    A:87 X:FF Y:08 S:DB P:NvUbdIzC  $06:80D2: 8D 06 07 STA $0706 = #$0F
f355    c10545147    i46835670    A:87 X:FF Y:08 S:DB P:NvUbdIzC  $06:80D5: 90 35    BCC $810C
f355    c10545149    i46835671    A:87 X:FF Y:08 S:DB P:NvUbdIzC  $06:80D7: A6 F2    LDX $F2 = #$10
f355    c10545152    i46835672    A:87 X:10 Y:08 S:DB P:nvUbdIzC  $06:80D9: DE 07 07 DEC $0707,X @ $0717 = #$06
f355    c10545159    i46835673    A:87 X:10 Y:08 S:DB P:nvUbdIzC  $06:80DC: D0 03    BNE $80E1
f355    c10545162    i46835674    A:87 X:10 Y:08 S:DB P:nvUbdIzC  $06:80E1: A6 F2    LDX $F2 = #$10
f355    c10545165    i46835675    A:87 X:10 Y:08 S:DB P:nvUbdIzC  $06:80E3: DE 09 07 DEC $0709,X @ $0719 = #$02
f355    c10545172    i46835676    A:87 X:10 Y:08 S:DB P:nvUbdIzC  $06:80E6: D0 21    BNE $8109
f355    c10546756    i46836182    A:01 X:08 Y:06 S:D8 P:nvUbdIZC  $06:8180: D0 07    BNE $8189
f355    c10546758    i46836183    A:01 X:08 Y:06 S:D8 P:nvUbdIZC  $06:8182: 68       PLA
f355    c10546762    i46836184    A:0F X:08 Y:06 S:D9 P:nvUbdIzC  $06:8183: 29 0F    AND #$0F
f355    c10546764    i46836185    A:0F X:08 Y:06 S:D9 P:nvUbdIzC  $06:8185: 09 80    ORA #$80
f355    c10546766    i46836186    A:8F X:08 Y:06 S:D9 P:NvUbdIzC  $06:8187: D0 1B    BNE $81A4
f355    c10546769    i46836187    A:8F X:08 Y:06 S:D9 P:NvUbdIzC  $06:81A4: 9D 00 40 STA $4000,X @ $4008 = #$8F
f355    c10546774    i46836188    A:8F X:08 Y:06 S:D9 P:NvUbdIzC  $06:81A7: A0 08    LDY #$08
f355    c10546776    i46836189    A:8F X:08 Y:08 S:D9 P:nvUbdIzC  $06:81A9: B1 F0    LDA ($F0),Y @ $078F = #$80
f355    c10546781    i46836190    A:80 X:08 Y:08 S:D9 P:NvUbdIzC  $06:81AB: 10 2D    BPL $81DA
f355    c10546783    i46836191    A:80 X:08 Y:08 S:D9 P:NvUbdIzC  $06:81AD: 29 7F    AND #$7F
f355    c10546785    i46836192    A:00 X:08 Y:08 S:D9 P:nvUbdIZC  $06:81AF: 91 F0    STA ($F0),Y @ $078F = #$80
f355    c10546791    i46836193    A:00 X:08 Y:08 S:D9 P:nvUbdIZC  $06:81B1: A0 07    LDY #$07
f355    c10546793    i46836194    A:00 X:08 Y:07 S:D9 P:nvUbdIzC  $06:81B3: B1 F0    LDA ($F0),Y @ $078E = #$86
f355    c10546798    i46836195    A:86 X:08 Y:07 S:D9 P:NvUbdIzC  $06:81B5: 9D 02 40 STA $4002,X @ $400A = #$7F
f355    c10546803    i46836196    A:86 X:08 Y:07 S:D9 P:NvUbdIzC  $06:81B8: C8       INY
f355    c10546805    i46836197    A:86 X:08 Y:08 S:D9 P:nvUbdIzC  $06:81B9: B1 F0    LDA ($F0),Y @ $078F = #$00
f355    c10546810    i46836198    A:00 X:08 Y:08 S:D9 P:nvUbdIZC  $06:81BB: 09 18    ORA #$18
f355    c10546812    i46836199    A:18 X:08 Y:08 S:D9 P:nvUbdIzC  $06:81BD: A4 FB    LDY $FB = #$01
f355    c10546815    i46836200    A:18 X:08 Y:01 S:D9 P:nvUbdIzC  $06:81BF: F0 09    BEQ $81CA
f355    c10546817    i46836201    A:18 X:08 Y:01 S:D9 P:nvUbdIzC  $06:81C1: C0 01    CPY #$01
f355    c10546819    i46836202    A:18 X:08 Y:01 S:D9 P:nvUbdIZC  $06:81C3: F0 05    BEQ $81CA
f355    c10546822    i46836203    A:18 X:08 Y:01 S:D9 P:nvUbdIZC  $06:81CA: 9D 03 40 STA $4003,X @ $400B = #$18
f355    c10546827    i46836204    A:18 X:08 Y:01 S:D9 P:nvUbdIZC  $06:81CD: 99 E0 07 STA $07E0,Y @ $07E1 = #$00
f355    c10546832    i46836205    A:18 X:08 Y:01 S:D9 P:nvUbdIZC  $06:81D0: B9 E4 07 LDA $07E4,Y @ $07E5 = #$00
f355    c10546836    i46836206    A:00 X:08 Y:01 S:D9 P:nvUbdIZC  $06:81D3: D0 05    BNE $81DA
f355    c10546838    i46836207    A:00 X:08 Y:01 S:D9 P:nvUbdIZC  $06:81D5: A9 00    LDA #$00
f355    c10546840    i46836208    A:00 X:08 Y:01 S:D9 P:nvUbdIZC  $06:81D7: 99 E0 07 STA $07E0,Y @ $07E1 = #$18
f355    c10546845    i46836209    A:00 X:08 Y:01 S:D9 P:nvUbdIZC  $06:81DA: 60       RTS (from $816E)
f355    c10546851    i46836210    A:00 X:08 Y:01 S:DB P:nvUbdIZC  $06:814C: 18       CLC
f355    c10546853    i46836211    A:00 X:08 Y:01 S:DB P:nvUbdIZc  $06:814D: A9 10    LDA #$10
f355    c10546855    i46836212    A:10 X:08 Y:01 S:DB P:nvUbdIzc  $06:814F: 65 FC    ADC $FC = #$47
f355    c10546858    i46836213    A:57 X:08 Y:01 S:DB P:nvUbdIzc  $06:8151: 85 FC    STA $FC = #$47
f355    c10546861    i46836214    A:57 X:08 Y:01 S:DB P:nvUbdIzc  $06:8153: 85 F0    STA $F0 = #$87
f355    c10546864    i46836215    A:57 X:08 Y:01 S:DB P:nvUbdIzc  $06:8155: A9 00    LDA #$00
f355    c10546866    i46836216    A:00 X:08 Y:01 S:DB P:nvUbdIZc  $06:8157: 65 FD    ADC $FD = #$07
f355    c10546869    i46836217    A:07 X:08 Y:01 S:DB P:nvUbdIzc  $06:8159: 85 FD    STA $FD = #$07
f355    c10546872    i46836218    A:07 X:08 Y:01 S:DB P:nvUbdIzc  $06:815B: 85 F1    STA $F1 = #$07
f355    c10546875    i46836219    A:07 X:08 Y:01 S:DB P:nvUbdIzc  $06:815D: 06 F3    ASL $F3 = #$44
f355    c10546880    i46836220    A:07 X:08 Y:01 S:DB P:NvUbdIzc  $06:815F: C6 F2    DEC $F2 = #$01
f355    c10546885    i46836221    A:07 X:08 Y:01 S:DB P:nvUbdIZc  $06:8161: 10 CE    BPL $8131
f355    c10546888    i46836222    A:07 X:08 Y:01 S:DB P:nvUbdIZc  $06:8131: AD 06 07 LDA $0706 = #$F0
f356    c10574818    i46845107    A:08 X:FF Y:08 S:DB P:nvUbdIzc  $06:8119: C6 F3    DEC $F3 = #$07
f356    c10574823    i46845108    A:08 X:FF Y:08 S:DB P:nvUbdIzc  $06:811B: D0 AD    BNE $80CA
f356    c10574827    i46845109    A:08 X:FF Y:08 S:DB P:nvUbdIzc  $06:80CA: AD 06 07 LDA $0706 = #$3C
f356    c10574831    i46845110    A:3C X:FF Y:08 S:DB P:nvUbdIzc  $06:80CD: 4A       LSR
f356    c10574833    i46845111    A:1E X:FF Y:08 S:DB P:nvUbdIzc  $06:80CE: 90 02    BCC $80D2
f356    c10574836    i46845112    A:1E X:FF Y:08 S:DB P:nvUbdIzc  $06:80D2: 8D 06 07 STA $0706 = #$3C
f356    c10574840    i46845113    A:1E X:FF Y:08 S:DB P:nvUbdIzc  $06:80D5: 90 35    BCC $810C
f356    c10574844    i46845114    A:1E X:FF Y:08 S:DB P:nvUbdIzc  $06:810C: 18       CLC
f356    c10574846    i46845115    A:1E X:FF Y:08 S:DB P:nvUbdIzc  $06:810D: A9 10    LDA #$10
f356    c10574848    i46845116    A:10 X:FF Y:08 S:DB P:nvUbdIzc  $06:810F: 65 F0    ADC $F0 = #$47
f356    c10574851    i46845117    A:57 X:FF Y:08 S:DB P:nvUbdIzc  $06:8111: 85 F0    STA $F0 = #$47
f356    c10574854    i46845118    A:57 X:FF Y:08 S:DB P:nvUbdIzc  $06:8113: A9 04    LDA #$04
f356    c10574856    i46845119    A:04 X:FF Y:08 S:DB P:nvUbdIzc  $06:8115: 65 F2    ADC $F2 = #$08
f356    c10574859    i46845120    A:0C X:FF Y:08 S:DB P:nvUbdIzc  $06:8117: 85 F2    STA $F2 = #$08
f356    c10574862    i46845121    A:0C X:FF Y:08 S:DB P:nvUbdIzc  $06:8119: C6 F3    DEC $F3 = #$06
f356    c10574867    i46845122    A:0C X:FF Y:08 S:DB P:nvUbdIzc  $06:811B: D0 AD    BNE $80CA
f356    c10574871    i46845123    A:0C X:FF Y:08 S:DB P:nvUbdIzc  $06:80CA: AD 06 07 LDA $0706 = #$1E
f356    c10574875    i46845124    A:1E X:FF Y:08 S:DB P:nvUbdIzc  $06:80CD: 4A       LSR
f356    c10574877    i46845125    A:0F X:FF Y:08 S:DB P:nvUbdIzc  $06:80CE: 90 02    BCC $80D2
f356    c10574880    i46845126    A:0F X:FF Y:08 S:DB P:nvUbdIzc  $06:80D2: 8D 06 07 STA $0706 = #$1E
f356    c10574884    i46845127    A:0F X:FF Y:08 S:DB P:nvUbdIzc  $06:80D5: 90 35    BCC $810C
f356    c10574888    i46845128    A:0F X:FF Y:08 S:DB P:nvUbdIzc  $06:810C: 18       CLC
f356    c10574890    i46845129    A:0F X:FF Y:08 S:DB P:nvUbdIzc  $06:810D: A9 10    LDA #$10
f356    c10574892    i46845130    A:10 X:FF Y:08 S:DB P:nvUbdIzc  $06:810F: 65 F0    ADC $F0 = #$57
f356    c10574895    i46845131    A:67 X:FF Y:08 S:DB P:nvUbdIzc  $06:8111: 85 F0    STA $F0 = #$57
f356    c10574898    i46845132    A:67 X:FF Y:08 S:DB P:nvUbdIzc  $06:8113: A9 04    LDA #$04
f356    c10574900    i46845133    A:04 X:FF Y:08 S:DB P:nvUbdIzc  $06:8115: 65 F2    ADC $F2 = #$0C
f356    c10574903    i46845134    A:10 X:FF Y:08 S:DB P:nvUbdIzc  $06:8117: 85 F2    STA $F2 = #$0C
f356    c10574906    i46845135    A:10 X:FF Y:08 S:DB P:nvUbdIzc  $06:8119: C6 F3    DEC $F3 = #$05
f356    c10574911    i46845136    A:10 X:FF Y:08 S:DB P:nvUbdIzc  $06:811B: D0 AD    BNE $80CA
f356    c10574915    i46845137    A:10 X:FF Y:08 S:DB P:nvUbdIzc  $06:80CA: AD 06 07 LDA $0706 = #$0F
f356    c10574919    i46845138    A:0F X:FF Y:08 S:DB P:nvUbdIzc  $06:80CD: 4A       LSR
f356    c10574921    i46845139    A:07 X:FF Y:08 S:DB P:nvUbdIzC  $06:80CE: 90 02    BCC $80D2
f356    c10574923    i46845140    A:07 X:FF Y:08 S:DB P:nvUbdIzC  $06:80D0: 09 80    ORA #$80
f356    c10574925    i46845141    A:87 X:FF Y:08 S:DB P:NvUbdIzC  $06:80D2: 8D 06 07 STA $0706 = #$0F
f356    c10574929    i46845142    A:87 X:FF Y:08 S:DB P:NvUbdIzC  $06:80D5: 90 35    BCC $810C
f356    c10574931    i46845143    A:87 X:FF Y:08 S:DB P:NvUbdIzC  $06:80D7: A6 F2    LDX $F2 = #$10
f356    c10574934    i46845144    A:87 X:10 Y:08 S:DB P:nvUbdIzC  $06:80D9: DE 07 07 DEC $0707,X @ $0717 = #$05
f356    c10574941    i46845145    A:87 X:10 Y:08 S:DB P:nvUbdIzC  $06:80DC: D0 03    BNE $80E1
f356    c10574944    i46845146    A:87 X:10 Y:08 S:DB P:nvUbdIzC  $06:80E1: A6 F2    LDX $F2 = #$10
f356    c10574947    i46845147    A:87 X:10 Y:08 S:DB P:nvUbdIzC  $06:80E3: DE 09 07 DEC $0709,X @ $0719 = #$01
f356    c10574954    i46845148    A:87 X:10 Y:08 S:DB P:nvUbdIZC  $06:80E6: D0 21    BNE $8109
f357    c10603032    i46854073    A:01 X:1C Y:01 S:DB P:nvUbdIzC  $01:A036: BD EB 05 LDA $05EB,X @ $0607 = #$01
f357    c10603037    i46854074    A:01 X:1C Y:01 S:DB P:nvUbdIzC  $01:A039: 8D 07 20 STA $2007 = #$00
f357    c10603041    i46854075    A:01 X:1C Y:01 S:DB P:nvUbdIzC  $01:A03C: E8       INX
f357    c10603043    i46854076    A:01 X:1D Y:01 S:DB P:nvUbdIzC  $01:A03D: 88       DEY
f357    c10603045    i46854077    A:01 X:1D Y:00 S:DB P:nvUbdIZC  $01:A03E: D0 F6    BNE $A036
f357    c10603047    i46854078    A:01 X:1D Y:00 S:DB P:nvUbdIZC  $01:A040: E8       INX
f357    c10603049    i46854079    A:01 X:1E Y:00 S:DB P:nvUbdIzC  $01:A041: E8       INX
f357    c10603051    i46854080    A:01 X:1F Y:00 S:DB P:nvUbdIzC  $01:A042: E8       INX
f357    c10603053    i46854081    A:01 X:20 Y:00 S:DB P:nvUbdIzC  $01:A043: BD E8 05 LDA $05E8,X @ $0608 = #$04
f357    c10603058    i46854082    A:04 X:20 Y:00 S:DB P:nvUbdIzC  $01:A046: D0 D3    BNE $A01B
f357    c10603061    i46854083    A:04 X:20 Y:00 S:DB P:nvUbdIzC  $01:A01B: A0 80    LDY #$80
f357    c10603063    i46854084    A:04 X:20 Y:80 S:DB P:NvUbdIzC  $01:A01D: BD E8 05 LDA $05E8,X @ $0608 = #$04
f357    c10603068    i46854085    A:04 X:20 Y:80 S:DB P:nvUbdIzC  $01:A020: 10 04    BPL $A026
f357    c10603071    i46854086    A:04 X:20 Y:80 S:DB P:nvUbdIzC  $01:A026: 8C 00 20 STY $2000 = #$80
f357    c10603075    i46854087    A:04 X:20 Y:80 S:DB P:nvUbdIzC  $01:A029: A8       TAY
f357    c10603077    i46854088    A:04 X:20 Y:04 S:DB P:nvUbdIzC  $01:A02A: BD EA 05 LDA $05EA,X @ $060A = #$24
f357    c10603082    i46854089    A:24 X:20 Y:04 S:DB P:nvUbdIzC  $01:A02D: 8D 06 20 STA $2006 = #$84
f357    c10603086    i46854090    A:24 X:20 Y:04 S:DB P:nvUbdIzC  $01:A030: BD E9 05 LDA $05E9,X @ $0609 = #$A0
f357    c10603091    i46854091    A:A0 X:20 Y:04 S:DB P:NvUbdIzC  $01:A033: 8D 06 20 STA $2006 = #$84
f357    c10603095    i46854092    A:A0 X:20 Y:04 S:DB P:NvUbdIzC  $01:A036: BD EB 05 LDA $05EB,X @ $060B = #$01
f357    c10603100    i46854093    A:01 X:20 Y:04 S:DB P:nvUbdIzC  $01:A039: 8D 07 20 STA $2007 = #$00
f357    c10603104    i46854094    A:01 X:20 Y:04 S:DB P:nvUbdIzC  $01:A03C: E8       INX
f357    c10603106    i46854095    A:01 X:21 Y:04 S:DB P:nvUbdIzC  $01:A03D: 88       DEY
f357    c10603108    i46854096    A:01 X:21 Y:03 S:DB P:nvUbdIzC  $01:A03E: D0 F6    BNE $A036
f357    c10603111    i46854097    A:01 X:21 Y:03 S:DB P:nvUbdIzC  $01:A036: BD EB 05 LDA $05EB,X @ $060C = #$01
f357    c10603116    i46854098    A:01 X:21 Y:03 S:DB P:nvUbdIzC  $01:A039: 8D 07 20 STA $2007 = #$00
f357    c10603120    i46854099    A:01 X:21 Y:03 S:DB P:nvUbdIzC  $01:A03C: E8       INX
f357    c10603122    i46854100    A:01 X:22 Y:03 S:DB P:nvUbdIzC  $01:A03D: 88       DEY
f357    c10603124    i46854101    A:01 X:22 Y:02 S:DB P:nvUbdIzC  $01:A03E: D0 F6    BNE $A036
f357    c10603127    i46854102    A:01 X:22 Y:02 S:DB P:nvUbdIzC  $01:A036: BD EB 05 LDA $05EB,X @ $060D = #$01
f357    c10603132    i46854103    A:01 X:22 Y:02 S:DB P:nvUbdIzC  $01:A039: 8D 07 20 STA $2007 = #$00
f357    c10603136    i46854104    A:01 X:22 Y:02 S:DB P:nvUbdIzC  $01:A03C: E8       INX
f357    c10603138    i46854105    A:01 X:23 Y:02 S:DB P:nvUbdIzC  $01:A03D: 88       DEY
f357    c10603140    i46854106    A:01 X:23 Y:01 S:DB P:nvUbdIzC  $01:A03E: D0 F6    BNE $A036
f357    c10603143    i46854107    A:01 X:23 Y:01 S:DB P:nvUbdIzC  $01:A036: BD EB 05 LDA $05EB,X @ $060E = #$01
f357    c10603148    i46854108    A:01 X:23 Y:01 S:DB P:nvUbdIzC  $01:A039: 8D 07 20 STA $2007 = #$00
f357    c10603152    i46854109    A:01 X:23 Y:01 S:DB P:nvUbdIzC  $01:A03C: E8       INX
f357    c10603154    i46854110    A:01 X:24 Y:01 S:DB P:nvUbdIzC  $01:A03D: 88       DEY
f357    c10603156    i46854111    A:01 X:24 Y:00 S:DB P:nvUbdIZC  $01:A03E: D0 F6    BNE $A036
f357    c10603158    i46854112    A:01 X:24 Y:00 S:DB P:nvUbdIZC  $01:A040: E8       INX
f357    c10603160    i46854113    A:01 X:25 Y:00 S:DB P:nvUbdIzC  $01:A041: E8       INX
f357    c10603162    i46854114    A:01 X:26 Y:00 S:DB P:nvUbdIzC  $01:A042: E8       INX
f357    c10603972    i46854368    A:00 X:01 Y:07 S:DB P:nvUbdIzc  $01:A0ED: BD 15 40 LDA $4015,X @ $4016 = #$00
f357    c10603976    i46854369    A:40 X:01 Y:07 S:DB P:nvUbdIzc  $01:A0F0: 4A       LSR
f357    c10603978    i46854370    A:20 X:01 Y:07 S:DB P:nvUbdIzc  $01:A0F1: 26 3F    ROL $3F = #$00
f357    c10603983    i46854371    A:20 X:01 Y:07 S:DB P:nvUbdIZc  $01:A0F3: 29 01    AND #$01
f357    c10603985    i46854372    A:00 X:01 Y:07 S:DB P:nvUbdIZc  $01:A0F5: 05 3F    ORA $3F = #$00
f357    c10603988    i46854373    A:00 X:01 Y:07 S:DB P:nvUbdIZc  $01:A0F7: 85 3F    STA $3F = #$00
f357    c10603991    i46854374    A:00 X:01 Y:07 S:DB P:nvUbdIZc  $01:A0F9: 88       DEY
f357    c10603993    i46854375    A:00 X:01 Y:06 S:DB P:nvUbdIzc  $01:A0FA: D0 F1    BNE $A0ED
f357    c10603996    i46854376    A:00 X:01 Y:06 S:DB P:nvUbdIzc  $01:A0ED: BD 15 40 LDA $4015,X @ $4016 = #$00
f357    c10604000    i46854377    A:40 X:01 Y:06 S:DB P:nvUbdIzc  $01:A0F0: 4A       LSR
f357    c10604002    i46854378    A:20 X:01 Y:06 S:DB P:nvUbdIzc  $01:A0F1: 26 3F    ROL $3F = #$00
f357    c10604007    i46854379    A:20 X:01 Y:06 S:DB P:nvUbdIZc  $01:A0F3: 29 01    AND #$01
f357    c10604009    i46854380    A:00 X:01 Y:06 S:DB P:nvUbdIZc  $01:A0F5: 05 3F    ORA $3F = #$00
f357    c10604012    i46854381    A:00 X:01 Y:06 S:DB P:nvUbdIZc  $01:A0F7: 85 3F    STA $3F = #$00
f357    c10604015    i46854382    A:00 X:01 Y:06 S:DB P:nvUbdIZc  $01:A0F9: 88       DEY
f357    c10604017    i46854383    A:00 X:01 Y:05 S:DB P:nvUbdIzc  $01:A0FA: D0 F1    BNE $A0ED
f357    c10604020    i46854384    A:00 X:01 Y:05 S:DB P:nvUbdIzc  $01:A0ED: BD 15 40 LDA $4015,X @ $4016 = #$00
f357    c10604024    i46854385    A:40 X:01 Y:05 S:DB P:nvUbdIzc  $01:A0F0: 4A       LSR
f357    c10604026    i46854386    A:20 X:01 Y:05 S:DB P:nvUbdIzc  $01:A0F1: 26 3F    ROL $3F = #$00
f357    c10604031    i46854387    A:20 X:01 Y:05 S:DB P:nvUbdIZc  $01:A0F3: 29 01    AND #$01
f357    c10604033    i46854388    A:00 X:01 Y:05 S:DB P:nvUbdIZc  $01:A0F5: 05 3F    ORA $3F = #$00
f357    c10604036    i46854389    A:00 X:01 Y:05 S:DB P:nvUbdIZc  $01:A0F7: 85 3F    STA $3F = #$00
f357    c10604039    i46854390    A:00 X:01 Y:05 S:DB P:nvUbdIZc  $01:A0F9: 88       DEY
f357    c10604041    i46854391    A:00 X:01 Y:04 S:DB P:nvUbdIzc  $01:A0FA: D0 F1    BNE $A0ED
f357    c10604044    i46854392    A:00 X:01 Y:04 S:DB P:nvUbdIzc  $01:A0ED: BD 15 40 LDA $4015,X @ $4016 = #$00
f357    c10604048    i46854393    A:40 X:01 Y:04 S:DB P:nvUbdIzc  $01:A0F0: 4A       LSR
f357    c10604050    i46854394    A:20 X:01 Y:04 S:DB P:nvUbdIzc  $01:A0F1: 26 3F    ROL $3F = #$00
f357    c10604055    i46854395    A:20 X:01 Y:04 S:DB P:nvUbdIZc  $01:A0F3: 29 01    AND #$01
f357    c10604057    i46854396    A:00 X:01 Y:04 S:DB P:nvUbdIZc  $01:A0F5: 05 3F    ORA $3F = #$00
f357    c10604060    i46854397    A:00 X:01 Y:04 S:DB P:nvUbdIZc  $01:A0F7: 85 3F    STA $3F = #$00
f357    c10604063    i46854398    A:00 X:01 Y:04 S:DB P:nvUbdIZc  $01:A0F9: 88       DEY
f357    c10604065    i46854399    A:00 X:01 Y:03 S:DB P:nvUbdIzc  $01:A0FA: D0 F1    BNE $A0ED
f357    c10604068    i46854400    A:00 X:01 Y:03 S:DB P:nvUbdIzc  $01:A0ED: BD 15 40 LDA $4015,X @ $4016 = #$00
f357    c10604072    i46854401    A:40 X:01 Y:03 S:DB P:nvUbdIzc  $01:A0F0: 4A       LSR
f357    c10604074    i46854402    A:20 X:01 Y:03 S:DB P:nvUbdIzc  $01:A0F1: 26 3F    ROL $3F = #$00
f357    c10604079    i46854403    A:20 X:01 Y:03 S:DB P:nvUbdIZc  $01:A0F3: 29 01    AND #$01
f357    c10604081    i46854404    A:00 X:01 Y:03 S:DB P:nvUbdIZc  $01:A0F5: 05 3F    ORA $3F = #$00
f357    c10604084    i46854405    A:00 X:01 Y:03 S:DB P:nvUbdIZc  $01:A0F7: 85 3F    STA $3F = #$00
f357    c10604087    i46854406    A:00 X:01 Y:03 S:DB P:nvUbdIZc  $01:A0F9: 88       DEY
f357    c10604089    i46854407    A:00 X:01 Y:02 S:DB P:nvUbdIzc  $01:A0FA: D0 F1    BNE $A0ED
f357    c10604092    i46854408    A:00 X:01 Y:02 S:DB P:nvUbdIzc  $01:A0ED: BD 15 40 LDA $4015,X @ $4016 = #$00
f357    c10604096    i46854409    A:40 X:01 Y:02 S:DB P:nvUbdIzc  $01:A0F0: 4A       LSR
f358    c10632813    i46863548    A:CA X:1C Y:01 S:DB P:NvUbdIzC  $01:A036: BD EB 05 LDA $05EB,X @ $0607 = #$AA
f358    c10632818    i46863549    A:AA X:1C Y:01 S:DB P:NvUbdIzC  $01:A039: 8D 07 20 STA $2007 = #$00
f358    c10632822    i46863550    A:AA X:1C Y:01 S:DB P:NvUbdIzC  $01:A03C: E8       INX
f358    c10632824    i46863551    A:AA X:1D Y:01 S:DB P:nvUbdIzC  $01:A03D: 88       DEY
f358    c10632826    i46863552    A:AA X:1D Y:00 S:DB P:nvUbdIZC  $01:A03E: D0 F6    BNE $A036
f358    c10632828    i46863553    A:AA X:1D Y:00 S:DB P:nvUbdIZC  $01:A040: E8       INX
f358    c10632830    i46863554    A:AA X:1E Y:00 S:DB P:nvUbdIzC  $01:A041: E8       INX
f358    c10632832    i46863555    A:AA X:1F Y:00 S:DB P:nvUbdIzC  $01:A042: E8       INX
f358    c10632834    i46863556    A:AA X:20 Y:00 S:DB P:nvUbdIzC  $01:A043: BD E8 05 LDA $05E8,X @ $0608 = #$04
f358    c10632839    i46863557    A:04 X:20 Y:00 S:DB P:nvUbdIzC  $01:A046: D0 D3    BNE $A01B
f358    c10632842    i46863558    A:04 X:20 Y:00 S:DB P:nvUbdIzC  $01:A01B: A0 80    LDY #$80
f358    c10632844    i46863559    A:04 X:20 Y:80 S:DB P:NvUbdIzC  $01:A01D: BD E8 05 LDA $05E8,X @ $0608 = #$04
f358    c10632849    i46863560    A:04 X:20 Y:80 S:DB P:nvUbdIzC  $01:A020: 10 04    BPL $A026
f358    c10632852    i46863561    A:04 X:20 Y:80 S:DB P:nvUbdIzC  $01:A026: 8C 00 20 STY $2000 = #$80
f358    c10632856    i46863562    A:04 X:20 Y:80 S:DB P:nvUbdIzC  $01:A029: A8       TAY
f358    c10632858    i46863563    A:04 X:20 Y:04 S:DB P:nvUbdIzC  $01:A02A: BD EA 05 LDA $05EA,X @ $060A = #$24
f358    c10632863    i46863564    A:24 X:20 Y:04 S:DB P:nvUbdIzC  $01:A02D: 8D 06 20 STA $2006 = #$CB
f358    c10632867    i46863565    A:24 X:20 Y:04 S:DB P:nvUbdIzC  $01:A030: BD E9 05 LDA $05E9,X @ $0609 = #$88
f358    c10632872    i46863566    A:88 X:20 Y:04 S:DB P:NvUbdIzC  $01:A033: 8D 06 20 STA $2006 = #$CB
f358    c10632876    i46863567    A:88 X:20 Y:04 S:DB P:NvUbdIzC  $01:A036: BD EB 05 LDA $05EB,X @ $060B = #$01
f358    c10632881    i46863568    A:01 X:20 Y:04 S:DB P:nvUbdIzC  $01:A039: 8D 07 20 STA $2007 = #$00
f358    c10632885    i46863569    A:01 X:20 Y:04 S:DB P:nvUbdIzC  $01:A03C: E8       INX
f358    c10632887    i46863570    A:01 X:21 Y:04 S:DB P:nvUbdIzC  $01:A03D: 88       DEY
f358    c10632889    i46863571    A:01 X:21 Y:03 S:DB P:nvUbdIzC  $01:A03E: D0 F6    BNE $A036
f358    c10632892    i46863572    A:01 X:21 Y:03 S:DB P:nvUbdIzC  $01:A036: BD EB 05 LDA $05EB,X @ $060C = #$01
f358    c10632897    i46863573    A:01 X:21 Y:03 S:DB P:nvUbdIzC  $01:A039: 8D 07 20 STA $2007 = #$00
f358    c10632901    i46863574    A:01 X:21 Y:03 S:DB P:nvUbdIzC  $01:A03C: E8       INX
f358    c10632903    i46863575    A:01 X:22 Y:03 S:DB P:nvUbdIzC  $01:A03D: 88       DEY
f358    c10632905    i46863576    A:01 X:22 Y:02 S:DB P:nvUbdIzC  $01:A03E: D0 F6    BNE $A036
f358    c10632908    i46863577    A:01 X:22 Y:02 S:DB P:nvUbdIzC  $01:A036: BD EB 05 LDA $05EB,X @ $060D = #$01
f358    c10632913    i46863578    A:01 X:22 Y:02 S:DB P:nvUbdIzC  $01:A039: 8D 07 20 STA $2007 = #$00
f358    c10632917    i46863579    A:01 X:22 Y:02 S:DB P:nvUbdIzC  $01:A03C: E8       INX
f358    c10632919    i46863580    A:01 X:23 Y:02 S:DB P:nvUbdIzC  $01:A03D: 88       DEY
f358    c10632921    i46863581    A:01 X:23 Y:01 S:DB P:nvUbdIzC  $01:A03E: D0 F6    BNE $A036
f358    c10632924    i46863582    A:01 X:23 Y:01 S:DB P:nvUbdIzC  $01:A036: BD EB 05 LDA $05EB,X @ $060E = #$01
f358    c10632929    i46863583    A:01 X:23 Y:01 S:DB P:nvUbdIzC  $01:A039: 8D 07 20 STA $2007 = #$00
f358    c10632933    i46863584    A:01 X:23 Y:01 S:DB P:nvUbdIzC  $01:A03C: E8       INX
f358    c10632935    i46863585    A:01 X:24 Y:01 S:DB P:nvUbdIzC  $01:A03D: 88       DEY
f358    c10632937    i46863586    A:01 X:24 Y:00 S:DB P:nvUbdIZC  $01:A03E: D0 F6    BNE $A036
f358    c10632939    i46863587    A:01 X:24 Y:00 S:DB P:nvUbdIZC  $01:A040: E8       INX
f358    c10632941    i46863588    A:01 X:25 Y:00 S:DB P:nvUbdIzC  $01:A041: E8       INX
f358    c10632943    i46863589    A:01 X:26 Y:00 S:DB P:nvUbdIzC  $01:A042: E8       INX
f358    c10644012    i46867022    A:F8 X:F8 Y:FC S:EC P:NvUbdizc  $01:A8FB: D0 D8    BNE $A8D5
f358    c10644015    i46867023    A:F8 X:F8 Y:FC S:EC P:NvUbdizc  $01:A8D5: BE 68 04 LDX $0468,Y @ $0564 = #$F8
f358    c10644020    i46867024    A:F8 X:F8 Y:FC S:EC P:NvUbdizc  $01:A8D8: B9 6A 04 LDA $046A,Y @ $0566 = #$F8
f358    c10644025    i46867025    A:F8 X:F8 Y:FC S:EC P:NvUbdizc  $01:A8DB: 29 0C    AND #$0C
f358    c10644027    i46867026    A:08 X:F8 Y:FC S:EC P:nvUbdizc  $01:A8DD: F0 02    BEQ $A8E1
f358    c10644029    i46867027    A:08 X:F8 Y:FC S:EC P:nvUbdizc  $01:A8DF: A2 F8    LDX #$F8
f358    c10644031    i46867028    A:08 X:F8 Y:FC S:EC P:NvUbdizc  $01:A8E1: 8A       TXA
f358    c10644033    i46867029    A:F8 X:F8 Y:FC S:EC P:NvUbdizc  $01:A8E2: 99 00 02 STA $0200,Y @ $02FC = #$F8
f358    c10644038    i46867030    A:F8 X:F8 Y:FC S:EC P:NvUbdizc  $01:A8E5: B9 69 04 LDA $0469,Y @ $0565 = #$F8
f358    c10644043    i46867031    A:F8 X:F8 Y:FC S:EC P:NvUbdizc  $01:A8E8: 99 01 02 STA $0201,Y @ $02FD = #$F8
f358    c10644048    i46867032    A:F8 X:F8 Y:FC S:EC P:NvUbdizc  $01:A8EB: B9 6A 04 LDA $046A,Y @ $0566 = #$F8
f358    c10644053    i46867033    A:F8 X:F8 Y:FC S:EC P:NvUbdizc  $01:A8EE: 99 02 02 STA $0202,Y @ $02FE = #$F8
f358    c10644058    i46867034    A:F8 X:F8 Y:FC S:EC P:NvUbdizc  $01:A8F1: B9 6B 04 LDA $046B,Y @ $0567 = #$F8
f358    c10644063    i46867035    A:F8 X:F8 Y:FC S:EC P:NvUbdizc  $01:A8F4: 99 03 02 STA $0203,Y @ $02FF = #$F8
f358    c10644068    i46867036    A:F8 X:F8 Y:FC S:EC P:NvUbdizc  $01:A8F7: C8       INY
f358    c10644070    i46867037    A:F8 X:F8 Y:FD S:EC P:NvUbdizc  $01:A8F8: C8       INY
f358    c10644072    i46867038    A:F8 X:F8 Y:FE S:EC P:NvUbdizc  $01:A8F9: C8       INY
f358    c10644074    i46867039    A:F8 X:F8 Y:FF S:EC P:NvUbdizc  $01:A8FA: C8       INY
f358    c10644076    i46867040    A:F8 X:F8 Y:00 S:EC P:nvUbdiZc  $01:A8FB: D0 D8    BNE $A8D5
f358    c10644078    i46867041    A:F8 X:F8 Y:00 S:EC P:nvUbdiZc  $01:A8FD: 60       RTS (from $A215)
f358    c10644084    i46867042    A:F8 X:F8 Y:00 S:EE P:nvUbdiZc  $00:8392: A2 06    LDX #$06
f358    c10644086    i46867043    A:F8 X:06 Y:00 S:EE P:nvUbdizc  $00:8394: 20 B9 C4 JSR $C4B9
f358    c10644092    i46867044    A:F8 X:06 Y:00 S:EC P:nvUbdizc  $0F:C4B9: 86 25    STX $25 = #$02
f358    c10644095    i46867045    A:F8 X:06 Y:00 S:EC P:nvUbdizc  $0F:C4BB: A9 07    LDA #$07
f358    c10644097    i46867046    A:07 X:06 Y:00 S:EC P:nvUbdizc  $0F:C4BD: 05 22    ORA $22 = #$00
f358    c10644100    i46867047    A:07 X:06 Y:00 S:EC P:nvUbdizc  $0F:C4BF: 85 23    STA $23 = #$06
f358    c10644103    i46867048    A:07 X:06 Y:00 S:EC P:nvUbdizc  $0F:C4C1: 8D 00 80 STA $8000 = #$A5
f358    c10644107    i46867049    A:07 X:06 Y:00 S:EC P:nvUbdizc  $0F:C4C4: 8E 01 80 STX $8001 = #$27
f358    c10644111    i46867050    A:07 X:06 Y:00 S:EC P:nvUbdizc  $0F:C4C7: 60       RTS (from $C4B9)
f358    c10644117    i46867051    A:07 X:06 Y:00 S:EE P:nvUbdizc  $00:8397: 60       RTS (from $838A)
f358    c10644123    i46867052    A:07 X:06 Y:00 S:F0 P:nvUbdizc  $00:82F0: A5 4C    LDA $4C = #$00
f358    c10644126    i46867053    A:00 X:06 Y:00 S:F0 P:nvUbdiZc  $00:82F2: 10 F9    BPL $82ED
f358    c10644129    i46867054    A:00 X:06 Y:00 S:F0 P:nvUbdiZc  $00:82ED: 20 8A 83 JSR $838A
f358    c10644135    i46867055    A:00 X:06 Y:00 S:EE P:nvUbdiZc  $00:838A: A2 02    LDX #$02
f358    c10644137    i46867056    A:00 X:02 Y:00 S:EE P:nvUbdizc  $00:838C: 20 B9 C4 JSR $C4B9
f358    c10644143    i46867057    A:00 X:02 Y:00 S:EC P:nvUbdizc  $0F:C4B9: 86 25    STX $25 = #$06
f358    c10644146    i46867058    A:00 X:02 Y:00 S:EC P:nvUbdizc  $0F:C4BB: A9 07    LDA #$07
f358    c10644148    i46867059    A:07 X:02 Y:00 S:EC P:nvUbdizc  $0F:C4BD: 05 22    ORA $22 = #$00
f358    c10644151    i46867060    A:07 X:02 Y:00 S:EC P:nvUbdizc  $0F:C4BF: 85 23    STA $23 = #$07
f358    c10644154    i46867061    A:07 X:02 Y:00 S:EC P:nvUbdizc  $0F:C4C1: 8D 00 80 STA $8000 = #$A5
f358    c10644158    i46867062    A:07 X:02 Y:00 S:EC P:nvUbdizc  $0F:C4C4: 8E 01 80 STX $8001 = #$27
f359    c10664158    i46873523    A:08 X:FF Y:08 S:DB P:nvUbdIzc  $06:8119: C6 F3    DEC $F3 = #$07
f359    c10664163    i46873524    A:08 X:FF Y:08 S:DB P:nvUbdIzc  $06:811B: D0 AD    BNE $80CA
f359    c10664167    i46873525    A:08 X:FF Y:08 S:DB P:nvUbdIzc  $06:80CA: AD 06 07 LDA $0706 = #$3C
f359    c10664171    i46873526    A:3C X:FF Y:08 S:DB P:nvUbdIzc  $06:80CD: 4A       LSR
f359    c10664173    i46873527    A:1E X:FF Y:08 S:DB P:nvUbdIzc  $06:80CE: 90 02    BCC $80D2
f359    c10664176    i46873528    A:1E X:FF Y:08 S:DB P:nvUbdIzc  $06:80D2: 8D 06 07 STA $0706 = #$3C
f359    c10664180    i46873529    A:1E X:FF Y:08 S:DB P:nvUbdIzc  $06:80D5: 90 35    BCC $810C
f359    c10664184    i46873530    A:1E X:FF Y:08 S:DB P:nvUbdIzc  $06:810C: 18       CLC
f359    c10664186    i46873531    A:1E X:FF Y:08 S:DB P:nvUbdIzc  $06:810D: A9 10    LDA #$10
f359    c10664188    i46873532    A:10 X:FF Y:08 S:DB P:nvUbdIzc  $06:810F: 65 F0    ADC $F0 = #$47
f359    c10664191    i46873533    A:57 X:FF Y:08 S:DB P:nvUbdIzc  $06:8111: 85 F0    STA $F0 = #$47
f359    c10664194    i46873534    A:57 X:FF Y:08 S:DB P:nvUbdIzc  $06:8113: A9 04    LDA #$04
f359    c10664196    i46873535    A:04 X:FF Y:08 S:DB P:nvUbdIzc  $06:8115: 65 F2    ADC $F2 = #$08
f359    c10664199    i46873536    A:0C X:FF Y:08 S:DB P:nvUbdIzc  $06:8117: 85 F2    STA $F2 = #$08
f359    c10664202    i46873537    A:0C X:FF Y:08 S:DB P:nvUbdIzc  $06:8119: C6 F3    DEC $F3 = #$06
f359    c10664207    i46873538    A:0C X:FF Y:08 S:DB P:nvUbdIzc  $06:811B: D0 AD    BNE $80CA
f359    c10664211    i46873539    A:0C X:FF Y:08 S:DB P:nvUbdIzc  $06:80CA: AD 06 07 LDA $0706 = #$1E
f359    c10664215    i46873540    A:1E X:FF Y:08 S:DB P:nvUbdIzc  $06:80CD: 4A       LSR
f359    c10664217    i46873541    A:0F X:FF Y:08 S:DB P:nvUbdIzc  $06:80CE: 90 02    BCC $80D2
f359    c10664220    i46873542    A:0F X:FF Y:08 S:DB P:nvUbdIzc  $06:80D2: 8D 06 07 STA $0706 = #$1E
f359    c10664224    i46873543    A:0F X:FF Y:08 S:DB P:nvUbdIzc  $06:80D5: 90 35    BCC $810C
f359    c10664228    i46873544    A:0F X:FF Y:08 S:DB P:nvUbdIzc  $06:810C: 18       CLC
f359    c10664230    i46873545    A:0F X:FF Y:08 S:DB P:nvUbdIzc  $06:810D: A9 10    LDA #$10
f359    c10664232    i46873546    A:10 X:FF Y:08 S:DB P:nvUbdIzc  $06:810F: 65 F0    ADC $F0 = #$57
f359    c10664235    i46873547    A:67 X:FF Y:08 S:DB P:nvUbdIzc  $06:8111: 85 F0    STA $F0 = #$57
f359    c10664238    i46873548    A:67 X:FF Y:08 S:DB P:nvUbdIzc  $06:8113: A9 04    LDA #$04
f359    c10664240    i46873549    A:04 X:FF Y:08 S:DB P:nvUbdIzc  $06:8115: 65 F2    ADC $F2 = #$0C
f359    c10664243    i46873550    A:10 X:FF Y:08 S:DB P:nvUbdIzc  $06:8117: 85 F2    STA $F2 = #$0C
f359    c10664246    i46873551    A:10 X:FF Y:08 S:DB P:nvUbdIzc  $06:8119: C6 F3    DEC $F3 = #$05
f359    c10664251    i46873552    A:10 X:FF Y:08 S:DB P:nvUbdIzc  $06:811B: D0 AD    BNE $80CA
f359    c10664255    i46873553    A:10 X:FF Y:08 S:DB P:nvUbdIzc  $06:80CA: AD 06 07 LDA $0706 = #$0F
f359    c10664259    i46873554    A:0F X:FF Y:08 S:DB P:nvUbdIzc  $06:80CD: 4A       LSR
f359    c10664261    i46873555    A:07 X:FF Y:08 S:DB P:nvUbdIzC  $06:80CE: 90 02    BCC $80D2
f359    c10664263    i46873556    A:07 X:FF Y:08 S:DB P:nvUbdIzC  $06:80D0: 09 80    ORA #$80
f359    c10664265    i46873557    A:87 X:FF Y:08 S:DB P:NvUbdIzC  $06:80D2: 8D 06 07 STA $0706 = #$0F
f359    c10664269    i46873558    A:87 X:FF Y:08 S:DB P:NvUbdIzC  $06:80D5: 90 35    BCC $810C
f359    c10664271    i46873559    A:87 X:FF Y:08 S:DB P:NvUbdIzC  $06:80D7: A6 F2    LDX $F2 = #$10
f359    c10664274    i46873560    A:87 X:10 Y:08 S:DB P:nvUbdIzC  $06:80D9: DE 07 07 DEC $0707,X @ $0717 = #$02
f359    c10664281    i46873561    A:87 X:10 Y:08 S:DB P:nvUbdIzC  $06:80DC: D0 03    BNE $80E1
f359    c10664284    i46873562    A:87 X:10 Y:08 S:DB P:nvUbdIzC  $06:80E1: A6 F2    LDX $F2 = #$10
f359    c10664287    i46873563    A:87 X:10 Y:08 S:DB P:nvUbdIzC  $06:80E3: DE 09 07 DEC $0709,X @ $0719 = #$FF
f359    c10664294    i46873564    A:87 X:10 Y:08 S:DB P:NvUbdIzC  $06:80E6: D0 21    BNE $8109
f360    c10694752    i46883253    A:84 X:14 Y:06 S:D9 P:nvUbdIzC  $06:8243: 91 F0    STA ($F0),Y @ $077D = #$84
f360    c10694758    i46883254    A:84 X:14 Y:06 S:D9 P:nvUbdIzC  $06:8245: A6 F3    LDX $F3 = #$03
f360    c10694761    i46883255    A:84 X:03 Y:06 S:D9 P:nvUbdIzC  $06:8247: CA       DEX
f360    c10694763    i46883256    A:84 X:02 Y:06 S:D9 P:nvUbdIzC  $06:8248: BD AF 07 LDA $07AF,X @ $07B1 = #$01
f360    c10694767    i46883257    A:01 X:02 Y:06 S:D9 P:nvUbdIzC  $06:824B: C9 01    CMP #$01
f360    c10694769    i46883258    A:01 X:02 Y:06 S:D9 P:nvUbdIZC  $06:824D: F0 08    BEQ $8257
f360    c10694772    i46883259    A:01 X:02 Y:06 S:D9 P:nvUbdIZC  $06:8257: BD C7 07 LDA $07C7,X @ $07C9 = #$07
f360    c10694776    i46883260    A:07 X:02 Y:06 S:D9 P:nvUbdIzC  $06:825A: 0A       ASL
f360    c10694778    i46883261    A:0E X:02 Y:06 S:D9 P:nvUbdIzc  $06:825B: A8       TAY
f360    c10694780    i46883262    A:0E X:02 Y:0E S:D9 P:nvUbdIzc  $06:825C: B9 69 82 LDA $8269,Y @ $8277 = #$7D
f360    c10694784    i46883263    A:7D X:02 Y:0E S:D9 P:nvUbdIzc  $06:825F: 85 F9    STA $F9 = #$97
f360    c10694787    i46883264    A:7D X:02 Y:0E S:D9 P:nvUbdIzc  $06:8261: B9 6A 82 LDA $826A,Y @ $8278 = #$82
f360    c10694791    i46883265    A:82 X:02 Y:0E S:D9 P:NvUbdIzc  $06:8264: 85 FA    STA $FA = #$82
f360    c10694794    i46883266    A:82 X:02 Y:0E S:D9 P:NvUbdIzc  $06:8266: 6C F9 00 JMP ($00F9) = $827D
f360    c10694799    i46883267    A:82 X:02 Y:0E S:D9 P:NvUbdIzc  $06:827D: A9 01    LDA #$01
f360    c10694801    i46883268    A:01 X:02 Y:0E S:D9 P:nvUbdIzc  $06:827F: 18       CLC
f360    c10694803    i46883269    A:01 X:02 Y:0E S:D9 P:nvUbdIzc  $06:8280: 7D B7 07 ADC $07B7,X @ $07B9 = #$1D
f360    c10694807    i46883270    A:1E X:02 Y:0E S:D9 P:nvUbdIzc  $06:8283: A0 07    LDY #$07
f360    c10694809    i46883271    A:1E X:02 Y:07 S:D9 P:nvUbdIzc  $06:8285: 91 F0    STA ($F0),Y @ $077E = #$1D
f360    c10694815    i46883272    A:1E X:02 Y:07 S:D9 P:nvUbdIzc  $06:8287: BD BF 07 LDA $07BF,X @ $07C1 = #$81
f360    c10694819    i46883273    A:81 X:02 Y:07 S:D9 P:NvUbdIzc  $06:828A: 69 00    ADC #$00
f360    c10694821    i46883274    A:81 X:02 Y:07 S:D9 P:NvUbdIzc  $06:828C: C8       INY
f360    c10694823    i46883275    A:81 X:02 Y:08 S:D9 P:nvUbdIzc  $06:828D: 91 F0    STA ($F0),Y @ $077F = #$81
f360    c10694829    i46883276    A:81 X:02 Y:08 S:D9 P:nvUbdIzc  $06:828F: 4C A4 82 JMP $82A4
f360    c10694832    i46883277    A:81 X:02 Y:08 S:D9 P:nvUbdIzc  $06:82A4: BD C7 07 LDA $07C7,X @ $07C9 = #$07
f360    c10694836    i46883278    A:07 X:02 Y:08 S:D9 P:nvUbdIzc  $06:82A7: 18       CLC
f360    c10694838    i46883279    A:07 X:02 Y:08 S:D9 P:nvUbdIzc  $06:82A8: 69 01    ADC #$01
f360    c10694840    i46883280    A:08 X:02 Y:08 S:D9 P:nvUbdIzc  $06:82AA: C9 0A    CMP #$0A
f360    c10694842    i46883281    A:08 X:02 Y:08 S:D9 P:NvUbdIzc  $06:82AC: D0 02    BNE $82B0
f360    c10694845    i46883282    A:08 X:02 Y:08 S:D9 P:NvUbdIzc  $06:82B0: 9D C7 07 STA $07C7,X @ $07C9 = #$07
f360    c10694850    i46883283    A:08 X:02 Y:08 S:D9 P:NvUbdIzc  $06:82B3: 60       RTS (from $81DB)
f360    c10694856    i46883284    A:08 X:02 Y:08 S:DB P:NvUbdIzc  $06:810C: 18       CLC
f360    c10694858    i46883285    A:08 X:02 Y:08 S:DB P:NvUbdIzc  $06:810D: A9 10    LDA #$10
f360    c10694860    i46883286    A:10 X:02 Y:08 S:DB P:nvUbdIzc  $06:810F: 65 F0    ADC $F0 = #$77
f360    c10694863    i46883287    A:87 X:02 Y:08 S:DB P:NVUbdIzc  $06:8111: 85 F0    STA $F0 = #$77
f360    c10694866    i46883288    A:87 X:02 Y:08 S:DB P:NVUbdIzc  $06:8113: A9 04    LDA #$04
f360    c10694868    i46883289    A:04 X:02 Y:08 S:DB P:nVUbdIzc  $06:8115: 65 F2    ADC $F2 = #$14
f360    c10694871    i46883290    A:18 X:02 Y:08 S:DB P:nvUbdIzc  $06:8117: 85 F2    STA $F2 = #$14
f360    c10694874    i46883291    A:18 X:02 Y:08 S:DB P:nvUbdIzc  $06:8119: C6 F3    DEC $F3 = #$03
f360    c10694879    i46883292    A:18 X:02 Y:08 S:DB P:nvUbdIzc  $06:811B: D0 AD    BNE $80CA
f360    c10694883    i46883293    A:18 X:02 Y:08 S:DB P:nvUbdIzc  $06:80CA: AD 06 07 LDA $0706 = #$C3
f361    c10723719    i46892472    A:08 X:FF Y:08 S:DB P:nvUbdIzc  $06:8119: C6 F3    DEC $F3 = #$07
f361    c10723724    i46892473    A:08 X:FF Y:08 S:DB P:nvUbdIzc  $06:811B: D0 AD    BNE $80CA
f361    c10723728    i46892474    A:08 X:FF Y:08 S:DB P:nvUbdIzc  $06:80CA: AD 06 07 LDA $0706 = #$3C
f361    c10723732    i46892475    A:3C X:FF Y:08 S:DB P:nvUbdIzc  $06:80CD: 4A       LSR
f361    c10723734    i46892476    A:1E X:FF Y:08 S:DB P:nvUbdIzc  $06:80CE: 90 02    BCC $80D2
f361    c10723737    i46892477    A:1E X:FF Y:08 S:DB P:nvUbdIzc  $06:80D2: 8D 06 07 STA $0706 = #$3C
f361    c10723741    i46892478    A:1E X:FF Y:08 S:DB P:nvUbdIzc  $06:80D5: 90 35    BCC $810C
f361    c10723745    i46892479    A:1E X:FF Y:08 S:DB P:nvUbdIzc  $06:810C: 18       CLC
f361    c10723747    i46892480    A:1E X:FF Y:08 S:DB P:nvUbdIzc  $06:810D: A9 10    LDA #$10
f361    c10723749    i46892481    A:10 X:FF Y:08 S:DB P:nvUbdIzc  $06:810F: 65 F0    ADC $F0 = #$47
f361    c10723752    i46892482    A:57 X:FF Y:08 S:DB P:nvUbdIzc  $06:8111: 85 F0    STA $F0 = #$47
f361    c10723755    i46892483    A:57 X:FF Y:08 S:DB P:nvUbdIzc  $06:8113: A9 04    LDA #$04
f361    c10723757    i46892484    A:04 X:FF Y:08 S:DB P:nvUbdIzc  $06:8115: 65 F2    ADC $F2 = #$08
f361    c10723760    i46892485    A:0C X:FF Y:08 S:DB P:nvUbdIzc  $06:8117: 85 F2    STA $F2 = #$08
f361    c10723763    i46892486    A:0C X:FF Y:08 S:DB P:nvUbdIzc  $06:8119: C6 F3    DEC $F3 = #$06
f361    c10723768    i46892487    A:0C X:FF Y:08 S:DB P:nvUbdIzc  $06:811B: D0 AD    BNE $80CA
f361    c10723772    i46892488    A:0C X:FF Y:08 S:DB P:nvUbdIzc  $06:80CA: AD 06 07 LDA $0706 = #$1E
f361    c10723776    i46892489    A:1E X:FF Y:08 S:DB P:nvUbdIzc  $06:80CD: 4A       LSR
f361    c10723778    i46892490    A:0F X:FF Y:08 S:DB P:nvUbdIzc  $06:80CE: 90 02    BCC $80D2
f361    c10723781    i46892491    A:0F X:FF Y:08 S:DB P:nvUbdIzc  $06:80D2: 8D 06 07 STA $0706 = #$1E
f361    c10723785    i46892492    A:0F X:FF Y:08 S:DB P:nvUbdIzc  $06:80D5: 90 35    BCC $810C
f361    c10723789    i46892493    A:0F X:FF Y:08 S:DB P:nvUbdIzc  $06:810C: 18       CLC
f361    c10723791    i46892494    A:0F X:FF Y:08 S:DB P:nvUbdIzc  $06:810D: A9 10    LDA #$10
f361    c10723793    i46892495    A:10 X:FF Y:08 S:DB P:nvUbdIzc  $06:810F: 65 F0    ADC $F0 = #$57
f361    c10723796    i46892496    A:67 X:FF Y:08 S:DB P:nvUbdIzc  $06:8111: 85 F0    STA $F0 = #$57
f361    c10723799    i46892497    A:67 X:FF Y:08 S:DB P:nvUbdIzc  $06:8113: A9 04    LDA #$04
f361    c10723801    i46892498    A:04 X:FF Y:08 S:DB P:nvUbdIzc  $06:8115: 65 F2    ADC $F2 = #$0C
f361    c10723804    i46892499    A:10 X:FF Y:08 S:DB P:nvUbdIzc  $06:8117: 85 F2    STA $F2 = #$0C
f361    c10723807    i46892500    A:10 X:FF Y:08 S:DB P:nvUbdIzc  $06:8119: C6 F3    DEC $F3 = #$05
f361    c10723812    i46892501    A:10 X:FF Y:08 S:DB P:nvUbdIzc  $06:811B: D0 AD    BNE $80CA
f361    c10723816    i46892502    A:10 X:FF Y:08 S:DB P:nvUbdIzc  $06:80CA: AD 06 07 LDA $0706 = #$0F
f361    c10723820    i46892503    A:0F X:FF Y:08 S:DB P:nvUbdIzc  $06:80CD: 4A       LSR
f361    c10723822    i46892504    A:07 X:FF Y:08 S:DB P:nvUbdIzC  $06:80CE: 90 02    BCC $80D2
f361    c10723824    i46892505    A:07 X:FF Y:08 S:DB P:nvUbdIzC  $06:80D0: 09 80    ORA #$80
f361    c10723826    i46892506    A:87 X:FF Y:08 S:DB P:NvUbdIzC  $06:80D2: 8D 06 07 STA $0706 = #$0F
f361    c10723830    i46892507    A:87 X:FF Y:08 S:DB P:NvUbdIzC  $06:80D5: 90 35    BCC $810C
f361    c10723832    i46892508    A:87 X:FF Y:08 S:DB P:NvUbdIzC  $06:80D7: A6 F2    LDX $F2 = #$10
f361    c10723835    i46892509    A:87 X:10 Y:08 S:DB P:nvUbdIzC  $06:80D9: DE 07 07 DEC $0707,X @ $0717 = #$07
f361    c10723842    i46892510    A:87 X:10 Y:08 S:DB P:nvUbdIzC  $06:80DC: D0 03    BNE $80E1
f361    c10723845    i46892511    A:87 X:10 Y:08 S:DB P:nvUbdIzC  $06:80E1: A6 F2    LDX $F2 = #$10
f361    c10723848    i46892512    A:87 X:10 Y:08 S:DB P:nvUbdIzC  $06:80E3: DE 09 07 DEC $0709,X @ $0719 = #$01
f361    c10723855    i46892513    A:87 X:10 Y:08 S:DB P:nvUbdIZC  $06:80E6: D0 21    BNE $8109
f362    c10751668    i46901353    A:68 X:0A Y:01 S:DB P:nvUbdIzC  $01:A039: 8D 07 20 STA $2007 = #$00
f362    c10751672    i46901354    A:68 X:0A Y:01 S:DB P:nvUbdIzC  $01:A03C: E8       INX
f362    c10751674    i46901355    A:68 X:0B Y:01 S:DB P:nvUbdIzC  $01:A03D: 88       DEY
f362    c10751676    i46901356    A:68 X:0B Y:00 S:DB P:nvUbdIZC  $01:A03E: D0 F6    BNE $A036
f362    c10751678    i46901357    A:68 X:0B Y:00 S:DB P:nvUbdIZC  $01:A040: E8       INX
f362    c10751680    i46901358    A:68 X:0C Y:00 S:DB P:nvUbdIzC  $01:A041: E8       INX
f362    c10751682    i46901359    A:68 X:0D Y:00 S:DB P:nvUbdIzC  $01:A042: E8       INX
f362    c10751684    i46901360    A:68 X:0E Y:00 S:DB P:nvUbdIzC  $01:A043: BD E8 05 LDA $05E8,X @ $05F6 = #$04
f362    c10751688    i46901361    A:04 X:0E Y:00 S:DB P:nvUbdIzC  $01:A046: D0 D3    BNE $A01B
f362    c10751691    i46901362    A:04 X:0E Y:00 S:DB P:nvUbdIzC  $01:A01B: A0 80    LDY #$80
f362    c10751693    i46901363    A:04 X:0E Y:80 S:DB P:NvUbdIzC  $01:A01D: BD E8 05 LDA $05E8,X @ $05F6 = #$04
f362    c10751697    i46901364    A:04 X:0E Y:80 S:DB P:nvUbdIzC  $01:A020: 10 04    BPL $A026
f362    c10751700    i46901365    A:04 X:0E Y:80 S:DB P:nvUbdIzC  $01:A026: 8C 00 20 STY $2000 = #$80
f362    c10751704    i46901366    A:04 X:0E Y:80 S:DB P:nvUbdIzC  $01:A029: A8       TAY
f362    c10751706    i46901367    A:04 X:0E Y:04 S:DB P:nvUbdIzC  $01:A02A: BD EA 05 LDA $05EA,X @ $05F8 = #$21
f362    c10751710    i46901368    A:21 X:0E Y:04 S:DB P:nvUbdIzC  $01:A02D: 8D 06 20 STA $2006 = #$44
f362    c10751714    i46901369    A:21 X:0E Y:04 S:DB P:nvUbdIzC  $01:A030: BD E9 05 LDA $05E9,X @ $05F7 = #$60
f362    c10751718    i46901370    A:60 X:0E Y:04 S:DB P:nvUbdIzC  $01:A033: 8D 06 20 STA $2006 = #$44
f362    c10751722    i46901371    A:60 X:0E Y:04 S:DB P:nvUbdIzC  $01:A036: BD EB 05 LDA $05EB,X @ $05F9 = #$6A
f362    c10751726    i46901372    A:6A X:0E Y:04 S:DB P:nvUbdIzC  $01:A039: 8D 07 20 STA $2007 = #$00
f362    c10751730    i46901373    A:6A X:0E Y:04 S:DB P:nvUbdIzC  $01:A03C: E8       INX
f362    c10751732    i46901374    A:6A X:0F Y:04 S:DB P:nvUbdIzC  $01:A03D: 88       DEY
f362    c10751734    i46901375    A:6A X:0F Y:03 S:DB P:nvUbdIzC  $01:A03E: D0 F6    BNE $A036
f362    c10751737    i46901376    A:6A X:0F Y:03 S:DB P:nvUbdIzC  $01:A036: BD EB 05 LDA $05EB,X @ $05FA = #$6A
f362    c10751741    i46901377    A:6A X:0F Y:03 S:DB P:nvUbdIzC  $01:A039: 8D 07 20 STA $2007 = #$00
f362    c10751745    i46901378    A:6A X:0F Y:03 S:DB P:nvUbdIzC  $01:A03C: E8       INX
f362    c10751747    i46901379    A:6A X:10 Y:03 S:DB P:nvUbdIzC  $01:A03D: 88       DEY
f362    c10751749    i46901380    A:6A X:10 Y:02 S:DB P:nvUbdIzC  $01:A03E: D0 F6    BNE $A036
f362    c10751752    i46901381    A:6A X:10 Y:02 S:DB P:nvUbdIzC  $01:A036: BD EB 05 LDA $05EB,X @ $05FB = #$6A
f362    c10751756    i46901382    A:6A X:10 Y:02 S:DB P:nvUbdIzC  $01:A039: 8D 07 20 STA $2007 = #$00
f362    c10751760    i46901383    A:6A X:10 Y:02 S:DB P:nvUbdIzC  $01:A03C: E8       INX
f362    c10751762    i46901384    A:6A X:11 Y:02 S:DB P:nvUbdIzC  $01:A03D: 88       DEY
f362    c10751764    i46901385    A:6A X:11 Y:01 S:DB P:nvUbdIzC  $01:A03E: D0 F6    BNE $A036
f362    c10751767    i46901386    A:6A X:11 Y:01 S:DB P:nvUbdIzC  $01:A036: BD EB 05 LDA $05EB,X @ $05FC = #$6A
f362    c10751771    i46901387    A:6A X:11 Y:01 S:DB P:nvUbdIzC  $01:A039: 8D 07 20 STA $2007 = #$00
f362    c10751775    i46901388    A:6A X:11 Y:01 S:DB P:nvUbdIzC  $01:A03C: E8       INX
f362    c10751777    i46901389    A:6A X:12 Y:01 S:DB P:nvUbdIzC  $01:A03D: 88       DEY
f362    c10751779    i46901390    A:6A X:12 Y:00 S:DB P:nvUbdIZC  $01:A03E: D0 F6    BNE $A036
f362    c10751781    i46901391    A:6A X:12 Y:00 S:DB P:nvUbdIZC  $01:A040: E8       INX
f362    c10751783    i46901392    A:6A X:13 Y:00 S:DB P:nvUbdIzC  $01:A041: E8       INX
f362    c10751785    i46901393    A:6A X:14 Y:00 S:DB P:nvUbdIzC  $01:A042: E8       INX
f362    c10751787    i46901394    A:6A X:15 Y:00 S:DB P:nvUbdIzC  $01:A043: BD E8 05 LDA $05E8,X @ $05FD = #$01
f362    c10753501    i46901944    A:08 X:FF Y:08 S:DB P:nvUbdIzc  $06:8119: C6 F3    DEC $F3 = #$07
f362    c10753506    i46901945    A:08 X:FF Y:08 S:DB P:nvUbdIzc  $06:811B: D0 AD    BNE $80CA
f362    c10753510    i46901946    A:08 X:FF Y:08 S:DB P:nvUbdIzc  $06:80CA: AD 06 07 LDA $0706 = #$3C
f362    c10753514    i46901947    A:3C X:FF Y:08 S:DB P:nvUbdIzc  $06:80CD: 4A       LSR
f362    c10753516    i46901948    A:1E X:FF Y:08 S:DB P:nvUbdIzc  $06:80CE: 90 02    BCC $80D2
f362    c10753519    i46901949    A:1E X:FF Y:08 S:DB P:nvUbdIzc  $06:80D2: 8D 06 07 STA $0706 = #$3C
f362    c10753523    i46901950    A:1E X:FF Y:08 S:DB P:nvUbdIzc  $06:80D5: 90 35    BCC $810C
f362    c10753527    i46901951    A:1E X:FF Y:08 S:DB P:nvUbdIzc  $06:810C: 18       CLC
f362    c10753529    i46901952    A:1E X:FF Y:08 S:DB P:nvUbdIzc  $06:810D: A9 10    LDA #$10
f362    c10753531    i46901953    A:10 X:FF Y:08 S:DB P:nvUbdIzc  $06:810F: 65 F0    ADC $F0 = #$47
f362    c10753534    i46901954    A:57 X:FF Y:08 S:DB P:nvUbdIzc  $06:8111: 85 F0    STA $F0 = #$47
f362    c10753537    i46901955    A:57 X:FF Y:08 S:DB P:nvUbdIzc  $06:8113: A9 04    LDA #$04
f362    c10753539    i46901956    A:04 X:FF Y:08 S:DB P:nvUbdIzc  $06:8115: 65 F2    ADC $F2 = #$08
f362    c10753542    i46901957    A:0C X:FF Y:08 S:DB P:nvUbdIzc  $06:8117: 85 F2    STA $F2 = #$08
f362    c10753545    i46901958    A:0C X:FF Y:08 S:DB P:nvUbdIzc  $06:8119: C6 F3    DEC $F3 = #$06
f362    c10753550    i46901959    A:0C X:FF Y:08 S:DB P:nvUbdIzc  $06:811B: D0 AD    BNE $80CA
f362    c10753554    i46901960    A:0C X:FF Y:08 S:DB P:nvUbdIzc  $06:80CA: AD 06 07 LDA $0706 = #$1E
f362    c10753558    i46901961    A:1E X:FF Y:08 S:DB P:nvUbdIzc  $06:80CD: 4A       LSR
f362    c10753560    i46901962    A:0F X:FF Y:08 S:DB P:nvUbdIzc  $06:80CE: 90 02    BCC $80D2
f362    c10753563    i46901963    A:0F X:FF Y:08 S:DB P:nvUbdIzc  $06:80D2: 8D 06 07 STA $0706 = #$1E
f362    c10753567    i46901964    A:0F X:FF Y:08 S:DB P:nvUbdIzc  $06:80D5: 90 35    BCC $810C
f362    c10753571    i46901965    A:0F X:FF Y:08 S:DB P:nvUbdIzc  $06:810C: 18       CLC
f362    c10753573    i46901966    A:0F X:FF Y:08 S:DB P:nvUbdIzc  $06:810D: A9 10    LDA #$10
f362    c10753575    i46901967    A:10 X:FF Y:08 S:DB P:nvUbdIzc  $06:810F: 65 F0    ADC $F0 = #$57
f362    c10753578    i46901968    A:67 X:FF Y:08 S:DB P:nvUbdIzc  $06:8111: 85 F0    STA $F0 = #$57
f362    c10753581    i46901969    A:67 X:FF Y:08 S:DB P:nvUbdIzc  $06:8113: A9 04    LDA #$04
f362    c10753583    i46901970    A:04 X:FF Y:08 S:DB P:nvUbdIzc  $06:8115: 65 F2    ADC $F2 = #$0C
f362    c10753586    i46901971    A:10 X:FF Y:08 S:DB P:nvUbdIzc  $06:8117: 85 F2    STA $F2 = #$0C
f362    c10753589    i46901972    A:10 X:FF Y:08 S:DB P:nvUbdIzc  $06:8119: C6 F3    DEC $F3 = #$05
f362    c10753594    i46901973    A:10 X:FF Y:08 S:DB P:nvUbdIzc  $06:811B: D0 AD    BNE $80CA
f362    c10753598    i46901974    A:10 X:FF Y:08 S:DB P:nvUbdIzc  $06:80CA: AD 06 07 LDA $0706 = #$0F
f362    c10753602    i46901975    A:0F X:FF Y:08 S:DB P:nvUbdIzc  $06:80CD: 4A       LSR
f362    c10753604    i46901976    A:07 X:FF Y:08 S:DB P:nvUbdIzC  $06:80CE: 90 02    BCC $80D2
f362    c10753606    i46901977    A:07 X:FF Y:08 S:DB P:nvUbdIzC  $06:80D0: 09 80    ORA #$80
f362    c10753608    i46901978    A:87 X:FF Y:08 S:DB P:NvUbdIzC  $06:80D2: 8D 06 07 STA $0706 = #$0F
f362    c10753612    i46901979    A:87 X:FF Y:08 S:DB P:NvUbdIzC  $06:80D5: 90 35    BCC $810C
f362    c10753614    i46901980    A:87 X:FF Y:08 S:DB P:NvUbdIzC  $06:80D7: A6 F2    LDX $F2 = #$10
f362    c10753617    i46901981    A:87 X:10 Y:08 S:DB P:nvUbdIzC  $06:80D9: DE 07 07 DEC $0707,X @ $0717 = #$06
f362    c10753624    i46901982    A:87 X:10 Y:08 S:DB P:nvUbdIzC  $06:80DC: D0 03    BNE $80E1
f362    c10753627    i46901983    A:87 X:10 Y:08 S:DB P:nvUbdIzC  $06:80E1: A6 F2    LDX $F2 = #$10
f362    c10753630    i46901984    A:87 X:10 Y:08 S:DB P:nvUbdIzC  $06:80E3: DE 09 07 DEC $0709,X @ $0719 = #$02
f362    c10753637    i46901985    A:87 X:10 Y:08 S:DB P:nvUbdIzC  $06:80E6: D0 21    BNE $8109
f363    c10781715    i46910917    A:D3 X:1C Y:01 S:DB P:NvUbdIzC  $01:A036: BD EB 05 LDA $05EB,X @ $0607 = #$FA
f363    c10781720    i46910918    A:FA X:1C Y:01 S:DB P:NvUbdIzC  $01:A039: 8D 07 20 STA $2007 = #$00
f363    c10781724    i46910919    A:FA X:1C Y:01 S:DB P:NvUbdIzC  $01:A03C: E8       INX
f363    c10781726    i46910920    A:FA X:1D Y:01 S:DB P:nvUbdIzC  $01:A03D: 88       DEY
f363    c10781728    i46910921    A:FA X:1D Y:00 S:DB P:nvUbdIZC  $01:A03E: D0 F6    BNE $A036
f363    c10781730    i46910922    A:FA X:1D Y:00 S:DB P:nvUbdIZC  $01:A040: E8       INX
f363    c10781732    i46910923    A:FA X:1E Y:00 S:DB P:nvUbdIzC  $01:A041: E8       INX
f363    c10781734    i46910924    A:FA X:1F Y:00 S:DB P:nvUbdIzC  $01:A042: E8       INX
f363    c10781736    i46910925    A:FA X:20 Y:00 S:DB P:nvUbdIzC  $01:A043: BD E8 05 LDA $05E8,X @ $0608 = #$04
f363    c10781741    i46910926    A:04 X:20 Y:00 S:DB P:nvUbdIzC  $01:A046: D0 D3    BNE $A01B
f363    c10781744    i46910927    A:04 X:20 Y:00 S:DB P:nvUbdIzC  $01:A01B: A0 80    LDY #$80
f363    c10781746    i46910928    A:04 X:20 Y:80 S:DB P:NvUbdIzC  $01:A01D: BD E8 05 LDA $05E8,X @ $0608 = #$04
f363    c10781751    i46910929    A:04 X:20 Y:80 S:DB P:nvUbdIzC  $01:A020: 10 04    BPL $A026
f363    c10781754    i46910930    A:04 X:20 Y:80 S:DB P:nvUbdIzC  $01:A026: 8C 00 20 STY $2000 = #$80
f363    c10781758    i46910931    A:04 X:20 Y:80 S:DB P:nvUbdIzC  $01:A029: A8       TAY
f363    c10781760    i46910932    A:04 X:20 Y:04 S:DB P:nvUbdIzC  $01:A02A: BD EA 05 LDA $05EA,X @ $060A = #$21
f363    c10781765    i46910933    A:21 X:20 Y:04 S:DB P:nvUbdIzC  $01:A02D: 8D 06 20 STA $2006 = #$D4
f363    c10781769    i46910934    A:21 X:20 Y:04 S:DB P:nvUbdIzC  $01:A030: BD E9 05 LDA $05E9,X @ $0609 = #$0C
f363    c10781774    i46910935    A:0C X:20 Y:04 S:DB P:nvUbdIzC  $01:A033: 8D 06 20 STA $2006 = #$D4
f363    c10781778    i46910936    A:0C X:20 Y:04 S:DB P:nvUbdIzC  $01:A036: BD EB 05 LDA $05EB,X @ $060B = #$60
f363    c10781783    i46910937    A:60 X:20 Y:04 S:DB P:nvUbdIzC  $01:A039: 8D 07 20 STA $2007 = #$00
f363    c10781787    i46910938    A:60 X:20 Y:04 S:DB P:nvUbdIzC  $01:A03C: E8       INX
f363    c10781789    i46910939    A:60 X:21 Y:04 S:DB P:nvUbdIzC  $01:A03D: 88       DEY
f363    c10781791    i46910940    A:60 X:21 Y:03 S:DB P:nvUbdIzC  $01:A03E: D0 F6    BNE $A036
f363    c10781794    i46910941    A:60 X:21 Y:03 S:DB P:nvUbdIzC  $01:A036: BD EB 05 LDA $05EB,X @ $060C = #$60
f363    c10781799    i46910942    A:60 X:21 Y:03 S:DB P:nvUbdIzC  $01:A039: 8D 07 20 STA $2007 = #$00
f363    c10781803    i46910943    A:60 X:21 Y:03 S:DB P:nvUbdIzC  $01:A03C: E8       INX
f363    c10781805    i46910944    A:60 X:22 Y:03 S:DB P:nvUbdIzC  $01:A03D: 88       DEY
f363    c10781807    i46910945    A:60 X:22 Y:02 S:DB P:nvUbdIzC  $01:A03E: D0 F6    BNE $A036
f363    c10781810    i46910946    A:60 X:22 Y:02 S:DB P:nvUbdIzC  $01:A036: BD EB 05 LDA $05EB,X @ $060D = #$60
f363    c10781815    i46910947    A:60 X:22 Y:02 S:DB P:nvUbdIzC  $01:A039: 8D 07 20 STA $2007 = #$00
f363    c10781819    i46910948    A:60 X:22 Y:02 S:DB P:nvUbdIzC  $01:A03C: E8       INX
f363    c10781821    i46910949    A:60 X:23 Y:02 S:DB P:nvUbdIzC  $01:A03D: 88       DEY
f363    c10781823    i46910950    A:60 X:23 Y:01 S:DB P:nvUbdIzC  $01:A03E: D0 F6    BNE $A036
f363    c10781826    i46910951    A:60 X:23 Y:01 S:DB P:nvUbdIzC  $01:A036: BD EB 05 LDA $05EB,X @ $060E = #$60
f363    c10781831    i46910952    A:60 X:23 Y:01 S:DB P:nvUbdIzC  $01:A039: 8D 07 20 STA $2007 = #$00
f363    c10781835    i46910953    A:60 X:23 Y:01 S:DB P:nvUbdIzC  $01:A03C: E8       INX
f363    c10781837    i46910954    A:60 X:24 Y:01 S:DB P:nvUbdIzC  $01:A03D: 88       DEY
f363    c10781839    i46910955    A:60 X:24 Y:00 S:DB P:nvUbdIZC  $01:A03E: D0 F6    BNE $A036
f363    c10781841    i46910956    A:60 X:24 Y:00 S:DB P:nvUbdIZC  $01:A040: E8       INX
f363    c10781843    i46910957    A:60 X:25 Y:00 S:DB P:nvUbdIzC  $01:A041: E8       INX
f363    c10781845    i46910958    A:60 X:26 Y:00 S:DB P:nvUbdIzC  $01:A042: E8       INX
f364    c10813062    i46920896    A:08 X:FF Y:08 S:DB P:nvUbdIzc  $06:8119: C6 F3    DEC $F3 = #$07
f364    c10813067    i46920897    A:08 X:FF Y:08 S:DB P:nvUbdIzc  $06:811B: D0 AD    BNE $80CA
f364    c10813071    i46920898    A:08 X:FF Y:08 S:DB P:nvUbdIzc  $06:80CA: AD 06 07 LDA $0706 = #$3C
f364    c10813075    i46920899    A:3C X:FF Y:08 S:DB P:nvUbdIzc  $06:80CD: 4A       LSR
f364    c10813077    i46920900    A:1E X:FF Y:08 S:DB P:nvUbdIzc  $06:80CE: 90 02    BCC $80D2
f364    c10813080    i46920901    A:1E X:FF Y:08 S:DB P:nvUbdIzc  $06:80D2: 8D 06 07 STA $0706 = #$3C
f364    c10813084    i46920902    A:1E X:FF Y:08 S:DB P:nvUbdIzc  $06:80D5: 90 35    BCC $810C
f364    c10813088    i46920903    A:1E X:FF Y:08 S:DB P:nvUbdIzc  $06:810C: 18       CLC
f364    c10813090    i46920904    A:1E X:FF Y:08 S:DB P:nvUbdIzc  $06:810D: A9 10    LDA #$10
f364    c10813092    i46920905    A:10 X:FF Y:08 S:DB P:nvUbdIzc  $06:810F: 65 F0    ADC $F0 = #$47
f364    c10813095    i46920906    A:57 X:FF Y:08 S:DB P:nvUbdIzc  $06:8111: 85 F0    STA $F0 = #$47
f364    c10813098    i46920907    A:57 X:FF Y:08 S:DB P:nvUbdIzc  $06:8113: A9 04    LDA #$04
f364    c10813100    i46920908    A:04 X:FF Y:08 S:DB P:nvUbdIzc  $06:8115: 65 F2    ADC $F2 = #$08
f364    c10813103    i46920909    A:0C X:FF Y:08 S:DB P:nvUbdIzc  $06:8117: 85 F2    STA $F2 = #$08
f364    c10813106    i46920910    A:0C X:FF Y:08 S:DB P:nvUbdIzc  $06:8119: C6 F3    DEC $F3 = #$06
f364    c10813111    i46920911    A:0C X:FF Y:08 S:DB P:nvUbdIzc  $06:811B: D0 AD    BNE $80CA
f364    c10813115    i46920912    A:0C X:FF Y:08 S:DB P:nvUbdIzc  $06:80CA: AD 06 07 LDA $0706 = #$1E
f364    c10813119    i46920913    A:1E X:FF Y:08 S:DB P:nvUbdIzc  $06:80CD: 4A       LSR
f364    c10813121    i46920914    A:0F X:FF Y:08 S:DB P:nvUbdIzc  $06:80CE: 90 02    BCC $80D2
f364    c10813124    i46920915    A:0F X:FF Y:08 S:DB P:nvUbdIzc  $06:80D2: 8D 06 07 STA $0706 = #$1E
f364    c10813128    i46920916    A:0F X:FF Y:08 S:DB P:nvUbdIzc  $06:80D5: 90 35    BCC $810C
f364    c10813132    i46920917    A:0F X:FF Y:08 S:DB P:nvUbdIzc  $06:810C: 18       CLC
f364    c10813134    i46920918    A:0F X:FF Y:08 S:DB P:nvUbdIzc  $06:810D: A9 10    LDA #$10
f364    c10813136    i46920919    A:10 X:FF Y:08 S:DB P:nvUbdIzc  $06:810F: 65 F0    ADC $F0 = #$57
f364    c10813139    i46920920    A:67 X:FF Y:08 S:DB P:nvUbdIzc  $06:8111: 85 F0    STA $F0 = #$57
f364    c10813142    i46920921    A:67 X:FF Y:08 S:DB P:nvUbdIzc  $06:8113: A9 04    LDA #$04
f364    c10813144    i46920922    A:04 X:FF Y:08 S:DB P:nvUbdIzc  $06:8115: 65 F2    ADC $F2 = #$0C
f364    c10813147    i46920923    A:10 X:FF Y:08 S:DB P:nvUbdIzc  $06:8117: 85 F2    STA $F2 = #$0C
f364    c10813150    i46920924    A:10 X:FF Y:08 S:DB P:nvUbdIzc  $06:8119: C6 F3    DEC $F3 = #$05
f364    c10813155    i46920925    A:10 X:FF Y:08 S:DB P:nvUbdIzc  $06:811B: D0 AD    BNE $80CA
f364    c10813159    i46920926    A:10 X:FF Y:08 S:DB P:nvUbdIzc  $06:80CA: AD 06 07 LDA $0706 = #$0F
f364    c10813163    i46920927    A:0F X:FF Y:08 S:DB P:nvUbdIzc  $06:80CD: 4A       LSR
f364    c10813165    i46920928    A:07 X:FF Y:08 S:DB P:nvUbdIzC  $06:80CE: 90 02    BCC $80D2
f364    c10813167    i46920929    A:07 X:FF Y:08 S:DB P:nvUbdIzC  $06:80D0: 09 80    ORA #$80
f364    c10813169    i46920930    A:87 X:FF Y:08 S:DB P:NvUbdIzC  $06:80D2: 8D 06 07 STA $0706 = #$0F
f364    c10813173    i46920931    A:87 X:FF Y:08 S:DB P:NvUbdIzC  $06:80D5: 90 35    BCC $810C
f364    c10813175    i46920932    A:87 X:FF Y:08 S:DB P:NvUbdIzC  $06:80D7: A6 F2    LDX $F2 = #$10
f364    c10813178    i46920933    A:87 X:10 Y:08 S:DB P:nvUbdIzC  $06:80D9: DE 07 07 DEC $0707,X @ $0717 = #$04
f364    c10813185    i46920934    A:87 X:10 Y:08 S:DB P:nvUbdIzC  $06:80DC: D0 03    BNE $80E1
f364    c10813188    i46920935    A:87 X:10 Y:08 S:DB P:nvUbdIzC  $06:80E1: A6 F2    LDX $F2 = #$10
f364    c10813191    i46920936    A:87 X:10 Y:08 S:DB P:nvUbdIzC  $06:80E3: DE 09 07 DEC $0709,X @ $0719 = #$01
f364    c10813198    i46920937    A:87 X:10 Y:08 S:DB P:nvUbdIZC  $06:80E6: D0 21    BNE $8109
f364    c10823110    i46923993    A:00 X:15 Y:00 S:E0 P:nvUbdiZc  $00:9FCF: 95 02    STA $02,X @ $0017 = #$00
f364    c10823114    i46923994    A:00 X:15 Y:00 S:E0 P:nvUbdiZc  $00:9FD1: AD 25 00 LDA $0025 = #$02
f364    c10823118    i46923995    A:02 X:15 Y:00 S:E0 P:nvUbdizc  $00:9FD4: 95 03    STA $03,X @ $0018 = #$02
f364    c10823122    i46923996    A:02 X:15 Y:00 S:E0 P:nvUbdizc  $00:9FD6: A5 19    LDA $19 = #$01
f364    c10823125    i46923997    A:01 X:15 Y:00 S:E0 P:nvUbdizc  $00:9FD8: F0 04    BEQ $9FDE
f364    c10823127    i46923998    A:01 X:15 Y:00 S:E0 P:nvUbdizc  $00:9FDA: C9 FF    CMP #$FF
f364    c10823129    i46923999    A:01 X:15 Y:00 S:E0 P:nvUbdizc  $00:9FDC: D0 02    BNE $9FE0
f364    c10823132    i46924000    A:01 X:15 Y:00 S:E0 P:nvUbdizc  $00:9FE0: 95 00    STA $00,X @ $0015 = #$00
f364    c10823136    i46924001    A:01 X:15 Y:00 S:E0 P:nvUbdizc  $00:9FE2: 4C FB 9E JMP $9EFB
f364    c10823139    i46924002    A:01 X:15 Y:00 S:E0 P:nvUbdizc  $00:9EFB: 8A       TXA
f364    c10823141    i46924003    A:15 X:15 Y:00 S:E0 P:nvUbdizc  $00:9EFC: 18       CLC
f364    c10823143    i46924004    A:15 X:15 Y:00 S:E0 P:nvUbdizc  $00:9EFD: 69 04    ADC #$04
f364    c10823145    i46924005    A:19 X:15 Y:00 S:E0 P:nvUbdizc  $00:9EFF: AA       TAX
f364    c10823147    i46924006    A:19 X:19 Y:00 S:E0 P:nvUbdizc  $00:9F00: E0 19    CPX #$19
f364    c10823149    i46924007    A:19 X:19 Y:00 S:E0 P:nvUbdiZC  $00:9F02: D0 EB    BNE $9EEF
f364    c10823151    i46924008    A:19 X:19 Y:00 S:E0 P:nvUbdiZC  $00:9F04: A5 1B    LDA $1B = #$40
f364    c10823154    i46924009    A:40 X:19 Y:00 S:E0 P:nvUbdizC  $00:9F06: 10 FC    BPL $9F04
f364    c10823157    i46924010    A:40 X:19 Y:00 S:E0 P:nvUbdizC  $00:9F04: A5 1B    LDA $1B = #$40
f364    c10823160    i46924011    A:40 X:19 Y:00 S:E0 P:nvUbdizC  $00:9F06: 10 FC    BPL $9F04
f364    c10823163    i46924012    A:40 X:19 Y:00 S:E0 P:nvUbdizC  $00:9F04: A5 1B    LDA $1B = #$40
f364    c10823166    i46924013    A:40 X:19 Y:00 S:E0 P:nvUbdizC  $00:9F06: 10 FC    BPL $9F04
f364    c10823169    i46924014    A:40 X:19 Y:00 S:E0 P:nvUbdizC  $00:9F04: A5 1B    LDA $1B = #$40
f364    c10823172    i46924015    A:40 X:19 Y:00 S:E0 P:nvUbdizC  $00:9F06: 10 FC    BPL $9F04
f364    c10823175    i46924016    A:40 X:19 Y:00 S:E0 P:nvUbdizC  $00:9F04: A5 1B    LDA $1B = #$40
f364    c10823178    i46924017    A:40 X:19 Y:00 S:E0 P:nvUbdizC  $00:9F06: 10 FC    BPL $9F04
f364    c10823181    i46924018    A:40 X:19 Y:00 S:E0 P:nvUbdizC  $00:9F04: A5 1B    LDA $1B = #$40
f364    c10823184    i46924019    A:40 X:19 Y:00 S:E0 P:nvUbdizC  $00:9F06: 10 FC    BPL $9F04
f364    c10823187    i46924020    A:40 X:19 Y:00 S:E0 P:nvUbdizC  $00:9F04: A5 1B    LDA $1B = #$40
f364    c10823190    i46924021    A:40 X:19 Y:00 S:E0 P:nvUbdizC  $00:9F06: 10 FC    BPL $9F04
f364    c10823193    i46924022    A:40 X:19 Y:00 S:E0 P:nvUbdizC  $00:9F04: A5 1B    LDA $1B = #$40
f364    c10823196    i46924023    A:40 X:19 Y:00 S:E0 P:nvUbdizC  $00:9F06: 10 FC    BPL $9F04
f364    c10823199    i46924024    A:40 X:19 Y:00 S:E0 P:nvUbdizC  $00:9F04: A5 1B    LDA $1B = #$40
f364    c10823202    i46924025    A:40 X:19 Y:00 S:E0 P:nvUbdizC  $00:9F06: 10 FC    BPL $9F04
f364    c10823205    i46924026    A:40 X:19 Y:00 S:E0 P:nvUbdizC  $00:9F04: A5 1B    LDA $1B = #$40
f364    c10823208    i46924027    A:40 X:19 Y:00 S:E0 P:nvUbdizC  $00:9F06: 10 FC    BPL $9F04
f364    c10823211    i46924028    A:40 X:19 Y:00 S:E0 P:nvUbdizC  $00:9F04: A5 1B    LDA $1B = #$40
f364    c10823214    i46924029    A:40 X:19 Y:00 S:E0 P:nvUbdizC  $00:9F06: 10 FC    BPL $9F04
f364    c10823217    i46924030    A:40 X:19 Y:00 S:E0 P:nvUbdizC  $00:9F04: A5 1B    LDA $1B = #$40
f364    c10823220    i46924031    A:40 X:19 Y:00 S:E0 P:nvUbdizC  $00:9F06: 10 FC    BPL $9F04
f364    c10823223    i46924032    A:40 X:19 Y:00 S:E0 P:nvUbdizC  $00:9F04: A5 1B    LDA $1B = #$40
f364    c10823226    i46924033    A:40 X:19 Y:00 S:E0 P:nvUbdizC  $00:9F06: 10 FC    BPL $9F04
f364    c10823229    i46924034    A:40 X:19 Y:00 S:E0 P:nvUbdizC  $00:9F04: A5 1B    LDA $1B = #$40
f365    c10842842    i46930367    A:08 X:FF Y:08 S:DB P:nvUbdIzc  $06:8119: C6 F3    DEC $F3 = #$07
f365    c10842847    i46930368    A:08 X:FF Y:08 S:DB P:nvUbdIzc  $06:811B: D0 AD    BNE $80CA
f365    c10842851    i46930369    A:08 X:FF Y:08 S:DB P:nvUbdIzc  $06:80CA: AD 06 07 LDA $0706 = #$3C
f365    c10842855    i46930370    A:3C X:FF Y:08 S:DB P:nvUbdIzc  $06:80CD: 4A       LSR
f365    c10842857    i46930371    A:1E X:FF Y:08 S:DB P:nvUbdIzc  $06:80CE: 90 02    BCC $80D2
f365    c10842860    i46930372    A:1E X:FF Y:08 S:DB P:nvUbdIzc  $06:80D2: 8D 06 07 STA $0706 = #$3C
f365    c10842864    i46930373    A:1E X:FF Y:08 S:DB P:nvUbdIzc  $06:80D5: 90 35    BCC $810C
f365    c10842868    i46930374    A:1E X:FF Y:08 S:DB P:nvUbdIzc  $06:810C: 18       CLC
f365    c10842870    i46930375    A:1E X:FF Y:08 S:DB P:nvUbdIzc  $06:810D: A9 10    LDA #$10
f365    c10842872    i46930376    A:10 X:FF Y:08 S:DB P:nvUbdIzc  $06:810F: 65 F0    ADC $F0 = #$47
f365    c10842875    i46930377    A:57 X:FF Y:08 S:DB P:nvUbdIzc  $06:8111: 85 F0    STA $F0 = #$47
f365    c10842878    i46930378    A:57 X:FF Y:08 S:DB P:nvUbdIzc  $06:8113: A9 04    LDA #$04
f365    c10842880    i46930379    A:04 X:FF Y:08 S:DB P:nvUbdIzc  $06:8115: 65 F2    ADC $F2 = #$08
f365    c10842883    i46930380    A:0C X:FF Y:08 S:DB P:nvUbdIzc  $06:8117: 85 F2    STA $F2 = #$08
f365    c10842886    i46930381    A:0C X:FF Y:08 S:DB P:nvUbdIzc  $06:8119: C6 F3    DEC $F3 = #$06
f365    c10842891    i46930382    A:0C X:FF Y:08 S:DB P:nvUbdIzc  $06:811B: D0 AD    BNE $80CA
f365    c10842895    i46930383    A:0C X:FF Y:08 S:DB P:nvUbdIzc  $06:80CA: AD 06 07 LDA $0706 = #$1E
f365    c10842899    i46930384    A:1E X:FF Y:08 S:DB P:nvUbdIzc  $06:80CD: 4A       LSR
f365    c10842901    i46930385    A:0F X:FF Y:08 S:DB P:nvUbdIzc  $06:80CE: 90 02    BCC $80D2
f365    c10842904    i46930386    A:0F X:FF Y:08 S:DB P:nvUbdIzc  $06:80D2: 8D 06 07 STA $0706 = #$1E
f365    c10842908    i46930387    A:0F X:FF Y:08 S:DB P:nvUbdIzc  $06:80D5: 90 35    BCC $810C
f365    c10842912    i46930388    A:0F X:FF Y:08 S:DB P:nvUbdIzc  $06:810C: 18       CLC
f365    c10842914    i46930389    A:0F X:FF Y:08 S:DB P:nvUbdIzc  $06:810D: A9 10    LDA #$10
f365    c10842916    i46930390    A:10 X:FF Y:08 S:DB P:nvUbdIzc  $06:810F: 65 F0    ADC $F0 = #$57
f365    c10842919    i46930391    A:67 X:FF Y:08 S:DB P:nvUbdIzc  $06:8111: 85 F0    STA $F0 = #$57
f365    c10842922    i46930392    A:67 X:FF Y:08 S:DB P:nvUbdIzc  $06:8113: A9 04    LDA #$04
f365    c10842924    i46930393    A:04 X:FF Y:08 S:DB P:nvUbdIzc  $06:8115: 65 F2    ADC $F2 = #$0C
f365    c10842927    i46930394    A:10 X:FF Y:08 S:DB P:nvUbdIzc  $06:8117: 85 F2    STA $F2 = #$0C
f365    c10842930    i46930395    A:10 X:FF Y:08 S:DB P:nvUbdIzc  $06:8119: C6 F3    DEC $F3 = #$05
f365    c10842935    i46930396    A:10 X:FF Y:08 S:DB P:nvUbdIzc  $06:811B: D0 AD    BNE $80CA
f365    c10842939    i46930397    A:10 X:FF Y:08 S:DB P:nvUbdIzc  $06:80CA: AD 06 07 LDA $0706 = #$0F
f365    c10842943    i46930398    A:0F X:FF Y:08 S:DB P:nvUbdIzc  $06:80CD: 4A       LSR
f365    c10842945    i46930399    A:07 X:FF Y:08 S:DB P:nvUbdIzC  $06:80CE: 90 02    BCC $80D2
f365    c10842947    i46930400    A:07 X:FF Y:08 S:DB P:nvUbdIzC  $06:80D0: 09 80    ORA #$80
f365    c10842949    i46930401    A:87 X:FF Y:08 S:DB P:NvUbdIzC  $06:80D2: 8D 06 07 STA $0706 = #$0F
f365    c10842953    i46930402    A:87 X:FF Y:08 S:DB P:NvUbdIzC  $06:80D5: 90 35    BCC $810C
f365    c10842955    i46930403    A:87 X:FF Y:08 S:DB P:NvUbdIzC  $06:80D7: A6 F2    LDX $F2 = #$10
f365    c10842958    i46930404    A:87 X:10 Y:08 S:DB P:nvUbdIzC  $06:80D9: DE 07 07 DEC $0707,X @ $0717 = #$03
f365    c10842965    i46930405    A:87 X:10 Y:08 S:DB P:nvUbdIzC  $06:80DC: D0 03    BNE $80E1
f365    c10842968    i46930406    A:87 X:10 Y:08 S:DB P:nvUbdIzC  $06:80E1: A6 F2    LDX $F2 = #$10
f365    c10842971    i46930407    A:87 X:10 Y:08 S:DB P:nvUbdIzC  $06:80E3: DE 09 07 DEC $0709,X @ $0719 = #$01
f365    c10842978    i46930408    A:87 X:10 Y:08 S:DB P:nvUbdIZC  $06:80E6: D0 21    BNE $8109
f366    c10872621    i46939841    A:08 X:FF Y:08 S:DB P:nvUbdIzc  $06:8119: C6 F3    DEC $F3 = #$07
f366    c10872626    i46939842    A:08 X:FF Y:08 S:DB P:nvUbdIzc  $06:811B: D0 AD    BNE $80CA
f366    c10872630    i46939843    A:08 X:FF Y:08 S:DB P:nvUbdIzc  $06:80CA: AD 06 07 LDA $0706 = #$3C
f366    c10872634    i46939844    A:3C X:FF Y:08 S:DB P:nvUbdIzc  $06:80CD: 4A       LSR
f366    c10872636    i46939845    A:1E X:FF Y:08 S:DB P:nvUbdIzc  $06:80CE: 90 02    BCC $80D2
f366    c10872639    i46939846    A:1E X:FF Y:08 S:DB P:nvUbdIzc  $06:80D2: 8D 06 07 STA $0706 = #$3C
f366    c10872643    i46939847    A:1E X:FF Y:08 S:DB P:nvUbdIzc  $06:80D5: 90 35    BCC $810C
f366    c10872647    i46939848    A:1E X:FF Y:08 S:DB P:nvUbdIzc  $06:810C: 18       CLC
f366    c10872649    i46939849    A:1E X:FF Y:08 S:DB P:nvUbdIzc  $06:810D: A9 10    LDA #$10
f366    c10872651    i46939850    A:10 X:FF Y:08 S:DB P:nvUbdIzc  $06:810F: 65 F0    ADC $F0 = #$47
f366    c10872654    i46939851    A:57 X:FF Y:08 S:DB P:nvUbdIzc  $06:8111: 85 F0    STA $F0 = #$47
f366    c10872657    i46939852    A:57 X:FF Y:08 S:DB P:nvUbdIzc  $06:8113: A9 04    LDA #$04
f366    c10872659    i46939853    A:04 X:FF Y:08 S:DB P:nvUbdIzc  $06:8115: 65 F2    ADC $F2 = #$08
f366    c10872662    i46939854    A:0C X:FF Y:08 S:DB P:nvUbdIzc  $06:8117: 85 F2    STA $F2 = #$08
f366    c10872665    i46939855    A:0C X:FF Y:08 S:DB P:nvUbdIzc  $06:8119: C6 F3    DEC $F3 = #$06
f366    c10872670    i46939856    A:0C X:FF Y:08 S:DB P:nvUbdIzc  $06:811B: D0 AD    BNE $80CA
f366    c10872674    i46939857    A:0C X:FF Y:08 S:DB P:nvUbdIzc  $06:80CA: AD 06 07 LDA $0706 = #$1E
f366    c10872678    i46939858    A:1E X:FF Y:08 S:DB P:nvUbdIzc  $06:80CD: 4A       LSR
f366    c10872680    i46939859    A:0F X:FF Y:08 S:DB P:nvUbdIzc  $06:80CE: 90 02    BCC $80D2
f366    c10872683    i46939860    A:0F X:FF Y:08 S:DB P:nvUbdIzc  $06:80D2: 8D 06 07 STA $0706 = #$1E
f366    c10872687    i46939861    A:0F X:FF Y:08 S:DB P:nvUbdIzc  $06:80D5: 90 35    BCC $810C
f366    c10872691    i46939862    A:0F X:FF Y:08 S:DB P:nvUbdIzc  $06:810C: 18       CLC
f366    c10872693    i46939863    A:0F X:FF Y:08 S:DB P:nvUbdIzc  $06:810D: A9 10    LDA #$10
f366    c10872695    i46939864    A:10 X:FF Y:08 S:DB P:nvUbdIzc  $06:810F: 65 F0    ADC $F0 = #$57
f366    c10872698    i46939865    A:67 X:FF Y:08 S:DB P:nvUbdIzc  $06:8111: 85 F0    STA $F0 = #$57
f366    c10872701    i46939866    A:67 X:FF Y:08 S:DB P:nvUbdIzc  $06:8113: A9 04    LDA #$04
f366    c10872703    i46939867    A:04 X:FF Y:08 S:DB P:nvUbdIzc  $06:8115: 65 F2    ADC $F2 = #$0C
f366    c10872706    i46939868    A:10 X:FF Y:08 S:DB P:nvUbdIzc  $06:8117: 85 F2    STA $F2 = #$0C
f366    c10872709    i46939869    A:10 X:FF Y:08 S:DB P:nvUbdIzc  $06:8119: C6 F3    DEC $F3 = #$05
f366    c10872714    i46939870    A:10 X:FF Y:08 S:DB P:nvUbdIzc  $06:811B: D0 AD    BNE $80CA
f366    c10872718    i46939871    A:10 X:FF Y:08 S:DB P:nvUbdIzc  $06:80CA: AD 06 07 LDA $0706 = #$0F
f366    c10872722    i46939872    A:0F X:FF Y:08 S:DB P:nvUbdIzc  $06:80CD: 4A       LSR
f366    c10872724    i46939873    A:07 X:FF Y:08 S:DB P:nvUbdIzC  $06:80CE: 90 02    BCC $80D2
f366    c10872726    i46939874    A:07 X:FF Y:08 S:DB P:nvUbdIzC  $06:80D0: 09 80    ORA #$80
f366    c10872728    i46939875    A:87 X:FF Y:08 S:DB P:NvUbdIzC  $06:80D2: 8D 06 07 STA $0706 = #$0F
f366    c10872732    i46939876    A:87 X:FF Y:08 S:DB P:NvUbdIzC  $06:80D5: 90 35    BCC $810C
f366    c10872734    i46939877    A:87 X:FF Y:08 S:DB P:NvUbdIzC  $06:80D7: A6 F2    LDX $F2 = #$10
f366    c10872737    i46939878    A:87 X:10 Y:08 S:DB P:nvUbdIzC  $06:80D9: DE 07 07 DEC $0707,X @ $0717 = #$02
f366    c10872744    i46939879    A:87 X:10 Y:08 S:DB P:nvUbdIzC  $06:80DC: D0 03    BNE $80E1
f366    c10872747    i46939880    A:87 X:10 Y:08 S:DB P:nvUbdIzC  $06:80E1: A6 F2    LDX $F2 = #$10
f366    c10872750    i46939881    A:87 X:10 Y:08 S:DB P:nvUbdIzC  $06:80E3: DE 09 07 DEC $0709,X @ $0719 = #$FF
f366    c10872757    i46939882    A:87 X:10 Y:08 S:DB P:NvUbdIzC  $06:80E6: D0 21    BNE $8109
f367    c10900836    i46948814    A:60 X:1C Y:01 S:DB P:nvUbdIzC  $01:A036: BD EB 05 LDA $05EB,X @ $0607 = #$60
f367    c10900841    i46948815    A:60 X:1C Y:01 S:DB P:nvUbdIzC  $01:A039: 8D 07 20 STA $2007 = #$00
f367    c10900845    i46948816    A:60 X:1C Y:01 S:DB P:nvUbdIzC  $01:A03C: E8       INX
f367    c10900847    i46948817    A:60 X:1D Y:01 S:DB P:nvUbdIzC  $01:A03D: 88       DEY
f367    c10900849    i46948818    A:60 X:1D Y:00 S:DB P:nvUbdIZC  $01:A03E: D0 F6    BNE $A036
f367    c10900851    i46948819    A:60 X:1D Y:00 S:DB P:nvUbdIZC  $01:A040: E8       INX
f367    c10900853    i46948820    A:60 X:1E Y:00 S:DB P:nvUbdIzC  $01:A041: E8       INX
f367    c10900855    i46948821    A:60 X:1F Y:00 S:DB P:nvUbdIzC  $01:A042: E8       INX
f367    c10900857    i46948822    A:60 X:20 Y:00 S:DB P:nvUbdIzC  $01:A043: BD E8 05 LDA $05E8,X @ $0608 = #$04
f367    c10900862    i46948823    A:04 X:20 Y:00 S:DB P:nvUbdIzC  $01:A046: D0 D3    BNE $A01B
f367    c10900865    i46948824    A:04 X:20 Y:00 S:DB P:nvUbdIzC  $01:A01B: A0 80    LDY #$80
f367    c10900867    i46948825    A:04 X:20 Y:80 S:DB P:NvUbdIzC  $01:A01D: BD E8 05 LDA $05E8,X @ $0608 = #$04
f367    c10900872    i46948826    A:04 X:20 Y:80 S:DB P:nvUbdIzC  $01:A020: 10 04    BPL $A026
f367    c10900875    i46948827    A:04 X:20 Y:80 S:DB P:nvUbdIzC  $01:A026: 8C 00 20 STY $2000 = #$80
f367    c10900879    i46948828    A:04 X:20 Y:80 S:DB P:nvUbdIzC  $01:A029: A8       TAY
f367    c10900881    i46948829    A:04 X:20 Y:04 S:DB P:nvUbdIzC  $01:A02A: BD EA 05 LDA $05EA,X @ $060A = #$25
f367    c10900886    i46948830    A:25 X:20 Y:04 S:DB P:nvUbdIzC  $01:A02D: 8D 06 20 STA $2006 = #$0C
f367    c10900890    i46948831    A:25 X:20 Y:04 S:DB P:nvUbdIzC  $01:A030: BD E9 05 LDA $05E9,X @ $0609 = #$28
f367    c10900895    i46948832    A:28 X:20 Y:04 S:DB P:nvUbdIzC  $01:A033: 8D 06 20 STA $2006 = #$0C
f367    c10900899    i46948833    A:28 X:20 Y:04 S:DB P:nvUbdIzC  $01:A036: BD EB 05 LDA $05EB,X @ $060B = #$62
f367    c10900904    i46948834    A:62 X:20 Y:04 S:DB P:nvUbdIzC  $01:A039: 8D 07 20 STA $2007 = #$00
f367    c10900908    i46948835    A:62 X:20 Y:04 S:DB P:nvUbdIzC  $01:A03C: E8       INX
f367    c10900910    i46948836    A:62 X:21 Y:04 S:DB P:nvUbdIzC  $01:A03D: 88       DEY
f367    c10900912    i46948837    A:62 X:21 Y:03 S:DB P:nvUbdIzC  $01:A03E: D0 F6    BNE $A036
f367    c10900915    i46948838    A:62 X:21 Y:03 S:DB P:nvUbdIzC  $01:A036: BD EB 05 LDA $05EB,X @ $060C = #$62
f367    c10900920    i46948839    A:62 X:21 Y:03 S:DB P:nvUbdIzC  $01:A039: 8D 07 20 STA $2007 = #$00
f367    c10900924    i46948840    A:62 X:21 Y:03 S:DB P:nvUbdIzC  $01:A03C: E8       INX
f367    c10900926    i46948841    A:62 X:22 Y:03 S:DB P:nvUbdIzC  $01:A03D: 88       DEY
f367    c10900928    i46948842    A:62 X:22 Y:02 S:DB P:nvUbdIzC  $01:A03E: D0 F6    BNE $A036
f367    c10900931    i46948843    A:62 X:22 Y:02 S:DB P:nvUbdIzC  $01:A036: BD EB 05 LDA $05EB,X @ $060D = #$62
f367    c10900936    i46948844    A:62 X:22 Y:02 S:DB P:nvUbdIzC  $01:A039: 8D 07 20 STA $2007 = #$00
f367    c10900940    i46948845    A:62 X:22 Y:02 S:DB P:nvUbdIzC  $01:A03C: E8       INX
f367    c10900942    i46948846    A:62 X:23 Y:02 S:DB P:nvUbdIzC  $01:A03D: 88       DEY
f367    c10900944    i46948847    A:62 X:23 Y:01 S:DB P:nvUbdIzC  $01:A03E: D0 F6    BNE $A036
f367    c10900947    i46948848    A:62 X:23 Y:01 S:DB P:nvUbdIzC  $01:A036: BD EB 05 LDA $05EB,X @ $060E = #$62
f367    c10900952    i46948849    A:62 X:23 Y:01 S:DB P:nvUbdIzC  $01:A039: 8D 07 20 STA $2007 = #$00
f367    c10900956    i46948850    A:62 X:23 Y:01 S:DB P:nvUbdIzC  $01:A03C: E8       INX
f367    c10900958    i46948851    A:62 X:24 Y:01 S:DB P:nvUbdIzC  $01:A03D: 88       DEY
f367    c10900960    i46948852    A:62 X:24 Y:00 S:DB P:nvUbdIZC  $01:A03E: D0 F6    BNE $A036
f367    c10900962    i46948853    A:62 X:24 Y:00 S:DB P:nvUbdIZC  $01:A040: E8       INX
f367    c10900964    i46948854    A:62 X:25 Y:00 S:DB P:nvUbdIzC  $01:A041: E8       INX
f367    c10900966    i46948855    A:62 X:26 Y:00 S:DB P:nvUbdIzC  $01:A042: E8       INX
f367    c10901776    i46949109    A:00 X:01 Y:07 S:DB P:nvUbdIzc  $01:A0ED: BD 15 40 LDA $4015,X @ $4016 = #$00
f367    c10901780    i46949110    A:40 X:01 Y:07 S:DB P:nvUbdIzc  $01:A0F0: 4A       LSR
f367    c10901782    i46949111    A:20 X:01 Y:07 S:DB P:nvUbdIzc  $01:A0F1: 26 3F    ROL $3F = #$00
f367    c10901787    i46949112    A:20 X:01 Y:07 S:DB P:nvUbdIZc  $01:A0F3: 29 01    AND #$01
f367    c10901789    i46949113    A:00 X:01 Y:07 S:DB P:nvUbdIZc  $01:A0F5: 05 3F    ORA $3F = #$00
f367    c10901792    i46949114    A:00 X:01 Y:07 S:DB P:nvUbdIZc  $01:A0F7: 85 3F    STA $3F = #$00
f367    c10901795    i46949115    A:00 X:01 Y:07 S:DB P:nvUbdIZc  $01:A0F9: 88       DEY
f367    c10901797    i46949116    A:00 X:01 Y:06 S:DB P:nvUbdIzc  $01:A0FA: D0 F1    BNE $A0ED
f367    c10901800    i46949117    A:00 X:01 Y:06 S:DB P:nvUbdIzc  $01:A0ED: BD 15 40 LDA $4015,X @ $4016 = #$00
f367    c10901804    i46949118    A:40 X:01 Y:06 S:DB P:nvUbdIzc  $01:A0F0: 4A       LSR
f367    c10901806    i46949119    A:20 X:01 Y:06 S:DB P:nvUbdIzc  $01:A0F1: 26 3F    ROL $3F = #$00
f367    c10901811    i46949120    A:20 X:01 Y:06 S:DB P:nvUbdIZc  $01:A0F3: 29 01    AND #$01
f367    c10901813    i46949121    A:00 X:01 Y:06 S:DB P:nvUbdIZc  $01:A0F5: 05 3F    ORA $3F = #$00
f367    c10901816    i46949122    A:00 X:01 Y:06 S:DB P:nvUbdIZc  $01:A0F7: 85 3F    STA $3F = #$00
f367    c10901819    i46949123    A:00 X:01 Y:06 S:DB P:nvUbdIZc  $01:A0F9: 88       DEY
f367    c10901821    i46949124    A:00 X:01 Y:05 S:DB P:nvUbdIzc  $01:A0FA: D0 F1    BNE $A0ED
f367    c10901824    i46949125    A:00 X:01 Y:05 S:DB P:nvUbdIzc  $01:A0ED: BD 15 40 LDA $4015,X @ $4016 = #$00
f367    c10901828    i46949126    A:40 X:01 Y:05 S:DB P:nvUbdIzc  $01:A0F0: 4A       LSR
f367    c10901830    i46949127    A:20 X:01 Y:05 S:DB P:nvUbdIzc  $01:A0F1: 26 3F    ROL $3F = #$00
f367    c10901835    i46949128    A:20 X:01 Y:05 S:DB P:nvUbdIZc  $01:A0F3: 29 01    AND #$01
f367    c10901837    i46949129    A:00 X:01 Y:05 S:DB P:nvUbdIZc  $01:A0F5: 05 3F    ORA $3F = #$00
f367    c10901840    i46949130    A:00 X:01 Y:05 S:DB P:nvUbdIZc  $01:A0F7: 85 3F    STA $3F = #$00
f367    c10901843    i46949131    A:00 X:01 Y:05 S:DB P:nvUbdIZc  $01:A0F9: 88       DEY
f367    c10901845    i46949132    A:00 X:01 Y:04 S:DB P:nvUbdIzc  $01:A0FA: D0 F1    BNE $A0ED
f367    c10901848    i46949133    A:00 X:01 Y:04 S:DB P:nvUbdIzc  $01:A0ED: BD 15 40 LDA $4015,X @ $4016 = #$00
f367    c10901852    i46949134    A:40 X:01 Y:04 S:DB P:nvUbdIzc  $01:A0F0: 4A       LSR
f367    c10901854    i46949135    A:20 X:01 Y:04 S:DB P:nvUbdIzc  $01:A0F1: 26 3F    ROL $3F = #$00
f367    c10901859    i46949136    A:20 X:01 Y:04 S:DB P:nvUbdIZc  $01:A0F3: 29 01    AND #$01
f367    c10901861    i46949137    A:00 X:01 Y:04 S:DB P:nvUbdIZc  $01:A0F5: 05 3F    ORA $3F = #$00
f367    c10901864    i46949138    A:00 X:01 Y:04 S:DB P:nvUbdIZc  $01:A0F7: 85 3F    STA $3F = #$00
f367    c10901867    i46949139    A:00 X:01 Y:04 S:DB P:nvUbdIZc  $01:A0F9: 88       DEY
f367    c10901869    i46949140    A:00 X:01 Y:03 S:DB P:nvUbdIzc  $01:A0FA: D0 F1    BNE $A0ED
f367    c10901872    i46949141    A:00 X:01 Y:03 S:DB P:nvUbdIzc  $01:A0ED: BD 15 40 LDA $4015,X @ $4016 = #$00
f367    c10901876    i46949142    A:40 X:01 Y:03 S:DB P:nvUbdIzc  $01:A0F0: 4A       LSR
f367    c10901878    i46949143    A:20 X:01 Y:03 S:DB P:nvUbdIzc  $01:A0F1: 26 3F    ROL $3F = #$00
f367    c10901883    i46949144    A:20 X:01 Y:03 S:DB P:nvUbdIZc  $01:A0F3: 29 01    AND #$01
f367    c10901885    i46949145    A:00 X:01 Y:03 S:DB P:nvUbdIZc  $01:A0F5: 05 3F    ORA $3F = #$00
f367    c10901888    i46949146    A:00 X:01 Y:03 S:DB P:nvUbdIZc  $01:A0F7: 85 3F    STA $3F = #$00
f367    c10901891    i46949147    A:00 X:01 Y:03 S:DB P:nvUbdIZc  $01:A0F9: 88       DEY
f367    c10901893    i46949148    A:00 X:01 Y:02 S:DB P:nvUbdIzc  $01:A0FA: D0 F1    BNE $A0ED
f367    c10901896    i46949149    A:00 X:01 Y:02 S:DB P:nvUbdIzc  $01:A0ED: BD 15 40 LDA $4015,X @ $4016 = #$00
f367    c10901900    i46949150    A:40 X:01 Y:02 S:DB P:nvUbdIzc  $01:A0F0: 4A       LSR
f367    c10902961    i46949489    A:00 X:03 Y:02 S:D9 P:nvUbdIzc  $06:83EB: 10 F2    BPL $83DF
f367    c10902964    i46949490    A:00 X:03 Y:02 S:D9 P:nvUbdIzc  $06:83DF: B1 F4    LDA ($F4),Y @ $B9A4 = #$E0
f367    c10902969    i46949491    A:E0 X:03 Y:02 S:D9 P:NvUbdIzc  $06:83E1: 10 21    BPL $8404
f367    c10902971    i46949492    A:E0 X:03 Y:02 S:D9 P:NvUbdIzc  $06:83E3: C8       INY
f367    c10902973    i46949493    A:E0 X:03 Y:03 S:D9 P:nvUbdIzc  $06:83E4: C9 E0    CMP #$E0
f367    c10902975    i46949494    A:E0 X:03 Y:03 S:D9 P:nvUbdIZC  $06:83E6: 90 05    BCC $83ED
f367    c10902977    i46949495    A:E0 X:03 Y:03 S:D9 P:nvUbdIZC  $06:83E8: 20 C9 84 JSR $84C9
f367    c10902983    i46949496    A:E0 X:03 Y:03 S:D7 P:nvUbdIZC  $06:84C9: 29 1F    AND #$1F
f367    c10902985    i46949497    A:00 X:03 Y:03 S:D7 P:nvUbdIZC  $06:84CB: 0A       ASL
f367    c10902987    i46949498    A:00 X:03 Y:03 S:D7 P:nvUbdIZc  $06:84CC: AA       TAX
f367    c10902989    i46949499    A:00 X:00 Y:03 S:D7 P:nvUbdIZc  $06:84CD: BD DA 84 LDA $84DA,X @ $84DA = #$44
f367    c10902993    i46949500    A:44 X:00 Y:03 S:D7 P:nvUbdIzc  $06:84D0: 85 F6    STA $F6 = #$81
f367    c10902996    i46949501    A:44 X:00 Y:03 S:D7 P:nvUbdIzc  $06:84D2: BD DB 84 LDA $84DB,X @ $84DB = #$85
f367    c10903000    i46949502    A:85 X:00 Y:03 S:D7 P:NvUbdIzc  $06:84D5: 85 F7    STA $F7 = #$86
f367    c10903003    i46949503    A:85 X:00 Y:03 S:D7 P:NvUbdIzc  $06:84D7: 6C F6 00 JMP ($00F6) = $8544
f367    c10903008    i46949504    A:85 X:00 Y:03 S:D7 P:NvUbdIzc  $06:8544: B1 F4    LDA ($F4),Y @ $B9A5 = #$23
f367    c10903013    i46949505    A:23 X:00 Y:03 S:D7 P:nvUbdIzc  $06:8546: C8       INY
f367    c10903015    i46949506    A:23 X:00 Y:04 S:D7 P:nvUbdIzc  $06:8547: 84 F6    STY $F6 = #$44
f367    c10903018    i46949507    A:23 X:00 Y:04 S:D7 P:nvUbdIzc  $06:8549: 0A       ASL
f367    c10903020    i46949508    A:46 X:00 Y:04 S:D7 P:nvUbdIzc  $06:854A: AA       TAX
f367    c10903022    i46949509    A:46 X:46 Y:04 S:D7 P:nvUbdIzc  $06:854B: BD 54 87 LDA $8754,X @ $879A = #$9C
f367    c10903026    i46949510    A:9C X:46 Y:04 S:D7 P:NvUbdIzc  $06:854E: A8       TAY
f367    c10903028    i46949511    A:9C X:46 Y:9C S:D7 P:NvUbdIzc  $06:854F: BD 55 87 LDA $8755,X @ $879B = #$88
f367    c10903032    i46949512    A:88 X:46 Y:9C S:D7 P:NvUbdIzc  $06:8552: AA       TAX
f367    c10903034    i46949513    A:88 X:88 Y:9C S:D7 P:NvUbdIzc  $06:8553: 98       TYA
f367    c10903036    i46949514    A:9C X:88 Y:9C S:D7 P:NvUbdIzc  $06:8554: A0 02    LDY #$02
f367    c10903038    i46949515    A:9C X:88 Y:02 S:D7 P:nvUbdIzc  $06:8556: 91 F0    STA ($F0),Y @ $0769 = #$92
f367    c10903044    i46949516    A:9C X:88 Y:02 S:D7 P:nvUbdIzc  $06:8558: C8       INY
f367    c10903046    i46949517    A:9C X:88 Y:03 S:D7 P:nvUbdIzc  $06:8559: 8A       TXA
f367    c10903048    i46949518    A:88 X:88 Y:03 S:D7 P:NvUbdIzc  $06:855A: 91 F0    STA ($F0),Y @ $076A = #$88
f367    c10903054    i46949519    A:88 X:88 Y:03 S:D7 P:NvUbdIzc  $06:855C: A4 F6    LDY $F6 = #$04
f367    c10903057    i46949520    A:88 X:88 Y:04 S:D7 P:nvUbdIzc  $06:855E: 60       RTS (from $84C9)
f367    c10903063    i46949521    A:88 X:88 Y:04 S:D9 P:nvUbdIzc  $06:83EB: 10 F2    BPL $83DF
f367    c10903066    i46949522    A:88 X:88 Y:04 S:D9 P:nvUbdIzc  $06:83DF: B1 F4    LDA ($F4),Y @ $B9A6 = #$8C
f367    c10903071    i46949523    A:8C X:88 Y:04 S:D9 P:NvUbdIzc  $06:83E1: 10 21    BPL $8404
f367    c10903073    i46949524    A:8C X:88 Y:04 S:D9 P:NvUbdIzc  $06:83E3: C8       INY
f367    c10903075    i46949525    A:8C X:88 Y:05 S:D9 P:nvUbdIzc  $06:83E4: C9 E0    CMP #$E0
f367    c10903077    i46949526    A:8C X:88 Y:05 S:D9 P:NvUbdIzc  $06:83E6: 90 05    BCC $83ED
f367    c10903080    i46949527    A:8C X:88 Y:05 S:D9 P:NvUbdIzc  $06:83ED: C9 B0    CMP #$B0
f367    c10903082    i46949528    A:8C X:88 Y:05 S:D9 P:NvUbdIzc  $06:83EF: 90 03    BCC $83F4
f367    c10903085    i46949529    A:8C X:88 Y:05 S:D9 P:NvUbdIzc  $06:83F4: 29 3F    AND #$3F
f367    c10903087    i46949530    A:0C X:88 Y:05 S:D9 P:nvUbdIzc  $06:83F6: AA       TAX
f367    c10903496    i46949657    A:C4 X:10 Y:03 S:D9 P:NvUbdIzC  $06:8241: A0 06    LDY #$06
f367    c10903498    i46949658    A:C4 X:10 Y:06 S:D9 P:nvUbdIzC  $06:8243: 91 F0    STA ($F0),Y @ $076D = #$02
f367    c10903504    i46949659    A:C4 X:10 Y:06 S:D9 P:nvUbdIzC  $06:8245: A6 F3    LDX $F3 = #$04
f367    c10903507    i46949660    A:C4 X:04 Y:06 S:D9 P:nvUbdIzC  $06:8247: CA       DEX
f367    c10903509    i46949661    A:C4 X:03 Y:06 S:D9 P:nvUbdIzC  $06:8248: BD AF 07 LDA $07AF,X @ $07B2 = #$01
f367    c10903513    i46949662    A:01 X:03 Y:06 S:D9 P:nvUbdIzC  $06:824B: C9 01    CMP #$01
f367    c10903515    i46949663    A:01 X:03 Y:06 S:D9 P:nvUbdIZC  $06:824D: F0 08    BEQ $8257
f367    c10903518    i46949664    A:01 X:03 Y:06 S:D9 P:nvUbdIZC  $06:8257: BD C7 07 LDA $07C7,X @ $07CA = #$00
f367    c10903522    i46949665    A:00 X:03 Y:06 S:D9 P:nvUbdIZC  $06:825A: 0A       ASL
f367    c10903524    i46949666    A:00 X:03 Y:06 S:D9 P:nvUbdIZc  $06:825B: A8       TAY
f367    c10903526    i46949667    A:00 X:03 Y:00 S:D9 P:nvUbdIZc  $06:825C: B9 69 82 LDA $8269,Y @ $8269 = #$97
f367    c10903530    i46949668    A:97 X:03 Y:00 S:D9 P:NvUbdIzc  $06:825F: 85 F9    STA $F9 = #$C9
f367    c10903533    i46949669    A:97 X:03 Y:00 S:D9 P:NvUbdIzc  $06:8261: B9 6A 82 LDA $826A,Y @ $826A = #$82
f367    c10903537    i46949670    A:82 X:03 Y:00 S:D9 P:NvUbdIzc  $06:8264: 85 FA    STA $FA = #$82
f367    c10903540    i46949671    A:82 X:03 Y:00 S:D9 P:NvUbdIzc  $06:8266: 6C F9 00 JMP ($00F9) = $8297
f367    c10903545    i46949672    A:82 X:03 Y:00 S:D9 P:NvUbdIzc  $06:8297: BD B7 07 LDA $07B7,X @ $07BA = #$AB
f367    c10903549    i46949673    A:AB X:03 Y:00 S:D9 P:NvUbdIzc  $06:829A: A0 07    LDY #$07
f367    c10903551    i46949674    A:AB X:03 Y:07 S:D9 P:nvUbdIzc  $06:829C: 91 F0    STA ($F0),Y @ $076E = #$AB
f367    c10903557    i46949675    A:AB X:03 Y:07 S:D9 P:nvUbdIzc  $06:829E: BD BF 07 LDA $07BF,X @ $07C2 = #$81
f367    c10903561    i46949676    A:81 X:03 Y:07 S:D9 P:NvUbdIzc  $06:82A1: C8       INY
f367    c10903563    i46949677    A:81 X:03 Y:08 S:D9 P:nvUbdIzc  $06:82A2: 91 F0    STA ($F0),Y @ $076F = #$81
f367    c10903569    i46949678    A:81 X:03 Y:08 S:D9 P:nvUbdIzc  $06:82A4: BD C7 07 LDA $07C7,X @ $07CA = #$00
f367    c10903573    i46949679    A:00 X:03 Y:08 S:D9 P:nvUbdIZc  $06:82A7: 18       CLC
f367    c10903575    i46949680    A:00 X:03 Y:08 S:D9 P:nvUbdIZc  $06:82A8: 69 01    ADC #$01
f367    c10903577    i46949681    A:01 X:03 Y:08 S:D9 P:nvUbdIzc  $06:82AA: C9 0A    CMP #$0A
f367    c10903579    i46949682    A:01 X:03 Y:08 S:D9 P:NvUbdIzc  $06:82AC: D0 02    BNE $82B0
f367    c10903582    i46949683    A:01 X:03 Y:08 S:D9 P:NvUbdIzc  $06:82B0: 9D C7 07 STA $07C7,X @ $07CA = #$00
f367    c10903587    i46949684    A:01 X:03 Y:08 S:D9 P:NvUbdIzc  $06:82B3: 60       RTS (from $81DB)
f367    c10903593    i46949685    A:01 X:03 Y:08 S:DB P:NvUbdIzc  $06:810C: 18       CLC
f367    c10903595    i46949686    A:01 X:03 Y:08 S:DB P:NvUbdIzc  $06:810D: A9 10    LDA #$10
f367    c10903597    i46949687    A:10 X:03 Y:08 S:DB P:nvUbdIzc  $06:810F: 65 F0    ADC $F0 = #$67
f367    c10903600    i46949688    A:77 X:03 Y:08 S:DB P:nvUbdIzc  $06:8111: 85 F0    STA $F0 = #$67
f367    c10903603    i46949689    A:77 X:03 Y:08 S:DB P:nvUbdIzc  $06:8113: A9 04    LDA #$04
f367    c10903605    i46949690    A:04 X:03 Y:08 S:DB P:nvUbdIzc  $06:8115: 65 F2    ADC $F2 = #$10
f367    c10903608    i46949691    A:14 X:03 Y:08 S:DB P:nvUbdIzc  $06:8117: 85 F2    STA $F2 = #$10
f367    c10903611    i46949692    A:14 X:03 Y:08 S:DB P:nvUbdIzc  $06:8119: C6 F3    DEC $F3 = #$04
f367    c10903616    i46949693    A:14 X:03 Y:08 S:DB P:nvUbdIzc  $06:811B: D0 AD    BNE $80CA
f367    c10903620    i46949694    A:14 X:03 Y:08 S:DB P:nvUbdIzc  $06:80CA: AD 06 07 LDA $0706 = #$87
f367    c10903624    i46949695    A:87 X:03 Y:08 S:DB P:NvUbdIzc  $06:80CD: 4A       LSR
f367    c10903626    i46949696    A:43 X:03 Y:08 S:DB P:nvUbdIzC  $06:80CE: 90 02    BCC $80D2
f367    c10903628    i46949697    A:43 X:03 Y:08 S:DB P:nvUbdIzC  $06:80D0: 09 80    ORA #$80
f368    c10930359    i46958075    A:62 X:0A Y:01 S:DB P:nvUbdIzC  $01:A039: 8D 07 20 STA $2007 = #$00
f368    c10930363    i46958076    A:62 X:0A Y:01 S:DB P:nvUbdIzC  $01:A03C: E8       INX
f368    c10930365    i46958077    A:62 X:0B Y:01 S:DB P:nvUbdIzC  $01:A03D: 88       DEY
f368    c10930367    i46958078    A:62 X:0B Y:00 S:DB P:nvUbdIZC  $01:A03E: D0 F6    BNE $A036
f368    c10930369    i46958079    A:62 X:0B Y:00 S:DB P:nvUbdIZC  $01:A040: E8       INX
f368    c10930371    i46958080    A:62 X:0C Y:00 S:DB P:nvUbdIzC  $01:A041: E8       INX
f368    c10930373    i46958081    A:62 X:0D Y:00 S:DB P:nvUbdIzC  $01:A042: E8       INX
f368    c10930375    i46958082    A:62 X:0E Y:00 S:DB P:nvUbdIzC  $01:A043: BD E8 05 LDA $05E8,X @ $05F6 = #$04
f368    c10930379    i46958083    A:04 X:0E Y:00 S:DB P:nvUbdIzC  $01:A046: D0 D3    BNE $A01B
f368    c10930382    i46958084    A:04 X:0E Y:00 S:DB P:nvUbdIzC  $01:A01B: A0 80    LDY #$80
f368    c10930384    i46958085    A:04 X:0E Y:80 S:DB P:NvUbdIzC  $01:A01D: BD E8 05 LDA $05E8,X @ $05F6 = #$04
f368    c10930388    i46958086    A:04 X:0E Y:80 S:DB P:nvUbdIzC  $01:A020: 10 04    BPL $A026
f368    c10930391    i46958087    A:04 X:0E Y:80 S:DB P:nvUbdIzC  $01:A026: 8C 00 20 STY $2000 = #$80
f368    c10930395    i46958088    A:04 X:0E Y:80 S:DB P:nvUbdIzC  $01:A029: A8       TAY
f368    c10930397    i46958089    A:04 X:0E Y:04 S:DB P:nvUbdIzC  $01:A02A: BD EA 05 LDA $05EA,X @ $05F8 = #$25
f368    c10930401    i46958090    A:25 X:0E Y:04 S:DB P:nvUbdIzC  $01:A02D: 8D 06 20 STA $2006 = #$30
f368    c10930405    i46958091    A:25 X:0E Y:04 S:DB P:nvUbdIzC  $01:A030: BD E9 05 LDA $05E9,X @ $05F7 = #$4C
f368    c10930409    i46958092    A:4C X:0E Y:04 S:DB P:nvUbdIzC  $01:A033: 8D 06 20 STA $2006 = #$30
f368    c10930413    i46958093    A:4C X:0E Y:04 S:DB P:nvUbdIzC  $01:A036: BD EB 05 LDA $05EB,X @ $05F9 = #$68
f368    c10930417    i46958094    A:68 X:0E Y:04 S:DB P:nvUbdIzC  $01:A039: 8D 07 20 STA $2007 = #$00
f368    c10930421    i46958095    A:68 X:0E Y:04 S:DB P:nvUbdIzC  $01:A03C: E8       INX
f368    c10930423    i46958096    A:68 X:0F Y:04 S:DB P:nvUbdIzC  $01:A03D: 88       DEY
f368    c10930425    i46958097    A:68 X:0F Y:03 S:DB P:nvUbdIzC  $01:A03E: D0 F6    BNE $A036
f368    c10930428    i46958098    A:68 X:0F Y:03 S:DB P:nvUbdIzC  $01:A036: BD EB 05 LDA $05EB,X @ $05FA = #$68
f368    c10930432    i46958099    A:68 X:0F Y:03 S:DB P:nvUbdIzC  $01:A039: 8D 07 20 STA $2007 = #$00
f368    c10930436    i46958100    A:68 X:0F Y:03 S:DB P:nvUbdIzC  $01:A03C: E8       INX
f368    c10930438    i46958101    A:68 X:10 Y:03 S:DB P:nvUbdIzC  $01:A03D: 88       DEY
f368    c10930440    i46958102    A:68 X:10 Y:02 S:DB P:nvUbdIzC  $01:A03E: D0 F6    BNE $A036
f368    c10930443    i46958103    A:68 X:10 Y:02 S:DB P:nvUbdIzC  $01:A036: BD EB 05 LDA $05EB,X @ $05FB = #$68
f368    c10930447    i46958104    A:68 X:10 Y:02 S:DB P:nvUbdIzC  $01:A039: 8D 07 20 STA $2007 = #$00
f368    c10930455    i46958105    A:68 X:10 Y:02 S:DB P:nvUbdIzC  $01:A03C: E8       INX
f368    c10930457    i46958106    A:68 X:11 Y:02 S:DB P:nvUbdIzC  $01:A03D: 88       DEY
f368    c10930459    i46958107    A:68 X:11 Y:01 S:DB P:nvUbdIzC  $01:A03E: D0 F6    BNE $A036
f368    c10930462    i46958108    A:68 X:11 Y:01 S:DB P:nvUbdIzC  $01:A036: BD EB 05 LDA $05EB,X @ $05FC = #$68
f368    c10930466    i46958109    A:68 X:11 Y:01 S:DB P:nvUbdIzC  $01:A039: 8D 07 20 STA $2007 = #$00
f368    c10930470    i46958110    A:68 X:11 Y:01 S:DB P:nvUbdIzC  $01:A03C: E8       INX
f368    c10930472    i46958111    A:68 X:12 Y:01 S:DB P:nvUbdIzC  $01:A03D: 88       DEY
f368    c10930474    i46958112    A:68 X:12 Y:00 S:DB P:nvUbdIZC  $01:A03E: D0 F6    BNE $A036
f368    c10930476    i46958113    A:68 X:12 Y:00 S:DB P:nvUbdIZC  $01:A040: E8       INX
f368    c10930478    i46958114    A:68 X:13 Y:00 S:DB P:nvUbdIzC  $01:A041: E8       INX
f368    c10930480    i46958115    A:68 X:14 Y:00 S:DB P:nvUbdIzC  $01:A042: E8       INX
f368    c10930482    i46958116    A:68 X:15 Y:00 S:DB P:nvUbdIzC  $01:A043: BD E8 05 LDA $05E8,X @ $05FD = #$04
f368    c10946387    i46963093    A:40 X:19 Y:00 S:E0 P:nvUbdizC  $00:9F06: 10 FC    BPL $9F04
f368    c10946390    i46963094    A:40 X:19 Y:00 S:E0 P:nvUbdizC  $00:9F04: A5 1B    LDA $1B = #$40
f368    c10946393    i46963095    A:40 X:19 Y:00 S:E0 P:nvUbdizC  $00:9F06: 10 FC    BPL $9F04
f368    c10946396    i46963096    A:40 X:19 Y:00 S:E0 P:nvUbdizC  $00:9F04: A5 1B    LDA $1B = #$40
f368    c10946399    i46963097    A:40 X:19 Y:00 S:E0 P:nvUbdizC  $00:9F06: 10 FC    BPL $9F04
f368    c10946402    i46963098    A:40 X:19 Y:00 S:E0 P:nvUbdizC  $00:9F04: A5 1B    LDA $1B = #$40
f368    c10946405    i46963099    A:40 X:19 Y:00 S:E0 P:nvUbdizC  $00:9F06: 10 FC    BPL $9F04
f368    c10946408    i46963100    A:40 X:19 Y:00 S:E0 P:nvUbdizC  $00:9F04: A5 1B    LDA $1B = #$40
f368    c10946411    i46963101    A:40 X:19 Y:00 S:E0 P:nvUbdizC  $00:9F06: 10 FC    BPL $9F04
f368    c10946414    i46963102    A:40 X:19 Y:00 S:E0 P:nvUbdizC  $00:9F04: A5 1B    LDA $1B = #$40
f368    c10946417    i46963103    A:40 X:19 Y:00 S:E0 P:nvUbdizC  $00:9F06: 10 FC    BPL $9F04
f368    c10946420    i46963104    A:40 X:19 Y:00 S:E0 P:nvUbdizC  $00:9F04: A5 1B    LDA $1B = #$40
f368    c10946423    i46963105    A:40 X:19 Y:00 S:E0 P:nvUbdizC  $00:9F06: 10 FC    BPL $9F04
f368    c10946426    i46963106    A:40 X:19 Y:00 S:E0 P:nvUbdizC  $00:9F04: A5 1B    LDA $1B = #$40
f368    c10946429    i46963107    A:40 X:19 Y:00 S:E0 P:nvUbdizC  $00:9F06: 10 FC    BPL $9F04
f368    c10946436    i46963108    A:40 X:19 Y:00 S:E0 P:nvUbdizC  $00:9F04: A5 1B    LDA $1B = #$40
f368    c10946439    i46963109    A:40 X:19 Y:00 S:E0 P:nvUbdizC  $00:9F06: 10 FC    BPL $9F04
f368    c10946442    i46963110    A:40 X:19 Y:00 S:E0 P:nvUbdizC  $00:9F04: A5 1B    LDA $1B = #$40
f368    c10946445    i46963111    A:40 X:19 Y:00 S:E0 P:nvUbdizC  $00:9F06: 10 FC    BPL $9F04
f368    c10946448    i46963112    A:40 X:19 Y:00 S:E0 P:nvUbdizC  $00:9F04: A5 1B    LDA $1B = #$40
f368    c10946451    i46963113    A:40 X:19 Y:00 S:E0 P:nvUbdizC  $00:9F06: 10 FC    BPL $9F04
f368    c10946454    i46963114    A:40 X:19 Y:00 S:E0 P:nvUbdizC  $00:9F04: A5 1B    LDA $1B = #$40
f368    c10946457    i46963115    A:40 X:19 Y:00 S:E0 P:nvUbdizC  $00:9F06: 10 FC    BPL $9F04
f368    c10946460    i46963116    A:40 X:19 Y:00 S:E0 P:nvUbdizC  $00:9F04: A5 1B    LDA $1B = #$40
f368    c10946463    i46963117    A:40 X:19 Y:00 S:E0 P:nvUbdizC  $00:9F06: 10 FC    BPL $9F04
f368    c10946466    i46963118    A:40 X:19 Y:00 S:E0 P:nvUbdizC  $00:9F04: A5 1B    LDA $1B = #$40
f368    c10946476    i46963119    A:40 X:19 Y:00 S:DD P:nvUbdIzC  $0F:C506: 4C 21 C8 JMP $C821
f368    c10946479    i46963120    A:40 X:19 Y:00 S:DD P:nvUbdIzC  $0F:C821: 24 1B    BIT $1B = #$40
f368    c10946482    i46963121    A:40 X:19 Y:00 S:DD P:nVUbdIzC  $0F:C823: 50 03    BVC $C828
f368    c10946484    i46963122    A:40 X:19 Y:00 S:DD P:nVUbdIzC  $0F:C825: 4C 78 C4 JMP $C478
f368    c10946487    i46963123    A:40 X:19 Y:00 S:DD P:nVUbdIzC  $0F:C478: 24 3B    BIT $3B = #$55
f368    c10946490    i46963124    A:40 X:19 Y:00 S:DD P:nVUbdIzC  $0F:C47A: 30 32    BMI $C4AE
f368    c10946492    i46963125    A:40 X:19 Y:00 S:DD P:nVUbdIzC  $0F:C47C: 38       SEC
f368    c10946494    i46963126    A:40 X:19 Y:00 S:DD P:nVUbdIzC  $0F:C47D: 66 3B    ROR $3B = #$55
f368    c10946499    i46963127    A:40 X:19 Y:00 S:DD P:NVUbdIzC  $0F:C47F: 85 3C    STA $3C = #$40
f368    c10946502    i46963128    A:40 X:19 Y:00 S:DD P:NVUbdIzC  $0F:C481: 86 3D    STX $3D = #$19
f368    c10946505    i46963129    A:40 X:19 Y:00 S:DD P:NVUbdIzC  $0F:C483: 84 3E    STY $3E = #$00
f368    c10946508    i46963130    A:40 X:19 Y:00 S:DD P:NVUbdIzC  $0F:C485: A5 22    LDA $22 = #$00
f368    c10946511    i46963131    A:00 X:19 Y:00 S:DD P:nVUbdIZC  $0F:C487: 09 07    ORA #$07
f368    c10946513    i46963132    A:07 X:19 Y:00 S:DD P:nVUbdIzC  $0F:C489: 8D 00 80 STA $8000 = #$A5
f368    c10946517    i46963133    A:07 X:19 Y:00 S:DD P:nVUbdIzC  $0F:C48C: A9 02    LDA #$02
f368    c10946519    i46963134    A:02 X:19 Y:00 S:DD P:nVUbdIzC  $0F:C48E: 8D 01 80 STA $8001 = #$27
f369    c10961990    i46968040    A:08 X:FF Y:08 S:DB P:nvUbdIzc  $06:8119: C6 F3    DEC $F3 = #$07
f369    c10961995    i46968041    A:08 X:FF Y:08 S:DB P:nvUbdIzc  $06:811B: D0 AD    BNE $80CA
f369    c10961999    i46968042    A:08 X:FF Y:08 S:DB P:nvUbdIzc  $06:80CA: AD 06 07 LDA $0706 = #$3C
f369    c10962003    i46968043    A:3C X:FF Y:08 S:DB P:nvUbdIzc  $06:80CD: 4A       LSR
f369    c10962005    i46968044    A:1E X:FF Y:08 S:DB P:nvUbdIzc  $06:80CE: 90 02    BCC $80D2
f369    c10962008    i46968045    A:1E X:FF Y:08 S:DB P:nvUbdIzc  $06:80D2: 8D 06 07 STA $0706 = #$3C
f369    c10962012    i46968046    A:1E X:FF Y:08 S:DB P:nvUbdIzc  $06:80D5: 90 35    BCC $810C
f369    c10962016    i46968047    A:1E X:FF Y:08 S:DB P:nvUbdIzc  $06:810C: 18       CLC
f369    c10962018    i46968048    A:1E X:FF Y:08 S:DB P:nvUbdIzc  $06:810D: A9 10    LDA #$10
f369    c10962020    i46968049    A:10 X:FF Y:08 S:DB P:nvUbdIzc  $06:810F: 65 F0    ADC $F0 = #$47
f369    c10962023    i46968050    A:57 X:FF Y:08 S:DB P:nvUbdIzc  $06:8111: 85 F0    STA $F0 = #$47
f369    c10962026    i46968051    A:57 X:FF Y:08 S:DB P:nvUbdIzc  $06:8113: A9 04    LDA #$04
f369    c10962028    i46968052    A:04 X:FF Y:08 S:DB P:nvUbdIzc  $06:8115: 65 F2    ADC $F2 = #$08
f369    c10962031    i46968053    A:0C X:FF Y:08 S:DB P:nvUbdIzc  $06:8117: 85 F2    STA $F2 = #$08
f369    c10962034    i46968054    A:0C X:FF Y:08 S:DB P:nvUbdIzc  $06:8119: C6 F3    DEC $F3 = #$06
f369    c10962039    i46968055    A:0C X:FF Y:08 S:DB P:nvUbdIzc  $06:811B: D0 AD    BNE $80CA
f369    c10962043    i46968056    A:0C X:FF Y:08 S:DB P:nvUbdIzc  $06:80CA: AD 06 07 LDA $0706 = #$1E
f369    c10962047    i46968057    A:1E X:FF Y:08 S:DB P:nvUbdIzc  $06:80CD: 4A       LSR
f369    c10962049    i46968058    A:0F X:FF Y:08 S:DB P:nvUbdIzc  $06:80CE: 90 02    BCC $80D2
f369    c10962052    i46968059    A:0F X:FF Y:08 S:DB P:nvUbdIzc  $06:80D2: 8D 06 07 STA $0706 = #$1E
f369    c10962056    i46968060    A:0F X:FF Y:08 S:DB P:nvUbdIzc  $06:80D5: 90 35    BCC $810C
f369    c10962060    i46968061    A:0F X:FF Y:08 S:DB P:nvUbdIzc  $06:810C: 18       CLC
f369    c10962062    i46968062    A:0F X:FF Y:08 S:DB P:nvUbdIzc  $06:810D: A9 10    LDA #$10
f369    c10962064    i46968063    A:10 X:FF Y:08 S:DB P:nvUbdIzc  $06:810F: 65 F0    ADC $F0 = #$57
f369    c10962067    i46968064    A:67 X:FF Y:08 S:DB P:nvUbdIzc  $06:8111: 85 F0    STA $F0 = #$57
f369    c10962070    i46968065    A:67 X:FF Y:08 S:DB P:nvUbdIzc  $06:8113: A9 04    LDA #$04
f369    c10962072    i46968066    A:04 X:FF Y:08 S:DB P:nvUbdIzc  $06:8115: 65 F2    ADC $F2 = #$0C
f369    c10962075    i46968067    A:10 X:FF Y:08 S:DB P:nvUbdIzc  $06:8117: 85 F2    STA $F2 = #$0C
f369    c10962078    i46968068    A:10 X:FF Y:08 S:DB P:nvUbdIzc  $06:8119: C6 F3    DEC $F3 = #$05
f369    c10962083    i46968069    A:10 X:FF Y:08 S:DB P:nvUbdIzc  $06:811B: D0 AD    BNE $80CA
f369    c10962087    i46968070    A:10 X:FF Y:08 S:DB P:nvUbdIzc  $06:80CA: AD 06 07 LDA $0706 = #$0F
f369    c10962091    i46968071    A:0F X:FF Y:08 S:DB P:nvUbdIzc  $06:80CD: 4A       LSR
f369    c10962093    i46968072    A:07 X:FF Y:08 S:DB P:nvUbdIzC  $06:80CE: 90 02    BCC $80D2
f369    c10962095    i46968073    A:07 X:FF Y:08 S:DB P:nvUbdIzC  $06:80D0: 09 80    ORA #$80
f369    c10962097    i46968074    A:87 X:FF Y:08 S:DB P:NvUbdIzC  $06:80D2: 8D 06 07 STA $0706 = #$0F
f369    c10962101    i46968075    A:87 X:FF Y:08 S:DB P:NvUbdIzC  $06:80D5: 90 35    BCC $810C
f369    c10962103    i46968076    A:87 X:FF Y:08 S:DB P:NvUbdIzC  $06:80D7: A6 F2    LDX $F2 = #$10
f369    c10962106    i46968077    A:87 X:10 Y:08 S:DB P:nvUbdIzC  $06:80D9: DE 07 07 DEC $0707,X @ $0717 = #$0D
f369    c10962113    i46968078    A:87 X:10 Y:08 S:DB P:nvUbdIzC  $06:80DC: D0 03    BNE $80E1
f369    c10962116    i46968079    A:87 X:10 Y:08 S:DB P:nvUbdIzC  $06:80E1: A6 F2    LDX $F2 = #$10
f369    c10962119    i46968080    A:87 X:10 Y:08 S:DB P:nvUbdIzC  $06:80E3: DE 09 07 DEC $0709,X @ $0719 = #$03
f369    c10962126    i46968081    A:87 X:10 Y:08 S:DB P:nvUbdIzC  $06:80E6: D0 21    BNE $8109
f369    c10962796    i46968292    A:01 X:18 Y:08 S:D9 P:nvUbdIzc  $06:84BA: A9 00    LDA #$00
f369    c10962798    i46968293    A:00 X:18 Y:08 S:D9 P:nvUbdIZc  $06:84BC: A0 04    LDY #$04
f369    c10962800    i46968294    A:00 X:18 Y:04 S:D9 P:nvUbdIzc  $06:84BE: 91 F0    STA ($F0),Y @ $078B = #$02
f369    c10962806    i46968295    A:00 X:18 Y:04 S:D9 P:nvUbdIzc  $06:84C0: A6 F2    LDX $F2 = #$18
f369    c10962809    i46968296    A:00 X:18 Y:04 S:D9 P:nvUbdIzc  $06:84C2: BD 08 07 LDA $0708,X @ $0720 = #$01
f369    c10962813    i46968297    A:01 X:18 Y:04 S:D9 P:nvUbdIzc  $06:84C5: 9D 07 07 STA $0707,X @ $071F = #$00
f369    c10962818    i46968298    A:01 X:18 Y:04 S:D9 P:nvUbdIzc  $06:84C8: 60       RTS (from $83CB)
f369    c10962824    i46968299    A:01 X:18 Y:04 S:DB P:nvUbdIzc  $06:80E1: A6 F2    LDX $F2 = #$18
f369    c10962827    i46968300    A:01 X:18 Y:04 S:DB P:nvUbdIzc  $06:80E3: DE 09 07 DEC $0709,X @ $0721 = #$01
f369    c10962834    i46968301    A:01 X:18 Y:04 S:DB P:nvUbdIZc  $06:80E6: D0 21    BNE $8109
f369    c10962836    i46968302    A:01 X:18 Y:04 S:DB P:nvUbdIZc  $06:80E8: A0 02    LDY #$02
f369    c10962838    i46968303    A:01 X:18 Y:02 S:DB P:nvUbdIzc  $06:80EA: B1 F0    LDA ($F0),Y @ $0789 = #$D6
f369    c10962843    i46968304    A:D6 X:18 Y:02 S:DB P:NvUbdIzc  $06:80EC: 85 F6    STA $F6 = #$00
f369    c10962850    i46968305    A:D6 X:18 Y:02 S:DB P:NvUbdIzc  $06:80EE: C8       INY
f369    c10962852    i46968306    A:D6 X:18 Y:03 S:DB P:nvUbdIzc  $06:80EF: B1 F0    LDA ($F0),Y @ $078A = #$8B
f369    c10962857    i46968307    A:8B X:18 Y:03 S:DB P:NvUbdIzc  $06:80F1: 85 F7    STA $F7 = #$09
f369    c10962860    i46968308    A:8B X:18 Y:03 S:DB P:NvUbdIzc  $06:80F3: C8       INY
f369    c10962862    i46968309    A:8B X:18 Y:04 S:DB P:nvUbdIzc  $06:80F4: B1 F0    LDA ($F0),Y @ $078B = #$00
f369    c10962867    i46968310    A:00 X:18 Y:04 S:DB P:nvUbdIZc  $06:80F6: 48       PHA
f369    c10962870    i46968311    A:00 X:18 Y:04 S:DA P:nvUbdIZc  $06:80F7: 18       CLC
f369    c10962872    i46968312    A:00 X:18 Y:04 S:DA P:nvUbdIZc  $06:80F8: 69 02    ADC #$02
f369    c10962874    i46968313    A:02 X:18 Y:04 S:DA P:nvUbdIzc  $06:80FA: 91 F0    STA ($F0),Y @ $078B = #$00
f369    c10962880    i46968314    A:02 X:18 Y:04 S:DA P:nvUbdIzc  $06:80FC: 68       PLA
f369    c10962884    i46968315    A:00 X:18 Y:04 S:DB P:nvUbdIZc  $06:80FD: A8       TAY
f369    c10962886    i46968316    A:00 X:18 Y:00 S:DB P:nvUbdIZc  $06:80FE: B1 F6    LDA ($F6),Y @ $8BD6 = #$0E
f369    c10962891    i46968317    A:0E X:18 Y:00 S:DB P:nvUbdIzc  $06:8100: 9D 09 07 STA $0709,X @ $0721 = #$00
f369    c10962896    i46968318    A:0E X:18 Y:00 S:DB P:nvUbdIzc  $06:8103: C8       INY
f369    c10962898    i46968319    A:0E X:18 Y:01 S:DB P:nvUbdIzc  $06:8104: B1 F6    LDA ($F6),Y @ $8BD7 = #$0F
f369    c10962903    i46968320    A:0F X:18 Y:01 S:DB P:nvUbdIzc  $06:8106: 9D 0A 07 STA $070A,X @ $0722 = #$0F
f369    c10962908    i46968321    A:0F X:18 Y:01 S:DB P:nvUbdIzc  $06:8109: 20 DB 81 JSR $81DB
f369    c10962914    i46968322    A:0F X:18 Y:01 S:D9 P:nvUbdIzc  $06:81DB: A0 05    LDY #$05
f369    c10962916    i46968323    A:0F X:18 Y:05 S:D9 P:nvUbdIzc  $06:81DD: B1 F0    LDA ($F0),Y @ $078C = #$00
f369    c10962921    i46968324    A:00 X:18 Y:05 S:D9 P:nvUbdIZc  $06:81DF: AA       TAX
f369    c10962923    i46968325    A:00 X:00 Y:05 S:D9 P:nvUbdIZc  $06:81E0: 29 F0    AND #$F0
f369    c10962925    i46968326    A:00 X:00 Y:05 S:D9 P:nvUbdIZc  $06:81E2: 85 F6    STA $F6 = #$D6
f369    c10962928    i46968327    A:00 X:00 Y:05 S:D9 P:nvUbdIZc  $06:81E4: 29 20    AND #$20
f369    c10962930    i46968328    A:00 X:00 Y:05 S:D9 P:nvUbdIZc  $06:81E6: F0 06    BEQ $81EE
f369    c10962933    i46968329    A:00 X:00 Y:05 S:D9 P:nvUbdIZc  $06:81EE: 8A       TXA
f369    c10962935    i46968330    A:00 X:00 Y:05 S:D9 P:nvUbdIZc  $06:81EF: 29 0F    AND #$0F
f369    c10962937    i46968331    A:00 X:00 Y:05 S:D9 P:nvUbdIZc  $06:81F1: 85 F7    STA $F7 = #$8B
f369    c10962940    i46968332    A:00 X:00 Y:05 S:D9 P:nvUbdIZc  $06:81F3: A4 F3    LDY $F3 = #$02
f370    c10991767    i46977426    A:08 X:FF Y:08 S:DB P:nvUbdIzc  $06:8119: C6 F3    DEC $F3 = #$07
f370    c10991772    i46977427    A:08 X:FF Y:08 S:DB P:nvUbdIzc  $06:811B: D0 AD    BNE $80CA
f370    c10991776    i46977428    A:08 X:FF Y:08 S:DB P:nvUbdIzc  $06:80CA: AD 06 07 LDA $0706 = #$3C
f370    c10991780    i46977429    A:3C X:FF Y:08 S:DB P:nvUbdIzc  $06:80CD: 4A       LSR
f370    c10991782    i46977430    A:1E X:FF Y:08 S:DB P:nvUbdIzc  $06:80CE: 90 02    BCC $80D2
f370    c10991785    i46977431    A:1E X:FF Y:08 S:DB P:nvUbdIzc  $06:80D2: 8D 06 07 STA $0706 = #$3C
f370    c10991789    i46977432    A:1E X:FF Y:08 S:DB P:nvUbdIzc  $06:80D5: 90 35    BCC $810C
f370    c10991797    i46977433    A:1E X:FF Y:08 S:DB P:nvUbdIzc  $06:810C: 18       CLC
f370    c10991799    i46977434    A:1E X:FF Y:08 S:DB P:nvUbdIzc  $06:810D: A9 10    LDA #$10
f370    c10991801    i46977435    A:10 X:FF Y:08 S:DB P:nvUbdIzc  $06:810F: 65 F0    ADC $F0 = #$47
f370    c10991804    i46977436    A:57 X:FF Y:08 S:DB P:nvUbdIzc  $06:8111: 85 F0    STA $F0 = #$47
f370    c10991807    i46977437    A:57 X:FF Y:08 S:DB P:nvUbdIzc  $06:8113: A9 04    LDA #$04
f370    c10991809    i46977438    A:04 X:FF Y:08 S:DB P:nvUbdIzc  $06:8115: 65 F2    ADC $F2 = #$08
f370    c10991812    i46977439    A:0C X:FF Y:08 S:DB P:nvUbdIzc  $06:8117: 85 F2    STA $F2 = #$08
f370    c10991815    i46977440    A:0C X:FF Y:08 S:DB P:nvUbdIzc  $06:8119: C6 F3    DEC $F3 = #$06
f370    c10991820    i46977441    A:0C X:FF Y:08 S:DB P:nvUbdIzc  $06:811B: D0 AD    BNE $80CA
f370    c10991824    i46977442    A:0C X:FF Y:08 S:DB P:nvUbdIzc  $06:80CA: AD 06 07 LDA $0706 = #$1E
f370    c10991828    i46977443    A:1E X:FF Y:08 S:DB P:nvUbdIzc  $06:80CD: 4A       LSR
f370    c10991830    i46977444    A:0F X:FF Y:08 S:DB P:nvUbdIzc  $06:80CE: 90 02    BCC $80D2
f370    c10991833    i46977445    A:0F X:FF Y:08 S:DB P:nvUbdIzc  $06:80D2: 8D 06 07 STA $0706 = #$1E
f370    c10991837    i46977446    A:0F X:FF Y:08 S:DB P:nvUbdIzc  $06:80D5: 90 35    BCC $810C
f370    c10991841    i46977447    A:0F X:FF Y:08 S:DB P:nvUbdIzc  $06:810C: 18       CLC
f370    c10991843    i46977448    A:0F X:FF Y:08 S:DB P:nvUbdIzc  $06:810D: A9 10    LDA #$10
f370    c10991845    i46977449    A:10 X:FF Y:08 S:DB P:nvUbdIzc  $06:810F: 65 F0    ADC $F0 = #$57
f370    c10991848    i46977450    A:67 X:FF Y:08 S:DB P:nvUbdIzc  $06:8111: 85 F0    STA $F0 = #$57
f370    c10991851    i46977451    A:67 X:FF Y:08 S:DB P:nvUbdIzc  $06:8113: A9 04    LDA #$04
f370    c10991853    i46977452    A:04 X:FF Y:08 S:DB P:nvUbdIzc  $06:8115: 65 F2    ADC $F2 = #$0C
f370    c10991856    i46977453    A:10 X:FF Y:08 S:DB P:nvUbdIzc  $06:8117: 85 F2    STA $F2 = #$0C
f370    c10991859    i46977454    A:10 X:FF Y:08 S:DB P:nvUbdIzc  $06:8119: C6 F3    DEC $F3 = #$05
f370    c10991864    i46977455    A:10 X:FF Y:08 S:DB P:nvUbdIzc  $06:811B: D0 AD    BNE $80CA
f370    c10991868    i46977456    A:10 X:FF Y:08 S:DB P:nvUbdIzc  $06:80CA: AD 06 07 LDA $0706 = #$0F
f370    c10991872    i46977457    A:0F X:FF Y:08 S:DB P:nvUbdIzc  $06:80CD: 4A       LSR
f370    c10991874    i46977458    A:07 X:FF Y:08 S:DB P:nvUbdIzC  $06:80CE: 90 02    BCC $80D2
f370    c10991876    i46977459    A:07 X:FF Y:08 S:DB P:nvUbdIzC  $06:80D0: 09 80    ORA #$80
f370    c10991878    i46977460    A:87 X:FF Y:08 S:DB P:NvUbdIzC  $06:80D2: 8D 06 07 STA $0706 = #$0F
f370    c10991882    i46977461    A:87 X:FF Y:08 S:DB P:NvUbdIzC  $06:80D5: 90 35    BCC $810C
f370    c10991884    i46977462    A:87 X:FF Y:08 S:DB P:NvUbdIzC  $06:80D7: A6 F2    LDX $F2 = #$10
f370    c10991887    i46977463    A:87 X:10 Y:08 S:DB P:nvUbdIzC  $06:80D9: DE 07 07 DEC $0707,X @ $0717 = #$0C
f370    c10991894    i46977464    A:87 X:10 Y:08 S:DB P:nvUbdIzC  $06:80DC: D0 03    BNE $80E1
f370    c10991897    i46977465    A:87 X:10 Y:08 S:DB P:nvUbdIzC  $06:80E1: A6 F2    LDX $F2 = #$10
f370    c10991900    i46977466    A:87 X:10 Y:08 S:DB P:nvUbdIzC  $06:80E3: DE 09 07 DEC $0709,X @ $0719 = #$02
f370    c10991907    i46977467    A:87 X:10 Y:08 S:DB P:nvUbdIzC  $06:80E6: D0 21    BNE $8109
f371    c11021544    i46986805    A:08 X:FF Y:08 S:DB P:nvUbdIzc  $06:8119: C6 F3    DEC $F3 = #$07
f371    c11021549    i46986806    A:08 X:FF Y:08 S:DB P:nvUbdIzc  $06:811B: D0 AD    BNE $80CA
f371    c11021553    i46986807    A:08 X:FF Y:08 S:DB P:nvUbdIzc  $06:80CA: AD 06 07 LDA $0706 = #$3C
f371    c11021557    i46986808    A:3C X:FF Y:08 S:DB P:nvUbdIzc  $06:80CD: 4A       LSR
f371    c11021559    i46986809    A:1E X:FF Y:08 S:DB P:nvUbdIzc  $06:80CE: 90 02    BCC $80D2
f371    c11021562    i46986810    A:1E X:FF Y:08 S:DB P:nvUbdIzc  $06:80D2: 8D 06 07 STA $0706 = #$3C
f371    c11021566    i46986811    A:1E X:FF Y:08 S:DB P:nvUbdIzc  $06:80D5: 90 35    BCC $810C
f371    c11021570    i46986812    A:1E X:FF Y:08 S:DB P:nvUbdIzc  $06:810C: 18       CLC
f371    c11021572    i46986813    A:1E X:FF Y:08 S:DB P:nvUbdIzc  $06:810D: A9 10    LDA #$10
f371    c11021574    i46986814    A:10 X:FF Y:08 S:DB P:nvUbdIzc  $06:810F: 65 F0    ADC $F0 = #$47
f371    c11021577    i46986815    A:57 X:FF Y:08 S:DB P:nvUbdIzc  $06:8111: 85 F0    STA $F0 = #$47
f371    c11021580    i46986816    A:57 X:FF Y:08 S:DB P:nvUbdIzc  $06:8113: A9 04    LDA #$04
f371    c11021582    i46986817    A:04 X:FF Y:08 S:DB P:nvUbdIzc  $06:8115: 65 F2    ADC $F2 = #$08
f371    c11021585    i46986818    A:0C X:FF Y:08 S:DB P:nvUbdIzc  $06:8117: 85 F2    STA $F2 = #$08
f371    c11021588    i46986819    A:0C X:FF Y:08 S:DB P:nvUbdIzc  $06:8119: C6 F3    DEC $F3 = #$06
f371    c11021593    i46986820    A:0C X:FF Y:08 S:DB P:nvUbdIzc  $06:811B: D0 AD    BNE $80CA
f371    c11021597    i46986821    A:0C X:FF Y:08 S:DB P:nvUbdIzc  $06:80CA: AD 06 07 LDA $0706 = #$1E
f371    c11021605    i46986822    A:1E X:FF Y:08 S:DB P:nvUbdIzc  $06:80CD: 4A       LSR
f371    c11021607    i46986823    A:0F X:FF Y:08 S:DB P:nvUbdIzc  $06:80CE: 90 02    BCC $80D2
f371    c11021610    i46986824    A:0F X:FF Y:08 S:DB P:nvUbdIzc  $06:80D2: 8D 06 07 STA $0706 = #$1E
f371    c11021614    i46986825    A:0F X:FF Y:08 S:DB P:nvUbdIzc  $06:80D5: 90 35    BCC $810C
f371    c11021618    i46986826    A:0F X:FF Y:08 S:DB P:nvUbdIzc  $06:810C: 18       CLC
f371    c11021620    i46986827    A:0F X:FF Y:08 S:DB P:nvUbdIzc  $06:810D: A9 10    LDA #$10
f371    c11021622    i46986828    A:10 X:FF Y:08 S:DB P:nvUbdIzc  $06:810F: 65 F0    ADC $F0 = #$57
f371    c11021625    i46986829    A:67 X:FF Y:08 S:DB P:nvUbdIzc  $06:8111: 85 F0    STA $F0 = #$57
f371    c11021628    i46986830    A:67 X:FF Y:08 S:DB P:nvUbdIzc  $06:8113: A9 04    LDA #$04
f371    c11021630    i46986831    A:04 X:FF Y:08 S:DB P:nvUbdIzc  $06:8115: 65 F2    ADC $F2 = #$0C
f371    c11021633    i46986832    A:10 X:FF Y:08 S:DB P:nvUbdIzc  $06:8117: 85 F2    STA $F2 = #$0C
f371    c11021636    i46986833    A:10 X:FF Y:08 S:DB P:nvUbdIzc  $06:8119: C6 F3    DEC $F3 = #$05
f371    c11021641    i46986834    A:10 X:FF Y:08 S:DB P:nvUbdIzc  $06:811B: D0 AD    BNE $80CA
f371    c11021645    i46986835    A:10 X:FF Y:08 S:DB P:nvUbdIzc  $06:80CA: AD 06 07 LDA $0706 = #$0F
f371    c11021649    i46986836    A:0F X:FF Y:08 S:DB P:nvUbdIzc  $06:80CD: 4A       LSR
f371    c11021651    i46986837    A:07 X:FF Y:08 S:DB P:nvUbdIzC  $06:80CE: 90 02    BCC $80D2
f371    c11021653    i46986838    A:07 X:FF Y:08 S:DB P:nvUbdIzC  $06:80D0: 09 80    ORA #$80
f371    c11021655    i46986839    A:87 X:FF Y:08 S:DB P:NvUbdIzC  $06:80D2: 8D 06 07 STA $0706 = #$0F
f371    c11021659    i46986840    A:87 X:FF Y:08 S:DB P:NvUbdIzC  $06:80D5: 90 35    BCC $810C
f371    c11021661    i46986841    A:87 X:FF Y:08 S:DB P:NvUbdIzC  $06:80D7: A6 F2    LDX $F2 = #$10
f371    c11021664    i46986842    A:87 X:10 Y:08 S:DB P:nvUbdIzC  $06:80D9: DE 07 07 DEC $0707,X @ $0717 = #$0B
f371    c11021671    i46986843    A:87 X:10 Y:08 S:DB P:nvUbdIzC  $06:80DC: D0 03    BNE $80E1
f371    c11021674    i46986844    A:87 X:10 Y:08 S:DB P:nvUbdIzC  $06:80E1: A6 F2    LDX $F2 = #$10
f371    c11021677    i46986845    A:87 X:10 Y:08 S:DB P:nvUbdIzC  $06:80E3: DE 09 07 DEC $0709,X @ $0719 = #$01
f371    c11021684    i46986846    A:87 X:10 Y:08 S:DB P:nvUbdIZC  $06:80E6: D0 21    BNE $8109
f371    c11035735    i46991234    A:40 X:19 Y:00 S:E0 P:nvUbdizC  $00:9F06: 10 FC    BPL $9F04
f371    c11035738    i46991235    A:40 X:19 Y:00 S:E0 P:nvUbdizC  $00:9F04: A5 1B    LDA $1B = #$40
f371    c11035741    i46991236    A:40 X:19 Y:00 S:E0 P:nvUbdizC  $00:9F06: 10 FC    BPL $9F04
f371    c11035744    i46991237    A:40 X:19 Y:00 S:E0 P:nvUbdizC  $00:9F04: A5 1B    LDA $1B = #$40
f371    c11035747    i46991238    A:40 X:19 Y:00 S:E0 P:nvUbdizC  $00:9F06: 10 FC    BPL $9F04
f371    c11035750    i46991239    A:40 X:19 Y:00 S:E0 P:nvUbdizC  $00:9F04: A5 1B    LDA $1B = #$40
f371    c11035753    i46991240    A:40 X:19 Y:00 S:E0 P:nvUbdizC  $00:9F06: 10 FC    BPL $9F04
f371    c11035756    i46991241    A:40 X:19 Y:00 S:E0 P:nvUbdizC  $00:9F04: A5 1B    LDA $1B = #$40
f371    c11035759    i46991242    A:40 X:19 Y:00 S:E0 P:nvUbdizC  $00:9F06: 10 FC    BPL $9F04
f371    c11035762    i46991243    A:40 X:19 Y:00 S:E0 P:nvUbdizC  $00:9F04: A5 1B    LDA $1B = #$40
f371    c11035765    i46991244    A:40 X:19 Y:00 S:E0 P:nvUbdizC  $00:9F06: 10 FC    BPL $9F04
f371    c11035768    i46991245    A:40 X:19 Y:00 S:E0 P:nvUbdizC  $00:9F04: A5 1B    LDA $1B = #$40
f371    c11035771    i46991246    A:40 X:19 Y:00 S:E0 P:nvUbdizC  $00:9F06: 10 FC    BPL $9F04
f371    c11035774    i46991247    A:40 X:19 Y:00 S:E0 P:nvUbdizC  $00:9F04: A5 1B    LDA $1B = #$40
f371    c11035777    i46991248    A:40 X:19 Y:00 S:E0 P:nvUbdizC  $00:9F06: 10 FC    BPL $9F04
f371    c11035780    i46991249    A:40 X:19 Y:00 S:E0 P:nvUbdizC  $00:9F04: A5 1B    LDA $1B = #$40
f371    c11035783    i46991250    A:40 X:19 Y:00 S:E0 P:nvUbdizC  $00:9F06: 10 FC    BPL $9F04
f371    c11035786    i46991251    A:40 X:19 Y:00 S:E0 P:nvUbdizC  $00:9F04: A5 1B    LDA $1B = #$40
f371    c11035789    i46991252    A:40 X:19 Y:00 S:E0 P:nvUbdizC  $00:9F06: 10 FC    BPL $9F04
f371    c11035792    i46991253    A:40 X:19 Y:00 S:E0 P:nvUbdizC  $00:9F04: A5 1B    LDA $1B = #$40
f371    c11035795    i46991254    A:40 X:19 Y:00 S:E0 P:nvUbdizC  $00:9F06: 10 FC    BPL $9F04
f371    c11035798    i46991255    A:40 X:19 Y:00 S:E0 P:nvUbdizC  $00:9F04: A5 1B    LDA $1B = #$40
f371    c11035801    i46991256    A:40 X:19 Y:00 S:E0 P:nvUbdizC  $00:9F06: 10 FC    BPL $9F04
f371    c11035804    i46991257    A:40 X:19 Y:00 S:E0 P:nvUbdizC  $00:9F04: A5 1B    LDA $1B = #$40
f371    c11035807    i46991258    A:40 X:19 Y:00 S:E0 P:nvUbdizC  $00:9F06: 10 FC    BPL $9F04
f371    c11035810    i46991259    A:40 X:19 Y:00 S:E0 P:nvUbdizC  $00:9F04: A5 1B    LDA $1B = #$40
f371    c11035820    i46991260    A:40 X:19 Y:00 S:DD P:nvUbdIzC  $0F:C506: 4C 21 C8 JMP $C821
f371    c11035823    i46991261    A:40 X:19 Y:00 S:DD P:nvUbdIzC  $0F:C821: 24 1B    BIT $1B = #$40
f371    c11035826    i46991262    A:40 X:19 Y:00 S:DD P:nVUbdIzC  $0F:C823: 50 03    BVC $C828
f371    c11035828    i46991263    A:40 X:19 Y:00 S:DD P:nVUbdIzC  $0F:C825: 4C 78 C4 JMP $C478
f371    c11035831    i46991264    A:40 X:19 Y:00 S:DD P:nVUbdIzC  $0F:C478: 24 3B    BIT $3B = #$55
f371    c11035834    i46991265    A:40 X:19 Y:00 S:DD P:nVUbdIzC  $0F:C47A: 30 32    BMI $C4AE
f371    c11035836    i46991266    A:40 X:19 Y:00 S:DD P:nVUbdIzC  $0F:C47C: 38       SEC
f371    c11035838    i46991267    A:40 X:19 Y:00 S:DD P:nVUbdIzC  $0F:C47D: 66 3B    ROR $3B = #$55
f371    c11035843    i46991268    A:40 X:19 Y:00 S:DD P:NVUbdIzC  $0F:C47F: 85 3C    STA $3C = #$40
f371    c11035846    i46991269    A:40 X:19 Y:00 S:DD P:NVUbdIzC  $0F:C481: 86 3D    STX $3D = #$19
f371    c11035849    i46991270    A:40 X:19 Y:00 S:DD P:NVUbdIzC  $0F:C483: 84 3E    STY $3E = #$00
f371    c11035852    i46991271    A:40 X:19 Y:00 S:DD P:NVUbdIzC  $0F:C485: A5 22    LDA $22 = #$00
f371    c11035859    i46991272    A:00 X:19 Y:00 S:DD P:nVUbdIZC  $0F:C487: 09 07    ORA #$07
f371    c11035861    i46991273    A:07 X:19 Y:00 S:DD P:nVUbdIzC  $0F:C489: 8D 00 80 STA $8000 = #$A5
f371    c11035865    i46991274    A:07 X:19 Y:00 S:DD P:nVUbdIzC  $0F:C48C: A9 02    LDA #$02
f371    c11035867    i46991275    A:02 X:19 Y:00 S:DD P:nVUbdIzC  $0F:C48E: 8D 01 80 STA $8001 = #$27
f372    c11049747    i46995674    A:61 X:1C Y:01 S:DB P:nvUbdIzC  $01:A036: BD EB 05 LDA $05EB,X @ $0607 = #$61
f372    c11049752    i46995675    A:61 X:1C Y:01 S:DB P:nvUbdIzC  $01:A039: 8D 07 20 STA $2007 = #$00
f372    c11049756    i46995676    A:61 X:1C Y:01 S:DB P:nvUbdIzC  $01:A03C: E8       INX
f372    c11049758    i46995677    A:61 X:1D Y:01 S:DB P:nvUbdIzC  $01:A03D: 88       DEY
f372    c11049760    i46995678    A:61 X:1D Y:00 S:DB P:nvUbdIZC  $01:A03E: D0 F6    BNE $A036
f372    c11049762    i46995679    A:61 X:1D Y:00 S:DB P:nvUbdIZC  $01:A040: E8       INX
f372    c11049764    i46995680    A:61 X:1E Y:00 S:DB P:nvUbdIzC  $01:A041: E8       INX
f372    c11049766    i46995681    A:61 X:1F Y:00 S:DB P:nvUbdIzC  $01:A042: E8       INX
f372    c11049768    i46995682    A:61 X:20 Y:00 S:DB P:nvUbdIzC  $01:A043: BD E8 05 LDA $05E8,X @ $0608 = #$04
f372    c11049773    i46995683    A:04 X:20 Y:00 S:DB P:nvUbdIzC  $01:A046: D0 D3    BNE $A01B
f372    c11049776    i46995684    A:04 X:20 Y:00 S:DB P:nvUbdIzC  $01:A01B: A0 80    LDY #$80
f372    c11049778    i46995685    A:04 X:20 Y:80 S:DB P:NvUbdIzC  $01:A01D: BD E8 05 LDA $05E8,X @ $0608 = #$04
f372    c11049783    i46995686    A:04 X:20 Y:80 S:DB P:nvUbdIzC  $01:A020: 10 04    BPL $A026
f372    c11049786    i46995687    A:04 X:20 Y:80 S:DB P:nvUbdIzC  $01:A026: 8C 00 20 STY $2000 = #$80
f372    c11049790    i46995688    A:04 X:20 Y:80 S:DB P:nvUbdIzC  $01:A029: A8       TAY
f372    c11049792    i46995689    A:04 X:20 Y:04 S:DB P:nvUbdIzC  $01:A02A: BD EA 05 LDA $05EA,X @ $060A = #$21
f372    c11049797    i46995690    A:21 X:20 Y:04 S:DB P:nvUbdIzC  $01:A02D: 8D 06 20 STA $2006 = #$90
f372    c11049801    i46995691    A:21 X:20 Y:04 S:DB P:nvUbdIzC  $01:A030: BD E9 05 LDA $05E9,X @ $0609 = #$AC
f372    c11049806    i46995692    A:AC X:20 Y:04 S:DB P:NvUbdIzC  $01:A033: 8D 06 20 STA $2006 = #$90
f372    c11049810    i46995693    A:AC X:20 Y:04 S:DB P:NvUbdIzC  $01:A036: BD EB 05 LDA $05EB,X @ $060B = #$63
f372    c11049815    i46995694    A:63 X:20 Y:04 S:DB P:nvUbdIzC  $01:A039: 8D 07 20 STA $2007 = #$00
f372    c11049819    i46995695    A:63 X:20 Y:04 S:DB P:nvUbdIzC  $01:A03C: E8       INX
f372    c11049821    i46995696    A:63 X:21 Y:04 S:DB P:nvUbdIzC  $01:A03D: 88       DEY
f372    c11049823    i46995697    A:63 X:21 Y:03 S:DB P:nvUbdIzC  $01:A03E: D0 F6    BNE $A036
f372    c11049826    i46995698    A:63 X:21 Y:03 S:DB P:nvUbdIzC  $01:A036: BD EB 05 LDA $05EB,X @ $060C = #$63
f372    c11049831    i46995699    A:63 X:21 Y:03 S:DB P:nvUbdIzC  $01:A039: 8D 07 20 STA $2007 = #$00
f372    c11049835    i46995700    A:63 X:21 Y:03 S:DB P:nvUbdIzC  $01:A03C: E8       INX
f372    c11049837    i46995701    A:63 X:22 Y:03 S:DB P:nvUbdIzC  $01:A03D: 88       DEY
f372    c11049839    i46995702    A:63 X:22 Y:02 S:DB P:nvUbdIzC  $01:A03E: D0 F6    BNE $A036
f372    c11049842    i46995703    A:63 X:22 Y:02 S:DB P:nvUbdIzC  $01:A036: BD EB 05 LDA $05EB,X @ $060D = #$63
f372    c11049847    i46995704    A:63 X:22 Y:02 S:DB P:nvUbdIzC  $01:A039: 8D 07 20 STA $2007 = #$00
f372    c11049851    i46995705    A:63 X:22 Y:02 S:DB P:nvUbdIzC  $01:A03C: E8       INX
f372    c11049853    i46995706    A:63 X:23 Y:02 S:DB P:nvUbdIzC  $01:A03D: 88       DEY
f372    c11049855    i46995707    A:63 X:23 Y:01 S:DB P:nvUbdIzC  $01:A03E: D0 F6    BNE $A036
f372    c11049858    i46995708    A:63 X:23 Y:01 S:DB P:nvUbdIzC  $01:A036: BD EB 05 LDA $05EB,X @ $060E = #$63
f372    c11049863    i46995709    A:63 X:23 Y:01 S:DB P:nvUbdIzC  $01:A039: 8D 07 20 STA $2007 = #$00
f372    c11049867    i46995710    A:63 X:23 Y:01 S:DB P:nvUbdIzC  $01:A03C: E8       INX
f372    c11049869    i46995711    A:63 X:24 Y:01 S:DB P:nvUbdIzC  $01:A03D: 88       DEY
f372    c11049871    i46995712    A:63 X:24 Y:00 S:DB P:nvUbdIZC  $01:A03E: D0 F6    BNE $A036
f372    c11049873    i46995713    A:63 X:24 Y:00 S:DB P:nvUbdIZC  $01:A040: E8       INX
f372    c11049875    i46995714    A:63 X:25 Y:00 S:DB P:nvUbdIzC  $01:A041: E8       INX
f372    c11049877    i46995715    A:63 X:26 Y:00 S:DB P:nvUbdIzC  $01:A042: E8       INX
f372    c11050695    i46995969    A:00 X:01 Y:07 S:DB P:nvUbdIzc  $01:A0ED: BD 15 40 LDA $4015,X @ $4016 = #$00
f372    c11050699    i46995970    A:40 X:01 Y:07 S:DB P:nvUbdIzc  $01:A0F0: 4A       LSR
f372    c11050701    i46995971    A:20 X:01 Y:07 S:DB P:nvUbdIzc  $01:A0F1: 26 3F    ROL $3F = #$00
f372    c11050706    i46995972    A:20 X:01 Y:07 S:DB P:nvUbdIZc  $01:A0F3: 29 01    AND #$01
f372    c11050708    i46995973    A:00 X:01 Y:07 S:DB P:nvUbdIZc  $01:A0F5: 05 3F    ORA $3F = #$00
f372    c11050711    i46995974    A:00 X:01 Y:07 S:DB P:nvUbdIZc  $01:A0F7: 85 3F    STA $3F = #$00
f372    c11050714    i46995975    A:00 X:01 Y:07 S:DB P:nvUbdIZc  $01:A0F9: 88       DEY
f372    c11050716    i46995976    A:00 X:01 Y:06 S:DB P:nvUbdIzc  $01:A0FA: D0 F1    BNE $A0ED
f372    c11050719    i46995977    A:00 X:01 Y:06 S:DB P:nvUbdIzc  $01:A0ED: BD 15 40 LDA $4015,X @ $4016 = #$00
f372    c11050723    i46995978    A:40 X:01 Y:06 S:DB P:nvUbdIzc  $01:A0F0: 4A       LSR
f372    c11050725    i46995979    A:20 X:01 Y:06 S:DB P:nvUbdIzc  $01:A0F1: 26 3F    ROL $3F = #$00
f372    c11050730    i46995980    A:20 X:01 Y:06 S:DB P:nvUbdIZc  $01:A0F3: 29 01    AND #$01
f372    c11050732    i46995981    A:00 X:01 Y:06 S:DB P:nvUbdIZc  $01:A0F5: 05 3F    ORA $3F = #$00
f372    c11050735    i46995982    A:00 X:01 Y:06 S:DB P:nvUbdIZc  $01:A0F7: 85 3F    STA $3F = #$00
f372    c11050738    i46995983    A:00 X:01 Y:06 S:DB P:nvUbdIZc  $01:A0F9: 88       DEY
f372    c11050740    i46995984    A:00 X:01 Y:05 S:DB P:nvUbdIzc  $01:A0FA: D0 F1    BNE $A0ED
f372    c11050743    i46995985    A:00 X:01 Y:05 S:DB P:nvUbdIzc  $01:A0ED: BD 15 40 LDA $4015,X @ $4016 = #$00
f372    c11050747    i46995986    A:40 X:01 Y:05 S:DB P:nvUbdIzc  $01:A0F0: 4A       LSR
f372    c11050749    i46995987    A:20 X:01 Y:05 S:DB P:nvUbdIzc  $01:A0F1: 26 3F    ROL $3F = #$00
f372    c11050754    i46995988    A:20 X:01 Y:05 S:DB P:nvUbdIZc  $01:A0F3: 29 01    AND #$01
f372    c11050756    i46995989    A:00 X:01 Y:05 S:DB P:nvUbdIZc  $01:A0F5: 05 3F    ORA $3F = #$00
f372    c11050759    i46995990    A:00 X:01 Y:05 S:DB P:nvUbdIZc  $01:A0F7: 85 3F    STA $3F = #$00
f372    c11050762    i46995991    A:00 X:01 Y:05 S:DB P:nvUbdIZc  $01:A0F9: 88       DEY
f372    c11050764    i46995992    A:00 X:01 Y:04 S:DB P:nvUbdIzc  $01:A0FA: D0 F1    BNE $A0ED
f372    c11050767    i46995993    A:00 X:01 Y:04 S:DB P:nvUbdIzc  $01:A0ED: BD 15 40 LDA $4015,X @ $4016 = #$00
f372    c11050771    i46995994    A:40 X:01 Y:04 S:DB P:nvUbdIzc  $01:A0F0: 4A       LSR
f372    c11050773    i46995995    A:20 X:01 Y:04 S:DB P:nvUbdIzc  $01:A0F1: 26 3F    ROL $3F = #$00
f372    c11050778    i46995996    A:20 X:01 Y:04 S:DB P:nvUbdIZc  $01:A0F3: 29 01    AND #$01
f372    c11050780    i46995997    A:00 X:01 Y:04 S:DB P:nvUbdIZc  $01:A0F5: 05 3F    ORA $3F = #$00
f372    c11050783    i46995998    A:00 X:01 Y:04 S:DB P:nvUbdIZc  $01:A0F7: 85 3F    STA $3F = #$00
f372    c11050786    i46995999    A:00 X:01 Y:04 S:DB P:nvUbdIZc  $01:A0F9: 88       DEY
f372    c11050788    i46996000    A:00 X:01 Y:03 S:DB P:nvUbdIzc  $01:A0FA: D0 F1    BNE $A0ED
f372    c11050791    i46996001    A:00 X:01 Y:03 S:DB P:nvUbdIzc  $01:A0ED: BD 15 40 LDA $4015,X @ $4016 = #$00
f372    c11050795    i46996002    A:40 X:01 Y:03 S:DB P:nvUbdIzc  $01:A0F0: 4A       LSR
f372    c11050797    i46996003    A:20 X:01 Y:03 S:DB P:nvUbdIzc  $01:A0F1: 26 3F    ROL $3F = #$00
f372    c11050802    i46996004    A:20 X:01 Y:03 S:DB P:nvUbdIZc  $01:A0F3: 29 01    AND #$01
f372    c11050804    i46996005    A:00 X:01 Y:03 S:DB P:nvUbdIZc  $01:A0F5: 05 3F    ORA $3F = #$00
f372    c11050807    i46996006    A:00 X:01 Y:03 S:DB P:nvUbdIZc  $01:A0F7: 85 3F    STA $3F = #$00
f372    c11050810    i46996007    A:00 X:01 Y:03 S:DB P:nvUbdIZc  $01:A0F9: 88       DEY
f372    c11050812    i46996008    A:00 X:01 Y:02 S:DB P:nvUbdIzc  $01:A0FA: D0 F1    BNE $A0ED
f372    c11050815    i46996009    A:00 X:01 Y:02 S:DB P:nvUbdIzc  $01:A0ED: BD 15 40 LDA $4015,X @ $4016 = #$00
f372    c11050819    i46996010    A:40 X:01 Y:02 S:DB P:nvUbdIzc  $01:A0F0: 4A       LSR
f373    c11079527    i47005051    A:DD X:1C Y:01 S:DB P:NvUbdIzC  $01:A036: BD EB 05 LDA $05EB,X @ $0607 = #$FF
f373    c11079532    i47005052    A:FF X:1C Y:01 S:DB P:NvUbdIzC  $01:A039: 8D 07 20 STA $2007 = #$00
f373    c11079536    i47005053    A:FF X:1C Y:01 S:DB P:NvUbdIzC  $01:A03C: E8       INX
f373    c11079538    i47005054    A:FF X:1D Y:01 S:DB P:nvUbdIzC  $01:A03D: 88       DEY
f373    c11079540    i47005055    A:FF X:1D Y:00 S:DB P:nvUbdIZC  $01:A03E: D0 F6    BNE $A036
f373    c11079542    i47005056    A:FF X:1D Y:00 S:DB P:nvUbdIZC  $01:A040: E8       INX
f373    c11079544    i47005057    A:FF X:1E Y:00 S:DB P:nvUbdIzC  $01:A041: E8       INX
f373    c11079546    i47005058    A:FF X:1F Y:00 S:DB P:nvUbdIzC  $01:A042: E8       INX
f373    c11079548    i47005059    A:FF X:20 Y:00 S:DB P:nvUbdIzC  $01:A043: BD E8 05 LDA $05E8,X @ $0608 = #$04
f373    c11079553    i47005060    A:04 X:20 Y:00 S:DB P:nvUbdIzC  $01:A046: D0 D3    BNE $A01B
f373    c11079556    i47005061    A:04 X:20 Y:00 S:DB P:nvUbdIzC  $01:A01B: A0 80    LDY #$80
f373    c11079558    i47005062    A:04 X:20 Y:80 S:DB P:NvUbdIzC  $01:A01D: BD E8 05 LDA $05E8,X @ $0608 = #$04
f373    c11079563    i47005063    A:04 X:20 Y:80 S:DB P:nvUbdIzC  $01:A020: 10 04    BPL $A026
f373    c11079566    i47005064    A:04 X:20 Y:80 S:DB P:nvUbdIzC  $01:A026: 8C 00 20 STY $2000 = #$80
f373    c11079570    i47005065    A:04 X:20 Y:80 S:DB P:nvUbdIzC  $01:A029: A8       TAY
f373    c11079572    i47005066    A:04 X:20 Y:04 S:DB P:nvUbdIzC  $01:A02A: BD EA 05 LDA $05EA,X @ $060A = #$21
f373    c11079577    i47005067    A:21 X:20 Y:04 S:DB P:nvUbdIzC  $01:A02D: 8D 06 20 STA $2006 = #$DE
f373    c11079581    i47005068    A:21 X:20 Y:04 S:DB P:nvUbdIzC  $01:A030: BD E9 05 LDA $05E9,X @ $0609 = #$94
f373    c11079586    i47005069    A:94 X:20 Y:04 S:DB P:NvUbdIzC  $01:A033: 8D 06 20 STA $2006 = #$DE
f373    c11079590    i47005070    A:94 X:20 Y:04 S:DB P:NvUbdIzC  $01:A036: BD EB 05 LDA $05EB,X @ $060B = #$61
f373    c11079595    i47005071    A:61 X:20 Y:04 S:DB P:nvUbdIzC  $01:A039: 8D 07 20 STA $2007 = #$00
f373    c11079599    i47005072    A:61 X:20 Y:04 S:DB P:nvUbdIzC  $01:A03C: E8       INX
f373    c11079601    i47005073    A:61 X:21 Y:04 S:DB P:nvUbdIzC  $01:A03D: 88       DEY
f373    c11079603    i47005074    A:61 X:21 Y:03 S:DB P:nvUbdIzC  $01:A03E: D0 F6    BNE $A036
f373    c11079606    i47005075    A:61 X:21 Y:03 S:DB P:nvUbdIzC  $01:A036: BD EB 05 LDA $05EB,X @ $060C = #$61
f373    c11079611    i47005076    A:61 X:21 Y:03 S:DB P:nvUbdIzC  $01:A039: 8D 07 20 STA $2007 = #$00
f373    c11079615    i47005077    A:61 X:21 Y:03 S:DB P:nvUbdIzC  $01:A03C: E8       INX
f373    c11079617    i47005078    A:61 X:22 Y:03 S:DB P:nvUbdIzC  $01:A03D: 88       DEY
f373    c11079619    i47005079    A:61 X:22 Y:02 S:DB P:nvUbdIzC  $01:A03E: D0 F6    BNE $A036
f373    c11079622    i47005080    A:61 X:22 Y:02 S:DB P:nvUbdIzC  $01:A036: BD EB 05 LDA $05EB,X @ $060D = #$61
f373    c11079627    i47005081    A:61 X:22 Y:02 S:DB P:nvUbdIzC  $01:A039: 8D 07 20 STA $2007 = #$00
f373    c11079631    i47005082    A:61 X:22 Y:02 S:DB P:nvUbdIzC  $01:A03C: E8       INX
f373    c11079633    i47005083    A:61 X:23 Y:02 S:DB P:nvUbdIzC  $01:A03D: 88       DEY
f373    c11079635    i47005084    A:61 X:23 Y:01 S:DB P:nvUbdIzC  $01:A03E: D0 F6    BNE $A036
f373    c11079638    i47005085    A:61 X:23 Y:01 S:DB P:nvUbdIzC  $01:A036: BD EB 05 LDA $05EB,X @ $060E = #$61
f373    c11079643    i47005086    A:61 X:23 Y:01 S:DB P:nvUbdIzC  $01:A039: 8D 07 20 STA $2007 = #$00
f373    c11079647    i47005087    A:61 X:23 Y:01 S:DB P:nvUbdIzC  $01:A03C: E8       INX
f373    c11079649    i47005088    A:61 X:24 Y:01 S:DB P:nvUbdIzC  $01:A03D: 88       DEY
f373    c11079651    i47005089    A:61 X:24 Y:00 S:DB P:nvUbdIZC  $01:A03E: D0 F6    BNE $A036
f373    c11079653    i47005090    A:61 X:24 Y:00 S:DB P:nvUbdIZC  $01:A040: E8       INX
f373    c11079655    i47005091    A:61 X:25 Y:00 S:DB P:nvUbdIzC  $01:A041: E8       INX
f373    c11079657    i47005092    A:61 X:26 Y:00 S:DB P:nvUbdIzC  $01:A042: E8       INX
f374    c11110890    i47014937    A:08 X:FF Y:08 S:DB P:nvUbdIzc  $06:8119: C6 F3    DEC $F3 = #$07
f374    c11110895    i47014938    A:08 X:FF Y:08 S:DB P:nvUbdIzc  $06:811B: D0 AD    BNE $80CA
f374    c11110899    i47014939    A:08 X:FF Y:08 S:DB P:nvUbdIzc  $06:80CA: AD 06 07 LDA $0706 = #$3C
f374    c11110903    i47014940    A:3C X:FF Y:08 S:DB P:nvUbdIzc  $06:80CD: 4A       LSR
f374    c11110905    i47014941    A:1E X:FF Y:08 S:DB P:nvUbdIzc  $06:80CE: 90 02    BCC $80D2
f374    c11110908    i47014942    A:1E X:FF Y:08 S:DB P:nvUbdIzc  $06:80D2: 8D 06 07 STA $0706 = #$3C
f374    c11110912    i47014943    A:1E X:FF Y:08 S:DB P:nvUbdIzc  $06:80D5: 90 35    BCC $810C
f374    c11110916    i47014944    A:1E X:FF Y:08 S:DB P:nvUbdIzc  $06:810C: 18       CLC
f374    c11110918    i47014945    A:1E X:FF Y:08 S:DB P:nvUbdIzc  $06:810D: A9 10    LDA #$10
f374    c11110920    i47014946    A:10 X:FF Y:08 S:DB P:nvUbdIzc  $06:810F: 65 F0    ADC $F0 = #$47
f374    c11110923    i47014947    A:57 X:FF Y:08 S:DB P:nvUbdIzc  $06:8111: 85 F0    STA $F0 = #$47
f374    c11110926    i47014948    A:57 X:FF Y:08 S:DB P:nvUbdIzc  $06:8113: A9 04    LDA #$04
f374    c11110928    i47014949    A:04 X:FF Y:08 S:DB P:nvUbdIzc  $06:8115: 65 F2    ADC $F2 = #$08
f374    c11110931    i47014950    A:0C X:FF Y:08 S:DB P:nvUbdIzc  $06:8117: 85 F2    STA $F2 = #$08
f374    c11110934    i47014951    A:0C X:FF Y:08 S:DB P:nvUbdIzc  $06:8119: C6 F3    DEC $F3 = #$06
f374    c11110939    i47014952    A:0C X:FF Y:08 S:DB P:nvUbdIzc  $06:811B: D0 AD    BNE $80CA
f374    c11110943    i47014953    A:0C X:FF Y:08 S:DB P:nvUbdIzc  $06:80CA: AD 06 07 LDA $0706 = #$1E
f374    c11110947    i47014954    A:1E X:FF Y:08 S:DB P:nvUbdIzc  $06:80CD: 4A       LSR
f374    c11110949    i47014955    A:0F X:FF Y:08 S:DB P:nvUbdIzc  $06:80CE: 90 02    BCC $80D2
f374    c11110952    i47014956    A:0F X:FF Y:08 S:DB P:nvUbdIzc  $06:80D2: 8D 06 07 STA $0706 = #$1E
f374    c11110956    i47014957    A:0F X:FF Y:08 S:DB P:nvUbdIzc  $06:80D5: 90 35    BCC $810C
f374    c11110960    i47014958    A:0F X:FF Y:08 S:DB P:nvUbdIzc  $06:810C: 18       CLC
f374    c11110962    i47014959    A:0F X:FF Y:08 S:DB P:nvUbdIzc  $06:810D: A9 10    LDA #$10
f374    c11110964    i47014960    A:10 X:FF Y:08 S:DB P:nvUbdIzc  $06:810F: 65 F0    ADC $F0 = #$57
f374    c11110967    i47014961    A:67 X:FF Y:08 S:DB P:nvUbdIzc  $06:8111: 85 F0    STA $F0 = #$57
f374    c11110970    i47014962    A:67 X:FF Y:08 S:DB P:nvUbdIzc  $06:8113: A9 04    LDA #$04
f374    c11110972    i47014963    A:04 X:FF Y:08 S:DB P:nvUbdIzc  $06:8115: 65 F2    ADC $F2 = #$0C
f374    c11110975    i47014964    A:10 X:FF Y:08 S:DB P:nvUbdIzc  $06:8117: 85 F2    STA $F2 = #$0C
f374    c11110978    i47014965    A:10 X:FF Y:08 S:DB P:nvUbdIzc  $06:8119: C6 F3    DEC $F3 = #$05
f374    c11110983    i47014966    A:10 X:FF Y:08 S:DB P:nvUbdIzc  $06:811B: D0 AD    BNE $80CA
f374    c11110987    i47014967    A:10 X:FF Y:08 S:DB P:nvUbdIzc  $06:80CA: AD 06 07 LDA $0706 = #$0F
f374    c11110991    i47014968    A:0F X:FF Y:08 S:DB P:nvUbdIzc  $06:80CD: 4A       LSR
f374    c11110993    i47014969    A:07 X:FF Y:08 S:DB P:nvUbdIzC  $06:80CE: 90 02    BCC $80D2
f374    c11110995    i47014970    A:07 X:FF Y:08 S:DB P:nvUbdIzC  $06:80D0: 09 80    ORA #$80
f374    c11110997    i47014971    A:87 X:FF Y:08 S:DB P:NvUbdIzC  $06:80D2: 8D 06 07 STA $0706 = #$0F
f374    c11111001    i47014972    A:87 X:FF Y:08 S:DB P:NvUbdIzC  $06:80D5: 90 35    BCC $810C
f374    c11111003    i47014973    A:87 X:FF Y:08 S:DB P:NvUbdIzC  $06:80D7: A6 F2    LDX $F2 = #$10
f374    c11111006    i47014974    A:87 X:10 Y:08 S:DB P:nvUbdIzC  $06:80D9: DE 07 07 DEC $0707,X @ $0717 = #$08
f374    c11111013    i47014975    A:87 X:10 Y:08 S:DB P:nvUbdIzC  $06:80DC: D0 03    BNE $80E1
f374    c11111016    i47014976    A:87 X:10 Y:08 S:DB P:nvUbdIzC  $06:80E1: A6 F2    LDX $F2 = #$10
f374    c11111019    i47014977    A:87 X:10 Y:08 S:DB P:nvUbdIzC  $06:80E3: DE 09 07 DEC $0709,X @ $0719 = #$02
f374    c11111030    i47014978    A:87 X:10 Y:08 S:DB P:nvUbdIzC  $06:80E6: D0 21    BNE $8109
f374    c11111700    i47015189    A:01 X:18 Y:08 S:D9 P:nvUbdIzc  $06:84BA: A9 00    LDA #$00
f374    c11111702    i47015190    A:00 X:18 Y:08 S:D9 P:nvUbdIZc  $06:84BC: A0 04    LDY #$04
f374    c11111704    i47015191    A:00 X:18 Y:04 S:D9 P:nvUbdIzc  $06:84BE: 91 F0    STA ($F0),Y @ $078B = #$02
f374    c11111710    i47015192    A:00 X:18 Y:04 S:D9 P:nvUbdIzc  $06:84C0: A6 F2    LDX $F2 = #$18
f374    c11111713    i47015193    A:00 X:18 Y:04 S:D9 P:nvUbdIzc  $06:84C2: BD 08 07 LDA $0708,X @ $0720 = #$01
f374    c11111717    i47015194    A:01 X:18 Y:04 S:D9 P:nvUbdIzc  $06:84C5: 9D 07 07 STA $0707,X @ $071F = #$00
f374    c11111722    i47015195    A:01 X:18 Y:04 S:D9 P:nvUbdIzc  $06:84C8: 60       RTS (from $83CB)
f374    c11111728    i47015196    A:01 X:18 Y:04 S:DB P:nvUbdIzc  $06:80E1: A6 F2    LDX $F2 = #$18
f374    c11111731    i47015197    A:01 X:18 Y:04 S:DB P:nvUbdIzc  $06:80E3: DE 09 07 DEC $0709,X @ $0721 = #$01
f374    c11111738    i47015198    A:01 X:18 Y:04 S:DB P:nvUbdIZc  $06:80E6: D0 21    BNE $8109
f374    c11111740    i47015199    A:01 X:18 Y:04 S:DB P:nvUbdIZc  $06:80E8: A0 02    LDY #$02
f374    c11111742    i47015200    A:01 X:18 Y:02 S:DB P:nvUbdIzc  $06:80EA: B1 F0    LDA ($F0),Y @ $0789 = #$D6
f374    c11111747    i47015201    A:D6 X:18 Y:02 S:DB P:NvUbdIzc  $06:80EC: 85 F6    STA $F6 = #$00
f374    c11111750    i47015202    A:D6 X:18 Y:02 S:DB P:NvUbdIzc  $06:80EE: C8       INY
f374    c11111752    i47015203    A:D6 X:18 Y:03 S:DB P:nvUbdIzc  $06:80EF: B1 F0    LDA ($F0),Y @ $078A = #$8B
f374    c11111757    i47015204    A:8B X:18 Y:03 S:DB P:NvUbdIzc  $06:80F1: 85 F7    STA $F7 = #$09
f374    c11111760    i47015205    A:8B X:18 Y:03 S:DB P:NvUbdIzc  $06:80F3: C8       INY
f374    c11111762    i47015206    A:8B X:18 Y:04 S:DB P:nvUbdIzc  $06:80F4: B1 F0    LDA ($F0),Y @ $078B = #$00
f374    c11111767    i47015207    A:00 X:18 Y:04 S:DB P:nvUbdIZc  $06:80F6: 48       PHA
f374    c11111770    i47015208    A:00 X:18 Y:04 S:DA P:nvUbdIZc  $06:80F7: 18       CLC
f374    c11111772    i47015209    A:00 X:18 Y:04 S:DA P:nvUbdIZc  $06:80F8: 69 02    ADC #$02
f374    c11111774    i47015210    A:02 X:18 Y:04 S:DA P:nvUbdIzc  $06:80FA: 91 F0    STA ($F0),Y @ $078B = #$00
f374    c11111780    i47015211    A:02 X:18 Y:04 S:DA P:nvUbdIzc  $06:80FC: 68       PLA
f374    c11111784    i47015212    A:00 X:18 Y:04 S:DB P:nvUbdIZc  $06:80FD: A8       TAY
f374    c11111786    i47015213    A:00 X:18 Y:00 S:DB P:nvUbdIZc  $06:80FE: B1 F6    LDA ($F6),Y @ $8BD6 = #$0E
f374    c11111791    i47015214    A:0E X:18 Y:00 S:DB P:nvUbdIzc  $06:8100: 9D 09 07 STA $0709,X @ $0721 = #$00
f374    c11111796    i47015215    A:0E X:18 Y:00 S:DB P:nvUbdIzc  $06:8103: C8       INY
f374    c11111798    i47015216    A:0E X:18 Y:01 S:DB P:nvUbdIzc  $06:8104: B1 F6    LDA ($F6),Y @ $8BD7 = #$0F
f374    c11111803    i47015217    A:0F X:18 Y:01 S:DB P:nvUbdIzc  $06:8106: 9D 0A 07 STA $070A,X @ $0722 = #$0F
f374    c11111808    i47015218    A:0F X:18 Y:01 S:DB P:nvUbdIzc  $06:8109: 20 DB 81 JSR $81DB
f374    c11111814    i47015219    A:0F X:18 Y:01 S:D9 P:nvUbdIzc  $06:81DB: A0 05    LDY #$05
f374    c11111816    i47015220    A:0F X:18 Y:05 S:D9 P:nvUbdIzc  $06:81DD: B1 F0    LDA ($F0),Y @ $078C = #$00
f374    c11111821    i47015221    A:00 X:18 Y:05 S:D9 P:nvUbdIZc  $06:81DF: AA       TAX
f374    c11111823    i47015222    A:00 X:00 Y:05 S:D9 P:nvUbdIZc  $06:81E0: 29 F0    AND #$F0
f374    c11111825    i47015223    A:00 X:00 Y:05 S:D9 P:nvUbdIZc  $06:81E2: 85 F6    STA $F6 = #$D6
f374    c11111828    i47015224    A:00 X:00 Y:05 S:D9 P:nvUbdIZc  $06:81E4: 29 20    AND #$20
f374    c11111830    i47015225    A:00 X:00 Y:05 S:D9 P:nvUbdIZc  $06:81E6: F0 06    BEQ $81EE
f374    c11111833    i47015226    A:00 X:00 Y:05 S:D9 P:nvUbdIZc  $06:81EE: 8A       TXA
f374    c11111835    i47015227    A:00 X:00 Y:05 S:D9 P:nvUbdIZc  $06:81EF: 29 0F    AND #$0F
f374    c11111837    i47015228    A:00 X:00 Y:05 S:D9 P:nvUbdIZc  $06:81F1: 85 F7    STA $F7 = #$8B
f374    c11111840    i47015229    A:00 X:00 Y:05 S:D9 P:nvUbdIZc  $06:81F3: A4 F3    LDY $F3 = #$02
f375    c11140671    i47024311    A:08 X:FF Y:08 S:DB P:nvUbdIzc  $06:8119: C6 F3    DEC $F3 = #$07
f375    c11140676    i47024312    A:08 X:FF Y:08 S:DB P:nvUbdIzc  $06:811B: D0 AD    BNE $80CA
f375    c11140680    i47024313    A:08 X:FF Y:08 S:DB P:nvUbdIzc  $06:80CA: AD 06 07 LDA $0706 = #$3C
f375    c11140684    i47024314    A:3C X:FF Y:08 S:DB P:nvUbdIzc  $06:80CD: 4A       LSR
f375    c11140686    i47024315    A:1E X:FF Y:08 S:DB P:nvUbdIzc  $06:80CE: 90 02    BCC $80D2
f375    c11140689    i47024316    A:1E X:FF Y:08 S:DB P:nvUbdIzc  $06:80D2: 8D 06 07 STA $0706 = #$3C
f375    c11140693    i47024317    A:1E X:FF Y:08 S:DB P:nvUbdIzc  $06:80D5: 90 35    BCC $810C
f375    c11140697    i47024318    A:1E X:FF Y:08 S:DB P:nvUbdIzc  $06:810C: 18       CLC
f375    c11140699    i47024319    A:1E X:FF Y:08 S:DB P:nvUbdIzc  $06:810D: A9 10    LDA #$10
f375    c11140701    i47024320    A:10 X:FF Y:08 S:DB P:nvUbdIzc  $06:810F: 65 F0    ADC $F0 = #$47
f375    c11140704    i47024321    A:57 X:FF Y:08 S:DB P:nvUbdIzc  $06:8111: 85 F0    STA $F0 = #$47
f375    c11140707    i47024322    A:57 X:FF Y:08 S:DB P:nvUbdIzc  $06:8113: A9 04    LDA #$04
f375    c11140709    i47024323    A:04 X:FF Y:08 S:DB P:nvUbdIzc  $06:8115: 65 F2    ADC $F2 = #$08
f375    c11140712    i47024324    A:0C X:FF Y:08 S:DB P:nvUbdIzc  $06:8117: 85 F2    STA $F2 = #$08
f375    c11140715    i47024325    A:0C X:FF Y:08 S:DB P:nvUbdIzc  $06:8119: C6 F3    DEC $F3 = #$06
f375    c11140720    i47024326    A:0C X:FF Y:08 S:DB P:nvUbdIzc  $06:811B: D0 AD    BNE $80CA
f375    c11140724    i47024327    A:0C X:FF Y:08 S:DB P:nvUbdIzc  $06:80CA: AD 06 07 LDA $0706 = #$1E
f375    c11140728    i47024328    A:1E X:FF Y:08 S:DB P:nvUbdIzc  $06:80CD: 4A       LSR
f375    c11140730    i47024329    A:0F X:FF Y:08 S:DB P:nvUbdIzc  $06:80CE: 90 02    BCC $80D2
f375    c11140733    i47024330    A:0F X:FF Y:08 S:DB P:nvUbdIzc  $06:80D2: 8D 06 07 STA $0706 = #$1E
f375    c11140737    i47024331    A:0F X:FF Y:08 S:DB P:nvUbdIzc  $06:80D5: 90 35    BCC $810C
f375    c11140741    i47024332    A:0F X:FF Y:08 S:DB P:nvUbdIzc  $06:810C: 18       CLC
f375    c11140743    i47024333    A:0F X:FF Y:08 S:DB P:nvUbdIzc  $06:810D: A9 10    LDA #$10
f375    c11140745    i47024334    A:10 X:FF Y:08 S:DB P:nvUbdIzc  $06:810F: 65 F0    ADC $F0 = #$57
f375    c11140748    i47024335    A:67 X:FF Y:08 S:DB P:nvUbdIzc  $06:8111: 85 F0    STA $F0 = #$57
f375    c11140751    i47024336    A:67 X:FF Y:08 S:DB P:nvUbdIzc  $06:8113: A9 04    LDA #$04
f375    c11140753    i47024337    A:04 X:FF Y:08 S:DB P:nvUbdIzc  $06:8115: 65 F2    ADC $F2 = #$0C
f375    c11140756    i47024338    A:10 X:FF Y:08 S:DB P:nvUbdIzc  $06:8117: 85 F2    STA $F2 = #$0C
f375    c11140759    i47024339    A:10 X:FF Y:08 S:DB P:nvUbdIzc  $06:8119: C6 F3    DEC $F3 = #$05
f375    c11140764    i47024340    A:10 X:FF Y:08 S:DB P:nvUbdIzc  $06:811B: D0 AD    BNE $80CA
f375    c11140768    i47024341    A:10 X:FF Y:08 S:DB P:nvUbdIzc  $06:80CA: AD 06 07 LDA $0706 = #$0F
f375    c11140772    i47024342    A:0F X:FF Y:08 S:DB P:nvUbdIzc  $06:80CD: 4A       LSR
f375    c11140774    i47024343    A:07 X:FF Y:08 S:DB P:nvUbdIzC  $06:80CE: 90 02    BCC $80D2
f375    c11140776    i47024344    A:07 X:FF Y:08 S:DB P:nvUbdIzC  $06:80D0: 09 80    ORA #$80
f375    c11140778    i47024345    A:87 X:FF Y:08 S:DB P:NvUbdIzC  $06:80D2: 8D 06 07 STA $0706 = #$0F
f375    c11140782    i47024346    A:87 X:FF Y:08 S:DB P:NvUbdIzC  $06:80D5: 90 35    BCC $810C
f375    c11140784    i47024347    A:87 X:FF Y:08 S:DB P:NvUbdIzC  $06:80D7: A6 F2    LDX $F2 = #$10
f375    c11140787    i47024348    A:87 X:10 Y:08 S:DB P:nvUbdIzC  $06:80D9: DE 07 07 DEC $0707,X @ $0717 = #$07
f375    c11140794    i47024349    A:87 X:10 Y:08 S:DB P:nvUbdIzC  $06:80DC: D0 03    BNE $80E1
f375    c11140797    i47024350    A:87 X:10 Y:08 S:DB P:nvUbdIzC  $06:80E1: A6 F2    LDX $F2 = #$10
f375    c11140800    i47024351    A:87 X:10 Y:08 S:DB P:nvUbdIzC  $06:80E3: DE 09 07 DEC $0709,X @ $0719 = #$01
f375    c11140807    i47024352    A:87 X:10 Y:08 S:DB P:nvUbdIZC  $06:80E6: D0 21    BNE $8109
f375    c11154856    i47028738    A:40 X:19 Y:00 S:E0 P:nvUbdizC  $00:9F06: 10 FC    BPL $9F04
f375    c11154859    i47028739    A:40 X:19 Y:00 S:E0 P:nvUbdizC  $00:9F04: A5 1B    LDA $1B = #$40
f375    c11154862    i47028740    A:40 X:19 Y:00 S:E0 P:nvUbdizC  $00:9F06: 10 FC    BPL $9F04
f375    c11154865    i47028741    A:40 X:19 Y:00 S:E0 P:nvUbdizC  $00:9F04: A5 1B    LDA $1B = #$40
f375    c11154868    i47028742    A:40 X:19 Y:00 S:E0 P:nvUbdizC  $00:9F06: 10 FC    BPL $9F04
f375    c11154871    i47028743    A:40 X:19 Y:00 S:E0 P:nvUbdizC  $00:9F04: A5 1B    LDA $1B = #$40
f375    c11154874    i47028744    A:40 X:19 Y:00 S:E0 P:nvUbdizC  $00:9F06: 10 FC    BPL $9F04
f375    c11154877    i47028745    A:40 X:19 Y:00 S:E0 P:nvUbdizC  $00:9F04: A5 1B    LDA $1B = #$40
f375    c11154880    i47028746    A:40 X:19 Y:00 S:E0 P:nvUbdizC  $00:9F06: 10 FC    BPL $9F04
f375    c11154883    i47028747    A:40 X:19 Y:00 S:E0 P:nvUbdizC  $00:9F04: A5 1B    LDA $1B = #$40
f375    c11154886    i47028748    A:40 X:19 Y:00 S:E0 P:nvUbdizC  $00:9F06: 10 FC    BPL $9F04
f375    c11154889    i47028749    A:40 X:19 Y:00 S:E0 P:nvUbdizC  $00:9F04: A5 1B    LDA $1B = #$40
f375    c11154892    i47028750    A:40 X:19 Y:00 S:E0 P:nvUbdizC  $00:9F06: 10 FC    BPL $9F04
f375    c11154895    i47028751    A:40 X:19 Y:00 S:E0 P:nvUbdizC  $00:9F04: A5 1B    LDA $1B = #$40
f375    c11154898    i47028752    A:40 X:19 Y:00 S:E0 P:nvUbdizC  $00:9F06: 10 FC    BPL $9F04
f375    c11154901    i47028753    A:40 X:19 Y:00 S:E0 P:nvUbdizC  $00:9F04: A5 1B    LDA $1B = #$40
f375    c11154904    i47028754    A:40 X:19 Y:00 S:E0 P:nvUbdizC  $00:9F06: 10 FC    BPL $9F04
f375    c11154907    i47028755    A:40 X:19 Y:00 S:E0 P:nvUbdizC  $00:9F04: A5 1B    LDA $1B = #$40
f375    c11154910    i47028756    A:40 X:19 Y:00 S:E0 P:nvUbdizC  $00:9F06: 10 FC    BPL $9F04
f375    c11154913    i47028757    A:40 X:19 Y:00 S:E0 P:nvUbdizC  $00:9F04: A5 1B    LDA $1B = #$40
f375    c11154916    i47028758    A:40 X:19 Y:00 S:E0 P:nvUbdizC  $00:9F06: 10 FC    BPL $9F04
f375    c11154919    i47028759    A:40 X:19 Y:00 S:E0 P:nvUbdizC  $00:9F04: A5 1B    LDA $1B = #$40
f375    c11154922    i47028760    A:40 X:19 Y:00 S:E0 P:nvUbdizC  $00:9F06: 10 FC    BPL $9F04
f375    c11154925    i47028761    A:40 X:19 Y:00 S:E0 P:nvUbdizC  $00:9F04: A5 1B    LDA $1B = #$40
f375    c11154928    i47028762    A:40 X:19 Y:00 S:E0 P:nvUbdizC  $00:9F06: 10 FC    BPL $9F04
f375    c11154931    i47028763    A:40 X:19 Y:00 S:E0 P:nvUbdizC  $00:9F04: A5 1B    LDA $1B = #$40
f375    c11154941    i47028764    A:40 X:19 Y:00 S:DD P:nvUbdIzC  $0F:C506: 4C 21 C8 JMP $C821
f375    c11154944    i47028765    A:40 X:19 Y:00 S:DD P:nvUbdIzC  $0F:C821: 24 1B    BIT $1B = #$40
f375    c11154947    i47028766    A:40 X:19 Y:00 S:DD P:nVUbdIzC  $0F:C823: 50 03    BVC $C828
f375    c11154949    i47028767    A:40 X:19 Y:00 S:DD P:nVUbdIzC  $0F:C825: 4C 78 C4 JMP $C478
f375    c11154952    i47028768    A:40 X:19 Y:00 S:DD P:nVUbdIzC  $0F:C478: 24 3B    BIT $3B = #$55
f375    c11154955    i47028769    A:40 X:19 Y:00 S:DD P:nVUbdIzC  $0F:C47A: 30 32    BMI $C4AE
f375    c11154957    i47028770    A:40 X:19 Y:00 S:DD P:nVUbdIzC  $0F:C47C: 38       SEC
f375    c11154959    i47028771    A:40 X:19 Y:00 S:DD P:nVUbdIzC  $0F:C47D: 66 3B    ROR $3B = #$55
f375    c11154964    i47028772    A:40 X:19 Y:00 S:DD P:NVUbdIzC  $0F:C47F: 85 3C    STA $3C = #$40
f375    c11154967    i47028773    A:40 X:19 Y:00 S:DD P:NVUbdIzC  $0F:C481: 86 3D    STX $3D = #$19
f375    c11154970    i47028774    A:40 X:19 Y:00 S:DD P:NVUbdIzC  $0F:C483: 84 3E    STY $3E = #$00
f375    c11154973    i47028775    A:40 X:19 Y:00 S:DD P:NVUbdIzC  $0F:C485: A5 22    LDA $22 = #$00
f375    c11154976    i47028776    A:00 X:19 Y:00 S:DD P:nVUbdIZC  $0F:C487: 09 07    ORA #$07
f375    c11154978    i47028777    A:07 X:19 Y:00 S:DD P:nVUbdIzC  $0F:C489: 8D 00 80 STA $8000 = #$A5
f375    c11154982    i47028778    A:07 X:19 Y:00 S:DD P:nVUbdIzC  $0F:C48C: A9 02    LDA #$02
f375    c11154984    i47028779    A:02 X:19 Y:00 S:DD P:nVUbdIzC  $0F:C48E: 8D 01 80 STA $8001 = #$27
f376    c11170452    i47033684    A:08 X:FF Y:08 S:DB P:nvUbdIzc  $06:8119: C6 F3    DEC $F3 = #$07
f376    c11170457    i47033685    A:08 X:FF Y:08 S:DB P:nvUbdIzc  $06:811B: D0 AD    BNE $80CA
f376    c11170461    i47033686    A:08 X:FF Y:08 S:DB P:nvUbdIzc  $06:80CA: AD 06 07 LDA $0706 = #$3C
f376    c11170465    i47033687    A:3C X:FF Y:08 S:DB P:nvUbdIzc  $06:80CD: 4A       LSR
f376    c11170467    i47033688    A:1E X:FF Y:08 S:DB P:nvUbdIzc  $06:80CE: 90 02    BCC $80D2
f376    c11170470    i47033689    A:1E X:FF Y:08 S:DB P:nvUbdIzc  $06:80D2: 8D 06 07 STA $0706 = #$3C
f376    c11170474    i47033690    A:1E X:FF Y:08 S:DB P:nvUbdIzc  $06:80D5: 90 35    BCC $810C
f376    c11170478    i47033691    A:1E X:FF Y:08 S:DB P:nvUbdIzc  $06:810C: 18       CLC
f376    c11170480    i47033692    A:1E X:FF Y:08 S:DB P:nvUbdIzc  $06:810D: A9 10    LDA #$10
f376    c11170482    i47033693    A:10 X:FF Y:08 S:DB P:nvUbdIzc  $06:810F: 65 F0    ADC $F0 = #$47
f376    c11170485    i47033694    A:57 X:FF Y:08 S:DB P:nvUbdIzc  $06:8111: 85 F0    STA $F0 = #$47
f376    c11170488    i47033695    A:57 X:FF Y:08 S:DB P:nvUbdIzc  $06:8113: A9 04    LDA #$04
f376    c11170490    i47033696    A:04 X:FF Y:08 S:DB P:nvUbdIzc  $06:8115: 65 F2    ADC $F2 = #$08
f376    c11170493    i47033697    A:0C X:FF Y:08 S:DB P:nvUbdIzc  $06:8117: 85 F2    STA $F2 = #$08
f376    c11170496    i47033698    A:0C X:FF Y:08 S:DB P:nvUbdIzc  $06:8119: C6 F3    DEC $F3 = #$06
f376    c11170501    i47033699    A:0C X:FF Y:08 S:DB P:nvUbdIzc  $06:811B: D0 AD    BNE $80CA
f376    c11170505    i47033700    A:0C X:FF Y:08 S:DB P:nvUbdIzc  $06:80CA: AD 06 07 LDA $0706 = #$1E
f376    c11170509    i47033701    A:1E X:FF Y:08 S:DB P:nvUbdIzc  $06:80CD: 4A       LSR
f376    c11170511    i47033702    A:0F X:FF Y:08 S:DB P:nvUbdIzc  $06:80CE: 90 02    BCC $80D2
f376    c11170514    i47033703    A:0F X:FF Y:08 S:DB P:nvUbdIzc  $06:80D2: 8D 06 07 STA $0706 = #$1E
f376    c11170518    i47033704    A:0F X:FF Y:08 S:DB P:nvUbdIzc  $06:80D5: 90 35    BCC $810C
f376    c11170522    i47033705    A:0F X:FF Y:08 S:DB P:nvUbdIzc  $06:810C: 18       CLC
f376    c11170524    i47033706    A:0F X:FF Y:08 S:DB P:nvUbdIzc  $06:810D: A9 10    LDA #$10
f376    c11170526    i47033707    A:10 X:FF Y:08 S:DB P:nvUbdIzc  $06:810F: 65 F0    ADC $F0 = #$57
f376    c11170529    i47033708    A:67 X:FF Y:08 S:DB P:nvUbdIzc  $06:8111: 85 F0    STA $F0 = #$57
f376    c11170532    i47033709    A:67 X:FF Y:08 S:DB P:nvUbdIzc  $06:8113: A9 04    LDA #$04
f376    c11170534    i47033710    A:04 X:FF Y:08 S:DB P:nvUbdIzc  $06:8115: 65 F2    ADC $F2 = #$0C
f376    c11170537    i47033711    A:10 X:FF Y:08 S:DB P:nvUbdIzc  $06:8117: 85 F2    STA $F2 = #$0C
f376    c11170540    i47033712    A:10 X:FF Y:08 S:DB P:nvUbdIzc  $06:8119: C6 F3    DEC $F3 = #$05
f376    c11170545    i47033713    A:10 X:FF Y:08 S:DB P:nvUbdIzc  $06:811B: D0 AD    BNE $80CA
f376    c11170549    i47033714    A:10 X:FF Y:08 S:DB P:nvUbdIzc  $06:80CA: AD 06 07 LDA $0706 = #$0F
f376    c11170553    i47033715    A:0F X:FF Y:08 S:DB P:nvUbdIzc  $06:80CD: 4A       LSR
f376    c11170555    i47033716    A:07 X:FF Y:08 S:DB P:nvUbdIzC  $06:80CE: 90 02    BCC $80D2
f376    c11170557    i47033717    A:07 X:FF Y:08 S:DB P:nvUbdIzC  $06:80D0: 09 80    ORA #$80
f376    c11170559    i47033718    A:87 X:FF Y:08 S:DB P:NvUbdIzC  $06:80D2: 8D 06 07 STA $0706 = #$0F
f376    c11170563    i47033719    A:87 X:FF Y:08 S:DB P:NvUbdIzC  $06:80D5: 90 35    BCC $810C
f376    c11170565    i47033720    A:87 X:FF Y:08 S:DB P:NvUbdIzC  $06:80D7: A6 F2    LDX $F2 = #$10
f376    c11170568    i47033721    A:87 X:10 Y:08 S:DB P:nvUbdIzC  $06:80D9: DE 07 07 DEC $0707,X @ $0717 = #$06
f376    c11170575    i47033722    A:87 X:10 Y:08 S:DB P:nvUbdIzC  $06:80DC: D0 03    BNE $80E1
f376    c11170578    i47033723    A:87 X:10 Y:08 S:DB P:nvUbdIzC  $06:80E1: A6 F2    LDX $F2 = #$10
f376    c11170581    i47033724    A:87 X:10 Y:08 S:DB P:nvUbdIzC  $06:80E3: DE 09 07 DEC $0709,X @ $0719 = #$FF
f376    c11170588    i47033725    A:87 X:10 Y:08 S:DB P:NvUbdIzC  $06:80E6: D0 21    BNE $8109
f377    c11198650    i47042558    A:61 X:1C Y:01 S:DB P:nvUbdIzC  $01:A036: BD EB 05 LDA $05EB,X @ $0607 = #$61
f377    c11198655    i47042559    A:61 X:1C Y:01 S:DB P:nvUbdIzC  $01:A039: 8D 07 20 STA $2007 = #$00
f377    c11198659    i47042560    A:61 X:1C Y:01 S:DB P:nvUbdIzC  $01:A03C: E8       INX
f377    c11198661    i47042561    A:61 X:1D Y:01 S:DB P:nvUbdIzC  $01:A03D: 88       DEY
f377    c11198663    i47042562    A:61 X:1D Y:00 S:DB P:nvUbdIZC  $01:A03E: D0 F6    BNE $A036
f377    c11198665    i47042563    A:61 X:1D Y:00 S:DB P:nvUbdIZC  $01:A040: E8       INX
f377    c11198667    i47042564    A:61 X:1E Y:00 S:DB P:nvUbdIzC  $01:A041: E8       INX
f377    c11198669    i47042565    A:61 X:1F Y:00 S:DB P:nvUbdIzC  $01:A042: E8       INX
f377    c11198671    i47042566    A:61 X:20 Y:00 S:DB P:nvUbdIzC  $01:A043: BD E8 05 LDA $05E8,X @ $0608 = #$04
f377    c11198676    i47042567    A:04 X:20 Y:00 S:DB P:nvUbdIzC  $01:A046: D0 D3    BNE $A01B
f377    c11198679    i47042568    A:04 X:20 Y:00 S:DB P:nvUbdIzC  $01:A01B: A0 80    LDY #$80
f377    c11198681    i47042569    A:04 X:20 Y:80 S:DB P:NvUbdIzC  $01:A01D: BD E8 05 LDA $05E8,X @ $0608 = #$04
f377    c11198686    i47042570    A:04 X:20 Y:80 S:DB P:nvUbdIzC  $01:A020: 10 04    BPL $A026
f377    c11198689    i47042571    A:04 X:20 Y:80 S:DB P:nvUbdIzC  $01:A026: 8C 00 20 STY $2000 = #$80
f377    c11198693    i47042572    A:04 X:20 Y:80 S:DB P:nvUbdIzC  $01:A029: A8       TAY
f377    c11198695    i47042573    A:04 X:20 Y:04 S:DB P:nvUbdIzC  $01:A02A: BD EA 05 LDA $05EA,X @ $060A = #$25
f377    c11198700    i47042574    A:25 X:20 Y:04 S:DB P:nvUbdIzC  $01:A02D: 8D 06 20 STA $2006 = #$94
f377    c11198704    i47042575    A:25 X:20 Y:04 S:DB P:nvUbdIzC  $01:A030: BD E9 05 LDA $05E9,X @ $0609 = #$B0
f377    c11198709    i47042576    A:B0 X:20 Y:04 S:DB P:NvUbdIzC  $01:A033: 8D 06 20 STA $2006 = #$94
f377    c11198713    i47042577    A:B0 X:20 Y:04 S:DB P:NvUbdIzC  $01:A036: BD EB 05 LDA $05EB,X @ $060B = #$63
f377    c11198718    i47042578    A:63 X:20 Y:04 S:DB P:nvUbdIzC  $01:A039: 8D 07 20 STA $2007 = #$00
f377    c11198726    i47042579    A:63 X:20 Y:04 S:DB P:nvUbdIzC  $01:A03C: E8       INX
f377    c11198728    i47042580    A:63 X:21 Y:04 S:DB P:nvUbdIzC  $01:A03D: 88       DEY
f377    c11198730    i47042581    A:63 X:21 Y:03 S:DB P:nvUbdIzC  $01:A03E: D0 F6    BNE $A036
f377    c11198733    i47042582    A:63 X:21 Y:03 S:DB P:nvUbdIzC  $01:A036: BD EB 05 LDA $05EB,X @ $060C = #$63
f377    c11198738    i47042583    A:63 X:21 Y:03 S:DB P:nvUbdIzC  $01:A039: 8D 07 20 STA $2007 = #$00
f377    c11198742    i47042584    A:63 X:21 Y:03 S:DB P:nvUbdIzC  $01:A03C: E8       INX
f377    c11198744    i47042585    A:63 X:22 Y:03 S:DB P:nvUbdIzC  $01:A03D: 88       DEY
f377    c11198746    i47042586    A:63 X:22 Y:02 S:DB P:nvUbdIzC  $01:A03E: D0 F6    BNE $A036
f377    c11198749    i47042587    A:63 X:22 Y:02 S:DB P:nvUbdIzC  $01:A036: BD EB 05 LDA $05EB,X @ $060D = #$63
f377    c11198754    i47042588    A:63 X:22 Y:02 S:DB P:nvUbdIzC  $01:A039: 8D 07 20 STA $2007 = #$00
f377    c11198758    i47042589    A:63 X:22 Y:02 S:DB P:nvUbdIzC  $01:A03C: E8       INX
f377    c11198760    i47042590    A:63 X:23 Y:02 S:DB P:nvUbdIzC  $01:A03D: 88       DEY
f377    c11198762    i47042591    A:63 X:23 Y:01 S:DB P:nvUbdIzC  $01:A03E: D0 F6    BNE $A036
f377    c11198765    i47042592    A:63 X:23 Y:01 S:DB P:nvUbdIzC  $01:A036: BD EB 05 LDA $05EB,X @ $060E = #$63
f377    c11198770    i47042593    A:63 X:23 Y:01 S:DB P:nvUbdIzC  $01:A039: 8D 07 20 STA $2007 = #$00
f377    c11198774    i47042594    A:63 X:23 Y:01 S:DB P:nvUbdIzC  $01:A03C: E8       INX
f377    c11198776    i47042595    A:63 X:24 Y:01 S:DB P:nvUbdIzC  $01:A03D: 88       DEY
f377    c11198778    i47042596    A:63 X:24 Y:00 S:DB P:nvUbdIZC  $01:A03E: D0 F6    BNE $A036
f377    c11198780    i47042597    A:63 X:24 Y:00 S:DB P:nvUbdIZC  $01:A040: E8       INX
f377    c11198782    i47042598    A:63 X:25 Y:00 S:DB P:nvUbdIzC  $01:A041: E8       INX
f377    c11198784    i47042599    A:63 X:26 Y:00 S:DB P:nvUbdIzC  $01:A042: E8       INX
f377    c11199602    i47042853    A:00 X:01 Y:07 S:DB P:nvUbdIzc  $01:A0ED: BD 15 40 LDA $4015,X @ $4016 = #$00
f377    c11199606    i47042854    A:40 X:01 Y:07 S:DB P:nvUbdIzc  $01:A0F0: 4A       LSR
f377    c11199608    i47042855    A:20 X:01 Y:07 S:DB P:nvUbdIzc  $01:A0F1: 26 3F    ROL $3F = #$00
f377    c11199613    i47042856    A:20 X:01 Y:07 S:DB P:nvUbdIZc  $01:A0F3: 29 01    AND #$01
f377    c11199615    i47042857    A:00 X:01 Y:07 S:DB P:nvUbdIZc  $01:A0F5: 05 3F    ORA $3F = #$00
f377    c11199618    i47042858    A:00 X:01 Y:07 S:DB P:nvUbdIZc  $01:A0F7: 85 3F    STA $3F = #$00
f377    c11199621    i47042859    A:00 X:01 Y:07 S:DB P:nvUbdIZc  $01:A0F9: 88       DEY
f377    c11199623    i47042860    A:00 X:01 Y:06 S:DB P:nvUbdIzc  $01:A0FA: D0 F1    BNE $A0ED
f377    c11199626    i47042861    A:00 X:01 Y:06 S:DB P:nvUbdIzc  $01:A0ED: BD 15 40 LDA $4015,X @ $4016 = #$00
f377    c11199630    i47042862    A:40 X:01 Y:06 S:DB P:nvUbdIzc  $01:A0F0: 4A       LSR
f377    c11199632    i47042863    A:20 X:01 Y:06 S:DB P:nvUbdIzc  $01:A0F1: 26 3F    ROL $3F = #$00
f377    c11199637    i47042864    A:20 X:01 Y:06 S:DB P:nvUbdIZc  $01:A0F3: 29 01    AND #$01
f377    c11199639    i47042865    A:00 X:01 Y:06 S:DB P:nvUbdIZc  $01:A0F5: 05 3F    ORA $3F = #$00
f377    c11199642    i47042866    A:00 X:01 Y:06 S:DB P:nvUbdIZc  $01:A0F7: 85 3F    STA $3F = #$00
f377    c11199645    i47042867    A:00 X:01 Y:06 S:DB P:nvUbdIZc  $01:A0F9: 88       DEY
f377    c11199647    i47042868    A:00 X:01 Y:05 S:DB P:nvUbdIzc  $01:A0FA: D0 F1    BNE $A0ED
f377    c11199650    i47042869    A:00 X:01 Y:05 S:DB P:nvUbdIzc  $01:A0ED: BD 15 40 LDA $4015,X @ $4016 = #$00
f377    c11199654    i47042870    A:40 X:01 Y:05 S:DB P:nvUbdIzc  $01:A0F0: 4A       LSR
f377    c11199656    i47042871    A:20 X:01 Y:05 S:DB P:nvUbdIzc  $01:A0F1: 26 3F    ROL $3F = #$00
f377    c11199661    i47042872    A:20 X:01 Y:05 S:DB P:nvUbdIZc  $01:A0F3: 29 01    AND #$01
f377    c11199663    i47042873    A:00 X:01 Y:05 S:DB P:nvUbdIZc  $01:A0F5: 05 3F    ORA $3F = #$00
f377    c11199666    i47042874    A:00 X:01 Y:05 S:DB P:nvUbdIZc  $01:A0F7: 85 3F    STA $3F = #$00
f377    c11199669    i47042875    A:00 X:01 Y:05 S:DB P:nvUbdIZc  $01:A0F9: 88       DEY
f377    c11199671    i47042876    A:00 X:01 Y:04 S:DB P:nvUbdIzc  $01:A0FA: D0 F1    BNE $A0ED
f377    c11199674    i47042877    A:00 X:01 Y:04 S:DB P:nvUbdIzc  $01:A0ED: BD 15 40 LDA $4015,X @ $4016 = #$00
f377    c11199678    i47042878    A:40 X:01 Y:04 S:DB P:nvUbdIzc  $01:A0F0: 4A       LSR
f377    c11199680    i47042879    A:20 X:01 Y:04 S:DB P:nvUbdIzc  $01:A0F1: 26 3F    ROL $3F = #$00
f377    c11199685    i47042880    A:20 X:01 Y:04 S:DB P:nvUbdIZc  $01:A0F3: 29 01    AND #$01
f377    c11199687    i47042881    A:00 X:01 Y:04 S:DB P:nvUbdIZc  $01:A0F5: 05 3F    ORA $3F = #$00
f377    c11199690    i47042882    A:00 X:01 Y:04 S:DB P:nvUbdIZc  $01:A0F7: 85 3F    STA $3F = #$00
f377    c11199693    i47042883    A:00 X:01 Y:04 S:DB P:nvUbdIZc  $01:A0F9: 88       DEY
f377    c11199695    i47042884    A:00 X:01 Y:03 S:DB P:nvUbdIzc  $01:A0FA: D0 F1    BNE $A0ED
f377    c11199698    i47042885    A:00 X:01 Y:03 S:DB P:nvUbdIzc  $01:A0ED: BD 15 40 LDA $4015,X @ $4016 = #$00
f377    c11199702    i47042886    A:40 X:01 Y:03 S:DB P:nvUbdIzc  $01:A0F0: 4A       LSR
f377    c11199704    i47042887    A:20 X:01 Y:03 S:DB P:nvUbdIzc  $01:A0F1: 26 3F    ROL $3F = #$00
f377    c11199709    i47042888    A:20 X:01 Y:03 S:DB P:nvUbdIZc  $01:A0F3: 29 01    AND #$01
f377    c11199711    i47042889    A:00 X:01 Y:03 S:DB P:nvUbdIZc  $01:A0F5: 05 3F    ORA $3F = #$00
f377    c11199714    i47042890    A:00 X:01 Y:03 S:DB P:nvUbdIZc  $01:A0F7: 85 3F    STA $3F = #$00
f377    c11199717    i47042891    A:00 X:01 Y:03 S:DB P:nvUbdIZc  $01:A0F9: 88       DEY
f377    c11199719    i47042892    A:00 X:01 Y:02 S:DB P:nvUbdIzc  $01:A0FA: D0 F1    BNE $A0ED
f377    c11199722    i47042893    A:00 X:01 Y:02 S:DB P:nvUbdIzc  $01:A0ED: BD 15 40 LDA $4015,X @ $4016 = #$00
f377    c11199726    i47042894    A:40 X:01 Y:02 S:DB P:nvUbdIzc  $01:A0F0: 4A       LSR
f378    c11228430    i47051939    A:DE X:1C Y:01 S:DB P:NvUbdIzC  $01:A036: BD EB 05 LDA $05EB,X @ $0607 = #$FF
f378    c11228435    i47051940    A:FF X:1C Y:01 S:DB P:NvUbdIzC  $01:A039: 8D 07 20 STA $2007 = #$00
f378    c11228439    i47051941    A:FF X:1C Y:01 S:DB P:NvUbdIzC  $01:A03C: E8       INX
f378    c11228441    i47051942    A:FF X:1D Y:01 S:DB P:nvUbdIzC  $01:A03D: 88       DEY
f378    c11228443    i47051943    A:FF X:1D Y:00 S:DB P:nvUbdIZC  $01:A03E: D0 F6    BNE $A036
f378    c11228445    i47051944    A:FF X:1D Y:00 S:DB P:nvUbdIZC  $01:A040: E8       INX
f378    c11228447    i47051945    A:FF X:1E Y:00 S:DB P:nvUbdIzC  $01:A041: E8       INX
f378    c11228449    i47051946    A:FF X:1F Y:00 S:DB P:nvUbdIzC  $01:A042: E8       INX
f378    c11228451    i47051947    A:FF X:20 Y:00 S:DB P:nvUbdIzC  $01:A043: BD E8 05 LDA $05E8,X @ $0608 = #$04
f378    c11228456    i47051948    A:04 X:20 Y:00 S:DB P:nvUbdIzC  $01:A046: D0 D3    BNE $A01B
f378    c11228459    i47051949    A:04 X:20 Y:00 S:DB P:nvUbdIzC  $01:A01B: A0 80    LDY #$80
f378    c11228461    i47051950    A:04 X:20 Y:80 S:DB P:NvUbdIzC  $01:A01D: BD E8 05 LDA $05E8,X @ $0608 = #$04
f378    c11228466    i47051951    A:04 X:20 Y:80 S:DB P:nvUbdIzC  $01:A020: 10 04    BPL $A026
f378    c11228469    i47051952    A:04 X:20 Y:80 S:DB P:nvUbdIzC  $01:A026: 8C 00 20 STY $2000 = #$80
f378    c11228473    i47051953    A:04 X:20 Y:80 S:DB P:nvUbdIzC  $01:A029: A8       TAY
f378    c11228475    i47051954    A:04 X:20 Y:04 S:DB P:nvUbdIzC  $01:A02A: BD EA 05 LDA $05EA,X @ $060A = #$25
f378    c11228480    i47051955    A:25 X:20 Y:04 S:DB P:nvUbdIzC  $01:A02D: 8D 06 20 STA $2006 = #$DF
f378    c11228484    i47051956    A:25 X:20 Y:04 S:DB P:nvUbdIzC  $01:A030: BD E9 05 LDA $05E9,X @ $0609 = #$98
f378    c11228489    i47051957    A:98 X:20 Y:04 S:DB P:NvUbdIzC  $01:A033: 8D 06 20 STA $2006 = #$DF
f378    c11228493    i47051958    A:98 X:20 Y:04 S:DB P:NvUbdIzC  $01:A036: BD EB 05 LDA $05EB,X @ $060B = #$61
f378    c11228498    i47051959    A:61 X:20 Y:04 S:DB P:nvUbdIzC  $01:A039: 8D 07 20 STA $2007 = #$00
f378    c11228502    i47051960    A:61 X:20 Y:04 S:DB P:nvUbdIzC  $01:A03C: E8       INX
f378    c11228504    i47051961    A:61 X:21 Y:04 S:DB P:nvUbdIzC  $01:A03D: 88       DEY
f378    c11228506    i47051962    A:61 X:21 Y:03 S:DB P:nvUbdIzC  $01:A03E: D0 F6    BNE $A036
f378    c11228509    i47051963    A:61 X:21 Y:03 S:DB P:nvUbdIzC  $01:A036: BD EB 05 LDA $05EB,X @ $060C = #$61
f378    c11228514    i47051964    A:61 X:21 Y:03 S:DB P:nvUbdIzC  $01:A039: 8D 07 20 STA $2007 = #$00
f378    c11228518    i47051965    A:61 X:21 Y:03 S:DB P:nvUbdIzC  $01:A03C: E8       INX
f378    c11228520    i47051966    A:61 X:22 Y:03 S:DB P:nvUbdIzC  $01:A03D: 88       DEY
f378    c11228522    i47051967    A:61 X:22 Y:02 S:DB P:nvUbdIzC  $01:A03E: D0 F6    BNE $A036
f378    c11228525    i47051968    A:61 X:22 Y:02 S:DB P:nvUbdIzC  $01:A036: BD EB 05 LDA $05EB,X @ $060D = #$61
f378    c11228534    i47051969    A:61 X:22 Y:02 S:DB P:nvUbdIzC  $01:A039: 8D 07 20 STA $2007 = #$00
f378    c11228538    i47051970    A:61 X:22 Y:02 S:DB P:nvUbdIzC  $01:A03C: E8       INX
f378    c11228540    i47051971    A:61 X:23 Y:02 S:DB P:nvUbdIzC  $01:A03D: 88       DEY
f378    c11228542    i47051972    A:61 X:23 Y:01 S:DB P:nvUbdIzC  $01:A03E: D0 F6    BNE $A036
f378    c11228545    i47051973    A:61 X:23 Y:01 S:DB P:nvUbdIzC  $01:A036: BD EB 05 LDA $05EB,X @ $060E = #$61
f378    c11228550    i47051974    A:61 X:23 Y:01 S:DB P:nvUbdIzC  $01:A039: 8D 07 20 STA $2007 = #$00
f378    c11228554    i47051975    A:61 X:23 Y:01 S:DB P:nvUbdIzC  $01:A03C: E8       INX
f378    c11228556    i47051976    A:61 X:24 Y:01 S:DB P:nvUbdIzC  $01:A03D: 88       DEY
f378    c11228558    i47051977    A:61 X:24 Y:00 S:DB P:nvUbdIZC  $01:A03E: D0 F6    BNE $A036
f378    c11228560    i47051978    A:61 X:24 Y:00 S:DB P:nvUbdIZC  $01:A040: E8       INX
f378    c11228562    i47051979    A:61 X:25 Y:00 S:DB P:nvUbdIzC  $01:A041: E8       INX
f378    c11228564    i47051980    A:61 X:26 Y:00 S:DB P:nvUbdIzC  $01:A042: E8       INX
f379    c11258492    i47061565    A:00 X:02 Y:08 S:E7 P:nvUbdIzc  $01:A0ED: BD 15 40 LDA $4015,X @ $4017 = #$01
f379    c11258496    i47061566    A:40 X:02 Y:08 S:E7 P:nvUbdIzc  $01:A0F0: 4A       LSR
f379    c11258498    i47061567    A:20 X:02 Y:08 S:E7 P:nvUbdIzc  $01:A0F1: 26 3F    ROL $3F = #$00
f379    c11258503    i47061568    A:20 X:02 Y:08 S:E7 P:nvUbdIZc  $01:A0F3: 29 01    AND #$01
f379    c11258505    i47061569    A:00 X:02 Y:08 S:E7 P:nvUbdIZc  $01:A0F5: 05 3F    ORA $3F = #$00
f379    c11258508    i47061570    A:00 X:02 Y:08 S:E7 P:nvUbdIZc  $01:A0F7: 85 3F    STA $3F = #$00
f379    c11258511    i47061571    A:00 X:02 Y:08 S:E7 P:nvUbdIZc  $01:A0F9: 88       DEY
f379    c11258513    i47061572    A:00 X:02 Y:07 S:E7 P:nvUbdIzc  $01:A0FA: D0 F1    BNE $A0ED
f379    c11258516    i47061573    A:00 X:02 Y:07 S:E7 P:nvUbdIzc  $01:A0ED: BD 15 40 LDA $4015,X @ $4017 = #$01
f379    c11258520    i47061574    A:40 X:02 Y:07 S:E7 P:nvUbdIzc  $01:A0F0: 4A       LSR
f379    c11258522    i47061575    A:20 X:02 Y:07 S:E7 P:nvUbdIzc  $01:A0F1: 26 3F    ROL $3F = #$00
f379    c11258527    i47061576    A:20 X:02 Y:07 S:E7 P:nvUbdIZc  $01:A0F3: 29 01    AND #$01
f379    c11258529    i47061577    A:00 X:02 Y:07 S:E7 P:nvUbdIZc  $01:A0F5: 05 3F    ORA $3F = #$00
f379    c11258532    i47061578    A:00 X:02 Y:07 S:E7 P:nvUbdIZc  $01:A0F7: 85 3F    STA $3F = #$00
f379    c11258535    i47061579    A:00 X:02 Y:07 S:E7 P:nvUbdIZc  $01:A0F9: 88       DEY
f379    c11258537    i47061580    A:00 X:02 Y:06 S:E7 P:nvUbdIzc  $01:A0FA: D0 F1    BNE $A0ED
f379    c11258540    i47061581    A:00 X:02 Y:06 S:E7 P:nvUbdIzc  $01:A0ED: BD 15 40 LDA $4015,X @ $4017 = #$01
f379    c11258544    i47061582    A:40 X:02 Y:06 S:E7 P:nvUbdIzc  $01:A0F0: 4A       LSR
f379    c11258546    i47061583    A:20 X:02 Y:06 S:E7 P:nvUbdIzc  $01:A0F1: 26 3F    ROL $3F = #$00
f379    c11258551    i47061584    A:20 X:02 Y:06 S:E7 P:nvUbdIZc  $01:A0F3: 29 01    AND #$01
f379    c11258553    i47061585    A:00 X:02 Y:06 S:E7 P:nvUbdIZc  $01:A0F5: 05 3F    ORA $3F = #$00
f379    c11258556    i47061586    A:00 X:02 Y:06 S:E7 P:nvUbdIZc  $01:A0F7: 85 3F    STA $3F = #$00
f379    c11258559    i47061587    A:00 X:02 Y:06 S:E7 P:nvUbdIZc  $01:A0F9: 88       DEY
f379    c11258561    i47061588    A:00 X:02 Y:05 S:E7 P:nvUbdIzc  $01:A0FA: D0 F1    BNE $A0ED
f379    c11258564    i47061589    A:00 X:02 Y:05 S:E7 P:nvUbdIzc  $01:A0ED: BD 15 40 LDA $4015,X @ $4017 = #$01
f379    c11258568    i47061590    A:40 X:02 Y:05 S:E7 P:nvUbdIzc  $01:A0F0: 4A       LSR
f379    c11258570    i47061591    A:20 X:02 Y:05 S:E7 P:nvUbdIzc  $01:A0F1: 26 3F    ROL $3F = #$00
f379    c11258575    i47061592    A:20 X:02 Y:05 S:E7 P:nvUbdIZc  $01:A0F3: 29 01    AND #$01
f379    c11258577    i47061593    A:00 X:02 Y:05 S:E7 P:nvUbdIZc  $01:A0F5: 05 3F    ORA $3F = #$00
f379    c11258580    i47061594    A:00 X:02 Y:05 S:E7 P:nvUbdIZc  $01:A0F7: 85 3F    STA $3F = #$00
f379    c11258583    i47061595    A:00 X:02 Y:05 S:E7 P:nvUbdIZc  $01:A0F9: 88       DEY
f379    c11258585    i47061596    A:00 X:02 Y:04 S:E7 P:nvUbdIzc  $01:A0FA: D0 F1    BNE $A0ED
f379    c11258588    i47061597    A:00 X:02 Y:04 S:E7 P:nvUbdIzc  $01:A0ED: BD 15 40 LDA $4015,X @ $4017 = #$01
f379    c11258592    i47061598    A:40 X:02 Y:04 S:E7 P:nvUbdIzc  $01:A0F0: 4A       LSR
f379    c11258594    i47061599    A:20 X:02 Y:04 S:E7 P:nvUbdIzc  $01:A0F1: 26 3F    ROL $3F = #$00
f379    c11258599    i47061600    A:20 X:02 Y:04 S:E7 P:nvUbdIZc  $01:A0F3: 29 01    AND #$01
f379    c11258601    i47061601    A:00 X:02 Y:04 S:E7 P:nvUbdIZc  $01:A0F5: 05 3F    ORA $3F = #$00
f379    c11258604    i47061602    A:00 X:02 Y:04 S:E7 P:nvUbdIZc  $01:A0F7: 85 3F    STA $3F = #$00
f379    c11258607    i47061603    A:00 X:02 Y:04 S:E7 P:nvUbdIZc  $01:A0F9: 88       DEY
f379    c11258609    i47061604    A:00 X:02 Y:03 S:E7 P:nvUbdIzc  $01:A0FA: D0 F1    BNE $A0ED
f379    c11258612    i47061605    A:00 X:02 Y:03 S:E7 P:nvUbdIzc  $01:A0ED: BD 15 40 LDA $4015,X @ $4017 = #$01
f379    c11258616    i47061606    A:40 X:02 Y:03 S:E7 P:nvUbdIzc  $01:A0F0: 4A       LSR
f379    c11266373    i47063939    A:00 X:0F Y:04 S:4C P:nvUbdiZc  $00:9AA8: B9 2A 06 LDA $062A,Y @ $062E = #$0F
f379    c11266377    i47063940    A:0F X:0F Y:04 S:4C P:nvUbdizc  $00:9AAB: 29 0F    AND #$0F
f379    c11266379    i47063941    A:0F X:0F Y:04 S:4C P:nvUbdizc  $00:9AAD: 05 E6    ORA $E6 = #$00
f379    c11266382    i47063942    A:0F X:0F Y:04 S:4C P:nvUbdizc  $00:9AAF: A6 E7    LDX $E7 = #$07
f379    c11266385    i47063943    A:0F X:07 Y:04 S:4C P:nvUbdizc  $00:9AB1: 9D E8 05 STA $05E8,X @ $05EF = #$61
f379    c11266390    i47063944    A:0F X:07 Y:04 S:4C P:nvUbdizc  $00:9AB4: E6 E7    INC $E7 = #$07
f379    c11266395    i47063945    A:0F X:07 Y:04 S:4C P:nvUbdizc  $00:9AB6: C8       INY
f379    c11266397    i47063946    A:0F X:07 Y:05 S:4C P:nvUbdizc  $00:9AB7: 60       RTS (from $9AA2)
f379    c11266403    i47063947    A:0F X:07 Y:05 S:4E P:nvUbdizc  $00:9A89: C0 10    CPY #$10
f379    c11266405    i47063948    A:0F X:07 Y:05 S:4E P:NvUbdizc  $00:9A8B: D0 F1    BNE $9A7E
f379    c11266408    i47063949    A:0F X:07 Y:05 S:4E P:NvUbdizc  $00:9A7E: B9 2A 06 LDA $062A,Y @ $062F = #$36
f379    c11266412    i47063950    A:36 X:07 Y:05 S:4E P:nvUbdizc  $00:9A81: 29 30    AND #$30
f379    c11266414    i47063951    A:30 X:07 Y:05 S:4E P:nvUbdizc  $00:9A83: 18       CLC
f379    c11266416    i47063952    A:30 X:07 Y:05 S:4E P:nvUbdizc  $00:9A84: 65 4A    ADC $4A = #$0F
f379    c11266419    i47063953    A:3F X:07 Y:05 S:4E P:nvUbdizc  $00:9A86: 20 A2 9A JSR $9AA2
f379    c11266425    i47063954    A:3F X:07 Y:05 S:4C P:nvUbdizc  $00:9AA2: AA       TAX
f379    c11266427    i47063955    A:3F X:3F Y:05 S:4C P:nvUbdizc  $00:9AA3: BD A2 9E LDA $9EA2,X @ $9EE1 = #$30
f379    c11266431    i47063956    A:30 X:3F Y:05 S:4C P:nvUbdizc  $00:9AA6: 85 E6    STA $E6 = #$00
f379    c11266434    i47063957    A:30 X:3F Y:05 S:4C P:nvUbdizc  $00:9AA8: B9 2A 06 LDA $062A,Y @ $062F = #$36
f379    c11266438    i47063958    A:36 X:3F Y:05 S:4C P:nvUbdizc  $00:9AAB: 29 0F    AND #$0F
f379    c11266440    i47063959    A:06 X:3F Y:05 S:4C P:nvUbdizc  $00:9AAD: 05 E6    ORA $E6 = #$30
f379    c11266443    i47063960    A:36 X:3F Y:05 S:4C P:nvUbdizc  $00:9AAF: A6 E7    LDX $E7 = #$08
f379    c11266446    i47063961    A:36 X:08 Y:05 S:4C P:nvUbdizc  $00:9AB1: 9D E8 05 STA $05E8,X @ $05F0 = #$61
f379    c11266451    i47063962    A:36 X:08 Y:05 S:4C P:nvUbdizc  $00:9AB4: E6 E7    INC $E7 = #$08
f379    c11266456    i47063963    A:36 X:08 Y:05 S:4C P:nvUbdizc  $00:9AB6: C8       INY
f379    c11266458    i47063964    A:36 X:08 Y:06 S:4C P:nvUbdizc  $00:9AB7: 60       RTS (from $9AA2)
f379    c11266464    i47063965    A:36 X:08 Y:06 S:4E P:nvUbdizc  $00:9A89: C0 10    CPY #$10
f379    c11266466    i47063966    A:36 X:08 Y:06 S:4E P:NvUbdizc  $00:9A8B: D0 F1    BNE $9A7E
f379    c11266469    i47063967    A:36 X:08 Y:06 S:4E P:NvUbdizc  $00:9A7E: B9 2A 06 LDA $062A,Y @ $0630 = #$25
f379    c11266473    i47063968    A:25 X:08 Y:06 S:4E P:nvUbdizc  $00:9A81: 29 30    AND #$30
f379    c11266475    i47063969    A:20 X:08 Y:06 S:4E P:nvUbdizc  $00:9A83: 18       CLC
f379    c11266477    i47063970    A:20 X:08 Y:06 S:4E P:nvUbdizc  $00:9A84: 65 4A    ADC $4A = #$0F
f379    c11266480    i47063971    A:2F X:08 Y:06 S:4E P:nvUbdizc  $00:9A86: 20 A2 9A JSR $9AA2
f379    c11266486    i47063972    A:2F X:08 Y:06 S:4C P:nvUbdizc  $00:9AA2: AA       TAX
f379    c11266488    i47063973    A:2F X:2F Y:06 S:4C P:nvUbdizc  $00:9AA3: BD A2 9E LDA $9EA2,X @ $9ED1 = #$20
f379    c11266492    i47063974    A:20 X:2F Y:06 S:4C P:nvUbdizc  $00:9AA6: 85 E6    STA $E6 = #$30
f379    c11266495    i47063975    A:20 X:2F Y:06 S:4C P:nvUbdizc  $00:9AA8: B9 2A 06 LDA $062A,Y @ $0630 = #$25
f379    c11266499    i47063976    A:25 X:2F Y:06 S:4C P:nvUbdizc  $00:9AAB: 29 0F    AND #$0F
f379    c11266501    i47063977    A:05 X:2F Y:06 S:4C P:nvUbdizc  $00:9AAD: 05 E6    ORA $E6 = #$20
f379    c11266504    i47063978    A:25 X:2F Y:06 S:4C P:nvUbdizc  $00:9AAF: A6 E7    LDX $E7 = #$09
f379    c11266507    i47063979    A:25 X:09 Y:06 S:4C P:nvUbdizc  $00:9AB1: 9D E8 05 STA $05E8,X @ $05F1 = #$61
f379    c11267378    i47064232    A:0F X:0F Y:11 S:4C P:nvUbdizc  $00:9AA3: BD A2 9E LDA $9EA2,X @ $9EB1 = #$00
f379    c11267382    i47064233    A:00 X:0F Y:11 S:4C P:nvUbdiZc  $00:9AA6: 85 E6    STA $E6 = #$00
f379    c11267385    i47064234    A:00 X:0F Y:11 S:4C P:nvUbdiZc  $00:9AA8: B9 2A 06 LDA $062A,Y @ $063B = #$0F
f379    c11267389    i47064235    A:0F X:0F Y:11 S:4C P:nvUbdizc  $00:9AAB: 29 0F    AND #$0F
f379    c11267391    i47064236    A:0F X:0F Y:11 S:4C P:nvUbdizc  $00:9AAD: 05 E6    ORA $E6 = #$00
f379    c11267394    i47064237    A:0F X:0F Y:11 S:4C P:nvUbdizc  $00:9AAF: A6 E7    LDX $E7 = #$14
f379    c11267397    i47064238    A:0F X:14 Y:11 S:4C P:nvUbdizc  $00:9AB1: 9D E8 05 STA $05E8,X @ $05FC = #$25
f379    c11267402    i47064239    A:0F X:14 Y:11 S:4C P:nvUbdizc  $00:9AB4: E6 E7    INC $E7 = #$14
f379    c11267407    i47064240    A:0F X:14 Y:11 S:4C P:nvUbdizc  $00:9AB6: C8       INY
f379    c11267413    i47064241    A:0F X:14 Y:12 S:4C P:nvUbdizc  $00:9AB7: 60       RTS (from $9AA2)
f379    c11267419    i47064242    A:0F X:14 Y:12 S:4E P:nvUbdizc  $00:9A98: C0 20    CPY #$20
f379    c11267421    i47064243    A:0F X:14 Y:12 S:4E P:NvUbdizc  $00:9A9A: D0 F1    BNE $9A8D
f379    c11267424    i47064244    A:0F X:14 Y:12 S:4E P:NvUbdizc  $00:9A8D: B9 2A 06 LDA $062A,Y @ $063C = #$0F
f379    c11267428    i47064245    A:0F X:14 Y:12 S:4E P:nvUbdizc  $00:9A90: 29 30    AND #$30
f379    c11267430    i47064246    A:00 X:14 Y:12 S:4E P:nvUbdiZc  $00:9A92: 18       CLC
f379    c11267432    i47064247    A:00 X:14 Y:12 S:4E P:nvUbdiZc  $00:9A93: 65 4B    ADC $4B = #$0F
f379    c11267435    i47064248    A:0F X:14 Y:12 S:4E P:nvUbdizc  $00:9A95: 20 A2 9A JSR $9AA2
f379    c11267441    i47064249    A:0F X:14 Y:12 S:4C P:nvUbdizc  $00:9AA2: AA       TAX
f379    c11267443    i47064250    A:0F X:0F Y:12 S:4C P:nvUbdizc  $00:9AA3: BD A2 9E LDA $9EA2,X @ $9EB1 = #$00
f379    c11267447    i47064251    A:00 X:0F Y:12 S:4C P:nvUbdiZc  $00:9AA6: 85 E6    STA $E6 = #$00
f379    c11267450    i47064252    A:00 X:0F Y:12 S:4C P:nvUbdiZc  $00:9AA8: B9 2A 06 LDA $062A,Y @ $063C = #$0F
f379    c11267454    i47064253    A:0F X:0F Y:12 S:4C P:nvUbdizc  $00:9AAB: 29 0F    AND #$0F
f379    c11267456    i47064254    A:0F X:0F Y:12 S:4C P:nvUbdizc  $00:9AAD: 05 E6    ORA $E6 = #$00
f379    c11267459    i47064255    A:0F X:0F Y:12 S:4C P:nvUbdizc  $00:9AAF: A6 E7    LDX $E7 = #$15
f379    c11267462    i47064256    A:0F X:15 Y:12 S:4C P:nvUbdizc  $00:9AB1: 9D E8 05 STA $05E8,X @ $05FD = #$69
f379    c11267467    i47064257    A:0F X:15 Y:12 S:4C P:nvUbdizc  $00:9AB4: E6 E7    INC $E7 = #$15
f379    c11267472    i47064258    A:0F X:15 Y:12 S:4C P:nvUbdizc  $00:9AB6: C8       INY
f379    c11267474    i47064259    A:0F X:15 Y:13 S:4C P:nvUbdizc  $00:9AB7: 60       RTS (from $9AA2)
f379    c11267480    i47064260    A:0F X:15 Y:13 S:4E P:nvUbdizc  $00:9A98: C0 20    CPY #$20
f379    c11267482    i47064261    A:0F X:15 Y:13 S:4E P:NvUbdizc  $00:9A9A: D0 F1    BNE $9A8D
f379    c11267485    i47064262    A:0F X:15 Y:13 S:4E P:NvUbdizc  $00:9A8D: B9 2A 06 LDA $062A,Y @ $063D = #$36
f379    c11267489    i47064263    A:36 X:15 Y:13 S:4E P:nvUbdizc  $00:9A90: 29 30    AND #$30
f379    c11267491    i47064264    A:30 X:15 Y:13 S:4E P:nvUbdizc  $00:9A92: 18       CLC
f379    c11267493    i47064265    A:30 X:15 Y:13 S:4E P:nvUbdizc  $00:9A93: 65 4B    ADC $4B = #$0F
f379    c11267496    i47064266    A:3F X:15 Y:13 S:4E P:nvUbdizc  $00:9A95: 20 A2 9A JSR $9AA2
f379    c11267502    i47064267    A:3F X:15 Y:13 S:4C P:nvUbdizc  $00:9AA2: AA       TAX
f379    c11267504    i47064268    A:3F X:3F Y:13 S:4C P:nvUbdizc  $00:9AA3: BD A2 9E LDA $9EA2,X @ $9EE1 = #$30
f379    c11267508    i47064269    A:30 X:3F Y:13 S:4C P:nvUbdizc  $00:9AA6: 85 E6    STA $E6 = #$00
f379    c11267511    i47064270    A:30 X:3F Y:13 S:4C P:nvUbdizc  $00:9AA8: B9 2A 06 LDA $062A,Y @ $063D = #$36
f379    c11267515    i47064271    A:36 X:3F Y:13 S:4C P:nvUbdizc  $00:9AAB: 29 0F    AND #$0F
f379    c11267517    i47064272    A:06 X:3F Y:13 S:4C P:nvUbdizc  $00:9AAD: 05 E6    ORA $E6 = #$30
f380    c11297938    i47073823    A:85 X:68 Y:10 S:C8 P:NvUbdizC  $00:91E1: 10 08    BPL $91EB
f380    c11297940    i47073824    A:85 X:68 Y:10 S:C8 P:NvUbdizC  $00:91E3: BD 6A 04 LDA $046A,X @ $04D2 = #$46
f380    c11297944    i47073825    A:46 X:68 Y:10 S:C8 P:nvUbdizC  $00:91E6: 49 04    EOR #$04
f380    c11297946    i47073826    A:42 X:68 Y:10 S:C8 P:nvUbdizC  $00:91E8: 9D 6A 04 STA $046A,X @ $04D2 = #$46
f380    c11297951    i47073827    A:42 X:68 Y:10 S:C8 P:nvUbdizC  $00:91EB: 8A       TXA
f380    c11297953    i47073828    A:68 X:68 Y:10 S:C8 P:nvUbdizC  $00:91EC: 18       CLC
f380    c11297955    i47073829    A:68 X:68 Y:10 S:C8 P:nvUbdizc  $00:91ED: 69 04    ADC #$04
f380    c11297957    i47073830    A:6C X:68 Y:10 S:C8 P:nvUbdizc  $00:91EF: AA       TAX
f380    c11297959    i47073831    A:6C X:6C Y:10 S:C8 P:nvUbdizc  $00:91F0: 88       DEY
f380    c11297961    i47073832    A:6C X:6C Y:0F S:C8 P:nvUbdizc  $00:91F1: D0 CC    BNE $91BF
f380    c11297964    i47073833    A:6C X:6C Y:0F S:C8 P:nvUbdizc  $00:91BF: A5 E6    LDA $E6 = #$00
f380    c11297967    i47073834    A:00 X:6C Y:0F S:C8 P:nvUbdiZc  $00:91C1: 18       CLC
f380    c11297969    i47073835    A:00 X:6C Y:0F S:C8 P:nvUbdiZc  $00:91C2: 7D 68 04 ADC $0468,X @ $04D4 = #$44
f380    c11297973    i47073836    A:44 X:6C Y:0F S:C8 P:nvUbdizc  $00:91C5: 9D 68 04 STA $0468,X @ $04D4 = #$44
f380    c11297978    i47073837    A:44 X:6C Y:0F S:C8 P:nvUbdizc  $00:91C8: 6A       ROR
f380    c11297980    i47073838    A:22 X:6C Y:0F S:C8 P:nvUbdizc  $00:91C9: 45 E6    EOR $E6 = #$00
f380    c11297983    i47073839    A:22 X:6C Y:0F S:C8 P:nvUbdizc  $00:91CB: 10 08    BPL $91D5
f380    c11297986    i47073840    A:22 X:6C Y:0F S:C8 P:nvUbdizc  $00:91D5: A5 E8    LDA $E8 = #$05
f380    c11297989    i47073841    A:05 X:6C Y:0F S:C8 P:nvUbdizc  $00:91D7: 18       CLC
f380    c11297991    i47073842    A:05 X:6C Y:0F S:C8 P:nvUbdizc  $00:91D8: 7D 6B 04 ADC $046B,X @ $04D7 = #$F4
f380    c11297995    i47073843    A:F9 X:6C Y:0F S:C8 P:NvUbdizc  $00:91DB: 9D 6B 04 STA $046B,X @ $04D7 = #$F4
f380    c11298000    i47073844    A:F9 X:6C Y:0F S:C8 P:NvUbdizc  $00:91DE: 6A       ROR
f380    c11298002    i47073845    A:7C X:6C Y:0F S:C8 P:nvUbdizC  $00:91DF: 45 E8    EOR $E8 = #$05
f380    c11298005    i47073846    A:79 X:6C Y:0F S:C8 P:nvUbdizC  $00:91E1: 10 08    BPL $91EB
f380    c11298008    i47073847    A:79 X:6C Y:0F S:C8 P:nvUbdizC  $00:91EB: 8A       TXA
f380    c11298010    i47073848    A:6C X:6C Y:0F S:C8 P:nvUbdizC  $00:91EC: 18       CLC
f380    c11298012    i47073849    A:6C X:6C Y:0F S:C8 P:nvUbdizc  $00:91ED: 69 04    ADC #$04
f380    c11298014    i47073850    A:70 X:6C Y:0F S:C8 P:nvUbdizc  $00:91EF: AA       TAX
f380    c11298016    i47073851    A:70 X:70 Y:0F S:C8 P:nvUbdizc  $00:91F0: 88       DEY
f380    c11298018    i47073852    A:70 X:70 Y:0E S:C8 P:nvUbdizc  $00:91F1: D0 CC    BNE $91BF
f380    c11298021    i47073853    A:70 X:70 Y:0E S:C8 P:nvUbdizc  $00:91BF: A5 E6    LDA $E6 = #$00
f380    c11298024    i47073854    A:00 X:70 Y:0E S:C8 P:nvUbdiZc  $00:91C1: 18       CLC
f380    c11298026    i47073855    A:00 X:70 Y:0E S:C8 P:nvUbdiZc  $00:91C2: 7D 68 04 ADC $0468,X @ $04D8 = #$4C
f380    c11298030    i47073856    A:4C X:70 Y:0E S:C8 P:nvUbdizc  $00:91C5: 9D 68 04 STA $0468,X @ $04D8 = #$4C
f380    c11298035    i47073857    A:4C X:70 Y:0E S:C8 P:nvUbdizc  $00:91C8: 6A       ROR
f380    c11298037    i47073858    A:26 X:70 Y:0E S:C8 P:nvUbdizc  $00:91C9: 45 E6    EOR $E6 = #$00
f380    c11298040    i47073859    A:26 X:70 Y:0E S:C8 P:nvUbdizc  $00:91CB: 10 08    BPL $91D5
f380    c11298043    i47073860    A:26 X:70 Y:0E S:C8 P:nvUbdizc  $00:91D5: A5 E8    LDA $E8 = #$05
f380    c11298046    i47073861    A:05 X:70 Y:0E S:C8 P:nvUbdizc  $00:91D7: 18       CLC
f380    c11298048    i47073862    A:05 X:70 Y:0E S:C8 P:nvUbdizc  $00:91D8: 7D 6B 04 ADC $046B,X @ $04DB = #$F9
f380    c11298052    i47073863    A:FE X:70 Y:0E S:C8 P:NvUbdizc  $00:91DB: 9D 6B 04 STA $046B,X @ $04DB = #$F9
f380    c11298057    i47073864    A:FE X:70 Y:0E S:C8 P:NvUbdizc  $00:91DE: 6A       ROR
f380    c11313576    i47079103    A:1F X:1F Y:02 S:EC P:nvUbdizc  $00:9AA3: BD A2 9E LDA $9EA2,X @ $9EC1 = #$10
f380    c11313580    i47079104    A:10 X:1F Y:02 S:EC P:nvUbdizc  $00:9AA6: 85 E6    STA $E6 = #$10
f380    c11313583    i47079105    A:10 X:1F Y:02 S:EC P:nvUbdizc  $00:9AA8: B9 2A 06 LDA $062A,Y @ $062C = #$18
f380    c11313587    i47079106    A:18 X:1F Y:02 S:EC P:nvUbdizc  $00:9AAB: 29 0F    AND #$0F
f380    c11313589    i47079107    A:08 X:1F Y:02 S:EC P:nvUbdizc  $00:9AAD: 05 E6    ORA $E6 = #$10
f380    c11313592    i47079108    A:18 X:1F Y:02 S:EC P:nvUbdizc  $00:9AAF: A6 E7    LDX $E7 = #$1A
f380    c11313595    i47079109    A:18 X:1A Y:02 S:EC P:nvUbdizc  $00:9AB1: 9D E8 05 STA $05E8,X @ $0602 = #$36
f380    c11313600    i47079110    A:18 X:1A Y:02 S:EC P:nvUbdizc  $00:9AB4: E6 E7    INC $E7 = #$1A
f380    c11313605    i47079111    A:18 X:1A Y:02 S:EC P:nvUbdizc  $00:9AB6: C8       INY
f380    c11313607    i47079112    A:18 X:1A Y:03 S:EC P:nvUbdizc  $00:9AB7: 60       RTS (from $9AA2)
f380    c11313613    i47079113    A:18 X:1A Y:03 S:EE P:nvUbdizc  $00:9A89: C0 10    CPY #$10
f380    c11313615    i47079114    A:18 X:1A Y:03 S:EE P:NvUbdizc  $00:9A8B: D0 F1    BNE $9A7E
f380    c11313618    i47079115    A:18 X:1A Y:03 S:EE P:NvUbdizc  $00:9A7E: B9 2A 06 LDA $062A,Y @ $062D = #$30
f380    c11313622    i47079116    A:30 X:1A Y:03 S:EE P:nvUbdizc  $00:9A81: 29 30    AND #$30
f380    c11313624    i47079117    A:30 X:1A Y:03 S:EE P:nvUbdizc  $00:9A83: 18       CLC
f380    c11313626    i47079118    A:30 X:1A Y:03 S:EE P:nvUbdizc  $00:9A84: 65 4A    ADC $4A = #$0F
f380    c11313629    i47079119    A:3F X:1A Y:03 S:EE P:nvUbdizc  $00:9A86: 20 A2 9A JSR $9AA2
f380    c11313635    i47079120    A:3F X:1A Y:03 S:EC P:nvUbdizc  $00:9AA2: AA       TAX
f380    c11313637    i47079121    A:3F X:3F Y:03 S:EC P:nvUbdizc  $00:9AA3: BD A2 9E LDA $9EA2,X @ $9EE1 = #$30
f380    c11313641    i47079122    A:30 X:3F Y:03 S:EC P:nvUbdizc  $00:9AA6: 85 E6    STA $E6 = #$10
f380    c11313644    i47079123    A:30 X:3F Y:03 S:EC P:nvUbdizc  $00:9AA8: B9 2A 06 LDA $062A,Y @ $062D = #$30
f380    c11313648    i47079124    A:30 X:3F Y:03 S:EC P:nvUbdizc  $00:9AAB: 29 0F    AND #$0F
f380    c11313650    i47079125    A:00 X:3F Y:03 S:EC P:nvUbdiZc  $00:9AAD: 05 E6    ORA $E6 = #$30
f380    c11313653    i47079126    A:30 X:3F Y:03 S:EC P:nvUbdizc  $00:9AAF: A6 E7    LDX $E7 = #$1B
f380    c11313656    i47079127    A:30 X:1B Y:03 S:EC P:nvUbdizc  $00:9AB1: 9D E8 05 STA $05E8,X @ $0603 = #$0F
f380    c11313661    i47079128    A:30 X:1B Y:03 S:EC P:nvUbdizc  $00:9AB4: E6 E7    INC $E7 = #$1B
f380    c11313666    i47079129    A:30 X:1B Y:03 S:EC P:nvUbdizc  $00:9AB6: C8       INY
f380    c11313668    i47079130    A:30 X:1B Y:04 S:EC P:nvUbdizc  $00:9AB7: 60       RTS (from $9AA2)
f380    c11313674    i47079131    A:30 X:1B Y:04 S:EE P:nvUbdizc  $00:9A89: C0 10    CPY #$10
f380    c11313676    i47079132    A:30 X:1B Y:04 S:EE P:NvUbdizc  $00:9A8B: D0 F1    BNE $9A7E
f380    c11313679    i47079133    A:30 X:1B Y:04 S:EE P:NvUbdizc  $00:9A7E: B9 2A 06 LDA $062A,Y @ $062E = #$0F
f380    c11313683    i47079134    A:0F X:1B Y:04 S:EE P:nvUbdizc  $00:9A81: 29 30    AND #$30
f380    c11313685    i47079135    A:00 X:1B Y:04 S:EE P:nvUbdiZc  $00:9A83: 18       CLC
f380    c11313687    i47079136    A:00 X:1B Y:04 S:EE P:nvUbdiZc  $00:9A84: 65 4A    ADC $4A = #$0F
f380    c11313690    i47079137    A:0F X:1B Y:04 S:EE P:nvUbdizc  $00:9A86: 20 A2 9A JSR $9AA2
f380    c11313696    i47079138    A:0F X:1B Y:04 S:EC P:nvUbdizc  $00:9AA2: AA       TAX
f380    c11313698    i47079139    A:0F X:0F Y:04 S:EC P:nvUbdizc  $00:9AA3: BD A2 9E LDA $9EA2,X @ $9EB1 = #$00
f380    c11313702    i47079140    A:00 X:0F Y:04 S:EC P:nvUbdiZc  $00:9AA6: 85 E6    STA $E6 = #$30
f380    c11313705    i47079141    A:00 X:0F Y:04 S:EC P:nvUbdiZc  $00:9AA8: B9 2A 06 LDA $062A,Y @ $062E = #$0F
f380    c11313709    i47079142    A:0F X:0F Y:04 S:EC P:nvUbdizc  $00:9AAB: 29 0F    AND #$0F
f380    c11313711    i47079143    A:0F X:0F Y:04 S:EC P:nvUbdizc  $00:9AAD: 05 E6    ORA $E6 = #$00
