f822    c24459693    i42892954    A:40 X:19 Y:00 S:E0 P:nvUbdizC  $00:9F06: 10 FC    BPL $9F04
f822    c24459696    i42892955    A:40 X:19 Y:00 S:E0 P:nvUbdizC  $00:9F04: A5 1B    LDA $1B = #$40
f822    c24459699    i42892956    A:40 X:19 Y:00 S:E0 P:nvUbdizC  $00:9F06: 10 FC    BPL $9F04
f822    c24459702    i42892957    A:40 X:19 Y:00 S:E0 P:nvUbdizC  $00:9F04: A5 1B    LDA $1B = #$40
f822    c24459705    i42892958    A:40 X:19 Y:00 S:E0 P:nvUbdizC  $00:9F06: 10 FC    BPL $9F04
f822    c24459708    i42892959    A:40 X:19 Y:00 S:E0 P:nvUbdizC  $00:9F04: A5 1B    LDA $1B = #$40
f822    c24459711    i42892960    A:40 X:19 Y:00 S:E0 P:nvUbdizC  $00:9F06: 10 FC    BPL $9F04
f822    c24459714    i42892961    A:40 X:19 Y:00 S:E0 P:nvUbdizC  $00:9F04: A5 1B    LDA $1B = #$40
f822    c24459717    i42892962    A:40 X:19 Y:00 S:E0 P:nvUbdizC  $00:9F06: 10 FC    BPL $9F04
f822    c24459720    i42892963    A:40 X:19 Y:00 S:E0 P:nvUbdizC  $00:9F04: A5 1B    LDA $1B = #$40
f822    c24459723    i42892964    A:40 X:19 Y:00 S:E0 P:nvUbdizC  $00:9F06: 10 FC    BPL $9F04
f822    c24459726    i42892965    A:40 X:19 Y:00 S:E0 P:nvUbdizC  $00:9F04: A5 1B    LDA $1B = #$40
f822    c24459729    i42892966    A:40 X:19 Y:00 S:E0 P:nvUbdizC  $00:9F06: 10 FC    BPL $9F04
f822    c24459732    i42892967    A:40 X:19 Y:00 S:E0 P:nvUbdizC  $00:9F04: A5 1B    LDA $1B = #$40
f822    c24459735    i42892968    A:40 X:19 Y:00 S:E0 P:nvUbdizC  $00:9F06: 10 FC    BPL $9F04
f822    c24459738    i42892969    A:40 X:19 Y:00 S:E0 P:nvUbdizC  $00:9F04: A5 1B    LDA $1B = #$40
f822    c24459741    i42892970    A:40 X:19 Y:00 S:E0 P:nvUbdizC  $00:9F06: 10 FC    BPL $9F04
f822    c24459744    i42892971    A:40 X:19 Y:00 S:E0 P:nvUbdizC  $00:9F04: A5 1B    LDA $1B = #$40
f822    c24459747    i42892972    A:40 X:19 Y:00 S:E0 P:nvUbdizC  $00:9F06: 10 FC    BPL $9F04
f822    c24459750    i42892973    A:40 X:19 Y:00 S:E0 P:nvUbdizC  $00:9F04: A5 1B    LDA $1B = #$40
f822    c24459753    i42892974    A:40 X:19 Y:00 S:E0 P:nvUbdizC  $00:9F06: 10 FC    BPL $9F04
f822    c24459756    i42892975    A:40 X:19 Y:00 S:E0 P:nvUbdizC  $00:9F04: A5 1B    LDA $1B = #$40
f822    c24459759    i42892976    A:40 X:19 Y:00 S:E0 P:nvUbdizC  $00:9F06: 10 FC    BPL $9F04
f822    c24459762    i42892977    A:40 X:19 Y:00 S:E0 P:nvUbdizC  $00:9F04: A5 1B    LDA $1B = #$40
f822    c24459765    i42892978    A:40 X:19 Y:00 S:E0 P:nvUbdizC  $00:9F06: 10 FC    BPL $9F04
f822    c24459768    i42892979    A:40 X:19 Y:00 S:E0 P:nvUbdizC  $00:9F04: A5 1B    LDA $1B = #$40
f822    c24459778    i42892980    A:40 X:19 Y:00 S:DD P:nvUbdIzC  $0F:C506: 4C 21 C8 JMP $C821
f822    c24459781    i42892981    A:40 X:19 Y:00 S:DD P:nvUbdIzC  $0F:C821: 24 1B    BIT $1B = #$40
f822    c24459784    i42892982    A:40 X:19 Y:00 S:DD P:nVUbdIzC  $0F:C823: 50 03    BVC $C828
f822    c24459786    i42892983    A:40 X:19 Y:00 S:DD P:nVUbdIzC  $0F:C825: 4C 78 C4 JMP $C478
f822    c24459789    i42892984    A:40 X:19 Y:00 S:DD P:nVUbdIzC  $0F:C478: 24 3B    BIT $3B = #$55
f822    c24459792    i42892985    A:40 X:19 Y:00 S:DD P:nVUbdIzC  $0F:C47A: 30 32    BMI $C4AE
f822    c24459794    i42892986    A:40 X:19 Y:00 S:DD P:nVUbdIzC  $0F:C47C: 38       SEC
f822    c24459796    i42892987    A:40 X:19 Y:00 S:DD P:nVUbdIzC  $0F:C47D: 66 3B    ROR $3B = #$55
f822    c24459801    i42892988    A:40 X:19 Y:00 S:DD P:NVUbdIzC  $0F:C47F: 85 3C    STA $3C = #$F8
f822    c24459804    i42892989    A:40 X:19 Y:00 S:DD P:NVUbdIzC  $0F:C481: 86 3D    STX $3D = #$F8
f822    c24459807    i42892990    A:40 X:19 Y:00 S:DD P:NVUbdIzC  $0F:C483: 84 3E    STY $3E = #$A8
f822    c24459810    i42892991    A:40 X:19 Y:00 S:DD P:NVUbdIzC  $0F:C485: A5 22    LDA $22 = #$00
f822    c24459813    i42892992    A:00 X:19 Y:00 S:DD P:nVUbdIZC  $0F:C487: 09 07    ORA #$07
f822    c24459815    i42892993    A:07 X:19 Y:00 S:DD P:nVUbdIzC  $0F:C489: 8D 00 80 STA $8000 = #$A5
f822    c24459819    i42892994    A:07 X:19 Y:00 S:DD P:nVUbdIzC  $0F:C48C: A9 02    LDA #$02
f822    c24459825    i42892995    A:02 X:19 Y:00 S:DD P:nVUbdIzC  $0F:C48E: 8D 01 80 STA $8001 = #$27
f823    c24489476    i42902386    A:40 X:19 Y:00 S:E0 P:nvUbdizC  $00:9F04: A5 1B    LDA $1B = #$40
f823    c24489479    i42902387    A:40 X:19 Y:00 S:E0 P:nvUbdizC  $00:9F06: 10 FC    BPL $9F04
f823    c24489482    i42902388    A:40 X:19 Y:00 S:E0 P:nvUbdizC  $00:9F04: A5 1B    LDA $1B = #$40
f823    c24489485    i42902389    A:40 X:19 Y:00 S:E0 P:nvUbdizC  $00:9F06: 10 FC    BPL $9F04
f823    c24489488    i42902390    A:40 X:19 Y:00 S:E0 P:nvUbdizC  $00:9F04: A5 1B    LDA $1B = #$40
f823    c24489491    i42902391    A:40 X:19 Y:00 S:E0 P:nvUbdizC  $00:9F06: 10 FC    BPL $9F04
f823    c24489494    i42902392    A:40 X:19 Y:00 S:E0 P:nvUbdizC  $00:9F04: A5 1B    LDA $1B = #$40
f823    c24489497    i42902393    A:40 X:19 Y:00 S:E0 P:nvUbdizC  $00:9F06: 10 FC    BPL $9F04
f823    c24489500    i42902394    A:40 X:19 Y:00 S:E0 P:nvUbdizC  $00:9F04: A5 1B    LDA $1B = #$40
f823    c24489503    i42902395    A:40 X:19 Y:00 S:E0 P:nvUbdizC  $00:9F06: 10 FC    BPL $9F04
f823    c24489506    i42902396    A:40 X:19 Y:00 S:E0 P:nvUbdizC  $00:9F04: A5 1B    LDA $1B = #$40
f823    c24489509    i42902397    A:40 X:19 Y:00 S:E0 P:nvUbdizC  $00:9F06: 10 FC    BPL $9F04
f823    c24489512    i42902398    A:40 X:19 Y:00 S:E0 P:nvUbdizC  $00:9F04: A5 1B    LDA $1B = #$40
f823    c24489515    i42902399    A:40 X:19 Y:00 S:E0 P:nvUbdizC  $00:9F06: 10 FC    BPL $9F04
f823    c24489518    i42902400    A:40 X:19 Y:00 S:E0 P:nvUbdizC  $00:9F04: A5 1B    LDA $1B = #$40
f823    c24489521    i42902401    A:40 X:19 Y:00 S:E0 P:nvUbdizC  $00:9F06: 10 FC    BPL $9F04
f823    c24489524    i42902402    A:40 X:19 Y:00 S:E0 P:nvUbdizC  $00:9F04: A5 1B    LDA $1B = #$40
f823    c24489527    i42902403    A:40 X:19 Y:00 S:E0 P:nvUbdizC  $00:9F06: 10 FC    BPL $9F04
f823    c24489530    i42902404    A:40 X:19 Y:00 S:E0 P:nvUbdizC  $00:9F04: A5 1B    LDA $1B = #$40
f823    c24489533    i42902405    A:40 X:19 Y:00 S:E0 P:nvUbdizC  $00:9F06: 10 FC    BPL $9F04
f823    c24489536    i42902406    A:40 X:19 Y:00 S:E0 P:nvUbdizC  $00:9F04: A5 1B    LDA $1B = #$40
f823    c24489539    i42902407    A:40 X:19 Y:00 S:E0 P:nvUbdizC  $00:9F06: 10 FC    BPL $9F04
f823    c24489542    i42902408    A:40 X:19 Y:00 S:E0 P:nvUbdizC  $00:9F04: A5 1B    LDA $1B = #$40
f823    c24489545    i42902409    A:40 X:19 Y:00 S:E0 P:nvUbdizC  $00:9F06: 10 FC    BPL $9F04
f823    c24489548    i42902410    A:40 X:19 Y:00 S:E0 P:nvUbdizC  $00:9F04: A5 1B    LDA $1B = #$40
f823    c24489558    i42902411    A:40 X:19 Y:00 S:DD P:nvUbdIzC  $0F:C506: 4C 21 C8 JMP $C821
f823    c24489561    i42902412    A:40 X:19 Y:00 S:DD P:nvUbdIzC  $0F:C821: 24 1B    BIT $1B = #$40
f823    c24489564    i42902413    A:40 X:19 Y:00 S:DD P:nVUbdIzC  $0F:C823: 50 03    BVC $C828
f823    c24489566    i42902414    A:40 X:19 Y:00 S:DD P:nVUbdIzC  $0F:C825: 4C 78 C4 JMP $C478
f823    c24489569    i42902415    A:40 X:19 Y:00 S:DD P:nVUbdIzC  $0F:C478: 24 3B    BIT $3B = #$55
f823    c24489572    i42902416    A:40 X:19 Y:00 S:DD P:nVUbdIzC  $0F:C47A: 30 32    BMI $C4AE
f823    c24489574    i42902417    A:40 X:19 Y:00 S:DD P:nVUbdIzC  $0F:C47C: 38       SEC
f823    c24489576    i42902418    A:40 X:19 Y:00 S:DD P:nVUbdIzC  $0F:C47D: 66 3B    ROR $3B = #$55
f823    c24489581    i42902419    A:40 X:19 Y:00 S:DD P:NVUbdIzC  $0F:C47F: 85 3C    STA $3C = #$F8
f823    c24489584    i42902420    A:40 X:19 Y:00 S:DD P:NVUbdIzC  $0F:C481: 86 3D    STX $3D = #$F8
f823    c24489587    i42902421    A:40 X:19 Y:00 S:DD P:NVUbdIzC  $0F:C483: 84 3E    STY $3E = #$D4
f823    c24489590    i42902422    A:40 X:19 Y:00 S:DD P:NVUbdIzC  $0F:C485: A5 22    LDA $22 = #$00
f823    c24489593    i42902423    A:00 X:19 Y:00 S:DD P:nVUbdIZC  $0F:C487: 09 07    ORA #$07
f823    c24489595    i42902424    A:07 X:19 Y:00 S:DD P:nVUbdIzC  $0F:C489: 8D 00 80 STA $8000 = #$A5
f823    c24489599    i42902425    A:07 X:19 Y:00 S:DD P:nVUbdIzC  $0F:C48C: A9 02    LDA #$02
f823    c24489601    i42902426    A:02 X:19 Y:00 S:DD P:nVUbdIzC  $0F:C48E: 8D 01 80 STA $8001 = #$27
f823    c24489605    i42902427    A:02 X:19 Y:00 S:DD P:nVUbdIzC  $0F:C491: 20 60 A1 JSR $A160
f824    c24519254    i42911964    A:07 X:06 Y:00 S:4E P:nvUbdizc  $00:893D: D0 FC    BNE $893B
f824    c24519257    i42911965    A:07 X:06 Y:00 S:4E P:nvUbdizc  $00:893B: A5 78    LDA $78 = #$07
f824    c24519260    i42911966    A:07 X:06 Y:00 S:4E P:nvUbdizc  $00:893D: D0 FC    BNE $893B
f824    c24519263    i42911967    A:07 X:06 Y:00 S:4E P:nvUbdizc  $00:893B: A5 78    LDA $78 = #$07
f824    c24519266    i42911968    A:07 X:06 Y:00 S:4E P:nvUbdizc  $00:893D: D0 FC    BNE $893B
f824    c24519269    i42911969    A:07 X:06 Y:00 S:4E P:nvUbdizc  $00:893B: A5 78    LDA $78 = #$07
f824    c24519272    i42911970    A:07 X:06 Y:00 S:4E P:nvUbdizc  $00:893D: D0 FC    BNE $893B
f824    c24519275    i42911971    A:07 X:06 Y:00 S:4E P:nvUbdizc  $00:893B: A5 78    LDA $78 = #$07
f824    c24519278    i42911972    A:07 X:06 Y:00 S:4E P:nvUbdizc  $00:893D: D0 FC    BNE $893B
f824    c24519281    i42911973    A:07 X:06 Y:00 S:4E P:nvUbdizc  $00:893B: A5 78    LDA $78 = #$07
f824    c24519284    i42911974    A:07 X:06 Y:00 S:4E P:nvUbdizc  $00:893D: D0 FC    BNE $893B
f824    c24519287    i42911975    A:07 X:06 Y:00 S:4E P:nvUbdizc  $00:893B: A5 78    LDA $78 = #$07
f824    c24519290    i42911976    A:07 X:06 Y:00 S:4E P:nvUbdizc  $00:893D: D0 FC    BNE $893B
f824    c24519293    i42911977    A:07 X:06 Y:00 S:4E P:nvUbdizc  $00:893B: A5 78    LDA $78 = #$07
f824    c24519296    i42911978    A:07 X:06 Y:00 S:4E P:nvUbdizc  $00:893D: D0 FC    BNE $893B
f824    c24519299    i42911979    A:07 X:06 Y:00 S:4E P:nvUbdizc  $00:893B: A5 78    LDA $78 = #$07
f824    c24519302    i42911980    A:07 X:06 Y:00 S:4E P:nvUbdizc  $00:893D: D0 FC    BNE $893B
f824    c24519305    i42911981    A:07 X:06 Y:00 S:4E P:nvUbdizc  $00:893B: A5 78    LDA $78 = #$07
f824    c24519308    i42911982    A:07 X:06 Y:00 S:4E P:nvUbdizc  $00:893D: D0 FC    BNE $893B
f824    c24519311    i42911983    A:07 X:06 Y:00 S:4E P:nvUbdizc  $00:893B: A5 78    LDA $78 = #$07
f824    c24519314    i42911984    A:07 X:06 Y:00 S:4E P:nvUbdizc  $00:893D: D0 FC    BNE $893B
f824    c24519317    i42911985    A:07 X:06 Y:00 S:4E P:nvUbdizc  $00:893B: A5 78    LDA $78 = #$07
f824    c24519320    i42911986    A:07 X:06 Y:00 S:4E P:nvUbdizc  $00:893D: D0 FC    BNE $893B
f824    c24519323    i42911987    A:07 X:06 Y:00 S:4E P:nvUbdizc  $00:893B: A5 78    LDA $78 = #$07
f824    c24519326    i42911988    A:07 X:06 Y:00 S:4E P:nvUbdizc  $00:893D: D0 FC    BNE $893B
f824    c24519329    i42911989    A:07 X:06 Y:00 S:4E P:nvUbdizc  $00:893B: A5 78    LDA $78 = #$07
f824    c24519339    i42911990    A:07 X:06 Y:00 S:4B P:nvUbdIzc  $0F:C506: 4C 21 C8 JMP $C821
f824    c24519342    i42911991    A:07 X:06 Y:00 S:4B P:nvUbdIzc  $0F:C821: 24 1B    BIT $1B = #$40
f824    c24519345    i42911992    A:07 X:06 Y:00 S:4B P:nVUbdIZc  $0F:C823: 50 03    BVC $C828
f824    c24519347    i42911993    A:07 X:06 Y:00 S:4B P:nVUbdIZc  $0F:C825: 4C 78 C4 JMP $C478
f824    c24519350    i42911994    A:07 X:06 Y:00 S:4B P:nVUbdIZc  $0F:C478: 24 3B    BIT $3B = #$55
f824    c24519353    i42911995    A:07 X:06 Y:00 S:4B P:nVUbdIzc  $0F:C47A: 30 32    BMI $C4AE
f824    c24519355    i42911996    A:07 X:06 Y:00 S:4B P:nVUbdIzc  $0F:C47C: 38       SEC
f824    c24519357    i42911997    A:07 X:06 Y:00 S:4B P:nVUbdIzC  $0F:C47D: 66 3B    ROR $3B = #$55
f824    c24519362    i42911998    A:07 X:06 Y:00 S:4B P:NVUbdIzC  $0F:C47F: 85 3C    STA $3C = #$04
f824    c24519365    i42911999    A:07 X:06 Y:00 S:4B P:NVUbdIzC  $0F:C481: 86 3D    STX $3D = #$06
f824    c24519368    i42912000    A:07 X:06 Y:00 S:4B P:NVUbdIzC  $0F:C483: 84 3E    STY $3E = #$00
f824    c24519371    i42912001    A:07 X:06 Y:00 S:4B P:NVUbdIzC  $0F:C485: A5 22    LDA $22 = #$00
f824    c24519374    i42912002    A:00 X:06 Y:00 S:4B P:nVUbdIZC  $0F:C487: 09 07    ORA #$07
f824    c24519376    i42912003    A:07 X:06 Y:00 S:4B P:nVUbdIzC  $0F:C489: 8D 00 80 STA $8000 = #$A5
f824    c24519380    i42912004    A:07 X:06 Y:00 S:4B P:nVUbdIzC  $0F:C48C: A9 02    LDA #$02
f824    c24519382    i42912005    A:02 X:06 Y:00 S:4B P:nVUbdIzC  $0F:C48E: 8D 01 80 STA $8001 = #$27
f825    c24540062    i42918590    A:00 X:02 Y:08 S:E7 P:nVUbdIzc  $01:A0ED: BD 15 40 LDA $4015,X @ $4017 = #$01
f825    c24540066    i42918591    A:40 X:02 Y:08 S:E7 P:nVUbdIzc  $01:A0F0: 4A       LSR
f825    c24540068    i42918592    A:20 X:02 Y:08 S:E7 P:nVUbdIzc  $01:A0F1: 26 3F    ROL $3F = #$00
f825    c24540073    i42918593    A:20 X:02 Y:08 S:E7 P:nVUbdIZc  $01:A0F3: 29 01    AND #$01
f825    c24540075    i42918594    A:00 X:02 Y:08 S:E7 P:nVUbdIZc  $01:A0F5: 05 3F    ORA $3F = #$00
f825    c24540078    i42918595    A:00 X:02 Y:08 S:E7 P:nVUbdIZc  $01:A0F7: 85 3F    STA $3F = #$00
f825    c24540081    i42918596    A:00 X:02 Y:08 S:E7 P:nVUbdIZc  $01:A0F9: 88       DEY
f825    c24540083    i42918597    A:00 X:02 Y:07 S:E7 P:nVUbdIzc  $01:A0FA: D0 F1    BNE $A0ED
f825    c24540086    i42918598    A:00 X:02 Y:07 S:E7 P:nVUbdIzc  $01:A0ED: BD 15 40 LDA $4015,X @ $4017 = #$01
f825    c24540090    i42918599    A:40 X:02 Y:07 S:E7 P:nVUbdIzc  $01:A0F0: 4A       LSR
f825    c24540092    i42918600    A:20 X:02 Y:07 S:E7 P:nVUbdIzc  $01:A0F1: 26 3F    ROL $3F = #$00
f825    c24540097    i42918601    A:20 X:02 Y:07 S:E7 P:nVUbdIZc  $01:A0F3: 29 01    AND #$01
f825    c24540099    i42918602    A:00 X:02 Y:07 S:E7 P:nVUbdIZc  $01:A0F5: 05 3F    ORA $3F = #$00
f825    c24540102    i42918603    A:00 X:02 Y:07 S:E7 P:nVUbdIZc  $01:A0F7: 85 3F    STA $3F = #$00
f825    c24540105    i42918604    A:00 X:02 Y:07 S:E7 P:nVUbdIZc  $01:A0F9: 88       DEY
f825    c24540107    i42918605    A:00 X:02 Y:06 S:E7 P:nVUbdIzc  $01:A0FA: D0 F1    BNE $A0ED
f825    c24540110    i42918606    A:00 X:02 Y:06 S:E7 P:nVUbdIzc  $01:A0ED: BD 15 40 LDA $4015,X @ $4017 = #$01
f825    c24540114    i42918607    A:40 X:02 Y:06 S:E7 P:nVUbdIzc  $01:A0F0: 4A       LSR
f825    c24540116    i42918608    A:20 X:02 Y:06 S:E7 P:nVUbdIzc  $01:A0F1: 26 3F    ROL $3F = #$00
f825    c24540121    i42918609    A:20 X:02 Y:06 S:E7 P:nVUbdIZc  $01:A0F3: 29 01    AND #$01
f825    c24540123    i42918610    A:00 X:02 Y:06 S:E7 P:nVUbdIZc  $01:A0F5: 05 3F    ORA $3F = #$00
f825    c24540126    i42918611    A:00 X:02 Y:06 S:E7 P:nVUbdIZc  $01:A0F7: 85 3F    STA $3F = #$00
f825    c24540129    i42918612    A:00 X:02 Y:06 S:E7 P:nVUbdIZc  $01:A0F9: 88       DEY
f825    c24540131    i42918613    A:00 X:02 Y:05 S:E7 P:nVUbdIzc  $01:A0FA: D0 F1    BNE $A0ED
f825    c24540134    i42918614    A:00 X:02 Y:05 S:E7 P:nVUbdIzc  $01:A0ED: BD 15 40 LDA $4015,X @ $4017 = #$01
f825    c24540138    i42918615    A:40 X:02 Y:05 S:E7 P:nVUbdIzc  $01:A0F0: 4A       LSR
f825    c24540140    i42918616    A:20 X:02 Y:05 S:E7 P:nVUbdIzc  $01:A0F1: 26 3F    ROL $3F = #$00
f825    c24540145    i42918617    A:20 X:02 Y:05 S:E7 P:nVUbdIZc  $01:A0F3: 29 01    AND #$01
f825    c24540147    i42918618    A:00 X:02 Y:05 S:E7 P:nVUbdIZc  $01:A0F5: 05 3F    ORA $3F = #$00
f825    c24540150    i42918619    A:00 X:02 Y:05 S:E7 P:nVUbdIZc  $01:A0F7: 85 3F    STA $3F = #$00
f825    c24540153    i42918620    A:00 X:02 Y:05 S:E7 P:nVUbdIZc  $01:A0F9: 88       DEY
f825    c24540155    i42918621    A:00 X:02 Y:04 S:E7 P:nVUbdIzc  $01:A0FA: D0 F1    BNE $A0ED
f825    c24540158    i42918622    A:00 X:02 Y:04 S:E7 P:nVUbdIzc  $01:A0ED: BD 15 40 LDA $4015,X @ $4017 = #$01
f825    c24540162    i42918623    A:40 X:02 Y:04 S:E7 P:nVUbdIzc  $01:A0F0: 4A       LSR
f825    c24540164    i42918624    A:20 X:02 Y:04 S:E7 P:nVUbdIzc  $01:A0F1: 26 3F    ROL $3F = #$00
f825    c24540169    i42918625    A:20 X:02 Y:04 S:E7 P:nVUbdIZc  $01:A0F3: 29 01    AND #$01
f825    c24540171    i42918626    A:00 X:02 Y:04 S:E7 P:nVUbdIZc  $01:A0F5: 05 3F    ORA $3F = #$00
f825    c24540174    i42918627    A:00 X:02 Y:04 S:E7 P:nVUbdIZc  $01:A0F7: 85 3F    STA $3F = #$00
f825    c24540177    i42918628    A:00 X:02 Y:04 S:E7 P:nVUbdIZc  $01:A0F9: 88       DEY
f825    c24540179    i42918629    A:00 X:02 Y:03 S:E7 P:nVUbdIzc  $01:A0FA: D0 F1    BNE $A0ED
f825    c24540182    i42918630    A:00 X:02 Y:03 S:E7 P:nVUbdIzc  $01:A0ED: BD 15 40 LDA $4015,X @ $4017 = #$01
f825    c24540186    i42918631    A:40 X:02 Y:03 S:E7 P:nVUbdIzc  $01:A0F0: 4A       LSR
f826    c24571653    i42928551    A:08 X:FF Y:08 S:DB P:nvUbdIzc  $06:8119: C6 F3    DEC $F3 = #$07
f826    c24571658    i42928552    A:08 X:FF Y:08 S:DB P:nvUbdIzc  $06:811B: D0 AD    BNE $80CA
f826    c24571662    i42928553    A:08 X:FF Y:08 S:DB P:nvUbdIzc  $06:80CA: AD 06 07 LDA $0706 = #$3C
f826    c24571666    i42928554    A:3C X:FF Y:08 S:DB P:nvUbdIzc  $06:80CD: 4A       LSR
f826    c24571668    i42928555    A:1E X:FF Y:08 S:DB P:nvUbdIzc  $06:80CE: 90 02    BCC $80D2
f826    c24571671    i42928556    A:1E X:FF Y:08 S:DB P:nvUbdIzc  $06:80D2: 8D 06 07 STA $0706 = #$3C
f826    c24571675    i42928557    A:1E X:FF Y:08 S:DB P:nvUbdIzc  $06:80D5: 90 35    BCC $810C
f826    c24571679    i42928558    A:1E X:FF Y:08 S:DB P:nvUbdIzc  $06:810C: 18       CLC
f826    c24571681    i42928559    A:1E X:FF Y:08 S:DB P:nvUbdIzc  $06:810D: A9 10    LDA #$10
f826    c24571683    i42928560    A:10 X:FF Y:08 S:DB P:nvUbdIzc  $06:810F: 65 F0    ADC $F0 = #$47
f826    c24571686    i42928561    A:57 X:FF Y:08 S:DB P:nvUbdIzc  $06:8111: 85 F0    STA $F0 = #$47
f826    c24571689    i42928562    A:57 X:FF Y:08 S:DB P:nvUbdIzc  $06:8113: A9 04    LDA #$04
f826    c24571691    i42928563    A:04 X:FF Y:08 S:DB P:nvUbdIzc  $06:8115: 65 F2    ADC $F2 = #$08
f826    c24571694    i42928564    A:0C X:FF Y:08 S:DB P:nvUbdIzc  $06:8117: 85 F2    STA $F2 = #$08
f826    c24571697    i42928565    A:0C X:FF Y:08 S:DB P:nvUbdIzc  $06:8119: C6 F3    DEC $F3 = #$06
f826    c24571702    i42928566    A:0C X:FF Y:08 S:DB P:nvUbdIzc  $06:811B: D0 AD    BNE $80CA
f826    c24571706    i42928567    A:0C X:FF Y:08 S:DB P:nvUbdIzc  $06:80CA: AD 06 07 LDA $0706 = #$1E
f826    c24571710    i42928568    A:1E X:FF Y:08 S:DB P:nvUbdIzc  $06:80CD: 4A       LSR
f826    c24571712    i42928569    A:0F X:FF Y:08 S:DB P:nvUbdIzc  $06:80CE: 90 02    BCC $80D2
f826    c24571715    i42928570    A:0F X:FF Y:08 S:DB P:nvUbdIzc  $06:80D2: 8D 06 07 STA $0706 = #$1E
f826    c24571719    i42928571    A:0F X:FF Y:08 S:DB P:nvUbdIzc  $06:80D5: 90 35    BCC $810C
f826    c24571723    i42928572    A:0F X:FF Y:08 S:DB P:nvUbdIzc  $06:810C: 18       CLC
f826    c24571725    i42928573    A:0F X:FF Y:08 S:DB P:nvUbdIzc  $06:810D: A9 10    LDA #$10
f826    c24571727    i42928574    A:10 X:FF Y:08 S:DB P:nvUbdIzc  $06:810F: 65 F0    ADC $F0 = #$57
f826    c24571730    i42928575    A:67 X:FF Y:08 S:DB P:nvUbdIzc  $06:8111: 85 F0    STA $F0 = #$57
f826    c24571733    i42928576    A:67 X:FF Y:08 S:DB P:nvUbdIzc  $06:8113: A9 04    LDA #$04
f826    c24571735    i42928577    A:04 X:FF Y:08 S:DB P:nvUbdIzc  $06:8115: 65 F2    ADC $F2 = #$0C
f826    c24571738    i42928578    A:10 X:FF Y:08 S:DB P:nvUbdIzc  $06:8117: 85 F2    STA $F2 = #$0C
f826    c24571741    i42928579    A:10 X:FF Y:08 S:DB P:nvUbdIzc  $06:8119: C6 F3    DEC $F3 = #$05
f826    c24571746    i42928580    A:10 X:FF Y:08 S:DB P:nvUbdIzc  $06:811B: D0 AD    BNE $80CA
f826    c24571750    i42928581    A:10 X:FF Y:08 S:DB P:nvUbdIzc  $06:80CA: AD 06 07 LDA $0706 = #$0F
f826    c24571754    i42928582    A:0F X:FF Y:08 S:DB P:nvUbdIzc  $06:80CD: 4A       LSR
f826    c24571756    i42928583    A:07 X:FF Y:08 S:DB P:nvUbdIzC  $06:80CE: 90 02    BCC $80D2
f826    c24571758    i42928584    A:07 X:FF Y:08 S:DB P:nvUbdIzC  $06:80D0: 09 80    ORA #$80
f826    c24571760    i42928585    A:87 X:FF Y:08 S:DB P:NvUbdIzC  $06:80D2: 8D 06 07 STA $0706 = #$0F
f826    c24571764    i42928586    A:87 X:FF Y:08 S:DB P:NvUbdIzC  $06:80D5: 90 35    BCC $810C
f826    c24571766    i42928587    A:87 X:FF Y:08 S:DB P:NvUbdIzC  $06:80D7: A6 F2    LDX $F2 = #$10
f826    c24571769    i42928588    A:87 X:10 Y:08 S:DB P:nvUbdIzC  $06:80D9: DE 07 07 DEC $0707,X @ $0717 = #$04
f826    c24571776    i42928589    A:87 X:10 Y:08 S:DB P:nvUbdIzC  $06:80DC: D0 03    BNE $80E1
f826    c24571779    i42928590    A:87 X:10 Y:08 S:DB P:nvUbdIzC  $06:80E1: A6 F2    LDX $F2 = #$10
f826    c24571782    i42928591    A:87 X:10 Y:08 S:DB P:nvUbdIzC  $06:80E3: DE 09 07 DEC $0709,X @ $0719 = #$FD
f826    c24571789    i42928592    A:87 X:10 Y:08 S:DB P:NvUbdIzC  $06:80E6: D0 21    BNE $8109
f827    c24601433    i42938032    A:08 X:FF Y:08 S:DB P:nvUbdIzc  $06:8119: C6 F3    DEC $F3 = #$07
f827    c24601438    i42938033    A:08 X:FF Y:08 S:DB P:nvUbdIzc  $06:811B: D0 AD    BNE $80CA
f827    c24601442    i42938034    A:08 X:FF Y:08 S:DB P:nvUbdIzc  $06:80CA: AD 06 07 LDA $0706 = #$3C
f827    c24601446    i42938035    A:3C X:FF Y:08 S:DB P:nvUbdIzc  $06:80CD: 4A       LSR
f827    c24601448    i42938036    A:1E X:FF Y:08 S:DB P:nvUbdIzc  $06:80CE: 90 02    BCC $80D2
f827    c24601451    i42938037    A:1E X:FF Y:08 S:DB P:nvUbdIzc  $06:80D2: 8D 06 07 STA $0706 = #$3C
f827    c24601455    i42938038    A:1E X:FF Y:08 S:DB P:nvUbdIzc  $06:80D5: 90 35    BCC $810C
f827    c24601459    i42938039    A:1E X:FF Y:08 S:DB P:nvUbdIzc  $06:810C: 18       CLC
f827    c24601461    i42938040    A:1E X:FF Y:08 S:DB P:nvUbdIzc  $06:810D: A9 10    LDA #$10
f827    c24601463    i42938041    A:10 X:FF Y:08 S:DB P:nvUbdIzc  $06:810F: 65 F0    ADC $F0 = #$47
f827    c24601466    i42938042    A:57 X:FF Y:08 S:DB P:nvUbdIzc  $06:8111: 85 F0    STA $F0 = #$47
f827    c24601469    i42938043    A:57 X:FF Y:08 S:DB P:nvUbdIzc  $06:8113: A9 04    LDA #$04
f827    c24601471    i42938044    A:04 X:FF Y:08 S:DB P:nvUbdIzc  $06:8115: 65 F2    ADC $F2 = #$08
f827    c24601474    i42938045    A:0C X:FF Y:08 S:DB P:nvUbdIzc  $06:8117: 85 F2    STA $F2 = #$08
f827    c24601477    i42938046    A:0C X:FF Y:08 S:DB P:nvUbdIzc  $06:8119: C6 F3    DEC $F3 = #$06
f827    c24601482    i42938047    A:0C X:FF Y:08 S:DB P:nvUbdIzc  $06:811B: D0 AD    BNE $80CA
f827    c24601486    i42938048    A:0C X:FF Y:08 S:DB P:nvUbdIzc  $06:80CA: AD 06 07 LDA $0706 = #$1E
f827    c24601490    i42938049    A:1E X:FF Y:08 S:DB P:nvUbdIzc  $06:80CD: 4A       LSR
f827    c24601492    i42938050    A:0F X:FF Y:08 S:DB P:nvUbdIzc  $06:80CE: 90 02    BCC $80D2
f827    c24601495    i42938051    A:0F X:FF Y:08 S:DB P:nvUbdIzc  $06:80D2: 8D 06 07 STA $0706 = #$1E
f827    c24601499    i42938052    A:0F X:FF Y:08 S:DB P:nvUbdIzc  $06:80D5: 90 35    BCC $810C
f827    c24601503    i42938053    A:0F X:FF Y:08 S:DB P:nvUbdIzc  $06:810C: 18       CLC
f827    c24601505    i42938054    A:0F X:FF Y:08 S:DB P:nvUbdIzc  $06:810D: A9 10    LDA #$10
f827    c24601507    i42938055    A:10 X:FF Y:08 S:DB P:nvUbdIzc  $06:810F: 65 F0    ADC $F0 = #$57
f827    c24601510    i42938056    A:67 X:FF Y:08 S:DB P:nvUbdIzc  $06:8111: 85 F0    STA $F0 = #$57
f827    c24601513    i42938057    A:67 X:FF Y:08 S:DB P:nvUbdIzc  $06:8113: A9 04    LDA #$04
f827    c24601515    i42938058    A:04 X:FF Y:08 S:DB P:nvUbdIzc  $06:8115: 65 F2    ADC $F2 = #$0C
f827    c24601518    i42938059    A:10 X:FF Y:08 S:DB P:nvUbdIzc  $06:8117: 85 F2    STA $F2 = #$0C
f827    c24601521    i42938060    A:10 X:FF Y:08 S:DB P:nvUbdIzc  $06:8119: C6 F3    DEC $F3 = #$05
f827    c24601526    i42938061    A:10 X:FF Y:08 S:DB P:nvUbdIzc  $06:811B: D0 AD    BNE $80CA
f827    c24601530    i42938062    A:10 X:FF Y:08 S:DB P:nvUbdIzc  $06:80CA: AD 06 07 LDA $0706 = #$0F
f827    c24601534    i42938063    A:0F X:FF Y:08 S:DB P:nvUbdIzc  $06:80CD: 4A       LSR
f827    c24601536    i42938064    A:07 X:FF Y:08 S:DB P:nvUbdIzC  $06:80CE: 90 02    BCC $80D2
f827    c24601538    i42938065    A:07 X:FF Y:08 S:DB P:nvUbdIzC  $06:80D0: 09 80    ORA #$80
f827    c24601540    i42938066    A:87 X:FF Y:08 S:DB P:NvUbdIzC  $06:80D2: 8D 06 07 STA $0706 = #$0F
f827    c24601544    i42938067    A:87 X:FF Y:08 S:DB P:NvUbdIzC  $06:80D5: 90 35    BCC $810C
f827    c24601546    i42938068    A:87 X:FF Y:08 S:DB P:NvUbdIzC  $06:80D7: A6 F2    LDX $F2 = #$10
f827    c24601549    i42938069    A:87 X:10 Y:08 S:DB P:nvUbdIzC  $06:80D9: DE 07 07 DEC $0707,X @ $0717 = #$03
f827    c24601556    i42938070    A:87 X:10 Y:08 S:DB P:nvUbdIzC  $06:80DC: D0 03    BNE $80E1
f827    c24601559    i42938071    A:87 X:10 Y:08 S:DB P:nvUbdIzC  $06:80E1: A6 F2    LDX $F2 = #$10
f827    c24601562    i42938072    A:87 X:10 Y:08 S:DB P:nvUbdIzC  $06:80E3: DE 09 07 DEC $0709,X @ $0719 = #$FC
f827    c24601569    i42938073    A:87 X:10 Y:08 S:DB P:NvUbdIzC  $06:80E6: D0 21    BNE $8109
f828    c24631214    i42947516    A:08 X:FF Y:08 S:DB P:nvUbdIzc  $06:8119: C6 F3    DEC $F3 = #$07
f828    c24631219    i42947517    A:08 X:FF Y:08 S:DB P:nvUbdIzc  $06:811B: D0 AD    BNE $80CA
f828    c24631223    i42947518    A:08 X:FF Y:08 S:DB P:nvUbdIzc  $06:80CA: AD 06 07 LDA $0706 = #$3C
f828    c24631227    i42947519    A:3C X:FF Y:08 S:DB P:nvUbdIzc  $06:80CD: 4A       LSR
f828    c24631229    i42947520    A:1E X:FF Y:08 S:DB P:nvUbdIzc  $06:80CE: 90 02    BCC $80D2
f828    c24631232    i42947521    A:1E X:FF Y:08 S:DB P:nvUbdIzc  $06:80D2: 8D 06 07 STA $0706 = #$3C
f828    c24631236    i42947522    A:1E X:FF Y:08 S:DB P:nvUbdIzc  $06:80D5: 90 35    BCC $810C
f828    c24631240    i42947523    A:1E X:FF Y:08 S:DB P:nvUbdIzc  $06:810C: 18       CLC
f828    c24631242    i42947524    A:1E X:FF Y:08 S:DB P:nvUbdIzc  $06:810D: A9 10    LDA #$10
f828    c24631244    i42947525    A:10 X:FF Y:08 S:DB P:nvUbdIzc  $06:810F: 65 F0    ADC $F0 = #$47
f828    c24631247    i42947526    A:57 X:FF Y:08 S:DB P:nvUbdIzc  $06:8111: 85 F0    STA $F0 = #$47
f828    c24631250    i42947527    A:57 X:FF Y:08 S:DB P:nvUbdIzc  $06:8113: A9 04    LDA #$04
f828    c24631252    i42947528    A:04 X:FF Y:08 S:DB P:nvUbdIzc  $06:8115: 65 F2    ADC $F2 = #$08
f828    c24631255    i42947529    A:0C X:FF Y:08 S:DB P:nvUbdIzc  $06:8117: 85 F2    STA $F2 = #$08
f828    c24631258    i42947530    A:0C X:FF Y:08 S:DB P:nvUbdIzc  $06:8119: C6 F3    DEC $F3 = #$06
f828    c24631263    i42947531    A:0C X:FF Y:08 S:DB P:nvUbdIzc  $06:811B: D0 AD    BNE $80CA
f828    c24631267    i42947532    A:0C X:FF Y:08 S:DB P:nvUbdIzc  $06:80CA: AD 06 07 LDA $0706 = #$1E
f828    c24631271    i42947533    A:1E X:FF Y:08 S:DB P:nvUbdIzc  $06:80CD: 4A       LSR
f828    c24631273    i42947534    A:0F X:FF Y:08 S:DB P:nvUbdIzc  $06:80CE: 90 02    BCC $80D2
f828    c24631276    i42947535    A:0F X:FF Y:08 S:DB P:nvUbdIzc  $06:80D2: 8D 06 07 STA $0706 = #$1E
f828    c24631280    i42947536    A:0F X:FF Y:08 S:DB P:nvUbdIzc  $06:80D5: 90 35    BCC $810C
f828    c24631284    i42947537    A:0F X:FF Y:08 S:DB P:nvUbdIzc  $06:810C: 18       CLC
f828    c24631286    i42947538    A:0F X:FF Y:08 S:DB P:nvUbdIzc  $06:810D: A9 10    LDA #$10
f828    c24631288    i42947539    A:10 X:FF Y:08 S:DB P:nvUbdIzc  $06:810F: 65 F0    ADC $F0 = #$57
f828    c24631291    i42947540    A:67 X:FF Y:08 S:DB P:nvUbdIzc  $06:8111: 85 F0    STA $F0 = #$57
f828    c24631294    i42947541    A:67 X:FF Y:08 S:DB P:nvUbdIzc  $06:8113: A9 04    LDA #$04
f828    c24631296    i42947542    A:04 X:FF Y:08 S:DB P:nvUbdIzc  $06:8115: 65 F2    ADC $F2 = #$0C
f828    c24631299    i42947543    A:10 X:FF Y:08 S:DB P:nvUbdIzc  $06:8117: 85 F2    STA $F2 = #$0C
f828    c24631302    i42947544    A:10 X:FF Y:08 S:DB P:nvUbdIzc  $06:8119: C6 F3    DEC $F3 = #$05
f828    c24631307    i42947545    A:10 X:FF Y:08 S:DB P:nvUbdIzc  $06:811B: D0 AD    BNE $80CA
f828    c24631311    i42947546    A:10 X:FF Y:08 S:DB P:nvUbdIzc  $06:80CA: AD 06 07 LDA $0706 = #$0F
f828    c24631315    i42947547    A:0F X:FF Y:08 S:DB P:nvUbdIzc  $06:80CD: 4A       LSR
f828    c24631317    i42947548    A:07 X:FF Y:08 S:DB P:nvUbdIzC  $06:80CE: 90 02    BCC $80D2
f828    c24631319    i42947549    A:07 X:FF Y:08 S:DB P:nvUbdIzC  $06:80D0: 09 80    ORA #$80
f828    c24631321    i42947550    A:87 X:FF Y:08 S:DB P:NvUbdIzC  $06:80D2: 8D 06 07 STA $0706 = #$0F
f828    c24631325    i42947551    A:87 X:FF Y:08 S:DB P:NvUbdIzC  $06:80D5: 90 35    BCC $810C
f828    c24631327    i42947552    A:87 X:FF Y:08 S:DB P:NvUbdIzC  $06:80D7: A6 F2    LDX $F2 = #$10
f828    c24631330    i42947553    A:87 X:10 Y:08 S:DB P:nvUbdIzC  $06:80D9: DE 07 07 DEC $0707,X @ $0717 = #$02
f828    c24631337    i42947554    A:87 X:10 Y:08 S:DB P:nvUbdIzC  $06:80DC: D0 03    BNE $80E1
f828    c24631340    i42947555    A:87 X:10 Y:08 S:DB P:nvUbdIzC  $06:80E1: A6 F2    LDX $F2 = #$10
f828    c24631343    i42947556    A:87 X:10 Y:08 S:DB P:nvUbdIzC  $06:80E3: DE 09 07 DEC $0709,X @ $0719 = #$FB
f828    c24631350    i42947557    A:87 X:10 Y:08 S:DB P:NvUbdIzC  $06:80E6: D0 21    BNE $8109
f828    c24640844    i42950485    A:30 X:02 Y:00 S:E0 P:nvUbdizc  $00:9FC6: BA       TSX
f828    c24640846    i42950486    A:30 X:E0 Y:00 S:E0 P:NvUbdizc  $00:9FC7: 8A       TXA
f828    c24640848    i42950487    A:E0 X:E0 Y:00 S:E0 P:NvUbdizc  $00:9FC8: A6 00    LDX $00 = #$15
f828    c24640851    i42950488    A:E0 X:15 Y:00 S:E0 P:nvUbdizc  $00:9FCA: 95 01    STA $01,X @ $0016 = #$E0
f828    c24640855    i42950489    A:E0 X:15 Y:00 S:E0 P:nvUbdizc  $00:9FCC: AD 24 00 LDA $0024 = #$00
f828    c24640859    i42950490    A:00 X:15 Y:00 S:E0 P:nvUbdiZc  $00:9FCF: 95 02    STA $02,X @ $0017 = #$00
f828    c24640863    i42950491    A:00 X:15 Y:00 S:E0 P:nvUbdiZc  $00:9FD1: AD 25 00 LDA $0025 = #$02
f828    c24640867    i42950492    A:02 X:15 Y:00 S:E0 P:nvUbdizc  $00:9FD4: 95 03    STA $03,X @ $0018 = #$02
f828    c24640871    i42950493    A:02 X:15 Y:00 S:E0 P:nvUbdizc  $00:9FD6: A5 19    LDA $19 = #$01
f828    c24640874    i42950494    A:01 X:15 Y:00 S:E0 P:nvUbdizc  $00:9FD8: F0 04    BEQ $9FDE
f828    c24640876    i42950495    A:01 X:15 Y:00 S:E0 P:nvUbdizc  $00:9FDA: C9 FF    CMP #$FF
f828    c24640878    i42950496    A:01 X:15 Y:00 S:E0 P:nvUbdizc  $00:9FDC: D0 02    BNE $9FE0
f828    c24640881    i42950497    A:01 X:15 Y:00 S:E0 P:nvUbdizc  $00:9FE0: 95 00    STA $00,X @ $0015 = #$00
f828    c24640885    i42950498    A:01 X:15 Y:00 S:E0 P:nvUbdizc  $00:9FE2: 4C FB 9E JMP $9EFB
f828    c24640888    i42950499    A:01 X:15 Y:00 S:E0 P:nvUbdizc  $00:9EFB: 8A       TXA
f828    c24640890    i42950500    A:15 X:15 Y:00 S:E0 P:nvUbdizc  $00:9EFC: 18       CLC
f828    c24640892    i42950501    A:15 X:15 Y:00 S:E0 P:nvUbdizc  $00:9EFD: 69 04    ADC #$04
f828    c24640894    i42950502    A:19 X:15 Y:00 S:E0 P:nvUbdizc  $00:9EFF: AA       TAX
f828    c24640896    i42950503    A:19 X:19 Y:00 S:E0 P:nvUbdizc  $00:9F00: E0 19    CPX #$19
f828    c24640898    i42950504    A:19 X:19 Y:00 S:E0 P:nvUbdiZC  $00:9F02: D0 EB    BNE $9EEF
f828    c24640900    i42950505    A:19 X:19 Y:00 S:E0 P:nvUbdiZC  $00:9F04: A5 1B    LDA $1B = #$40
f828    c24640903    i42950506    A:40 X:19 Y:00 S:E0 P:nvUbdizC  $00:9F06: 10 FC    BPL $9F04
f828    c24640906    i42950507    A:40 X:19 Y:00 S:E0 P:nvUbdizC  $00:9F04: A5 1B    LDA $1B = #$40
f828    c24640909    i42950508    A:40 X:19 Y:00 S:E0 P:nvUbdizC  $00:9F06: 10 FC    BPL $9F04
f828    c24640912    i42950509    A:40 X:19 Y:00 S:E0 P:nvUbdizC  $00:9F04: A5 1B    LDA $1B = #$40
f828    c24640915    i42950510    A:40 X:19 Y:00 S:E0 P:nvUbdizC  $00:9F06: 10 FC    BPL $9F04
f828    c24640918    i42950511    A:40 X:19 Y:00 S:E0 P:nvUbdizC  $00:9F04: A5 1B    LDA $1B = #$40
f828    c24640921    i42950512    A:40 X:19 Y:00 S:E0 P:nvUbdizC  $00:9F06: 10 FC    BPL $9F04
f828    c24640924    i42950513    A:40 X:19 Y:00 S:E0 P:nvUbdizC  $00:9F04: A5 1B    LDA $1B = #$40
f828    c24640927    i42950514    A:40 X:19 Y:00 S:E0 P:nvUbdizC  $00:9F06: 10 FC    BPL $9F04
f828    c24640930    i42950515    A:40 X:19 Y:00 S:E0 P:nvUbdizC  $00:9F04: A5 1B    LDA $1B = #$40
f828    c24640933    i42950516    A:40 X:19 Y:00 S:E0 P:nvUbdizC  $00:9F06: 10 FC    BPL $9F04
f828    c24640936    i42950517    A:40 X:19 Y:00 S:E0 P:nvUbdizC  $00:9F04: A5 1B    LDA $1B = #$40
f828    c24640939    i42950518    A:40 X:19 Y:00 S:E0 P:nvUbdizC  $00:9F06: 10 FC    BPL $9F04
f828    c24640942    i42950519    A:40 X:19 Y:00 S:E0 P:nvUbdizC  $00:9F04: A5 1B    LDA $1B = #$40
f828    c24640945    i42950520    A:40 X:19 Y:00 S:E0 P:nvUbdizC  $00:9F06: 10 FC    BPL $9F04
f828    c24640948    i42950521    A:40 X:19 Y:00 S:E0 P:nvUbdizC  $00:9F04: A5 1B    LDA $1B = #$40
f828    c24640951    i42950522    A:40 X:19 Y:00 S:E0 P:nvUbdizC  $00:9F06: 10 FC    BPL $9F04
f828    c24640954    i42950523    A:40 X:19 Y:00 S:E0 P:nvUbdizC  $00:9F04: A5 1B    LDA $1B = #$40
f828    c24640957    i42950524    A:40 X:19 Y:00 S:E0 P:nvUbdizC  $00:9F06: 10 FC    BPL $9F04
f828    c24640960    i42950525    A:40 X:19 Y:00 S:E0 P:nvUbdizC  $00:9F04: A5 1B    LDA $1B = #$40
f828    c24640963    i42950526    A:40 X:19 Y:00 S:E0 P:nvUbdizC  $00:9F06: 10 FC    BPL $9F04
f829    c24659428    i42956493    A:01 X:1C Y:01 S:DB P:nvUbdIzC  $01:A036: BD EB 05 LDA $05EB,X @ $0607 = #$01
f829    c24659433    i42956494    A:01 X:1C Y:01 S:DB P:nvUbdIzC  $01:A039: 8D 07 20 STA $2007 = #$00
f829    c24659437    i42956495    A:01 X:1C Y:01 S:DB P:nvUbdIzC  $01:A03C: E8       INX
f829    c24659439    i42956496    A:01 X:1D Y:01 S:DB P:nvUbdIzC  $01:A03D: 88       DEY
f829    c24659441    i42956497    A:01 X:1D Y:00 S:DB P:nvUbdIZC  $01:A03E: D0 F6    BNE $A036
f829    c24659443    i42956498    A:01 X:1D Y:00 S:DB P:nvUbdIZC  $01:A040: E8       INX
f829    c24659445    i42956499    A:01 X:1E Y:00 S:DB P:nvUbdIzC  $01:A041: E8       INX
f829    c24659447    i42956500    A:01 X:1F Y:00 S:DB P:nvUbdIzC  $01:A042: E8       INX
f829    c24659449    i42956501    A:01 X:20 Y:00 S:DB P:nvUbdIzC  $01:A043: BD E8 05 LDA $05E8,X @ $0608 = #$04
f829    c24659454    i42956502    A:04 X:20 Y:00 S:DB P:nvUbdIzC  $01:A046: D0 D3    BNE $A01B
f829    c24659457    i42956503    A:04 X:20 Y:00 S:DB P:nvUbdIzC  $01:A01B: A0 80    LDY #$80
f829    c24659459    i42956504    A:04 X:20 Y:80 S:DB P:NvUbdIzC  $01:A01D: BD E8 05 LDA $05E8,X @ $0608 = #$04
f829    c24659464    i42956505    A:04 X:20 Y:80 S:DB P:nvUbdIzC  $01:A020: 10 04    BPL $A026
f829    c24659467    i42956506    A:04 X:20 Y:80 S:DB P:nvUbdIzC  $01:A026: 8C 00 20 STY $2000 = #$80
f829    c24659471    i42956507    A:04 X:20 Y:80 S:DB P:nvUbdIzC  $01:A029: A8       TAY
f829    c24659473    i42956508    A:04 X:20 Y:04 S:DB P:nvUbdIzC  $01:A02A: BD EA 05 LDA $05EA,X @ $060A = #$25
f829    c24659478    i42956509    A:25 X:20 Y:04 S:DB P:nvUbdIzC  $01:A02D: 8D 06 20 STA $2006 = #$94
f829    c24659482    i42956510    A:25 X:20 Y:04 S:DB P:nvUbdIzC  $01:A030: BD E9 05 LDA $05E9,X @ $0609 = #$B0
f829    c24659487    i42956511    A:B0 X:20 Y:04 S:DB P:NvUbdIzC  $01:A033: 8D 06 20 STA $2006 = #$94
f829    c24659491    i42956512    A:B0 X:20 Y:04 S:DB P:NvUbdIzC  $01:A036: BD EB 05 LDA $05EB,X @ $060B = #$09
f829    c24659496    i42956513    A:09 X:20 Y:04 S:DB P:nvUbdIzC  $01:A039: 8D 07 20 STA $2007 = #$00
f829    c24659500    i42956514    A:09 X:20 Y:04 S:DB P:nvUbdIzC  $01:A03C: E8       INX
f829    c24659502    i42956515    A:09 X:21 Y:04 S:DB P:nvUbdIzC  $01:A03D: 88       DEY
f829    c24659504    i42956516    A:09 X:21 Y:03 S:DB P:nvUbdIzC  $01:A03E: D0 F6    BNE $A036
f829    c24659507    i42956517    A:09 X:21 Y:03 S:DB P:nvUbdIzC  $01:A036: BD EB 05 LDA $05EB,X @ $060C = #$09
f829    c24659512    i42956518    A:09 X:21 Y:03 S:DB P:nvUbdIzC  $01:A039: 8D 07 20 STA $2007 = #$00
f829    c24659516    i42956519    A:09 X:21 Y:03 S:DB P:nvUbdIzC  $01:A03C: E8       INX
f829    c24659518    i42956520    A:09 X:22 Y:03 S:DB P:nvUbdIzC  $01:A03D: 88       DEY
f829    c24659520    i42956521    A:09 X:22 Y:02 S:DB P:nvUbdIzC  $01:A03E: D0 F6    BNE $A036
f829    c24659523    i42956522    A:09 X:22 Y:02 S:DB P:nvUbdIzC  $01:A036: BD EB 05 LDA $05EB,X @ $060D = #$27
f829    c24659528    i42956523    A:27 X:22 Y:02 S:DB P:nvUbdIzC  $01:A039: 8D 07 20 STA $2007 = #$00
f829    c24659532    i42956524    A:27 X:22 Y:02 S:DB P:nvUbdIzC  $01:A03C: E8       INX
f829    c24659534    i42956525    A:27 X:23 Y:02 S:DB P:nvUbdIzC  $01:A03D: 88       DEY
f829    c24659536    i42956526    A:27 X:23 Y:01 S:DB P:nvUbdIzC  $01:A03E: D0 F6    BNE $A036
f829    c24659539    i42956527    A:27 X:23 Y:01 S:DB P:nvUbdIzC  $01:A036: BD EB 05 LDA $05EB,X @ $060E = #$01
f829    c24659544    i42956528    A:01 X:23 Y:01 S:DB P:nvUbdIzC  $01:A039: 8D 07 20 STA $2007 = #$00
f829    c24659548    i42956529    A:01 X:23 Y:01 S:DB P:nvUbdIzC  $01:A03C: E8       INX
f829    c24659550    i42956530    A:01 X:24 Y:01 S:DB P:nvUbdIzC  $01:A03D: 88       DEY
f829    c24659552    i42956531    A:01 X:24 Y:00 S:DB P:nvUbdIZC  $01:A03E: D0 F6    BNE $A036
f829    c24659554    i42956532    A:01 X:24 Y:00 S:DB P:nvUbdIZC  $01:A040: E8       INX
f829    c24659556    i42956533    A:01 X:25 Y:00 S:DB P:nvUbdIzC  $01:A041: E8       INX
f829    c24659558    i42956534    A:01 X:26 Y:00 S:DB P:nvUbdIzC  $01:A042: E8       INX
f829    c24660368    i42956788    A:00 X:01 Y:07 S:DB P:nvUbdIzc  $01:A0ED: BD 15 40 LDA $4015,X @ $4016 = #$00
f829    c24660372    i42956789    A:40 X:01 Y:07 S:DB P:nvUbdIzc  $01:A0F0: 4A       LSR
f829    c24660374    i42956790    A:20 X:01 Y:07 S:DB P:nvUbdIzc  $01:A0F1: 26 3F    ROL $3F = #$00
f829    c24660379    i42956791    A:20 X:01 Y:07 S:DB P:nvUbdIZc  $01:A0F3: 29 01    AND #$01
f829    c24660381    i42956792    A:00 X:01 Y:07 S:DB P:nvUbdIZc  $01:A0F5: 05 3F    ORA $3F = #$00
f829    c24660384    i42956793    A:00 X:01 Y:07 S:DB P:nvUbdIZc  $01:A0F7: 85 3F    STA $3F = #$00
f829    c24660387    i42956794    A:00 X:01 Y:07 S:DB P:nvUbdIZc  $01:A0F9: 88       DEY
f829    c24660389    i42956795    A:00 X:01 Y:06 S:DB P:nvUbdIzc  $01:A0FA: D0 F1    BNE $A0ED
f829    c24660392    i42956796    A:00 X:01 Y:06 S:DB P:nvUbdIzc  $01:A0ED: BD 15 40 LDA $4015,X @ $4016 = #$00
f829    c24660396    i42956797    A:40 X:01 Y:06 S:DB P:nvUbdIzc  $01:A0F0: 4A       LSR
f829    c24660398    i42956798    A:20 X:01 Y:06 S:DB P:nvUbdIzc  $01:A0F1: 26 3F    ROL $3F = #$00
f829    c24660403    i42956799    A:20 X:01 Y:06 S:DB P:nvUbdIZc  $01:A0F3: 29 01    AND #$01
f829    c24660405    i42956800    A:00 X:01 Y:06 S:DB P:nvUbdIZc  $01:A0F5: 05 3F    ORA $3F = #$00
f829    c24660408    i42956801    A:00 X:01 Y:06 S:DB P:nvUbdIZc  $01:A0F7: 85 3F    STA $3F = #$00
f829    c24660411    i42956802    A:00 X:01 Y:06 S:DB P:nvUbdIZc  $01:A0F9: 88       DEY
f829    c24660413    i42956803    A:00 X:01 Y:05 S:DB P:nvUbdIzc  $01:A0FA: D0 F1    BNE $A0ED
f829    c24660416    i42956804    A:00 X:01 Y:05 S:DB P:nvUbdIzc  $01:A0ED: BD 15 40 LDA $4015,X @ $4016 = #$00
f829    c24660420    i42956805    A:40 X:01 Y:05 S:DB P:nvUbdIzc  $01:A0F0: 4A       LSR
f829    c24660422    i42956806    A:20 X:01 Y:05 S:DB P:nvUbdIzc  $01:A0F1: 26 3F    ROL $3F = #$00
f829    c24660427    i42956807    A:20 X:01 Y:05 S:DB P:nvUbdIZc  $01:A0F3: 29 01    AND #$01
f829    c24660429    i42956808    A:00 X:01 Y:05 S:DB P:nvUbdIZc  $01:A0F5: 05 3F    ORA $3F = #$00
f829    c24660432    i42956809    A:00 X:01 Y:05 S:DB P:nvUbdIZc  $01:A0F7: 85 3F    STA $3F = #$00
f829    c24660435    i42956810    A:00 X:01 Y:05 S:DB P:nvUbdIZc  $01:A0F9: 88       DEY
f829    c24660437    i42956811    A:00 X:01 Y:04 S:DB P:nvUbdIzc  $01:A0FA: D0 F1    BNE $A0ED
f829    c24660440    i42956812    A:00 X:01 Y:04 S:DB P:nvUbdIzc  $01:A0ED: BD 15 40 LDA $4015,X @ $4016 = #$00
f829    c24660444    i42956813    A:40 X:01 Y:04 S:DB P:nvUbdIzc  $01:A0F0: 4A       LSR
f829    c24660446    i42956814    A:20 X:01 Y:04 S:DB P:nvUbdIzc  $01:A0F1: 26 3F    ROL $3F = #$00
f829    c24660451    i42956815    A:20 X:01 Y:04 S:DB P:nvUbdIZc  $01:A0F3: 29 01    AND #$01
f829    c24660453    i42956816    A:00 X:01 Y:04 S:DB P:nvUbdIZc  $01:A0F5: 05 3F    ORA $3F = #$00
f829    c24660456    i42956817    A:00 X:01 Y:04 S:DB P:nvUbdIZc  $01:A0F7: 85 3F    STA $3F = #$00
f829    c24660459    i42956818    A:00 X:01 Y:04 S:DB P:nvUbdIZc  $01:A0F9: 88       DEY
f829    c24660461    i42956819    A:00 X:01 Y:03 S:DB P:nvUbdIzc  $01:A0FA: D0 F1    BNE $A0ED
f829    c24660464    i42956820    A:00 X:01 Y:03 S:DB P:nvUbdIzc  $01:A0ED: BD 15 40 LDA $4015,X @ $4016 = #$00
f829    c24660468    i42956821    A:40 X:01 Y:03 S:DB P:nvUbdIzc  $01:A0F0: 4A       LSR
f829    c24660470    i42956822    A:20 X:01 Y:03 S:DB P:nvUbdIzc  $01:A0F1: 26 3F    ROL $3F = #$00
f829    c24660475    i42956823    A:20 X:01 Y:03 S:DB P:nvUbdIZc  $01:A0F3: 29 01    AND #$01
f829    c24660477    i42956824    A:00 X:01 Y:03 S:DB P:nvUbdIZc  $01:A0F5: 05 3F    ORA $3F = #$00
f829    c24660480    i42956825    A:00 X:01 Y:03 S:DB P:nvUbdIZc  $01:A0F7: 85 3F    STA $3F = #$00
f829    c24660483    i42956826    A:00 X:01 Y:03 S:DB P:nvUbdIZc  $01:A0F9: 88       DEY
f829    c24660485    i42956827    A:00 X:01 Y:02 S:DB P:nvUbdIzc  $01:A0FA: D0 F1    BNE $A0ED
f829    c24660488    i42956828    A:00 X:01 Y:02 S:DB P:nvUbdIzc  $01:A0ED: BD 15 40 LDA $4015,X @ $4016 = #$00
f829    c24660492    i42956829    A:40 X:01 Y:02 S:DB P:nvUbdIzc  $01:A0F0: 4A       LSR
f829    c24685371    i42964641    A:00 X:00 Y:F8 S:EC P:nvUbdiZc  $01:A8EE: 99 02 02 STA $0202,Y @ $02FA = #$F8
f829    c24685376    i42964642    A:00 X:00 Y:F8 S:EC P:nvUbdiZc  $01:A8F1: B9 6B 04 LDA $046B,Y @ $0563 = #$00
f829    c24685381    i42964643    A:00 X:00 Y:F8 S:EC P:nvUbdiZc  $01:A8F4: 99 03 02 STA $0203,Y @ $02FB = #$F8
f829    c24685386    i42964644    A:00 X:00 Y:F8 S:EC P:nvUbdiZc  $01:A8F7: C8       INY
f829    c24685388    i42964645    A:00 X:00 Y:F9 S:EC P:NvUbdizc  $01:A8F8: C8       INY
f829    c24685390    i42964646    A:00 X:00 Y:FA S:EC P:NvUbdizc  $01:A8F9: C8       INY
f829    c24685392    i42964647    A:00 X:00 Y:FB S:EC P:NvUbdizc  $01:A8FA: C8       INY
f829    c24685394    i42964648    A:00 X:00 Y:FC S:EC P:NvUbdizc  $01:A8FB: D0 D8    BNE $A8D5
f829    c24685397    i42964649    A:00 X:00 Y:FC S:EC P:NvUbdizc  $01:A8D5: BE 68 04 LDX $0468,Y @ $0564 = #$00
f829    c24685402    i42964650    A:00 X:00 Y:FC S:EC P:nvUbdiZc  $01:A8D8: B9 6A 04 LDA $046A,Y @ $0566 = #$00
f829    c24685407    i42964651    A:00 X:00 Y:FC S:EC P:nvUbdiZc  $01:A8DB: 29 0C    AND #$0C
f829    c24685409    i42964652    A:00 X:00 Y:FC S:EC P:nvUbdiZc  $01:A8DD: F0 02    BEQ $A8E1
f829    c24685412    i42964653    A:00 X:00 Y:FC S:EC P:nvUbdiZc  $01:A8E1: 8A       TXA
f829    c24685414    i42964654    A:00 X:00 Y:FC S:EC P:nvUbdiZc  $01:A8E2: 99 00 02 STA $0200,Y @ $02FC = #$F8
f829    c24685419    i42964655    A:00 X:00 Y:FC S:EC P:nvUbdiZc  $01:A8E5: B9 69 04 LDA $0469,Y @ $0565 = #$00
f829    c24685424    i42964656    A:00 X:00 Y:FC S:EC P:nvUbdiZc  $01:A8E8: 99 01 02 STA $0201,Y @ $02FD = #$F8
f829    c24685429    i42964657    A:00 X:00 Y:FC S:EC P:nvUbdiZc  $01:A8EB: B9 6A 04 LDA $046A,Y @ $0566 = #$00
f829    c24685434    i42964658    A:00 X:00 Y:FC S:EC P:nvUbdiZc  $01:A8EE: 99 02 02 STA $0202,Y @ $02FE = #$F8
f829    c24685439    i42964659    A:00 X:00 Y:FC S:EC P:nvUbdiZc  $01:A8F1: B9 6B 04 LDA $046B,Y @ $0567 = #$F8
f829    c24685444    i42964660    A:F8 X:00 Y:FC S:EC P:NvUbdizc  $01:A8F4: 99 03 02 STA $0203,Y @ $02FF = #$F8
f829    c24685449    i42964661    A:F8 X:00 Y:FC S:EC P:NvUbdizc  $01:A8F7: C8       INY
f829    c24685451    i42964662    A:F8 X:00 Y:FD S:EC P:NvUbdizc  $01:A8F8: C8       INY
f829    c24685453    i42964663    A:F8 X:00 Y:FE S:EC P:NvUbdizc  $01:A8F9: C8       INY
f829    c24685455    i42964664    A:F8 X:00 Y:FF S:EC P:NvUbdizc  $01:A8FA: C8       INY
f829    c24685457    i42964665    A:F8 X:00 Y:00 S:EC P:nvUbdiZc  $01:A8FB: D0 D8    BNE $A8D5
f829    c24685459    i42964666    A:F8 X:00 Y:00 S:EC P:nvUbdiZc  $01:A8FD: 60       RTS (from $A215)
f829    c24685465    i42964667    A:F8 X:00 Y:00 S:EE P:nvUbdiZc  $00:8392: A2 06    LDX #$06
f829    c24685467    i42964668    A:F8 X:06 Y:00 S:EE P:nvUbdizc  $00:8394: 20 B9 C4 JSR $C4B9
f829    c24685473    i42964669    A:F8 X:06 Y:00 S:EC P:nvUbdizc  $0F:C4B9: 86 25    STX $25 = #$02
f829    c24685476    i42964670    A:F8 X:06 Y:00 S:EC P:nvUbdizc  $0F:C4BB: A9 07    LDA #$07
f829    c24685478    i42964671    A:07 X:06 Y:00 S:EC P:nvUbdizc  $0F:C4BD: 05 22    ORA $22 = #$00
f829    c24685481    i42964672    A:07 X:06 Y:00 S:EC P:nvUbdizc  $0F:C4BF: 85 23    STA $23 = #$06
f829    c24685484    i42964673    A:07 X:06 Y:00 S:EC P:nvUbdizc  $0F:C4C1: 8D 00 80 STA $8000 = #$A5
f829    c24685488    i42964674    A:07 X:06 Y:00 S:EC P:nvUbdizc  $0F:C4C4: 8E 01 80 STX $8001 = #$27
f829    c24685492    i42964675    A:07 X:06 Y:00 S:EC P:nvUbdizc  $0F:C4C7: 60       RTS (from $C4B9)
f829    c24685498    i42964676    A:07 X:06 Y:00 S:EE P:nvUbdizc  $00:8397: 60       RTS (from $838A)
f829    c24685504    i42964677    A:07 X:06 Y:00 S:F0 P:nvUbdizc  $00:82F0: A5 4C    LDA $4C = #$00
f829    c24685507    i42964678    A:00 X:06 Y:00 S:F0 P:nvUbdiZc  $00:82F2: 10 F9    BPL $82ED
f829    c24685510    i42964679    A:00 X:06 Y:00 S:F0 P:nvUbdiZc  $00:82ED: 20 8A 83 JSR $838A
f829    c24685516    i42964680    A:00 X:06 Y:00 S:EE P:nvUbdiZc  $00:838A: A2 02    LDX #$02
f829    c24685518    i42964681    A:00 X:02 Y:00 S:EE P:nvUbdizc  $00:838C: 20 B9 C4 JSR $C4B9
f830    c24688950    i42965637    A:00 X:0A Y:01 S:DB P:nvUbdIZC  $01:A039: 8D 07 20 STA $2007 = #$00
f830    c24688954    i42965638    A:00 X:0A Y:01 S:DB P:nvUbdIZC  $01:A03C: E8       INX
f830    c24688956    i42965639    A:00 X:0B Y:01 S:DB P:nvUbdIzC  $01:A03D: 88       DEY
f830    c24688958    i42965640    A:00 X:0B Y:00 S:DB P:nvUbdIZC  $01:A03E: D0 F6    BNE $A036
f830    c24688960    i42965641    A:00 X:0B Y:00 S:DB P:nvUbdIZC  $01:A040: E8       INX
f830    c24688962    i42965642    A:00 X:0C Y:00 S:DB P:nvUbdIzC  $01:A041: E8       INX
f830    c24688964    i42965643    A:00 X:0D Y:00 S:DB P:nvUbdIzC  $01:A042: E8       INX
f830    c24688966    i42965644    A:00 X:0E Y:00 S:DB P:nvUbdIzC  $01:A043: BD E8 05 LDA $05E8,X @ $05F6 = #$04
f830    c24688970    i42965645    A:04 X:0E Y:00 S:DB P:nvUbdIzC  $01:A046: D0 D3    BNE $A01B
f830    c24688973    i42965646    A:04 X:0E Y:00 S:DB P:nvUbdIzC  $01:A01B: A0 80    LDY #$80
f830    c24688975    i42965647    A:04 X:0E Y:80 S:DB P:NvUbdIzC  $01:A01D: BD E8 05 LDA $05E8,X @ $05F6 = #$04
f830    c24688979    i42965648    A:04 X:0E Y:80 S:DB P:nvUbdIzC  $01:A020: 10 04    BPL $A026
f830    c24688982    i42965649    A:04 X:0E Y:80 S:DB P:nvUbdIzC  $01:A026: 8C 00 20 STY $2000 = #$80
f830    c24688986    i42965650    A:04 X:0E Y:80 S:DB P:nvUbdIzC  $01:A029: A8       TAY
f830    c24688988    i42965651    A:04 X:0E Y:04 S:DB P:nvUbdIzC  $01:A02A: BD EA 05 LDA $05EA,X @ $05F8 = #$25
f830    c24688992    i42965652    A:25 X:0E Y:04 S:DB P:nvUbdIzC  $01:A02D: 8D 06 20 STA $2006 = #$B8
f830    c24688996    i42965653    A:25 X:0E Y:04 S:DB P:nvUbdIzC  $01:A030: BD E9 05 LDA $05E9,X @ $05F7 = #$D4
f830    c24689000    i42965654    A:D4 X:0E Y:04 S:DB P:NvUbdIzC  $01:A033: 8D 06 20 STA $2006 = #$B8
f830    c24689004    i42965655    A:D4 X:0E Y:04 S:DB P:NvUbdIzC  $01:A036: BD EB 05 LDA $05EB,X @ $05F9 = #$01
f830    c24689008    i42965656    A:01 X:0E Y:04 S:DB P:nvUbdIzC  $01:A039: 8D 07 20 STA $2007 = #$00
f830    c24689012    i42965657    A:01 X:0E Y:04 S:DB P:nvUbdIzC  $01:A03C: E8       INX
f830    c24689014    i42965658    A:01 X:0F Y:04 S:DB P:nvUbdIzC  $01:A03D: 88       DEY
f830    c24689016    i42965659    A:01 X:0F Y:03 S:DB P:nvUbdIzC  $01:A03E: D0 F6    BNE $A036
f830    c24689019    i42965660    A:01 X:0F Y:03 S:DB P:nvUbdIzC  $01:A036: BD EB 05 LDA $05EB,X @ $05FA = #$01
f830    c24689023    i42965661    A:01 X:0F Y:03 S:DB P:nvUbdIzC  $01:A039: 8D 07 20 STA $2007 = #$00
f830    c24689027    i42965662    A:01 X:0F Y:03 S:DB P:nvUbdIzC  $01:A03C: E8       INX
f830    c24689029    i42965663    A:01 X:10 Y:03 S:DB P:nvUbdIzC  $01:A03D: 88       DEY
f830    c24689031    i42965664    A:01 X:10 Y:02 S:DB P:nvUbdIzC  $01:A03E: D0 F6    BNE $A036
f830    c24689034    i42965665    A:01 X:10 Y:02 S:DB P:nvUbdIzC  $01:A036: BD EB 05 LDA $05EB,X @ $05FB = #$00
f830    c24689038    i42965666    A:00 X:10 Y:02 S:DB P:nvUbdIZC  $01:A039: 8D 07 20 STA $2007 = #$00
f830    c24689042    i42965667    A:00 X:10 Y:02 S:DB P:nvUbdIZC  $01:A03C: E8       INX
f830    c24689044    i42965668    A:00 X:11 Y:02 S:DB P:nvUbdIzC  $01:A03D: 88       DEY
f830    c24689046    i42965669    A:00 X:11 Y:01 S:DB P:nvUbdIzC  $01:A03E: D0 F6    BNE $A036
f830    c24689049    i42965670    A:00 X:11 Y:01 S:DB P:nvUbdIzC  $01:A036: BD EB 05 LDA $05EB,X @ $05FC = #$00
f830    c24689053    i42965671    A:00 X:11 Y:01 S:DB P:nvUbdIZC  $01:A039: 8D 07 20 STA $2007 = #$00
f830    c24689057    i42965672    A:00 X:11 Y:01 S:DB P:nvUbdIZC  $01:A03C: E8       INX
f830    c24689059    i42965673    A:00 X:12 Y:01 S:DB P:nvUbdIzC  $01:A03D: 88       DEY
f830    c24689061    i42965674    A:00 X:12 Y:00 S:DB P:nvUbdIZC  $01:A03E: D0 F6    BNE $A036
f830    c24689063    i42965675    A:00 X:12 Y:00 S:DB P:nvUbdIZC  $01:A040: E8       INX
f830    c24689065    i42965676    A:00 X:13 Y:00 S:DB P:nvUbdIzC  $01:A041: E8       INX
f830    c24689067    i42965677    A:00 X:14 Y:00 S:DB P:nvUbdIzC  $01:A042: E8       INX
f830    c24689069    i42965678    A:00 X:15 Y:00 S:DB P:nvUbdIzC  $01:A043: BD E8 05 LDA $05E8,X @ $05FD = #$04
f830    c24690294    i42966060    A:00 X:01 Y:06 S:DB P:nvUbdIzc  $01:A0ED: BD 15 40 LDA $4015,X @ $4016 = #$00
f830    c24690298    i42966061    A:40 X:01 Y:06 S:DB P:nvUbdIzc  $01:A0F0: 4A       LSR
f830    c24690300    i42966062    A:20 X:01 Y:06 S:DB P:nvUbdIzc  $01:A0F1: 26 3F    ROL $3F = #$00
f830    c24690305    i42966063    A:20 X:01 Y:06 S:DB P:nvUbdIZc  $01:A0F3: 29 01    AND #$01
f830    c24690307    i42966064    A:00 X:01 Y:06 S:DB P:nvUbdIZc  $01:A0F5: 05 3F    ORA $3F = #$00
f830    c24690310    i42966065    A:00 X:01 Y:06 S:DB P:nvUbdIZc  $01:A0F7: 85 3F    STA $3F = #$00
f830    c24690313    i42966066    A:00 X:01 Y:06 S:DB P:nvUbdIZc  $01:A0F9: 88       DEY
f830    c24690315    i42966067    A:00 X:01 Y:05 S:DB P:nvUbdIzc  $01:A0FA: D0 F1    BNE $A0ED
f830    c24690318    i42966068    A:00 X:01 Y:05 S:DB P:nvUbdIzc  $01:A0ED: BD 15 40 LDA $4015,X @ $4016 = #$00
f830    c24690322    i42966069    A:40 X:01 Y:05 S:DB P:nvUbdIzc  $01:A0F0: 4A       LSR
f830    c24690324    i42966070    A:20 X:01 Y:05 S:DB P:nvUbdIzc  $01:A0F1: 26 3F    ROL $3F = #$00
f830    c24690329    i42966071    A:20 X:01 Y:05 S:DB P:nvUbdIZc  $01:A0F3: 29 01    AND #$01
f830    c24690331    i42966072    A:00 X:01 Y:05 S:DB P:nvUbdIZc  $01:A0F5: 05 3F    ORA $3F = #$00
f830    c24690334    i42966073    A:00 X:01 Y:05 S:DB P:nvUbdIZc  $01:A0F7: 85 3F    STA $3F = #$00
f830    c24690337    i42966074    A:00 X:01 Y:05 S:DB P:nvUbdIZc  $01:A0F9: 88       DEY
f830    c24690339    i42966075    A:00 X:01 Y:04 S:DB P:nvUbdIzc  $01:A0FA: D0 F1    BNE $A0ED
f830    c24690342    i42966076    A:00 X:01 Y:04 S:DB P:nvUbdIzc  $01:A0ED: BD 15 40 LDA $4015,X @ $4016 = #$00
f830    c24690346    i42966077    A:40 X:01 Y:04 S:DB P:nvUbdIzc  $01:A0F0: 4A       LSR
f830    c24690348    i42966078    A:20 X:01 Y:04 S:DB P:nvUbdIzc  $01:A0F1: 26 3F    ROL $3F = #$00
f830    c24690353    i42966079    A:20 X:01 Y:04 S:DB P:nvUbdIZc  $01:A0F3: 29 01    AND #$01
f830    c24690355    i42966080    A:00 X:01 Y:04 S:DB P:nvUbdIZc  $01:A0F5: 05 3F    ORA $3F = #$00
f830    c24690358    i42966081    A:00 X:01 Y:04 S:DB P:nvUbdIZc  $01:A0F7: 85 3F    STA $3F = #$00
f830    c24690361    i42966082    A:00 X:01 Y:04 S:DB P:nvUbdIZc  $01:A0F9: 88       DEY
f830    c24690363    i42966083    A:00 X:01 Y:03 S:DB P:nvUbdIzc  $01:A0FA: D0 F1    BNE $A0ED
f830    c24690366    i42966084    A:00 X:01 Y:03 S:DB P:nvUbdIzc  $01:A0ED: BD 15 40 LDA $4015,X @ $4016 = #$00
f830    c24690370    i42966085    A:40 X:01 Y:03 S:DB P:nvUbdIzc  $01:A0F0: 4A       LSR
f830    c24690372    i42966086    A:20 X:01 Y:03 S:DB P:nvUbdIzc  $01:A0F1: 26 3F    ROL $3F = #$00
f830    c24690377    i42966087    A:20 X:01 Y:03 S:DB P:nvUbdIZc  $01:A0F3: 29 01    AND #$01
f830    c24690379    i42966088    A:00 X:01 Y:03 S:DB P:nvUbdIZc  $01:A0F5: 05 3F    ORA $3F = #$00
f830    c24690382    i42966089    A:00 X:01 Y:03 S:DB P:nvUbdIZc  $01:A0F7: 85 3F    STA $3F = #$00
f830    c24690385    i42966090    A:00 X:01 Y:03 S:DB P:nvUbdIZc  $01:A0F9: 88       DEY
f830    c24690387    i42966091    A:00 X:01 Y:02 S:DB P:nvUbdIzc  $01:A0FA: D0 F1    BNE $A0ED
f830    c24690390    i42966092    A:00 X:01 Y:02 S:DB P:nvUbdIzc  $01:A0ED: BD 15 40 LDA $4015,X @ $4016 = #$00
f830    c24690394    i42966093    A:40 X:01 Y:02 S:DB P:nvUbdIzc  $01:A0F0: 4A       LSR
f830    c24690396    i42966094    A:20 X:01 Y:02 S:DB P:nvUbdIzc  $01:A0F1: 26 3F    ROL $3F = #$00
f830    c24690401    i42966095    A:20 X:01 Y:02 S:DB P:nvUbdIZc  $01:A0F3: 29 01    AND #$01
f830    c24690403    i42966096    A:00 X:01 Y:02 S:DB P:nvUbdIZc  $01:A0F5: 05 3F    ORA $3F = #$00
f830    c24690406    i42966097    A:00 X:01 Y:02 S:DB P:nvUbdIZc  $01:A0F7: 85 3F    STA $3F = #$00
f830    c24690409    i42966098    A:00 X:01 Y:02 S:DB P:nvUbdIZc  $01:A0F9: 88       DEY
f830    c24690411    i42966099    A:00 X:01 Y:01 S:DB P:nvUbdIzc  $01:A0FA: D0 F1    BNE $A0ED
f830    c24690414    i42966100    A:00 X:01 Y:01 S:DB P:nvUbdIzc  $01:A0ED: BD 15 40 LDA $4015,X @ $4016 = #$00
f830    c24690418    i42966101    A:40 X:01 Y:01 S:DB P:nvUbdIzc  $01:A0F0: 4A       LSR
f830    c24693373    i42967032    A:00 X:0F Y:01 S:4C P:nvUbdiZc  $00:9AA8: B9 2A 06 LDA $062A,Y @ $062B = #$0F
f830    c24693377    i42967033    A:0F X:0F Y:01 S:4C P:nvUbdizc  $00:9AAB: 29 0F    AND #$0F
f830    c24693379    i42967034    A:0F X:0F Y:01 S:4C P:nvUbdizc  $00:9AAD: 05 E6    ORA $E6 = #$00
f830    c24693382    i42967035    A:0F X:0F Y:01 S:4C P:nvUbdizc  $00:9AAF: A6 E7    LDX $E7 = #$04
f830    c24693385    i42967036    A:0F X:04 Y:01 S:4C P:nvUbdizc  $00:9AB1: 9D E8 05 STA $05E8,X @ $05EC = #$01
f830    c24693390    i42967037    A:0F X:04 Y:01 S:4C P:nvUbdizc  $00:9AB4: E6 E7    INC $E7 = #$04
f830    c24693395    i42967038    A:0F X:04 Y:01 S:4C P:nvUbdizc  $00:9AB6: C8       INY
f830    c24693397    i42967039    A:0F X:04 Y:02 S:4C P:nvUbdizc  $00:9AB7: 60       RTS (from $9AA2)
f830    c24693403    i42967040    A:0F X:04 Y:02 S:4E P:nvUbdizc  $00:9A89: C0 10    CPY #$10
f830    c24693405    i42967041    A:0F X:04 Y:02 S:4E P:NvUbdizc  $00:9A8B: D0 F1    BNE $9A7E
f830    c24693408    i42967042    A:0F X:04 Y:02 S:4E P:NvUbdizc  $00:9A7E: B9 2A 06 LDA $062A,Y @ $062C = #$10
f830    c24693412    i42967043    A:10 X:04 Y:02 S:4E P:nvUbdizc  $00:9A81: 29 30    AND #$30
f830    c24693414    i42967044    A:10 X:04 Y:02 S:4E P:nvUbdizc  $00:9A83: 18       CLC
f830    c24693416    i42967045    A:10 X:04 Y:02 S:4E P:nvUbdizc  $00:9A84: 65 4A    ADC $4A = #$0F
f830    c24693419    i42967046    A:1F X:04 Y:02 S:4E P:nvUbdizc  $00:9A86: 20 A2 9A JSR $9AA2
f830    c24693425    i42967047    A:1F X:04 Y:02 S:4C P:nvUbdizc  $00:9AA2: AA       TAX
f830    c24693427    i42967048    A:1F X:1F Y:02 S:4C P:nvUbdizc  $00:9AA3: BD A2 9E LDA $9EA2,X @ $9EC1 = #$10
f830    c24693431    i42967049    A:10 X:1F Y:02 S:4C P:nvUbdizc  $00:9AA6: 85 E6    STA $E6 = #$00
f830    c24693434    i42967050    A:10 X:1F Y:02 S:4C P:nvUbdizc  $00:9AA8: B9 2A 06 LDA $062A,Y @ $062C = #$10
f830    c24693438    i42967051    A:10 X:1F Y:02 S:4C P:nvUbdizc  $00:9AAB: 29 0F    AND #$0F
f830    c24693440    i42967052    A:00 X:1F Y:02 S:4C P:nvUbdiZc  $00:9AAD: 05 E6    ORA $E6 = #$10
f830    c24693443    i42967053    A:10 X:1F Y:02 S:4C P:nvUbdizc  $00:9AAF: A6 E7    LDX $E7 = #$05
f830    c24693446    i42967054    A:10 X:05 Y:02 S:4C P:nvUbdizc  $00:9AB1: 9D E8 05 STA $05E8,X @ $05ED = #$00
f830    c24693451    i42967055    A:10 X:05 Y:02 S:4C P:nvUbdizc  $00:9AB4: E6 E7    INC $E7 = #$05
f830    c24693456    i42967056    A:10 X:05 Y:02 S:4C P:nvUbdizc  $00:9AB6: C8       INY
f830    c24693458    i42967057    A:10 X:05 Y:03 S:4C P:nvUbdizc  $00:9AB7: 60       RTS (from $9AA2)
f830    c24693464    i42967058    A:10 X:05 Y:03 S:4E P:nvUbdizc  $00:9A89: C0 10    CPY #$10
f830    c24693466    i42967059    A:10 X:05 Y:03 S:4E P:NvUbdizc  $00:9A8B: D0 F1    BNE $9A7E
f830    c24693469    i42967060    A:10 X:05 Y:03 S:4E P:NvUbdizc  $00:9A7E: B9 2A 06 LDA $062A,Y @ $062D = #$30
f830    c24693473    i42967061    A:30 X:05 Y:03 S:4E P:nvUbdizc  $00:9A81: 29 30    AND #$30
f830    c24693475    i42967062    A:30 X:05 Y:03 S:4E P:nvUbdizc  $00:9A83: 18       CLC
f830    c24693477    i42967063    A:30 X:05 Y:03 S:4E P:nvUbdizc  $00:9A84: 65 4A    ADC $4A = #$0F
f830    c24693480    i42967064    A:3F X:05 Y:03 S:4E P:nvUbdizc  $00:9A86: 20 A2 9A JSR $9AA2
f830    c24693486    i42967065    A:3F X:05 Y:03 S:4C P:nvUbdizc  $00:9AA2: AA       TAX
f830    c24693488    i42967066    A:3F X:3F Y:03 S:4C P:nvUbdizc  $00:9AA3: BD A2 9E LDA $9EA2,X @ $9EE1 = #$30
f830    c24693492    i42967067    A:30 X:3F Y:03 S:4C P:nvUbdizc  $00:9AA6: 85 E6    STA $E6 = #$10
f830    c24693495    i42967068    A:30 X:3F Y:03 S:4C P:nvUbdizc  $00:9AA8: B9 2A 06 LDA $062A,Y @ $062D = #$30
f830    c24693499    i42967069    A:30 X:3F Y:03 S:4C P:nvUbdizc  $00:9AAB: 29 0F    AND #$0F
f830    c24693501    i42967070    A:00 X:3F Y:03 S:4C P:nvUbdiZc  $00:9AAD: 05 E6    ORA $E6 = #$30
f830    c24693504    i42967071    A:30 X:3F Y:03 S:4C P:nvUbdizc  $00:9AAF: A6 E7    LDX $E7 = #$06
f830    c24693507    i42967072    A:30 X:06 Y:03 S:4C P:nvUbdizc  $00:9AB1: 9D E8 05 STA $05E8,X @ $05EE = #$00
f831    c24720440    i42975557    A:C7 X:10 Y:03 S:D9 P:NvUbdIzC  $06:8241: A0 06    LDY #$06
f831    c24720442    i42975558    A:C7 X:10 Y:06 S:D9 P:nvUbdIzC  $06:8243: 91 F0    STA ($F0),Y @ $076D = #$C7
f831    c24720448    i42975559    A:C7 X:10 Y:06 S:D9 P:nvUbdIzC  $06:8245: A6 F3    LDX $F3 = #$04
f831    c24720451    i42975560    A:C7 X:04 Y:06 S:D9 P:nvUbdIzC  $06:8247: CA       DEX
f831    c24720453    i42975561    A:C7 X:03 Y:06 S:D9 P:nvUbdIzC  $06:8248: BD AF 07 LDA $07AF,X @ $07B2 = #$01
f831    c24720457    i42975562    A:01 X:03 Y:06 S:D9 P:nvUbdIzC  $06:824B: C9 01    CMP #$01
f831    c24720459    i42975563    A:01 X:03 Y:06 S:D9 P:nvUbdIZC  $06:824D: F0 08    BEQ $8257
f831    c24720462    i42975564    A:01 X:03 Y:06 S:D9 P:nvUbdIZC  $06:8257: BD C7 07 LDA $07C7,X @ $07CA = #$06
f831    c24720466    i42975565    A:06 X:03 Y:06 S:D9 P:nvUbdIzC  $06:825A: 0A       ASL
f831    c24720468    i42975566    A:0C X:03 Y:06 S:D9 P:nvUbdIzc  $06:825B: A8       TAY
f831    c24720470    i42975567    A:0C X:03 Y:0C S:D9 P:nvUbdIzc  $06:825C: B9 69 82 LDA $8269,Y @ $8275 = #$97
f831    c24720474    i42975568    A:97 X:03 Y:0C S:D9 P:NvUbdIzc  $06:825F: 85 F9    STA $F9 = #$97
f831    c24720477    i42975569    A:97 X:03 Y:0C S:D9 P:NvUbdIzc  $06:8261: B9 6A 82 LDA $826A,Y @ $8276 = #$82
f831    c24720481    i42975570    A:82 X:03 Y:0C S:D9 P:NvUbdIzc  $06:8264: 85 FA    STA $FA = #$82
f831    c24720484    i42975571    A:82 X:03 Y:0C S:D9 P:NvUbdIzc  $06:8266: 6C F9 00 JMP ($00F9) = $8297
f831    c24720489    i42975572    A:82 X:03 Y:0C S:D9 P:NvUbdIzc  $06:8297: BD B7 07 LDA $07B7,X @ $07BA = #$40
f831    c24720493    i42975573    A:40 X:03 Y:0C S:D9 P:nvUbdIzc  $06:829A: A0 07    LDY #$07
f831    c24720495    i42975574    A:40 X:03 Y:07 S:D9 P:nvUbdIzc  $06:829C: 91 F0    STA ($F0),Y @ $076E = #$40
f831    c24720501    i42975575    A:40 X:03 Y:07 S:D9 P:nvUbdIzc  $06:829E: BD BF 07 LDA $07BF,X @ $07C2 = #$81
f831    c24720505    i42975576    A:81 X:03 Y:07 S:D9 P:NvUbdIzc  $06:82A1: C8       INY
f831    c24720507    i42975577    A:81 X:03 Y:08 S:D9 P:nvUbdIzc  $06:82A2: 91 F0    STA ($F0),Y @ $076F = #$81
f831    c24720513    i42975578    A:81 X:03 Y:08 S:D9 P:nvUbdIzc  $06:82A4: BD C7 07 LDA $07C7,X @ $07CA = #$06
f831    c24720517    i42975579    A:06 X:03 Y:08 S:D9 P:nvUbdIzc  $06:82A7: 18       CLC
f831    c24720519    i42975580    A:06 X:03 Y:08 S:D9 P:nvUbdIzc  $06:82A8: 69 01    ADC #$01
f831    c24720521    i42975581    A:07 X:03 Y:08 S:D9 P:nvUbdIzc  $06:82AA: C9 0A    CMP #$0A
f831    c24720523    i42975582    A:07 X:03 Y:08 S:D9 P:NvUbdIzc  $06:82AC: D0 02    BNE $82B0
f831    c24720526    i42975583    A:07 X:03 Y:08 S:D9 P:NvUbdIzc  $06:82B0: 9D C7 07 STA $07C7,X @ $07CA = #$06
f831    c24720531    i42975584    A:07 X:03 Y:08 S:D9 P:NvUbdIzc  $06:82B3: 60       RTS (from $81DB)
f831    c24720537    i42975585    A:07 X:03 Y:08 S:DB P:NvUbdIzc  $06:810C: 18       CLC
f831    c24720539    i42975586    A:07 X:03 Y:08 S:DB P:NvUbdIzc  $06:810D: A9 10    LDA #$10
f831    c24720541    i42975587    A:10 X:03 Y:08 S:DB P:nvUbdIzc  $06:810F: 65 F0    ADC $F0 = #$67
f831    c24720544    i42975588    A:77 X:03 Y:08 S:DB P:nvUbdIzc  $06:8111: 85 F0    STA $F0 = #$67
f831    c24720547    i42975589    A:77 X:03 Y:08 S:DB P:nvUbdIzc  $06:8113: A9 04    LDA #$04
f831    c24720549    i42975590    A:04 X:03 Y:08 S:DB P:nvUbdIzc  $06:8115: 65 F2    ADC $F2 = #$10
f831    c24720552    i42975591    A:14 X:03 Y:08 S:DB P:nvUbdIzc  $06:8117: 85 F2    STA $F2 = #$10
f831    c24720555    i42975592    A:14 X:03 Y:08 S:DB P:nvUbdIzc  $06:8119: C6 F3    DEC $F3 = #$04
f831    c24720560    i42975593    A:14 X:03 Y:08 S:DB P:nvUbdIzc  $06:811B: D0 AD    BNE $80CA
f831    c24720564    i42975594    A:14 X:03 Y:08 S:DB P:nvUbdIzc  $06:80CA: AD 06 07 LDA $0706 = #$87
f831    c24720568    i42975595    A:87 X:03 Y:08 S:DB P:NvUbdIzc  $06:80CD: 4A       LSR
f831    c24720570    i42975596    A:43 X:03 Y:08 S:DB P:nvUbdIzC  $06:80CE: 90 02    BCC $80D2
f831    c24720572    i42975597    A:43 X:03 Y:08 S:DB P:nvUbdIzC  $06:80D0: 09 80    ORA #$80
f836    c24878077    i43025520    A:00 X:00 Y:F8 S:EC P:nvUbdiZc  $01:A8EE: 99 02 02 STA $0202,Y @ $02FA = #$00
f836    c24878082    i43025521    A:00 X:00 Y:F8 S:EC P:nvUbdiZc  $01:A8F1: B9 6B 04 LDA $046B,Y @ $0563 = #$00
f836    c24878087    i43025522    A:00 X:00 Y:F8 S:EC P:nvUbdiZc  $01:A8F4: 99 03 02 STA $0203,Y @ $02FB = #$00
f836    c24878092    i43025523    A:00 X:00 Y:F8 S:EC P:nvUbdiZc  $01:A8F7: C8       INY
f836    c24878094    i43025524    A:00 X:00 Y:F9 S:EC P:NvUbdizc  $01:A8F8: C8       INY
f836    c24878096    i43025525    A:00 X:00 Y:FA S:EC P:NvUbdizc  $01:A8F9: C8       INY
f836    c24878098    i43025526    A:00 X:00 Y:FB S:EC P:NvUbdizc  $01:A8FA: C8       INY
f836    c24878100    i43025527    A:00 X:00 Y:FC S:EC P:NvUbdizc  $01:A8FB: D0 D8    BNE $A8D5
f836    c24878103    i43025528    A:00 X:00 Y:FC S:EC P:NvUbdizc  $01:A8D5: BE 68 04 LDX $0468,Y @ $0564 = #$00
f836    c24878108    i43025529    A:00 X:00 Y:FC S:EC P:nvUbdiZc  $01:A8D8: B9 6A 04 LDA $046A,Y @ $0566 = #$00
f836    c24878113    i43025530    A:00 X:00 Y:FC S:EC P:nvUbdiZc  $01:A8DB: 29 0C    AND #$0C
f836    c24878115    i43025531    A:00 X:00 Y:FC S:EC P:nvUbdiZc  $01:A8DD: F0 02    BEQ $A8E1
f836    c24878118    i43025532    A:00 X:00 Y:FC S:EC P:nvUbdiZc  $01:A8E1: 8A       TXA
f836    c24878120    i43025533    A:00 X:00 Y:FC S:EC P:nvUbdiZc  $01:A8E2: 99 00 02 STA $0200,Y @ $02FC = #$00
f836    c24878125    i43025534    A:00 X:00 Y:FC S:EC P:nvUbdiZc  $01:A8E5: B9 69 04 LDA $0469,Y @ $0565 = #$00
f836    c24878130    i43025535    A:00 X:00 Y:FC S:EC P:nvUbdiZc  $01:A8E8: 99 01 02 STA $0201,Y @ $02FD = #$00
f836    c24878135    i43025536    A:00 X:00 Y:FC S:EC P:nvUbdiZc  $01:A8EB: B9 6A 04 LDA $046A,Y @ $0566 = #$00
f836    c24878140    i43025537    A:00 X:00 Y:FC S:EC P:nvUbdiZc  $01:A8EE: 99 02 02 STA $0202,Y @ $02FE = #$00
f836    c24878145    i43025538    A:00 X:00 Y:FC S:EC P:nvUbdiZc  $01:A8F1: B9 6B 04 LDA $046B,Y @ $0567 = #$F8
f836    c24878150    i43025539    A:F8 X:00 Y:FC S:EC P:NvUbdizc  $01:A8F4: 99 03 02 STA $0203,Y @ $02FF = #$F8
f836    c24878155    i43025540    A:F8 X:00 Y:FC S:EC P:NvUbdizc  $01:A8F7: C8       INY
f836    c24878157    i43025541    A:F8 X:00 Y:FD S:EC P:NvUbdizc  $01:A8F8: C8       INY
f836    c24878159    i43025542    A:F8 X:00 Y:FE S:EC P:NvUbdizc  $01:A8F9: C8       INY
f836    c24878161    i43025543    A:F8 X:00 Y:FF S:EC P:NvUbdizc  $01:A8FA: C8       INY
f836    c24878163    i43025544    A:F8 X:00 Y:00 S:EC P:nvUbdiZc  $01:A8FB: D0 D8    BNE $A8D5
f836    c24878165    i43025545    A:F8 X:00 Y:00 S:EC P:nvUbdiZc  $01:A8FD: 60       RTS (from $A215)
f836    c24878171    i43025546    A:F8 X:00 Y:00 S:EE P:nvUbdiZc  $00:8392: A2 06    LDX #$06
f836    c24878173    i43025547    A:F8 X:06 Y:00 S:EE P:nvUbdizc  $00:8394: 20 B9 C4 JSR $C4B9
f836    c24878179    i43025548    A:F8 X:06 Y:00 S:EC P:nvUbdizc  $0F:C4B9: 86 25    STX $25 = #$02
f836    c24878182    i43025549    A:F8 X:06 Y:00 S:EC P:nvUbdizc  $0F:C4BB: A9 07    LDA #$07
f836    c24878184    i43025550    A:07 X:06 Y:00 S:EC P:nvUbdizc  $0F:C4BD: 05 22    ORA $22 = #$00
f836    c24878187    i43025551    A:07 X:06 Y:00 S:EC P:nvUbdizc  $0F:C4BF: 85 23    STA $23 = #$06
f836    c24878190    i43025552    A:07 X:06 Y:00 S:EC P:nvUbdizc  $0F:C4C1: 8D 00 80 STA $8000 = #$A5
f836    c24878194    i43025553    A:07 X:06 Y:00 S:EC P:nvUbdizc  $0F:C4C4: 8E 01 80 STX $8001 = #$27
f836    c24878198    i43025554    A:07 X:06 Y:00 S:EC P:nvUbdizc  $0F:C4C7: 60       RTS (from $C4B9)
f836    c24878204    i43025555    A:07 X:06 Y:00 S:EE P:nvUbdizc  $00:8397: 60       RTS (from $838A)
f836    c24878210    i43025556    A:07 X:06 Y:00 S:F0 P:nvUbdizc  $00:82F0: A5 4C    LDA $4C = #$00
f836    c24878213    i43025557    A:00 X:06 Y:00 S:F0 P:nvUbdiZc  $00:82F2: 10 F9    BPL $82ED
f836    c24878216    i43025558    A:00 X:06 Y:00 S:F0 P:nvUbdiZc  $00:82ED: 20 8A 83 JSR $838A
f836    c24878222    i43025559    A:00 X:06 Y:00 S:EE P:nvUbdiZc  $00:838A: A2 02    LDX #$02
f836    c24878224    i43025560    A:00 X:02 Y:00 S:EE P:nvUbdizc  $00:838C: 20 B9 C4 JSR $C4B9
f839    c24961052    i43052099    A:99 X:99 Y:00 S:C8 P:NvUbdizc  $00:915E: A0 04    LDY #$04
f839    c24961054    i43052100    A:99 X:99 Y:04 S:C8 P:nvUbdizc  $00:9160: 20 4A 97 JSR $974A
f839    c24961060    i43052101    A:99 X:99 Y:04 S:C6 P:nvUbdizc  $00:974A: B1 94    LDA ($94),Y @ $056C = #$00
f839    c24961065    i43052102    A:00 X:99 Y:04 S:C6 P:nvUbdiZc  $00:974C: 0A       ASL
f839    c24961067    i43052103    A:00 X:99 Y:04 S:C6 P:nvUbdiZc  $00:974D: C8       INY
f839    c24961069    i43052104    A:00 X:99 Y:05 S:C6 P:nvUbdizc  $00:974E: B1 94    LDA ($94),Y @ $056D = #$30
f839    c24961074    i43052105    A:30 X:99 Y:05 S:C6 P:nvUbdizc  $00:9750: 2A       ROL
f839    c24961076    i43052106    A:60 X:99 Y:05 S:C6 P:nvUbdizc  $00:9751: 99 95 00 STA $0095,Y @ $009A = #$60
f839    c24961081    i43052107    A:60 X:99 Y:05 S:C6 P:nvUbdizc  $00:9754: A9 00    LDA #$00
f839    c24961083    i43052108    A:00 X:99 Y:05 S:C6 P:nvUbdiZc  $00:9756: 2A       ROL
f839    c24961085    i43052109    A:00 X:99 Y:05 S:C6 P:nvUbdiZc  $00:9757: 99 96 00 STA $0096,Y @ $009B = #$00
f839    c24961090    i43052110    A:00 X:99 Y:05 S:C6 P:nvUbdiZc  $00:975A: 60       RTS (from $974A)
f839    c24961096    i43052111    A:00 X:99 Y:05 S:C8 P:nvUbdiZc  $00:9163: A0 06    LDY #$06
f839    c24961098    i43052112    A:00 X:99 Y:06 S:C8 P:nvUbdizc  $00:9165: 20 4A 97 JSR $974A
f839    c24961104    i43052113    A:00 X:99 Y:06 S:C6 P:nvUbdizc  $00:974A: B1 94    LDA ($94),Y @ $056E = #$00
f839    c24961109    i43052114    A:00 X:99 Y:06 S:C6 P:nvUbdiZc  $00:974C: 0A       ASL
f839    c24961111    i43052115    A:00 X:99 Y:06 S:C6 P:nvUbdiZc  $00:974D: C8       INY
f839    c24961113    i43052116    A:00 X:99 Y:07 S:C6 P:nvUbdizc  $00:974E: B1 94    LDA ($94),Y @ $056F = #$BC
f839    c24961118    i43052117    A:BC X:99 Y:07 S:C6 P:NvUbdizc  $00:9750: 2A       ROL
f839    c24961120    i43052118    A:78 X:99 Y:07 S:C6 P:nvUbdizC  $00:9751: 99 95 00 STA $0095,Y @ $009C = #$78
f839    c24961125    i43052119    A:78 X:99 Y:07 S:C6 P:nvUbdizC  $00:9754: A9 00    LDA #$00
f839    c24961127    i43052120    A:00 X:99 Y:07 S:C6 P:nvUbdiZC  $00:9756: 2A       ROL
f839    c24961129    i43052121    A:01 X:99 Y:07 S:C6 P:nvUbdizc  $00:9757: 99 96 00 STA $0096,Y @ $009D = #$01
f839    c24961134    i43052122    A:01 X:99 Y:07 S:C6 P:nvUbdizc  $00:975A: 60       RTS (from $974A)
f839    c24961140    i43052123    A:01 X:99 Y:07 S:C8 P:nvUbdizc  $00:9168: 8A       TXA
f839    c24961142    i43052124    A:99 X:99 Y:07 S:C8 P:NvUbdizc  $00:9169: 29 10    AND #$10
f839    c24961144    i43052125    A:10 X:99 Y:07 S:C8 P:nvUbdizc  $00:916B: D0 39    BNE $91A6
f839    c24961147    i43052126    A:10 X:99 Y:07 S:C8 P:nvUbdizc  $00:91A6: A9 00    LDA #$00
f839    c24961149    i43052127    A:00 X:99 Y:07 S:C8 P:nvUbdiZc  $00:91A8: 38       SEC
f839    c24961151    i43052128    A:00 X:99 Y:07 S:C8 P:nvUbdiZC  $00:91A9: E5 46    SBC $46 = #$00
f839    c24961154    i43052129    A:00 X:99 Y:07 S:C8 P:nvUbdiZC  $00:91AB: 85 E6    STA $E6 = #$00
f839    c24961157    i43052130    A:00 X:99 Y:07 S:C8 P:nvUbdiZC  $00:91AD: A9 00    LDA #$00
f839    c24961159    i43052131    A:00 X:99 Y:07 S:C8 P:nvUbdiZC  $00:91AF: 38       SEC
f839    c24961161    i43052132    A:00 X:99 Y:07 S:C8 P:nvUbdiZC  $00:91B0: E5 47    SBC $47 = #$08
f839    c24961164    i43052133    A:F8 X:99 Y:07 S:C8 P:NvUbdizc  $00:91B2: 85 E8    STA $E8 = #$F8
f839    c24961167    i43052134    A:F8 X:99 Y:07 S:C8 P:NvUbdizc  $00:91B4: A0 10    LDY #$10
f839    c24961169    i43052135    A:F8 X:99 Y:10 S:C8 P:nvUbdizc  $00:91B6: B1 94    LDA ($94),Y @ $0578 = #$00
f839    c24961174    i43052136    A:00 X:99 Y:10 S:C8 P:nvUbdiZc  $00:91B8: AA       TAX
f839    c24961176    i43052137    A:00 X:00 Y:10 S:C8 P:nvUbdiZc  $00:91B9: C8       INY
f839    c24961178    i43052138    A:00 X:00 Y:11 S:C8 P:nvUbdizc  $00:91BA: B1 94    LDA ($94),Y @ $0579 = #$9C
f839    c24961183    i43052139    A:9C X:00 Y:11 S:C8 P:NvUbdizc  $00:91BC: 4A       LSR
f839    c24961185    i43052140    A:4E X:00 Y:11 S:C8 P:nvUbdizc  $00:91BD: 4A       LSR
f840    c25002787    i43065506    A:40 X:19 Y:00 S:E0 P:nvUbdizC  $00:9F06: 10 FC    BPL $9F04
f840    c25002790    i43065507    A:40 X:19 Y:00 S:E0 P:nvUbdizC  $00:9F04: A5 1B    LDA $1B = #$40
f840    c25002793    i43065508    A:40 X:19 Y:00 S:E0 P:nvUbdizC  $00:9F06: 10 FC    BPL $9F04
f840    c25002796    i43065509    A:40 X:19 Y:00 S:E0 P:nvUbdizC  $00:9F04: A5 1B    LDA $1B = #$40
f840    c25002799    i43065510    A:40 X:19 Y:00 S:E0 P:nvUbdizC  $00:9F06: 10 FC    BPL $9F04
f840    c25002802    i43065511    A:40 X:19 Y:00 S:E0 P:nvUbdizC  $00:9F04: A5 1B    LDA $1B = #$40
f840    c25002805    i43065512    A:40 X:19 Y:00 S:E0 P:nvUbdizC  $00:9F06: 10 FC    BPL $9F04
f840    c25002808    i43065513    A:40 X:19 Y:00 S:E0 P:nvUbdizC  $00:9F04: A5 1B    LDA $1B = #$40
f840    c25002811    i43065514    A:40 X:19 Y:00 S:E0 P:nvUbdizC  $00:9F06: 10 FC    BPL $9F04
f840    c25002814    i43065515    A:40 X:19 Y:00 S:E0 P:nvUbdizC  $00:9F04: A5 1B    LDA $1B = #$40
f840    c25002817    i43065516    A:40 X:19 Y:00 S:E0 P:nvUbdizC  $00:9F06: 10 FC    BPL $9F04
f840    c25002820    i43065517    A:40 X:19 Y:00 S:E0 P:nvUbdizC  $00:9F04: A5 1B    LDA $1B = #$40
f840    c25002823    i43065518    A:40 X:19 Y:00 S:E0 P:nvUbdizC  $00:9F06: 10 FC    BPL $9F04
f840    c25002826    i43065519    A:40 X:19 Y:00 S:E0 P:nvUbdizC  $00:9F04: A5 1B    LDA $1B = #$40
f840    c25002829    i43065520    A:40 X:19 Y:00 S:E0 P:nvUbdizC  $00:9F06: 10 FC    BPL $9F04
f840    c25002832    i43065521    A:40 X:19 Y:00 S:E0 P:nvUbdizC  $00:9F04: A5 1B    LDA $1B = #$40
f840    c25002835    i43065522    A:40 X:19 Y:00 S:E0 P:nvUbdizC  $00:9F06: 10 FC    BPL $9F04
f840    c25002838    i43065523    A:40 X:19 Y:00 S:E0 P:nvUbdizC  $00:9F04: A5 1B    LDA $1B = #$40
f840    c25002841    i43065524    A:40 X:19 Y:00 S:E0 P:nvUbdizC  $00:9F06: 10 FC    BPL $9F04
f840    c25002844    i43065525    A:40 X:19 Y:00 S:E0 P:nvUbdizC  $00:9F04: A5 1B    LDA $1B = #$40
f840    c25002847    i43065526    A:40 X:19 Y:00 S:E0 P:nvUbdizC  $00:9F06: 10 FC    BPL $9F04
f840    c25002850    i43065527    A:40 X:19 Y:00 S:E0 P:nvUbdizC  $00:9F04: A5 1B    LDA $1B = #$40
f840    c25002853    i43065528    A:40 X:19 Y:00 S:E0 P:nvUbdizC  $00:9F06: 10 FC    BPL $9F04
f840    c25002856    i43065529    A:40 X:19 Y:00 S:E0 P:nvUbdizC  $00:9F04: A5 1B    LDA $1B = #$40
f840    c25002859    i43065530    A:40 X:19 Y:00 S:E0 P:nvUbdizC  $00:9F06: 10 FC    BPL $9F04
f840    c25002862    i43065531    A:40 X:19 Y:00 S:E0 P:nvUbdizC  $00:9F04: A5 1B    LDA $1B = #$40
f840    c25002872    i43065532    A:40 X:19 Y:00 S:DD P:nvUbdIzC  $0F:C506: 4C 21 C8 JMP $C821
f840    c25002875    i43065533    A:40 X:19 Y:00 S:DD P:nvUbdIzC  $0F:C821: 24 1B    BIT $1B = #$40
f840    c25002878    i43065534    A:40 X:19 Y:00 S:DD P:nVUbdIzC  $0F:C823: 50 03    BVC $C828
f840    c25002880    i43065535    A:40 X:19 Y:00 S:DD P:nVUbdIzC  $0F:C825: 4C 78 C4 JMP $C478
f840    c25002883    i43065536    A:40 X:19 Y:00 S:DD P:nVUbdIzC  $0F:C478: 24 3B    BIT $3B = #$55
f840    c25002886    i43065537    A:40 X:19 Y:00 S:DD P:nVUbdIzC  $0F:C47A: 30 32    BMI $C4AE
f840    c25002888    i43065538    A:40 X:19 Y:00 S:DD P:nVUbdIzC  $0F:C47C: 38       SEC
f840    c25002890    i43065539    A:40 X:19 Y:00 S:DD P:nVUbdIzC  $0F:C47D: 66 3B    ROR $3B = #$55
f840    c25002895    i43065540    A:40 X:19 Y:00 S:DD P:NVUbdIzC  $0F:C47F: 85 3C    STA $3C = #$40
f840    c25002898    i43065541    A:40 X:19 Y:00 S:DD P:NVUbdIzC  $0F:C481: 86 3D    STX $3D = #$19
f840    c25002901    i43065542    A:40 X:19 Y:00 S:DD P:NVUbdIzC  $0F:C483: 84 3E    STY $3E = #$00
f840    c25002904    i43065543    A:40 X:19 Y:00 S:DD P:NVUbdIzC  $0F:C485: A5 22    LDA $22 = #$00
f840    c25002907    i43065544    A:00 X:19 Y:00 S:DD P:nVUbdIZC  $0F:C487: 09 07    ORA #$07
f840    c25002909    i43065545    A:07 X:19 Y:00 S:DD P:nVUbdIzC  $0F:C489: 8D 00 80 STA $8000 = #$A5
f840    c25002913    i43065546    A:07 X:19 Y:00 S:DD P:nVUbdIzC  $0F:C48C: A9 02    LDA #$02
f840    c25002915    i43065547    A:02 X:19 Y:00 S:DD P:nVUbdIzC  $0F:C48E: 8D 01 80 STA $8001 = #$27
f842    c25058787    i43083366    A:00 X:00 Y:F8 S:EC P:nvUbdiZc  $01:A8EE: 99 02 02 STA $0202,Y @ $02FA = #$00
f842    c25058792    i43083367    A:00 X:00 Y:F8 S:EC P:nvUbdiZc  $01:A8F1: B9 6B 04 LDA $046B,Y @ $0563 = #$00
f842    c25058797    i43083368    A:00 X:00 Y:F8 S:EC P:nvUbdiZc  $01:A8F4: 99 03 02 STA $0203,Y @ $02FB = #$00
f842    c25058802    i43083369    A:00 X:00 Y:F8 S:EC P:nvUbdiZc  $01:A8F7: C8       INY
f842    c25058804    i43083370    A:00 X:00 Y:F9 S:EC P:NvUbdizc  $01:A8F8: C8       INY
f842    c25058806    i43083371    A:00 X:00 Y:FA S:EC P:NvUbdizc  $01:A8F9: C8       INY
f842    c25058808    i43083372    A:00 X:00 Y:FB S:EC P:NvUbdizc  $01:A8FA: C8       INY
f842    c25058810    i43083373    A:00 X:00 Y:FC S:EC P:NvUbdizc  $01:A8FB: D0 D8    BNE $A8D5
f842    c25058813    i43083374    A:00 X:00 Y:FC S:EC P:NvUbdizc  $01:A8D5: BE 68 04 LDX $0468,Y @ $0564 = #$00
f842    c25058818    i43083375    A:00 X:00 Y:FC S:EC P:nvUbdiZc  $01:A8D8: B9 6A 04 LDA $046A,Y @ $0566 = #$00
f842    c25058823    i43083376    A:00 X:00 Y:FC S:EC P:nvUbdiZc  $01:A8DB: 29 0C    AND #$0C
f842    c25058825    i43083377    A:00 X:00 Y:FC S:EC P:nvUbdiZc  $01:A8DD: F0 02    BEQ $A8E1
f842    c25058828    i43083378    A:00 X:00 Y:FC S:EC P:nvUbdiZc  $01:A8E1: 8A       TXA
f842    c25058830    i43083379    A:00 X:00 Y:FC S:EC P:nvUbdiZc  $01:A8E2: 99 00 02 STA $0200,Y @ $02FC = #$00
f842    c25058835    i43083380    A:00 X:00 Y:FC S:EC P:nvUbdiZc  $01:A8E5: B9 69 04 LDA $0469,Y @ $0565 = #$00
f842    c25058840    i43083381    A:00 X:00 Y:FC S:EC P:nvUbdiZc  $01:A8E8: 99 01 02 STA $0201,Y @ $02FD = #$00
f842    c25058845    i43083382    A:00 X:00 Y:FC S:EC P:nvUbdiZc  $01:A8EB: B9 6A 04 LDA $046A,Y @ $0566 = #$00
f842    c25058850    i43083383    A:00 X:00 Y:FC S:EC P:nvUbdiZc  $01:A8EE: 99 02 02 STA $0202,Y @ $02FE = #$00
f842    c25058855    i43083384    A:00 X:00 Y:FC S:EC P:nvUbdiZc  $01:A8F1: B9 6B 04 LDA $046B,Y @ $0567 = #$F8
f842    c25058860    i43083385    A:F8 X:00 Y:FC S:EC P:NvUbdizc  $01:A8F4: 99 03 02 STA $0203,Y @ $02FF = #$F8
f842    c25058865    i43083386    A:F8 X:00 Y:FC S:EC P:NvUbdizc  $01:A8F7: C8       INY
f842    c25058867    i43083387    A:F8 X:00 Y:FD S:EC P:NvUbdizc  $01:A8F8: C8       INY
f842    c25058869    i43083388    A:F8 X:00 Y:FE S:EC P:NvUbdizc  $01:A8F9: C8       INY
f842    c25058871    i43083389    A:F8 X:00 Y:FF S:EC P:NvUbdizc  $01:A8FA: C8       INY
f842    c25058873    i43083390    A:F8 X:00 Y:00 S:EC P:nvUbdiZc  $01:A8FB: D0 D8    BNE $A8D5
f842    c25058875    i43083391    A:F8 X:00 Y:00 S:EC P:nvUbdiZc  $01:A8FD: 60       RTS (from $A215)
f842    c25058881    i43083392    A:F8 X:00 Y:00 S:EE P:nvUbdiZc  $00:8392: A2 06    LDX #$06
f842    c25058883    i43083393    A:F8 X:06 Y:00 S:EE P:nvUbdizc  $00:8394: 20 B9 C4 JSR $C4B9
f842    c25058889    i43083394    A:F8 X:06 Y:00 S:EC P:nvUbdizc  $0F:C4B9: 86 25    STX $25 = #$02
f842    c25058892    i43083395    A:F8 X:06 Y:00 S:EC P:nvUbdizc  $0F:C4BB: A9 07    LDA #$07
f842    c25058894    i43083396    A:07 X:06 Y:00 S:EC P:nvUbdizc  $0F:C4BD: 05 22    ORA $22 = #$00
f842    c25058897    i43083397    A:07 X:06 Y:00 S:EC P:nvUbdizc  $0F:C4BF: 85 23    STA $23 = #$06
f842    c25058900    i43083398    A:07 X:06 Y:00 S:EC P:nvUbdizc  $0F:C4C1: 8D 00 80 STA $8000 = #$A5
f842    c25058904    i43083399    A:07 X:06 Y:00 S:EC P:nvUbdizc  $0F:C4C4: 8E 01 80 STX $8001 = #$27
f842    c25058908    i43083400    A:07 X:06 Y:00 S:EC P:nvUbdizc  $0F:C4C7: 60       RTS (from $C4B9)
f842    c25058914    i43083401    A:07 X:06 Y:00 S:EE P:nvUbdizc  $00:8397: 60       RTS (from $838A)
f842    c25058920    i43083402    A:07 X:06 Y:00 S:F0 P:nvUbdizc  $00:82F0: A5 4C    LDA $4C = #$00
f842    c25058923    i43083403    A:00 X:06 Y:00 S:F0 P:nvUbdiZc  $00:82F2: 10 F9    BPL $82ED
f842    c25058926    i43083404    A:00 X:06 Y:00 S:F0 P:nvUbdiZc  $00:82ED: 20 8A 83 JSR $838A
f842    c25058932    i43083405    A:00 X:06 Y:00 S:EE P:nvUbdiZc  $00:838A: A2 02    LDX #$02
f842    c25058934    i43083406    A:00 X:02 Y:00 S:EE P:nvUbdizc  $00:838C: 20 B9 C4 JSR $C4B9
f845    c25141998    i43109921    A:00 X:15 Y:00 S:BC P:nvUbdiZc  $00:9F2E: 8D 01 80 STA $8001 = #$27
f845    c25142002    i43109922    A:00 X:15 Y:00 S:BC P:nvUbdiZc  $00:9F31: B5 01    LDA $01,X @ $0016 = #$E0
f845    c25142006    i43109923    A:E0 X:15 Y:00 S:BC P:NvUbdizc  $00:9F33: AA       TAX
f845    c25142008    i43109924    A:E0 X:E0 Y:00 S:BC P:NvUbdizc  $00:9F34: 9A       TXS
f845    c25142010    i43109925    A:E0 X:E0 Y:00 S:E0 P:NvUbdizc  $00:9F35: 68       PLA
f845    c25142014    i43109926    A:30 X:E0 Y:00 S:E1 P:nvUbdizc  $00:9F36: 85 E6    STA $E6 = #$00
f845    c25142017    i43109927    A:30 X:E0 Y:00 S:E1 P:nvUbdizc  $00:9F38: 68       PLA
f845    c25142021    i43109928    A:23 X:E0 Y:00 S:E2 P:nvUbdizc  $00:9F39: 85 E7    STA $E7 = #$AA
f845    c25142024    i43109929    A:23 X:E0 Y:00 S:E2 P:nvUbdizc  $00:9F3B: 68       PLA
f845    c25142028    i43109930    A:00 X:E0 Y:00 S:E3 P:nvUbdiZc  $00:9F3C: 85 E8    STA $E8 = #$F8
f845    c25142031    i43109931    A:00 X:E0 Y:00 S:E3 P:nvUbdiZc  $00:9F3E: 68       PLA
f845    c25142035    i43109932    A:0C X:E0 Y:00 S:E4 P:nvUbdizc  $00:9F3F: 85 E9    STA $E9 = #$01
f845    c25142038    i43109933    A:0C X:E0 Y:00 S:E4 P:nvUbdizc  $00:9F41: 68       PLA
f845    c25142042    i43109934    A:04 X:E0 Y:00 S:E5 P:nvUbdizc  $00:9F42: 85 EA    STA $EA = #$68
f845    c25142045    i43109935    A:04 X:E0 Y:00 S:E5 P:nvUbdizc  $00:9F44: 68       PLA
f845    c25142049    i43109936    A:0D X:E0 Y:00 S:E6 P:nvUbdizc  $00:9F45: 85 EB    STA $EB = #$00
f845    c25142052    i43109937    A:0D X:E0 Y:00 S:E6 P:nvUbdizc  $00:9F47: 68       PLA
f845    c25142056    i43109938    A:2A X:E0 Y:00 S:E7 P:nvUbdizc  $00:9F48: 85 EC    STA $EC = #$04
f845    c25142059    i43109939    A:2A X:E0 Y:00 S:E7 P:nvUbdizc  $00:9F4A: 68       PLA
f845    c25142063    i43109940    A:B8 X:E0 Y:00 S:E8 P:NvUbdizc  $00:9F4B: 85 ED    STA $ED = #$00
f845    c25142066    i43109941    A:B8 X:E0 Y:00 S:E8 P:NvUbdizc  $00:9F4D: 68       PLA
f845    c25142070    i43109942    A:00 X:E0 Y:00 S:E9 P:nvUbdiZc  $00:9F4E: A8       TAY
f845    c25142072    i43109943    A:00 X:E0 Y:00 S:E9 P:nvUbdiZc  $00:9F4F: 68       PLA
f845    c25142076    i43109944    A:02 X:E0 Y:00 S:EA P:nvUbdizc  $00:9F50: AA       TAX
f845    c25142078    i43109945    A:02 X:02 Y:00 S:EA P:nvUbdizc  $00:9F51: 60       RTS (from $9FA8)
f845    c25142084    i43109946    A:02 X:02 Y:00 S:EC P:nvUbdizc  $01:A8D3: A0 00    LDY #$00
f845    c25142086    i43109947    A:02 X:02 Y:00 S:EC P:nvUbdiZc  $01:A8D5: BE 68 04 LDX $0468,Y @ $0468 = #$58
f845    c25142090    i43109948    A:02 X:58 Y:00 S:EC P:nvUbdizc  $01:A8D8: B9 6A 04 LDA $046A,Y @ $046A = #$00
f845    c25142094    i43109949    A:00 X:58 Y:00 S:EC P:nvUbdiZc  $01:A8DB: 29 0C    AND #$0C
f845    c25142096    i43109950    A:00 X:58 Y:00 S:EC P:nvUbdiZc  $01:A8DD: F0 02    BEQ $A8E1
f845    c25142099    i43109951    A:00 X:58 Y:00 S:EC P:nvUbdiZc  $01:A8E1: 8A       TXA
f845    c25142101    i43109952    A:58 X:58 Y:00 S:EC P:nvUbdizc  $01:A8E2: 99 00 02 STA $0200,Y @ $0200 = #$58
f845    c25142106    i43109953    A:58 X:58 Y:00 S:EC P:nvUbdizc  $01:A8E5: B9 69 04 LDA $0469,Y @ $0469 = #$28
f845    c25142110    i43109954    A:28 X:58 Y:00 S:EC P:nvUbdizc  $01:A8E8: 99 01 02 STA $0201,Y @ $0201 = #$28
f845    c25142115    i43109955    A:28 X:58 Y:00 S:EC P:nvUbdizc  $01:A8EB: B9 6A 04 LDA $046A,Y @ $046A = #$00
f845    c25142119    i43109956    A:00 X:58 Y:00 S:EC P:nvUbdiZc  $01:A8EE: 99 02 02 STA $0202,Y @ $0202 = #$00
f845    c25142124    i43109957    A:00 X:58 Y:00 S:EC P:nvUbdiZc  $01:A8F1: B9 6B 04 LDA $046B,Y @ $046B = #$F4
f845    c25142128    i43109958    A:F4 X:58 Y:00 S:EC P:NvUbdizc  $01:A8F4: 99 03 02 STA $0203,Y @ $0203 = #$FC
f845    c25142133    i43109959    A:F4 X:58 Y:00 S:EC P:NvUbdizc  $01:A8F7: C8       INY
f845    c25142135    i43109960    A:F4 X:58 Y:01 S:EC P:nvUbdizc  $01:A8F8: C8       INY
f845    c25142137    i43109961    A:F4 X:58 Y:02 S:EC P:nvUbdizc  $01:A8F9: C8       INY
f845    c25142139    i43109962    A:F4 X:58 Y:03 S:EC P:nvUbdizc  $01:A8FA: C8       INY
f847    c25196512    i43127264    A:C5 X:10 Y:06 S:D9 P:nvUbdIzC  $06:8243: 91 F0    STA ($F0),Y @ $076D = #$C7
f847    c25196518    i43127265    A:C5 X:10 Y:06 S:D9 P:nvUbdIzC  $06:8245: A6 F3    LDX $F3 = #$04
f847    c25196521    i43127266    A:C5 X:04 Y:06 S:D9 P:nvUbdIzC  $06:8247: CA       DEX
f847    c25196523    i43127267    A:C5 X:03 Y:06 S:D9 P:nvUbdIzC  $06:8248: BD AF 07 LDA $07AF,X @ $07B2 = #$01
f847    c25196527    i43127268    A:01 X:03 Y:06 S:D9 P:nvUbdIzC  $06:824B: C9 01    CMP #$01
f847    c25196529    i43127269    A:01 X:03 Y:06 S:D9 P:nvUbdIZC  $06:824D: F0 08    BEQ $8257
f847    c25196532    i43127270    A:01 X:03 Y:06 S:D9 P:nvUbdIZC  $06:8257: BD C7 07 LDA $07C7,X @ $07CA = #$02
f847    c25196536    i43127271    A:02 X:03 Y:06 S:D9 P:nvUbdIzC  $06:825A: 0A       ASL
f847    c25196538    i43127272    A:04 X:03 Y:06 S:D9 P:nvUbdIzc  $06:825B: A8       TAY
f847    c25196540    i43127273    A:04 X:03 Y:04 S:D9 P:nvUbdIzc  $06:825C: B9 69 82 LDA $8269,Y @ $826D = #$B4
f847    c25196544    i43127274    A:B4 X:03 Y:04 S:D9 P:NvUbdIzc  $06:825F: 85 F9    STA $F9 = #$97
f847    c25196547    i43127275    A:B4 X:03 Y:04 S:D9 P:NvUbdIzc  $06:8261: B9 6A 82 LDA $826A,Y @ $826E = #$82
f847    c25196551    i43127276    A:82 X:03 Y:04 S:D9 P:NvUbdIzc  $06:8264: 85 FA    STA $FA = #$82
f847    c25196554    i43127277    A:82 X:03 Y:04 S:D9 P:NvUbdIzc  $06:8266: 6C F9 00 JMP ($00F9) = $82B4
f847    c25196559    i43127278    A:82 X:03 Y:04 S:D9 P:NvUbdIzc  $06:82B4: BD B7 07 LDA $07B7,X @ $07BA = #$0D
f847    c25196563    i43127279    A:0D X:03 Y:04 S:D9 P:nvUbdIzc  $06:82B7: 38       SEC
f847    c25196565    i43127280    A:0D X:03 Y:04 S:D9 P:nvUbdIzC  $06:82B8: E9 01    SBC #$01
f847    c25196567    i43127281    A:0C X:03 Y:04 S:D9 P:nvUbdIzC  $06:82BA: A0 07    LDY #$07
f847    c25196569    i43127282    A:0C X:03 Y:07 S:D9 P:nvUbdIzC  $06:82BC: 91 F0    STA ($F0),Y @ $076E = #$0D
f847    c25196575    i43127283    A:0C X:03 Y:07 S:D9 P:nvUbdIzC  $06:82BE: BD BF 07 LDA $07BF,X @ $07C2 = #$81
f847    c25196579    i43127284    A:81 X:03 Y:07 S:D9 P:NvUbdIzC  $06:82C1: E9 00    SBC #$00
f847    c25196581    i43127285    A:81 X:03 Y:07 S:D9 P:NvUbdIzC  $06:82C3: C8       INY
f847    c25196583    i43127286    A:81 X:03 Y:08 S:D9 P:nvUbdIzC  $06:82C4: 91 F0    STA ($F0),Y @ $076F = #$81
f847    c25196589    i43127287    A:81 X:03 Y:08 S:D9 P:nvUbdIzC  $06:82C6: 4C A4 82 JMP $82A4
f847    c25196592    i43127288    A:81 X:03 Y:08 S:D9 P:nvUbdIzC  $06:82A4: BD C7 07 LDA $07C7,X @ $07CA = #$02
f847    c25196596    i43127289    A:02 X:03 Y:08 S:D9 P:nvUbdIzC  $06:82A7: 18       CLC
f847    c25196598    i43127290    A:02 X:03 Y:08 S:D9 P:nvUbdIzc  $06:82A8: 69 01    ADC #$01
f847    c25196600    i43127291    A:03 X:03 Y:08 S:D9 P:nvUbdIzc  $06:82AA: C9 0A    CMP #$0A
f847    c25196602    i43127292    A:03 X:03 Y:08 S:D9 P:NvUbdIzc  $06:82AC: D0 02    BNE $82B0
f847    c25196605    i43127293    A:03 X:03 Y:08 S:D9 P:NvUbdIzc  $06:82B0: 9D C7 07 STA $07C7,X @ $07CA = #$02
f847    c25196610    i43127294    A:03 X:03 Y:08 S:D9 P:NvUbdIzc  $06:82B3: 60       RTS (from $81DB)
f847    c25196616    i43127295    A:03 X:03 Y:08 S:DB P:NvUbdIzc  $06:810C: 18       CLC
f847    c25196618    i43127296    A:03 X:03 Y:08 S:DB P:NvUbdIzc  $06:810D: A9 10    LDA #$10
f847    c25196620    i43127297    A:10 X:03 Y:08 S:DB P:nvUbdIzc  $06:810F: 65 F0    ADC $F0 = #$67
f847    c25196623    i43127298    A:77 X:03 Y:08 S:DB P:nvUbdIzc  $06:8111: 85 F0    STA $F0 = #$67
f847    c25196626    i43127299    A:77 X:03 Y:08 S:DB P:nvUbdIzc  $06:8113: A9 04    LDA #$04
f847    c25196628    i43127300    A:04 X:03 Y:08 S:DB P:nvUbdIzc  $06:8115: 65 F2    ADC $F2 = #$10
f847    c25196631    i43127301    A:14 X:03 Y:08 S:DB P:nvUbdIzc  $06:8117: 85 F2    STA $F2 = #$10
f847    c25196634    i43127302    A:14 X:03 Y:08 S:DB P:nvUbdIzc  $06:8119: C6 F3    DEC $F3 = #$04
f847    c25196639    i43127303    A:14 X:03 Y:08 S:DB P:nvUbdIzc  $06:811B: D0 AD    BNE $80CA
f847    c25196643    i43127304    A:14 X:03 Y:08 S:DB P:nvUbdIzc  $06:80CA: AD 06 07 LDA $0706 = #$87
f849    c25256073    i43146318    A:C1 X:10 Y:06 S:D9 P:nvUbdIzC  $06:8243: 91 F0    STA ($F0),Y @ $076D = #$C3
f849    c25256079    i43146319    A:C1 X:10 Y:06 S:D9 P:nvUbdIzC  $06:8245: A6 F3    LDX $F3 = #$04
f849    c25256082    i43146320    A:C1 X:04 Y:06 S:D9 P:nvUbdIzC  $06:8247: CA       DEX
f849    c25256084    i43146321    A:C1 X:03 Y:06 S:D9 P:nvUbdIzC  $06:8248: BD AF 07 LDA $07AF,X @ $07B2 = #$01
f849    c25256088    i43146322    A:01 X:03 Y:06 S:D9 P:nvUbdIzC  $06:824B: C9 01    CMP #$01
f849    c25256090    i43146323    A:01 X:03 Y:06 S:D9 P:nvUbdIZC  $06:824D: F0 08    BEQ $8257
f849    c25256093    i43146324    A:01 X:03 Y:06 S:D9 P:nvUbdIZC  $06:8257: BD C7 07 LDA $07C7,X @ $07CA = #$04
f849    c25256097    i43146325    A:04 X:03 Y:06 S:D9 P:nvUbdIzC  $06:825A: 0A       ASL
f849    c25256099    i43146326    A:08 X:03 Y:06 S:D9 P:nvUbdIzc  $06:825B: A8       TAY
f849    c25256101    i43146327    A:08 X:03 Y:08 S:D9 P:nvUbdIzc  $06:825C: B9 69 82 LDA $8269,Y @ $8271 = #$B4
f849    c25256105    i43146328    A:B4 X:03 Y:08 S:D9 P:NvUbdIzc  $06:825F: 85 F9    STA $F9 = #$C9
f849    c25256108    i43146329    A:B4 X:03 Y:08 S:D9 P:NvUbdIzc  $06:8261: B9 6A 82 LDA $826A,Y @ $8272 = #$82
f849    c25256112    i43146330    A:82 X:03 Y:08 S:D9 P:NvUbdIzc  $06:8264: 85 FA    STA $FA = #$82
f849    c25256115    i43146331    A:82 X:03 Y:08 S:D9 P:NvUbdIzc  $06:8266: 6C F9 00 JMP ($00F9) = $82B4
f849    c25256120    i43146332    A:82 X:03 Y:08 S:D9 P:NvUbdIzc  $06:82B4: BD B7 07 LDA $07B7,X @ $07BA = #$0D
f849    c25256124    i43146333    A:0D X:03 Y:08 S:D9 P:nvUbdIzc  $06:82B7: 38       SEC
f849    c25256126    i43146334    A:0D X:03 Y:08 S:D9 P:nvUbdIzC  $06:82B8: E9 01    SBC #$01
f849    c25256128    i43146335    A:0C X:03 Y:08 S:D9 P:nvUbdIzC  $06:82BA: A0 07    LDY #$07
f849    c25256130    i43146336    A:0C X:03 Y:07 S:D9 P:nvUbdIzC  $06:82BC: 91 F0    STA ($F0),Y @ $076E = #$0B
f849    c25256136    i43146337    A:0C X:03 Y:07 S:D9 P:nvUbdIzC  $06:82BE: BD BF 07 LDA $07BF,X @ $07C2 = #$81
f849    c25256140    i43146338    A:81 X:03 Y:07 S:D9 P:NvUbdIzC  $06:82C1: E9 00    SBC #$00
f849    c25256142    i43146339    A:81 X:03 Y:07 S:D9 P:NvUbdIzC  $06:82C3: C8       INY
f849    c25256144    i43146340    A:81 X:03 Y:08 S:D9 P:nvUbdIzC  $06:82C4: 91 F0    STA ($F0),Y @ $076F = #$81
f849    c25256150    i43146341    A:81 X:03 Y:08 S:D9 P:nvUbdIzC  $06:82C6: 4C A4 82 JMP $82A4
f849    c25256153    i43146342    A:81 X:03 Y:08 S:D9 P:nvUbdIzC  $06:82A4: BD C7 07 LDA $07C7,X @ $07CA = #$04
f849    c25256157    i43146343    A:04 X:03 Y:08 S:D9 P:nvUbdIzC  $06:82A7: 18       CLC
f849    c25256159    i43146344    A:04 X:03 Y:08 S:D9 P:nvUbdIzc  $06:82A8: 69 01    ADC #$01
f849    c25256161    i43146345    A:05 X:03 Y:08 S:D9 P:nvUbdIzc  $06:82AA: C9 0A    CMP #$0A
f849    c25256163    i43146346    A:05 X:03 Y:08 S:D9 P:NvUbdIzc  $06:82AC: D0 02    BNE $82B0
f849    c25256166    i43146347    A:05 X:03 Y:08 S:D9 P:NvUbdIzc  $06:82B0: 9D C7 07 STA $07C7,X @ $07CA = #$04
f849    c25256171    i43146348    A:05 X:03 Y:08 S:D9 P:NvUbdIzc  $06:82B3: 60       RTS (from $81DB)
f849    c25256177    i43146349    A:05 X:03 Y:08 S:DB P:NvUbdIzc  $06:810C: 18       CLC
f849    c25256179    i43146350    A:05 X:03 Y:08 S:DB P:NvUbdIzc  $06:810D: A9 10    LDA #$10
f849    c25256181    i43146351    A:10 X:03 Y:08 S:DB P:nvUbdIzc  $06:810F: 65 F0    ADC $F0 = #$67
f849    c25256184    i43146352    A:77 X:03 Y:08 S:DB P:nvUbdIzc  $06:8111: 85 F0    STA $F0 = #$67
f849    c25256187    i43146353    A:77 X:03 Y:08 S:DB P:nvUbdIzc  $06:8113: A9 04    LDA #$04
f849    c25256189    i43146354    A:04 X:03 Y:08 S:DB P:nvUbdIzc  $06:8115: 65 F2    ADC $F2 = #$10
f849    c25256192    i43146355    A:14 X:03 Y:08 S:DB P:nvUbdIzc  $06:8117: 85 F2    STA $F2 = #$10
f849    c25256195    i43146356    A:14 X:03 Y:08 S:DB P:nvUbdIzc  $06:8119: C6 F3    DEC $F3 = #$04
f849    c25256200    i43146357    A:14 X:03 Y:08 S:DB P:nvUbdIzc  $06:811B: D0 AD    BNE $80CA
f849    c25256204    i43146358    A:14 X:03 Y:08 S:DB P:nvUbdIzc  $06:80CA: AD 06 07 LDA $0706 = #$87
f849    c25260506    i43147767    A:3C X:5C Y:10 S:C8 P:nvUbdizc  $00:91CB: 10 08    BPL $91D5
f849    c25260509    i43147768    A:3C X:5C Y:10 S:C8 P:nvUbdizc  $00:91D5: A5 E8    LDA $E8 = #$F8
f849    c25260512    i43147769    A:F8 X:5C Y:10 S:C8 P:NvUbdizc  $00:91D7: 18       CLC
f849    c25260514    i43147770    A:F8 X:5C Y:10 S:C8 P:NvUbdizc  $00:91D8: 7D 6B 04 ADC $046B,X @ $04C7 = #$FD
f849    c25260518    i43147771    A:F5 X:5C Y:10 S:C8 P:NvUbdizC  $00:91DB: 9D 6B 04 STA $046B,X @ $04C7 = #$FD
f849    c25260523    i43147772    A:F5 X:5C Y:10 S:C8 P:NvUbdizC  $00:91DE: 6A       ROR
f849    c25260525    i43147773    A:FA X:5C Y:10 S:C8 P:NvUbdizC  $00:91DF: 45 E8    EOR $E8 = #$F8
f849    c25260528    i43147774    A:02 X:5C Y:10 S:C8 P:nvUbdizC  $00:91E1: 10 08    BPL $91EB
f849    c25260531    i43147775    A:02 X:5C Y:10 S:C8 P:nvUbdizC  $00:91EB: 8A       TXA
f849    c25260533    i43147776    A:5C X:5C Y:10 S:C8 P:nvUbdizC  $00:91EC: 18       CLC
f849    c25260535    i43147777    A:5C X:5C Y:10 S:C8 P:nvUbdizc  $00:91ED: 69 04    ADC #$04
f849    c25260537    i43147778    A:60 X:5C Y:10 S:C8 P:nvUbdizc  $00:91EF: AA       TAX
f849    c25260539    i43147779    A:60 X:60 Y:10 S:C8 P:nvUbdizc  $00:91F0: 88       DEY
f849    c25260541    i43147780    A:60 X:60 Y:0F S:C8 P:nvUbdizc  $00:91F1: D0 CC    BNE $91BF
f849    c25260544    i43147781    A:60 X:60 Y:0F S:C8 P:nvUbdizc  $00:91BF: A5 E6    LDA $E6 = #$00
f849    c25260547    i43147782    A:00 X:60 Y:0F S:C8 P:nvUbdiZc  $00:91C1: 18       CLC
f849    c25260549    i43147783    A:00 X:60 Y:0F S:C8 P:nvUbdiZc  $00:91C2: 7D 68 04 ADC $0468,X @ $04C8 = #$50
f849    c25260553    i43147784    A:50 X:60 Y:0F S:C8 P:nvUbdizc  $00:91C5: 9D 68 04 STA $0468,X @ $04C8 = #$50
f849    c25260558    i43147785    A:50 X:60 Y:0F S:C8 P:nvUbdizc  $00:91C8: 6A       ROR
f849    c25260560    i43147786    A:28 X:60 Y:0F S:C8 P:nvUbdizc  $00:91C9: 45 E6    EOR $E6 = #$00
f849    c25260563    i43147787    A:28 X:60 Y:0F S:C8 P:nvUbdizc  $00:91CB: 10 08    BPL $91D5
f849    c25260566    i43147788    A:28 X:60 Y:0F S:C8 P:nvUbdizc  $00:91D5: A5 E8    LDA $E8 = #$F8
f849    c25260569    i43147789    A:F8 X:60 Y:0F S:C8 P:NvUbdizc  $00:91D7: 18       CLC
f849    c25260571    i43147790    A:F8 X:60 Y:0F S:C8 P:NvUbdizc  $00:91D8: 7D 6B 04 ADC $046B,X @ $04CB = #$05
f849    c25260575    i43147791    A:FD X:60 Y:0F S:C8 P:NvUbdizc  $00:91DB: 9D 6B 04 STA $046B,X @ $04CB = #$05
f849    c25260580    i43147792    A:FD X:60 Y:0F S:C8 P:NvUbdizc  $00:91DE: 6A       ROR
f849    c25260582    i43147793    A:7E X:60 Y:0F S:C8 P:nvUbdizC  $00:91DF: 45 E8    EOR $E8 = #$F8
f849    c25260585    i43147794    A:86 X:60 Y:0F S:C8 P:NvUbdizC  $00:91E1: 10 08    BPL $91EB
f849    c25260587    i43147795    A:86 X:60 Y:0F S:C8 P:NvUbdizC  $00:91E3: BD 6A 04 LDA $046A,X @ $04CA = #$04
f849    c25260591    i43147796    A:04 X:60 Y:0F S:C8 P:nvUbdizC  $00:91E6: 49 04    EOR #$04
f849    c25260593    i43147797    A:00 X:60 Y:0F S:C8 P:nvUbdiZC  $00:91E8: 9D 6A 04 STA $046A,X @ $04CA = #$04
f849    c25260598    i43147798    A:00 X:60 Y:0F S:C8 P:nvUbdiZC  $00:91EB: 8A       TXA
f849    c25260600    i43147799    A:60 X:60 Y:0F S:C8 P:nvUbdizC  $00:91EC: 18       CLC
f849    c25260602    i43147800    A:60 X:60 Y:0F S:C8 P:nvUbdizc  $00:91ED: 69 04    ADC #$04
f849    c25260604    i43147801    A:64 X:60 Y:0F S:C8 P:nvUbdizc  $00:91EF: AA       TAX
f849    c25260606    i43147802    A:64 X:64 Y:0F S:C8 P:nvUbdizc  $00:91F0: 88       DEY
f849    c25260608    i43147803    A:64 X:64 Y:0E S:C8 P:nvUbdizc  $00:91F1: D0 CC    BNE $91BF
f849    c25260611    i43147804    A:64 X:64 Y:0E S:C8 P:nvUbdizc  $00:91BF: A5 E6    LDA $E6 = #$00
f849    c25260614    i43147805    A:00 X:64 Y:0E S:C8 P:nvUbdiZc  $00:91C1: 18       CLC
f849    c25260616    i43147806    A:00 X:64 Y:0E S:C8 P:nvUbdiZc  $00:91C2: 7D 68 04 ADC $0468,X @ $04CC = #$58
f849    c25260620    i43147807    A:58 X:64 Y:0E S:C8 P:nvUbdizc  $00:91C5: 9D 68 04 STA $0468,X @ $04CC = #$58
f849    c25260625    i43147808    A:58 X:64 Y:0E S:C8 P:nvUbdizc  $00:91C8: 6A       ROR
f850    c25288941    i43156817    A:00 X:99 Y:05 S:C6 P:nvUbdiZc  $00:975A: 60       RTS (from $974A)
f850    c25288947    i43156818    A:00 X:99 Y:05 S:C8 P:nvUbdiZc  $00:9163: A0 06    LDY #$06
f850    c25288949    i43156819    A:00 X:99 Y:06 S:C8 P:nvUbdizc  $00:9165: 20 4A 97 JSR $974A
f850    c25288955    i43156820    A:00 X:99 Y:06 S:C6 P:nvUbdizc  $00:974A: B1 94    LDA ($94),Y @ $056E = #$00
f850    c25288960    i43156821    A:00 X:99 Y:06 S:C6 P:nvUbdiZc  $00:974C: 0A       ASL
f850    c25288962    i43156822    A:00 X:99 Y:06 S:C6 P:nvUbdiZc  $00:974D: C8       INY
f850    c25288964    i43156823    A:00 X:99 Y:07 S:C6 P:nvUbdizc  $00:974E: B1 94    LDA ($94),Y @ $056F = #$BC
f850    c25288969    i43156824    A:BC X:99 Y:07 S:C6 P:NvUbdizc  $00:9750: 2A       ROL
f850    c25288971    i43156825    A:78 X:99 Y:07 S:C6 P:nvUbdizC  $00:9751: 99 95 00 STA $0095,Y @ $009C = #$78
f850    c25288976    i43156826    A:78 X:99 Y:07 S:C6 P:nvUbdizC  $00:9754: A9 00    LDA #$00
f850    c25288978    i43156827    A:00 X:99 Y:07 S:C6 P:nvUbdiZC  $00:9756: 2A       ROL
f850    c25288980    i43156828    A:01 X:99 Y:07 S:C6 P:nvUbdizc  $00:9757: 99 96 00 STA $0096,Y @ $009D = #$01
f850    c25288985    i43156829    A:01 X:99 Y:07 S:C6 P:nvUbdizc  $00:975A: 60       RTS (from $974A)
f850    c25288991    i43156830    A:01 X:99 Y:07 S:C8 P:nvUbdizc  $00:9168: 8A       TXA
f850    c25288993    i43156831    A:99 X:99 Y:07 S:C8 P:NvUbdizc  $00:9169: 29 10    AND #$10
f850    c25288995    i43156832    A:10 X:99 Y:07 S:C8 P:nvUbdizc  $00:916B: D0 39    BNE $91A6
f850    c25288998    i43156833    A:10 X:99 Y:07 S:C8 P:nvUbdizc  $00:91A6: A9 00    LDA #$00
f850    c25289000    i43156834    A:00 X:99 Y:07 S:C8 P:nvUbdiZc  $00:91A8: 38       SEC
f850    c25289002    i43156835    A:00 X:99 Y:07 S:C8 P:nvUbdiZC  $00:91A9: E5 46    SBC $46 = #$00
f850    c25289005    i43156836    A:00 X:99 Y:07 S:C8 P:nvUbdiZC  $00:91AB: 85 E6    STA $E6 = #$00
f850    c25289008    i43156837    A:00 X:99 Y:07 S:C8 P:nvUbdiZC  $00:91AD: A9 00    LDA #$00
f850    c25289010    i43156838    A:00 X:99 Y:07 S:C8 P:nvUbdiZC  $00:91AF: 38       SEC
f850    c25289012    i43156839    A:00 X:99 Y:07 S:C8 P:nvUbdiZC  $00:91B0: E5 47    SBC $47 = #$08
f850    c25289015    i43156840    A:F8 X:99 Y:07 S:C8 P:NvUbdizc  $00:91B2: 85 E8    STA $E8 = #$F8
f850    c25289018    i43156841    A:F8 X:99 Y:07 S:C8 P:NvUbdizc  $00:91B4: A0 10    LDY #$10
f850    c25289020    i43156842    A:F8 X:99 Y:10 S:C8 P:nvUbdizc  $00:91B6: B1 94    LDA ($94),Y @ $0578 = #$00
f850    c25289025    i43156843    A:00 X:99 Y:10 S:C8 P:nvUbdiZc  $00:91B8: AA       TAX
f850    c25289027    i43156844    A:00 X:00 Y:10 S:C8 P:nvUbdiZc  $00:91B9: C8       INY
f850    c25289029    i43156845    A:00 X:00 Y:11 S:C8 P:nvUbdizc  $00:91BA: B1 94    LDA ($94),Y @ $0579 = #$9C
f850    c25289034    i43156846    A:9C X:00 Y:11 S:C8 P:NvUbdizc  $00:91BC: 4A       LSR
f850    c25289036    i43156847    A:4E X:00 Y:11 S:C8 P:nvUbdizc  $00:91BD: 4A       LSR
f850    c25289038    i43156848    A:27 X:00 Y:11 S:C8 P:nvUbdizc  $00:91BE: A8       TAY
f850    c25289040    i43156849    A:27 X:00 Y:27 S:C8 P:nvUbdizc  $00:91BF: A5 E6    LDA $E6 = #$00
f850    c25289043    i43156850    A:00 X:00 Y:27 S:C8 P:nvUbdiZc  $00:91C1: 18       CLC
f850    c25289045    i43156851    A:00 X:00 Y:27 S:C8 P:nvUbdiZc  $00:91C2: 7D 68 04 ADC $0468,X @ $0468 = #$58
f850    c25289049    i43156852    A:58 X:00 Y:27 S:C8 P:nvUbdizc  $00:91C5: 9D 68 04 STA $0468,X @ $0468 = #$58
f850    c25289054    i43156853    A:58 X:00 Y:27 S:C8 P:nvUbdizc  $00:91C8: 6A       ROR
f850    c25289056    i43156854    A:2C X:00 Y:27 S:C8 P:nvUbdizc  $00:91C9: 45 E6    EOR $E6 = #$00
f850    c25289059    i43156855    A:2C X:00 Y:27 S:C8 P:nvUbdizc  $00:91CB: 10 08    BPL $91D5
f850    c25289062    i43156856    A:2C X:00 Y:27 S:C8 P:nvUbdizc  $00:91D5: A5 E8    LDA $E8 = #$F8
f850    c25289065    i43156857    A:F8 X:00 Y:27 S:C8 P:NvUbdizc  $00:91D7: 18       CLC
f850    c25289067    i43156858    A:F8 X:00 Y:27 S:C8 P:NvUbdizc  $00:91D8: 7D 6B 04 ADC $046B,X @ $046B = #$D5
f850    c25295522    i43158859    A:00 X:00 Y:F8 S:EC P:nvUbdiZc  $01:A8EE: 99 02 02 STA $0202,Y @ $02FA = #$00
f850    c25295527    i43158860    A:00 X:00 Y:F8 S:EC P:nvUbdiZc  $01:A8F1: B9 6B 04 LDA $046B,Y @ $0563 = #$00
f850    c25295532    i43158861    A:00 X:00 Y:F8 S:EC P:nvUbdiZc  $01:A8F4: 99 03 02 STA $0203,Y @ $02FB = #$00
f850    c25295537    i43158862    A:00 X:00 Y:F8 S:EC P:nvUbdiZc  $01:A8F7: C8       INY
f850    c25295539    i43158863    A:00 X:00 Y:F9 S:EC P:NvUbdizc  $01:A8F8: C8       INY
f850    c25295541    i43158864    A:00 X:00 Y:FA S:EC P:NvUbdizc  $01:A8F9: C8       INY
f850    c25295543    i43158865    A:00 X:00 Y:FB S:EC P:NvUbdizc  $01:A8FA: C8       INY
f850    c25295545    i43158866    A:00 X:00 Y:FC S:EC P:NvUbdizc  $01:A8FB: D0 D8    BNE $A8D5
f850    c25295548    i43158867    A:00 X:00 Y:FC S:EC P:NvUbdizc  $01:A8D5: BE 68 04 LDX $0468,Y @ $0564 = #$00
f850    c25295553    i43158868    A:00 X:00 Y:FC S:EC P:nvUbdiZc  $01:A8D8: B9 6A 04 LDA $046A,Y @ $0566 = #$00
f850    c25295558    i43158869    A:00 X:00 Y:FC S:EC P:nvUbdiZc  $01:A8DB: 29 0C    AND #$0C
f850    c25295560    i43158870    A:00 X:00 Y:FC S:EC P:nvUbdiZc  $01:A8DD: F0 02    BEQ $A8E1
f850    c25295563    i43158871    A:00 X:00 Y:FC S:EC P:nvUbdiZc  $01:A8E1: 8A       TXA
f850    c25295565    i43158872    A:00 X:00 Y:FC S:EC P:nvUbdiZc  $01:A8E2: 99 00 02 STA $0200,Y @ $02FC = #$00
f850    c25295570    i43158873    A:00 X:00 Y:FC S:EC P:nvUbdiZc  $01:A8E5: B9 69 04 LDA $0469,Y @ $0565 = #$00
f850    c25295575    i43158874    A:00 X:00 Y:FC S:EC P:nvUbdiZc  $01:A8E8: 99 01 02 STA $0201,Y @ $02FD = #$00
f850    c25295580    i43158875    A:00 X:00 Y:FC S:EC P:nvUbdiZc  $01:A8EB: B9 6A 04 LDA $046A,Y @ $0566 = #$00
f850    c25295585    i43158876    A:00 X:00 Y:FC S:EC P:nvUbdiZc  $01:A8EE: 99 02 02 STA $0202,Y @ $02FE = #$00
f850    c25295590    i43158877    A:00 X:00 Y:FC S:EC P:nvUbdiZc  $01:A8F1: B9 6B 04 LDA $046B,Y @ $0567 = #$F8
f850    c25295595    i43158878    A:F8 X:00 Y:FC S:EC P:NvUbdizc  $01:A8F4: 99 03 02 STA $0203,Y @ $02FF = #$F8
f850    c25295600    i43158879    A:F8 X:00 Y:FC S:EC P:NvUbdizc  $01:A8F7: C8       INY
f850    c25295602    i43158880    A:F8 X:00 Y:FD S:EC P:NvUbdizc  $01:A8F8: C8       INY
f850    c25295604    i43158881    A:F8 X:00 Y:FE S:EC P:NvUbdizc  $01:A8F9: C8       INY
f850    c25295606    i43158882    A:F8 X:00 Y:FF S:EC P:NvUbdizc  $01:A8FA: C8       INY
f850    c25295608    i43158883    A:F8 X:00 Y:00 S:EC P:nvUbdiZc  $01:A8FB: D0 D8    BNE $A8D5
f850    c25295610    i43158884    A:F8 X:00 Y:00 S:EC P:nvUbdiZc  $01:A8FD: 60       RTS (from $A215)
f850    c25295616    i43158885    A:F8 X:00 Y:00 S:EE P:nvUbdiZc  $00:8392: A2 06    LDX #$06
f850    c25295618    i43158886    A:F8 X:06 Y:00 S:EE P:nvUbdizc  $00:8394: 20 B9 C4 JSR $C4B9
f850    c25295624    i43158887    A:F8 X:06 Y:00 S:EC P:nvUbdizc  $0F:C4B9: 86 25    STX $25 = #$02
f850    c25295627    i43158888    A:F8 X:06 Y:00 S:EC P:nvUbdizc  $0F:C4BB: A9 07    LDA #$07
f850    c25295629    i43158889    A:07 X:06 Y:00 S:EC P:nvUbdizc  $0F:C4BD: 05 22    ORA $22 = #$00
f850    c25295632    i43158890    A:07 X:06 Y:00 S:EC P:nvUbdizc  $0F:C4BF: 85 23    STA $23 = #$06
f850    c25295635    i43158891    A:07 X:06 Y:00 S:EC P:nvUbdizc  $0F:C4C1: 8D 00 80 STA $8000 = #$A5
f850    c25295639    i43158892    A:07 X:06 Y:00 S:EC P:nvUbdizc  $0F:C4C4: 8E 01 80 STX $8001 = #$27
f850    c25295643    i43158893    A:07 X:06 Y:00 S:EC P:nvUbdizc  $0F:C4C7: 60       RTS (from $C4B9)
f850    c25295649    i43158894    A:07 X:06 Y:00 S:EE P:nvUbdizc  $00:8397: 60       RTS (from $838A)
f850    c25295655    i43158895    A:07 X:06 Y:00 S:F0 P:nvUbdizc  $00:82F0: A5 4C    LDA $4C = #$00
f850    c25295658    i43158896    A:00 X:06 Y:00 S:F0 P:nvUbdiZc  $00:82F2: 10 F9    BPL $82ED
f850    c25295661    i43158897    A:00 X:06 Y:00 S:F0 P:nvUbdiZc  $00:82ED: 20 8A 83 JSR $838A
f850    c25295667    i43158898    A:00 X:06 Y:00 S:EE P:nvUbdiZc  $00:838A: A2 02    LDX #$02
f850    c25295669    i43158899    A:00 X:02 Y:00 S:EE P:nvUbdizc  $00:838C: 20 B9 C4 JSR $C4B9
f852    c25354824    i43177810    A:00 X:00 Y:F8 S:EC P:nvUbdiZc  $01:A8EE: 99 02 02 STA $0202,Y @ $02FA = #$00
f852    c25354829    i43177811    A:00 X:00 Y:F8 S:EC P:nvUbdiZc  $01:A8F1: B9 6B 04 LDA $046B,Y @ $0563 = #$00
f852    c25354834    i43177812    A:00 X:00 Y:F8 S:EC P:nvUbdiZc  $01:A8F4: 99 03 02 STA $0203,Y @ $02FB = #$00
f852    c25354839    i43177813    A:00 X:00 Y:F8 S:EC P:nvUbdiZc  $01:A8F7: C8       INY
f852    c25354841    i43177814    A:00 X:00 Y:F9 S:EC P:NvUbdizc  $01:A8F8: C8       INY
f852    c25354843    i43177815    A:00 X:00 Y:FA S:EC P:NvUbdizc  $01:A8F9: C8       INY
f852    c25354845    i43177816    A:00 X:00 Y:FB S:EC P:NvUbdizc  $01:A8FA: C8       INY
f852    c25354847    i43177817    A:00 X:00 Y:FC S:EC P:NvUbdizc  $01:A8FB: D0 D8    BNE $A8D5
f852    c25354850    i43177818    A:00 X:00 Y:FC S:EC P:NvUbdizc  $01:A8D5: BE 68 04 LDX $0468,Y @ $0564 = #$00
f852    c25354855    i43177819    A:00 X:00 Y:FC S:EC P:nvUbdiZc  $01:A8D8: B9 6A 04 LDA $046A,Y @ $0566 = #$00
f852    c25354860    i43177820    A:00 X:00 Y:FC S:EC P:nvUbdiZc  $01:A8DB: 29 0C    AND #$0C
f852    c25354862    i43177821    A:00 X:00 Y:FC S:EC P:nvUbdiZc  $01:A8DD: F0 02    BEQ $A8E1
f852    c25354865    i43177822    A:00 X:00 Y:FC S:EC P:nvUbdiZc  $01:A8E1: 8A       TXA
f852    c25354867    i43177823    A:00 X:00 Y:FC S:EC P:nvUbdiZc  $01:A8E2: 99 00 02 STA $0200,Y @ $02FC = #$00
f852    c25354872    i43177824    A:00 X:00 Y:FC S:EC P:nvUbdiZc  $01:A8E5: B9 69 04 LDA $0469,Y @ $0565 = #$00
f852    c25354877    i43177825    A:00 X:00 Y:FC S:EC P:nvUbdiZc  $01:A8E8: 99 01 02 STA $0201,Y @ $02FD = #$00
f852    c25354882    i43177826    A:00 X:00 Y:FC S:EC P:nvUbdiZc  $01:A8EB: B9 6A 04 LDA $046A,Y @ $0566 = #$00
f852    c25354887    i43177827    A:00 X:00 Y:FC S:EC P:nvUbdiZc  $01:A8EE: 99 02 02 STA $0202,Y @ $02FE = #$00
f852    c25354892    i43177828    A:00 X:00 Y:FC S:EC P:nvUbdiZc  $01:A8F1: B9 6B 04 LDA $046B,Y @ $0567 = #$F8
f852    c25354897    i43177829    A:F8 X:00 Y:FC S:EC P:NvUbdizc  $01:A8F4: 99 03 02 STA $0203,Y @ $02FF = #$F8
f852    c25354902    i43177830    A:F8 X:00 Y:FC S:EC P:NvUbdizc  $01:A8F7: C8       INY
f852    c25354904    i43177831    A:F8 X:00 Y:FD S:EC P:NvUbdizc  $01:A8F8: C8       INY
f852    c25354906    i43177832    A:F8 X:00 Y:FE S:EC P:NvUbdizc  $01:A8F9: C8       INY
f852    c25354908    i43177833    A:F8 X:00 Y:FF S:EC P:NvUbdizc  $01:A8FA: C8       INY
f852    c25354910    i43177834    A:F8 X:00 Y:00 S:EC P:nvUbdiZc  $01:A8FB: D0 D8    BNE $A8D5
f852    c25354912    i43177835    A:F8 X:00 Y:00 S:EC P:nvUbdiZc  $01:A8FD: 60       RTS (from $A215)
f852    c25354918    i43177836    A:F8 X:00 Y:00 S:EE P:nvUbdiZc  $00:8392: A2 06    LDX #$06
f852    c25354920    i43177837    A:F8 X:06 Y:00 S:EE P:nvUbdizc  $00:8394: 20 B9 C4 JSR $C4B9
f852    c25354926    i43177838    A:F8 X:06 Y:00 S:EC P:nvUbdizc  $0F:C4B9: 86 25    STX $25 = #$02
f852    c25354929    i43177839    A:F8 X:06 Y:00 S:EC P:nvUbdizc  $0F:C4BB: A9 07    LDA #$07
f852    c25354931    i43177840    A:07 X:06 Y:00 S:EC P:nvUbdizc  $0F:C4BD: 05 22    ORA $22 = #$00
f852    c25354934    i43177841    A:07 X:06 Y:00 S:EC P:nvUbdizc  $0F:C4BF: 85 23    STA $23 = #$06
f852    c25354937    i43177842    A:07 X:06 Y:00 S:EC P:nvUbdizc  $0F:C4C1: 8D 00 80 STA $8000 = #$A5
f852    c25354941    i43177843    A:07 X:06 Y:00 S:EC P:nvUbdizc  $0F:C4C4: 8E 01 80 STX $8001 = #$27
f852    c25354945    i43177844    A:07 X:06 Y:00 S:EC P:nvUbdizc  $0F:C4C7: 60       RTS (from $C4B9)
f852    c25354951    i43177845    A:07 X:06 Y:00 S:EE P:nvUbdizc  $00:8397: 60       RTS (from $838A)
f852    c25354957    i43177846    A:07 X:06 Y:00 S:F0 P:nvUbdizc  $00:82F0: A5 4C    LDA $4C = #$00
f852    c25354960    i43177847    A:00 X:06 Y:00 S:F0 P:nvUbdiZc  $00:82F2: 10 F9    BPL $82ED
f852    c25354963    i43177848    A:00 X:06 Y:00 S:F0 P:nvUbdiZc  $00:82ED: 20 8A 83 JSR $838A
f852    c25354969    i43177849    A:00 X:06 Y:00 S:EE P:nvUbdiZc  $00:838A: A2 02    LDX #$02
f852    c25354971    i43177850    A:00 X:02 Y:00 S:EE P:nvUbdizc  $00:838C: 20 B9 C4 JSR $C4B9
f861    c25616319    i43261123    A:00 X:99 Y:05 S:C6 P:nvUbdiZc  $00:9756: 2A       ROL
f861    c25616321    i43261124    A:00 X:99 Y:05 S:C6 P:nvUbdiZc  $00:9757: 99 96 00 STA $0096,Y @ $009B = #$00
f861    c25616326    i43261125    A:00 X:99 Y:05 S:C6 P:nvUbdiZc  $00:975A: 60       RTS (from $974A)
f861    c25616332    i43261126    A:00 X:99 Y:05 S:C8 P:nvUbdiZc  $00:9163: A0 06    LDY #$06
f861    c25616334    i43261127    A:00 X:99 Y:06 S:C8 P:nvUbdizc  $00:9165: 20 4A 97 JSR $974A
f861    c25616340    i43261128    A:00 X:99 Y:06 S:C6 P:nvUbdizc  $00:974A: B1 94    LDA ($94),Y @ $056E = #$00
f861    c25616345    i43261129    A:00 X:99 Y:06 S:C6 P:nvUbdiZc  $00:974C: 0A       ASL
f861    c25616347    i43261130    A:00 X:99 Y:06 S:C6 P:nvUbdiZc  $00:974D: C8       INY
f861    c25616349    i43261131    A:00 X:99 Y:07 S:C6 P:nvUbdizc  $00:974E: B1 94    LDA ($94),Y @ $056F = #$BC
f861    c25616354    i43261132    A:BC X:99 Y:07 S:C6 P:NvUbdizc  $00:9750: 2A       ROL
f861    c25616356    i43261133    A:78 X:99 Y:07 S:C6 P:nvUbdizC  $00:9751: 99 95 00 STA $0095,Y @ $009C = #$78
f861    c25616361    i43261134    A:78 X:99 Y:07 S:C6 P:nvUbdizC  $00:9754: A9 00    LDA #$00
f861    c25616363    i43261135    A:00 X:99 Y:07 S:C6 P:nvUbdiZC  $00:9756: 2A       ROL
f861    c25616365    i43261136    A:01 X:99 Y:07 S:C6 P:nvUbdizc  $00:9757: 99 96 00 STA $0096,Y @ $009D = #$01
f861    c25616370    i43261137    A:01 X:99 Y:07 S:C6 P:nvUbdizc  $00:975A: 60       RTS (from $974A)
f861    c25616376    i43261138    A:01 X:99 Y:07 S:C8 P:nvUbdizc  $00:9168: 8A       TXA
f861    c25616378    i43261139    A:99 X:99 Y:07 S:C8 P:NvUbdizc  $00:9169: 29 10    AND #$10
f861    c25616380    i43261140    A:10 X:99 Y:07 S:C8 P:nvUbdizc  $00:916B: D0 39    BNE $91A6
f861    c25616383    i43261141    A:10 X:99 Y:07 S:C8 P:nvUbdizc  $00:91A6: A9 00    LDA #$00
f861    c25616385    i43261142    A:00 X:99 Y:07 S:C8 P:nvUbdiZc  $00:91A8: 38       SEC
f861    c25616387    i43261143    A:00 X:99 Y:07 S:C8 P:nvUbdiZC  $00:91A9: E5 46    SBC $46 = #$00
f861    c25616390    i43261144    A:00 X:99 Y:07 S:C8 P:nvUbdiZC  $00:91AB: 85 E6    STA $E6 = #$00
f861    c25616393    i43261145    A:00 X:99 Y:07 S:C8 P:nvUbdiZC  $00:91AD: A9 00    LDA #$00
f861    c25616395    i43261146    A:00 X:99 Y:07 S:C8 P:nvUbdiZC  $00:91AF: 38       SEC
f861    c25616397    i43261147    A:00 X:99 Y:07 S:C8 P:nvUbdiZC  $00:91B0: E5 47    SBC $47 = #$08
f861    c25616400    i43261148    A:F8 X:99 Y:07 S:C8 P:NvUbdizc  $00:91B2: 85 E8    STA $E8 = #$F9
f861    c25616403    i43261149    A:F8 X:99 Y:07 S:C8 P:NvUbdizc  $00:91B4: A0 10    LDY #$10
f861    c25616405    i43261150    A:F8 X:99 Y:10 S:C8 P:nvUbdizc  $00:91B6: B1 94    LDA ($94),Y @ $0578 = #$00
f861    c25616410    i43261151    A:00 X:99 Y:10 S:C8 P:nvUbdiZc  $00:91B8: AA       TAX
f861    c25616412    i43261152    A:00 X:00 Y:10 S:C8 P:nvUbdiZc  $00:91B9: C8       INY
f861    c25616414    i43261153    A:00 X:00 Y:11 S:C8 P:nvUbdizc  $00:91BA: B1 94    LDA ($94),Y @ $0579 = #$9C
f861    c25616419    i43261154    A:9C X:00 Y:11 S:C8 P:NvUbdizc  $00:91BC: 4A       LSR
f861    c25616421    i43261155    A:4E X:00 Y:11 S:C8 P:nvUbdizc  $00:91BD: 4A       LSR
f861    c25616423    i43261156    A:27 X:00 Y:11 S:C8 P:nvUbdizc  $00:91BE: A8       TAY
f861    c25616425    i43261157    A:27 X:00 Y:27 S:C8 P:nvUbdizc  $00:91BF: A5 E6    LDA $E6 = #$00
f861    c25616428    i43261158    A:00 X:00 Y:27 S:C8 P:nvUbdiZc  $00:91C1: 18       CLC
f861    c25616430    i43261159    A:00 X:00 Y:27 S:C8 P:nvUbdiZc  $00:91C2: 7D 68 04 ADC $0468,X @ $0468 = #$58
f861    c25616434    i43261160    A:58 X:00 Y:27 S:C8 P:nvUbdizc  $00:91C5: 9D 68 04 STA $0468,X @ $0468 = #$58
f861    c25616439    i43261161    A:58 X:00 Y:27 S:C8 P:nvUbdizc  $00:91C8: 6A       ROR
f861    c25616441    i43261162    A:2C X:00 Y:27 S:C8 P:nvUbdizc  $00:91C9: 45 E6    EOR $E6 = #$00
f861    c25616444    i43261163    A:2C X:00 Y:27 S:C8 P:nvUbdizc  $00:91CB: 10 08    BPL $91D5
f861    c25616447    i43261164    A:2C X:00 Y:27 S:C8 P:nvUbdizc  $00:91D5: A5 E8    LDA $E8 = #$F8
f862    c25643241    i43269655    A:C3 X:10 Y:06 S:D9 P:nvUbdIzC  $06:8243: 91 F0    STA ($F0),Y @ $076D = #$C5
f862    c25643247    i43269656    A:C3 X:10 Y:06 S:D9 P:nvUbdIzC  $06:8245: A6 F3    LDX $F3 = #$04
f862    c25643250    i43269657    A:C3 X:04 Y:06 S:D9 P:nvUbdIzC  $06:8247: CA       DEX
f862    c25643252    i43269658    A:C3 X:03 Y:06 S:D9 P:nvUbdIzC  $06:8248: BD AF 07 LDA $07AF,X @ $07B2 = #$01
f862    c25643256    i43269659    A:01 X:03 Y:06 S:D9 P:nvUbdIzC  $06:824B: C9 01    CMP #$01
f862    c25643258    i43269660    A:01 X:03 Y:06 S:D9 P:nvUbdIZC  $06:824D: F0 08    BEQ $8257
f862    c25643261    i43269661    A:01 X:03 Y:06 S:D9 P:nvUbdIZC  $06:8257: BD C7 07 LDA $07C7,X @ $07CA = #$07
f862    c25643265    i43269662    A:07 X:03 Y:06 S:D9 P:nvUbdIzC  $06:825A: 0A       ASL
f862    c25643267    i43269663    A:0E X:03 Y:06 S:D9 P:nvUbdIzc  $06:825B: A8       TAY
f862    c25643269    i43269664    A:0E X:03 Y:0E S:D9 P:nvUbdIzc  $06:825C: B9 69 82 LDA $8269,Y @ $8277 = #$7D
f862    c25643273    i43269665    A:7D X:03 Y:0E S:D9 P:nvUbdIzc  $06:825F: 85 F9    STA $F9 = #$97
f862    c25643276    i43269666    A:7D X:03 Y:0E S:D9 P:nvUbdIzc  $06:8261: B9 6A 82 LDA $826A,Y @ $8278 = #$82
f862    c25643280    i43269667    A:82 X:03 Y:0E S:D9 P:NvUbdIzc  $06:8264: 85 FA    STA $FA = #$82
f862    c25643283    i43269668    A:82 X:03 Y:0E S:D9 P:NvUbdIzc  $06:8266: 6C F9 00 JMP ($00F9) = $827D
f862    c25643288    i43269669    A:82 X:03 Y:0E S:D9 P:NvUbdIzc  $06:827D: A9 01    LDA #$01
f862    c25643290    i43269670    A:01 X:03 Y:0E S:D9 P:nvUbdIzc  $06:827F: 18       CLC
f862    c25643292    i43269671    A:01 X:03 Y:0E S:D9 P:nvUbdIzc  $06:8280: 7D B7 07 ADC $07B7,X @ $07BA = #$1D
f862    c25643296    i43269672    A:1E X:03 Y:0E S:D9 P:nvUbdIzc  $06:8283: A0 07    LDY #$07
f862    c25643298    i43269673    A:1E X:03 Y:07 S:D9 P:nvUbdIzc  $06:8285: 91 F0    STA ($F0),Y @ $076E = #$1D
f862    c25643304    i43269674    A:1E X:03 Y:07 S:D9 P:nvUbdIzc  $06:8287: BD BF 07 LDA $07BF,X @ $07C2 = #$81
f862    c25643308    i43269675    A:81 X:03 Y:07 S:D9 P:NvUbdIzc  $06:828A: 69 00    ADC #$00
f862    c25643310    i43269676    A:81 X:03 Y:07 S:D9 P:NvUbdIzc  $06:828C: C8       INY
f862    c25643312    i43269677    A:81 X:03 Y:08 S:D9 P:nvUbdIzc  $06:828D: 91 F0    STA ($F0),Y @ $076F = #$81
f862    c25643318    i43269678    A:81 X:03 Y:08 S:D9 P:nvUbdIzc  $06:828F: 4C A4 82 JMP $82A4
f862    c25643321    i43269679    A:81 X:03 Y:08 S:D9 P:nvUbdIzc  $06:82A4: BD C7 07 LDA $07C7,X @ $07CA = #$07
f862    c25643325    i43269680    A:07 X:03 Y:08 S:D9 P:nvUbdIzc  $06:82A7: 18       CLC
f862    c25643327    i43269681    A:07 X:03 Y:08 S:D9 P:nvUbdIzc  $06:82A8: 69 01    ADC #$01
f862    c25643329    i43269682    A:08 X:03 Y:08 S:D9 P:nvUbdIzc  $06:82AA: C9 0A    CMP #$0A
f862    c25643331    i43269683    A:08 X:03 Y:08 S:D9 P:NvUbdIzc  $06:82AC: D0 02    BNE $82B0
f862    c25643334    i43269684    A:08 X:03 Y:08 S:D9 P:NvUbdIzc  $06:82B0: 9D C7 07 STA $07C7,X @ $07CA = #$07
f862    c25643339    i43269685    A:08 X:03 Y:08 S:D9 P:NvUbdIzc  $06:82B3: 60       RTS (from $81DB)
f862    c25643345    i43269686    A:08 X:03 Y:08 S:DB P:NvUbdIzc  $06:810C: 18       CLC
f862    c25643347    i43269687    A:08 X:03 Y:08 S:DB P:NvUbdIzc  $06:810D: A9 10    LDA #$10
f862    c25643349    i43269688    A:10 X:03 Y:08 S:DB P:nvUbdIzc  $06:810F: 65 F0    ADC $F0 = #$67
f862    c25643352    i43269689    A:77 X:03 Y:08 S:DB P:nvUbdIzc  $06:8111: 85 F0    STA $F0 = #$67
f862    c25643355    i43269690    A:77 X:03 Y:08 S:DB P:nvUbdIzc  $06:8113: A9 04    LDA #$04
f862    c25643357    i43269691    A:04 X:03 Y:08 S:DB P:nvUbdIzc  $06:8115: 65 F2    ADC $F2 = #$10
f862    c25643360    i43269692    A:14 X:03 Y:08 S:DB P:nvUbdIzc  $06:8117: 85 F2    STA $F2 = #$10
f862    c25643363    i43269693    A:14 X:03 Y:08 S:DB P:nvUbdIzc  $06:8119: C6 F3    DEC $F3 = #$04
f862    c25643368    i43269694    A:14 X:03 Y:08 S:DB P:nvUbdIzc  $06:811B: D0 AD    BNE $80CA
f862    c25643372    i43269695    A:14 X:03 Y:08 S:DB P:nvUbdIzc  $06:80CA: AD 06 07 LDA $0706 = #$87
f863    c25676005    i43280017    A:99 X:99 Y:00 S:C8 P:NvUbdizc  $00:915E: A0 04    LDY #$04
f863    c25676007    i43280018    A:99 X:99 Y:04 S:C8 P:nvUbdizc  $00:9160: 20 4A 97 JSR $974A
f863    c25676013    i43280019    A:99 X:99 Y:04 S:C6 P:nvUbdizc  $00:974A: B1 94    LDA ($94),Y @ $056C = #$00
f863    c25676018    i43280020    A:00 X:99 Y:04 S:C6 P:nvUbdiZc  $00:974C: 0A       ASL
f863    c25676020    i43280021    A:00 X:99 Y:04 S:C6 P:nvUbdiZc  $00:974D: C8       INY
f863    c25676022    i43280022    A:00 X:99 Y:05 S:C6 P:nvUbdizc  $00:974E: B1 94    LDA ($94),Y @ $056D = #$30
f863    c25676027    i43280023    A:30 X:99 Y:05 S:C6 P:nvUbdizc  $00:9750: 2A       ROL
f863    c25676029    i43280024    A:60 X:99 Y:05 S:C6 P:nvUbdizc  $00:9751: 99 95 00 STA $0095,Y @ $009A = #$60
f863    c25676034    i43280025    A:60 X:99 Y:05 S:C6 P:nvUbdizc  $00:9754: A9 00    LDA #$00
f863    c25676036    i43280026    A:00 X:99 Y:05 S:C6 P:nvUbdiZc  $00:9756: 2A       ROL
f863    c25676038    i43280027    A:00 X:99 Y:05 S:C6 P:nvUbdiZc  $00:9757: 99 96 00 STA $0096,Y @ $009B = #$00
f863    c25676043    i43280028    A:00 X:99 Y:05 S:C6 P:nvUbdiZc  $00:975A: 60       RTS (from $974A)
f863    c25676049    i43280029    A:00 X:99 Y:05 S:C8 P:nvUbdiZc  $00:9163: A0 06    LDY #$06
f863    c25676051    i43280030    A:00 X:99 Y:06 S:C8 P:nvUbdizc  $00:9165: 20 4A 97 JSR $974A
f863    c25676057    i43280031    A:00 X:99 Y:06 S:C6 P:nvUbdizc  $00:974A: B1 94    LDA ($94),Y @ $056E = #$00
f863    c25676062    i43280032    A:00 X:99 Y:06 S:C6 P:nvUbdiZc  $00:974C: 0A       ASL
f863    c25676064    i43280033    A:00 X:99 Y:06 S:C6 P:nvUbdiZc  $00:974D: C8       INY
f863    c25676066    i43280034    A:00 X:99 Y:07 S:C6 P:nvUbdizc  $00:974E: B1 94    LDA ($94),Y @ $056F = #$BC
f863    c25676071    i43280035    A:BC X:99 Y:07 S:C6 P:NvUbdizc  $00:9750: 2A       ROL
f863    c25676073    i43280036    A:78 X:99 Y:07 S:C6 P:nvUbdizC  $00:9751: 99 95 00 STA $0095,Y @ $009C = #$78
f863    c25676078    i43280037    A:78 X:99 Y:07 S:C6 P:nvUbdizC  $00:9754: A9 00    LDA #$00
f863    c25676080    i43280038    A:00 X:99 Y:07 S:C6 P:nvUbdiZC  $00:9756: 2A       ROL
f863    c25676082    i43280039    A:01 X:99 Y:07 S:C6 P:nvUbdizc  $00:9757: 99 96 00 STA $0096,Y @ $009D = #$01
f863    c25676087    i43280040    A:01 X:99 Y:07 S:C6 P:nvUbdizc  $00:975A: 60       RTS (from $974A)
f863    c25676093    i43280041    A:01 X:99 Y:07 S:C8 P:nvUbdizc  $00:9168: 8A       TXA
f863    c25676095    i43280042    A:99 X:99 Y:07 S:C8 P:NvUbdizc  $00:9169: 29 10    AND #$10
f863    c25676097    i43280043    A:10 X:99 Y:07 S:C8 P:nvUbdizc  $00:916B: D0 39    BNE $91A6
f863    c25676100    i43280044    A:10 X:99 Y:07 S:C8 P:nvUbdizc  $00:91A6: A9 00    LDA #$00
f863    c25676102    i43280045    A:00 X:99 Y:07 S:C8 P:nvUbdiZc  $00:91A8: 38       SEC
f863    c25676104    i43280046    A:00 X:99 Y:07 S:C8 P:nvUbdiZC  $00:91A9: E5 46    SBC $46 = #$00
f863    c25676107    i43280047    A:00 X:99 Y:07 S:C8 P:nvUbdiZC  $00:91AB: 85 E6    STA $E6 = #$00
f863    c25676110    i43280048    A:00 X:99 Y:07 S:C8 P:nvUbdiZC  $00:91AD: A9 00    LDA #$00
f863    c25676112    i43280049    A:00 X:99 Y:07 S:C8 P:nvUbdiZC  $00:91AF: 38       SEC
f863    c25676114    i43280050    A:00 X:99 Y:07 S:C8 P:nvUbdiZC  $00:91B0: E5 47    SBC $47 = #$08
f863    c25676117    i43280051    A:F8 X:99 Y:07 S:C8 P:NvUbdizc  $00:91B2: 85 E8    STA $E8 = #$F8
f863    c25676120    i43280052    A:F8 X:99 Y:07 S:C8 P:NvUbdizc  $00:91B4: A0 10    LDY #$10
f863    c25676122    i43280053    A:F8 X:99 Y:10 S:C8 P:nvUbdizc  $00:91B6: B1 94    LDA ($94),Y @ $0578 = #$00
f863    c25676127    i43280054    A:00 X:99 Y:10 S:C8 P:nvUbdiZc  $00:91B8: AA       TAX
f863    c25676129    i43280055    A:00 X:00 Y:10 S:C8 P:nvUbdiZc  $00:91B9: C8       INY
f863    c25676131    i43280056    A:00 X:00 Y:11 S:C8 P:nvUbdizc  $00:91BA: B1 94    LDA ($94),Y @ $0579 = #$9C
f863    c25676136    i43280057    A:9C X:00 Y:11 S:C8 P:NvUbdizc  $00:91BC: 4A       LSR
f863    c25676138    i43280058    A:4E X:00 Y:11 S:C8 P:nvUbdizc  $00:91BD: 4A       LSR
f864    c25705907    i43289482    A:00 X:99 Y:05 S:C6 P:nvUbdiZc  $00:9756: 2A       ROL
f864    c25705909    i43289483    A:00 X:99 Y:05 S:C6 P:nvUbdiZc  $00:9757: 99 96 00 STA $0096,Y @ $009B = #$00
f864    c25705914    i43289484    A:00 X:99 Y:05 S:C6 P:nvUbdiZc  $00:975A: 60       RTS (from $974A)
f864    c25705920    i43289485    A:00 X:99 Y:05 S:C8 P:nvUbdiZc  $00:9163: A0 06    LDY #$06
f864    c25705922    i43289486    A:00 X:99 Y:06 S:C8 P:nvUbdizc  $00:9165: 20 4A 97 JSR $974A
f864    c25705928    i43289487    A:00 X:99 Y:06 S:C6 P:nvUbdizc  $00:974A: B1 94    LDA ($94),Y @ $056E = #$00
f864    c25705933    i43289488    A:00 X:99 Y:06 S:C6 P:nvUbdiZc  $00:974C: 0A       ASL
f864    c25705935    i43289489    A:00 X:99 Y:06 S:C6 P:nvUbdiZc  $00:974D: C8       INY
f864    c25705937    i43289490    A:00 X:99 Y:07 S:C6 P:nvUbdizc  $00:974E: B1 94    LDA ($94),Y @ $056F = #$BC
f864    c25705942    i43289491    A:BC X:99 Y:07 S:C6 P:NvUbdizc  $00:9750: 2A       ROL
f864    c25705944    i43289492    A:78 X:99 Y:07 S:C6 P:nvUbdizC  $00:9751: 99 95 00 STA $0095,Y @ $009C = #$78
f864    c25705949    i43289493    A:78 X:99 Y:07 S:C6 P:nvUbdizC  $00:9754: A9 00    LDA #$00
f864    c25705951    i43289494    A:00 X:99 Y:07 S:C6 P:nvUbdiZC  $00:9756: 2A       ROL
f864    c25705953    i43289495    A:01 X:99 Y:07 S:C6 P:nvUbdizc  $00:9757: 99 96 00 STA $0096,Y @ $009D = #$01
f864    c25705958    i43289496    A:01 X:99 Y:07 S:C6 P:nvUbdizc  $00:975A: 60       RTS (from $974A)
f864    c25705964    i43289497    A:01 X:99 Y:07 S:C8 P:nvUbdizc  $00:9168: 8A       TXA
f864    c25705966    i43289498    A:99 X:99 Y:07 S:C8 P:NvUbdizc  $00:9169: 29 10    AND #$10
f864    c25705968    i43289499    A:10 X:99 Y:07 S:C8 P:nvUbdizc  $00:916B: D0 39    BNE $91A6
f864    c25705971    i43289500    A:10 X:99 Y:07 S:C8 P:nvUbdizc  $00:91A6: A9 00    LDA #$00
f864    c25705973    i43289501    A:00 X:99 Y:07 S:C8 P:nvUbdiZc  $00:91A8: 38       SEC
f864    c25705975    i43289502    A:00 X:99 Y:07 S:C8 P:nvUbdiZC  $00:91A9: E5 46    SBC $46 = #$00
f864    c25705978    i43289503    A:00 X:99 Y:07 S:C8 P:nvUbdiZC  $00:91AB: 85 E6    STA $E6 = #$00
f864    c25705981    i43289504    A:00 X:99 Y:07 S:C8 P:nvUbdiZC  $00:91AD: A9 00    LDA #$00
f864    c25705983    i43289505    A:00 X:99 Y:07 S:C8 P:nvUbdiZC  $00:91AF: 38       SEC
f864    c25705985    i43289506    A:00 X:99 Y:07 S:C8 P:nvUbdiZC  $00:91B0: E5 47    SBC $47 = #$07
f864    c25705988    i43289507    A:F9 X:99 Y:07 S:C8 P:NvUbdizc  $00:91B2: 85 E8    STA $E8 = #$F8
f864    c25705991    i43289508    A:F9 X:99 Y:07 S:C8 P:NvUbdizc  $00:91B4: A0 10    LDY #$10
f864    c25705993    i43289509    A:F9 X:99 Y:10 S:C8 P:nvUbdizc  $00:91B6: B1 94    LDA ($94),Y @ $0578 = #$00
f864    c25705998    i43289510    A:00 X:99 Y:10 S:C8 P:nvUbdiZc  $00:91B8: AA       TAX
f864    c25706000    i43289511    A:00 X:00 Y:10 S:C8 P:nvUbdiZc  $00:91B9: C8       INY
f864    c25706002    i43289512    A:00 X:00 Y:11 S:C8 P:nvUbdizc  $00:91BA: B1 94    LDA ($94),Y @ $0579 = #$9C
f864    c25706007    i43289513    A:9C X:00 Y:11 S:C8 P:NvUbdizc  $00:91BC: 4A       LSR
f864    c25706009    i43289514    A:4E X:00 Y:11 S:C8 P:nvUbdizc  $00:91BD: 4A       LSR
f864    c25706011    i43289515    A:27 X:00 Y:11 S:C8 P:nvUbdizc  $00:91BE: A8       TAY
f864    c25706013    i43289516    A:27 X:00 Y:27 S:C8 P:nvUbdizc  $00:91BF: A5 E6    LDA $E6 = #$00
f864    c25706016    i43289517    A:00 X:00 Y:27 S:C8 P:nvUbdiZc  $00:91C1: 18       CLC
f864    c25706018    i43289518    A:00 X:00 Y:27 S:C8 P:nvUbdiZc  $00:91C2: 7D 68 04 ADC $0468,X @ $0468 = #$58
f864    c25706022    i43289519    A:58 X:00 Y:27 S:C8 P:nvUbdizc  $00:91C5: 9D 68 04 STA $0468,X @ $0468 = #$58
f864    c25706027    i43289520    A:58 X:00 Y:27 S:C8 P:nvUbdizc  $00:91C8: 6A       ROR
f864    c25706029    i43289521    A:2C X:00 Y:27 S:C8 P:nvUbdizc  $00:91C9: 45 E6    EOR $E6 = #$00
f864    c25706032    i43289522    A:2C X:00 Y:27 S:C8 P:nvUbdizc  $00:91CB: 10 08    BPL $91D5
f864    c25706035    i43289523    A:2C X:00 Y:27 S:C8 P:nvUbdizc  $00:91D5: A5 E8    LDA $E8 = #$F9
f866    c25761179    i43307105    A:00 X:02 Y:08 S:DB P:nvUbdIzc  $01:A0ED: BD 15 40 LDA $4015,X @ $4017 = #$01
f866    c25761183    i43307106    A:40 X:02 Y:08 S:DB P:nvUbdIzc  $01:A0F0: 4A       LSR
f866    c25761185    i43307107    A:20 X:02 Y:08 S:DB P:nvUbdIzc  $01:A0F1: 26 3F    ROL $3F = #$00
f866    c25761190    i43307108    A:20 X:02 Y:08 S:DB P:nvUbdIZc  $01:A0F3: 29 01    AND #$01
f866    c25761192    i43307109    A:00 X:02 Y:08 S:DB P:nvUbdIZc  $01:A0F5: 05 3F    ORA $3F = #$00
f866    c25761195    i43307110    A:00 X:02 Y:08 S:DB P:nvUbdIZc  $01:A0F7: 85 3F    STA $3F = #$00
f866    c25761198    i43307111    A:00 X:02 Y:08 S:DB P:nvUbdIZc  $01:A0F9: 88       DEY
f866    c25761200    i43307112    A:00 X:02 Y:07 S:DB P:nvUbdIzc  $01:A0FA: D0 F1    BNE $A0ED
f866    c25761203    i43307113    A:00 X:02 Y:07 S:DB P:nvUbdIzc  $01:A0ED: BD 15 40 LDA $4015,X @ $4017 = #$01
f866    c25761207    i43307114    A:40 X:02 Y:07 S:DB P:nvUbdIzc  $01:A0F0: 4A       LSR
f866    c25761209    i43307115    A:20 X:02 Y:07 S:DB P:nvUbdIzc  $01:A0F1: 26 3F    ROL $3F = #$00
f866    c25761214    i43307116    A:20 X:02 Y:07 S:DB P:nvUbdIZc  $01:A0F3: 29 01    AND #$01
f866    c25761216    i43307117    A:00 X:02 Y:07 S:DB P:nvUbdIZc  $01:A0F5: 05 3F    ORA $3F = #$00
f866    c25761219    i43307118    A:00 X:02 Y:07 S:DB P:nvUbdIZc  $01:A0F7: 85 3F    STA $3F = #$00
f866    c25761222    i43307119    A:00 X:02 Y:07 S:DB P:nvUbdIZc  $01:A0F9: 88       DEY
f866    c25761224    i43307120    A:00 X:02 Y:06 S:DB P:nvUbdIzc  $01:A0FA: D0 F1    BNE $A0ED
f866    c25761227    i43307121    A:00 X:02 Y:06 S:DB P:nvUbdIzc  $01:A0ED: BD 15 40 LDA $4015,X @ $4017 = #$01
f866    c25761231    i43307122    A:40 X:02 Y:06 S:DB P:nvUbdIzc  $01:A0F0: 4A       LSR
f866    c25761233    i43307123    A:20 X:02 Y:06 S:DB P:nvUbdIzc  $01:A0F1: 26 3F    ROL $3F = #$00
f866    c25761238    i43307124    A:20 X:02 Y:06 S:DB P:nvUbdIZc  $01:A0F3: 29 01    AND #$01
f866    c25761240    i43307125    A:00 X:02 Y:06 S:DB P:nvUbdIZc  $01:A0F5: 05 3F    ORA $3F = #$00
f866    c25761243    i43307126    A:00 X:02 Y:06 S:DB P:nvUbdIZc  $01:A0F7: 85 3F    STA $3F = #$00
f866    c25761246    i43307127    A:00 X:02 Y:06 S:DB P:nvUbdIZc  $01:A0F9: 88       DEY
f866    c25761248    i43307128    A:00 X:02 Y:05 S:DB P:nvUbdIzc  $01:A0FA: D0 F1    BNE $A0ED
f866    c25761251    i43307129    A:00 X:02 Y:05 S:DB P:nvUbdIzc  $01:A0ED: BD 15 40 LDA $4015,X @ $4017 = #$01
f866    c25761255    i43307130    A:40 X:02 Y:05 S:DB P:nvUbdIzc  $01:A0F0: 4A       LSR
f866    c25761257    i43307131    A:20 X:02 Y:05 S:DB P:nvUbdIzc  $01:A0F1: 26 3F    ROL $3F = #$00
f866    c25761262    i43307132    A:20 X:02 Y:05 S:DB P:nvUbdIZc  $01:A0F3: 29 01    AND #$01
f866    c25761264    i43307133    A:00 X:02 Y:05 S:DB P:nvUbdIZc  $01:A0F5: 05 3F    ORA $3F = #$00
f866    c25761267    i43307134    A:00 X:02 Y:05 S:DB P:nvUbdIZc  $01:A0F7: 85 3F    STA $3F = #$00
f866    c25761270    i43307135    A:00 X:02 Y:05 S:DB P:nvUbdIZc  $01:A0F9: 88       DEY
f866    c25761272    i43307136    A:00 X:02 Y:04 S:DB P:nvUbdIzc  $01:A0FA: D0 F1    BNE $A0ED
f866    c25761275    i43307137    A:00 X:02 Y:04 S:DB P:nvUbdIzc  $01:A0ED: BD 15 40 LDA $4015,X @ $4017 = #$01
f866    c25761279    i43307138    A:40 X:02 Y:04 S:DB P:nvUbdIzc  $01:A0F0: 4A       LSR
f866    c25761281    i43307139    A:20 X:02 Y:04 S:DB P:nvUbdIzc  $01:A0F1: 26 3F    ROL $3F = #$00
f866    c25761286    i43307140    A:20 X:02 Y:04 S:DB P:nvUbdIZc  $01:A0F3: 29 01    AND #$01
f866    c25761288    i43307141    A:00 X:02 Y:04 S:DB P:nvUbdIZc  $01:A0F5: 05 3F    ORA $3F = #$00
f866    c25761291    i43307142    A:00 X:02 Y:04 S:DB P:nvUbdIZc  $01:A0F7: 85 3F    STA $3F = #$00
f866    c25761294    i43307143    A:00 X:02 Y:04 S:DB P:nvUbdIZc  $01:A0F9: 88       DEY
f866    c25761296    i43307144    A:00 X:02 Y:03 S:DB P:nvUbdIzc  $01:A0FA: D0 F1    BNE $A0ED
f866    c25761299    i43307145    A:00 X:02 Y:03 S:DB P:nvUbdIzc  $01:A0ED: BD 15 40 LDA $4015,X @ $4017 = #$01
f866    c25761303    i43307146    A:40 X:02 Y:03 S:DB P:nvUbdIzc  $01:A0F0: 4A       LSR
f868    c25824440    i43327347    A:00 X:99 Y:05 S:C6 P:nvUbdiZc  $00:975A: 60       RTS (from $974A)
f868    c25824446    i43327348    A:00 X:99 Y:05 S:C8 P:nvUbdiZc  $00:9163: A0 06    LDY #$06
f868    c25824448    i43327349    A:00 X:99 Y:06 S:C8 P:nvUbdizc  $00:9165: 20 4A 97 JSR $974A
f868    c25824454    i43327350    A:00 X:99 Y:06 S:C6 P:nvUbdizc  $00:974A: B1 94    LDA ($94),Y @ $056E = #$00
f868    c25824459    i43327351    A:00 X:99 Y:06 S:C6 P:nvUbdiZc  $00:974C: 0A       ASL
f868    c25824461    i43327352    A:00 X:99 Y:06 S:C6 P:nvUbdiZc  $00:974D: C8       INY
f868    c25824463    i43327353    A:00 X:99 Y:07 S:C6 P:nvUbdizc  $00:974E: B1 94    LDA ($94),Y @ $056F = #$BC
f868    c25824468    i43327354    A:BC X:99 Y:07 S:C6 P:NvUbdizc  $00:9750: 2A       ROL
f868    c25824470    i43327355    A:78 X:99 Y:07 S:C6 P:nvUbdizC  $00:9751: 99 95 00 STA $0095,Y @ $009C = #$78
f868    c25824475    i43327356    A:78 X:99 Y:07 S:C6 P:nvUbdizC  $00:9754: A9 00    LDA #$00
f868    c25824477    i43327357    A:00 X:99 Y:07 S:C6 P:nvUbdiZC  $00:9756: 2A       ROL
f868    c25824479    i43327358    A:01 X:99 Y:07 S:C6 P:nvUbdizc  $00:9757: 99 96 00 STA $0096,Y @ $009D = #$01
f868    c25824484    i43327359    A:01 X:99 Y:07 S:C6 P:nvUbdizc  $00:975A: 60       RTS (from $974A)
f868    c25824490    i43327360    A:01 X:99 Y:07 S:C8 P:nvUbdizc  $00:9168: 8A       TXA
f868    c25824492    i43327361    A:99 X:99 Y:07 S:C8 P:NvUbdizc  $00:9169: 29 10    AND #$10
f868    c25824494    i43327362    A:10 X:99 Y:07 S:C8 P:nvUbdizc  $00:916B: D0 39    BNE $91A6
f868    c25824497    i43327363    A:10 X:99 Y:07 S:C8 P:nvUbdizc  $00:91A6: A9 00    LDA #$00
f868    c25824499    i43327364    A:00 X:99 Y:07 S:C8 P:nvUbdiZc  $00:91A8: 38       SEC
f868    c25824501    i43327365    A:00 X:99 Y:07 S:C8 P:nvUbdiZC  $00:91A9: E5 46    SBC $46 = #$00
f868    c25824504    i43327366    A:00 X:99 Y:07 S:C8 P:nvUbdiZC  $00:91AB: 85 E6    STA $E6 = #$00
f868    c25824507    i43327367    A:00 X:99 Y:07 S:C8 P:nvUbdiZC  $00:91AD: A9 00    LDA #$00
f868    c25824509    i43327368    A:00 X:99 Y:07 S:C8 P:nvUbdiZC  $00:91AF: 38       SEC
f868    c25824511    i43327369    A:00 X:99 Y:07 S:C8 P:nvUbdiZC  $00:91B0: E5 47    SBC $47 = #$00
f868    c25824514    i43327370    A:00 X:99 Y:07 S:C8 P:nvUbdiZC  $00:91B2: 85 E8    STA $E8 = #$00
f868    c25824517    i43327371    A:00 X:99 Y:07 S:C8 P:nvUbdiZC  $00:91B4: A0 10    LDY #$10
f868    c25824519    i43327372    A:00 X:99 Y:10 S:C8 P:nvUbdizC  $00:91B6: B1 94    LDA ($94),Y @ $0578 = #$00
f868    c25824524    i43327373    A:00 X:99 Y:10 S:C8 P:nvUbdiZC  $00:91B8: AA       TAX
f868    c25824526    i43327374    A:00 X:00 Y:10 S:C8 P:nvUbdiZC  $00:91B9: C8       INY
f868    c25824528    i43327375    A:00 X:00 Y:11 S:C8 P:nvUbdizC  $00:91BA: B1 94    LDA ($94),Y @ $0579 = #$9C
f868    c25824533    i43327376    A:9C X:00 Y:11 S:C8 P:NvUbdizC  $00:91BC: 4A       LSR
f868    c25824535    i43327377    A:4E X:00 Y:11 S:C8 P:nvUbdizc  $00:91BD: 4A       LSR
f868    c25824537    i43327378    A:27 X:00 Y:11 S:C8 P:nvUbdizc  $00:91BE: A8       TAY
f868    c25824539    i43327379    A:27 X:00 Y:27 S:C8 P:nvUbdizc  $00:91BF: A5 E6    LDA $E6 = #$00
f868    c25824542    i43327380    A:00 X:00 Y:27 S:C8 P:nvUbdiZc  $00:91C1: 18       CLC
f868    c25824544    i43327381    A:00 X:00 Y:27 S:C8 P:nvUbdiZc  $00:91C2: 7D 68 04 ADC $0468,X @ $0468 = #$58
f868    c25824548    i43327382    A:58 X:00 Y:27 S:C8 P:nvUbdizc  $00:91C5: 9D 68 04 STA $0468,X @ $0468 = #$58
f868    c25824553    i43327383    A:58 X:00 Y:27 S:C8 P:nvUbdizc  $00:91C8: 6A       ROR
f868    c25824555    i43327384    A:2C X:00 Y:27 S:C8 P:nvUbdizc  $00:91C9: 45 E6    EOR $E6 = #$00
f868    c25824558    i43327385    A:2C X:00 Y:27 S:C8 P:nvUbdizc  $00:91CB: 10 08    BPL $91D5
f868    c25824561    i43327386    A:2C X:00 Y:27 S:C8 P:nvUbdizc  $00:91D5: A5 E8    LDA $E8 = #$00
f868    c25824564    i43327387    A:00 X:00 Y:27 S:C8 P:nvUbdiZc  $00:91D7: 18       CLC
f868    c25824566    i43327388    A:00 X:00 Y:27 S:C8 P:nvUbdiZc  $00:91D8: 7D 6B 04 ADC $046B,X @ $046B = #$60
f869    c25854229    i43336877    A:99 X:9C Y:00 S:C8 P:NvUbdizc  $00:915D: AA       TAX
f869    c25854231    i43336878    A:99 X:99 Y:00 S:C8 P:NvUbdizc  $00:915E: A0 04    LDY #$04
f869    c25854233    i43336879    A:99 X:99 Y:04 S:C8 P:nvUbdizc  $00:9160: 20 4A 97 JSR $974A
f869    c25854239    i43336880    A:99 X:99 Y:04 S:C6 P:nvUbdizc  $00:974A: B1 94    LDA ($94),Y @ $056C = #$00
f869    c25854244    i43336881    A:00 X:99 Y:04 S:C6 P:nvUbdiZc  $00:974C: 0A       ASL
f869    c25854246    i43336882    A:00 X:99 Y:04 S:C6 P:nvUbdiZc  $00:974D: C8       INY
f869    c25854248    i43336883    A:00 X:99 Y:05 S:C6 P:nvUbdizc  $00:974E: B1 94    LDA ($94),Y @ $056D = #$30
f869    c25854253    i43336884    A:30 X:99 Y:05 S:C6 P:nvUbdizc  $00:9750: 2A       ROL
f869    c25854255    i43336885    A:60 X:99 Y:05 S:C6 P:nvUbdizc  $00:9751: 99 95 00 STA $0095,Y @ $009A = #$60
f869    c25854260    i43336886    A:60 X:99 Y:05 S:C6 P:nvUbdizc  $00:9754: A9 00    LDA #$00
f869    c25854262    i43336887    A:00 X:99 Y:05 S:C6 P:nvUbdiZc  $00:9756: 2A       ROL
f869    c25854264    i43336888    A:00 X:99 Y:05 S:C6 P:nvUbdiZc  $00:9757: 99 96 00 STA $0096,Y @ $009B = #$00
f869    c25854269    i43336889    A:00 X:99 Y:05 S:C6 P:nvUbdiZc  $00:975A: 60       RTS (from $974A)
f869    c25854275    i43336890    A:00 X:99 Y:05 S:C8 P:nvUbdiZc  $00:9163: A0 06    LDY #$06
f869    c25854277    i43336891    A:00 X:99 Y:06 S:C8 P:nvUbdizc  $00:9165: 20 4A 97 JSR $974A
f869    c25854283    i43336892    A:00 X:99 Y:06 S:C6 P:nvUbdizc  $00:974A: B1 94    LDA ($94),Y @ $056E = #$00
f869    c25854288    i43336893    A:00 X:99 Y:06 S:C6 P:nvUbdiZc  $00:974C: 0A       ASL
f869    c25854290    i43336894    A:00 X:99 Y:06 S:C6 P:nvUbdiZc  $00:974D: C8       INY
f869    c25854292    i43336895    A:00 X:99 Y:07 S:C6 P:nvUbdizc  $00:974E: B1 94    LDA ($94),Y @ $056F = #$BC
f869    c25854297    i43336896    A:BC X:99 Y:07 S:C6 P:NvUbdizc  $00:9750: 2A       ROL
f869    c25854299    i43336897    A:78 X:99 Y:07 S:C6 P:nvUbdizC  $00:9751: 99 95 00 STA $0095,Y @ $009C = #$78
f869    c25854304    i43336898    A:78 X:99 Y:07 S:C6 P:nvUbdizC  $00:9754: A9 00    LDA #$00
f869    c25854306    i43336899    A:00 X:99 Y:07 S:C6 P:nvUbdiZC  $00:9756: 2A       ROL
f869    c25854308    i43336900    A:01 X:99 Y:07 S:C6 P:nvUbdizc  $00:9757: 99 96 00 STA $0096,Y @ $009D = #$01
f869    c25854313    i43336901    A:01 X:99 Y:07 S:C6 P:nvUbdizc  $00:975A: 60       RTS (from $974A)
f869    c25854319    i43336902    A:01 X:99 Y:07 S:C8 P:nvUbdizc  $00:9168: 8A       TXA
f869    c25854321    i43336903    A:99 X:99 Y:07 S:C8 P:NvUbdizc  $00:9169: 29 10    AND #$10
f869    c25854323    i43336904    A:10 X:99 Y:07 S:C8 P:nvUbdizc  $00:916B: D0 39    BNE $91A6
f869    c25854326    i43336905    A:10 X:99 Y:07 S:C8 P:nvUbdizc  $00:91A6: A9 00    LDA #$00
f869    c25854328    i43336906    A:00 X:99 Y:07 S:C8 P:nvUbdiZc  $00:91A8: 38       SEC
f869    c25854330    i43336907    A:00 X:99 Y:07 S:C8 P:nvUbdiZC  $00:91A9: E5 46    SBC $46 = #$00
f869    c25854333    i43336908    A:00 X:99 Y:07 S:C8 P:nvUbdiZC  $00:91AB: 85 E6    STA $E6 = #$00
f869    c25854336    i43336909    A:00 X:99 Y:07 S:C8 P:nvUbdiZC  $00:91AD: A9 00    LDA #$00
f869    c25854338    i43336910    A:00 X:99 Y:07 S:C8 P:nvUbdiZC  $00:91AF: 38       SEC
f869    c25854340    i43336911    A:00 X:99 Y:07 S:C8 P:nvUbdiZC  $00:91B0: E5 47    SBC $47 = #$00
f869    c25854343    i43336912    A:00 X:99 Y:07 S:C8 P:nvUbdiZC  $00:91B2: 85 E8    STA $E8 = #$00
f869    c25854346    i43336913    A:00 X:99 Y:07 S:C8 P:nvUbdiZC  $00:91B4: A0 10    LDY #$10
f869    c25854348    i43336914    A:00 X:99 Y:10 S:C8 P:nvUbdizC  $00:91B6: B1 94    LDA ($94),Y @ $0578 = #$00
f869    c25854353    i43336915    A:00 X:99 Y:10 S:C8 P:nvUbdiZC  $00:91B8: AA       TAX
f869    c25854355    i43336916    A:00 X:00 Y:10 S:C8 P:nvUbdiZC  $00:91B9: C8       INY
f869    c25854357    i43336917    A:00 X:00 Y:11 S:C8 P:nvUbdizC  $00:91BA: B1 94    LDA ($94),Y @ $0579 = #$9C
f869    c25854362    i43336918    A:9C X:00 Y:11 S:C8 P:NvUbdizC  $00:91BC: 4A       LSR
f871    c25914893    i43356270    A:30 X:99 Y:05 S:C6 P:nvUbdizc  $00:9750: 2A       ROL
f871    c25914895    i43356271    A:60 X:99 Y:05 S:C6 P:nvUbdizc  $00:9751: 99 95 00 STA $0095,Y @ $009A = #$60
f871    c25914900    i43356272    A:60 X:99 Y:05 S:C6 P:nvUbdizc  $00:9754: A9 00    LDA #$00
f871    c25914902    i43356273    A:00 X:99 Y:05 S:C6 P:nvUbdiZc  $00:9756: 2A       ROL
f871    c25914904    i43356274    A:00 X:99 Y:05 S:C6 P:nvUbdiZc  $00:9757: 99 96 00 STA $0096,Y @ $009B = #$00
f871    c25914909    i43356275    A:00 X:99 Y:05 S:C6 P:nvUbdiZc  $00:975A: 60       RTS (from $974A)
f871    c25914915    i43356276    A:00 X:99 Y:05 S:C8 P:nvUbdiZc  $00:9163: A0 06    LDY #$06
f871    c25914917    i43356277    A:00 X:99 Y:06 S:C8 P:nvUbdizc  $00:9165: 20 4A 97 JSR $974A
f871    c25914923    i43356278    A:00 X:99 Y:06 S:C6 P:nvUbdizc  $00:974A: B1 94    LDA ($94),Y @ $056E = #$00
f871    c25914928    i43356279    A:00 X:99 Y:06 S:C6 P:nvUbdiZc  $00:974C: 0A       ASL
f871    c25914930    i43356280    A:00 X:99 Y:06 S:C6 P:nvUbdiZc  $00:974D: C8       INY
f871    c25914932    i43356281    A:00 X:99 Y:07 S:C6 P:nvUbdizc  $00:974E: B1 94    LDA ($94),Y @ $056F = #$BC
f871    c25914937    i43356282    A:BC X:99 Y:07 S:C6 P:NvUbdizc  $00:9750: 2A       ROL
f871    c25914939    i43356283    A:78 X:99 Y:07 S:C6 P:nvUbdizC  $00:9751: 99 95 00 STA $0095,Y @ $009C = #$78
f871    c25914944    i43356284    A:78 X:99 Y:07 S:C6 P:nvUbdizC  $00:9754: A9 00    LDA #$00
f871    c25914946    i43356285    A:00 X:99 Y:07 S:C6 P:nvUbdiZC  $00:9756: 2A       ROL
f871    c25914948    i43356286    A:01 X:99 Y:07 S:C6 P:nvUbdizc  $00:9757: 99 96 00 STA $0096,Y @ $009D = #$01
f871    c25914953    i43356287    A:01 X:99 Y:07 S:C6 P:nvUbdizc  $00:975A: 60       RTS (from $974A)
f871    c25914959    i43356288    A:01 X:99 Y:07 S:C8 P:nvUbdizc  $00:9168: 8A       TXA
f871    c25914961    i43356289    A:99 X:99 Y:07 S:C8 P:NvUbdizc  $00:9169: 29 10    AND #$10
f871    c25914963    i43356290    A:10 X:99 Y:07 S:C8 P:nvUbdizc  $00:916B: D0 39    BNE $91A6
f871    c25914966    i43356291    A:10 X:99 Y:07 S:C8 P:nvUbdizc  $00:91A6: A9 00    LDA #$00
f871    c25914968    i43356292    A:00 X:99 Y:07 S:C8 P:nvUbdiZc  $00:91A8: 38       SEC
f871    c25914970    i43356293    A:00 X:99 Y:07 S:C8 P:nvUbdiZC  $00:91A9: E5 46    SBC $46 = #$00
f871    c25914973    i43356294    A:00 X:99 Y:07 S:C8 P:nvUbdiZC  $00:91AB: 85 E6    STA $E6 = #$00
f871    c25914976    i43356295    A:00 X:99 Y:07 S:C8 P:nvUbdiZC  $00:91AD: A9 00    LDA #$00
f871    c25914978    i43356296    A:00 X:99 Y:07 S:C8 P:nvUbdiZC  $00:91AF: 38       SEC
f871    c25914980    i43356297    A:00 X:99 Y:07 S:C8 P:nvUbdiZC  $00:91B0: E5 47    SBC $47 = #$00
f871    c25914983    i43356298    A:00 X:99 Y:07 S:C8 P:nvUbdiZC  $00:91B2: 85 E8    STA $E8 = #$00
f871    c25914986    i43356299    A:00 X:99 Y:07 S:C8 P:nvUbdiZC  $00:91B4: A0 10    LDY #$10
f871    c25914988    i43356300    A:00 X:99 Y:10 S:C8 P:nvUbdizC  $00:91B6: B1 94    LDA ($94),Y @ $0578 = #$00
f871    c25914993    i43356301    A:00 X:99 Y:10 S:C8 P:nvUbdiZC  $00:91B8: AA       TAX
f871    c25914995    i43356302    A:00 X:00 Y:10 S:C8 P:nvUbdiZC  $00:91B9: C8       INY
f871    c25914997    i43356303    A:00 X:00 Y:11 S:C8 P:nvUbdizC  $00:91BA: B1 94    LDA ($94),Y @ $0579 = #$9C
f871    c25915002    i43356304    A:9C X:00 Y:11 S:C8 P:NvUbdizC  $00:91BC: 4A       LSR
f871    c25915004    i43356305    A:4E X:00 Y:11 S:C8 P:nvUbdizc  $00:91BD: 4A       LSR
f871    c25915006    i43356306    A:27 X:00 Y:11 S:C8 P:nvUbdizc  $00:91BE: A8       TAY
f871    c25915008    i43356307    A:27 X:00 Y:27 S:C8 P:nvUbdizc  $00:91BF: A5 E6    LDA $E6 = #$00
f871    c25915011    i43356308    A:00 X:00 Y:27 S:C8 P:nvUbdiZc  $00:91C1: 18       CLC
f871    c25915013    i43356309    A:00 X:00 Y:27 S:C8 P:nvUbdiZc  $00:91C2: 7D 68 04 ADC $0468,X @ $0468 = #$58
f871    c25915017    i43356310    A:58 X:00 Y:27 S:C8 P:nvUbdizc  $00:91C5: 9D 68 04 STA $0468,X @ $0468 = #$58
f871    c25915022    i43356311    A:58 X:00 Y:27 S:C8 P:nvUbdizc  $00:91C8: 6A       ROR
f872    c25943069    i43365185    A:99 X:9C Y:00 S:C8 P:NvUbdizc  $00:915D: AA       TAX
f872    c25943071    i43365186    A:99 X:99 Y:00 S:C8 P:NvUbdizc  $00:915E: A0 04    LDY #$04
f872    c25943073    i43365187    A:99 X:99 Y:04 S:C8 P:nvUbdizc  $00:9160: 20 4A 97 JSR $974A
f872    c25943079    i43365188    A:99 X:99 Y:04 S:C6 P:nvUbdizc  $00:974A: B1 94    LDA ($94),Y @ $056C = #$00
f872    c25943084    i43365189    A:00 X:99 Y:04 S:C6 P:nvUbdiZc  $00:974C: 0A       ASL
f872    c25943086    i43365190    A:00 X:99 Y:04 S:C6 P:nvUbdiZc  $00:974D: C8       INY
f872    c25943088    i43365191    A:00 X:99 Y:05 S:C6 P:nvUbdizc  $00:974E: B1 94    LDA ($94),Y @ $056D = #$30
f872    c25943093    i43365192    A:30 X:99 Y:05 S:C6 P:nvUbdizc  $00:9750: 2A       ROL
f872    c25943095    i43365193    A:60 X:99 Y:05 S:C6 P:nvUbdizc  $00:9751: 99 95 00 STA $0095,Y @ $009A = #$60
f872    c25943100    i43365194    A:60 X:99 Y:05 S:C6 P:nvUbdizc  $00:9754: A9 00    LDA #$00
f872    c25943102    i43365195    A:00 X:99 Y:05 S:C6 P:nvUbdiZc  $00:9756: 2A       ROL
f872    c25943104    i43365196    A:00 X:99 Y:05 S:C6 P:nvUbdiZc  $00:9757: 99 96 00 STA $0096,Y @ $009B = #$00
f872    c25943109    i43365197    A:00 X:99 Y:05 S:C6 P:nvUbdiZc  $00:975A: 60       RTS (from $974A)
f872    c25943115    i43365198    A:00 X:99 Y:05 S:C8 P:nvUbdiZc  $00:9163: A0 06    LDY #$06
f872    c25943117    i43365199    A:00 X:99 Y:06 S:C8 P:nvUbdizc  $00:9165: 20 4A 97 JSR $974A
f872    c25943123    i43365200    A:00 X:99 Y:06 S:C6 P:nvUbdizc  $00:974A: B1 94    LDA ($94),Y @ $056E = #$00
f872    c25943128    i43365201    A:00 X:99 Y:06 S:C6 P:nvUbdiZc  $00:974C: 0A       ASL
f872    c25943130    i43365202    A:00 X:99 Y:06 S:C6 P:nvUbdiZc  $00:974D: C8       INY
f872    c25943132    i43365203    A:00 X:99 Y:07 S:C6 P:nvUbdizc  $00:974E: B1 94    LDA ($94),Y @ $056F = #$BC
f872    c25943137    i43365204    A:BC X:99 Y:07 S:C6 P:NvUbdizc  $00:9750: 2A       ROL
f872    c25943139    i43365205    A:78 X:99 Y:07 S:C6 P:nvUbdizC  $00:9751: 99 95 00 STA $0095,Y @ $009C = #$78
f872    c25943144    i43365206    A:78 X:99 Y:07 S:C6 P:nvUbdizC  $00:9754: A9 00    LDA #$00
f872    c25943146    i43365207    A:00 X:99 Y:07 S:C6 P:nvUbdiZC  $00:9756: 2A       ROL
f872    c25943148    i43365208    A:01 X:99 Y:07 S:C6 P:nvUbdizc  $00:9757: 99 96 00 STA $0096,Y @ $009D = #$01
f872    c25943153    i43365209    A:01 X:99 Y:07 S:C6 P:nvUbdizc  $00:975A: 60       RTS (from $974A)
f872    c25943159    i43365210    A:01 X:99 Y:07 S:C8 P:nvUbdizc  $00:9168: 8A       TXA
f872    c25943161    i43365211    A:99 X:99 Y:07 S:C8 P:NvUbdizc  $00:9169: 29 10    AND #$10
f872    c25943163    i43365212    A:10 X:99 Y:07 S:C8 P:nvUbdizc  $00:916B: D0 39    BNE $91A6
f872    c25943166    i43365213    A:10 X:99 Y:07 S:C8 P:nvUbdizc  $00:91A6: A9 00    LDA #$00
f872    c25943168    i43365214    A:00 X:99 Y:07 S:C8 P:nvUbdiZc  $00:91A8: 38       SEC
f872    c25943170    i43365215    A:00 X:99 Y:07 S:C8 P:nvUbdiZC  $00:91A9: E5 46    SBC $46 = #$00
f872    c25943173    i43365216    A:00 X:99 Y:07 S:C8 P:nvUbdiZC  $00:91AB: 85 E6    STA $E6 = #$00
f872    c25943176    i43365217    A:00 X:99 Y:07 S:C8 P:nvUbdiZC  $00:91AD: A9 00    LDA #$00
f872    c25943178    i43365218    A:00 X:99 Y:07 S:C8 P:nvUbdiZC  $00:91AF: 38       SEC
f872    c25943180    i43365219    A:00 X:99 Y:07 S:C8 P:nvUbdiZC  $00:91B0: E5 47    SBC $47 = #$00
f872    c25943183    i43365220    A:00 X:99 Y:07 S:C8 P:nvUbdiZC  $00:91B2: 85 E8    STA $E8 = #$00
f872    c25943186    i43365221    A:00 X:99 Y:07 S:C8 P:nvUbdiZC  $00:91B4: A0 10    LDY #$10
f872    c25943188    i43365222    A:00 X:99 Y:10 S:C8 P:nvUbdizC  $00:91B6: B1 94    LDA ($94),Y @ $0578 = #$00
f872    c25943193    i43365223    A:00 X:99 Y:10 S:C8 P:nvUbdiZC  $00:91B8: AA       TAX
f872    c25943195    i43365224    A:00 X:00 Y:10 S:C8 P:nvUbdiZC  $00:91B9: C8       INY
f872    c25943197    i43365225    A:00 X:00 Y:11 S:C8 P:nvUbdizC  $00:91BA: B1 94    LDA ($94),Y @ $0579 = #$9C
f872    c25943202    i43365226    A:9C X:00 Y:11 S:C8 P:NvUbdizC  $00:91BC: 4A       LSR
f873    c25972835    i43374628    A:00 X:99 Y:07 S:C8 P:nvUbdiZC  $00:91B4: A0 10    LDY #$10
f873    c25972837    i43374629    A:00 X:99 Y:10 S:C8 P:nvUbdizC  $00:91B6: B1 94    LDA ($94),Y @ $0578 = #$00
f873    c25972842    i43374630    A:00 X:99 Y:10 S:C8 P:nvUbdiZC  $00:91B8: AA       TAX
f873    c25972844    i43374631    A:00 X:00 Y:10 S:C8 P:nvUbdiZC  $00:91B9: C8       INY
f873    c25972846    i43374632    A:00 X:00 Y:11 S:C8 P:nvUbdizC  $00:91BA: B1 94    LDA ($94),Y @ $0579 = #$9C
f873    c25972851    i43374633    A:9C X:00 Y:11 S:C8 P:NvUbdizC  $00:91BC: 4A       LSR
f873    c25972853    i43374634    A:4E X:00 Y:11 S:C8 P:nvUbdizc  $00:91BD: 4A       LSR
f873    c25972855    i43374635    A:27 X:00 Y:11 S:C8 P:nvUbdizc  $00:91BE: A8       TAY
f873    c25972857    i43374636    A:27 X:00 Y:27 S:C8 P:nvUbdizc  $00:91BF: A5 E6    LDA $E6 = #$00
f873    c25972860    i43374637    A:00 X:00 Y:27 S:C8 P:nvUbdiZc  $00:91C1: 18       CLC
f873    c25972862    i43374638    A:00 X:00 Y:27 S:C8 P:nvUbdiZc  $00:91C2: 7D 68 04 ADC $0468,X @ $0468 = #$58
f873    c25972866    i43374639    A:58 X:00 Y:27 S:C8 P:nvUbdizc  $00:91C5: 9D 68 04 STA $0468,X @ $0468 = #$58
f873    c25972871    i43374640    A:58 X:00 Y:27 S:C8 P:nvUbdizc  $00:91C8: 6A       ROR
f873    c25972873    i43374641    A:2C X:00 Y:27 S:C8 P:nvUbdizc  $00:91C9: 45 E6    EOR $E6 = #$00
f873    c25972876    i43374642    A:2C X:00 Y:27 S:C8 P:nvUbdizc  $00:91CB: 10 08    BPL $91D5
f873    c25972879    i43374643    A:2C X:00 Y:27 S:C8 P:nvUbdizc  $00:91D5: A5 E8    LDA $E8 = #$00
f873    c25972882    i43374644    A:00 X:00 Y:27 S:C8 P:nvUbdiZc  $00:91D7: 18       CLC
f873    c25972884    i43374645    A:00 X:00 Y:27 S:C8 P:nvUbdiZc  $00:91D8: 7D 6B 04 ADC $046B,X @ $046B = #$60
f873    c25972888    i43374646    A:60 X:00 Y:27 S:C8 P:nvUbdizc  $00:91DB: 9D 6B 04 STA $046B,X @ $046B = #$60
f873    c25972893    i43374647    A:60 X:00 Y:27 S:C8 P:nvUbdizc  $00:91DE: 6A       ROR
f873    c25972895    i43374648    A:30 X:00 Y:27 S:C8 P:nvUbdizc  $00:91DF: 45 E8    EOR $E8 = #$00
f873    c25972898    i43374649    A:30 X:00 Y:27 S:C8 P:nvUbdizc  $00:91E1: 10 08    BPL $91EB
f873    c25972901    i43374650    A:30 X:00 Y:27 S:C8 P:nvUbdizc  $00:91EB: 8A       TXA
f873    c25972903    i43374651    A:00 X:00 Y:27 S:C8 P:nvUbdiZc  $00:91EC: 18       CLC
f873    c25972905    i43374652    A:00 X:00 Y:27 S:C8 P:nvUbdiZc  $00:91ED: 69 04    ADC #$04
f873    c25972907    i43374653    A:04 X:00 Y:27 S:C8 P:nvUbdizc  $00:91EF: AA       TAX
f873    c25972909    i43374654    A:04 X:04 Y:27 S:C8 P:nvUbdizc  $00:91F0: 88       DEY
f873    c25972911    i43374655    A:04 X:04 Y:26 S:C8 P:nvUbdizc  $00:91F1: D0 CC    BNE $91BF
f873    c25972914    i43374656    A:04 X:04 Y:26 S:C8 P:nvUbdizc  $00:91BF: A5 E6    LDA $E6 = #$00
f873    c25972917    i43374657    A:00 X:04 Y:26 S:C8 P:nvUbdiZc  $00:91C1: 18       CLC
f873    c25972919    i43374658    A:00 X:04 Y:26 S:C8 P:nvUbdiZc  $00:91C2: 7D 68 04 ADC $0468,X @ $046C = #$50
f873    c25972923    i43374659    A:50 X:04 Y:26 S:C8 P:nvUbdizc  $00:91C5: 9D 68 04 STA $0468,X @ $046C = #$50
f873    c25972928    i43374660    A:50 X:04 Y:26 S:C8 P:nvUbdizc  $00:91C8: 6A       ROR
f873    c25972930    i43374661    A:28 X:04 Y:26 S:C8 P:nvUbdizc  $00:91C9: 45 E6    EOR $E6 = #$00
f873    c25972933    i43374662    A:28 X:04 Y:26 S:C8 P:nvUbdizc  $00:91CB: 10 08    BPL $91D5
f873    c25972936    i43374663    A:28 X:04 Y:26 S:C8 P:nvUbdizc  $00:91D5: A5 E8    LDA $E8 = #$00
f873    c25972939    i43374664    A:00 X:04 Y:26 S:C8 P:nvUbdiZc  $00:91D7: 18       CLC
f873    c25972941    i43374665    A:00 X:04 Y:26 S:C8 P:nvUbdiZc  $00:91D8: 7D 6B 04 ADC $046B,X @ $046F = #$68
f873    c25972945    i43374666    A:68 X:04 Y:26 S:C8 P:nvUbdizc  $00:91DB: 9D 6B 04 STA $046B,X @ $046F = #$68
f873    c25972950    i43374667    A:68 X:04 Y:26 S:C8 P:nvUbdizc  $00:91DE: 6A       ROR
f873    c25972952    i43374668    A:34 X:04 Y:26 S:C8 P:nvUbdizc  $00:91DF: 45 E8    EOR $E8 = #$00
f873    c25972955    i43374669    A:34 X:04 Y:26 S:C8 P:nvUbdizc  $00:91E1: 10 08    BPL $91EB
f878    c26118545    i43421160    A:00 X:02 Y:08 S:DB P:nvUbdIzc  $01:A0ED: BD 15 40 LDA $4015,X @ $4017 = #$01
f878    c26118549    i43421161    A:40 X:02 Y:08 S:DB P:nvUbdIzc  $01:A0F0: 4A       LSR
f878    c26118551    i43421162    A:20 X:02 Y:08 S:DB P:nvUbdIzc  $01:A0F1: 26 3F    ROL $3F = #$00
f878    c26118556    i43421163    A:20 X:02 Y:08 S:DB P:nvUbdIZc  $01:A0F3: 29 01    AND #$01
f878    c26118558    i43421164    A:00 X:02 Y:08 S:DB P:nvUbdIZc  $01:A0F5: 05 3F    ORA $3F = #$00
f878    c26118561    i43421165    A:00 X:02 Y:08 S:DB P:nvUbdIZc  $01:A0F7: 85 3F    STA $3F = #$00
f878    c26118564    i43421166    A:00 X:02 Y:08 S:DB P:nvUbdIZc  $01:A0F9: 88       DEY
f878    c26118566    i43421167    A:00 X:02 Y:07 S:DB P:nvUbdIzc  $01:A0FA: D0 F1    BNE $A0ED
f878    c26118569    i43421168    A:00 X:02 Y:07 S:DB P:nvUbdIzc  $01:A0ED: BD 15 40 LDA $4015,X @ $4017 = #$01
f878    c26118573    i43421169    A:40 X:02 Y:07 S:DB P:nvUbdIzc  $01:A0F0: 4A       LSR
f878    c26118575    i43421170    A:20 X:02 Y:07 S:DB P:nvUbdIzc  $01:A0F1: 26 3F    ROL $3F = #$00
f878    c26118580    i43421171    A:20 X:02 Y:07 S:DB P:nvUbdIZc  $01:A0F3: 29 01    AND #$01
f878    c26118582    i43421172    A:00 X:02 Y:07 S:DB P:nvUbdIZc  $01:A0F5: 05 3F    ORA $3F = #$00
f878    c26118585    i43421173    A:00 X:02 Y:07 S:DB P:nvUbdIZc  $01:A0F7: 85 3F    STA $3F = #$00
f878    c26118588    i43421174    A:00 X:02 Y:07 S:DB P:nvUbdIZc  $01:A0F9: 88       DEY
f878    c26118590    i43421175    A:00 X:02 Y:06 S:DB P:nvUbdIzc  $01:A0FA: D0 F1    BNE $A0ED
f878    c26118593    i43421176    A:00 X:02 Y:06 S:DB P:nvUbdIzc  $01:A0ED: BD 15 40 LDA $4015,X @ $4017 = #$01
f878    c26118597    i43421177    A:40 X:02 Y:06 S:DB P:nvUbdIzc  $01:A0F0: 4A       LSR
f878    c26118599    i43421178    A:20 X:02 Y:06 S:DB P:nvUbdIzc  $01:A0F1: 26 3F    ROL $3F = #$00
f878    c26118604    i43421179    A:20 X:02 Y:06 S:DB P:nvUbdIZc  $01:A0F3: 29 01    AND #$01
f878    c26118606    i43421180    A:00 X:02 Y:06 S:DB P:nvUbdIZc  $01:A0F5: 05 3F    ORA $3F = #$00
f878    c26118609    i43421181    A:00 X:02 Y:06 S:DB P:nvUbdIZc  $01:A0F7: 85 3F    STA $3F = #$00
f878    c26118612    i43421182    A:00 X:02 Y:06 S:DB P:nvUbdIZc  $01:A0F9: 88       DEY
f878    c26118614    i43421183    A:00 X:02 Y:05 S:DB P:nvUbdIzc  $01:A0FA: D0 F1    BNE $A0ED
f878    c26118617    i43421184    A:00 X:02 Y:05 S:DB P:nvUbdIzc  $01:A0ED: BD 15 40 LDA $4015,X @ $4017 = #$01
f878    c26118621    i43421185    A:40 X:02 Y:05 S:DB P:nvUbdIzc  $01:A0F0: 4A       LSR
f878    c26118623    i43421186    A:20 X:02 Y:05 S:DB P:nvUbdIzc  $01:A0F1: 26 3F    ROL $3F = #$00
f878    c26118628    i43421187    A:20 X:02 Y:05 S:DB P:nvUbdIZc  $01:A0F3: 29 01    AND #$01
f878    c26118630    i43421188    A:00 X:02 Y:05 S:DB P:nvUbdIZc  $01:A0F5: 05 3F    ORA $3F = #$00
f878    c26118633    i43421189    A:00 X:02 Y:05 S:DB P:nvUbdIZc  $01:A0F7: 85 3F    STA $3F = #$00
f878    c26118636    i43421190    A:00 X:02 Y:05 S:DB P:nvUbdIZc  $01:A0F9: 88       DEY
f878    c26118638    i43421191    A:00 X:02 Y:04 S:DB P:nvUbdIzc  $01:A0FA: D0 F1    BNE $A0ED
f878    c26118641    i43421192    A:00 X:02 Y:04 S:DB P:nvUbdIzc  $01:A0ED: BD 15 40 LDA $4015,X @ $4017 = #$01
f878    c26118645    i43421193    A:40 X:02 Y:04 S:DB P:nvUbdIzc  $01:A0F0: 4A       LSR
f878    c26118647    i43421194    A:20 X:02 Y:04 S:DB P:nvUbdIzc  $01:A0F1: 26 3F    ROL $3F = #$00
f878    c26118652    i43421195    A:20 X:02 Y:04 S:DB P:nvUbdIZc  $01:A0F3: 29 01    AND #$01
f878    c26118654    i43421196    A:00 X:02 Y:04 S:DB P:nvUbdIZc  $01:A0F5: 05 3F    ORA $3F = #$00
f878    c26118657    i43421197    A:00 X:02 Y:04 S:DB P:nvUbdIZc  $01:A0F7: 85 3F    STA $3F = #$00
f878    c26118660    i43421198    A:00 X:02 Y:04 S:DB P:nvUbdIZc  $01:A0F9: 88       DEY
f878    c26118662    i43421199    A:00 X:02 Y:03 S:DB P:nvUbdIzc  $01:A0FA: D0 F1    BNE $A0ED
f878    c26118665    i43421200    A:00 X:02 Y:03 S:DB P:nvUbdIzc  $01:A0ED: BD 15 40 LDA $4015,X @ $4017 = #$01
f878    c26118669    i43421201    A:40 X:02 Y:03 S:DB P:nvUbdIzc  $01:A0F0: 4A       LSR
f878    c26119968    i43421627    A:01 X:10 Y:08 S:D9 P:nvUbdIzc  $06:84BA: A9 00    LDA #$00
f878    c26119970    i43421628    A:00 X:10 Y:08 S:D9 P:nvUbdIZc  $06:84BC: A0 04    LDY #$04
f878    c26119972    i43421629    A:00 X:10 Y:04 S:D9 P:nvUbdIzc  $06:84BE: 91 F0    STA ($F0),Y @ $076B = #$0A
f878    c26119978    i43421630    A:00 X:10 Y:04 S:D9 P:nvUbdIzc  $06:84C0: A6 F2    LDX $F2 = #$10
f878    c26119981    i43421631    A:00 X:10 Y:04 S:D9 P:nvUbdIzc  $06:84C2: BD 08 07 LDA $0708,X @ $0718 = #$0E
f878    c26119985    i43421632    A:0E X:10 Y:04 S:D9 P:nvUbdIzc  $06:84C5: 9D 07 07 STA $0707,X @ $0717 = #$0E
f878    c26119990    i43421633    A:0E X:10 Y:04 S:D9 P:nvUbdIzc  $06:84C8: 60       RTS (from $83CB)
f878    c26119996    i43421634    A:0E X:10 Y:04 S:DB P:nvUbdIzc  $06:80E1: A6 F2    LDX $F2 = #$10
f878    c26119999    i43421635    A:0E X:10 Y:04 S:DB P:nvUbdIzc  $06:80E3: DE 09 07 DEC $0709,X @ $0719 = #$01
f878    c26120006    i43421636    A:0E X:10 Y:04 S:DB P:nvUbdIZc  $06:80E6: D0 21    BNE $8109
f878    c26120008    i43421637    A:0E X:10 Y:04 S:DB P:nvUbdIZc  $06:80E8: A0 02    LDY #$02
f878    c26120010    i43421638    A:0E X:10 Y:02 S:DB P:nvUbdIzc  $06:80EA: B1 F0    LDA ($F0),Y @ $0769 = #$9C
f878    c26120015    i43421639    A:9C X:10 Y:02 S:DB P:NvUbdIzc  $06:80EC: 85 F6    STA $F6 = #$02
f878    c26120018    i43421640    A:9C X:10 Y:02 S:DB P:NvUbdIzc  $06:80EE: C8       INY
f878    c26120020    i43421641    A:9C X:10 Y:03 S:DB P:nvUbdIzc  $06:80EF: B1 F0    LDA ($F0),Y @ $076A = #$88
f878    c26120025    i43421642    A:88 X:10 Y:03 S:DB P:NvUbdIzc  $06:80F1: 85 F7    STA $F7 = #$85
f878    c26120028    i43421643    A:88 X:10 Y:03 S:DB P:NvUbdIzc  $06:80F3: C8       INY
f878    c26120030    i43421644    A:88 X:10 Y:04 S:DB P:nvUbdIzc  $06:80F4: B1 F0    LDA ($F0),Y @ $076B = #$00
f878    c26120035    i43421645    A:00 X:10 Y:04 S:DB P:nvUbdIZc  $06:80F6: 48       PHA
f878    c26120038    i43421646    A:00 X:10 Y:04 S:DA P:nvUbdIZc  $06:80F7: 18       CLC
f878    c26120040    i43421647    A:00 X:10 Y:04 S:DA P:nvUbdIZc  $06:80F8: 69 02    ADC #$02
f878    c26120042    i43421648    A:02 X:10 Y:04 S:DA P:nvUbdIzc  $06:80FA: 91 F0    STA ($F0),Y @ $076B = #$00
f878    c26120048    i43421649    A:02 X:10 Y:04 S:DA P:nvUbdIzc  $06:80FC: 68       PLA
f878    c26120052    i43421650    A:00 X:10 Y:04 S:DB P:nvUbdIZc  $06:80FD: A8       TAY
f878    c26120054    i43421651    A:00 X:10 Y:00 S:DB P:nvUbdIZc  $06:80FE: B1 F6    LDA ($F6),Y @ $889C = #$01
f878    c26120059    i43421652    A:01 X:10 Y:00 S:DB P:nvUbdIzc  $06:8100: 9D 09 07 STA $0709,X @ $0719 = #$00
f878    c26120064    i43421653    A:01 X:10 Y:00 S:DB P:nvUbdIzc  $06:8103: C8       INY
f878    c26120066    i43421654    A:01 X:10 Y:01 S:DB P:nvUbdIzc  $06:8104: B1 F6    LDA ($F6),Y @ $889D = #$0C
f878    c26120071    i43421655    A:0C X:10 Y:01 S:DB P:nvUbdIzc  $06:8106: 9D 0A 07 STA $070A,X @ $071A = #$0C
f878    c26120076    i43421656    A:0C X:10 Y:01 S:DB P:nvUbdIzc  $06:8109: 20 DB 81 JSR $81DB
f878    c26120082    i43421657    A:0C X:10 Y:01 S:D9 P:nvUbdIzc  $06:81DB: A0 05    LDY #$05
f878    c26120084    i43421658    A:0C X:10 Y:05 S:D9 P:nvUbdIzc  $06:81DD: B1 F0    LDA ($F0),Y @ $076C = #$C8
f878    c26120089    i43421659    A:C8 X:10 Y:05 S:D9 P:NvUbdIzc  $06:81DF: AA       TAX
f878    c26120091    i43421660    A:C8 X:C8 Y:05 S:D9 P:NvUbdIzc  $06:81E0: 29 F0    AND #$F0
f878    c26120093    i43421661    A:C0 X:C8 Y:05 S:D9 P:NvUbdIzc  $06:81E2: 85 F6    STA $F6 = #$9C
f878    c26120096    i43421662    A:C0 X:C8 Y:05 S:D9 P:NvUbdIzc  $06:81E4: 29 20    AND #$20
f878    c26120098    i43421663    A:00 X:C8 Y:05 S:D9 P:nvUbdIZc  $06:81E6: F0 06    BEQ $81EE
f878    c26120101    i43421664    A:00 X:C8 Y:05 S:D9 P:nvUbdIZc  $06:81EE: 8A       TXA
f878    c26120103    i43421665    A:C8 X:C8 Y:05 S:D9 P:NvUbdIzc  $06:81EF: 29 0F    AND #$0F
f878    c26120105    i43421666    A:08 X:C8 Y:05 S:D9 P:nvUbdIzc  $06:81F1: 85 F7    STA $F7 = #$88
f878    c26120108    i43421667    A:08 X:C8 Y:05 S:D9 P:nvUbdIzc  $06:81F3: A4 F3    LDY $F3 = #$04
f879    c26149488    i43431040    A:C7 X:10 Y:06 S:D9 P:nvUbdIzC  $06:8243: 91 F0    STA ($F0),Y @ $076D = #$C4
f879    c26149494    i43431041    A:C7 X:10 Y:06 S:D9 P:nvUbdIzC  $06:8245: A6 F3    LDX $F3 = #$04
f879    c26149497    i43431042    A:C7 X:04 Y:06 S:D9 P:nvUbdIzC  $06:8247: CA       DEX
f879    c26149499    i43431043    A:C7 X:03 Y:06 S:D9 P:nvUbdIzC  $06:8248: BD AF 07 LDA $07AF,X @ $07B2 = #$01
f879    c26149503    i43431044    A:01 X:03 Y:06 S:D9 P:nvUbdIzC  $06:824B: C9 01    CMP #$01
f879    c26149505    i43431045    A:01 X:03 Y:06 S:D9 P:nvUbdIZC  $06:824D: F0 08    BEQ $8257
f879    c26149508    i43431046    A:01 X:03 Y:06 S:D9 P:nvUbdIZC  $06:8257: BD C7 07 LDA $07C7,X @ $07CA = #$04
f879    c26149512    i43431047    A:04 X:03 Y:06 S:D9 P:nvUbdIzC  $06:825A: 0A       ASL
f879    c26149514    i43431048    A:08 X:03 Y:06 S:D9 P:nvUbdIzc  $06:825B: A8       TAY
f879    c26149516    i43431049    A:08 X:03 Y:08 S:D9 P:nvUbdIzc  $06:825C: B9 69 82 LDA $8269,Y @ $8271 = #$B4
f879    c26149520    i43431050    A:B4 X:03 Y:08 S:D9 P:NvUbdIzc  $06:825F: 85 F9    STA $F9 = #$C9
f879    c26149523    i43431051    A:B4 X:03 Y:08 S:D9 P:NvUbdIzc  $06:8261: B9 6A 82 LDA $826A,Y @ $8272 = #$82
f879    c26149527    i43431052    A:82 X:03 Y:08 S:D9 P:NvUbdIzc  $06:8264: 85 FA    STA $FA = #$82
f879    c26149530    i43431053    A:82 X:03 Y:08 S:D9 P:NvUbdIzc  $06:8266: 6C F9 00 JMP ($00F9) = $82B4
f879    c26149535    i43431054    A:82 X:03 Y:08 S:D9 P:NvUbdIzc  $06:82B4: BD B7 07 LDA $07B7,X @ $07BA = #$EF
f879    c26149539    i43431055    A:EF X:03 Y:08 S:D9 P:NvUbdIzc  $06:82B7: 38       SEC
f879    c26149541    i43431056    A:EF X:03 Y:08 S:D9 P:NvUbdIzC  $06:82B8: E9 01    SBC #$01
f879    c26149543    i43431057    A:EE X:03 Y:08 S:D9 P:NvUbdIzC  $06:82BA: A0 07    LDY #$07
f879    c26149545    i43431058    A:EE X:03 Y:07 S:D9 P:nvUbdIzC  $06:82BC: 91 F0    STA ($F0),Y @ $076E = #$ED
f879    c26149551    i43431059    A:EE X:03 Y:07 S:D9 P:nvUbdIzC  $06:82BE: BD BF 07 LDA $07BF,X @ $07C2 = #$80
f879    c26149555    i43431060    A:80 X:03 Y:07 S:D9 P:NvUbdIzC  $06:82C1: E9 00    SBC #$00
f879    c26149557    i43431061    A:80 X:03 Y:07 S:D9 P:NvUbdIzC  $06:82C3: C8       INY
f879    c26149559    i43431062    A:80 X:03 Y:08 S:D9 P:nvUbdIzC  $06:82C4: 91 F0    STA ($F0),Y @ $076F = #$80
f879    c26149565    i43431063    A:80 X:03 Y:08 S:D9 P:nvUbdIzC  $06:82C6: 4C A4 82 JMP $82A4
f879    c26149568    i43431064    A:80 X:03 Y:08 S:D9 P:nvUbdIzC  $06:82A4: BD C7 07 LDA $07C7,X @ $07CA = #$04
f879    c26149572    i43431065    A:04 X:03 Y:08 S:D9 P:nvUbdIzC  $06:82A7: 18       CLC
f879    c26149574    i43431066    A:04 X:03 Y:08 S:D9 P:nvUbdIzc  $06:82A8: 69 01    ADC #$01
f879    c26149576    i43431067    A:05 X:03 Y:08 S:D9 P:nvUbdIzc  $06:82AA: C9 0A    CMP #$0A
f879    c26149578    i43431068    A:05 X:03 Y:08 S:D9 P:NvUbdIzc  $06:82AC: D0 02    BNE $82B0
f879    c26149581    i43431069    A:05 X:03 Y:08 S:D9 P:NvUbdIzc  $06:82B0: 9D C7 07 STA $07C7,X @ $07CA = #$04
f879    c26149586    i43431070    A:05 X:03 Y:08 S:D9 P:NvUbdIzc  $06:82B3: 60       RTS (from $81DB)
f879    c26149592    i43431071    A:05 X:03 Y:08 S:DB P:NvUbdIzc  $06:810C: 18       CLC
f879    c26149594    i43431072    A:05 X:03 Y:08 S:DB P:NvUbdIzc  $06:810D: A9 10    LDA #$10
f879    c26149596    i43431073    A:10 X:03 Y:08 S:DB P:nvUbdIzc  $06:810F: 65 F0    ADC $F0 = #$67
f879    c26149599    i43431074    A:77 X:03 Y:08 S:DB P:nvUbdIzc  $06:8111: 85 F0    STA $F0 = #$67
f879    c26149602    i43431075    A:77 X:03 Y:08 S:DB P:nvUbdIzc  $06:8113: A9 04    LDA #$04
f879    c26149604    i43431076    A:04 X:03 Y:08 S:DB P:nvUbdIzc  $06:8115: 65 F2    ADC $F2 = #$10
f879    c26149607    i43431077    A:14 X:03 Y:08 S:DB P:nvUbdIzc  $06:8117: 85 F2    STA $F2 = #$10
f879    c26149610    i43431078    A:14 X:03 Y:08 S:DB P:nvUbdIzc  $06:8119: C6 F3    DEC $F3 = #$04
f879    c26149615    i43431079    A:14 X:03 Y:08 S:DB P:nvUbdIzc  $06:811B: D0 AD    BNE $80CA
f879    c26149619    i43431080    A:14 X:03 Y:08 S:DB P:nvUbdIzc  $06:80CA: AD 06 07 LDA $0706 = #$87
f882    c26238831    i43459615    A:C5 X:10 Y:06 S:D9 P:nvUbdIzC  $06:8243: 91 F0    STA ($F0),Y @ $076D = #$C7
f882    c26238837    i43459616    A:C5 X:10 Y:06 S:D9 P:nvUbdIzC  $06:8245: A6 F3    LDX $F3 = #$04
f882    c26238840    i43459617    A:C5 X:04 Y:06 S:D9 P:nvUbdIzC  $06:8247: CA       DEX
f882    c26238842    i43459618    A:C5 X:03 Y:06 S:D9 P:nvUbdIzC  $06:8248: BD AF 07 LDA $07AF,X @ $07B2 = #$01
f882    c26238846    i43459619    A:01 X:03 Y:06 S:D9 P:nvUbdIzC  $06:824B: C9 01    CMP #$01
f882    c26238848    i43459620    A:01 X:03 Y:06 S:D9 P:nvUbdIZC  $06:824D: F0 08    BEQ $8257
f882    c26238851    i43459621    A:01 X:03 Y:06 S:D9 P:nvUbdIZC  $06:8257: BD C7 07 LDA $07C7,X @ $07CA = #$07
f882    c26238855    i43459622    A:07 X:03 Y:06 S:D9 P:nvUbdIzC  $06:825A: 0A       ASL
f882    c26238857    i43459623    A:0E X:03 Y:06 S:D9 P:nvUbdIzc  $06:825B: A8       TAY
f882    c26238859    i43459624    A:0E X:03 Y:0E S:D9 P:nvUbdIzc  $06:825C: B9 69 82 LDA $8269,Y @ $8277 = #$7D
f882    c26238863    i43459625    A:7D X:03 Y:0E S:D9 P:nvUbdIzc  $06:825F: 85 F9    STA $F9 = #$97
f882    c26238866    i43459626    A:7D X:03 Y:0E S:D9 P:nvUbdIzc  $06:8261: B9 6A 82 LDA $826A,Y @ $8278 = #$82
f882    c26238870    i43459627    A:82 X:03 Y:0E S:D9 P:NvUbdIzc  $06:8264: 85 FA    STA $FA = #$82
f882    c26238873    i43459628    A:82 X:03 Y:0E S:D9 P:NvUbdIzc  $06:8266: 6C F9 00 JMP ($00F9) = $827D
f882    c26238878    i43459629    A:82 X:03 Y:0E S:D9 P:NvUbdIzc  $06:827D: A9 01    LDA #$01
f882    c26238880    i43459630    A:01 X:03 Y:0E S:D9 P:nvUbdIzc  $06:827F: 18       CLC
f882    c26238882    i43459631    A:01 X:03 Y:0E S:D9 P:nvUbdIzc  $06:8280: 7D B7 07 ADC $07B7,X @ $07BA = #$EF
f882    c26238886    i43459632    A:F0 X:03 Y:0E S:D9 P:NvUbdIzc  $06:8283: A0 07    LDY #$07
f882    c26238888    i43459633    A:F0 X:03 Y:07 S:D9 P:nvUbdIzc  $06:8285: 91 F0    STA ($F0),Y @ $076E = #$EF
f882    c26238894    i43459634    A:F0 X:03 Y:07 S:D9 P:nvUbdIzc  $06:8287: BD BF 07 LDA $07BF,X @ $07C2 = #$80
f882    c26238898    i43459635    A:80 X:03 Y:07 S:D9 P:NvUbdIzc  $06:828A: 69 00    ADC #$00
f882    c26238900    i43459636    A:80 X:03 Y:07 S:D9 P:NvUbdIzc  $06:828C: C8       INY
f882    c26238902    i43459637    A:80 X:03 Y:08 S:D9 P:nvUbdIzc  $06:828D: 91 F0    STA ($F0),Y @ $076F = #$80
f882    c26238908    i43459638    A:80 X:03 Y:08 S:D9 P:nvUbdIzc  $06:828F: 4C A4 82 JMP $82A4
f882    c26238911    i43459639    A:80 X:03 Y:08 S:D9 P:nvUbdIzc  $06:82A4: BD C7 07 LDA $07C7,X @ $07CA = #$07
f882    c26238915    i43459640    A:07 X:03 Y:08 S:D9 P:nvUbdIzc  $06:82A7: 18       CLC
f882    c26238917    i43459641    A:07 X:03 Y:08 S:D9 P:nvUbdIzc  $06:82A8: 69 01    ADC #$01
f882    c26238919    i43459642    A:08 X:03 Y:08 S:D9 P:nvUbdIzc  $06:82AA: C9 0A    CMP #$0A
f882    c26238921    i43459643    A:08 X:03 Y:08 S:D9 P:NvUbdIzc  $06:82AC: D0 02    BNE $82B0
f882    c26238924    i43459644    A:08 X:03 Y:08 S:D9 P:NvUbdIzc  $06:82B0: 9D C7 07 STA $07C7,X @ $07CA = #$07
f882    c26238929    i43459645    A:08 X:03 Y:08 S:D9 P:NvUbdIzc  $06:82B3: 60       RTS (from $81DB)
f882    c26238935    i43459646    A:08 X:03 Y:08 S:DB P:NvUbdIzc  $06:810C: 18       CLC
f882    c26238937    i43459647    A:08 X:03 Y:08 S:DB P:NvUbdIzc  $06:810D: A9 10    LDA #$10
f882    c26238939    i43459648    A:10 X:03 Y:08 S:DB P:nvUbdIzc  $06:810F: 65 F0    ADC $F0 = #$67
f882    c26238942    i43459649    A:77 X:03 Y:08 S:DB P:nvUbdIzc  $06:8111: 85 F0    STA $F0 = #$67
f882    c26238945    i43459650    A:77 X:03 Y:08 S:DB P:nvUbdIzc  $06:8113: A9 04    LDA #$04
f882    c26238947    i43459651    A:04 X:03 Y:08 S:DB P:nvUbdIzc  $06:8115: 65 F2    ADC $F2 = #$10
f882    c26238950    i43459652    A:14 X:03 Y:08 S:DB P:nvUbdIzc  $06:8117: 85 F2    STA $F2 = #$10
f882    c26238953    i43459653    A:14 X:03 Y:08 S:DB P:nvUbdIzc  $06:8119: C6 F3    DEC $F3 = #$04
f882    c26238958    i43459654    A:14 X:03 Y:08 S:DB P:nvUbdIzc  $06:811B: D0 AD    BNE $80CA
f882    c26238962    i43459655    A:14 X:03 Y:08 S:DB P:nvUbdIzc  $06:80CA: AD 06 07 LDA $0706 = #$87
f884    c26297228    i43478274    A:00 X:02 Y:08 S:DB P:nvUbdIzc  $01:A0ED: BD 15 40 LDA $4015,X @ $4017 = #$01
f884    c26297232    i43478275    A:40 X:02 Y:08 S:DB P:nvUbdIzc  $01:A0F0: 4A       LSR
f884    c26297234    i43478276    A:20 X:02 Y:08 S:DB P:nvUbdIzc  $01:A0F1: 26 3F    ROL $3F = #$00
f884    c26297239    i43478277    A:20 X:02 Y:08 S:DB P:nvUbdIZc  $01:A0F3: 29 01    AND #$01
f884    c26297241    i43478278    A:00 X:02 Y:08 S:DB P:nvUbdIZc  $01:A0F5: 05 3F    ORA $3F = #$00
f884    c26297244    i43478279    A:00 X:02 Y:08 S:DB P:nvUbdIZc  $01:A0F7: 85 3F    STA $3F = #$00
f884    c26297247    i43478280    A:00 X:02 Y:08 S:DB P:nvUbdIZc  $01:A0F9: 88       DEY
f884    c26297249    i43478281    A:00 X:02 Y:07 S:DB P:nvUbdIzc  $01:A0FA: D0 F1    BNE $A0ED
f884    c26297252    i43478282    A:00 X:02 Y:07 S:DB P:nvUbdIzc  $01:A0ED: BD 15 40 LDA $4015,X @ $4017 = #$01
f884    c26297256    i43478283    A:40 X:02 Y:07 S:DB P:nvUbdIzc  $01:A0F0: 4A       LSR
f884    c26297258    i43478284    A:20 X:02 Y:07 S:DB P:nvUbdIzc  $01:A0F1: 26 3F    ROL $3F = #$00
f884    c26297263    i43478285    A:20 X:02 Y:07 S:DB P:nvUbdIZc  $01:A0F3: 29 01    AND #$01
f884    c26297265    i43478286    A:00 X:02 Y:07 S:DB P:nvUbdIZc  $01:A0F5: 05 3F    ORA $3F = #$00
f884    c26297268    i43478287    A:00 X:02 Y:07 S:DB P:nvUbdIZc  $01:A0F7: 85 3F    STA $3F = #$00
f884    c26297271    i43478288    A:00 X:02 Y:07 S:DB P:nvUbdIZc  $01:A0F9: 88       DEY
f884    c26297273    i43478289    A:00 X:02 Y:06 S:DB P:nvUbdIzc  $01:A0FA: D0 F1    BNE $A0ED
f884    c26297276    i43478290    A:00 X:02 Y:06 S:DB P:nvUbdIzc  $01:A0ED: BD 15 40 LDA $4015,X @ $4017 = #$01
f884    c26297280    i43478291    A:40 X:02 Y:06 S:DB P:nvUbdIzc  $01:A0F0: 4A       LSR
f884    c26297282    i43478292    A:20 X:02 Y:06 S:DB P:nvUbdIzc  $01:A0F1: 26 3F    ROL $3F = #$00
f884    c26297287    i43478293    A:20 X:02 Y:06 S:DB P:nvUbdIZc  $01:A0F3: 29 01    AND #$01
f884    c26297289    i43478294    A:00 X:02 Y:06 S:DB P:nvUbdIZc  $01:A0F5: 05 3F    ORA $3F = #$00
f884    c26297292    i43478295    A:00 X:02 Y:06 S:DB P:nvUbdIZc  $01:A0F7: 85 3F    STA $3F = #$00
f884    c26297295    i43478296    A:00 X:02 Y:06 S:DB P:nvUbdIZc  $01:A0F9: 88       DEY
f884    c26297297    i43478297    A:00 X:02 Y:05 S:DB P:nvUbdIzc  $01:A0FA: D0 F1    BNE $A0ED
f884    c26297300    i43478298    A:00 X:02 Y:05 S:DB P:nvUbdIzc  $01:A0ED: BD 15 40 LDA $4015,X @ $4017 = #$01
f884    c26297304    i43478299    A:40 X:02 Y:05 S:DB P:nvUbdIzc  $01:A0F0: 4A       LSR
f884    c26297306    i43478300    A:20 X:02 Y:05 S:DB P:nvUbdIzc  $01:A0F1: 26 3F    ROL $3F = #$00
f884    c26297311    i43478301    A:20 X:02 Y:05 S:DB P:nvUbdIZc  $01:A0F3: 29 01    AND #$01
f884    c26297313    i43478302    A:00 X:02 Y:05 S:DB P:nvUbdIZc  $01:A0F5: 05 3F    ORA $3F = #$00
f884    c26297316    i43478303    A:00 X:02 Y:05 S:DB P:nvUbdIZc  $01:A0F7: 85 3F    STA $3F = #$00
f884    c26297319    i43478304    A:00 X:02 Y:05 S:DB P:nvUbdIZc  $01:A0F9: 88       DEY
f884    c26297321    i43478305    A:00 X:02 Y:04 S:DB P:nvUbdIzc  $01:A0FA: D0 F1    BNE $A0ED
f884    c26297324    i43478306    A:00 X:02 Y:04 S:DB P:nvUbdIzc  $01:A0ED: BD 15 40 LDA $4015,X @ $4017 = #$01
f884    c26297328    i43478307    A:40 X:02 Y:04 S:DB P:nvUbdIzc  $01:A0F0: 4A       LSR
f884    c26297330    i43478308    A:20 X:02 Y:04 S:DB P:nvUbdIzc  $01:A0F1: 26 3F    ROL $3F = #$00
f884    c26297335    i43478309    A:20 X:02 Y:04 S:DB P:nvUbdIZc  $01:A0F3: 29 01    AND #$01
f884    c26297337    i43478310    A:00 X:02 Y:04 S:DB P:nvUbdIZc  $01:A0F5: 05 3F    ORA $3F = #$00
f884    c26297340    i43478311    A:00 X:02 Y:04 S:DB P:nvUbdIZc  $01:A0F7: 85 3F    STA $3F = #$00
f884    c26297343    i43478312    A:00 X:02 Y:04 S:DB P:nvUbdIZc  $01:A0F9: 88       DEY
f884    c26297345    i43478313    A:00 X:02 Y:03 S:DB P:nvUbdIzc  $01:A0FA: D0 F1    BNE $A0ED
f884    c26297348    i43478314    A:00 X:02 Y:03 S:DB P:nvUbdIzc  $01:A0ED: BD 15 40 LDA $4015,X @ $4017 = #$01
f884    c26297352    i43478315    A:40 X:02 Y:03 S:DB P:nvUbdIzc  $01:A0F0: 4A       LSR
f886    c26356801    i43497221    A:00 X:02 Y:08 S:DB P:nvUbdIzc  $01:A0ED: BD 15 40 LDA $4015,X @ $4017 = #$01
f886    c26356805    i43497222    A:40 X:02 Y:08 S:DB P:nvUbdIzc  $01:A0F0: 4A       LSR
f886    c26356807    i43497223    A:20 X:02 Y:08 S:DB P:nvUbdIzc  $01:A0F1: 26 3F    ROL $3F = #$00
f886    c26356812    i43497224    A:20 X:02 Y:08 S:DB P:nvUbdIZc  $01:A0F3: 29 01    AND #$01
f886    c26356814    i43497225    A:00 X:02 Y:08 S:DB P:nvUbdIZc  $01:A0F5: 05 3F    ORA $3F = #$00
f886    c26356817    i43497226    A:00 X:02 Y:08 S:DB P:nvUbdIZc  $01:A0F7: 85 3F    STA $3F = #$00
f886    c26356820    i43497227    A:00 X:02 Y:08 S:DB P:nvUbdIZc  $01:A0F9: 88       DEY
f886    c26356822    i43497228    A:00 X:02 Y:07 S:DB P:nvUbdIzc  $01:A0FA: D0 F1    BNE $A0ED
f886    c26356825    i43497229    A:00 X:02 Y:07 S:DB P:nvUbdIzc  $01:A0ED: BD 15 40 LDA $4015,X @ $4017 = #$01
f886    c26356829    i43497230    A:40 X:02 Y:07 S:DB P:nvUbdIzc  $01:A0F0: 4A       LSR
f886    c26356831    i43497231    A:20 X:02 Y:07 S:DB P:nvUbdIzc  $01:A0F1: 26 3F    ROL $3F = #$00
f886    c26356836    i43497232    A:20 X:02 Y:07 S:DB P:nvUbdIZc  $01:A0F3: 29 01    AND #$01
f886    c26356838    i43497233    A:00 X:02 Y:07 S:DB P:nvUbdIZc  $01:A0F5: 05 3F    ORA $3F = #$00
f886    c26356841    i43497234    A:00 X:02 Y:07 S:DB P:nvUbdIZc  $01:A0F7: 85 3F    STA $3F = #$00
f886    c26356844    i43497235    A:00 X:02 Y:07 S:DB P:nvUbdIZc  $01:A0F9: 88       DEY
f886    c26356846    i43497236    A:00 X:02 Y:06 S:DB P:nvUbdIzc  $01:A0FA: D0 F1    BNE $A0ED
f886    c26356849    i43497237    A:00 X:02 Y:06 S:DB P:nvUbdIzc  $01:A0ED: BD 15 40 LDA $4015,X @ $4017 = #$01
f886    c26356853    i43497238    A:40 X:02 Y:06 S:DB P:nvUbdIzc  $01:A0F0: 4A       LSR
f886    c26356855    i43497239    A:20 X:02 Y:06 S:DB P:nvUbdIzc  $01:A0F1: 26 3F    ROL $3F = #$00
f886    c26356860    i43497240    A:20 X:02 Y:06 S:DB P:nvUbdIZc  $01:A0F3: 29 01    AND #$01
f886    c26356862    i43497241    A:00 X:02 Y:06 S:DB P:nvUbdIZc  $01:A0F5: 05 3F    ORA $3F = #$00
f886    c26356865    i43497242    A:00 X:02 Y:06 S:DB P:nvUbdIZc  $01:A0F7: 85 3F    STA $3F = #$00
f886    c26356868    i43497243    A:00 X:02 Y:06 S:DB P:nvUbdIZc  $01:A0F9: 88       DEY
f886    c26356870    i43497244    A:00 X:02 Y:05 S:DB P:nvUbdIzc  $01:A0FA: D0 F1    BNE $A0ED
f886    c26356873    i43497245    A:00 X:02 Y:05 S:DB P:nvUbdIzc  $01:A0ED: BD 15 40 LDA $4015,X @ $4017 = #$01
f886    c26356877    i43497246    A:40 X:02 Y:05 S:DB P:nvUbdIzc  $01:A0F0: 4A       LSR
f886    c26356879    i43497247    A:20 X:02 Y:05 S:DB P:nvUbdIzc  $01:A0F1: 26 3F    ROL $3F = #$00
f886    c26356884    i43497248    A:20 X:02 Y:05 S:DB P:nvUbdIZc  $01:A0F3: 29 01    AND #$01
f886    c26356886    i43497249    A:00 X:02 Y:05 S:DB P:nvUbdIZc  $01:A0F5: 05 3F    ORA $3F = #$00
f886    c26356889    i43497250    A:00 X:02 Y:05 S:DB P:nvUbdIZc  $01:A0F7: 85 3F    STA $3F = #$00
f886    c26356892    i43497251    A:00 X:02 Y:05 S:DB P:nvUbdIZc  $01:A0F9: 88       DEY
f886    c26356894    i43497252    A:00 X:02 Y:04 S:DB P:nvUbdIzc  $01:A0FA: D0 F1    BNE $A0ED
f886    c26356897    i43497253    A:00 X:02 Y:04 S:DB P:nvUbdIzc  $01:A0ED: BD 15 40 LDA $4015,X @ $4017 = #$01
f886    c26356901    i43497254    A:40 X:02 Y:04 S:DB P:nvUbdIzc  $01:A0F0: 4A       LSR
f886    c26356903    i43497255    A:20 X:02 Y:04 S:DB P:nvUbdIzc  $01:A0F1: 26 3F    ROL $3F = #$00
f886    c26356908    i43497256    A:20 X:02 Y:04 S:DB P:nvUbdIZc  $01:A0F3: 29 01    AND #$01
f886    c26356910    i43497257    A:00 X:02 Y:04 S:DB P:nvUbdIZc  $01:A0F5: 05 3F    ORA $3F = #$00
f886    c26356913    i43497258    A:00 X:02 Y:04 S:DB P:nvUbdIZc  $01:A0F7: 85 3F    STA $3F = #$00
f886    c26356916    i43497259    A:00 X:02 Y:04 S:DB P:nvUbdIZc  $01:A0F9: 88       DEY
f886    c26356918    i43497260    A:00 X:02 Y:03 S:DB P:nvUbdIzc  $01:A0FA: D0 F1    BNE $A0ED
f886    c26356921    i43497261    A:00 X:02 Y:03 S:DB P:nvUbdIzc  $01:A0ED: BD 15 40 LDA $4015,X @ $4017 = #$01
f886    c26356925    i43497262    A:40 X:02 Y:03 S:DB P:nvUbdIzc  $01:A0F0: 4A       LSR
f889    c26451543    i43527344    A:68 X:98 Y:01 S:C8 P:nvUbdizc  $00:91C8: 6A       ROR
f889    c26451545    i43527345    A:34 X:98 Y:01 S:C8 P:nvUbdizc  $00:91C9: 45 E6    EOR $E6 = #$00
f889    c26451548    i43527346    A:34 X:98 Y:01 S:C8 P:nvUbdizc  $00:91CB: 10 08    BPL $91D5
f889    c26451551    i43527347    A:34 X:98 Y:01 S:C8 P:nvUbdizc  $00:91D5: A5 E8    LDA $E8 = #$00
f889    c26451554    i43527348    A:00 X:98 Y:01 S:C8 P:nvUbdiZc  $00:91D7: 18       CLC
f889    c26451556    i43527349    A:00 X:98 Y:01 S:C8 P:nvUbdiZc  $00:91D8: 7D 6B 04 ADC $046B,X @ $0503 = #$98
f889    c26451561    i43527350    A:98 X:98 Y:01 S:C8 P:NvUbdizc  $00:91DB: 9D 6B 04 STA $046B,X @ $0503 = #$98
f889    c26451566    i43527351    A:98 X:98 Y:01 S:C8 P:NvUbdizc  $00:91DE: 6A       ROR
f889    c26451568    i43527352    A:4C X:98 Y:01 S:C8 P:nvUbdizc  $00:91DF: 45 E8    EOR $E8 = #$00
f889    c26451571    i43527353    A:4C X:98 Y:01 S:C8 P:nvUbdizc  $00:91E1: 10 08    BPL $91EB
f889    c26451574    i43527354    A:4C X:98 Y:01 S:C8 P:nvUbdizc  $00:91EB: 8A       TXA
f889    c26451576    i43527355    A:98 X:98 Y:01 S:C8 P:NvUbdizc  $00:91EC: 18       CLC
f889    c26451578    i43527356    A:98 X:98 Y:01 S:C8 P:NvUbdizc  $00:91ED: 69 04    ADC #$04
f889    c26451580    i43527357    A:9C X:98 Y:01 S:C8 P:NvUbdizc  $00:91EF: AA       TAX
f889    c26451582    i43527358    A:9C X:9C Y:01 S:C8 P:NvUbdizc  $00:91F0: 88       DEY
f889    c26451584    i43527359    A:9C X:9C Y:00 S:C8 P:nvUbdiZc  $00:91F1: D0 CC    BNE $91BF
f889    c26451586    i43527360    A:9C X:9C Y:00 S:C8 P:nvUbdiZc  $00:91F3: A0 01    LDY #$01
f889    c26451588    i43527361    A:9C X:9C Y:01 S:C8 P:nvUbdizc  $00:91F5: B1 94    LDA ($94),Y @ $0569 = #$01
f889    c26451593    i43527362    A:01 X:9C Y:01 S:C8 P:nvUbdizc  $00:91F7: 38       SEC
f889    c26451595    i43527363    A:01 X:9C Y:01 S:C8 P:nvUbdizC  $00:91F8: E9 01    SBC #$01
f889    c26451597    i43527364    A:00 X:9C Y:01 S:C8 P:nvUbdiZC  $00:91FA: 91 94    STA ($94),Y @ $0569 = #$01
f889    c26451603    i43527365    A:00 X:9C Y:01 S:C8 P:nvUbdiZC  $00:91FC: F0 03    BEQ $9201
f889    c26451607    i43527366    A:00 X:9C Y:01 S:C8 P:nvUbdiZC  $00:9201: A0 00    LDY #$00
f889    c26451609    i43527367    A:00 X:9C Y:00 S:C8 P:nvUbdiZC  $00:9203: B1 94    LDA ($94),Y @ $0568 = #$99
f889    c26451614    i43527368    A:99 X:9C Y:00 S:C8 P:NvUbdizC  $00:9205: 29 01    AND #$01
f889    c26451616    i43527369    A:01 X:9C Y:00 S:C8 P:nvUbdizC  $00:9207: 18       CLC
f889    c26451618    i43527370    A:01 X:9C Y:00 S:C8 P:nvUbdizc  $00:9208: 69 09    ADC #$09
f889    c26451620    i43527371    A:0A X:9C Y:00 S:C8 P:nvUbdizc  $00:920A: AA       TAX
f889    c26451622    i43527372    A:0A X:0A Y:00 S:C8 P:nvUbdizc  $00:920B: 20 B9 C4 JSR $C4B9
f889    c26451628    i43527373    A:0A X:0A Y:00 S:C6 P:nvUbdizc  $0F:C4B9: 86 25    STX $25 = #$0A
f889    c26451631    i43527374    A:0A X:0A Y:00 S:C6 P:nvUbdizc  $0F:C4BB: A9 07    LDA #$07
f889    c26451633    i43527375    A:07 X:0A Y:00 S:C6 P:nvUbdizc  $0F:C4BD: 05 22    ORA $22 = #$00
f889    c26451636    i43527376    A:07 X:0A Y:00 S:C6 P:nvUbdizc  $0F:C4BF: 85 23    STA $23 = #$06
f889    c26451639    i43527377    A:07 X:0A Y:00 S:C6 P:nvUbdizc  $0F:C4C1: 8D 00 80 STA $8000 = #$A5
f889    c26451643    i43527378    A:07 X:0A Y:00 S:C6 P:nvUbdizc  $0F:C4C4: 8E 01 80 STX $8001 = #$27
f889    c26451647    i43527379    A:07 X:0A Y:00 S:C6 P:nvUbdizc  $0F:C4C7: 60       RTS (from $C4B9)
f889    c26451653    i43527380    A:07 X:0A Y:00 S:C8 P:nvUbdizc  $00:920E: A0 02    LDY #$02
f889    c26451655    i43527381    A:07 X:0A Y:02 S:C8 P:nvUbdizc  $00:9210: B1 94    LDA ($94),Y @ $056A = #$8E
f889    c26451660    i43527382    A:8E X:0A Y:02 S:C8 P:NvUbdizc  $00:9212: 85 92    STA $92 = #$8D
f889    c26451663    i43527383    A:8E X:0A Y:02 S:C8 P:NvUbdizc  $00:9214: C8       INY
f889    c26451665    i43527384    A:8E X:0A Y:03 S:C8 P:nvUbdizc  $00:9215: B1 94    LDA ($94),Y @ $056B = #$A1
f889    c26451670    i43527385    A:A1 X:0A Y:03 S:C8 P:NvUbdizc  $00:9217: 85 93    STA $93 = #$A1
f889    c26455977    i43528617    A:00 X:00 Y:F8 S:EC P:nvUbdiZc  $01:A8EE: 99 02 02 STA $0202,Y @ $02FA = #$00
f889    c26455982    i43528618    A:00 X:00 Y:F8 S:EC P:nvUbdiZc  $01:A8F1: B9 6B 04 LDA $046B,Y @ $0563 = #$00
f889    c26455987    i43528619    A:00 X:00 Y:F8 S:EC P:nvUbdiZc  $01:A8F4: 99 03 02 STA $0203,Y @ $02FB = #$00
f889    c26455992    i43528620    A:00 X:00 Y:F8 S:EC P:nvUbdiZc  $01:A8F7: C8       INY
f889    c26455994    i43528621    A:00 X:00 Y:F9 S:EC P:NvUbdizc  $01:A8F8: C8       INY
f889    c26455996    i43528622    A:00 X:00 Y:FA S:EC P:NvUbdizc  $01:A8F9: C8       INY
f889    c26455998    i43528623    A:00 X:00 Y:FB S:EC P:NvUbdizc  $01:A8FA: C8       INY
f889    c26456000    i43528624    A:00 X:00 Y:FC S:EC P:NvUbdizc  $01:A8FB: D0 D8    BNE $A8D5
f889    c26456003    i43528625    A:00 X:00 Y:FC S:EC P:NvUbdizc  $01:A8D5: BE 68 04 LDX $0468,Y @ $0564 = #$00
f889    c26456008    i43528626    A:00 X:00 Y:FC S:EC P:nvUbdiZc  $01:A8D8: B9 6A 04 LDA $046A,Y @ $0566 = #$00
f889    c26456013    i43528627    A:00 X:00 Y:FC S:EC P:nvUbdiZc  $01:A8DB: 29 0C    AND #$0C
f889    c26456015    i43528628    A:00 X:00 Y:FC S:EC P:nvUbdiZc  $01:A8DD: F0 02    BEQ $A8E1
f889    c26456018    i43528629    A:00 X:00 Y:FC S:EC P:nvUbdiZc  $01:A8E1: 8A       TXA
f889    c26456020    i43528630    A:00 X:00 Y:FC S:EC P:nvUbdiZc  $01:A8E2: 99 00 02 STA $0200,Y @ $02FC = #$00
f889    c26456025    i43528631    A:00 X:00 Y:FC S:EC P:nvUbdiZc  $01:A8E5: B9 69 04 LDA $0469,Y @ $0565 = #$00
f889    c26456030    i43528632    A:00 X:00 Y:FC S:EC P:nvUbdiZc  $01:A8E8: 99 01 02 STA $0201,Y @ $02FD = #$00
f889    c26456035    i43528633    A:00 X:00 Y:FC S:EC P:nvUbdiZc  $01:A8EB: B9 6A 04 LDA $046A,Y @ $0566 = #$00
f889    c26456040    i43528634    A:00 X:00 Y:FC S:EC P:nvUbdiZc  $01:A8EE: 99 02 02 STA $0202,Y @ $02FE = #$00
f889    c26456045    i43528635    A:00 X:00 Y:FC S:EC P:nvUbdiZc  $01:A8F1: B9 6B 04 LDA $046B,Y @ $0567 = #$F8
f889    c26456050    i43528636    A:F8 X:00 Y:FC S:EC P:NvUbdizc  $01:A8F4: 99 03 02 STA $0203,Y @ $02FF = #$F8
f889    c26456055    i43528637    A:F8 X:00 Y:FC S:EC P:NvUbdizc  $01:A8F7: C8       INY
f889    c26456057    i43528638    A:F8 X:00 Y:FD S:EC P:NvUbdizc  $01:A8F8: C8       INY
f889    c26456059    i43528639    A:F8 X:00 Y:FE S:EC P:NvUbdizc  $01:A8F9: C8       INY
f889    c26456061    i43528640    A:F8 X:00 Y:FF S:EC P:NvUbdizc  $01:A8FA: C8       INY
f889    c26456063    i43528641    A:F8 X:00 Y:00 S:EC P:nvUbdiZc  $01:A8FB: D0 D8    BNE $A8D5
f889    c26456065    i43528642    A:F8 X:00 Y:00 S:EC P:nvUbdiZc  $01:A8FD: 60       RTS (from $A215)
f889    c26456071    i43528643    A:F8 X:00 Y:00 S:EE P:nvUbdiZc  $00:8392: A2 06    LDX #$06
f889    c26456073    i43528644    A:F8 X:06 Y:00 S:EE P:nvUbdizc  $00:8394: 20 B9 C4 JSR $C4B9
f889    c26456079    i43528645    A:F8 X:06 Y:00 S:EC P:nvUbdizc  $0F:C4B9: 86 25    STX $25 = #$02
f889    c26456082    i43528646    A:F8 X:06 Y:00 S:EC P:nvUbdizc  $0F:C4BB: A9 07    LDA #$07
f889    c26456084    i43528647    A:07 X:06 Y:00 S:EC P:nvUbdizc  $0F:C4BD: 05 22    ORA $22 = #$00
f889    c26456087    i43528648    A:07 X:06 Y:00 S:EC P:nvUbdizc  $0F:C4BF: 85 23    STA $23 = #$06
f889    c26456090    i43528649    A:07 X:06 Y:00 S:EC P:nvUbdizc  $0F:C4C1: 8D 00 80 STA $8000 = #$A5
f889    c26456094    i43528650    A:07 X:06 Y:00 S:EC P:nvUbdizc  $0F:C4C4: 8E 01 80 STX $8001 = #$27
f889    c26456102    i43528651    A:07 X:06 Y:00 S:EC P:nvUbdizc  $0F:C4C7: 60       RTS (from $C4B9)
f889    c26456108    i43528652    A:07 X:06 Y:00 S:EE P:nvUbdizc  $00:8397: 60       RTS (from $838A)
f889    c26456114    i43528653    A:07 X:06 Y:00 S:F0 P:nvUbdizc  $00:82F0: A5 4C    LDA $4C = #$00
f889    c26456117    i43528654    A:00 X:06 Y:00 S:F0 P:nvUbdiZc  $00:82F2: 10 F9    BPL $82ED
f889    c26456120    i43528655    A:00 X:06 Y:00 S:F0 P:nvUbdiZc  $00:82ED: 20 8A 83 JSR $838A
f889    c26456126    i43528656    A:00 X:06 Y:00 S:EE P:nvUbdiZc  $00:838A: A2 02    LDX #$02
f889    c26456128    i43528657    A:00 X:02 Y:00 S:EE P:nvUbdizc  $00:838C: 20 B9 C4 JSR $C4B9
f891    c26507266    i43544840    A:C4 X:10 Y:03 S:D9 P:NvUbdIzC  $06:8241: A0 06    LDY #$06
f891    c26507268    i43544841    A:C4 X:10 Y:06 S:D9 P:nvUbdIzC  $06:8243: 91 F0    STA ($F0),Y @ $076D = #$C4
f891    c26507274    i43544842    A:C4 X:10 Y:06 S:D9 P:nvUbdIzC  $06:8245: A6 F3    LDX $F3 = #$04
f891    c26507277    i43544843    A:C4 X:04 Y:06 S:D9 P:nvUbdIzC  $06:8247: CA       DEX
f891    c26507279    i43544844    A:C4 X:03 Y:06 S:D9 P:nvUbdIzC  $06:8248: BD AF 07 LDA $07AF,X @ $07B2 = #$01
f891    c26507283    i43544845    A:01 X:03 Y:06 S:D9 P:nvUbdIzC  $06:824B: C9 01    CMP #$01
f891    c26507285    i43544846    A:01 X:03 Y:06 S:D9 P:nvUbdIZC  $06:824D: F0 08    BEQ $8257
f891    c26507288    i43544847    A:01 X:03 Y:06 S:D9 P:nvUbdIZC  $06:8257: BD C7 07 LDA $07C7,X @ $07CA = #$06
f891    c26507292    i43544848    A:06 X:03 Y:06 S:D9 P:nvUbdIzC  $06:825A: 0A       ASL
f891    c26507294    i43544849    A:0C X:03 Y:06 S:D9 P:nvUbdIzc  $06:825B: A8       TAY
f891    c26507296    i43544850    A:0C X:03 Y:0C S:D9 P:nvUbdIzc  $06:825C: B9 69 82 LDA $8269,Y @ $8275 = #$97
f891    c26507300    i43544851    A:97 X:03 Y:0C S:D9 P:NvUbdIzc  $06:825F: 85 F9    STA $F9 = #$97
f891    c26507303    i43544852    A:97 X:03 Y:0C S:D9 P:NvUbdIzc  $06:8261: B9 6A 82 LDA $826A,Y @ $8276 = #$82
f891    c26507307    i43544853    A:82 X:03 Y:0C S:D9 P:NvUbdIzc  $06:8264: 85 FA    STA $FA = #$82
f891    c26507310    i43544854    A:82 X:03 Y:0C S:D9 P:NvUbdIzc  $06:8266: 6C F9 00 JMP ($00F9) = $8297
f891    c26507315    i43544855    A:82 X:03 Y:0C S:D9 P:NvUbdIzc  $06:8297: BD B7 07 LDA $07B7,X @ $07BA = #$EF
f891    c26507319    i43544856    A:EF X:03 Y:0C S:D9 P:NvUbdIzc  $06:829A: A0 07    LDY #$07
f891    c26507321    i43544857    A:EF X:03 Y:07 S:D9 P:nvUbdIzc  $06:829C: 91 F0    STA ($F0),Y @ $076E = #$EF
f891    c26507327    i43544858    A:EF X:03 Y:07 S:D9 P:nvUbdIzc  $06:829E: BD BF 07 LDA $07BF,X @ $07C2 = #$80
f891    c26507331    i43544859    A:80 X:03 Y:07 S:D9 P:NvUbdIzc  $06:82A1: C8       INY
f891    c26507333    i43544860    A:80 X:03 Y:08 S:D9 P:nvUbdIzc  $06:82A2: 91 F0    STA ($F0),Y @ $076F = #$80
f891    c26507339    i43544861    A:80 X:03 Y:08 S:D9 P:nvUbdIzc  $06:82A4: BD C7 07 LDA $07C7,X @ $07CA = #$06
f891    c26507343    i43544862    A:06 X:03 Y:08 S:D9 P:nvUbdIzc  $06:82A7: 18       CLC
f891    c26507345    i43544863    A:06 X:03 Y:08 S:D9 P:nvUbdIzc  $06:82A8: 69 01    ADC #$01
f891    c26507347    i43544864    A:07 X:03 Y:08 S:D9 P:nvUbdIzc  $06:82AA: C9 0A    CMP #$0A
f891    c26507349    i43544865    A:07 X:03 Y:08 S:D9 P:NvUbdIzc  $06:82AC: D0 02    BNE $82B0
f891    c26507352    i43544866    A:07 X:03 Y:08 S:D9 P:NvUbdIzc  $06:82B0: 9D C7 07 STA $07C7,X @ $07CA = #$06
f891    c26507357    i43544867    A:07 X:03 Y:08 S:D9 P:NvUbdIzc  $06:82B3: 60       RTS (from $81DB)
f891    c26507363    i43544868    A:07 X:03 Y:08 S:DB P:NvUbdIzc  $06:810C: 18       CLC
f891    c26507365    i43544869    A:07 X:03 Y:08 S:DB P:NvUbdIzc  $06:810D: A9 10    LDA #$10
f891    c26507367    i43544870    A:10 X:03 Y:08 S:DB P:nvUbdIzc  $06:810F: 65 F0    ADC $F0 = #$67
f891    c26507370    i43544871    A:77 X:03 Y:08 S:DB P:nvUbdIzc  $06:8111: 85 F0    STA $F0 = #$67
f891    c26507373    i43544872    A:77 X:03 Y:08 S:DB P:nvUbdIzc  $06:8113: A9 04    LDA #$04
f891    c26507375    i43544873    A:04 X:03 Y:08 S:DB P:nvUbdIzc  $06:8115: 65 F2    ADC $F2 = #$10
f891    c26507378    i43544874    A:14 X:03 Y:08 S:DB P:nvUbdIzc  $06:8117: 85 F2    STA $F2 = #$10
f891    c26507381    i43544875    A:14 X:03 Y:08 S:DB P:nvUbdIzc  $06:8119: C6 F3    DEC $F3 = #$04
f891    c26507386    i43544876    A:14 X:03 Y:08 S:DB P:nvUbdIzc  $06:811B: D0 AD    BNE $80CA
f891    c26507390    i43544877    A:14 X:03 Y:08 S:DB P:nvUbdIzc  $06:80CA: AD 06 07 LDA $0706 = #$87
f891    c26507394    i43544878    A:87 X:03 Y:08 S:DB P:NvUbdIzc  $06:80CD: 4A       LSR
f891    c26507396    i43544879    A:43 X:03 Y:08 S:DB P:nvUbdIzC  $06:80CE: 90 02    BCC $80D2
f891    c26507398    i43544880    A:43 X:03 Y:08 S:DB P:nvUbdIzC  $06:80D0: 09 80    ORA #$80
f898    c26723864    i43613448    A:00 X:00 Y:F8 S:EC P:nvUbdiZc  $01:A8EE: 99 02 02 STA $0202,Y @ $02FA = #$00
f898    c26723869    i43613449    A:00 X:00 Y:F8 S:EC P:nvUbdiZc  $01:A8F1: B9 6B 04 LDA $046B,Y @ $0563 = #$00
f898    c26723874    i43613450    A:00 X:00 Y:F8 S:EC P:nvUbdiZc  $01:A8F4: 99 03 02 STA $0203,Y @ $02FB = #$00
f898    c26723879    i43613451    A:00 X:00 Y:F8 S:EC P:nvUbdiZc  $01:A8F7: C8       INY
f898    c26723881    i43613452    A:00 X:00 Y:F9 S:EC P:NvUbdizc  $01:A8F8: C8       INY
f898    c26723883    i43613453    A:00 X:00 Y:FA S:EC P:NvUbdizc  $01:A8F9: C8       INY
f898    c26723885    i43613454    A:00 X:00 Y:FB S:EC P:NvUbdizc  $01:A8FA: C8       INY
f898    c26723887    i43613455    A:00 X:00 Y:FC S:EC P:NvUbdizc  $01:A8FB: D0 D8    BNE $A8D5
f898    c26723890    i43613456    A:00 X:00 Y:FC S:EC P:NvUbdizc  $01:A8D5: BE 68 04 LDX $0468,Y @ $0564 = #$00
f898    c26723895    i43613457    A:00 X:00 Y:FC S:EC P:nvUbdiZc  $01:A8D8: B9 6A 04 LDA $046A,Y @ $0566 = #$00
f898    c26723900    i43613458    A:00 X:00 Y:FC S:EC P:nvUbdiZc  $01:A8DB: 29 0C    AND #$0C
f898    c26723902    i43613459    A:00 X:00 Y:FC S:EC P:nvUbdiZc  $01:A8DD: F0 02    BEQ $A8E1
f898    c26723905    i43613460    A:00 X:00 Y:FC S:EC P:nvUbdiZc  $01:A8E1: 8A       TXA
f898    c26723907    i43613461    A:00 X:00 Y:FC S:EC P:nvUbdiZc  $01:A8E2: 99 00 02 STA $0200,Y @ $02FC = #$00
f898    c26723912    i43613462    A:00 X:00 Y:FC S:EC P:nvUbdiZc  $01:A8E5: B9 69 04 LDA $0469,Y @ $0565 = #$00
f898    c26723917    i43613463    A:00 X:00 Y:FC S:EC P:nvUbdiZc  $01:A8E8: 99 01 02 STA $0201,Y @ $02FD = #$00
f898    c26723922    i43613464    A:00 X:00 Y:FC S:EC P:nvUbdiZc  $01:A8EB: B9 6A 04 LDA $046A,Y @ $0566 = #$00
f898    c26723927    i43613465    A:00 X:00 Y:FC S:EC P:nvUbdiZc  $01:A8EE: 99 02 02 STA $0202,Y @ $02FE = #$00
f898    c26723932    i43613466    A:00 X:00 Y:FC S:EC P:nvUbdiZc  $01:A8F1: B9 6B 04 LDA $046B,Y @ $0567 = #$F8
f898    c26723937    i43613467    A:F8 X:00 Y:FC S:EC P:NvUbdizc  $01:A8F4: 99 03 02 STA $0203,Y @ $02FF = #$F8
f898    c26723942    i43613468    A:F8 X:00 Y:FC S:EC P:NvUbdizc  $01:A8F7: C8       INY
f898    c26723944    i43613469    A:F8 X:00 Y:FD S:EC P:NvUbdizc  $01:A8F8: C8       INY
f898    c26723946    i43613470    A:F8 X:00 Y:FE S:EC P:NvUbdizc  $01:A8F9: C8       INY
f898    c26723948    i43613471    A:F8 X:00 Y:FF S:EC P:NvUbdizc  $01:A8FA: C8       INY
f898    c26723950    i43613472    A:F8 X:00 Y:00 S:EC P:nvUbdiZc  $01:A8FB: D0 D8    BNE $A8D5
f898    c26723952    i43613473    A:F8 X:00 Y:00 S:EC P:nvUbdiZc  $01:A8FD: 60       RTS (from $A215)
f898    c26723958    i43613474    A:F8 X:00 Y:00 S:EE P:nvUbdiZc  $00:8392: A2 06    LDX #$06
f898    c26723960    i43613475    A:F8 X:06 Y:00 S:EE P:nvUbdizc  $00:8394: 20 B9 C4 JSR $C4B9
f898    c26723966    i43613476    A:F8 X:06 Y:00 S:EC P:nvUbdizc  $0F:C4B9: 86 25    STX $25 = #$02
f898    c26723969    i43613477    A:F8 X:06 Y:00 S:EC P:nvUbdizc  $0F:C4BB: A9 07    LDA #$07
f898    c26723971    i43613478    A:07 X:06 Y:00 S:EC P:nvUbdizc  $0F:C4BD: 05 22    ORA $22 = #$00
f898    c26723974    i43613479    A:07 X:06 Y:00 S:EC P:nvUbdizc  $0F:C4BF: 85 23    STA $23 = #$06
f898    c26723977    i43613480    A:07 X:06 Y:00 S:EC P:nvUbdizc  $0F:C4C1: 8D 00 80 STA $8000 = #$A5
f898    c26723981    i43613481    A:07 X:06 Y:00 S:EC P:nvUbdizc  $0F:C4C4: 8E 01 80 STX $8001 = #$27
f898    c26723985    i43613482    A:07 X:06 Y:00 S:EC P:nvUbdizc  $0F:C4C7: 60       RTS (from $C4B9)
f898    c26723991    i43613483    A:07 X:06 Y:00 S:EE P:nvUbdizc  $00:8397: 60       RTS (from $838A)
f898    c26723997    i43613484    A:07 X:06 Y:00 S:F0 P:nvUbdizc  $00:82F0: A5 4C    LDA $4C = #$00
f898    c26724000    i43613485    A:00 X:06 Y:00 S:F0 P:nvUbdiZc  $00:82F2: 10 F9    BPL $82ED
f898    c26724003    i43613486    A:00 X:06 Y:00 S:F0 P:nvUbdiZc  $00:82ED: 20 8A 83 JSR $838A
f898    c26724009    i43613487    A:00 X:06 Y:00 S:EE P:nvUbdiZc  $00:838A: A2 02    LDX #$02
f898    c26724011    i43613488    A:00 X:02 Y:00 S:EE P:nvUbdizc  $00:838C: 20 B9 C4 JSR $C4B9
f902    c26836600    i43649227    A:00 X:0F Y:04 S:4C P:nvUbdiZc  $00:9AA8: B9 2A 06 LDA $062A,Y @ $062E = #$0F
f902    c26836604    i43649228    A:0F X:0F Y:04 S:4C P:nvUbdizc  $00:9AAB: 29 0F    AND #$0F
f902    c26836606    i43649229    A:0F X:0F Y:04 S:4C P:nvUbdizc  $00:9AAD: 05 E6    ORA $E6 = #$00
f902    c26836609    i43649230    A:0F X:0F Y:04 S:4C P:nvUbdizc  $00:9AAF: A6 E7    LDX $E7 = #$07
f902    c26836612    i43649231    A:0F X:07 Y:04 S:4C P:nvUbdizc  $00:9AB1: 9D E8 05 STA $05E8,X @ $05EF = #$0F
f902    c26836617    i43649232    A:0F X:07 Y:04 S:4C P:nvUbdizc  $00:9AB4: E6 E7    INC $E7 = #$07
f902    c26836622    i43649233    A:0F X:07 Y:04 S:4C P:nvUbdizc  $00:9AB6: C8       INY
f902    c26836624    i43649234    A:0F X:07 Y:05 S:4C P:nvUbdizc  $00:9AB7: 60       RTS (from $9AA2)
f902    c26836630    i43649235    A:0F X:07 Y:05 S:4E P:nvUbdizc  $00:9A89: C0 10    CPY #$10
f902    c26836632    i43649236    A:0F X:07 Y:05 S:4E P:NvUbdizc  $00:9A8B: D0 F1    BNE $9A7E
f902    c26836635    i43649237    A:0F X:07 Y:05 S:4E P:NvUbdizc  $00:9A7E: B9 2A 06 LDA $062A,Y @ $062F = #$36
f902    c26836639    i43649238    A:36 X:07 Y:05 S:4E P:nvUbdizc  $00:9A81: 29 30    AND #$30
f902    c26836641    i43649239    A:30 X:07 Y:05 S:4E P:nvUbdizc  $00:9A83: 18       CLC
f902    c26836643    i43649240    A:30 X:07 Y:05 S:4E P:nvUbdizc  $00:9A84: 65 4A    ADC $4A = #$0F
f902    c26836646    i43649241    A:3F X:07 Y:05 S:4E P:nvUbdizc  $00:9A86: 20 A2 9A JSR $9AA2
f902    c26836652    i43649242    A:3F X:07 Y:05 S:4C P:nvUbdizc  $00:9AA2: AA       TAX
f902    c26836654    i43649243    A:3F X:3F Y:05 S:4C P:nvUbdizc  $00:9AA3: BD A2 9E LDA $9EA2,X @ $9EE1 = #$30
f902    c26836658    i43649244    A:30 X:3F Y:05 S:4C P:nvUbdizc  $00:9AA6: 85 E6    STA $E6 = #$00
f902    c26836661    i43649245    A:30 X:3F Y:05 S:4C P:nvUbdizc  $00:9AA8: B9 2A 06 LDA $062A,Y @ $062F = #$36
f902    c26836665    i43649246    A:36 X:3F Y:05 S:4C P:nvUbdizc  $00:9AAB: 29 0F    AND #$0F
f902    c26836667    i43649247    A:06 X:3F Y:05 S:4C P:nvUbdizc  $00:9AAD: 05 E6    ORA $E6 = #$30
f902    c26836670    i43649248    A:36 X:3F Y:05 S:4C P:nvUbdizc  $00:9AAF: A6 E7    LDX $E7 = #$08
f902    c26836673    i43649249    A:36 X:08 Y:05 S:4C P:nvUbdizc  $00:9AB1: 9D E8 05 STA $05E8,X @ $05F0 = #$36
f902    c26836678    i43649250    A:36 X:08 Y:05 S:4C P:nvUbdizc  $00:9AB4: E6 E7    INC $E7 = #$08
f902    c26836683    i43649251    A:36 X:08 Y:05 S:4C P:nvUbdizc  $00:9AB6: C8       INY
f902    c26836685    i43649252    A:36 X:08 Y:06 S:4C P:nvUbdizc  $00:9AB7: 60       RTS (from $9AA2)
f902    c26836691    i43649253    A:36 X:08 Y:06 S:4E P:nvUbdizc  $00:9A89: C0 10    CPY #$10
f902    c26836693    i43649254    A:36 X:08 Y:06 S:4E P:NvUbdizc  $00:9A8B: D0 F1    BNE $9A7E
f902    c26836696    i43649255    A:36 X:08 Y:06 S:4E P:NvUbdizc  $00:9A7E: B9 2A 06 LDA $062A,Y @ $0630 = #$25
f902    c26836700    i43649256    A:25 X:08 Y:06 S:4E P:nvUbdizc  $00:9A81: 29 30    AND #$30
f902    c26836702    i43649257    A:20 X:08 Y:06 S:4E P:nvUbdizc  $00:9A83: 18       CLC
f902    c26836704    i43649258    A:20 X:08 Y:06 S:4E P:nvUbdizc  $00:9A84: 65 4A    ADC $4A = #$0F
f902    c26836707    i43649259    A:2F X:08 Y:06 S:4E P:nvUbdizc  $00:9A86: 20 A2 9A JSR $9AA2
f902    c26836713    i43649260    A:2F X:08 Y:06 S:4C P:nvUbdizc  $00:9AA2: AA       TAX
f902    c26836715    i43649261    A:2F X:2F Y:06 S:4C P:nvUbdizc  $00:9AA3: BD A2 9E LDA $9EA2,X @ $9ED1 = #$20
f902    c26836719    i43649262    A:20 X:2F Y:06 S:4C P:nvUbdizc  $00:9AA6: 85 E6    STA $E6 = #$30
f902    c26836722    i43649263    A:20 X:2F Y:06 S:4C P:nvUbdizc  $00:9AA8: B9 2A 06 LDA $062A,Y @ $0630 = #$25
f902    c26836726    i43649264    A:25 X:2F Y:06 S:4C P:nvUbdizc  $00:9AAB: 29 0F    AND #$0F
f902    c26836728    i43649265    A:05 X:2F Y:06 S:4C P:nvUbdizc  $00:9AAD: 05 E6    ORA $E6 = #$20
f902    c26836731    i43649266    A:25 X:2F Y:06 S:4C P:nvUbdizc  $00:9AAF: A6 E7    LDX $E7 = #$09
f902    c26836734    i43649267    A:25 X:09 Y:06 S:4C P:nvUbdizc  $00:9AB1: 9D E8 05 STA $05E8,X @ $05F1 = #$25
f906    c26961309    i43688810    A:00 X:00 Y:F8 S:EC P:nvUbdiZc  $01:A8EE: 99 02 02 STA $0202,Y @ $02FA = #$00
f906    c26961314    i43688811    A:00 X:00 Y:F8 S:EC P:nvUbdiZc  $01:A8F1: B9 6B 04 LDA $046B,Y @ $0563 = #$00
f906    c26961319    i43688812    A:00 X:00 Y:F8 S:EC P:nvUbdiZc  $01:A8F4: 99 03 02 STA $0203,Y @ $02FB = #$00
f906    c26961324    i43688813    A:00 X:00 Y:F8 S:EC P:nvUbdiZc  $01:A8F7: C8       INY
f906    c26961326    i43688814    A:00 X:00 Y:F9 S:EC P:NvUbdizc  $01:A8F8: C8       INY
f906    c26961328    i43688815    A:00 X:00 Y:FA S:EC P:NvUbdizc  $01:A8F9: C8       INY
f906    c26961330    i43688816    A:00 X:00 Y:FB S:EC P:NvUbdizc  $01:A8FA: C8       INY
f906    c26961332    i43688817    A:00 X:00 Y:FC S:EC P:NvUbdizc  $01:A8FB: D0 D8    BNE $A8D5
f906    c26961335    i43688818    A:00 X:00 Y:FC S:EC P:NvUbdizc  $01:A8D5: BE 68 04 LDX $0468,Y @ $0564 = #$00
f906    c26961340    i43688819    A:00 X:00 Y:FC S:EC P:nvUbdiZc  $01:A8D8: B9 6A 04 LDA $046A,Y @ $0566 = #$00
f906    c26961345    i43688820    A:00 X:00 Y:FC S:EC P:nvUbdiZc  $01:A8DB: 29 0C    AND #$0C
f906    c26961347    i43688821    A:00 X:00 Y:FC S:EC P:nvUbdiZc  $01:A8DD: F0 02    BEQ $A8E1
f906    c26961350    i43688822    A:00 X:00 Y:FC S:EC P:nvUbdiZc  $01:A8E1: 8A       TXA
f906    c26961352    i43688823    A:00 X:00 Y:FC S:EC P:nvUbdiZc  $01:A8E2: 99 00 02 STA $0200,Y @ $02FC = #$00
f906    c26961357    i43688824    A:00 X:00 Y:FC S:EC P:nvUbdiZc  $01:A8E5: B9 69 04 LDA $0469,Y @ $0565 = #$00
f906    c26961362    i43688825    A:00 X:00 Y:FC S:EC P:nvUbdiZc  $01:A8E8: 99 01 02 STA $0201,Y @ $02FD = #$00
f906    c26961367    i43688826    A:00 X:00 Y:FC S:EC P:nvUbdiZc  $01:A8EB: B9 6A 04 LDA $046A,Y @ $0566 = #$00
f906    c26961372    i43688827    A:00 X:00 Y:FC S:EC P:nvUbdiZc  $01:A8EE: 99 02 02 STA $0202,Y @ $02FE = #$00
f906    c26961377    i43688828    A:00 X:00 Y:FC S:EC P:nvUbdiZc  $01:A8F1: B9 6B 04 LDA $046B,Y @ $0567 = #$F8
f906    c26961382    i43688829    A:F8 X:00 Y:FC S:EC P:NvUbdizc  $01:A8F4: 99 03 02 STA $0203,Y @ $02FF = #$F8
f906    c26961387    i43688830    A:F8 X:00 Y:FC S:EC P:NvUbdizc  $01:A8F7: C8       INY
f906    c26961389    i43688831    A:F8 X:00 Y:FD S:EC P:NvUbdizc  $01:A8F8: C8       INY
f906    c26961391    i43688832    A:F8 X:00 Y:FE S:EC P:NvUbdizc  $01:A8F9: C8       INY
f906    c26961393    i43688833    A:F8 X:00 Y:FF S:EC P:NvUbdizc  $01:A8FA: C8       INY
f906    c26961395    i43688834    A:F8 X:00 Y:00 S:EC P:nvUbdiZc  $01:A8FB: D0 D8    BNE $A8D5
f906    c26961397    i43688835    A:F8 X:00 Y:00 S:EC P:nvUbdiZc  $01:A8FD: 60       RTS (from $A215)
f906    c26961403    i43688836    A:F8 X:00 Y:00 S:EE P:nvUbdiZc  $00:8392: A2 06    LDX #$06
f906    c26961405    i43688837    A:F8 X:06 Y:00 S:EE P:nvUbdizc  $00:8394: 20 B9 C4 JSR $C4B9
f906    c26961411    i43688838    A:F8 X:06 Y:00 S:EC P:nvUbdizc  $0F:C4B9: 86 25    STX $25 = #$02
f906    c26961414    i43688839    A:F8 X:06 Y:00 S:EC P:nvUbdizc  $0F:C4BB: A9 07    LDA #$07
f906    c26961416    i43688840    A:07 X:06 Y:00 S:EC P:nvUbdizc  $0F:C4BD: 05 22    ORA $22 = #$00
f906    c26961419    i43688841    A:07 X:06 Y:00 S:EC P:nvUbdizc  $0F:C4BF: 85 23    STA $23 = #$06
f906    c26961422    i43688842    A:07 X:06 Y:00 S:EC P:nvUbdizc  $0F:C4C1: 8D 00 80 STA $8000 = #$A5
f906    c26961426    i43688843    A:07 X:06 Y:00 S:EC P:nvUbdizc  $0F:C4C4: 8E 01 80 STX $8001 = #$27
f906    c26961430    i43688844    A:07 X:06 Y:00 S:EC P:nvUbdizc  $0F:C4C7: 60       RTS (from $C4B9)
f906    c26961436    i43688845    A:07 X:06 Y:00 S:EE P:nvUbdizc  $00:8397: 60       RTS (from $838A)
f906    c26961442    i43688846    A:07 X:06 Y:00 S:F0 P:nvUbdizc  $00:82F0: A5 4C    LDA $4C = #$00
f906    c26961445    i43688847    A:00 X:06 Y:00 S:F0 P:nvUbdiZc  $00:82F2: 10 F9    BPL $82ED
f906    c26961448    i43688848    A:00 X:06 Y:00 S:F0 P:nvUbdiZc  $00:82ED: 20 8A 83 JSR $838A
f906    c26961454    i43688849    A:00 X:06 Y:00 S:EE P:nvUbdiZc  $00:838A: A2 02    LDX #$02
f906    c26961456    i43688850    A:00 X:02 Y:00 S:EE P:nvUbdizc  $00:838C: 20 B9 C4 JSR $C4B9
f906    c26968302    i43691130    A:40 X:19 Y:00 S:E0 P:nvUbdizC  $00:9F06: 10 FC    BPL $9F04
f906    c26968305    i43691131    A:40 X:19 Y:00 S:E0 P:nvUbdizC  $00:9F04: A5 1B    LDA $1B = #$40
f906    c26968308    i43691132    A:40 X:19 Y:00 S:E0 P:nvUbdizC  $00:9F06: 10 FC    BPL $9F04
f906    c26968311    i43691133    A:40 X:19 Y:00 S:E0 P:nvUbdizC  $00:9F04: A5 1B    LDA $1B = #$40
f906    c26968314    i43691134    A:40 X:19 Y:00 S:E0 P:nvUbdizC  $00:9F06: 10 FC    BPL $9F04
f906    c26968317    i43691135    A:40 X:19 Y:00 S:E0 P:nvUbdizC  $00:9F04: A5 1B    LDA $1B = #$40
f906    c26968320    i43691136    A:40 X:19 Y:00 S:E0 P:nvUbdizC  $00:9F06: 10 FC    BPL $9F04
f906    c26968323    i43691137    A:40 X:19 Y:00 S:E0 P:nvUbdizC  $00:9F04: A5 1B    LDA $1B = #$40
f906    c26968326    i43691138    A:40 X:19 Y:00 S:E0 P:nvUbdizC  $00:9F06: 10 FC    BPL $9F04
f906    c26968329    i43691139    A:40 X:19 Y:00 S:E0 P:nvUbdizC  $00:9F04: A5 1B    LDA $1B = #$40
f906    c26968332    i43691140    A:40 X:19 Y:00 S:E0 P:nvUbdizC  $00:9F06: 10 FC    BPL $9F04
f906    c26968335    i43691141    A:40 X:19 Y:00 S:E0 P:nvUbdizC  $00:9F04: A5 1B    LDA $1B = #$40
f906    c26968338    i43691142    A:40 X:19 Y:00 S:E0 P:nvUbdizC  $00:9F06: 10 FC    BPL $9F04
f906    c26968341    i43691143    A:40 X:19 Y:00 S:E0 P:nvUbdizC  $00:9F04: A5 1B    LDA $1B = #$40
f906    c26968344    i43691144    A:40 X:19 Y:00 S:E0 P:nvUbdizC  $00:9F06: 10 FC    BPL $9F04
f906    c26968347    i43691145    A:40 X:19 Y:00 S:E0 P:nvUbdizC  $00:9F04: A5 1B    LDA $1B = #$40
f906    c26968350    i43691146    A:40 X:19 Y:00 S:E0 P:nvUbdizC  $00:9F06: 10 FC    BPL $9F04
f906    c26968353    i43691147    A:40 X:19 Y:00 S:E0 P:nvUbdizC  $00:9F04: A5 1B    LDA $1B = #$40
f906    c26968356    i43691148    A:40 X:19 Y:00 S:E0 P:nvUbdizC  $00:9F06: 10 FC    BPL $9F04
f906    c26968359    i43691149    A:40 X:19 Y:00 S:E0 P:nvUbdizC  $00:9F04: A5 1B    LDA $1B = #$40
f906    c26968362    i43691150    A:40 X:19 Y:00 S:E0 P:nvUbdizC  $00:9F06: 10 FC    BPL $9F04
f906    c26968365    i43691151    A:40 X:19 Y:00 S:E0 P:nvUbdizC  $00:9F04: A5 1B    LDA $1B = #$40
f906    c26968368    i43691152    A:40 X:19 Y:00 S:E0 P:nvUbdizC  $00:9F06: 10 FC    BPL $9F04
f906    c26968371    i43691153    A:40 X:19 Y:00 S:E0 P:nvUbdizC  $00:9F04: A5 1B    LDA $1B = #$40
f906    c26968374    i43691154    A:40 X:19 Y:00 S:E0 P:nvUbdizC  $00:9F06: 10 FC    BPL $9F04
f906    c26968377    i43691155    A:40 X:19 Y:00 S:E0 P:nvUbdizC  $00:9F04: A5 1B    LDA $1B = #$40
f906    c26968387    i43691156    A:40 X:19 Y:00 S:DD P:nvUbdIzC  $0F:C506: 4C 21 C8 JMP $C821
f906    c26968390    i43691157    A:40 X:19 Y:00 S:DD P:nvUbdIzC  $0F:C821: 24 1B    BIT $1B = #$40
f906    c26968393    i43691158    A:40 X:19 Y:00 S:DD P:nVUbdIzC  $0F:C823: 50 03    BVC $C828
f906    c26968395    i43691159    A:40 X:19 Y:00 S:DD P:nVUbdIzC  $0F:C825: 4C 78 C4 JMP $C478
f906    c26968398    i43691160    A:40 X:19 Y:00 S:DD P:nVUbdIzC  $0F:C478: 24 3B    BIT $3B = #$55
f906    c26968401    i43691161    A:40 X:19 Y:00 S:DD P:nVUbdIzC  $0F:C47A: 30 32    BMI $C4AE
f906    c26968403    i43691162    A:40 X:19 Y:00 S:DD P:nVUbdIzC  $0F:C47C: 38       SEC
f906    c26968405    i43691163    A:40 X:19 Y:00 S:DD P:nVUbdIzC  $0F:C47D: 66 3B    ROR $3B = #$55
f906    c26968410    i43691164    A:40 X:19 Y:00 S:DD P:NVUbdIzC  $0F:C47F: 85 3C    STA $3C = #$40
f906    c26968413    i43691165    A:40 X:19 Y:00 S:DD P:NVUbdIzC  $0F:C481: 86 3D    STX $3D = #$19
f906    c26968416    i43691166    A:40 X:19 Y:00 S:DD P:NVUbdIzC  $0F:C483: 84 3E    STY $3E = #$00
f906    c26968419    i43691167    A:40 X:19 Y:00 S:DD P:NVUbdIzC  $0F:C485: A5 22    LDA $22 = #$00
f906    c26968422    i43691168    A:00 X:19 Y:00 S:DD P:nVUbdIZC  $0F:C487: 09 07    ORA #$07
f906    c26968424    i43691169    A:07 X:19 Y:00 S:DD P:nVUbdIzC  $0F:C489: 8D 00 80 STA $8000 = #$A5
f906    c26968428    i43691170    A:07 X:19 Y:00 S:DD P:nVUbdIzC  $0F:C48C: A9 02    LDA #$02
f906    c26968430    i43691171    A:02 X:19 Y:00 S:DD P:nVUbdIzC  $0F:C48E: 8D 01 80 STA $8001 = #$27
f945    c28113730    i44054993    A:00 X:02 Y:08 S:DB P:nVUbdIzc  $01:A0ED: BD 15 40 LDA $4015,X @ $4017 = #$01
f945    c28113734    i44054994    A:40 X:02 Y:08 S:DB P:nVUbdIzc  $01:A0F0: 4A       LSR
f945    c28113736    i44054995    A:20 X:02 Y:08 S:DB P:nVUbdIzc  $01:A0F1: 26 3F    ROL $3F = #$00
f945    c28113741    i44054996    A:20 X:02 Y:08 S:DB P:nVUbdIZc  $01:A0F3: 29 01    AND #$01
f945    c28113743    i44054997    A:00 X:02 Y:08 S:DB P:nVUbdIZc  $01:A0F5: 05 3F    ORA $3F = #$00
f945    c28113746    i44054998    A:00 X:02 Y:08 S:DB P:nVUbdIZc  $01:A0F7: 85 3F    STA $3F = #$00
f945    c28113749    i44054999    A:00 X:02 Y:08 S:DB P:nVUbdIZc  $01:A0F9: 88       DEY
f945    c28113751    i44055000    A:00 X:02 Y:07 S:DB P:nVUbdIzc  $01:A0FA: D0 F1    BNE $A0ED
f945    c28113754    i44055001    A:00 X:02 Y:07 S:DB P:nVUbdIzc  $01:A0ED: BD 15 40 LDA $4015,X @ $4017 = #$01
f945    c28113758    i44055002    A:40 X:02 Y:07 S:DB P:nVUbdIzc  $01:A0F0: 4A       LSR
f945    c28113760    i44055003    A:20 X:02 Y:07 S:DB P:nVUbdIzc  $01:A0F1: 26 3F    ROL $3F = #$00
f945    c28113765    i44055004    A:20 X:02 Y:07 S:DB P:nVUbdIZc  $01:A0F3: 29 01    AND #$01
f945    c28113767    i44055005    A:00 X:02 Y:07 S:DB P:nVUbdIZc  $01:A0F5: 05 3F    ORA $3F = #$00
f945    c28113770    i44055006    A:00 X:02 Y:07 S:DB P:nVUbdIZc  $01:A0F7: 85 3F    STA $3F = #$00
f945    c28113773    i44055007    A:00 X:02 Y:07 S:DB P:nVUbdIZc  $01:A0F9: 88       DEY
f945    c28113775    i44055008    A:00 X:02 Y:06 S:DB P:nVUbdIzc  $01:A0FA: D0 F1    BNE $A0ED
f945    c28113778    i44055009    A:00 X:02 Y:06 S:DB P:nVUbdIzc  $01:A0ED: BD 15 40 LDA $4015,X @ $4017 = #$01
f945    c28113782    i44055010    A:40 X:02 Y:06 S:DB P:nVUbdIzc  $01:A0F0: 4A       LSR
f945    c28113784    i44055011    A:20 X:02 Y:06 S:DB P:nVUbdIzc  $01:A0F1: 26 3F    ROL $3F = #$00
f945    c28113789    i44055012    A:20 X:02 Y:06 S:DB P:nVUbdIZc  $01:A0F3: 29 01    AND #$01
f945    c28113791    i44055013    A:00 X:02 Y:06 S:DB P:nVUbdIZc  $01:A0F5: 05 3F    ORA $3F = #$00
f945    c28113794    i44055014    A:00 X:02 Y:06 S:DB P:nVUbdIZc  $01:A0F7: 85 3F    STA $3F = #$00
f945    c28113797    i44055015    A:00 X:02 Y:06 S:DB P:nVUbdIZc  $01:A0F9: 88       DEY
f945    c28113799    i44055016    A:00 X:02 Y:05 S:DB P:nVUbdIzc  $01:A0FA: D0 F1    BNE $A0ED
f945    c28113802    i44055017    A:00 X:02 Y:05 S:DB P:nVUbdIzc  $01:A0ED: BD 15 40 LDA $4015,X @ $4017 = #$01
f945    c28113806    i44055018    A:40 X:02 Y:05 S:DB P:nVUbdIzc  $01:A0F0: 4A       LSR
f945    c28113808    i44055019    A:20 X:02 Y:05 S:DB P:nVUbdIzc  $01:A0F1: 26 3F    ROL $3F = #$00
f945    c28113813    i44055020    A:20 X:02 Y:05 S:DB P:nVUbdIZc  $01:A0F3: 29 01    AND #$01
f945    c28113815    i44055021    A:00 X:02 Y:05 S:DB P:nVUbdIZc  $01:A0F5: 05 3F    ORA $3F = #$00
f945    c28113818    i44055022    A:00 X:02 Y:05 S:DB P:nVUbdIZc  $01:A0F7: 85 3F    STA $3F = #$00
f945    c28113821    i44055023    A:00 X:02 Y:05 S:DB P:nVUbdIZc  $01:A0F9: 88       DEY
f945    c28113823    i44055024    A:00 X:02 Y:04 S:DB P:nVUbdIzc  $01:A0FA: D0 F1    BNE $A0ED
f945    c28113826    i44055025    A:00 X:02 Y:04 S:DB P:nVUbdIzc  $01:A0ED: BD 15 40 LDA $4015,X @ $4017 = #$01
f945    c28113830    i44055026    A:40 X:02 Y:04 S:DB P:nVUbdIzc  $01:A0F0: 4A       LSR
f945    c28113832    i44055027    A:20 X:02 Y:04 S:DB P:nVUbdIzc  $01:A0F1: 26 3F    ROL $3F = #$00
f945    c28113837    i44055028    A:20 X:02 Y:04 S:DB P:nVUbdIZc  $01:A0F3: 29 01    AND #$01
f945    c28113839    i44055029    A:00 X:02 Y:04 S:DB P:nVUbdIZc  $01:A0F5: 05 3F    ORA $3F = #$00
f945    c28113842    i44055030    A:00 X:02 Y:04 S:DB P:nVUbdIZc  $01:A0F7: 85 3F    STA $3F = #$00
f945    c28113845    i44055031    A:00 X:02 Y:04 S:DB P:nVUbdIZc  $01:A0F9: 88       DEY
f945    c28113847    i44055032    A:00 X:02 Y:03 S:DB P:nVUbdIzc  $01:A0FA: D0 F1    BNE $A0ED
f945    c28113850    i44055033    A:00 X:02 Y:03 S:DB P:nVUbdIzc  $01:A0ED: BD 15 40 LDA $4015,X @ $4017 = #$01
f945    c28113854    i44055034    A:40 X:02 Y:03 S:DB P:nVUbdIzc  $01:A0F0: 4A       LSR
f976    c29044535    i44350569    A:00 X:00 Y:F8 S:EC P:nvUbdiZc  $01:A8EE: 99 02 02 STA $0202,Y @ $02FA = #$00
f976    c29044540    i44350570    A:00 X:00 Y:F8 S:EC P:nvUbdiZc  $01:A8F1: B9 6B 04 LDA $046B,Y @ $0563 = #$00
f976    c29044545    i44350571    A:00 X:00 Y:F8 S:EC P:nvUbdiZc  $01:A8F4: 99 03 02 STA $0203,Y @ $02FB = #$00
f976    c29044550    i44350572    A:00 X:00 Y:F8 S:EC P:nvUbdiZc  $01:A8F7: C8       INY
f976    c29044552    i44350573    A:00 X:00 Y:F9 S:EC P:NvUbdizc  $01:A8F8: C8       INY
f976    c29044554    i44350574    A:00 X:00 Y:FA S:EC P:NvUbdizc  $01:A8F9: C8       INY
f976    c29044556    i44350575    A:00 X:00 Y:FB S:EC P:NvUbdizc  $01:A8FA: C8       INY
f976    c29044558    i44350576    A:00 X:00 Y:FC S:EC P:NvUbdizc  $01:A8FB: D0 D8    BNE $A8D5
f976    c29044561    i44350577    A:00 X:00 Y:FC S:EC P:NvUbdizc  $01:A8D5: BE 68 04 LDX $0468,Y @ $0564 = #$00
f976    c29044566    i44350578    A:00 X:00 Y:FC S:EC P:nvUbdiZc  $01:A8D8: B9 6A 04 LDA $046A,Y @ $0566 = #$00
f976    c29044571    i44350579    A:00 X:00 Y:FC S:EC P:nvUbdiZc  $01:A8DB: 29 0C    AND #$0C
f976    c29044573    i44350580    A:00 X:00 Y:FC S:EC P:nvUbdiZc  $01:A8DD: F0 02    BEQ $A8E1
f976    c29044576    i44350581    A:00 X:00 Y:FC S:EC P:nvUbdiZc  $01:A8E1: 8A       TXA
f976    c29044578    i44350582    A:00 X:00 Y:FC S:EC P:nvUbdiZc  $01:A8E2: 99 00 02 STA $0200,Y @ $02FC = #$00
f976    c29044583    i44350583    A:00 X:00 Y:FC S:EC P:nvUbdiZc  $01:A8E5: B9 69 04 LDA $0469,Y @ $0565 = #$00
f976    c29044588    i44350584    A:00 X:00 Y:FC S:EC P:nvUbdiZc  $01:A8E8: 99 01 02 STA $0201,Y @ $02FD = #$00
f976    c29044593    i44350585    A:00 X:00 Y:FC S:EC P:nvUbdiZc  $01:A8EB: B9 6A 04 LDA $046A,Y @ $0566 = #$00
f976    c29044598    i44350586    A:00 X:00 Y:FC S:EC P:nvUbdiZc  $01:A8EE: 99 02 02 STA $0202,Y @ $02FE = #$00
f976    c29044603    i44350587    A:00 X:00 Y:FC S:EC P:nvUbdiZc  $01:A8F1: B9 6B 04 LDA $046B,Y @ $0567 = #$F8
f976    c29044608    i44350588    A:F8 X:00 Y:FC S:EC P:NvUbdizc  $01:A8F4: 99 03 02 STA $0203,Y @ $02FF = #$F8
f976    c29044613    i44350589    A:F8 X:00 Y:FC S:EC P:NvUbdizc  $01:A8F7: C8       INY
f976    c29044615    i44350590    A:F8 X:00 Y:FD S:EC P:NvUbdizc  $01:A8F8: C8       INY
f976    c29044617    i44350591    A:F8 X:00 Y:FE S:EC P:NvUbdizc  $01:A8F9: C8       INY
f976    c29044619    i44350592    A:F8 X:00 Y:FF S:EC P:NvUbdizc  $01:A8FA: C8       INY
f976    c29044621    i44350593    A:F8 X:00 Y:00 S:EC P:nvUbdiZc  $01:A8FB: D0 D8    BNE $A8D5
f976    c29044623    i44350594    A:F8 X:00 Y:00 S:EC P:nvUbdiZc  $01:A8FD: 60       RTS (from $A215)
f976    c29044629    i44350595    A:F8 X:00 Y:00 S:EE P:nvUbdiZc  $00:8392: A2 06    LDX #$06
f976    c29044631    i44350596    A:F8 X:06 Y:00 S:EE P:nvUbdizc  $00:8394: 20 B9 C4 JSR $C4B9
f976    c29044637    i44350597    A:F8 X:06 Y:00 S:EC P:nvUbdizc  $0F:C4B9: 86 25    STX $25 = #$02
f976    c29044644    i44350598    A:F8 X:06 Y:00 S:EC P:nvUbdizc  $0F:C4BB: A9 07    LDA #$07
f976    c29044646    i44350599    A:07 X:06 Y:00 S:EC P:nvUbdizc  $0F:C4BD: 05 22    ORA $22 = #$00
f976    c29044649    i44350600    A:07 X:06 Y:00 S:EC P:nvUbdizc  $0F:C4BF: 85 23    STA $23 = #$06
f976    c29044652    i44350601    A:07 X:06 Y:00 S:EC P:nvUbdizc  $0F:C4C1: 8D 00 80 STA $8000 = #$A5
f976    c29044656    i44350602    A:07 X:06 Y:00 S:EC P:nvUbdizc  $0F:C4C4: 8E 01 80 STX $8001 = #$27
f976    c29044660    i44350603    A:07 X:06 Y:00 S:EC P:nvUbdizc  $0F:C4C7: 60       RTS (from $C4B9)
f976    c29044666    i44350604    A:07 X:06 Y:00 S:EE P:nvUbdizc  $00:8397: 60       RTS (from $838A)
f976    c29044672    i44350605    A:07 X:06 Y:00 S:F0 P:nvUbdizc  $00:82F0: A5 4C    LDA $4C = #$00
f976    c29044675    i44350606    A:00 X:06 Y:00 S:F0 P:nvUbdiZc  $00:82F2: 10 F9    BPL $82ED
f976    c29044678    i44350607    A:00 X:06 Y:00 S:F0 P:nvUbdiZc  $00:82ED: 20 8A 83 JSR $838A
f976    c29044684    i44350608    A:00 X:06 Y:00 S:EE P:nvUbdiZc  $00:838A: A2 02    LDX #$02
f976    c29044686    i44350609    A:00 X:02 Y:00 S:EE P:nvUbdizc  $00:838C: 20 B9 C4 JSR $C4B9
f993    c29559207    i44514563    A:40 X:19 Y:00 S:E0 P:nvUbdizC  $00:9F04: A5 1B    LDA $1B = #$40
f993    c29559210    i44514564    A:40 X:19 Y:00 S:E0 P:nvUbdizC  $00:9F06: 10 FC    BPL $9F04
f993    c29559213    i44514565    A:40 X:19 Y:00 S:E0 P:nvUbdizC  $00:9F04: A5 1B    LDA $1B = #$40
f993    c29559216    i44514566    A:40 X:19 Y:00 S:E0 P:nvUbdizC  $00:9F06: 10 FC    BPL $9F04
f993    c29559219    i44514567    A:40 X:19 Y:00 S:E0 P:nvUbdizC  $00:9F04: A5 1B    LDA $1B = #$40
f993    c29559222    i44514568    A:40 X:19 Y:00 S:E0 P:nvUbdizC  $00:9F06: 10 FC    BPL $9F04
f993    c29559225    i44514569    A:40 X:19 Y:00 S:E0 P:nvUbdizC  $00:9F04: A5 1B    LDA $1B = #$40
f993    c29559228    i44514570    A:40 X:19 Y:00 S:E0 P:nvUbdizC  $00:9F06: 10 FC    BPL $9F04
f993    c29559231    i44514571    A:40 X:19 Y:00 S:E0 P:nvUbdizC  $00:9F04: A5 1B    LDA $1B = #$40
f993    c29559234    i44514572    A:40 X:19 Y:00 S:E0 P:nvUbdizC  $00:9F06: 10 FC    BPL $9F04
f993    c29559237    i44514573    A:40 X:19 Y:00 S:E0 P:nvUbdizC  $00:9F04: A5 1B    LDA $1B = #$40
f993    c29559240    i44514574    A:40 X:19 Y:00 S:E0 P:nvUbdizC  $00:9F06: 10 FC    BPL $9F04
f993    c29559243    i44514575    A:40 X:19 Y:00 S:E0 P:nvUbdizC  $00:9F04: A5 1B    LDA $1B = #$40
f993    c29559246    i44514576    A:40 X:19 Y:00 S:E0 P:nvUbdizC  $00:9F06: 10 FC    BPL $9F04
f993    c29559249    i44514577    A:40 X:19 Y:00 S:E0 P:nvUbdizC  $00:9F04: A5 1B    LDA $1B = #$40
f993    c29559252    i44514578    A:40 X:19 Y:00 S:E0 P:nvUbdizC  $00:9F06: 10 FC    BPL $9F04
f993    c29559255    i44514579    A:40 X:19 Y:00 S:E0 P:nvUbdizC  $00:9F04: A5 1B    LDA $1B = #$40
f993    c29559258    i44514580    A:40 X:19 Y:00 S:E0 P:nvUbdizC  $00:9F06: 10 FC    BPL $9F04
f993    c29559261    i44514581    A:40 X:19 Y:00 S:E0 P:nvUbdizC  $00:9F04: A5 1B    LDA $1B = #$40
f993    c29559264    i44514582    A:40 X:19 Y:00 S:E0 P:nvUbdizC  $00:9F06: 10 FC    BPL $9F04
f993    c29559267    i44514583    A:40 X:19 Y:00 S:E0 P:nvUbdizC  $00:9F04: A5 1B    LDA $1B = #$40
f993    c29559270    i44514584    A:40 X:19 Y:00 S:E0 P:nvUbdizC  $00:9F06: 10 FC    BPL $9F04
f993    c29559273    i44514585    A:40 X:19 Y:00 S:E0 P:nvUbdizC  $00:9F04: A5 1B    LDA $1B = #$40
f993    c29559276    i44514586    A:40 X:19 Y:00 S:E0 P:nvUbdizC  $00:9F06: 10 FC    BPL $9F04
f993    c29559279    i44514587    A:40 X:19 Y:00 S:E0 P:nvUbdizC  $00:9F04: A5 1B    LDA $1B = #$40
f993    c29559289    i44514588    A:40 X:19 Y:00 S:DD P:nvUbdIzC  $0F:C506: 4C 21 C8 JMP $C821
f993    c29559292    i44514589    A:40 X:19 Y:00 S:DD P:nvUbdIzC  $0F:C821: 24 1B    BIT $1B = #$40
f993    c29559295    i44514590    A:40 X:19 Y:00 S:DD P:nVUbdIzC  $0F:C823: 50 03    BVC $C828
f993    c29559297    i44514591    A:40 X:19 Y:00 S:DD P:nVUbdIzC  $0F:C825: 4C 78 C4 JMP $C478
f993    c29559300    i44514592    A:40 X:19 Y:00 S:DD P:nVUbdIzC  $0F:C478: 24 3B    BIT $3B = #$55
f993    c29559303    i44514593    A:40 X:19 Y:00 S:DD P:nVUbdIzC  $0F:C47A: 30 32    BMI $C4AE
f993    c29559305    i44514594    A:40 X:19 Y:00 S:DD P:nVUbdIzC  $0F:C47C: 38       SEC
f993    c29559307    i44514595    A:40 X:19 Y:00 S:DD P:nVUbdIzC  $0F:C47D: 66 3B    ROR $3B = #$55
f993    c29559312    i44514596    A:40 X:19 Y:00 S:DD P:NVUbdIzC  $0F:C47F: 85 3C    STA $3C = #$40
f993    c29559315    i44514597    A:40 X:19 Y:00 S:DD P:NVUbdIzC  $0F:C481: 86 3D    STX $3D = #$19
f993    c29559318    i44514598    A:40 X:19 Y:00 S:DD P:NVUbdIzC  $0F:C483: 84 3E    STY $3E = #$00
f993    c29559321    i44514599    A:40 X:19 Y:00 S:DD P:NVUbdIzC  $0F:C485: A5 22    LDA $22 = #$00
f993    c29559324    i44514600    A:00 X:19 Y:00 S:DD P:nVUbdIZC  $0F:C487: 09 07    ORA #$07
f993    c29559326    i44514601    A:07 X:19 Y:00 S:DD P:nVUbdIzC  $0F:C489: 8D 00 80 STA $8000 = #$A5
f993    c29559330    i44514602    A:07 X:19 Y:00 S:DD P:nVUbdIzC  $0F:C48C: A9 02    LDA #$02
f993    c29559332    i44514603    A:02 X:19 Y:00 S:DD P:nVUbdIzC  $0F:C48E: 8D 01 80 STA $8001 = #$27
f993    c29559336    i44514604    A:02 X:19 Y:00 S:DD P:nVUbdIzC  $0F:C491: 20 60 A1 JSR $A160
f995    c29610272    i44530739    A:00 X:00 Y:F8 S:EC P:nvUbdiZc  $01:A8EE: 99 02 02 STA $0202,Y @ $02FA = #$00
f995    c29610277    i44530740    A:00 X:00 Y:F8 S:EC P:nvUbdiZc  $01:A8F1: B9 6B 04 LDA $046B,Y @ $0563 = #$00
f995    c29610282    i44530741    A:00 X:00 Y:F8 S:EC P:nvUbdiZc  $01:A8F4: 99 03 02 STA $0203,Y @ $02FB = #$00
f995    c29610287    i44530742    A:00 X:00 Y:F8 S:EC P:nvUbdiZc  $01:A8F7: C8       INY
f995    c29610289    i44530743    A:00 X:00 Y:F9 S:EC P:NvUbdizc  $01:A8F8: C8       INY
f995    c29610291    i44530744    A:00 X:00 Y:FA S:EC P:NvUbdizc  $01:A8F9: C8       INY
f995    c29610293    i44530745    A:00 X:00 Y:FB S:EC P:NvUbdizc  $01:A8FA: C8       INY
f995    c29610295    i44530746    A:00 X:00 Y:FC S:EC P:NvUbdizc  $01:A8FB: D0 D8    BNE $A8D5
f995    c29610298    i44530747    A:00 X:00 Y:FC S:EC P:NvUbdizc  $01:A8D5: BE 68 04 LDX $0468,Y @ $0564 = #$00
f995    c29610303    i44530748    A:00 X:00 Y:FC S:EC P:nvUbdiZc  $01:A8D8: B9 6A 04 LDA $046A,Y @ $0566 = #$00
f995    c29610308    i44530749    A:00 X:00 Y:FC S:EC P:nvUbdiZc  $01:A8DB: 29 0C    AND #$0C
f995    c29610310    i44530750    A:00 X:00 Y:FC S:EC P:nvUbdiZc  $01:A8DD: F0 02    BEQ $A8E1
f995    c29610313    i44530751    A:00 X:00 Y:FC S:EC P:nvUbdiZc  $01:A8E1: 8A       TXA
f995    c29610315    i44530752    A:00 X:00 Y:FC S:EC P:nvUbdiZc  $01:A8E2: 99 00 02 STA $0200,Y @ $02FC = #$00
f995    c29610320    i44530753    A:00 X:00 Y:FC S:EC P:nvUbdiZc  $01:A8E5: B9 69 04 LDA $0469,Y @ $0565 = #$00
f995    c29610325    i44530754    A:00 X:00 Y:FC S:EC P:nvUbdiZc  $01:A8E8: 99 01 02 STA $0201,Y @ $02FD = #$00
f995    c29610330    i44530755    A:00 X:00 Y:FC S:EC P:nvUbdiZc  $01:A8EB: B9 6A 04 LDA $046A,Y @ $0566 = #$00
f995    c29610335    i44530756    A:00 X:00 Y:FC S:EC P:nvUbdiZc  $01:A8EE: 99 02 02 STA $0202,Y @ $02FE = #$00
f995    c29610340    i44530757    A:00 X:00 Y:FC S:EC P:nvUbdiZc  $01:A8F1: B9 6B 04 LDA $046B,Y @ $0567 = #$F8
f995    c29610345    i44530758    A:F8 X:00 Y:FC S:EC P:NvUbdizc  $01:A8F4: 99 03 02 STA $0203,Y @ $02FF = #$F8
f995    c29610350    i44530759    A:F8 X:00 Y:FC S:EC P:NvUbdizc  $01:A8F7: C8       INY
f995    c29610352    i44530760    A:F8 X:00 Y:FD S:EC P:NvUbdizc  $01:A8F8: C8       INY
f995    c29610354    i44530761    A:F8 X:00 Y:FE S:EC P:NvUbdizc  $01:A8F9: C8       INY
f995    c29610356    i44530762    A:F8 X:00 Y:FF S:EC P:NvUbdizc  $01:A8FA: C8       INY
f995    c29610358    i44530763    A:F8 X:00 Y:00 S:EC P:nvUbdiZc  $01:A8FB: D0 D8    BNE $A8D5
f995    c29610360    i44530764    A:F8 X:00 Y:00 S:EC P:nvUbdiZc  $01:A8FD: 60       RTS (from $A215)
f995    c29610366    i44530765    A:F8 X:00 Y:00 S:EE P:nvUbdiZc  $00:8392: A2 06    LDX #$06
f995    c29610368    i44530766    A:F8 X:06 Y:00 S:EE P:nvUbdizc  $00:8394: 20 B9 C4 JSR $C4B9
f995    c29610374    i44530767    A:F8 X:06 Y:00 S:EC P:nvUbdizc  $0F:C4B9: 86 25    STX $25 = #$02
f995    c29610377    i44530768    A:F8 X:06 Y:00 S:EC P:nvUbdizc  $0F:C4BB: A9 07    LDA #$07
f995    c29610379    i44530769    A:07 X:06 Y:00 S:EC P:nvUbdizc  $0F:C4BD: 05 22    ORA $22 = #$00
f995    c29610382    i44530770    A:07 X:06 Y:00 S:EC P:nvUbdizc  $0F:C4BF: 85 23    STA $23 = #$06
f995    c29610385    i44530771    A:07 X:06 Y:00 S:EC P:nvUbdizc  $0F:C4C1: 8D 00 80 STA $8000 = #$A5
f995    c29610389    i44530772    A:07 X:06 Y:00 S:EC P:nvUbdizc  $0F:C4C4: 8E 01 80 STX $8001 = #$27
f995    c29610393    i44530773    A:07 X:06 Y:00 S:EC P:nvUbdizc  $0F:C4C7: 60       RTS (from $C4B9)
f995    c29610399    i44530774    A:07 X:06 Y:00 S:EE P:nvUbdizc  $00:8397: 60       RTS (from $838A)
f995    c29610405    i44530775    A:07 X:06 Y:00 S:F0 P:nvUbdizc  $00:82F0: A5 4C    LDA $4C = #$00
f995    c29610408    i44530776    A:00 X:06 Y:00 S:F0 P:nvUbdiZc  $00:82F2: 10 F9    BPL $82ED
f995    c29610411    i44530777    A:00 X:06 Y:00 S:F0 P:nvUbdiZc  $00:82ED: 20 8A 83 JSR $838A
f995    c29610417    i44530778    A:00 X:06 Y:00 S:EE P:nvUbdiZc  $00:838A: A2 02    LDX #$02
f995    c29610419    i44530779    A:00 X:02 Y:00 S:EE P:nvUbdizc  $00:838C: 20 B9 C4 JSR $C4B9
f996    c29632529    i44537957    A:00 X:02 Y:08 S:DB P:nVUbdIzc  $01:A0ED: BD 15 40 LDA $4015,X @ $4017 = #$01
f996    c29632533    i44537958    A:40 X:02 Y:08 S:DB P:nVUbdIzc  $01:A0F0: 4A       LSR
f996    c29632535    i44537959    A:20 X:02 Y:08 S:DB P:nVUbdIzc  $01:A0F1: 26 3F    ROL $3F = #$00
f996    c29632540    i44537960    A:20 X:02 Y:08 S:DB P:nVUbdIZc  $01:A0F3: 29 01    AND #$01
f996    c29632542    i44537961    A:00 X:02 Y:08 S:DB P:nVUbdIZc  $01:A0F5: 05 3F    ORA $3F = #$00
f996    c29632545    i44537962    A:00 X:02 Y:08 S:DB P:nVUbdIZc  $01:A0F7: 85 3F    STA $3F = #$00
f996    c29632548    i44537963    A:00 X:02 Y:08 S:DB P:nVUbdIZc  $01:A0F9: 88       DEY
f996    c29632550    i44537964    A:00 X:02 Y:07 S:DB P:nVUbdIzc  $01:A0FA: D0 F1    BNE $A0ED
f996    c29632553    i44537965    A:00 X:02 Y:07 S:DB P:nVUbdIzc  $01:A0ED: BD 15 40 LDA $4015,X @ $4017 = #$01
f996    c29632557    i44537966    A:40 X:02 Y:07 S:DB P:nVUbdIzc  $01:A0F0: 4A       LSR
f996    c29632559    i44537967    A:20 X:02 Y:07 S:DB P:nVUbdIzc  $01:A0F1: 26 3F    ROL $3F = #$00
f996    c29632564    i44537968    A:20 X:02 Y:07 S:DB P:nVUbdIZc  $01:A0F3: 29 01    AND #$01
f996    c29632566    i44537969    A:00 X:02 Y:07 S:DB P:nVUbdIZc  $01:A0F5: 05 3F    ORA $3F = #$00
f996    c29632569    i44537970    A:00 X:02 Y:07 S:DB P:nVUbdIZc  $01:A0F7: 85 3F    STA $3F = #$00
f996    c29632572    i44537971    A:00 X:02 Y:07 S:DB P:nVUbdIZc  $01:A0F9: 88       DEY
f996    c29632574    i44537972    A:00 X:02 Y:06 S:DB P:nVUbdIzc  $01:A0FA: D0 F1    BNE $A0ED
f996    c29632577    i44537973    A:00 X:02 Y:06 S:DB P:nVUbdIzc  $01:A0ED: BD 15 40 LDA $4015,X @ $4017 = #$01
f996    c29632581    i44537974    A:40 X:02 Y:06 S:DB P:nVUbdIzc  $01:A0F0: 4A       LSR
f996    c29632583    i44537975    A:20 X:02 Y:06 S:DB P:nVUbdIzc  $01:A0F1: 26 3F    ROL $3F = #$00
f996    c29632588    i44537976    A:20 X:02 Y:06 S:DB P:nVUbdIZc  $01:A0F3: 29 01    AND #$01
f996    c29632590    i44537977    A:00 X:02 Y:06 S:DB P:nVUbdIZc  $01:A0F5: 05 3F    ORA $3F = #$00
f996    c29632593    i44537978    A:00 X:02 Y:06 S:DB P:nVUbdIZc  $01:A0F7: 85 3F    STA $3F = #$00
f996    c29632596    i44537979    A:00 X:02 Y:06 S:DB P:nVUbdIZc  $01:A0F9: 88       DEY
f996    c29632598    i44537980    A:00 X:02 Y:05 S:DB P:nVUbdIzc  $01:A0FA: D0 F1    BNE $A0ED
f996    c29632601    i44537981    A:00 X:02 Y:05 S:DB P:nVUbdIzc  $01:A0ED: BD 15 40 LDA $4015,X @ $4017 = #$01
f996    c29632605    i44537982    A:40 X:02 Y:05 S:DB P:nVUbdIzc  $01:A0F0: 4A       LSR
f996    c29632607    i44537983    A:20 X:02 Y:05 S:DB P:nVUbdIzc  $01:A0F1: 26 3F    ROL $3F = #$00
f996    c29632612    i44537984    A:20 X:02 Y:05 S:DB P:nVUbdIZc  $01:A0F3: 29 01    AND #$01
f996    c29632614    i44537985    A:00 X:02 Y:05 S:DB P:nVUbdIZc  $01:A0F5: 05 3F    ORA $3F = #$00
f996    c29632617    i44537986    A:00 X:02 Y:05 S:DB P:nVUbdIZc  $01:A0F7: 85 3F    STA $3F = #$00
f996    c29632620    i44537987    A:00 X:02 Y:05 S:DB P:nVUbdIZc  $01:A0F9: 88       DEY
f996    c29632622    i44537988    A:00 X:02 Y:04 S:DB P:nVUbdIzc  $01:A0FA: D0 F1    BNE $A0ED
f996    c29632625    i44537989    A:00 X:02 Y:04 S:DB P:nVUbdIzc  $01:A0ED: BD 15 40 LDA $4015,X @ $4017 = #$01
f996    c29632629    i44537990    A:40 X:02 Y:04 S:DB P:nVUbdIzc  $01:A0F0: 4A       LSR
f996    c29632631    i44537991    A:20 X:02 Y:04 S:DB P:nVUbdIzc  $01:A0F1: 26 3F    ROL $3F = #$00
f996    c29632636    i44537992    A:20 X:02 Y:04 S:DB P:nVUbdIZc  $01:A0F3: 29 01    AND #$01
f996    c29632638    i44537993    A:00 X:02 Y:04 S:DB P:nVUbdIZc  $01:A0F5: 05 3F    ORA $3F = #$00
f996    c29632641    i44537994    A:00 X:02 Y:04 S:DB P:nVUbdIZc  $01:A0F7: 85 3F    STA $3F = #$00
f996    c29632644    i44537995    A:00 X:02 Y:04 S:DB P:nVUbdIZc  $01:A0F9: 88       DEY
f996    c29632646    i44537996    A:00 X:02 Y:03 S:DB P:nVUbdIzc  $01:A0FA: D0 F1    BNE $A0ED
f996    c29632649    i44537997    A:00 X:02 Y:03 S:DB P:nVUbdIzc  $01:A0ED: BD 15 40 LDA $4015,X @ $4017 = #$01
f996    c29632653    i44537998    A:40 X:02 Y:03 S:DB P:nVUbdIzc  $01:A0F0: 4A       LSR
f997    c29661418    i44547340    A:40 X:19 Y:00 S:E0 P:nvUbdizC  $00:9F04: A5 1B    LDA $1B = #$40
f997    c29661421    i44547341    A:40 X:19 Y:00 S:E0 P:nvUbdizC  $00:9F06: 10 FC    BPL $9F04
f997    c29661424    i44547342    A:40 X:19 Y:00 S:E0 P:nvUbdizC  $00:9F04: A5 1B    LDA $1B = #$40
f997    c29661427    i44547343    A:40 X:19 Y:00 S:E0 P:nvUbdizC  $00:9F06: 10 FC    BPL $9F04
f997    c29661430    i44547344    A:40 X:19 Y:00 S:E0 P:nvUbdizC  $00:9F04: A5 1B    LDA $1B = #$40
f997    c29661433    i44547345    A:40 X:19 Y:00 S:E0 P:nvUbdizC  $00:9F06: 10 FC    BPL $9F04
f997    c29661436    i44547346    A:40 X:19 Y:00 S:E0 P:nvUbdizC  $00:9F04: A5 1B    LDA $1B = #$40
f997    c29661439    i44547347    A:40 X:19 Y:00 S:E0 P:nvUbdizC  $00:9F06: 10 FC    BPL $9F04
f997    c29661442    i44547348    A:40 X:19 Y:00 S:E0 P:nvUbdizC  $00:9F04: A5 1B    LDA $1B = #$40
f997    c29661445    i44547349    A:40 X:19 Y:00 S:E0 P:nvUbdizC  $00:9F06: 10 FC    BPL $9F04
f997    c29661448    i44547350    A:40 X:19 Y:00 S:E0 P:nvUbdizC  $00:9F04: A5 1B    LDA $1B = #$40
f997    c29661451    i44547351    A:40 X:19 Y:00 S:E0 P:nvUbdizC  $00:9F06: 10 FC    BPL $9F04
f997    c29661454    i44547352    A:40 X:19 Y:00 S:E0 P:nvUbdizC  $00:9F04: A5 1B    LDA $1B = #$40
f997    c29661457    i44547353    A:40 X:19 Y:00 S:E0 P:nvUbdizC  $00:9F06: 10 FC    BPL $9F04
f997    c29661460    i44547354    A:40 X:19 Y:00 S:E0 P:nvUbdizC  $00:9F04: A5 1B    LDA $1B = #$40
f997    c29661463    i44547355    A:40 X:19 Y:00 S:E0 P:nvUbdizC  $00:9F06: 10 FC    BPL $9F04
f997    c29661466    i44547356    A:40 X:19 Y:00 S:E0 P:nvUbdizC  $00:9F04: A5 1B    LDA $1B = #$40
f997    c29661469    i44547357    A:40 X:19 Y:00 S:E0 P:nvUbdizC  $00:9F06: 10 FC    BPL $9F04
f997    c29661472    i44547358    A:40 X:19 Y:00 S:E0 P:nvUbdizC  $00:9F04: A5 1B    LDA $1B = #$40
f997    c29661475    i44547359    A:40 X:19 Y:00 S:E0 P:nvUbdizC  $00:9F06: 10 FC    BPL $9F04
f997    c29661478    i44547360    A:40 X:19 Y:00 S:E0 P:nvUbdizC  $00:9F04: A5 1B    LDA $1B = #$40
f997    c29661481    i44547361    A:40 X:19 Y:00 S:E0 P:nvUbdizC  $00:9F06: 10 FC    BPL $9F04
f997    c29661484    i44547362    A:40 X:19 Y:00 S:E0 P:nvUbdizC  $00:9F04: A5 1B    LDA $1B = #$40
f997    c29661487    i44547363    A:40 X:19 Y:00 S:E0 P:nvUbdizC  $00:9F06: 10 FC    BPL $9F04
f997    c29661490    i44547364    A:40 X:19 Y:00 S:E0 P:nvUbdizC  $00:9F04: A5 1B    LDA $1B = #$40
f997    c29661493    i44547365    A:40 X:19 Y:00 S:E0 P:nvUbdizC  $00:9F06: 10 FC    BPL $9F04
f997    c29661503    i44547366    A:40 X:19 Y:00 S:DD P:nvUbdIzC  $0F:C500: 4C 6E C7 JMP $C76E
f997    c29661506    i44547367    A:40 X:19 Y:00 S:DD P:nvUbdIzC  $0F:C76E: 24 1B    BIT $1B = #$40
f997    c29661509    i44547368    A:40 X:19 Y:00 S:DD P:nVUbdIzC  $0F:C770: 50 03    BVC $C775
f997    c29661511    i44547369    A:40 X:19 Y:00 S:DD P:nVUbdIzC  $0F:C772: 4C 21 C4 JMP $C421
f997    c29661514    i44547370    A:40 X:19 Y:00 S:DD P:nVUbdIzC  $0F:C421: 24 3B    BIT $3B = #$55
f997    c29661517    i44547371    A:40 X:19 Y:00 S:DD P:nVUbdIzC  $0F:C423: 30 4D    BMI $C472
f997    c29661519    i44547372    A:40 X:19 Y:00 S:DD P:nVUbdIzC  $0F:C425: 38       SEC
f997    c29661521    i44547373    A:40 X:19 Y:00 S:DD P:nVUbdIzC  $0F:C426: 66 3B    ROR $3B = #$55
f997    c29661526    i44547374    A:40 X:19 Y:00 S:DD P:NVUbdIzC  $0F:C428: 85 3C    STA $3C = #$40
f997    c29661529    i44547375    A:40 X:19 Y:00 S:DD P:NVUbdIzC  $0F:C42A: 86 3D    STX $3D = #$19
f997    c29661532    i44547376    A:40 X:19 Y:00 S:DD P:NVUbdIzC  $0F:C42C: 84 3E    STY $3E = #$00
f997    c29661535    i44547377    A:40 X:19 Y:00 S:DD P:NVUbdIzC  $0F:C42E: A5 22    LDA $22 = #$00
f997    c29661538    i44547378    A:00 X:19 Y:00 S:DD P:nVUbdIZC  $0F:C430: 09 07    ORA #$07
f997    c29661540    i44547379    A:07 X:19 Y:00 S:DD P:nVUbdIzC  $0F:C432: 8D 00 80 STA $8000 = #$A5
f997    c29661544    i44547380    A:07 X:19 Y:00 S:DD P:nVUbdIzC  $0F:C435: A9 02    LDA #$02
f997    c29661546    i44547381    A:02 X:19 Y:00 S:DD P:nVUbdIzC  $0F:C437: 8D 01 80 STA $8001 = #$27
f997    c29678326    i44552502    A:40 X:19 Y:00 S:E0 P:nvUbdizC  $00:9F04: A5 1B    LDA $1B = #$40
f997    c29678329    i44552503    A:40 X:19 Y:00 S:E0 P:nvUbdizC  $00:9F06: 10 FC    BPL $9F04
f997    c29678332    i44552504    A:40 X:19 Y:00 S:E0 P:nvUbdizC  $00:9F04: A5 1B    LDA $1B = #$40
f997    c29678335    i44552505    A:40 X:19 Y:00 S:E0 P:nvUbdizC  $00:9F06: 10 FC    BPL $9F04
f997    c29678338    i44552506    A:40 X:19 Y:00 S:E0 P:nvUbdizC  $00:9F04: A5 1B    LDA $1B = #$40
f997    c29678341    i44552507    A:40 X:19 Y:00 S:E0 P:nvUbdizC  $00:9F06: 10 FC    BPL $9F04
f997    c29678344    i44552508    A:40 X:19 Y:00 S:E0 P:nvUbdizC  $00:9F04: A5 1B    LDA $1B = #$40
f997    c29678347    i44552509    A:40 X:19 Y:00 S:E0 P:nvUbdizC  $00:9F06: 10 FC    BPL $9F04
f997    c29678350    i44552510    A:40 X:19 Y:00 S:E0 P:nvUbdizC  $00:9F04: A5 1B    LDA $1B = #$40
f997    c29678353    i44552511    A:40 X:19 Y:00 S:E0 P:nvUbdizC  $00:9F06: 10 FC    BPL $9F04
f997    c29678356    i44552512    A:40 X:19 Y:00 S:E0 P:nvUbdizC  $00:9F04: A5 1B    LDA $1B = #$40
f997    c29678359    i44552513    A:40 X:19 Y:00 S:E0 P:nvUbdizC  $00:9F06: 10 FC    BPL $9F04
f997    c29678362    i44552514    A:40 X:19 Y:00 S:E0 P:nvUbdizC  $00:9F04: A5 1B    LDA $1B = #$40
f997    c29678365    i44552515    A:40 X:19 Y:00 S:E0 P:nvUbdizC  $00:9F06: 10 FC    BPL $9F04
f997    c29678368    i44552516    A:40 X:19 Y:00 S:E0 P:nvUbdizC  $00:9F04: A5 1B    LDA $1B = #$40
f997    c29678371    i44552517    A:40 X:19 Y:00 S:E0 P:nvUbdizC  $00:9F06: 10 FC    BPL $9F04
f997    c29678374    i44552518    A:40 X:19 Y:00 S:E0 P:nvUbdizC  $00:9F04: A5 1B    LDA $1B = #$40
f997    c29678377    i44552519    A:40 X:19 Y:00 S:E0 P:nvUbdizC  $00:9F06: 10 FC    BPL $9F04
f997    c29678380    i44552520    A:40 X:19 Y:00 S:E0 P:nvUbdizC  $00:9F04: A5 1B    LDA $1B = #$40
f997    c29678387    i44552521    A:40 X:19 Y:00 S:E0 P:nvUbdizC  $00:9F06: 10 FC    BPL $9F04
f997    c29678390    i44552522    A:40 X:19 Y:00 S:E0 P:nvUbdizC  $00:9F04: A5 1B    LDA $1B = #$40
f997    c29678393    i44552523    A:40 X:19 Y:00 S:E0 P:nvUbdizC  $00:9F06: 10 FC    BPL $9F04
f997    c29678396    i44552524    A:40 X:19 Y:00 S:E0 P:nvUbdizC  $00:9F04: A5 1B    LDA $1B = #$40
f997    c29678399    i44552525    A:40 X:19 Y:00 S:E0 P:nvUbdizC  $00:9F06: 10 FC    BPL $9F04
f997    c29678402    i44552526    A:40 X:19 Y:00 S:E0 P:nvUbdizC  $00:9F04: A5 1B    LDA $1B = #$40
f997    c29678412    i44552527    A:40 X:19 Y:00 S:DD P:nvUbdIzC  $0F:C506: 4C 21 C8 JMP $C821
f997    c29678415    i44552528    A:40 X:19 Y:00 S:DD P:nvUbdIzC  $0F:C821: 24 1B    BIT $1B = #$40
f997    c29678418    i44552529    A:40 X:19 Y:00 S:DD P:nVUbdIzC  $0F:C823: 50 03    BVC $C828
f997    c29678420    i44552530    A:40 X:19 Y:00 S:DD P:nVUbdIzC  $0F:C825: 4C 78 C4 JMP $C478
f997    c29678423    i44552531    A:40 X:19 Y:00 S:DD P:nVUbdIzC  $0F:C478: 24 3B    BIT $3B = #$55
f997    c29678426    i44552532    A:40 X:19 Y:00 S:DD P:nVUbdIzC  $0F:C47A: 30 32    BMI $C4AE
f997    c29678428    i44552533    A:40 X:19 Y:00 S:DD P:nVUbdIzC  $0F:C47C: 38       SEC
f997    c29678430    i44552534    A:40 X:19 Y:00 S:DD P:nVUbdIzC  $0F:C47D: 66 3B    ROR $3B = #$55
f997    c29678435    i44552535    A:40 X:19 Y:00 S:DD P:NVUbdIzC  $0F:C47F: 85 3C    STA $3C = #$40
f997    c29678438    i44552536    A:40 X:19 Y:00 S:DD P:NVUbdIzC  $0F:C481: 86 3D    STX $3D = #$19
f997    c29678441    i44552537    A:40 X:19 Y:00 S:DD P:NVUbdIzC  $0F:C483: 84 3E    STY $3E = #$00
f997    c29678444    i44552538    A:40 X:19 Y:00 S:DD P:NVUbdIzC  $0F:C485: A5 22    LDA $22 = #$00
f997    c29678447    i44552539    A:00 X:19 Y:00 S:DD P:nVUbdIZC  $0F:C487: 09 07    ORA #$07
f997    c29678449    i44552540    A:07 X:19 Y:00 S:DD P:nVUbdIzC  $0F:C489: 8D 00 80 STA $8000 = #$A5
f997    c29678453    i44552541    A:07 X:19 Y:00 S:DD P:nVUbdIzC  $0F:C48C: A9 02    LDA #$02
f997    c29678455    i44552542    A:02 X:19 Y:00 S:DD P:nVUbdIzC  $0F:C48E: 8D 01 80 STA $8001 = #$27
f997    c29678459    i44552543    A:02 X:19 Y:00 S:DD P:nVUbdIzC  $0F:C491: 20 60 A1 JSR $A160
f1011   c30079260    i44679718    A:00 X:02 Y:07 S:DB P:nVUbdIzc  $01:A0ED: BD 15 40 LDA $4015,X @ $4017 = #$01
f1011   c30079264    i44679719    A:40 X:02 Y:07 S:DB P:nVUbdIzc  $01:A0F0: 4A       LSR
f1011   c30079266    i44679720    A:20 X:02 Y:07 S:DB P:nVUbdIzc  $01:A0F1: 26 3F    ROL $3F = #$00
f1011   c30079271    i44679721    A:20 X:02 Y:07 S:DB P:nVUbdIZc  $01:A0F3: 29 01    AND #$01
f1011   c30079273    i44679722    A:00 X:02 Y:07 S:DB P:nVUbdIZc  $01:A0F5: 05 3F    ORA $3F = #$00
f1011   c30079276    i44679723    A:00 X:02 Y:07 S:DB P:nVUbdIZc  $01:A0F7: 85 3F    STA $3F = #$00
f1011   c30079279    i44679724    A:00 X:02 Y:07 S:DB P:nVUbdIZc  $01:A0F9: 88       DEY
f1011   c30079281    i44679725    A:00 X:02 Y:06 S:DB P:nVUbdIzc  $01:A0FA: D0 F1    BNE $A0ED
f1011   c30079284    i44679726    A:00 X:02 Y:06 S:DB P:nVUbdIzc  $01:A0ED: BD 15 40 LDA $4015,X @ $4017 = #$01
f1011   c30079288    i44679727    A:40 X:02 Y:06 S:DB P:nVUbdIzc  $01:A0F0: 4A       LSR
f1011   c30079290    i44679728    A:20 X:02 Y:06 S:DB P:nVUbdIzc  $01:A0F1: 26 3F    ROL $3F = #$00
f1011   c30079295    i44679729    A:20 X:02 Y:06 S:DB P:nVUbdIZc  $01:A0F3: 29 01    AND #$01
f1011   c30079297    i44679730    A:00 X:02 Y:06 S:DB P:nVUbdIZc  $01:A0F5: 05 3F    ORA $3F = #$00
f1011   c30079300    i44679731    A:00 X:02 Y:06 S:DB P:nVUbdIZc  $01:A0F7: 85 3F    STA $3F = #$00
f1011   c30079303    i44679732    A:00 X:02 Y:06 S:DB P:nVUbdIZc  $01:A0F9: 88       DEY
f1011   c30079305    i44679733    A:00 X:02 Y:05 S:DB P:nVUbdIzc  $01:A0FA: D0 F1    BNE $A0ED
f1011   c30079308    i44679734    A:00 X:02 Y:05 S:DB P:nVUbdIzc  $01:A0ED: BD 15 40 LDA $4015,X @ $4017 = #$01
f1011   c30079312    i44679735    A:40 X:02 Y:05 S:DB P:nVUbdIzc  $01:A0F0: 4A       LSR
f1011   c30079314    i44679736    A:20 X:02 Y:05 S:DB P:nVUbdIzc  $01:A0F1: 26 3F    ROL $3F = #$00
f1011   c30079319    i44679737    A:20 X:02 Y:05 S:DB P:nVUbdIZc  $01:A0F3: 29 01    AND #$01
f1011   c30079321    i44679738    A:00 X:02 Y:05 S:DB P:nVUbdIZc  $01:A0F5: 05 3F    ORA $3F = #$00
f1011   c30079324    i44679739    A:00 X:02 Y:05 S:DB P:nVUbdIZc  $01:A0F7: 85 3F    STA $3F = #$00
f1011   c30079327    i44679740    A:00 X:02 Y:05 S:DB P:nVUbdIZc  $01:A0F9: 88       DEY
f1011   c30079329    i44679741    A:00 X:02 Y:04 S:DB P:nVUbdIzc  $01:A0FA: D0 F1    BNE $A0ED
f1011   c30079332    i44679742    A:00 X:02 Y:04 S:DB P:nVUbdIzc  $01:A0ED: BD 15 40 LDA $4015,X @ $4017 = #$01
f1011   c30079336    i44679743    A:40 X:02 Y:04 S:DB P:nVUbdIzc  $01:A0F0: 4A       LSR
f1011   c30079338    i44679744    A:20 X:02 Y:04 S:DB P:nVUbdIzc  $01:A0F1: 26 3F    ROL $3F = #$00
f1011   c30079343    i44679745    A:20 X:02 Y:04 S:DB P:nVUbdIZc  $01:A0F3: 29 01    AND #$01
f1011   c30079345    i44679746    A:00 X:02 Y:04 S:DB P:nVUbdIZc  $01:A0F5: 05 3F    ORA $3F = #$00
f1011   c30079348    i44679747    A:00 X:02 Y:04 S:DB P:nVUbdIZc  $01:A0F7: 85 3F    STA $3F = #$00
f1011   c30079351    i44679748    A:00 X:02 Y:04 S:DB P:nVUbdIZc  $01:A0F9: 88       DEY
f1011   c30079353    i44679749    A:00 X:02 Y:03 S:DB P:nVUbdIzc  $01:A0FA: D0 F1    BNE $A0ED
f1011   c30079356    i44679750    A:00 X:02 Y:03 S:DB P:nVUbdIzc  $01:A0ED: BD 15 40 LDA $4015,X @ $4017 = #$01
f1011   c30079360    i44679751    A:40 X:02 Y:03 S:DB P:nVUbdIzc  $01:A0F0: 4A       LSR
f1011   c30079362    i44679752    A:20 X:02 Y:03 S:DB P:nVUbdIzc  $01:A0F1: 26 3F    ROL $3F = #$00
f1011   c30079367    i44679753    A:20 X:02 Y:03 S:DB P:nVUbdIZc  $01:A0F3: 29 01    AND #$01
f1011   c30079369    i44679754    A:00 X:02 Y:03 S:DB P:nVUbdIZc  $01:A0F5: 05 3F    ORA $3F = #$00
f1011   c30079372    i44679755    A:00 X:02 Y:03 S:DB P:nVUbdIZc  $01:A0F7: 85 3F    STA $3F = #$00
f1011   c30079375    i44679756    A:00 X:02 Y:03 S:DB P:nVUbdIZc  $01:A0F9: 88       DEY
f1011   c30079377    i44679757    A:00 X:02 Y:02 S:DB P:nVUbdIzc  $01:A0FA: D0 F1    BNE $A0ED
f1011   c30079380    i44679758    A:00 X:02 Y:02 S:DB P:nVUbdIzc  $01:A0ED: BD 15 40 LDA $4015,X @ $4017 = #$01
f1011   c30079384    i44679759    A:40 X:02 Y:02 S:DB P:nVUbdIzc  $01:A0F0: 4A       LSR
f1012   c30110137    i44689463    A:C7 X:10 Y:06 S:D9 P:nvUbdIzC  $06:8243: 91 F0    STA ($F0),Y @ $076D = #$C7
f1012   c30110143    i44689464    A:C7 X:10 Y:06 S:D9 P:nvUbdIzC  $06:8245: A6 F3    LDX $F3 = #$04
f1012   c30110146    i44689465    A:C7 X:04 Y:06 S:D9 P:nvUbdIzC  $06:8247: CA       DEX
f1012   c30110148    i44689466    A:C7 X:03 Y:06 S:D9 P:nvUbdIzC  $06:8248: BD AF 07 LDA $07AF,X @ $07B2 = #$01
f1012   c30110152    i44689467    A:01 X:03 Y:06 S:D9 P:nvUbdIzC  $06:824B: C9 01    CMP #$01
f1012   c30110154    i44689468    A:01 X:03 Y:06 S:D9 P:nvUbdIZC  $06:824D: F0 08    BEQ $8257
f1012   c30110157    i44689469    A:01 X:03 Y:06 S:D9 P:nvUbdIZC  $06:8257: BD C7 07 LDA $07C7,X @ $07CA = #$07
f1012   c30110161    i44689470    A:07 X:03 Y:06 S:D9 P:nvUbdIzC  $06:825A: 0A       ASL
f1012   c30110163    i44689471    A:0E X:03 Y:06 S:D9 P:nvUbdIzc  $06:825B: A8       TAY
f1012   c30110165    i44689472    A:0E X:03 Y:0E S:D9 P:nvUbdIzc  $06:825C: B9 69 82 LDA $8269,Y @ $8277 = #$7D
f1012   c30110169    i44689473    A:7D X:03 Y:0E S:D9 P:nvUbdIzc  $06:825F: 85 F9    STA $F9 = #$97
f1012   c30110172    i44689474    A:7D X:03 Y:0E S:D9 P:nvUbdIzc  $06:8261: B9 6A 82 LDA $826A,Y @ $8278 = #$82
f1012   c30110176    i44689475    A:82 X:03 Y:0E S:D9 P:NvUbdIzc  $06:8264: 85 FA    STA $FA = #$82
f1012   c30110179    i44689476    A:82 X:03 Y:0E S:D9 P:NvUbdIzc  $06:8266: 6C F9 00 JMP ($00F9) = $827D
f1012   c30110184    i44689477    A:82 X:03 Y:0E S:D9 P:NvUbdIzc  $06:827D: A9 01    LDA #$01
f1012   c30110186    i44689478    A:01 X:03 Y:0E S:D9 P:nvUbdIzc  $06:827F: 18       CLC
f1012   c30110188    i44689479    A:01 X:03 Y:0E S:D9 P:nvUbdIzc  $06:8280: 7D B7 07 ADC $07B7,X @ $07BA = #$D5
f1012   c30110192    i44689480    A:D6 X:03 Y:0E S:D9 P:NvUbdIzc  $06:8283: A0 07    LDY #$07
f1012   c30110194    i44689481    A:D6 X:03 Y:07 S:D9 P:nvUbdIzc  $06:8285: 91 F0    STA ($F0),Y @ $076E = #$D5
f1012   c30110200    i44689482    A:D6 X:03 Y:07 S:D9 P:nvUbdIzc  $06:8287: BD BF 07 LDA $07BF,X @ $07C2 = #$80
f1012   c30110204    i44689483    A:80 X:03 Y:07 S:D9 P:NvUbdIzc  $06:828A: 69 00    ADC #$00
f1012   c30110206    i44689484    A:80 X:03 Y:07 S:D9 P:NvUbdIzc  $06:828C: C8       INY
f1012   c30110208    i44689485    A:80 X:03 Y:08 S:D9 P:nvUbdIzc  $06:828D: 91 F0    STA ($F0),Y @ $076F = #$80
f1012   c30110214    i44689486    A:80 X:03 Y:08 S:D9 P:nvUbdIzc  $06:828F: 4C A4 82 JMP $82A4
f1012   c30110217    i44689487    A:80 X:03 Y:08 S:D9 P:nvUbdIzc  $06:82A4: BD C7 07 LDA $07C7,X @ $07CA = #$07
f1012   c30110221    i44689488    A:07 X:03 Y:08 S:D9 P:nvUbdIzc  $06:82A7: 18       CLC
f1012   c30110223    i44689489    A:07 X:03 Y:08 S:D9 P:nvUbdIzc  $06:82A8: 69 01    ADC #$01
f1012   c30110225    i44689490    A:08 X:03 Y:08 S:D9 P:nvUbdIzc  $06:82AA: C9 0A    CMP #$0A
f1012   c30110227    i44689491    A:08 X:03 Y:08 S:D9 P:NvUbdIzc  $06:82AC: D0 02    BNE $82B0
f1012   c30110230    i44689492    A:08 X:03 Y:08 S:D9 P:NvUbdIzc  $06:82B0: 9D C7 07 STA $07C7,X @ $07CA = #$07
f1012   c30110235    i44689493    A:08 X:03 Y:08 S:D9 P:NvUbdIzc  $06:82B3: 60       RTS (from $81DB)
f1012   c30110241    i44689494    A:08 X:03 Y:08 S:DB P:NvUbdIzc  $06:810C: 18       CLC
f1012   c30110243    i44689495    A:08 X:03 Y:08 S:DB P:NvUbdIzc  $06:810D: A9 10    LDA #$10
f1012   c30110245    i44689496    A:10 X:03 Y:08 S:DB P:nvUbdIzc  $06:810F: 65 F0    ADC $F0 = #$67
f1012   c30110248    i44689497    A:77 X:03 Y:08 S:DB P:nvUbdIzc  $06:8111: 85 F0    STA $F0 = #$67
f1012   c30110251    i44689498    A:77 X:03 Y:08 S:DB P:nvUbdIzc  $06:8113: A9 04    LDA #$04
f1012   c30110253    i44689499    A:04 X:03 Y:08 S:DB P:nvUbdIzc  $06:8115: 65 F2    ADC $F2 = #$10
f1012   c30110256    i44689500    A:14 X:03 Y:08 S:DB P:nvUbdIzc  $06:8117: 85 F2    STA $F2 = #$10
f1012   c30110259    i44689501    A:14 X:03 Y:08 S:DB P:nvUbdIzc  $06:8119: C6 F3    DEC $F3 = #$04
f1012   c30110264    i44689502    A:14 X:03 Y:08 S:DB P:nvUbdIzc  $06:811B: D0 AD    BNE $80CA
f1012   c30110268    i44689503    A:14 X:03 Y:08 S:DB P:nvUbdIzc  $06:80CA: AD 06 07 LDA $0706 = #$87
f1017   c30257029    i44736318    A:40 X:19 Y:00 S:E0 P:nvUbdizC  $00:9F04: A5 1B    LDA $1B = #$40
f1017   c30257032    i44736319    A:40 X:19 Y:00 S:E0 P:nvUbdizC  $00:9F06: 10 FC    BPL $9F04
f1017   c30257035    i44736320    A:40 X:19 Y:00 S:E0 P:nvUbdizC  $00:9F04: A5 1B    LDA $1B = #$40
f1017   c30257038    i44736321    A:40 X:19 Y:00 S:E0 P:nvUbdizC  $00:9F06: 10 FC    BPL $9F04
f1017   c30257041    i44736322    A:40 X:19 Y:00 S:E0 P:nvUbdizC  $00:9F04: A5 1B    LDA $1B = #$40
f1017   c30257044    i44736323    A:40 X:19 Y:00 S:E0 P:nvUbdizC  $00:9F06: 10 FC    BPL $9F04
f1017   c30257047    i44736324    A:40 X:19 Y:00 S:E0 P:nvUbdizC  $00:9F04: A5 1B    LDA $1B = #$40
f1017   c30257050    i44736325    A:40 X:19 Y:00 S:E0 P:nvUbdizC  $00:9F06: 10 FC    BPL $9F04
f1017   c30257053    i44736326    A:40 X:19 Y:00 S:E0 P:nvUbdizC  $00:9F04: A5 1B    LDA $1B = #$40
f1017   c30257056    i44736327    A:40 X:19 Y:00 S:E0 P:nvUbdizC  $00:9F06: 10 FC    BPL $9F04
f1017   c30257059    i44736328    A:40 X:19 Y:00 S:E0 P:nvUbdizC  $00:9F04: A5 1B    LDA $1B = #$40
f1017   c30257062    i44736329    A:40 X:19 Y:00 S:E0 P:nvUbdizC  $00:9F06: 10 FC    BPL $9F04
f1017   c30257065    i44736330    A:40 X:19 Y:00 S:E0 P:nvUbdizC  $00:9F04: A5 1B    LDA $1B = #$40
f1017   c30257068    i44736331    A:40 X:19 Y:00 S:E0 P:nvUbdizC  $00:9F06: 10 FC    BPL $9F04
f1017   c30257071    i44736332    A:40 X:19 Y:00 S:E0 P:nvUbdizC  $00:9F04: A5 1B    LDA $1B = #$40
f1017   c30257074    i44736333    A:40 X:19 Y:00 S:E0 P:nvUbdizC  $00:9F06: 10 FC    BPL $9F04
f1017   c30257077    i44736334    A:40 X:19 Y:00 S:E0 P:nvUbdizC  $00:9F04: A5 1B    LDA $1B = #$40
f1017   c30257080    i44736335    A:40 X:19 Y:00 S:E0 P:nvUbdizC  $00:9F06: 10 FC    BPL $9F04
f1017   c30257083    i44736336    A:40 X:19 Y:00 S:E0 P:nvUbdizC  $00:9F04: A5 1B    LDA $1B = #$40
f1017   c30257086    i44736337    A:40 X:19 Y:00 S:E0 P:nvUbdizC  $00:9F06: 10 FC    BPL $9F04
f1017   c30257089    i44736338    A:40 X:19 Y:00 S:E0 P:nvUbdizC  $00:9F04: A5 1B    LDA $1B = #$40
f1017   c30257092    i44736339    A:40 X:19 Y:00 S:E0 P:nvUbdizC  $00:9F06: 10 FC    BPL $9F04
f1017   c30257095    i44736340    A:40 X:19 Y:00 S:E0 P:nvUbdizC  $00:9F04: A5 1B    LDA $1B = #$40
f1017   c30257098    i44736341    A:40 X:19 Y:00 S:E0 P:nvUbdizC  $00:9F06: 10 FC    BPL $9F04
f1017   c30257101    i44736342    A:40 X:19 Y:00 S:E0 P:nvUbdizC  $00:9F04: A5 1B    LDA $1B = #$40
f1017   c30257104    i44736343    A:40 X:19 Y:00 S:E0 P:nvUbdizC  $00:9F06: 10 FC    BPL $9F04
f1017   c30257114    i44736344    A:40 X:19 Y:00 S:DD P:nvUbdIzC  $0F:C500: 4C 6E C7 JMP $C76E
f1017   c30257117    i44736345    A:40 X:19 Y:00 S:DD P:nvUbdIzC  $0F:C76E: 24 1B    BIT $1B = #$40
f1017   c30257120    i44736346    A:40 X:19 Y:00 S:DD P:nVUbdIzC  $0F:C770: 50 03    BVC $C775
f1017   c30257122    i44736347    A:40 X:19 Y:00 S:DD P:nVUbdIzC  $0F:C772: 4C 21 C4 JMP $C421
f1017   c30257125    i44736348    A:40 X:19 Y:00 S:DD P:nVUbdIzC  $0F:C421: 24 3B    BIT $3B = #$55
f1017   c30257128    i44736349    A:40 X:19 Y:00 S:DD P:nVUbdIzC  $0F:C423: 30 4D    BMI $C472
f1017   c30257130    i44736350    A:40 X:19 Y:00 S:DD P:nVUbdIzC  $0F:C425: 38       SEC
f1017   c30257132    i44736351    A:40 X:19 Y:00 S:DD P:nVUbdIzC  $0F:C426: 66 3B    ROR $3B = #$55
f1017   c30257137    i44736352    A:40 X:19 Y:00 S:DD P:NVUbdIzC  $0F:C428: 85 3C    STA $3C = #$40
f1017   c30257140    i44736353    A:40 X:19 Y:00 S:DD P:NVUbdIzC  $0F:C42A: 86 3D    STX $3D = #$19
f1017   c30257143    i44736354    A:40 X:19 Y:00 S:DD P:NVUbdIzC  $0F:C42C: 84 3E    STY $3E = #$00
f1017   c30257146    i44736355    A:40 X:19 Y:00 S:DD P:NVUbdIzC  $0F:C42E: A5 22    LDA $22 = #$00
f1017   c30257149    i44736356    A:00 X:19 Y:00 S:DD P:nVUbdIZC  $0F:C430: 09 07    ORA #$07
f1017   c30257151    i44736357    A:07 X:19 Y:00 S:DD P:nVUbdIzC  $0F:C432: 8D 00 80 STA $8000 = #$A5
f1017   c30257155    i44736358    A:07 X:19 Y:00 S:DD P:nVUbdIzC  $0F:C435: A9 02    LDA #$02
f1017   c30257157    i44736359    A:02 X:19 Y:00 S:DD P:nVUbdIzC  $0F:C437: 8D 01 80 STA $8001 = #$27
f1019   c30317481    i44755412    A:00 X:02 Y:08 S:DB P:nVUbdIzc  $01:A0ED: BD 15 40 LDA $4015,X @ $4017 = #$01
f1019   c30317485    i44755413    A:40 X:02 Y:08 S:DB P:nVUbdIzc  $01:A0F0: 4A       LSR
f1019   c30317487    i44755414    A:20 X:02 Y:08 S:DB P:nVUbdIzc  $01:A0F1: 26 3F    ROL $3F = #$00
f1019   c30317492    i44755415    A:20 X:02 Y:08 S:DB P:nVUbdIZc  $01:A0F3: 29 01    AND #$01
f1019   c30317494    i44755416    A:00 X:02 Y:08 S:DB P:nVUbdIZc  $01:A0F5: 05 3F    ORA $3F = #$00
f1019   c30317497    i44755417    A:00 X:02 Y:08 S:DB P:nVUbdIZc  $01:A0F7: 85 3F    STA $3F = #$00
f1019   c30317500    i44755418    A:00 X:02 Y:08 S:DB P:nVUbdIZc  $01:A0F9: 88       DEY
f1019   c30317502    i44755419    A:00 X:02 Y:07 S:DB P:nVUbdIzc  $01:A0FA: D0 F1    BNE $A0ED
f1019   c30317505    i44755420    A:00 X:02 Y:07 S:DB P:nVUbdIzc  $01:A0ED: BD 15 40 LDA $4015,X @ $4017 = #$01
f1019   c30317509    i44755421    A:40 X:02 Y:07 S:DB P:nVUbdIzc  $01:A0F0: 4A       LSR
f1019   c30317511    i44755422    A:20 X:02 Y:07 S:DB P:nVUbdIzc  $01:A0F1: 26 3F    ROL $3F = #$00
f1019   c30317516    i44755423    A:20 X:02 Y:07 S:DB P:nVUbdIZc  $01:A0F3: 29 01    AND #$01
f1019   c30317518    i44755424    A:00 X:02 Y:07 S:DB P:nVUbdIZc  $01:A0F5: 05 3F    ORA $3F = #$00
f1019   c30317521    i44755425    A:00 X:02 Y:07 S:DB P:nVUbdIZc  $01:A0F7: 85 3F    STA $3F = #$00
f1019   c30317524    i44755426    A:00 X:02 Y:07 S:DB P:nVUbdIZc  $01:A0F9: 88       DEY
f1019   c30317526    i44755427    A:00 X:02 Y:06 S:DB P:nVUbdIzc  $01:A0FA: D0 F1    BNE $A0ED
f1019   c30317529    i44755428    A:00 X:02 Y:06 S:DB P:nVUbdIzc  $01:A0ED: BD 15 40 LDA $4015,X @ $4017 = #$01
f1019   c30317533    i44755429    A:40 X:02 Y:06 S:DB P:nVUbdIzc  $01:A0F0: 4A       LSR
f1019   c30317535    i44755430    A:20 X:02 Y:06 S:DB P:nVUbdIzc  $01:A0F1: 26 3F    ROL $3F = #$00
f1019   c30317540    i44755431    A:20 X:02 Y:06 S:DB P:nVUbdIZc  $01:A0F3: 29 01    AND #$01
f1019   c30317542    i44755432    A:00 X:02 Y:06 S:DB P:nVUbdIZc  $01:A0F5: 05 3F    ORA $3F = #$00
f1019   c30317545    i44755433    A:00 X:02 Y:06 S:DB P:nVUbdIZc  $01:A0F7: 85 3F    STA $3F = #$00
f1019   c30317548    i44755434    A:00 X:02 Y:06 S:DB P:nVUbdIZc  $01:A0F9: 88       DEY
f1019   c30317550    i44755435    A:00 X:02 Y:05 S:DB P:nVUbdIzc  $01:A0FA: D0 F1    BNE $A0ED
f1019   c30317553    i44755436    A:00 X:02 Y:05 S:DB P:nVUbdIzc  $01:A0ED: BD 15 40 LDA $4015,X @ $4017 = #$01
f1019   c30317557    i44755437    A:40 X:02 Y:05 S:DB P:nVUbdIzc  $01:A0F0: 4A       LSR
f1019   c30317559    i44755438    A:20 X:02 Y:05 S:DB P:nVUbdIzc  $01:A0F1: 26 3F    ROL $3F = #$00
f1019   c30317564    i44755439    A:20 X:02 Y:05 S:DB P:nVUbdIZc  $01:A0F3: 29 01    AND #$01
f1019   c30317566    i44755440    A:00 X:02 Y:05 S:DB P:nVUbdIZc  $01:A0F5: 05 3F    ORA $3F = #$00
f1019   c30317569    i44755441    A:00 X:02 Y:05 S:DB P:nVUbdIZc  $01:A0F7: 85 3F    STA $3F = #$00
f1019   c30317572    i44755442    A:00 X:02 Y:05 S:DB P:nVUbdIZc  $01:A0F9: 88       DEY
f1019   c30317574    i44755443    A:00 X:02 Y:04 S:DB P:nVUbdIzc  $01:A0FA: D0 F1    BNE $A0ED
f1019   c30317577    i44755444    A:00 X:02 Y:04 S:DB P:nVUbdIzc  $01:A0ED: BD 15 40 LDA $4015,X @ $4017 = #$01
f1019   c30317581    i44755445    A:40 X:02 Y:04 S:DB P:nVUbdIzc  $01:A0F0: 4A       LSR
f1019   c30317583    i44755446    A:20 X:02 Y:04 S:DB P:nVUbdIzc  $01:A0F1: 26 3F    ROL $3F = #$00
f1019   c30317588    i44755447    A:20 X:02 Y:04 S:DB P:nVUbdIZc  $01:A0F3: 29 01    AND #$01
f1019   c30317590    i44755448    A:00 X:02 Y:04 S:DB P:nVUbdIZc  $01:A0F5: 05 3F    ORA $3F = #$00
f1019   c30317593    i44755449    A:00 X:02 Y:04 S:DB P:nVUbdIZc  $01:A0F7: 85 3F    STA $3F = #$00
f1019   c30317596    i44755450    A:00 X:02 Y:04 S:DB P:nVUbdIZc  $01:A0F9: 88       DEY
f1019   c30317598    i44755451    A:00 X:02 Y:03 S:DB P:nVUbdIzc  $01:A0FA: D0 F1    BNE $A0ED
f1019   c30317601    i44755452    A:00 X:02 Y:03 S:DB P:nVUbdIzc  $01:A0ED: BD 15 40 LDA $4015,X @ $4017 = #$01
f1019   c30317605    i44755453    A:40 X:02 Y:03 S:DB P:nVUbdIzc  $01:A0F0: 4A       LSR
f1019   c30318646    i44755794    A:C4 X:10 Y:06 S:D9 P:nvUbdIzC  $06:8243: 91 F0    STA ($F0),Y @ $076D = #$C1
f1019   c30318652    i44755795    A:C4 X:10 Y:06 S:D9 P:nvUbdIzC  $06:8245: A6 F3    LDX $F3 = #$04
f1019   c30318655    i44755796    A:C4 X:04 Y:06 S:D9 P:nvUbdIzC  $06:8247: CA       DEX
f1019   c30318657    i44755797    A:C4 X:03 Y:06 S:D9 P:nvUbdIzC  $06:8248: BD AF 07 LDA $07AF,X @ $07B2 = #$01
f1019   c30318661    i44755798    A:01 X:03 Y:06 S:D9 P:nvUbdIzC  $06:824B: C9 01    CMP #$01
f1019   c30318663    i44755799    A:01 X:03 Y:06 S:D9 P:nvUbdIZC  $06:824D: F0 08    BEQ $8257
f1019   c30318666    i44755800    A:01 X:03 Y:06 S:D9 P:nvUbdIZC  $06:8257: BD C7 07 LDA $07C7,X @ $07CA = #$04
f1019   c30318670    i44755801    A:04 X:03 Y:06 S:D9 P:nvUbdIzC  $06:825A: 0A       ASL
f1019   c30318672    i44755802    A:08 X:03 Y:06 S:D9 P:nvUbdIzc  $06:825B: A8       TAY
f1019   c30318674    i44755803    A:08 X:03 Y:08 S:D9 P:nvUbdIzc  $06:825C: B9 69 82 LDA $8269,Y @ $8271 = #$B4
f1019   c30318678    i44755804    A:B4 X:03 Y:08 S:D9 P:NvUbdIzc  $06:825F: 85 F9    STA $F9 = #$0E
f1019   c30318681    i44755805    A:B4 X:03 Y:08 S:D9 P:NvUbdIzc  $06:8261: B9 6A 82 LDA $826A,Y @ $8272 = #$82
f1019   c30318685    i44755806    A:82 X:03 Y:08 S:D9 P:NvUbdIzc  $06:8264: 85 FA    STA $FA = #$83
f1019   c30318688    i44755807    A:82 X:03 Y:08 S:D9 P:NvUbdIzc  $06:8266: 6C F9 00 JMP ($00F9) = $82B4
f1019   c30318693    i44755808    A:82 X:03 Y:08 S:D9 P:NvUbdIzc  $06:82B4: BD B7 07 LDA $07B7,X @ $07BA = #$D5
f1019   c30318697    i44755809    A:D5 X:03 Y:08 S:D9 P:NvUbdIzc  $06:82B7: 38       SEC
f1019   c30318699    i44755810    A:D5 X:03 Y:08 S:D9 P:NvUbdIzC  $06:82B8: E9 01    SBC #$01
f1019   c30318701    i44755811    A:D4 X:03 Y:08 S:D9 P:NvUbdIzC  $06:82BA: A0 07    LDY #$07
f1019   c30318703    i44755812    A:D4 X:03 Y:07 S:D9 P:nvUbdIzC  $06:82BC: 91 F0    STA ($F0),Y @ $076E = #$D3
f1019   c30318709    i44755813    A:D4 X:03 Y:07 S:D9 P:nvUbdIzC  $06:82BE: BD BF 07 LDA $07BF,X @ $07C2 = #$80
f1019   c30318713    i44755814    A:80 X:03 Y:07 S:D9 P:NvUbdIzC  $06:82C1: E9 00    SBC #$00
f1019   c30318715    i44755815    A:80 X:03 Y:07 S:D9 P:NvUbdIzC  $06:82C3: C8       INY
f1019   c30318717    i44755816    A:80 X:03 Y:08 S:D9 P:nvUbdIzC  $06:82C4: 91 F0    STA ($F0),Y @ $076F = #$80
f1019   c30318723    i44755817    A:80 X:03 Y:08 S:D9 P:nvUbdIzC  $06:82C6: 4C A4 82 JMP $82A4
f1019   c30318726    i44755818    A:80 X:03 Y:08 S:D9 P:nvUbdIzC  $06:82A4: BD C7 07 LDA $07C7,X @ $07CA = #$04
f1019   c30318730    i44755819    A:04 X:03 Y:08 S:D9 P:nvUbdIzC  $06:82A7: 18       CLC
f1019   c30318732    i44755820    A:04 X:03 Y:08 S:D9 P:nvUbdIzc  $06:82A8: 69 01    ADC #$01
f1019   c30318734    i44755821    A:05 X:03 Y:08 S:D9 P:nvUbdIzc  $06:82AA: C9 0A    CMP #$0A
f1019   c30318736    i44755822    A:05 X:03 Y:08 S:D9 P:NvUbdIzc  $06:82AC: D0 02    BNE $82B0
f1019   c30318739    i44755823    A:05 X:03 Y:08 S:D9 P:NvUbdIzc  $06:82B0: 9D C7 07 STA $07C7,X @ $07CA = #$04
f1019   c30318744    i44755824    A:05 X:03 Y:08 S:D9 P:NvUbdIzc  $06:82B3: 60       RTS (from $81DB)
f1019   c30318750    i44755825    A:05 X:03 Y:08 S:DB P:NvUbdIzc  $06:810C: 18       CLC
f1019   c30318752    i44755826    A:05 X:03 Y:08 S:DB P:NvUbdIzc  $06:810D: A9 10    LDA #$10
f1019   c30318754    i44755827    A:10 X:03 Y:08 S:DB P:nvUbdIzc  $06:810F: 65 F0    ADC $F0 = #$67
f1019   c30318757    i44755828    A:77 X:03 Y:08 S:DB P:nvUbdIzc  $06:8111: 85 F0    STA $F0 = #$67
f1019   c30318760    i44755829    A:77 X:03 Y:08 S:DB P:nvUbdIzc  $06:8113: A9 04    LDA #$04
f1019   c30318762    i44755830    A:04 X:03 Y:08 S:DB P:nvUbdIzc  $06:8115: 65 F2    ADC $F2 = #$10
f1019   c30318765    i44755831    A:14 X:03 Y:08 S:DB P:nvUbdIzc  $06:8117: 85 F2    STA $F2 = #$10
f1019   c30318768    i44755832    A:14 X:03 Y:08 S:DB P:nvUbdIzc  $06:8119: C6 F3    DEC $F3 = #$04
f1019   c30318773    i44755833    A:14 X:03 Y:08 S:DB P:nvUbdIzc  $06:811B: D0 AD    BNE $80CA
f1019   c30318777    i44755834    A:14 X:03 Y:08 S:DB P:nvUbdIzc  $06:80CA: AD 06 07 LDA $0706 = #$87
f1020   c30346374    i44764795    A:40 X:19 Y:00 S:E0 P:nvUbdizC  $00:9F04: A5 1B    LDA $1B = #$40
f1020   c30346377    i44764796    A:40 X:19 Y:00 S:E0 P:nvUbdizC  $00:9F06: 10 FC    BPL $9F04
f1020   c30346380    i44764797    A:40 X:19 Y:00 S:E0 P:nvUbdizC  $00:9F04: A5 1B    LDA $1B = #$40
f1020   c30346383    i44764798    A:40 X:19 Y:00 S:E0 P:nvUbdizC  $00:9F06: 10 FC    BPL $9F04
f1020   c30346386    i44764799    A:40 X:19 Y:00 S:E0 P:nvUbdizC  $00:9F04: A5 1B    LDA $1B = #$40
f1020   c30346389    i44764800    A:40 X:19 Y:00 S:E0 P:nvUbdizC  $00:9F06: 10 FC    BPL $9F04
f1020   c30346392    i44764801    A:40 X:19 Y:00 S:E0 P:nvUbdizC  $00:9F04: A5 1B    LDA $1B = #$40
f1020   c30346395    i44764802    A:40 X:19 Y:00 S:E0 P:nvUbdizC  $00:9F06: 10 FC    BPL $9F04
f1020   c30346398    i44764803    A:40 X:19 Y:00 S:E0 P:nvUbdizC  $00:9F04: A5 1B    LDA $1B = #$40
f1020   c30346401    i44764804    A:40 X:19 Y:00 S:E0 P:nvUbdizC  $00:9F06: 10 FC    BPL $9F04
f1020   c30346404    i44764805    A:40 X:19 Y:00 S:E0 P:nvUbdizC  $00:9F04: A5 1B    LDA $1B = #$40
f1020   c30346407    i44764806    A:40 X:19 Y:00 S:E0 P:nvUbdizC  $00:9F06: 10 FC    BPL $9F04
f1020   c30346410    i44764807    A:40 X:19 Y:00 S:E0 P:nvUbdizC  $00:9F04: A5 1B    LDA $1B = #$40
f1020   c30346413    i44764808    A:40 X:19 Y:00 S:E0 P:nvUbdizC  $00:9F06: 10 FC    BPL $9F04
f1020   c30346416    i44764809    A:40 X:19 Y:00 S:E0 P:nvUbdizC  $00:9F04: A5 1B    LDA $1B = #$40
f1020   c30346419    i44764810    A:40 X:19 Y:00 S:E0 P:nvUbdizC  $00:9F06: 10 FC    BPL $9F04
f1020   c30346422    i44764811    A:40 X:19 Y:00 S:E0 P:nvUbdizC  $00:9F04: A5 1B    LDA $1B = #$40
f1020   c30346425    i44764812    A:40 X:19 Y:00 S:E0 P:nvUbdizC  $00:9F06: 10 FC    BPL $9F04
f1020   c30346428    i44764813    A:40 X:19 Y:00 S:E0 P:nvUbdizC  $00:9F04: A5 1B    LDA $1B = #$40
f1020   c30346431    i44764814    A:40 X:19 Y:00 S:E0 P:nvUbdizC  $00:9F06: 10 FC    BPL $9F04
f1020   c30346434    i44764815    A:40 X:19 Y:00 S:E0 P:nvUbdizC  $00:9F04: A5 1B    LDA $1B = #$40
f1020   c30346437    i44764816    A:40 X:19 Y:00 S:E0 P:nvUbdizC  $00:9F06: 10 FC    BPL $9F04
f1020   c30346440    i44764817    A:40 X:19 Y:00 S:E0 P:nvUbdizC  $00:9F04: A5 1B    LDA $1B = #$40
f1020   c30346443    i44764818    A:40 X:19 Y:00 S:E0 P:nvUbdizC  $00:9F06: 10 FC    BPL $9F04
f1020   c30346446    i44764819    A:40 X:19 Y:00 S:E0 P:nvUbdizC  $00:9F04: A5 1B    LDA $1B = #$40
f1020   c30346456    i44764820    A:40 X:19 Y:00 S:DD P:nvUbdIzC  $0F:C500: 4C 6E C7 JMP $C76E
f1020   c30346459    i44764821    A:40 X:19 Y:00 S:DD P:nvUbdIzC  $0F:C76E: 24 1B    BIT $1B = #$40
f1020   c30346462    i44764822    A:40 X:19 Y:00 S:DD P:nVUbdIzC  $0F:C770: 50 03    BVC $C775
f1020   c30346464    i44764823    A:40 X:19 Y:00 S:DD P:nVUbdIzC  $0F:C772: 4C 21 C4 JMP $C421
f1020   c30346467    i44764824    A:40 X:19 Y:00 S:DD P:nVUbdIzC  $0F:C421: 24 3B    BIT $3B = #$55
f1020   c30346470    i44764825    A:40 X:19 Y:00 S:DD P:nVUbdIzC  $0F:C423: 30 4D    BMI $C472
f1020   c30346472    i44764826    A:40 X:19 Y:00 S:DD P:nVUbdIzC  $0F:C425: 38       SEC
f1020   c30346474    i44764827    A:40 X:19 Y:00 S:DD P:nVUbdIzC  $0F:C426: 66 3B    ROR $3B = #$55
f1020   c30346479    i44764828    A:40 X:19 Y:00 S:DD P:NVUbdIzC  $0F:C428: 85 3C    STA $3C = #$40
f1020   c30346482    i44764829    A:40 X:19 Y:00 S:DD P:NVUbdIzC  $0F:C42A: 86 3D    STX $3D = #$19
f1020   c30346485    i44764830    A:40 X:19 Y:00 S:DD P:NVUbdIzC  $0F:C42C: 84 3E    STY $3E = #$00
f1020   c30346488    i44764831    A:40 X:19 Y:00 S:DD P:NVUbdIzC  $0F:C42E: A5 22    LDA $22 = #$00
f1020   c30346491    i44764832    A:00 X:19 Y:00 S:DD P:nVUbdIZC  $0F:C430: 09 07    ORA #$07
f1020   c30346493    i44764833    A:07 X:19 Y:00 S:DD P:nVUbdIzC  $0F:C432: 8D 00 80 STA $8000 = #$A5
f1020   c30346497    i44764834    A:07 X:19 Y:00 S:DD P:nVUbdIzC  $0F:C435: A9 02    LDA #$02
f1020   c30346499    i44764835    A:02 X:19 Y:00 S:DD P:nVUbdIzC  $0F:C437: 8D 01 80 STA $8001 = #$27
f1020   c30346503    i44764836    A:02 X:19 Y:00 S:DD P:nVUbdIzC  $0F:C43A: 20 00 A0 JSR $A000
f1021   c30377089    i44774429    A:00 X:02 Y:06 S:DB P:nVUbdIzc  $01:A0ED: BD 15 40 LDA $4015,X @ $4017 = #$01
f1021   c30377093    i44774430    A:40 X:02 Y:06 S:DB P:nVUbdIzc  $01:A0F0: 4A       LSR
f1021   c30377095    i44774431    A:20 X:02 Y:06 S:DB P:nVUbdIzc  $01:A0F1: 26 3F    ROL $3F = #$00
f1021   c30377100    i44774432    A:20 X:02 Y:06 S:DB P:nVUbdIZc  $01:A0F3: 29 01    AND #$01
f1021   c30377102    i44774433    A:00 X:02 Y:06 S:DB P:nVUbdIZc  $01:A0F5: 05 3F    ORA $3F = #$00
f1021   c30377105    i44774434    A:00 X:02 Y:06 S:DB P:nVUbdIZc  $01:A0F7: 85 3F    STA $3F = #$00
f1021   c30377108    i44774435    A:00 X:02 Y:06 S:DB P:nVUbdIZc  $01:A0F9: 88       DEY
f1021   c30377110    i44774436    A:00 X:02 Y:05 S:DB P:nVUbdIzc  $01:A0FA: D0 F1    BNE $A0ED
f1021   c30377113    i44774437    A:00 X:02 Y:05 S:DB P:nVUbdIzc  $01:A0ED: BD 15 40 LDA $4015,X @ $4017 = #$01
f1021   c30377117    i44774438    A:40 X:02 Y:05 S:DB P:nVUbdIzc  $01:A0F0: 4A       LSR
f1021   c30377119    i44774439    A:20 X:02 Y:05 S:DB P:nVUbdIzc  $01:A0F1: 26 3F    ROL $3F = #$00
f1021   c30377124    i44774440    A:20 X:02 Y:05 S:DB P:nVUbdIZc  $01:A0F3: 29 01    AND #$01
f1021   c30377126    i44774441    A:00 X:02 Y:05 S:DB P:nVUbdIZc  $01:A0F5: 05 3F    ORA $3F = #$00
f1021   c30377129    i44774442    A:00 X:02 Y:05 S:DB P:nVUbdIZc  $01:A0F7: 85 3F    STA $3F = #$00
f1021   c30377132    i44774443    A:00 X:02 Y:05 S:DB P:nVUbdIZc  $01:A0F9: 88       DEY
f1021   c30377134    i44774444    A:00 X:02 Y:04 S:DB P:nVUbdIzc  $01:A0FA: D0 F1    BNE $A0ED
f1021   c30377137    i44774445    A:00 X:02 Y:04 S:DB P:nVUbdIzc  $01:A0ED: BD 15 40 LDA $4015,X @ $4017 = #$01
f1021   c30377141    i44774446    A:40 X:02 Y:04 S:DB P:nVUbdIzc  $01:A0F0: 4A       LSR
f1021   c30377143    i44774447    A:20 X:02 Y:04 S:DB P:nVUbdIzc  $01:A0F1: 26 3F    ROL $3F = #$00
f1021   c30377148    i44774448    A:20 X:02 Y:04 S:DB P:nVUbdIZc  $01:A0F3: 29 01    AND #$01
f1021   c30377150    i44774449    A:00 X:02 Y:04 S:DB P:nVUbdIZc  $01:A0F5: 05 3F    ORA $3F = #$00
f1021   c30377153    i44774450    A:00 X:02 Y:04 S:DB P:nVUbdIZc  $01:A0F7: 85 3F    STA $3F = #$00
f1021   c30377156    i44774451    A:00 X:02 Y:04 S:DB P:nVUbdIZc  $01:A0F9: 88       DEY
f1021   c30377158    i44774452    A:00 X:02 Y:03 S:DB P:nVUbdIzc  $01:A0FA: D0 F1    BNE $A0ED
f1021   c30377161    i44774453    A:00 X:02 Y:03 S:DB P:nVUbdIzc  $01:A0ED: BD 15 40 LDA $4015,X @ $4017 = #$01
f1021   c30377165    i44774454    A:40 X:02 Y:03 S:DB P:nVUbdIzc  $01:A0F0: 4A       LSR
f1021   c30377167    i44774455    A:20 X:02 Y:03 S:DB P:nVUbdIzc  $01:A0F1: 26 3F    ROL $3F = #$00
f1021   c30377172    i44774456    A:20 X:02 Y:03 S:DB P:nVUbdIZc  $01:A0F3: 29 01    AND #$01
f1021   c30377174    i44774457    A:00 X:02 Y:03 S:DB P:nVUbdIZc  $01:A0F5: 05 3F    ORA $3F = #$00
f1021   c30377177    i44774458    A:00 X:02 Y:03 S:DB P:nVUbdIZc  $01:A0F7: 85 3F    STA $3F = #$00
f1021   c30377180    i44774459    A:00 X:02 Y:03 S:DB P:nVUbdIZc  $01:A0F9: 88       DEY
f1021   c30377182    i44774460    A:00 X:02 Y:02 S:DB P:nVUbdIzc  $01:A0FA: D0 F1    BNE $A0ED
f1021   c30377185    i44774461    A:00 X:02 Y:02 S:DB P:nVUbdIzc  $01:A0ED: BD 15 40 LDA $4015,X @ $4017 = #$01
f1021   c30377189    i44774462    A:40 X:02 Y:02 S:DB P:nVUbdIzc  $01:A0F0: 4A       LSR
f1021   c30377191    i44774463    A:20 X:02 Y:02 S:DB P:nVUbdIzc  $01:A0F1: 26 3F    ROL $3F = #$00
f1021   c30377196    i44774464    A:20 X:02 Y:02 S:DB P:nVUbdIZc  $01:A0F3: 29 01    AND #$01
f1021   c30377198    i44774465    A:00 X:02 Y:02 S:DB P:nVUbdIZc  $01:A0F5: 05 3F    ORA $3F = #$00
f1021   c30377201    i44774466    A:00 X:02 Y:02 S:DB P:nVUbdIZc  $01:A0F7: 85 3F    STA $3F = #$00
f1021   c30377204    i44774467    A:00 X:02 Y:02 S:DB P:nVUbdIZc  $01:A0F9: 88       DEY
f1021   c30377206    i44774468    A:00 X:02 Y:01 S:DB P:nVUbdIzc  $01:A0FA: D0 F1    BNE $A0ED
f1021   c30377209    i44774469    A:00 X:02 Y:01 S:DB P:nVUbdIzc  $01:A0ED: BD 15 40 LDA $4015,X @ $4017 = #$01
f1021   c30377213    i44774470    A:40 X:02 Y:01 S:DB P:nVUbdIzc  $01:A0F0: 4A       LSR
f1027   c30559850    i44832462    A:0D X:0D Y:04 S:4A P:nvUbdizc  $00:9AA3: BD A2 9E LDA $9EA2,X @ $9EAF = #$00
f1027   c30559854    i44832463    A:00 X:0D Y:04 S:4A P:nvUbdiZc  $00:9AA6: 85 E6    STA $E6 = #$30
f1027   c30559857    i44832464    A:00 X:0D Y:04 S:4A P:nvUbdiZc  $00:9AA8: B9 2A 06 LDA $062A,Y @ $062E = #$0F
f1027   c30559861    i44832465    A:0F X:0D Y:04 S:4A P:nvUbdizc  $00:9AAB: 29 0F    AND #$0F
f1027   c30559863    i44832466    A:0F X:0D Y:04 S:4A P:nvUbdizc  $00:9AAD: 05 E6    ORA $E6 = #$00
f1027   c30559866    i44832467    A:0F X:0D Y:04 S:4A P:nvUbdizc  $00:9AAF: A6 E7    LDX $E7 = #$07
f1027   c30559869    i44832468    A:0F X:07 Y:04 S:4A P:nvUbdizc  $00:9AB1: 9D E8 05 STA $05E8,X @ $05EF = #$0F
f1027   c30559874    i44832469    A:0F X:07 Y:04 S:4A P:nvUbdizc  $00:9AB4: E6 E7    INC $E7 = #$07
f1027   c30559879    i44832470    A:0F X:07 Y:04 S:4A P:nvUbdizc  $00:9AB6: C8       INY
f1027   c30559881    i44832471    A:0F X:07 Y:05 S:4A P:nvUbdizc  $00:9AB7: 60       RTS (from $9AA2)
f1027   c30559887    i44832472    A:0F X:07 Y:05 S:4C P:nvUbdizc  $00:9A89: C0 10    CPY #$10
f1027   c30559889    i44832473    A:0F X:07 Y:05 S:4C P:NvUbdizc  $00:9A8B: D0 F1    BNE $9A7E
f1027   c30559892    i44832474    A:0F X:07 Y:05 S:4C P:NvUbdizc  $00:9A7E: B9 2A 06 LDA $062A,Y @ $062F = #$36
f1027   c30559896    i44832475    A:36 X:07 Y:05 S:4C P:nvUbdizc  $00:9A81: 29 30    AND #$30
f1027   c30559898    i44832476    A:30 X:07 Y:05 S:4C P:nvUbdizc  $00:9A83: 18       CLC
f1027   c30559900    i44832477    A:30 X:07 Y:05 S:4C P:nvUbdizc  $00:9A84: 65 4A    ADC $4A = #$0D
f1027   c30559903    i44832478    A:3D X:07 Y:05 S:4C P:nvUbdizc  $00:9A86: 20 A2 9A JSR $9AA2
f1027   c30559909    i44832479    A:3D X:07 Y:05 S:4A P:nvUbdizc  $00:9AA2: AA       TAX
f1027   c30559911    i44832480    A:3D X:3D Y:05 S:4A P:nvUbdizc  $00:9AA3: BD A2 9E LDA $9EA2,X @ $9EDF = #$30
f1027   c30559915    i44832481    A:30 X:3D Y:05 S:4A P:nvUbdizc  $00:9AA6: 85 E6    STA $E6 = #$00
f1027   c30559918    i44832482    A:30 X:3D Y:05 S:4A P:nvUbdizc  $00:9AA8: B9 2A 06 LDA $062A,Y @ $062F = #$36
f1027   c30559922    i44832483    A:36 X:3D Y:05 S:4A P:nvUbdizc  $00:9AAB: 29 0F    AND #$0F
f1027   c30559924    i44832484    A:06 X:3D Y:05 S:4A P:nvUbdizc  $00:9AAD: 05 E6    ORA $E6 = #$30
f1027   c30559927    i44832485    A:36 X:3D Y:05 S:4A P:nvUbdizc  $00:9AAF: A6 E7    LDX $E7 = #$08
f1027   c30559930    i44832486    A:36 X:08 Y:05 S:4A P:nvUbdizc  $00:9AB1: 9D E8 05 STA $05E8,X @ $05F0 = #$36
f1027   c30559935    i44832487    A:36 X:08 Y:05 S:4A P:nvUbdizc  $00:9AB4: E6 E7    INC $E7 = #$08
f1027   c30559940    i44832488    A:36 X:08 Y:05 S:4A P:nvUbdizc  $00:9AB6: C8       INY
f1027   c30559942    i44832489    A:36 X:08 Y:06 S:4A P:nvUbdizc  $00:9AB7: 60       RTS (from $9AA2)
f1027   c30559948    i44832490    A:36 X:08 Y:06 S:4C P:nvUbdizc  $00:9A89: C0 10    CPY #$10
f1027   c30559950    i44832491    A:36 X:08 Y:06 S:4C P:NvUbdizc  $00:9A8B: D0 F1    BNE $9A7E
f1027   c30559953    i44832492    A:36 X:08 Y:06 S:4C P:NvUbdizc  $00:9A7E: B9 2A 06 LDA $062A,Y @ $0630 = #$25
f1027   c30559957    i44832493    A:25 X:08 Y:06 S:4C P:nvUbdizc  $00:9A81: 29 30    AND #$30
f1027   c30559959    i44832494    A:20 X:08 Y:06 S:4C P:nvUbdizc  $00:9A83: 18       CLC
f1027   c30559961    i44832495    A:20 X:08 Y:06 S:4C P:nvUbdizc  $00:9A84: 65 4A    ADC $4A = #$0D
f1027   c30559964    i44832496    A:2D X:08 Y:06 S:4C P:nvUbdizc  $00:9A86: 20 A2 9A JSR $9AA2
f1027   c30559970    i44832497    A:2D X:08 Y:06 S:4A P:nvUbdizc  $00:9AA2: AA       TAX
f1027   c30559972    i44832498    A:2D X:2D Y:06 S:4A P:nvUbdizc  $00:9AA3: BD A2 9E LDA $9EA2,X @ $9ECF = #$20
f1027   c30559976    i44832499    A:20 X:2D Y:06 S:4A P:nvUbdizc  $00:9AA6: 85 E6    STA $E6 = #$30
f1027   c30559979    i44832500    A:20 X:2D Y:06 S:4A P:nvUbdizc  $00:9AA8: B9 2A 06 LDA $062A,Y @ $0630 = #$25
f1027   c30559983    i44832501    A:25 X:2D Y:06 S:4A P:nvUbdizc  $00:9AAB: 29 0F    AND #$0F
f1027   c30559985    i44832502    A:05 X:2D Y:06 S:4A P:nvUbdizc  $00:9AAD: 05 E6    ORA $E6 = #$20
f1029   c30619423    i44851110    A:00 X:0B Y:04 S:4A P:nvUbdiZc  $00:9AA8: B9 2A 06 LDA $062A,Y @ $062E = #$0F
f1029   c30619427    i44851111    A:0F X:0B Y:04 S:4A P:nvUbdizc  $00:9AAB: 29 0F    AND #$0F
f1029   c30619429    i44851112    A:0F X:0B Y:04 S:4A P:nvUbdizc  $00:9AAD: 05 E6    ORA $E6 = #$00
f1029   c30619432    i44851113    A:0F X:0B Y:04 S:4A P:nvUbdizc  $00:9AAF: A6 E7    LDX $E7 = #$07
f1029   c30619435    i44851114    A:0F X:07 Y:04 S:4A P:nvUbdizc  $00:9AB1: 9D E8 05 STA $05E8,X @ $05EF = #$0F
f1029   c30619440    i44851115    A:0F X:07 Y:04 S:4A P:nvUbdizc  $00:9AB4: E6 E7    INC $E7 = #$07
f1029   c30619445    i44851116    A:0F X:07 Y:04 S:4A P:nvUbdizc  $00:9AB6: C8       INY
f1029   c30619447    i44851117    A:0F X:07 Y:05 S:4A P:nvUbdizc  $00:9AB7: 60       RTS (from $9AA2)
f1029   c30619453    i44851118    A:0F X:07 Y:05 S:4C P:nvUbdizc  $00:9A89: C0 10    CPY #$10
f1029   c30619455    i44851119    A:0F X:07 Y:05 S:4C P:NvUbdizc  $00:9A8B: D0 F1    BNE $9A7E
f1029   c30619458    i44851120    A:0F X:07 Y:05 S:4C P:NvUbdizc  $00:9A7E: B9 2A 06 LDA $062A,Y @ $062F = #$36
f1029   c30619462    i44851121    A:36 X:07 Y:05 S:4C P:nvUbdizc  $00:9A81: 29 30    AND #$30
f1029   c30619464    i44851122    A:30 X:07 Y:05 S:4C P:nvUbdizc  $00:9A83: 18       CLC
f1029   c30619466    i44851123    A:30 X:07 Y:05 S:4C P:nvUbdizc  $00:9A84: 65 4A    ADC $4A = #$0B
f1029   c30619469    i44851124    A:3B X:07 Y:05 S:4C P:nvUbdizc  $00:9A86: 20 A2 9A JSR $9AA2
f1029   c30619475    i44851125    A:3B X:07 Y:05 S:4A P:nvUbdizc  $00:9AA2: AA       TAX
f1029   c30619477    i44851126    A:3B X:3B Y:05 S:4A P:nvUbdizc  $00:9AA3: BD A2 9E LDA $9EA2,X @ $9EDD = #$30
f1029   c30619481    i44851127    A:30 X:3B Y:05 S:4A P:nvUbdizc  $00:9AA6: 85 E6    STA $E6 = #$00
f1029   c30619484    i44851128    A:30 X:3B Y:05 S:4A P:nvUbdizc  $00:9AA8: B9 2A 06 LDA $062A,Y @ $062F = #$36
f1029   c30619488    i44851129    A:36 X:3B Y:05 S:4A P:nvUbdizc  $00:9AAB: 29 0F    AND #$0F
f1029   c30619490    i44851130    A:06 X:3B Y:05 S:4A P:nvUbdizc  $00:9AAD: 05 E6    ORA $E6 = #$30
f1029   c30619493    i44851131    A:36 X:3B Y:05 S:4A P:nvUbdizc  $00:9AAF: A6 E7    LDX $E7 = #$08
f1029   c30619496    i44851132    A:36 X:08 Y:05 S:4A P:nvUbdizc  $00:9AB1: 9D E8 05 STA $05E8,X @ $05F0 = #$36
f1029   c30619501    i44851133    A:36 X:08 Y:05 S:4A P:nvUbdizc  $00:9AB4: E6 E7    INC $E7 = #$08
f1029   c30619506    i44851134    A:36 X:08 Y:05 S:4A P:nvUbdizc  $00:9AB6: C8       INY
f1029   c30619508    i44851135    A:36 X:08 Y:06 S:4A P:nvUbdizc  $00:9AB7: 60       RTS (from $9AA2)
f1029   c30619514    i44851136    A:36 X:08 Y:06 S:4C P:nvUbdizc  $00:9A89: C0 10    CPY #$10
f1029   c30619516    i44851137    A:36 X:08 Y:06 S:4C P:NvUbdizc  $00:9A8B: D0 F1    BNE $9A7E
f1029   c30619519    i44851138    A:36 X:08 Y:06 S:4C P:NvUbdizc  $00:9A7E: B9 2A 06 LDA $062A,Y @ $0630 = #$25
f1029   c30619523    i44851139    A:25 X:08 Y:06 S:4C P:nvUbdizc  $00:9A81: 29 30    AND #$30
f1029   c30619525    i44851140    A:20 X:08 Y:06 S:4C P:nvUbdizc  $00:9A83: 18       CLC
f1029   c30619527    i44851141    A:20 X:08 Y:06 S:4C P:nvUbdizc  $00:9A84: 65 4A    ADC $4A = #$0B
f1029   c30619530    i44851142    A:2B X:08 Y:06 S:4C P:nvUbdizc  $00:9A86: 20 A2 9A JSR $9AA2
f1029   c30619536    i44851143    A:2B X:08 Y:06 S:4A P:nvUbdizc  $00:9AA2: AA       TAX
f1029   c30619538    i44851144    A:2B X:2B Y:06 S:4A P:nvUbdizc  $00:9AA3: BD A2 9E LDA $9EA2,X @ $9ECD = #$30
f1029   c30619542    i44851145    A:30 X:2B Y:06 S:4A P:nvUbdizc  $00:9AA6: 85 E6    STA $E6 = #$30
f1029   c30619545    i44851146    A:30 X:2B Y:06 S:4A P:nvUbdizc  $00:9AA8: B9 2A 06 LDA $062A,Y @ $0630 = #$25
f1029   c30619549    i44851147    A:25 X:2B Y:06 S:4A P:nvUbdizc  $00:9AAB: 29 0F    AND #$0F
f1029   c30619551    i44851148    A:05 X:2B Y:06 S:4A P:nvUbdizc  $00:9AAD: 05 E6    ORA $E6 = #$30
f1029   c30619554    i44851149    A:35 X:2B Y:06 S:4A P:nvUbdizc  $00:9AAF: A6 E7    LDX $E7 = #$09
f1029   c30619557    i44851150    A:35 X:09 Y:06 S:4A P:nvUbdizc  $00:9AB1: 9D E8 05 STA $05E8,X @ $05F1 = #$35
f1030   c30646756    i44859670    A:C4 X:10 Y:03 S:D9 P:NvUbdIzC  $06:8241: A0 06    LDY #$06
f1030   c30646758    i44859671    A:C4 X:10 Y:06 S:D9 P:nvUbdIzC  $06:8243: 91 F0    STA ($F0),Y @ $076D = #$C4
f1030   c30646764    i44859672    A:C4 X:10 Y:06 S:D9 P:nvUbdIzC  $06:8245: A6 F3    LDX $F3 = #$04
f1030   c30646767    i44859673    A:C4 X:04 Y:06 S:D9 P:nvUbdIzC  $06:8247: CA       DEX
f1030   c30646769    i44859674    A:C4 X:03 Y:06 S:D9 P:nvUbdIzC  $06:8248: BD AF 07 LDA $07AF,X @ $07B2 = #$01
f1030   c30646773    i44859675    A:01 X:03 Y:06 S:D9 P:nvUbdIzC  $06:824B: C9 01    CMP #$01
f1030   c30646775    i44859676    A:01 X:03 Y:06 S:D9 P:nvUbdIZC  $06:824D: F0 08    BEQ $8257
f1030   c30646778    i44859677    A:01 X:03 Y:06 S:D9 P:nvUbdIZC  $06:8257: BD C7 07 LDA $07C7,X @ $07CA = #$05
f1030   c30646782    i44859678    A:05 X:03 Y:06 S:D9 P:nvUbdIzC  $06:825A: 0A       ASL
f1030   c30646784    i44859679    A:0A X:03 Y:06 S:D9 P:nvUbdIzc  $06:825B: A8       TAY
f1030   c30646786    i44859680    A:0A X:03 Y:0A S:D9 P:nvUbdIzc  $06:825C: B9 69 82 LDA $8269,Y @ $8273 = #$97
f1030   c30646790    i44859681    A:97 X:03 Y:0A S:D9 P:NvUbdIzc  $06:825F: 85 F9    STA $F9 = #$2B
f1030   c30646793    i44859682    A:97 X:03 Y:0A S:D9 P:NvUbdIzc  $06:8261: B9 6A 82 LDA $826A,Y @ $8274 = #$82
f1030   c30646797    i44859683    A:82 X:03 Y:0A S:D9 P:NvUbdIzc  $06:8264: 85 FA    STA $FA = #$83
f1030   c30646800    i44859684    A:82 X:03 Y:0A S:D9 P:NvUbdIzc  $06:8266: 6C F9 00 JMP ($00F9) = $8297
f1030   c30646805    i44859685    A:82 X:03 Y:0A S:D9 P:NvUbdIzc  $06:8297: BD B7 07 LDA $07B7,X @ $07BA = #$D5
f1030   c30646809    i44859686    A:D5 X:03 Y:0A S:D9 P:NvUbdIzc  $06:829A: A0 07    LDY #$07
f1030   c30646811    i44859687    A:D5 X:03 Y:07 S:D9 P:nvUbdIzc  $06:829C: 91 F0    STA ($F0),Y @ $076E = #$D4
f1030   c30646817    i44859688    A:D5 X:03 Y:07 S:D9 P:nvUbdIzc  $06:829E: BD BF 07 LDA $07BF,X @ $07C2 = #$80
f1030   c30646821    i44859689    A:80 X:03 Y:07 S:D9 P:NvUbdIzc  $06:82A1: C8       INY
f1030   c30646823    i44859690    A:80 X:03 Y:08 S:D9 P:nvUbdIzc  $06:82A2: 91 F0    STA ($F0),Y @ $076F = #$80
f1030   c30646829    i44859691    A:80 X:03 Y:08 S:D9 P:nvUbdIzc  $06:82A4: BD C7 07 LDA $07C7,X @ $07CA = #$05
f1030   c30646833    i44859692    A:05 X:03 Y:08 S:D9 P:nvUbdIzc  $06:82A7: 18       CLC
f1030   c30646835    i44859693    A:05 X:03 Y:08 S:D9 P:nvUbdIzc  $06:82A8: 69 01    ADC #$01
f1030   c30646837    i44859694    A:06 X:03 Y:08 S:D9 P:nvUbdIzc  $06:82AA: C9 0A    CMP #$0A
f1030   c30646839    i44859695    A:06 X:03 Y:08 S:D9 P:NvUbdIzc  $06:82AC: D0 02    BNE $82B0
f1030   c30646842    i44859696    A:06 X:03 Y:08 S:D9 P:NvUbdIzc  $06:82B0: 9D C7 07 STA $07C7,X @ $07CA = #$05
f1030   c30646847    i44859697    A:06 X:03 Y:08 S:D9 P:NvUbdIzc  $06:82B3: 60       RTS (from $81DB)
f1030   c30646853    i44859698    A:06 X:03 Y:08 S:DB P:NvUbdIzc  $06:810C: 18       CLC
f1030   c30646855    i44859699    A:06 X:03 Y:08 S:DB P:NvUbdIzc  $06:810D: A9 10    LDA #$10
f1030   c30646857    i44859700    A:10 X:03 Y:08 S:DB P:nvUbdIzc  $06:810F: 65 F0    ADC $F0 = #$67
f1030   c30646860    i44859701    A:77 X:03 Y:08 S:DB P:nvUbdIzc  $06:8111: 85 F0    STA $F0 = #$67
f1030   c30646863    i44859702    A:77 X:03 Y:08 S:DB P:nvUbdIzc  $06:8113: A9 04    LDA #$04
f1030   c30646865    i44859703    A:04 X:03 Y:08 S:DB P:nvUbdIzc  $06:8115: 65 F2    ADC $F2 = #$10
f1030   c30646868    i44859704    A:14 X:03 Y:08 S:DB P:nvUbdIzc  $06:8117: 85 F2    STA $F2 = #$10
f1030   c30646871    i44859705    A:14 X:03 Y:08 S:DB P:nvUbdIzc  $06:8119: C6 F3    DEC $F3 = #$04
f1030   c30646876    i44859706    A:14 X:03 Y:08 S:DB P:nvUbdIzc  $06:811B: D0 AD    BNE $80CA
f1030   c30646880    i44859707    A:14 X:03 Y:08 S:DB P:nvUbdIzc  $06:80CA: AD 06 07 LDA $0706 = #$87
f1030   c30646884    i44859708    A:87 X:03 Y:08 S:DB P:NvUbdIzc  $06:80CD: 4A       LSR
f1030   c30646886    i44859709    A:43 X:03 Y:08 S:DB P:nvUbdIzC  $06:80CE: 90 02    BCC $80D2
f1030   c30646888    i44859710    A:43 X:03 Y:08 S:DB P:nvUbdIzC  $06:80D0: 09 80    ORA #$80
f1030   c30649056    i44860389    A:30 X:1A Y:02 S:4A P:nvUbdizc  $00:9AA8: B9 2A 06 LDA $062A,Y @ $062C = #$10
f1030   c30649060    i44860390    A:10 X:1A Y:02 S:4A P:nvUbdizc  $00:9AAB: 29 0F    AND #$0F
f1030   c30649062    i44860391    A:00 X:1A Y:02 S:4A P:nvUbdiZc  $00:9AAD: 05 E6    ORA $E6 = #$30
f1030   c30649065    i44860392    A:30 X:1A Y:02 S:4A P:nvUbdizc  $00:9AAF: A6 E7    LDX $E7 = #$05
f1030   c30649068    i44860393    A:30 X:05 Y:02 S:4A P:nvUbdizc  $00:9AB1: 9D E8 05 STA $05E8,X @ $05ED = #$30
f1030   c30649073    i44860394    A:30 X:05 Y:02 S:4A P:nvUbdizc  $00:9AB4: E6 E7    INC $E7 = #$05
f1030   c30649078    i44860395    A:30 X:05 Y:02 S:4A P:nvUbdizc  $00:9AB6: C8       INY
f1030   c30649080    i44860396    A:30 X:05 Y:03 S:4A P:nvUbdizc  $00:9AB7: 60       RTS (from $9AA2)
f1030   c30649086    i44860397    A:30 X:05 Y:03 S:4C P:nvUbdizc  $00:9A89: C0 10    CPY #$10
f1030   c30649092    i44860398    A:30 X:05 Y:03 S:4C P:NvUbdizc  $00:9A8B: D0 F1    BNE $9A7E
f1030   c30649095    i44860399    A:30 X:05 Y:03 S:4C P:NvUbdizc  $00:9A7E: B9 2A 06 LDA $062A,Y @ $062D = #$30
f1030   c30649099    i44860400    A:30 X:05 Y:03 S:4C P:nvUbdizc  $00:9A81: 29 30    AND #$30
f1030   c30649101    i44860401    A:30 X:05 Y:03 S:4C P:nvUbdizc  $00:9A83: 18       CLC
f1030   c30649103    i44860402    A:30 X:05 Y:03 S:4C P:nvUbdizc  $00:9A84: 65 4A    ADC $4A = #$0A
f1030   c30649106    i44860403    A:3A X:05 Y:03 S:4C P:nvUbdizc  $00:9A86: 20 A2 9A JSR $9AA2
f1030   c30649112    i44860404    A:3A X:05 Y:03 S:4A P:nvUbdizc  $00:9AA2: AA       TAX
f1030   c30649114    i44860405    A:3A X:3A Y:03 S:4A P:nvUbdizc  $00:9AA3: BD A2 9E LDA $9EA2,X @ $9EDC = #$30
f1030   c30649118    i44860406    A:30 X:3A Y:03 S:4A P:nvUbdizc  $00:9AA6: 85 E6    STA $E6 = #$30
f1030   c30649121    i44860407    A:30 X:3A Y:03 S:4A P:nvUbdizc  $00:9AA8: B9 2A 06 LDA $062A,Y @ $062D = #$30
f1030   c30649125    i44860408    A:30 X:3A Y:03 S:4A P:nvUbdizc  $00:9AAB: 29 0F    AND #$0F
f1030   c30649127    i44860409    A:00 X:3A Y:03 S:4A P:nvUbdiZc  $00:9AAD: 05 E6    ORA $E6 = #$30
f1030   c30649130    i44860410    A:30 X:3A Y:03 S:4A P:nvUbdizc  $00:9AAF: A6 E7    LDX $E7 = #$06
f1030   c30649133    i44860411    A:30 X:06 Y:03 S:4A P:nvUbdizc  $00:9AB1: 9D E8 05 STA $05E8,X @ $05EE = #$30
f1030   c30649138    i44860412    A:30 X:06 Y:03 S:4A P:nvUbdizc  $00:9AB4: E6 E7    INC $E7 = #$06
f1030   c30649143    i44860413    A:30 X:06 Y:03 S:4A P:nvUbdizc  $00:9AB6: C8       INY
f1030   c30649145    i44860414    A:30 X:06 Y:04 S:4A P:nvUbdizc  $00:9AB7: 60       RTS (from $9AA2)
f1030   c30649151    i44860415    A:30 X:06 Y:04 S:4C P:nvUbdizc  $00:9A89: C0 10    CPY #$10
f1030   c30649153    i44860416    A:30 X:06 Y:04 S:4C P:NvUbdizc  $00:9A8B: D0 F1    BNE $9A7E
f1030   c30649156    i44860417    A:30 X:06 Y:04 S:4C P:NvUbdizc  $00:9A7E: B9 2A 06 LDA $062A,Y @ $062E = #$0F
f1030   c30649160    i44860418    A:0F X:06 Y:04 S:4C P:nvUbdizc  $00:9A81: 29 30    AND #$30
f1030   c30649162    i44860419    A:00 X:06 Y:04 S:4C P:nvUbdiZc  $00:9A83: 18       CLC
f1030   c30649164    i44860420    A:00 X:06 Y:04 S:4C P:nvUbdiZc  $00:9A84: 65 4A    ADC $4A = #$0A
f1030   c30649167    i44860421    A:0A X:06 Y:04 S:4C P:nvUbdizc  $00:9A86: 20 A2 9A JSR $9AA2
f1030   c30649173    i44860422    A:0A X:06 Y:04 S:4A P:nvUbdizc  $00:9AA2: AA       TAX
f1030   c30649175    i44860423    A:0A X:0A Y:04 S:4A P:nvUbdizc  $00:9AA3: BD A2 9E LDA $9EA2,X @ $9EAC = #$00
f1030   c30649179    i44860424    A:00 X:0A Y:04 S:4A P:nvUbdiZc  $00:9AA6: 85 E6    STA $E6 = #$30
f1030   c30649182    i44860425    A:00 X:0A Y:04 S:4A P:nvUbdiZc  $00:9AA8: B9 2A 06 LDA $062A,Y @ $062E = #$0F
f1030   c30649186    i44860426    A:0F X:0A Y:04 S:4A P:nvUbdizc  $00:9AAB: 29 0F    AND #$0F
f1030   c30649188    i44860427    A:0F X:0A Y:04 S:4A P:nvUbdizc  $00:9AAD: 05 E6    ORA $E6 = #$00
f1030   c30649191    i44860428    A:0F X:0A Y:04 S:4A P:nvUbdizc  $00:9AAF: A6 E7    LDX $E7 = #$07
f1030   c30649194    i44860429    A:0F X:07 Y:04 S:4A P:nvUbdizc  $00:9AB1: 9D E8 05 STA $05E8,X @ $05EF = #$0F
f1031   c30676536    i44868992    A:C4 X:10 Y:03 S:D9 P:NvUbdIzC  $06:8241: A0 06    LDY #$06
f1031   c30676538    i44868993    A:C4 X:10 Y:06 S:D9 P:nvUbdIzC  $06:8243: 91 F0    STA ($F0),Y @ $076D = #$C4
f1031   c30676544    i44868994    A:C4 X:10 Y:06 S:D9 P:nvUbdIzC  $06:8245: A6 F3    LDX $F3 = #$04
f1031   c30676547    i44868995    A:C4 X:04 Y:06 S:D9 P:nvUbdIzC  $06:8247: CA       DEX
f1031   c30676549    i44868996    A:C4 X:03 Y:06 S:D9 P:nvUbdIzC  $06:8248: BD AF 07 LDA $07AF,X @ $07B2 = #$01
f1031   c30676553    i44868997    A:01 X:03 Y:06 S:D9 P:nvUbdIzC  $06:824B: C9 01    CMP #$01
f1031   c30676555    i44868998    A:01 X:03 Y:06 S:D9 P:nvUbdIZC  $06:824D: F0 08    BEQ $8257
f1031   c30676558    i44868999    A:01 X:03 Y:06 S:D9 P:nvUbdIZC  $06:8257: BD C7 07 LDA $07C7,X @ $07CA = #$06
f1031   c30676562    i44869000    A:06 X:03 Y:06 S:D9 P:nvUbdIzC  $06:825A: 0A       ASL
f1031   c30676564    i44869001    A:0C X:03 Y:06 S:D9 P:nvUbdIzc  $06:825B: A8       TAY
f1031   c30676566    i44869002    A:0C X:03 Y:0C S:D9 P:nvUbdIzc  $06:825C: B9 69 82 LDA $8269,Y @ $8275 = #$97
f1031   c30676570    i44869003    A:97 X:03 Y:0C S:D9 P:NvUbdIzc  $06:825F: 85 F9    STA $F9 = #$0E
f1031   c30676573    i44869004    A:97 X:03 Y:0C S:D9 P:NvUbdIzc  $06:8261: B9 6A 82 LDA $826A,Y @ $8276 = #$82
f1031   c30676577    i44869005    A:82 X:03 Y:0C S:D9 P:NvUbdIzc  $06:8264: 85 FA    STA $FA = #$83
f1031   c30676580    i44869006    A:82 X:03 Y:0C S:D9 P:NvUbdIzc  $06:8266: 6C F9 00 JMP ($00F9) = $8297
f1031   c30676585    i44869007    A:82 X:03 Y:0C S:D9 P:NvUbdIzc  $06:8297: BD B7 07 LDA $07B7,X @ $07BA = #$D5
f1031   c30676589    i44869008    A:D5 X:03 Y:0C S:D9 P:NvUbdIzc  $06:829A: A0 07    LDY #$07
f1031   c30676591    i44869009    A:D5 X:03 Y:07 S:D9 P:nvUbdIzc  $06:829C: 91 F0    STA ($F0),Y @ $076E = #$D5
f1031   c30676597    i44869010    A:D5 X:03 Y:07 S:D9 P:nvUbdIzc  $06:829E: BD BF 07 LDA $07BF,X @ $07C2 = #$80
f1031   c30676601    i44869011    A:80 X:03 Y:07 S:D9 P:NvUbdIzc  $06:82A1: C8       INY
f1031   c30676603    i44869012    A:80 X:03 Y:08 S:D9 P:nvUbdIzc  $06:82A2: 91 F0    STA ($F0),Y @ $076F = #$80
f1031   c30676609    i44869013    A:80 X:03 Y:08 S:D9 P:nvUbdIzc  $06:82A4: BD C7 07 LDA $07C7,X @ $07CA = #$06
f1031   c30676613    i44869014    A:06 X:03 Y:08 S:D9 P:nvUbdIzc  $06:82A7: 18       CLC
f1031   c30676615    i44869015    A:06 X:03 Y:08 S:D9 P:nvUbdIzc  $06:82A8: 69 01    ADC #$01
f1031   c30676617    i44869016    A:07 X:03 Y:08 S:D9 P:nvUbdIzc  $06:82AA: C9 0A    CMP #$0A
f1031   c30676619    i44869017    A:07 X:03 Y:08 S:D9 P:NvUbdIzc  $06:82AC: D0 02    BNE $82B0
f1031   c30676622    i44869018    A:07 X:03 Y:08 S:D9 P:NvUbdIzc  $06:82B0: 9D C7 07 STA $07C7,X @ $07CA = #$06
f1031   c30676627    i44869019    A:07 X:03 Y:08 S:D9 P:NvUbdIzc  $06:82B3: 60       RTS (from $81DB)
f1031   c30676633    i44869020    A:07 X:03 Y:08 S:DB P:NvUbdIzc  $06:810C: 18       CLC
f1031   c30676635    i44869021    A:07 X:03 Y:08 S:DB P:NvUbdIzc  $06:810D: A9 10    LDA #$10
f1031   c30676637    i44869022    A:10 X:03 Y:08 S:DB P:nvUbdIzc  $06:810F: 65 F0    ADC $F0 = #$67
f1031   c30676640    i44869023    A:77 X:03 Y:08 S:DB P:nvUbdIzc  $06:8111: 85 F0    STA $F0 = #$67
f1031   c30676643    i44869024    A:77 X:03 Y:08 S:DB P:nvUbdIzc  $06:8113: A9 04    LDA #$04
f1031   c30676645    i44869025    A:04 X:03 Y:08 S:DB P:nvUbdIzc  $06:8115: 65 F2    ADC $F2 = #$10
f1031   c30676648    i44869026    A:14 X:03 Y:08 S:DB P:nvUbdIzc  $06:8117: 85 F2    STA $F2 = #$10
f1031   c30676651    i44869027    A:14 X:03 Y:08 S:DB P:nvUbdIzc  $06:8119: C6 F3    DEC $F3 = #$04
f1031   c30676656    i44869028    A:14 X:03 Y:08 S:DB P:nvUbdIzc  $06:811B: D0 AD    BNE $80CA
f1031   c30676660    i44869029    A:14 X:03 Y:08 S:DB P:nvUbdIzc  $06:80CA: AD 06 07 LDA $0706 = #$87
f1031   c30676664    i44869030    A:87 X:03 Y:08 S:DB P:NvUbdIzc  $06:80CD: 4A       LSR
f1031   c30676666    i44869031    A:43 X:03 Y:08 S:DB P:nvUbdIzC  $06:80CE: 90 02    BCC $80D2
f1031   c30676668    i44869032    A:43 X:03 Y:08 S:DB P:nvUbdIzC  $06:80D0: 09 80    ORA #$80
f1034   c30768041    i44897596    A:06 X:06 Y:01 S:4A P:nvUbdizc  $00:9AA3: BD A2 9E LDA $9EA2,X @ $9EA8 = #$00
f1034   c30768045    i44897597    A:00 X:06 Y:01 S:4A P:nvUbdiZc  $00:9AA6: 85 E6    STA $E6 = #$00
f1034   c30768048    i44897598    A:00 X:06 Y:01 S:4A P:nvUbdiZc  $00:9AA8: B9 2A 06 LDA $062A,Y @ $062B = #$0F
f1034   c30768052    i44897599    A:0F X:06 Y:01 S:4A P:nvUbdizc  $00:9AAB: 29 0F    AND #$0F
f1034   c30768054    i44897600    A:0F X:06 Y:01 S:4A P:nvUbdizc  $00:9AAD: 05 E6    ORA $E6 = #$00
f1034   c30768057    i44897601    A:0F X:06 Y:01 S:4A P:nvUbdizc  $00:9AAF: A6 E7    LDX $E7 = #$04
f1034   c30768060    i44897602    A:0F X:04 Y:01 S:4A P:nvUbdizc  $00:9AB1: 9D E8 05 STA $05E8,X @ $05EC = #$0F
f1034   c30768065    i44897603    A:0F X:04 Y:01 S:4A P:nvUbdizc  $00:9AB4: E6 E7    INC $E7 = #$04
f1034   c30768070    i44897604    A:0F X:04 Y:01 S:4A P:nvUbdizc  $00:9AB6: C8       INY
f1034   c30768072    i44897605    A:0F X:04 Y:02 S:4A P:nvUbdizc  $00:9AB7: 60       RTS (from $9AA2)
f1034   c30768078    i44897606    A:0F X:04 Y:02 S:4C P:nvUbdizc  $00:9A89: C0 10    CPY #$10
f1034   c30768080    i44897607    A:0F X:04 Y:02 S:4C P:NvUbdizc  $00:9A8B: D0 F1    BNE $9A7E
f1034   c30768083    i44897608    A:0F X:04 Y:02 S:4C P:NvUbdizc  $00:9A7E: B9 2A 06 LDA $062A,Y @ $062C = #$10
f1034   c30768087    i44897609    A:10 X:04 Y:02 S:4C P:nvUbdizc  $00:9A81: 29 30    AND #$30
f1034   c30768089    i44897610    A:10 X:04 Y:02 S:4C P:nvUbdizc  $00:9A83: 18       CLC
f1034   c30768091    i44897611    A:10 X:04 Y:02 S:4C P:nvUbdizc  $00:9A84: 65 4A    ADC $4A = #$06
f1034   c30768094    i44897612    A:16 X:04 Y:02 S:4C P:nvUbdizc  $00:9A86: 20 A2 9A JSR $9AA2
f1034   c30768100    i44897613    A:16 X:04 Y:02 S:4A P:nvUbdizc  $00:9AA2: AA       TAX
f1034   c30768102    i44897614    A:16 X:16 Y:02 S:4A P:nvUbdizc  $00:9AA3: BD A2 9E LDA $9EA2,X @ $9EB8 = #$10
f1034   c30768106    i44897615    A:10 X:16 Y:02 S:4A P:nvUbdizc  $00:9AA6: 85 E6    STA $E6 = #$00
f1034   c30768109    i44897616    A:10 X:16 Y:02 S:4A P:nvUbdizc  $00:9AA8: B9 2A 06 LDA $062A,Y @ $062C = #$10
f1034   c30768113    i44897617    A:10 X:16 Y:02 S:4A P:nvUbdizc  $00:9AAB: 29 0F    AND #$0F
f1034   c30768115    i44897618    A:00 X:16 Y:02 S:4A P:nvUbdiZc  $00:9AAD: 05 E6    ORA $E6 = #$10
f1034   c30768118    i44897619    A:10 X:16 Y:02 S:4A P:nvUbdizc  $00:9AAF: A6 E7    LDX $E7 = #$05
f1034   c30768121    i44897620    A:10 X:05 Y:02 S:4A P:nvUbdizc  $00:9AB1: 9D E8 05 STA $05E8,X @ $05ED = #$10
f1034   c30768126    i44897621    A:10 X:05 Y:02 S:4A P:nvUbdizc  $00:9AB4: E6 E7    INC $E7 = #$05
f1034   c30768131    i44897622    A:10 X:05 Y:02 S:4A P:nvUbdizc  $00:9AB6: C8       INY
f1034   c30768133    i44897623    A:10 X:05 Y:03 S:4A P:nvUbdizc  $00:9AB7: 60       RTS (from $9AA2)
f1034   c30768139    i44897624    A:10 X:05 Y:03 S:4C P:nvUbdizc  $00:9A89: C0 10    CPY #$10
f1034   c30768141    i44897625    A:10 X:05 Y:03 S:4C P:NvUbdizc  $00:9A8B: D0 F1    BNE $9A7E
f1034   c30768144    i44897626    A:10 X:05 Y:03 S:4C P:NvUbdizc  $00:9A7E: B9 2A 06 LDA $062A,Y @ $062D = #$30
f1034   c30768148    i44897627    A:30 X:05 Y:03 S:4C P:nvUbdizc  $00:9A81: 29 30    AND #$30
f1034   c30768150    i44897628    A:30 X:05 Y:03 S:4C P:nvUbdizc  $00:9A83: 18       CLC
f1034   c30768152    i44897629    A:30 X:05 Y:03 S:4C P:nvUbdizc  $00:9A84: 65 4A    ADC $4A = #$06
f1034   c30768155    i44897630    A:36 X:05 Y:03 S:4C P:nvUbdizc  $00:9A86: 20 A2 9A JSR $9AA2
f1034   c30768161    i44897631    A:36 X:05 Y:03 S:4A P:nvUbdizc  $00:9AA2: AA       TAX
f1034   c30768163    i44897632    A:36 X:36 Y:03 S:4A P:nvUbdizc  $00:9AA3: BD A2 9E LDA $9EA2,X @ $9ED8 = #$20
f1034   c30768167    i44897633    A:20 X:36 Y:03 S:4A P:nvUbdizc  $00:9AA6: 85 E6    STA $E6 = #$10
f1034   c30768170    i44897634    A:20 X:36 Y:03 S:4A P:nvUbdizc  $00:9AA8: B9 2A 06 LDA $062A,Y @ $062D = #$30
f1034   c30768174    i44897635    A:30 X:36 Y:03 S:4A P:nvUbdizc  $00:9AAB: 29 0F    AND #$0F
f1034   c30768176    i44897636    A:00 X:36 Y:03 S:4A P:nvUbdiZc  $00:9AAD: 05 E6    ORA $E6 = #$20
f1036   c30827848    i44916424    A:24 X:24 Y:06 S:4A P:nvUbdizc  $00:9AA3: BD A2 9E LDA $9EA2,X @ $9EC6 = #$10
f1036   c30827852    i44916425    A:10 X:24 Y:06 S:4A P:nvUbdizc  $00:9AA6: 85 E6    STA $E6 = #$10
f1036   c30827855    i44916426    A:10 X:24 Y:06 S:4A P:nvUbdizc  $00:9AA8: B9 2A 06 LDA $062A,Y @ $0630 = #$25
f1036   c30827859    i44916427    A:25 X:24 Y:06 S:4A P:nvUbdizc  $00:9AAB: 29 0F    AND #$0F
f1036   c30827861    i44916428    A:05 X:24 Y:06 S:4A P:nvUbdizc  $00:9AAD: 05 E6    ORA $E6 = #$10
f1036   c30827864    i44916429    A:15 X:24 Y:06 S:4A P:nvUbdizc  $00:9AAF: A6 E7    LDX $E7 = #$09
f1036   c30827867    i44916430    A:15 X:09 Y:06 S:4A P:nvUbdizc  $00:9AB1: 9D E8 05 STA $05E8,X @ $05F1 = #$15
f1036   c30827872    i44916431    A:15 X:09 Y:06 S:4A P:nvUbdizc  $00:9AB4: E6 E7    INC $E7 = #$09
f1036   c30827877    i44916432    A:15 X:09 Y:06 S:4A P:nvUbdizc  $00:9AB6: C8       INY
f1036   c30827879    i44916433    A:15 X:09 Y:07 S:4A P:nvUbdizc  $00:9AB7: 60       RTS (from $9AA2)
f1036   c30827885    i44916434    A:15 X:09 Y:07 S:4C P:nvUbdizc  $00:9A89: C0 10    CPY #$10
f1036   c30827887    i44916435    A:15 X:09 Y:07 S:4C P:NvUbdizc  $00:9A8B: D0 F1    BNE $9A7E
f1036   c30827890    i44916436    A:15 X:09 Y:07 S:4C P:NvUbdizc  $00:9A7E: B9 2A 06 LDA $062A,Y @ $0631 = #$30
f1036   c30827894    i44916437    A:30 X:09 Y:07 S:4C P:nvUbdizc  $00:9A81: 29 30    AND #$30
f1036   c30827896    i44916438    A:30 X:09 Y:07 S:4C P:nvUbdizc  $00:9A83: 18       CLC
f1036   c30827898    i44916439    A:30 X:09 Y:07 S:4C P:nvUbdizc  $00:9A84: 65 4A    ADC $4A = #$04
f1036   c30827901    i44916440    A:34 X:09 Y:07 S:4C P:nvUbdizc  $00:9A86: 20 A2 9A JSR $9AA2
f1036   c30827907    i44916441    A:34 X:09 Y:07 S:4A P:nvUbdizc  $00:9AA2: AA       TAX
f1036   c30827909    i44916442    A:34 X:34 Y:07 S:4A P:nvUbdizc  $00:9AA3: BD A2 9E LDA $9EA2,X @ $9ED6 = #$10
f1036   c30827913    i44916443    A:10 X:34 Y:07 S:4A P:nvUbdizc  $00:9AA6: 85 E6    STA $E6 = #$10
f1036   c30827916    i44916444    A:10 X:34 Y:07 S:4A P:nvUbdizc  $00:9AA8: B9 2A 06 LDA $062A,Y @ $0631 = #$30
f1036   c30827920    i44916445    A:30 X:34 Y:07 S:4A P:nvUbdizc  $00:9AAB: 29 0F    AND #$0F
f1036   c30827922    i44916446    A:00 X:34 Y:07 S:4A P:nvUbdiZc  $00:9AAD: 05 E6    ORA $E6 = #$10
f1036   c30827925    i44916447    A:10 X:34 Y:07 S:4A P:nvUbdizc  $00:9AAF: A6 E7    LDX $E7 = #$0A
f1036   c30827928    i44916448    A:10 X:0A Y:07 S:4A P:nvUbdizc  $00:9AB1: 9D E8 05 STA $05E8,X @ $05F2 = #$20
f1036   c30827933    i44916449    A:10 X:0A Y:07 S:4A P:nvUbdizc  $00:9AB4: E6 E7    INC $E7 = #$0A
f1036   c30827938    i44916450    A:10 X:0A Y:07 S:4A P:nvUbdizc  $00:9AB6: C8       INY
f1036   c30827940    i44916451    A:10 X:0A Y:08 S:4A P:nvUbdizc  $00:9AB7: 60       RTS (from $9AA2)
f1036   c30827946    i44916452    A:10 X:0A Y:08 S:4C P:nvUbdizc  $00:9A89: C0 10    CPY #$10
f1036   c30827948    i44916453    A:10 X:0A Y:08 S:4C P:NvUbdizc  $00:9A8B: D0 F1    BNE $9A7E
f1036   c30827951    i44916454    A:10 X:0A Y:08 S:4C P:NvUbdizc  $00:9A7E: B9 2A 06 LDA $062A,Y @ $0632 = #$0F
f1036   c30827955    i44916455    A:0F X:0A Y:08 S:4C P:nvUbdizc  $00:9A81: 29 30    AND #$30
f1036   c30827957    i44916456    A:00 X:0A Y:08 S:4C P:nvUbdiZc  $00:9A83: 18       CLC
f1036   c30827959    i44916457    A:00 X:0A Y:08 S:4C P:nvUbdiZc  $00:9A84: 65 4A    ADC $4A = #$04
f1036   c30827962    i44916458    A:04 X:0A Y:08 S:4C P:nvUbdizc  $00:9A86: 20 A2 9A JSR $9AA2
f1036   c30827968    i44916459    A:04 X:0A Y:08 S:4A P:nvUbdizc  $00:9AA2: AA       TAX
f1036   c30827970    i44916460    A:04 X:04 Y:08 S:4A P:nvUbdizc  $00:9AA3: BD A2 9E LDA $9EA2,X @ $9EA6 = #$00
f1036   c30827974    i44916461    A:00 X:04 Y:08 S:4A P:nvUbdiZc  $00:9AA6: 85 E6    STA $E6 = #$10
f1036   c30827977    i44916462    A:00 X:04 Y:08 S:4A P:nvUbdiZc  $00:9AA8: B9 2A 06 LDA $062A,Y @ $0632 = #$0F
f1036   c30827981    i44916463    A:0F X:04 Y:08 S:4A P:nvUbdizc  $00:9AAB: 29 0F    AND #$0F
f1036   c30827983    i44916464    A:0F X:04 Y:08 S:4A P:nvUbdizc  $00:9AAD: 05 E6    ORA $E6 = #$00
f1038   c30887068    i44935157    A:00 X:02 Y:00 S:4A P:nvUbdiZc  $00:9AA8: B9 2A 06 LDA $062A,Y @ $062A = #$0F
f1038   c30887072    i44935158    A:0F X:02 Y:00 S:4A P:nvUbdizc  $00:9AAB: 29 0F    AND #$0F
f1038   c30887074    i44935159    A:0F X:02 Y:00 S:4A P:nvUbdizc  $00:9AAD: 05 E6    ORA $E6 = #$00
f1038   c30887077    i44935160    A:0F X:02 Y:00 S:4A P:nvUbdizc  $00:9AAF: A6 E7    LDX $E7 = #$03
f1038   c30887080    i44935161    A:0F X:03 Y:00 S:4A P:nvUbdizc  $00:9AB1: 9D E8 05 STA $05E8,X @ $05EB = #$0F
f1038   c30887085    i44935162    A:0F X:03 Y:00 S:4A P:nvUbdizc  $00:9AB4: E6 E7    INC $E7 = #$03
f1038   c30887090    i44935163    A:0F X:03 Y:00 S:4A P:nvUbdizc  $00:9AB6: C8       INY
f1038   c30887092    i44935164    A:0F X:03 Y:01 S:4A P:nvUbdizc  $00:9AB7: 60       RTS (from $9AA2)
f1038   c30887098    i44935165    A:0F X:03 Y:01 S:4C P:nvUbdizc  $00:9A89: C0 10    CPY #$10
f1038   c30887100    i44935166    A:0F X:03 Y:01 S:4C P:NvUbdizc  $00:9A8B: D0 F1    BNE $9A7E
f1038   c30887103    i44935167    A:0F X:03 Y:01 S:4C P:NvUbdizc  $00:9A7E: B9 2A 06 LDA $062A,Y @ $062B = #$0F
f1038   c30887107    i44935168    A:0F X:03 Y:01 S:4C P:nvUbdizc  $00:9A81: 29 30    AND #$30
f1038   c30887109    i44935169    A:00 X:03 Y:01 S:4C P:nvUbdiZc  $00:9A83: 18       CLC
f1038   c30887111    i44935170    A:00 X:03 Y:01 S:4C P:nvUbdiZc  $00:9A84: 65 4A    ADC $4A = #$02
f1038   c30887114    i44935171    A:02 X:03 Y:01 S:4C P:nvUbdizc  $00:9A86: 20 A2 9A JSR $9AA2
f1038   c30887120    i44935172    A:02 X:03 Y:01 S:4A P:nvUbdizc  $00:9AA2: AA       TAX
f1038   c30887122    i44935173    A:02 X:02 Y:01 S:4A P:nvUbdizc  $00:9AA3: BD A2 9E LDA $9EA2,X @ $9EA4 = #$00
f1038   c30887126    i44935174    A:00 X:02 Y:01 S:4A P:nvUbdiZc  $00:9AA6: 85 E6    STA $E6 = #$00
f1038   c30887129    i44935175    A:00 X:02 Y:01 S:4A P:nvUbdiZc  $00:9AA8: B9 2A 06 LDA $062A,Y @ $062B = #$0F
f1038   c30887133    i44935176    A:0F X:02 Y:01 S:4A P:nvUbdizc  $00:9AAB: 29 0F    AND #$0F
f1038   c30887135    i44935177    A:0F X:02 Y:01 S:4A P:nvUbdizc  $00:9AAD: 05 E6    ORA $E6 = #$00
f1038   c30887138    i44935178    A:0F X:02 Y:01 S:4A P:nvUbdizc  $00:9AAF: A6 E7    LDX $E7 = #$04
f1038   c30887141    i44935179    A:0F X:04 Y:01 S:4A P:nvUbdizc  $00:9AB1: 9D E8 05 STA $05E8,X @ $05EC = #$0F
f1038   c30887146    i44935180    A:0F X:04 Y:01 S:4A P:nvUbdizc  $00:9AB4: E6 E7    INC $E7 = #$04
f1038   c30887151    i44935181    A:0F X:04 Y:01 S:4A P:nvUbdizc  $00:9AB6: C8       INY
f1038   c30887153    i44935182    A:0F X:04 Y:02 S:4A P:nvUbdizc  $00:9AB7: 60       RTS (from $9AA2)
f1038   c30887159    i44935183    A:0F X:04 Y:02 S:4C P:nvUbdizc  $00:9A89: C0 10    CPY #$10
f1038   c30887161    i44935184    A:0F X:04 Y:02 S:4C P:NvUbdizc  $00:9A8B: D0 F1    BNE $9A7E
f1038   c30887164    i44935185    A:0F X:04 Y:02 S:4C P:NvUbdizc  $00:9A7E: B9 2A 06 LDA $062A,Y @ $062C = #$10
f1038   c30887168    i44935186    A:10 X:04 Y:02 S:4C P:nvUbdizc  $00:9A81: 29 30    AND #$30
f1038   c30887170    i44935187    A:10 X:04 Y:02 S:4C P:nvUbdizc  $00:9A83: 18       CLC
f1038   c30887172    i44935188    A:10 X:04 Y:02 S:4C P:nvUbdizc  $00:9A84: 65 4A    ADC $4A = #$02
f1038   c30887175    i44935189    A:12 X:04 Y:02 S:4C P:nvUbdizc  $00:9A86: 20 A2 9A JSR $9AA2
f1038   c30887181    i44935190    A:12 X:04 Y:02 S:4A P:nvUbdizc  $00:9AA2: AA       TAX
f1038   c30887183    i44935191    A:12 X:12 Y:02 S:4A P:nvUbdizc  $00:9AA3: BD A2 9E LDA $9EA2,X @ $9EB4 = #$00
f1038   c30887187    i44935192    A:00 X:12 Y:02 S:4A P:nvUbdiZc  $00:9AA6: 85 E6    STA $E6 = #$00
f1038   c30887190    i44935193    A:00 X:12 Y:02 S:4A P:nvUbdiZc  $00:9AA8: B9 2A 06 LDA $062A,Y @ $062C = #$10
f1038   c30887194    i44935194    A:10 X:12 Y:02 S:4A P:nvUbdizc  $00:9AAB: 29 0F    AND #$0F
f1038   c30887196    i44935195    A:00 X:12 Y:02 S:4A P:nvUbdiZc  $00:9AAD: 05 E6    ORA $E6 = #$00
f1038   c30887199    i44935196    A:00 X:12 Y:02 S:4A P:nvUbdiZc  $00:9AAF: A6 E7    LDX $E7 = #$05
f1038   c30887202    i44935197    A:00 X:05 Y:02 S:4A P:nvUbdizc  $00:9AB1: 9D E8 05 STA $05E8,X @ $05ED = #$00
f1039   c30916243    i44944373    A:F0 X:1C Y:06 S:DB P:nvUbdIZC  $06:80DC: D0 03    BNE $80E1
f1039   c30916245    i44944374    A:F0 X:1C Y:06 S:DB P:nvUbdIZC  $06:80DE: 20 CB 83 JSR $83CB
f1039   c30916251    i44944375    A:F0 X:1C Y:06 S:D9 P:nvUbdIZC  $06:83CB: A9 CF    LDA #$CF
f1039   c30916253    i44944376    A:CF X:1C Y:06 S:D9 P:NvUbdIzC  $06:83CD: A0 05    LDY #$05
f1039   c30916255    i44944377    A:CF X:1C Y:05 S:D9 P:nvUbdIzC  $06:83CF: 31 F0    AND ($F0),Y @ $079C = #$06
f1039   c30916260    i44944378    A:06 X:1C Y:05 S:D9 P:nvUbdIzC  $06:83D1: 91 F0    STA ($F0),Y @ $079C = #$06
f1039   c30916266    i44944379    A:06 X:1C Y:05 S:D9 P:nvUbdIzC  $06:83D3: A0 00    LDY #$00
f1039   c30916268    i44944380    A:06 X:1C Y:00 S:D9 P:nvUbdIZC  $06:83D5: B1 F0    LDA ($F0),Y @ $0797 = #$EB
f1039   c30916273    i44944381    A:EB X:1C Y:00 S:D9 P:NvUbdIzC  $06:83D7: 85 F4    STA $F4 = #$1D
f1039   c30916276    i44944382    A:EB X:1C Y:00 S:D9 P:NvUbdIzC  $06:83D9: C8       INY
f1039   c30916278    i44944383    A:EB X:1C Y:01 S:D9 P:nvUbdIzC  $06:83DA: B1 F0    LDA ($F0),Y @ $0798 = #$BF
f1039   c30916283    i44944384    A:BF X:1C Y:01 S:D9 P:NvUbdIzC  $06:83DC: 85 F5    STA $F5 = #$01
f1039   c30916286    i44944385    A:BF X:1C Y:01 S:D9 P:NvUbdIzC  $06:83DE: 88       DEY
f1039   c30916288    i44944386    A:BF X:1C Y:00 S:D9 P:nvUbdIZC  $06:83DF: B1 F4    LDA ($F4),Y @ $BFEB = #$01
f1039   c30916293    i44944387    A:01 X:1C Y:00 S:D9 P:nvUbdIzC  $06:83E1: 10 21    BPL $8404
f1039   c30916297    i44944388    A:01 X:1C Y:00 S:D9 P:nvUbdIzC  $06:8404: C8       INY
f1039   c30916299    i44944389    A:01 X:1C Y:01 S:D9 P:nvUbdIzC  $06:8405: 48       PHA
f1039   c30916302    i44944390    A:01 X:1C Y:01 S:D8 P:nvUbdIzC  $06:8406: 98       TYA
f1039   c30916304    i44944391    A:01 X:1C Y:01 S:D8 P:nvUbdIzC  $06:8407: A0 00    LDY #$00
f1039   c30916306    i44944392    A:01 X:1C Y:00 S:D8 P:nvUbdIZC  $06:8409: 18       CLC
f1039   c30916308    i44944393    A:01 X:1C Y:00 S:D8 P:nvUbdIZc  $06:840A: 65 F4    ADC $F4 = #$EB
f1039   c30916311    i44944394    A:EC X:1C Y:00 S:D8 P:NvUbdIzc  $06:840C: 91 F0    STA ($F0),Y @ $0797 = #$EB
f1039   c30916317    i44944395    A:EC X:1C Y:00 S:D8 P:NvUbdIzc  $06:840E: C8       INY
f1039   c30916319    i44944396    A:EC X:1C Y:01 S:D8 P:nvUbdIzc  $06:840F: A9 00    LDA #$00
f1039   c30916321    i44944397    A:00 X:1C Y:01 S:D8 P:nvUbdIZc  $06:8411: 65 F5    ADC $F5 = #$BF
f1039   c30916324    i44944398    A:BF X:1C Y:01 S:D8 P:NvUbdIzc  $06:8413: 91 F0    STA ($F0),Y @ $0798 = #$BF
f1039   c30916330    i44944399    A:BF X:1C Y:01 S:D8 P:NvUbdIzc  $06:8415: 68       PLA
f1039   c30916334    i44944400    A:01 X:1C Y:01 S:D9 P:nvUbdIzc  $06:8416: A2 05    LDX #$05
f1039   c30916336    i44944401    A:01 X:05 Y:01 S:D9 P:nvUbdIzc  $06:8418: E4 F3    CPX $F3 = #$01
f1039   c30916339    i44944402    A:01 X:05 Y:01 S:D9 P:nvUbdIzC  $06:841A: F0 06    BEQ $8422
f1039   c30916341    i44944403    A:01 X:05 Y:01 S:D9 P:nvUbdIzC  $06:841C: A2 01    LDX #$01
f1039   c30916343    i44944404    A:01 X:01 Y:01 S:D9 P:nvUbdIzC  $06:841E: E4 F3    CPX $F3 = #$01
f1039   c30916346    i44944405    A:01 X:01 Y:01 S:D9 P:nvUbdIZC  $06:8420: 90 0C    BCC $842E
f1039   c30916348    i44944406    A:01 X:01 Y:01 S:D9 P:nvUbdIZC  $06:8422: C9 10    CMP #$10
f1039   c30916350    i44944407    A:01 X:01 Y:01 S:D9 P:NvUbdIzc  $06:8424: F0 0F    BEQ $8435
f1039   c30916352    i44944408    A:01 X:01 Y:01 S:D9 P:NvUbdIzc  $06:8426: 85 F4    STA $F4 = #$EB
f1039   c30916355    i44944409    A:01 X:01 Y:01 S:D9 P:NvUbdIzc  $06:8428: A9 00    LDA #$00
f1039   c30916357    i44944410    A:00 X:01 Y:01 S:D9 P:nvUbdIZc  $06:842A: 85 F5    STA $F5 = #$BF
f1039   c30916360    i44944411    A:00 X:01 Y:01 S:D9 P:nvUbdIZc  $06:842C: F0 2E    BEQ $845C
f1039   c30916363    i44944412    A:00 X:01 Y:01 S:D9 P:nvUbdIZc  $06:845C: A5 F4    LDA $F4 = #$01
f1039   c30916366    i44944413    A:01 X:01 Y:01 S:D9 P:nvUbdIzc  $06:845E: A6 F3    LDX $F3 = #$01
f1039   c30916369    i44944414    A:01 X:01 Y:01 S:D9 P:nvUbdIzc  $06:8460: CA       DEX
f1041   c30974322    i44962708    A:C7 X:10 Y:03 S:D9 P:NvUbdIzC  $06:8241: A0 06    LDY #$06
f1041   c30974324    i44962709    A:C7 X:10 Y:06 S:D9 P:nvUbdIzC  $06:8243: 91 F0    STA ($F0),Y @ $076D = #$C7
f1041   c30974330    i44962710    A:C7 X:10 Y:06 S:D9 P:nvUbdIzC  $06:8245: A6 F3    LDX $F3 = #$04
f1041   c30974333    i44962711    A:C7 X:04 Y:06 S:D9 P:nvUbdIzC  $06:8247: CA       DEX
f1041   c30974335    i44962712    A:C7 X:03 Y:06 S:D9 P:nvUbdIzC  $06:8248: BD AF 07 LDA $07AF,X @ $07B2 = #$01
f1041   c30974339    i44962713    A:01 X:03 Y:06 S:D9 P:nvUbdIzC  $06:824B: C9 01    CMP #$01
f1041   c30974341    i44962714    A:01 X:03 Y:06 S:D9 P:nvUbdIZC  $06:824D: F0 08    BEQ $8257
f1041   c30974344    i44962715    A:01 X:03 Y:06 S:D9 P:nvUbdIZC  $06:8257: BD C7 07 LDA $07C7,X @ $07CA = #$06
f1041   c30974348    i44962716    A:06 X:03 Y:06 S:D9 P:nvUbdIzC  $06:825A: 0A       ASL
f1041   c30974350    i44962717    A:0C X:03 Y:06 S:D9 P:nvUbdIzc  $06:825B: A8       TAY
f1041   c30974352    i44962718    A:0C X:03 Y:0C S:D9 P:nvUbdIzc  $06:825C: B9 69 82 LDA $8269,Y @ $8275 = #$97
f1041   c30974356    i44962719    A:97 X:03 Y:0C S:D9 P:NvUbdIzc  $06:825F: 85 F9    STA $F9 = #$97
f1041   c30974359    i44962720    A:97 X:03 Y:0C S:D9 P:NvUbdIzc  $06:8261: B9 6A 82 LDA $826A,Y @ $8276 = #$82
f1041   c30974363    i44962721    A:82 X:03 Y:0C S:D9 P:NvUbdIzc  $06:8264: 85 FA    STA $FA = #$82
f1041   c30974366    i44962722    A:82 X:03 Y:0C S:D9 P:NvUbdIzc  $06:8266: 6C F9 00 JMP ($00F9) = $8297
f1041   c30974371    i44962723    A:82 X:03 Y:0C S:D9 P:NvUbdIzc  $06:8297: BD B7 07 LDA $07B7,X @ $07BA = #$EF
f1041   c30974375    i44962724    A:EF X:03 Y:0C S:D9 P:NvUbdIzc  $06:829A: A0 07    LDY #$07
f1041   c30974377    i44962725    A:EF X:03 Y:07 S:D9 P:nvUbdIzc  $06:829C: 91 F0    STA ($F0),Y @ $076E = #$EF
f1041   c30974383    i44962726    A:EF X:03 Y:07 S:D9 P:nvUbdIzc  $06:829E: BD BF 07 LDA $07BF,X @ $07C2 = #$80
f1041   c30974387    i44962727    A:80 X:03 Y:07 S:D9 P:NvUbdIzc  $06:82A1: C8       INY
f1041   c30974389    i44962728    A:80 X:03 Y:08 S:D9 P:nvUbdIzc  $06:82A2: 91 F0    STA ($F0),Y @ $076F = #$80
f1041   c30974395    i44962729    A:80 X:03 Y:08 S:D9 P:nvUbdIzc  $06:82A4: BD C7 07 LDA $07C7,X @ $07CA = #$06
f1041   c30974399    i44962730    A:06 X:03 Y:08 S:D9 P:nvUbdIzc  $06:82A7: 18       CLC
f1041   c30974401    i44962731    A:06 X:03 Y:08 S:D9 P:nvUbdIzc  $06:82A8: 69 01    ADC #$01
f1041   c30974403    i44962732    A:07 X:03 Y:08 S:D9 P:nvUbdIzc  $06:82AA: C9 0A    CMP #$0A
f1041   c30974405    i44962733    A:07 X:03 Y:08 S:D9 P:NvUbdIzc  $06:82AC: D0 02    BNE $82B0
f1041   c30974408    i44962734    A:07 X:03 Y:08 S:D9 P:NvUbdIzc  $06:82B0: 9D C7 07 STA $07C7,X @ $07CA = #$06
f1041   c30974413    i44962735    A:07 X:03 Y:08 S:D9 P:NvUbdIzc  $06:82B3: 60       RTS (from $81DB)
f1041   c30974419    i44962736    A:07 X:03 Y:08 S:DB P:NvUbdIzc  $06:810C: 18       CLC
f1041   c30974421    i44962737    A:07 X:03 Y:08 S:DB P:NvUbdIzc  $06:810D: A9 10    LDA #$10
f1041   c30974423    i44962738    A:10 X:03 Y:08 S:DB P:nvUbdIzc  $06:810F: 65 F0    ADC $F0 = #$67
f1041   c30974426    i44962739    A:77 X:03 Y:08 S:DB P:nvUbdIzc  $06:8111: 85 F0    STA $F0 = #$67
f1041   c30974429    i44962740    A:77 X:03 Y:08 S:DB P:nvUbdIzc  $06:8113: A9 04    LDA #$04
f1041   c30974431    i44962741    A:04 X:03 Y:08 S:DB P:nvUbdIzc  $06:8115: 65 F2    ADC $F2 = #$10
f1041   c30974434    i44962742    A:14 X:03 Y:08 S:DB P:nvUbdIzc  $06:8117: 85 F2    STA $F2 = #$10
f1041   c30974437    i44962743    A:14 X:03 Y:08 S:DB P:nvUbdIzc  $06:8119: C6 F3    DEC $F3 = #$04
f1041   c30974442    i44962744    A:14 X:03 Y:08 S:DB P:nvUbdIzc  $06:811B: D0 AD    BNE $80CA
f1041   c30974446    i44962745    A:14 X:03 Y:08 S:DB P:nvUbdIzc  $06:80CA: AD 06 07 LDA $0706 = #$87
f1041   c30974450    i44962746    A:87 X:03 Y:08 S:DB P:NvUbdIzc  $06:80CD: 4A       LSR
f1041   c30974452    i44962747    A:43 X:03 Y:08 S:DB P:nvUbdIzC  $06:80CE: 90 02    BCC $80D2
f1041   c30974454    i44962748    A:43 X:03 Y:08 S:DB P:nvUbdIzC  $06:80D0: 09 80    ORA #$80
f1046   c31123928    i45010464    A:01 X:1C Y:08 S:D9 P:nvUbdIzc  $06:84BA: A9 00    LDA #$00
f1046   c31123930    i45010465    A:00 X:1C Y:08 S:D9 P:nvUbdIZc  $06:84BC: A0 04    LDY #$04
f1046   c31123932    i45010466    A:00 X:1C Y:04 S:D9 P:nvUbdIzc  $06:84BE: 91 F0    STA ($F0),Y @ $079B = #$0E
f1046   c31123938    i45010467    A:00 X:1C Y:04 S:D9 P:nvUbdIzc  $06:84C0: A6 F2    LDX $F2 = #$1C
f1046   c31123941    i45010468    A:00 X:1C Y:04 S:D9 P:nvUbdIzc  $06:84C2: BD 08 07 LDA $0708,X @ $0724 = #$07
f1046   c31123945    i45010469    A:07 X:1C Y:04 S:D9 P:nvUbdIzc  $06:84C5: 9D 07 07 STA $0707,X @ $0723 = #$00
f1046   c31123950    i45010470    A:07 X:1C Y:04 S:D9 P:nvUbdIzc  $06:84C8: 60       RTS (from $83CB)
f1046   c31123956    i45010471    A:07 X:1C Y:04 S:DB P:nvUbdIzc  $06:80E1: A6 F2    LDX $F2 = #$1C
f1046   c31123959    i45010472    A:07 X:1C Y:04 S:DB P:nvUbdIzc  $06:80E3: DE 09 07 DEC $0709,X @ $0725 = #$01
f1046   c31123966    i45010473    A:07 X:1C Y:04 S:DB P:nvUbdIZc  $06:80E6: D0 21    BNE $8109
f1046   c31123968    i45010474    A:07 X:1C Y:04 S:DB P:nvUbdIZc  $06:80E8: A0 02    LDY #$02
f1046   c31123970    i45010475    A:07 X:1C Y:02 S:DB P:nvUbdIzc  $06:80EA: B1 F0    LDA ($F0),Y @ $0799 = #$1E
f1046   c31123975    i45010476    A:1E X:1C Y:02 S:DB P:nvUbdIzc  $06:80EC: 85 F6    STA $F6 = #$99
f1046   c31123978    i45010477    A:1E X:1C Y:02 S:DB P:nvUbdIzc  $06:80EE: C8       INY
f1046   c31123980    i45010478    A:1E X:1C Y:03 S:DB P:nvUbdIzc  $06:80EF: B1 F0    LDA ($F0),Y @ $079A = #$8B
f1046   c31123985    i45010479    A:8B X:1C Y:03 S:DB P:NvUbdIzc  $06:80F1: 85 F7    STA $F7 = #$86
f1046   c31123988    i45010480    A:8B X:1C Y:03 S:DB P:NvUbdIzc  $06:80F3: C8       INY
f1046   c31123990    i45010481    A:8B X:1C Y:04 S:DB P:nvUbdIzc  $06:80F4: B1 F0    LDA ($F0),Y @ $079B = #$00
f1046   c31123995    i45010482    A:00 X:1C Y:04 S:DB P:nvUbdIZc  $06:80F6: 48       PHA
f1046   c31123998    i45010483    A:00 X:1C Y:04 S:DA P:nvUbdIZc  $06:80F7: 18       CLC
f1046   c31124000    i45010484    A:00 X:1C Y:04 S:DA P:nvUbdIZc  $06:80F8: 69 02    ADC #$02
f1046   c31124002    i45010485    A:02 X:1C Y:04 S:DA P:nvUbdIzc  $06:80FA: 91 F0    STA ($F0),Y @ $079B = #$00
f1046   c31124008    i45010486    A:02 X:1C Y:04 S:DA P:nvUbdIzc  $06:80FC: 68       PLA
f1046   c31124012    i45010487    A:00 X:1C Y:04 S:DB P:nvUbdIZc  $06:80FD: A8       TAY
f1046   c31124014    i45010488    A:00 X:1C Y:00 S:DB P:nvUbdIZc  $06:80FE: B1 F6    LDA ($F6),Y @ $8B1E = #$01
f1046   c31124019    i45010489    A:01 X:1C Y:00 S:DB P:nvUbdIzc  $06:8100: 9D 09 07 STA $0709,X @ $0725 = #$00
f1046   c31124024    i45010490    A:01 X:1C Y:00 S:DB P:nvUbdIzc  $06:8103: C8       INY
f1046   c31124026    i45010491    A:01 X:1C Y:01 S:DB P:nvUbdIzc  $06:8104: B1 F6    LDA ($F6),Y @ $8B1F = #$0F
f1046   c31124031    i45010492    A:0F X:1C Y:01 S:DB P:nvUbdIzc  $06:8106: 9D 0A 07 STA $070A,X @ $0726 = #$03
f1046   c31124036    i45010493    A:0F X:1C Y:01 S:DB P:nvUbdIzc  $06:8109: 20 DB 81 JSR $81DB
f1046   c31124042    i45010494    A:0F X:1C Y:01 S:D9 P:nvUbdIzc  $06:81DB: A0 05    LDY #$05
f1046   c31124044    i45010495    A:0F X:1C Y:05 S:D9 P:nvUbdIzc  $06:81DD: B1 F0    LDA ($F0),Y @ $079C = #$06
f1046   c31124049    i45010496    A:06 X:1C Y:05 S:D9 P:nvUbdIzc  $06:81DF: AA       TAX
f1046   c31124051    i45010497    A:06 X:06 Y:05 S:D9 P:nvUbdIzc  $06:81E0: 29 F0    AND #$F0
f1046   c31124053    i45010498    A:00 X:06 Y:05 S:D9 P:nvUbdIZc  $06:81E2: 85 F6    STA $F6 = #$1E
f1046   c31124056    i45010499    A:00 X:06 Y:05 S:D9 P:nvUbdIZc  $06:81E4: 29 20    AND #$20
f1046   c31124058    i45010500    A:00 X:06 Y:05 S:D9 P:nvUbdIZc  $06:81E6: F0 06    BEQ $81EE
f1046   c31124061    i45010501    A:00 X:06 Y:05 S:D9 P:nvUbdIZc  $06:81EE: 8A       TXA
f1046   c31124063    i45010502    A:06 X:06 Y:05 S:D9 P:nvUbdIzc  $06:81EF: 29 0F    AND #$0F
f1046   c31124065    i45010503    A:06 X:06 Y:05 S:D9 P:nvUbdIzc  $06:81F1: 85 F7    STA $F7 = #$8B
f1046   c31124068    i45010504    A:06 X:06 Y:05 S:D9 P:nvUbdIzc  $06:81F3: A4 F3    LDY $F3 = #$01
f1047   c31153162    i45019681    A:08 X:FF Y:08 S:DB P:nvUbdIzc  $06:8119: C6 F3    DEC $F3 = #$07
f1047   c31153167    i45019682    A:08 X:FF Y:08 S:DB P:nvUbdIzc  $06:811B: D0 AD    BNE $80CA
f1047   c31153171    i45019683    A:08 X:FF Y:08 S:DB P:nvUbdIzc  $06:80CA: AD 06 07 LDA $0706 = #$3C
f1047   c31153175    i45019684    A:3C X:FF Y:08 S:DB P:nvUbdIzc  $06:80CD: 4A       LSR
f1047   c31153177    i45019685    A:1E X:FF Y:08 S:DB P:nvUbdIzc  $06:80CE: 90 02    BCC $80D2
f1047   c31153180    i45019686    A:1E X:FF Y:08 S:DB P:nvUbdIzc  $06:80D2: 8D 06 07 STA $0706 = #$3C
f1047   c31153184    i45019687    A:1E X:FF Y:08 S:DB P:nvUbdIzc  $06:80D5: 90 35    BCC $810C
f1047   c31153188    i45019688    A:1E X:FF Y:08 S:DB P:nvUbdIzc  $06:810C: 18       CLC
f1047   c31153190    i45019689    A:1E X:FF Y:08 S:DB P:nvUbdIzc  $06:810D: A9 10    LDA #$10
f1047   c31153192    i45019690    A:10 X:FF Y:08 S:DB P:nvUbdIzc  $06:810F: 65 F0    ADC $F0 = #$47
f1047   c31153195    i45019691    A:57 X:FF Y:08 S:DB P:nvUbdIzc  $06:8111: 85 F0    STA $F0 = #$47
f1047   c31153198    i45019692    A:57 X:FF Y:08 S:DB P:nvUbdIzc  $06:8113: A9 04    LDA #$04
f1047   c31153200    i45019693    A:04 X:FF Y:08 S:DB P:nvUbdIzc  $06:8115: 65 F2    ADC $F2 = #$08
f1047   c31153203    i45019694    A:0C X:FF Y:08 S:DB P:nvUbdIzc  $06:8117: 85 F2    STA $F2 = #$08
f1047   c31153206    i45019695    A:0C X:FF Y:08 S:DB P:nvUbdIzc  $06:8119: C6 F3    DEC $F3 = #$06
f1047   c31153211    i45019696    A:0C X:FF Y:08 S:DB P:nvUbdIzc  $06:811B: D0 AD    BNE $80CA
f1047   c31153215    i45019697    A:0C X:FF Y:08 S:DB P:nvUbdIzc  $06:80CA: AD 06 07 LDA $0706 = #$1E
f1047   c31153219    i45019698    A:1E X:FF Y:08 S:DB P:nvUbdIzc  $06:80CD: 4A       LSR
f1047   c31153221    i45019699    A:0F X:FF Y:08 S:DB P:nvUbdIzc  $06:80CE: 90 02    BCC $80D2
f1047   c31153224    i45019700    A:0F X:FF Y:08 S:DB P:nvUbdIzc  $06:80D2: 8D 06 07 STA $0706 = #$1E
f1047   c31153228    i45019701    A:0F X:FF Y:08 S:DB P:nvUbdIzc  $06:80D5: 90 35    BCC $810C
f1047   c31153236    i45019702    A:0F X:FF Y:08 S:DB P:nvUbdIzc  $06:810C: 18       CLC
f1047   c31153238    i45019703    A:0F X:FF Y:08 S:DB P:nvUbdIzc  $06:810D: A9 10    LDA #$10
f1047   c31153240    i45019704    A:10 X:FF Y:08 S:DB P:nvUbdIzc  $06:810F: 65 F0    ADC $F0 = #$57
f1047   c31153243    i45019705    A:67 X:FF Y:08 S:DB P:nvUbdIzc  $06:8111: 85 F0    STA $F0 = #$57
f1047   c31153246    i45019706    A:67 X:FF Y:08 S:DB P:nvUbdIzc  $06:8113: A9 04    LDA #$04
f1047   c31153248    i45019707    A:04 X:FF Y:08 S:DB P:nvUbdIzc  $06:8115: 65 F2    ADC $F2 = #$0C
f1047   c31153251    i45019708    A:10 X:FF Y:08 S:DB P:nvUbdIzc  $06:8117: 85 F2    STA $F2 = #$0C
f1047   c31153254    i45019709    A:10 X:FF Y:08 S:DB P:nvUbdIzc  $06:8119: C6 F3    DEC $F3 = #$05
f1047   c31153259    i45019710    A:10 X:FF Y:08 S:DB P:nvUbdIzc  $06:811B: D0 AD    BNE $80CA
f1047   c31153263    i45019711    A:10 X:FF Y:08 S:DB P:nvUbdIzc  $06:80CA: AD 06 07 LDA $0706 = #$0F
f1047   c31153267    i45019712    A:0F X:FF Y:08 S:DB P:nvUbdIzc  $06:80CD: 4A       LSR
f1047   c31153269    i45019713    A:07 X:FF Y:08 S:DB P:nvUbdIzC  $06:80CE: 90 02    BCC $80D2
f1047   c31153271    i45019714    A:07 X:FF Y:08 S:DB P:nvUbdIzC  $06:80D0: 09 80    ORA #$80
f1047   c31153273    i45019715    A:87 X:FF Y:08 S:DB P:NvUbdIzC  $06:80D2: 8D 06 07 STA $0706 = #$0F
f1047   c31153277    i45019716    A:87 X:FF Y:08 S:DB P:NvUbdIzC  $06:80D5: 90 35    BCC $810C
f1047   c31153279    i45019717    A:87 X:FF Y:08 S:DB P:NvUbdIzC  $06:80D7: A6 F2    LDX $F2 = #$10
f1047   c31153282    i45019718    A:87 X:10 Y:08 S:DB P:nvUbdIzC  $06:80D9: DE 07 07 DEC $0707,X @ $0717 = #$07
f1047   c31153289    i45019719    A:87 X:10 Y:08 S:DB P:nvUbdIzC  $06:80DC: D0 03    BNE $80E1
f1047   c31153292    i45019720    A:87 X:10 Y:08 S:DB P:nvUbdIzC  $06:80E1: A6 F2    LDX $F2 = #$10
f1047   c31153295    i45019721    A:87 X:10 Y:08 S:DB P:nvUbdIzC  $06:80E3: DE 09 07 DEC $0709,X @ $0719 = #$01
f1047   c31153302    i45019722    A:87 X:10 Y:08 S:DB P:nvUbdIZC  $06:80E6: D0 21    BNE $8109
