f6      c154615      i55842055    A:7C X:03 Y:00 S:FC P:nvubdizC  $01:AA0B: 48       PHA
f6      c154618      i55842056    A:7C X:03 Y:00 S:FB P:nvubdizC  $01:AA0C: A9 00    LDA #$00
f6      c154620      i55842057    A:00 X:03 Y:00 S:FB P:nvubdiZC  $01:AA0E: 91 EC    STA ($EC),Y @ $0484 = #$00
f6      c154626      i55842058    A:00 X:03 Y:00 S:FB P:nvubdiZC  $01:AA10: E6 EC    INC $EC = #$84
f6      c154631      i55842059    A:00 X:03 Y:00 S:FB P:NvubdizC  $01:AA12: D0 02    BNE $AA16
f6      c154634      i55842060    A:00 X:03 Y:00 S:FB P:NvubdizC  $01:AA16: 68       PLA
f6      c154638      i55842061    A:7C X:03 Y:00 S:FC P:nvubdizC  $01:AA17: 38       SEC
f6      c154640      i55842062    A:7C X:03 Y:00 S:FC P:nvubdizC  $01:AA18: E9 01    SBC #$01
f6      c154642      i55842063    A:7B X:03 Y:00 S:FC P:nvubdizC  $01:AA1A: D0 EF    BNE $AA0B
f6      c154645      i55842064    A:7B X:03 Y:00 S:FC P:nvubdizC  $01:AA0B: 48       PHA
f6      c154648      i55842065    A:7B X:03 Y:00 S:FB P:nvubdizC  $01:AA0C: A9 00    LDA #$00
f6      c154650      i55842066    A:00 X:03 Y:00 S:FB P:nvubdiZC  $01:AA0E: 91 EC    STA ($EC),Y @ $0485 = #$00
f6      c154656      i55842067    A:00 X:03 Y:00 S:FB P:nvubdiZC  $01:AA10: E6 EC    INC $EC = #$85
f6      c154661      i55842068    A:00 X:03 Y:00 S:FB P:NvubdizC  $01:AA12: D0 02    BNE $AA16
f6      c154664      i55842069    A:00 X:03 Y:00 S:FB P:NvubdizC  $01:AA16: 68       PLA
f6      c154668      i55842070    A:7B X:03 Y:00 S:FC P:nvubdizC  $01:AA17: 38       SEC
f6      c154670      i55842071    A:7B X:03 Y:00 S:FC P:nvubdizC  $01:AA18: E9 01    SBC #$01
f6      c154672      i55842072    A:7A X:03 Y:00 S:FC P:nvubdizC  $01:AA1A: D0 EF    BNE $AA0B
f6      c154675      i55842073    A:7A X:03 Y:00 S:FC P:nvubdizC  $01:AA0B: 48       PHA
f6      c154678      i55842074    A:7A X:03 Y:00 S:FB P:nvubdizC  $01:AA0C: A9 00    LDA #$00
f6      c154680      i55842075    A:00 X:03 Y:00 S:FB P:nvubdiZC  $01:AA0E: 91 EC    STA ($EC),Y @ $0486 = #$00
f6      c154686      i55842076    A:00 X:03 Y:00 S:FB P:nvubdiZC  $01:AA10: E6 EC    INC $EC = #$86
f6      c154691      i55842077    A:00 X:03 Y:00 S:FB P:NvubdizC  $01:AA12: D0 02    BNE $AA16
f6      c154694      i55842078    A:00 X:03 Y:00 S:FB P:NvubdizC  $01:AA16: 68       PLA
f6      c154698      i55842079    A:7A X:03 Y:00 S:FC P:nvubdizC  $01:AA17: 38       SEC
f6      c154700      i55842080    A:7A X:03 Y:00 S:FC P:nvubdizC  $01:AA18: E9 01    SBC #$01
f6      c154702      i55842081    A:79 X:03 Y:00 S:FC P:nvubdizC  $01:AA1A: D0 EF    BNE $AA0B
f6      c154705      i55842082    A:79 X:03 Y:00 S:FC P:nvubdizC  $01:AA0B: 48       PHA
f6      c154708      i55842083    A:79 X:03 Y:00 S:FB P:nvubdizC  $01:AA0C: A9 00    LDA #$00
f6      c154710      i55842084    A:00 X:03 Y:00 S:FB P:nvubdiZC  $01:AA0E: 91 EC    STA ($EC),Y @ $0487 = #$00
f6      c154716      i55842085    A:00 X:03 Y:00 S:FB P:nvubdiZC  $01:AA10: E6 EC    INC $EC = #$87
f6      c154721      i55842086    A:00 X:03 Y:00 S:FB P:NvubdizC  $01:AA12: D0 02    BNE $AA16
f6      c154724      i55842087    A:00 X:03 Y:00 S:FB P:NvubdizC  $01:AA16: 68       PLA
f6      c154728      i55842088    A:79 X:03 Y:00 S:FC P:nvubdizC  $01:AA17: 38       SEC
f6      c154730      i55842089    A:79 X:03 Y:00 S:FC P:nvubdizC  $01:AA18: E9 01    SBC #$01
f6      c154732      i55842090    A:78 X:03 Y:00 S:FC P:nvubdizC  $01:AA1A: D0 EF    BNE $AA0B
f6      c154735      i55842091    A:78 X:03 Y:00 S:FC P:nvubdizC  $01:AA0B: 48       PHA
f6      c154738      i55842092    A:78 X:03 Y:00 S:FB P:nvubdizC  $01:AA0C: A9 00    LDA #$00
f6      c154740      i55842093    A:00 X:03 Y:00 S:FB P:nvubdiZC  $01:AA0E: 91 EC    STA ($EC),Y @ $0488 = #$00
f6      c154746      i55842094    A:00 X:03 Y:00 S:FB P:nvubdiZC  $01:AA10: E6 EC    INC $EC = #$88
f6      c154751      i55842095    A:00 X:03 Y:00 S:FB P:NvubdizC  $01:AA12: D0 02    BNE $AA16
f6      c154754      i55842096    A:00 X:03 Y:00 S:FB P:NvubdizC  $01:AA16: 68       PLA
f6      c154758      i55842097    A:78 X:03 Y:00 S:FC P:nvubdizC  $01:AA17: 38       SEC
f6      c155485      i55842316    A:5F X:03 Y:00 S:FC P:nvubdizC  $01:AA0B: 48       PHA
f6      c155488      i55842317    A:5F X:03 Y:00 S:FB P:nvubdizC  $01:AA0C: A9 00    LDA #$00
f6      c155490      i55842318    A:00 X:03 Y:00 S:FB P:nvubdiZC  $01:AA0E: 91 EC    STA ($EC),Y @ $04A1 = #$00
f6      c155496      i55842319    A:00 X:03 Y:00 S:FB P:nvubdiZC  $01:AA10: E6 EC    INC $EC = #$A1
f6      c155501      i55842320    A:00 X:03 Y:00 S:FB P:NvubdizC  $01:AA12: D0 02    BNE $AA16
f6      c155504      i55842321    A:00 X:03 Y:00 S:FB P:NvubdizC  $01:AA16: 68       PLA
f6      c155508      i55842322    A:5F X:03 Y:00 S:FC P:nvubdizC  $01:AA17: 38       SEC
f6      c155510      i55842323    A:5F X:03 Y:00 S:FC P:nvubdizC  $01:AA18: E9 01    SBC #$01
f6      c155512      i55842324    A:5E X:03 Y:00 S:FC P:nvubdizC  $01:AA1A: D0 EF    BNE $AA0B
f6      c155515      i55842325    A:5E X:03 Y:00 S:FC P:nvubdizC  $01:AA0B: 48       PHA
f6      c155518      i55842326    A:5E X:03 Y:00 S:FB P:nvubdizC  $01:AA0C: A9 00    LDA #$00
f6      c155520      i55842327    A:00 X:03 Y:00 S:FB P:nvubdiZC  $01:AA0E: 91 EC    STA ($EC),Y @ $04A2 = #$00
f6      c155526      i55842328    A:00 X:03 Y:00 S:FB P:nvubdiZC  $01:AA10: E6 EC    INC $EC = #$A2
f6      c155531      i55842329    A:00 X:03 Y:00 S:FB P:NvubdizC  $01:AA12: D0 02    BNE $AA16
f6      c155534      i55842330    A:00 X:03 Y:00 S:FB P:NvubdizC  $01:AA16: 68       PLA
f6      c155538      i55842331    A:5E X:03 Y:00 S:FC P:nvubdizC  $01:AA17: 38       SEC
f6      c155540      i55842332    A:5E X:03 Y:00 S:FC P:nvubdizC  $01:AA18: E9 01    SBC #$01
f6      c155542      i55842333    A:5D X:03 Y:00 S:FC P:nvubdizC  $01:AA1A: D0 EF    BNE $AA0B
f6      c155545      i55842334    A:5D X:03 Y:00 S:FC P:nvubdizC  $01:AA0B: 48       PHA
f6      c155548      i55842335    A:5D X:03 Y:00 S:FB P:nvubdizC  $01:AA0C: A9 00    LDA #$00
f6      c155550      i55842336    A:00 X:03 Y:00 S:FB P:nvubdiZC  $01:AA0E: 91 EC    STA ($EC),Y @ $04A3 = #$00
f6      c155556      i55842337    A:00 X:03 Y:00 S:FB P:nvubdiZC  $01:AA10: E6 EC    INC $EC = #$A3
f6      c155561      i55842338    A:00 X:03 Y:00 S:FB P:NvubdizC  $01:AA12: D0 02    BNE $AA16
f6      c155564      i55842339    A:00 X:03 Y:00 S:FB P:NvubdizC  $01:AA16: 68       PLA
f6      c155568      i55842340    A:5D X:03 Y:00 S:FC P:nvubdizC  $01:AA17: 38       SEC
f6      c155570      i55842341    A:5D X:03 Y:00 S:FC P:nvubdizC  $01:AA18: E9 01    SBC #$01
f6      c155572      i55842342    A:5C X:03 Y:00 S:FC P:nvubdizC  $01:AA1A: D0 EF    BNE $AA0B
f6      c155575      i55842343    A:5C X:03 Y:00 S:FC P:nvubdizC  $01:AA0B: 48       PHA
f6      c155578      i55842344    A:5C X:03 Y:00 S:FB P:nvubdizC  $01:AA0C: A9 00    LDA #$00
f6      c155580      i55842345    A:00 X:03 Y:00 S:FB P:nvubdiZC  $01:AA0E: 91 EC    STA ($EC),Y @ $04A4 = #$00
f6      c155586      i55842346    A:00 X:03 Y:00 S:FB P:nvubdiZC  $01:AA10: E6 EC    INC $EC = #$A4
f6      c155591      i55842347    A:00 X:03 Y:00 S:FB P:NvubdizC  $01:AA12: D0 02    BNE $AA16
f6      c155594      i55842348    A:00 X:03 Y:00 S:FB P:NvubdizC  $01:AA16: 68       PLA
f6      c155598      i55842349    A:5C X:03 Y:00 S:FC P:nvubdizC  $01:AA17: 38       SEC
f6      c155600      i55842350    A:5C X:03 Y:00 S:FC P:nvubdizC  $01:AA18: E9 01    SBC #$01
f6      c155602      i55842351    A:5B X:03 Y:00 S:FC P:nvubdizC  $01:AA1A: D0 EF    BNE $AA0B
f6      c155605      i55842352    A:5B X:03 Y:00 S:FC P:nvubdizC  $01:AA0B: 48       PHA
f6      c155608      i55842353    A:5B X:03 Y:00 S:FB P:nvubdizC  $01:AA0C: A9 00    LDA #$00
f6      c155610      i55842354    A:00 X:03 Y:00 S:FB P:nvubdiZC  $01:AA0E: 91 EC    STA ($EC),Y @ $04A5 = #$00
f6      c155616      i55842355    A:00 X:03 Y:00 S:FB P:nvubdiZC  $01:AA10: E6 EC    INC $EC = #$A5
f6      c155621      i55842356    A:00 X:03 Y:00 S:FB P:NvubdizC  $01:AA12: D0 02    BNE $AA16
f6      c155624      i55842357    A:00 X:03 Y:00 S:FB P:NvubdizC  $01:AA16: 68       PLA
f6      c155628      i55842358    A:5B X:03 Y:00 S:FC P:nvubdizC  $01:AA17: 38       SEC
f6      c156355      i55842577    A:42 X:03 Y:00 S:FC P:nvubdizC  $01:AA0B: 48       PHA
f6      c156358      i55842578    A:42 X:03 Y:00 S:FB P:nvubdizC  $01:AA0C: A9 00    LDA #$00
f6      c156360      i55842579    A:00 X:03 Y:00 S:FB P:nvubdiZC  $01:AA0E: 91 EC    STA ($EC),Y @ $04BE = #$00
f6      c156366      i55842580    A:00 X:03 Y:00 S:FB P:nvubdiZC  $01:AA10: E6 EC    INC $EC = #$BE
f6      c156371      i55842581    A:00 X:03 Y:00 S:FB P:NvubdizC  $01:AA12: D0 02    BNE $AA16
f6      c156374      i55842582    A:00 X:03 Y:00 S:FB P:NvubdizC  $01:AA16: 68       PLA
f6      c156378      i55842583    A:42 X:03 Y:00 S:FC P:nvubdizC  $01:AA17: 38       SEC
f6      c156380      i55842584    A:42 X:03 Y:00 S:FC P:nvubdizC  $01:AA18: E9 01    SBC #$01
f6      c156382      i55842585    A:41 X:03 Y:00 S:FC P:nvubdizC  $01:AA1A: D0 EF    BNE $AA0B
f6      c156385      i55842586    A:41 X:03 Y:00 S:FC P:nvubdizC  $01:AA0B: 48       PHA
f6      c156388      i55842587    A:41 X:03 Y:00 S:FB P:nvubdizC  $01:AA0C: A9 00    LDA #$00
f6      c156390      i55842588    A:00 X:03 Y:00 S:FB P:nvubdiZC  $01:AA0E: 91 EC    STA ($EC),Y @ $04BF = #$00
f6      c156396      i55842589    A:00 X:03 Y:00 S:FB P:nvubdiZC  $01:AA10: E6 EC    INC $EC = #$BF
f6      c156401      i55842590    A:00 X:03 Y:00 S:FB P:NvubdizC  $01:AA12: D0 02    BNE $AA16
f6      c156404      i55842591    A:00 X:03 Y:00 S:FB P:NvubdizC  $01:AA16: 68       PLA
f6      c156408      i55842592    A:41 X:03 Y:00 S:FC P:nvubdizC  $01:AA17: 38       SEC
f6      c156410      i55842593    A:41 X:03 Y:00 S:FC P:nvubdizC  $01:AA18: E9 01    SBC #$01
f6      c156412      i55842594    A:40 X:03 Y:00 S:FC P:nvubdizC  $01:AA1A: D0 EF    BNE $AA0B
f6      c156415      i55842595    A:40 X:03 Y:00 S:FC P:nvubdizC  $01:AA0B: 48       PHA
f6      c156418      i55842596    A:40 X:03 Y:00 S:FB P:nvubdizC  $01:AA0C: A9 00    LDA #$00
f6      c156420      i55842597    A:00 X:03 Y:00 S:FB P:nvubdiZC  $01:AA0E: 91 EC    STA ($EC),Y @ $04C0 = #$00
f6      c156426      i55842598    A:00 X:03 Y:00 S:FB P:nvubdiZC  $01:AA10: E6 EC    INC $EC = #$C0
f6      c156431      i55842599    A:00 X:03 Y:00 S:FB P:NvubdizC  $01:AA12: D0 02    BNE $AA16
f6      c156434      i55842600    A:00 X:03 Y:00 S:FB P:NvubdizC  $01:AA16: 68       PLA
f6      c156438      i55842601    A:40 X:03 Y:00 S:FC P:nvubdizC  $01:AA17: 38       SEC
f6      c156440      i55842602    A:40 X:03 Y:00 S:FC P:nvubdizC  $01:AA18: E9 01    SBC #$01
f6      c156442      i55842603    A:3F X:03 Y:00 S:FC P:nvubdizC  $01:AA1A: D0 EF    BNE $AA0B
f6      c156445      i55842604    A:3F X:03 Y:00 S:FC P:nvubdizC  $01:AA0B: 48       PHA
f6      c156448      i55842605    A:3F X:03 Y:00 S:FB P:nvubdizC  $01:AA0C: A9 00    LDA #$00
f6      c156450      i55842606    A:00 X:03 Y:00 S:FB P:nvubdiZC  $01:AA0E: 91 EC    STA ($EC),Y @ $04C1 = #$00
f6      c156456      i55842607    A:00 X:03 Y:00 S:FB P:nvubdiZC  $01:AA10: E6 EC    INC $EC = #$C1
f6      c156461      i55842608    A:00 X:03 Y:00 S:FB P:NvubdizC  $01:AA12: D0 02    BNE $AA16
f6      c156464      i55842609    A:00 X:03 Y:00 S:FB P:NvubdizC  $01:AA16: 68       PLA
f6      c156468      i55842610    A:3F X:03 Y:00 S:FC P:nvubdizC  $01:AA17: 38       SEC
f6      c156470      i55842611    A:3F X:03 Y:00 S:FC P:nvubdizC  $01:AA18: E9 01    SBC #$01
f6      c156472      i55842612    A:3E X:03 Y:00 S:FC P:nvubdizC  $01:AA1A: D0 EF    BNE $AA0B
f6      c156475      i55842613    A:3E X:03 Y:00 S:FC P:nvubdizC  $01:AA0B: 48       PHA
f6      c156478      i55842614    A:3E X:03 Y:00 S:FB P:nvubdizC  $01:AA0C: A9 00    LDA #$00
f6      c156480      i55842615    A:00 X:03 Y:00 S:FB P:nvubdiZC  $01:AA0E: 91 EC    STA ($EC),Y @ $04C2 = #$00
f6      c156486      i55842616    A:00 X:03 Y:00 S:FB P:nvubdiZC  $01:AA10: E6 EC    INC $EC = #$C2
f6      c156491      i55842617    A:00 X:03 Y:00 S:FB P:NvubdizC  $01:AA12: D0 02    BNE $AA16
f6      c156494      i55842618    A:00 X:03 Y:00 S:FB P:NvubdizC  $01:AA16: 68       PLA
f6      c156498      i55842619    A:3E X:03 Y:00 S:FC P:nvubdizC  $01:AA17: 38       SEC
f6      c157225      i55842838    A:25 X:03 Y:00 S:FC P:nvubdizC  $01:AA0B: 48       PHA
f6      c157228      i55842839    A:25 X:03 Y:00 S:FB P:nvubdizC  $01:AA0C: A9 00    LDA #$00
f6      c157230      i55842840    A:00 X:03 Y:00 S:FB P:nvubdiZC  $01:AA0E: 91 EC    STA ($EC),Y @ $04DB = #$00
f6      c157236      i55842841    A:00 X:03 Y:00 S:FB P:nvubdiZC  $01:AA10: E6 EC    INC $EC = #$DB
f6      c157241      i55842842    A:00 X:03 Y:00 S:FB P:NvubdizC  $01:AA12: D0 02    BNE $AA16
f6      c157244      i55842843    A:00 X:03 Y:00 S:FB P:NvubdizC  $01:AA16: 68       PLA
f6      c157248      i55842844    A:25 X:03 Y:00 S:FC P:nvubdizC  $01:AA17: 38       SEC
f6      c157250      i55842845    A:25 X:03 Y:00 S:FC P:nvubdizC  $01:AA18: E9 01    SBC #$01
f6      c157252      i55842846    A:24 X:03 Y:00 S:FC P:nvubdizC  $01:AA1A: D0 EF    BNE $AA0B
f6      c157255      i55842847    A:24 X:03 Y:00 S:FC P:nvubdizC  $01:AA0B: 48       PHA
f6      c157258      i55842848    A:24 X:03 Y:00 S:FB P:nvubdizC  $01:AA0C: A9 00    LDA #$00
f6      c157260      i55842849    A:00 X:03 Y:00 S:FB P:nvubdiZC  $01:AA0E: 91 EC    STA ($EC),Y @ $04DC = #$00
f6      c157266      i55842850    A:00 X:03 Y:00 S:FB P:nvubdiZC  $01:AA10: E6 EC    INC $EC = #$DC
f6      c157271      i55842851    A:00 X:03 Y:00 S:FB P:NvubdizC  $01:AA12: D0 02    BNE $AA16
f6      c157274      i55842852    A:00 X:03 Y:00 S:FB P:NvubdizC  $01:AA16: 68       PLA
f6      c157278      i55842853    A:24 X:03 Y:00 S:FC P:nvubdizC  $01:AA17: 38       SEC
f6      c157280      i55842854    A:24 X:03 Y:00 S:FC P:nvubdizC  $01:AA18: E9 01    SBC #$01
f6      c157282      i55842855    A:23 X:03 Y:00 S:FC P:nvubdizC  $01:AA1A: D0 EF    BNE $AA0B
f6      c157285      i55842856    A:23 X:03 Y:00 S:FC P:nvubdizC  $01:AA0B: 48       PHA
f6      c157288      i55842857    A:23 X:03 Y:00 S:FB P:nvubdizC  $01:AA0C: A9 00    LDA #$00
f6      c157290      i55842858    A:00 X:03 Y:00 S:FB P:nvubdiZC  $01:AA0E: 91 EC    STA ($EC),Y @ $04DD = #$00
f6      c157296      i55842859    A:00 X:03 Y:00 S:FB P:nvubdiZC  $01:AA10: E6 EC    INC $EC = #$DD
f6      c157301      i55842860    A:00 X:03 Y:00 S:FB P:NvubdizC  $01:AA12: D0 02    BNE $AA16
f6      c157304      i55842861    A:00 X:03 Y:00 S:FB P:NvubdizC  $01:AA16: 68       PLA
f6      c157308      i55842862    A:23 X:03 Y:00 S:FC P:nvubdizC  $01:AA17: 38       SEC
f6      c157310      i55842863    A:23 X:03 Y:00 S:FC P:nvubdizC  $01:AA18: E9 01    SBC #$01
f6      c157312      i55842864    A:22 X:03 Y:00 S:FC P:nvubdizC  $01:AA1A: D0 EF    BNE $AA0B
f6      c157315      i55842865    A:22 X:03 Y:00 S:FC P:nvubdizC  $01:AA0B: 48       PHA
f6      c157318      i55842866    A:22 X:03 Y:00 S:FB P:nvubdizC  $01:AA0C: A9 00    LDA #$00
f6      c157320      i55842867    A:00 X:03 Y:00 S:FB P:nvubdiZC  $01:AA0E: 91 EC    STA ($EC),Y @ $04DE = #$00
f6      c157326      i55842868    A:00 X:03 Y:00 S:FB P:nvubdiZC  $01:AA10: E6 EC    INC $EC = #$DE
f6      c157331      i55842869    A:00 X:03 Y:00 S:FB P:NvubdizC  $01:AA12: D0 02    BNE $AA16
f6      c157334      i55842870    A:00 X:03 Y:00 S:FB P:NvubdizC  $01:AA16: 68       PLA
f6      c157338      i55842871    A:22 X:03 Y:00 S:FC P:nvubdizC  $01:AA17: 38       SEC
f6      c157340      i55842872    A:22 X:03 Y:00 S:FC P:nvubdizC  $01:AA18: E9 01    SBC #$01
f6      c157342      i55842873    A:21 X:03 Y:00 S:FC P:nvubdizC  $01:AA1A: D0 EF    BNE $AA0B
f6      c157345      i55842874    A:21 X:03 Y:00 S:FC P:nvubdizC  $01:AA0B: 48       PHA
f6      c157348      i55842875    A:21 X:03 Y:00 S:FB P:nvubdizC  $01:AA0C: A9 00    LDA #$00
f6      c157350      i55842876    A:00 X:03 Y:00 S:FB P:nvubdiZC  $01:AA0E: 91 EC    STA ($EC),Y @ $04DF = #$00
f6      c157356      i55842877    A:00 X:03 Y:00 S:FB P:nvubdiZC  $01:AA10: E6 EC    INC $EC = #$DF
f6      c157361      i55842878    A:00 X:03 Y:00 S:FB P:NvubdizC  $01:AA12: D0 02    BNE $AA16
f6      c157364      i55842879    A:00 X:03 Y:00 S:FB P:NvubdizC  $01:AA16: 68       PLA
f6      c157368      i55842880    A:21 X:03 Y:00 S:FC P:nvubdizC  $01:AA17: 38       SEC
f6      c158095      i55843099    A:08 X:03 Y:00 S:FC P:nvubdizC  $01:AA0B: 48       PHA
f6      c158098      i55843100    A:08 X:03 Y:00 S:FB P:nvubdizC  $01:AA0C: A9 00    LDA #$00
f6      c158100      i55843101    A:00 X:03 Y:00 S:FB P:nvubdiZC  $01:AA0E: 91 EC    STA ($EC),Y @ $04F8 = #$00
f6      c158106      i55843102    A:00 X:03 Y:00 S:FB P:nvubdiZC  $01:AA10: E6 EC    INC $EC = #$F8
f6      c158111      i55843103    A:00 X:03 Y:00 S:FB P:NvubdizC  $01:AA12: D0 02    BNE $AA16
f6      c158114      i55843104    A:00 X:03 Y:00 S:FB P:NvubdizC  $01:AA16: 68       PLA
f6      c158118      i55843105    A:08 X:03 Y:00 S:FC P:nvubdizC  $01:AA17: 38       SEC
f6      c158120      i55843106    A:08 X:03 Y:00 S:FC P:nvubdizC  $01:AA18: E9 01    SBC #$01
f6      c158122      i55843107    A:07 X:03 Y:00 S:FC P:nvubdizC  $01:AA1A: D0 EF    BNE $AA0B
f6      c158125      i55843108    A:07 X:03 Y:00 S:FC P:nvubdizC  $01:AA0B: 48       PHA
f6      c158128      i55843109    A:07 X:03 Y:00 S:FB P:nvubdizC  $01:AA0C: A9 00    LDA #$00
f6      c158130      i55843110    A:00 X:03 Y:00 S:FB P:nvubdiZC  $01:AA0E: 91 EC    STA ($EC),Y @ $04F9 = #$00
f6      c158136      i55843111    A:00 X:03 Y:00 S:FB P:nvubdiZC  $01:AA10: E6 EC    INC $EC = #$F9
f6      c158141      i55843112    A:00 X:03 Y:00 S:FB P:NvubdizC  $01:AA12: D0 02    BNE $AA16
f6      c158144      i55843113    A:00 X:03 Y:00 S:FB P:NvubdizC  $01:AA16: 68       PLA
f6      c158148      i55843114    A:07 X:03 Y:00 S:FC P:nvubdizC  $01:AA17: 38       SEC
f6      c158150      i55843115    A:07 X:03 Y:00 S:FC P:nvubdizC  $01:AA18: E9 01    SBC #$01
f6      c158152      i55843116    A:06 X:03 Y:00 S:FC P:nvubdizC  $01:AA1A: D0 EF    BNE $AA0B
f6      c158155      i55843117    A:06 X:03 Y:00 S:FC P:nvubdizC  $01:AA0B: 48       PHA
f6      c158158      i55843118    A:06 X:03 Y:00 S:FB P:nvubdizC  $01:AA0C: A9 00    LDA #$00
f6      c158160      i55843119    A:00 X:03 Y:00 S:FB P:nvubdiZC  $01:AA0E: 91 EC    STA ($EC),Y @ $04FA = #$00
f6      c158166      i55843120    A:00 X:03 Y:00 S:FB P:nvubdiZC  $01:AA10: E6 EC    INC $EC = #$FA
f6      c158171      i55843121    A:00 X:03 Y:00 S:FB P:NvubdizC  $01:AA12: D0 02    BNE $AA16
f6      c158174      i55843122    A:00 X:03 Y:00 S:FB P:NvubdizC  $01:AA16: 68       PLA
f6      c158178      i55843123    A:06 X:03 Y:00 S:FC P:nvubdizC  $01:AA17: 38       SEC
f6      c158180      i55843124    A:06 X:03 Y:00 S:FC P:nvubdizC  $01:AA18: E9 01    SBC #$01
f6      c158182      i55843125    A:05 X:03 Y:00 S:FC P:nvubdizC  $01:AA1A: D0 EF    BNE $AA0B
f6      c158185      i55843126    A:05 X:03 Y:00 S:FC P:nvubdizC  $01:AA0B: 48       PHA
f6      c158188      i55843127    A:05 X:03 Y:00 S:FB P:nvubdizC  $01:AA0C: A9 00    LDA #$00
f6      c158190      i55843128    A:00 X:03 Y:00 S:FB P:nvubdiZC  $01:AA0E: 91 EC    STA ($EC),Y @ $04FB = #$00
f6      c158196      i55843129    A:00 X:03 Y:00 S:FB P:nvubdiZC  $01:AA10: E6 EC    INC $EC = #$FB
f6      c158201      i55843130    A:00 X:03 Y:00 S:FB P:NvubdizC  $01:AA12: D0 02    BNE $AA16
f6      c158204      i55843131    A:00 X:03 Y:00 S:FB P:NvubdizC  $01:AA16: 68       PLA
f6      c158208      i55843132    A:05 X:03 Y:00 S:FC P:nvubdizC  $01:AA17: 38       SEC
f6      c158210      i55843133    A:05 X:03 Y:00 S:FC P:nvubdizC  $01:AA18: E9 01    SBC #$01
f6      c158212      i55843134    A:04 X:03 Y:00 S:FC P:nvubdizC  $01:AA1A: D0 EF    BNE $AA0B
f6      c158215      i55843135    A:04 X:03 Y:00 S:FC P:nvubdizC  $01:AA0B: 48       PHA
f6      c158218      i55843136    A:04 X:03 Y:00 S:FB P:nvubdizC  $01:AA0C: A9 00    LDA #$00
f6      c158220      i55843137    A:00 X:03 Y:00 S:FB P:nvubdiZC  $01:AA0E: 91 EC    STA ($EC),Y @ $04FC = #$00
f6      c158226      i55843138    A:00 X:03 Y:00 S:FB P:nvubdiZC  $01:AA10: E6 EC    INC $EC = #$FC
f6      c158231      i55843139    A:00 X:03 Y:00 S:FB P:NvubdizC  $01:AA12: D0 02    BNE $AA16
f6      c158234      i55843140    A:00 X:03 Y:00 S:FB P:NvubdizC  $01:AA16: 68       PLA
f6      c158238      i55843141    A:04 X:03 Y:00 S:FC P:nvubdizC  $01:AA17: 38       SEC
f6      c158673      i55843273    A:F5 X:02 Y:00 S:FC P:NvubdizC  $01:AA0B: 48       PHA
f6      c158676      i55843274    A:F5 X:02 Y:00 S:FB P:NvubdizC  $01:AA0C: A9 00    LDA #$00
f6      c158678      i55843275    A:00 X:02 Y:00 S:FB P:nvubdiZC  $01:AA0E: 91 EC    STA ($EC),Y @ $050B = #$00
f6      c158684      i55843276    A:00 X:02 Y:00 S:FB P:nvubdiZC  $01:AA10: E6 EC    INC $EC = #$0B
f6      c158689      i55843277    A:00 X:02 Y:00 S:FB P:nvubdizC  $01:AA12: D0 02    BNE $AA16
f6      c158692      i55843278    A:00 X:02 Y:00 S:FB P:nvubdizC  $01:AA16: 68       PLA
f6      c158696      i55843279    A:F5 X:02 Y:00 S:FC P:NvubdizC  $01:AA17: 38       SEC
f6      c158698      i55843280    A:F5 X:02 Y:00 S:FC P:NvubdizC  $01:AA18: E9 01    SBC #$01
f6      c158700      i55843281    A:F4 X:02 Y:00 S:FC P:NvubdizC  $01:AA1A: D0 EF    BNE $AA0B
f6      c158703      i55843282    A:F4 X:02 Y:00 S:FC P:NvubdizC  $01:AA0B: 48       PHA
f6      c158706      i55843283    A:F4 X:02 Y:00 S:FB P:NvubdizC  $01:AA0C: A9 00    LDA #$00
f6      c158708      i55843284    A:00 X:02 Y:00 S:FB P:nvubdiZC  $01:AA0E: 91 EC    STA ($EC),Y @ $050C = #$00
f6      c158714      i55843285    A:00 X:02 Y:00 S:FB P:nvubdiZC  $01:AA10: E6 EC    INC $EC = #$0C
f6      c158719      i55843286    A:00 X:02 Y:00 S:FB P:nvubdizC  $01:AA12: D0 02    BNE $AA16
f6      c158722      i55843287    A:00 X:02 Y:00 S:FB P:nvubdizC  $01:AA16: 68       PLA
f6      c158726      i55843288    A:F4 X:02 Y:00 S:FC P:NvubdizC  $01:AA17: 38       SEC
f6      c158728      i55843289    A:F4 X:02 Y:00 S:FC P:NvubdizC  $01:AA18: E9 01    SBC #$01
f6      c158730      i55843290    A:F3 X:02 Y:00 S:FC P:NvubdizC  $01:AA1A: D0 EF    BNE $AA0B
f6      c158733      i55843291    A:F3 X:02 Y:00 S:FC P:NvubdizC  $01:AA0B: 48       PHA
f6      c158736      i55843292    A:F3 X:02 Y:00 S:FB P:NvubdizC  $01:AA0C: A9 00    LDA #$00
f6      c158738      i55843293    A:00 X:02 Y:00 S:FB P:nvubdiZC  $01:AA0E: 91 EC    STA ($EC),Y @ $050D = #$00
f6      c158744      i55843294    A:00 X:02 Y:00 S:FB P:nvubdiZC  $01:AA10: E6 EC    INC $EC = #$0D
f6      c158749      i55843295    A:00 X:02 Y:00 S:FB P:nvubdizC  $01:AA12: D0 02    BNE $AA16
f6      c158752      i55843296    A:00 X:02 Y:00 S:FB P:nvubdizC  $01:AA16: 68       PLA
f6      c158756      i55843297    A:F3 X:02 Y:00 S:FC P:NvubdizC  $01:AA17: 38       SEC
f6      c158758      i55843298    A:F3 X:02 Y:00 S:FC P:NvubdizC  $01:AA18: E9 01    SBC #$01
f6      c158760      i55843299    A:F2 X:02 Y:00 S:FC P:NvubdizC  $01:AA1A: D0 EF    BNE $AA0B
f6      c158763      i55843300    A:F2 X:02 Y:00 S:FC P:NvubdizC  $01:AA0B: 48       PHA
f6      c158766      i55843301    A:F2 X:02 Y:00 S:FB P:NvubdizC  $01:AA0C: A9 00    LDA #$00
f6      c158768      i55843302    A:00 X:02 Y:00 S:FB P:nvubdiZC  $01:AA0E: 91 EC    STA ($EC),Y @ $050E = #$00
f6      c158774      i55843303    A:00 X:02 Y:00 S:FB P:nvubdiZC  $01:AA10: E6 EC    INC $EC = #$0E
f6      c158779      i55843304    A:00 X:02 Y:00 S:FB P:nvubdizC  $01:AA12: D0 02    BNE $AA16
f6      c158782      i55843305    A:00 X:02 Y:00 S:FB P:nvubdizC  $01:AA16: 68       PLA
f6      c158786      i55843306    A:F2 X:02 Y:00 S:FC P:NvubdizC  $01:AA17: 38       SEC
f6      c158788      i55843307    A:F2 X:02 Y:00 S:FC P:NvubdizC  $01:AA18: E9 01    SBC #$01
f6      c158790      i55843308    A:F1 X:02 Y:00 S:FC P:NvubdizC  $01:AA1A: D0 EF    BNE $AA0B
f6      c158793      i55843309    A:F1 X:02 Y:00 S:FC P:NvubdizC  $01:AA0B: 48       PHA
f6      c158796      i55843310    A:F1 X:02 Y:00 S:FB P:NvubdizC  $01:AA0C: A9 00    LDA #$00
f6      c158798      i55843311    A:00 X:02 Y:00 S:FB P:nvubdiZC  $01:AA0E: 91 EC    STA ($EC),Y @ $050F = #$00
f6      c158804      i55843312    A:00 X:02 Y:00 S:FB P:nvubdiZC  $01:AA10: E6 EC    INC $EC = #$0F
f6      c158809      i55843313    A:00 X:02 Y:00 S:FB P:nvubdizC  $01:AA12: D0 02    BNE $AA16
f6      c158812      i55843314    A:00 X:02 Y:00 S:FB P:nvubdizC  $01:AA16: 68       PLA
f6      c158816      i55843315    A:F1 X:02 Y:00 S:FC P:NvubdizC  $01:AA17: 38       SEC
f6      c159543      i55843534    A:D8 X:02 Y:00 S:FC P:NvubdizC  $01:AA0B: 48       PHA
f6      c159546      i55843535    A:D8 X:02 Y:00 S:FB P:NvubdizC  $01:AA0C: A9 00    LDA #$00
f6      c159548      i55843536    A:00 X:02 Y:00 S:FB P:nvubdiZC  $01:AA0E: 91 EC    STA ($EC),Y @ $0528 = #$00
f6      c159554      i55843537    A:00 X:02 Y:00 S:FB P:nvubdiZC  $01:AA10: E6 EC    INC $EC = #$28
f6      c159559      i55843538    A:00 X:02 Y:00 S:FB P:nvubdizC  $01:AA12: D0 02    BNE $AA16
f6      c159562      i55843539    A:00 X:02 Y:00 S:FB P:nvubdizC  $01:AA16: 68       PLA
f6      c159566      i55843540    A:D8 X:02 Y:00 S:FC P:NvubdizC  $01:AA17: 38       SEC
f6      c159568      i55843541    A:D8 X:02 Y:00 S:FC P:NvubdizC  $01:AA18: E9 01    SBC #$01
f6      c159570      i55843542    A:D7 X:02 Y:00 S:FC P:NvubdizC  $01:AA1A: D0 EF    BNE $AA0B
f6      c159573      i55843543    A:D7 X:02 Y:00 S:FC P:NvubdizC  $01:AA0B: 48       PHA
f6      c159576      i55843544    A:D7 X:02 Y:00 S:FB P:NvubdizC  $01:AA0C: A9 00    LDA #$00
f6      c159578      i55843545    A:00 X:02 Y:00 S:FB P:nvubdiZC  $01:AA0E: 91 EC    STA ($EC),Y @ $0529 = #$00
f6      c159584      i55843546    A:00 X:02 Y:00 S:FB P:nvubdiZC  $01:AA10: E6 EC    INC $EC = #$29
f6      c159589      i55843547    A:00 X:02 Y:00 S:FB P:nvubdizC  $01:AA12: D0 02    BNE $AA16
f6      c159592      i55843548    A:00 X:02 Y:00 S:FB P:nvubdizC  $01:AA16: 68       PLA
f6      c159596      i55843549    A:D7 X:02 Y:00 S:FC P:NvubdizC  $01:AA17: 38       SEC
f6      c159598      i55843550    A:D7 X:02 Y:00 S:FC P:NvubdizC  $01:AA18: E9 01    SBC #$01
f6      c159600      i55843551    A:D6 X:02 Y:00 S:FC P:NvubdizC  $01:AA1A: D0 EF    BNE $AA0B
f6      c159603      i55843552    A:D6 X:02 Y:00 S:FC P:NvubdizC  $01:AA0B: 48       PHA
f6      c159606      i55843553    A:D6 X:02 Y:00 S:FB P:NvubdizC  $01:AA0C: A9 00    LDA #$00
f6      c159608      i55843554    A:00 X:02 Y:00 S:FB P:nvubdiZC  $01:AA0E: 91 EC    STA ($EC),Y @ $052A = #$00
f6      c159614      i55843555    A:00 X:02 Y:00 S:FB P:nvubdiZC  $01:AA10: E6 EC    INC $EC = #$2A
f6      c159619      i55843556    A:00 X:02 Y:00 S:FB P:nvubdizC  $01:AA12: D0 02    BNE $AA16
f6      c159622      i55843557    A:00 X:02 Y:00 S:FB P:nvubdizC  $01:AA16: 68       PLA
f6      c159626      i55843558    A:D6 X:02 Y:00 S:FC P:NvubdizC  $01:AA17: 38       SEC
f6      c159628      i55843559    A:D6 X:02 Y:00 S:FC P:NvubdizC  $01:AA18: E9 01    SBC #$01
f6      c159630      i55843560    A:D5 X:02 Y:00 S:FC P:NvubdizC  $01:AA1A: D0 EF    BNE $AA0B
f6      c159633      i55843561    A:D5 X:02 Y:00 S:FC P:NvubdizC  $01:AA0B: 48       PHA
f6      c159636      i55843562    A:D5 X:02 Y:00 S:FB P:NvubdizC  $01:AA0C: A9 00    LDA #$00
f6      c159638      i55843563    A:00 X:02 Y:00 S:FB P:nvubdiZC  $01:AA0E: 91 EC    STA ($EC),Y @ $052B = #$00
f6      c159644      i55843564    A:00 X:02 Y:00 S:FB P:nvubdiZC  $01:AA10: E6 EC    INC $EC = #$2B
f6      c159649      i55843565    A:00 X:02 Y:00 S:FB P:nvubdizC  $01:AA12: D0 02    BNE $AA16
f6      c159652      i55843566    A:00 X:02 Y:00 S:FB P:nvubdizC  $01:AA16: 68       PLA
f6      c159656      i55843567    A:D5 X:02 Y:00 S:FC P:NvubdizC  $01:AA17: 38       SEC
f6      c159658      i55843568    A:D5 X:02 Y:00 S:FC P:NvubdizC  $01:AA18: E9 01    SBC #$01
f6      c159660      i55843569    A:D4 X:02 Y:00 S:FC P:NvubdizC  $01:AA1A: D0 EF    BNE $AA0B
f6      c159663      i55843570    A:D4 X:02 Y:00 S:FC P:NvubdizC  $01:AA0B: 48       PHA
f6      c159666      i55843571    A:D4 X:02 Y:00 S:FB P:NvubdizC  $01:AA0C: A9 00    LDA #$00
f6      c159668      i55843572    A:00 X:02 Y:00 S:FB P:nvubdiZC  $01:AA0E: 91 EC    STA ($EC),Y @ $052C = #$00
f6      c159674      i55843573    A:00 X:02 Y:00 S:FB P:nvubdiZC  $01:AA10: E6 EC    INC $EC = #$2C
f6      c159679      i55843574    A:00 X:02 Y:00 S:FB P:nvubdizC  $01:AA12: D0 02    BNE $AA16
f6      c159682      i55843575    A:00 X:02 Y:00 S:FB P:nvubdizC  $01:AA16: 68       PLA
f6      c159686      i55843576    A:D4 X:02 Y:00 S:FC P:NvubdizC  $01:AA17: 38       SEC
f6      c160413      i55843795    A:BB X:02 Y:00 S:FC P:NvubdizC  $01:AA0B: 48       PHA
f6      c160416      i55843796    A:BB X:02 Y:00 S:FB P:NvubdizC  $01:AA0C: A9 00    LDA #$00
f6      c160418      i55843797    A:00 X:02 Y:00 S:FB P:nvubdiZC  $01:AA0E: 91 EC    STA ($EC),Y @ $0545 = #$00
f6      c160424      i55843798    A:00 X:02 Y:00 S:FB P:nvubdiZC  $01:AA10: E6 EC    INC $EC = #$45
f6      c160429      i55843799    A:00 X:02 Y:00 S:FB P:nvubdizC  $01:AA12: D0 02    BNE $AA16
f6      c160432      i55843800    A:00 X:02 Y:00 S:FB P:nvubdizC  $01:AA16: 68       PLA
f6      c160436      i55843801    A:BB X:02 Y:00 S:FC P:NvubdizC  $01:AA17: 38       SEC
f6      c160438      i55843802    A:BB X:02 Y:00 S:FC P:NvubdizC  $01:AA18: E9 01    SBC #$01
f6      c160440      i55843803    A:BA X:02 Y:00 S:FC P:NvubdizC  $01:AA1A: D0 EF    BNE $AA0B
f6      c160443      i55843804    A:BA X:02 Y:00 S:FC P:NvubdizC  $01:AA0B: 48       PHA
f6      c160446      i55843805    A:BA X:02 Y:00 S:FB P:NvubdizC  $01:AA0C: A9 00    LDA #$00
f6      c160448      i55843806    A:00 X:02 Y:00 S:FB P:nvubdiZC  $01:AA0E: 91 EC    STA ($EC),Y @ $0546 = #$00
f6      c160454      i55843807    A:00 X:02 Y:00 S:FB P:nvubdiZC  $01:AA10: E6 EC    INC $EC = #$46
f6      c160459      i55843808    A:00 X:02 Y:00 S:FB P:nvubdizC  $01:AA12: D0 02    BNE $AA16
f6      c160462      i55843809    A:00 X:02 Y:00 S:FB P:nvubdizC  $01:AA16: 68       PLA
f6      c160466      i55843810    A:BA X:02 Y:00 S:FC P:NvubdizC  $01:AA17: 38       SEC
f6      c160468      i55843811    A:BA X:02 Y:00 S:FC P:NvubdizC  $01:AA18: E9 01    SBC #$01
f6      c160470      i55843812    A:B9 X:02 Y:00 S:FC P:NvubdizC  $01:AA1A: D0 EF    BNE $AA0B
f6      c160473      i55843813    A:B9 X:02 Y:00 S:FC P:NvubdizC  $01:AA0B: 48       PHA
f6      c160476      i55843814    A:B9 X:02 Y:00 S:FB P:NvubdizC  $01:AA0C: A9 00    LDA #$00
f6      c160478      i55843815    A:00 X:02 Y:00 S:FB P:nvubdiZC  $01:AA0E: 91 EC    STA ($EC),Y @ $0547 = #$00
f6      c160484      i55843816    A:00 X:02 Y:00 S:FB P:nvubdiZC  $01:AA10: E6 EC    INC $EC = #$47
f6      c160489      i55843817    A:00 X:02 Y:00 S:FB P:nvubdizC  $01:AA12: D0 02    BNE $AA16
f6      c160492      i55843818    A:00 X:02 Y:00 S:FB P:nvubdizC  $01:AA16: 68       PLA
f6      c160496      i55843819    A:B9 X:02 Y:00 S:FC P:NvubdizC  $01:AA17: 38       SEC
f6      c160498      i55843820    A:B9 X:02 Y:00 S:FC P:NvubdizC  $01:AA18: E9 01    SBC #$01
f6      c160500      i55843821    A:B8 X:02 Y:00 S:FC P:NvubdizC  $01:AA1A: D0 EF    BNE $AA0B
f6      c160503      i55843822    A:B8 X:02 Y:00 S:FC P:NvubdizC  $01:AA0B: 48       PHA
f6      c160506      i55843823    A:B8 X:02 Y:00 S:FB P:NvubdizC  $01:AA0C: A9 00    LDA #$00
f6      c160508      i55843824    A:00 X:02 Y:00 S:FB P:nvubdiZC  $01:AA0E: 91 EC    STA ($EC),Y @ $0548 = #$00
f6      c160514      i55843825    A:00 X:02 Y:00 S:FB P:nvubdiZC  $01:AA10: E6 EC    INC $EC = #$48
f6      c160519      i55843826    A:00 X:02 Y:00 S:FB P:nvubdizC  $01:AA12: D0 02    BNE $AA16
f6      c160522      i55843827    A:00 X:02 Y:00 S:FB P:nvubdizC  $01:AA16: 68       PLA
f6      c160526      i55843828    A:B8 X:02 Y:00 S:FC P:NvubdizC  $01:AA17: 38       SEC
f6      c160528      i55843829    A:B8 X:02 Y:00 S:FC P:NvubdizC  $01:AA18: E9 01    SBC #$01
f6      c160530      i55843830    A:B7 X:02 Y:00 S:FC P:NvubdizC  $01:AA1A: D0 EF    BNE $AA0B
f6      c160533      i55843831    A:B7 X:02 Y:00 S:FC P:NvubdizC  $01:AA0B: 48       PHA
f6      c160536      i55843832    A:B7 X:02 Y:00 S:FB P:NvubdizC  $01:AA0C: A9 00    LDA #$00
f6      c160538      i55843833    A:00 X:02 Y:00 S:FB P:nvubdiZC  $01:AA0E: 91 EC    STA ($EC),Y @ $0549 = #$00
f6      c160544      i55843834    A:00 X:02 Y:00 S:FB P:nvubdiZC  $01:AA10: E6 EC    INC $EC = #$49
f6      c160549      i55843835    A:00 X:02 Y:00 S:FB P:nvubdizC  $01:AA12: D0 02    BNE $AA16
f6      c160552      i55843836    A:00 X:02 Y:00 S:FB P:nvubdizC  $01:AA16: 68       PLA
f6      c160556      i55843837    A:B7 X:02 Y:00 S:FC P:NvubdizC  $01:AA17: 38       SEC
f6      c161283      i55844056    A:9E X:02 Y:00 S:FC P:NvubdizC  $01:AA0B: 48       PHA
f6      c161286      i55844057    A:9E X:02 Y:00 S:FB P:NvubdizC  $01:AA0C: A9 00    LDA #$00
f6      c161288      i55844058    A:00 X:02 Y:00 S:FB P:nvubdiZC  $01:AA0E: 91 EC    STA ($EC),Y @ $0562 = #$00
f6      c161294      i55844059    A:00 X:02 Y:00 S:FB P:nvubdiZC  $01:AA10: E6 EC    INC $EC = #$62
f6      c161299      i55844060    A:00 X:02 Y:00 S:FB P:nvubdizC  $01:AA12: D0 02    BNE $AA16
f6      c161302      i55844061    A:00 X:02 Y:00 S:FB P:nvubdizC  $01:AA16: 68       PLA
f6      c161306      i55844062    A:9E X:02 Y:00 S:FC P:NvubdizC  $01:AA17: 38       SEC
f6      c161308      i55844063    A:9E X:02 Y:00 S:FC P:NvubdizC  $01:AA18: E9 01    SBC #$01
f6      c161310      i55844064    A:9D X:02 Y:00 S:FC P:NvubdizC  $01:AA1A: D0 EF    BNE $AA0B
f6      c161313      i55844065    A:9D X:02 Y:00 S:FC P:NvubdizC  $01:AA0B: 48       PHA
f6      c161316      i55844066    A:9D X:02 Y:00 S:FB P:NvubdizC  $01:AA0C: A9 00    LDA #$00
f6      c161318      i55844067    A:00 X:02 Y:00 S:FB P:nvubdiZC  $01:AA0E: 91 EC    STA ($EC),Y @ $0563 = #$00
f6      c161324      i55844068    A:00 X:02 Y:00 S:FB P:nvubdiZC  $01:AA10: E6 EC    INC $EC = #$63
f6      c161329      i55844069    A:00 X:02 Y:00 S:FB P:nvubdizC  $01:AA12: D0 02    BNE $AA16
f6      c161332      i55844070    A:00 X:02 Y:00 S:FB P:nvubdizC  $01:AA16: 68       PLA
f6      c161336      i55844071    A:9D X:02 Y:00 S:FC P:NvubdizC  $01:AA17: 38       SEC
f6      c161338      i55844072    A:9D X:02 Y:00 S:FC P:NvubdizC  $01:AA18: E9 01    SBC #$01
f6      c161340      i55844073    A:9C X:02 Y:00 S:FC P:NvubdizC  $01:AA1A: D0 EF    BNE $AA0B
f6      c161343      i55844074    A:9C X:02 Y:00 S:FC P:NvubdizC  $01:AA0B: 48       PHA
f6      c161346      i55844075    A:9C X:02 Y:00 S:FB P:NvubdizC  $01:AA0C: A9 00    LDA #$00
f6      c161348      i55844076    A:00 X:02 Y:00 S:FB P:nvubdiZC  $01:AA0E: 91 EC    STA ($EC),Y @ $0564 = #$00
f6      c161354      i55844077    A:00 X:02 Y:00 S:FB P:nvubdiZC  $01:AA10: E6 EC    INC $EC = #$64
f6      c161359      i55844078    A:00 X:02 Y:00 S:FB P:nvubdizC  $01:AA12: D0 02    BNE $AA16
f6      c161362      i55844079    A:00 X:02 Y:00 S:FB P:nvubdizC  $01:AA16: 68       PLA
f6      c161366      i55844080    A:9C X:02 Y:00 S:FC P:NvubdizC  $01:AA17: 38       SEC
f6      c161368      i55844081    A:9C X:02 Y:00 S:FC P:NvubdizC  $01:AA18: E9 01    SBC #$01
f6      c161370      i55844082    A:9B X:02 Y:00 S:FC P:NvubdizC  $01:AA1A: D0 EF    BNE $AA0B
f6      c161373      i55844083    A:9B X:02 Y:00 S:FC P:NvubdizC  $01:AA0B: 48       PHA
f6      c161376      i55844084    A:9B X:02 Y:00 S:FB P:NvubdizC  $01:AA0C: A9 00    LDA #$00
f6      c161378      i55844085    A:00 X:02 Y:00 S:FB P:nvubdiZC  $01:AA0E: 91 EC    STA ($EC),Y @ $0565 = #$00
f6      c161384      i55844086    A:00 X:02 Y:00 S:FB P:nvubdiZC  $01:AA10: E6 EC    INC $EC = #$65
f6      c161389      i55844087    A:00 X:02 Y:00 S:FB P:nvubdizC  $01:AA12: D0 02    BNE $AA16
f6      c161392      i55844088    A:00 X:02 Y:00 S:FB P:nvubdizC  $01:AA16: 68       PLA
f6      c161396      i55844089    A:9B X:02 Y:00 S:FC P:NvubdizC  $01:AA17: 38       SEC
f6      c161398      i55844090    A:9B X:02 Y:00 S:FC P:NvubdizC  $01:AA18: E9 01    SBC #$01
f6      c161400      i55844091    A:9A X:02 Y:00 S:FC P:NvubdizC  $01:AA1A: D0 EF    BNE $AA0B
f6      c161403      i55844092    A:9A X:02 Y:00 S:FC P:NvubdizC  $01:AA0B: 48       PHA
f6      c161406      i55844093    A:9A X:02 Y:00 S:FB P:NvubdizC  $01:AA0C: A9 00    LDA #$00
f6      c161408      i55844094    A:00 X:02 Y:00 S:FB P:nvubdiZC  $01:AA0E: 91 EC    STA ($EC),Y @ $0566 = #$00
f6      c161414      i55844095    A:00 X:02 Y:00 S:FB P:nvubdiZC  $01:AA10: E6 EC    INC $EC = #$66
f6      c161419      i55844096    A:00 X:02 Y:00 S:FB P:nvubdizC  $01:AA12: D0 02    BNE $AA16
f6      c161422      i55844097    A:00 X:02 Y:00 S:FB P:nvubdizC  $01:AA16: 68       PLA
f6      c161426      i55844098    A:9A X:02 Y:00 S:FC P:NvubdizC  $01:AA17: 38       SEC
f6      c162153      i55844317    A:81 X:02 Y:00 S:FC P:NvubdizC  $01:AA0B: 48       PHA
f6      c162156      i55844318    A:81 X:02 Y:00 S:FB P:NvubdizC  $01:AA0C: A9 00    LDA #$00
f6      c162158      i55844319    A:00 X:02 Y:00 S:FB P:nvubdiZC  $01:AA0E: 91 EC    STA ($EC),Y @ $057F = #$00
f6      c162164      i55844320    A:00 X:02 Y:00 S:FB P:nvubdiZC  $01:AA10: E6 EC    INC $EC = #$7F
f6      c162169      i55844321    A:00 X:02 Y:00 S:FB P:NvubdizC  $01:AA12: D0 02    BNE $AA16
f6      c162172      i55844322    A:00 X:02 Y:00 S:FB P:NvubdizC  $01:AA16: 68       PLA
f6      c162176      i55844323    A:81 X:02 Y:00 S:FC P:NvubdizC  $01:AA17: 38       SEC
f6      c162178      i55844324    A:81 X:02 Y:00 S:FC P:NvubdizC  $01:AA18: E9 01    SBC #$01
f6      c162180      i55844325    A:80 X:02 Y:00 S:FC P:NvubdizC  $01:AA1A: D0 EF    BNE $AA0B
f6      c162183      i55844326    A:80 X:02 Y:00 S:FC P:NvubdizC  $01:AA0B: 48       PHA
f6      c162186      i55844327    A:80 X:02 Y:00 S:FB P:NvubdizC  $01:AA0C: A9 00    LDA #$00
f6      c162188      i55844328    A:00 X:02 Y:00 S:FB P:nvubdiZC  $01:AA0E: 91 EC    STA ($EC),Y @ $0580 = #$00
f6      c162194      i55844329    A:00 X:02 Y:00 S:FB P:nvubdiZC  $01:AA10: E6 EC    INC $EC = #$80
f6      c162199      i55844330    A:00 X:02 Y:00 S:FB P:NvubdizC  $01:AA12: D0 02    BNE $AA16
f6      c162202      i55844331    A:00 X:02 Y:00 S:FB P:NvubdizC  $01:AA16: 68       PLA
f6      c162206      i55844332    A:80 X:02 Y:00 S:FC P:NvubdizC  $01:AA17: 38       SEC
f6      c162208      i55844333    A:80 X:02 Y:00 S:FC P:NvubdizC  $01:AA18: E9 01    SBC #$01
f6      c162210      i55844334    A:7F X:02 Y:00 S:FC P:nVubdizC  $01:AA1A: D0 EF    BNE $AA0B
f6      c162213      i55844335    A:7F X:02 Y:00 S:FC P:nVubdizC  $01:AA0B: 48       PHA
f6      c162216      i55844336    A:7F X:02 Y:00 S:FB P:nVubdizC  $01:AA0C: A9 00    LDA #$00
f6      c162218      i55844337    A:00 X:02 Y:00 S:FB P:nVubdiZC  $01:AA0E: 91 EC    STA ($EC),Y @ $0581 = #$00
f6      c162224      i55844338    A:00 X:02 Y:00 S:FB P:nVubdiZC  $01:AA10: E6 EC    INC $EC = #$81
f6      c162229      i55844339    A:00 X:02 Y:00 S:FB P:NVubdizC  $01:AA12: D0 02    BNE $AA16
f6      c162232      i55844340    A:00 X:02 Y:00 S:FB P:NVubdizC  $01:AA16: 68       PLA
f6      c162236      i55844341    A:7F X:02 Y:00 S:FC P:nVubdizC  $01:AA17: 38       SEC
f6      c162238      i55844342    A:7F X:02 Y:00 S:FC P:nVubdizC  $01:AA18: E9 01    SBC #$01
f6      c162240      i55844343    A:7E X:02 Y:00 S:FC P:nvubdizC  $01:AA1A: D0 EF    BNE $AA0B
f6      c162243      i55844344    A:7E X:02 Y:00 S:FC P:nvubdizC  $01:AA0B: 48       PHA
f6      c162246      i55844345    A:7E X:02 Y:00 S:FB P:nvubdizC  $01:AA0C: A9 00    LDA #$00
f6      c162248      i55844346    A:00 X:02 Y:00 S:FB P:nvubdiZC  $01:AA0E: 91 EC    STA ($EC),Y @ $0582 = #$00
f6      c162254      i55844347    A:00 X:02 Y:00 S:FB P:nvubdiZC  $01:AA10: E6 EC    INC $EC = #$82
f6      c162259      i55844348    A:00 X:02 Y:00 S:FB P:NvubdizC  $01:AA12: D0 02    BNE $AA16
f6      c162262      i55844349    A:00 X:02 Y:00 S:FB P:NvubdizC  $01:AA16: 68       PLA
f6      c162266      i55844350    A:7E X:02 Y:00 S:FC P:nvubdizC  $01:AA17: 38       SEC
f6      c162268      i55844351    A:7E X:02 Y:00 S:FC P:nvubdizC  $01:AA18: E9 01    SBC #$01
f6      c162270      i55844352    A:7D X:02 Y:00 S:FC P:nvubdizC  $01:AA1A: D0 EF    BNE $AA0B
f6      c162273      i55844353    A:7D X:02 Y:00 S:FC P:nvubdizC  $01:AA0B: 48       PHA
f6      c162276      i55844354    A:7D X:02 Y:00 S:FB P:nvubdizC  $01:AA0C: A9 00    LDA #$00
f6      c162278      i55844355    A:00 X:02 Y:00 S:FB P:nvubdiZC  $01:AA0E: 91 EC    STA ($EC),Y @ $0583 = #$00
f6      c162284      i55844356    A:00 X:02 Y:00 S:FB P:nvubdiZC  $01:AA10: E6 EC    INC $EC = #$83
f6      c162289      i55844357    A:00 X:02 Y:00 S:FB P:NvubdizC  $01:AA12: D0 02    BNE $AA16
f6      c162292      i55844358    A:00 X:02 Y:00 S:FB P:NvubdizC  $01:AA16: 68       PLA
f6      c162296      i55844359    A:7D X:02 Y:00 S:FC P:nvubdizC  $01:AA17: 38       SEC
f6      c163023      i55844578    A:64 X:02 Y:00 S:FC P:nvubdizC  $01:AA0B: 48       PHA
f6      c163026      i55844579    A:64 X:02 Y:00 S:FB P:nvubdizC  $01:AA0C: A9 00    LDA #$00
f6      c163028      i55844580    A:00 X:02 Y:00 S:FB P:nvubdiZC  $01:AA0E: 91 EC    STA ($EC),Y @ $059C = #$00
f6      c163034      i55844581    A:00 X:02 Y:00 S:FB P:nvubdiZC  $01:AA10: E6 EC    INC $EC = #$9C
f6      c163039      i55844582    A:00 X:02 Y:00 S:FB P:NvubdizC  $01:AA12: D0 02    BNE $AA16
f6      c163042      i55844583    A:00 X:02 Y:00 S:FB P:NvubdizC  $01:AA16: 68       PLA
f6      c163046      i55844584    A:64 X:02 Y:00 S:FC P:nvubdizC  $01:AA17: 38       SEC
f6      c163048      i55844585    A:64 X:02 Y:00 S:FC P:nvubdizC  $01:AA18: E9 01    SBC #$01
f6      c163050      i55844586    A:63 X:02 Y:00 S:FC P:nvubdizC  $01:AA1A: D0 EF    BNE $AA0B
f6      c163053      i55844587    A:63 X:02 Y:00 S:FC P:nvubdizC  $01:AA0B: 48       PHA
f6      c163056      i55844588    A:63 X:02 Y:00 S:FB P:nvubdizC  $01:AA0C: A9 00    LDA #$00
f6      c163058      i55844589    A:00 X:02 Y:00 S:FB P:nvubdiZC  $01:AA0E: 91 EC    STA ($EC),Y @ $059D = #$00
f6      c163064      i55844590    A:00 X:02 Y:00 S:FB P:nvubdiZC  $01:AA10: E6 EC    INC $EC = #$9D
f6      c163069      i55844591    A:00 X:02 Y:00 S:FB P:NvubdizC  $01:AA12: D0 02    BNE $AA16
f6      c163072      i55844592    A:00 X:02 Y:00 S:FB P:NvubdizC  $01:AA16: 68       PLA
f6      c163076      i55844593    A:63 X:02 Y:00 S:FC P:nvubdizC  $01:AA17: 38       SEC
f6      c163078      i55844594    A:63 X:02 Y:00 S:FC P:nvubdizC  $01:AA18: E9 01    SBC #$01
f6      c163080      i55844595    A:62 X:02 Y:00 S:FC P:nvubdizC  $01:AA1A: D0 EF    BNE $AA0B
f6      c163083      i55844596    A:62 X:02 Y:00 S:FC P:nvubdizC  $01:AA0B: 48       PHA
f6      c163086      i55844597    A:62 X:02 Y:00 S:FB P:nvubdizC  $01:AA0C: A9 00    LDA #$00
f6      c163088      i55844598    A:00 X:02 Y:00 S:FB P:nvubdiZC  $01:AA0E: 91 EC    STA ($EC),Y @ $059E = #$00
f6      c163094      i55844599    A:00 X:02 Y:00 S:FB P:nvubdiZC  $01:AA10: E6 EC    INC $EC = #$9E
f6      c163099      i55844600    A:00 X:02 Y:00 S:FB P:NvubdizC  $01:AA12: D0 02    BNE $AA16
f6      c163102      i55844601    A:00 X:02 Y:00 S:FB P:NvubdizC  $01:AA16: 68       PLA
f6      c163106      i55844602    A:62 X:02 Y:00 S:FC P:nvubdizC  $01:AA17: 38       SEC
f6      c163108      i55844603    A:62 X:02 Y:00 S:FC P:nvubdizC  $01:AA18: E9 01    SBC #$01
f6      c163110      i55844604    A:61 X:02 Y:00 S:FC P:nvubdizC  $01:AA1A: D0 EF    BNE $AA0B
f6      c163113      i55844605    A:61 X:02 Y:00 S:FC P:nvubdizC  $01:AA0B: 48       PHA
f6      c163116      i55844606    A:61 X:02 Y:00 S:FB P:nvubdizC  $01:AA0C: A9 00    LDA #$00
f6      c163118      i55844607    A:00 X:02 Y:00 S:FB P:nvubdiZC  $01:AA0E: 91 EC    STA ($EC),Y @ $059F = #$00
f6      c163124      i55844608    A:00 X:02 Y:00 S:FB P:nvubdiZC  $01:AA10: E6 EC    INC $EC = #$9F
f6      c163129      i55844609    A:00 X:02 Y:00 S:FB P:NvubdizC  $01:AA12: D0 02    BNE $AA16
f6      c163132      i55844610    A:00 X:02 Y:00 S:FB P:NvubdizC  $01:AA16: 68       PLA
f6      c163136      i55844611    A:61 X:02 Y:00 S:FC P:nvubdizC  $01:AA17: 38       SEC
f6      c163138      i55844612    A:61 X:02 Y:00 S:FC P:nvubdizC  $01:AA18: E9 01    SBC #$01
f6      c163140      i55844613    A:60 X:02 Y:00 S:FC P:nvubdizC  $01:AA1A: D0 EF    BNE $AA0B
f6      c163143      i55844614    A:60 X:02 Y:00 S:FC P:nvubdizC  $01:AA0B: 48       PHA
f6      c163146      i55844615    A:60 X:02 Y:00 S:FB P:nvubdizC  $01:AA0C: A9 00    LDA #$00
f6      c163148      i55844616    A:00 X:02 Y:00 S:FB P:nvubdiZC  $01:AA0E: 91 EC    STA ($EC),Y @ $05A0 = #$00
f6      c163154      i55844617    A:00 X:02 Y:00 S:FB P:nvubdiZC  $01:AA10: E6 EC    INC $EC = #$A0
f6      c163159      i55844618    A:00 X:02 Y:00 S:FB P:NvubdizC  $01:AA12: D0 02    BNE $AA16
f6      c163162      i55844619    A:00 X:02 Y:00 S:FB P:NvubdizC  $01:AA16: 68       PLA
f6      c163166      i55844620    A:60 X:02 Y:00 S:FC P:nvubdizC  $01:AA17: 38       SEC
f6      c163893      i55844839    A:47 X:02 Y:00 S:FC P:nvubdizC  $01:AA0B: 48       PHA
f6      c163896      i55844840    A:47 X:02 Y:00 S:FB P:nvubdizC  $01:AA0C: A9 00    LDA #$00
f6      c163898      i55844841    A:00 X:02 Y:00 S:FB P:nvubdiZC  $01:AA0E: 91 EC    STA ($EC),Y @ $05B9 = #$00
f6      c163904      i55844842    A:00 X:02 Y:00 S:FB P:nvubdiZC  $01:AA10: E6 EC    INC $EC = #$B9
f6      c163909      i55844843    A:00 X:02 Y:00 S:FB P:NvubdizC  $01:AA12: D0 02    BNE $AA16
f6      c163912      i55844844    A:00 X:02 Y:00 S:FB P:NvubdizC  $01:AA16: 68       PLA
f6      c163916      i55844845    A:47 X:02 Y:00 S:FC P:nvubdizC  $01:AA17: 38       SEC
f6      c163918      i55844846    A:47 X:02 Y:00 S:FC P:nvubdizC  $01:AA18: E9 01    SBC #$01
f6      c163920      i55844847    A:46 X:02 Y:00 S:FC P:nvubdizC  $01:AA1A: D0 EF    BNE $AA0B
f6      c163923      i55844848    A:46 X:02 Y:00 S:FC P:nvubdizC  $01:AA0B: 48       PHA
f6      c163926      i55844849    A:46 X:02 Y:00 S:FB P:nvubdizC  $01:AA0C: A9 00    LDA #$00
f6      c163928      i55844850    A:00 X:02 Y:00 S:FB P:nvubdiZC  $01:AA0E: 91 EC    STA ($EC),Y @ $05BA = #$00
f6      c163934      i55844851    A:00 X:02 Y:00 S:FB P:nvubdiZC  $01:AA10: E6 EC    INC $EC = #$BA
f6      c163939      i55844852    A:00 X:02 Y:00 S:FB P:NvubdizC  $01:AA12: D0 02    BNE $AA16
f6      c163942      i55844853    A:00 X:02 Y:00 S:FB P:NvubdizC  $01:AA16: 68       PLA
f6      c163946      i55844854    A:46 X:02 Y:00 S:FC P:nvubdizC  $01:AA17: 38       SEC
f6      c163948      i55844855    A:46 X:02 Y:00 S:FC P:nvubdizC  $01:AA18: E9 01    SBC #$01
f6      c163950      i55844856    A:45 X:02 Y:00 S:FC P:nvubdizC  $01:AA1A: D0 EF    BNE $AA0B
f6      c163953      i55844857    A:45 X:02 Y:00 S:FC P:nvubdizC  $01:AA0B: 48       PHA
f6      c163956      i55844858    A:45 X:02 Y:00 S:FB P:nvubdizC  $01:AA0C: A9 00    LDA #$00
f6      c163958      i55844859    A:00 X:02 Y:00 S:FB P:nvubdiZC  $01:AA0E: 91 EC    STA ($EC),Y @ $05BB = #$00
f6      c163964      i55844860    A:00 X:02 Y:00 S:FB P:nvubdiZC  $01:AA10: E6 EC    INC $EC = #$BB
f6      c163969      i55844861    A:00 X:02 Y:00 S:FB P:NvubdizC  $01:AA12: D0 02    BNE $AA16
f6      c163972      i55844862    A:00 X:02 Y:00 S:FB P:NvubdizC  $01:AA16: 68       PLA
f6      c163976      i55844863    A:45 X:02 Y:00 S:FC P:nvubdizC  $01:AA17: 38       SEC
f6      c163978      i55844864    A:45 X:02 Y:00 S:FC P:nvubdizC  $01:AA18: E9 01    SBC #$01
f6      c163980      i55844865    A:44 X:02 Y:00 S:FC P:nvubdizC  $01:AA1A: D0 EF    BNE $AA0B
f6      c163983      i55844866    A:44 X:02 Y:00 S:FC P:nvubdizC  $01:AA0B: 48       PHA
f6      c163986      i55844867    A:44 X:02 Y:00 S:FB P:nvubdizC  $01:AA0C: A9 00    LDA #$00
f6      c163988      i55844868    A:00 X:02 Y:00 S:FB P:nvubdiZC  $01:AA0E: 91 EC    STA ($EC),Y @ $05BC = #$00
f6      c163994      i55844869    A:00 X:02 Y:00 S:FB P:nvubdiZC  $01:AA10: E6 EC    INC $EC = #$BC
f6      c163999      i55844870    A:00 X:02 Y:00 S:FB P:NvubdizC  $01:AA12: D0 02    BNE $AA16
f6      c164002      i55844871    A:00 X:02 Y:00 S:FB P:NvubdizC  $01:AA16: 68       PLA
f6      c164006      i55844872    A:44 X:02 Y:00 S:FC P:nvubdizC  $01:AA17: 38       SEC
f6      c164008      i55844873    A:44 X:02 Y:00 S:FC P:nvubdizC  $01:AA18: E9 01    SBC #$01
f6      c164010      i55844874    A:43 X:02 Y:00 S:FC P:nvubdizC  $01:AA1A: D0 EF    BNE $AA0B
f6      c164013      i55844875    A:43 X:02 Y:00 S:FC P:nvubdizC  $01:AA0B: 48       PHA
f6      c164016      i55844876    A:43 X:02 Y:00 S:FB P:nvubdizC  $01:AA0C: A9 00    LDA #$00
f6      c164018      i55844877    A:00 X:02 Y:00 S:FB P:nvubdiZC  $01:AA0E: 91 EC    STA ($EC),Y @ $05BD = #$00
f6      c164024      i55844878    A:00 X:02 Y:00 S:FB P:nvubdiZC  $01:AA10: E6 EC    INC $EC = #$BD
f6      c164029      i55844879    A:00 X:02 Y:00 S:FB P:NvubdizC  $01:AA12: D0 02    BNE $AA16
f6      c164032      i55844880    A:00 X:02 Y:00 S:FB P:NvubdizC  $01:AA16: 68       PLA
f6      c164036      i55844881    A:43 X:02 Y:00 S:FC P:nvubdizC  $01:AA17: 38       SEC
f6      c164763      i55845100    A:2A X:02 Y:00 S:FC P:nvubdizC  $01:AA0B: 48       PHA
f6      c164766      i55845101    A:2A X:02 Y:00 S:FB P:nvubdizC  $01:AA0C: A9 00    LDA #$00
f6      c164768      i55845102    A:00 X:02 Y:00 S:FB P:nvubdiZC  $01:AA0E: 91 EC    STA ($EC),Y @ $05D6 = #$00
f6      c164774      i55845103    A:00 X:02 Y:00 S:FB P:nvubdiZC  $01:AA10: E6 EC    INC $EC = #$D6
f6      c164779      i55845104    A:00 X:02 Y:00 S:FB P:NvubdizC  $01:AA12: D0 02    BNE $AA16
f6      c164782      i55845105    A:00 X:02 Y:00 S:FB P:NvubdizC  $01:AA16: 68       PLA
f6      c164786      i55845106    A:2A X:02 Y:00 S:FC P:nvubdizC  $01:AA17: 38       SEC
f6      c164788      i55845107    A:2A X:02 Y:00 S:FC P:nvubdizC  $01:AA18: E9 01    SBC #$01
f6      c164790      i55845108    A:29 X:02 Y:00 S:FC P:nvubdizC  $01:AA1A: D0 EF    BNE $AA0B
f6      c164793      i55845109    A:29 X:02 Y:00 S:FC P:nvubdizC  $01:AA0B: 48       PHA
f6      c164796      i55845110    A:29 X:02 Y:00 S:FB P:nvubdizC  $01:AA0C: A9 00    LDA #$00
f6      c164798      i55845111    A:00 X:02 Y:00 S:FB P:nvubdiZC  $01:AA0E: 91 EC    STA ($EC),Y @ $05D7 = #$00
f6      c164804      i55845112    A:00 X:02 Y:00 S:FB P:nvubdiZC  $01:AA10: E6 EC    INC $EC = #$D7
f6      c164809      i55845113    A:00 X:02 Y:00 S:FB P:NvubdizC  $01:AA12: D0 02    BNE $AA16
f6      c164812      i55845114    A:00 X:02 Y:00 S:FB P:NvubdizC  $01:AA16: 68       PLA
f6      c164816      i55845115    A:29 X:02 Y:00 S:FC P:nvubdizC  $01:AA17: 38       SEC
f6      c164818      i55845116    A:29 X:02 Y:00 S:FC P:nvubdizC  $01:AA18: E9 01    SBC #$01
f6      c164820      i55845117    A:28 X:02 Y:00 S:FC P:nvubdizC  $01:AA1A: D0 EF    BNE $AA0B
f6      c164823      i55845118    A:28 X:02 Y:00 S:FC P:nvubdizC  $01:AA0B: 48       PHA
f6      c164826      i55845119    A:28 X:02 Y:00 S:FB P:nvubdizC  $01:AA0C: A9 00    LDA #$00
f6      c164828      i55845120    A:00 X:02 Y:00 S:FB P:nvubdiZC  $01:AA0E: 91 EC    STA ($EC),Y @ $05D8 = #$00
f6      c164834      i55845121    A:00 X:02 Y:00 S:FB P:nvubdiZC  $01:AA10: E6 EC    INC $EC = #$D8
f6      c164839      i55845122    A:00 X:02 Y:00 S:FB P:NvubdizC  $01:AA12: D0 02    BNE $AA16
f6      c164842      i55845123    A:00 X:02 Y:00 S:FB P:NvubdizC  $01:AA16: 68       PLA
f6      c164846      i55845124    A:28 X:02 Y:00 S:FC P:nvubdizC  $01:AA17: 38       SEC
f6      c164848      i55845125    A:28 X:02 Y:00 S:FC P:nvubdizC  $01:AA18: E9 01    SBC #$01
f6      c164850      i55845126    A:27 X:02 Y:00 S:FC P:nvubdizC  $01:AA1A: D0 EF    BNE $AA0B
f6      c164853      i55845127    A:27 X:02 Y:00 S:FC P:nvubdizC  $01:AA0B: 48       PHA
f6      c164856      i55845128    A:27 X:02 Y:00 S:FB P:nvubdizC  $01:AA0C: A9 00    LDA #$00
f6      c164858      i55845129    A:00 X:02 Y:00 S:FB P:nvubdiZC  $01:AA0E: 91 EC    STA ($EC),Y @ $05D9 = #$00
f6      c164864      i55845130    A:00 X:02 Y:00 S:FB P:nvubdiZC  $01:AA10: E6 EC    INC $EC = #$D9
f6      c164869      i55845131    A:00 X:02 Y:00 S:FB P:NvubdizC  $01:AA12: D0 02    BNE $AA16
f6      c164872      i55845132    A:00 X:02 Y:00 S:FB P:NvubdizC  $01:AA16: 68       PLA
f6      c164876      i55845133    A:27 X:02 Y:00 S:FC P:nvubdizC  $01:AA17: 38       SEC
f6      c164878      i55845134    A:27 X:02 Y:00 S:FC P:nvubdizC  $01:AA18: E9 01    SBC #$01
f6      c164880      i55845135    A:26 X:02 Y:00 S:FC P:nvubdizC  $01:AA1A: D0 EF    BNE $AA0B
f6      c164883      i55845136    A:26 X:02 Y:00 S:FC P:nvubdizC  $01:AA0B: 48       PHA
f6      c164886      i55845137    A:26 X:02 Y:00 S:FB P:nvubdizC  $01:AA0C: A9 00    LDA #$00
f6      c164888      i55845138    A:00 X:02 Y:00 S:FB P:nvubdiZC  $01:AA0E: 91 EC    STA ($EC),Y @ $05DA = #$00
f6      c164894      i55845139    A:00 X:02 Y:00 S:FB P:nvubdiZC  $01:AA10: E6 EC    INC $EC = #$DA
f6      c164899      i55845140    A:00 X:02 Y:00 S:FB P:NvubdizC  $01:AA12: D0 02    BNE $AA16
f6      c164902      i55845141    A:00 X:02 Y:00 S:FB P:NvubdizC  $01:AA16: 68       PLA
f6      c164906      i55845142    A:26 X:02 Y:00 S:FC P:nvubdizC  $01:AA17: 38       SEC
f6      c165633      i55845361    A:0D X:02 Y:00 S:FC P:nvubdizC  $01:AA0B: 48       PHA
f6      c165636      i55845362    A:0D X:02 Y:00 S:FB P:nvubdizC  $01:AA0C: A9 00    LDA #$00
f6      c165638      i55845363    A:00 X:02 Y:00 S:FB P:nvubdiZC  $01:AA0E: 91 EC    STA ($EC),Y @ $05F3 = #$00
f6      c165644      i55845364    A:00 X:02 Y:00 S:FB P:nvubdiZC  $01:AA10: E6 EC    INC $EC = #$F3
f6      c165649      i55845365    A:00 X:02 Y:00 S:FB P:NvubdizC  $01:AA12: D0 02    BNE $AA16
f6      c165652      i55845366    A:00 X:02 Y:00 S:FB P:NvubdizC  $01:AA16: 68       PLA
f6      c165656      i55845367    A:0D X:02 Y:00 S:FC P:nvubdizC  $01:AA17: 38       SEC
f6      c165658      i55845368    A:0D X:02 Y:00 S:FC P:nvubdizC  $01:AA18: E9 01    SBC #$01
f6      c165660      i55845369    A:0C X:02 Y:00 S:FC P:nvubdizC  $01:AA1A: D0 EF    BNE $AA0B
f6      c165663      i55845370    A:0C X:02 Y:00 S:FC P:nvubdizC  $01:AA0B: 48       PHA
f6      c165666      i55845371    A:0C X:02 Y:00 S:FB P:nvubdizC  $01:AA0C: A9 00    LDA #$00
f6      c165668      i55845372    A:00 X:02 Y:00 S:FB P:nvubdiZC  $01:AA0E: 91 EC    STA ($EC),Y @ $05F4 = #$00
f6      c165674      i55845373    A:00 X:02 Y:00 S:FB P:nvubdiZC  $01:AA10: E6 EC    INC $EC = #$F4
f6      c165679      i55845374    A:00 X:02 Y:00 S:FB P:NvubdizC  $01:AA12: D0 02    BNE $AA16
f6      c165682      i55845375    A:00 X:02 Y:00 S:FB P:NvubdizC  $01:AA16: 68       PLA
f6      c165686      i55845376    A:0C X:02 Y:00 S:FC P:nvubdizC  $01:AA17: 38       SEC
f6      c165688      i55845377    A:0C X:02 Y:00 S:FC P:nvubdizC  $01:AA18: E9 01    SBC #$01
f6      c165690      i55845378    A:0B X:02 Y:00 S:FC P:nvubdizC  $01:AA1A: D0 EF    BNE $AA0B
f6      c165693      i55845379    A:0B X:02 Y:00 S:FC P:nvubdizC  $01:AA0B: 48       PHA
f6      c165696      i55845380    A:0B X:02 Y:00 S:FB P:nvubdizC  $01:AA0C: A9 00    LDA #$00
f6      c165698      i55845381    A:00 X:02 Y:00 S:FB P:nvubdiZC  $01:AA0E: 91 EC    STA ($EC),Y @ $05F5 = #$00
f6      c165704      i55845382    A:00 X:02 Y:00 S:FB P:nvubdiZC  $01:AA10: E6 EC    INC $EC = #$F5
f6      c165709      i55845383    A:00 X:02 Y:00 S:FB P:NvubdizC  $01:AA12: D0 02    BNE $AA16
f6      c165712      i55845384    A:00 X:02 Y:00 S:FB P:NvubdizC  $01:AA16: 68       PLA
f6      c165716      i55845385    A:0B X:02 Y:00 S:FC P:nvubdizC  $01:AA17: 38       SEC
f6      c165718      i55845386    A:0B X:02 Y:00 S:FC P:nvubdizC  $01:AA18: E9 01    SBC #$01
f6      c165720      i55845387    A:0A X:02 Y:00 S:FC P:nvubdizC  $01:AA1A: D0 EF    BNE $AA0B
f6      c165723      i55845388    A:0A X:02 Y:00 S:FC P:nvubdizC  $01:AA0B: 48       PHA
f6      c165726      i55845389    A:0A X:02 Y:00 S:FB P:nvubdizC  $01:AA0C: A9 00    LDA #$00
f6      c165728      i55845390    A:00 X:02 Y:00 S:FB P:nvubdiZC  $01:AA0E: 91 EC    STA ($EC),Y @ $05F6 = #$00
f6      c165734      i55845391    A:00 X:02 Y:00 S:FB P:nvubdiZC  $01:AA10: E6 EC    INC $EC = #$F6
f6      c165739      i55845392    A:00 X:02 Y:00 S:FB P:NvubdizC  $01:AA12: D0 02    BNE $AA16
f6      c165742      i55845393    A:00 X:02 Y:00 S:FB P:NvubdizC  $01:AA16: 68       PLA
f6      c165746      i55845394    A:0A X:02 Y:00 S:FC P:nvubdizC  $01:AA17: 38       SEC
f6      c165748      i55845395    A:0A X:02 Y:00 S:FC P:nvubdizC  $01:AA18: E9 01    SBC #$01
f6      c165750      i55845396    A:09 X:02 Y:00 S:FC P:nvubdizC  $01:AA1A: D0 EF    BNE $AA0B
f6      c165753      i55845397    A:09 X:02 Y:00 S:FC P:nvubdizC  $01:AA0B: 48       PHA
f6      c165756      i55845398    A:09 X:02 Y:00 S:FB P:nvubdizC  $01:AA0C: A9 00    LDA #$00
f6      c165758      i55845399    A:00 X:02 Y:00 S:FB P:nvubdiZC  $01:AA0E: 91 EC    STA ($EC),Y @ $05F7 = #$00
f6      c165764      i55845400    A:00 X:02 Y:00 S:FB P:nvubdiZC  $01:AA10: E6 EC    INC $EC = #$F7
f6      c165769      i55845401    A:00 X:02 Y:00 S:FB P:NvubdizC  $01:AA12: D0 02    BNE $AA16
f6      c165772      i55845402    A:00 X:02 Y:00 S:FB P:NvubdizC  $01:AA16: 68       PLA
f6      c165776      i55845403    A:09 X:02 Y:00 S:FC P:nvubdizC  $01:AA17: 38       SEC
f6      c166931      i55845751    A:E2 X:01 Y:00 S:FC P:NvubdizC  $01:AA0B: 48       PHA
f6      c166934      i55845752    A:E2 X:01 Y:00 S:FB P:NvubdizC  $01:AA0C: A9 00    LDA #$00
f6      c166936      i55845753    A:00 X:01 Y:00 S:FB P:nvubdiZC  $01:AA0E: 91 EC    STA ($EC),Y @ $061E = #$00
f6      c166942      i55845754    A:00 X:01 Y:00 S:FB P:nvubdiZC  $01:AA10: E6 EC    INC $EC = #$1E
f6      c166947      i55845755    A:00 X:01 Y:00 S:FB P:nvubdizC  $01:AA12: D0 02    BNE $AA16
f6      c166950      i55845756    A:00 X:01 Y:00 S:FB P:nvubdizC  $01:AA16: 68       PLA
f6      c166954      i55845757    A:E2 X:01 Y:00 S:FC P:NvubdizC  $01:AA17: 38       SEC
f6      c166956      i55845758    A:E2 X:01 Y:00 S:FC P:NvubdizC  $01:AA18: E9 01    SBC #$01
f6      c166958      i55845759    A:E1 X:01 Y:00 S:FC P:NvubdizC  $01:AA1A: D0 EF    BNE $AA0B
f6      c166961      i55845760    A:E1 X:01 Y:00 S:FC P:NvubdizC  $01:AA0B: 48       PHA
f6      c166964      i55845761    A:E1 X:01 Y:00 S:FB P:NvubdizC  $01:AA0C: A9 00    LDA #$00
f6      c166966      i55845762    A:00 X:01 Y:00 S:FB P:nvubdiZC  $01:AA0E: 91 EC    STA ($EC),Y @ $061F = #$00
f6      c166972      i55845763    A:00 X:01 Y:00 S:FB P:nvubdiZC  $01:AA10: E6 EC    INC $EC = #$1F
f6      c166977      i55845764    A:00 X:01 Y:00 S:FB P:nvubdizC  $01:AA12: D0 02    BNE $AA16
f6      c166980      i55845765    A:00 X:01 Y:00 S:FB P:nvubdizC  $01:AA16: 68       PLA
f6      c166984      i55845766    A:E1 X:01 Y:00 S:FC P:NvubdizC  $01:AA17: 38       SEC
f6      c166986      i55845767    A:E1 X:01 Y:00 S:FC P:NvubdizC  $01:AA18: E9 01    SBC #$01
f6      c166988      i55845768    A:E0 X:01 Y:00 S:FC P:NvubdizC  $01:AA1A: D0 EF    BNE $AA0B
f6      c166991      i55845769    A:E0 X:01 Y:00 S:FC P:NvubdizC  $01:AA0B: 48       PHA
f6      c166994      i55845770    A:E0 X:01 Y:00 S:FB P:NvubdizC  $01:AA0C: A9 00    LDA #$00
f6      c166996      i55845771    A:00 X:01 Y:00 S:FB P:nvubdiZC  $01:AA0E: 91 EC    STA ($EC),Y @ $0620 = #$00
f6      c167002      i55845772    A:00 X:01 Y:00 S:FB P:nvubdiZC  $01:AA10: E6 EC    INC $EC = #$20
f6      c167007      i55845773    A:00 X:01 Y:00 S:FB P:nvubdizC  $01:AA12: D0 02    BNE $AA16
f6      c167010      i55845774    A:00 X:01 Y:00 S:FB P:nvubdizC  $01:AA16: 68       PLA
f6      c167014      i55845775    A:E0 X:01 Y:00 S:FC P:NvubdizC  $01:AA17: 38       SEC
f6      c167016      i55845776    A:E0 X:01 Y:00 S:FC P:NvubdizC  $01:AA18: E9 01    SBC #$01
f6      c167018      i55845777    A:DF X:01 Y:00 S:FC P:NvubdizC  $01:AA1A: D0 EF    BNE $AA0B
f6      c167021      i55845778    A:DF X:01 Y:00 S:FC P:NvubdizC  $01:AA0B: 48       PHA
f6      c167024      i55845779    A:DF X:01 Y:00 S:FB P:NvubdizC  $01:AA0C: A9 00    LDA #$00
f6      c167026      i55845780    A:00 X:01 Y:00 S:FB P:nvubdiZC  $01:AA0E: 91 EC    STA ($EC),Y @ $0621 = #$00
f6      c167032      i55845781    A:00 X:01 Y:00 S:FB P:nvubdiZC  $01:AA10: E6 EC    INC $EC = #$21
f6      c167037      i55845782    A:00 X:01 Y:00 S:FB P:nvubdizC  $01:AA12: D0 02    BNE $AA16
f6      c167040      i55845783    A:00 X:01 Y:00 S:FB P:nvubdizC  $01:AA16: 68       PLA
f6      c167044      i55845784    A:DF X:01 Y:00 S:FC P:NvubdizC  $01:AA17: 38       SEC
f6      c167046      i55845785    A:DF X:01 Y:00 S:FC P:NvubdizC  $01:AA18: E9 01    SBC #$01
f6      c167048      i55845786    A:DE X:01 Y:00 S:FC P:NvubdizC  $01:AA1A: D0 EF    BNE $AA0B
f6      c167051      i55845787    A:DE X:01 Y:00 S:FC P:NvubdizC  $01:AA0B: 48       PHA
f6      c167054      i55845788    A:DE X:01 Y:00 S:FB P:NvubdizC  $01:AA0C: A9 00    LDA #$00
f6      c167056      i55845789    A:00 X:01 Y:00 S:FB P:nvubdiZC  $01:AA0E: 91 EC    STA ($EC),Y @ $0622 = #$00
f6      c167062      i55845790    A:00 X:01 Y:00 S:FB P:nvubdiZC  $01:AA10: E6 EC    INC $EC = #$22
f6      c167067      i55845791    A:00 X:01 Y:00 S:FB P:nvubdizC  $01:AA12: D0 02    BNE $AA16
f6      c167070      i55845792    A:00 X:01 Y:00 S:FB P:nvubdizC  $01:AA16: 68       PLA
f6      c167074      i55845793    A:DE X:01 Y:00 S:FC P:NvubdizC  $01:AA17: 38       SEC
f6      c167801      i55846012    A:C5 X:01 Y:00 S:FC P:NvubdizC  $01:AA0B: 48       PHA
f6      c167804      i55846013    A:C5 X:01 Y:00 S:FB P:NvubdizC  $01:AA0C: A9 00    LDA #$00
f6      c167806      i55846014    A:00 X:01 Y:00 S:FB P:nvubdiZC  $01:AA0E: 91 EC    STA ($EC),Y @ $063B = #$00
f6      c167812      i55846015    A:00 X:01 Y:00 S:FB P:nvubdiZC  $01:AA10: E6 EC    INC $EC = #$3B
f6      c167817      i55846016    A:00 X:01 Y:00 S:FB P:nvubdizC  $01:AA12: D0 02    BNE $AA16
f6      c167820      i55846017    A:00 X:01 Y:00 S:FB P:nvubdizC  $01:AA16: 68       PLA
f6      c167824      i55846018    A:C5 X:01 Y:00 S:FC P:NvubdizC  $01:AA17: 38       SEC
f6      c167826      i55846019    A:C5 X:01 Y:00 S:FC P:NvubdizC  $01:AA18: E9 01    SBC #$01
f6      c167828      i55846020    A:C4 X:01 Y:00 S:FC P:NvubdizC  $01:AA1A: D0 EF    BNE $AA0B
f6      c167831      i55846021    A:C4 X:01 Y:00 S:FC P:NvubdizC  $01:AA0B: 48       PHA
f6      c167834      i55846022    A:C4 X:01 Y:00 S:FB P:NvubdizC  $01:AA0C: A9 00    LDA #$00
f6      c167836      i55846023    A:00 X:01 Y:00 S:FB P:nvubdiZC  $01:AA0E: 91 EC    STA ($EC),Y @ $063C = #$00
f6      c167842      i55846024    A:00 X:01 Y:00 S:FB P:nvubdiZC  $01:AA10: E6 EC    INC $EC = #$3C
f6      c167847      i55846025    A:00 X:01 Y:00 S:FB P:nvubdizC  $01:AA12: D0 02    BNE $AA16
f6      c167850      i55846026    A:00 X:01 Y:00 S:FB P:nvubdizC  $01:AA16: 68       PLA
f6      c167854      i55846027    A:C4 X:01 Y:00 S:FC P:NvubdizC  $01:AA17: 38       SEC
f6      c167856      i55846028    A:C4 X:01 Y:00 S:FC P:NvubdizC  $01:AA18: E9 01    SBC #$01
f6      c167858      i55846029    A:C3 X:01 Y:00 S:FC P:NvubdizC  $01:AA1A: D0 EF    BNE $AA0B
f6      c167861      i55846030    A:C3 X:01 Y:00 S:FC P:NvubdizC  $01:AA0B: 48       PHA
f6      c167864      i55846031    A:C3 X:01 Y:00 S:FB P:NvubdizC  $01:AA0C: A9 00    LDA #$00
f6      c167866      i55846032    A:00 X:01 Y:00 S:FB P:nvubdiZC  $01:AA0E: 91 EC    STA ($EC),Y @ $063D = #$00
f6      c167872      i55846033    A:00 X:01 Y:00 S:FB P:nvubdiZC  $01:AA10: E6 EC    INC $EC = #$3D
f6      c167877      i55846034    A:00 X:01 Y:00 S:FB P:nvubdizC  $01:AA12: D0 02    BNE $AA16
f6      c167880      i55846035    A:00 X:01 Y:00 S:FB P:nvubdizC  $01:AA16: 68       PLA
f6      c167884      i55846036    A:C3 X:01 Y:00 S:FC P:NvubdizC  $01:AA17: 38       SEC
f6      c167886      i55846037    A:C3 X:01 Y:00 S:FC P:NvubdizC  $01:AA18: E9 01    SBC #$01
f6      c167888      i55846038    A:C2 X:01 Y:00 S:FC P:NvubdizC  $01:AA1A: D0 EF    BNE $AA0B
f6      c167891      i55846039    A:C2 X:01 Y:00 S:FC P:NvubdizC  $01:AA0B: 48       PHA
f6      c167894      i55846040    A:C2 X:01 Y:00 S:FB P:NvubdizC  $01:AA0C: A9 00    LDA #$00
f6      c167896      i55846041    A:00 X:01 Y:00 S:FB P:nvubdiZC  $01:AA0E: 91 EC    STA ($EC),Y @ $063E = #$00
f6      c167902      i55846042    A:00 X:01 Y:00 S:FB P:nvubdiZC  $01:AA10: E6 EC    INC $EC = #$3E
f6      c167907      i55846043    A:00 X:01 Y:00 S:FB P:nvubdizC  $01:AA12: D0 02    BNE $AA16
f6      c167910      i55846044    A:00 X:01 Y:00 S:FB P:nvubdizC  $01:AA16: 68       PLA
f6      c167914      i55846045    A:C2 X:01 Y:00 S:FC P:NvubdizC  $01:AA17: 38       SEC
f6      c167916      i55846046    A:C2 X:01 Y:00 S:FC P:NvubdizC  $01:AA18: E9 01    SBC #$01
f6      c167918      i55846047    A:C1 X:01 Y:00 S:FC P:NvubdizC  $01:AA1A: D0 EF    BNE $AA0B
f6      c167921      i55846048    A:C1 X:01 Y:00 S:FC P:NvubdizC  $01:AA0B: 48       PHA
f6      c167924      i55846049    A:C1 X:01 Y:00 S:FB P:NvubdizC  $01:AA0C: A9 00    LDA #$00
f6      c167926      i55846050    A:00 X:01 Y:00 S:FB P:nvubdiZC  $01:AA0E: 91 EC    STA ($EC),Y @ $063F = #$00
f6      c167932      i55846051    A:00 X:01 Y:00 S:FB P:nvubdiZC  $01:AA10: E6 EC    INC $EC = #$3F
f6      c167937      i55846052    A:00 X:01 Y:00 S:FB P:nvubdizC  $01:AA12: D0 02    BNE $AA16
f6      c167940      i55846053    A:00 X:01 Y:00 S:FB P:nvubdizC  $01:AA16: 68       PLA
f6      c167944      i55846054    A:C1 X:01 Y:00 S:FC P:NvubdizC  $01:AA17: 38       SEC
f6      c168671      i55846273    A:A8 X:01 Y:00 S:FC P:NvubdizC  $01:AA0B: 48       PHA
f6      c168674      i55846274    A:A8 X:01 Y:00 S:FB P:NvubdizC  $01:AA0C: A9 00    LDA #$00
f6      c168676      i55846275    A:00 X:01 Y:00 S:FB P:nvubdiZC  $01:AA0E: 91 EC    STA ($EC),Y @ $0658 = #$00
f6      c168682      i55846276    A:00 X:01 Y:00 S:FB P:nvubdiZC  $01:AA10: E6 EC    INC $EC = #$58
f6      c168687      i55846277    A:00 X:01 Y:00 S:FB P:nvubdizC  $01:AA12: D0 02    BNE $AA16
f6      c168690      i55846278    A:00 X:01 Y:00 S:FB P:nvubdizC  $01:AA16: 68       PLA
f6      c168694      i55846279    A:A8 X:01 Y:00 S:FC P:NvubdizC  $01:AA17: 38       SEC
f6      c168696      i55846280    A:A8 X:01 Y:00 S:FC P:NvubdizC  $01:AA18: E9 01    SBC #$01
f6      c168698      i55846281    A:A7 X:01 Y:00 S:FC P:NvubdizC  $01:AA1A: D0 EF    BNE $AA0B
f6      c168701      i55846282    A:A7 X:01 Y:00 S:FC P:NvubdizC  $01:AA0B: 48       PHA
f6      c168704      i55846283    A:A7 X:01 Y:00 S:FB P:NvubdizC  $01:AA0C: A9 00    LDA #$00
f6      c168706      i55846284    A:00 X:01 Y:00 S:FB P:nvubdiZC  $01:AA0E: 91 EC    STA ($EC),Y @ $0659 = #$00
f6      c168712      i55846285    A:00 X:01 Y:00 S:FB P:nvubdiZC  $01:AA10: E6 EC    INC $EC = #$59
f6      c168717      i55846286    A:00 X:01 Y:00 S:FB P:nvubdizC  $01:AA12: D0 02    BNE $AA16
f6      c168720      i55846287    A:00 X:01 Y:00 S:FB P:nvubdizC  $01:AA16: 68       PLA
f6      c168724      i55846288    A:A7 X:01 Y:00 S:FC P:NvubdizC  $01:AA17: 38       SEC
f6      c168726      i55846289    A:A7 X:01 Y:00 S:FC P:NvubdizC  $01:AA18: E9 01    SBC #$01
f6      c168728      i55846290    A:A6 X:01 Y:00 S:FC P:NvubdizC  $01:AA1A: D0 EF    BNE $AA0B
f6      c168731      i55846291    A:A6 X:01 Y:00 S:FC P:NvubdizC  $01:AA0B: 48       PHA
f6      c168734      i55846292    A:A6 X:01 Y:00 S:FB P:NvubdizC  $01:AA0C: A9 00    LDA #$00
f6      c168736      i55846293    A:00 X:01 Y:00 S:FB P:nvubdiZC  $01:AA0E: 91 EC    STA ($EC),Y @ $065A = #$00
f6      c168742      i55846294    A:00 X:01 Y:00 S:FB P:nvubdiZC  $01:AA10: E6 EC    INC $EC = #$5A
f6      c168747      i55846295    A:00 X:01 Y:00 S:FB P:nvubdizC  $01:AA12: D0 02    BNE $AA16
f6      c168750      i55846296    A:00 X:01 Y:00 S:FB P:nvubdizC  $01:AA16: 68       PLA
f6      c168754      i55846297    A:A6 X:01 Y:00 S:FC P:NvubdizC  $01:AA17: 38       SEC
f6      c168756      i55846298    A:A6 X:01 Y:00 S:FC P:NvubdizC  $01:AA18: E9 01    SBC #$01
f6      c168758      i55846299    A:A5 X:01 Y:00 S:FC P:NvubdizC  $01:AA1A: D0 EF    BNE $AA0B
f6      c168761      i55846300    A:A5 X:01 Y:00 S:FC P:NvubdizC  $01:AA0B: 48       PHA
f6      c168764      i55846301    A:A5 X:01 Y:00 S:FB P:NvubdizC  $01:AA0C: A9 00    LDA #$00
f6      c168766      i55846302    A:00 X:01 Y:00 S:FB P:nvubdiZC  $01:AA0E: 91 EC    STA ($EC),Y @ $065B = #$00
f6      c168772      i55846303    A:00 X:01 Y:00 S:FB P:nvubdiZC  $01:AA10: E6 EC    INC $EC = #$5B
f6      c168777      i55846304    A:00 X:01 Y:00 S:FB P:nvubdizC  $01:AA12: D0 02    BNE $AA16
f6      c168780      i55846305    A:00 X:01 Y:00 S:FB P:nvubdizC  $01:AA16: 68       PLA
f6      c168784      i55846306    A:A5 X:01 Y:00 S:FC P:NvubdizC  $01:AA17: 38       SEC
f6      c168786      i55846307    A:A5 X:01 Y:00 S:FC P:NvubdizC  $01:AA18: E9 01    SBC #$01
f6      c168788      i55846308    A:A4 X:01 Y:00 S:FC P:NvubdizC  $01:AA1A: D0 EF    BNE $AA0B
f6      c168791      i55846309    A:A4 X:01 Y:00 S:FC P:NvubdizC  $01:AA0B: 48       PHA
f6      c168794      i55846310    A:A4 X:01 Y:00 S:FB P:NvubdizC  $01:AA0C: A9 00    LDA #$00
f6      c168796      i55846311    A:00 X:01 Y:00 S:FB P:nvubdiZC  $01:AA0E: 91 EC    STA ($EC),Y @ $065C = #$00
f6      c168802      i55846312    A:00 X:01 Y:00 S:FB P:nvubdiZC  $01:AA10: E6 EC    INC $EC = #$5C
f6      c168807      i55846313    A:00 X:01 Y:00 S:FB P:nvubdizC  $01:AA12: D0 02    BNE $AA16
f6      c168810      i55846314    A:00 X:01 Y:00 S:FB P:nvubdizC  $01:AA16: 68       PLA
f6      c168814      i55846315    A:A4 X:01 Y:00 S:FC P:NvubdizC  $01:AA17: 38       SEC
f6      c169541      i55846534    A:8B X:01 Y:00 S:FC P:NvubdizC  $01:AA0B: 48       PHA
f6      c169544      i55846535    A:8B X:01 Y:00 S:FB P:NvubdizC  $01:AA0C: A9 00    LDA #$00
f6      c169546      i55846536    A:00 X:01 Y:00 S:FB P:nvubdiZC  $01:AA0E: 91 EC    STA ($EC),Y @ $0675 = #$00
f6      c169552      i55846537    A:00 X:01 Y:00 S:FB P:nvubdiZC  $01:AA10: E6 EC    INC $EC = #$75
f6      c169557      i55846538    A:00 X:01 Y:00 S:FB P:nvubdizC  $01:AA12: D0 02    BNE $AA16
f6      c169560      i55846539    A:00 X:01 Y:00 S:FB P:nvubdizC  $01:AA16: 68       PLA
f6      c169564      i55846540    A:8B X:01 Y:00 S:FC P:NvubdizC  $01:AA17: 38       SEC
f6      c169566      i55846541    A:8B X:01 Y:00 S:FC P:NvubdizC  $01:AA18: E9 01    SBC #$01
f6      c169568      i55846542    A:8A X:01 Y:00 S:FC P:NvubdizC  $01:AA1A: D0 EF    BNE $AA0B
f6      c169571      i55846543    A:8A X:01 Y:00 S:FC P:NvubdizC  $01:AA0B: 48       PHA
f6      c169574      i55846544    A:8A X:01 Y:00 S:FB P:NvubdizC  $01:AA0C: A9 00    LDA #$00
f6      c169576      i55846545    A:00 X:01 Y:00 S:FB P:nvubdiZC  $01:AA0E: 91 EC    STA ($EC),Y @ $0676 = #$00
f6      c169582      i55846546    A:00 X:01 Y:00 S:FB P:nvubdiZC  $01:AA10: E6 EC    INC $EC = #$76
f6      c169587      i55846547    A:00 X:01 Y:00 S:FB P:nvubdizC  $01:AA12: D0 02    BNE $AA16
f6      c169590      i55846548    A:00 X:01 Y:00 S:FB P:nvubdizC  $01:AA16: 68       PLA
f6      c169594      i55846549    A:8A X:01 Y:00 S:FC P:NvubdizC  $01:AA17: 38       SEC
f6      c169596      i55846550    A:8A X:01 Y:00 S:FC P:NvubdizC  $01:AA18: E9 01    SBC #$01
f6      c169598      i55846551    A:89 X:01 Y:00 S:FC P:NvubdizC  $01:AA1A: D0 EF    BNE $AA0B
f6      c169601      i55846552    A:89 X:01 Y:00 S:FC P:NvubdizC  $01:AA0B: 48       PHA
f6      c169604      i55846553    A:89 X:01 Y:00 S:FB P:NvubdizC  $01:AA0C: A9 00    LDA #$00
f6      c169606      i55846554    A:00 X:01 Y:00 S:FB P:nvubdiZC  $01:AA0E: 91 EC    STA ($EC),Y @ $0677 = #$00
f6      c169612      i55846555    A:00 X:01 Y:00 S:FB P:nvubdiZC  $01:AA10: E6 EC    INC $EC = #$77
f6      c169617      i55846556    A:00 X:01 Y:00 S:FB P:nvubdizC  $01:AA12: D0 02    BNE $AA16
f6      c169620      i55846557    A:00 X:01 Y:00 S:FB P:nvubdizC  $01:AA16: 68       PLA
f6      c169624      i55846558    A:89 X:01 Y:00 S:FC P:NvubdizC  $01:AA17: 38       SEC
f6      c169626      i55846559    A:89 X:01 Y:00 S:FC P:NvubdizC  $01:AA18: E9 01    SBC #$01
f6      c169628      i55846560    A:88 X:01 Y:00 S:FC P:NvubdizC  $01:AA1A: D0 EF    BNE $AA0B
f6      c169631      i55846561    A:88 X:01 Y:00 S:FC P:NvubdizC  $01:AA0B: 48       PHA
f6      c169634      i55846562    A:88 X:01 Y:00 S:FB P:NvubdizC  $01:AA0C: A9 00    LDA #$00
f6      c169636      i55846563    A:00 X:01 Y:00 S:FB P:nvubdiZC  $01:AA0E: 91 EC    STA ($EC),Y @ $0678 = #$00
f6      c169642      i55846564    A:00 X:01 Y:00 S:FB P:nvubdiZC  $01:AA10: E6 EC    INC $EC = #$78
f6      c169647      i55846565    A:00 X:01 Y:00 S:FB P:nvubdizC  $01:AA12: D0 02    BNE $AA16
f6      c169650      i55846566    A:00 X:01 Y:00 S:FB P:nvubdizC  $01:AA16: 68       PLA
f6      c169654      i55846567    A:88 X:01 Y:00 S:FC P:NvubdizC  $01:AA17: 38       SEC
f6      c169656      i55846568    A:88 X:01 Y:00 S:FC P:NvubdizC  $01:AA18: E9 01    SBC #$01
f6      c169658      i55846569    A:87 X:01 Y:00 S:FC P:NvubdizC  $01:AA1A: D0 EF    BNE $AA0B
f6      c169661      i55846570    A:87 X:01 Y:00 S:FC P:NvubdizC  $01:AA0B: 48       PHA
f6      c169664      i55846571    A:87 X:01 Y:00 S:FB P:NvubdizC  $01:AA0C: A9 00    LDA #$00
f6      c169666      i55846572    A:00 X:01 Y:00 S:FB P:nvubdiZC  $01:AA0E: 91 EC    STA ($EC),Y @ $0679 = #$00
f6      c169672      i55846573    A:00 X:01 Y:00 S:FB P:nvubdiZC  $01:AA10: E6 EC    INC $EC = #$79
f6      c169677      i55846574    A:00 X:01 Y:00 S:FB P:nvubdizC  $01:AA12: D0 02    BNE $AA16
f6      c169680      i55846575    A:00 X:01 Y:00 S:FB P:nvubdizC  $01:AA16: 68       PLA
f6      c169684      i55846576    A:87 X:01 Y:00 S:FC P:NvubdizC  $01:AA17: 38       SEC
f6      c170411      i55846795    A:6E X:01 Y:00 S:FC P:nvubdizC  $01:AA0B: 48       PHA
f6      c170414      i55846796    A:6E X:01 Y:00 S:FB P:nvubdizC  $01:AA0C: A9 00    LDA #$00
f6      c170416      i55846797    A:00 X:01 Y:00 S:FB P:nvubdiZC  $01:AA0E: 91 EC    STA ($EC),Y @ $0692 = #$00
f6      c170422      i55846798    A:00 X:01 Y:00 S:FB P:nvubdiZC  $01:AA10: E6 EC    INC $EC = #$92
f6      c170427      i55846799    A:00 X:01 Y:00 S:FB P:NvubdizC  $01:AA12: D0 02    BNE $AA16
f6      c170430      i55846800    A:00 X:01 Y:00 S:FB P:NvubdizC  $01:AA16: 68       PLA
f6      c170434      i55846801    A:6E X:01 Y:00 S:FC P:nvubdizC  $01:AA17: 38       SEC
f6      c170436      i55846802    A:6E X:01 Y:00 S:FC P:nvubdizC  $01:AA18: E9 01    SBC #$01
f6      c170438      i55846803    A:6D X:01 Y:00 S:FC P:nvubdizC  $01:AA1A: D0 EF    BNE $AA0B
f6      c170441      i55846804    A:6D X:01 Y:00 S:FC P:nvubdizC  $01:AA0B: 48       PHA
f6      c170444      i55846805    A:6D X:01 Y:00 S:FB P:nvubdizC  $01:AA0C: A9 00    LDA #$00
f6      c170446      i55846806    A:00 X:01 Y:00 S:FB P:nvubdiZC  $01:AA0E: 91 EC    STA ($EC),Y @ $0693 = #$00
f6      c170452      i55846807    A:00 X:01 Y:00 S:FB P:nvubdiZC  $01:AA10: E6 EC    INC $EC = #$93
f6      c170457      i55846808    A:00 X:01 Y:00 S:FB P:NvubdizC  $01:AA12: D0 02    BNE $AA16
f6      c170460      i55846809    A:00 X:01 Y:00 S:FB P:NvubdizC  $01:AA16: 68       PLA
f6      c170464      i55846810    A:6D X:01 Y:00 S:FC P:nvubdizC  $01:AA17: 38       SEC
f6      c170466      i55846811    A:6D X:01 Y:00 S:FC P:nvubdizC  $01:AA18: E9 01    SBC #$01
f6      c170468      i55846812    A:6C X:01 Y:00 S:FC P:nvubdizC  $01:AA1A: D0 EF    BNE $AA0B
f6      c170471      i55846813    A:6C X:01 Y:00 S:FC P:nvubdizC  $01:AA0B: 48       PHA
f6      c170474      i55846814    A:6C X:01 Y:00 S:FB P:nvubdizC  $01:AA0C: A9 00    LDA #$00
f6      c170476      i55846815    A:00 X:01 Y:00 S:FB P:nvubdiZC  $01:AA0E: 91 EC    STA ($EC),Y @ $0694 = #$00
f6      c170482      i55846816    A:00 X:01 Y:00 S:FB P:nvubdiZC  $01:AA10: E6 EC    INC $EC = #$94
f6      c170487      i55846817    A:00 X:01 Y:00 S:FB P:NvubdizC  $01:AA12: D0 02    BNE $AA16
f6      c170490      i55846818    A:00 X:01 Y:00 S:FB P:NvubdizC  $01:AA16: 68       PLA
f6      c170494      i55846819    A:6C X:01 Y:00 S:FC P:nvubdizC  $01:AA17: 38       SEC
f6      c170496      i55846820    A:6C X:01 Y:00 S:FC P:nvubdizC  $01:AA18: E9 01    SBC #$01
f6      c170498      i55846821    A:6B X:01 Y:00 S:FC P:nvubdizC  $01:AA1A: D0 EF    BNE $AA0B
f6      c170501      i55846822    A:6B X:01 Y:00 S:FC P:nvubdizC  $01:AA0B: 48       PHA
f6      c170504      i55846823    A:6B X:01 Y:00 S:FB P:nvubdizC  $01:AA0C: A9 00    LDA #$00
f6      c170506      i55846824    A:00 X:01 Y:00 S:FB P:nvubdiZC  $01:AA0E: 91 EC    STA ($EC),Y @ $0695 = #$00
f6      c170512      i55846825    A:00 X:01 Y:00 S:FB P:nvubdiZC  $01:AA10: E6 EC    INC $EC = #$95
f6      c170517      i55846826    A:00 X:01 Y:00 S:FB P:NvubdizC  $01:AA12: D0 02    BNE $AA16
f6      c170520      i55846827    A:00 X:01 Y:00 S:FB P:NvubdizC  $01:AA16: 68       PLA
f6      c170524      i55846828    A:6B X:01 Y:00 S:FC P:nvubdizC  $01:AA17: 38       SEC
f6      c170526      i55846829    A:6B X:01 Y:00 S:FC P:nvubdizC  $01:AA18: E9 01    SBC #$01
f6      c170528      i55846830    A:6A X:01 Y:00 S:FC P:nvubdizC  $01:AA1A: D0 EF    BNE $AA0B
f6      c170531      i55846831    A:6A X:01 Y:00 S:FC P:nvubdizC  $01:AA0B: 48       PHA
f6      c170534      i55846832    A:6A X:01 Y:00 S:FB P:nvubdizC  $01:AA0C: A9 00    LDA #$00
f6      c170536      i55846833    A:00 X:01 Y:00 S:FB P:nvubdiZC  $01:AA0E: 91 EC    STA ($EC),Y @ $0696 = #$00
f6      c170542      i55846834    A:00 X:01 Y:00 S:FB P:nvubdiZC  $01:AA10: E6 EC    INC $EC = #$96
f6      c170547      i55846835    A:00 X:01 Y:00 S:FB P:NvubdizC  $01:AA12: D0 02    BNE $AA16
f6      c170550      i55846836    A:00 X:01 Y:00 S:FB P:NvubdizC  $01:AA16: 68       PLA
f6      c170554      i55846837    A:6A X:01 Y:00 S:FC P:nvubdizC  $01:AA17: 38       SEC
f6      c171281      i55847056    A:51 X:01 Y:00 S:FC P:nvubdizC  $01:AA0B: 48       PHA
f6      c171284      i55847057    A:51 X:01 Y:00 S:FB P:nvubdizC  $01:AA0C: A9 00    LDA #$00
f6      c171286      i55847058    A:00 X:01 Y:00 S:FB P:nvubdiZC  $01:AA0E: 91 EC    STA ($EC),Y @ $06AF = #$00
f6      c171292      i55847059    A:00 X:01 Y:00 S:FB P:nvubdiZC  $01:AA10: E6 EC    INC $EC = #$AF
f6      c171297      i55847060    A:00 X:01 Y:00 S:FB P:NvubdizC  $01:AA12: D0 02    BNE $AA16
f6      c171300      i55847061    A:00 X:01 Y:00 S:FB P:NvubdizC  $01:AA16: 68       PLA
f6      c171304      i55847062    A:51 X:01 Y:00 S:FC P:nvubdizC  $01:AA17: 38       SEC
f6      c171306      i55847063    A:51 X:01 Y:00 S:FC P:nvubdizC  $01:AA18: E9 01    SBC #$01
f6      c171308      i55847064    A:50 X:01 Y:00 S:FC P:nvubdizC  $01:AA1A: D0 EF    BNE $AA0B
f6      c171311      i55847065    A:50 X:01 Y:00 S:FC P:nvubdizC  $01:AA0B: 48       PHA
f6      c171314      i55847066    A:50 X:01 Y:00 S:FB P:nvubdizC  $01:AA0C: A9 00    LDA #$00
f6      c171316      i55847067    A:00 X:01 Y:00 S:FB P:nvubdiZC  $01:AA0E: 91 EC    STA ($EC),Y @ $06B0 = #$00
f6      c171322      i55847068    A:00 X:01 Y:00 S:FB P:nvubdiZC  $01:AA10: E6 EC    INC $EC = #$B0
f6      c171327      i55847069    A:00 X:01 Y:00 S:FB P:NvubdizC  $01:AA12: D0 02    BNE $AA16
f6      c171330      i55847070    A:00 X:01 Y:00 S:FB P:NvubdizC  $01:AA16: 68       PLA
f6      c171334      i55847071    A:50 X:01 Y:00 S:FC P:nvubdizC  $01:AA17: 38       SEC
f6      c171336      i55847072    A:50 X:01 Y:00 S:FC P:nvubdizC  $01:AA18: E9 01    SBC #$01
f6      c171338      i55847073    A:4F X:01 Y:00 S:FC P:nvubdizC  $01:AA1A: D0 EF    BNE $AA0B
f6      c171341      i55847074    A:4F X:01 Y:00 S:FC P:nvubdizC  $01:AA0B: 48       PHA
f6      c171344      i55847075    A:4F X:01 Y:00 S:FB P:nvubdizC  $01:AA0C: A9 00    LDA #$00
f6      c171346      i55847076    A:00 X:01 Y:00 S:FB P:nvubdiZC  $01:AA0E: 91 EC    STA ($EC),Y @ $06B1 = #$00
f6      c171352      i55847077    A:00 X:01 Y:00 S:FB P:nvubdiZC  $01:AA10: E6 EC    INC $EC = #$B1
f6      c171357      i55847078    A:00 X:01 Y:00 S:FB P:NvubdizC  $01:AA12: D0 02    BNE $AA16
f6      c171360      i55847079    A:00 X:01 Y:00 S:FB P:NvubdizC  $01:AA16: 68       PLA
f6      c171364      i55847080    A:4F X:01 Y:00 S:FC P:nvubdizC  $01:AA17: 38       SEC
f6      c171366      i55847081    A:4F X:01 Y:00 S:FC P:nvubdizC  $01:AA18: E9 01    SBC #$01
f6      c171368      i55847082    A:4E X:01 Y:00 S:FC P:nvubdizC  $01:AA1A: D0 EF    BNE $AA0B
f6      c171371      i55847083    A:4E X:01 Y:00 S:FC P:nvubdizC  $01:AA0B: 48       PHA
f6      c171374      i55847084    A:4E X:01 Y:00 S:FB P:nvubdizC  $01:AA0C: A9 00    LDA #$00
f6      c171376      i55847085    A:00 X:01 Y:00 S:FB P:nvubdiZC  $01:AA0E: 91 EC    STA ($EC),Y @ $06B2 = #$00
f6      c171382      i55847086    A:00 X:01 Y:00 S:FB P:nvubdiZC  $01:AA10: E6 EC    INC $EC = #$B2
f6      c171387      i55847087    A:00 X:01 Y:00 S:FB P:NvubdizC  $01:AA12: D0 02    BNE $AA16
f6      c171390      i55847088    A:00 X:01 Y:00 S:FB P:NvubdizC  $01:AA16: 68       PLA
f6      c171394      i55847089    A:4E X:01 Y:00 S:FC P:nvubdizC  $01:AA17: 38       SEC
f6      c171396      i55847090    A:4E X:01 Y:00 S:FC P:nvubdizC  $01:AA18: E9 01    SBC #$01
f6      c171398      i55847091    A:4D X:01 Y:00 S:FC P:nvubdizC  $01:AA1A: D0 EF    BNE $AA0B
f6      c171401      i55847092    A:4D X:01 Y:00 S:FC P:nvubdizC  $01:AA0B: 48       PHA
f6      c171404      i55847093    A:4D X:01 Y:00 S:FB P:nvubdizC  $01:AA0C: A9 00    LDA #$00
f6      c171406      i55847094    A:00 X:01 Y:00 S:FB P:nvubdiZC  $01:AA0E: 91 EC    STA ($EC),Y @ $06B3 = #$00
f6      c171412      i55847095    A:00 X:01 Y:00 S:FB P:nvubdiZC  $01:AA10: E6 EC    INC $EC = #$B3
f6      c171417      i55847096    A:00 X:01 Y:00 S:FB P:NvubdizC  $01:AA12: D0 02    BNE $AA16
f6      c171420      i55847097    A:00 X:01 Y:00 S:FB P:NvubdizC  $01:AA16: 68       PLA
f6      c171424      i55847098    A:4D X:01 Y:00 S:FC P:nvubdizC  $01:AA17: 38       SEC
f6      c172151      i55847317    A:34 X:01 Y:00 S:FC P:nvubdizC  $01:AA0B: 48       PHA
f6      c172154      i55847318    A:34 X:01 Y:00 S:FB P:nvubdizC  $01:AA0C: A9 00    LDA #$00
f6      c172156      i55847319    A:00 X:01 Y:00 S:FB P:nvubdiZC  $01:AA0E: 91 EC    STA ($EC),Y @ $06CC = #$00
f6      c172162      i55847320    A:00 X:01 Y:00 S:FB P:nvubdiZC  $01:AA10: E6 EC    INC $EC = #$CC
f6      c172167      i55847321    A:00 X:01 Y:00 S:FB P:NvubdizC  $01:AA12: D0 02    BNE $AA16
f6      c172170      i55847322    A:00 X:01 Y:00 S:FB P:NvubdizC  $01:AA16: 68       PLA
f6      c172174      i55847323    A:34 X:01 Y:00 S:FC P:nvubdizC  $01:AA17: 38       SEC
f6      c172176      i55847324    A:34 X:01 Y:00 S:FC P:nvubdizC  $01:AA18: E9 01    SBC #$01
f6      c172178      i55847325    A:33 X:01 Y:00 S:FC P:nvubdizC  $01:AA1A: D0 EF    BNE $AA0B
f6      c172181      i55847326    A:33 X:01 Y:00 S:FC P:nvubdizC  $01:AA0B: 48       PHA
f6      c172184      i55847327    A:33 X:01 Y:00 S:FB P:nvubdizC  $01:AA0C: A9 00    LDA #$00
f6      c172186      i55847328    A:00 X:01 Y:00 S:FB P:nvubdiZC  $01:AA0E: 91 EC    STA ($EC),Y @ $06CD = #$00
f6      c172192      i55847329    A:00 X:01 Y:00 S:FB P:nvubdiZC  $01:AA10: E6 EC    INC $EC = #$CD
f6      c172197      i55847330    A:00 X:01 Y:00 S:FB P:NvubdizC  $01:AA12: D0 02    BNE $AA16
f6      c172200      i55847331    A:00 X:01 Y:00 S:FB P:NvubdizC  $01:AA16: 68       PLA
f6      c172204      i55847332    A:33 X:01 Y:00 S:FC P:nvubdizC  $01:AA17: 38       SEC
f6      c172206      i55847333    A:33 X:01 Y:00 S:FC P:nvubdizC  $01:AA18: E9 01    SBC #$01
f6      c172208      i55847334    A:32 X:01 Y:00 S:FC P:nvubdizC  $01:AA1A: D0 EF    BNE $AA0B
f6      c172211      i55847335    A:32 X:01 Y:00 S:FC P:nvubdizC  $01:AA0B: 48       PHA
f6      c172214      i55847336    A:32 X:01 Y:00 S:FB P:nvubdizC  $01:AA0C: A9 00    LDA #$00
f6      c172216      i55847337    A:00 X:01 Y:00 S:FB P:nvubdiZC  $01:AA0E: 91 EC    STA ($EC),Y @ $06CE = #$00
f6      c172222      i55847338    A:00 X:01 Y:00 S:FB P:nvubdiZC  $01:AA10: E6 EC    INC $EC = #$CE
f6      c172227      i55847339    A:00 X:01 Y:00 S:FB P:NvubdizC  $01:AA12: D0 02    BNE $AA16
f6      c172230      i55847340    A:00 X:01 Y:00 S:FB P:NvubdizC  $01:AA16: 68       PLA
f6      c172234      i55847341    A:32 X:01 Y:00 S:FC P:nvubdizC  $01:AA17: 38       SEC
f6      c172236      i55847342    A:32 X:01 Y:00 S:FC P:nvubdizC  $01:AA18: E9 01    SBC #$01
f6      c172238      i55847343    A:31 X:01 Y:00 S:FC P:nvubdizC  $01:AA1A: D0 EF    BNE $AA0B
f6      c172241      i55847344    A:31 X:01 Y:00 S:FC P:nvubdizC  $01:AA0B: 48       PHA
f6      c172244      i55847345    A:31 X:01 Y:00 S:FB P:nvubdizC  $01:AA0C: A9 00    LDA #$00
f6      c172246      i55847346    A:00 X:01 Y:00 S:FB P:nvubdiZC  $01:AA0E: 91 EC    STA ($EC),Y @ $06CF = #$00
f6      c172252      i55847347    A:00 X:01 Y:00 S:FB P:nvubdiZC  $01:AA10: E6 EC    INC $EC = #$CF
f6      c172257      i55847348    A:00 X:01 Y:00 S:FB P:NvubdizC  $01:AA12: D0 02    BNE $AA16
f6      c172260      i55847349    A:00 X:01 Y:00 S:FB P:NvubdizC  $01:AA16: 68       PLA
f6      c172264      i55847350    A:31 X:01 Y:00 S:FC P:nvubdizC  $01:AA17: 38       SEC
f6      c172266      i55847351    A:31 X:01 Y:00 S:FC P:nvubdizC  $01:AA18: E9 01    SBC #$01
f6      c172268      i55847352    A:30 X:01 Y:00 S:FC P:nvubdizC  $01:AA1A: D0 EF    BNE $AA0B
f6      c172271      i55847353    A:30 X:01 Y:00 S:FC P:nvubdizC  $01:AA0B: 48       PHA
f6      c172274      i55847354    A:30 X:01 Y:00 S:FB P:nvubdizC  $01:AA0C: A9 00    LDA #$00
f6      c172276      i55847355    A:00 X:01 Y:00 S:FB P:nvubdiZC  $01:AA0E: 91 EC    STA ($EC),Y @ $06D0 = #$00
f6      c172282      i55847356    A:00 X:01 Y:00 S:FB P:nvubdiZC  $01:AA10: E6 EC    INC $EC = #$D0
f6      c172287      i55847357    A:00 X:01 Y:00 S:FB P:NvubdizC  $01:AA12: D0 02    BNE $AA16
f6      c172290      i55847358    A:00 X:01 Y:00 S:FB P:NvubdizC  $01:AA16: 68       PLA
f6      c172294      i55847359    A:30 X:01 Y:00 S:FC P:nvubdizC  $01:AA17: 38       SEC
f6      c173021      i55847578    A:17 X:01 Y:00 S:FC P:nvubdizC  $01:AA0B: 48       PHA
f6      c173024      i55847579    A:17 X:01 Y:00 S:FB P:nvubdizC  $01:AA0C: A9 00    LDA #$00
f6      c173026      i55847580    A:00 X:01 Y:00 S:FB P:nvubdiZC  $01:AA0E: 91 EC    STA ($EC),Y @ $06E9 = #$00
f6      c173032      i55847581    A:00 X:01 Y:00 S:FB P:nvubdiZC  $01:AA10: E6 EC    INC $EC = #$E9
f6      c173037      i55847582    A:00 X:01 Y:00 S:FB P:NvubdizC  $01:AA12: D0 02    BNE $AA16
f6      c173040      i55847583    A:00 X:01 Y:00 S:FB P:NvubdizC  $01:AA16: 68       PLA
f6      c173044      i55847584    A:17 X:01 Y:00 S:FC P:nvubdizC  $01:AA17: 38       SEC
f6      c173046      i55847585    A:17 X:01 Y:00 S:FC P:nvubdizC  $01:AA18: E9 01    SBC #$01
f6      c173048      i55847586    A:16 X:01 Y:00 S:FC P:nvubdizC  $01:AA1A: D0 EF    BNE $AA0B
f6      c173051      i55847587    A:16 X:01 Y:00 S:FC P:nvubdizC  $01:AA0B: 48       PHA
f6      c173054      i55847588    A:16 X:01 Y:00 S:FB P:nvubdizC  $01:AA0C: A9 00    LDA #$00
f6      c173056      i55847589    A:00 X:01 Y:00 S:FB P:nvubdiZC  $01:AA0E: 91 EC    STA ($EC),Y @ $06EA = #$00
f6      c173062      i55847590    A:00 X:01 Y:00 S:FB P:nvubdiZC  $01:AA10: E6 EC    INC $EC = #$EA
f6      c173067      i55847591    A:00 X:01 Y:00 S:FB P:NvubdizC  $01:AA12: D0 02    BNE $AA16
f6      c173070      i55847592    A:00 X:01 Y:00 S:FB P:NvubdizC  $01:AA16: 68       PLA
f6      c173074      i55847593    A:16 X:01 Y:00 S:FC P:nvubdizC  $01:AA17: 38       SEC
f6      c173076      i55847594    A:16 X:01 Y:00 S:FC P:nvubdizC  $01:AA18: E9 01    SBC #$01
f6      c173078      i55847595    A:15 X:01 Y:00 S:FC P:nvubdizC  $01:AA1A: D0 EF    BNE $AA0B
f6      c173081      i55847596    A:15 X:01 Y:00 S:FC P:nvubdizC  $01:AA0B: 48       PHA
f6      c173084      i55847597    A:15 X:01 Y:00 S:FB P:nvubdizC  $01:AA0C: A9 00    LDA #$00
f6      c173086      i55847598    A:00 X:01 Y:00 S:FB P:nvubdiZC  $01:AA0E: 91 EC    STA ($EC),Y @ $06EB = #$00
f6      c173092      i55847599    A:00 X:01 Y:00 S:FB P:nvubdiZC  $01:AA10: E6 EC    INC $EC = #$EB
f6      c173097      i55847600    A:00 X:01 Y:00 S:FB P:NvubdizC  $01:AA12: D0 02    BNE $AA16
f6      c173100      i55847601    A:00 X:01 Y:00 S:FB P:NvubdizC  $01:AA16: 68       PLA
f6      c173104      i55847602    A:15 X:01 Y:00 S:FC P:nvubdizC  $01:AA17: 38       SEC
f6      c173106      i55847603    A:15 X:01 Y:00 S:FC P:nvubdizC  $01:AA18: E9 01    SBC #$01
f6      c173108      i55847604    A:14 X:01 Y:00 S:FC P:nvubdizC  $01:AA1A: D0 EF    BNE $AA0B
f6      c173111      i55847605    A:14 X:01 Y:00 S:FC P:nvubdizC  $01:AA0B: 48       PHA
f6      c173114      i55847606    A:14 X:01 Y:00 S:FB P:nvubdizC  $01:AA0C: A9 00    LDA #$00
f6      c173116      i55847607    A:00 X:01 Y:00 S:FB P:nvubdiZC  $01:AA0E: 91 EC    STA ($EC),Y @ $06EC = #$00
f6      c173122      i55847608    A:00 X:01 Y:00 S:FB P:nvubdiZC  $01:AA10: E6 EC    INC $EC = #$EC
f6      c173127      i55847609    A:00 X:01 Y:00 S:FB P:NvubdizC  $01:AA12: D0 02    BNE $AA16
f6      c173130      i55847610    A:00 X:01 Y:00 S:FB P:NvubdizC  $01:AA16: 68       PLA
f6      c173134      i55847611    A:14 X:01 Y:00 S:FC P:nvubdizC  $01:AA17: 38       SEC
f6      c173136      i55847612    A:14 X:01 Y:00 S:FC P:nvubdizC  $01:AA18: E9 01    SBC #$01
f6      c173138      i55847613    A:13 X:01 Y:00 S:FC P:nvubdizC  $01:AA1A: D0 EF    BNE $AA0B
f6      c173141      i55847614    A:13 X:01 Y:00 S:FC P:nvubdizC  $01:AA0B: 48       PHA
f6      c173144      i55847615    A:13 X:01 Y:00 S:FB P:nvubdizC  $01:AA0C: A9 00    LDA #$00
f6      c173146      i55847616    A:00 X:01 Y:00 S:FB P:nvubdiZC  $01:AA0E: 91 EC    STA ($EC),Y @ $06ED = #$00
f6      c173152      i55847617    A:00 X:01 Y:00 S:FB P:nvubdiZC  $01:AA10: E6 EC    INC $EC = #$ED
f6      c173157      i55847618    A:00 X:01 Y:00 S:FB P:NvubdizC  $01:AA12: D0 02    BNE $AA16
f6      c173160      i55847619    A:00 X:01 Y:00 S:FB P:NvubdizC  $01:AA16: 68       PLA
f6      c173164      i55847620    A:13 X:01 Y:00 S:FC P:nvubdizC  $01:AA17: 38       SEC
f7      c194549      i55854646    A:00 X:F3 Y:01 S:FC P:NvubdizC  $00:98C4: E8       INX
f7      c194551      i55854647    A:00 X:F4 Y:01 S:FC P:NvubdizC  $00:98C5: D0 FA    BNE $98C1
f7      c194554      i55854648    A:00 X:F4 Y:01 S:FC P:NvubdizC  $00:98C1: 8D 07 20 STA $2007 = #$00
f7      c194558      i55854649    A:00 X:F4 Y:01 S:FC P:NvubdizC  $00:98C4: E8       INX
f7      c194560      i55854650    A:00 X:F5 Y:01 S:FC P:NvubdizC  $00:98C5: D0 FA    BNE $98C1
f7      c194563      i55854651    A:00 X:F5 Y:01 S:FC P:NvubdizC  $00:98C1: 8D 07 20 STA $2007 = #$00
f7      c194567      i55854652    A:00 X:F5 Y:01 S:FC P:NvubdizC  $00:98C4: E8       INX
f7      c194569      i55854653    A:00 X:F6 Y:01 S:FC P:NvubdizC  $00:98C5: D0 FA    BNE $98C1
f7      c194572      i55854654    A:00 X:F6 Y:01 S:FC P:NvubdizC  $00:98C1: 8D 07 20 STA $2007 = #$00
f7      c194576      i55854655    A:00 X:F6 Y:01 S:FC P:NvubdizC  $00:98C4: E8       INX
f7      c194578      i55854656    A:00 X:F7 Y:01 S:FC P:NvubdizC  $00:98C5: D0 FA    BNE $98C1
f7      c194581      i55854657    A:00 X:F7 Y:01 S:FC P:NvubdizC  $00:98C1: 8D 07 20 STA $2007 = #$00
f7      c194585      i55854658    A:00 X:F7 Y:01 S:FC P:NvubdizC  $00:98C4: E8       INX
f7      c194587      i55854659    A:00 X:F8 Y:01 S:FC P:NvubdizC  $00:98C5: D0 FA    BNE $98C1
f7      c194590      i55854660    A:00 X:F8 Y:01 S:FC P:NvubdizC  $00:98C1: 8D 07 20 STA $2007 = #$00
f7      c194594      i55854661    A:00 X:F8 Y:01 S:FC P:NvubdizC  $00:98C4: E8       INX
f7      c194596      i55854662    A:00 X:F9 Y:01 S:FC P:NvubdizC  $00:98C5: D0 FA    BNE $98C1
f7      c194599      i55854663    A:00 X:F9 Y:01 S:FC P:NvubdizC  $00:98C1: 8D 07 20 STA $2007 = #$00
f7      c194603      i55854664    A:00 X:F9 Y:01 S:FC P:NvubdizC  $00:98C4: E8       INX
f7      c194605      i55854665    A:00 X:FA Y:01 S:FC P:NvubdizC  $00:98C5: D0 FA    BNE $98C1
f7      c194608      i55854666    A:00 X:FA Y:01 S:FC P:NvubdizC  $00:98C1: 8D 07 20 STA $2007 = #$00
f7      c194612      i55854667    A:00 X:FA Y:01 S:FC P:NvubdizC  $00:98C4: E8       INX
f7      c194614      i55854668    A:00 X:FB Y:01 S:FC P:NvubdizC  $00:98C5: D0 FA    BNE $98C1
f7      c194617      i55854669    A:00 X:FB Y:01 S:FC P:NvubdizC  $00:98C1: 8D 07 20 STA $2007 = #$00
f7      c194621      i55854670    A:00 X:FB Y:01 S:FC P:NvubdizC  $00:98C4: E8       INX
f7      c194623      i55854671    A:00 X:FC Y:01 S:FC P:NvubdizC  $00:98C5: D0 FA    BNE $98C1
f7      c194626      i55854672    A:00 X:FC Y:01 S:FC P:NvubdizC  $00:98C1: 8D 07 20 STA $2007 = #$00
f7      c194630      i55854673    A:00 X:FC Y:01 S:FC P:NvubdizC  $00:98C4: E8       INX
f7      c194632      i55854674    A:00 X:FD Y:01 S:FC P:NvubdizC  $00:98C5: D0 FA    BNE $98C1
f7      c194635      i55854675    A:00 X:FD Y:01 S:FC P:NvubdizC  $00:98C1: 8D 07 20 STA $2007 = #$00
f7      c194639      i55854676    A:00 X:FD Y:01 S:FC P:NvubdizC  $00:98C4: E8       INX
f7      c194641      i55854677    A:00 X:FE Y:01 S:FC P:NvubdizC  $00:98C5: D0 FA    BNE $98C1
f7      c194644      i55854678    A:00 X:FE Y:01 S:FC P:NvubdizC  $00:98C1: 8D 07 20 STA $2007 = #$00
f7      c194648      i55854679    A:00 X:FE Y:01 S:FC P:NvubdizC  $00:98C4: E8       INX
f7      c194650      i55854680    A:00 X:FF Y:01 S:FC P:NvubdizC  $00:98C5: D0 FA    BNE $98C1
f7      c194653      i55854681    A:00 X:FF Y:01 S:FC P:NvubdizC  $00:98C1: 8D 07 20 STA $2007 = #$00
f7      c194657      i55854682    A:00 X:FF Y:01 S:FC P:NvubdizC  $00:98C4: E8       INX
f7      c194659      i55854683    A:00 X:00 Y:01 S:FC P:nvubdiZC  $00:98C5: D0 FA    BNE $98C1
f7      c194661      i55854684    A:00 X:00 Y:01 S:FC P:nvubdiZC  $00:98C7: 88       DEY
f7      c194663      i55854685    A:00 X:00 Y:00 S:FC P:nvubdiZC  $00:98C8: D0 F7    BNE $98C1
f7      c194665      i55854686    A:00 X:00 Y:00 S:FC P:nvubdiZC  $00:98CA: A5 21    LDA $21 = #$06
f7      c194668      i55854687    A:06 X:00 Y:00 S:FC P:nvubdizC  $00:98CC: 09 18    ORA #$18
f7      c194670      i55854688    A:1E X:00 Y:00 S:FC P:nvubdizC  $00:98CE: 8D 01 20 STA $2001 = #$06
f10     c276916      i55880953    A:00 X:D3 Y:1A S:4E P:nvUbdiZc  $00:90E9: 91 94    STA ($94),Y @ $0582 = #$00
f10     c276922      i55880954    A:00 X:D3 Y:1A S:4E P:nvUbdiZc  $00:90EB: C8       INY
f10     c276924      i55880955    A:00 X:D3 Y:1B S:4E P:nvUbdizc  $00:90EC: C0 20    CPY #$20
f10     c276926      i55880956    A:00 X:D3 Y:1B S:4E P:NvUbdizc  $00:90EE: D0 F6    BNE $90E6
f10     c276929      i55880957    A:00 X:D3 Y:1B S:4E P:NvUbdizc  $00:90E6: B9 8B 97 LDA $978B,Y @ $97A6 = #$00
f10     c276933      i55880958    A:00 X:D3 Y:1B S:4E P:nvUbdiZc  $00:90E9: 91 94    STA ($94),Y @ $0583 = #$00
f10     c276939      i55880959    A:00 X:D3 Y:1B S:4E P:nvUbdiZc  $00:90EB: C8       INY
f10     c276941      i55880960    A:00 X:D3 Y:1C S:4E P:nvUbdizc  $00:90EC: C0 20    CPY #$20
f10     c276943      i55880961    A:00 X:D3 Y:1C S:4E P:NvUbdizc  $00:90EE: D0 F6    BNE $90E6
f10     c276946      i55880962    A:00 X:D3 Y:1C S:4E P:NvUbdizc  $00:90E6: B9 8B 97 LDA $978B,Y @ $97A7 = #$00
f10     c276950      i55880963    A:00 X:D3 Y:1C S:4E P:nvUbdiZc  $00:90E9: 91 94    STA ($94),Y @ $0584 = #$00
f10     c276956      i55880964    A:00 X:D3 Y:1C S:4E P:nvUbdiZc  $00:90EB: C8       INY
f10     c276958      i55880965    A:00 X:D3 Y:1D S:4E P:nvUbdizc  $00:90EC: C0 20    CPY #$20
f10     c276960      i55880966    A:00 X:D3 Y:1D S:4E P:NvUbdizc  $00:90EE: D0 F6    BNE $90E6
f10     c276963      i55880967    A:00 X:D3 Y:1D S:4E P:NvUbdizc  $00:90E6: B9 8B 97 LDA $978B,Y @ $97A8 = #$00
f10     c276967      i55880968    A:00 X:D3 Y:1D S:4E P:nvUbdiZc  $00:90E9: 91 94    STA ($94),Y @ $0585 = #$00
f10     c276973      i55880969    A:00 X:D3 Y:1D S:4E P:nvUbdiZc  $00:90EB: C8       INY
f10     c276975      i55880970    A:00 X:D3 Y:1E S:4E P:nvUbdizc  $00:90EC: C0 20    CPY #$20
f10     c276977      i55880971    A:00 X:D3 Y:1E S:4E P:NvUbdizc  $00:90EE: D0 F6    BNE $90E6
f10     c276980      i55880972    A:00 X:D3 Y:1E S:4E P:NvUbdizc  $00:90E6: B9 8B 97 LDA $978B,Y @ $97A9 = #$00
f10     c276984      i55880973    A:00 X:D3 Y:1E S:4E P:nvUbdiZc  $00:90E9: 91 94    STA ($94),Y @ $0586 = #$00
f10     c276990      i55880974    A:00 X:D3 Y:1E S:4E P:nvUbdiZc  $00:90EB: C8       INY
f10     c276992      i55880975    A:00 X:D3 Y:1F S:4E P:nvUbdizc  $00:90EC: C0 20    CPY #$20
f10     c276994      i55880976    A:00 X:D3 Y:1F S:4E P:NvUbdizc  $00:90EE: D0 F6    BNE $90E6
f10     c276997      i55880977    A:00 X:D3 Y:1F S:4E P:NvUbdizc  $00:90E6: B9 8B 97 LDA $978B,Y @ $97AA = #$00
f10     c277001      i55880978    A:00 X:D3 Y:1F S:4E P:nvUbdiZc  $00:90E9: 91 94    STA ($94),Y @ $0587 = #$00
f10     c277007      i55880979    A:00 X:D3 Y:1F S:4E P:nvUbdiZc  $00:90EB: C8       INY
f10     c277009      i55880980    A:00 X:D3 Y:20 S:4E P:nvUbdizc  $00:90EC: C0 20    CPY #$20
f10     c277011      i55880981    A:00 X:D3 Y:20 S:4E P:nvUbdiZC  $00:90EE: D0 F6    BNE $90E6
f10     c277013      i55880982    A:00 X:D3 Y:20 S:4E P:nvUbdiZC  $00:90F0: A5 25    LDA $25 = #$0A
f10     c277016      i55880983    A:0A X:D3 Y:20 S:4E P:nvUbdizC  $00:90F2: 38       SEC
f10     c277018      i55880984    A:0A X:D3 Y:20 S:4E P:nvUbdizC  $00:90F3: E9 09    SBC #$09
f10     c277020      i55880985    A:01 X:D3 Y:20 S:4E P:nvUbdizC  $00:90F5: A0 00    LDY #$00
f10     c277022      i55880986    A:01 X:D3 Y:00 S:4E P:nvUbdiZC  $00:90F7: 11 94    ORA ($94),Y @ $0568 = #$80
f10     c277027      i55880987    A:81 X:D3 Y:00 S:4E P:NvUbdizC  $00:90F9: 91 94    STA ($94),Y @ $0568 = #$80
f10     c277033      i55880988    A:81 X:D3 Y:00 S:4E P:NvUbdizC  $00:90FB: A0 00    LDY #$00
f10     c277035      i55880989    A:81 X:D3 Y:00 S:4E P:nvUbdiZC  $00:90FD: B1 92    LDA ($92),Y @ $A3D3 = #$36
f10     c277040      i55880990    A:36 X:D3 Y:00 S:4E P:nvUbdizC  $00:90FF: 85 49    STA $49 = #$00
f10     c277043      i55880991    A:36 X:D3 Y:00 S:4E P:nvUbdizC  $00:9101: E6 92    INC $92 = #$D3
f10     c277048      i55880992    A:36 X:D3 Y:00 S:4E P:NvUbdizC  $00:9103: D0 02    BNE $9107
f10     c277051      i55880993    A:36 X:D3 Y:00 S:4E P:NvUbdizC  $00:9107: A0 02    LDY #$02
f10     c277195      i55881035    A:91 X:11 Y:C6 S:4C P:NvUbdizc  $00:9F79: A9 FF    LDA #$FF
f10     c277197      i55881036    A:FF X:11 Y:C6 S:4C P:NvUbdizc  $00:9F7B: 95 00    STA $00,X @ $0011 = #$47
f10     c277201      i55881037    A:FF X:11 Y:C6 S:4C P:NvUbdizc  $00:9F7D: 60       RTS (from $9F69)
f10     c277207      i55881038    A:FF X:11 Y:C6 S:4E P:NvUbdizc  $00:9142: 60       RTS (from $9085)
f10     c277213      i55881039    A:FF X:11 Y:C6 S:50 P:NvUbdizc  $00:8834: 4C E7 84 JMP $84E7
f10     c277216      i55881040    A:FF X:11 Y:C6 S:50 P:NvUbdizc  $00:84E7: A0 00    LDY #$00
f10     c277218      i55881041    A:FF X:11 Y:00 S:50 P:nvUbdiZc  $00:84E9: B1 4D    LDA ($4D),Y @ $A027 = #$E9
f10     c277223      i55881042    A:E9 X:11 Y:00 S:50 P:NvUbdizc  $00:84EB: C9 D8    CMP #$D8
f10     c277225      i55881043    A:E9 X:11 Y:00 S:50 P:nvUbdizC  $00:84ED: B0 15    BCS $8504
f10     c277229      i55881044    A:E9 X:11 Y:00 S:50 P:nvUbdizC  $00:8504: C9 E0    CMP #$E0
f10     c277231      i55881045    A:E9 X:11 Y:00 S:50 P:nvUbdizC  $00:8506: B0 14    BCS $851C
f10     c277234      i55881046    A:E9 X:11 Y:00 S:50 P:nvUbdizC  $00:851C: C9 E8    CMP #$E8
f10     c277236      i55881047    A:E9 X:11 Y:00 S:50 P:nvUbdizC  $00:851E: B0 17    BCS $8537
f10     c277239      i55881048    A:E9 X:11 Y:00 S:50 P:nvUbdizC  $00:8537: 38       SEC
f10     c277241      i55881049    A:E9 X:11 Y:00 S:50 P:nvUbdizC  $00:8538: E9 E8    SBC #$E8
f10     c277243      i55881050    A:01 X:11 Y:00 S:50 P:nvUbdizC  $00:853A: 0A       ASL
f10     c277245      i55881051    A:02 X:11 Y:00 S:50 P:nvUbdizc  $00:853B: AA       TAX
f10     c277247      i55881052    A:02 X:02 Y:00 S:50 P:nvUbdizc  $00:853C: BD 46 85 LDA $8546,X @ $8548 = #$85
f10     c277251      i55881053    A:85 X:02 Y:00 S:50 P:NvUbdizc  $00:853F: 48       PHA
f10     c277254      i55881054    A:85 X:02 Y:00 S:4F P:NvUbdizc  $00:8540: BD 45 85 LDA $8545,X @ $8547 = #$7F
f10     c277258      i55881055    A:7F X:02 Y:00 S:4F P:nvUbdizc  $00:8543: 48       PHA
f10     c277261      i55881056    A:7F X:02 Y:00 S:4E P:nvUbdizc  $00:8544: 60       RTS
f10     c277267      i55881057    A:7F X:02 Y:00 S:50 P:nvUbdizc  $00:8580: A9 02    LDA #$02
f10     c277269      i55881058    A:02 X:02 Y:00 S:50 P:nvUbdizc  $00:8582: 20 A8 9F JSR $9FA8
f10     c277275      i55881059    A:02 X:02 Y:00 S:4E P:nvUbdizc  $00:9FA8: 85 19    STA $19 = #$01
f10     c277278      i55881060    A:02 X:02 Y:00 S:4E P:nvUbdizc  $00:9FAA: 8A       TXA
f10     c277280      i55881061    A:02 X:02 Y:00 S:4E P:nvUbdizc  $00:9FAB: 48       PHA
f10     c277283      i55881062    A:02 X:02 Y:00 S:4D P:nvUbdizc  $00:9FAC: 98       TYA
f10     c277285      i55881063    A:00 X:02 Y:00 S:4D P:nvUbdiZc  $00:9FAD: 48       PHA
f10     c277288      i55881064    A:00 X:02 Y:00 S:4C P:nvUbdiZc  $00:9FAE: A5 ED    LDA $ED = #$03
f10     c277291      i55881065    A:03 X:02 Y:00 S:4C P:nvUbdizc  $00:9FB0: 48       PHA
f10     c277294      i55881066    A:03 X:02 Y:00 S:4B P:nvUbdizc  $00:9FB1: A5 EC    LDA $EC = #$00
f10     c277297      i55881067    A:00 X:02 Y:00 S:4B P:nvUbdiZc  $00:9FB3: 48       PHA
f10     c277300      i55881068    A:00 X:02 Y:00 S:4A P:nvUbdiZc  $00:9FB4: A5 EB    LDA $EB = #$B3
f10     c277303      i55881069    A:B3 X:02 Y:00 S:4A P:NvUbdizc  $00:9FB6: 48       PHA
f10     c277306      i55881070    A:B3 X:02 Y:00 S:49 P:NvUbdizc  $00:9FB7: A5 EA    LDA $EA = #$71
f10     c277309      i55881071    A:71 X:02 Y:00 S:49 P:nvUbdizc  $00:9FB9: 48       PHA
f10     c277312      i55881072    A:71 X:02 Y:00 S:48 P:nvUbdizc  $00:9FBA: A5 E9    LDA $E9 = #$20
f10     c277315      i55881073    A:20 X:02 Y:00 S:48 P:nvUbdizc  $00:9FBC: 48       PHA
f10     c277318      i55881074    A:20 X:02 Y:00 S:47 P:nvUbdizc  $00:9FBD: A5 E8    LDA $E8 = #$00
f10     c277321      i55881075    A:00 X:02 Y:00 S:47 P:nvUbdiZc  $00:9FBF: 48       PHA
f10     c277324      i55881076    A:00 X:02 Y:00 S:46 P:nvUbdiZc  $00:9FC0: A5 E7    LDA $E7 = #$00
f10     c277327      i55881077    A:00 X:02 Y:00 S:46 P:nvUbdiZc  $00:9FC2: 48       PHA
f13     c361237      i55907841    A:00 X:02 Y:05 S:4A P:nvUbdiZc  $00:9AA8: B9 2A 06 LDA $062A,Y @ $062F = #$0F
f13     c361241      i55907842    A:0F X:02 Y:05 S:4A P:nvUbdizc  $00:9AAB: 29 0F    AND #$0F
f13     c361243      i55907843    A:0F X:02 Y:05 S:4A P:nvUbdizc  $00:9AAD: 05 E6    ORA $E6 = #$00
f13     c361246      i55907844    A:0F X:02 Y:05 S:4A P:nvUbdizc  $00:9AAF: A6 E7    LDX $E7 = #$08
f13     c361249      i55907845    A:0F X:08 Y:05 S:4A P:nvUbdizc  $00:9AB1: 9D E8 05 STA $05E8,X @ $05F0 = #$0F
f13     c361254      i55907846    A:0F X:08 Y:05 S:4A P:nvUbdizc  $00:9AB4: E6 E7    INC $E7 = #$08
f13     c361259      i55907847    A:0F X:08 Y:05 S:4A P:nvUbdizc  $00:9AB6: C8       INY
f13     c361261      i55907848    A:0F X:08 Y:06 S:4A P:nvUbdizc  $00:9AB7: 60       RTS (from $9AA2)
f13     c361267      i55907849    A:0F X:08 Y:06 S:4C P:nvUbdizc  $00:9A89: C0 10    CPY #$10
f13     c361269      i55907850    A:0F X:08 Y:06 S:4C P:NvUbdizc  $00:9A8B: D0 F1    BNE $9A7E
f13     c361272      i55907851    A:0F X:08 Y:06 S:4C P:NvUbdizc  $00:9A7E: B9 2A 06 LDA $062A,Y @ $0630 = #$0F
f13     c361276      i55907852    A:0F X:08 Y:06 S:4C P:nvUbdizc  $00:9A81: 29 30    AND #$30
f13     c361278      i55907853    A:00 X:08 Y:06 S:4C P:nvUbdiZc  $00:9A83: 18       CLC
f13     c361280      i55907854    A:00 X:08 Y:06 S:4C P:nvUbdiZc  $00:9A84: 65 4A    ADC $4A = #$02
f13     c361283      i55907855    A:02 X:08 Y:06 S:4C P:nvUbdizc  $00:9A86: 20 A2 9A JSR $9AA2
f13     c361289      i55907856    A:02 X:08 Y:06 S:4A P:nvUbdizc  $00:9AA2: AA       TAX
f13     c361291      i55907857    A:02 X:02 Y:06 S:4A P:nvUbdizc  $00:9AA3: BD A2 9E LDA $9EA2,X @ $9EA4 = #$00
f13     c361295      i55907858    A:00 X:02 Y:06 S:4A P:nvUbdiZc  $00:9AA6: 85 E6    STA $E6 = #$00
f13     c361298      i55907859    A:00 X:02 Y:06 S:4A P:nvUbdiZc  $00:9AA8: B9 2A 06 LDA $062A,Y @ $0630 = #$0F
f13     c361302      i55907860    A:0F X:02 Y:06 S:4A P:nvUbdizc  $00:9AAB: 29 0F    AND #$0F
f13     c361304      i55907861    A:0F X:02 Y:06 S:4A P:nvUbdizc  $00:9AAD: 05 E6    ORA $E6 = #$00
f13     c361307      i55907862    A:0F X:02 Y:06 S:4A P:nvUbdizc  $00:9AAF: A6 E7    LDX $E7 = #$09
f13     c361310      i55907863    A:0F X:09 Y:06 S:4A P:nvUbdizc  $00:9AB1: 9D E8 05 STA $05E8,X @ $05F1 = #$0F
f13     c361315      i55907864    A:0F X:09 Y:06 S:4A P:nvUbdizc  $00:9AB4: E6 E7    INC $E7 = #$09
f13     c361320      i55907865    A:0F X:09 Y:06 S:4A P:nvUbdizc  $00:9AB6: C8       INY
f13     c361322      i55907866    A:0F X:09 Y:07 S:4A P:nvUbdizc  $00:9AB7: 60       RTS (from $9AA2)
f13     c361328      i55907867    A:0F X:09 Y:07 S:4C P:nvUbdizc  $00:9A89: C0 10    CPY #$10
f13     c361330      i55907868    A:0F X:09 Y:07 S:4C P:NvUbdizc  $00:9A8B: D0 F1    BNE $9A7E
f13     c361333      i55907869    A:0F X:09 Y:07 S:4C P:NvUbdizc  $00:9A7E: B9 2A 06 LDA $062A,Y @ $0631 = #$0F
f13     c361337      i55907870    A:0F X:09 Y:07 S:4C P:nvUbdizc  $00:9A81: 29 30    AND #$30
f13     c361339      i55907871    A:00 X:09 Y:07 S:4C P:nvUbdiZc  $00:9A83: 18       CLC
f13     c361341      i55907872    A:00 X:09 Y:07 S:4C P:nvUbdiZc  $00:9A84: 65 4A    ADC $4A = #$02
f13     c361344      i55907873    A:02 X:09 Y:07 S:4C P:nvUbdizc  $00:9A86: 20 A2 9A JSR $9AA2
f13     c361350      i55907874    A:02 X:09 Y:07 S:4A P:nvUbdizc  $00:9AA2: AA       TAX
f13     c361352      i55907875    A:02 X:02 Y:07 S:4A P:nvUbdizc  $00:9AA3: BD A2 9E LDA $9EA2,X @ $9EA4 = #$00
f13     c361356      i55907876    A:00 X:02 Y:07 S:4A P:nvUbdiZc  $00:9AA6: 85 E6    STA $E6 = #$00
f13     c361359      i55907877    A:00 X:02 Y:07 S:4A P:nvUbdiZc  $00:9AA8: B9 2A 06 LDA $062A,Y @ $0631 = #$0F
f13     c361363      i55907878    A:0F X:02 Y:07 S:4A P:nvUbdizc  $00:9AAB: 29 0F    AND #$0F
f13     c361365      i55907879    A:0F X:02 Y:07 S:4A P:nvUbdizc  $00:9AAD: 05 E6    ORA $E6 = #$00
f13     c361368      i55907880    A:0F X:02 Y:07 S:4A P:nvUbdizc  $00:9AAF: A6 E7    LDX $E7 = #$0A
f13     c361371      i55907881    A:0F X:0A Y:07 S:4A P:nvUbdizc  $00:9AB1: 9D E8 05 STA $05E8,X @ $05F2 = #$0F
f14     c388700      i55916533    A:00 X:02 Y:06 S:DB P:nvUbdIzc  $01:A0ED: BD 15 40 LDA $4015,X @ $4017 = #$01
f14     c388704      i55916534    A:40 X:02 Y:06 S:DB P:nvUbdIzc  $01:A0F0: 4A       LSR
f14     c388706      i55916535    A:20 X:02 Y:06 S:DB P:nvUbdIzc  $01:A0F1: 26 3F    ROL $3F = #$00
f14     c388711      i55916536    A:20 X:02 Y:06 S:DB P:nvUbdIZc  $01:A0F3: 29 01    AND #$01
f14     c388713      i55916537    A:00 X:02 Y:06 S:DB P:nvUbdIZc  $01:A0F5: 05 3F    ORA $3F = #$00
f14     c388716      i55916538    A:00 X:02 Y:06 S:DB P:nvUbdIZc  $01:A0F7: 85 3F    STA $3F = #$00
f14     c388719      i55916539    A:00 X:02 Y:06 S:DB P:nvUbdIZc  $01:A0F9: 88       DEY
f14     c388721      i55916540    A:00 X:02 Y:05 S:DB P:nvUbdIzc  $01:A0FA: D0 F1    BNE $A0ED
f14     c388724      i55916541    A:00 X:02 Y:05 S:DB P:nvUbdIzc  $01:A0ED: BD 15 40 LDA $4015,X @ $4017 = #$01
f14     c388728      i55916542    A:40 X:02 Y:05 S:DB P:nvUbdIzc  $01:A0F0: 4A       LSR
f14     c388730      i55916543    A:20 X:02 Y:05 S:DB P:nvUbdIzc  $01:A0F1: 26 3F    ROL $3F = #$00
f14     c388735      i55916544    A:20 X:02 Y:05 S:DB P:nvUbdIZc  $01:A0F3: 29 01    AND #$01
f14     c388737      i55916545    A:00 X:02 Y:05 S:DB P:nvUbdIZc  $01:A0F5: 05 3F    ORA $3F = #$00
f14     c388740      i55916546    A:00 X:02 Y:05 S:DB P:nvUbdIZc  $01:A0F7: 85 3F    STA $3F = #$00
f14     c388743      i55916547    A:00 X:02 Y:05 S:DB P:nvUbdIZc  $01:A0F9: 88       DEY
f14     c388745      i55916548    A:00 X:02 Y:04 S:DB P:nvUbdIzc  $01:A0FA: D0 F1    BNE $A0ED
f14     c388748      i55916549    A:00 X:02 Y:04 S:DB P:nvUbdIzc  $01:A0ED: BD 15 40 LDA $4015,X @ $4017 = #$01
f14     c388752      i55916550    A:40 X:02 Y:04 S:DB P:nvUbdIzc  $01:A0F0: 4A       LSR
f14     c388754      i55916551    A:20 X:02 Y:04 S:DB P:nvUbdIzc  $01:A0F1: 26 3F    ROL $3F = #$00
f14     c388759      i55916552    A:20 X:02 Y:04 S:DB P:nvUbdIZc  $01:A0F3: 29 01    AND #$01
f14     c388761      i55916553    A:00 X:02 Y:04 S:DB P:nvUbdIZc  $01:A0F5: 05 3F    ORA $3F = #$00
f14     c388764      i55916554    A:00 X:02 Y:04 S:DB P:nvUbdIZc  $01:A0F7: 85 3F    STA $3F = #$00
f14     c388767      i55916555    A:00 X:02 Y:04 S:DB P:nvUbdIZc  $01:A0F9: 88       DEY
f14     c388769      i55916556    A:00 X:02 Y:03 S:DB P:nvUbdIzc  $01:A0FA: D0 F1    BNE $A0ED
f14     c388772      i55916557    A:00 X:02 Y:03 S:DB P:nvUbdIzc  $01:A0ED: BD 15 40 LDA $4015,X @ $4017 = #$01
f14     c388776      i55916558    A:40 X:02 Y:03 S:DB P:nvUbdIzc  $01:A0F0: 4A       LSR
f14     c388778      i55916559    A:20 X:02 Y:03 S:DB P:nvUbdIzc  $01:A0F1: 26 3F    ROL $3F = #$00
f14     c388783      i55916560    A:20 X:02 Y:03 S:DB P:nvUbdIZc  $01:A0F3: 29 01    AND #$01
f14     c388785      i55916561    A:00 X:02 Y:03 S:DB P:nvUbdIZc  $01:A0F5: 05 3F    ORA $3F = #$00
f14     c388788      i55916562    A:00 X:02 Y:03 S:DB P:nvUbdIZc  $01:A0F7: 85 3F    STA $3F = #$00
f14     c388791      i55916563    A:00 X:02 Y:03 S:DB P:nvUbdIZc  $01:A0F9: 88       DEY
f14     c388793      i55916564    A:00 X:02 Y:02 S:DB P:nvUbdIzc  $01:A0FA: D0 F1    BNE $A0ED
f14     c388796      i55916565    A:00 X:02 Y:02 S:DB P:nvUbdIzc  $01:A0ED: BD 15 40 LDA $4015,X @ $4017 = #$01
f14     c388800      i55916566    A:40 X:02 Y:02 S:DB P:nvUbdIzc  $01:A0F0: 4A       LSR
f14     c388802      i55916567    A:20 X:02 Y:02 S:DB P:nvUbdIzc  $01:A0F1: 26 3F    ROL $3F = #$00
f14     c388807      i55916568    A:20 X:02 Y:02 S:DB P:nvUbdIZc  $01:A0F3: 29 01    AND #$01
f14     c388809      i55916569    A:00 X:02 Y:02 S:DB P:nvUbdIZc  $01:A0F5: 05 3F    ORA $3F = #$00
f14     c388812      i55916570    A:00 X:02 Y:02 S:DB P:nvUbdIZc  $01:A0F7: 85 3F    STA $3F = #$00
f14     c388815      i55916571    A:00 X:02 Y:02 S:DB P:nvUbdIZc  $01:A0F9: 88       DEY
f14     c388817      i55916572    A:00 X:02 Y:01 S:DB P:nvUbdIzc  $01:A0FA: D0 F1    BNE $A0ED
f14     c388820      i55916573    A:00 X:02 Y:01 S:DB P:nvUbdIzc  $01:A0ED: BD 15 40 LDA $4015,X @ $4017 = #$01
f14     c388824      i55916574    A:40 X:02 Y:01 S:DB P:nvUbdIzc  $01:A0F0: 4A       LSR
f15     c418430      i55925950    A:00 X:02 Y:08 S:DB P:nvUbdIzc  $01:A0ED: BD 15 40 LDA $4015,X @ $4017 = #$01
f15     c418434      i55925951    A:40 X:02 Y:08 S:DB P:nvUbdIzc  $01:A0F0: 4A       LSR
f15     c418436      i55925952    A:20 X:02 Y:08 S:DB P:nvUbdIzc  $01:A0F1: 26 3F    ROL $3F = #$00
f15     c418441      i55925953    A:20 X:02 Y:08 S:DB P:nvUbdIZc  $01:A0F3: 29 01    AND #$01
f15     c418443      i55925954    A:00 X:02 Y:08 S:DB P:nvUbdIZc  $01:A0F5: 05 3F    ORA $3F = #$00
f15     c418446      i55925955    A:00 X:02 Y:08 S:DB P:nvUbdIZc  $01:A0F7: 85 3F    STA $3F = #$00
f15     c418449      i55925956    A:00 X:02 Y:08 S:DB P:nvUbdIZc  $01:A0F9: 88       DEY
f15     c418451      i55925957    A:00 X:02 Y:07 S:DB P:nvUbdIzc  $01:A0FA: D0 F1    BNE $A0ED
f15     c418454      i55925958    A:00 X:02 Y:07 S:DB P:nvUbdIzc  $01:A0ED: BD 15 40 LDA $4015,X @ $4017 = #$01
f15     c418458      i55925959    A:40 X:02 Y:07 S:DB P:nvUbdIzc  $01:A0F0: 4A       LSR
f15     c418460      i55925960    A:20 X:02 Y:07 S:DB P:nvUbdIzc  $01:A0F1: 26 3F    ROL $3F = #$00
f15     c418465      i55925961    A:20 X:02 Y:07 S:DB P:nvUbdIZc  $01:A0F3: 29 01    AND #$01
f15     c418467      i55925962    A:00 X:02 Y:07 S:DB P:nvUbdIZc  $01:A0F5: 05 3F    ORA $3F = #$00
f15     c418470      i55925963    A:00 X:02 Y:07 S:DB P:nvUbdIZc  $01:A0F7: 85 3F    STA $3F = #$00
f15     c418473      i55925964    A:00 X:02 Y:07 S:DB P:nvUbdIZc  $01:A0F9: 88       DEY
f15     c418475      i55925965    A:00 X:02 Y:06 S:DB P:nvUbdIzc  $01:A0FA: D0 F1    BNE $A0ED
f15     c418478      i55925966    A:00 X:02 Y:06 S:DB P:nvUbdIzc  $01:A0ED: BD 15 40 LDA $4015,X @ $4017 = #$01
f15     c418482      i55925967    A:40 X:02 Y:06 S:DB P:nvUbdIzc  $01:A0F0: 4A       LSR
f15     c418484      i55925968    A:20 X:02 Y:06 S:DB P:nvUbdIzc  $01:A0F1: 26 3F    ROL $3F = #$00
f15     c418489      i55925969    A:20 X:02 Y:06 S:DB P:nvUbdIZc  $01:A0F3: 29 01    AND #$01
f15     c418491      i55925970    A:00 X:02 Y:06 S:DB P:nvUbdIZc  $01:A0F5: 05 3F    ORA $3F = #$00
f15     c418494      i55925971    A:00 X:02 Y:06 S:DB P:nvUbdIZc  $01:A0F7: 85 3F    STA $3F = #$00
f15     c418497      i55925972    A:00 X:02 Y:06 S:DB P:nvUbdIZc  $01:A0F9: 88       DEY
f15     c418499      i55925973    A:00 X:02 Y:05 S:DB P:nvUbdIzc  $01:A0FA: D0 F1    BNE $A0ED
f15     c418502      i55925974    A:00 X:02 Y:05 S:DB P:nvUbdIzc  $01:A0ED: BD 15 40 LDA $4015,X @ $4017 = #$01
f15     c418506      i55925975    A:40 X:02 Y:05 S:DB P:nvUbdIzc  $01:A0F0: 4A       LSR
f15     c418508      i55925976    A:20 X:02 Y:05 S:DB P:nvUbdIzc  $01:A0F1: 26 3F    ROL $3F = #$00
f15     c418513      i55925977    A:20 X:02 Y:05 S:DB P:nvUbdIZc  $01:A0F3: 29 01    AND #$01
f15     c418515      i55925978    A:00 X:02 Y:05 S:DB P:nvUbdIZc  $01:A0F5: 05 3F    ORA $3F = #$00
f15     c418518      i55925979    A:00 X:02 Y:05 S:DB P:nvUbdIZc  $01:A0F7: 85 3F    STA $3F = #$00
f15     c418521      i55925980    A:00 X:02 Y:05 S:DB P:nvUbdIZc  $01:A0F9: 88       DEY
f15     c418523      i55925981    A:00 X:02 Y:04 S:DB P:nvUbdIzc  $01:A0FA: D0 F1    BNE $A0ED
f15     c418526      i55925982    A:00 X:02 Y:04 S:DB P:nvUbdIzc  $01:A0ED: BD 15 40 LDA $4015,X @ $4017 = #$01
f15     c418530      i55925983    A:40 X:02 Y:04 S:DB P:nvUbdIzc  $01:A0F0: 4A       LSR
f15     c418532      i55925984    A:20 X:02 Y:04 S:DB P:nvUbdIzc  $01:A0F1: 26 3F    ROL $3F = #$00
f15     c418537      i55925985    A:20 X:02 Y:04 S:DB P:nvUbdIZc  $01:A0F3: 29 01    AND #$01
f15     c418539      i55925986    A:00 X:02 Y:04 S:DB P:nvUbdIZc  $01:A0F5: 05 3F    ORA $3F = #$00
f15     c418542      i55925987    A:00 X:02 Y:04 S:DB P:nvUbdIZc  $01:A0F7: 85 3F    STA $3F = #$00
f15     c418545      i55925988    A:00 X:02 Y:04 S:DB P:nvUbdIZc  $01:A0F9: 88       DEY
f15     c418547      i55925989    A:00 X:02 Y:03 S:DB P:nvUbdIzc  $01:A0FA: D0 F1    BNE $A0ED
f15     c418550      i55925990    A:00 X:02 Y:03 S:DB P:nvUbdIzc  $01:A0ED: BD 15 40 LDA $4015,X @ $4017 = #$01
f15     c418554      i55925991    A:40 X:02 Y:03 S:DB P:nvUbdIzc  $01:A0F0: 4A       LSR
f15     c420677      i55926673    A:10 X:34 Y:03 S:4A P:nvUbdizc  $00:9AA8: B9 2A 06 LDA $062A,Y @ $062D = #$30
f15     c420681      i55926674    A:30 X:34 Y:03 S:4A P:nvUbdizc  $00:9AAB: 29 0F    AND #$0F
f15     c420683      i55926675    A:00 X:34 Y:03 S:4A P:nvUbdiZc  $00:9AAD: 05 E6    ORA $E6 = #$10
f15     c420686      i55926676    A:10 X:34 Y:03 S:4A P:nvUbdizc  $00:9AAF: A6 E7    LDX $E7 = #$06
f15     c420689      i55926677    A:10 X:06 Y:03 S:4A P:nvUbdizc  $00:9AB1: 9D E8 05 STA $05E8,X @ $05EE = #$10
f15     c420694      i55926678    A:10 X:06 Y:03 S:4A P:nvUbdizc  $00:9AB4: E6 E7    INC $E7 = #$06
f15     c420699      i55926679    A:10 X:06 Y:03 S:4A P:nvUbdizc  $00:9AB6: C8       INY
f15     c420701      i55926680    A:10 X:06 Y:04 S:4A P:nvUbdizc  $00:9AB7: 60       RTS (from $9AA2)
f15     c420707      i55926681    A:10 X:06 Y:04 S:4C P:nvUbdizc  $00:9A89: C0 10    CPY #$10
f15     c420709      i55926682    A:10 X:06 Y:04 S:4C P:NvUbdizc  $00:9A8B: D0 F1    BNE $9A7E
f15     c420712      i55926683    A:10 X:06 Y:04 S:4C P:NvUbdizc  $00:9A7E: B9 2A 06 LDA $062A,Y @ $062E = #$0F
f15     c420716      i55926684    A:0F X:06 Y:04 S:4C P:nvUbdizc  $00:9A81: 29 30    AND #$30
f15     c420718      i55926685    A:00 X:06 Y:04 S:4C P:nvUbdiZc  $00:9A83: 18       CLC
f15     c420720      i55926686    A:00 X:06 Y:04 S:4C P:nvUbdiZc  $00:9A84: 65 4A    ADC $4A = #$04
f15     c420723      i55926687    A:04 X:06 Y:04 S:4C P:nvUbdizc  $00:9A86: 20 A2 9A JSR $9AA2
f15     c420729      i55926688    A:04 X:06 Y:04 S:4A P:nvUbdizc  $00:9AA2: AA       TAX
f15     c420731      i55926689    A:04 X:04 Y:04 S:4A P:nvUbdizc  $00:9AA3: BD A2 9E LDA $9EA2,X @ $9EA6 = #$00
f15     c420735      i55926690    A:00 X:04 Y:04 S:4A P:nvUbdiZc  $00:9AA6: 85 E6    STA $E6 = #$10
f15     c420738      i55926691    A:00 X:04 Y:04 S:4A P:nvUbdiZc  $00:9AA8: B9 2A 06 LDA $062A,Y @ $062E = #$0F
f15     c420742      i55926692    A:0F X:04 Y:04 S:4A P:nvUbdizc  $00:9AAB: 29 0F    AND #$0F
f15     c420744      i55926693    A:0F X:04 Y:04 S:4A P:nvUbdizc  $00:9AAD: 05 E6    ORA $E6 = #$00
f15     c420747      i55926694    A:0F X:04 Y:04 S:4A P:nvUbdizc  $00:9AAF: A6 E7    LDX $E7 = #$07
f15     c420750      i55926695    A:0F X:07 Y:04 S:4A P:nvUbdizc  $00:9AB1: 9D E8 05 STA $05E8,X @ $05EF = #$0F
f15     c420755      i55926696    A:0F X:07 Y:04 S:4A P:nvUbdizc  $00:9AB4: E6 E7    INC $E7 = #$07
f15     c420760      i55926697    A:0F X:07 Y:04 S:4A P:nvUbdizc  $00:9AB6: C8       INY
f15     c420762      i55926698    A:0F X:07 Y:05 S:4A P:nvUbdizc  $00:9AB7: 60       RTS (from $9AA2)
f15     c420768      i55926699    A:0F X:07 Y:05 S:4C P:nvUbdizc  $00:9A89: C0 10    CPY #$10
f15     c420770      i55926700    A:0F X:07 Y:05 S:4C P:NvUbdizc  $00:9A8B: D0 F1    BNE $9A7E
f15     c420773      i55926701    A:0F X:07 Y:05 S:4C P:NvUbdizc  $00:9A7E: B9 2A 06 LDA $062A,Y @ $062F = #$0F
f15     c420777      i55926702    A:0F X:07 Y:05 S:4C P:nvUbdizc  $00:9A81: 29 30    AND #$30
f15     c420779      i55926703    A:00 X:07 Y:05 S:4C P:nvUbdiZc  $00:9A83: 18       CLC
f15     c420781      i55926704    A:00 X:07 Y:05 S:4C P:nvUbdiZc  $00:9A84: 65 4A    ADC $4A = #$04
f15     c420784      i55926705    A:04 X:07 Y:05 S:4C P:nvUbdizc  $00:9A86: 20 A2 9A JSR $9AA2
f15     c420790      i55926706    A:04 X:07 Y:05 S:4A P:nvUbdizc  $00:9AA2: AA       TAX
f15     c420792      i55926707    A:04 X:04 Y:05 S:4A P:nvUbdizc  $00:9AA3: BD A2 9E LDA $9EA2,X @ $9EA6 = #$00
f15     c420796      i55926708    A:00 X:04 Y:05 S:4A P:nvUbdiZc  $00:9AA6: 85 E6    STA $E6 = #$00
f15     c420799      i55926709    A:00 X:04 Y:05 S:4A P:nvUbdiZc  $00:9AA8: B9 2A 06 LDA $062A,Y @ $062F = #$0F
f15     c420803      i55926710    A:0F X:04 Y:05 S:4A P:nvUbdizc  $00:9AAB: 29 0F    AND #$0F
f15     c420805      i55926711    A:0F X:04 Y:05 S:4A P:nvUbdizc  $00:9AAD: 05 E6    ORA $E6 = #$00
f15     c420808      i55926712    A:0F X:04 Y:05 S:4A P:nvUbdizc  $00:9AAF: A6 E7    LDX $E7 = #$08
f15     c420811      i55926713    A:0F X:08 Y:05 S:4A P:nvUbdizc  $00:9AB1: 9D E8 05 STA $05E8,X @ $05F0 = #$0F
f16     c450394      i55936088    A:00 X:05 Y:02 S:4A P:nvUbdiZc  $00:9AA8: B9 2A 06 LDA $062A,Y @ $062C = #$00
f16     c450398      i55936089    A:00 X:05 Y:02 S:4A P:nvUbdiZc  $00:9AAB: 29 0F    AND #$0F
f16     c450400      i55936090    A:00 X:05 Y:02 S:4A P:nvUbdiZc  $00:9AAD: 05 E6    ORA $E6 = #$00
f16     c450403      i55936091    A:00 X:05 Y:02 S:4A P:nvUbdiZc  $00:9AAF: A6 E7    LDX $E7 = #$05
f16     c450406      i55936092    A:00 X:05 Y:02 S:4A P:nvUbdizc  $00:9AB1: 9D E8 05 STA $05E8,X @ $05ED = #$00
f16     c450411      i55936093    A:00 X:05 Y:02 S:4A P:nvUbdizc  $00:9AB4: E6 E7    INC $E7 = #$05
f16     c450416      i55936094    A:00 X:05 Y:02 S:4A P:nvUbdizc  $00:9AB6: C8       INY
f16     c450418      i55936095    A:00 X:05 Y:03 S:4A P:nvUbdizc  $00:9AB7: 60       RTS (from $9AA2)
f16     c450424      i55936096    A:00 X:05 Y:03 S:4C P:nvUbdizc  $00:9A89: C0 10    CPY #$10
f16     c450426      i55936097    A:00 X:05 Y:03 S:4C P:NvUbdizc  $00:9A8B: D0 F1    BNE $9A7E
f16     c450429      i55936098    A:00 X:05 Y:03 S:4C P:NvUbdizc  $00:9A7E: B9 2A 06 LDA $062A,Y @ $062D = #$30
f16     c450433      i55936099    A:30 X:05 Y:03 S:4C P:nvUbdizc  $00:9A81: 29 30    AND #$30
f16     c450435      i55936100    A:30 X:05 Y:03 S:4C P:nvUbdizc  $00:9A83: 18       CLC
f16     c450437      i55936101    A:30 X:05 Y:03 S:4C P:nvUbdizc  $00:9A84: 65 4A    ADC $4A = #$05
f16     c450440      i55936102    A:35 X:05 Y:03 S:4C P:nvUbdizc  $00:9A86: 20 A2 9A JSR $9AA2
f16     c450446      i55936103    A:35 X:05 Y:03 S:4A P:nvUbdizc  $00:9AA2: AA       TAX
f16     c450448      i55936104    A:35 X:35 Y:03 S:4A P:nvUbdizc  $00:9AA3: BD A2 9E LDA $9EA2,X @ $9ED7 = #$20
f16     c450452      i55936105    A:20 X:35 Y:03 S:4A P:nvUbdizc  $00:9AA6: 85 E6    STA $E6 = #$00
f16     c450455      i55936106    A:20 X:35 Y:03 S:4A P:nvUbdizc  $00:9AA8: B9 2A 06 LDA $062A,Y @ $062D = #$30
f16     c450459      i55936107    A:30 X:35 Y:03 S:4A P:nvUbdizc  $00:9AAB: 29 0F    AND #$0F
f16     c450461      i55936108    A:00 X:35 Y:03 S:4A P:nvUbdiZc  $00:9AAD: 05 E6    ORA $E6 = #$20
f16     c450464      i55936109    A:20 X:35 Y:03 S:4A P:nvUbdizc  $00:9AAF: A6 E7    LDX $E7 = #$06
f16     c450467      i55936110    A:20 X:06 Y:03 S:4A P:nvUbdizc  $00:9AB1: 9D E8 05 STA $05E8,X @ $05EE = #$10
f16     c450472      i55936111    A:20 X:06 Y:03 S:4A P:nvUbdizc  $00:9AB4: E6 E7    INC $E7 = #$06
f16     c450477      i55936112    A:20 X:06 Y:03 S:4A P:nvUbdizc  $00:9AB6: C8       INY
f16     c450479      i55936113    A:20 X:06 Y:04 S:4A P:nvUbdizc  $00:9AB7: 60       RTS (from $9AA2)
f16     c450485      i55936114    A:20 X:06 Y:04 S:4C P:nvUbdizc  $00:9A89: C0 10    CPY #$10
f16     c450487      i55936115    A:20 X:06 Y:04 S:4C P:NvUbdizc  $00:9A8B: D0 F1    BNE $9A7E
f16     c450490      i55936116    A:20 X:06 Y:04 S:4C P:NvUbdizc  $00:9A7E: B9 2A 06 LDA $062A,Y @ $062E = #$0F
f16     c450494      i55936117    A:0F X:06 Y:04 S:4C P:nvUbdizc  $00:9A81: 29 30    AND #$30
f16     c450496      i55936118    A:00 X:06 Y:04 S:4C P:nvUbdiZc  $00:9A83: 18       CLC
f16     c450498      i55936119    A:00 X:06 Y:04 S:4C P:nvUbdiZc  $00:9A84: 65 4A    ADC $4A = #$05
f16     c450501      i55936120    A:05 X:06 Y:04 S:4C P:nvUbdizc  $00:9A86: 20 A2 9A JSR $9AA2
f16     c450507      i55936121    A:05 X:06 Y:04 S:4A P:nvUbdizc  $00:9AA2: AA       TAX
f16     c450509      i55936122    A:05 X:05 Y:04 S:4A P:nvUbdizc  $00:9AA3: BD A2 9E LDA $9EA2,X @ $9EA7 = #$00
f16     c450513      i55936123    A:00 X:05 Y:04 S:4A P:nvUbdiZc  $00:9AA6: 85 E6    STA $E6 = #$20
f16     c450516      i55936124    A:00 X:05 Y:04 S:4A P:nvUbdiZc  $00:9AA8: B9 2A 06 LDA $062A,Y @ $062E = #$0F
f16     c450520      i55936125    A:0F X:05 Y:04 S:4A P:nvUbdizc  $00:9AAB: 29 0F    AND #$0F
f16     c450522      i55936126    A:0F X:05 Y:04 S:4A P:nvUbdizc  $00:9AAD: 05 E6    ORA $E6 = #$00
f16     c450525      i55936127    A:0F X:05 Y:04 S:4A P:nvUbdizc  $00:9AAF: A6 E7    LDX $E7 = #$07
f16     c450528      i55936128    A:0F X:07 Y:04 S:4A P:nvUbdizc  $00:9AB1: 9D E8 05 STA $05E8,X @ $05EF = #$0F
f18     c509956      i55954956    A:00 X:07 Y:02 S:4A P:nvUbdiZc  $00:9AA8: B9 2A 06 LDA $062A,Y @ $062C = #$00
f18     c509960      i55954957    A:00 X:07 Y:02 S:4A P:nvUbdiZc  $00:9AAB: 29 0F    AND #$0F
f18     c509962      i55954958    A:00 X:07 Y:02 S:4A P:nvUbdiZc  $00:9AAD: 05 E6    ORA $E6 = #$00
f18     c509965      i55954959    A:00 X:07 Y:02 S:4A P:nvUbdiZc  $00:9AAF: A6 E7    LDX $E7 = #$05
f18     c509968      i55954960    A:00 X:05 Y:02 S:4A P:nvUbdizc  $00:9AB1: 9D E8 05 STA $05E8,X @ $05ED = #$00
f18     c509973      i55954961    A:00 X:05 Y:02 S:4A P:nvUbdizc  $00:9AB4: E6 E7    INC $E7 = #$05
f18     c509978      i55954962    A:00 X:05 Y:02 S:4A P:nvUbdizc  $00:9AB6: C8       INY
f18     c509980      i55954963    A:00 X:05 Y:03 S:4A P:nvUbdizc  $00:9AB7: 60       RTS (from $9AA2)
f18     c509986      i55954964    A:00 X:05 Y:03 S:4C P:nvUbdizc  $00:9A89: C0 10    CPY #$10
f18     c509988      i55954965    A:00 X:05 Y:03 S:4C P:NvUbdizc  $00:9A8B: D0 F1    BNE $9A7E
f18     c509991      i55954966    A:00 X:05 Y:03 S:4C P:NvUbdizc  $00:9A7E: B9 2A 06 LDA $062A,Y @ $062D = #$30
f18     c509995      i55954967    A:30 X:05 Y:03 S:4C P:nvUbdizc  $00:9A81: 29 30    AND #$30
f18     c509997      i55954968    A:30 X:05 Y:03 S:4C P:nvUbdizc  $00:9A83: 18       CLC
f18     c509999      i55954969    A:30 X:05 Y:03 S:4C P:nvUbdizc  $00:9A84: 65 4A    ADC $4A = #$07
f18     c510002      i55954970    A:37 X:05 Y:03 S:4C P:nvUbdizc  $00:9A86: 20 A2 9A JSR $9AA2
f18     c510008      i55954971    A:37 X:05 Y:03 S:4A P:nvUbdizc  $00:9AA2: AA       TAX
f18     c510010      i55954972    A:37 X:37 Y:03 S:4A P:nvUbdizc  $00:9AA3: BD A2 9E LDA $9EA2,X @ $9ED9 = #$30
f18     c510014      i55954973    A:30 X:37 Y:03 S:4A P:nvUbdizc  $00:9AA6: 85 E6    STA $E6 = #$00
f18     c510017      i55954974    A:30 X:37 Y:03 S:4A P:nvUbdizc  $00:9AA8: B9 2A 06 LDA $062A,Y @ $062D = #$30
f18     c510021      i55954975    A:30 X:37 Y:03 S:4A P:nvUbdizc  $00:9AAB: 29 0F    AND #$0F
f18     c510023      i55954976    A:00 X:37 Y:03 S:4A P:nvUbdiZc  $00:9AAD: 05 E6    ORA $E6 = #$30
f18     c510026      i55954977    A:30 X:37 Y:03 S:4A P:nvUbdizc  $00:9AAF: A6 E7    LDX $E7 = #$06
f18     c510029      i55954978    A:30 X:06 Y:03 S:4A P:nvUbdizc  $00:9AB1: 9D E8 05 STA $05E8,X @ $05EE = #$20
f18     c510034      i55954979    A:30 X:06 Y:03 S:4A P:nvUbdizc  $00:9AB4: E6 E7    INC $E7 = #$06
f18     c510039      i55954980    A:30 X:06 Y:03 S:4A P:nvUbdizc  $00:9AB6: C8       INY
f18     c510041      i55954981    A:30 X:06 Y:04 S:4A P:nvUbdizc  $00:9AB7: 60       RTS (from $9AA2)
f18     c510047      i55954982    A:30 X:06 Y:04 S:4C P:nvUbdizc  $00:9A89: C0 10    CPY #$10
f18     c510049      i55954983    A:30 X:06 Y:04 S:4C P:NvUbdizc  $00:9A8B: D0 F1    BNE $9A7E
f18     c510052      i55954984    A:30 X:06 Y:04 S:4C P:NvUbdizc  $00:9A7E: B9 2A 06 LDA $062A,Y @ $062E = #$0F
f18     c510056      i55954985    A:0F X:06 Y:04 S:4C P:nvUbdizc  $00:9A81: 29 30    AND #$30
f18     c510058      i55954986    A:00 X:06 Y:04 S:4C P:nvUbdiZc  $00:9A83: 18       CLC
f18     c510060      i55954987    A:00 X:06 Y:04 S:4C P:nvUbdiZc  $00:9A84: 65 4A    ADC $4A = #$07
f18     c510063      i55954988    A:07 X:06 Y:04 S:4C P:nvUbdizc  $00:9A86: 20 A2 9A JSR $9AA2
f18     c510069      i55954989    A:07 X:06 Y:04 S:4A P:nvUbdizc  $00:9AA2: AA       TAX
f18     c510071      i55954990    A:07 X:07 Y:04 S:4A P:nvUbdizc  $00:9AA3: BD A2 9E LDA $9EA2,X @ $9EA9 = #$00
f18     c510075      i55954991    A:00 X:07 Y:04 S:4A P:nvUbdiZc  $00:9AA6: 85 E6    STA $E6 = #$30
f18     c510078      i55954992    A:00 X:07 Y:04 S:4A P:nvUbdiZc  $00:9AA8: B9 2A 06 LDA $062A,Y @ $062E = #$0F
f18     c510082      i55954993    A:0F X:07 Y:04 S:4A P:nvUbdizc  $00:9AAB: 29 0F    AND #$0F
f18     c510084      i55954994    A:0F X:07 Y:04 S:4A P:nvUbdizc  $00:9AAD: 05 E6    ORA $E6 = #$00
f18     c510087      i55954995    A:0F X:07 Y:04 S:4A P:nvUbdizc  $00:9AAF: A6 E7    LDX $E7 = #$07
f18     c510090      i55954996    A:0F X:07 Y:04 S:4A P:nvUbdizc  $00:9AB1: 9D E8 05 STA $05E8,X @ $05EF = #$0F
f19     c539679      i55964373    A:20 X:18 Y:01 S:4A P:nvUbdizc  $00:9AA8: B9 2A 06 LDA $062A,Y @ $062B = #$16
f19     c539683      i55964374    A:16 X:18 Y:01 S:4A P:nvUbdizc  $00:9AAB: 29 0F    AND #$0F
f19     c539685      i55964375    A:06 X:18 Y:01 S:4A P:nvUbdizc  $00:9AAD: 05 E6    ORA $E6 = #$20
f19     c539688      i55964376    A:26 X:18 Y:01 S:4A P:nvUbdizc  $00:9AAF: A6 E7    LDX $E7 = #$04
f19     c539691      i55964377    A:26 X:04 Y:01 S:4A P:nvUbdizc  $00:9AB1: 9D E8 05 STA $05E8,X @ $05EC = #$16
f19     c539696      i55964378    A:26 X:04 Y:01 S:4A P:nvUbdizc  $00:9AB4: E6 E7    INC $E7 = #$04
f19     c539701      i55964379    A:26 X:04 Y:01 S:4A P:nvUbdizc  $00:9AB6: C8       INY
f19     c539703      i55964380    A:26 X:04 Y:02 S:4A P:nvUbdizc  $00:9AB7: 60       RTS (from $9AA2)
f19     c539709      i55964381    A:26 X:04 Y:02 S:4C P:nvUbdizc  $00:9A89: C0 10    CPY #$10
f19     c539711      i55964382    A:26 X:04 Y:02 S:4C P:NvUbdizc  $00:9A8B: D0 F1    BNE $9A7E
f19     c539714      i55964383    A:26 X:04 Y:02 S:4C P:NvUbdizc  $00:9A7E: B9 2A 06 LDA $062A,Y @ $062C = #$00
f19     c539718      i55964384    A:00 X:04 Y:02 S:4C P:nvUbdiZc  $00:9A81: 29 30    AND #$30
f19     c539720      i55964385    A:00 X:04 Y:02 S:4C P:nvUbdiZc  $00:9A83: 18       CLC
f19     c539722      i55964386    A:00 X:04 Y:02 S:4C P:nvUbdiZc  $00:9A84: 65 4A    ADC $4A = #$08
f19     c539725      i55964387    A:08 X:04 Y:02 S:4C P:nvUbdizc  $00:9A86: 20 A2 9A JSR $9AA2
f19     c539731      i55964388    A:08 X:04 Y:02 S:4A P:nvUbdizc  $00:9AA2: AA       TAX
f19     c539733      i55964389    A:08 X:08 Y:02 S:4A P:nvUbdizc  $00:9AA3: BD A2 9E LDA $9EA2,X @ $9EAA = #$00
f19     c539737      i55964390    A:00 X:08 Y:02 S:4A P:nvUbdiZc  $00:9AA6: 85 E6    STA $E6 = #$20
f19     c539740      i55964391    A:00 X:08 Y:02 S:4A P:nvUbdiZc  $00:9AA8: B9 2A 06 LDA $062A,Y @ $062C = #$00
f19     c539744      i55964392    A:00 X:08 Y:02 S:4A P:nvUbdiZc  $00:9AAB: 29 0F    AND #$0F
f19     c539746      i55964393    A:00 X:08 Y:02 S:4A P:nvUbdiZc  $00:9AAD: 05 E6    ORA $E6 = #$00
f19     c539749      i55964394    A:00 X:08 Y:02 S:4A P:nvUbdiZc  $00:9AAF: A6 E7    LDX $E7 = #$05
f19     c539752      i55964395    A:00 X:05 Y:02 S:4A P:nvUbdizc  $00:9AB1: 9D E8 05 STA $05E8,X @ $05ED = #$00
f19     c539757      i55964396    A:00 X:05 Y:02 S:4A P:nvUbdizc  $00:9AB4: E6 E7    INC $E7 = #$05
f19     c539762      i55964397    A:00 X:05 Y:02 S:4A P:nvUbdizc  $00:9AB6: C8       INY
f19     c539764      i55964398    A:00 X:05 Y:03 S:4A P:nvUbdizc  $00:9AB7: 60       RTS (from $9AA2)
f19     c539770      i55964399    A:00 X:05 Y:03 S:4C P:nvUbdizc  $00:9A89: C0 10    CPY #$10
f19     c539772      i55964400    A:00 X:05 Y:03 S:4C P:NvUbdizc  $00:9A8B: D0 F1    BNE $9A7E
f19     c539775      i55964401    A:00 X:05 Y:03 S:4C P:NvUbdizc  $00:9A7E: B9 2A 06 LDA $062A,Y @ $062D = #$30
f19     c539779      i55964402    A:30 X:05 Y:03 S:4C P:nvUbdizc  $00:9A81: 29 30    AND #$30
f19     c539781      i55964403    A:30 X:05 Y:03 S:4C P:nvUbdizc  $00:9A83: 18       CLC
f19     c539783      i55964404    A:30 X:05 Y:03 S:4C P:nvUbdizc  $00:9A84: 65 4A    ADC $4A = #$08
f19     c539786      i55964405    A:38 X:05 Y:03 S:4C P:nvUbdizc  $00:9A86: 20 A2 9A JSR $9AA2
f19     c539792      i55964406    A:38 X:05 Y:03 S:4A P:nvUbdizc  $00:9AA2: AA       TAX
f19     c539794      i55964407    A:38 X:38 Y:03 S:4A P:nvUbdizc  $00:9AA3: BD A2 9E LDA $9EA2,X @ $9EDA = #$30
f19     c539798      i55964408    A:30 X:38 Y:03 S:4A P:nvUbdizc  $00:9AA6: 85 E6    STA $E6 = #$00
f19     c539801      i55964409    A:30 X:38 Y:03 S:4A P:nvUbdizc  $00:9AA8: B9 2A 06 LDA $062A,Y @ $062D = #$30
f19     c539805      i55964410    A:30 X:38 Y:03 S:4A P:nvUbdizc  $00:9AAB: 29 0F    AND #$0F
f19     c539807      i55964411    A:00 X:38 Y:03 S:4A P:nvUbdiZc  $00:9AAD: 05 E6    ORA $E6 = #$30
f19     c539810      i55964412    A:30 X:38 Y:03 S:4A P:nvUbdizc  $00:9AAF: A6 E7    LDX $E7 = #$06
f19     c539813      i55964413    A:30 X:06 Y:03 S:4A P:nvUbdizc  $00:9AB1: 9D E8 05 STA $05E8,X @ $05EE = #$30
f22     c628958      i55992656    A:00 X:0B Y:00 S:4A P:nvUbdiZc  $00:9AA8: B9 2A 06 LDA $062A,Y @ $062A = #$0F
f22     c628962      i55992657    A:0F X:0B Y:00 S:4A P:nvUbdizc  $00:9AAB: 29 0F    AND #$0F
f22     c628964      i55992658    A:0F X:0B Y:00 S:4A P:nvUbdizc  $00:9AAD: 05 E6    ORA $E6 = #$00
f22     c628967      i55992659    A:0F X:0B Y:00 S:4A P:nvUbdizc  $00:9AAF: A6 E7    LDX $E7 = #$03
f22     c628970      i55992660    A:0F X:03 Y:00 S:4A P:nvUbdizc  $00:9AB1: 9D E8 05 STA $05E8,X @ $05EB = #$0F
f22     c628975      i55992661    A:0F X:03 Y:00 S:4A P:nvUbdizc  $00:9AB4: E6 E7    INC $E7 = #$03
f22     c628980      i55992662    A:0F X:03 Y:00 S:4A P:nvUbdizc  $00:9AB6: C8       INY
f22     c628982      i55992663    A:0F X:03 Y:01 S:4A P:nvUbdizc  $00:9AB7: 60       RTS (from $9AA2)
f22     c628988      i55992664    A:0F X:03 Y:01 S:4C P:nvUbdizc  $00:9A89: C0 10    CPY #$10
f22     c628990      i55992665    A:0F X:03 Y:01 S:4C P:NvUbdizc  $00:9A8B: D0 F1    BNE $9A7E
f22     c628993      i55992666    A:0F X:03 Y:01 S:4C P:NvUbdizc  $00:9A7E: B9 2A 06 LDA $062A,Y @ $062B = #$16
f22     c628997      i55992667    A:16 X:03 Y:01 S:4C P:nvUbdizc  $00:9A81: 29 30    AND #$30
f22     c628999      i55992668    A:10 X:03 Y:01 S:4C P:nvUbdizc  $00:9A83: 18       CLC
f22     c629001      i55992669    A:10 X:03 Y:01 S:4C P:nvUbdizc  $00:9A84: 65 4A    ADC $4A = #$0B
f22     c629004      i55992670    A:1B X:03 Y:01 S:4C P:nvUbdizc  $00:9A86: 20 A2 9A JSR $9AA2
f22     c629010      i55992671    A:1B X:03 Y:01 S:4A P:nvUbdizc  $00:9AA2: AA       TAX
f22     c629012      i55992672    A:1B X:1B Y:01 S:4A P:nvUbdizc  $00:9AA3: BD A2 9E LDA $9EA2,X @ $9EBD = #$30
f22     c629016      i55992673    A:30 X:1B Y:01 S:4A P:nvUbdizc  $00:9AA6: 85 E6    STA $E6 = #$00
f22     c629019      i55992674    A:30 X:1B Y:01 S:4A P:nvUbdizc  $00:9AA8: B9 2A 06 LDA $062A,Y @ $062B = #$16
f22     c629023      i55992675    A:16 X:1B Y:01 S:4A P:nvUbdizc  $00:9AAB: 29 0F    AND #$0F
f22     c629025      i55992676    A:06 X:1B Y:01 S:4A P:nvUbdizc  $00:9AAD: 05 E6    ORA $E6 = #$30
f22     c629028      i55992677    A:36 X:1B Y:01 S:4A P:nvUbdizc  $00:9AAF: A6 E7    LDX $E7 = #$04
f22     c629031      i55992678    A:36 X:04 Y:01 S:4A P:nvUbdizc  $00:9AB1: 9D E8 05 STA $05E8,X @ $05EC = #$36
f22     c629036      i55992679    A:36 X:04 Y:01 S:4A P:nvUbdizc  $00:9AB4: E6 E7    INC $E7 = #$04
f22     c629041      i55992680    A:36 X:04 Y:01 S:4A P:nvUbdizc  $00:9AB6: C8       INY
f22     c629043      i55992681    A:36 X:04 Y:02 S:4A P:nvUbdizc  $00:9AB7: 60       RTS (from $9AA2)
f22     c629049      i55992682    A:36 X:04 Y:02 S:4C P:nvUbdizc  $00:9A89: C0 10    CPY #$10
f22     c629051      i55992683    A:36 X:04 Y:02 S:4C P:NvUbdizc  $00:9A8B: D0 F1    BNE $9A7E
f22     c629054      i55992684    A:36 X:04 Y:02 S:4C P:NvUbdizc  $00:9A7E: B9 2A 06 LDA $062A,Y @ $062C = #$00
f22     c629058      i55992685    A:00 X:04 Y:02 S:4C P:nvUbdiZc  $00:9A81: 29 30    AND #$30
f22     c629060      i55992686    A:00 X:04 Y:02 S:4C P:nvUbdiZc  $00:9A83: 18       CLC
f22     c629062      i55992687    A:00 X:04 Y:02 S:4C P:nvUbdiZc  $00:9A84: 65 4A    ADC $4A = #$0B
f22     c629065      i55992688    A:0B X:04 Y:02 S:4C P:nvUbdizc  $00:9A86: 20 A2 9A JSR $9AA2
f22     c629071      i55992689    A:0B X:04 Y:02 S:4A P:nvUbdizc  $00:9AA2: AA       TAX
f22     c629073      i55992690    A:0B X:0B Y:02 S:4A P:nvUbdizc  $00:9AA3: BD A2 9E LDA $9EA2,X @ $9EAD = #$00
f22     c629077      i55992691    A:00 X:0B Y:02 S:4A P:nvUbdiZc  $00:9AA6: 85 E6    STA $E6 = #$30
f22     c629080      i55992692    A:00 X:0B Y:02 S:4A P:nvUbdiZc  $00:9AA8: B9 2A 06 LDA $062A,Y @ $062C = #$00
f22     c629084      i55992693    A:00 X:0B Y:02 S:4A P:nvUbdiZc  $00:9AAB: 29 0F    AND #$0F
f22     c629086      i55992694    A:00 X:0B Y:02 S:4A P:nvUbdiZc  $00:9AAD: 05 E6    ORA $E6 = #$00
f22     c629089      i55992695    A:00 X:0B Y:02 S:4A P:nvUbdiZc  $00:9AAF: A6 E7    LDX $E7 = #$05
f22     c629092      i55992696    A:00 X:05 Y:02 S:4A P:nvUbdizc  $00:9AB1: 9D E8 05 STA $05E8,X @ $05ED = #$00
f22     c642338      i55996836    A:40 X:19 Y:00 S:E0 P:nvUbdizC  $00:9F06: 10 FC    BPL $9F04
f22     c642341      i55996837    A:40 X:19 Y:00 S:E0 P:nvUbdizC  $00:9F04: A5 1B    LDA $1B = #$40
f22     c642344      i55996838    A:40 X:19 Y:00 S:E0 P:nvUbdizC  $00:9F06: 10 FC    BPL $9F04
f22     c642347      i55996839    A:40 X:19 Y:00 S:E0 P:nvUbdizC  $00:9F04: A5 1B    LDA $1B = #$40
f22     c642350      i55996840    A:40 X:19 Y:00 S:E0 P:nvUbdizC  $00:9F06: 10 FC    BPL $9F04
f22     c642353      i55996841    A:40 X:19 Y:00 S:E0 P:nvUbdizC  $00:9F04: A5 1B    LDA $1B = #$40
f22     c642356      i55996842    A:40 X:19 Y:00 S:E0 P:nvUbdizC  $00:9F06: 10 FC    BPL $9F04
f22     c642359      i55996843    A:40 X:19 Y:00 S:E0 P:nvUbdizC  $00:9F04: A5 1B    LDA $1B = #$40
f22     c642362      i55996844    A:40 X:19 Y:00 S:E0 P:nvUbdizC  $00:9F06: 10 FC    BPL $9F04
f22     c642365      i55996845    A:40 X:19 Y:00 S:E0 P:nvUbdizC  $00:9F04: A5 1B    LDA $1B = #$40
f22     c642368      i55996846    A:40 X:19 Y:00 S:E0 P:nvUbdizC  $00:9F06: 10 FC    BPL $9F04
f22     c642371      i55996847    A:40 X:19 Y:00 S:E0 P:nvUbdizC  $00:9F04: A5 1B    LDA $1B = #$40
f22     c642374      i55996848    A:40 X:19 Y:00 S:E0 P:nvUbdizC  $00:9F06: 10 FC    BPL $9F04
f22     c642377      i55996849    A:40 X:19 Y:00 S:E0 P:nvUbdizC  $00:9F04: A5 1B    LDA $1B = #$40
f22     c642380      i55996850    A:40 X:19 Y:00 S:E0 P:nvUbdizC  $00:9F06: 10 FC    BPL $9F04
f22     c642383      i55996851    A:40 X:19 Y:00 S:E0 P:nvUbdizC  $00:9F04: A5 1B    LDA $1B = #$40
f22     c642386      i55996852    A:40 X:19 Y:00 S:E0 P:nvUbdizC  $00:9F06: 10 FC    BPL $9F04
f22     c642389      i55996853    A:40 X:19 Y:00 S:E0 P:nvUbdizC  $00:9F04: A5 1B    LDA $1B = #$40
f22     c642392      i55996854    A:40 X:19 Y:00 S:E0 P:nvUbdizC  $00:9F06: 10 FC    BPL $9F04
f22     c642395      i55996855    A:40 X:19 Y:00 S:E0 P:nvUbdizC  $00:9F04: A5 1B    LDA $1B = #$40
f22     c642398      i55996856    A:40 X:19 Y:00 S:E0 P:nvUbdizC  $00:9F06: 10 FC    BPL $9F04
f22     c642401      i55996857    A:40 X:19 Y:00 S:E0 P:nvUbdizC  $00:9F04: A5 1B    LDA $1B = #$40
f22     c642404      i55996858    A:40 X:19 Y:00 S:E0 P:nvUbdizC  $00:9F06: 10 FC    BPL $9F04
f22     c642407      i55996859    A:40 X:19 Y:00 S:E0 P:nvUbdizC  $00:9F04: A5 1B    LDA $1B = #$40
f22     c642410      i55996860    A:40 X:19 Y:00 S:E0 P:nvUbdizC  $00:9F06: 10 FC    BPL $9F04
f22     c642413      i55996861    A:40 X:19 Y:00 S:E0 P:nvUbdizC  $00:9F04: A5 1B    LDA $1B = #$40
f22     c642423      i55996862    A:40 X:19 Y:00 S:DD P:nvUbdIzC  $0F:C506: 4C 21 C8 JMP $C821
f22     c642426      i55996863    A:40 X:19 Y:00 S:DD P:nvUbdIzC  $0F:C821: 24 1B    BIT $1B = #$40
f22     c642429      i55996864    A:40 X:19 Y:00 S:DD P:nVUbdIzC  $0F:C823: 50 03    BVC $C828
f22     c642431      i55996865    A:40 X:19 Y:00 S:DD P:nVUbdIzC  $0F:C825: 4C 78 C4 JMP $C478
f22     c642434      i55996866    A:40 X:19 Y:00 S:DD P:nVUbdIzC  $0F:C478: 24 3B    BIT $3B = #$55
f22     c642437      i55996867    A:40 X:19 Y:00 S:DD P:nVUbdIzC  $0F:C47A: 30 32    BMI $C4AE
f22     c642439      i55996868    A:40 X:19 Y:00 S:DD P:nVUbdIzC  $0F:C47C: 38       SEC
f22     c642441      i55996869    A:40 X:19 Y:00 S:DD P:nVUbdIzC  $0F:C47D: 66 3B    ROR $3B = #$55
f22     c642446      i55996870    A:40 X:19 Y:00 S:DD P:NVUbdIzC  $0F:C47F: 85 3C    STA $3C = #$40
f22     c642449      i55996871    A:40 X:19 Y:00 S:DD P:NVUbdIzC  $0F:C481: 86 3D    STX $3D = #$19
f22     c642452      i55996872    A:40 X:19 Y:00 S:DD P:NVUbdIzC  $0F:C483: 84 3E    STY $3E = #$00
f22     c642455      i55996873    A:40 X:19 Y:00 S:DD P:NVUbdIzC  $0F:C485: A5 22    LDA $22 = #$00
f22     c642458      i55996874    A:00 X:19 Y:00 S:DD P:nVUbdIZC  $0F:C487: 09 07    ORA #$07
f22     c642460      i55996875    A:07 X:19 Y:00 S:DD P:nVUbdIzC  $0F:C489: 8D 00 80 STA $8000 = #$A5
f22     c642464      i55996876    A:07 X:19 Y:00 S:DD P:nVUbdIzC  $0F:C48C: A9 02    LDA #$02
f22     c642466      i55996877    A:02 X:19 Y:00 S:DD P:nVUbdIzC  $0F:C48E: 8D 01 80 STA $8001 = #$27
f23     c656699      i56001429    A:00 X:02 Y:07 S:DB P:nvUbdIzc  $01:A0ED: BD 15 40 LDA $4015,X @ $4017 = #$01
f23     c656703      i56001430    A:40 X:02 Y:07 S:DB P:nvUbdIzc  $01:A0F0: 4A       LSR
f23     c656705      i56001431    A:20 X:02 Y:07 S:DB P:nvUbdIzc  $01:A0F1: 26 3F    ROL $3F = #$00
f23     c656710      i56001432    A:20 X:02 Y:07 S:DB P:nvUbdIZc  $01:A0F3: 29 01    AND #$01
f23     c656712      i56001433    A:00 X:02 Y:07 S:DB P:nvUbdIZc  $01:A0F5: 05 3F    ORA $3F = #$00
f23     c656715      i56001434    A:00 X:02 Y:07 S:DB P:nvUbdIZc  $01:A0F7: 85 3F    STA $3F = #$00
f23     c656718      i56001435    A:00 X:02 Y:07 S:DB P:nvUbdIZc  $01:A0F9: 88       DEY
f23     c656720      i56001436    A:00 X:02 Y:06 S:DB P:nvUbdIzc  $01:A0FA: D0 F1    BNE $A0ED
f23     c656723      i56001437    A:00 X:02 Y:06 S:DB P:nvUbdIzc  $01:A0ED: BD 15 40 LDA $4015,X @ $4017 = #$01
f23     c656727      i56001438    A:40 X:02 Y:06 S:DB P:nvUbdIzc  $01:A0F0: 4A       LSR
f23     c656729      i56001439    A:20 X:02 Y:06 S:DB P:nvUbdIzc  $01:A0F1: 26 3F    ROL $3F = #$00
f23     c656734      i56001440    A:20 X:02 Y:06 S:DB P:nvUbdIZc  $01:A0F3: 29 01    AND #$01
f23     c656736      i56001441    A:00 X:02 Y:06 S:DB P:nvUbdIZc  $01:A0F5: 05 3F    ORA $3F = #$00
f23     c656739      i56001442    A:00 X:02 Y:06 S:DB P:nvUbdIZc  $01:A0F7: 85 3F    STA $3F = #$00
f23     c656742      i56001443    A:00 X:02 Y:06 S:DB P:nvUbdIZc  $01:A0F9: 88       DEY
f23     c656744      i56001444    A:00 X:02 Y:05 S:DB P:nvUbdIzc  $01:A0FA: D0 F1    BNE $A0ED
f23     c656747      i56001445    A:00 X:02 Y:05 S:DB P:nvUbdIzc  $01:A0ED: BD 15 40 LDA $4015,X @ $4017 = #$01
f23     c656751      i56001446    A:40 X:02 Y:05 S:DB P:nvUbdIzc  $01:A0F0: 4A       LSR
f23     c656753      i56001447    A:20 X:02 Y:05 S:DB P:nvUbdIzc  $01:A0F1: 26 3F    ROL $3F = #$00
f23     c656758      i56001448    A:20 X:02 Y:05 S:DB P:nvUbdIZc  $01:A0F3: 29 01    AND #$01
f23     c656760      i56001449    A:00 X:02 Y:05 S:DB P:nvUbdIZc  $01:A0F5: 05 3F    ORA $3F = #$00
f23     c656763      i56001450    A:00 X:02 Y:05 S:DB P:nvUbdIZc  $01:A0F7: 85 3F    STA $3F = #$00
f23     c656766      i56001451    A:00 X:02 Y:05 S:DB P:nvUbdIZc  $01:A0F9: 88       DEY
f23     c656768      i56001452    A:00 X:02 Y:04 S:DB P:nvUbdIzc  $01:A0FA: D0 F1    BNE $A0ED
f23     c656771      i56001453    A:00 X:02 Y:04 S:DB P:nvUbdIzc  $01:A0ED: BD 15 40 LDA $4015,X @ $4017 = #$01
f23     c656775      i56001454    A:40 X:02 Y:04 S:DB P:nvUbdIzc  $01:A0F0: 4A       LSR
f23     c656777      i56001455    A:20 X:02 Y:04 S:DB P:nvUbdIzc  $01:A0F1: 26 3F    ROL $3F = #$00
f23     c656782      i56001456    A:20 X:02 Y:04 S:DB P:nvUbdIZc  $01:A0F3: 29 01    AND #$01
f23     c656784      i56001457    A:00 X:02 Y:04 S:DB P:nvUbdIZc  $01:A0F5: 05 3F    ORA $3F = #$00
f23     c656787      i56001458    A:00 X:02 Y:04 S:DB P:nvUbdIZc  $01:A0F7: 85 3F    STA $3F = #$00
f23     c656790      i56001459    A:00 X:02 Y:04 S:DB P:nvUbdIZc  $01:A0F9: 88       DEY
f23     c656792      i56001460    A:00 X:02 Y:03 S:DB P:nvUbdIzc  $01:A0FA: D0 F1    BNE $A0ED
f23     c656795      i56001461    A:00 X:02 Y:03 S:DB P:nvUbdIzc  $01:A0ED: BD 15 40 LDA $4015,X @ $4017 = #$01
f23     c656799      i56001462    A:40 X:02 Y:03 S:DB P:nvUbdIzc  $01:A0F0: 4A       LSR
f23     c656801      i56001463    A:20 X:02 Y:03 S:DB P:nvUbdIzc  $01:A0F1: 26 3F    ROL $3F = #$00
f23     c656806      i56001464    A:20 X:02 Y:03 S:DB P:nvUbdIZc  $01:A0F3: 29 01    AND #$01
f23     c656808      i56001465    A:00 X:02 Y:03 S:DB P:nvUbdIZc  $01:A0F5: 05 3F    ORA $3F = #$00
f23     c656811      i56001466    A:00 X:02 Y:03 S:DB P:nvUbdIZc  $01:A0F7: 85 3F    STA $3F = #$00
f23     c656814      i56001467    A:00 X:02 Y:03 S:DB P:nvUbdIZc  $01:A0F9: 88       DEY
f23     c656816      i56001468    A:00 X:02 Y:02 S:DB P:nvUbdIzc  $01:A0FA: D0 F1    BNE $A0ED
f23     c656819      i56001469    A:00 X:02 Y:02 S:DB P:nvUbdIzc  $01:A0ED: BD 15 40 LDA $4015,X @ $4017 = #$01
f23     c656823      i56001470    A:40 X:02 Y:02 S:DB P:nvUbdIzc  $01:A0F0: 4A       LSR
f24     c688520      i56011524    A:00 X:0D Y:00 S:4A P:nvUbdiZc  $00:9AA8: B9 2A 06 LDA $062A,Y @ $062A = #$0F
f24     c688524      i56011525    A:0F X:0D Y:00 S:4A P:nvUbdizc  $00:9AAB: 29 0F    AND #$0F
f24     c688526      i56011526    A:0F X:0D Y:00 S:4A P:nvUbdizc  $00:9AAD: 05 E6    ORA $E6 = #$00
f24     c688529      i56011527    A:0F X:0D Y:00 S:4A P:nvUbdizc  $00:9AAF: A6 E7    LDX $E7 = #$03
f24     c688532      i56011528    A:0F X:03 Y:00 S:4A P:nvUbdizc  $00:9AB1: 9D E8 05 STA $05E8,X @ $05EB = #$0F
f24     c688537      i56011529    A:0F X:03 Y:00 S:4A P:nvUbdizc  $00:9AB4: E6 E7    INC $E7 = #$03
f24     c688542      i56011530    A:0F X:03 Y:00 S:4A P:nvUbdizc  $00:9AB6: C8       INY
f24     c688544      i56011531    A:0F X:03 Y:01 S:4A P:nvUbdizc  $00:9AB7: 60       RTS (from $9AA2)
f24     c688550      i56011532    A:0F X:03 Y:01 S:4C P:nvUbdizc  $00:9A89: C0 10    CPY #$10
f24     c688552      i56011533    A:0F X:03 Y:01 S:4C P:NvUbdizc  $00:9A8B: D0 F1    BNE $9A7E
f24     c688555      i56011534    A:0F X:03 Y:01 S:4C P:NvUbdizc  $00:9A7E: B9 2A 06 LDA $062A,Y @ $062B = #$16
f24     c688559      i56011535    A:16 X:03 Y:01 S:4C P:nvUbdizc  $00:9A81: 29 30    AND #$30
f24     c688561      i56011536    A:10 X:03 Y:01 S:4C P:nvUbdizc  $00:9A83: 18       CLC
f24     c688563      i56011537    A:10 X:03 Y:01 S:4C P:nvUbdizc  $00:9A84: 65 4A    ADC $4A = #$0D
f24     c688566      i56011538    A:1D X:03 Y:01 S:4C P:nvUbdizc  $00:9A86: 20 A2 9A JSR $9AA2
f24     c688572      i56011539    A:1D X:03 Y:01 S:4A P:nvUbdizc  $00:9AA2: AA       TAX
f24     c688574      i56011540    A:1D X:1D Y:01 S:4A P:nvUbdizc  $00:9AA3: BD A2 9E LDA $9EA2,X @ $9EBF = #$20
f24     c688578      i56011541    A:20 X:1D Y:01 S:4A P:nvUbdizc  $00:9AA6: 85 E6    STA $E6 = #$00
f24     c688581      i56011542    A:20 X:1D Y:01 S:4A P:nvUbdizc  $00:9AA8: B9 2A 06 LDA $062A,Y @ $062B = #$16
f24     c688585      i56011543    A:16 X:1D Y:01 S:4A P:nvUbdizc  $00:9AAB: 29 0F    AND #$0F
f24     c688587      i56011544    A:06 X:1D Y:01 S:4A P:nvUbdizc  $00:9AAD: 05 E6    ORA $E6 = #$20
f24     c688590      i56011545    A:26 X:1D Y:01 S:4A P:nvUbdizc  $00:9AAF: A6 E7    LDX $E7 = #$04
f24     c688593      i56011546    A:26 X:04 Y:01 S:4A P:nvUbdizc  $00:9AB1: 9D E8 05 STA $05E8,X @ $05EC = #$26
f24     c688598      i56011547    A:26 X:04 Y:01 S:4A P:nvUbdizc  $00:9AB4: E6 E7    INC $E7 = #$04
f24     c688603      i56011548    A:26 X:04 Y:01 S:4A P:nvUbdizc  $00:9AB6: C8       INY
f24     c688605      i56011549    A:26 X:04 Y:02 S:4A P:nvUbdizc  $00:9AB7: 60       RTS (from $9AA2)
f24     c688611      i56011550    A:26 X:04 Y:02 S:4C P:nvUbdizc  $00:9A89: C0 10    CPY #$10
f24     c688613      i56011551    A:26 X:04 Y:02 S:4C P:NvUbdizc  $00:9A8B: D0 F1    BNE $9A7E
f24     c688616      i56011552    A:26 X:04 Y:02 S:4C P:NvUbdizc  $00:9A7E: B9 2A 06 LDA $062A,Y @ $062C = #$00
f24     c688620      i56011553    A:00 X:04 Y:02 S:4C P:nvUbdiZc  $00:9A81: 29 30    AND #$30
f24     c688622      i56011554    A:00 X:04 Y:02 S:4C P:nvUbdiZc  $00:9A83: 18       CLC
f24     c688624      i56011555    A:00 X:04 Y:02 S:4C P:nvUbdiZc  $00:9A84: 65 4A    ADC $4A = #$0D
f24     c688627      i56011556    A:0D X:04 Y:02 S:4C P:nvUbdizc  $00:9A86: 20 A2 9A JSR $9AA2
f24     c688633      i56011557    A:0D X:04 Y:02 S:4A P:nvUbdizc  $00:9AA2: AA       TAX
f24     c688635      i56011558    A:0D X:0D Y:02 S:4A P:nvUbdizc  $00:9AA3: BD A2 9E LDA $9EA2,X @ $9EAF = #$00
f24     c688639      i56011559    A:00 X:0D Y:02 S:4A P:nvUbdiZc  $00:9AA6: 85 E6    STA $E6 = #$20
f24     c688642      i56011560    A:00 X:0D Y:02 S:4A P:nvUbdiZc  $00:9AA8: B9 2A 06 LDA $062A,Y @ $062C = #$00
f24     c688646      i56011561    A:00 X:0D Y:02 S:4A P:nvUbdiZc  $00:9AAB: 29 0F    AND #$0F
f24     c688648      i56011562    A:00 X:0D Y:02 S:4A P:nvUbdiZc  $00:9AAD: 05 E6    ORA $E6 = #$00
f24     c688651      i56011563    A:00 X:0D Y:02 S:4A P:nvUbdiZc  $00:9AAF: A6 E7    LDX $E7 = #$05
f24     c688654      i56011564    A:00 X:05 Y:02 S:4A P:nvUbdizc  $00:9AB1: 9D E8 05 STA $05E8,X @ $05ED = #$00
f24     c701900      i56015704    A:40 X:19 Y:00 S:E0 P:nvUbdizC  $00:9F06: 10 FC    BPL $9F04
f24     c701903      i56015705    A:40 X:19 Y:00 S:E0 P:nvUbdizC  $00:9F04: A5 1B    LDA $1B = #$40
f24     c701906      i56015706    A:40 X:19 Y:00 S:E0 P:nvUbdizC  $00:9F06: 10 FC    BPL $9F04
f24     c701909      i56015707    A:40 X:19 Y:00 S:E0 P:nvUbdizC  $00:9F04: A5 1B    LDA $1B = #$40
f24     c701912      i56015708    A:40 X:19 Y:00 S:E0 P:nvUbdizC  $00:9F06: 10 FC    BPL $9F04
f24     c701915      i56015709    A:40 X:19 Y:00 S:E0 P:nvUbdizC  $00:9F04: A5 1B    LDA $1B = #$40
f24     c701918      i56015710    A:40 X:19 Y:00 S:E0 P:nvUbdizC  $00:9F06: 10 FC    BPL $9F04
f24     c701921      i56015711    A:40 X:19 Y:00 S:E0 P:nvUbdizC  $00:9F04: A5 1B    LDA $1B = #$40
f24     c701924      i56015712    A:40 X:19 Y:00 S:E0 P:nvUbdizC  $00:9F06: 10 FC    BPL $9F04
f24     c701927      i56015713    A:40 X:19 Y:00 S:E0 P:nvUbdizC  $00:9F04: A5 1B    LDA $1B = #$40
f24     c701930      i56015714    A:40 X:19 Y:00 S:E0 P:nvUbdizC  $00:9F06: 10 FC    BPL $9F04
f24     c701933      i56015715    A:40 X:19 Y:00 S:E0 P:nvUbdizC  $00:9F04: A5 1B    LDA $1B = #$40
f24     c701936      i56015716    A:40 X:19 Y:00 S:E0 P:nvUbdizC  $00:9F06: 10 FC    BPL $9F04
f24     c701939      i56015717    A:40 X:19 Y:00 S:E0 P:nvUbdizC  $00:9F04: A5 1B    LDA $1B = #$40
f24     c701942      i56015718    A:40 X:19 Y:00 S:E0 P:nvUbdizC  $00:9F06: 10 FC    BPL $9F04
f24     c701945      i56015719    A:40 X:19 Y:00 S:E0 P:nvUbdizC  $00:9F04: A5 1B    LDA $1B = #$40
f24     c701948      i56015720    A:40 X:19 Y:00 S:E0 P:nvUbdizC  $00:9F06: 10 FC    BPL $9F04
f24     c701951      i56015721    A:40 X:19 Y:00 S:E0 P:nvUbdizC  $00:9F04: A5 1B    LDA $1B = #$40
f24     c701954      i56015722    A:40 X:19 Y:00 S:E0 P:nvUbdizC  $00:9F06: 10 FC    BPL $9F04
f24     c701957      i56015723    A:40 X:19 Y:00 S:E0 P:nvUbdizC  $00:9F04: A5 1B    LDA $1B = #$40
f24     c701960      i56015724    A:40 X:19 Y:00 S:E0 P:nvUbdizC  $00:9F06: 10 FC    BPL $9F04
f24     c701963      i56015725    A:40 X:19 Y:00 S:E0 P:nvUbdizC  $00:9F04: A5 1B    LDA $1B = #$40
f24     c701966      i56015726    A:40 X:19 Y:00 S:E0 P:nvUbdizC  $00:9F06: 10 FC    BPL $9F04
f24     c701969      i56015727    A:40 X:19 Y:00 S:E0 P:nvUbdizC  $00:9F04: A5 1B    LDA $1B = #$40
f24     c701972      i56015728    A:40 X:19 Y:00 S:E0 P:nvUbdizC  $00:9F06: 10 FC    BPL $9F04
f24     c701975      i56015729    A:40 X:19 Y:00 S:E0 P:nvUbdizC  $00:9F04: A5 1B    LDA $1B = #$40
f24     c701985      i56015730    A:40 X:19 Y:00 S:DD P:nvUbdIzC  $0F:C506: 4C 21 C8 JMP $C821
f24     c701988      i56015731    A:40 X:19 Y:00 S:DD P:nvUbdIzC  $0F:C821: 24 1B    BIT $1B = #$40
f24     c701991      i56015732    A:40 X:19 Y:00 S:DD P:nVUbdIzC  $0F:C823: 50 03    BVC $C828
f24     c701993      i56015733    A:40 X:19 Y:00 S:DD P:nVUbdIzC  $0F:C825: 4C 78 C4 JMP $C478
f24     c701996      i56015734    A:40 X:19 Y:00 S:DD P:nVUbdIzC  $0F:C478: 24 3B    BIT $3B = #$55
f24     c701999      i56015735    A:40 X:19 Y:00 S:DD P:nVUbdIzC  $0F:C47A: 30 32    BMI $C4AE
f24     c702001      i56015736    A:40 X:19 Y:00 S:DD P:nVUbdIzC  $0F:C47C: 38       SEC
f24     c702003      i56015737    A:40 X:19 Y:00 S:DD P:nVUbdIzC  $0F:C47D: 66 3B    ROR $3B = #$55
f24     c702008      i56015738    A:40 X:19 Y:00 S:DD P:NVUbdIzC  $0F:C47F: 85 3C    STA $3C = #$40
f24     c702011      i56015739    A:40 X:19 Y:00 S:DD P:NVUbdIzC  $0F:C481: 86 3D    STX $3D = #$19
f24     c702014      i56015740    A:40 X:19 Y:00 S:DD P:NVUbdIzC  $0F:C483: 84 3E    STY $3E = #$00
f24     c702017      i56015741    A:40 X:19 Y:00 S:DD P:NVUbdIzC  $0F:C485: A5 22    LDA $22 = #$00
f24     c702020      i56015742    A:00 X:19 Y:00 S:DD P:nVUbdIZC  $0F:C487: 09 07    ORA #$07
f24     c702022      i56015743    A:07 X:19 Y:00 S:DD P:nVUbdIzC  $0F:C489: 8D 00 80 STA $8000 = #$A5
f24     c702026      i56015744    A:07 X:19 Y:00 S:DD P:nVUbdIzC  $0F:C48C: A9 02    LDA #$02
f24     c702028      i56015745    A:02 X:19 Y:00 S:DD P:nVUbdIzC  $0F:C48E: 8D 01 80 STA $8001 = #$27
f25     c716261      i56020297    A:00 X:02 Y:07 S:DB P:nvUbdIzc  $01:A0ED: BD 15 40 LDA $4015,X @ $4017 = #$01
f25     c716265      i56020298    A:40 X:02 Y:07 S:DB P:nvUbdIzc  $01:A0F0: 4A       LSR
f25     c716267      i56020299    A:20 X:02 Y:07 S:DB P:nvUbdIzc  $01:A0F1: 26 3F    ROL $3F = #$00
f25     c716272      i56020300    A:20 X:02 Y:07 S:DB P:nvUbdIZc  $01:A0F3: 29 01    AND #$01
f25     c716274      i56020301    A:00 X:02 Y:07 S:DB P:nvUbdIZc  $01:A0F5: 05 3F    ORA $3F = #$00
f25     c716277      i56020302    A:00 X:02 Y:07 S:DB P:nvUbdIZc  $01:A0F7: 85 3F    STA $3F = #$00
f25     c716280      i56020303    A:00 X:02 Y:07 S:DB P:nvUbdIZc  $01:A0F9: 88       DEY
f25     c716282      i56020304    A:00 X:02 Y:06 S:DB P:nvUbdIzc  $01:A0FA: D0 F1    BNE $A0ED
f25     c716285      i56020305    A:00 X:02 Y:06 S:DB P:nvUbdIzc  $01:A0ED: BD 15 40 LDA $4015,X @ $4017 = #$01
f25     c716289      i56020306    A:40 X:02 Y:06 S:DB P:nvUbdIzc  $01:A0F0: 4A       LSR
f25     c716291      i56020307    A:20 X:02 Y:06 S:DB P:nvUbdIzc  $01:A0F1: 26 3F    ROL $3F = #$00
f25     c716296      i56020308    A:20 X:02 Y:06 S:DB P:nvUbdIZc  $01:A0F3: 29 01    AND #$01
f25     c716298      i56020309    A:00 X:02 Y:06 S:DB P:nvUbdIZc  $01:A0F5: 05 3F    ORA $3F = #$00
f25     c716301      i56020310    A:00 X:02 Y:06 S:DB P:nvUbdIZc  $01:A0F7: 85 3F    STA $3F = #$00
f25     c716304      i56020311    A:00 X:02 Y:06 S:DB P:nvUbdIZc  $01:A0F9: 88       DEY
f25     c716306      i56020312    A:00 X:02 Y:05 S:DB P:nvUbdIzc  $01:A0FA: D0 F1    BNE $A0ED
f25     c716309      i56020313    A:00 X:02 Y:05 S:DB P:nvUbdIzc  $01:A0ED: BD 15 40 LDA $4015,X @ $4017 = #$01
f25     c716313      i56020314    A:40 X:02 Y:05 S:DB P:nvUbdIzc  $01:A0F0: 4A       LSR
f25     c716315      i56020315    A:20 X:02 Y:05 S:DB P:nvUbdIzc  $01:A0F1: 26 3F    ROL $3F = #$00
f25     c716320      i56020316    A:20 X:02 Y:05 S:DB P:nvUbdIZc  $01:A0F3: 29 01    AND #$01
f25     c716322      i56020317    A:00 X:02 Y:05 S:DB P:nvUbdIZc  $01:A0F5: 05 3F    ORA $3F = #$00
f25     c716325      i56020318    A:00 X:02 Y:05 S:DB P:nvUbdIZc  $01:A0F7: 85 3F    STA $3F = #$00
f25     c716328      i56020319    A:00 X:02 Y:05 S:DB P:nvUbdIZc  $01:A0F9: 88       DEY
f25     c716330      i56020320    A:00 X:02 Y:04 S:DB P:nvUbdIzc  $01:A0FA: D0 F1    BNE $A0ED
f25     c716333      i56020321    A:00 X:02 Y:04 S:DB P:nvUbdIzc  $01:A0ED: BD 15 40 LDA $4015,X @ $4017 = #$01
f25     c716337      i56020322    A:40 X:02 Y:04 S:DB P:nvUbdIzc  $01:A0F0: 4A       LSR
f25     c716339      i56020323    A:20 X:02 Y:04 S:DB P:nvUbdIzc  $01:A0F1: 26 3F    ROL $3F = #$00
f25     c716344      i56020324    A:20 X:02 Y:04 S:DB P:nvUbdIZc  $01:A0F3: 29 01    AND #$01
f25     c716346      i56020325    A:00 X:02 Y:04 S:DB P:nvUbdIZc  $01:A0F5: 05 3F    ORA $3F = #$00
f25     c716349      i56020326    A:00 X:02 Y:04 S:DB P:nvUbdIZc  $01:A0F7: 85 3F    STA $3F = #$00
f25     c716352      i56020327    A:00 X:02 Y:04 S:DB P:nvUbdIZc  $01:A0F9: 88       DEY
f25     c716354      i56020328    A:00 X:02 Y:03 S:DB P:nvUbdIzc  $01:A0FA: D0 F1    BNE $A0ED
f25     c716357      i56020329    A:00 X:02 Y:03 S:DB P:nvUbdIzc  $01:A0ED: BD 15 40 LDA $4015,X @ $4017 = #$01
f25     c716361      i56020330    A:40 X:02 Y:03 S:DB P:nvUbdIzc  $01:A0F0: 4A       LSR
f25     c716363      i56020331    A:20 X:02 Y:03 S:DB P:nvUbdIzc  $01:A0F1: 26 3F    ROL $3F = #$00
f25     c716368      i56020332    A:20 X:02 Y:03 S:DB P:nvUbdIZc  $01:A0F3: 29 01    AND #$01
f25     c716370      i56020333    A:00 X:02 Y:03 S:DB P:nvUbdIZc  $01:A0F5: 05 3F    ORA $3F = #$00
f25     c716373      i56020334    A:00 X:02 Y:03 S:DB P:nvUbdIZc  $01:A0F7: 85 3F    STA $3F = #$00
f25     c716376      i56020335    A:00 X:02 Y:03 S:DB P:nvUbdIZc  $01:A0F9: 88       DEY
f25     c716378      i56020336    A:00 X:02 Y:02 S:DB P:nvUbdIzc  $01:A0FA: D0 F1    BNE $A0ED
f25     c716381      i56020337    A:00 X:02 Y:02 S:DB P:nvUbdIzc  $01:A0ED: BD 15 40 LDA $4015,X @ $4017 = #$01
f25     c716385      i56020338    A:40 X:02 Y:02 S:DB P:nvUbdIzc  $01:A0F0: 4A       LSR
f26     c748082      i56030392    A:00 X:0F Y:00 S:4A P:nvUbdiZc  $00:9AA8: B9 2A 06 LDA $062A,Y @ $062A = #$0F
f26     c748086      i56030393    A:0F X:0F Y:00 S:4A P:nvUbdizc  $00:9AAB: 29 0F    AND #$0F
f26     c748088      i56030394    A:0F X:0F Y:00 S:4A P:nvUbdizc  $00:9AAD: 05 E6    ORA $E6 = #$00
f26     c748091      i56030395    A:0F X:0F Y:00 S:4A P:nvUbdizc  $00:9AAF: A6 E7    LDX $E7 = #$03
f26     c748094      i56030396    A:0F X:03 Y:00 S:4A P:nvUbdizc  $00:9AB1: 9D E8 05 STA $05E8,X @ $05EB = #$0F
f26     c748099      i56030397    A:0F X:03 Y:00 S:4A P:nvUbdizc  $00:9AB4: E6 E7    INC $E7 = #$03
f26     c748104      i56030398    A:0F X:03 Y:00 S:4A P:nvUbdizc  $00:9AB6: C8       INY
f26     c748106      i56030399    A:0F X:03 Y:01 S:4A P:nvUbdizc  $00:9AB7: 60       RTS (from $9AA2)
f26     c748112      i56030400    A:0F X:03 Y:01 S:4C P:nvUbdizc  $00:9A89: C0 10    CPY #$10
f26     c748114      i56030401    A:0F X:03 Y:01 S:4C P:NvUbdizc  $00:9A8B: D0 F1    BNE $9A7E
f26     c748117      i56030402    A:0F X:03 Y:01 S:4C P:NvUbdizc  $00:9A7E: B9 2A 06 LDA $062A,Y @ $062B = #$16
f26     c748121      i56030403    A:16 X:03 Y:01 S:4C P:nvUbdizc  $00:9A81: 29 30    AND #$30
f26     c748123      i56030404    A:10 X:03 Y:01 S:4C P:nvUbdizc  $00:9A83: 18       CLC
f26     c748125      i56030405    A:10 X:03 Y:01 S:4C P:nvUbdizc  $00:9A84: 65 4A    ADC $4A = #$0F
f26     c748128      i56030406    A:1F X:03 Y:01 S:4C P:nvUbdizc  $00:9A86: 20 A2 9A JSR $9AA2
f26     c748134      i56030407    A:1F X:03 Y:01 S:4A P:nvUbdizc  $00:9AA2: AA       TAX
f26     c748136      i56030408    A:1F X:1F Y:01 S:4A P:nvUbdizc  $00:9AA3: BD A2 9E LDA $9EA2,X @ $9EC1 = #$10
f26     c748140      i56030409    A:10 X:1F Y:01 S:4A P:nvUbdizc  $00:9AA6: 85 E6    STA $E6 = #$00
f26     c748143      i56030410    A:10 X:1F Y:01 S:4A P:nvUbdizc  $00:9AA8: B9 2A 06 LDA $062A,Y @ $062B = #$16
f26     c748147      i56030411    A:16 X:1F Y:01 S:4A P:nvUbdizc  $00:9AAB: 29 0F    AND #$0F
f26     c748149      i56030412    A:06 X:1F Y:01 S:4A P:nvUbdizc  $00:9AAD: 05 E6    ORA $E6 = #$10
f26     c748152      i56030413    A:16 X:1F Y:01 S:4A P:nvUbdizc  $00:9AAF: A6 E7    LDX $E7 = #$04
f26     c748155      i56030414    A:16 X:04 Y:01 S:4A P:nvUbdizc  $00:9AB1: 9D E8 05 STA $05E8,X @ $05EC = #$16
f26     c748160      i56030415    A:16 X:04 Y:01 S:4A P:nvUbdizc  $00:9AB4: E6 E7    INC $E7 = #$04
f26     c748165      i56030416    A:16 X:04 Y:01 S:4A P:nvUbdizc  $00:9AB6: C8       INY
f26     c748167      i56030417    A:16 X:04 Y:02 S:4A P:nvUbdizc  $00:9AB7: 60       RTS (from $9AA2)
f26     c748173      i56030418    A:16 X:04 Y:02 S:4C P:nvUbdizc  $00:9A89: C0 10    CPY #$10
f26     c748175      i56030419    A:16 X:04 Y:02 S:4C P:NvUbdizc  $00:9A8B: D0 F1    BNE $9A7E
f26     c748178      i56030420    A:16 X:04 Y:02 S:4C P:NvUbdizc  $00:9A7E: B9 2A 06 LDA $062A,Y @ $062C = #$00
f26     c748182      i56030421    A:00 X:04 Y:02 S:4C P:nvUbdiZc  $00:9A81: 29 30    AND #$30
f26     c748184      i56030422    A:00 X:04 Y:02 S:4C P:nvUbdiZc  $00:9A83: 18       CLC
f26     c748186      i56030423    A:00 X:04 Y:02 S:4C P:nvUbdiZc  $00:9A84: 65 4A    ADC $4A = #$0F
f26     c748189      i56030424    A:0F X:04 Y:02 S:4C P:nvUbdizc  $00:9A86: 20 A2 9A JSR $9AA2
f26     c748195      i56030425    A:0F X:04 Y:02 S:4A P:nvUbdizc  $00:9AA2: AA       TAX
f26     c748197      i56030426    A:0F X:0F Y:02 S:4A P:nvUbdizc  $00:9AA3: BD A2 9E LDA $9EA2,X @ $9EB1 = #$00
f26     c748201      i56030427    A:00 X:0F Y:02 S:4A P:nvUbdiZc  $00:9AA6: 85 E6    STA $E6 = #$10
f26     c748204      i56030428    A:00 X:0F Y:02 S:4A P:nvUbdiZc  $00:9AA8: B9 2A 06 LDA $062A,Y @ $062C = #$00
f26     c748208      i56030429    A:00 X:0F Y:02 S:4A P:nvUbdiZc  $00:9AAB: 29 0F    AND #$0F
f26     c748210      i56030430    A:00 X:0F Y:02 S:4A P:nvUbdiZc  $00:9AAD: 05 E6    ORA $E6 = #$00
f26     c748213      i56030431    A:00 X:0F Y:02 S:4A P:nvUbdiZc  $00:9AAF: A6 E7    LDX $E7 = #$05
f26     c748216      i56030432    A:00 X:05 Y:02 S:4A P:nvUbdizc  $00:9AB1: 9D E8 05 STA $05E8,X @ $05ED = #$00
f26     c761462      i56034572    A:40 X:19 Y:00 S:E0 P:nvUbdizC  $00:9F06: 10 FC    BPL $9F04
f26     c761465      i56034573    A:40 X:19 Y:00 S:E0 P:nvUbdizC  $00:9F04: A5 1B    LDA $1B = #$40
f26     c761468      i56034574    A:40 X:19 Y:00 S:E0 P:nvUbdizC  $00:9F06: 10 FC    BPL $9F04
f26     c761471      i56034575    A:40 X:19 Y:00 S:E0 P:nvUbdizC  $00:9F04: A5 1B    LDA $1B = #$40
f26     c761474      i56034576    A:40 X:19 Y:00 S:E0 P:nvUbdizC  $00:9F06: 10 FC    BPL $9F04
f26     c761477      i56034577    A:40 X:19 Y:00 S:E0 P:nvUbdizC  $00:9F04: A5 1B    LDA $1B = #$40
f26     c761480      i56034578    A:40 X:19 Y:00 S:E0 P:nvUbdizC  $00:9F06: 10 FC    BPL $9F04
f26     c761483      i56034579    A:40 X:19 Y:00 S:E0 P:nvUbdizC  $00:9F04: A5 1B    LDA $1B = #$40
f26     c761486      i56034580    A:40 X:19 Y:00 S:E0 P:nvUbdizC  $00:9F06: 10 FC    BPL $9F04
f26     c761489      i56034581    A:40 X:19 Y:00 S:E0 P:nvUbdizC  $00:9F04: A5 1B    LDA $1B = #$40
f26     c761492      i56034582    A:40 X:19 Y:00 S:E0 P:nvUbdizC  $00:9F06: 10 FC    BPL $9F04
f26     c761495      i56034583    A:40 X:19 Y:00 S:E0 P:nvUbdizC  $00:9F04: A5 1B    LDA $1B = #$40
f26     c761498      i56034584    A:40 X:19 Y:00 S:E0 P:nvUbdizC  $00:9F06: 10 FC    BPL $9F04
f26     c761501      i56034585    A:40 X:19 Y:00 S:E0 P:nvUbdizC  $00:9F04: A5 1B    LDA $1B = #$40
f26     c761504      i56034586    A:40 X:19 Y:00 S:E0 P:nvUbdizC  $00:9F06: 10 FC    BPL $9F04
f26     c761507      i56034587    A:40 X:19 Y:00 S:E0 P:nvUbdizC  $00:9F04: A5 1B    LDA $1B = #$40
f26     c761510      i56034588    A:40 X:19 Y:00 S:E0 P:nvUbdizC  $00:9F06: 10 FC    BPL $9F04
f26     c761513      i56034589    A:40 X:19 Y:00 S:E0 P:nvUbdizC  $00:9F04: A5 1B    LDA $1B = #$40
f26     c761516      i56034590    A:40 X:19 Y:00 S:E0 P:nvUbdizC  $00:9F06: 10 FC    BPL $9F04
f26     c761519      i56034591    A:40 X:19 Y:00 S:E0 P:nvUbdizC  $00:9F04: A5 1B    LDA $1B = #$40
f26     c761522      i56034592    A:40 X:19 Y:00 S:E0 P:nvUbdizC  $00:9F06: 10 FC    BPL $9F04
f26     c761525      i56034593    A:40 X:19 Y:00 S:E0 P:nvUbdizC  $00:9F04: A5 1B    LDA $1B = #$40
f26     c761528      i56034594    A:40 X:19 Y:00 S:E0 P:nvUbdizC  $00:9F06: 10 FC    BPL $9F04
f26     c761531      i56034595    A:40 X:19 Y:00 S:E0 P:nvUbdizC  $00:9F04: A5 1B    LDA $1B = #$40
f26     c761534      i56034596    A:40 X:19 Y:00 S:E0 P:nvUbdizC  $00:9F06: 10 FC    BPL $9F04
f26     c761537      i56034597    A:40 X:19 Y:00 S:E0 P:nvUbdizC  $00:9F04: A5 1B    LDA $1B = #$40
f26     c761547      i56034598    A:40 X:19 Y:00 S:DD P:nvUbdIzC  $0F:C506: 4C 21 C8 JMP $C821
f26     c761550      i56034599    A:40 X:19 Y:00 S:DD P:nvUbdIzC  $0F:C821: 24 1B    BIT $1B = #$40
f26     c761553      i56034600    A:40 X:19 Y:00 S:DD P:nVUbdIzC  $0F:C823: 50 03    BVC $C828
f26     c761555      i56034601    A:40 X:19 Y:00 S:DD P:nVUbdIzC  $0F:C825: 4C 78 C4 JMP $C478
f26     c761558      i56034602    A:40 X:19 Y:00 S:DD P:nVUbdIzC  $0F:C478: 24 3B    BIT $3B = #$55
f26     c761561      i56034603    A:40 X:19 Y:00 S:DD P:nVUbdIzC  $0F:C47A: 30 32    BMI $C4AE
f26     c761563      i56034604    A:40 X:19 Y:00 S:DD P:nVUbdIzC  $0F:C47C: 38       SEC
f26     c761565      i56034605    A:40 X:19 Y:00 S:DD P:nVUbdIzC  $0F:C47D: 66 3B    ROR $3B = #$55
f26     c761570      i56034606    A:40 X:19 Y:00 S:DD P:NVUbdIzC  $0F:C47F: 85 3C    STA $3C = #$40
f26     c761573      i56034607    A:40 X:19 Y:00 S:DD P:NVUbdIzC  $0F:C481: 86 3D    STX $3D = #$19
f26     c761576      i56034608    A:40 X:19 Y:00 S:DD P:NVUbdIzC  $0F:C483: 84 3E    STY $3E = #$00
f26     c761579      i56034609    A:40 X:19 Y:00 S:DD P:NVUbdIzC  $0F:C485: A5 22    LDA $22 = #$00
f26     c761582      i56034610    A:00 X:19 Y:00 S:DD P:nVUbdIZC  $0F:C487: 09 07    ORA #$07
f26     c761584      i56034611    A:07 X:19 Y:00 S:DD P:nVUbdIzC  $0F:C489: 8D 00 80 STA $8000 = #$A5
f26     c761588      i56034612    A:07 X:19 Y:00 S:DD P:nVUbdIzC  $0F:C48C: A9 02    LDA #$02
f26     c761590      i56034613    A:02 X:19 Y:00 S:DD P:nVUbdIzC  $0F:C48E: 8D 01 80 STA $8001 = #$27
f31     c893459      i56076937    A:40 X:19 Y:00 S:E0 P:nvUbdizC  $00:9F04: A5 1B    LDA $1B = #$40
f31     c893462      i56076938    A:40 X:19 Y:00 S:E0 P:nvUbdizC  $00:9F06: 10 FC    BPL $9F04
f31     c893465      i56076939    A:40 X:19 Y:00 S:E0 P:nvUbdizC  $00:9F04: A5 1B    LDA $1B = #$40
f31     c893468      i56076940    A:40 X:19 Y:00 S:E0 P:nvUbdizC  $00:9F06: 10 FC    BPL $9F04
f31     c893471      i56076941    A:40 X:19 Y:00 S:E0 P:nvUbdizC  $00:9F04: A5 1B    LDA $1B = #$40
f31     c893474      i56076942    A:40 X:19 Y:00 S:E0 P:nvUbdizC  $00:9F06: 10 FC    BPL $9F04
f31     c893477      i56076943    A:40 X:19 Y:00 S:E0 P:nvUbdizC  $00:9F04: A5 1B    LDA $1B = #$40
f31     c893480      i56076944    A:40 X:19 Y:00 S:E0 P:nvUbdizC  $00:9F06: 10 FC    BPL $9F04
f31     c893483      i56076945    A:40 X:19 Y:00 S:E0 P:nvUbdizC  $00:9F04: A5 1B    LDA $1B = #$40
f31     c893486      i56076946    A:40 X:19 Y:00 S:E0 P:nvUbdizC  $00:9F06: 10 FC    BPL $9F04
f31     c893489      i56076947    A:40 X:19 Y:00 S:E0 P:nvUbdizC  $00:9F04: A5 1B    LDA $1B = #$40
f31     c893492      i56076948    A:40 X:19 Y:00 S:E0 P:nvUbdizC  $00:9F06: 10 FC    BPL $9F04
f31     c893495      i56076949    A:40 X:19 Y:00 S:E0 P:nvUbdizC  $00:9F04: A5 1B    LDA $1B = #$40
f31     c893498      i56076950    A:40 X:19 Y:00 S:E0 P:nvUbdizC  $00:9F06: 10 FC    BPL $9F04
f31     c893501      i56076951    A:40 X:19 Y:00 S:E0 P:nvUbdizC  $00:9F04: A5 1B    LDA $1B = #$40
f31     c893504      i56076952    A:40 X:19 Y:00 S:E0 P:nvUbdizC  $00:9F06: 10 FC    BPL $9F04
f31     c893507      i56076953    A:40 X:19 Y:00 S:E0 P:nvUbdizC  $00:9F04: A5 1B    LDA $1B = #$40
f31     c893510      i56076954    A:40 X:19 Y:00 S:E0 P:nvUbdizC  $00:9F06: 10 FC    BPL $9F04
f31     c893513      i56076955    A:40 X:19 Y:00 S:E0 P:nvUbdizC  $00:9F04: A5 1B    LDA $1B = #$40
f31     c893516      i56076956    A:40 X:19 Y:00 S:E0 P:nvUbdizC  $00:9F06: 10 FC    BPL $9F04
f31     c893519      i56076957    A:40 X:19 Y:00 S:E0 P:nvUbdizC  $00:9F04: A5 1B    LDA $1B = #$40
f31     c893522      i56076958    A:40 X:19 Y:00 S:E0 P:nvUbdizC  $00:9F06: 10 FC    BPL $9F04
f31     c893525      i56076959    A:40 X:19 Y:00 S:E0 P:nvUbdizC  $00:9F04: A5 1B    LDA $1B = #$40
f31     c893528      i56076960    A:40 X:19 Y:00 S:E0 P:nvUbdizC  $00:9F06: 10 FC    BPL $9F04
f31     c893531      i56076961    A:40 X:19 Y:00 S:E0 P:nvUbdizC  $00:9F04: A5 1B    LDA $1B = #$40
f31     c893541      i56076962    A:40 X:19 Y:00 S:DD P:nvUbdIzC  $0F:C500: 4C 6E C7 JMP $C76E
f31     c893544      i56076963    A:40 X:19 Y:00 S:DD P:nvUbdIzC  $0F:C76E: 24 1B    BIT $1B = #$40
f31     c893547      i56076964    A:40 X:19 Y:00 S:DD P:nVUbdIzC  $0F:C770: 50 03    BVC $C775
f31     c893549      i56076965    A:40 X:19 Y:00 S:DD P:nVUbdIzC  $0F:C772: 4C 21 C4 JMP $C421
f31     c893552      i56076966    A:40 X:19 Y:00 S:DD P:nVUbdIzC  $0F:C421: 24 3B    BIT $3B = #$55
f31     c893555      i56076967    A:40 X:19 Y:00 S:DD P:nVUbdIzC  $0F:C423: 30 4D    BMI $C472
f31     c893557      i56076968    A:40 X:19 Y:00 S:DD P:nVUbdIzC  $0F:C425: 38       SEC
f31     c893559      i56076969    A:40 X:19 Y:00 S:DD P:nVUbdIzC  $0F:C426: 66 3B    ROR $3B = #$55
f31     c893564      i56076970    A:40 X:19 Y:00 S:DD P:NVUbdIzC  $0F:C428: 85 3C    STA $3C = #$40
f31     c893567      i56076971    A:40 X:19 Y:00 S:DD P:NVUbdIzC  $0F:C42A: 86 3D    STX $3D = #$19
f31     c893570      i56076972    A:40 X:19 Y:00 S:DD P:NVUbdIzC  $0F:C42C: 84 3E    STY $3E = #$00
f31     c893573      i56076973    A:40 X:19 Y:00 S:DD P:NVUbdIzC  $0F:C42E: A5 22    LDA $22 = #$00
f31     c893576      i56076974    A:00 X:19 Y:00 S:DD P:nVUbdIZC  $0F:C430: 09 07    ORA #$07
f31     c893578      i56076975    A:07 X:19 Y:00 S:DD P:nVUbdIzC  $0F:C432: 8D 00 80 STA $8000 = #$A5
f31     c893582      i56076976    A:07 X:19 Y:00 S:DD P:nVUbdIzC  $0F:C435: A9 02    LDA #$02
f31     c893584      i56076977    A:02 X:19 Y:00 S:DD P:nVUbdIzC  $0F:C437: 8D 01 80 STA $8001 = #$27
f31     c893588      i56076978    A:02 X:19 Y:00 S:DD P:nVUbdIzC  $0F:C43A: 20 00 A0 JSR $A000
f32     c924395      i56086664    A:00 X:01 Y:07 S:DB P:nVUbdIzc  $01:A0ED: BD 15 40 LDA $4015,X @ $4016 = #$00
f32     c924399      i56086665    A:40 X:01 Y:07 S:DB P:nVUbdIzc  $01:A0F0: 4A       LSR
f32     c924401      i56086666    A:20 X:01 Y:07 S:DB P:nVUbdIzc  $01:A0F1: 26 3F    ROL $3F = #$00
f32     c924406      i56086667    A:20 X:01 Y:07 S:DB P:nVUbdIZc  $01:A0F3: 29 01    AND #$01
f32     c924408      i56086668    A:00 X:01 Y:07 S:DB P:nVUbdIZc  $01:A0F5: 05 3F    ORA $3F = #$00
f32     c924411      i56086669    A:00 X:01 Y:07 S:DB P:nVUbdIZc  $01:A0F7: 85 3F    STA $3F = #$00
f32     c924414      i56086670    A:00 X:01 Y:07 S:DB P:nVUbdIZc  $01:A0F9: 88       DEY
f32     c924416      i56086671    A:00 X:01 Y:06 S:DB P:nVUbdIzc  $01:A0FA: D0 F1    BNE $A0ED
f32     c924419      i56086672    A:00 X:01 Y:06 S:DB P:nVUbdIzc  $01:A0ED: BD 15 40 LDA $4015,X @ $4016 = #$00
f32     c924423      i56086673    A:40 X:01 Y:06 S:DB P:nVUbdIzc  $01:A0F0: 4A       LSR
f32     c924425      i56086674    A:20 X:01 Y:06 S:DB P:nVUbdIzc  $01:A0F1: 26 3F    ROL $3F = #$00
f32     c924430      i56086675    A:20 X:01 Y:06 S:DB P:nVUbdIZc  $01:A0F3: 29 01    AND #$01
f32     c924432      i56086676    A:00 X:01 Y:06 S:DB P:nVUbdIZc  $01:A0F5: 05 3F    ORA $3F = #$00
f32     c924435      i56086677    A:00 X:01 Y:06 S:DB P:nVUbdIZc  $01:A0F7: 85 3F    STA $3F = #$00
f32     c924438      i56086678    A:00 X:01 Y:06 S:DB P:nVUbdIZc  $01:A0F9: 88       DEY
f32     c924440      i56086679    A:00 X:01 Y:05 S:DB P:nVUbdIzc  $01:A0FA: D0 F1    BNE $A0ED
f32     c924443      i56086680    A:00 X:01 Y:05 S:DB P:nVUbdIzc  $01:A0ED: BD 15 40 LDA $4015,X @ $4016 = #$00
f32     c924447      i56086681    A:40 X:01 Y:05 S:DB P:nVUbdIzc  $01:A0F0: 4A       LSR
f32     c924449      i56086682    A:20 X:01 Y:05 S:DB P:nVUbdIzc  $01:A0F1: 26 3F    ROL $3F = #$00
f32     c924454      i56086683    A:20 X:01 Y:05 S:DB P:nVUbdIZc  $01:A0F3: 29 01    AND #$01
f32     c924456      i56086684    A:00 X:01 Y:05 S:DB P:nVUbdIZc  $01:A0F5: 05 3F    ORA $3F = #$00
f32     c924459      i56086685    A:00 X:01 Y:05 S:DB P:nVUbdIZc  $01:A0F7: 85 3F    STA $3F = #$00
f32     c924462      i56086686    A:00 X:01 Y:05 S:DB P:nVUbdIZc  $01:A0F9: 88       DEY
f32     c924464      i56086687    A:00 X:01 Y:04 S:DB P:nVUbdIzc  $01:A0FA: D0 F1    BNE $A0ED
f32     c924467      i56086688    A:00 X:01 Y:04 S:DB P:nVUbdIzc  $01:A0ED: BD 15 40 LDA $4015,X @ $4016 = #$00
f32     c924471      i56086689    A:40 X:01 Y:04 S:DB P:nVUbdIzc  $01:A0F0: 4A       LSR
f32     c924473      i56086690    A:20 X:01 Y:04 S:DB P:nVUbdIzc  $01:A0F1: 26 3F    ROL $3F = #$00
f32     c924478      i56086691    A:20 X:01 Y:04 S:DB P:nVUbdIZc  $01:A0F3: 29 01    AND #$01
f32     c924480      i56086692    A:00 X:01 Y:04 S:DB P:nVUbdIZc  $01:A0F5: 05 3F    ORA $3F = #$00
f32     c924483      i56086693    A:00 X:01 Y:04 S:DB P:nVUbdIZc  $01:A0F7: 85 3F    STA $3F = #$00
f32     c924486      i56086694    A:00 X:01 Y:04 S:DB P:nVUbdIZc  $01:A0F9: 88       DEY
f32     c924488      i56086695    A:00 X:01 Y:03 S:DB P:nVUbdIzc  $01:A0FA: D0 F1    BNE $A0ED
f32     c924491      i56086696    A:00 X:01 Y:03 S:DB P:nVUbdIzc  $01:A0ED: BD 15 40 LDA $4015,X @ $4016 = #$00
f32     c924495      i56086697    A:40 X:01 Y:03 S:DB P:nVUbdIzc  $01:A0F0: 4A       LSR
f32     c924497      i56086698    A:20 X:01 Y:03 S:DB P:nVUbdIzc  $01:A0F1: 26 3F    ROL $3F = #$00
f32     c924502      i56086699    A:20 X:01 Y:03 S:DB P:nVUbdIZc  $01:A0F3: 29 01    AND #$01
f32     c924504      i56086700    A:00 X:01 Y:03 S:DB P:nVUbdIZc  $01:A0F5: 05 3F    ORA $3F = #$00
f32     c924507      i56086701    A:00 X:01 Y:03 S:DB P:nVUbdIZc  $01:A0F7: 85 3F    STA $3F = #$00
f32     c924510      i56086702    A:00 X:01 Y:03 S:DB P:nVUbdIZc  $01:A0F9: 88       DEY
f32     c924512      i56086703    A:00 X:01 Y:02 S:DB P:nVUbdIzc  $01:A0FA: D0 F1    BNE $A0ED
f32     c924515      i56086704    A:00 X:01 Y:02 S:DB P:nVUbdIzc  $01:A0ED: BD 15 40 LDA $4015,X @ $4016 = #$00
f32     c924519      i56086705    A:40 X:01 Y:02 S:DB P:nVUbdIzc  $01:A0F0: 4A       LSR
f36     c1043297     i56124684    A:00 X:02 Y:06 S:DB P:nVUbdIzc  $01:A0ED: BD 15 40 LDA $4015,X @ $4017 = #$01
f36     c1043301     i56124685    A:40 X:02 Y:06 S:DB P:nVUbdIzc  $01:A0F0: 4A       LSR
f36     c1043303     i56124686    A:20 X:02 Y:06 S:DB P:nVUbdIzc  $01:A0F1: 26 3F    ROL $3F = #$00
f36     c1043308     i56124687    A:20 X:02 Y:06 S:DB P:nVUbdIZc  $01:A0F3: 29 01    AND #$01
f36     c1043310     i56124688    A:00 X:02 Y:06 S:DB P:nVUbdIZc  $01:A0F5: 05 3F    ORA $3F = #$00
f36     c1043313     i56124689    A:00 X:02 Y:06 S:DB P:nVUbdIZc  $01:A0F7: 85 3F    STA $3F = #$00
f36     c1043316     i56124690    A:00 X:02 Y:06 S:DB P:nVUbdIZc  $01:A0F9: 88       DEY
f36     c1043318     i56124691    A:00 X:02 Y:05 S:DB P:nVUbdIzc  $01:A0FA: D0 F1    BNE $A0ED
f36     c1043321     i56124692    A:00 X:02 Y:05 S:DB P:nVUbdIzc  $01:A0ED: BD 15 40 LDA $4015,X @ $4017 = #$01
f36     c1043325     i56124693    A:40 X:02 Y:05 S:DB P:nVUbdIzc  $01:A0F0: 4A       LSR
f36     c1043327     i56124694    A:20 X:02 Y:05 S:DB P:nVUbdIzc  $01:A0F1: 26 3F    ROL $3F = #$00
f36     c1043332     i56124695    A:20 X:02 Y:05 S:DB P:nVUbdIZc  $01:A0F3: 29 01    AND #$01
f36     c1043334     i56124696    A:00 X:02 Y:05 S:DB P:nVUbdIZc  $01:A0F5: 05 3F    ORA $3F = #$00
f36     c1043337     i56124697    A:00 X:02 Y:05 S:DB P:nVUbdIZc  $01:A0F7: 85 3F    STA $3F = #$00
f36     c1043340     i56124698    A:00 X:02 Y:05 S:DB P:nVUbdIZc  $01:A0F9: 88       DEY
f36     c1043342     i56124699    A:00 X:02 Y:04 S:DB P:nVUbdIzc  $01:A0FA: D0 F1    BNE $A0ED
f36     c1043345     i56124700    A:00 X:02 Y:04 S:DB P:nVUbdIzc  $01:A0ED: BD 15 40 LDA $4015,X @ $4017 = #$01
f36     c1043349     i56124701    A:40 X:02 Y:04 S:DB P:nVUbdIzc  $01:A0F0: 4A       LSR
f36     c1043351     i56124702    A:20 X:02 Y:04 S:DB P:nVUbdIzc  $01:A0F1: 26 3F    ROL $3F = #$00
f36     c1043356     i56124703    A:20 X:02 Y:04 S:DB P:nVUbdIZc  $01:A0F3: 29 01    AND #$01
f36     c1043358     i56124704    A:00 X:02 Y:04 S:DB P:nVUbdIZc  $01:A0F5: 05 3F    ORA $3F = #$00
f36     c1043361     i56124705    A:00 X:02 Y:04 S:DB P:nVUbdIZc  $01:A0F7: 85 3F    STA $3F = #$00
f36     c1043364     i56124706    A:00 X:02 Y:04 S:DB P:nVUbdIZc  $01:A0F9: 88       DEY
f36     c1043366     i56124707    A:00 X:02 Y:03 S:DB P:nVUbdIzc  $01:A0FA: D0 F1    BNE $A0ED
f36     c1043369     i56124708    A:00 X:02 Y:03 S:DB P:nVUbdIzc  $01:A0ED: BD 15 40 LDA $4015,X @ $4017 = #$01
f36     c1043373     i56124709    A:40 X:02 Y:03 S:DB P:nVUbdIzc  $01:A0F0: 4A       LSR
f36     c1043375     i56124710    A:20 X:02 Y:03 S:DB P:nVUbdIzc  $01:A0F1: 26 3F    ROL $3F = #$00
f36     c1043380     i56124711    A:20 X:02 Y:03 S:DB P:nVUbdIZc  $01:A0F3: 29 01    AND #$01
f36     c1043382     i56124712    A:00 X:02 Y:03 S:DB P:nVUbdIZc  $01:A0F5: 05 3F    ORA $3F = #$00
f36     c1043385     i56124713    A:00 X:02 Y:03 S:DB P:nVUbdIZc  $01:A0F7: 85 3F    STA $3F = #$00
f36     c1043388     i56124714    A:00 X:02 Y:03 S:DB P:nVUbdIZc  $01:A0F9: 88       DEY
f36     c1043390     i56124715    A:00 X:02 Y:02 S:DB P:nVUbdIzc  $01:A0FA: D0 F1    BNE $A0ED
f36     c1043393     i56124716    A:00 X:02 Y:02 S:DB P:nVUbdIzc  $01:A0ED: BD 15 40 LDA $4015,X @ $4017 = #$01
f36     c1043397     i56124717    A:40 X:02 Y:02 S:DB P:nVUbdIzc  $01:A0F0: 4A       LSR
f36     c1043399     i56124718    A:20 X:02 Y:02 S:DB P:nVUbdIzc  $01:A0F1: 26 3F    ROL $3F = #$00
f36     c1043404     i56124719    A:20 X:02 Y:02 S:DB P:nVUbdIZc  $01:A0F3: 29 01    AND #$01
f36     c1043406     i56124720    A:00 X:02 Y:02 S:DB P:nVUbdIZc  $01:A0F5: 05 3F    ORA $3F = #$00
f36     c1043409     i56124721    A:00 X:02 Y:02 S:DB P:nVUbdIZc  $01:A0F7: 85 3F    STA $3F = #$00
f36     c1043412     i56124722    A:00 X:02 Y:02 S:DB P:nVUbdIZc  $01:A0F9: 88       DEY
f36     c1043414     i56124723    A:00 X:02 Y:01 S:DB P:nVUbdIzc  $01:A0FA: D0 F1    BNE $A0ED
f36     c1043417     i56124724    A:00 X:02 Y:01 S:DB P:nVUbdIzc  $01:A0ED: BD 15 40 LDA $4015,X @ $4017 = #$01
f36     c1043421     i56124725    A:40 X:02 Y:01 S:DB P:nVUbdIzc  $01:A0F0: 4A       LSR
f37     c1072139     i56134075    A:40 X:19 Y:00 S:E0 P:nvUbdizC  $00:9F04: A5 1B    LDA $1B = #$40
f37     c1072142     i56134076    A:40 X:19 Y:00 S:E0 P:nvUbdizC  $00:9F06: 10 FC    BPL $9F04
f37     c1072145     i56134077    A:40 X:19 Y:00 S:E0 P:nvUbdizC  $00:9F04: A5 1B    LDA $1B = #$40
f37     c1072148     i56134078    A:40 X:19 Y:00 S:E0 P:nvUbdizC  $00:9F06: 10 FC    BPL $9F04
f37     c1072151     i56134079    A:40 X:19 Y:00 S:E0 P:nvUbdizC  $00:9F04: A5 1B    LDA $1B = #$40
f37     c1072154     i56134080    A:40 X:19 Y:00 S:E0 P:nvUbdizC  $00:9F06: 10 FC    BPL $9F04
f37     c1072157     i56134081    A:40 X:19 Y:00 S:E0 P:nvUbdizC  $00:9F04: A5 1B    LDA $1B = #$40
f37     c1072160     i56134082    A:40 X:19 Y:00 S:E0 P:nvUbdizC  $00:9F06: 10 FC    BPL $9F04
f37     c1072163     i56134083    A:40 X:19 Y:00 S:E0 P:nvUbdizC  $00:9F04: A5 1B    LDA $1B = #$40
f37     c1072166     i56134084    A:40 X:19 Y:00 S:E0 P:nvUbdizC  $00:9F06: 10 FC    BPL $9F04
f37     c1072169     i56134085    A:40 X:19 Y:00 S:E0 P:nvUbdizC  $00:9F04: A5 1B    LDA $1B = #$40
f37     c1072172     i56134086    A:40 X:19 Y:00 S:E0 P:nvUbdizC  $00:9F06: 10 FC    BPL $9F04
f37     c1072175     i56134087    A:40 X:19 Y:00 S:E0 P:nvUbdizC  $00:9F04: A5 1B    LDA $1B = #$40
f37     c1072178     i56134088    A:40 X:19 Y:00 S:E0 P:nvUbdizC  $00:9F06: 10 FC    BPL $9F04
f37     c1072181     i56134089    A:40 X:19 Y:00 S:E0 P:nvUbdizC  $00:9F04: A5 1B    LDA $1B = #$40
f37     c1072184     i56134090    A:40 X:19 Y:00 S:E0 P:nvUbdizC  $00:9F06: 10 FC    BPL $9F04
f37     c1072187     i56134091    A:40 X:19 Y:00 S:E0 P:nvUbdizC  $00:9F04: A5 1B    LDA $1B = #$40
f37     c1072190     i56134092    A:40 X:19 Y:00 S:E0 P:nvUbdizC  $00:9F06: 10 FC    BPL $9F04
f37     c1072193     i56134093    A:40 X:19 Y:00 S:E0 P:nvUbdizC  $00:9F04: A5 1B    LDA $1B = #$40
f37     c1072196     i56134094    A:40 X:19 Y:00 S:E0 P:nvUbdizC  $00:9F06: 10 FC    BPL $9F04
f37     c1072199     i56134095    A:40 X:19 Y:00 S:E0 P:nvUbdizC  $00:9F04: A5 1B    LDA $1B = #$40
f37     c1072202     i56134096    A:40 X:19 Y:00 S:E0 P:nvUbdizC  $00:9F06: 10 FC    BPL $9F04
f37     c1072205     i56134097    A:40 X:19 Y:00 S:E0 P:nvUbdizC  $00:9F04: A5 1B    LDA $1B = #$40
f37     c1072208     i56134098    A:40 X:19 Y:00 S:E0 P:nvUbdizC  $00:9F06: 10 FC    BPL $9F04
f37     c1072211     i56134099    A:40 X:19 Y:00 S:E0 P:nvUbdizC  $00:9F04: A5 1B    LDA $1B = #$40
f37     c1072214     i56134100    A:40 X:19 Y:00 S:E0 P:nvUbdizC  $00:9F06: 10 FC    BPL $9F04
f37     c1072224     i56134101    A:40 X:19 Y:00 S:DD P:nvUbdIzC  $0F:C500: 4C 6E C7 JMP $C76E
f37     c1072227     i56134102    A:40 X:19 Y:00 S:DD P:nvUbdIzC  $0F:C76E: 24 1B    BIT $1B = #$40
f37     c1072230     i56134103    A:40 X:19 Y:00 S:DD P:nVUbdIzC  $0F:C770: 50 03    BVC $C775
f37     c1072232     i56134104    A:40 X:19 Y:00 S:DD P:nVUbdIzC  $0F:C772: 4C 21 C4 JMP $C421
f37     c1072235     i56134105    A:40 X:19 Y:00 S:DD P:nVUbdIzC  $0F:C421: 24 3B    BIT $3B = #$55
f37     c1072238     i56134106    A:40 X:19 Y:00 S:DD P:nVUbdIzC  $0F:C423: 30 4D    BMI $C472
f37     c1072240     i56134107    A:40 X:19 Y:00 S:DD P:nVUbdIzC  $0F:C425: 38       SEC
f37     c1072242     i56134108    A:40 X:19 Y:00 S:DD P:nVUbdIzC  $0F:C426: 66 3B    ROR $3B = #$55
f37     c1072247     i56134109    A:40 X:19 Y:00 S:DD P:NVUbdIzC  $0F:C428: 85 3C    STA $3C = #$40
f37     c1072250     i56134110    A:40 X:19 Y:00 S:DD P:NVUbdIzC  $0F:C42A: 86 3D    STX $3D = #$19
f37     c1072253     i56134111    A:40 X:19 Y:00 S:DD P:NVUbdIzC  $0F:C42C: 84 3E    STY $3E = #$00
f37     c1072256     i56134112    A:40 X:19 Y:00 S:DD P:NVUbdIzC  $0F:C42E: A5 22    LDA $22 = #$00
f37     c1072259     i56134113    A:00 X:19 Y:00 S:DD P:nVUbdIZC  $0F:C430: 09 07    ORA #$07
f37     c1072261     i56134114    A:07 X:19 Y:00 S:DD P:nVUbdIzC  $0F:C432: 8D 00 80 STA $8000 = #$A5
f37     c1072265     i56134115    A:07 X:19 Y:00 S:DD P:nVUbdIzC  $0F:C435: A9 02    LDA #$02
f37     c1072267     i56134116    A:02 X:19 Y:00 S:DD P:nVUbdIzC  $0F:C437: 8D 01 80 STA $8001 = #$27
f43     c1250825     i56191215    A:40 X:19 Y:00 S:E0 P:nvUbdizC  $00:9F04: A5 1B    LDA $1B = #$40
f43     c1250828     i56191216    A:40 X:19 Y:00 S:E0 P:nvUbdizC  $00:9F06: 10 FC    BPL $9F04
f43     c1250831     i56191217    A:40 X:19 Y:00 S:E0 P:nvUbdizC  $00:9F04: A5 1B    LDA $1B = #$40
f43     c1250834     i56191218    A:40 X:19 Y:00 S:E0 P:nvUbdizC  $00:9F06: 10 FC    BPL $9F04
f43     c1250837     i56191219    A:40 X:19 Y:00 S:E0 P:nvUbdizC  $00:9F04: A5 1B    LDA $1B = #$40
f43     c1250840     i56191220    A:40 X:19 Y:00 S:E0 P:nvUbdizC  $00:9F06: 10 FC    BPL $9F04
f43     c1250843     i56191221    A:40 X:19 Y:00 S:E0 P:nvUbdizC  $00:9F04: A5 1B    LDA $1B = #$40
f43     c1250846     i56191222    A:40 X:19 Y:00 S:E0 P:nvUbdizC  $00:9F06: 10 FC    BPL $9F04
f43     c1250849     i56191223    A:40 X:19 Y:00 S:E0 P:nvUbdizC  $00:9F04: A5 1B    LDA $1B = #$40
f43     c1250852     i56191224    A:40 X:19 Y:00 S:E0 P:nvUbdizC  $00:9F06: 10 FC    BPL $9F04
f43     c1250855     i56191225    A:40 X:19 Y:00 S:E0 P:nvUbdizC  $00:9F04: A5 1B    LDA $1B = #$40
f43     c1250858     i56191226    A:40 X:19 Y:00 S:E0 P:nvUbdizC  $00:9F06: 10 FC    BPL $9F04
f43     c1250861     i56191227    A:40 X:19 Y:00 S:E0 P:nvUbdizC  $00:9F04: A5 1B    LDA $1B = #$40
f43     c1250864     i56191228    A:40 X:19 Y:00 S:E0 P:nvUbdizC  $00:9F06: 10 FC    BPL $9F04
f43     c1250867     i56191229    A:40 X:19 Y:00 S:E0 P:nvUbdizC  $00:9F04: A5 1B    LDA $1B = #$40
f43     c1250870     i56191230    A:40 X:19 Y:00 S:E0 P:nvUbdizC  $00:9F06: 10 FC    BPL $9F04
f43     c1250873     i56191231    A:40 X:19 Y:00 S:E0 P:nvUbdizC  $00:9F04: A5 1B    LDA $1B = #$40
f43     c1250876     i56191232    A:40 X:19 Y:00 S:E0 P:nvUbdizC  $00:9F06: 10 FC    BPL $9F04
f43     c1250879     i56191233    A:40 X:19 Y:00 S:E0 P:nvUbdizC  $00:9F04: A5 1B    LDA $1B = #$40
f43     c1250882     i56191234    A:40 X:19 Y:00 S:E0 P:nvUbdizC  $00:9F06: 10 FC    BPL $9F04
f43     c1250885     i56191235    A:40 X:19 Y:00 S:E0 P:nvUbdizC  $00:9F04: A5 1B    LDA $1B = #$40
f43     c1250888     i56191236    A:40 X:19 Y:00 S:E0 P:nvUbdizC  $00:9F06: 10 FC    BPL $9F04
f43     c1250891     i56191237    A:40 X:19 Y:00 S:E0 P:nvUbdizC  $00:9F04: A5 1B    LDA $1B = #$40
f43     c1250894     i56191238    A:40 X:19 Y:00 S:E0 P:nvUbdizC  $00:9F06: 10 FC    BPL $9F04
f43     c1250897     i56191239    A:40 X:19 Y:00 S:E0 P:nvUbdizC  $00:9F04: A5 1B    LDA $1B = #$40
f43     c1250907     i56191240    A:40 X:19 Y:00 S:DD P:nvUbdIzC  $0F:C500: 4C 6E C7 JMP $C76E
f43     c1250910     i56191241    A:40 X:19 Y:00 S:DD P:nvUbdIzC  $0F:C76E: 24 1B    BIT $1B = #$40
f43     c1250913     i56191242    A:40 X:19 Y:00 S:DD P:nVUbdIzC  $0F:C770: 50 03    BVC $C775
f43     c1250915     i56191243    A:40 X:19 Y:00 S:DD P:nVUbdIzC  $0F:C772: 4C 21 C4 JMP $C421
f43     c1250918     i56191244    A:40 X:19 Y:00 S:DD P:nVUbdIzC  $0F:C421: 24 3B    BIT $3B = #$55
f43     c1250921     i56191245    A:40 X:19 Y:00 S:DD P:nVUbdIzC  $0F:C423: 30 4D    BMI $C472
f43     c1250923     i56191246    A:40 X:19 Y:00 S:DD P:nVUbdIzC  $0F:C425: 38       SEC
f43     c1250925     i56191247    A:40 X:19 Y:00 S:DD P:nVUbdIzC  $0F:C426: 66 3B    ROR $3B = #$55
f43     c1250930     i56191248    A:40 X:19 Y:00 S:DD P:NVUbdIzC  $0F:C428: 85 3C    STA $3C = #$40
f43     c1250933     i56191249    A:40 X:19 Y:00 S:DD P:NVUbdIzC  $0F:C42A: 86 3D    STX $3D = #$19
f43     c1250936     i56191250    A:40 X:19 Y:00 S:DD P:NVUbdIzC  $0F:C42C: 84 3E    STY $3E = #$00
f43     c1250939     i56191251    A:40 X:19 Y:00 S:DD P:NVUbdIzC  $0F:C42E: A5 22    LDA $22 = #$00
f43     c1250942     i56191252    A:00 X:19 Y:00 S:DD P:nVUbdIZC  $0F:C430: 09 07    ORA #$07
f43     c1250944     i56191253    A:07 X:19 Y:00 S:DD P:nVUbdIzC  $0F:C432: 8D 00 80 STA $8000 = #$A5
f43     c1250948     i56191254    A:07 X:19 Y:00 S:DD P:nVUbdIzC  $0F:C435: A9 02    LDA #$02
f43     c1250950     i56191255    A:02 X:19 Y:00 S:DD P:nVUbdIzC  $0F:C437: 8D 01 80 STA $8001 = #$27
f43     c1250954     i56191256    A:02 X:19 Y:00 S:DD P:nVUbdIzC  $0F:C43A: 20 00 A0 JSR $A000
f44     c1281761     i56200942    A:00 X:01 Y:07 S:DB P:nVUbdIzc  $01:A0ED: BD 15 40 LDA $4015,X @ $4016 = #$00
f44     c1281765     i56200943    A:40 X:01 Y:07 S:DB P:nVUbdIzc  $01:A0F0: 4A       LSR
f44     c1281767     i56200944    A:20 X:01 Y:07 S:DB P:nVUbdIzc  $01:A0F1: 26 3F    ROL $3F = #$00
f44     c1281772     i56200945    A:20 X:01 Y:07 S:DB P:nVUbdIZc  $01:A0F3: 29 01    AND #$01
f44     c1281774     i56200946    A:00 X:01 Y:07 S:DB P:nVUbdIZc  $01:A0F5: 05 3F    ORA $3F = #$00
f44     c1281777     i56200947    A:00 X:01 Y:07 S:DB P:nVUbdIZc  $01:A0F7: 85 3F    STA $3F = #$00
f44     c1281780     i56200948    A:00 X:01 Y:07 S:DB P:nVUbdIZc  $01:A0F9: 88       DEY
f44     c1281782     i56200949    A:00 X:01 Y:06 S:DB P:nVUbdIzc  $01:A0FA: D0 F1    BNE $A0ED
f44     c1281785     i56200950    A:00 X:01 Y:06 S:DB P:nVUbdIzc  $01:A0ED: BD 15 40 LDA $4015,X @ $4016 = #$00
f44     c1281789     i56200951    A:40 X:01 Y:06 S:DB P:nVUbdIzc  $01:A0F0: 4A       LSR
f44     c1281791     i56200952    A:20 X:01 Y:06 S:DB P:nVUbdIzc  $01:A0F1: 26 3F    ROL $3F = #$00
f44     c1281796     i56200953    A:20 X:01 Y:06 S:DB P:nVUbdIZc  $01:A0F3: 29 01    AND #$01
f44     c1281798     i56200954    A:00 X:01 Y:06 S:DB P:nVUbdIZc  $01:A0F5: 05 3F    ORA $3F = #$00
f44     c1281801     i56200955    A:00 X:01 Y:06 S:DB P:nVUbdIZc  $01:A0F7: 85 3F    STA $3F = #$00
f44     c1281804     i56200956    A:00 X:01 Y:06 S:DB P:nVUbdIZc  $01:A0F9: 88       DEY
f44     c1281806     i56200957    A:00 X:01 Y:05 S:DB P:nVUbdIzc  $01:A0FA: D0 F1    BNE $A0ED
f44     c1281809     i56200958    A:00 X:01 Y:05 S:DB P:nVUbdIzc  $01:A0ED: BD 15 40 LDA $4015,X @ $4016 = #$00
f44     c1281813     i56200959    A:40 X:01 Y:05 S:DB P:nVUbdIzc  $01:A0F0: 4A       LSR
f44     c1281815     i56200960    A:20 X:01 Y:05 S:DB P:nVUbdIzc  $01:A0F1: 26 3F    ROL $3F = #$00
f44     c1281820     i56200961    A:20 X:01 Y:05 S:DB P:nVUbdIZc  $01:A0F3: 29 01    AND #$01
f44     c1281822     i56200962    A:00 X:01 Y:05 S:DB P:nVUbdIZc  $01:A0F5: 05 3F    ORA $3F = #$00
f44     c1281825     i56200963    A:00 X:01 Y:05 S:DB P:nVUbdIZc  $01:A0F7: 85 3F    STA $3F = #$00
f44     c1281828     i56200964    A:00 X:01 Y:05 S:DB P:nVUbdIZc  $01:A0F9: 88       DEY
f44     c1281830     i56200965    A:00 X:01 Y:04 S:DB P:nVUbdIzc  $01:A0FA: D0 F1    BNE $A0ED
f44     c1281833     i56200966    A:00 X:01 Y:04 S:DB P:nVUbdIzc  $01:A0ED: BD 15 40 LDA $4015,X @ $4016 = #$00
f44     c1281837     i56200967    A:40 X:01 Y:04 S:DB P:nVUbdIzc  $01:A0F0: 4A       LSR
f44     c1281839     i56200968    A:20 X:01 Y:04 S:DB P:nVUbdIzc  $01:A0F1: 26 3F    ROL $3F = #$00
f44     c1281844     i56200969    A:20 X:01 Y:04 S:DB P:nVUbdIZc  $01:A0F3: 29 01    AND #$01
f44     c1281846     i56200970    A:00 X:01 Y:04 S:DB P:nVUbdIZc  $01:A0F5: 05 3F    ORA $3F = #$00
f44     c1281849     i56200971    A:00 X:01 Y:04 S:DB P:nVUbdIZc  $01:A0F7: 85 3F    STA $3F = #$00
f44     c1281852     i56200972    A:00 X:01 Y:04 S:DB P:nVUbdIZc  $01:A0F9: 88       DEY
f44     c1281854     i56200973    A:00 X:01 Y:03 S:DB P:nVUbdIzc  $01:A0FA: D0 F1    BNE $A0ED
f44     c1281857     i56200974    A:00 X:01 Y:03 S:DB P:nVUbdIzc  $01:A0ED: BD 15 40 LDA $4015,X @ $4016 = #$00
f44     c1281861     i56200975    A:40 X:01 Y:03 S:DB P:nVUbdIzc  $01:A0F0: 4A       LSR
f44     c1281863     i56200976    A:20 X:01 Y:03 S:DB P:nVUbdIzc  $01:A0F1: 26 3F    ROL $3F = #$00
f44     c1281868     i56200977    A:20 X:01 Y:03 S:DB P:nVUbdIZc  $01:A0F3: 29 01    AND #$01
f44     c1281870     i56200978    A:00 X:01 Y:03 S:DB P:nVUbdIZc  $01:A0F5: 05 3F    ORA $3F = #$00
f44     c1281873     i56200979    A:00 X:01 Y:03 S:DB P:nVUbdIZc  $01:A0F7: 85 3F    STA $3F = #$00
f44     c1281876     i56200980    A:00 X:01 Y:03 S:DB P:nVUbdIZc  $01:A0F9: 88       DEY
f44     c1281878     i56200981    A:00 X:01 Y:02 S:DB P:nVUbdIzc  $01:A0FA: D0 F1    BNE $A0ED
f44     c1281881     i56200982    A:00 X:01 Y:02 S:DB P:nVUbdIzc  $01:A0ED: BD 15 40 LDA $4015,X @ $4016 = #$00
f44     c1281885     i56200983    A:40 X:01 Y:02 S:DB P:nVUbdIzc  $01:A0F0: 4A       LSR
f48     c1400663     i56238962    A:00 X:02 Y:06 S:DB P:nVUbdIzc  $01:A0ED: BD 15 40 LDA $4015,X @ $4017 = #$01
f48     c1400667     i56238963    A:40 X:02 Y:06 S:DB P:nVUbdIzc  $01:A0F0: 4A       LSR
f48     c1400669     i56238964    A:20 X:02 Y:06 S:DB P:nVUbdIzc  $01:A0F1: 26 3F    ROL $3F = #$00
f48     c1400674     i56238965    A:20 X:02 Y:06 S:DB P:nVUbdIZc  $01:A0F3: 29 01    AND #$01
f48     c1400676     i56238966    A:00 X:02 Y:06 S:DB P:nVUbdIZc  $01:A0F5: 05 3F    ORA $3F = #$00
f48     c1400679     i56238967    A:00 X:02 Y:06 S:DB P:nVUbdIZc  $01:A0F7: 85 3F    STA $3F = #$00
f48     c1400682     i56238968    A:00 X:02 Y:06 S:DB P:nVUbdIZc  $01:A0F9: 88       DEY
f48     c1400684     i56238969    A:00 X:02 Y:05 S:DB P:nVUbdIzc  $01:A0FA: D0 F1    BNE $A0ED
f48     c1400687     i56238970    A:00 X:02 Y:05 S:DB P:nVUbdIzc  $01:A0ED: BD 15 40 LDA $4015,X @ $4017 = #$01
f48     c1400691     i56238971    A:40 X:02 Y:05 S:DB P:nVUbdIzc  $01:A0F0: 4A       LSR
f48     c1400693     i56238972    A:20 X:02 Y:05 S:DB P:nVUbdIzc  $01:A0F1: 26 3F    ROL $3F = #$00
f48     c1400698     i56238973    A:20 X:02 Y:05 S:DB P:nVUbdIZc  $01:A0F3: 29 01    AND #$01
f48     c1400700     i56238974    A:00 X:02 Y:05 S:DB P:nVUbdIZc  $01:A0F5: 05 3F    ORA $3F = #$00
f48     c1400703     i56238975    A:00 X:02 Y:05 S:DB P:nVUbdIZc  $01:A0F7: 85 3F    STA $3F = #$00
f48     c1400706     i56238976    A:00 X:02 Y:05 S:DB P:nVUbdIZc  $01:A0F9: 88       DEY
f48     c1400708     i56238977    A:00 X:02 Y:04 S:DB P:nVUbdIzc  $01:A0FA: D0 F1    BNE $A0ED
f48     c1400711     i56238978    A:00 X:02 Y:04 S:DB P:nVUbdIzc  $01:A0ED: BD 15 40 LDA $4015,X @ $4017 = #$01
f48     c1400715     i56238979    A:40 X:02 Y:04 S:DB P:nVUbdIzc  $01:A0F0: 4A       LSR
f48     c1400717     i56238980    A:20 X:02 Y:04 S:DB P:nVUbdIzc  $01:A0F1: 26 3F    ROL $3F = #$00
f48     c1400722     i56238981    A:20 X:02 Y:04 S:DB P:nVUbdIZc  $01:A0F3: 29 01    AND #$01
f48     c1400724     i56238982    A:00 X:02 Y:04 S:DB P:nVUbdIZc  $01:A0F5: 05 3F    ORA $3F = #$00
f48     c1400727     i56238983    A:00 X:02 Y:04 S:DB P:nVUbdIZc  $01:A0F7: 85 3F    STA $3F = #$00
f48     c1400730     i56238984    A:00 X:02 Y:04 S:DB P:nVUbdIZc  $01:A0F9: 88       DEY
f48     c1400732     i56238985    A:00 X:02 Y:03 S:DB P:nVUbdIzc  $01:A0FA: D0 F1    BNE $A0ED
f48     c1400735     i56238986    A:00 X:02 Y:03 S:DB P:nVUbdIzc  $01:A0ED: BD 15 40 LDA $4015,X @ $4017 = #$01
f48     c1400739     i56238987    A:40 X:02 Y:03 S:DB P:nVUbdIzc  $01:A0F0: 4A       LSR
f48     c1400741     i56238988    A:20 X:02 Y:03 S:DB P:nVUbdIzc  $01:A0F1: 26 3F    ROL $3F = #$00
f48     c1400746     i56238989    A:20 X:02 Y:03 S:DB P:nVUbdIZc  $01:A0F3: 29 01    AND #$01
f48     c1400748     i56238990    A:00 X:02 Y:03 S:DB P:nVUbdIZc  $01:A0F5: 05 3F    ORA $3F = #$00
f48     c1400751     i56238991    A:00 X:02 Y:03 S:DB P:nVUbdIZc  $01:A0F7: 85 3F    STA $3F = #$00
f48     c1400754     i56238992    A:00 X:02 Y:03 S:DB P:nVUbdIZc  $01:A0F9: 88       DEY
f48     c1400756     i56238993    A:00 X:02 Y:02 S:DB P:nVUbdIzc  $01:A0FA: D0 F1    BNE $A0ED
f48     c1400759     i56238994    A:00 X:02 Y:02 S:DB P:nVUbdIzc  $01:A0ED: BD 15 40 LDA $4015,X @ $4017 = #$01
f48     c1400763     i56238995    A:40 X:02 Y:02 S:DB P:nVUbdIzc  $01:A0F0: 4A       LSR
f48     c1400765     i56238996    A:20 X:02 Y:02 S:DB P:nVUbdIzc  $01:A0F1: 26 3F    ROL $3F = #$00
f48     c1400770     i56238997    A:20 X:02 Y:02 S:DB P:nVUbdIZc  $01:A0F3: 29 01    AND #$01
f48     c1400772     i56238998    A:00 X:02 Y:02 S:DB P:nVUbdIZc  $01:A0F5: 05 3F    ORA $3F = #$00
f48     c1400775     i56238999    A:00 X:02 Y:02 S:DB P:nVUbdIZc  $01:A0F7: 85 3F    STA $3F = #$00
f48     c1400778     i56239000    A:00 X:02 Y:02 S:DB P:nVUbdIZc  $01:A0F9: 88       DEY
f48     c1400780     i56239001    A:00 X:02 Y:01 S:DB P:nVUbdIzc  $01:A0FA: D0 F1    BNE $A0ED
f48     c1400783     i56239002    A:00 X:02 Y:01 S:DB P:nVUbdIzc  $01:A0ED: BD 15 40 LDA $4015,X @ $4017 = #$01
f48     c1400787     i56239003    A:40 X:02 Y:01 S:DB P:nVUbdIzc  $01:A0F0: 4A       LSR
f49     c1429505     i56248353    A:40 X:19 Y:00 S:E0 P:nvUbdizC  $00:9F04: A5 1B    LDA $1B = #$40
f49     c1429508     i56248354    A:40 X:19 Y:00 S:E0 P:nvUbdizC  $00:9F06: 10 FC    BPL $9F04
f49     c1429511     i56248355    A:40 X:19 Y:00 S:E0 P:nvUbdizC  $00:9F04: A5 1B    LDA $1B = #$40
f49     c1429514     i56248356    A:40 X:19 Y:00 S:E0 P:nvUbdizC  $00:9F06: 10 FC    BPL $9F04
f49     c1429517     i56248357    A:40 X:19 Y:00 S:E0 P:nvUbdizC  $00:9F04: A5 1B    LDA $1B = #$40
f49     c1429520     i56248358    A:40 X:19 Y:00 S:E0 P:nvUbdizC  $00:9F06: 10 FC    BPL $9F04
f49     c1429523     i56248359    A:40 X:19 Y:00 S:E0 P:nvUbdizC  $00:9F04: A5 1B    LDA $1B = #$40
f49     c1429526     i56248360    A:40 X:19 Y:00 S:E0 P:nvUbdizC  $00:9F06: 10 FC    BPL $9F04
f49     c1429529     i56248361    A:40 X:19 Y:00 S:E0 P:nvUbdizC  $00:9F04: A5 1B    LDA $1B = #$40
f49     c1429532     i56248362    A:40 X:19 Y:00 S:E0 P:nvUbdizC  $00:9F06: 10 FC    BPL $9F04
f49     c1429535     i56248363    A:40 X:19 Y:00 S:E0 P:nvUbdizC  $00:9F04: A5 1B    LDA $1B = #$40
f49     c1429538     i56248364    A:40 X:19 Y:00 S:E0 P:nvUbdizC  $00:9F06: 10 FC    BPL $9F04
f49     c1429541     i56248365    A:40 X:19 Y:00 S:E0 P:nvUbdizC  $00:9F04: A5 1B    LDA $1B = #$40
f49     c1429544     i56248366    A:40 X:19 Y:00 S:E0 P:nvUbdizC  $00:9F06: 10 FC    BPL $9F04
f49     c1429547     i56248367    A:40 X:19 Y:00 S:E0 P:nvUbdizC  $00:9F04: A5 1B    LDA $1B = #$40
f49     c1429550     i56248368    A:40 X:19 Y:00 S:E0 P:nvUbdizC  $00:9F06: 10 FC    BPL $9F04
f49     c1429553     i56248369    A:40 X:19 Y:00 S:E0 P:nvUbdizC  $00:9F04: A5 1B    LDA $1B = #$40
f49     c1429556     i56248370    A:40 X:19 Y:00 S:E0 P:nvUbdizC  $00:9F06: 10 FC    BPL $9F04
f49     c1429559     i56248371    A:40 X:19 Y:00 S:E0 P:nvUbdizC  $00:9F04: A5 1B    LDA $1B = #$40
f49     c1429562     i56248372    A:40 X:19 Y:00 S:E0 P:nvUbdizC  $00:9F06: 10 FC    BPL $9F04
f49     c1429565     i56248373    A:40 X:19 Y:00 S:E0 P:nvUbdizC  $00:9F04: A5 1B    LDA $1B = #$40
f49     c1429568     i56248374    A:40 X:19 Y:00 S:E0 P:nvUbdizC  $00:9F06: 10 FC    BPL $9F04
f49     c1429571     i56248375    A:40 X:19 Y:00 S:E0 P:nvUbdizC  $00:9F04: A5 1B    LDA $1B = #$40
f49     c1429574     i56248376    A:40 X:19 Y:00 S:E0 P:nvUbdizC  $00:9F06: 10 FC    BPL $9F04
f49     c1429577     i56248377    A:40 X:19 Y:00 S:E0 P:nvUbdizC  $00:9F04: A5 1B    LDA $1B = #$40
f49     c1429580     i56248378    A:40 X:19 Y:00 S:E0 P:nvUbdizC  $00:9F06: 10 FC    BPL $9F04
f49     c1429590     i56248379    A:40 X:19 Y:00 S:DD P:nvUbdIzC  $0F:C500: 4C 6E C7 JMP $C76E
f49     c1429593     i56248380    A:40 X:19 Y:00 S:DD P:nvUbdIzC  $0F:C76E: 24 1B    BIT $1B = #$40
f49     c1429596     i56248381    A:40 X:19 Y:00 S:DD P:nVUbdIzC  $0F:C770: 50 03    BVC $C775
f49     c1429598     i56248382    A:40 X:19 Y:00 S:DD P:nVUbdIzC  $0F:C772: 4C 21 C4 JMP $C421
f49     c1429601     i56248383    A:40 X:19 Y:00 S:DD P:nVUbdIzC  $0F:C421: 24 3B    BIT $3B = #$55
f49     c1429604     i56248384    A:40 X:19 Y:00 S:DD P:nVUbdIzC  $0F:C423: 30 4D    BMI $C472
f49     c1429606     i56248385    A:40 X:19 Y:00 S:DD P:nVUbdIzC  $0F:C425: 38       SEC
f49     c1429608     i56248386    A:40 X:19 Y:00 S:DD P:nVUbdIzC  $0F:C426: 66 3B    ROR $3B = #$55
f49     c1429613     i56248387    A:40 X:19 Y:00 S:DD P:NVUbdIzC  $0F:C428: 85 3C    STA $3C = #$40
f49     c1429616     i56248388    A:40 X:19 Y:00 S:DD P:NVUbdIzC  $0F:C42A: 86 3D    STX $3D = #$19
f49     c1429619     i56248389    A:40 X:19 Y:00 S:DD P:NVUbdIzC  $0F:C42C: 84 3E    STY $3E = #$00
f49     c1429622     i56248390    A:40 X:19 Y:00 S:DD P:NVUbdIzC  $0F:C42E: A5 22    LDA $22 = #$00
f49     c1429625     i56248391    A:00 X:19 Y:00 S:DD P:nVUbdIZC  $0F:C430: 09 07    ORA #$07
f49     c1429627     i56248392    A:07 X:19 Y:00 S:DD P:nVUbdIzC  $0F:C432: 8D 00 80 STA $8000 = #$A5
f49     c1429631     i56248393    A:07 X:19 Y:00 S:DD P:nVUbdIzC  $0F:C435: A9 02    LDA #$02
f49     c1429633     i56248394    A:02 X:19 Y:00 S:DD P:nVUbdIzC  $0F:C437: 8D 01 80 STA $8001 = #$27
f55     c1608191     i56305493    A:40 X:19 Y:00 S:E0 P:nvUbdizC  $00:9F04: A5 1B    LDA $1B = #$40
f55     c1608194     i56305494    A:40 X:19 Y:00 S:E0 P:nvUbdizC  $00:9F06: 10 FC    BPL $9F04
f55     c1608197     i56305495    A:40 X:19 Y:00 S:E0 P:nvUbdizC  $00:9F04: A5 1B    LDA $1B = #$40
f55     c1608200     i56305496    A:40 X:19 Y:00 S:E0 P:nvUbdizC  $00:9F06: 10 FC    BPL $9F04
f55     c1608203     i56305497    A:40 X:19 Y:00 S:E0 P:nvUbdizC  $00:9F04: A5 1B    LDA $1B = #$40
f55     c1608206     i56305498    A:40 X:19 Y:00 S:E0 P:nvUbdizC  $00:9F06: 10 FC    BPL $9F04
f55     c1608209     i56305499    A:40 X:19 Y:00 S:E0 P:nvUbdizC  $00:9F04: A5 1B    LDA $1B = #$40
f55     c1608212     i56305500    A:40 X:19 Y:00 S:E0 P:nvUbdizC  $00:9F06: 10 FC    BPL $9F04
f55     c1608215     i56305501    A:40 X:19 Y:00 S:E0 P:nvUbdizC  $00:9F04: A5 1B    LDA $1B = #$40
f55     c1608218     i56305502    A:40 X:19 Y:00 S:E0 P:nvUbdizC  $00:9F06: 10 FC    BPL $9F04
f55     c1608221     i56305503    A:40 X:19 Y:00 S:E0 P:nvUbdizC  $00:9F04: A5 1B    LDA $1B = #$40
f55     c1608224     i56305504    A:40 X:19 Y:00 S:E0 P:nvUbdizC  $00:9F06: 10 FC    BPL $9F04
f55     c1608227     i56305505    A:40 X:19 Y:00 S:E0 P:nvUbdizC  $00:9F04: A5 1B    LDA $1B = #$40
f55     c1608230     i56305506    A:40 X:19 Y:00 S:E0 P:nvUbdizC  $00:9F06: 10 FC    BPL $9F04
f55     c1608233     i56305507    A:40 X:19 Y:00 S:E0 P:nvUbdizC  $00:9F04: A5 1B    LDA $1B = #$40
f55     c1608236     i56305508    A:40 X:19 Y:00 S:E0 P:nvUbdizC  $00:9F06: 10 FC    BPL $9F04
f55     c1608239     i56305509    A:40 X:19 Y:00 S:E0 P:nvUbdizC  $00:9F04: A5 1B    LDA $1B = #$40
f55     c1608242     i56305510    A:40 X:19 Y:00 S:E0 P:nvUbdizC  $00:9F06: 10 FC    BPL $9F04
f55     c1608245     i56305511    A:40 X:19 Y:00 S:E0 P:nvUbdizC  $00:9F04: A5 1B    LDA $1B = #$40
f55     c1608248     i56305512    A:40 X:19 Y:00 S:E0 P:nvUbdizC  $00:9F06: 10 FC    BPL $9F04
f55     c1608251     i56305513    A:40 X:19 Y:00 S:E0 P:nvUbdizC  $00:9F04: A5 1B    LDA $1B = #$40
f55     c1608254     i56305514    A:40 X:19 Y:00 S:E0 P:nvUbdizC  $00:9F06: 10 FC    BPL $9F04
f55     c1608257     i56305515    A:40 X:19 Y:00 S:E0 P:nvUbdizC  $00:9F04: A5 1B    LDA $1B = #$40
f55     c1608260     i56305516    A:40 X:19 Y:00 S:E0 P:nvUbdizC  $00:9F06: 10 FC    BPL $9F04
f55     c1608263     i56305517    A:40 X:19 Y:00 S:E0 P:nvUbdizC  $00:9F04: A5 1B    LDA $1B = #$40
f55     c1608273     i56305518    A:40 X:19 Y:00 S:DD P:nvUbdIzC  $0F:C500: 4C 6E C7 JMP $C76E
f55     c1608276     i56305519    A:40 X:19 Y:00 S:DD P:nvUbdIzC  $0F:C76E: 24 1B    BIT $1B = #$40
f55     c1608279     i56305520    A:40 X:19 Y:00 S:DD P:nVUbdIzC  $0F:C770: 50 03    BVC $C775
f55     c1608281     i56305521    A:40 X:19 Y:00 S:DD P:nVUbdIzC  $0F:C772: 4C 21 C4 JMP $C421
f55     c1608284     i56305522    A:40 X:19 Y:00 S:DD P:nVUbdIzC  $0F:C421: 24 3B    BIT $3B = #$55
f55     c1608287     i56305523    A:40 X:19 Y:00 S:DD P:nVUbdIzC  $0F:C423: 30 4D    BMI $C472
f55     c1608289     i56305524    A:40 X:19 Y:00 S:DD P:nVUbdIzC  $0F:C425: 38       SEC
f55     c1608291     i56305525    A:40 X:19 Y:00 S:DD P:nVUbdIzC  $0F:C426: 66 3B    ROR $3B = #$55
f55     c1608296     i56305526    A:40 X:19 Y:00 S:DD P:NVUbdIzC  $0F:C428: 85 3C    STA $3C = #$40
f55     c1608299     i56305527    A:40 X:19 Y:00 S:DD P:NVUbdIzC  $0F:C42A: 86 3D    STX $3D = #$19
f55     c1608302     i56305528    A:40 X:19 Y:00 S:DD P:NVUbdIzC  $0F:C42C: 84 3E    STY $3E = #$00
f55     c1608305     i56305529    A:40 X:19 Y:00 S:DD P:NVUbdIzC  $0F:C42E: A5 22    LDA $22 = #$00
f55     c1608308     i56305530    A:00 X:19 Y:00 S:DD P:nVUbdIZC  $0F:C430: 09 07    ORA #$07
f55     c1608310     i56305531    A:07 X:19 Y:00 S:DD P:nVUbdIzC  $0F:C432: 8D 00 80 STA $8000 = #$A5
f55     c1608314     i56305532    A:07 X:19 Y:00 S:DD P:nVUbdIzC  $0F:C435: A9 02    LDA #$02
f55     c1608316     i56305533    A:02 X:19 Y:00 S:DD P:nVUbdIzC  $0F:C437: 8D 01 80 STA $8001 = #$27
f55     c1608320     i56305534    A:02 X:19 Y:00 S:DD P:nVUbdIzC  $0F:C43A: 20 00 A0 JSR $A000
f61     c1793946     i56364606    A:00 X:00 Y:F8 S:EC P:nvUbdiZc  $01:A8EE: 99 02 02 STA $0202,Y @ $02FA = #$00
f61     c1793951     i56364607    A:00 X:00 Y:F8 S:EC P:nvUbdiZc  $01:A8F1: B9 6B 04 LDA $046B,Y @ $0563 = #$00
f61     c1793956     i56364608    A:00 X:00 Y:F8 S:EC P:nvUbdiZc  $01:A8F4: 99 03 02 STA $0203,Y @ $02FB = #$00
f61     c1793961     i56364609    A:00 X:00 Y:F8 S:EC P:nvUbdiZc  $01:A8F7: C8       INY
f61     c1793963     i56364610    A:00 X:00 Y:F9 S:EC P:NvUbdizc  $01:A8F8: C8       INY
f61     c1793965     i56364611    A:00 X:00 Y:FA S:EC P:NvUbdizc  $01:A8F9: C8       INY
f61     c1793967     i56364612    A:00 X:00 Y:FB S:EC P:NvUbdizc  $01:A8FA: C8       INY
f61     c1793969     i56364613    A:00 X:00 Y:FC S:EC P:NvUbdizc  $01:A8FB: D0 D8    BNE $A8D5
f61     c1793972     i56364614    A:00 X:00 Y:FC S:EC P:NvUbdizc  $01:A8D5: BE 68 04 LDX $0468,Y @ $0564 = #$00
f61     c1793977     i56364615    A:00 X:00 Y:FC S:EC P:nvUbdiZc  $01:A8D8: B9 6A 04 LDA $046A,Y @ $0566 = #$00
f61     c1793982     i56364616    A:00 X:00 Y:FC S:EC P:nvUbdiZc  $01:A8DB: 29 0C    AND #$0C
f61     c1793984     i56364617    A:00 X:00 Y:FC S:EC P:nvUbdiZc  $01:A8DD: F0 02    BEQ $A8E1
f61     c1793987     i56364618    A:00 X:00 Y:FC S:EC P:nvUbdiZc  $01:A8E1: 8A       TXA
f61     c1793989     i56364619    A:00 X:00 Y:FC S:EC P:nvUbdiZc  $01:A8E2: 99 00 02 STA $0200,Y @ $02FC = #$00
f61     c1793994     i56364620    A:00 X:00 Y:FC S:EC P:nvUbdiZc  $01:A8E5: B9 69 04 LDA $0469,Y @ $0565 = #$00
f61     c1793999     i56364621    A:00 X:00 Y:FC S:EC P:nvUbdiZc  $01:A8E8: 99 01 02 STA $0201,Y @ $02FD = #$00
f61     c1794004     i56364622    A:00 X:00 Y:FC S:EC P:nvUbdiZc  $01:A8EB: B9 6A 04 LDA $046A,Y @ $0566 = #$00
f61     c1794009     i56364623    A:00 X:00 Y:FC S:EC P:nvUbdiZc  $01:A8EE: 99 02 02 STA $0202,Y @ $02FE = #$00
f61     c1794014     i56364624    A:00 X:00 Y:FC S:EC P:nvUbdiZc  $01:A8F1: B9 6B 04 LDA $046B,Y @ $0567 = #$F8
f61     c1794019     i56364625    A:F8 X:00 Y:FC S:EC P:NvUbdizc  $01:A8F4: 99 03 02 STA $0203,Y @ $02FF = #$F8
f61     c1794024     i56364626    A:F8 X:00 Y:FC S:EC P:NvUbdizc  $01:A8F7: C8       INY
f61     c1794026     i56364627    A:F8 X:00 Y:FD S:EC P:NvUbdizc  $01:A8F8: C8       INY
f61     c1794028     i56364628    A:F8 X:00 Y:FE S:EC P:NvUbdizc  $01:A8F9: C8       INY
f61     c1794030     i56364629    A:F8 X:00 Y:FF S:EC P:NvUbdizc  $01:A8FA: C8       INY
f61     c1794032     i56364630    A:F8 X:00 Y:00 S:EC P:nvUbdiZc  $01:A8FB: D0 D8    BNE $A8D5
f61     c1794034     i56364631    A:F8 X:00 Y:00 S:EC P:nvUbdiZc  $01:A8FD: 60       RTS (from $A215)
f61     c1794040     i56364632    A:F8 X:00 Y:00 S:EE P:nvUbdiZc  $00:8392: A2 06    LDX #$06
f61     c1794042     i56364633    A:F8 X:06 Y:00 S:EE P:nvUbdizc  $00:8394: 20 B9 C4 JSR $C4B9
f61     c1794048     i56364634    A:F8 X:06 Y:00 S:EC P:nvUbdizc  $0F:C4B9: 86 25    STX $25 = #$02
f61     c1794051     i56364635    A:F8 X:06 Y:00 S:EC P:nvUbdizc  $0F:C4BB: A9 07    LDA #$07
f61     c1794053     i56364636    A:07 X:06 Y:00 S:EC P:nvUbdizc  $0F:C4BD: 05 22    ORA $22 = #$00
f61     c1794056     i56364637    A:07 X:06 Y:00 S:EC P:nvUbdizc  $0F:C4BF: 85 23    STA $23 = #$06
f61     c1794059     i56364638    A:07 X:06 Y:00 S:EC P:nvUbdizc  $0F:C4C1: 8D 00 80 STA $8000 = #$A5
f61     c1794063     i56364639    A:07 X:06 Y:00 S:EC P:nvUbdizc  $0F:C4C4: 8E 01 80 STX $8001 = #$27
f61     c1794067     i56364640    A:07 X:06 Y:00 S:EC P:nvUbdizc  $0F:C4C7: 60       RTS (from $C4B9)
f61     c1794073     i56364641    A:07 X:06 Y:00 S:EE P:nvUbdizc  $00:8397: 60       RTS (from $838A)
f61     c1794079     i56364642    A:07 X:06 Y:00 S:F0 P:nvUbdizc  $00:82F0: A5 4C    LDA $4C = #$00
f61     c1794082     i56364643    A:00 X:06 Y:00 S:F0 P:nvUbdiZc  $00:82F2: 10 F9    BPL $82ED
f61     c1794085     i56364644    A:00 X:06 Y:00 S:F0 P:nvUbdiZc  $00:82ED: 20 8A 83 JSR $838A
f61     c1794091     i56364645    A:00 X:06 Y:00 S:EE P:nvUbdiZc  $00:838A: A2 02    LDX #$02
f61     c1794093     i56364646    A:00 X:02 Y:00 S:EE P:nvUbdizc  $00:838C: 20 B9 C4 JSR $C4B9
f63     c1848014     i56382023    A:0C X:00 Y:00 S:DB P:nvUbdIZc  $06:8002: BC 00 07 LDY $0700,X @ $0700 = #$00
f63     c1848018     i56382024    A:0C X:00 Y:00 S:DB P:nvUbdIZc  $06:8005: C0 32    CPY #$32
f63     c1848020     i56382025    A:0C X:00 Y:00 S:DB P:NvUbdIzc  $06:8007: B0 0E    BCS $8017
f63     c1848022     i56382026    A:0C X:00 Y:00 S:DB P:NvUbdIzc  $06:8009: A0 07    LDY #$07
f63     c1848024     i56382027    A:0C X:00 Y:07 S:DB P:nvUbdIzc  $06:800B: 8C 00 80 STY $8000 = #$A2
f63     c1848028     i56382028    A:0C X:00 Y:07 S:DB P:nvUbdIzc  $06:800E: AC FC 07 LDY $07FC = #$00
f63     c1848032     i56382029    A:0C X:00 Y:00 S:DB P:nvUbdIZc  $06:8011: 8C 01 80 STY $8001 = #$05
f63     c1848036     i56382030    A:0C X:00 Y:00 S:DB P:nvUbdIZc  $06:8014: 4C 5E 80 JMP $805E
f63     c1848039     i56382031    A:0C X:00 Y:00 S:DB P:nvUbdIZc  $06:805E: CA       DEX
f63     c1848041     i56382032    A:0C X:FF Y:00 S:DB P:NvUbdIzc  $06:805F: 10 A1    BPL $8002
f63     c1848043     i56382033    A:0C X:FF Y:00 S:DB P:NvUbdIzc  $06:8061: A2 05    LDX #$05
f63     c1848045     i56382034    A:0C X:05 Y:00 S:DB P:nvUbdIzc  $06:8063: BC 00 07 LDY $0700,X @ $0705 = #$00
f63     c1848049     i56382035    A:0C X:05 Y:00 S:DB P:nvUbdIZc  $06:8066: F0 4F    BEQ $80B7
f63     c1848052     i56382036    A:0C X:05 Y:00 S:DB P:nvUbdIZc  $06:80B7: CA       DEX
f63     c1848054     i56382037    A:0C X:04 Y:00 S:DB P:nvUbdIzc  $06:80B8: 10 A9    BPL $8063
f63     c1848057     i56382038    A:0C X:04 Y:00 S:DB P:nvUbdIzc  $06:8063: BC 00 07 LDY $0700,X @ $0704 = #$00
f63     c1848061     i56382039    A:0C X:04 Y:00 S:DB P:nvUbdIZc  $06:8066: F0 4F    BEQ $80B7
f63     c1848064     i56382040    A:0C X:04 Y:00 S:DB P:nvUbdIZc  $06:80B7: CA       DEX
f63     c1848066     i56382041    A:0C X:03 Y:00 S:DB P:nvUbdIzc  $06:80B8: 10 A9    BPL $8063
f63     c1848069     i56382042    A:0C X:03 Y:00 S:DB P:nvUbdIzc  $06:8063: BC 00 07 LDY $0700,X @ $0703 = #$00
f63     c1848073     i56382043    A:0C X:03 Y:00 S:DB P:nvUbdIZc  $06:8066: F0 4F    BEQ $80B7
f63     c1848076     i56382044    A:0C X:03 Y:00 S:DB P:nvUbdIZc  $06:80B7: CA       DEX
f63     c1848078     i56382045    A:0C X:02 Y:00 S:DB P:nvUbdIzc  $06:80B8: 10 A9    BPL $8063
f63     c1848081     i56382046    A:0C X:02 Y:00 S:DB P:nvUbdIzc  $06:8063: BC 00 07 LDY $0700,X @ $0702 = #$00
f63     c1848085     i56382047    A:0C X:02 Y:00 S:DB P:nvUbdIZc  $06:8066: F0 4F    BEQ $80B7
f63     c1848088     i56382048    A:0C X:02 Y:00 S:DB P:nvUbdIZc  $06:80B7: CA       DEX
f63     c1848090     i56382049    A:0C X:01 Y:00 S:DB P:nvUbdIzc  $06:80B8: 10 A9    BPL $8063
f63     c1848093     i56382050    A:0C X:01 Y:00 S:DB P:nvUbdIzc  $06:8063: BC 00 07 LDY $0700,X @ $0701 = #$00
f63     c1848097     i56382051    A:0C X:01 Y:00 S:DB P:nvUbdIZc  $06:8066: F0 4F    BEQ $80B7
f63     c1848100     i56382052    A:0C X:01 Y:00 S:DB P:nvUbdIZc  $06:80B7: CA       DEX
f63     c1848102     i56382053    A:0C X:00 Y:00 S:DB P:nvUbdIZc  $06:80B8: 10 A9    BPL $8063
f63     c1848105     i56382054    A:0C X:00 Y:00 S:DB P:nvUbdIZc  $06:8063: BC 00 07 LDY $0700,X @ $0700 = #$00
f63     c1848109     i56382055    A:0C X:00 Y:00 S:DB P:nvUbdIZc  $06:8066: F0 4F    BEQ $80B7
f63     c1848112     i56382056    A:0C X:00 Y:00 S:DB P:nvUbdIZc  $06:80B7: CA       DEX
f63     c1848114     i56382057    A:0C X:FF Y:00 S:DB P:NvUbdIzc  $06:80B8: 10 A9    BPL $8063
f63     c1848116     i56382058    A:0C X:FF Y:00 S:DB P:NvUbdIzc  $06:80BA: A9 27    LDA #$27
f63     c1848118     i56382059    A:27 X:FF Y:00 S:DB P:nvUbdIzc  $06:80BC: 85 F0    STA $F0 = #$67
f63     c1848121     i56382060    A:27 X:FF Y:00 S:DB P:nvUbdIzc  $06:80BE: A9 07    LDA #$07
f63     c1848123     i56382061    A:07 X:FF Y:00 S:DB P:nvUbdIzc  $06:80C0: 85 F1    STA $F1 = #$07
f63     c1848126     i56382062    A:07 X:FF Y:00 S:DB P:nvUbdIzc  $06:80C2: A9 00    LDA #$00
f63     c1848128     i56382063    A:00 X:FF Y:00 S:DB P:nvUbdIZc  $06:80C4: 85 F2    STA $F2 = #$FF
f63     c1848131     i56382064    A:00 X:FF Y:00 S:DB P:nvUbdIZc  $06:80C6: A0 08    LDY #$08
f65     c1906908     i56400848    A:00 X:02 Y:07 S:DB P:nVUbdIzc  $01:A0ED: BD 15 40 LDA $4015,X @ $4017 = #$01
f65     c1906912     i56400849    A:40 X:02 Y:07 S:DB P:nVUbdIzc  $01:A0F0: 4A       LSR
f65     c1906914     i56400850    A:20 X:02 Y:07 S:DB P:nVUbdIzc  $01:A0F1: 26 3F    ROL $3F = #$00
f65     c1906919     i56400851    A:20 X:02 Y:07 S:DB P:nVUbdIZc  $01:A0F3: 29 01    AND #$01
f65     c1906921     i56400852    A:00 X:02 Y:07 S:DB P:nVUbdIZc  $01:A0F5: 05 3F    ORA $3F = #$00
f65     c1906924     i56400853    A:00 X:02 Y:07 S:DB P:nVUbdIZc  $01:A0F7: 85 3F    STA $3F = #$00
f65     c1906927     i56400854    A:00 X:02 Y:07 S:DB P:nVUbdIZc  $01:A0F9: 88       DEY
f65     c1906929     i56400855    A:00 X:02 Y:06 S:DB P:nVUbdIzc  $01:A0FA: D0 F1    BNE $A0ED
f65     c1906932     i56400856    A:00 X:02 Y:06 S:DB P:nVUbdIzc  $01:A0ED: BD 15 40 LDA $4015,X @ $4017 = #$01
f65     c1906936     i56400857    A:40 X:02 Y:06 S:DB P:nVUbdIzc  $01:A0F0: 4A       LSR
f65     c1906938     i56400858    A:20 X:02 Y:06 S:DB P:nVUbdIzc  $01:A0F1: 26 3F    ROL $3F = #$00
f65     c1906943     i56400859    A:20 X:02 Y:06 S:DB P:nVUbdIZc  $01:A0F3: 29 01    AND #$01
f65     c1906945     i56400860    A:00 X:02 Y:06 S:DB P:nVUbdIZc  $01:A0F5: 05 3F    ORA $3F = #$00
f65     c1906948     i56400861    A:00 X:02 Y:06 S:DB P:nVUbdIZc  $01:A0F7: 85 3F    STA $3F = #$00
f65     c1906951     i56400862    A:00 X:02 Y:06 S:DB P:nVUbdIZc  $01:A0F9: 88       DEY
f65     c1906953     i56400863    A:00 X:02 Y:05 S:DB P:nVUbdIzc  $01:A0FA: D0 F1    BNE $A0ED
f65     c1906956     i56400864    A:00 X:02 Y:05 S:DB P:nVUbdIzc  $01:A0ED: BD 15 40 LDA $4015,X @ $4017 = #$01
f65     c1906960     i56400865    A:40 X:02 Y:05 S:DB P:nVUbdIzc  $01:A0F0: 4A       LSR
f65     c1906962     i56400866    A:20 X:02 Y:05 S:DB P:nVUbdIzc  $01:A0F1: 26 3F    ROL $3F = #$00
f65     c1906967     i56400867    A:20 X:02 Y:05 S:DB P:nVUbdIZc  $01:A0F3: 29 01    AND #$01
f65     c1906969     i56400868    A:00 X:02 Y:05 S:DB P:nVUbdIZc  $01:A0F5: 05 3F    ORA $3F = #$00
f65     c1906972     i56400869    A:00 X:02 Y:05 S:DB P:nVUbdIZc  $01:A0F7: 85 3F    STA $3F = #$00
f65     c1906975     i56400870    A:00 X:02 Y:05 S:DB P:nVUbdIZc  $01:A0F9: 88       DEY
f65     c1906977     i56400871    A:00 X:02 Y:04 S:DB P:nVUbdIzc  $01:A0FA: D0 F1    BNE $A0ED
f65     c1906980     i56400872    A:00 X:02 Y:04 S:DB P:nVUbdIzc  $01:A0ED: BD 15 40 LDA $4015,X @ $4017 = #$01
f65     c1906984     i56400873    A:40 X:02 Y:04 S:DB P:nVUbdIzc  $01:A0F0: 4A       LSR
f65     c1906986     i56400874    A:20 X:02 Y:04 S:DB P:nVUbdIzc  $01:A0F1: 26 3F    ROL $3F = #$00
f65     c1906991     i56400875    A:20 X:02 Y:04 S:DB P:nVUbdIZc  $01:A0F3: 29 01    AND #$01
f65     c1906993     i56400876    A:00 X:02 Y:04 S:DB P:nVUbdIZc  $01:A0F5: 05 3F    ORA $3F = #$00
f65     c1906996     i56400877    A:00 X:02 Y:04 S:DB P:nVUbdIZc  $01:A0F7: 85 3F    STA $3F = #$00
f65     c1906999     i56400878    A:00 X:02 Y:04 S:DB P:nVUbdIZc  $01:A0F9: 88       DEY
f65     c1907001     i56400879    A:00 X:02 Y:03 S:DB P:nVUbdIzc  $01:A0FA: D0 F1    BNE $A0ED
f65     c1907004     i56400880    A:00 X:02 Y:03 S:DB P:nVUbdIzc  $01:A0ED: BD 15 40 LDA $4015,X @ $4017 = #$01
f65     c1907008     i56400881    A:40 X:02 Y:03 S:DB P:nVUbdIzc  $01:A0F0: 4A       LSR
f65     c1907010     i56400882    A:20 X:02 Y:03 S:DB P:nVUbdIzc  $01:A0F1: 26 3F    ROL $3F = #$00
f65     c1907015     i56400883    A:20 X:02 Y:03 S:DB P:nVUbdIZc  $01:A0F3: 29 01    AND #$01
f65     c1907017     i56400884    A:00 X:02 Y:03 S:DB P:nVUbdIZc  $01:A0F5: 05 3F    ORA $3F = #$00
f65     c1907020     i56400885    A:00 X:02 Y:03 S:DB P:nVUbdIZc  $01:A0F7: 85 3F    STA $3F = #$00
f65     c1907023     i56400886    A:00 X:02 Y:03 S:DB P:nVUbdIZc  $01:A0F9: 88       DEY
f65     c1907025     i56400887    A:00 X:02 Y:02 S:DB P:nVUbdIzc  $01:A0FA: D0 F1    BNE $A0ED
f65     c1907028     i56400888    A:00 X:02 Y:02 S:DB P:nVUbdIzc  $01:A0ED: BD 15 40 LDA $4015,X @ $4017 = #$01
f65     c1907032     i56400889    A:40 X:02 Y:02 S:DB P:nVUbdIzc  $01:A0F0: 4A       LSR
f67     c1966444     i56419886    A:00 X:02 Y:08 S:DB P:nVUbdIzc  $01:A0ED: BD 15 40 LDA $4015,X @ $4017 = #$01
f67     c1966448     i56419887    A:40 X:02 Y:08 S:DB P:nVUbdIzc  $01:A0F0: 4A       LSR
f67     c1966450     i56419888    A:20 X:02 Y:08 S:DB P:nVUbdIzc  $01:A0F1: 26 3F    ROL $3F = #$00
f67     c1966455     i56419889    A:20 X:02 Y:08 S:DB P:nVUbdIZc  $01:A0F3: 29 01    AND #$01
f67     c1966457     i56419890    A:00 X:02 Y:08 S:DB P:nVUbdIZc  $01:A0F5: 05 3F    ORA $3F = #$00
f67     c1966460     i56419891    A:00 X:02 Y:08 S:DB P:nVUbdIZc  $01:A0F7: 85 3F    STA $3F = #$00
f67     c1966463     i56419892    A:00 X:02 Y:08 S:DB P:nVUbdIZc  $01:A0F9: 88       DEY
f67     c1966465     i56419893    A:00 X:02 Y:07 S:DB P:nVUbdIzc  $01:A0FA: D0 F1    BNE $A0ED
f67     c1966468     i56419894    A:00 X:02 Y:07 S:DB P:nVUbdIzc  $01:A0ED: BD 15 40 LDA $4015,X @ $4017 = #$01
f67     c1966472     i56419895    A:40 X:02 Y:07 S:DB P:nVUbdIzc  $01:A0F0: 4A       LSR
f67     c1966474     i56419896    A:20 X:02 Y:07 S:DB P:nVUbdIzc  $01:A0F1: 26 3F    ROL $3F = #$00
f67     c1966479     i56419897    A:20 X:02 Y:07 S:DB P:nVUbdIZc  $01:A0F3: 29 01    AND #$01
f67     c1966481     i56419898    A:00 X:02 Y:07 S:DB P:nVUbdIZc  $01:A0F5: 05 3F    ORA $3F = #$00
f67     c1966484     i56419899    A:00 X:02 Y:07 S:DB P:nVUbdIZc  $01:A0F7: 85 3F    STA $3F = #$00
f67     c1966487     i56419900    A:00 X:02 Y:07 S:DB P:nVUbdIZc  $01:A0F9: 88       DEY
f67     c1966489     i56419901    A:00 X:02 Y:06 S:DB P:nVUbdIzc  $01:A0FA: D0 F1    BNE $A0ED
f67     c1966492     i56419902    A:00 X:02 Y:06 S:DB P:nVUbdIzc  $01:A0ED: BD 15 40 LDA $4015,X @ $4017 = #$01
f67     c1966496     i56419903    A:40 X:02 Y:06 S:DB P:nVUbdIzc  $01:A0F0: 4A       LSR
f67     c1966498     i56419904    A:20 X:02 Y:06 S:DB P:nVUbdIzc  $01:A0F1: 26 3F    ROL $3F = #$00
f67     c1966503     i56419905    A:20 X:02 Y:06 S:DB P:nVUbdIZc  $01:A0F3: 29 01    AND #$01
f67     c1966505     i56419906    A:00 X:02 Y:06 S:DB P:nVUbdIZc  $01:A0F5: 05 3F    ORA $3F = #$00
f67     c1966508     i56419907    A:00 X:02 Y:06 S:DB P:nVUbdIZc  $01:A0F7: 85 3F    STA $3F = #$00
f67     c1966511     i56419908    A:00 X:02 Y:06 S:DB P:nVUbdIZc  $01:A0F9: 88       DEY
f67     c1966513     i56419909    A:00 X:02 Y:05 S:DB P:nVUbdIzc  $01:A0FA: D0 F1    BNE $A0ED
f67     c1966516     i56419910    A:00 X:02 Y:05 S:DB P:nVUbdIzc  $01:A0ED: BD 15 40 LDA $4015,X @ $4017 = #$01
f67     c1966520     i56419911    A:40 X:02 Y:05 S:DB P:nVUbdIzc  $01:A0F0: 4A       LSR
f67     c1966522     i56419912    A:20 X:02 Y:05 S:DB P:nVUbdIzc  $01:A0F1: 26 3F    ROL $3F = #$00
f67     c1966527     i56419913    A:20 X:02 Y:05 S:DB P:nVUbdIZc  $01:A0F3: 29 01    AND #$01
f67     c1966529     i56419914    A:00 X:02 Y:05 S:DB P:nVUbdIZc  $01:A0F5: 05 3F    ORA $3F = #$00
f67     c1966532     i56419915    A:00 X:02 Y:05 S:DB P:nVUbdIZc  $01:A0F7: 85 3F    STA $3F = #$00
f67     c1966535     i56419916    A:00 X:02 Y:05 S:DB P:nVUbdIZc  $01:A0F9: 88       DEY
f67     c1966537     i56419917    A:00 X:02 Y:04 S:DB P:nVUbdIzc  $01:A0FA: D0 F1    BNE $A0ED
f67     c1966540     i56419918    A:00 X:02 Y:04 S:DB P:nVUbdIzc  $01:A0ED: BD 15 40 LDA $4015,X @ $4017 = #$01
f67     c1966544     i56419919    A:40 X:02 Y:04 S:DB P:nVUbdIzc  $01:A0F0: 4A       LSR
f67     c1966546     i56419920    A:20 X:02 Y:04 S:DB P:nVUbdIzc  $01:A0F1: 26 3F    ROL $3F = #$00
f67     c1966551     i56419921    A:20 X:02 Y:04 S:DB P:nVUbdIZc  $01:A0F3: 29 01    AND #$01
f67     c1966553     i56419922    A:00 X:02 Y:04 S:DB P:nVUbdIZc  $01:A0F5: 05 3F    ORA $3F = #$00
f67     c1966556     i56419923    A:00 X:02 Y:04 S:DB P:nVUbdIZc  $01:A0F7: 85 3F    STA $3F = #$00
f67     c1966559     i56419924    A:00 X:02 Y:04 S:DB P:nVUbdIZc  $01:A0F9: 88       DEY
f67     c1966561     i56419925    A:00 X:02 Y:03 S:DB P:nVUbdIzc  $01:A0FA: D0 F1    BNE $A0ED
f67     c1966564     i56419926    A:00 X:02 Y:03 S:DB P:nVUbdIzc  $01:A0ED: BD 15 40 LDA $4015,X @ $4017 = #$01
f67     c1966568     i56419927    A:40 X:02 Y:03 S:DB P:nVUbdIzc  $01:A0F0: 4A       LSR
f71     c2085615     i56457995    A:00 X:02 Y:06 S:DB P:nVUbdIzc  $01:A0ED: BD 15 40 LDA $4015,X @ $4017 = #$01
f71     c2085619     i56457996    A:40 X:02 Y:06 S:DB P:nVUbdIzc  $01:A0F0: 4A       LSR
f71     c2085621     i56457997    A:20 X:02 Y:06 S:DB P:nVUbdIzc  $01:A0F1: 26 3F    ROL $3F = #$00
f71     c2085626     i56457998    A:20 X:02 Y:06 S:DB P:nVUbdIZc  $01:A0F3: 29 01    AND #$01
f71     c2085628     i56457999    A:00 X:02 Y:06 S:DB P:nVUbdIZc  $01:A0F5: 05 3F    ORA $3F = #$00
f71     c2085631     i56458000    A:00 X:02 Y:06 S:DB P:nVUbdIZc  $01:A0F7: 85 3F    STA $3F = #$00
f71     c2085634     i56458001    A:00 X:02 Y:06 S:DB P:nVUbdIZc  $01:A0F9: 88       DEY
f71     c2085636     i56458002    A:00 X:02 Y:05 S:DB P:nVUbdIzc  $01:A0FA: D0 F1    BNE $A0ED
f71     c2085639     i56458003    A:00 X:02 Y:05 S:DB P:nVUbdIzc  $01:A0ED: BD 15 40 LDA $4015,X @ $4017 = #$01
f71     c2085643     i56458004    A:40 X:02 Y:05 S:DB P:nVUbdIzc  $01:A0F0: 4A       LSR
f71     c2085645     i56458005    A:20 X:02 Y:05 S:DB P:nVUbdIzc  $01:A0F1: 26 3F    ROL $3F = #$00
f71     c2085650     i56458006    A:20 X:02 Y:05 S:DB P:nVUbdIZc  $01:A0F3: 29 01    AND #$01
f71     c2085652     i56458007    A:00 X:02 Y:05 S:DB P:nVUbdIZc  $01:A0F5: 05 3F    ORA $3F = #$00
f71     c2085655     i56458008    A:00 X:02 Y:05 S:DB P:nVUbdIZc  $01:A0F7: 85 3F    STA $3F = #$00
f71     c2085658     i56458009    A:00 X:02 Y:05 S:DB P:nVUbdIZc  $01:A0F9: 88       DEY
f71     c2085660     i56458010    A:00 X:02 Y:04 S:DB P:nVUbdIzc  $01:A0FA: D0 F1    BNE $A0ED
f71     c2085663     i56458011    A:00 X:02 Y:04 S:DB P:nVUbdIzc  $01:A0ED: BD 15 40 LDA $4015,X @ $4017 = #$01
f71     c2085667     i56458012    A:40 X:02 Y:04 S:DB P:nVUbdIzc  $01:A0F0: 4A       LSR
f71     c2085669     i56458013    A:20 X:02 Y:04 S:DB P:nVUbdIzc  $01:A0F1: 26 3F    ROL $3F = #$00
f71     c2085674     i56458014    A:20 X:02 Y:04 S:DB P:nVUbdIZc  $01:A0F3: 29 01    AND #$01
f71     c2085676     i56458015    A:00 X:02 Y:04 S:DB P:nVUbdIZc  $01:A0F5: 05 3F    ORA $3F = #$00
f71     c2085679     i56458016    A:00 X:02 Y:04 S:DB P:nVUbdIZc  $01:A0F7: 85 3F    STA $3F = #$00
f71     c2085682     i56458017    A:00 X:02 Y:04 S:DB P:nVUbdIZc  $01:A0F9: 88       DEY
f71     c2085684     i56458018    A:00 X:02 Y:03 S:DB P:nVUbdIzc  $01:A0FA: D0 F1    BNE $A0ED
f71     c2085687     i56458019    A:00 X:02 Y:03 S:DB P:nVUbdIzc  $01:A0ED: BD 15 40 LDA $4015,X @ $4017 = #$01
f71     c2085691     i56458020    A:40 X:02 Y:03 S:DB P:nVUbdIzc  $01:A0F0: 4A       LSR
f71     c2085693     i56458021    A:20 X:02 Y:03 S:DB P:nVUbdIzc  $01:A0F1: 26 3F    ROL $3F = #$00
f71     c2085698     i56458022    A:20 X:02 Y:03 S:DB P:nVUbdIZc  $01:A0F3: 29 01    AND #$01
f71     c2085700     i56458023    A:00 X:02 Y:03 S:DB P:nVUbdIZc  $01:A0F5: 05 3F    ORA $3F = #$00
f71     c2085703     i56458024    A:00 X:02 Y:03 S:DB P:nVUbdIZc  $01:A0F7: 85 3F    STA $3F = #$00
f71     c2085706     i56458025    A:00 X:02 Y:03 S:DB P:nVUbdIZc  $01:A0F9: 88       DEY
f71     c2085708     i56458026    A:00 X:02 Y:02 S:DB P:nVUbdIzc  $01:A0FA: D0 F1    BNE $A0ED
f71     c2085711     i56458027    A:00 X:02 Y:02 S:DB P:nVUbdIzc  $01:A0ED: BD 15 40 LDA $4015,X @ $4017 = #$01
f71     c2085715     i56458028    A:40 X:02 Y:02 S:DB P:nVUbdIzc  $01:A0F0: 4A       LSR
f71     c2085717     i56458029    A:20 X:02 Y:02 S:DB P:nVUbdIzc  $01:A0F1: 26 3F    ROL $3F = #$00
f71     c2085722     i56458030    A:20 X:02 Y:02 S:DB P:nVUbdIZc  $01:A0F3: 29 01    AND #$01
f71     c2085724     i56458031    A:00 X:02 Y:02 S:DB P:nVUbdIZc  $01:A0F5: 05 3F    ORA $3F = #$00
f71     c2085727     i56458032    A:00 X:02 Y:02 S:DB P:nVUbdIZc  $01:A0F7: 85 3F    STA $3F = #$00
f71     c2085730     i56458033    A:00 X:02 Y:02 S:DB P:nVUbdIZc  $01:A0F9: 88       DEY
f71     c2085732     i56458034    A:00 X:02 Y:01 S:DB P:nVUbdIzc  $01:A0FA: D0 F1    BNE $A0ED
f71     c2085735     i56458035    A:00 X:02 Y:01 S:DB P:nVUbdIzc  $01:A0ED: BD 15 40 LDA $4015,X @ $4017 = #$01
f71     c2085739     i56458036    A:40 X:02 Y:01 S:DB P:nVUbdIzc  $01:A0F0: 4A       LSR
f72     c2114457     i56467386    A:40 X:19 Y:00 S:E0 P:nvUbdizC  $00:9F04: A5 1B    LDA $1B = #$40
f72     c2114460     i56467387    A:40 X:19 Y:00 S:E0 P:nvUbdizC  $00:9F06: 10 FC    BPL $9F04
f72     c2114463     i56467388    A:40 X:19 Y:00 S:E0 P:nvUbdizC  $00:9F04: A5 1B    LDA $1B = #$40
f72     c2114466     i56467389    A:40 X:19 Y:00 S:E0 P:nvUbdizC  $00:9F06: 10 FC    BPL $9F04
f72     c2114469     i56467390    A:40 X:19 Y:00 S:E0 P:nvUbdizC  $00:9F04: A5 1B    LDA $1B = #$40
f72     c2114472     i56467391    A:40 X:19 Y:00 S:E0 P:nvUbdizC  $00:9F06: 10 FC    BPL $9F04
f72     c2114475     i56467392    A:40 X:19 Y:00 S:E0 P:nvUbdizC  $00:9F04: A5 1B    LDA $1B = #$40
f72     c2114478     i56467393    A:40 X:19 Y:00 S:E0 P:nvUbdizC  $00:9F06: 10 FC    BPL $9F04
f72     c2114481     i56467394    A:40 X:19 Y:00 S:E0 P:nvUbdizC  $00:9F04: A5 1B    LDA $1B = #$40
f72     c2114484     i56467395    A:40 X:19 Y:00 S:E0 P:nvUbdizC  $00:9F06: 10 FC    BPL $9F04
f72     c2114487     i56467396    A:40 X:19 Y:00 S:E0 P:nvUbdizC  $00:9F04: A5 1B    LDA $1B = #$40
f72     c2114490     i56467397    A:40 X:19 Y:00 S:E0 P:nvUbdizC  $00:9F06: 10 FC    BPL $9F04
f72     c2114493     i56467398    A:40 X:19 Y:00 S:E0 P:nvUbdizC  $00:9F04: A5 1B    LDA $1B = #$40
f72     c2114496     i56467399    A:40 X:19 Y:00 S:E0 P:nvUbdizC  $00:9F06: 10 FC    BPL $9F04
f72     c2114499     i56467400    A:40 X:19 Y:00 S:E0 P:nvUbdizC  $00:9F04: A5 1B    LDA $1B = #$40
f72     c2114502     i56467401    A:40 X:19 Y:00 S:E0 P:nvUbdizC  $00:9F06: 10 FC    BPL $9F04
f72     c2114505     i56467402    A:40 X:19 Y:00 S:E0 P:nvUbdizC  $00:9F04: A5 1B    LDA $1B = #$40
f72     c2114508     i56467403    A:40 X:19 Y:00 S:E0 P:nvUbdizC  $00:9F06: 10 FC    BPL $9F04
f72     c2114511     i56467404    A:40 X:19 Y:00 S:E0 P:nvUbdizC  $00:9F04: A5 1B    LDA $1B = #$40
f72     c2114514     i56467405    A:40 X:19 Y:00 S:E0 P:nvUbdizC  $00:9F06: 10 FC    BPL $9F04
f72     c2114517     i56467406    A:40 X:19 Y:00 S:E0 P:nvUbdizC  $00:9F04: A5 1B    LDA $1B = #$40
f72     c2114520     i56467407    A:40 X:19 Y:00 S:E0 P:nvUbdizC  $00:9F06: 10 FC    BPL $9F04
f72     c2114523     i56467408    A:40 X:19 Y:00 S:E0 P:nvUbdizC  $00:9F04: A5 1B    LDA $1B = #$40
f72     c2114526     i56467409    A:40 X:19 Y:00 S:E0 P:nvUbdizC  $00:9F06: 10 FC    BPL $9F04
f72     c2114529     i56467410    A:40 X:19 Y:00 S:E0 P:nvUbdizC  $00:9F04: A5 1B    LDA $1B = #$40
f72     c2114532     i56467411    A:40 X:19 Y:00 S:E0 P:nvUbdizC  $00:9F06: 10 FC    BPL $9F04
f72     c2114542     i56467412    A:40 X:19 Y:00 S:DD P:nvUbdIzC  $0F:C500: 4C 6E C7 JMP $C76E
f72     c2114545     i56467413    A:40 X:19 Y:00 S:DD P:nvUbdIzC  $0F:C76E: 24 1B    BIT $1B = #$40
f72     c2114548     i56467414    A:40 X:19 Y:00 S:DD P:nVUbdIzC  $0F:C770: 50 03    BVC $C775
f72     c2114550     i56467415    A:40 X:19 Y:00 S:DD P:nVUbdIzC  $0F:C772: 4C 21 C4 JMP $C421
f72     c2114553     i56467416    A:40 X:19 Y:00 S:DD P:nVUbdIzC  $0F:C421: 24 3B    BIT $3B = #$55
f72     c2114556     i56467417    A:40 X:19 Y:00 S:DD P:nVUbdIzC  $0F:C423: 30 4D    BMI $C472
f72     c2114558     i56467418    A:40 X:19 Y:00 S:DD P:nVUbdIzC  $0F:C425: 38       SEC
f72     c2114560     i56467419    A:40 X:19 Y:00 S:DD P:nVUbdIzC  $0F:C426: 66 3B    ROR $3B = #$55
f72     c2114565     i56467420    A:40 X:19 Y:00 S:DD P:NVUbdIzC  $0F:C428: 85 3C    STA $3C = #$40
f72     c2114568     i56467421    A:40 X:19 Y:00 S:DD P:NVUbdIzC  $0F:C42A: 86 3D    STX $3D = #$19
f72     c2114571     i56467422    A:40 X:19 Y:00 S:DD P:NVUbdIzC  $0F:C42C: 84 3E    STY $3E = #$00
f72     c2114574     i56467423    A:40 X:19 Y:00 S:DD P:NVUbdIzC  $0F:C42E: A5 22    LDA $22 = #$00
f72     c2114577     i56467424    A:00 X:19 Y:00 S:DD P:nVUbdIZC  $0F:C430: 09 07    ORA #$07
f72     c2114579     i56467425    A:07 X:19 Y:00 S:DD P:nVUbdIzC  $0F:C432: 8D 00 80 STA $8000 = #$A5
f72     c2114583     i56467426    A:07 X:19 Y:00 S:DD P:nVUbdIzC  $0F:C435: A9 02    LDA #$02
f72     c2114585     i56467427    A:02 X:19 Y:00 S:DD P:nVUbdIzC  $0F:C437: 8D 01 80 STA $8001 = #$27
f79     c2329998     i56536024    A:00 X:00 Y:F8 S:EC P:nvUbdiZc  $01:A8EE: 99 02 02 STA $0202,Y @ $02FA = #$00
f79     c2330003     i56536025    A:00 X:00 Y:F8 S:EC P:nvUbdiZc  $01:A8F1: B9 6B 04 LDA $046B,Y @ $0563 = #$00
f79     c2330008     i56536026    A:00 X:00 Y:F8 S:EC P:nvUbdiZc  $01:A8F4: 99 03 02 STA $0203,Y @ $02FB = #$00
f79     c2330013     i56536027    A:00 X:00 Y:F8 S:EC P:nvUbdiZc  $01:A8F7: C8       INY
f79     c2330015     i56536028    A:00 X:00 Y:F9 S:EC P:NvUbdizc  $01:A8F8: C8       INY
f79     c2330017     i56536029    A:00 X:00 Y:FA S:EC P:NvUbdizc  $01:A8F9: C8       INY
f79     c2330019     i56536030    A:00 X:00 Y:FB S:EC P:NvUbdizc  $01:A8FA: C8       INY
f79     c2330021     i56536031    A:00 X:00 Y:FC S:EC P:NvUbdizc  $01:A8FB: D0 D8    BNE $A8D5
f79     c2330024     i56536032    A:00 X:00 Y:FC S:EC P:NvUbdizc  $01:A8D5: BE 68 04 LDX $0468,Y @ $0564 = #$00
f79     c2330029     i56536033    A:00 X:00 Y:FC S:EC P:nvUbdiZc  $01:A8D8: B9 6A 04 LDA $046A,Y @ $0566 = #$00
f79     c2330034     i56536034    A:00 X:00 Y:FC S:EC P:nvUbdiZc  $01:A8DB: 29 0C    AND #$0C
f79     c2330036     i56536035    A:00 X:00 Y:FC S:EC P:nvUbdiZc  $01:A8DD: F0 02    BEQ $A8E1
f79     c2330039     i56536036    A:00 X:00 Y:FC S:EC P:nvUbdiZc  $01:A8E1: 8A       TXA
f79     c2330041     i56536037    A:00 X:00 Y:FC S:EC P:nvUbdiZc  $01:A8E2: 99 00 02 STA $0200,Y @ $02FC = #$00
f79     c2330046     i56536038    A:00 X:00 Y:FC S:EC P:nvUbdiZc  $01:A8E5: B9 69 04 LDA $0469,Y @ $0565 = #$00
f79     c2330051     i56536039    A:00 X:00 Y:FC S:EC P:nvUbdiZc  $01:A8E8: 99 01 02 STA $0201,Y @ $02FD = #$00
f79     c2330056     i56536040    A:00 X:00 Y:FC S:EC P:nvUbdiZc  $01:A8EB: B9 6A 04 LDA $046A,Y @ $0566 = #$00
f79     c2330061     i56536041    A:00 X:00 Y:FC S:EC P:nvUbdiZc  $01:A8EE: 99 02 02 STA $0202,Y @ $02FE = #$00
f79     c2330066     i56536042    A:00 X:00 Y:FC S:EC P:nvUbdiZc  $01:A8F1: B9 6B 04 LDA $046B,Y @ $0567 = #$F8
f79     c2330071     i56536043    A:F8 X:00 Y:FC S:EC P:NvUbdizc  $01:A8F4: 99 03 02 STA $0203,Y @ $02FF = #$F8
f79     c2330076     i56536044    A:F8 X:00 Y:FC S:EC P:NvUbdizc  $01:A8F7: C8       INY
f79     c2330078     i56536045    A:F8 X:00 Y:FD S:EC P:NvUbdizc  $01:A8F8: C8       INY
f79     c2330080     i56536046    A:F8 X:00 Y:FE S:EC P:NvUbdizc  $01:A8F9: C8       INY
f79     c2330082     i56536047    A:F8 X:00 Y:FF S:EC P:NvUbdizc  $01:A8FA: C8       INY
f79     c2330084     i56536048    A:F8 X:00 Y:00 S:EC P:nvUbdiZc  $01:A8FB: D0 D8    BNE $A8D5
f79     c2330086     i56536049    A:F8 X:00 Y:00 S:EC P:nvUbdiZc  $01:A8FD: 60       RTS (from $A215)
f79     c2330092     i56536050    A:F8 X:00 Y:00 S:EE P:nvUbdiZc  $00:8392: A2 06    LDX #$06
f79     c2330094     i56536051    A:F8 X:06 Y:00 S:EE P:nvUbdizc  $00:8394: 20 B9 C4 JSR $C4B9
f79     c2330100     i56536052    A:F8 X:06 Y:00 S:EC P:nvUbdizc  $0F:C4B9: 86 25    STX $25 = #$02
f79     c2330103     i56536053    A:F8 X:06 Y:00 S:EC P:nvUbdizc  $0F:C4BB: A9 07    LDA #$07
f79     c2330105     i56536054    A:07 X:06 Y:00 S:EC P:nvUbdizc  $0F:C4BD: 05 22    ORA $22 = #$00
f79     c2330108     i56536055    A:07 X:06 Y:00 S:EC P:nvUbdizc  $0F:C4BF: 85 23    STA $23 = #$06
f79     c2330111     i56536056    A:07 X:06 Y:00 S:EC P:nvUbdizc  $0F:C4C1: 8D 00 80 STA $8000 = #$A5
f79     c2330115     i56536057    A:07 X:06 Y:00 S:EC P:nvUbdizc  $0F:C4C4: 8E 01 80 STX $8001 = #$27
f79     c2330119     i56536058    A:07 X:06 Y:00 S:EC P:nvUbdizc  $0F:C4C7: 60       RTS (from $C4B9)
f79     c2330125     i56536059    A:07 X:06 Y:00 S:EE P:nvUbdizc  $00:8397: 60       RTS (from $838A)
f79     c2330131     i56536060    A:07 X:06 Y:00 S:F0 P:nvUbdizc  $00:82F0: A5 4C    LDA $4C = #$00
f79     c2330134     i56536061    A:00 X:06 Y:00 S:F0 P:nvUbdiZc  $00:82F2: 10 F9    BPL $82ED
f79     c2330137     i56536062    A:00 X:06 Y:00 S:F0 P:nvUbdiZc  $00:82ED: 20 8A 83 JSR $838A
f79     c2330143     i56536063    A:00 X:06 Y:00 S:EE P:nvUbdiZc  $00:838A: A2 02    LDX #$02
f79     c2330145     i56536064    A:00 X:02 Y:00 S:EE P:nvUbdizc  $00:838C: 20 B9 C4 JSR $C4B9
f79     c2339829     i56539290    A:40 X:19 Y:00 S:E0 P:nvUbdizC  $00:9F06: 10 FC    BPL $9F04
f79     c2339832     i56539291    A:40 X:19 Y:00 S:E0 P:nvUbdizC  $00:9F04: A5 1B    LDA $1B = #$40
f79     c2339835     i56539292    A:40 X:19 Y:00 S:E0 P:nvUbdizC  $00:9F06: 10 FC    BPL $9F04
f79     c2339838     i56539293    A:40 X:19 Y:00 S:E0 P:nvUbdizC  $00:9F04: A5 1B    LDA $1B = #$40
f79     c2339841     i56539294    A:40 X:19 Y:00 S:E0 P:nvUbdizC  $00:9F06: 10 FC    BPL $9F04
f79     c2339844     i56539295    A:40 X:19 Y:00 S:E0 P:nvUbdizC  $00:9F04: A5 1B    LDA $1B = #$40
f79     c2339847     i56539296    A:40 X:19 Y:00 S:E0 P:nvUbdizC  $00:9F06: 10 FC    BPL $9F04
f79     c2339850     i56539297    A:40 X:19 Y:00 S:E0 P:nvUbdizC  $00:9F04: A5 1B    LDA $1B = #$40
f79     c2339853     i56539298    A:40 X:19 Y:00 S:E0 P:nvUbdizC  $00:9F06: 10 FC    BPL $9F04
f79     c2339856     i56539299    A:40 X:19 Y:00 S:E0 P:nvUbdizC  $00:9F04: A5 1B    LDA $1B = #$40
f79     c2339859     i56539300    A:40 X:19 Y:00 S:E0 P:nvUbdizC  $00:9F06: 10 FC    BPL $9F04
f79     c2339862     i56539301    A:40 X:19 Y:00 S:E0 P:nvUbdizC  $00:9F04: A5 1B    LDA $1B = #$40
f79     c2339865     i56539302    A:40 X:19 Y:00 S:E0 P:nvUbdizC  $00:9F06: 10 FC    BPL $9F04
f79     c2339868     i56539303    A:40 X:19 Y:00 S:E0 P:nvUbdizC  $00:9F04: A5 1B    LDA $1B = #$40
f79     c2339871     i56539304    A:40 X:19 Y:00 S:E0 P:nvUbdizC  $00:9F06: 10 FC    BPL $9F04
f79     c2339874     i56539305    A:40 X:19 Y:00 S:E0 P:nvUbdizC  $00:9F04: A5 1B    LDA $1B = #$40
f79     c2339877     i56539306    A:40 X:19 Y:00 S:E0 P:nvUbdizC  $00:9F06: 10 FC    BPL $9F04
f79     c2339880     i56539307    A:40 X:19 Y:00 S:E0 P:nvUbdizC  $00:9F04: A5 1B    LDA $1B = #$40
f79     c2339883     i56539308    A:40 X:19 Y:00 S:E0 P:nvUbdizC  $00:9F06: 10 FC    BPL $9F04
f79     c2339886     i56539309    A:40 X:19 Y:00 S:E0 P:nvUbdizC  $00:9F04: A5 1B    LDA $1B = #$40
f79     c2339889     i56539310    A:40 X:19 Y:00 S:E0 P:nvUbdizC  $00:9F06: 10 FC    BPL $9F04
f79     c2339892     i56539311    A:40 X:19 Y:00 S:E0 P:nvUbdizC  $00:9F04: A5 1B    LDA $1B = #$40
f79     c2339895     i56539312    A:40 X:19 Y:00 S:E0 P:nvUbdizC  $00:9F06: 10 FC    BPL $9F04
f79     c2339898     i56539313    A:40 X:19 Y:00 S:E0 P:nvUbdizC  $00:9F04: A5 1B    LDA $1B = #$40
f79     c2339901     i56539314    A:40 X:19 Y:00 S:E0 P:nvUbdizC  $00:9F06: 10 FC    BPL $9F04
f79     c2339904     i56539315    A:40 X:19 Y:00 S:E0 P:nvUbdizC  $00:9F04: A5 1B    LDA $1B = #$40
f79     c2339914     i56539316    A:40 X:19 Y:00 S:DD P:nvUbdIzC  $0F:C506: 4C 21 C8 JMP $C821
f79     c2339917     i56539317    A:40 X:19 Y:00 S:DD P:nvUbdIzC  $0F:C821: 24 1B    BIT $1B = #$40
f79     c2339920     i56539318    A:40 X:19 Y:00 S:DD P:nVUbdIzC  $0F:C823: 50 03    BVC $C828
f79     c2339922     i56539319    A:40 X:19 Y:00 S:DD P:nVUbdIzC  $0F:C825: 4C 78 C4 JMP $C478
f79     c2339925     i56539320    A:40 X:19 Y:00 S:DD P:nVUbdIzC  $0F:C478: 24 3B    BIT $3B = #$55
f79     c2339928     i56539321    A:40 X:19 Y:00 S:DD P:nVUbdIzC  $0F:C47A: 30 32    BMI $C4AE
f79     c2339930     i56539322    A:40 X:19 Y:00 S:DD P:nVUbdIzC  $0F:C47C: 38       SEC
f79     c2339932     i56539323    A:40 X:19 Y:00 S:DD P:nVUbdIzC  $0F:C47D: 66 3B    ROR $3B = #$55
f79     c2339937     i56539324    A:40 X:19 Y:00 S:DD P:NVUbdIzC  $0F:C47F: 85 3C    STA $3C = #$40
f79     c2339940     i56539325    A:40 X:19 Y:00 S:DD P:NVUbdIzC  $0F:C481: 86 3D    STX $3D = #$19
f79     c2339943     i56539326    A:40 X:19 Y:00 S:DD P:NVUbdIzC  $0F:C483: 84 3E    STY $3E = #$00
f79     c2339946     i56539327    A:40 X:19 Y:00 S:DD P:NVUbdIzC  $0F:C485: A5 22    LDA $22 = #$00
f79     c2339949     i56539328    A:00 X:19 Y:00 S:DD P:nVUbdIZC  $0F:C487: 09 07    ORA #$07
f79     c2339951     i56539329    A:07 X:19 Y:00 S:DD P:nVUbdIzC  $0F:C489: 8D 00 80 STA $8000 = #$A5
f79     c2339955     i56539330    A:07 X:19 Y:00 S:DD P:nVUbdIzC  $0F:C48C: A9 02    LDA #$02
f79     c2339957     i56539331    A:02 X:19 Y:00 S:DD P:nVUbdIzC  $0F:C48E: 8D 01 80 STA $8001 = #$27
f82     c2419338     i56564593    A:00 X:00 Y:F8 S:EC P:nvUbdiZc  $01:A8EE: 99 02 02 STA $0202,Y @ $02FA = #$00
f82     c2419343     i56564594    A:00 X:00 Y:F8 S:EC P:nvUbdiZc  $01:A8F1: B9 6B 04 LDA $046B,Y @ $0563 = #$00
f82     c2419348     i56564595    A:00 X:00 Y:F8 S:EC P:nvUbdiZc  $01:A8F4: 99 03 02 STA $0203,Y @ $02FB = #$00
f82     c2419353     i56564596    A:00 X:00 Y:F8 S:EC P:nvUbdiZc  $01:A8F7: C8       INY
f82     c2419355     i56564597    A:00 X:00 Y:F9 S:EC P:NvUbdizc  $01:A8F8: C8       INY
f82     c2419357     i56564598    A:00 X:00 Y:FA S:EC P:NvUbdizc  $01:A8F9: C8       INY
f82     c2419359     i56564599    A:00 X:00 Y:FB S:EC P:NvUbdizc  $01:A8FA: C8       INY
f82     c2419361     i56564600    A:00 X:00 Y:FC S:EC P:NvUbdizc  $01:A8FB: D0 D8    BNE $A8D5
f82     c2419364     i56564601    A:00 X:00 Y:FC S:EC P:NvUbdizc  $01:A8D5: BE 68 04 LDX $0468,Y @ $0564 = #$00
f82     c2419369     i56564602    A:00 X:00 Y:FC S:EC P:nvUbdiZc  $01:A8D8: B9 6A 04 LDA $046A,Y @ $0566 = #$00
f82     c2419374     i56564603    A:00 X:00 Y:FC S:EC P:nvUbdiZc  $01:A8DB: 29 0C    AND #$0C
f82     c2419376     i56564604    A:00 X:00 Y:FC S:EC P:nvUbdiZc  $01:A8DD: F0 02    BEQ $A8E1
f82     c2419379     i56564605    A:00 X:00 Y:FC S:EC P:nvUbdiZc  $01:A8E1: 8A       TXA
f82     c2419381     i56564606    A:00 X:00 Y:FC S:EC P:nvUbdiZc  $01:A8E2: 99 00 02 STA $0200,Y @ $02FC = #$00
f82     c2419386     i56564607    A:00 X:00 Y:FC S:EC P:nvUbdiZc  $01:A8E5: B9 69 04 LDA $0469,Y @ $0565 = #$00
f82     c2419391     i56564608    A:00 X:00 Y:FC S:EC P:nvUbdiZc  $01:A8E8: 99 01 02 STA $0201,Y @ $02FD = #$00
f82     c2419396     i56564609    A:00 X:00 Y:FC S:EC P:nvUbdiZc  $01:A8EB: B9 6A 04 LDA $046A,Y @ $0566 = #$00
f82     c2419401     i56564610    A:00 X:00 Y:FC S:EC P:nvUbdiZc  $01:A8EE: 99 02 02 STA $0202,Y @ $02FE = #$00
f82     c2419406     i56564611    A:00 X:00 Y:FC S:EC P:nvUbdiZc  $01:A8F1: B9 6B 04 LDA $046B,Y @ $0567 = #$F8
f82     c2419411     i56564612    A:F8 X:00 Y:FC S:EC P:NvUbdizc  $01:A8F4: 99 03 02 STA $0203,Y @ $02FF = #$F8
f82     c2419416     i56564613    A:F8 X:00 Y:FC S:EC P:NvUbdizc  $01:A8F7: C8       INY
f82     c2419418     i56564614    A:F8 X:00 Y:FD S:EC P:NvUbdizc  $01:A8F8: C8       INY
f82     c2419420     i56564615    A:F8 X:00 Y:FE S:EC P:NvUbdizc  $01:A8F9: C8       INY
f82     c2419422     i56564616    A:F8 X:00 Y:FF S:EC P:NvUbdizc  $01:A8FA: C8       INY
f82     c2419424     i56564617    A:F8 X:00 Y:00 S:EC P:nvUbdiZc  $01:A8FB: D0 D8    BNE $A8D5
f82     c2419426     i56564618    A:F8 X:00 Y:00 S:EC P:nvUbdiZc  $01:A8FD: 60       RTS (from $A215)
f82     c2419432     i56564619    A:F8 X:00 Y:00 S:EE P:nvUbdiZc  $00:8392: A2 06    LDX #$06
f82     c2419434     i56564620    A:F8 X:06 Y:00 S:EE P:nvUbdizc  $00:8394: 20 B9 C4 JSR $C4B9
f82     c2419440     i56564621    A:F8 X:06 Y:00 S:EC P:nvUbdizc  $0F:C4B9: 86 25    STX $25 = #$02
f82     c2419443     i56564622    A:F8 X:06 Y:00 S:EC P:nvUbdizc  $0F:C4BB: A9 07    LDA #$07
f82     c2419445     i56564623    A:07 X:06 Y:00 S:EC P:nvUbdizc  $0F:C4BD: 05 22    ORA $22 = #$00
f82     c2419448     i56564624    A:07 X:06 Y:00 S:EC P:nvUbdizc  $0F:C4BF: 85 23    STA $23 = #$06
f82     c2419451     i56564625    A:07 X:06 Y:00 S:EC P:nvUbdizc  $0F:C4C1: 8D 00 80 STA $8000 = #$A5
f82     c2419455     i56564626    A:07 X:06 Y:00 S:EC P:nvUbdizc  $0F:C4C4: 8E 01 80 STX $8001 = #$27
f82     c2419459     i56564627    A:07 X:06 Y:00 S:EC P:nvUbdizc  $0F:C4C7: 60       RTS (from $C4B9)
f82     c2419465     i56564628    A:07 X:06 Y:00 S:EE P:nvUbdizc  $00:8397: 60       RTS (from $838A)
f82     c2419471     i56564629    A:07 X:06 Y:00 S:F0 P:nvUbdizc  $00:82F0: A5 4C    LDA $4C = #$00
f82     c2419474     i56564630    A:00 X:06 Y:00 S:F0 P:nvUbdiZc  $00:82F2: 10 F9    BPL $82ED
f82     c2419477     i56564631    A:00 X:06 Y:00 S:F0 P:nvUbdiZc  $00:82ED: 20 8A 83 JSR $838A
f82     c2419483     i56564632    A:00 X:06 Y:00 S:EE P:nvUbdiZc  $00:838A: A2 02    LDX #$02
f82     c2419485     i56564633    A:00 X:02 Y:00 S:EE P:nvUbdizc  $00:838C: 20 B9 C4 JSR $C4B9
f82     c2429169     i56567859    A:40 X:19 Y:00 S:E0 P:nvUbdizC  $00:9F06: 10 FC    BPL $9F04
f82     c2429172     i56567860    A:40 X:19 Y:00 S:E0 P:nvUbdizC  $00:9F04: A5 1B    LDA $1B = #$40
f82     c2429175     i56567861    A:40 X:19 Y:00 S:E0 P:nvUbdizC  $00:9F06: 10 FC    BPL $9F04
f82     c2429178     i56567862    A:40 X:19 Y:00 S:E0 P:nvUbdizC  $00:9F04: A5 1B    LDA $1B = #$40
f82     c2429181     i56567863    A:40 X:19 Y:00 S:E0 P:nvUbdizC  $00:9F06: 10 FC    BPL $9F04
f82     c2429184     i56567864    A:40 X:19 Y:00 S:E0 P:nvUbdizC  $00:9F04: A5 1B    LDA $1B = #$40
f82     c2429187     i56567865    A:40 X:19 Y:00 S:E0 P:nvUbdizC  $00:9F06: 10 FC    BPL $9F04
f82     c2429190     i56567866    A:40 X:19 Y:00 S:E0 P:nvUbdizC  $00:9F04: A5 1B    LDA $1B = #$40
f82     c2429193     i56567867    A:40 X:19 Y:00 S:E0 P:nvUbdizC  $00:9F06: 10 FC    BPL $9F04
f82     c2429196     i56567868    A:40 X:19 Y:00 S:E0 P:nvUbdizC  $00:9F04: A5 1B    LDA $1B = #$40
f82     c2429199     i56567869    A:40 X:19 Y:00 S:E0 P:nvUbdizC  $00:9F06: 10 FC    BPL $9F04
f82     c2429202     i56567870    A:40 X:19 Y:00 S:E0 P:nvUbdizC  $00:9F04: A5 1B    LDA $1B = #$40
f82     c2429205     i56567871    A:40 X:19 Y:00 S:E0 P:nvUbdizC  $00:9F06: 10 FC    BPL $9F04
f82     c2429208     i56567872    A:40 X:19 Y:00 S:E0 P:nvUbdizC  $00:9F04: A5 1B    LDA $1B = #$40
f82     c2429211     i56567873    A:40 X:19 Y:00 S:E0 P:nvUbdizC  $00:9F06: 10 FC    BPL $9F04
f82     c2429214     i56567874    A:40 X:19 Y:00 S:E0 P:nvUbdizC  $00:9F04: A5 1B    LDA $1B = #$40
f82     c2429217     i56567875    A:40 X:19 Y:00 S:E0 P:nvUbdizC  $00:9F06: 10 FC    BPL $9F04
f82     c2429220     i56567876    A:40 X:19 Y:00 S:E0 P:nvUbdizC  $00:9F04: A5 1B    LDA $1B = #$40
f82     c2429223     i56567877    A:40 X:19 Y:00 S:E0 P:nvUbdizC  $00:9F06: 10 FC    BPL $9F04
f82     c2429226     i56567878    A:40 X:19 Y:00 S:E0 P:nvUbdizC  $00:9F04: A5 1B    LDA $1B = #$40
f82     c2429229     i56567879    A:40 X:19 Y:00 S:E0 P:nvUbdizC  $00:9F06: 10 FC    BPL $9F04
f82     c2429232     i56567880    A:40 X:19 Y:00 S:E0 P:nvUbdizC  $00:9F04: A5 1B    LDA $1B = #$40
f82     c2429235     i56567881    A:40 X:19 Y:00 S:E0 P:nvUbdizC  $00:9F06: 10 FC    BPL $9F04
f82     c2429238     i56567882    A:40 X:19 Y:00 S:E0 P:nvUbdizC  $00:9F04: A5 1B    LDA $1B = #$40
f82     c2429241     i56567883    A:40 X:19 Y:00 S:E0 P:nvUbdizC  $00:9F06: 10 FC    BPL $9F04
f82     c2429244     i56567884    A:40 X:19 Y:00 S:E0 P:nvUbdizC  $00:9F04: A5 1B    LDA $1B = #$40
f82     c2429254     i56567885    A:40 X:19 Y:00 S:DD P:nvUbdIzC  $0F:C506: 4C 21 C8 JMP $C821
f82     c2429257     i56567886    A:40 X:19 Y:00 S:DD P:nvUbdIzC  $0F:C821: 24 1B    BIT $1B = #$40
f82     c2429260     i56567887    A:40 X:19 Y:00 S:DD P:nVUbdIzC  $0F:C823: 50 03    BVC $C828
f82     c2429262     i56567888    A:40 X:19 Y:00 S:DD P:nVUbdIzC  $0F:C825: 4C 78 C4 JMP $C478
f82     c2429265     i56567889    A:40 X:19 Y:00 S:DD P:nVUbdIzC  $0F:C478: 24 3B    BIT $3B = #$55
f82     c2429268     i56567890    A:40 X:19 Y:00 S:DD P:nVUbdIzC  $0F:C47A: 30 32    BMI $C4AE
f82     c2429270     i56567891    A:40 X:19 Y:00 S:DD P:nVUbdIzC  $0F:C47C: 38       SEC
f82     c2429272     i56567892    A:40 X:19 Y:00 S:DD P:nVUbdIzC  $0F:C47D: 66 3B    ROR $3B = #$55
f82     c2429277     i56567893    A:40 X:19 Y:00 S:DD P:NVUbdIzC  $0F:C47F: 85 3C    STA $3C = #$40
f82     c2429280     i56567894    A:40 X:19 Y:00 S:DD P:NVUbdIzC  $0F:C481: 86 3D    STX $3D = #$19
f82     c2429283     i56567895    A:40 X:19 Y:00 S:DD P:NVUbdIzC  $0F:C483: 84 3E    STY $3E = #$00
f82     c2429286     i56567896    A:40 X:19 Y:00 S:DD P:NVUbdIzC  $0F:C485: A5 22    LDA $22 = #$00
f82     c2429289     i56567897    A:00 X:19 Y:00 S:DD P:nVUbdIZC  $0F:C487: 09 07    ORA #$07
f82     c2429291     i56567898    A:07 X:19 Y:00 S:DD P:nVUbdIzC  $0F:C489: 8D 00 80 STA $8000 = #$A5
f82     c2429295     i56567899    A:07 X:19 Y:00 S:DD P:nVUbdIzC  $0F:C48C: A9 02    LDA #$02
f82     c2429297     i56567900    A:02 X:19 Y:00 S:DD P:nVUbdIzC  $0F:C48E: 8D 01 80 STA $8001 = #$27
f85     c2508678     i56593162    A:00 X:00 Y:F8 S:EC P:nvUbdiZc  $01:A8EE: 99 02 02 STA $0202,Y @ $02FA = #$00
f85     c2508683     i56593163    A:00 X:00 Y:F8 S:EC P:nvUbdiZc  $01:A8F1: B9 6B 04 LDA $046B,Y @ $0563 = #$00
f85     c2508688     i56593164    A:00 X:00 Y:F8 S:EC P:nvUbdiZc  $01:A8F4: 99 03 02 STA $0203,Y @ $02FB = #$00
f85     c2508693     i56593165    A:00 X:00 Y:F8 S:EC P:nvUbdiZc  $01:A8F7: C8       INY
f85     c2508695     i56593166    A:00 X:00 Y:F9 S:EC P:NvUbdizc  $01:A8F8: C8       INY
f85     c2508697     i56593167    A:00 X:00 Y:FA S:EC P:NvUbdizc  $01:A8F9: C8       INY
f85     c2508699     i56593168    A:00 X:00 Y:FB S:EC P:NvUbdizc  $01:A8FA: C8       INY
f85     c2508701     i56593169    A:00 X:00 Y:FC S:EC P:NvUbdizc  $01:A8FB: D0 D8    BNE $A8D5
f85     c2508704     i56593170    A:00 X:00 Y:FC S:EC P:NvUbdizc  $01:A8D5: BE 68 04 LDX $0468,Y @ $0564 = #$00
f85     c2508709     i56593171    A:00 X:00 Y:FC S:EC P:nvUbdiZc  $01:A8D8: B9 6A 04 LDA $046A,Y @ $0566 = #$00
f85     c2508714     i56593172    A:00 X:00 Y:FC S:EC P:nvUbdiZc  $01:A8DB: 29 0C    AND #$0C
f85     c2508716     i56593173    A:00 X:00 Y:FC S:EC P:nvUbdiZc  $01:A8DD: F0 02    BEQ $A8E1
f85     c2508719     i56593174    A:00 X:00 Y:FC S:EC P:nvUbdiZc  $01:A8E1: 8A       TXA
f85     c2508721     i56593175    A:00 X:00 Y:FC S:EC P:nvUbdiZc  $01:A8E2: 99 00 02 STA $0200,Y @ $02FC = #$00
f85     c2508726     i56593176    A:00 X:00 Y:FC S:EC P:nvUbdiZc  $01:A8E5: B9 69 04 LDA $0469,Y @ $0565 = #$00
f85     c2508731     i56593177    A:00 X:00 Y:FC S:EC P:nvUbdiZc  $01:A8E8: 99 01 02 STA $0201,Y @ $02FD = #$00
f85     c2508736     i56593178    A:00 X:00 Y:FC S:EC P:nvUbdiZc  $01:A8EB: B9 6A 04 LDA $046A,Y @ $0566 = #$00
f85     c2508741     i56593179    A:00 X:00 Y:FC S:EC P:nvUbdiZc  $01:A8EE: 99 02 02 STA $0202,Y @ $02FE = #$00
f85     c2508746     i56593180    A:00 X:00 Y:FC S:EC P:nvUbdiZc  $01:A8F1: B9 6B 04 LDA $046B,Y @ $0567 = #$F8
f85     c2508751     i56593181    A:F8 X:00 Y:FC S:EC P:NvUbdizc  $01:A8F4: 99 03 02 STA $0203,Y @ $02FF = #$F8
f85     c2508756     i56593182    A:F8 X:00 Y:FC S:EC P:NvUbdizc  $01:A8F7: C8       INY
f85     c2508758     i56593183    A:F8 X:00 Y:FD S:EC P:NvUbdizc  $01:A8F8: C8       INY
f85     c2508760     i56593184    A:F8 X:00 Y:FE S:EC P:NvUbdizc  $01:A8F9: C8       INY
f85     c2508762     i56593185    A:F8 X:00 Y:FF S:EC P:NvUbdizc  $01:A8FA: C8       INY
f85     c2508764     i56593186    A:F8 X:00 Y:00 S:EC P:nvUbdiZc  $01:A8FB: D0 D8    BNE $A8D5
f85     c2508766     i56593187    A:F8 X:00 Y:00 S:EC P:nvUbdiZc  $01:A8FD: 60       RTS (from $A215)
f85     c2508772     i56593188    A:F8 X:00 Y:00 S:EE P:nvUbdiZc  $00:8392: A2 06    LDX #$06
f85     c2508774     i56593189    A:F8 X:06 Y:00 S:EE P:nvUbdizc  $00:8394: 20 B9 C4 JSR $C4B9
f85     c2508780     i56593190    A:F8 X:06 Y:00 S:EC P:nvUbdizc  $0F:C4B9: 86 25    STX $25 = #$02
f85     c2508783     i56593191    A:F8 X:06 Y:00 S:EC P:nvUbdizc  $0F:C4BB: A9 07    LDA #$07
f85     c2508785     i56593192    A:07 X:06 Y:00 S:EC P:nvUbdizc  $0F:C4BD: 05 22    ORA $22 = #$00
f85     c2508788     i56593193    A:07 X:06 Y:00 S:EC P:nvUbdizc  $0F:C4BF: 85 23    STA $23 = #$06
f85     c2508791     i56593194    A:07 X:06 Y:00 S:EC P:nvUbdizc  $0F:C4C1: 8D 00 80 STA $8000 = #$A5
f85     c2508795     i56593195    A:07 X:06 Y:00 S:EC P:nvUbdizc  $0F:C4C4: 8E 01 80 STX $8001 = #$27
f85     c2508799     i56593196    A:07 X:06 Y:00 S:EC P:nvUbdizc  $0F:C4C7: 60       RTS (from $C4B9)
f85     c2508805     i56593197    A:07 X:06 Y:00 S:EE P:nvUbdizc  $00:8397: 60       RTS (from $838A)
f85     c2508811     i56593198    A:07 X:06 Y:00 S:F0 P:nvUbdizc  $00:82F0: A5 4C    LDA $4C = #$00
f85     c2508814     i56593199    A:00 X:06 Y:00 S:F0 P:nvUbdiZc  $00:82F2: 10 F9    BPL $82ED
f85     c2508817     i56593200    A:00 X:06 Y:00 S:F0 P:nvUbdiZc  $00:82ED: 20 8A 83 JSR $838A
f85     c2508823     i56593201    A:00 X:06 Y:00 S:EE P:nvUbdiZc  $00:838A: A2 02    LDX #$02
f85     c2508825     i56593202    A:00 X:02 Y:00 S:EE P:nvUbdizc  $00:838C: 20 B9 C4 JSR $C4B9
f87     c2568238     i56612208    A:00 X:00 Y:F8 S:EC P:nvUbdiZc  $01:A8EE: 99 02 02 STA $0202,Y @ $02FA = #$00
f87     c2568243     i56612209    A:00 X:00 Y:F8 S:EC P:nvUbdiZc  $01:A8F1: B9 6B 04 LDA $046B,Y @ $0563 = #$00
f87     c2568248     i56612210    A:00 X:00 Y:F8 S:EC P:nvUbdiZc  $01:A8F4: 99 03 02 STA $0203,Y @ $02FB = #$00
f87     c2568253     i56612211    A:00 X:00 Y:F8 S:EC P:nvUbdiZc  $01:A8F7: C8       INY
f87     c2568255     i56612212    A:00 X:00 Y:F9 S:EC P:NvUbdizc  $01:A8F8: C8       INY
f87     c2568257     i56612213    A:00 X:00 Y:FA S:EC P:NvUbdizc  $01:A8F9: C8       INY
f87     c2568259     i56612214    A:00 X:00 Y:FB S:EC P:NvUbdizc  $01:A8FA: C8       INY
f87     c2568261     i56612215    A:00 X:00 Y:FC S:EC P:NvUbdizc  $01:A8FB: D0 D8    BNE $A8D5
f87     c2568264     i56612216    A:00 X:00 Y:FC S:EC P:NvUbdizc  $01:A8D5: BE 68 04 LDX $0468,Y @ $0564 = #$00
f87     c2568269     i56612217    A:00 X:00 Y:FC S:EC P:nvUbdiZc  $01:A8D8: B9 6A 04 LDA $046A,Y @ $0566 = #$00
f87     c2568274     i56612218    A:00 X:00 Y:FC S:EC P:nvUbdiZc  $01:A8DB: 29 0C    AND #$0C
f87     c2568276     i56612219    A:00 X:00 Y:FC S:EC P:nvUbdiZc  $01:A8DD: F0 02    BEQ $A8E1
f87     c2568279     i56612220    A:00 X:00 Y:FC S:EC P:nvUbdiZc  $01:A8E1: 8A       TXA
f87     c2568281     i56612221    A:00 X:00 Y:FC S:EC P:nvUbdiZc  $01:A8E2: 99 00 02 STA $0200,Y @ $02FC = #$00
f87     c2568286     i56612222    A:00 X:00 Y:FC S:EC P:nvUbdiZc  $01:A8E5: B9 69 04 LDA $0469,Y @ $0565 = #$00
f87     c2568291     i56612223    A:00 X:00 Y:FC S:EC P:nvUbdiZc  $01:A8E8: 99 01 02 STA $0201,Y @ $02FD = #$00
f87     c2568296     i56612224    A:00 X:00 Y:FC S:EC P:nvUbdiZc  $01:A8EB: B9 6A 04 LDA $046A,Y @ $0566 = #$00
f87     c2568301     i56612225    A:00 X:00 Y:FC S:EC P:nvUbdiZc  $01:A8EE: 99 02 02 STA $0202,Y @ $02FE = #$00
f87     c2568306     i56612226    A:00 X:00 Y:FC S:EC P:nvUbdiZc  $01:A8F1: B9 6B 04 LDA $046B,Y @ $0567 = #$F8
f87     c2568311     i56612227    A:F8 X:00 Y:FC S:EC P:NvUbdizc  $01:A8F4: 99 03 02 STA $0203,Y @ $02FF = #$F8
f87     c2568316     i56612228    A:F8 X:00 Y:FC S:EC P:NvUbdizc  $01:A8F7: C8       INY
f87     c2568318     i56612229    A:F8 X:00 Y:FD S:EC P:NvUbdizc  $01:A8F8: C8       INY
f87     c2568320     i56612230    A:F8 X:00 Y:FE S:EC P:NvUbdizc  $01:A8F9: C8       INY
f87     c2568322     i56612231    A:F8 X:00 Y:FF S:EC P:NvUbdizc  $01:A8FA: C8       INY
f87     c2568324     i56612232    A:F8 X:00 Y:00 S:EC P:nvUbdiZc  $01:A8FB: D0 D8    BNE $A8D5
f87     c2568326     i56612233    A:F8 X:00 Y:00 S:EC P:nvUbdiZc  $01:A8FD: 60       RTS (from $A215)
f87     c2568332     i56612234    A:F8 X:00 Y:00 S:EE P:nvUbdiZc  $00:8392: A2 06    LDX #$06
f87     c2568334     i56612235    A:F8 X:06 Y:00 S:EE P:nvUbdizc  $00:8394: 20 B9 C4 JSR $C4B9
f87     c2568340     i56612236    A:F8 X:06 Y:00 S:EC P:nvUbdizc  $0F:C4B9: 86 25    STX $25 = #$02
f87     c2568343     i56612237    A:F8 X:06 Y:00 S:EC P:nvUbdizc  $0F:C4BB: A9 07    LDA #$07
f87     c2568345     i56612238    A:07 X:06 Y:00 S:EC P:nvUbdizc  $0F:C4BD: 05 22    ORA $22 = #$00
f87     c2568348     i56612239    A:07 X:06 Y:00 S:EC P:nvUbdizc  $0F:C4BF: 85 23    STA $23 = #$06
f87     c2568351     i56612240    A:07 X:06 Y:00 S:EC P:nvUbdizc  $0F:C4C1: 8D 00 80 STA $8000 = #$A5
f87     c2568355     i56612241    A:07 X:06 Y:00 S:EC P:nvUbdizc  $0F:C4C4: 8E 01 80 STX $8001 = #$27
f87     c2568359     i56612242    A:07 X:06 Y:00 S:EC P:nvUbdizc  $0F:C4C7: 60       RTS (from $C4B9)
f87     c2568365     i56612243    A:07 X:06 Y:00 S:EE P:nvUbdizc  $00:8397: 60       RTS (from $838A)
f87     c2568371     i56612244    A:07 X:06 Y:00 S:F0 P:nvUbdizc  $00:82F0: A5 4C    LDA $4C = #$00
f87     c2568374     i56612245    A:00 X:06 Y:00 S:F0 P:nvUbdiZc  $00:82F2: 10 F9    BPL $82ED
f87     c2568377     i56612246    A:00 X:06 Y:00 S:F0 P:nvUbdiZc  $00:82ED: 20 8A 83 JSR $838A
f87     c2568383     i56612247    A:00 X:06 Y:00 S:EE P:nvUbdiZc  $00:838A: A2 02    LDX #$02
f87     c2568385     i56612248    A:00 X:02 Y:00 S:EE P:nvUbdizc  $00:838C: 20 B9 C4 JSR $C4B9
f92     c2717144     i56659825    A:00 X:00 Y:F8 S:EC P:nvUbdiZc  $01:A8EE: 99 02 02 STA $0202,Y @ $02FA = #$00
f92     c2717149     i56659826    A:00 X:00 Y:F8 S:EC P:nvUbdiZc  $01:A8F1: B9 6B 04 LDA $046B,Y @ $0563 = #$00
f92     c2717154     i56659827    A:00 X:00 Y:F8 S:EC P:nvUbdiZc  $01:A8F4: 99 03 02 STA $0203,Y @ $02FB = #$00
f92     c2717159     i56659828    A:00 X:00 Y:F8 S:EC P:nvUbdiZc  $01:A8F7: C8       INY
f92     c2717161     i56659829    A:00 X:00 Y:F9 S:EC P:NvUbdizc  $01:A8F8: C8       INY
f92     c2717163     i56659830    A:00 X:00 Y:FA S:EC P:NvUbdizc  $01:A8F9: C8       INY
f92     c2717165     i56659831    A:00 X:00 Y:FB S:EC P:NvUbdizc  $01:A8FA: C8       INY
f92     c2717167     i56659832    A:00 X:00 Y:FC S:EC P:NvUbdizc  $01:A8FB: D0 D8    BNE $A8D5
f92     c2717170     i56659833    A:00 X:00 Y:FC S:EC P:NvUbdizc  $01:A8D5: BE 68 04 LDX $0468,Y @ $0564 = #$00
f92     c2717175     i56659834    A:00 X:00 Y:FC S:EC P:nvUbdiZc  $01:A8D8: B9 6A 04 LDA $046A,Y @ $0566 = #$00
f92     c2717180     i56659835    A:00 X:00 Y:FC S:EC P:nvUbdiZc  $01:A8DB: 29 0C    AND #$0C
f92     c2717182     i56659836    A:00 X:00 Y:FC S:EC P:nvUbdiZc  $01:A8DD: F0 02    BEQ $A8E1
f92     c2717185     i56659837    A:00 X:00 Y:FC S:EC P:nvUbdiZc  $01:A8E1: 8A       TXA
f92     c2717187     i56659838    A:00 X:00 Y:FC S:EC P:nvUbdiZc  $01:A8E2: 99 00 02 STA $0200,Y @ $02FC = #$00
f92     c2717192     i56659839    A:00 X:00 Y:FC S:EC P:nvUbdiZc  $01:A8E5: B9 69 04 LDA $0469,Y @ $0565 = #$00
f92     c2717197     i56659840    A:00 X:00 Y:FC S:EC P:nvUbdiZc  $01:A8E8: 99 01 02 STA $0201,Y @ $02FD = #$00
f92     c2717202     i56659841    A:00 X:00 Y:FC S:EC P:nvUbdiZc  $01:A8EB: B9 6A 04 LDA $046A,Y @ $0566 = #$00
f92     c2717207     i56659842    A:00 X:00 Y:FC S:EC P:nvUbdiZc  $01:A8EE: 99 02 02 STA $0202,Y @ $02FE = #$00
f92     c2717212     i56659843    A:00 X:00 Y:FC S:EC P:nvUbdiZc  $01:A8F1: B9 6B 04 LDA $046B,Y @ $0567 = #$F8
f92     c2717217     i56659844    A:F8 X:00 Y:FC S:EC P:NvUbdizc  $01:A8F4: 99 03 02 STA $0203,Y @ $02FF = #$F8
f92     c2717222     i56659845    A:F8 X:00 Y:FC S:EC P:NvUbdizc  $01:A8F7: C8       INY
f92     c2717224     i56659846    A:F8 X:00 Y:FD S:EC P:NvUbdizc  $01:A8F8: C8       INY
f92     c2717226     i56659847    A:F8 X:00 Y:FE S:EC P:NvUbdizc  $01:A8F9: C8       INY
f92     c2717228     i56659848    A:F8 X:00 Y:FF S:EC P:NvUbdizc  $01:A8FA: C8       INY
f92     c2717230     i56659849    A:F8 X:00 Y:00 S:EC P:nvUbdiZc  $01:A8FB: D0 D8    BNE $A8D5
f92     c2717232     i56659850    A:F8 X:00 Y:00 S:EC P:nvUbdiZc  $01:A8FD: 60       RTS (from $A215)
f92     c2717238     i56659851    A:F8 X:00 Y:00 S:EE P:nvUbdiZc  $00:8392: A2 06    LDX #$06
f92     c2717240     i56659852    A:F8 X:06 Y:00 S:EE P:nvUbdizc  $00:8394: 20 B9 C4 JSR $C4B9
f92     c2717246     i56659853    A:F8 X:06 Y:00 S:EC P:nvUbdizc  $0F:C4B9: 86 25    STX $25 = #$02
f92     c2717249     i56659854    A:F8 X:06 Y:00 S:EC P:nvUbdizc  $0F:C4BB: A9 07    LDA #$07
f92     c2717251     i56659855    A:07 X:06 Y:00 S:EC P:nvUbdizc  $0F:C4BD: 05 22    ORA $22 = #$00
f92     c2717254     i56659856    A:07 X:06 Y:00 S:EC P:nvUbdizc  $0F:C4BF: 85 23    STA $23 = #$06
f92     c2717257     i56659857    A:07 X:06 Y:00 S:EC P:nvUbdizc  $0F:C4C1: 8D 00 80 STA $8000 = #$A5
f92     c2717261     i56659858    A:07 X:06 Y:00 S:EC P:nvUbdizc  $0F:C4C4: 8E 01 80 STX $8001 = #$27
f92     c2717265     i56659859    A:07 X:06 Y:00 S:EC P:nvUbdizc  $0F:C4C7: 60       RTS (from $C4B9)
f92     c2717271     i56659860    A:07 X:06 Y:00 S:EE P:nvUbdizc  $00:8397: 60       RTS (from $838A)
f92     c2717277     i56659861    A:07 X:06 Y:00 S:F0 P:nvUbdizc  $00:82F0: A5 4C    LDA $4C = #$00
f92     c2717280     i56659862    A:00 X:06 Y:00 S:F0 P:nvUbdiZc  $00:82F2: 10 F9    BPL $82ED
f92     c2717283     i56659863    A:00 X:06 Y:00 S:F0 P:nvUbdiZc  $00:82ED: 20 8A 83 JSR $838A
f92     c2717289     i56659864    A:00 X:06 Y:00 S:EE P:nvUbdiZc  $00:838A: A2 02    LDX #$02
f92     c2717291     i56659865    A:00 X:02 Y:00 S:EE P:nvUbdizc  $00:838C: 20 B9 C4 JSR $C4B9
f92     c2726975     i56663091    A:40 X:19 Y:00 S:E0 P:nvUbdizC  $00:9F06: 10 FC    BPL $9F04
f92     c2726978     i56663092    A:40 X:19 Y:00 S:E0 P:nvUbdizC  $00:9F04: A5 1B    LDA $1B = #$40
f92     c2726981     i56663093    A:40 X:19 Y:00 S:E0 P:nvUbdizC  $00:9F06: 10 FC    BPL $9F04
f92     c2726984     i56663094    A:40 X:19 Y:00 S:E0 P:nvUbdizC  $00:9F04: A5 1B    LDA $1B = #$40
f92     c2726987     i56663095    A:40 X:19 Y:00 S:E0 P:nvUbdizC  $00:9F06: 10 FC    BPL $9F04
f92     c2726990     i56663096    A:40 X:19 Y:00 S:E0 P:nvUbdizC  $00:9F04: A5 1B    LDA $1B = #$40
f92     c2726993     i56663097    A:40 X:19 Y:00 S:E0 P:nvUbdizC  $00:9F06: 10 FC    BPL $9F04
f92     c2726996     i56663098    A:40 X:19 Y:00 S:E0 P:nvUbdizC  $00:9F04: A5 1B    LDA $1B = #$40
f92     c2726999     i56663099    A:40 X:19 Y:00 S:E0 P:nvUbdizC  $00:9F06: 10 FC    BPL $9F04
f92     c2727002     i56663100    A:40 X:19 Y:00 S:E0 P:nvUbdizC  $00:9F04: A5 1B    LDA $1B = #$40
f92     c2727005     i56663101    A:40 X:19 Y:00 S:E0 P:nvUbdizC  $00:9F06: 10 FC    BPL $9F04
f92     c2727008     i56663102    A:40 X:19 Y:00 S:E0 P:nvUbdizC  $00:9F04: A5 1B    LDA $1B = #$40
f92     c2727011     i56663103    A:40 X:19 Y:00 S:E0 P:nvUbdizC  $00:9F06: 10 FC    BPL $9F04
f92     c2727014     i56663104    A:40 X:19 Y:00 S:E0 P:nvUbdizC  $00:9F04: A5 1B    LDA $1B = #$40
f92     c2727017     i56663105    A:40 X:19 Y:00 S:E0 P:nvUbdizC  $00:9F06: 10 FC    BPL $9F04
f92     c2727020     i56663106    A:40 X:19 Y:00 S:E0 P:nvUbdizC  $00:9F04: A5 1B    LDA $1B = #$40
f92     c2727023     i56663107    A:40 X:19 Y:00 S:E0 P:nvUbdizC  $00:9F06: 10 FC    BPL $9F04
f92     c2727026     i56663108    A:40 X:19 Y:00 S:E0 P:nvUbdizC  $00:9F04: A5 1B    LDA $1B = #$40
f92     c2727029     i56663109    A:40 X:19 Y:00 S:E0 P:nvUbdizC  $00:9F06: 10 FC    BPL $9F04
f92     c2727032     i56663110    A:40 X:19 Y:00 S:E0 P:nvUbdizC  $00:9F04: A5 1B    LDA $1B = #$40
f92     c2727035     i56663111    A:40 X:19 Y:00 S:E0 P:nvUbdizC  $00:9F06: 10 FC    BPL $9F04
f92     c2727038     i56663112    A:40 X:19 Y:00 S:E0 P:nvUbdizC  $00:9F04: A5 1B    LDA $1B = #$40
f92     c2727041     i56663113    A:40 X:19 Y:00 S:E0 P:nvUbdizC  $00:9F06: 10 FC    BPL $9F04
f92     c2727044     i56663114    A:40 X:19 Y:00 S:E0 P:nvUbdizC  $00:9F04: A5 1B    LDA $1B = #$40
f92     c2727047     i56663115    A:40 X:19 Y:00 S:E0 P:nvUbdizC  $00:9F06: 10 FC    BPL $9F04
f92     c2727050     i56663116    A:40 X:19 Y:00 S:E0 P:nvUbdizC  $00:9F04: A5 1B    LDA $1B = #$40
f92     c2727060     i56663117    A:40 X:19 Y:00 S:DD P:nvUbdIzC  $0F:C506: 4C 21 C8 JMP $C821
f92     c2727063     i56663118    A:40 X:19 Y:00 S:DD P:nvUbdIzC  $0F:C821: 24 1B    BIT $1B = #$40
f92     c2727066     i56663119    A:40 X:19 Y:00 S:DD P:nVUbdIzC  $0F:C823: 50 03    BVC $C828
f92     c2727068     i56663120    A:40 X:19 Y:00 S:DD P:nVUbdIzC  $0F:C825: 4C 78 C4 JMP $C478
f92     c2727071     i56663121    A:40 X:19 Y:00 S:DD P:nVUbdIzC  $0F:C478: 24 3B    BIT $3B = #$55
f92     c2727074     i56663122    A:40 X:19 Y:00 S:DD P:nVUbdIzC  $0F:C47A: 30 32    BMI $C4AE
f92     c2727076     i56663123    A:40 X:19 Y:00 S:DD P:nVUbdIzC  $0F:C47C: 38       SEC
f92     c2727078     i56663124    A:40 X:19 Y:00 S:DD P:nVUbdIzC  $0F:C47D: 66 3B    ROR $3B = #$55
f92     c2727083     i56663125    A:40 X:19 Y:00 S:DD P:NVUbdIzC  $0F:C47F: 85 3C    STA $3C = #$40
f92     c2727086     i56663126    A:40 X:19 Y:00 S:DD P:NVUbdIzC  $0F:C481: 86 3D    STX $3D = #$19
f92     c2727089     i56663127    A:40 X:19 Y:00 S:DD P:NVUbdIzC  $0F:C483: 84 3E    STY $3E = #$00
f92     c2727092     i56663128    A:40 X:19 Y:00 S:DD P:NVUbdIzC  $0F:C485: A5 22    LDA $22 = #$00
f92     c2727095     i56663129    A:00 X:19 Y:00 S:DD P:nVUbdIZC  $0F:C487: 09 07    ORA #$07
f92     c2727097     i56663130    A:07 X:19 Y:00 S:DD P:nVUbdIzC  $0F:C489: 8D 00 80 STA $8000 = #$A5
f92     c2727101     i56663131    A:07 X:19 Y:00 S:DD P:nVUbdIzC  $0F:C48C: A9 02    LDA #$02
f92     c2727103     i56663132    A:02 X:19 Y:00 S:DD P:nVUbdIzC  $0F:C48E: 8D 01 80 STA $8001 = #$27
f103    c3038590     i56762736    A:00 X:02 Y:06 S:DB P:nVUbdIzc  $01:A0ED: BD 15 40 LDA $4015,X @ $4017 = #$01
f103    c3038594     i56762737    A:40 X:02 Y:06 S:DB P:nVUbdIzc  $01:A0F0: 4A       LSR
f103    c3038596     i56762738    A:20 X:02 Y:06 S:DB P:nVUbdIzc  $01:A0F1: 26 3F    ROL $3F = #$00
f103    c3038601     i56762739    A:20 X:02 Y:06 S:DB P:nVUbdIZc  $01:A0F3: 29 01    AND #$01
f103    c3038603     i56762740    A:00 X:02 Y:06 S:DB P:nVUbdIZc  $01:A0F5: 05 3F    ORA $3F = #$00
f103    c3038606     i56762741    A:00 X:02 Y:06 S:DB P:nVUbdIZc  $01:A0F7: 85 3F    STA $3F = #$00
f103    c3038609     i56762742    A:00 X:02 Y:06 S:DB P:nVUbdIZc  $01:A0F9: 88       DEY
f103    c3038611     i56762743    A:00 X:02 Y:05 S:DB P:nVUbdIzc  $01:A0FA: D0 F1    BNE $A0ED
f103    c3038614     i56762744    A:00 X:02 Y:05 S:DB P:nVUbdIzc  $01:A0ED: BD 15 40 LDA $4015,X @ $4017 = #$01
f103    c3038618     i56762745    A:40 X:02 Y:05 S:DB P:nVUbdIzc  $01:A0F0: 4A       LSR
f103    c3038620     i56762746    A:20 X:02 Y:05 S:DB P:nVUbdIzc  $01:A0F1: 26 3F    ROL $3F = #$00
f103    c3038625     i56762747    A:20 X:02 Y:05 S:DB P:nVUbdIZc  $01:A0F3: 29 01    AND #$01
f103    c3038627     i56762748    A:00 X:02 Y:05 S:DB P:nVUbdIZc  $01:A0F5: 05 3F    ORA $3F = #$00
f103    c3038630     i56762749    A:00 X:02 Y:05 S:DB P:nVUbdIZc  $01:A0F7: 85 3F    STA $3F = #$00
f103    c3038633     i56762750    A:00 X:02 Y:05 S:DB P:nVUbdIZc  $01:A0F9: 88       DEY
f103    c3038635     i56762751    A:00 X:02 Y:04 S:DB P:nVUbdIzc  $01:A0FA: D0 F1    BNE $A0ED
f103    c3038638     i56762752    A:00 X:02 Y:04 S:DB P:nVUbdIzc  $01:A0ED: BD 15 40 LDA $4015,X @ $4017 = #$01
f103    c3038642     i56762753    A:40 X:02 Y:04 S:DB P:nVUbdIzc  $01:A0F0: 4A       LSR
f103    c3038644     i56762754    A:20 X:02 Y:04 S:DB P:nVUbdIzc  $01:A0F1: 26 3F    ROL $3F = #$00
f103    c3038649     i56762755    A:20 X:02 Y:04 S:DB P:nVUbdIZc  $01:A0F3: 29 01    AND #$01
f103    c3038651     i56762756    A:00 X:02 Y:04 S:DB P:nVUbdIZc  $01:A0F5: 05 3F    ORA $3F = #$00
f103    c3038654     i56762757    A:00 X:02 Y:04 S:DB P:nVUbdIZc  $01:A0F7: 85 3F    STA $3F = #$00
f103    c3038657     i56762758    A:00 X:02 Y:04 S:DB P:nVUbdIZc  $01:A0F9: 88       DEY
f103    c3038659     i56762759    A:00 X:02 Y:03 S:DB P:nVUbdIzc  $01:A0FA: D0 F1    BNE $A0ED
f103    c3038662     i56762760    A:00 X:02 Y:03 S:DB P:nVUbdIzc  $01:A0ED: BD 15 40 LDA $4015,X @ $4017 = #$01
f103    c3038666     i56762761    A:40 X:02 Y:03 S:DB P:nVUbdIzc  $01:A0F0: 4A       LSR
f103    c3038668     i56762762    A:20 X:02 Y:03 S:DB P:nVUbdIzc  $01:A0F1: 26 3F    ROL $3F = #$00
f103    c3038673     i56762763    A:20 X:02 Y:03 S:DB P:nVUbdIZc  $01:A0F3: 29 01    AND #$01
f103    c3038675     i56762764    A:00 X:02 Y:03 S:DB P:nVUbdIZc  $01:A0F5: 05 3F    ORA $3F = #$00
f103    c3038678     i56762765    A:00 X:02 Y:03 S:DB P:nVUbdIZc  $01:A0F7: 85 3F    STA $3F = #$00
f103    c3038681     i56762766    A:00 X:02 Y:03 S:DB P:nVUbdIZc  $01:A0F9: 88       DEY
f103    c3038683     i56762767    A:00 X:02 Y:02 S:DB P:nVUbdIzc  $01:A0FA: D0 F1    BNE $A0ED
f103    c3038686     i56762768    A:00 X:02 Y:02 S:DB P:nVUbdIzc  $01:A0ED: BD 15 40 LDA $4015,X @ $4017 = #$01
f103    c3038690     i56762769    A:40 X:02 Y:02 S:DB P:nVUbdIzc  $01:A0F0: 4A       LSR
f103    c3038692     i56762770    A:20 X:02 Y:02 S:DB P:nVUbdIzc  $01:A0F1: 26 3F    ROL $3F = #$00
f103    c3038697     i56762771    A:20 X:02 Y:02 S:DB P:nVUbdIZc  $01:A0F3: 29 01    AND #$01
f103    c3038699     i56762772    A:00 X:02 Y:02 S:DB P:nVUbdIZc  $01:A0F5: 05 3F    ORA $3F = #$00
f103    c3038702     i56762773    A:00 X:02 Y:02 S:DB P:nVUbdIZc  $01:A0F7: 85 3F    STA $3F = #$00
f103    c3038705     i56762774    A:00 X:02 Y:02 S:DB P:nVUbdIZc  $01:A0F9: 88       DEY
f103    c3038707     i56762775    A:00 X:02 Y:01 S:DB P:nVUbdIzc  $01:A0FA: D0 F1    BNE $A0ED
f103    c3038710     i56762776    A:00 X:02 Y:01 S:DB P:nVUbdIzc  $01:A0ED: BD 15 40 LDA $4015,X @ $4017 = #$01
f103    c3038714     i56762777    A:40 X:02 Y:01 S:DB P:nVUbdIzc  $01:A0F0: 4A       LSR
f104    c3067435     i56772128    A:40 X:19 Y:00 S:E0 P:nvUbdizC  $00:9F04: A5 1B    LDA $1B = #$40
f104    c3067438     i56772129    A:40 X:19 Y:00 S:E0 P:nvUbdizC  $00:9F06: 10 FC    BPL $9F04
f104    c3067441     i56772130    A:40 X:19 Y:00 S:E0 P:nvUbdizC  $00:9F04: A5 1B    LDA $1B = #$40
f104    c3067444     i56772131    A:40 X:19 Y:00 S:E0 P:nvUbdizC  $00:9F06: 10 FC    BPL $9F04
f104    c3067447     i56772132    A:40 X:19 Y:00 S:E0 P:nvUbdizC  $00:9F04: A5 1B    LDA $1B = #$40
f104    c3067450     i56772133    A:40 X:19 Y:00 S:E0 P:nvUbdizC  $00:9F06: 10 FC    BPL $9F04
f104    c3067453     i56772134    A:40 X:19 Y:00 S:E0 P:nvUbdizC  $00:9F04: A5 1B    LDA $1B = #$40
f104    c3067456     i56772135    A:40 X:19 Y:00 S:E0 P:nvUbdizC  $00:9F06: 10 FC    BPL $9F04
f104    c3067459     i56772136    A:40 X:19 Y:00 S:E0 P:nvUbdizC  $00:9F04: A5 1B    LDA $1B = #$40
f104    c3067462     i56772137    A:40 X:19 Y:00 S:E0 P:nvUbdizC  $00:9F06: 10 FC    BPL $9F04
f104    c3067465     i56772138    A:40 X:19 Y:00 S:E0 P:nvUbdizC  $00:9F04: A5 1B    LDA $1B = #$40
f104    c3067468     i56772139    A:40 X:19 Y:00 S:E0 P:nvUbdizC  $00:9F06: 10 FC    BPL $9F04
f104    c3067471     i56772140    A:40 X:19 Y:00 S:E0 P:nvUbdizC  $00:9F04: A5 1B    LDA $1B = #$40
f104    c3067474     i56772141    A:40 X:19 Y:00 S:E0 P:nvUbdizC  $00:9F06: 10 FC    BPL $9F04
f104    c3067477     i56772142    A:40 X:19 Y:00 S:E0 P:nvUbdizC  $00:9F04: A5 1B    LDA $1B = #$40
f104    c3067480     i56772143    A:40 X:19 Y:00 S:E0 P:nvUbdizC  $00:9F06: 10 FC    BPL $9F04
f104    c3067483     i56772144    A:40 X:19 Y:00 S:E0 P:nvUbdizC  $00:9F04: A5 1B    LDA $1B = #$40
f104    c3067486     i56772145    A:40 X:19 Y:00 S:E0 P:nvUbdizC  $00:9F06: 10 FC    BPL $9F04
f104    c3067489     i56772146    A:40 X:19 Y:00 S:E0 P:nvUbdizC  $00:9F04: A5 1B    LDA $1B = #$40
f104    c3067492     i56772147    A:40 X:19 Y:00 S:E0 P:nvUbdizC  $00:9F06: 10 FC    BPL $9F04
f104    c3067495     i56772148    A:40 X:19 Y:00 S:E0 P:nvUbdizC  $00:9F04: A5 1B    LDA $1B = #$40
f104    c3067498     i56772149    A:40 X:19 Y:00 S:E0 P:nvUbdizC  $00:9F06: 10 FC    BPL $9F04
f104    c3067501     i56772150    A:40 X:19 Y:00 S:E0 P:nvUbdizC  $00:9F04: A5 1B    LDA $1B = #$40
f104    c3067504     i56772151    A:40 X:19 Y:00 S:E0 P:nvUbdizC  $00:9F06: 10 FC    BPL $9F04
f104    c3067507     i56772152    A:40 X:19 Y:00 S:E0 P:nvUbdizC  $00:9F04: A5 1B    LDA $1B = #$40
f104    c3067517     i56772153    A:40 X:19 Y:00 S:DD P:nvUbdIzC  $0F:C500: 4C 6E C7 JMP $C76E
f104    c3067520     i56772154    A:40 X:19 Y:00 S:DD P:nvUbdIzC  $0F:C76E: 24 1B    BIT $1B = #$40
f104    c3067523     i56772155    A:40 X:19 Y:00 S:DD P:nVUbdIzC  $0F:C770: 50 03    BVC $C775
f104    c3067525     i56772156    A:40 X:19 Y:00 S:DD P:nVUbdIzC  $0F:C772: 4C 21 C4 JMP $C421
f104    c3067528     i56772157    A:40 X:19 Y:00 S:DD P:nVUbdIzC  $0F:C421: 24 3B    BIT $3B = #$55
f104    c3067531     i56772158    A:40 X:19 Y:00 S:DD P:nVUbdIzC  $0F:C423: 30 4D    BMI $C472
f104    c3067533     i56772159    A:40 X:19 Y:00 S:DD P:nVUbdIzC  $0F:C425: 38       SEC
f104    c3067535     i56772160    A:40 X:19 Y:00 S:DD P:nVUbdIzC  $0F:C426: 66 3B    ROR $3B = #$55
f104    c3067540     i56772161    A:40 X:19 Y:00 S:DD P:NVUbdIzC  $0F:C428: 85 3C    STA $3C = #$40
f104    c3067543     i56772162    A:40 X:19 Y:00 S:DD P:NVUbdIzC  $0F:C42A: 86 3D    STX $3D = #$19
f104    c3067546     i56772163    A:40 X:19 Y:00 S:DD P:NVUbdIzC  $0F:C42C: 84 3E    STY $3E = #$00
f104    c3067549     i56772164    A:40 X:19 Y:00 S:DD P:NVUbdIzC  $0F:C42E: A5 22    LDA $22 = #$00
f104    c3067552     i56772165    A:00 X:19 Y:00 S:DD P:nVUbdIZC  $0F:C430: 09 07    ORA #$07
f104    c3067554     i56772166    A:07 X:19 Y:00 S:DD P:nVUbdIzC  $0F:C432: 8D 00 80 STA $8000 = #$A5
f104    c3067558     i56772167    A:07 X:19 Y:00 S:DD P:nVUbdIzC  $0F:C435: A9 02    LDA #$02
f104    c3067560     i56772168    A:02 X:19 Y:00 S:DD P:nVUbdIzC  $0F:C437: 8D 01 80 STA $8001 = #$27
f104    c3067564     i56772169    A:02 X:19 Y:00 S:DD P:nVUbdIzC  $0F:C43A: 20 00 A0 JSR $A000
f105    c3098371     i56781855    A:00 X:01 Y:07 S:DB P:nVUbdIzc  $01:A0ED: BD 15 40 LDA $4015,X @ $4016 = #$00
f105    c3098375     i56781856    A:40 X:01 Y:07 S:DB P:nVUbdIzc  $01:A0F0: 4A       LSR
f105    c3098377     i56781857    A:20 X:01 Y:07 S:DB P:nVUbdIzc  $01:A0F1: 26 3F    ROL $3F = #$00
f105    c3098382     i56781858    A:20 X:01 Y:07 S:DB P:nVUbdIZc  $01:A0F3: 29 01    AND #$01
f105    c3098384     i56781859    A:00 X:01 Y:07 S:DB P:nVUbdIZc  $01:A0F5: 05 3F    ORA $3F = #$00
f105    c3098387     i56781860    A:00 X:01 Y:07 S:DB P:nVUbdIZc  $01:A0F7: 85 3F    STA $3F = #$00
f105    c3098390     i56781861    A:00 X:01 Y:07 S:DB P:nVUbdIZc  $01:A0F9: 88       DEY
f105    c3098392     i56781862    A:00 X:01 Y:06 S:DB P:nVUbdIzc  $01:A0FA: D0 F1    BNE $A0ED
f105    c3098395     i56781863    A:00 X:01 Y:06 S:DB P:nVUbdIzc  $01:A0ED: BD 15 40 LDA $4015,X @ $4016 = #$00
f105    c3098399     i56781864    A:40 X:01 Y:06 S:DB P:nVUbdIzc  $01:A0F0: 4A       LSR
f105    c3098401     i56781865    A:20 X:01 Y:06 S:DB P:nVUbdIzc  $01:A0F1: 26 3F    ROL $3F = #$00
f105    c3098406     i56781866    A:20 X:01 Y:06 S:DB P:nVUbdIZc  $01:A0F3: 29 01    AND #$01
f105    c3098408     i56781867    A:00 X:01 Y:06 S:DB P:nVUbdIZc  $01:A0F5: 05 3F    ORA $3F = #$00
f105    c3098411     i56781868    A:00 X:01 Y:06 S:DB P:nVUbdIZc  $01:A0F7: 85 3F    STA $3F = #$00
f105    c3098414     i56781869    A:00 X:01 Y:06 S:DB P:nVUbdIZc  $01:A0F9: 88       DEY
f105    c3098416     i56781870    A:00 X:01 Y:05 S:DB P:nVUbdIzc  $01:A0FA: D0 F1    BNE $A0ED
f105    c3098419     i56781871    A:00 X:01 Y:05 S:DB P:nVUbdIzc  $01:A0ED: BD 15 40 LDA $4015,X @ $4016 = #$00
f105    c3098423     i56781872    A:40 X:01 Y:05 S:DB P:nVUbdIzc  $01:A0F0: 4A       LSR
f105    c3098425     i56781873    A:20 X:01 Y:05 S:DB P:nVUbdIzc  $01:A0F1: 26 3F    ROL $3F = #$00
f105    c3098430     i56781874    A:20 X:01 Y:05 S:DB P:nVUbdIZc  $01:A0F3: 29 01    AND #$01
f105    c3098432     i56781875    A:00 X:01 Y:05 S:DB P:nVUbdIZc  $01:A0F5: 05 3F    ORA $3F = #$00
f105    c3098435     i56781876    A:00 X:01 Y:05 S:DB P:nVUbdIZc  $01:A0F7: 85 3F    STA $3F = #$00
f105    c3098438     i56781877    A:00 X:01 Y:05 S:DB P:nVUbdIZc  $01:A0F9: 88       DEY
f105    c3098440     i56781878    A:00 X:01 Y:04 S:DB P:nVUbdIzc  $01:A0FA: D0 F1    BNE $A0ED
f105    c3098443     i56781879    A:00 X:01 Y:04 S:DB P:nVUbdIzc  $01:A0ED: BD 15 40 LDA $4015,X @ $4016 = #$00
f105    c3098447     i56781880    A:40 X:01 Y:04 S:DB P:nVUbdIzc  $01:A0F0: 4A       LSR
f105    c3098449     i56781881    A:20 X:01 Y:04 S:DB P:nVUbdIzc  $01:A0F1: 26 3F    ROL $3F = #$00
f105    c3098454     i56781882    A:20 X:01 Y:04 S:DB P:nVUbdIZc  $01:A0F3: 29 01    AND #$01
f105    c3098456     i56781883    A:00 X:01 Y:04 S:DB P:nVUbdIZc  $01:A0F5: 05 3F    ORA $3F = #$00
f105    c3098459     i56781884    A:00 X:01 Y:04 S:DB P:nVUbdIZc  $01:A0F7: 85 3F    STA $3F = #$00
f105    c3098462     i56781885    A:00 X:01 Y:04 S:DB P:nVUbdIZc  $01:A0F9: 88       DEY
f105    c3098464     i56781886    A:00 X:01 Y:03 S:DB P:nVUbdIzc  $01:A0FA: D0 F1    BNE $A0ED
f105    c3098467     i56781887    A:00 X:01 Y:03 S:DB P:nVUbdIzc  $01:A0ED: BD 15 40 LDA $4015,X @ $4016 = #$00
f105    c3098471     i56781888    A:40 X:01 Y:03 S:DB P:nVUbdIzc  $01:A0F0: 4A       LSR
f105    c3098473     i56781889    A:20 X:01 Y:03 S:DB P:nVUbdIzc  $01:A0F1: 26 3F    ROL $3F = #$00
f105    c3098478     i56781890    A:20 X:01 Y:03 S:DB P:nVUbdIZc  $01:A0F3: 29 01    AND #$01
f105    c3098480     i56781891    A:00 X:01 Y:03 S:DB P:nVUbdIZc  $01:A0F5: 05 3F    ORA $3F = #$00
f105    c3098483     i56781892    A:00 X:01 Y:03 S:DB P:nVUbdIZc  $01:A0F7: 85 3F    STA $3F = #$00
f105    c3098486     i56781893    A:00 X:01 Y:03 S:DB P:nVUbdIZc  $01:A0F9: 88       DEY
f105    c3098488     i56781894    A:00 X:01 Y:02 S:DB P:nVUbdIzc  $01:A0FA: D0 F1    BNE $A0ED
f105    c3098491     i56781895    A:00 X:01 Y:02 S:DB P:nVUbdIzc  $01:A0ED: BD 15 40 LDA $4015,X @ $4016 = #$00
f105    c3098495     i56781896    A:40 X:01 Y:02 S:DB P:nVUbdIzc  $01:A0F0: 4A       LSR
f109    c3217273     i56819875    A:00 X:02 Y:06 S:DB P:nVUbdIzc  $01:A0ED: BD 15 40 LDA $4015,X @ $4017 = #$01
f109    c3217277     i56819876    A:40 X:02 Y:06 S:DB P:nVUbdIzc  $01:A0F0: 4A       LSR
f109    c3217279     i56819877    A:20 X:02 Y:06 S:DB P:nVUbdIzc  $01:A0F1: 26 3F    ROL $3F = #$00
f109    c3217284     i56819878    A:20 X:02 Y:06 S:DB P:nVUbdIZc  $01:A0F3: 29 01    AND #$01
f109    c3217286     i56819879    A:00 X:02 Y:06 S:DB P:nVUbdIZc  $01:A0F5: 05 3F    ORA $3F = #$00
f109    c3217289     i56819880    A:00 X:02 Y:06 S:DB P:nVUbdIZc  $01:A0F7: 85 3F    STA $3F = #$00
f109    c3217292     i56819881    A:00 X:02 Y:06 S:DB P:nVUbdIZc  $01:A0F9: 88       DEY
f109    c3217294     i56819882    A:00 X:02 Y:05 S:DB P:nVUbdIzc  $01:A0FA: D0 F1    BNE $A0ED
f109    c3217297     i56819883    A:00 X:02 Y:05 S:DB P:nVUbdIzc  $01:A0ED: BD 15 40 LDA $4015,X @ $4017 = #$01
f109    c3217301     i56819884    A:40 X:02 Y:05 S:DB P:nVUbdIzc  $01:A0F0: 4A       LSR
f109    c3217303     i56819885    A:20 X:02 Y:05 S:DB P:nVUbdIzc  $01:A0F1: 26 3F    ROL $3F = #$00
f109    c3217308     i56819886    A:20 X:02 Y:05 S:DB P:nVUbdIZc  $01:A0F3: 29 01    AND #$01
f109    c3217310     i56819887    A:00 X:02 Y:05 S:DB P:nVUbdIZc  $01:A0F5: 05 3F    ORA $3F = #$00
f109    c3217313     i56819888    A:00 X:02 Y:05 S:DB P:nVUbdIZc  $01:A0F7: 85 3F    STA $3F = #$00
f109    c3217316     i56819889    A:00 X:02 Y:05 S:DB P:nVUbdIZc  $01:A0F9: 88       DEY
f109    c3217318     i56819890    A:00 X:02 Y:04 S:DB P:nVUbdIzc  $01:A0FA: D0 F1    BNE $A0ED
f109    c3217321     i56819891    A:00 X:02 Y:04 S:DB P:nVUbdIzc  $01:A0ED: BD 15 40 LDA $4015,X @ $4017 = #$01
f109    c3217325     i56819892    A:40 X:02 Y:04 S:DB P:nVUbdIzc  $01:A0F0: 4A       LSR
f109    c3217327     i56819893    A:20 X:02 Y:04 S:DB P:nVUbdIzc  $01:A0F1: 26 3F    ROL $3F = #$00
f109    c3217332     i56819894    A:20 X:02 Y:04 S:DB P:nVUbdIZc  $01:A0F3: 29 01    AND #$01
f109    c3217334     i56819895    A:00 X:02 Y:04 S:DB P:nVUbdIZc  $01:A0F5: 05 3F    ORA $3F = #$00
f109    c3217337     i56819896    A:00 X:02 Y:04 S:DB P:nVUbdIZc  $01:A0F7: 85 3F    STA $3F = #$00
f109    c3217340     i56819897    A:00 X:02 Y:04 S:DB P:nVUbdIZc  $01:A0F9: 88       DEY
f109    c3217342     i56819898    A:00 X:02 Y:03 S:DB P:nVUbdIzc  $01:A0FA: D0 F1    BNE $A0ED
f109    c3217345     i56819899    A:00 X:02 Y:03 S:DB P:nVUbdIzc  $01:A0ED: BD 15 40 LDA $4015,X @ $4017 = #$01
f109    c3217349     i56819900    A:40 X:02 Y:03 S:DB P:nVUbdIzc  $01:A0F0: 4A       LSR
f109    c3217351     i56819901    A:20 X:02 Y:03 S:DB P:nVUbdIzc  $01:A0F1: 26 3F    ROL $3F = #$00
f109    c3217356     i56819902    A:20 X:02 Y:03 S:DB P:nVUbdIZc  $01:A0F3: 29 01    AND #$01
f109    c3217358     i56819903    A:00 X:02 Y:03 S:DB P:nVUbdIZc  $01:A0F5: 05 3F    ORA $3F = #$00
f109    c3217361     i56819904    A:00 X:02 Y:03 S:DB P:nVUbdIZc  $01:A0F7: 85 3F    STA $3F = #$00
f109    c3217364     i56819905    A:00 X:02 Y:03 S:DB P:nVUbdIZc  $01:A0F9: 88       DEY
f109    c3217366     i56819906    A:00 X:02 Y:02 S:DB P:nVUbdIzc  $01:A0FA: D0 F1    BNE $A0ED
f109    c3217369     i56819907    A:00 X:02 Y:02 S:DB P:nVUbdIzc  $01:A0ED: BD 15 40 LDA $4015,X @ $4017 = #$01
f109    c3217373     i56819908    A:40 X:02 Y:02 S:DB P:nVUbdIzc  $01:A0F0: 4A       LSR
f109    c3217375     i56819909    A:20 X:02 Y:02 S:DB P:nVUbdIzc  $01:A0F1: 26 3F    ROL $3F = #$00
f109    c3217380     i56819910    A:20 X:02 Y:02 S:DB P:nVUbdIZc  $01:A0F3: 29 01    AND #$01
f109    c3217382     i56819911    A:00 X:02 Y:02 S:DB P:nVUbdIZc  $01:A0F5: 05 3F    ORA $3F = #$00
f109    c3217385     i56819912    A:00 X:02 Y:02 S:DB P:nVUbdIZc  $01:A0F7: 85 3F    STA $3F = #$00
f109    c3217388     i56819913    A:00 X:02 Y:02 S:DB P:nVUbdIZc  $01:A0F9: 88       DEY
f109    c3217390     i56819914    A:00 X:02 Y:01 S:DB P:nVUbdIzc  $01:A0FA: D0 F1    BNE $A0ED
f109    c3217393     i56819915    A:00 X:02 Y:01 S:DB P:nVUbdIzc  $01:A0ED: BD 15 40 LDA $4015,X @ $4017 = #$01
f109    c3217397     i56819916    A:40 X:02 Y:01 S:DB P:nVUbdIzc  $01:A0F0: 4A       LSR
f110    c3246115     i56829266    A:40 X:19 Y:00 S:E0 P:nvUbdizC  $00:9F04: A5 1B    LDA $1B = #$40
f110    c3246118     i56829267    A:40 X:19 Y:00 S:E0 P:nvUbdizC  $00:9F06: 10 FC    BPL $9F04
f110    c3246121     i56829268    A:40 X:19 Y:00 S:E0 P:nvUbdizC  $00:9F04: A5 1B    LDA $1B = #$40
f110    c3246124     i56829269    A:40 X:19 Y:00 S:E0 P:nvUbdizC  $00:9F06: 10 FC    BPL $9F04
f110    c3246127     i56829270    A:40 X:19 Y:00 S:E0 P:nvUbdizC  $00:9F04: A5 1B    LDA $1B = #$40
f110    c3246130     i56829271    A:40 X:19 Y:00 S:E0 P:nvUbdizC  $00:9F06: 10 FC    BPL $9F04
f110    c3246133     i56829272    A:40 X:19 Y:00 S:E0 P:nvUbdizC  $00:9F04: A5 1B    LDA $1B = #$40
f110    c3246136     i56829273    A:40 X:19 Y:00 S:E0 P:nvUbdizC  $00:9F06: 10 FC    BPL $9F04
f110    c3246139     i56829274    A:40 X:19 Y:00 S:E0 P:nvUbdizC  $00:9F04: A5 1B    LDA $1B = #$40
f110    c3246142     i56829275    A:40 X:19 Y:00 S:E0 P:nvUbdizC  $00:9F06: 10 FC    BPL $9F04
f110    c3246145     i56829276    A:40 X:19 Y:00 S:E0 P:nvUbdizC  $00:9F04: A5 1B    LDA $1B = #$40
f110    c3246148     i56829277    A:40 X:19 Y:00 S:E0 P:nvUbdizC  $00:9F06: 10 FC    BPL $9F04
f110    c3246151     i56829278    A:40 X:19 Y:00 S:E0 P:nvUbdizC  $00:9F04: A5 1B    LDA $1B = #$40
f110    c3246154     i56829279    A:40 X:19 Y:00 S:E0 P:nvUbdizC  $00:9F06: 10 FC    BPL $9F04
f110    c3246157     i56829280    A:40 X:19 Y:00 S:E0 P:nvUbdizC  $00:9F04: A5 1B    LDA $1B = #$40
f110    c3246160     i56829281    A:40 X:19 Y:00 S:E0 P:nvUbdizC  $00:9F06: 10 FC    BPL $9F04
f110    c3246163     i56829282    A:40 X:19 Y:00 S:E0 P:nvUbdizC  $00:9F04: A5 1B    LDA $1B = #$40
f110    c3246166     i56829283    A:40 X:19 Y:00 S:E0 P:nvUbdizC  $00:9F06: 10 FC    BPL $9F04
f110    c3246169     i56829284    A:40 X:19 Y:00 S:E0 P:nvUbdizC  $00:9F04: A5 1B    LDA $1B = #$40
f110    c3246172     i56829285    A:40 X:19 Y:00 S:E0 P:nvUbdizC  $00:9F06: 10 FC    BPL $9F04
f110    c3246175     i56829286    A:40 X:19 Y:00 S:E0 P:nvUbdizC  $00:9F04: A5 1B    LDA $1B = #$40
f110    c3246178     i56829287    A:40 X:19 Y:00 S:E0 P:nvUbdizC  $00:9F06: 10 FC    BPL $9F04
f110    c3246181     i56829288    A:40 X:19 Y:00 S:E0 P:nvUbdizC  $00:9F04: A5 1B    LDA $1B = #$40
f110    c3246184     i56829289    A:40 X:19 Y:00 S:E0 P:nvUbdizC  $00:9F06: 10 FC    BPL $9F04
f110    c3246187     i56829290    A:40 X:19 Y:00 S:E0 P:nvUbdizC  $00:9F04: A5 1B    LDA $1B = #$40
f110    c3246190     i56829291    A:40 X:19 Y:00 S:E0 P:nvUbdizC  $00:9F06: 10 FC    BPL $9F04
f110    c3246200     i56829292    A:40 X:19 Y:00 S:DD P:nvUbdIzC  $0F:C500: 4C 6E C7 JMP $C76E
f110    c3246203     i56829293    A:40 X:19 Y:00 S:DD P:nvUbdIzC  $0F:C76E: 24 1B    BIT $1B = #$40
f110    c3246206     i56829294    A:40 X:19 Y:00 S:DD P:nVUbdIzC  $0F:C770: 50 03    BVC $C775
f110    c3246208     i56829295    A:40 X:19 Y:00 S:DD P:nVUbdIzC  $0F:C772: 4C 21 C4 JMP $C421
f110    c3246211     i56829296    A:40 X:19 Y:00 S:DD P:nVUbdIzC  $0F:C421: 24 3B    BIT $3B = #$55
f110    c3246214     i56829297    A:40 X:19 Y:00 S:DD P:nVUbdIzC  $0F:C423: 30 4D    BMI $C472
f110    c3246216     i56829298    A:40 X:19 Y:00 S:DD P:nVUbdIzC  $0F:C425: 38       SEC
f110    c3246218     i56829299    A:40 X:19 Y:00 S:DD P:nVUbdIzC  $0F:C426: 66 3B    ROR $3B = #$55
f110    c3246223     i56829300    A:40 X:19 Y:00 S:DD P:NVUbdIzC  $0F:C428: 85 3C    STA $3C = #$40
f110    c3246226     i56829301    A:40 X:19 Y:00 S:DD P:NVUbdIzC  $0F:C42A: 86 3D    STX $3D = #$19
f110    c3246229     i56829302    A:40 X:19 Y:00 S:DD P:NVUbdIzC  $0F:C42C: 84 3E    STY $3E = #$00
f110    c3246232     i56829303    A:40 X:19 Y:00 S:DD P:NVUbdIzC  $0F:C42E: A5 22    LDA $22 = #$00
f110    c3246235     i56829304    A:00 X:19 Y:00 S:DD P:nVUbdIZC  $0F:C430: 09 07    ORA #$07
f110    c3246237     i56829305    A:07 X:19 Y:00 S:DD P:nVUbdIzC  $0F:C432: 8D 00 80 STA $8000 = #$A5
f110    c3246241     i56829306    A:07 X:19 Y:00 S:DD P:nVUbdIzC  $0F:C435: A9 02    LDA #$02
f110    c3246243     i56829307    A:02 X:19 Y:00 S:DD P:nVUbdIzC  $0F:C437: 8D 01 80 STA $8001 = #$27
f115    c3395956     i56877014    A:00 X:02 Y:06 S:DB P:nVUbdIzc  $01:A0ED: BD 15 40 LDA $4015,X @ $4017 = #$01
f115    c3395960     i56877015    A:40 X:02 Y:06 S:DB P:nVUbdIzc  $01:A0F0: 4A       LSR
f115    c3395962     i56877016    A:20 X:02 Y:06 S:DB P:nVUbdIzc  $01:A0F1: 26 3F    ROL $3F = #$00
f115    c3395967     i56877017    A:20 X:02 Y:06 S:DB P:nVUbdIZc  $01:A0F3: 29 01    AND #$01
f115    c3395969     i56877018    A:00 X:02 Y:06 S:DB P:nVUbdIZc  $01:A0F5: 05 3F    ORA $3F = #$00
f115    c3395972     i56877019    A:00 X:02 Y:06 S:DB P:nVUbdIZc  $01:A0F7: 85 3F    STA $3F = #$00
f115    c3395975     i56877020    A:00 X:02 Y:06 S:DB P:nVUbdIZc  $01:A0F9: 88       DEY
f115    c3395977     i56877021    A:00 X:02 Y:05 S:DB P:nVUbdIzc  $01:A0FA: D0 F1    BNE $A0ED
f115    c3395980     i56877022    A:00 X:02 Y:05 S:DB P:nVUbdIzc  $01:A0ED: BD 15 40 LDA $4015,X @ $4017 = #$01
f115    c3395984     i56877023    A:40 X:02 Y:05 S:DB P:nVUbdIzc  $01:A0F0: 4A       LSR
f115    c3395986     i56877024    A:20 X:02 Y:05 S:DB P:nVUbdIzc  $01:A0F1: 26 3F    ROL $3F = #$00
f115    c3395991     i56877025    A:20 X:02 Y:05 S:DB P:nVUbdIZc  $01:A0F3: 29 01    AND #$01
f115    c3395993     i56877026    A:00 X:02 Y:05 S:DB P:nVUbdIZc  $01:A0F5: 05 3F    ORA $3F = #$00
f115    c3395996     i56877027    A:00 X:02 Y:05 S:DB P:nVUbdIZc  $01:A0F7: 85 3F    STA $3F = #$00
f115    c3395999     i56877028    A:00 X:02 Y:05 S:DB P:nVUbdIZc  $01:A0F9: 88       DEY
f115    c3396001     i56877029    A:00 X:02 Y:04 S:DB P:nVUbdIzc  $01:A0FA: D0 F1    BNE $A0ED
f115    c3396004     i56877030    A:00 X:02 Y:04 S:DB P:nVUbdIzc  $01:A0ED: BD 15 40 LDA $4015,X @ $4017 = #$01
f115    c3396008     i56877031    A:40 X:02 Y:04 S:DB P:nVUbdIzc  $01:A0F0: 4A       LSR
f115    c3396010     i56877032    A:20 X:02 Y:04 S:DB P:nVUbdIzc  $01:A0F1: 26 3F    ROL $3F = #$00
f115    c3396015     i56877033    A:20 X:02 Y:04 S:DB P:nVUbdIZc  $01:A0F3: 29 01    AND #$01
f115    c3396017     i56877034    A:00 X:02 Y:04 S:DB P:nVUbdIZc  $01:A0F5: 05 3F    ORA $3F = #$00
f115    c3396020     i56877035    A:00 X:02 Y:04 S:DB P:nVUbdIZc  $01:A0F7: 85 3F    STA $3F = #$00
f115    c3396023     i56877036    A:00 X:02 Y:04 S:DB P:nVUbdIZc  $01:A0F9: 88       DEY
f115    c3396025     i56877037    A:00 X:02 Y:03 S:DB P:nVUbdIzc  $01:A0FA: D0 F1    BNE $A0ED
f115    c3396028     i56877038    A:00 X:02 Y:03 S:DB P:nVUbdIzc  $01:A0ED: BD 15 40 LDA $4015,X @ $4017 = #$01
f115    c3396032     i56877039    A:40 X:02 Y:03 S:DB P:nVUbdIzc  $01:A0F0: 4A       LSR
f115    c3396034     i56877040    A:20 X:02 Y:03 S:DB P:nVUbdIzc  $01:A0F1: 26 3F    ROL $3F = #$00
f115    c3396039     i56877041    A:20 X:02 Y:03 S:DB P:nVUbdIZc  $01:A0F3: 29 01    AND #$01
f115    c3396041     i56877042    A:00 X:02 Y:03 S:DB P:nVUbdIZc  $01:A0F5: 05 3F    ORA $3F = #$00
f115    c3396044     i56877043    A:00 X:02 Y:03 S:DB P:nVUbdIZc  $01:A0F7: 85 3F    STA $3F = #$00
f115    c3396047     i56877044    A:00 X:02 Y:03 S:DB P:nVUbdIZc  $01:A0F9: 88       DEY
f115    c3396049     i56877045    A:00 X:02 Y:02 S:DB P:nVUbdIzc  $01:A0FA: D0 F1    BNE $A0ED
f115    c3396052     i56877046    A:00 X:02 Y:02 S:DB P:nVUbdIzc  $01:A0ED: BD 15 40 LDA $4015,X @ $4017 = #$01
f115    c3396056     i56877047    A:40 X:02 Y:02 S:DB P:nVUbdIzc  $01:A0F0: 4A       LSR
f115    c3396058     i56877048    A:20 X:02 Y:02 S:DB P:nVUbdIzc  $01:A0F1: 26 3F    ROL $3F = #$00
f115    c3396063     i56877049    A:20 X:02 Y:02 S:DB P:nVUbdIZc  $01:A0F3: 29 01    AND #$01
f115    c3396065     i56877050    A:00 X:02 Y:02 S:DB P:nVUbdIZc  $01:A0F5: 05 3F    ORA $3F = #$00
f115    c3396068     i56877051    A:00 X:02 Y:02 S:DB P:nVUbdIZc  $01:A0F7: 85 3F    STA $3F = #$00
f115    c3396071     i56877052    A:00 X:02 Y:02 S:DB P:nVUbdIZc  $01:A0F9: 88       DEY
f115    c3396073     i56877053    A:00 X:02 Y:01 S:DB P:nVUbdIzc  $01:A0FA: D0 F1    BNE $A0ED
f115    c3396076     i56877054    A:00 X:02 Y:01 S:DB P:nVUbdIzc  $01:A0ED: BD 15 40 LDA $4015,X @ $4017 = #$01
f115    c3396080     i56877055    A:40 X:02 Y:01 S:DB P:nVUbdIzc  $01:A0F0: 4A       LSR
f116    c3424801     i56886406    A:40 X:19 Y:00 S:E0 P:nvUbdizC  $00:9F04: A5 1B    LDA $1B = #$40
f116    c3424804     i56886407    A:40 X:19 Y:00 S:E0 P:nvUbdizC  $00:9F06: 10 FC    BPL $9F04
f116    c3424807     i56886408    A:40 X:19 Y:00 S:E0 P:nvUbdizC  $00:9F04: A5 1B    LDA $1B = #$40
f116    c3424810     i56886409    A:40 X:19 Y:00 S:E0 P:nvUbdizC  $00:9F06: 10 FC    BPL $9F04
f116    c3424813     i56886410    A:40 X:19 Y:00 S:E0 P:nvUbdizC  $00:9F04: A5 1B    LDA $1B = #$40
f116    c3424816     i56886411    A:40 X:19 Y:00 S:E0 P:nvUbdizC  $00:9F06: 10 FC    BPL $9F04
f116    c3424819     i56886412    A:40 X:19 Y:00 S:E0 P:nvUbdizC  $00:9F04: A5 1B    LDA $1B = #$40
f116    c3424822     i56886413    A:40 X:19 Y:00 S:E0 P:nvUbdizC  $00:9F06: 10 FC    BPL $9F04
f116    c3424825     i56886414    A:40 X:19 Y:00 S:E0 P:nvUbdizC  $00:9F04: A5 1B    LDA $1B = #$40
f116    c3424828     i56886415    A:40 X:19 Y:00 S:E0 P:nvUbdizC  $00:9F06: 10 FC    BPL $9F04
f116    c3424831     i56886416    A:40 X:19 Y:00 S:E0 P:nvUbdizC  $00:9F04: A5 1B    LDA $1B = #$40
f116    c3424834     i56886417    A:40 X:19 Y:00 S:E0 P:nvUbdizC  $00:9F06: 10 FC    BPL $9F04
f116    c3424837     i56886418    A:40 X:19 Y:00 S:E0 P:nvUbdizC  $00:9F04: A5 1B    LDA $1B = #$40
f116    c3424840     i56886419    A:40 X:19 Y:00 S:E0 P:nvUbdizC  $00:9F06: 10 FC    BPL $9F04
f116    c3424843     i56886420    A:40 X:19 Y:00 S:E0 P:nvUbdizC  $00:9F04: A5 1B    LDA $1B = #$40
f116    c3424846     i56886421    A:40 X:19 Y:00 S:E0 P:nvUbdizC  $00:9F06: 10 FC    BPL $9F04
f116    c3424849     i56886422    A:40 X:19 Y:00 S:E0 P:nvUbdizC  $00:9F04: A5 1B    LDA $1B = #$40
f116    c3424852     i56886423    A:40 X:19 Y:00 S:E0 P:nvUbdizC  $00:9F06: 10 FC    BPL $9F04
f116    c3424855     i56886424    A:40 X:19 Y:00 S:E0 P:nvUbdizC  $00:9F04: A5 1B    LDA $1B = #$40
f116    c3424858     i56886425    A:40 X:19 Y:00 S:E0 P:nvUbdizC  $00:9F06: 10 FC    BPL $9F04
f116    c3424861     i56886426    A:40 X:19 Y:00 S:E0 P:nvUbdizC  $00:9F04: A5 1B    LDA $1B = #$40
f116    c3424864     i56886427    A:40 X:19 Y:00 S:E0 P:nvUbdizC  $00:9F06: 10 FC    BPL $9F04
f116    c3424867     i56886428    A:40 X:19 Y:00 S:E0 P:nvUbdizC  $00:9F04: A5 1B    LDA $1B = #$40
f116    c3424870     i56886429    A:40 X:19 Y:00 S:E0 P:nvUbdizC  $00:9F06: 10 FC    BPL $9F04
f116    c3424873     i56886430    A:40 X:19 Y:00 S:E0 P:nvUbdizC  $00:9F04: A5 1B    LDA $1B = #$40
f116    c3424883     i56886431    A:40 X:19 Y:00 S:DD P:nvUbdIzC  $0F:C500: 4C 6E C7 JMP $C76E
f116    c3424886     i56886432    A:40 X:19 Y:00 S:DD P:nvUbdIzC  $0F:C76E: 24 1B    BIT $1B = #$40
f116    c3424889     i56886433    A:40 X:19 Y:00 S:DD P:nVUbdIzC  $0F:C770: 50 03    BVC $C775
f116    c3424891     i56886434    A:40 X:19 Y:00 S:DD P:nVUbdIzC  $0F:C772: 4C 21 C4 JMP $C421
f116    c3424894     i56886435    A:40 X:19 Y:00 S:DD P:nVUbdIzC  $0F:C421: 24 3B    BIT $3B = #$55
f116    c3424897     i56886436    A:40 X:19 Y:00 S:DD P:nVUbdIzC  $0F:C423: 30 4D    BMI $C472
f116    c3424899     i56886437    A:40 X:19 Y:00 S:DD P:nVUbdIzC  $0F:C425: 38       SEC
f116    c3424901     i56886438    A:40 X:19 Y:00 S:DD P:nVUbdIzC  $0F:C426: 66 3B    ROR $3B = #$55
f116    c3424906     i56886439    A:40 X:19 Y:00 S:DD P:NVUbdIzC  $0F:C428: 85 3C    STA $3C = #$40
f116    c3424909     i56886440    A:40 X:19 Y:00 S:DD P:NVUbdIzC  $0F:C42A: 86 3D    STX $3D = #$19
f116    c3424912     i56886441    A:40 X:19 Y:00 S:DD P:NVUbdIzC  $0F:C42C: 84 3E    STY $3E = #$00
f116    c3424915     i56886442    A:40 X:19 Y:00 S:DD P:NVUbdIzC  $0F:C42E: A5 22    LDA $22 = #$00
f116    c3424918     i56886443    A:00 X:19 Y:00 S:DD P:nVUbdIZC  $0F:C430: 09 07    ORA #$07
f116    c3424920     i56886444    A:07 X:19 Y:00 S:DD P:nVUbdIzC  $0F:C432: 8D 00 80 STA $8000 = #$A5
f116    c3424924     i56886445    A:07 X:19 Y:00 S:DD P:nVUbdIzC  $0F:C435: A9 02    LDA #$02
f116    c3424926     i56886446    A:02 X:19 Y:00 S:DD P:nVUbdIzC  $0F:C437: 8D 01 80 STA $8001 = #$27
f116    c3424930     i56886447    A:02 X:19 Y:00 S:DD P:nVUbdIzC  $0F:C43A: 20 00 A0 JSR $A000
f117    c3455737     i56896133    A:00 X:01 Y:07 S:DB P:nVUbdIzc  $01:A0ED: BD 15 40 LDA $4015,X @ $4016 = #$00
f117    c3455741     i56896134    A:40 X:01 Y:07 S:DB P:nVUbdIzc  $01:A0F0: 4A       LSR
f117    c3455743     i56896135    A:20 X:01 Y:07 S:DB P:nVUbdIzc  $01:A0F1: 26 3F    ROL $3F = #$00
f117    c3455748     i56896136    A:20 X:01 Y:07 S:DB P:nVUbdIZc  $01:A0F3: 29 01    AND #$01
f117    c3455750     i56896137    A:00 X:01 Y:07 S:DB P:nVUbdIZc  $01:A0F5: 05 3F    ORA $3F = #$00
f117    c3455753     i56896138    A:00 X:01 Y:07 S:DB P:nVUbdIZc  $01:A0F7: 85 3F    STA $3F = #$00
f117    c3455756     i56896139    A:00 X:01 Y:07 S:DB P:nVUbdIZc  $01:A0F9: 88       DEY
f117    c3455758     i56896140    A:00 X:01 Y:06 S:DB P:nVUbdIzc  $01:A0FA: D0 F1    BNE $A0ED
f117    c3455761     i56896141    A:00 X:01 Y:06 S:DB P:nVUbdIzc  $01:A0ED: BD 15 40 LDA $4015,X @ $4016 = #$00
f117    c3455765     i56896142    A:40 X:01 Y:06 S:DB P:nVUbdIzc  $01:A0F0: 4A       LSR
f117    c3455767     i56896143    A:20 X:01 Y:06 S:DB P:nVUbdIzc  $01:A0F1: 26 3F    ROL $3F = #$00
f117    c3455772     i56896144    A:20 X:01 Y:06 S:DB P:nVUbdIZc  $01:A0F3: 29 01    AND #$01
f117    c3455774     i56896145    A:00 X:01 Y:06 S:DB P:nVUbdIZc  $01:A0F5: 05 3F    ORA $3F = #$00
f117    c3455777     i56896146    A:00 X:01 Y:06 S:DB P:nVUbdIZc  $01:A0F7: 85 3F    STA $3F = #$00
f117    c3455780     i56896147    A:00 X:01 Y:06 S:DB P:nVUbdIZc  $01:A0F9: 88       DEY
f117    c3455782     i56896148    A:00 X:01 Y:05 S:DB P:nVUbdIzc  $01:A0FA: D0 F1    BNE $A0ED
f117    c3455785     i56896149    A:00 X:01 Y:05 S:DB P:nVUbdIzc  $01:A0ED: BD 15 40 LDA $4015,X @ $4016 = #$00
f117    c3455789     i56896150    A:40 X:01 Y:05 S:DB P:nVUbdIzc  $01:A0F0: 4A       LSR
f117    c3455791     i56896151    A:20 X:01 Y:05 S:DB P:nVUbdIzc  $01:A0F1: 26 3F    ROL $3F = #$00
f117    c3455796     i56896152    A:20 X:01 Y:05 S:DB P:nVUbdIZc  $01:A0F3: 29 01    AND #$01
f117    c3455798     i56896153    A:00 X:01 Y:05 S:DB P:nVUbdIZc  $01:A0F5: 05 3F    ORA $3F = #$00
f117    c3455801     i56896154    A:00 X:01 Y:05 S:DB P:nVUbdIZc  $01:A0F7: 85 3F    STA $3F = #$00
f117    c3455804     i56896155    A:00 X:01 Y:05 S:DB P:nVUbdIZc  $01:A0F9: 88       DEY
f117    c3455806     i56896156    A:00 X:01 Y:04 S:DB P:nVUbdIzc  $01:A0FA: D0 F1    BNE $A0ED
f117    c3455809     i56896157    A:00 X:01 Y:04 S:DB P:nVUbdIzc  $01:A0ED: BD 15 40 LDA $4015,X @ $4016 = #$00
f117    c3455813     i56896158    A:40 X:01 Y:04 S:DB P:nVUbdIzc  $01:A0F0: 4A       LSR
f117    c3455815     i56896159    A:20 X:01 Y:04 S:DB P:nVUbdIzc  $01:A0F1: 26 3F    ROL $3F = #$00
f117    c3455820     i56896160    A:20 X:01 Y:04 S:DB P:nVUbdIZc  $01:A0F3: 29 01    AND #$01
f117    c3455822     i56896161    A:00 X:01 Y:04 S:DB P:nVUbdIZc  $01:A0F5: 05 3F    ORA $3F = #$00
f117    c3455825     i56896162    A:00 X:01 Y:04 S:DB P:nVUbdIZc  $01:A0F7: 85 3F    STA $3F = #$00
f117    c3455828     i56896163    A:00 X:01 Y:04 S:DB P:nVUbdIZc  $01:A0F9: 88       DEY
f117    c3455830     i56896164    A:00 X:01 Y:03 S:DB P:nVUbdIzc  $01:A0FA: D0 F1    BNE $A0ED
f117    c3455833     i56896165    A:00 X:01 Y:03 S:DB P:nVUbdIzc  $01:A0ED: BD 15 40 LDA $4015,X @ $4016 = #$00
f117    c3455837     i56896166    A:40 X:01 Y:03 S:DB P:nVUbdIzc  $01:A0F0: 4A       LSR
f117    c3455839     i56896167    A:20 X:01 Y:03 S:DB P:nVUbdIzc  $01:A0F1: 26 3F    ROL $3F = #$00
f117    c3455844     i56896168    A:20 X:01 Y:03 S:DB P:nVUbdIZc  $01:A0F3: 29 01    AND #$01
f117    c3455846     i56896169    A:00 X:01 Y:03 S:DB P:nVUbdIZc  $01:A0F5: 05 3F    ORA $3F = #$00
f117    c3455849     i56896170    A:00 X:01 Y:03 S:DB P:nVUbdIZc  $01:A0F7: 85 3F    STA $3F = #$00
f117    c3455852     i56896171    A:00 X:01 Y:03 S:DB P:nVUbdIZc  $01:A0F9: 88       DEY
f117    c3455854     i56896172    A:00 X:01 Y:02 S:DB P:nVUbdIzc  $01:A0FA: D0 F1    BNE $A0ED
f117    c3455857     i56896173    A:00 X:01 Y:02 S:DB P:nVUbdIzc  $01:A0ED: BD 15 40 LDA $4015,X @ $4016 = #$00
f117    c3455861     i56896174    A:40 X:01 Y:02 S:DB P:nVUbdIzc  $01:A0F0: 4A       LSR
f120    c3550996     i56926473    A:00 X:00 Y:F8 S:EC P:nvUbdiZc  $01:A8EE: 99 02 02 STA $0202,Y @ $02FA = #$00
f120    c3551001     i56926474    A:00 X:00 Y:F8 S:EC P:nvUbdiZc  $01:A8F1: B9 6B 04 LDA $046B,Y @ $0563 = #$00
f120    c3551006     i56926475    A:00 X:00 Y:F8 S:EC P:nvUbdiZc  $01:A8F4: 99 03 02 STA $0203,Y @ $02FB = #$00
f120    c3551011     i56926476    A:00 X:00 Y:F8 S:EC P:nvUbdiZc  $01:A8F7: C8       INY
f120    c3551013     i56926477    A:00 X:00 Y:F9 S:EC P:NvUbdizc  $01:A8F8: C8       INY
f120    c3551015     i56926478    A:00 X:00 Y:FA S:EC P:NvUbdizc  $01:A8F9: C8       INY
f120    c3551017     i56926479    A:00 X:00 Y:FB S:EC P:NvUbdizc  $01:A8FA: C8       INY
f120    c3551019     i56926480    A:00 X:00 Y:FC S:EC P:NvUbdizc  $01:A8FB: D0 D8    BNE $A8D5
f120    c3551022     i56926481    A:00 X:00 Y:FC S:EC P:NvUbdizc  $01:A8D5: BE 68 04 LDX $0468,Y @ $0564 = #$00
f120    c3551027     i56926482    A:00 X:00 Y:FC S:EC P:nvUbdiZc  $01:A8D8: B9 6A 04 LDA $046A,Y @ $0566 = #$00
f120    c3551032     i56926483    A:00 X:00 Y:FC S:EC P:nvUbdiZc  $01:A8DB: 29 0C    AND #$0C
f120    c3551034     i56926484    A:00 X:00 Y:FC S:EC P:nvUbdiZc  $01:A8DD: F0 02    BEQ $A8E1
f120    c3551037     i56926485    A:00 X:00 Y:FC S:EC P:nvUbdiZc  $01:A8E1: 8A       TXA
f120    c3551039     i56926486    A:00 X:00 Y:FC S:EC P:nvUbdiZc  $01:A8E2: 99 00 02 STA $0200,Y @ $02FC = #$00
f120    c3551044     i56926487    A:00 X:00 Y:FC S:EC P:nvUbdiZc  $01:A8E5: B9 69 04 LDA $0469,Y @ $0565 = #$00
f120    c3551049     i56926488    A:00 X:00 Y:FC S:EC P:nvUbdiZc  $01:A8E8: 99 01 02 STA $0201,Y @ $02FD = #$00
f120    c3551054     i56926489    A:00 X:00 Y:FC S:EC P:nvUbdiZc  $01:A8EB: B9 6A 04 LDA $046A,Y @ $0566 = #$00
f120    c3551059     i56926490    A:00 X:00 Y:FC S:EC P:nvUbdiZc  $01:A8EE: 99 02 02 STA $0202,Y @ $02FE = #$00
f120    c3551064     i56926491    A:00 X:00 Y:FC S:EC P:nvUbdiZc  $01:A8F1: B9 6B 04 LDA $046B,Y @ $0567 = #$F8
f120    c3551069     i56926492    A:F8 X:00 Y:FC S:EC P:NvUbdizc  $01:A8F4: 99 03 02 STA $0203,Y @ $02FF = #$F8
f120    c3551074     i56926493    A:F8 X:00 Y:FC S:EC P:NvUbdizc  $01:A8F7: C8       INY
f120    c3551076     i56926494    A:F8 X:00 Y:FD S:EC P:NvUbdizc  $01:A8F8: C8       INY
f120    c3551078     i56926495    A:F8 X:00 Y:FE S:EC P:NvUbdizc  $01:A8F9: C8       INY
f120    c3551080     i56926496    A:F8 X:00 Y:FF S:EC P:NvUbdizc  $01:A8FA: C8       INY
f120    c3551082     i56926497    A:F8 X:00 Y:00 S:EC P:nvUbdiZc  $01:A8FB: D0 D8    BNE $A8D5
f120    c3551084     i56926498    A:F8 X:00 Y:00 S:EC P:nvUbdiZc  $01:A8FD: 60       RTS (from $A215)
f120    c3551090     i56926499    A:F8 X:00 Y:00 S:EE P:nvUbdiZc  $00:8392: A2 06    LDX #$06
f120    c3551092     i56926500    A:F8 X:06 Y:00 S:EE P:nvUbdizc  $00:8394: 20 B9 C4 JSR $C4B9
f120    c3551098     i56926501    A:F8 X:06 Y:00 S:EC P:nvUbdizc  $0F:C4B9: 86 25    STX $25 = #$02
f120    c3551101     i56926502    A:F8 X:06 Y:00 S:EC P:nvUbdizc  $0F:C4BB: A9 07    LDA #$07
f120    c3551103     i56926503    A:07 X:06 Y:00 S:EC P:nvUbdizc  $0F:C4BD: 05 22    ORA $22 = #$00
f120    c3551106     i56926504    A:07 X:06 Y:00 S:EC P:nvUbdizc  $0F:C4BF: 85 23    STA $23 = #$06
f120    c3551109     i56926505    A:07 X:06 Y:00 S:EC P:nvUbdizc  $0F:C4C1: 8D 00 80 STA $8000 = #$A5
f120    c3551113     i56926506    A:07 X:06 Y:00 S:EC P:nvUbdizc  $0F:C4C4: 8E 01 80 STX $8001 = #$27
f120    c3551117     i56926507    A:07 X:06 Y:00 S:EC P:nvUbdizc  $0F:C4C7: 60       RTS (from $C4B9)
f120    c3551123     i56926508    A:07 X:06 Y:00 S:EE P:nvUbdizc  $00:8397: 60       RTS (from $838A)
f120    c3551129     i56926509    A:07 X:06 Y:00 S:F0 P:nvUbdizc  $00:82F0: A5 4C    LDA $4C = #$00
f120    c3551132     i56926510    A:00 X:06 Y:00 S:F0 P:nvUbdiZc  $00:82F2: 10 F9    BPL $82ED
f120    c3551135     i56926511    A:00 X:06 Y:00 S:F0 P:nvUbdiZc  $00:82ED: 20 8A 83 JSR $838A
f120    c3551141     i56926512    A:00 X:06 Y:00 S:EE P:nvUbdiZc  $00:838A: A2 02    LDX #$02
f120    c3551143     i56926513    A:00 X:02 Y:00 S:EE P:nvUbdizc  $00:838C: 20 B9 C4 JSR $C4B9
f120    c3560827     i56929739    A:40 X:19 Y:00 S:E0 P:nvUbdizC  $00:9F06: 10 FC    BPL $9F04
f120    c3560830     i56929740    A:40 X:19 Y:00 S:E0 P:nvUbdizC  $00:9F04: A5 1B    LDA $1B = #$40
f120    c3560833     i56929741    A:40 X:19 Y:00 S:E0 P:nvUbdizC  $00:9F06: 10 FC    BPL $9F04
f120    c3560836     i56929742    A:40 X:19 Y:00 S:E0 P:nvUbdizC  $00:9F04: A5 1B    LDA $1B = #$40
f120    c3560839     i56929743    A:40 X:19 Y:00 S:E0 P:nvUbdizC  $00:9F06: 10 FC    BPL $9F04
f120    c3560842     i56929744    A:40 X:19 Y:00 S:E0 P:nvUbdizC  $00:9F04: A5 1B    LDA $1B = #$40
f120    c3560845     i56929745    A:40 X:19 Y:00 S:E0 P:nvUbdizC  $00:9F06: 10 FC    BPL $9F04
f120    c3560848     i56929746    A:40 X:19 Y:00 S:E0 P:nvUbdizC  $00:9F04: A5 1B    LDA $1B = #$40
f120    c3560851     i56929747    A:40 X:19 Y:00 S:E0 P:nvUbdizC  $00:9F06: 10 FC    BPL $9F04
f120    c3560854     i56929748    A:40 X:19 Y:00 S:E0 P:nvUbdizC  $00:9F04: A5 1B    LDA $1B = #$40
f120    c3560857     i56929749    A:40 X:19 Y:00 S:E0 P:nvUbdizC  $00:9F06: 10 FC    BPL $9F04
f120    c3560860     i56929750    A:40 X:19 Y:00 S:E0 P:nvUbdizC  $00:9F04: A5 1B    LDA $1B = #$40
f120    c3560863     i56929751    A:40 X:19 Y:00 S:E0 P:nvUbdizC  $00:9F06: 10 FC    BPL $9F04
f120    c3560866     i56929752    A:40 X:19 Y:00 S:E0 P:nvUbdizC  $00:9F04: A5 1B    LDA $1B = #$40
f120    c3560869     i56929753    A:40 X:19 Y:00 S:E0 P:nvUbdizC  $00:9F06: 10 FC    BPL $9F04
f120    c3560872     i56929754    A:40 X:19 Y:00 S:E0 P:nvUbdizC  $00:9F04: A5 1B    LDA $1B = #$40
f120    c3560875     i56929755    A:40 X:19 Y:00 S:E0 P:nvUbdizC  $00:9F06: 10 FC    BPL $9F04
f120    c3560878     i56929756    A:40 X:19 Y:00 S:E0 P:nvUbdizC  $00:9F04: A5 1B    LDA $1B = #$40
f120    c3560881     i56929757    A:40 X:19 Y:00 S:E0 P:nvUbdizC  $00:9F06: 10 FC    BPL $9F04
f120    c3560884     i56929758    A:40 X:19 Y:00 S:E0 P:nvUbdizC  $00:9F04: A5 1B    LDA $1B = #$40
f120    c3560887     i56929759    A:40 X:19 Y:00 S:E0 P:nvUbdizC  $00:9F06: 10 FC    BPL $9F04
f120    c3560890     i56929760    A:40 X:19 Y:00 S:E0 P:nvUbdizC  $00:9F04: A5 1B    LDA $1B = #$40
f120    c3560893     i56929761    A:40 X:19 Y:00 S:E0 P:nvUbdizC  $00:9F06: 10 FC    BPL $9F04
f120    c3560896     i56929762    A:40 X:19 Y:00 S:E0 P:nvUbdizC  $00:9F04: A5 1B    LDA $1B = #$40
f120    c3560899     i56929763    A:40 X:19 Y:00 S:E0 P:nvUbdizC  $00:9F06: 10 FC    BPL $9F04
f120    c3560902     i56929764    A:40 X:19 Y:00 S:E0 P:nvUbdizC  $00:9F04: A5 1B    LDA $1B = #$40
f120    c3560912     i56929765    A:40 X:19 Y:00 S:DD P:nvUbdIzC  $0F:C506: 4C 21 C8 JMP $C821
f120    c3560915     i56929766    A:40 X:19 Y:00 S:DD P:nvUbdIzC  $0F:C821: 24 1B    BIT $1B = #$40
f120    c3560918     i56929767    A:40 X:19 Y:00 S:DD P:nVUbdIzC  $0F:C823: 50 03    BVC $C828
f120    c3560920     i56929768    A:40 X:19 Y:00 S:DD P:nVUbdIzC  $0F:C825: 4C 78 C4 JMP $C478
f120    c3560923     i56929769    A:40 X:19 Y:00 S:DD P:nVUbdIzC  $0F:C478: 24 3B    BIT $3B = #$55
f120    c3560926     i56929770    A:40 X:19 Y:00 S:DD P:nVUbdIzC  $0F:C47A: 30 32    BMI $C4AE
f120    c3560928     i56929771    A:40 X:19 Y:00 S:DD P:nVUbdIzC  $0F:C47C: 38       SEC
f120    c3560930     i56929772    A:40 X:19 Y:00 S:DD P:nVUbdIzC  $0F:C47D: 66 3B    ROR $3B = #$55
f120    c3560935     i56929773    A:40 X:19 Y:00 S:DD P:NVUbdIzC  $0F:C47F: 85 3C    STA $3C = #$40
f120    c3560938     i56929774    A:40 X:19 Y:00 S:DD P:NVUbdIzC  $0F:C481: 86 3D    STX $3D = #$19
f120    c3560941     i56929775    A:40 X:19 Y:00 S:DD P:NVUbdIzC  $0F:C483: 84 3E    STY $3E = #$00
f120    c3560944     i56929776    A:40 X:19 Y:00 S:DD P:NVUbdIzC  $0F:C485: A5 22    LDA $22 = #$00
f120    c3560947     i56929777    A:00 X:19 Y:00 S:DD P:nVUbdIZC  $0F:C487: 09 07    ORA #$07
f120    c3560949     i56929778    A:07 X:19 Y:00 S:DD P:nVUbdIzC  $0F:C489: 8D 00 80 STA $8000 = #$A5
f120    c3560953     i56929779    A:07 X:19 Y:00 S:DD P:nVUbdIzC  $0F:C48C: A9 02    LDA #$02
f120    c3560955     i56929780    A:02 X:19 Y:00 S:DD P:nVUbdIzC  $0F:C48E: 8D 01 80 STA $8001 = #$27
f122    c3605064     i56943890    A:0C X:00 Y:00 S:DB P:nvUbdIZc  $06:8002: BC 00 07 LDY $0700,X @ $0700 = #$00
f122    c3605068     i56943891    A:0C X:00 Y:00 S:DB P:nvUbdIZc  $06:8005: C0 32    CPY #$32
f122    c3605070     i56943892    A:0C X:00 Y:00 S:DB P:NvUbdIzc  $06:8007: B0 0E    BCS $8017
f122    c3605072     i56943893    A:0C X:00 Y:00 S:DB P:NvUbdIzc  $06:8009: A0 07    LDY #$07
f122    c3605074     i56943894    A:0C X:00 Y:07 S:DB P:nvUbdIzc  $06:800B: 8C 00 80 STY $8000 = #$A2
f122    c3605078     i56943895    A:0C X:00 Y:07 S:DB P:nvUbdIzc  $06:800E: AC FC 07 LDY $07FC = #$00
f122    c3605082     i56943896    A:0C X:00 Y:00 S:DB P:nvUbdIZc  $06:8011: 8C 01 80 STY $8001 = #$05
f122    c3605086     i56943897    A:0C X:00 Y:00 S:DB P:nvUbdIZc  $06:8014: 4C 5E 80 JMP $805E
f122    c3605089     i56943898    A:0C X:00 Y:00 S:DB P:nvUbdIZc  $06:805E: CA       DEX
f122    c3605091     i56943899    A:0C X:FF Y:00 S:DB P:NvUbdIzc  $06:805F: 10 A1    BPL $8002
f122    c3605093     i56943900    A:0C X:FF Y:00 S:DB P:NvUbdIzc  $06:8061: A2 05    LDX #$05
f122    c3605095     i56943901    A:0C X:05 Y:00 S:DB P:nvUbdIzc  $06:8063: BC 00 07 LDY $0700,X @ $0705 = #$00
f122    c3605099     i56943902    A:0C X:05 Y:00 S:DB P:nvUbdIZc  $06:8066: F0 4F    BEQ $80B7
f122    c3605102     i56943903    A:0C X:05 Y:00 S:DB P:nvUbdIZc  $06:80B7: CA       DEX
f122    c3605104     i56943904    A:0C X:04 Y:00 S:DB P:nvUbdIzc  $06:80B8: 10 A9    BPL $8063
f122    c3605107     i56943905    A:0C X:04 Y:00 S:DB P:nvUbdIzc  $06:8063: BC 00 07 LDY $0700,X @ $0704 = #$00
f122    c3605111     i56943906    A:0C X:04 Y:00 S:DB P:nvUbdIZc  $06:8066: F0 4F    BEQ $80B7
f122    c3605114     i56943907    A:0C X:04 Y:00 S:DB P:nvUbdIZc  $06:80B7: CA       DEX
f122    c3605116     i56943908    A:0C X:03 Y:00 S:DB P:nvUbdIzc  $06:80B8: 10 A9    BPL $8063
f122    c3605119     i56943909    A:0C X:03 Y:00 S:DB P:nvUbdIzc  $06:8063: BC 00 07 LDY $0700,X @ $0703 = #$00
f122    c3605123     i56943910    A:0C X:03 Y:00 S:DB P:nvUbdIZc  $06:8066: F0 4F    BEQ $80B7
f122    c3605126     i56943911    A:0C X:03 Y:00 S:DB P:nvUbdIZc  $06:80B7: CA       DEX
f122    c3605128     i56943912    A:0C X:02 Y:00 S:DB P:nvUbdIzc  $06:80B8: 10 A9    BPL $8063
f122    c3605131     i56943913    A:0C X:02 Y:00 S:DB P:nvUbdIzc  $06:8063: BC 00 07 LDY $0700,X @ $0702 = #$00
f122    c3605135     i56943914    A:0C X:02 Y:00 S:DB P:nvUbdIZc  $06:8066: F0 4F    BEQ $80B7
f122    c3605138     i56943915    A:0C X:02 Y:00 S:DB P:nvUbdIZc  $06:80B7: CA       DEX
f122    c3605140     i56943916    A:0C X:01 Y:00 S:DB P:nvUbdIzc  $06:80B8: 10 A9    BPL $8063
f122    c3605143     i56943917    A:0C X:01 Y:00 S:DB P:nvUbdIzc  $06:8063: BC 00 07 LDY $0700,X @ $0701 = #$00
f122    c3605147     i56943918    A:0C X:01 Y:00 S:DB P:nvUbdIZc  $06:8066: F0 4F    BEQ $80B7
f122    c3605150     i56943919    A:0C X:01 Y:00 S:DB P:nvUbdIZc  $06:80B7: CA       DEX
f122    c3605152     i56943920    A:0C X:00 Y:00 S:DB P:nvUbdIZc  $06:80B8: 10 A9    BPL $8063
f122    c3605155     i56943921    A:0C X:00 Y:00 S:DB P:nvUbdIZc  $06:8063: BC 00 07 LDY $0700,X @ $0700 = #$00
f122    c3605159     i56943922    A:0C X:00 Y:00 S:DB P:nvUbdIZc  $06:8066: F0 4F    BEQ $80B7
f122    c3605162     i56943923    A:0C X:00 Y:00 S:DB P:nvUbdIZc  $06:80B7: CA       DEX
f122    c3605164     i56943924    A:0C X:FF Y:00 S:DB P:NvUbdIzc  $06:80B8: 10 A9    BPL $8063
f122    c3605166     i56943925    A:0C X:FF Y:00 S:DB P:NvUbdIzc  $06:80BA: A9 27    LDA #$27
f122    c3605168     i56943926    A:27 X:FF Y:00 S:DB P:nvUbdIzc  $06:80BC: 85 F0    STA $F0 = #$67
f122    c3605171     i56943927    A:27 X:FF Y:00 S:DB P:nvUbdIzc  $06:80BE: A9 07    LDA #$07
f122    c3605173     i56943928    A:07 X:FF Y:00 S:DB P:nvUbdIzc  $06:80C0: 85 F1    STA $F1 = #$07
f122    c3605176     i56943929    A:07 X:FF Y:00 S:DB P:nvUbdIzc  $06:80C2: A9 00    LDA #$00
f122    c3605178     i56943930    A:00 X:FF Y:00 S:DB P:nvUbdIZc  $06:80C4: 85 F2    STA $F2 = #$FF
f122    c3605181     i56943931    A:00 X:FF Y:00 S:DB P:nvUbdIZc  $06:80C6: A0 08    LDY #$08
f126    c3729682     i56983613    A:00 X:00 Y:F8 S:EC P:nvUbdiZc  $01:A8EE: 99 02 02 STA $0202,Y @ $02FA = #$00
f126    c3729687     i56983614    A:00 X:00 Y:F8 S:EC P:nvUbdiZc  $01:A8F1: B9 6B 04 LDA $046B,Y @ $0563 = #$00
f126    c3729692     i56983615    A:00 X:00 Y:F8 S:EC P:nvUbdiZc  $01:A8F4: 99 03 02 STA $0203,Y @ $02FB = #$00
f126    c3729697     i56983616    A:00 X:00 Y:F8 S:EC P:nvUbdiZc  $01:A8F7: C8       INY
f126    c3729699     i56983617    A:00 X:00 Y:F9 S:EC P:NvUbdizc  $01:A8F8: C8       INY
f126    c3729701     i56983618    A:00 X:00 Y:FA S:EC P:NvUbdizc  $01:A8F9: C8       INY
f126    c3729703     i56983619    A:00 X:00 Y:FB S:EC P:NvUbdizc  $01:A8FA: C8       INY
f126    c3729705     i56983620    A:00 X:00 Y:FC S:EC P:NvUbdizc  $01:A8FB: D0 D8    BNE $A8D5
f126    c3729708     i56983621    A:00 X:00 Y:FC S:EC P:NvUbdizc  $01:A8D5: BE 68 04 LDX $0468,Y @ $0564 = #$00
f126    c3729713     i56983622    A:00 X:00 Y:FC S:EC P:nvUbdiZc  $01:A8D8: B9 6A 04 LDA $046A,Y @ $0566 = #$00
f126    c3729718     i56983623    A:00 X:00 Y:FC S:EC P:nvUbdiZc  $01:A8DB: 29 0C    AND #$0C
f126    c3729720     i56983624    A:00 X:00 Y:FC S:EC P:nvUbdiZc  $01:A8DD: F0 02    BEQ $A8E1
f126    c3729723     i56983625    A:00 X:00 Y:FC S:EC P:nvUbdiZc  $01:A8E1: 8A       TXA
f126    c3729725     i56983626    A:00 X:00 Y:FC S:EC P:nvUbdiZc  $01:A8E2: 99 00 02 STA $0200,Y @ $02FC = #$00
f126    c3729730     i56983627    A:00 X:00 Y:FC S:EC P:nvUbdiZc  $01:A8E5: B9 69 04 LDA $0469,Y @ $0565 = #$00
f126    c3729735     i56983628    A:00 X:00 Y:FC S:EC P:nvUbdiZc  $01:A8E8: 99 01 02 STA $0201,Y @ $02FD = #$00
f126    c3729740     i56983629    A:00 X:00 Y:FC S:EC P:nvUbdiZc  $01:A8EB: B9 6A 04 LDA $046A,Y @ $0566 = #$00
f126    c3729745     i56983630    A:00 X:00 Y:FC S:EC P:nvUbdiZc  $01:A8EE: 99 02 02 STA $0202,Y @ $02FE = #$00
f126    c3729750     i56983631    A:00 X:00 Y:FC S:EC P:nvUbdiZc  $01:A8F1: B9 6B 04 LDA $046B,Y @ $0567 = #$F8
f126    c3729755     i56983632    A:F8 X:00 Y:FC S:EC P:NvUbdizc  $01:A8F4: 99 03 02 STA $0203,Y @ $02FF = #$F8
f126    c3729760     i56983633    A:F8 X:00 Y:FC S:EC P:NvUbdizc  $01:A8F7: C8       INY
f126    c3729762     i56983634    A:F8 X:00 Y:FD S:EC P:NvUbdizc  $01:A8F8: C8       INY
f126    c3729764     i56983635    A:F8 X:00 Y:FE S:EC P:NvUbdizc  $01:A8F9: C8       INY
f126    c3729766     i56983636    A:F8 X:00 Y:FF S:EC P:NvUbdizc  $01:A8FA: C8       INY
f126    c3729768     i56983637    A:F8 X:00 Y:00 S:EC P:nvUbdiZc  $01:A8FB: D0 D8    BNE $A8D5
f126    c3729770     i56983638    A:F8 X:00 Y:00 S:EC P:nvUbdiZc  $01:A8FD: 60       RTS (from $A215)
f126    c3729776     i56983639    A:F8 X:00 Y:00 S:EE P:nvUbdiZc  $00:8392: A2 06    LDX #$06
f126    c3729778     i56983640    A:F8 X:06 Y:00 S:EE P:nvUbdizc  $00:8394: 20 B9 C4 JSR $C4B9
f126    c3729784     i56983641    A:F8 X:06 Y:00 S:EC P:nvUbdizc  $0F:C4B9: 86 25    STX $25 = #$02
f126    c3729787     i56983642    A:F8 X:06 Y:00 S:EC P:nvUbdizc  $0F:C4BB: A9 07    LDA #$07
f126    c3729789     i56983643    A:07 X:06 Y:00 S:EC P:nvUbdizc  $0F:C4BD: 05 22    ORA $22 = #$00
f126    c3729792     i56983644    A:07 X:06 Y:00 S:EC P:nvUbdizc  $0F:C4BF: 85 23    STA $23 = #$06
f126    c3729795     i56983645    A:07 X:06 Y:00 S:EC P:nvUbdizc  $0F:C4C1: 8D 00 80 STA $8000 = #$A5
f126    c3729799     i56983646    A:07 X:06 Y:00 S:EC P:nvUbdizc  $0F:C4C4: 8E 01 80 STX $8001 = #$27
f126    c3729803     i56983647    A:07 X:06 Y:00 S:EC P:nvUbdizc  $0F:C4C7: 60       RTS (from $C4B9)
f126    c3729809     i56983648    A:07 X:06 Y:00 S:EE P:nvUbdizc  $00:8397: 60       RTS (from $838A)
f126    c3729815     i56983649    A:07 X:06 Y:00 S:F0 P:nvUbdizc  $00:82F0: A5 4C    LDA $4C = #$00
f126    c3729818     i56983650    A:00 X:06 Y:00 S:F0 P:nvUbdiZc  $00:82F2: 10 F9    BPL $82ED
f126    c3729821     i56983651    A:00 X:06 Y:00 S:F0 P:nvUbdiZc  $00:82ED: 20 8A 83 JSR $838A
f126    c3729827     i56983652    A:00 X:06 Y:00 S:EE P:nvUbdiZc  $00:838A: A2 02    LDX #$02
f126    c3729829     i56983653    A:00 X:02 Y:00 S:EE P:nvUbdizc  $00:838C: 20 B9 C4 JSR $C4B9
f130    c3841727     i57019730    A:40 X:19 Y:00 S:E0 P:nvUbdizC  $00:9F04: A5 1B    LDA $1B = #$40
f130    c3841730     i57019731    A:40 X:19 Y:00 S:E0 P:nvUbdizC  $00:9F06: 10 FC    BPL $9F04
f130    c3841733     i57019732    A:40 X:19 Y:00 S:E0 P:nvUbdizC  $00:9F04: A5 1B    LDA $1B = #$40
f130    c3841736     i57019733    A:40 X:19 Y:00 S:E0 P:nvUbdizC  $00:9F06: 10 FC    BPL $9F04
f130    c3841739     i57019734    A:40 X:19 Y:00 S:E0 P:nvUbdizC  $00:9F04: A5 1B    LDA $1B = #$40
f130    c3841742     i57019735    A:40 X:19 Y:00 S:E0 P:nvUbdizC  $00:9F06: 10 FC    BPL $9F04
f130    c3841745     i57019736    A:40 X:19 Y:00 S:E0 P:nvUbdizC  $00:9F04: A5 1B    LDA $1B = #$40
f130    c3841748     i57019737    A:40 X:19 Y:00 S:E0 P:nvUbdizC  $00:9F06: 10 FC    BPL $9F04
f130    c3841751     i57019738    A:40 X:19 Y:00 S:E0 P:nvUbdizC  $00:9F04: A5 1B    LDA $1B = #$40
f130    c3841754     i57019739    A:40 X:19 Y:00 S:E0 P:nvUbdizC  $00:9F06: 10 FC    BPL $9F04
f130    c3841757     i57019740    A:40 X:19 Y:00 S:E0 P:nvUbdizC  $00:9F04: A5 1B    LDA $1B = #$40
f130    c3841760     i57019741    A:40 X:19 Y:00 S:E0 P:nvUbdizC  $00:9F06: 10 FC    BPL $9F04
f130    c3841763     i57019742    A:40 X:19 Y:00 S:E0 P:nvUbdizC  $00:9F04: A5 1B    LDA $1B = #$40
f130    c3841766     i57019743    A:40 X:19 Y:00 S:E0 P:nvUbdizC  $00:9F06: 10 FC    BPL $9F04
f130    c3841769     i57019744    A:40 X:19 Y:00 S:E0 P:nvUbdizC  $00:9F04: A5 1B    LDA $1B = #$40
f130    c3841772     i57019745    A:40 X:19 Y:00 S:E0 P:nvUbdizC  $00:9F06: 10 FC    BPL $9F04
f130    c3841775     i57019746    A:40 X:19 Y:00 S:E0 P:nvUbdizC  $00:9F04: A5 1B    LDA $1B = #$40
f130    c3841778     i57019747    A:40 X:19 Y:00 S:E0 P:nvUbdizC  $00:9F06: 10 FC    BPL $9F04
f130    c3841781     i57019748    A:40 X:19 Y:00 S:E0 P:nvUbdizC  $00:9F04: A5 1B    LDA $1B = #$40
f130    c3841784     i57019749    A:40 X:19 Y:00 S:E0 P:nvUbdizC  $00:9F06: 10 FC    BPL $9F04
f130    c3841787     i57019750    A:40 X:19 Y:00 S:E0 P:nvUbdizC  $00:9F04: A5 1B    LDA $1B = #$40
f130    c3841790     i57019751    A:40 X:19 Y:00 S:E0 P:nvUbdizC  $00:9F06: 10 FC    BPL $9F04
f130    c3841793     i57019752    A:40 X:19 Y:00 S:E0 P:nvUbdizC  $00:9F04: A5 1B    LDA $1B = #$40
f130    c3841796     i57019753    A:40 X:19 Y:00 S:E0 P:nvUbdizC  $00:9F06: 10 FC    BPL $9F04
f130    c3841799     i57019754    A:40 X:19 Y:00 S:E0 P:nvUbdizC  $00:9F04: A5 1B    LDA $1B = #$40
f130    c3841802     i57019755    A:40 X:19 Y:00 S:E0 P:nvUbdizC  $00:9F06: 10 FC    BPL $9F04
f130    c3841812     i57019756    A:40 X:19 Y:00 S:DD P:nvUbdIzC  $0F:C500: 4C 6E C7 JMP $C76E
f130    c3841815     i57019757    A:40 X:19 Y:00 S:DD P:nvUbdIzC  $0F:C76E: 24 1B    BIT $1B = #$40
f130    c3841818     i57019758    A:40 X:19 Y:00 S:DD P:nVUbdIzC  $0F:C770: 50 03    BVC $C775
f130    c3841820     i57019759    A:40 X:19 Y:00 S:DD P:nVUbdIzC  $0F:C772: 4C 21 C4 JMP $C421
f130    c3841823     i57019760    A:40 X:19 Y:00 S:DD P:nVUbdIzC  $0F:C421: 24 3B    BIT $3B = #$55
f130    c3841826     i57019761    A:40 X:19 Y:00 S:DD P:nVUbdIzC  $0F:C423: 30 4D    BMI $C472
f130    c3841828     i57019762    A:40 X:19 Y:00 S:DD P:nVUbdIzC  $0F:C425: 38       SEC
f130    c3841830     i57019763    A:40 X:19 Y:00 S:DD P:nVUbdIzC  $0F:C426: 66 3B    ROR $3B = #$55
f130    c3841835     i57019764    A:40 X:19 Y:00 S:DD P:NVUbdIzC  $0F:C428: 85 3C    STA $3C = #$40
f130    c3841838     i57019765    A:40 X:19 Y:00 S:DD P:NVUbdIzC  $0F:C42A: 86 3D    STX $3D = #$19
f130    c3841841     i57019766    A:40 X:19 Y:00 S:DD P:NVUbdIzC  $0F:C42C: 84 3E    STY $3E = #$00
f130    c3841844     i57019767    A:40 X:19 Y:00 S:DD P:NVUbdIzC  $0F:C42E: A5 22    LDA $22 = #$00
f130    c3841847     i57019768    A:00 X:19 Y:00 S:DD P:nVUbdIZC  $0F:C430: 09 07    ORA #$07
f130    c3841849     i57019769    A:07 X:19 Y:00 S:DD P:nVUbdIzC  $0F:C432: 8D 00 80 STA $8000 = #$A5
f130    c3841853     i57019770    A:07 X:19 Y:00 S:DD P:nVUbdIzC  $0F:C435: A9 02    LDA #$02
f130    c3841855     i57019771    A:02 X:19 Y:00 S:DD P:nVUbdIzC  $0F:C437: 8D 01 80 STA $8001 = #$27
f135    c3991565     i57067477    A:00 X:02 Y:06 S:DB P:nVUbdIzc  $01:A0ED: BD 15 40 LDA $4015,X @ $4017 = #$01
f135    c3991569     i57067478    A:40 X:02 Y:06 S:DB P:nVUbdIzc  $01:A0F0: 4A       LSR
f135    c3991571     i57067479    A:20 X:02 Y:06 S:DB P:nVUbdIzc  $01:A0F1: 26 3F    ROL $3F = #$00
f135    c3991576     i57067480    A:20 X:02 Y:06 S:DB P:nVUbdIZc  $01:A0F3: 29 01    AND #$01
f135    c3991578     i57067481    A:00 X:02 Y:06 S:DB P:nVUbdIZc  $01:A0F5: 05 3F    ORA $3F = #$00
f135    c3991581     i57067482    A:00 X:02 Y:06 S:DB P:nVUbdIZc  $01:A0F7: 85 3F    STA $3F = #$00
f135    c3991584     i57067483    A:00 X:02 Y:06 S:DB P:nVUbdIZc  $01:A0F9: 88       DEY
f135    c3991586     i57067484    A:00 X:02 Y:05 S:DB P:nVUbdIzc  $01:A0FA: D0 F1    BNE $A0ED
f135    c3991589     i57067485    A:00 X:02 Y:05 S:DB P:nVUbdIzc  $01:A0ED: BD 15 40 LDA $4015,X @ $4017 = #$01
f135    c3991593     i57067486    A:40 X:02 Y:05 S:DB P:nVUbdIzc  $01:A0F0: 4A       LSR
f135    c3991595     i57067487    A:20 X:02 Y:05 S:DB P:nVUbdIzc  $01:A0F1: 26 3F    ROL $3F = #$00
f135    c3991600     i57067488    A:20 X:02 Y:05 S:DB P:nVUbdIZc  $01:A0F3: 29 01    AND #$01
f135    c3991602     i57067489    A:00 X:02 Y:05 S:DB P:nVUbdIZc  $01:A0F5: 05 3F    ORA $3F = #$00
f135    c3991605     i57067490    A:00 X:02 Y:05 S:DB P:nVUbdIZc  $01:A0F7: 85 3F    STA $3F = #$00
f135    c3991608     i57067491    A:00 X:02 Y:05 S:DB P:nVUbdIZc  $01:A0F9: 88       DEY
f135    c3991610     i57067492    A:00 X:02 Y:04 S:DB P:nVUbdIzc  $01:A0FA: D0 F1    BNE $A0ED
f135    c3991613     i57067493    A:00 X:02 Y:04 S:DB P:nVUbdIzc  $01:A0ED: BD 15 40 LDA $4015,X @ $4017 = #$01
f135    c3991617     i57067494    A:40 X:02 Y:04 S:DB P:nVUbdIzc  $01:A0F0: 4A       LSR
f135    c3991619     i57067495    A:20 X:02 Y:04 S:DB P:nVUbdIzc  $01:A0F1: 26 3F    ROL $3F = #$00
f135    c3991624     i57067496    A:20 X:02 Y:04 S:DB P:nVUbdIZc  $01:A0F3: 29 01    AND #$01
f135    c3991626     i57067497    A:00 X:02 Y:04 S:DB P:nVUbdIZc  $01:A0F5: 05 3F    ORA $3F = #$00
f135    c3991629     i57067498    A:00 X:02 Y:04 S:DB P:nVUbdIZc  $01:A0F7: 85 3F    STA $3F = #$00
f135    c3991632     i57067499    A:00 X:02 Y:04 S:DB P:nVUbdIZc  $01:A0F9: 88       DEY
f135    c3991634     i57067500    A:00 X:02 Y:03 S:DB P:nVUbdIzc  $01:A0FA: D0 F1    BNE $A0ED
f135    c3991637     i57067501    A:00 X:02 Y:03 S:DB P:nVUbdIzc  $01:A0ED: BD 15 40 LDA $4015,X @ $4017 = #$01
f135    c3991641     i57067502    A:40 X:02 Y:03 S:DB P:nVUbdIzc  $01:A0F0: 4A       LSR
f135    c3991643     i57067503    A:20 X:02 Y:03 S:DB P:nVUbdIzc  $01:A0F1: 26 3F    ROL $3F = #$00
f135    c3991648     i57067504    A:20 X:02 Y:03 S:DB P:nVUbdIZc  $01:A0F3: 29 01    AND #$01
f135    c3991650     i57067505    A:00 X:02 Y:03 S:DB P:nVUbdIZc  $01:A0F5: 05 3F    ORA $3F = #$00
f135    c3991653     i57067506    A:00 X:02 Y:03 S:DB P:nVUbdIZc  $01:A0F7: 85 3F    STA $3F = #$00
f135    c3991656     i57067507    A:00 X:02 Y:03 S:DB P:nVUbdIZc  $01:A0F9: 88       DEY
f135    c3991658     i57067508    A:00 X:02 Y:02 S:DB P:nVUbdIzc  $01:A0FA: D0 F1    BNE $A0ED
f135    c3991661     i57067509    A:00 X:02 Y:02 S:DB P:nVUbdIzc  $01:A0ED: BD 15 40 LDA $4015,X @ $4017 = #$01
f135    c3991665     i57067510    A:40 X:02 Y:02 S:DB P:nVUbdIzc  $01:A0F0: 4A       LSR
f135    c3991667     i57067511    A:20 X:02 Y:02 S:DB P:nVUbdIzc  $01:A0F1: 26 3F    ROL $3F = #$00
f135    c3991672     i57067512    A:20 X:02 Y:02 S:DB P:nVUbdIZc  $01:A0F3: 29 01    AND #$01
f135    c3991674     i57067513    A:00 X:02 Y:02 S:DB P:nVUbdIZc  $01:A0F5: 05 3F    ORA $3F = #$00
f135    c3991677     i57067514    A:00 X:02 Y:02 S:DB P:nVUbdIZc  $01:A0F7: 85 3F    STA $3F = #$00
f135    c3991680     i57067515    A:00 X:02 Y:02 S:DB P:nVUbdIZc  $01:A0F9: 88       DEY
f135    c3991682     i57067516    A:00 X:02 Y:01 S:DB P:nVUbdIzc  $01:A0FA: D0 F1    BNE $A0ED
f135    c3991685     i57067517    A:00 X:02 Y:01 S:DB P:nVUbdIzc  $01:A0ED: BD 15 40 LDA $4015,X @ $4017 = #$01
f135    c3991689     i57067518    A:40 X:02 Y:01 S:DB P:nVUbdIzc  $01:A0F0: 4A       LSR
f138    c4080860     i57096031    A:00 X:02 Y:08 S:DB P:nVUbdIzc  $01:A0ED: BD 15 40 LDA $4015,X @ $4017 = #$01
f138    c4080864     i57096032    A:40 X:02 Y:08 S:DB P:nVUbdIzc  $01:A0F0: 4A       LSR
f138    c4080866     i57096033    A:20 X:02 Y:08 S:DB P:nVUbdIzc  $01:A0F1: 26 3F    ROL $3F = #$00
f138    c4080871     i57096034    A:20 X:02 Y:08 S:DB P:nVUbdIZc  $01:A0F3: 29 01    AND #$01
f138    c4080873     i57096035    A:00 X:02 Y:08 S:DB P:nVUbdIZc  $01:A0F5: 05 3F    ORA $3F = #$00
f138    c4080876     i57096036    A:00 X:02 Y:08 S:DB P:nVUbdIZc  $01:A0F7: 85 3F    STA $3F = #$00
f138    c4080879     i57096037    A:00 X:02 Y:08 S:DB P:nVUbdIZc  $01:A0F9: 88       DEY
f138    c4080881     i57096038    A:00 X:02 Y:07 S:DB P:nVUbdIzc  $01:A0FA: D0 F1    BNE $A0ED
f138    c4080884     i57096039    A:00 X:02 Y:07 S:DB P:nVUbdIzc  $01:A0ED: BD 15 40 LDA $4015,X @ $4017 = #$01
f138    c4080888     i57096040    A:40 X:02 Y:07 S:DB P:nVUbdIzc  $01:A0F0: 4A       LSR
f138    c4080890     i57096041    A:20 X:02 Y:07 S:DB P:nVUbdIzc  $01:A0F1: 26 3F    ROL $3F = #$00
f138    c4080895     i57096042    A:20 X:02 Y:07 S:DB P:nVUbdIZc  $01:A0F3: 29 01    AND #$01
f138    c4080897     i57096043    A:00 X:02 Y:07 S:DB P:nVUbdIZc  $01:A0F5: 05 3F    ORA $3F = #$00
f138    c4080900     i57096044    A:00 X:02 Y:07 S:DB P:nVUbdIZc  $01:A0F7: 85 3F    STA $3F = #$00
f138    c4080903     i57096045    A:00 X:02 Y:07 S:DB P:nVUbdIZc  $01:A0F9: 88       DEY
f138    c4080905     i57096046    A:00 X:02 Y:06 S:DB P:nVUbdIzc  $01:A0FA: D0 F1    BNE $A0ED
f138    c4080908     i57096047    A:00 X:02 Y:06 S:DB P:nVUbdIzc  $01:A0ED: BD 15 40 LDA $4015,X @ $4017 = #$01
f138    c4080912     i57096048    A:40 X:02 Y:06 S:DB P:nVUbdIzc  $01:A0F0: 4A       LSR
f138    c4080914     i57096049    A:20 X:02 Y:06 S:DB P:nVUbdIzc  $01:A0F1: 26 3F    ROL $3F = #$00
f138    c4080919     i57096050    A:20 X:02 Y:06 S:DB P:nVUbdIZc  $01:A0F3: 29 01    AND #$01
f138    c4080921     i57096051    A:00 X:02 Y:06 S:DB P:nVUbdIZc  $01:A0F5: 05 3F    ORA $3F = #$00
f138    c4080924     i57096052    A:00 X:02 Y:06 S:DB P:nVUbdIZc  $01:A0F7: 85 3F    STA $3F = #$00
f138    c4080927     i57096053    A:00 X:02 Y:06 S:DB P:nVUbdIZc  $01:A0F9: 88       DEY
f138    c4080929     i57096054    A:00 X:02 Y:05 S:DB P:nVUbdIzc  $01:A0FA: D0 F1    BNE $A0ED
f138    c4080932     i57096055    A:00 X:02 Y:05 S:DB P:nVUbdIzc  $01:A0ED: BD 15 40 LDA $4015,X @ $4017 = #$01
f138    c4080936     i57096056    A:40 X:02 Y:05 S:DB P:nVUbdIzc  $01:A0F0: 4A       LSR
f138    c4080938     i57096057    A:20 X:02 Y:05 S:DB P:nVUbdIzc  $01:A0F1: 26 3F    ROL $3F = #$00
f138    c4080943     i57096058    A:20 X:02 Y:05 S:DB P:nVUbdIZc  $01:A0F3: 29 01    AND #$01
f138    c4080945     i57096059    A:00 X:02 Y:05 S:DB P:nVUbdIZc  $01:A0F5: 05 3F    ORA $3F = #$00
f138    c4080948     i57096060    A:00 X:02 Y:05 S:DB P:nVUbdIZc  $01:A0F7: 85 3F    STA $3F = #$00
f138    c4080951     i57096061    A:00 X:02 Y:05 S:DB P:nVUbdIZc  $01:A0F9: 88       DEY
f138    c4080953     i57096062    A:00 X:02 Y:04 S:DB P:nVUbdIzc  $01:A0FA: D0 F1    BNE $A0ED
f138    c4080956     i57096063    A:00 X:02 Y:04 S:DB P:nVUbdIzc  $01:A0ED: BD 15 40 LDA $4015,X @ $4017 = #$01
f138    c4080960     i57096064    A:40 X:02 Y:04 S:DB P:nVUbdIzc  $01:A0F0: 4A       LSR
f138    c4080962     i57096065    A:20 X:02 Y:04 S:DB P:nVUbdIzc  $01:A0F1: 26 3F    ROL $3F = #$00
f138    c4080967     i57096066    A:20 X:02 Y:04 S:DB P:nVUbdIZc  $01:A0F3: 29 01    AND #$01
f138    c4080969     i57096067    A:00 X:02 Y:04 S:DB P:nVUbdIZc  $01:A0F5: 05 3F    ORA $3F = #$00
f138    c4080972     i57096068    A:00 X:02 Y:04 S:DB P:nVUbdIZc  $01:A0F7: 85 3F    STA $3F = #$00
f138    c4080975     i57096069    A:00 X:02 Y:04 S:DB P:nVUbdIZc  $01:A0F9: 88       DEY
f138    c4080977     i57096070    A:00 X:02 Y:03 S:DB P:nVUbdIzc  $01:A0FA: D0 F1    BNE $A0ED
f138    c4080980     i57096071    A:00 X:02 Y:03 S:DB P:nVUbdIzc  $01:A0ED: BD 15 40 LDA $4015,X @ $4017 = #$01
f138    c4080984     i57096072    A:40 X:02 Y:03 S:DB P:nVUbdIzc  $01:A0F0: 4A       LSR
f142    c4200031     i57134140    A:00 X:02 Y:06 S:DB P:nVUbdIzc  $01:A0ED: BD 15 40 LDA $4015,X @ $4017 = #$01
f142    c4200035     i57134141    A:40 X:02 Y:06 S:DB P:nVUbdIzc  $01:A0F0: 4A       LSR
f142    c4200037     i57134142    A:20 X:02 Y:06 S:DB P:nVUbdIzc  $01:A0F1: 26 3F    ROL $3F = #$00
f142    c4200042     i57134143    A:20 X:02 Y:06 S:DB P:nVUbdIZc  $01:A0F3: 29 01    AND #$01
f142    c4200044     i57134144    A:00 X:02 Y:06 S:DB P:nVUbdIZc  $01:A0F5: 05 3F    ORA $3F = #$00
f142    c4200047     i57134145    A:00 X:02 Y:06 S:DB P:nVUbdIZc  $01:A0F7: 85 3F    STA $3F = #$00
f142    c4200050     i57134146    A:00 X:02 Y:06 S:DB P:nVUbdIZc  $01:A0F9: 88       DEY
f142    c4200052     i57134147    A:00 X:02 Y:05 S:DB P:nVUbdIzc  $01:A0FA: D0 F1    BNE $A0ED
f142    c4200055     i57134148    A:00 X:02 Y:05 S:DB P:nVUbdIzc  $01:A0ED: BD 15 40 LDA $4015,X @ $4017 = #$01
f142    c4200059     i57134149    A:40 X:02 Y:05 S:DB P:nVUbdIzc  $01:A0F0: 4A       LSR
f142    c4200061     i57134150    A:20 X:02 Y:05 S:DB P:nVUbdIzc  $01:A0F1: 26 3F    ROL $3F = #$00
f142    c4200066     i57134151    A:20 X:02 Y:05 S:DB P:nVUbdIZc  $01:A0F3: 29 01    AND #$01
f142    c4200068     i57134152    A:00 X:02 Y:05 S:DB P:nVUbdIZc  $01:A0F5: 05 3F    ORA $3F = #$00
f142    c4200071     i57134153    A:00 X:02 Y:05 S:DB P:nVUbdIZc  $01:A0F7: 85 3F    STA $3F = #$00
f142    c4200074     i57134154    A:00 X:02 Y:05 S:DB P:nVUbdIZc  $01:A0F9: 88       DEY
f142    c4200076     i57134155    A:00 X:02 Y:04 S:DB P:nVUbdIzc  $01:A0FA: D0 F1    BNE $A0ED
f142    c4200079     i57134156    A:00 X:02 Y:04 S:DB P:nVUbdIzc  $01:A0ED: BD 15 40 LDA $4015,X @ $4017 = #$01
f142    c4200083     i57134157    A:40 X:02 Y:04 S:DB P:nVUbdIzc  $01:A0F0: 4A       LSR
f142    c4200085     i57134158    A:20 X:02 Y:04 S:DB P:nVUbdIzc  $01:A0F1: 26 3F    ROL $3F = #$00
f142    c4200090     i57134159    A:20 X:02 Y:04 S:DB P:nVUbdIZc  $01:A0F3: 29 01    AND #$01
f142    c4200092     i57134160    A:00 X:02 Y:04 S:DB P:nVUbdIZc  $01:A0F5: 05 3F    ORA $3F = #$00
f142    c4200095     i57134161    A:00 X:02 Y:04 S:DB P:nVUbdIZc  $01:A0F7: 85 3F    STA $3F = #$00
f142    c4200098     i57134162    A:00 X:02 Y:04 S:DB P:nVUbdIZc  $01:A0F9: 88       DEY
f142    c4200100     i57134163    A:00 X:02 Y:03 S:DB P:nVUbdIzc  $01:A0FA: D0 F1    BNE $A0ED
f142    c4200103     i57134164    A:00 X:02 Y:03 S:DB P:nVUbdIzc  $01:A0ED: BD 15 40 LDA $4015,X @ $4017 = #$01
f142    c4200107     i57134165    A:40 X:02 Y:03 S:DB P:nVUbdIzc  $01:A0F0: 4A       LSR
f142    c4200109     i57134166    A:20 X:02 Y:03 S:DB P:nVUbdIzc  $01:A0F1: 26 3F    ROL $3F = #$00
f142    c4200114     i57134167    A:20 X:02 Y:03 S:DB P:nVUbdIZc  $01:A0F3: 29 01    AND #$01
f142    c4200116     i57134168    A:00 X:02 Y:03 S:DB P:nVUbdIZc  $01:A0F5: 05 3F    ORA $3F = #$00
f142    c4200119     i57134169    A:00 X:02 Y:03 S:DB P:nVUbdIZc  $01:A0F7: 85 3F    STA $3F = #$00
f142    c4200122     i57134170    A:00 X:02 Y:03 S:DB P:nVUbdIZc  $01:A0F9: 88       DEY
f142    c4200124     i57134171    A:00 X:02 Y:02 S:DB P:nVUbdIzc  $01:A0FA: D0 F1    BNE $A0ED
f142    c4200127     i57134172    A:00 X:02 Y:02 S:DB P:nVUbdIzc  $01:A0ED: BD 15 40 LDA $4015,X @ $4017 = #$01
f142    c4200131     i57134173    A:40 X:02 Y:02 S:DB P:nVUbdIzc  $01:A0F0: 4A       LSR
f142    c4200133     i57134174    A:20 X:02 Y:02 S:DB P:nVUbdIzc  $01:A0F1: 26 3F    ROL $3F = #$00
f142    c4200138     i57134175    A:20 X:02 Y:02 S:DB P:nVUbdIZc  $01:A0F3: 29 01    AND #$01
f142    c4200140     i57134176    A:00 X:02 Y:02 S:DB P:nVUbdIZc  $01:A0F5: 05 3F    ORA $3F = #$00
f142    c4200143     i57134177    A:00 X:02 Y:02 S:DB P:nVUbdIZc  $01:A0F7: 85 3F    STA $3F = #$00
f142    c4200146     i57134178    A:00 X:02 Y:02 S:DB P:nVUbdIZc  $01:A0F9: 88       DEY
f142    c4200148     i57134179    A:00 X:02 Y:01 S:DB P:nVUbdIzc  $01:A0FA: D0 F1    BNE $A0ED
f142    c4200151     i57134180    A:00 X:02 Y:01 S:DB P:nVUbdIzc  $01:A0ED: BD 15 40 LDA $4015,X @ $4017 = #$01
f142    c4200155     i57134181    A:40 X:02 Y:01 S:DB P:nVUbdIzc  $01:A0F0: 4A       LSR
f143    c4228873     i57143531    A:40 X:19 Y:00 S:E0 P:nvUbdizC  $00:9F04: A5 1B    LDA $1B = #$40
f143    c4228876     i57143532    A:40 X:19 Y:00 S:E0 P:nvUbdizC  $00:9F06: 10 FC    BPL $9F04
f143    c4228879     i57143533    A:40 X:19 Y:00 S:E0 P:nvUbdizC  $00:9F04: A5 1B    LDA $1B = #$40
f143    c4228882     i57143534    A:40 X:19 Y:00 S:E0 P:nvUbdizC  $00:9F06: 10 FC    BPL $9F04
f143    c4228885     i57143535    A:40 X:19 Y:00 S:E0 P:nvUbdizC  $00:9F04: A5 1B    LDA $1B = #$40
f143    c4228888     i57143536    A:40 X:19 Y:00 S:E0 P:nvUbdizC  $00:9F06: 10 FC    BPL $9F04
f143    c4228891     i57143537    A:40 X:19 Y:00 S:E0 P:nvUbdizC  $00:9F04: A5 1B    LDA $1B = #$40
f143    c4228894     i57143538    A:40 X:19 Y:00 S:E0 P:nvUbdizC  $00:9F06: 10 FC    BPL $9F04
f143    c4228897     i57143539    A:40 X:19 Y:00 S:E0 P:nvUbdizC  $00:9F04: A5 1B    LDA $1B = #$40
f143    c4228900     i57143540    A:40 X:19 Y:00 S:E0 P:nvUbdizC  $00:9F06: 10 FC    BPL $9F04
f143    c4228903     i57143541    A:40 X:19 Y:00 S:E0 P:nvUbdizC  $00:9F04: A5 1B    LDA $1B = #$40
f143    c4228906     i57143542    A:40 X:19 Y:00 S:E0 P:nvUbdizC  $00:9F06: 10 FC    BPL $9F04
f143    c4228909     i57143543    A:40 X:19 Y:00 S:E0 P:nvUbdizC  $00:9F04: A5 1B    LDA $1B = #$40
f143    c4228912     i57143544    A:40 X:19 Y:00 S:E0 P:nvUbdizC  $00:9F06: 10 FC    BPL $9F04
f143    c4228915     i57143545    A:40 X:19 Y:00 S:E0 P:nvUbdizC  $00:9F04: A5 1B    LDA $1B = #$40
f143    c4228918     i57143546    A:40 X:19 Y:00 S:E0 P:nvUbdizC  $00:9F06: 10 FC    BPL $9F04
f143    c4228921     i57143547    A:40 X:19 Y:00 S:E0 P:nvUbdizC  $00:9F04: A5 1B    LDA $1B = #$40
f143    c4228924     i57143548    A:40 X:19 Y:00 S:E0 P:nvUbdizC  $00:9F06: 10 FC    BPL $9F04
f143    c4228927     i57143549    A:40 X:19 Y:00 S:E0 P:nvUbdizC  $00:9F04: A5 1B    LDA $1B = #$40
f143    c4228930     i57143550    A:40 X:19 Y:00 S:E0 P:nvUbdizC  $00:9F06: 10 FC    BPL $9F04
f143    c4228933     i57143551    A:40 X:19 Y:00 S:E0 P:nvUbdizC  $00:9F04: A5 1B    LDA $1B = #$40
f143    c4228936     i57143552    A:40 X:19 Y:00 S:E0 P:nvUbdizC  $00:9F06: 10 FC    BPL $9F04
f143    c4228939     i57143553    A:40 X:19 Y:00 S:E0 P:nvUbdizC  $00:9F04: A5 1B    LDA $1B = #$40
f143    c4228942     i57143554    A:40 X:19 Y:00 S:E0 P:nvUbdizC  $00:9F06: 10 FC    BPL $9F04
f143    c4228945     i57143555    A:40 X:19 Y:00 S:E0 P:nvUbdizC  $00:9F04: A5 1B    LDA $1B = #$40
f143    c4228948     i57143556    A:40 X:19 Y:00 S:E0 P:nvUbdizC  $00:9F06: 10 FC    BPL $9F04
f143    c4228958     i57143557    A:40 X:19 Y:00 S:DD P:nvUbdIzC  $0F:C500: 4C 6E C7 JMP $C76E
f143    c4228961     i57143558    A:40 X:19 Y:00 S:DD P:nvUbdIzC  $0F:C76E: 24 1B    BIT $1B = #$40
f143    c4228964     i57143559    A:40 X:19 Y:00 S:DD P:nVUbdIzC  $0F:C770: 50 03    BVC $C775
f143    c4228966     i57143560    A:40 X:19 Y:00 S:DD P:nVUbdIzC  $0F:C772: 4C 21 C4 JMP $C421
f143    c4228969     i57143561    A:40 X:19 Y:00 S:DD P:nVUbdIzC  $0F:C421: 24 3B    BIT $3B = #$55
f143    c4228972     i57143562    A:40 X:19 Y:00 S:DD P:nVUbdIzC  $0F:C423: 30 4D    BMI $C472
f143    c4228974     i57143563    A:40 X:19 Y:00 S:DD P:nVUbdIzC  $0F:C425: 38       SEC
f143    c4228976     i57143564    A:40 X:19 Y:00 S:DD P:nVUbdIzC  $0F:C426: 66 3B    ROR $3B = #$55
f143    c4228981     i57143565    A:40 X:19 Y:00 S:DD P:NVUbdIzC  $0F:C428: 85 3C    STA $3C = #$40
f143    c4228984     i57143566    A:40 X:19 Y:00 S:DD P:NVUbdIzC  $0F:C42A: 86 3D    STX $3D = #$19
f143    c4228987     i57143567    A:40 X:19 Y:00 S:DD P:NVUbdIzC  $0F:C42C: 84 3E    STY $3E = #$00
f143    c4228990     i57143568    A:40 X:19 Y:00 S:DD P:NVUbdIzC  $0F:C42E: A5 22    LDA $22 = #$00
f143    c4228993     i57143569    A:00 X:19 Y:00 S:DD P:nVUbdIZC  $0F:C430: 09 07    ORA #$07
f143    c4228995     i57143570    A:07 X:19 Y:00 S:DD P:nVUbdIzC  $0F:C432: 8D 00 80 STA $8000 = #$A5
f143    c4228999     i57143571    A:07 X:19 Y:00 S:DD P:nVUbdIzC  $0F:C435: A9 02    LDA #$02
f143    c4229001     i57143572    A:02 X:19 Y:00 S:DD P:nVUbdIzC  $0F:C437: 8D 01 80 STA $8001 = #$27
f149    c4407559     i57200671    A:40 X:19 Y:00 S:E0 P:nvUbdizC  $00:9F04: A5 1B    LDA $1B = #$40
f149    c4407562     i57200672    A:40 X:19 Y:00 S:E0 P:nvUbdizC  $00:9F06: 10 FC    BPL $9F04
f149    c4407565     i57200673    A:40 X:19 Y:00 S:E0 P:nvUbdizC  $00:9F04: A5 1B    LDA $1B = #$40
f149    c4407568     i57200674    A:40 X:19 Y:00 S:E0 P:nvUbdizC  $00:9F06: 10 FC    BPL $9F04
f149    c4407571     i57200675    A:40 X:19 Y:00 S:E0 P:nvUbdizC  $00:9F04: A5 1B    LDA $1B = #$40
f149    c4407574     i57200676    A:40 X:19 Y:00 S:E0 P:nvUbdizC  $00:9F06: 10 FC    BPL $9F04
f149    c4407577     i57200677    A:40 X:19 Y:00 S:E0 P:nvUbdizC  $00:9F04: A5 1B    LDA $1B = #$40
f149    c4407580     i57200678    A:40 X:19 Y:00 S:E0 P:nvUbdizC  $00:9F06: 10 FC    BPL $9F04
f149    c4407583     i57200679    A:40 X:19 Y:00 S:E0 P:nvUbdizC  $00:9F04: A5 1B    LDA $1B = #$40
f149    c4407586     i57200680    A:40 X:19 Y:00 S:E0 P:nvUbdizC  $00:9F06: 10 FC    BPL $9F04
f149    c4407589     i57200681    A:40 X:19 Y:00 S:E0 P:nvUbdizC  $00:9F04: A5 1B    LDA $1B = #$40
f149    c4407592     i57200682    A:40 X:19 Y:00 S:E0 P:nvUbdizC  $00:9F06: 10 FC    BPL $9F04
f149    c4407595     i57200683    A:40 X:19 Y:00 S:E0 P:nvUbdizC  $00:9F04: A5 1B    LDA $1B = #$40
f149    c4407598     i57200684    A:40 X:19 Y:00 S:E0 P:nvUbdizC  $00:9F06: 10 FC    BPL $9F04
f149    c4407601     i57200685    A:40 X:19 Y:00 S:E0 P:nvUbdizC  $00:9F04: A5 1B    LDA $1B = #$40
f149    c4407604     i57200686    A:40 X:19 Y:00 S:E0 P:nvUbdizC  $00:9F06: 10 FC    BPL $9F04
f149    c4407607     i57200687    A:40 X:19 Y:00 S:E0 P:nvUbdizC  $00:9F04: A5 1B    LDA $1B = #$40
f149    c4407610     i57200688    A:40 X:19 Y:00 S:E0 P:nvUbdizC  $00:9F06: 10 FC    BPL $9F04
f149    c4407613     i57200689    A:40 X:19 Y:00 S:E0 P:nvUbdizC  $00:9F04: A5 1B    LDA $1B = #$40
f149    c4407616     i57200690    A:40 X:19 Y:00 S:E0 P:nvUbdizC  $00:9F06: 10 FC    BPL $9F04
f149    c4407619     i57200691    A:40 X:19 Y:00 S:E0 P:nvUbdizC  $00:9F04: A5 1B    LDA $1B = #$40
f149    c4407622     i57200692    A:40 X:19 Y:00 S:E0 P:nvUbdizC  $00:9F06: 10 FC    BPL $9F04
f149    c4407625     i57200693    A:40 X:19 Y:00 S:E0 P:nvUbdizC  $00:9F04: A5 1B    LDA $1B = #$40
f149    c4407628     i57200694    A:40 X:19 Y:00 S:E0 P:nvUbdizC  $00:9F06: 10 FC    BPL $9F04
f149    c4407631     i57200695    A:40 X:19 Y:00 S:E0 P:nvUbdizC  $00:9F04: A5 1B    LDA $1B = #$40
f149    c4407641     i57200696    A:40 X:19 Y:00 S:DD P:nvUbdIzC  $0F:C500: 4C 6E C7 JMP $C76E
f149    c4407644     i57200697    A:40 X:19 Y:00 S:DD P:nvUbdIzC  $0F:C76E: 24 1B    BIT $1B = #$40
f149    c4407647     i57200698    A:40 X:19 Y:00 S:DD P:nVUbdIzC  $0F:C770: 50 03    BVC $C775
f149    c4407649     i57200699    A:40 X:19 Y:00 S:DD P:nVUbdIzC  $0F:C772: 4C 21 C4 JMP $C421
f149    c4407652     i57200700    A:40 X:19 Y:00 S:DD P:nVUbdIzC  $0F:C421: 24 3B    BIT $3B = #$55
f149    c4407655     i57200701    A:40 X:19 Y:00 S:DD P:nVUbdIzC  $0F:C423: 30 4D    BMI $C472
f149    c4407657     i57200702    A:40 X:19 Y:00 S:DD P:nVUbdIzC  $0F:C425: 38       SEC
f149    c4407659     i57200703    A:40 X:19 Y:00 S:DD P:nVUbdIzC  $0F:C426: 66 3B    ROR $3B = #$55
f149    c4407664     i57200704    A:40 X:19 Y:00 S:DD P:NVUbdIzC  $0F:C428: 85 3C    STA $3C = #$40
f149    c4407667     i57200705    A:40 X:19 Y:00 S:DD P:NVUbdIzC  $0F:C42A: 86 3D    STX $3D = #$19
f149    c4407670     i57200706    A:40 X:19 Y:00 S:DD P:NVUbdIzC  $0F:C42C: 84 3E    STY $3E = #$00
f149    c4407673     i57200707    A:40 X:19 Y:00 S:DD P:NVUbdIzC  $0F:C42E: A5 22    LDA $22 = #$00
f149    c4407676     i57200708    A:00 X:19 Y:00 S:DD P:nVUbdIZC  $0F:C430: 09 07    ORA #$07
f149    c4407678     i57200709    A:07 X:19 Y:00 S:DD P:nVUbdIzC  $0F:C432: 8D 00 80 STA $8000 = #$A5
f149    c4407682     i57200710    A:07 X:19 Y:00 S:DD P:nVUbdIzC  $0F:C435: A9 02    LDA #$02
f149    c4407684     i57200711    A:02 X:19 Y:00 S:DD P:nVUbdIzC  $0F:C437: 8D 01 80 STA $8001 = #$27
f149    c4407688     i57200712    A:02 X:19 Y:00 S:DD P:nVUbdIzC  $0F:C43A: 20 00 A0 JSR $A000
f152    c4503974     i57231215    A:00 X:00 Y:F8 S:EC P:nvUbdiZc  $01:A8EE: 99 02 02 STA $0202,Y @ $02FA = #$00
f152    c4503979     i57231216    A:00 X:00 Y:F8 S:EC P:nvUbdiZc  $01:A8F1: B9 6B 04 LDA $046B,Y @ $0563 = #$00
f152    c4503984     i57231217    A:00 X:00 Y:F8 S:EC P:nvUbdiZc  $01:A8F4: 99 03 02 STA $0203,Y @ $02FB = #$00
f152    c4503989     i57231218    A:00 X:00 Y:F8 S:EC P:nvUbdiZc  $01:A8F7: C8       INY
f152    c4503991     i57231219    A:00 X:00 Y:F9 S:EC P:NvUbdizc  $01:A8F8: C8       INY
f152    c4503993     i57231220    A:00 X:00 Y:FA S:EC P:NvUbdizc  $01:A8F9: C8       INY
f152    c4503995     i57231221    A:00 X:00 Y:FB S:EC P:NvUbdizc  $01:A8FA: C8       INY
f152    c4503997     i57231222    A:00 X:00 Y:FC S:EC P:NvUbdizc  $01:A8FB: D0 D8    BNE $A8D5
f152    c4504000     i57231223    A:00 X:00 Y:FC S:EC P:NvUbdizc  $01:A8D5: BE 68 04 LDX $0468,Y @ $0564 = #$00
f152    c4504005     i57231224    A:00 X:00 Y:FC S:EC P:nvUbdiZc  $01:A8D8: B9 6A 04 LDA $046A,Y @ $0566 = #$00
f152    c4504010     i57231225    A:00 X:00 Y:FC S:EC P:nvUbdiZc  $01:A8DB: 29 0C    AND #$0C
f152    c4504012     i57231226    A:00 X:00 Y:FC S:EC P:nvUbdiZc  $01:A8DD: F0 02    BEQ $A8E1
f152    c4504015     i57231227    A:00 X:00 Y:FC S:EC P:nvUbdiZc  $01:A8E1: 8A       TXA
f152    c4504017     i57231228    A:00 X:00 Y:FC S:EC P:nvUbdiZc  $01:A8E2: 99 00 02 STA $0200,Y @ $02FC = #$00
f152    c4504022     i57231229    A:00 X:00 Y:FC S:EC P:nvUbdiZc  $01:A8E5: B9 69 04 LDA $0469,Y @ $0565 = #$00
f152    c4504027     i57231230    A:00 X:00 Y:FC S:EC P:nvUbdiZc  $01:A8E8: 99 01 02 STA $0201,Y @ $02FD = #$00
f152    c4504032     i57231231    A:00 X:00 Y:FC S:EC P:nvUbdiZc  $01:A8EB: B9 6A 04 LDA $046A,Y @ $0566 = #$00
f152    c4504037     i57231232    A:00 X:00 Y:FC S:EC P:nvUbdiZc  $01:A8EE: 99 02 02 STA $0202,Y @ $02FE = #$00
f152    c4504042     i57231233    A:00 X:00 Y:FC S:EC P:nvUbdiZc  $01:A8F1: B9 6B 04 LDA $046B,Y @ $0567 = #$F8
f152    c4504047     i57231234    A:F8 X:00 Y:FC S:EC P:NvUbdizc  $01:A8F4: 99 03 02 STA $0203,Y @ $02FF = #$F8
f152    c4504052     i57231235    A:F8 X:00 Y:FC S:EC P:NvUbdizc  $01:A8F7: C8       INY
f152    c4504054     i57231236    A:F8 X:00 Y:FD S:EC P:NvUbdizc  $01:A8F8: C8       INY
f152    c4504056     i57231237    A:F8 X:00 Y:FE S:EC P:NvUbdizc  $01:A8F9: C8       INY
f152    c4504058     i57231238    A:F8 X:00 Y:FF S:EC P:NvUbdizc  $01:A8FA: C8       INY
f152    c4504060     i57231239    A:F8 X:00 Y:00 S:EC P:nvUbdiZc  $01:A8FB: D0 D8    BNE $A8D5
f152    c4504062     i57231240    A:F8 X:00 Y:00 S:EC P:nvUbdiZc  $01:A8FD: 60       RTS (from $A215)
f152    c4504068     i57231241    A:F8 X:00 Y:00 S:EE P:nvUbdiZc  $00:8392: A2 06    LDX #$06
f152    c4504070     i57231242    A:F8 X:06 Y:00 S:EE P:nvUbdizc  $00:8394: 20 B9 C4 JSR $C4B9
f152    c4504076     i57231243    A:F8 X:06 Y:00 S:EC P:nvUbdizc  $0F:C4B9: 86 25    STX $25 = #$02
f152    c4504079     i57231244    A:F8 X:06 Y:00 S:EC P:nvUbdizc  $0F:C4BB: A9 07    LDA #$07
f152    c4504081     i57231245    A:07 X:06 Y:00 S:EC P:nvUbdizc  $0F:C4BD: 05 22    ORA $22 = #$00
f152    c4504084     i57231246    A:07 X:06 Y:00 S:EC P:nvUbdizc  $0F:C4BF: 85 23    STA $23 = #$06
f152    c4504087     i57231247    A:07 X:06 Y:00 S:EC P:nvUbdizc  $0F:C4C1: 8D 00 80 STA $8000 = #$A5
f152    c4504091     i57231248    A:07 X:06 Y:00 S:EC P:nvUbdizc  $0F:C4C4: 8E 01 80 STX $8001 = #$27
f152    c4504095     i57231249    A:07 X:06 Y:00 S:EC P:nvUbdizc  $0F:C4C7: 60       RTS (from $C4B9)
f152    c4504101     i57231250    A:07 X:06 Y:00 S:EE P:nvUbdizc  $00:8397: 60       RTS (from $838A)
f152    c4504107     i57231251    A:07 X:06 Y:00 S:F0 P:nvUbdizc  $00:82F0: A5 4C    LDA $4C = #$00
f152    c4504110     i57231252    A:00 X:06 Y:00 S:F0 P:nvUbdiZc  $00:82F2: 10 F9    BPL $82ED
f152    c4504113     i57231253    A:00 X:06 Y:00 S:F0 P:nvUbdiZc  $00:82ED: 20 8A 83 JSR $838A
f152    c4504119     i57231254    A:00 X:06 Y:00 S:EE P:nvUbdiZc  $00:838A: A2 02    LDX #$02
f152    c4504121     i57231255    A:00 X:02 Y:00 S:EE P:nvUbdizc  $00:838C: 20 B9 C4 JSR $C4B9
f152    c4513805     i57234481    A:40 X:19 Y:00 S:E0 P:nvUbdizC  $00:9F06: 10 FC    BPL $9F04
f152    c4513808     i57234482    A:40 X:19 Y:00 S:E0 P:nvUbdizC  $00:9F04: A5 1B    LDA $1B = #$40
f152    c4513811     i57234483    A:40 X:19 Y:00 S:E0 P:nvUbdizC  $00:9F06: 10 FC    BPL $9F04
f152    c4513814     i57234484    A:40 X:19 Y:00 S:E0 P:nvUbdizC  $00:9F04: A5 1B    LDA $1B = #$40
f152    c4513817     i57234485    A:40 X:19 Y:00 S:E0 P:nvUbdizC  $00:9F06: 10 FC    BPL $9F04
f152    c4513820     i57234486    A:40 X:19 Y:00 S:E0 P:nvUbdizC  $00:9F04: A5 1B    LDA $1B = #$40
f152    c4513823     i57234487    A:40 X:19 Y:00 S:E0 P:nvUbdizC  $00:9F06: 10 FC    BPL $9F04
f152    c4513826     i57234488    A:40 X:19 Y:00 S:E0 P:nvUbdizC  $00:9F04: A5 1B    LDA $1B = #$40
f152    c4513829     i57234489    A:40 X:19 Y:00 S:E0 P:nvUbdizC  $00:9F06: 10 FC    BPL $9F04
f152    c4513832     i57234490    A:40 X:19 Y:00 S:E0 P:nvUbdizC  $00:9F04: A5 1B    LDA $1B = #$40
f152    c4513835     i57234491    A:40 X:19 Y:00 S:E0 P:nvUbdizC  $00:9F06: 10 FC    BPL $9F04
f152    c4513838     i57234492    A:40 X:19 Y:00 S:E0 P:nvUbdizC  $00:9F04: A5 1B    LDA $1B = #$40
f152    c4513841     i57234493    A:40 X:19 Y:00 S:E0 P:nvUbdizC  $00:9F06: 10 FC    BPL $9F04
f152    c4513844     i57234494    A:40 X:19 Y:00 S:E0 P:nvUbdizC  $00:9F04: A5 1B    LDA $1B = #$40
f152    c4513847     i57234495    A:40 X:19 Y:00 S:E0 P:nvUbdizC  $00:9F06: 10 FC    BPL $9F04
f152    c4513850     i57234496    A:40 X:19 Y:00 S:E0 P:nvUbdizC  $00:9F04: A5 1B    LDA $1B = #$40
f152    c4513853     i57234497    A:40 X:19 Y:00 S:E0 P:nvUbdizC  $00:9F06: 10 FC    BPL $9F04
f152    c4513856     i57234498    A:40 X:19 Y:00 S:E0 P:nvUbdizC  $00:9F04: A5 1B    LDA $1B = #$40
f152    c4513859     i57234499    A:40 X:19 Y:00 S:E0 P:nvUbdizC  $00:9F06: 10 FC    BPL $9F04
f152    c4513862     i57234500    A:40 X:19 Y:00 S:E0 P:nvUbdizC  $00:9F04: A5 1B    LDA $1B = #$40
f152    c4513865     i57234501    A:40 X:19 Y:00 S:E0 P:nvUbdizC  $00:9F06: 10 FC    BPL $9F04
f152    c4513868     i57234502    A:40 X:19 Y:00 S:E0 P:nvUbdizC  $00:9F04: A5 1B    LDA $1B = #$40
f152    c4513871     i57234503    A:40 X:19 Y:00 S:E0 P:nvUbdizC  $00:9F06: 10 FC    BPL $9F04
f152    c4513874     i57234504    A:40 X:19 Y:00 S:E0 P:nvUbdizC  $00:9F04: A5 1B    LDA $1B = #$40
f152    c4513877     i57234505    A:40 X:19 Y:00 S:E0 P:nvUbdizC  $00:9F06: 10 FC    BPL $9F04
f152    c4513880     i57234506    A:40 X:19 Y:00 S:E0 P:nvUbdizC  $00:9F04: A5 1B    LDA $1B = #$40
f152    c4513890     i57234507    A:40 X:19 Y:00 S:DD P:nvUbdIzC  $0F:C506: 4C 21 C8 JMP $C821
f152    c4513893     i57234508    A:40 X:19 Y:00 S:DD P:nvUbdIzC  $0F:C821: 24 1B    BIT $1B = #$40
f152    c4513896     i57234509    A:40 X:19 Y:00 S:DD P:nVUbdIzC  $0F:C823: 50 03    BVC $C828
f152    c4513898     i57234510    A:40 X:19 Y:00 S:DD P:nVUbdIzC  $0F:C825: 4C 78 C4 JMP $C478
f152    c4513901     i57234511    A:40 X:19 Y:00 S:DD P:nVUbdIzC  $0F:C478: 24 3B    BIT $3B = #$55
f152    c4513904     i57234512    A:40 X:19 Y:00 S:DD P:nVUbdIzC  $0F:C47A: 30 32    BMI $C4AE
f152    c4513906     i57234513    A:40 X:19 Y:00 S:DD P:nVUbdIzC  $0F:C47C: 38       SEC
f152    c4513908     i57234514    A:40 X:19 Y:00 S:DD P:nVUbdIzC  $0F:C47D: 66 3B    ROR $3B = #$55
f152    c4513913     i57234515    A:40 X:19 Y:00 S:DD P:NVUbdIzC  $0F:C47F: 85 3C    STA $3C = #$40
f152    c4513916     i57234516    A:40 X:19 Y:00 S:DD P:NVUbdIzC  $0F:C481: 86 3D    STX $3D = #$19
f152    c4513919     i57234517    A:40 X:19 Y:00 S:DD P:NVUbdIzC  $0F:C483: 84 3E    STY $3E = #$00
f152    c4513922     i57234518    A:40 X:19 Y:00 S:DD P:NVUbdIzC  $0F:C485: A5 22    LDA $22 = #$00
f152    c4513925     i57234519    A:00 X:19 Y:00 S:DD P:nVUbdIZC  $0F:C487: 09 07    ORA #$07
f152    c4513927     i57234520    A:07 X:19 Y:00 S:DD P:nVUbdIzC  $0F:C489: 8D 00 80 STA $8000 = #$A5
f152    c4513931     i57234521    A:07 X:19 Y:00 S:DD P:nVUbdIzC  $0F:C48C: A9 02    LDA #$02
f152    c4513933     i57234522    A:02 X:19 Y:00 S:DD P:nVUbdIzC  $0F:C48E: 8D 01 80 STA $8001 = #$27
f154    c4558042     i57248632    A:0C X:00 Y:00 S:DB P:nvUbdIZc  $06:8002: BC 00 07 LDY $0700,X @ $0700 = #$00
f154    c4558046     i57248633    A:0C X:00 Y:00 S:DB P:nvUbdIZc  $06:8005: C0 32    CPY #$32
f154    c4558048     i57248634    A:0C X:00 Y:00 S:DB P:NvUbdIzc  $06:8007: B0 0E    BCS $8017
f154    c4558050     i57248635    A:0C X:00 Y:00 S:DB P:NvUbdIzc  $06:8009: A0 07    LDY #$07
f154    c4558052     i57248636    A:0C X:00 Y:07 S:DB P:nvUbdIzc  $06:800B: 8C 00 80 STY $8000 = #$A2
f154    c4558056     i57248637    A:0C X:00 Y:07 S:DB P:nvUbdIzc  $06:800E: AC FC 07 LDY $07FC = #$00
f154    c4558060     i57248638    A:0C X:00 Y:00 S:DB P:nvUbdIZc  $06:8011: 8C 01 80 STY $8001 = #$05
f154    c4558064     i57248639    A:0C X:00 Y:00 S:DB P:nvUbdIZc  $06:8014: 4C 5E 80 JMP $805E
f154    c4558067     i57248640    A:0C X:00 Y:00 S:DB P:nvUbdIZc  $06:805E: CA       DEX
f154    c4558069     i57248641    A:0C X:FF Y:00 S:DB P:NvUbdIzc  $06:805F: 10 A1    BPL $8002
f154    c4558071     i57248642    A:0C X:FF Y:00 S:DB P:NvUbdIzc  $06:8061: A2 05    LDX #$05
f154    c4558073     i57248643    A:0C X:05 Y:00 S:DB P:nvUbdIzc  $06:8063: BC 00 07 LDY $0700,X @ $0705 = #$00
f154    c4558077     i57248644    A:0C X:05 Y:00 S:DB P:nvUbdIZc  $06:8066: F0 4F    BEQ $80B7
f154    c4558080     i57248645    A:0C X:05 Y:00 S:DB P:nvUbdIZc  $06:80B7: CA       DEX
f154    c4558082     i57248646    A:0C X:04 Y:00 S:DB P:nvUbdIzc  $06:80B8: 10 A9    BPL $8063
f154    c4558085     i57248647    A:0C X:04 Y:00 S:DB P:nvUbdIzc  $06:8063: BC 00 07 LDY $0700,X @ $0704 = #$00
f154    c4558089     i57248648    A:0C X:04 Y:00 S:DB P:nvUbdIZc  $06:8066: F0 4F    BEQ $80B7
f154    c4558092     i57248649    A:0C X:04 Y:00 S:DB P:nvUbdIZc  $06:80B7: CA       DEX
f154    c4558094     i57248650    A:0C X:03 Y:00 S:DB P:nvUbdIzc  $06:80B8: 10 A9    BPL $8063
f154    c4558097     i57248651    A:0C X:03 Y:00 S:DB P:nvUbdIzc  $06:8063: BC 00 07 LDY $0700,X @ $0703 = #$00
f154    c4558101     i57248652    A:0C X:03 Y:00 S:DB P:nvUbdIZc  $06:8066: F0 4F    BEQ $80B7
f154    c4558104     i57248653    A:0C X:03 Y:00 S:DB P:nvUbdIZc  $06:80B7: CA       DEX
f154    c4558106     i57248654    A:0C X:02 Y:00 S:DB P:nvUbdIzc  $06:80B8: 10 A9    BPL $8063
f154    c4558109     i57248655    A:0C X:02 Y:00 S:DB P:nvUbdIzc  $06:8063: BC 00 07 LDY $0700,X @ $0702 = #$00
f154    c4558113     i57248656    A:0C X:02 Y:00 S:DB P:nvUbdIZc  $06:8066: F0 4F    BEQ $80B7
f154    c4558116     i57248657    A:0C X:02 Y:00 S:DB P:nvUbdIZc  $06:80B7: CA       DEX
f154    c4558118     i57248658    A:0C X:01 Y:00 S:DB P:nvUbdIzc  $06:80B8: 10 A9    BPL $8063
f154    c4558121     i57248659    A:0C X:01 Y:00 S:DB P:nvUbdIzc  $06:8063: BC 00 07 LDY $0700,X @ $0701 = #$00
f154    c4558125     i57248660    A:0C X:01 Y:00 S:DB P:nvUbdIZc  $06:8066: F0 4F    BEQ $80B7
f154    c4558128     i57248661    A:0C X:01 Y:00 S:DB P:nvUbdIZc  $06:80B7: CA       DEX
f154    c4558130     i57248662    A:0C X:00 Y:00 S:DB P:nvUbdIZc  $06:80B8: 10 A9    BPL $8063
f154    c4558133     i57248663    A:0C X:00 Y:00 S:DB P:nvUbdIZc  $06:8063: BC 00 07 LDY $0700,X @ $0700 = #$00
f154    c4558137     i57248664    A:0C X:00 Y:00 S:DB P:nvUbdIZc  $06:8066: F0 4F    BEQ $80B7
f154    c4558140     i57248665    A:0C X:00 Y:00 S:DB P:nvUbdIZc  $06:80B7: CA       DEX
f154    c4558142     i57248666    A:0C X:FF Y:00 S:DB P:NvUbdIzc  $06:80B8: 10 A9    BPL $8063
f154    c4558144     i57248667    A:0C X:FF Y:00 S:DB P:NvUbdIzc  $06:80BA: A9 27    LDA #$27
f154    c4558146     i57248668    A:27 X:FF Y:00 S:DB P:nvUbdIzc  $06:80BC: 85 F0    STA $F0 = #$67
f154    c4558149     i57248669    A:27 X:FF Y:00 S:DB P:nvUbdIzc  $06:80BE: A9 07    LDA #$07
f154    c4558151     i57248670    A:07 X:FF Y:00 S:DB P:nvUbdIzc  $06:80C0: 85 F1    STA $F1 = #$07
f154    c4558154     i57248671    A:07 X:FF Y:00 S:DB P:nvUbdIzc  $06:80C2: A9 00    LDA #$00
f154    c4558156     i57248672    A:00 X:FF Y:00 S:DB P:nvUbdIZc  $06:80C4: 85 F2    STA $F2 = #$FF
f154    c4558159     i57248673    A:00 X:FF Y:00 S:DB P:nvUbdIZc  $06:80C6: A0 08    LDY #$08
f156    c4616019     i57267332    A:40 X:19 Y:00 S:E0 P:nvUbdizC  $00:9F04: A5 1B    LDA $1B = #$40
f156    c4616022     i57267333    A:40 X:19 Y:00 S:E0 P:nvUbdizC  $00:9F06: 10 FC    BPL $9F04
f156    c4616025     i57267334    A:40 X:19 Y:00 S:E0 P:nvUbdizC  $00:9F04: A5 1B    LDA $1B = #$40
f156    c4616028     i57267335    A:40 X:19 Y:00 S:E0 P:nvUbdizC  $00:9F06: 10 FC    BPL $9F04
f156    c4616031     i57267336    A:40 X:19 Y:00 S:E0 P:nvUbdizC  $00:9F04: A5 1B    LDA $1B = #$40
f156    c4616034     i57267337    A:40 X:19 Y:00 S:E0 P:nvUbdizC  $00:9F06: 10 FC    BPL $9F04
f156    c4616037     i57267338    A:40 X:19 Y:00 S:E0 P:nvUbdizC  $00:9F04: A5 1B    LDA $1B = #$40
f156    c4616040     i57267339    A:40 X:19 Y:00 S:E0 P:nvUbdizC  $00:9F06: 10 FC    BPL $9F04
f156    c4616043     i57267340    A:40 X:19 Y:00 S:E0 P:nvUbdizC  $00:9F04: A5 1B    LDA $1B = #$40
f156    c4616046     i57267341    A:40 X:19 Y:00 S:E0 P:nvUbdizC  $00:9F06: 10 FC    BPL $9F04
f156    c4616049     i57267342    A:40 X:19 Y:00 S:E0 P:nvUbdizC  $00:9F04: A5 1B    LDA $1B = #$40
f156    c4616052     i57267343    A:40 X:19 Y:00 S:E0 P:nvUbdizC  $00:9F06: 10 FC    BPL $9F04
f156    c4616055     i57267344    A:40 X:19 Y:00 S:E0 P:nvUbdizC  $00:9F04: A5 1B    LDA $1B = #$40
f156    c4616058     i57267345    A:40 X:19 Y:00 S:E0 P:nvUbdizC  $00:9F06: 10 FC    BPL $9F04
f156    c4616061     i57267346    A:40 X:19 Y:00 S:E0 P:nvUbdizC  $00:9F04: A5 1B    LDA $1B = #$40
f156    c4616064     i57267347    A:40 X:19 Y:00 S:E0 P:nvUbdizC  $00:9F06: 10 FC    BPL $9F04
f156    c4616067     i57267348    A:40 X:19 Y:00 S:E0 P:nvUbdizC  $00:9F04: A5 1B    LDA $1B = #$40
f156    c4616070     i57267349    A:40 X:19 Y:00 S:E0 P:nvUbdizC  $00:9F06: 10 FC    BPL $9F04
f156    c4616073     i57267350    A:40 X:19 Y:00 S:E0 P:nvUbdizC  $00:9F04: A5 1B    LDA $1B = #$40
f156    c4616076     i57267351    A:40 X:19 Y:00 S:E0 P:nvUbdizC  $00:9F06: 10 FC    BPL $9F04
f156    c4616079     i57267352    A:40 X:19 Y:00 S:E0 P:nvUbdizC  $00:9F04: A5 1B    LDA $1B = #$40
f156    c4616082     i57267353    A:40 X:19 Y:00 S:E0 P:nvUbdizC  $00:9F06: 10 FC    BPL $9F04
f156    c4616085     i57267354    A:40 X:19 Y:00 S:E0 P:nvUbdizC  $00:9F04: A5 1B    LDA $1B = #$40
f156    c4616088     i57267355    A:40 X:19 Y:00 S:E0 P:nvUbdizC  $00:9F06: 10 FC    BPL $9F04
f156    c4616091     i57267356    A:40 X:19 Y:00 S:E0 P:nvUbdizC  $00:9F04: A5 1B    LDA $1B = #$40
f156    c4616094     i57267357    A:40 X:19 Y:00 S:E0 P:nvUbdizC  $00:9F06: 10 FC    BPL $9F04
f156    c4616104     i57267358    A:40 X:19 Y:00 S:DD P:nvUbdIzC  $0F:C500: 4C 6E C7 JMP $C76E
f156    c4616107     i57267359    A:40 X:19 Y:00 S:DD P:nvUbdIzC  $0F:C76E: 24 1B    BIT $1B = #$40
f156    c4616110     i57267360    A:40 X:19 Y:00 S:DD P:nVUbdIzC  $0F:C770: 50 03    BVC $C775
f156    c4616112     i57267361    A:40 X:19 Y:00 S:DD P:nVUbdIzC  $0F:C772: 4C 21 C4 JMP $C421
f156    c4616115     i57267362    A:40 X:19 Y:00 S:DD P:nVUbdIzC  $0F:C421: 24 3B    BIT $3B = #$55
f156    c4616118     i57267363    A:40 X:19 Y:00 S:DD P:nVUbdIzC  $0F:C423: 30 4D    BMI $C472
f156    c4616120     i57267364    A:40 X:19 Y:00 S:DD P:nVUbdIzC  $0F:C425: 38       SEC
f156    c4616122     i57267365    A:40 X:19 Y:00 S:DD P:nVUbdIzC  $0F:C426: 66 3B    ROR $3B = #$55
f156    c4616127     i57267366    A:40 X:19 Y:00 S:DD P:NVUbdIzC  $0F:C428: 85 3C    STA $3C = #$40
f156    c4616130     i57267367    A:40 X:19 Y:00 S:DD P:NVUbdIzC  $0F:C42A: 86 3D    STX $3D = #$19
f156    c4616133     i57267368    A:40 X:19 Y:00 S:DD P:NVUbdIzC  $0F:C42C: 84 3E    STY $3E = #$00
f156    c4616136     i57267369    A:40 X:19 Y:00 S:DD P:NVUbdIzC  $0F:C42E: A5 22    LDA $22 = #$00
f156    c4616139     i57267370    A:00 X:19 Y:00 S:DD P:nVUbdIZC  $0F:C430: 09 07    ORA #$07
f156    c4616141     i57267371    A:07 X:19 Y:00 S:DD P:nVUbdIzC  $0F:C432: 8D 00 80 STA $8000 = #$A5
f156    c4616145     i57267372    A:07 X:19 Y:00 S:DD P:nVUbdIzC  $0F:C435: A9 02    LDA #$02
f156    c4616147     i57267373    A:02 X:19 Y:00 S:DD P:nVUbdIzC  $0F:C437: 8D 01 80 STA $8001 = #$27
f161    c4765860     i57315080    A:00 X:02 Y:06 S:DB P:nVUbdIzc  $01:A0ED: BD 15 40 LDA $4015,X @ $4017 = #$01
f161    c4765864     i57315081    A:40 X:02 Y:06 S:DB P:nVUbdIzc  $01:A0F0: 4A       LSR
f161    c4765866     i57315082    A:20 X:02 Y:06 S:DB P:nVUbdIzc  $01:A0F1: 26 3F    ROL $3F = #$00
f161    c4765871     i57315083    A:20 X:02 Y:06 S:DB P:nVUbdIZc  $01:A0F3: 29 01    AND #$01
f161    c4765873     i57315084    A:00 X:02 Y:06 S:DB P:nVUbdIZc  $01:A0F5: 05 3F    ORA $3F = #$00
f161    c4765876     i57315085    A:00 X:02 Y:06 S:DB P:nVUbdIZc  $01:A0F7: 85 3F    STA $3F = #$00
f161    c4765879     i57315086    A:00 X:02 Y:06 S:DB P:nVUbdIZc  $01:A0F9: 88       DEY
f161    c4765881     i57315087    A:00 X:02 Y:05 S:DB P:nVUbdIzc  $01:A0FA: D0 F1    BNE $A0ED
f161    c4765884     i57315088    A:00 X:02 Y:05 S:DB P:nVUbdIzc  $01:A0ED: BD 15 40 LDA $4015,X @ $4017 = #$01
f161    c4765888     i57315089    A:40 X:02 Y:05 S:DB P:nVUbdIzc  $01:A0F0: 4A       LSR
f161    c4765890     i57315090    A:20 X:02 Y:05 S:DB P:nVUbdIzc  $01:A0F1: 26 3F    ROL $3F = #$00
f161    c4765895     i57315091    A:20 X:02 Y:05 S:DB P:nVUbdIZc  $01:A0F3: 29 01    AND #$01
f161    c4765897     i57315092    A:00 X:02 Y:05 S:DB P:nVUbdIZc  $01:A0F5: 05 3F    ORA $3F = #$00
f161    c4765900     i57315093    A:00 X:02 Y:05 S:DB P:nVUbdIZc  $01:A0F7: 85 3F    STA $3F = #$00
f161    c4765903     i57315094    A:00 X:02 Y:05 S:DB P:nVUbdIZc  $01:A0F9: 88       DEY
f161    c4765905     i57315095    A:00 X:02 Y:04 S:DB P:nVUbdIzc  $01:A0FA: D0 F1    BNE $A0ED
f161    c4765908     i57315096    A:00 X:02 Y:04 S:DB P:nVUbdIzc  $01:A0ED: BD 15 40 LDA $4015,X @ $4017 = #$01
f161    c4765912     i57315097    A:40 X:02 Y:04 S:DB P:nVUbdIzc  $01:A0F0: 4A       LSR
f161    c4765914     i57315098    A:20 X:02 Y:04 S:DB P:nVUbdIzc  $01:A0F1: 26 3F    ROL $3F = #$00
f161    c4765919     i57315099    A:20 X:02 Y:04 S:DB P:nVUbdIZc  $01:A0F3: 29 01    AND #$01
f161    c4765921     i57315100    A:00 X:02 Y:04 S:DB P:nVUbdIZc  $01:A0F5: 05 3F    ORA $3F = #$00
f161    c4765924     i57315101    A:00 X:02 Y:04 S:DB P:nVUbdIZc  $01:A0F7: 85 3F    STA $3F = #$00
f161    c4765927     i57315102    A:00 X:02 Y:04 S:DB P:nVUbdIZc  $01:A0F9: 88       DEY
f161    c4765929     i57315103    A:00 X:02 Y:03 S:DB P:nVUbdIzc  $01:A0FA: D0 F1    BNE $A0ED
f161    c4765932     i57315104    A:00 X:02 Y:03 S:DB P:nVUbdIzc  $01:A0ED: BD 15 40 LDA $4015,X @ $4017 = #$01
f161    c4765936     i57315105    A:40 X:02 Y:03 S:DB P:nVUbdIzc  $01:A0F0: 4A       LSR
f161    c4765938     i57315106    A:20 X:02 Y:03 S:DB P:nVUbdIzc  $01:A0F1: 26 3F    ROL $3F = #$00
f161    c4765943     i57315107    A:20 X:02 Y:03 S:DB P:nVUbdIZc  $01:A0F3: 29 01    AND #$01
f161    c4765945     i57315108    A:00 X:02 Y:03 S:DB P:nVUbdIZc  $01:A0F5: 05 3F    ORA $3F = #$00
f161    c4765948     i57315109    A:00 X:02 Y:03 S:DB P:nVUbdIZc  $01:A0F7: 85 3F    STA $3F = #$00
f161    c4765951     i57315110    A:00 X:02 Y:03 S:DB P:nVUbdIZc  $01:A0F9: 88       DEY
f161    c4765953     i57315111    A:00 X:02 Y:02 S:DB P:nVUbdIzc  $01:A0FA: D0 F1    BNE $A0ED
f161    c4765956     i57315112    A:00 X:02 Y:02 S:DB P:nVUbdIzc  $01:A0ED: BD 15 40 LDA $4015,X @ $4017 = #$01
f161    c4765960     i57315113    A:40 X:02 Y:02 S:DB P:nVUbdIzc  $01:A0F0: 4A       LSR
f161    c4765962     i57315114    A:20 X:02 Y:02 S:DB P:nVUbdIzc  $01:A0F1: 26 3F    ROL $3F = #$00
f161    c4765967     i57315115    A:20 X:02 Y:02 S:DB P:nVUbdIZc  $01:A0F3: 29 01    AND #$01
f161    c4765969     i57315116    A:00 X:02 Y:02 S:DB P:nVUbdIZc  $01:A0F5: 05 3F    ORA $3F = #$00
f161    c4765972     i57315117    A:00 X:02 Y:02 S:DB P:nVUbdIZc  $01:A0F7: 85 3F    STA $3F = #$00
f161    c4765975     i57315118    A:00 X:02 Y:02 S:DB P:nVUbdIZc  $01:A0F9: 88       DEY
f161    c4765977     i57315119    A:00 X:02 Y:01 S:DB P:nVUbdIzc  $01:A0FA: D0 F1    BNE $A0ED
f161    c4765980     i57315120    A:00 X:02 Y:01 S:DB P:nVUbdIzc  $01:A0ED: BD 15 40 LDA $4015,X @ $4017 = #$01
f161    c4765984     i57315121    A:40 X:02 Y:01 S:DB P:nVUbdIzc  $01:A0F0: 4A       LSR
f162    c4794705     i57324472    A:40 X:19 Y:00 S:E0 P:nvUbdizC  $00:9F04: A5 1B    LDA $1B = #$40
f162    c4794708     i57324473    A:40 X:19 Y:00 S:E0 P:nvUbdizC  $00:9F06: 10 FC    BPL $9F04
f162    c4794711     i57324474    A:40 X:19 Y:00 S:E0 P:nvUbdizC  $00:9F04: A5 1B    LDA $1B = #$40
f162    c4794714     i57324475    A:40 X:19 Y:00 S:E0 P:nvUbdizC  $00:9F06: 10 FC    BPL $9F04
f162    c4794717     i57324476    A:40 X:19 Y:00 S:E0 P:nvUbdizC  $00:9F04: A5 1B    LDA $1B = #$40
f162    c4794720     i57324477    A:40 X:19 Y:00 S:E0 P:nvUbdizC  $00:9F06: 10 FC    BPL $9F04
f162    c4794723     i57324478    A:40 X:19 Y:00 S:E0 P:nvUbdizC  $00:9F04: A5 1B    LDA $1B = #$40
f162    c4794726     i57324479    A:40 X:19 Y:00 S:E0 P:nvUbdizC  $00:9F06: 10 FC    BPL $9F04
f162    c4794729     i57324480    A:40 X:19 Y:00 S:E0 P:nvUbdizC  $00:9F04: A5 1B    LDA $1B = #$40
f162    c4794732     i57324481    A:40 X:19 Y:00 S:E0 P:nvUbdizC  $00:9F06: 10 FC    BPL $9F04
f162    c4794735     i57324482    A:40 X:19 Y:00 S:E0 P:nvUbdizC  $00:9F04: A5 1B    LDA $1B = #$40
f162    c4794738     i57324483    A:40 X:19 Y:00 S:E0 P:nvUbdizC  $00:9F06: 10 FC    BPL $9F04
f162    c4794741     i57324484    A:40 X:19 Y:00 S:E0 P:nvUbdizC  $00:9F04: A5 1B    LDA $1B = #$40
f162    c4794744     i57324485    A:40 X:19 Y:00 S:E0 P:nvUbdizC  $00:9F06: 10 FC    BPL $9F04
f162    c4794747     i57324486    A:40 X:19 Y:00 S:E0 P:nvUbdizC  $00:9F04: A5 1B    LDA $1B = #$40
f162    c4794750     i57324487    A:40 X:19 Y:00 S:E0 P:nvUbdizC  $00:9F06: 10 FC    BPL $9F04
f162    c4794753     i57324488    A:40 X:19 Y:00 S:E0 P:nvUbdizC  $00:9F04: A5 1B    LDA $1B = #$40
f162    c4794756     i57324489    A:40 X:19 Y:00 S:E0 P:nvUbdizC  $00:9F06: 10 FC    BPL $9F04
f162    c4794759     i57324490    A:40 X:19 Y:00 S:E0 P:nvUbdizC  $00:9F04: A5 1B    LDA $1B = #$40
f162    c4794762     i57324491    A:40 X:19 Y:00 S:E0 P:nvUbdizC  $00:9F06: 10 FC    BPL $9F04
f162    c4794765     i57324492    A:40 X:19 Y:00 S:E0 P:nvUbdizC  $00:9F04: A5 1B    LDA $1B = #$40
f162    c4794768     i57324493    A:40 X:19 Y:00 S:E0 P:nvUbdizC  $00:9F06: 10 FC    BPL $9F04
f162    c4794771     i57324494    A:40 X:19 Y:00 S:E0 P:nvUbdizC  $00:9F04: A5 1B    LDA $1B = #$40
f162    c4794774     i57324495    A:40 X:19 Y:00 S:E0 P:nvUbdizC  $00:9F06: 10 FC    BPL $9F04
f162    c4794777     i57324496    A:40 X:19 Y:00 S:E0 P:nvUbdizC  $00:9F04: A5 1B    LDA $1B = #$40
f162    c4794787     i57324497    A:40 X:19 Y:00 S:DD P:nvUbdIzC  $0F:C500: 4C 6E C7 JMP $C76E
f162    c4794790     i57324498    A:40 X:19 Y:00 S:DD P:nvUbdIzC  $0F:C76E: 24 1B    BIT $1B = #$40
f162    c4794793     i57324499    A:40 X:19 Y:00 S:DD P:nVUbdIzC  $0F:C770: 50 03    BVC $C775
f162    c4794795     i57324500    A:40 X:19 Y:00 S:DD P:nVUbdIzC  $0F:C772: 4C 21 C4 JMP $C421
f162    c4794798     i57324501    A:40 X:19 Y:00 S:DD P:nVUbdIzC  $0F:C421: 24 3B    BIT $3B = #$55
f162    c4794801     i57324502    A:40 X:19 Y:00 S:DD P:nVUbdIzC  $0F:C423: 30 4D    BMI $C472
f162    c4794803     i57324503    A:40 X:19 Y:00 S:DD P:nVUbdIzC  $0F:C425: 38       SEC
f162    c4794805     i57324504    A:40 X:19 Y:00 S:DD P:nVUbdIzC  $0F:C426: 66 3B    ROR $3B = #$55
f162    c4794810     i57324505    A:40 X:19 Y:00 S:DD P:NVUbdIzC  $0F:C428: 85 3C    STA $3C = #$40
f162    c4794813     i57324506    A:40 X:19 Y:00 S:DD P:NVUbdIzC  $0F:C42A: 86 3D    STX $3D = #$19
f162    c4794816     i57324507    A:40 X:19 Y:00 S:DD P:NVUbdIzC  $0F:C42C: 84 3E    STY $3E = #$00
f162    c4794819     i57324508    A:40 X:19 Y:00 S:DD P:NVUbdIzC  $0F:C42E: A5 22    LDA $22 = #$00
f162    c4794822     i57324509    A:00 X:19 Y:00 S:DD P:nVUbdIZC  $0F:C430: 09 07    ORA #$07
f162    c4794824     i57324510    A:07 X:19 Y:00 S:DD P:nVUbdIzC  $0F:C432: 8D 00 80 STA $8000 = #$A5
f162    c4794828     i57324511    A:07 X:19 Y:00 S:DD P:nVUbdIzC  $0F:C435: A9 02    LDA #$02
f162    c4794830     i57324512    A:02 X:19 Y:00 S:DD P:nVUbdIzC  $0F:C437: 8D 01 80 STA $8001 = #$27
f162    c4794834     i57324513    A:02 X:19 Y:00 S:DD P:nVUbdIzC  $0F:C43A: 20 00 A0 JSR $A000
f164    c4855152     i57343633    A:00 X:02 Y:08 S:DB P:nVUbdIzc  $01:A0ED: BD 15 40 LDA $4015,X @ $4017 = #$01
f164    c4855156     i57343634    A:40 X:02 Y:08 S:DB P:nVUbdIzc  $01:A0F0: 4A       LSR
f164    c4855158     i57343635    A:20 X:02 Y:08 S:DB P:nVUbdIzc  $01:A0F1: 26 3F    ROL $3F = #$00
f164    c4855163     i57343636    A:20 X:02 Y:08 S:DB P:nVUbdIZc  $01:A0F3: 29 01    AND #$01
f164    c4855165     i57343637    A:00 X:02 Y:08 S:DB P:nVUbdIZc  $01:A0F5: 05 3F    ORA $3F = #$00
f164    c4855168     i57343638    A:00 X:02 Y:08 S:DB P:nVUbdIZc  $01:A0F7: 85 3F    STA $3F = #$00
f164    c4855171     i57343639    A:00 X:02 Y:08 S:DB P:nVUbdIZc  $01:A0F9: 88       DEY
f164    c4855173     i57343640    A:00 X:02 Y:07 S:DB P:nVUbdIzc  $01:A0FA: D0 F1    BNE $A0ED
f164    c4855176     i57343641    A:00 X:02 Y:07 S:DB P:nVUbdIzc  $01:A0ED: BD 15 40 LDA $4015,X @ $4017 = #$01
f164    c4855180     i57343642    A:40 X:02 Y:07 S:DB P:nVUbdIzc  $01:A0F0: 4A       LSR
f164    c4855182     i57343643    A:20 X:02 Y:07 S:DB P:nVUbdIzc  $01:A0F1: 26 3F    ROL $3F = #$00
f164    c4855187     i57343644    A:20 X:02 Y:07 S:DB P:nVUbdIZc  $01:A0F3: 29 01    AND #$01
f164    c4855189     i57343645    A:00 X:02 Y:07 S:DB P:nVUbdIZc  $01:A0F5: 05 3F    ORA $3F = #$00
f164    c4855192     i57343646    A:00 X:02 Y:07 S:DB P:nVUbdIZc  $01:A0F7: 85 3F    STA $3F = #$00
f164    c4855195     i57343647    A:00 X:02 Y:07 S:DB P:nVUbdIZc  $01:A0F9: 88       DEY
f164    c4855197     i57343648    A:00 X:02 Y:06 S:DB P:nVUbdIzc  $01:A0FA: D0 F1    BNE $A0ED
f164    c4855200     i57343649    A:00 X:02 Y:06 S:DB P:nVUbdIzc  $01:A0ED: BD 15 40 LDA $4015,X @ $4017 = #$01
f164    c4855204     i57343650    A:40 X:02 Y:06 S:DB P:nVUbdIzc  $01:A0F0: 4A       LSR
f164    c4855206     i57343651    A:20 X:02 Y:06 S:DB P:nVUbdIzc  $01:A0F1: 26 3F    ROL $3F = #$00
f164    c4855211     i57343652    A:20 X:02 Y:06 S:DB P:nVUbdIZc  $01:A0F3: 29 01    AND #$01
f164    c4855213     i57343653    A:00 X:02 Y:06 S:DB P:nVUbdIZc  $01:A0F5: 05 3F    ORA $3F = #$00
f164    c4855216     i57343654    A:00 X:02 Y:06 S:DB P:nVUbdIZc  $01:A0F7: 85 3F    STA $3F = #$00
f164    c4855219     i57343655    A:00 X:02 Y:06 S:DB P:nVUbdIZc  $01:A0F9: 88       DEY
f164    c4855221     i57343656    A:00 X:02 Y:05 S:DB P:nVUbdIzc  $01:A0FA: D0 F1    BNE $A0ED
f164    c4855224     i57343657    A:00 X:02 Y:05 S:DB P:nVUbdIzc  $01:A0ED: BD 15 40 LDA $4015,X @ $4017 = #$01
f164    c4855228     i57343658    A:40 X:02 Y:05 S:DB P:nVUbdIzc  $01:A0F0: 4A       LSR
f164    c4855230     i57343659    A:20 X:02 Y:05 S:DB P:nVUbdIzc  $01:A0F1: 26 3F    ROL $3F = #$00
f164    c4855235     i57343660    A:20 X:02 Y:05 S:DB P:nVUbdIZc  $01:A0F3: 29 01    AND #$01
f164    c4855237     i57343661    A:00 X:02 Y:05 S:DB P:nVUbdIZc  $01:A0F5: 05 3F    ORA $3F = #$00
f164    c4855240     i57343662    A:00 X:02 Y:05 S:DB P:nVUbdIZc  $01:A0F7: 85 3F    STA $3F = #$00
f164    c4855243     i57343663    A:00 X:02 Y:05 S:DB P:nVUbdIZc  $01:A0F9: 88       DEY
f164    c4855245     i57343664    A:00 X:02 Y:04 S:DB P:nVUbdIzc  $01:A0FA: D0 F1    BNE $A0ED
f164    c4855248     i57343665    A:00 X:02 Y:04 S:DB P:nVUbdIzc  $01:A0ED: BD 15 40 LDA $4015,X @ $4017 = #$01
f164    c4855252     i57343666    A:40 X:02 Y:04 S:DB P:nVUbdIzc  $01:A0F0: 4A       LSR
f164    c4855254     i57343667    A:20 X:02 Y:04 S:DB P:nVUbdIzc  $01:A0F1: 26 3F    ROL $3F = #$00
f164    c4855259     i57343668    A:20 X:02 Y:04 S:DB P:nVUbdIZc  $01:A0F3: 29 01    AND #$01
f164    c4855261     i57343669    A:00 X:02 Y:04 S:DB P:nVUbdIZc  $01:A0F5: 05 3F    ORA $3F = #$00
f164    c4855264     i57343670    A:00 X:02 Y:04 S:DB P:nVUbdIZc  $01:A0F7: 85 3F    STA $3F = #$00
f164    c4855267     i57343671    A:00 X:02 Y:04 S:DB P:nVUbdIZc  $01:A0F9: 88       DEY
f164    c4855269     i57343672    A:00 X:02 Y:03 S:DB P:nVUbdIzc  $01:A0FA: D0 F1    BNE $A0ED
f164    c4855272     i57343673    A:00 X:02 Y:03 S:DB P:nVUbdIzc  $01:A0ED: BD 15 40 LDA $4015,X @ $4017 = #$01
f164    c4855276     i57343674    A:40 X:02 Y:03 S:DB P:nVUbdIzc  $01:A0F0: 4A       LSR
f174    c5153006     i57438881    A:00 X:02 Y:06 S:DB P:nVUbdIzc  $01:A0ED: BD 15 40 LDA $4015,X @ $4017 = #$01
f174    c5153010     i57438882    A:40 X:02 Y:06 S:DB P:nVUbdIzc  $01:A0F0: 4A       LSR
f174    c5153012     i57438883    A:20 X:02 Y:06 S:DB P:nVUbdIzc  $01:A0F1: 26 3F    ROL $3F = #$00
f174    c5153017     i57438884    A:20 X:02 Y:06 S:DB P:nVUbdIZc  $01:A0F3: 29 01    AND #$01
f174    c5153019     i57438885    A:00 X:02 Y:06 S:DB P:nVUbdIZc  $01:A0F5: 05 3F    ORA $3F = #$00
f174    c5153022     i57438886    A:00 X:02 Y:06 S:DB P:nVUbdIZc  $01:A0F7: 85 3F    STA $3F = #$00
f174    c5153025     i57438887    A:00 X:02 Y:06 S:DB P:nVUbdIZc  $01:A0F9: 88       DEY
f174    c5153027     i57438888    A:00 X:02 Y:05 S:DB P:nVUbdIzc  $01:A0FA: D0 F1    BNE $A0ED
f174    c5153030     i57438889    A:00 X:02 Y:05 S:DB P:nVUbdIzc  $01:A0ED: BD 15 40 LDA $4015,X @ $4017 = #$01
f174    c5153034     i57438890    A:40 X:02 Y:05 S:DB P:nVUbdIzc  $01:A0F0: 4A       LSR
f174    c5153036     i57438891    A:20 X:02 Y:05 S:DB P:nVUbdIzc  $01:A0F1: 26 3F    ROL $3F = #$00
f174    c5153041     i57438892    A:20 X:02 Y:05 S:DB P:nVUbdIZc  $01:A0F3: 29 01    AND #$01
f174    c5153043     i57438893    A:00 X:02 Y:05 S:DB P:nVUbdIZc  $01:A0F5: 05 3F    ORA $3F = #$00
f174    c5153046     i57438894    A:00 X:02 Y:05 S:DB P:nVUbdIZc  $01:A0F7: 85 3F    STA $3F = #$00
f174    c5153049     i57438895    A:00 X:02 Y:05 S:DB P:nVUbdIZc  $01:A0F9: 88       DEY
f174    c5153051     i57438896    A:00 X:02 Y:04 S:DB P:nVUbdIzc  $01:A0FA: D0 F1    BNE $A0ED
f174    c5153054     i57438897    A:00 X:02 Y:04 S:DB P:nVUbdIzc  $01:A0ED: BD 15 40 LDA $4015,X @ $4017 = #$01
f174    c5153058     i57438898    A:40 X:02 Y:04 S:DB P:nVUbdIzc  $01:A0F0: 4A       LSR
f174    c5153060     i57438899    A:20 X:02 Y:04 S:DB P:nVUbdIzc  $01:A0F1: 26 3F    ROL $3F = #$00
f174    c5153065     i57438900    A:20 X:02 Y:04 S:DB P:nVUbdIZc  $01:A0F3: 29 01    AND #$01
f174    c5153067     i57438901    A:00 X:02 Y:04 S:DB P:nVUbdIZc  $01:A0F5: 05 3F    ORA $3F = #$00
f174    c5153070     i57438902    A:00 X:02 Y:04 S:DB P:nVUbdIZc  $01:A0F7: 85 3F    STA $3F = #$00
f174    c5153073     i57438903    A:00 X:02 Y:04 S:DB P:nVUbdIZc  $01:A0F9: 88       DEY
f174    c5153075     i57438904    A:00 X:02 Y:03 S:DB P:nVUbdIzc  $01:A0FA: D0 F1    BNE $A0ED
f174    c5153078     i57438905    A:00 X:02 Y:03 S:DB P:nVUbdIzc  $01:A0ED: BD 15 40 LDA $4015,X @ $4017 = #$01
f174    c5153082     i57438906    A:40 X:02 Y:03 S:DB P:nVUbdIzc  $01:A0F0: 4A       LSR
f174    c5153084     i57438907    A:20 X:02 Y:03 S:DB P:nVUbdIzc  $01:A0F1: 26 3F    ROL $3F = #$00
f174    c5153089     i57438908    A:20 X:02 Y:03 S:DB P:nVUbdIZc  $01:A0F3: 29 01    AND #$01
f174    c5153091     i57438909    A:00 X:02 Y:03 S:DB P:nVUbdIZc  $01:A0F5: 05 3F    ORA $3F = #$00
f174    c5153094     i57438910    A:00 X:02 Y:03 S:DB P:nVUbdIZc  $01:A0F7: 85 3F    STA $3F = #$00
f174    c5153097     i57438911    A:00 X:02 Y:03 S:DB P:nVUbdIZc  $01:A0F9: 88       DEY
f174    c5153099     i57438912    A:00 X:02 Y:02 S:DB P:nVUbdIzc  $01:A0FA: D0 F1    BNE $A0ED
f174    c5153102     i57438913    A:00 X:02 Y:02 S:DB P:nVUbdIzc  $01:A0ED: BD 15 40 LDA $4015,X @ $4017 = #$01
f174    c5153106     i57438914    A:40 X:02 Y:02 S:DB P:nVUbdIzc  $01:A0F0: 4A       LSR
f174    c5153108     i57438915    A:20 X:02 Y:02 S:DB P:nVUbdIzc  $01:A0F1: 26 3F    ROL $3F = #$00
f174    c5153113     i57438916    A:20 X:02 Y:02 S:DB P:nVUbdIZc  $01:A0F3: 29 01    AND #$01
f174    c5153115     i57438917    A:00 X:02 Y:02 S:DB P:nVUbdIZc  $01:A0F5: 05 3F    ORA $3F = #$00
f174    c5153118     i57438918    A:00 X:02 Y:02 S:DB P:nVUbdIZc  $01:A0F7: 85 3F    STA $3F = #$00
f174    c5153121     i57438919    A:00 X:02 Y:02 S:DB P:nVUbdIZc  $01:A0F9: 88       DEY
f174    c5153123     i57438920    A:00 X:02 Y:01 S:DB P:nVUbdIzc  $01:A0FA: D0 F1    BNE $A0ED
f174    c5153126     i57438921    A:00 X:02 Y:01 S:DB P:nVUbdIzc  $01:A0ED: BD 15 40 LDA $4015,X @ $4017 = #$01
f174    c5153130     i57438922    A:40 X:02 Y:01 S:DB P:nVUbdIzc  $01:A0F0: 4A       LSR
f175    c5181851     i57448273    A:40 X:19 Y:00 S:E0 P:nvUbdizC  $00:9F04: A5 1B    LDA $1B = #$40
f175    c5181854     i57448274    A:40 X:19 Y:00 S:E0 P:nvUbdizC  $00:9F06: 10 FC    BPL $9F04
f175    c5181857     i57448275    A:40 X:19 Y:00 S:E0 P:nvUbdizC  $00:9F04: A5 1B    LDA $1B = #$40
f175    c5181860     i57448276    A:40 X:19 Y:00 S:E0 P:nvUbdizC  $00:9F06: 10 FC    BPL $9F04
f175    c5181863     i57448277    A:40 X:19 Y:00 S:E0 P:nvUbdizC  $00:9F04: A5 1B    LDA $1B = #$40
f175    c5181866     i57448278    A:40 X:19 Y:00 S:E0 P:nvUbdizC  $00:9F06: 10 FC    BPL $9F04
f175    c5181869     i57448279    A:40 X:19 Y:00 S:E0 P:nvUbdizC  $00:9F04: A5 1B    LDA $1B = #$40
f175    c5181872     i57448280    A:40 X:19 Y:00 S:E0 P:nvUbdizC  $00:9F06: 10 FC    BPL $9F04
f175    c5181875     i57448281    A:40 X:19 Y:00 S:E0 P:nvUbdizC  $00:9F04: A5 1B    LDA $1B = #$40
f175    c5181878     i57448282    A:40 X:19 Y:00 S:E0 P:nvUbdizC  $00:9F06: 10 FC    BPL $9F04
f175    c5181881     i57448283    A:40 X:19 Y:00 S:E0 P:nvUbdizC  $00:9F04: A5 1B    LDA $1B = #$40
f175    c5181884     i57448284    A:40 X:19 Y:00 S:E0 P:nvUbdizC  $00:9F06: 10 FC    BPL $9F04
f175    c5181887     i57448285    A:40 X:19 Y:00 S:E0 P:nvUbdizC  $00:9F04: A5 1B    LDA $1B = #$40
f175    c5181890     i57448286    A:40 X:19 Y:00 S:E0 P:nvUbdizC  $00:9F06: 10 FC    BPL $9F04
f175    c5181893     i57448287    A:40 X:19 Y:00 S:E0 P:nvUbdizC  $00:9F04: A5 1B    LDA $1B = #$40
f175    c5181896     i57448288    A:40 X:19 Y:00 S:E0 P:nvUbdizC  $00:9F06: 10 FC    BPL $9F04
f175    c5181899     i57448289    A:40 X:19 Y:00 S:E0 P:nvUbdizC  $00:9F04: A5 1B    LDA $1B = #$40
f175    c5181902     i57448290    A:40 X:19 Y:00 S:E0 P:nvUbdizC  $00:9F06: 10 FC    BPL $9F04
f175    c5181905     i57448291    A:40 X:19 Y:00 S:E0 P:nvUbdizC  $00:9F04: A5 1B    LDA $1B = #$40
f175    c5181908     i57448292    A:40 X:19 Y:00 S:E0 P:nvUbdizC  $00:9F06: 10 FC    BPL $9F04
f175    c5181911     i57448293    A:40 X:19 Y:00 S:E0 P:nvUbdizC  $00:9F04: A5 1B    LDA $1B = #$40
f175    c5181914     i57448294    A:40 X:19 Y:00 S:E0 P:nvUbdizC  $00:9F06: 10 FC    BPL $9F04
f175    c5181917     i57448295    A:40 X:19 Y:00 S:E0 P:nvUbdizC  $00:9F04: A5 1B    LDA $1B = #$40
f175    c5181920     i57448296    A:40 X:19 Y:00 S:E0 P:nvUbdizC  $00:9F06: 10 FC    BPL $9F04
f175    c5181923     i57448297    A:40 X:19 Y:00 S:E0 P:nvUbdizC  $00:9F04: A5 1B    LDA $1B = #$40
f175    c5181933     i57448298    A:40 X:19 Y:00 S:DD P:nvUbdIzC  $0F:C500: 4C 6E C7 JMP $C76E
f175    c5181936     i57448299    A:40 X:19 Y:00 S:DD P:nvUbdIzC  $0F:C76E: 24 1B    BIT $1B = #$40
f175    c5181939     i57448300    A:40 X:19 Y:00 S:DD P:nVUbdIzC  $0F:C770: 50 03    BVC $C775
f175    c5181941     i57448301    A:40 X:19 Y:00 S:DD P:nVUbdIzC  $0F:C772: 4C 21 C4 JMP $C421
f175    c5181944     i57448302    A:40 X:19 Y:00 S:DD P:nVUbdIzC  $0F:C421: 24 3B    BIT $3B = #$55
f175    c5181947     i57448303    A:40 X:19 Y:00 S:DD P:nVUbdIzC  $0F:C423: 30 4D    BMI $C472
f175    c5181949     i57448304    A:40 X:19 Y:00 S:DD P:nVUbdIzC  $0F:C425: 38       SEC
f175    c5181951     i57448305    A:40 X:19 Y:00 S:DD P:nVUbdIzC  $0F:C426: 66 3B    ROR $3B = #$55
f175    c5181956     i57448306    A:40 X:19 Y:00 S:DD P:NVUbdIzC  $0F:C428: 85 3C    STA $3C = #$40
f175    c5181959     i57448307    A:40 X:19 Y:00 S:DD P:NVUbdIzC  $0F:C42A: 86 3D    STX $3D = #$19
f175    c5181962     i57448308    A:40 X:19 Y:00 S:DD P:NVUbdIzC  $0F:C42C: 84 3E    STY $3E = #$00
f175    c5181965     i57448309    A:40 X:19 Y:00 S:DD P:NVUbdIzC  $0F:C42E: A5 22    LDA $22 = #$00
f175    c5181968     i57448310    A:00 X:19 Y:00 S:DD P:nVUbdIZC  $0F:C430: 09 07    ORA #$07
f175    c5181970     i57448311    A:07 X:19 Y:00 S:DD P:nVUbdIzC  $0F:C432: 8D 00 80 STA $8000 = #$A5
f175    c5181974     i57448312    A:07 X:19 Y:00 S:DD P:nVUbdIzC  $0F:C435: A9 02    LDA #$02
f175    c5181976     i57448313    A:02 X:19 Y:00 S:DD P:nVUbdIzC  $0F:C437: 8D 01 80 STA $8001 = #$27
f175    c5181980     i57448314    A:02 X:19 Y:00 S:DD P:nVUbdIzC  $0F:C43A: 20 00 A0 JSR $A000
f176    c5212787     i57458000    A:00 X:01 Y:07 S:DB P:nVUbdIzc  $01:A0ED: BD 15 40 LDA $4015,X @ $4016 = #$00
f176    c5212791     i57458001    A:40 X:01 Y:07 S:DB P:nVUbdIzc  $01:A0F0: 4A       LSR
f176    c5212793     i57458002    A:20 X:01 Y:07 S:DB P:nVUbdIzc  $01:A0F1: 26 3F    ROL $3F = #$00
f176    c5212798     i57458003    A:20 X:01 Y:07 S:DB P:nVUbdIZc  $01:A0F3: 29 01    AND #$01
f176    c5212800     i57458004    A:00 X:01 Y:07 S:DB P:nVUbdIZc  $01:A0F5: 05 3F    ORA $3F = #$00
f176    c5212803     i57458005    A:00 X:01 Y:07 S:DB P:nVUbdIZc  $01:A0F7: 85 3F    STA $3F = #$00
f176    c5212806     i57458006    A:00 X:01 Y:07 S:DB P:nVUbdIZc  $01:A0F9: 88       DEY
f176    c5212808     i57458007    A:00 X:01 Y:06 S:DB P:nVUbdIzc  $01:A0FA: D0 F1    BNE $A0ED
f176    c5212811     i57458008    A:00 X:01 Y:06 S:DB P:nVUbdIzc  $01:A0ED: BD 15 40 LDA $4015,X @ $4016 = #$00
f176    c5212815     i57458009    A:40 X:01 Y:06 S:DB P:nVUbdIzc  $01:A0F0: 4A       LSR
f176    c5212817     i57458010    A:20 X:01 Y:06 S:DB P:nVUbdIzc  $01:A0F1: 26 3F    ROL $3F = #$00
f176    c5212822     i57458011    A:20 X:01 Y:06 S:DB P:nVUbdIZc  $01:A0F3: 29 01    AND #$01
f176    c5212824     i57458012    A:00 X:01 Y:06 S:DB P:nVUbdIZc  $01:A0F5: 05 3F    ORA $3F = #$00
f176    c5212827     i57458013    A:00 X:01 Y:06 S:DB P:nVUbdIZc  $01:A0F7: 85 3F    STA $3F = #$00
f176    c5212830     i57458014    A:00 X:01 Y:06 S:DB P:nVUbdIZc  $01:A0F9: 88       DEY
f176    c5212832     i57458015    A:00 X:01 Y:05 S:DB P:nVUbdIzc  $01:A0FA: D0 F1    BNE $A0ED
f176    c5212835     i57458016    A:00 X:01 Y:05 S:DB P:nVUbdIzc  $01:A0ED: BD 15 40 LDA $4015,X @ $4016 = #$00
f176    c5212839     i57458017    A:40 X:01 Y:05 S:DB P:nVUbdIzc  $01:A0F0: 4A       LSR
f176    c5212841     i57458018    A:20 X:01 Y:05 S:DB P:nVUbdIzc  $01:A0F1: 26 3F    ROL $3F = #$00
f176    c5212846     i57458019    A:20 X:01 Y:05 S:DB P:nVUbdIZc  $01:A0F3: 29 01    AND #$01
f176    c5212848     i57458020    A:00 X:01 Y:05 S:DB P:nVUbdIZc  $01:A0F5: 05 3F    ORA $3F = #$00
f176    c5212851     i57458021    A:00 X:01 Y:05 S:DB P:nVUbdIZc  $01:A0F7: 85 3F    STA $3F = #$00
f176    c5212854     i57458022    A:00 X:01 Y:05 S:DB P:nVUbdIZc  $01:A0F9: 88       DEY
f176    c5212856     i57458023    A:00 X:01 Y:04 S:DB P:nVUbdIzc  $01:A0FA: D0 F1    BNE $A0ED
f176    c5212859     i57458024    A:00 X:01 Y:04 S:DB P:nVUbdIzc  $01:A0ED: BD 15 40 LDA $4015,X @ $4016 = #$00
f176    c5212863     i57458025    A:40 X:01 Y:04 S:DB P:nVUbdIzc  $01:A0F0: 4A       LSR
f176    c5212865     i57458026    A:20 X:01 Y:04 S:DB P:nVUbdIzc  $01:A0F1: 26 3F    ROL $3F = #$00
f176    c5212870     i57458027    A:20 X:01 Y:04 S:DB P:nVUbdIZc  $01:A0F3: 29 01    AND #$01
f176    c5212872     i57458028    A:00 X:01 Y:04 S:DB P:nVUbdIZc  $01:A0F5: 05 3F    ORA $3F = #$00
f176    c5212875     i57458029    A:00 X:01 Y:04 S:DB P:nVUbdIZc  $01:A0F7: 85 3F    STA $3F = #$00
f176    c5212878     i57458030    A:00 X:01 Y:04 S:DB P:nVUbdIZc  $01:A0F9: 88       DEY
f176    c5212880     i57458031    A:00 X:01 Y:03 S:DB P:nVUbdIzc  $01:A0FA: D0 F1    BNE $A0ED
f176    c5212883     i57458032    A:00 X:01 Y:03 S:DB P:nVUbdIzc  $01:A0ED: BD 15 40 LDA $4015,X @ $4016 = #$00
f176    c5212887     i57458033    A:40 X:01 Y:03 S:DB P:nVUbdIzc  $01:A0F0: 4A       LSR
f176    c5212889     i57458034    A:20 X:01 Y:03 S:DB P:nVUbdIzc  $01:A0F1: 26 3F    ROL $3F = #$00
f176    c5212894     i57458035    A:20 X:01 Y:03 S:DB P:nVUbdIZc  $01:A0F3: 29 01    AND #$01
f176    c5212896     i57458036    A:00 X:01 Y:03 S:DB P:nVUbdIZc  $01:A0F5: 05 3F    ORA $3F = #$00
f176    c5212899     i57458037    A:00 X:01 Y:03 S:DB P:nVUbdIZc  $01:A0F7: 85 3F    STA $3F = #$00
f176    c5212902     i57458038    A:00 X:01 Y:03 S:DB P:nVUbdIZc  $01:A0F9: 88       DEY
f176    c5212904     i57458039    A:00 X:01 Y:02 S:DB P:nVUbdIzc  $01:A0FA: D0 F1    BNE $A0ED
f176    c5212907     i57458040    A:00 X:01 Y:02 S:DB P:nVUbdIzc  $01:A0ED: BD 15 40 LDA $4015,X @ $4016 = #$00
f176    c5212911     i57458041    A:40 X:01 Y:02 S:DB P:nVUbdIzc  $01:A0F0: 4A       LSR
f180    c5331689     i57496020    A:00 X:02 Y:06 S:DB P:nVUbdIzc  $01:A0ED: BD 15 40 LDA $4015,X @ $4017 = #$01
f180    c5331693     i57496021    A:40 X:02 Y:06 S:DB P:nVUbdIzc  $01:A0F0: 4A       LSR
f180    c5331695     i57496022    A:20 X:02 Y:06 S:DB P:nVUbdIzc  $01:A0F1: 26 3F    ROL $3F = #$00
f180    c5331700     i57496023    A:20 X:02 Y:06 S:DB P:nVUbdIZc  $01:A0F3: 29 01    AND #$01
f180    c5331702     i57496024    A:00 X:02 Y:06 S:DB P:nVUbdIZc  $01:A0F5: 05 3F    ORA $3F = #$00
f180    c5331705     i57496025    A:00 X:02 Y:06 S:DB P:nVUbdIZc  $01:A0F7: 85 3F    STA $3F = #$00
f180    c5331708     i57496026    A:00 X:02 Y:06 S:DB P:nVUbdIZc  $01:A0F9: 88       DEY
f180    c5331710     i57496027    A:00 X:02 Y:05 S:DB P:nVUbdIzc  $01:A0FA: D0 F1    BNE $A0ED
f180    c5331713     i57496028    A:00 X:02 Y:05 S:DB P:nVUbdIzc  $01:A0ED: BD 15 40 LDA $4015,X @ $4017 = #$01
f180    c5331717     i57496029    A:40 X:02 Y:05 S:DB P:nVUbdIzc  $01:A0F0: 4A       LSR
f180    c5331719     i57496030    A:20 X:02 Y:05 S:DB P:nVUbdIzc  $01:A0F1: 26 3F    ROL $3F = #$00
f180    c5331724     i57496031    A:20 X:02 Y:05 S:DB P:nVUbdIZc  $01:A0F3: 29 01    AND #$01
f180    c5331726     i57496032    A:00 X:02 Y:05 S:DB P:nVUbdIZc  $01:A0F5: 05 3F    ORA $3F = #$00
f180    c5331729     i57496033    A:00 X:02 Y:05 S:DB P:nVUbdIZc  $01:A0F7: 85 3F    STA $3F = #$00
f180    c5331732     i57496034    A:00 X:02 Y:05 S:DB P:nVUbdIZc  $01:A0F9: 88       DEY
f180    c5331734     i57496035    A:00 X:02 Y:04 S:DB P:nVUbdIzc  $01:A0FA: D0 F1    BNE $A0ED
f180    c5331737     i57496036    A:00 X:02 Y:04 S:DB P:nVUbdIzc  $01:A0ED: BD 15 40 LDA $4015,X @ $4017 = #$01
f180    c5331741     i57496037    A:40 X:02 Y:04 S:DB P:nVUbdIzc  $01:A0F0: 4A       LSR
f180    c5331743     i57496038    A:20 X:02 Y:04 S:DB P:nVUbdIzc  $01:A0F1: 26 3F    ROL $3F = #$00
f180    c5331748     i57496039    A:20 X:02 Y:04 S:DB P:nVUbdIZc  $01:A0F3: 29 01    AND #$01
f180    c5331750     i57496040    A:00 X:02 Y:04 S:DB P:nVUbdIZc  $01:A0F5: 05 3F    ORA $3F = #$00
f180    c5331753     i57496041    A:00 X:02 Y:04 S:DB P:nVUbdIZc  $01:A0F7: 85 3F    STA $3F = #$00
f180    c5331756     i57496042    A:00 X:02 Y:04 S:DB P:nVUbdIZc  $01:A0F9: 88       DEY
f180    c5331758     i57496043    A:00 X:02 Y:03 S:DB P:nVUbdIzc  $01:A0FA: D0 F1    BNE $A0ED
f180    c5331761     i57496044    A:00 X:02 Y:03 S:DB P:nVUbdIzc  $01:A0ED: BD 15 40 LDA $4015,X @ $4017 = #$01
f180    c5331765     i57496045    A:40 X:02 Y:03 S:DB P:nVUbdIzc  $01:A0F0: 4A       LSR
f180    c5331767     i57496046    A:20 X:02 Y:03 S:DB P:nVUbdIzc  $01:A0F1: 26 3F    ROL $3F = #$00
f180    c5331772     i57496047    A:20 X:02 Y:03 S:DB P:nVUbdIZc  $01:A0F3: 29 01    AND #$01
f180    c5331774     i57496048    A:00 X:02 Y:03 S:DB P:nVUbdIZc  $01:A0F5: 05 3F    ORA $3F = #$00
f180    c5331777     i57496049    A:00 X:02 Y:03 S:DB P:nVUbdIZc  $01:A0F7: 85 3F    STA $3F = #$00
f180    c5331780     i57496050    A:00 X:02 Y:03 S:DB P:nVUbdIZc  $01:A0F9: 88       DEY
f180    c5331782     i57496051    A:00 X:02 Y:02 S:DB P:nVUbdIzc  $01:A0FA: D0 F1    BNE $A0ED
f180    c5331785     i57496052    A:00 X:02 Y:02 S:DB P:nVUbdIzc  $01:A0ED: BD 15 40 LDA $4015,X @ $4017 = #$01
f180    c5331789     i57496053    A:40 X:02 Y:02 S:DB P:nVUbdIzc  $01:A0F0: 4A       LSR
f180    c5331791     i57496054    A:20 X:02 Y:02 S:DB P:nVUbdIzc  $01:A0F1: 26 3F    ROL $3F = #$00
f180    c5331796     i57496055    A:20 X:02 Y:02 S:DB P:nVUbdIZc  $01:A0F3: 29 01    AND #$01
f180    c5331798     i57496056    A:00 X:02 Y:02 S:DB P:nVUbdIZc  $01:A0F5: 05 3F    ORA $3F = #$00
f180    c5331801     i57496057    A:00 X:02 Y:02 S:DB P:nVUbdIZc  $01:A0F7: 85 3F    STA $3F = #$00
f180    c5331804     i57496058    A:00 X:02 Y:02 S:DB P:nVUbdIZc  $01:A0F9: 88       DEY
f180    c5331806     i57496059    A:00 X:02 Y:01 S:DB P:nVUbdIzc  $01:A0FA: D0 F1    BNE $A0ED
f180    c5331809     i57496060    A:00 X:02 Y:01 S:DB P:nVUbdIzc  $01:A0ED: BD 15 40 LDA $4015,X @ $4017 = #$01
f180    c5331813     i57496061    A:40 X:02 Y:01 S:DB P:nVUbdIzc  $01:A0F0: 4A       LSR
f181    c5360531     i57505411    A:40 X:19 Y:00 S:E0 P:nvUbdizC  $00:9F04: A5 1B    LDA $1B = #$40
f181    c5360534     i57505412    A:40 X:19 Y:00 S:E0 P:nvUbdizC  $00:9F06: 10 FC    BPL $9F04
f181    c5360537     i57505413    A:40 X:19 Y:00 S:E0 P:nvUbdizC  $00:9F04: A5 1B    LDA $1B = #$40
f181    c5360540     i57505414    A:40 X:19 Y:00 S:E0 P:nvUbdizC  $00:9F06: 10 FC    BPL $9F04
f181    c5360543     i57505415    A:40 X:19 Y:00 S:E0 P:nvUbdizC  $00:9F04: A5 1B    LDA $1B = #$40
f181    c5360546     i57505416    A:40 X:19 Y:00 S:E0 P:nvUbdizC  $00:9F06: 10 FC    BPL $9F04
f181    c5360549     i57505417    A:40 X:19 Y:00 S:E0 P:nvUbdizC  $00:9F04: A5 1B    LDA $1B = #$40
f181    c5360552     i57505418    A:40 X:19 Y:00 S:E0 P:nvUbdizC  $00:9F06: 10 FC    BPL $9F04
f181    c5360555     i57505419    A:40 X:19 Y:00 S:E0 P:nvUbdizC  $00:9F04: A5 1B    LDA $1B = #$40
f181    c5360558     i57505420    A:40 X:19 Y:00 S:E0 P:nvUbdizC  $00:9F06: 10 FC    BPL $9F04
f181    c5360561     i57505421    A:40 X:19 Y:00 S:E0 P:nvUbdizC  $00:9F04: A5 1B    LDA $1B = #$40
f181    c5360564     i57505422    A:40 X:19 Y:00 S:E0 P:nvUbdizC  $00:9F06: 10 FC    BPL $9F04
f181    c5360567     i57505423    A:40 X:19 Y:00 S:E0 P:nvUbdizC  $00:9F04: A5 1B    LDA $1B = #$40
f181    c5360570     i57505424    A:40 X:19 Y:00 S:E0 P:nvUbdizC  $00:9F06: 10 FC    BPL $9F04
f181    c5360573     i57505425    A:40 X:19 Y:00 S:E0 P:nvUbdizC  $00:9F04: A5 1B    LDA $1B = #$40
f181    c5360576     i57505426    A:40 X:19 Y:00 S:E0 P:nvUbdizC  $00:9F06: 10 FC    BPL $9F04
f181    c5360579     i57505427    A:40 X:19 Y:00 S:E0 P:nvUbdizC  $00:9F04: A5 1B    LDA $1B = #$40
f181    c5360582     i57505428    A:40 X:19 Y:00 S:E0 P:nvUbdizC  $00:9F06: 10 FC    BPL $9F04
f181    c5360585     i57505429    A:40 X:19 Y:00 S:E0 P:nvUbdizC  $00:9F04: A5 1B    LDA $1B = #$40
f181    c5360588     i57505430    A:40 X:19 Y:00 S:E0 P:nvUbdizC  $00:9F06: 10 FC    BPL $9F04
f181    c5360591     i57505431    A:40 X:19 Y:00 S:E0 P:nvUbdizC  $00:9F04: A5 1B    LDA $1B = #$40
f181    c5360594     i57505432    A:40 X:19 Y:00 S:E0 P:nvUbdizC  $00:9F06: 10 FC    BPL $9F04
f181    c5360597     i57505433    A:40 X:19 Y:00 S:E0 P:nvUbdizC  $00:9F04: A5 1B    LDA $1B = #$40
f181    c5360600     i57505434    A:40 X:19 Y:00 S:E0 P:nvUbdizC  $00:9F06: 10 FC    BPL $9F04
f181    c5360603     i57505435    A:40 X:19 Y:00 S:E0 P:nvUbdizC  $00:9F04: A5 1B    LDA $1B = #$40
f181    c5360606     i57505436    A:40 X:19 Y:00 S:E0 P:nvUbdizC  $00:9F06: 10 FC    BPL $9F04
f181    c5360616     i57505437    A:40 X:19 Y:00 S:DD P:nvUbdIzC  $0F:C500: 4C 6E C7 JMP $C76E
f181    c5360619     i57505438    A:40 X:19 Y:00 S:DD P:nvUbdIzC  $0F:C76E: 24 1B    BIT $1B = #$40
f181    c5360622     i57505439    A:40 X:19 Y:00 S:DD P:nVUbdIzC  $0F:C770: 50 03    BVC $C775
f181    c5360624     i57505440    A:40 X:19 Y:00 S:DD P:nVUbdIzC  $0F:C772: 4C 21 C4 JMP $C421
f181    c5360627     i57505441    A:40 X:19 Y:00 S:DD P:nVUbdIzC  $0F:C421: 24 3B    BIT $3B = #$55
f181    c5360630     i57505442    A:40 X:19 Y:00 S:DD P:nVUbdIzC  $0F:C423: 30 4D    BMI $C472
f181    c5360632     i57505443    A:40 X:19 Y:00 S:DD P:nVUbdIzC  $0F:C425: 38       SEC
f181    c5360634     i57505444    A:40 X:19 Y:00 S:DD P:nVUbdIzC  $0F:C426: 66 3B    ROR $3B = #$55
f181    c5360639     i57505445    A:40 X:19 Y:00 S:DD P:NVUbdIzC  $0F:C428: 85 3C    STA $3C = #$40
f181    c5360642     i57505446    A:40 X:19 Y:00 S:DD P:NVUbdIzC  $0F:C42A: 86 3D    STX $3D = #$19
f181    c5360645     i57505447    A:40 X:19 Y:00 S:DD P:NVUbdIzC  $0F:C42C: 84 3E    STY $3E = #$00
f181    c5360648     i57505448    A:40 X:19 Y:00 S:DD P:NVUbdIzC  $0F:C42E: A5 22    LDA $22 = #$00
f181    c5360651     i57505449    A:00 X:19 Y:00 S:DD P:nVUbdIZC  $0F:C430: 09 07    ORA #$07
f181    c5360653     i57505450    A:07 X:19 Y:00 S:DD P:nVUbdIzC  $0F:C432: 8D 00 80 STA $8000 = #$A5
f181    c5360657     i57505451    A:07 X:19 Y:00 S:DD P:nVUbdIzC  $0F:C435: A9 02    LDA #$02
f181    c5360659     i57505452    A:02 X:19 Y:00 S:DD P:nVUbdIzC  $0F:C437: 8D 01 80 STA $8001 = #$27
f189    c5605852     i57583572    A:00 X:00 Y:F8 S:EC P:nvUbdiZc  $01:A8EE: 99 02 02 STA $0202,Y @ $02FA = #$00
f189    c5605857     i57583573    A:00 X:00 Y:F8 S:EC P:nvUbdiZc  $01:A8F1: B9 6B 04 LDA $046B,Y @ $0563 = #$00
f189    c5605862     i57583574    A:00 X:00 Y:F8 S:EC P:nvUbdiZc  $01:A8F4: 99 03 02 STA $0203,Y @ $02FB = #$00
f189    c5605867     i57583575    A:00 X:00 Y:F8 S:EC P:nvUbdiZc  $01:A8F7: C8       INY
f189    c5605869     i57583576    A:00 X:00 Y:F9 S:EC P:NvUbdizc  $01:A8F8: C8       INY
f189    c5605871     i57583577    A:00 X:00 Y:FA S:EC P:NvUbdizc  $01:A8F9: C8       INY
f189    c5605873     i57583578    A:00 X:00 Y:FB S:EC P:NvUbdizc  $01:A8FA: C8       INY
f189    c5605875     i57583579    A:00 X:00 Y:FC S:EC P:NvUbdizc  $01:A8FB: D0 D8    BNE $A8D5
f189    c5605878     i57583580    A:00 X:00 Y:FC S:EC P:NvUbdizc  $01:A8D5: BE 68 04 LDX $0468,Y @ $0564 = #$00
f189    c5605883     i57583581    A:00 X:00 Y:FC S:EC P:nvUbdiZc  $01:A8D8: B9 6A 04 LDA $046A,Y @ $0566 = #$00
f189    c5605888     i57583582    A:00 X:00 Y:FC S:EC P:nvUbdiZc  $01:A8DB: 29 0C    AND #$0C
f189    c5605890     i57583583    A:00 X:00 Y:FC S:EC P:nvUbdiZc  $01:A8DD: F0 02    BEQ $A8E1
f189    c5605893     i57583584    A:00 X:00 Y:FC S:EC P:nvUbdiZc  $01:A8E1: 8A       TXA
f189    c5605895     i57583585    A:00 X:00 Y:FC S:EC P:nvUbdiZc  $01:A8E2: 99 00 02 STA $0200,Y @ $02FC = #$00
f189    c5605900     i57583586    A:00 X:00 Y:FC S:EC P:nvUbdiZc  $01:A8E5: B9 69 04 LDA $0469,Y @ $0565 = #$00
f189    c5605905     i57583587    A:00 X:00 Y:FC S:EC P:nvUbdiZc  $01:A8E8: 99 01 02 STA $0201,Y @ $02FD = #$00
f189    c5605910     i57583588    A:00 X:00 Y:FC S:EC P:nvUbdiZc  $01:A8EB: B9 6A 04 LDA $046A,Y @ $0566 = #$00
f189    c5605915     i57583589    A:00 X:00 Y:FC S:EC P:nvUbdiZc  $01:A8EE: 99 02 02 STA $0202,Y @ $02FE = #$00
f189    c5605920     i57583590    A:00 X:00 Y:FC S:EC P:nvUbdiZc  $01:A8F1: B9 6B 04 LDA $046B,Y @ $0567 = #$F8
f189    c5605925     i57583591    A:F8 X:00 Y:FC S:EC P:NvUbdizc  $01:A8F4: 99 03 02 STA $0203,Y @ $02FF = #$F8
f189    c5605930     i57583592    A:F8 X:00 Y:FC S:EC P:NvUbdizc  $01:A8F7: C8       INY
f189    c5605932     i57583593    A:F8 X:00 Y:FD S:EC P:NvUbdizc  $01:A8F8: C8       INY
f189    c5605934     i57583594    A:F8 X:00 Y:FE S:EC P:NvUbdizc  $01:A8F9: C8       INY
f189    c5605936     i57583595    A:F8 X:00 Y:FF S:EC P:NvUbdizc  $01:A8FA: C8       INY
f189    c5605938     i57583596    A:F8 X:00 Y:00 S:EC P:nvUbdiZc  $01:A8FB: D0 D8    BNE $A8D5
f189    c5605940     i57583597    A:F8 X:00 Y:00 S:EC P:nvUbdiZc  $01:A8FD: 60       RTS (from $A215)
f189    c5605946     i57583598    A:F8 X:00 Y:00 S:EE P:nvUbdiZc  $00:8392: A2 06    LDX #$06
f189    c5605948     i57583599    A:F8 X:06 Y:00 S:EE P:nvUbdizc  $00:8394: 20 B9 C4 JSR $C4B9
f189    c5605954     i57583600    A:F8 X:06 Y:00 S:EC P:nvUbdizc  $0F:C4B9: 86 25    STX $25 = #$02
f189    c5605957     i57583601    A:F8 X:06 Y:00 S:EC P:nvUbdizc  $0F:C4BB: A9 07    LDA #$07
f189    c5605959     i57583602    A:07 X:06 Y:00 S:EC P:nvUbdizc  $0F:C4BD: 05 22    ORA $22 = #$00
f189    c5605962     i57583603    A:07 X:06 Y:00 S:EC P:nvUbdizc  $0F:C4BF: 85 23    STA $23 = #$06
f189    c5605965     i57583604    A:07 X:06 Y:00 S:EC P:nvUbdizc  $0F:C4C1: 8D 00 80 STA $8000 = #$A5
f189    c5605969     i57583605    A:07 X:06 Y:00 S:EC P:nvUbdizc  $0F:C4C4: 8E 01 80 STX $8001 = #$27
f189    c5605973     i57583606    A:07 X:06 Y:00 S:EC P:nvUbdizc  $0F:C4C7: 60       RTS (from $C4B9)
f189    c5605979     i57583607    A:07 X:06 Y:00 S:EE P:nvUbdizc  $00:8397: 60       RTS (from $838A)
f189    c5605985     i57583608    A:07 X:06 Y:00 S:F0 P:nvUbdizc  $00:82F0: A5 4C    LDA $4C = #$00
f189    c5605988     i57583609    A:00 X:06 Y:00 S:F0 P:nvUbdiZc  $00:82F2: 10 F9    BPL $82ED
f189    c5605991     i57583610    A:00 X:06 Y:00 S:F0 P:nvUbdiZc  $00:82ED: 20 8A 83 JSR $838A
f189    c5605997     i57583611    A:00 X:06 Y:00 S:EE P:nvUbdiZc  $00:838A: A2 02    LDX #$02
f189    c5605999     i57583612    A:00 X:02 Y:00 S:EE P:nvUbdizc  $00:838C: 20 B9 C4 JSR $C4B9
f189    c5615683     i57586838    A:40 X:19 Y:00 S:E0 P:nvUbdizC  $00:9F06: 10 FC    BPL $9F04
f189    c5615686     i57586839    A:40 X:19 Y:00 S:E0 P:nvUbdizC  $00:9F04: A5 1B    LDA $1B = #$40
f189    c5615689     i57586840    A:40 X:19 Y:00 S:E0 P:nvUbdizC  $00:9F06: 10 FC    BPL $9F04
f189    c5615692     i57586841    A:40 X:19 Y:00 S:E0 P:nvUbdizC  $00:9F04: A5 1B    LDA $1B = #$40
f189    c5615695     i57586842    A:40 X:19 Y:00 S:E0 P:nvUbdizC  $00:9F06: 10 FC    BPL $9F04
f189    c5615698     i57586843    A:40 X:19 Y:00 S:E0 P:nvUbdizC  $00:9F04: A5 1B    LDA $1B = #$40
f189    c5615701     i57586844    A:40 X:19 Y:00 S:E0 P:nvUbdizC  $00:9F06: 10 FC    BPL $9F04
f189    c5615704     i57586845    A:40 X:19 Y:00 S:E0 P:nvUbdizC  $00:9F04: A5 1B    LDA $1B = #$40
f189    c5615707     i57586846    A:40 X:19 Y:00 S:E0 P:nvUbdizC  $00:9F06: 10 FC    BPL $9F04
f189    c5615710     i57586847    A:40 X:19 Y:00 S:E0 P:nvUbdizC  $00:9F04: A5 1B    LDA $1B = #$40
f189    c5615713     i57586848    A:40 X:19 Y:00 S:E0 P:nvUbdizC  $00:9F06: 10 FC    BPL $9F04
f189    c5615716     i57586849    A:40 X:19 Y:00 S:E0 P:nvUbdizC  $00:9F04: A5 1B    LDA $1B = #$40
f189    c5615719     i57586850    A:40 X:19 Y:00 S:E0 P:nvUbdizC  $00:9F06: 10 FC    BPL $9F04
f189    c5615722     i57586851    A:40 X:19 Y:00 S:E0 P:nvUbdizC  $00:9F04: A5 1B    LDA $1B = #$40
f189    c5615725     i57586852    A:40 X:19 Y:00 S:E0 P:nvUbdizC  $00:9F06: 10 FC    BPL $9F04
f189    c5615728     i57586853    A:40 X:19 Y:00 S:E0 P:nvUbdizC  $00:9F04: A5 1B    LDA $1B = #$40
f189    c5615731     i57586854    A:40 X:19 Y:00 S:E0 P:nvUbdizC  $00:9F06: 10 FC    BPL $9F04
f189    c5615734     i57586855    A:40 X:19 Y:00 S:E0 P:nvUbdizC  $00:9F04: A5 1B    LDA $1B = #$40
f189    c5615737     i57586856    A:40 X:19 Y:00 S:E0 P:nvUbdizC  $00:9F06: 10 FC    BPL $9F04
f189    c5615740     i57586857    A:40 X:19 Y:00 S:E0 P:nvUbdizC  $00:9F04: A5 1B    LDA $1B = #$40
f189    c5615743     i57586858    A:40 X:19 Y:00 S:E0 P:nvUbdizC  $00:9F06: 10 FC    BPL $9F04
f189    c5615746     i57586859    A:40 X:19 Y:00 S:E0 P:nvUbdizC  $00:9F04: A5 1B    LDA $1B = #$40
f189    c5615749     i57586860    A:40 X:19 Y:00 S:E0 P:nvUbdizC  $00:9F06: 10 FC    BPL $9F04
f189    c5615752     i57586861    A:40 X:19 Y:00 S:E0 P:nvUbdizC  $00:9F04: A5 1B    LDA $1B = #$40
f189    c5615755     i57586862    A:40 X:19 Y:00 S:E0 P:nvUbdizC  $00:9F06: 10 FC    BPL $9F04
f189    c5615758     i57586863    A:40 X:19 Y:00 S:E0 P:nvUbdizC  $00:9F04: A5 1B    LDA $1B = #$40
f189    c5615768     i57586864    A:40 X:19 Y:00 S:DD P:nvUbdIzC  $0F:C506: 4C 21 C8 JMP $C821
f189    c5615771     i57586865    A:40 X:19 Y:00 S:DD P:nvUbdIzC  $0F:C821: 24 1B    BIT $1B = #$40
f189    c5615774     i57586866    A:40 X:19 Y:00 S:DD P:nVUbdIzC  $0F:C823: 50 03    BVC $C828
f189    c5615776     i57586867    A:40 X:19 Y:00 S:DD P:nVUbdIzC  $0F:C825: 4C 78 C4 JMP $C478
f189    c5615779     i57586868    A:40 X:19 Y:00 S:DD P:nVUbdIzC  $0F:C478: 24 3B    BIT $3B = #$55
f189    c5615782     i57586869    A:40 X:19 Y:00 S:DD P:nVUbdIzC  $0F:C47A: 30 32    BMI $C4AE
f189    c5615784     i57586870    A:40 X:19 Y:00 S:DD P:nVUbdIzC  $0F:C47C: 38       SEC
f189    c5615786     i57586871    A:40 X:19 Y:00 S:DD P:nVUbdIzC  $0F:C47D: 66 3B    ROR $3B = #$55
f189    c5615791     i57586872    A:40 X:19 Y:00 S:DD P:NVUbdIzC  $0F:C47F: 85 3C    STA $3C = #$40
f189    c5615794     i57586873    A:40 X:19 Y:00 S:DD P:NVUbdIzC  $0F:C481: 86 3D    STX $3D = #$19
f189    c5615797     i57586874    A:40 X:19 Y:00 S:DD P:NVUbdIzC  $0F:C483: 84 3E    STY $3E = #$00
f189    c5615800     i57586875    A:40 X:19 Y:00 S:DD P:NVUbdIzC  $0F:C485: A5 22    LDA $22 = #$00
f189    c5615803     i57586876    A:00 X:19 Y:00 S:DD P:nVUbdIZC  $0F:C487: 09 07    ORA #$07
f189    c5615805     i57586877    A:07 X:19 Y:00 S:DD P:nVUbdIzC  $0F:C489: 8D 00 80 STA $8000 = #$A5
f189    c5615809     i57586878    A:07 X:19 Y:00 S:DD P:nVUbdIzC  $0F:C48C: A9 02    LDA #$02
f189    c5615811     i57586879    A:02 X:19 Y:00 S:DD P:nVUbdIzC  $0F:C48E: 8D 01 80 STA $8001 = #$27
f191    c5659920     i57600989    A:0C X:00 Y:00 S:DB P:nvUbdIZc  $06:8002: BC 00 07 LDY $0700,X @ $0700 = #$00
f191    c5659924     i57600990    A:0C X:00 Y:00 S:DB P:nvUbdIZc  $06:8005: C0 32    CPY #$32
f191    c5659926     i57600991    A:0C X:00 Y:00 S:DB P:NvUbdIzc  $06:8007: B0 0E    BCS $8017
f191    c5659928     i57600992    A:0C X:00 Y:00 S:DB P:NvUbdIzc  $06:8009: A0 07    LDY #$07
f191    c5659930     i57600993    A:0C X:00 Y:07 S:DB P:nvUbdIzc  $06:800B: 8C 00 80 STY $8000 = #$A2
f191    c5659934     i57600994    A:0C X:00 Y:07 S:DB P:nvUbdIzc  $06:800E: AC FC 07 LDY $07FC = #$00
f191    c5659938     i57600995    A:0C X:00 Y:00 S:DB P:nvUbdIZc  $06:8011: 8C 01 80 STY $8001 = #$05
f191    c5659942     i57600996    A:0C X:00 Y:00 S:DB P:nvUbdIZc  $06:8014: 4C 5E 80 JMP $805E
f191    c5659945     i57600997    A:0C X:00 Y:00 S:DB P:nvUbdIZc  $06:805E: CA       DEX
f191    c5659947     i57600998    A:0C X:FF Y:00 S:DB P:NvUbdIzc  $06:805F: 10 A1    BPL $8002
f191    c5659949     i57600999    A:0C X:FF Y:00 S:DB P:NvUbdIzc  $06:8061: A2 05    LDX #$05
f191    c5659951     i57601000    A:0C X:05 Y:00 S:DB P:nvUbdIzc  $06:8063: BC 00 07 LDY $0700,X @ $0705 = #$00
f191    c5659955     i57601001    A:0C X:05 Y:00 S:DB P:nvUbdIZc  $06:8066: F0 4F    BEQ $80B7
f191    c5659958     i57601002    A:0C X:05 Y:00 S:DB P:nvUbdIZc  $06:80B7: CA       DEX
f191    c5659960     i57601003    A:0C X:04 Y:00 S:DB P:nvUbdIzc  $06:80B8: 10 A9    BPL $8063
f191    c5659963     i57601004    A:0C X:04 Y:00 S:DB P:nvUbdIzc  $06:8063: BC 00 07 LDY $0700,X @ $0704 = #$00
f191    c5659967     i57601005    A:0C X:04 Y:00 S:DB P:nvUbdIZc  $06:8066: F0 4F    BEQ $80B7
f191    c5659970     i57601006    A:0C X:04 Y:00 S:DB P:nvUbdIZc  $06:80B7: CA       DEX
f191    c5659972     i57601007    A:0C X:03 Y:00 S:DB P:nvUbdIzc  $06:80B8: 10 A9    BPL $8063
f191    c5659975     i57601008    A:0C X:03 Y:00 S:DB P:nvUbdIzc  $06:8063: BC 00 07 LDY $0700,X @ $0703 = #$00
f191    c5659979     i57601009    A:0C X:03 Y:00 S:DB P:nvUbdIZc  $06:8066: F0 4F    BEQ $80B7
f191    c5659982     i57601010    A:0C X:03 Y:00 S:DB P:nvUbdIZc  $06:80B7: CA       DEX
f191    c5659984     i57601011    A:0C X:02 Y:00 S:DB P:nvUbdIzc  $06:80B8: 10 A9    BPL $8063
f191    c5659987     i57601012    A:0C X:02 Y:00 S:DB P:nvUbdIzc  $06:8063: BC 00 07 LDY $0700,X @ $0702 = #$00
f191    c5659991     i57601013    A:0C X:02 Y:00 S:DB P:nvUbdIZc  $06:8066: F0 4F    BEQ $80B7
f191    c5659994     i57601014    A:0C X:02 Y:00 S:DB P:nvUbdIZc  $06:80B7: CA       DEX
f191    c5659996     i57601015    A:0C X:01 Y:00 S:DB P:nvUbdIzc  $06:80B8: 10 A9    BPL $8063
f191    c5659999     i57601016    A:0C X:01 Y:00 S:DB P:nvUbdIzc  $06:8063: BC 00 07 LDY $0700,X @ $0701 = #$00
f191    c5660003     i57601017    A:0C X:01 Y:00 S:DB P:nvUbdIZc  $06:8066: F0 4F    BEQ $80B7
f191    c5660006     i57601018    A:0C X:01 Y:00 S:DB P:nvUbdIZc  $06:80B7: CA       DEX
f191    c5660008     i57601019    A:0C X:00 Y:00 S:DB P:nvUbdIZc  $06:80B8: 10 A9    BPL $8063
f191    c5660011     i57601020    A:0C X:00 Y:00 S:DB P:nvUbdIZc  $06:8063: BC 00 07 LDY $0700,X @ $0700 = #$00
f191    c5660015     i57601021    A:0C X:00 Y:00 S:DB P:nvUbdIZc  $06:8066: F0 4F    BEQ $80B7
f191    c5660018     i57601022    A:0C X:00 Y:00 S:DB P:nvUbdIZc  $06:80B7: CA       DEX
f191    c5660020     i57601023    A:0C X:FF Y:00 S:DB P:NvUbdIzc  $06:80B8: 10 A9    BPL $8063
f191    c5660022     i57601024    A:0C X:FF Y:00 S:DB P:NvUbdIzc  $06:80BA: A9 27    LDA #$27
f191    c5660024     i57601025    A:27 X:FF Y:00 S:DB P:nvUbdIzc  $06:80BC: 85 F0    STA $F0 = #$67
f191    c5660027     i57601026    A:27 X:FF Y:00 S:DB P:nvUbdIzc  $06:80BE: A9 07    LDA #$07
f191    c5660029     i57601027    A:07 X:FF Y:00 S:DB P:nvUbdIzc  $06:80C0: 85 F1    STA $F1 = #$07
f191    c5660032     i57601028    A:07 X:FF Y:00 S:DB P:nvUbdIzc  $06:80C2: A9 00    LDA #$00
f191    c5660034     i57601029    A:00 X:FF Y:00 S:DB P:nvUbdIZc  $06:80C4: 85 F2    STA $F2 = #$FF
f191    c5660037     i57601030    A:00 X:FF Y:00 S:DB P:nvUbdIZc  $06:80C6: A0 08    LDY #$08
f193    c5717897     i57619689    A:40 X:19 Y:00 S:E0 P:nvUbdizC  $00:9F04: A5 1B    LDA $1B = #$40
f193    c5717900     i57619690    A:40 X:19 Y:00 S:E0 P:nvUbdizC  $00:9F06: 10 FC    BPL $9F04
f193    c5717903     i57619691    A:40 X:19 Y:00 S:E0 P:nvUbdizC  $00:9F04: A5 1B    LDA $1B = #$40
f193    c5717906     i57619692    A:40 X:19 Y:00 S:E0 P:nvUbdizC  $00:9F06: 10 FC    BPL $9F04
f193    c5717909     i57619693    A:40 X:19 Y:00 S:E0 P:nvUbdizC  $00:9F04: A5 1B    LDA $1B = #$40
f193    c5717912     i57619694    A:40 X:19 Y:00 S:E0 P:nvUbdizC  $00:9F06: 10 FC    BPL $9F04
f193    c5717915     i57619695    A:40 X:19 Y:00 S:E0 P:nvUbdizC  $00:9F04: A5 1B    LDA $1B = #$40
f193    c5717918     i57619696    A:40 X:19 Y:00 S:E0 P:nvUbdizC  $00:9F06: 10 FC    BPL $9F04
f193    c5717921     i57619697    A:40 X:19 Y:00 S:E0 P:nvUbdizC  $00:9F04: A5 1B    LDA $1B = #$40
f193    c5717924     i57619698    A:40 X:19 Y:00 S:E0 P:nvUbdizC  $00:9F06: 10 FC    BPL $9F04
f193    c5717927     i57619699    A:40 X:19 Y:00 S:E0 P:nvUbdizC  $00:9F04: A5 1B    LDA $1B = #$40
f193    c5717930     i57619700    A:40 X:19 Y:00 S:E0 P:nvUbdizC  $00:9F06: 10 FC    BPL $9F04
f193    c5717933     i57619701    A:40 X:19 Y:00 S:E0 P:nvUbdizC  $00:9F04: A5 1B    LDA $1B = #$40
f193    c5717936     i57619702    A:40 X:19 Y:00 S:E0 P:nvUbdizC  $00:9F06: 10 FC    BPL $9F04
f193    c5717939     i57619703    A:40 X:19 Y:00 S:E0 P:nvUbdizC  $00:9F04: A5 1B    LDA $1B = #$40
f193    c5717942     i57619704    A:40 X:19 Y:00 S:E0 P:nvUbdizC  $00:9F06: 10 FC    BPL $9F04
f193    c5717945     i57619705    A:40 X:19 Y:00 S:E0 P:nvUbdizC  $00:9F04: A5 1B    LDA $1B = #$40
f193    c5717948     i57619706    A:40 X:19 Y:00 S:E0 P:nvUbdizC  $00:9F06: 10 FC    BPL $9F04
f193    c5717951     i57619707    A:40 X:19 Y:00 S:E0 P:nvUbdizC  $00:9F04: A5 1B    LDA $1B = #$40
f193    c5717954     i57619708    A:40 X:19 Y:00 S:E0 P:nvUbdizC  $00:9F06: 10 FC    BPL $9F04
f193    c5717957     i57619709    A:40 X:19 Y:00 S:E0 P:nvUbdizC  $00:9F04: A5 1B    LDA $1B = #$40
f193    c5717960     i57619710    A:40 X:19 Y:00 S:E0 P:nvUbdizC  $00:9F06: 10 FC    BPL $9F04
f193    c5717963     i57619711    A:40 X:19 Y:00 S:E0 P:nvUbdizC  $00:9F04: A5 1B    LDA $1B = #$40
f193    c5717966     i57619712    A:40 X:19 Y:00 S:E0 P:nvUbdizC  $00:9F06: 10 FC    BPL $9F04
f193    c5717969     i57619713    A:40 X:19 Y:00 S:E0 P:nvUbdizC  $00:9F04: A5 1B    LDA $1B = #$40
f193    c5717972     i57619714    A:40 X:19 Y:00 S:E0 P:nvUbdizC  $00:9F06: 10 FC    BPL $9F04
f193    c5717982     i57619715    A:40 X:19 Y:00 S:DD P:nvUbdIzC  $0F:C500: 4C 6E C7 JMP $C76E
f193    c5717985     i57619716    A:40 X:19 Y:00 S:DD P:nvUbdIzC  $0F:C76E: 24 1B    BIT $1B = #$40
f193    c5717988     i57619717    A:40 X:19 Y:00 S:DD P:nVUbdIzC  $0F:C770: 50 03    BVC $C775
f193    c5717990     i57619718    A:40 X:19 Y:00 S:DD P:nVUbdIzC  $0F:C772: 4C 21 C4 JMP $C421
f193    c5717993     i57619719    A:40 X:19 Y:00 S:DD P:nVUbdIzC  $0F:C421: 24 3B    BIT $3B = #$55
f193    c5717996     i57619720    A:40 X:19 Y:00 S:DD P:nVUbdIzC  $0F:C423: 30 4D    BMI $C472
f193    c5717998     i57619721    A:40 X:19 Y:00 S:DD P:nVUbdIzC  $0F:C425: 38       SEC
f193    c5718000     i57619722    A:40 X:19 Y:00 S:DD P:nVUbdIzC  $0F:C426: 66 3B    ROR $3B = #$55
f193    c5718005     i57619723    A:40 X:19 Y:00 S:DD P:NVUbdIzC  $0F:C428: 85 3C    STA $3C = #$40
f193    c5718008     i57619724    A:40 X:19 Y:00 S:DD P:NVUbdIzC  $0F:C42A: 86 3D    STX $3D = #$19
f193    c5718011     i57619725    A:40 X:19 Y:00 S:DD P:NVUbdIzC  $0F:C42C: 84 3E    STY $3E = #$00
f193    c5718014     i57619726    A:40 X:19 Y:00 S:DD P:NVUbdIzC  $0F:C42E: A5 22    LDA $22 = #$00
f193    c5718017     i57619727    A:00 X:19 Y:00 S:DD P:nVUbdIZC  $0F:C430: 09 07    ORA #$07
f193    c5718019     i57619728    A:07 X:19 Y:00 S:DD P:nVUbdIzC  $0F:C432: 8D 00 80 STA $8000 = #$A5
f193    c5718023     i57619729    A:07 X:19 Y:00 S:DD P:nVUbdIzC  $0F:C435: A9 02    LDA #$02
f193    c5718025     i57619730    A:02 X:19 Y:00 S:DD P:nVUbdIzC  $0F:C437: 8D 01 80 STA $8001 = #$27
f199    c5896583     i57676829    A:40 X:19 Y:00 S:E0 P:nvUbdizC  $00:9F04: A5 1B    LDA $1B = #$40
f199    c5896586     i57676830    A:40 X:19 Y:00 S:E0 P:nvUbdizC  $00:9F06: 10 FC    BPL $9F04
f199    c5896589     i57676831    A:40 X:19 Y:00 S:E0 P:nvUbdizC  $00:9F04: A5 1B    LDA $1B = #$40
f199    c5896592     i57676832    A:40 X:19 Y:00 S:E0 P:nvUbdizC  $00:9F06: 10 FC    BPL $9F04
f199    c5896595     i57676833    A:40 X:19 Y:00 S:E0 P:nvUbdizC  $00:9F04: A5 1B    LDA $1B = #$40
f199    c5896598     i57676834    A:40 X:19 Y:00 S:E0 P:nvUbdizC  $00:9F06: 10 FC    BPL $9F04
f199    c5896601     i57676835    A:40 X:19 Y:00 S:E0 P:nvUbdizC  $00:9F04: A5 1B    LDA $1B = #$40
f199    c5896604     i57676836    A:40 X:19 Y:00 S:E0 P:nvUbdizC  $00:9F06: 10 FC    BPL $9F04
f199    c5896607     i57676837    A:40 X:19 Y:00 S:E0 P:nvUbdizC  $00:9F04: A5 1B    LDA $1B = #$40
f199    c5896610     i57676838    A:40 X:19 Y:00 S:E0 P:nvUbdizC  $00:9F06: 10 FC    BPL $9F04
f199    c5896613     i57676839    A:40 X:19 Y:00 S:E0 P:nvUbdizC  $00:9F04: A5 1B    LDA $1B = #$40
f199    c5896616     i57676840    A:40 X:19 Y:00 S:E0 P:nvUbdizC  $00:9F06: 10 FC    BPL $9F04
f199    c5896619     i57676841    A:40 X:19 Y:00 S:E0 P:nvUbdizC  $00:9F04: A5 1B    LDA $1B = #$40
f199    c5896622     i57676842    A:40 X:19 Y:00 S:E0 P:nvUbdizC  $00:9F06: 10 FC    BPL $9F04
f199    c5896625     i57676843    A:40 X:19 Y:00 S:E0 P:nvUbdizC  $00:9F04: A5 1B    LDA $1B = #$40
f199    c5896628     i57676844    A:40 X:19 Y:00 S:E0 P:nvUbdizC  $00:9F06: 10 FC    BPL $9F04
f199    c5896631     i57676845    A:40 X:19 Y:00 S:E0 P:nvUbdizC  $00:9F04: A5 1B    LDA $1B = #$40
f199    c5896634     i57676846    A:40 X:19 Y:00 S:E0 P:nvUbdizC  $00:9F06: 10 FC    BPL $9F04
f199    c5896637     i57676847    A:40 X:19 Y:00 S:E0 P:nvUbdizC  $00:9F04: A5 1B    LDA $1B = #$40
f199    c5896640     i57676848    A:40 X:19 Y:00 S:E0 P:nvUbdizC  $00:9F06: 10 FC    BPL $9F04
f199    c5896643     i57676849    A:40 X:19 Y:00 S:E0 P:nvUbdizC  $00:9F04: A5 1B    LDA $1B = #$40
f199    c5896646     i57676850    A:40 X:19 Y:00 S:E0 P:nvUbdizC  $00:9F06: 10 FC    BPL $9F04
f199    c5896649     i57676851    A:40 X:19 Y:00 S:E0 P:nvUbdizC  $00:9F04: A5 1B    LDA $1B = #$40
f199    c5896652     i57676852    A:40 X:19 Y:00 S:E0 P:nvUbdizC  $00:9F06: 10 FC    BPL $9F04
f199    c5896655     i57676853    A:40 X:19 Y:00 S:E0 P:nvUbdizC  $00:9F04: A5 1B    LDA $1B = #$40
f199    c5896665     i57676854    A:40 X:19 Y:00 S:DD P:nvUbdIzC  $0F:C500: 4C 6E C7 JMP $C76E
f199    c5896668     i57676855    A:40 X:19 Y:00 S:DD P:nvUbdIzC  $0F:C76E: 24 1B    BIT $1B = #$40
f199    c5896671     i57676856    A:40 X:19 Y:00 S:DD P:nVUbdIzC  $0F:C770: 50 03    BVC $C775
f199    c5896673     i57676857    A:40 X:19 Y:00 S:DD P:nVUbdIzC  $0F:C772: 4C 21 C4 JMP $C421
f199    c5896676     i57676858    A:40 X:19 Y:00 S:DD P:nVUbdIzC  $0F:C421: 24 3B    BIT $3B = #$55
f199    c5896679     i57676859    A:40 X:19 Y:00 S:DD P:nVUbdIzC  $0F:C423: 30 4D    BMI $C472
f199    c5896681     i57676860    A:40 X:19 Y:00 S:DD P:nVUbdIzC  $0F:C425: 38       SEC
f199    c5896683     i57676861    A:40 X:19 Y:00 S:DD P:nVUbdIzC  $0F:C426: 66 3B    ROR $3B = #$55
f199    c5896688     i57676862    A:40 X:19 Y:00 S:DD P:NVUbdIzC  $0F:C428: 85 3C    STA $3C = #$40
f199    c5896691     i57676863    A:40 X:19 Y:00 S:DD P:NVUbdIzC  $0F:C42A: 86 3D    STX $3D = #$19
f199    c5896694     i57676864    A:40 X:19 Y:00 S:DD P:NVUbdIzC  $0F:C42C: 84 3E    STY $3E = #$00
f199    c5896697     i57676865    A:40 X:19 Y:00 S:DD P:NVUbdIzC  $0F:C42E: A5 22    LDA $22 = #$00
f199    c5896700     i57676866    A:00 X:19 Y:00 S:DD P:nVUbdIZC  $0F:C430: 09 07    ORA #$07
f199    c5896702     i57676867    A:07 X:19 Y:00 S:DD P:nVUbdIzC  $0F:C432: 8D 00 80 STA $8000 = #$A5
f199    c5896706     i57676868    A:07 X:19 Y:00 S:DD P:nVUbdIzC  $0F:C435: A9 02    LDA #$02
f199    c5896708     i57676869    A:02 X:19 Y:00 S:DD P:nVUbdIzC  $0F:C437: 8D 01 80 STA $8001 = #$27
f199    c5896712     i57676870    A:02 X:19 Y:00 S:DD P:nVUbdIzC  $0F:C43A: 20 00 A0 JSR $A000
f200    c5927519     i57686556    A:00 X:01 Y:07 S:DB P:nVUbdIzc  $01:A0ED: BD 15 40 LDA $4015,X @ $4016 = #$00
f200    c5927523     i57686557    A:40 X:01 Y:07 S:DB P:nVUbdIzc  $01:A0F0: 4A       LSR
f200    c5927525     i57686558    A:20 X:01 Y:07 S:DB P:nVUbdIzc  $01:A0F1: 26 3F    ROL $3F = #$00
f200    c5927530     i57686559    A:20 X:01 Y:07 S:DB P:nVUbdIZc  $01:A0F3: 29 01    AND #$01
f200    c5927532     i57686560    A:00 X:01 Y:07 S:DB P:nVUbdIZc  $01:A0F5: 05 3F    ORA $3F = #$00
f200    c5927535     i57686561    A:00 X:01 Y:07 S:DB P:nVUbdIZc  $01:A0F7: 85 3F    STA $3F = #$00
f200    c5927538     i57686562    A:00 X:01 Y:07 S:DB P:nVUbdIZc  $01:A0F9: 88       DEY
f200    c5927540     i57686563    A:00 X:01 Y:06 S:DB P:nVUbdIzc  $01:A0FA: D0 F1    BNE $A0ED
f200    c5927543     i57686564    A:00 X:01 Y:06 S:DB P:nVUbdIzc  $01:A0ED: BD 15 40 LDA $4015,X @ $4016 = #$00
f200    c5927547     i57686565    A:40 X:01 Y:06 S:DB P:nVUbdIzc  $01:A0F0: 4A       LSR
f200    c5927549     i57686566    A:20 X:01 Y:06 S:DB P:nVUbdIzc  $01:A0F1: 26 3F    ROL $3F = #$00
f200    c5927554     i57686567    A:20 X:01 Y:06 S:DB P:nVUbdIZc  $01:A0F3: 29 01    AND #$01
f200    c5927556     i57686568    A:00 X:01 Y:06 S:DB P:nVUbdIZc  $01:A0F5: 05 3F    ORA $3F = #$00
f200    c5927559     i57686569    A:00 X:01 Y:06 S:DB P:nVUbdIZc  $01:A0F7: 85 3F    STA $3F = #$00
f200    c5927562     i57686570    A:00 X:01 Y:06 S:DB P:nVUbdIZc  $01:A0F9: 88       DEY
f200    c5927564     i57686571    A:00 X:01 Y:05 S:DB P:nVUbdIzc  $01:A0FA: D0 F1    BNE $A0ED
f200    c5927567     i57686572    A:00 X:01 Y:05 S:DB P:nVUbdIzc  $01:A0ED: BD 15 40 LDA $4015,X @ $4016 = #$00
f200    c5927571     i57686573    A:40 X:01 Y:05 S:DB P:nVUbdIzc  $01:A0F0: 4A       LSR
f200    c5927573     i57686574    A:20 X:01 Y:05 S:DB P:nVUbdIzc  $01:A0F1: 26 3F    ROL $3F = #$00
f200    c5927578     i57686575    A:20 X:01 Y:05 S:DB P:nVUbdIZc  $01:A0F3: 29 01    AND #$01
f200    c5927580     i57686576    A:00 X:01 Y:05 S:DB P:nVUbdIZc  $01:A0F5: 05 3F    ORA $3F = #$00
f200    c5927583     i57686577    A:00 X:01 Y:05 S:DB P:nVUbdIZc  $01:A0F7: 85 3F    STA $3F = #$00
f200    c5927586     i57686578    A:00 X:01 Y:05 S:DB P:nVUbdIZc  $01:A0F9: 88       DEY
f200    c5927588     i57686579    A:00 X:01 Y:04 S:DB P:nVUbdIzc  $01:A0FA: D0 F1    BNE $A0ED
f200    c5927591     i57686580    A:00 X:01 Y:04 S:DB P:nVUbdIzc  $01:A0ED: BD 15 40 LDA $4015,X @ $4016 = #$00
f200    c5927595     i57686581    A:40 X:01 Y:04 S:DB P:nVUbdIzc  $01:A0F0: 4A       LSR
f200    c5927597     i57686582    A:20 X:01 Y:04 S:DB P:nVUbdIzc  $01:A0F1: 26 3F    ROL $3F = #$00
f200    c5927602     i57686583    A:20 X:01 Y:04 S:DB P:nVUbdIZc  $01:A0F3: 29 01    AND #$01
f200    c5927604     i57686584    A:00 X:01 Y:04 S:DB P:nVUbdIZc  $01:A0F5: 05 3F    ORA $3F = #$00
f200    c5927607     i57686585    A:00 X:01 Y:04 S:DB P:nVUbdIZc  $01:A0F7: 85 3F    STA $3F = #$00
f200    c5927610     i57686586    A:00 X:01 Y:04 S:DB P:nVUbdIZc  $01:A0F9: 88       DEY
f200    c5927612     i57686587    A:00 X:01 Y:03 S:DB P:nVUbdIzc  $01:A0FA: D0 F1    BNE $A0ED
f200    c5927615     i57686588    A:00 X:01 Y:03 S:DB P:nVUbdIzc  $01:A0ED: BD 15 40 LDA $4015,X @ $4016 = #$00
f200    c5927619     i57686589    A:40 X:01 Y:03 S:DB P:nVUbdIzc  $01:A0F0: 4A       LSR
f200    c5927621     i57686590    A:20 X:01 Y:03 S:DB P:nVUbdIzc  $01:A0F1: 26 3F    ROL $3F = #$00
f200    c5927626     i57686591    A:20 X:01 Y:03 S:DB P:nVUbdIZc  $01:A0F3: 29 01    AND #$01
f200    c5927628     i57686592    A:00 X:01 Y:03 S:DB P:nVUbdIZc  $01:A0F5: 05 3F    ORA $3F = #$00
f200    c5927631     i57686593    A:00 X:01 Y:03 S:DB P:nVUbdIZc  $01:A0F7: 85 3F    STA $3F = #$00
f200    c5927634     i57686594    A:00 X:01 Y:03 S:DB P:nVUbdIZc  $01:A0F9: 88       DEY
f200    c5927636     i57686595    A:00 X:01 Y:02 S:DB P:nVUbdIzc  $01:A0FA: D0 F1    BNE $A0ED
f200    c5927639     i57686596    A:00 X:01 Y:02 S:DB P:nVUbdIzc  $01:A0ED: BD 15 40 LDA $4015,X @ $4016 = #$00
f200    c5927643     i57686597    A:40 X:01 Y:02 S:DB P:nVUbdIzc  $01:A0F0: 4A       LSR
f204    c6046421     i57724576    A:00 X:02 Y:06 S:DB P:nVUbdIzc  $01:A0ED: BD 15 40 LDA $4015,X @ $4017 = #$01
f204    c6046425     i57724577    A:40 X:02 Y:06 S:DB P:nVUbdIzc  $01:A0F0: 4A       LSR
f204    c6046427     i57724578    A:20 X:02 Y:06 S:DB P:nVUbdIzc  $01:A0F1: 26 3F    ROL $3F = #$00
f204    c6046432     i57724579    A:20 X:02 Y:06 S:DB P:nVUbdIZc  $01:A0F3: 29 01    AND #$01
f204    c6046434     i57724580    A:00 X:02 Y:06 S:DB P:nVUbdIZc  $01:A0F5: 05 3F    ORA $3F = #$00
f204    c6046437     i57724581    A:00 X:02 Y:06 S:DB P:nVUbdIZc  $01:A0F7: 85 3F    STA $3F = #$00
f204    c6046440     i57724582    A:00 X:02 Y:06 S:DB P:nVUbdIZc  $01:A0F9: 88       DEY
f204    c6046442     i57724583    A:00 X:02 Y:05 S:DB P:nVUbdIzc  $01:A0FA: D0 F1    BNE $A0ED
f204    c6046445     i57724584    A:00 X:02 Y:05 S:DB P:nVUbdIzc  $01:A0ED: BD 15 40 LDA $4015,X @ $4017 = #$01
f204    c6046449     i57724585    A:40 X:02 Y:05 S:DB P:nVUbdIzc  $01:A0F0: 4A       LSR
f204    c6046451     i57724586    A:20 X:02 Y:05 S:DB P:nVUbdIzc  $01:A0F1: 26 3F    ROL $3F = #$00
f204    c6046456     i57724587    A:20 X:02 Y:05 S:DB P:nVUbdIZc  $01:A0F3: 29 01    AND #$01
f204    c6046458     i57724588    A:00 X:02 Y:05 S:DB P:nVUbdIZc  $01:A0F5: 05 3F    ORA $3F = #$00
f204    c6046461     i57724589    A:00 X:02 Y:05 S:DB P:nVUbdIZc  $01:A0F7: 85 3F    STA $3F = #$00
f204    c6046464     i57724590    A:00 X:02 Y:05 S:DB P:nVUbdIZc  $01:A0F9: 88       DEY
f204    c6046466     i57724591    A:00 X:02 Y:04 S:DB P:nVUbdIzc  $01:A0FA: D0 F1    BNE $A0ED
f204    c6046469     i57724592    A:00 X:02 Y:04 S:DB P:nVUbdIzc  $01:A0ED: BD 15 40 LDA $4015,X @ $4017 = #$01
f204    c6046473     i57724593    A:40 X:02 Y:04 S:DB P:nVUbdIzc  $01:A0F0: 4A       LSR
f204    c6046475     i57724594    A:20 X:02 Y:04 S:DB P:nVUbdIzc  $01:A0F1: 26 3F    ROL $3F = #$00
f204    c6046480     i57724595    A:20 X:02 Y:04 S:DB P:nVUbdIZc  $01:A0F3: 29 01    AND #$01
f204    c6046482     i57724596    A:00 X:02 Y:04 S:DB P:nVUbdIZc  $01:A0F5: 05 3F    ORA $3F = #$00
f204    c6046485     i57724597    A:00 X:02 Y:04 S:DB P:nVUbdIZc  $01:A0F7: 85 3F    STA $3F = #$00
f204    c6046488     i57724598    A:00 X:02 Y:04 S:DB P:nVUbdIZc  $01:A0F9: 88       DEY
f204    c6046490     i57724599    A:00 X:02 Y:03 S:DB P:nVUbdIzc  $01:A0FA: D0 F1    BNE $A0ED
f204    c6046493     i57724600    A:00 X:02 Y:03 S:DB P:nVUbdIzc  $01:A0ED: BD 15 40 LDA $4015,X @ $4017 = #$01
f204    c6046497     i57724601    A:40 X:02 Y:03 S:DB P:nVUbdIzc  $01:A0F0: 4A       LSR
f204    c6046499     i57724602    A:20 X:02 Y:03 S:DB P:nVUbdIzc  $01:A0F1: 26 3F    ROL $3F = #$00
f204    c6046504     i57724603    A:20 X:02 Y:03 S:DB P:nVUbdIZc  $01:A0F3: 29 01    AND #$01
f204    c6046506     i57724604    A:00 X:02 Y:03 S:DB P:nVUbdIZc  $01:A0F5: 05 3F    ORA $3F = #$00
f204    c6046509     i57724605    A:00 X:02 Y:03 S:DB P:nVUbdIZc  $01:A0F7: 85 3F    STA $3F = #$00
f204    c6046512     i57724606    A:00 X:02 Y:03 S:DB P:nVUbdIZc  $01:A0F9: 88       DEY
f204    c6046514     i57724607    A:00 X:02 Y:02 S:DB P:nVUbdIzc  $01:A0FA: D0 F1    BNE $A0ED
f204    c6046517     i57724608    A:00 X:02 Y:02 S:DB P:nVUbdIzc  $01:A0ED: BD 15 40 LDA $4015,X @ $4017 = #$01
f204    c6046521     i57724609    A:40 X:02 Y:02 S:DB P:nVUbdIzc  $01:A0F0: 4A       LSR
f204    c6046523     i57724610    A:20 X:02 Y:02 S:DB P:nVUbdIzc  $01:A0F1: 26 3F    ROL $3F = #$00
f204    c6046528     i57724611    A:20 X:02 Y:02 S:DB P:nVUbdIZc  $01:A0F3: 29 01    AND #$01
f204    c6046530     i57724612    A:00 X:02 Y:02 S:DB P:nVUbdIZc  $01:A0F5: 05 3F    ORA $3F = #$00
f204    c6046533     i57724613    A:00 X:02 Y:02 S:DB P:nVUbdIZc  $01:A0F7: 85 3F    STA $3F = #$00
f204    c6046536     i57724614    A:00 X:02 Y:02 S:DB P:nVUbdIZc  $01:A0F9: 88       DEY
f204    c6046538     i57724615    A:00 X:02 Y:01 S:DB P:nVUbdIzc  $01:A0FA: D0 F1    BNE $A0ED
f204    c6046541     i57724616    A:00 X:02 Y:01 S:DB P:nVUbdIzc  $01:A0ED: BD 15 40 LDA $4015,X @ $4017 = #$01
f204    c6046545     i57724617    A:40 X:02 Y:01 S:DB P:nVUbdIzc  $01:A0F0: 4A       LSR
f205    c6075263     i57733967    A:40 X:19 Y:00 S:E0 P:nvUbdizC  $00:9F04: A5 1B    LDA $1B = #$40
f205    c6075266     i57733968    A:40 X:19 Y:00 S:E0 P:nvUbdizC  $00:9F06: 10 FC    BPL $9F04
f205    c6075269     i57733969    A:40 X:19 Y:00 S:E0 P:nvUbdizC  $00:9F04: A5 1B    LDA $1B = #$40
f205    c6075272     i57733970    A:40 X:19 Y:00 S:E0 P:nvUbdizC  $00:9F06: 10 FC    BPL $9F04
f205    c6075275     i57733971    A:40 X:19 Y:00 S:E0 P:nvUbdizC  $00:9F04: A5 1B    LDA $1B = #$40
f205    c6075278     i57733972    A:40 X:19 Y:00 S:E0 P:nvUbdizC  $00:9F06: 10 FC    BPL $9F04
f205    c6075281     i57733973    A:40 X:19 Y:00 S:E0 P:nvUbdizC  $00:9F04: A5 1B    LDA $1B = #$40
f205    c6075284     i57733974    A:40 X:19 Y:00 S:E0 P:nvUbdizC  $00:9F06: 10 FC    BPL $9F04
f205    c6075287     i57733975    A:40 X:19 Y:00 S:E0 P:nvUbdizC  $00:9F04: A5 1B    LDA $1B = #$40
f205    c6075290     i57733976    A:40 X:19 Y:00 S:E0 P:nvUbdizC  $00:9F06: 10 FC    BPL $9F04
f205    c6075293     i57733977    A:40 X:19 Y:00 S:E0 P:nvUbdizC  $00:9F04: A5 1B    LDA $1B = #$40
f205    c6075296     i57733978    A:40 X:19 Y:00 S:E0 P:nvUbdizC  $00:9F06: 10 FC    BPL $9F04
f205    c6075299     i57733979    A:40 X:19 Y:00 S:E0 P:nvUbdizC  $00:9F04: A5 1B    LDA $1B = #$40
f205    c6075302     i57733980    A:40 X:19 Y:00 S:E0 P:nvUbdizC  $00:9F06: 10 FC    BPL $9F04
f205    c6075305     i57733981    A:40 X:19 Y:00 S:E0 P:nvUbdizC  $00:9F04: A5 1B    LDA $1B = #$40
f205    c6075308     i57733982    A:40 X:19 Y:00 S:E0 P:nvUbdizC  $00:9F06: 10 FC    BPL $9F04
f205    c6075311     i57733983    A:40 X:19 Y:00 S:E0 P:nvUbdizC  $00:9F04: A5 1B    LDA $1B = #$40
f205    c6075314     i57733984    A:40 X:19 Y:00 S:E0 P:nvUbdizC  $00:9F06: 10 FC    BPL $9F04
f205    c6075317     i57733985    A:40 X:19 Y:00 S:E0 P:nvUbdizC  $00:9F04: A5 1B    LDA $1B = #$40
f205    c6075320     i57733986    A:40 X:19 Y:00 S:E0 P:nvUbdizC  $00:9F06: 10 FC    BPL $9F04
f205    c6075323     i57733987    A:40 X:19 Y:00 S:E0 P:nvUbdizC  $00:9F04: A5 1B    LDA $1B = #$40
f205    c6075326     i57733988    A:40 X:19 Y:00 S:E0 P:nvUbdizC  $00:9F06: 10 FC    BPL $9F04
f205    c6075329     i57733989    A:40 X:19 Y:00 S:E0 P:nvUbdizC  $00:9F04: A5 1B    LDA $1B = #$40
f205    c6075332     i57733990    A:40 X:19 Y:00 S:E0 P:nvUbdizC  $00:9F06: 10 FC    BPL $9F04
f205    c6075335     i57733991    A:40 X:19 Y:00 S:E0 P:nvUbdizC  $00:9F04: A5 1B    LDA $1B = #$40
f205    c6075338     i57733992    A:40 X:19 Y:00 S:E0 P:nvUbdizC  $00:9F06: 10 FC    BPL $9F04
f205    c6075348     i57733993    A:40 X:19 Y:00 S:DD P:nvUbdIzC  $0F:C500: 4C 6E C7 JMP $C76E
f205    c6075351     i57733994    A:40 X:19 Y:00 S:DD P:nvUbdIzC  $0F:C76E: 24 1B    BIT $1B = #$40
f205    c6075354     i57733995    A:40 X:19 Y:00 S:DD P:nVUbdIzC  $0F:C770: 50 03    BVC $C775
f205    c6075356     i57733996    A:40 X:19 Y:00 S:DD P:nVUbdIzC  $0F:C772: 4C 21 C4 JMP $C421
f205    c6075359     i57733997    A:40 X:19 Y:00 S:DD P:nVUbdIzC  $0F:C421: 24 3B    BIT $3B = #$55
f205    c6075362     i57733998    A:40 X:19 Y:00 S:DD P:nVUbdIzC  $0F:C423: 30 4D    BMI $C472
f205    c6075364     i57733999    A:40 X:19 Y:00 S:DD P:nVUbdIzC  $0F:C425: 38       SEC
f205    c6075366     i57734000    A:40 X:19 Y:00 S:DD P:nVUbdIzC  $0F:C426: 66 3B    ROR $3B = #$55
f205    c6075371     i57734001    A:40 X:19 Y:00 S:DD P:NVUbdIzC  $0F:C428: 85 3C    STA $3C = #$40
f205    c6075374     i57734002    A:40 X:19 Y:00 S:DD P:NVUbdIzC  $0F:C42A: 86 3D    STX $3D = #$19
f205    c6075377     i57734003    A:40 X:19 Y:00 S:DD P:NVUbdIzC  $0F:C42C: 84 3E    STY $3E = #$00
f205    c6075380     i57734004    A:40 X:19 Y:00 S:DD P:NVUbdIzC  $0F:C42E: A5 22    LDA $22 = #$00
f205    c6075383     i57734005    A:00 X:19 Y:00 S:DD P:nVUbdIZC  $0F:C430: 09 07    ORA #$07
f205    c6075385     i57734006    A:07 X:19 Y:00 S:DD P:nVUbdIzC  $0F:C432: 8D 00 80 STA $8000 = #$A5
f205    c6075389     i57734007    A:07 X:19 Y:00 S:DD P:nVUbdIzC  $0F:C435: A9 02    LDA #$02
f205    c6075391     i57734008    A:02 X:19 Y:00 S:DD P:nVUbdIzC  $0F:C437: 8D 01 80 STA $8001 = #$27
f211    c6253949     i57791107    A:40 X:19 Y:00 S:E0 P:nvUbdizC  $00:9F04: A5 1B    LDA $1B = #$40
f211    c6253952     i57791108    A:40 X:19 Y:00 S:E0 P:nvUbdizC  $00:9F06: 10 FC    BPL $9F04
f211    c6253955     i57791109    A:40 X:19 Y:00 S:E0 P:nvUbdizC  $00:9F04: A5 1B    LDA $1B = #$40
f211    c6253958     i57791110    A:40 X:19 Y:00 S:E0 P:nvUbdizC  $00:9F06: 10 FC    BPL $9F04
f211    c6253961     i57791111    A:40 X:19 Y:00 S:E0 P:nvUbdizC  $00:9F04: A5 1B    LDA $1B = #$40
f211    c6253964     i57791112    A:40 X:19 Y:00 S:E0 P:nvUbdizC  $00:9F06: 10 FC    BPL $9F04
f211    c6253967     i57791113    A:40 X:19 Y:00 S:E0 P:nvUbdizC  $00:9F04: A5 1B    LDA $1B = #$40
f211    c6253970     i57791114    A:40 X:19 Y:00 S:E0 P:nvUbdizC  $00:9F06: 10 FC    BPL $9F04
f211    c6253973     i57791115    A:40 X:19 Y:00 S:E0 P:nvUbdizC  $00:9F04: A5 1B    LDA $1B = #$40
f211    c6253976     i57791116    A:40 X:19 Y:00 S:E0 P:nvUbdizC  $00:9F06: 10 FC    BPL $9F04
f211    c6253979     i57791117    A:40 X:19 Y:00 S:E0 P:nvUbdizC  $00:9F04: A5 1B    LDA $1B = #$40
f211    c6253982     i57791118    A:40 X:19 Y:00 S:E0 P:nvUbdizC  $00:9F06: 10 FC    BPL $9F04
f211    c6253985     i57791119    A:40 X:19 Y:00 S:E0 P:nvUbdizC  $00:9F04: A5 1B    LDA $1B = #$40
f211    c6253988     i57791120    A:40 X:19 Y:00 S:E0 P:nvUbdizC  $00:9F06: 10 FC    BPL $9F04
f211    c6253991     i57791121    A:40 X:19 Y:00 S:E0 P:nvUbdizC  $00:9F04: A5 1B    LDA $1B = #$40
f211    c6253994     i57791122    A:40 X:19 Y:00 S:E0 P:nvUbdizC  $00:9F06: 10 FC    BPL $9F04
f211    c6253997     i57791123    A:40 X:19 Y:00 S:E0 P:nvUbdizC  $00:9F04: A5 1B    LDA $1B = #$40
f211    c6254000     i57791124    A:40 X:19 Y:00 S:E0 P:nvUbdizC  $00:9F06: 10 FC    BPL $9F04
f211    c6254003     i57791125    A:40 X:19 Y:00 S:E0 P:nvUbdizC  $00:9F04: A5 1B    LDA $1B = #$40
f211    c6254006     i57791126    A:40 X:19 Y:00 S:E0 P:nvUbdizC  $00:9F06: 10 FC    BPL $9F04
f211    c6254009     i57791127    A:40 X:19 Y:00 S:E0 P:nvUbdizC  $00:9F04: A5 1B    LDA $1B = #$40
f211    c6254012     i57791128    A:40 X:19 Y:00 S:E0 P:nvUbdizC  $00:9F06: 10 FC    BPL $9F04
f211    c6254015     i57791129    A:40 X:19 Y:00 S:E0 P:nvUbdizC  $00:9F04: A5 1B    LDA $1B = #$40
f211    c6254018     i57791130    A:40 X:19 Y:00 S:E0 P:nvUbdizC  $00:9F06: 10 FC    BPL $9F04
f211    c6254021     i57791131    A:40 X:19 Y:00 S:E0 P:nvUbdizC  $00:9F04: A5 1B    LDA $1B = #$40
f211    c6254031     i57791132    A:40 X:19 Y:00 S:DD P:nvUbdIzC  $0F:C500: 4C 6E C7 JMP $C76E
f211    c6254034     i57791133    A:40 X:19 Y:00 S:DD P:nvUbdIzC  $0F:C76E: 24 1B    BIT $1B = #$40
f211    c6254037     i57791134    A:40 X:19 Y:00 S:DD P:nVUbdIzC  $0F:C770: 50 03    BVC $C775
f211    c6254039     i57791135    A:40 X:19 Y:00 S:DD P:nVUbdIzC  $0F:C772: 4C 21 C4 JMP $C421
f211    c6254042     i57791136    A:40 X:19 Y:00 S:DD P:nVUbdIzC  $0F:C421: 24 3B    BIT $3B = #$55
f211    c6254045     i57791137    A:40 X:19 Y:00 S:DD P:nVUbdIzC  $0F:C423: 30 4D    BMI $C472
f211    c6254047     i57791138    A:40 X:19 Y:00 S:DD P:nVUbdIzC  $0F:C425: 38       SEC
f211    c6254049     i57791139    A:40 X:19 Y:00 S:DD P:nVUbdIzC  $0F:C426: 66 3B    ROR $3B = #$55
f211    c6254054     i57791140    A:40 X:19 Y:00 S:DD P:NVUbdIzC  $0F:C428: 85 3C    STA $3C = #$40
f211    c6254057     i57791141    A:40 X:19 Y:00 S:DD P:NVUbdIzC  $0F:C42A: 86 3D    STX $3D = #$19
f211    c6254060     i57791142    A:40 X:19 Y:00 S:DD P:NVUbdIzC  $0F:C42C: 84 3E    STY $3E = #$00
f211    c6254063     i57791143    A:40 X:19 Y:00 S:DD P:NVUbdIzC  $0F:C42E: A5 22    LDA $22 = #$00
f211    c6254066     i57791144    A:00 X:19 Y:00 S:DD P:nVUbdIZC  $0F:C430: 09 07    ORA #$07
f211    c6254068     i57791145    A:07 X:19 Y:00 S:DD P:nVUbdIzC  $0F:C432: 8D 00 80 STA $8000 = #$A5
f211    c6254072     i57791146    A:07 X:19 Y:00 S:DD P:nVUbdIzC  $0F:C435: A9 02    LDA #$02
f211    c6254074     i57791147    A:02 X:19 Y:00 S:DD P:nVUbdIzC  $0F:C437: 8D 01 80 STA $8001 = #$27
f211    c6254078     i57791148    A:02 X:19 Y:00 S:DD P:nVUbdIzC  $0F:C43A: 20 00 A0 JSR $A000
f212    c6284885     i57800834    A:00 X:01 Y:07 S:DB P:nVUbdIzc  $01:A0ED: BD 15 40 LDA $4015,X @ $4016 = #$00
f212    c6284889     i57800835    A:40 X:01 Y:07 S:DB P:nVUbdIzc  $01:A0F0: 4A       LSR
f212    c6284891     i57800836    A:20 X:01 Y:07 S:DB P:nVUbdIzc  $01:A0F1: 26 3F    ROL $3F = #$00
f212    c6284896     i57800837    A:20 X:01 Y:07 S:DB P:nVUbdIZc  $01:A0F3: 29 01    AND #$01
f212    c6284898     i57800838    A:00 X:01 Y:07 S:DB P:nVUbdIZc  $01:A0F5: 05 3F    ORA $3F = #$00
f212    c6284901     i57800839    A:00 X:01 Y:07 S:DB P:nVUbdIZc  $01:A0F7: 85 3F    STA $3F = #$00
f212    c6284904     i57800840    A:00 X:01 Y:07 S:DB P:nVUbdIZc  $01:A0F9: 88       DEY
f212    c6284906     i57800841    A:00 X:01 Y:06 S:DB P:nVUbdIzc  $01:A0FA: D0 F1    BNE $A0ED
f212    c6284909     i57800842    A:00 X:01 Y:06 S:DB P:nVUbdIzc  $01:A0ED: BD 15 40 LDA $4015,X @ $4016 = #$00
f212    c6284913     i57800843    A:40 X:01 Y:06 S:DB P:nVUbdIzc  $01:A0F0: 4A       LSR
f212    c6284915     i57800844    A:20 X:01 Y:06 S:DB P:nVUbdIzc  $01:A0F1: 26 3F    ROL $3F = #$00
f212    c6284920     i57800845    A:20 X:01 Y:06 S:DB P:nVUbdIZc  $01:A0F3: 29 01    AND #$01
f212    c6284922     i57800846    A:00 X:01 Y:06 S:DB P:nVUbdIZc  $01:A0F5: 05 3F    ORA $3F = #$00
f212    c6284925     i57800847    A:00 X:01 Y:06 S:DB P:nVUbdIZc  $01:A0F7: 85 3F    STA $3F = #$00
f212    c6284928     i57800848    A:00 X:01 Y:06 S:DB P:nVUbdIZc  $01:A0F9: 88       DEY
f212    c6284930     i57800849    A:00 X:01 Y:05 S:DB P:nVUbdIzc  $01:A0FA: D0 F1    BNE $A0ED
f212    c6284933     i57800850    A:00 X:01 Y:05 S:DB P:nVUbdIzc  $01:A0ED: BD 15 40 LDA $4015,X @ $4016 = #$00
f212    c6284937     i57800851    A:40 X:01 Y:05 S:DB P:nVUbdIzc  $01:A0F0: 4A       LSR
f212    c6284939     i57800852    A:20 X:01 Y:05 S:DB P:nVUbdIzc  $01:A0F1: 26 3F    ROL $3F = #$00
f212    c6284944     i57800853    A:20 X:01 Y:05 S:DB P:nVUbdIZc  $01:A0F3: 29 01    AND #$01
f212    c6284946     i57800854    A:00 X:01 Y:05 S:DB P:nVUbdIZc  $01:A0F5: 05 3F    ORA $3F = #$00
f212    c6284949     i57800855    A:00 X:01 Y:05 S:DB P:nVUbdIZc  $01:A0F7: 85 3F    STA $3F = #$00
f212    c6284952     i57800856    A:00 X:01 Y:05 S:DB P:nVUbdIZc  $01:A0F9: 88       DEY
f212    c6284954     i57800857    A:00 X:01 Y:04 S:DB P:nVUbdIzc  $01:A0FA: D0 F1    BNE $A0ED
f212    c6284957     i57800858    A:00 X:01 Y:04 S:DB P:nVUbdIzc  $01:A0ED: BD 15 40 LDA $4015,X @ $4016 = #$00
f212    c6284961     i57800859    A:40 X:01 Y:04 S:DB P:nVUbdIzc  $01:A0F0: 4A       LSR
f212    c6284963     i57800860    A:20 X:01 Y:04 S:DB P:nVUbdIzc  $01:A0F1: 26 3F    ROL $3F = #$00
f212    c6284968     i57800861    A:20 X:01 Y:04 S:DB P:nVUbdIZc  $01:A0F3: 29 01    AND #$01
f212    c6284970     i57800862    A:00 X:01 Y:04 S:DB P:nVUbdIZc  $01:A0F5: 05 3F    ORA $3F = #$00
f212    c6284973     i57800863    A:00 X:01 Y:04 S:DB P:nVUbdIZc  $01:A0F7: 85 3F    STA $3F = #$00
f212    c6284976     i57800864    A:00 X:01 Y:04 S:DB P:nVUbdIZc  $01:A0F9: 88       DEY
f212    c6284978     i57800865    A:00 X:01 Y:03 S:DB P:nVUbdIzc  $01:A0FA: D0 F1    BNE $A0ED
f212    c6284981     i57800866    A:00 X:01 Y:03 S:DB P:nVUbdIzc  $01:A0ED: BD 15 40 LDA $4015,X @ $4016 = #$00
f212    c6284985     i57800867    A:40 X:01 Y:03 S:DB P:nVUbdIzc  $01:A0F0: 4A       LSR
f212    c6284987     i57800868    A:20 X:01 Y:03 S:DB P:nVUbdIzc  $01:A0F1: 26 3F    ROL $3F = #$00
f212    c6284992     i57800869    A:20 X:01 Y:03 S:DB P:nVUbdIZc  $01:A0F3: 29 01    AND #$01
f212    c6284994     i57800870    A:00 X:01 Y:03 S:DB P:nVUbdIZc  $01:A0F5: 05 3F    ORA $3F = #$00
f212    c6284997     i57800871    A:00 X:01 Y:03 S:DB P:nVUbdIZc  $01:A0F7: 85 3F    STA $3F = #$00
f212    c6285000     i57800872    A:00 X:01 Y:03 S:DB P:nVUbdIZc  $01:A0F9: 88       DEY
f212    c6285002     i57800873    A:00 X:01 Y:02 S:DB P:nVUbdIzc  $01:A0FA: D0 F1    BNE $A0ED
f212    c6285005     i57800874    A:00 X:01 Y:02 S:DB P:nVUbdIzc  $01:A0ED: BD 15 40 LDA $4015,X @ $4016 = #$00
f212    c6285009     i57800875    A:40 X:01 Y:02 S:DB P:nVUbdIzc  $01:A0F0: 4A       LSR
f216    c6403787     i57838854    A:00 X:02 Y:06 S:DB P:nVUbdIzc  $01:A0ED: BD 15 40 LDA $4015,X @ $4017 = #$01
f216    c6403791     i57838855    A:40 X:02 Y:06 S:DB P:nVUbdIzc  $01:A0F0: 4A       LSR
f216    c6403793     i57838856    A:20 X:02 Y:06 S:DB P:nVUbdIzc  $01:A0F1: 26 3F    ROL $3F = #$00
f216    c6403798     i57838857    A:20 X:02 Y:06 S:DB P:nVUbdIZc  $01:A0F3: 29 01    AND #$01
f216    c6403800     i57838858    A:00 X:02 Y:06 S:DB P:nVUbdIZc  $01:A0F5: 05 3F    ORA $3F = #$00
f216    c6403803     i57838859    A:00 X:02 Y:06 S:DB P:nVUbdIZc  $01:A0F7: 85 3F    STA $3F = #$00
f216    c6403806     i57838860    A:00 X:02 Y:06 S:DB P:nVUbdIZc  $01:A0F9: 88       DEY
f216    c6403808     i57838861    A:00 X:02 Y:05 S:DB P:nVUbdIzc  $01:A0FA: D0 F1    BNE $A0ED
f216    c6403811     i57838862    A:00 X:02 Y:05 S:DB P:nVUbdIzc  $01:A0ED: BD 15 40 LDA $4015,X @ $4017 = #$01
f216    c6403815     i57838863    A:40 X:02 Y:05 S:DB P:nVUbdIzc  $01:A0F0: 4A       LSR
f216    c6403817     i57838864    A:20 X:02 Y:05 S:DB P:nVUbdIzc  $01:A0F1: 26 3F    ROL $3F = #$00
f216    c6403822     i57838865    A:20 X:02 Y:05 S:DB P:nVUbdIZc  $01:A0F3: 29 01    AND #$01
f216    c6403824     i57838866    A:00 X:02 Y:05 S:DB P:nVUbdIZc  $01:A0F5: 05 3F    ORA $3F = #$00
f216    c6403827     i57838867    A:00 X:02 Y:05 S:DB P:nVUbdIZc  $01:A0F7: 85 3F    STA $3F = #$00
f216    c6403830     i57838868    A:00 X:02 Y:05 S:DB P:nVUbdIZc  $01:A0F9: 88       DEY
f216    c6403832     i57838869    A:00 X:02 Y:04 S:DB P:nVUbdIzc  $01:A0FA: D0 F1    BNE $A0ED
f216    c6403835     i57838870    A:00 X:02 Y:04 S:DB P:nVUbdIzc  $01:A0ED: BD 15 40 LDA $4015,X @ $4017 = #$01
f216    c6403839     i57838871    A:40 X:02 Y:04 S:DB P:nVUbdIzc  $01:A0F0: 4A       LSR
f216    c6403841     i57838872    A:20 X:02 Y:04 S:DB P:nVUbdIzc  $01:A0F1: 26 3F    ROL $3F = #$00
f216    c6403846     i57838873    A:20 X:02 Y:04 S:DB P:nVUbdIZc  $01:A0F3: 29 01    AND #$01
f216    c6403848     i57838874    A:00 X:02 Y:04 S:DB P:nVUbdIZc  $01:A0F5: 05 3F    ORA $3F = #$00
f216    c6403851     i57838875    A:00 X:02 Y:04 S:DB P:nVUbdIZc  $01:A0F7: 85 3F    STA $3F = #$00
f216    c6403854     i57838876    A:00 X:02 Y:04 S:DB P:nVUbdIZc  $01:A0F9: 88       DEY
f216    c6403856     i57838877    A:00 X:02 Y:03 S:DB P:nVUbdIzc  $01:A0FA: D0 F1    BNE $A0ED
f216    c6403859     i57838878    A:00 X:02 Y:03 S:DB P:nVUbdIzc  $01:A0ED: BD 15 40 LDA $4015,X @ $4017 = #$01
f216    c6403863     i57838879    A:40 X:02 Y:03 S:DB P:nVUbdIzc  $01:A0F0: 4A       LSR
f216    c6403865     i57838880    A:20 X:02 Y:03 S:DB P:nVUbdIzc  $01:A0F1: 26 3F    ROL $3F = #$00
f216    c6403870     i57838881    A:20 X:02 Y:03 S:DB P:nVUbdIZc  $01:A0F3: 29 01    AND #$01
f216    c6403872     i57838882    A:00 X:02 Y:03 S:DB P:nVUbdIZc  $01:A0F5: 05 3F    ORA $3F = #$00
f216    c6403875     i57838883    A:00 X:02 Y:03 S:DB P:nVUbdIZc  $01:A0F7: 85 3F    STA $3F = #$00
f216    c6403878     i57838884    A:00 X:02 Y:03 S:DB P:nVUbdIZc  $01:A0F9: 88       DEY
f216    c6403880     i57838885    A:00 X:02 Y:02 S:DB P:nVUbdIzc  $01:A0FA: D0 F1    BNE $A0ED
f216    c6403883     i57838886    A:00 X:02 Y:02 S:DB P:nVUbdIzc  $01:A0ED: BD 15 40 LDA $4015,X @ $4017 = #$01
f216    c6403887     i57838887    A:40 X:02 Y:02 S:DB P:nVUbdIzc  $01:A0F0: 4A       LSR
f216    c6403889     i57838888    A:20 X:02 Y:02 S:DB P:nVUbdIzc  $01:A0F1: 26 3F    ROL $3F = #$00
f216    c6403894     i57838889    A:20 X:02 Y:02 S:DB P:nVUbdIZc  $01:A0F3: 29 01    AND #$01
f216    c6403896     i57838890    A:00 X:02 Y:02 S:DB P:nVUbdIZc  $01:A0F5: 05 3F    ORA $3F = #$00
f216    c6403899     i57838891    A:00 X:02 Y:02 S:DB P:nVUbdIZc  $01:A0F7: 85 3F    STA $3F = #$00
f216    c6403902     i57838892    A:00 X:02 Y:02 S:DB P:nVUbdIZc  $01:A0F9: 88       DEY
f216    c6403904     i57838893    A:00 X:02 Y:01 S:DB P:nVUbdIzc  $01:A0FA: D0 F1    BNE $A0ED
f216    c6403907     i57838894    A:00 X:02 Y:01 S:DB P:nVUbdIzc  $01:A0ED: BD 15 40 LDA $4015,X @ $4017 = #$01
f216    c6403911     i57838895    A:40 X:02 Y:01 S:DB P:nVUbdIzc  $01:A0F0: 4A       LSR
f217    c6432629     i57848245    A:40 X:19 Y:00 S:E0 P:nvUbdizC  $00:9F04: A5 1B    LDA $1B = #$40
f217    c6432632     i57848246    A:40 X:19 Y:00 S:E0 P:nvUbdizC  $00:9F06: 10 FC    BPL $9F04
f217    c6432635     i57848247    A:40 X:19 Y:00 S:E0 P:nvUbdizC  $00:9F04: A5 1B    LDA $1B = #$40
f217    c6432638     i57848248    A:40 X:19 Y:00 S:E0 P:nvUbdizC  $00:9F06: 10 FC    BPL $9F04
f217    c6432641     i57848249    A:40 X:19 Y:00 S:E0 P:nvUbdizC  $00:9F04: A5 1B    LDA $1B = #$40
f217    c6432644     i57848250    A:40 X:19 Y:00 S:E0 P:nvUbdizC  $00:9F06: 10 FC    BPL $9F04
f217    c6432647     i57848251    A:40 X:19 Y:00 S:E0 P:nvUbdizC  $00:9F04: A5 1B    LDA $1B = #$40
f217    c6432650     i57848252    A:40 X:19 Y:00 S:E0 P:nvUbdizC  $00:9F06: 10 FC    BPL $9F04
f217    c6432653     i57848253    A:40 X:19 Y:00 S:E0 P:nvUbdizC  $00:9F04: A5 1B    LDA $1B = #$40
f217    c6432656     i57848254    A:40 X:19 Y:00 S:E0 P:nvUbdizC  $00:9F06: 10 FC    BPL $9F04
f217    c6432659     i57848255    A:40 X:19 Y:00 S:E0 P:nvUbdizC  $00:9F04: A5 1B    LDA $1B = #$40
f217    c6432662     i57848256    A:40 X:19 Y:00 S:E0 P:nvUbdizC  $00:9F06: 10 FC    BPL $9F04
f217    c6432665     i57848257    A:40 X:19 Y:00 S:E0 P:nvUbdizC  $00:9F04: A5 1B    LDA $1B = #$40
f217    c6432668     i57848258    A:40 X:19 Y:00 S:E0 P:nvUbdizC  $00:9F06: 10 FC    BPL $9F04
f217    c6432671     i57848259    A:40 X:19 Y:00 S:E0 P:nvUbdizC  $00:9F04: A5 1B    LDA $1B = #$40
f217    c6432674     i57848260    A:40 X:19 Y:00 S:E0 P:nvUbdizC  $00:9F06: 10 FC    BPL $9F04
f217    c6432677     i57848261    A:40 X:19 Y:00 S:E0 P:nvUbdizC  $00:9F04: A5 1B    LDA $1B = #$40
f217    c6432680     i57848262    A:40 X:19 Y:00 S:E0 P:nvUbdizC  $00:9F06: 10 FC    BPL $9F04
f217    c6432683     i57848263    A:40 X:19 Y:00 S:E0 P:nvUbdizC  $00:9F04: A5 1B    LDA $1B = #$40
f217    c6432686     i57848264    A:40 X:19 Y:00 S:E0 P:nvUbdizC  $00:9F06: 10 FC    BPL $9F04
f217    c6432689     i57848265    A:40 X:19 Y:00 S:E0 P:nvUbdizC  $00:9F04: A5 1B    LDA $1B = #$40
f217    c6432692     i57848266    A:40 X:19 Y:00 S:E0 P:nvUbdizC  $00:9F06: 10 FC    BPL $9F04
f217    c6432695     i57848267    A:40 X:19 Y:00 S:E0 P:nvUbdizC  $00:9F04: A5 1B    LDA $1B = #$40
f217    c6432698     i57848268    A:40 X:19 Y:00 S:E0 P:nvUbdizC  $00:9F06: 10 FC    BPL $9F04
f217    c6432701     i57848269    A:40 X:19 Y:00 S:E0 P:nvUbdizC  $00:9F04: A5 1B    LDA $1B = #$40
f217    c6432704     i57848270    A:40 X:19 Y:00 S:E0 P:nvUbdizC  $00:9F06: 10 FC    BPL $9F04
f217    c6432714     i57848271    A:40 X:19 Y:00 S:DD P:nvUbdIzC  $0F:C500: 4C 6E C7 JMP $C76E
f217    c6432717     i57848272    A:40 X:19 Y:00 S:DD P:nvUbdIzC  $0F:C76E: 24 1B    BIT $1B = #$40
f217    c6432720     i57848273    A:40 X:19 Y:00 S:DD P:nVUbdIzC  $0F:C770: 50 03    BVC $C775
f217    c6432722     i57848274    A:40 X:19 Y:00 S:DD P:nVUbdIzC  $0F:C772: 4C 21 C4 JMP $C421
f217    c6432725     i57848275    A:40 X:19 Y:00 S:DD P:nVUbdIzC  $0F:C421: 24 3B    BIT $3B = #$55
f217    c6432728     i57848276    A:40 X:19 Y:00 S:DD P:nVUbdIzC  $0F:C423: 30 4D    BMI $C472
f217    c6432730     i57848277    A:40 X:19 Y:00 S:DD P:nVUbdIzC  $0F:C425: 38       SEC
f217    c6432732     i57848278    A:40 X:19 Y:00 S:DD P:nVUbdIzC  $0F:C426: 66 3B    ROR $3B = #$55
f217    c6432737     i57848279    A:40 X:19 Y:00 S:DD P:NVUbdIzC  $0F:C428: 85 3C    STA $3C = #$40
f217    c6432740     i57848280    A:40 X:19 Y:00 S:DD P:NVUbdIzC  $0F:C42A: 86 3D    STX $3D = #$19
f217    c6432743     i57848281    A:40 X:19 Y:00 S:DD P:NVUbdIzC  $0F:C42C: 84 3E    STY $3E = #$00
f217    c6432746     i57848282    A:40 X:19 Y:00 S:DD P:NVUbdIzC  $0F:C42E: A5 22    LDA $22 = #$00
f217    c6432749     i57848283    A:00 X:19 Y:00 S:DD P:nVUbdIZC  $0F:C430: 09 07    ORA #$07
f217    c6432751     i57848284    A:07 X:19 Y:00 S:DD P:nVUbdIzC  $0F:C432: 8D 00 80 STA $8000 = #$A5
f217    c6432755     i57848285    A:07 X:19 Y:00 S:DD P:nVUbdIzC  $0F:C435: A9 02    LDA #$02
f217    c6432757     i57848286    A:02 X:19 Y:00 S:DD P:nVUbdIzC  $0F:C437: 8D 01 80 STA $8001 = #$27
f224    c6648170     i57916883    A:00 X:00 Y:F8 S:EC P:nvUbdiZc  $01:A8EE: 99 02 02 STA $0202,Y @ $02FA = #$00
f224    c6648175     i57916884    A:00 X:00 Y:F8 S:EC P:nvUbdiZc  $01:A8F1: B9 6B 04 LDA $046B,Y @ $0563 = #$00
f224    c6648180     i57916885    A:00 X:00 Y:F8 S:EC P:nvUbdiZc  $01:A8F4: 99 03 02 STA $0203,Y @ $02FB = #$00
f224    c6648185     i57916886    A:00 X:00 Y:F8 S:EC P:nvUbdiZc  $01:A8F7: C8       INY
f224    c6648187     i57916887    A:00 X:00 Y:F9 S:EC P:NvUbdizc  $01:A8F8: C8       INY
f224    c6648189     i57916888    A:00 X:00 Y:FA S:EC P:NvUbdizc  $01:A8F9: C8       INY
f224    c6648191     i57916889    A:00 X:00 Y:FB S:EC P:NvUbdizc  $01:A8FA: C8       INY
f224    c6648193     i57916890    A:00 X:00 Y:FC S:EC P:NvUbdizc  $01:A8FB: D0 D8    BNE $A8D5
f224    c6648196     i57916891    A:00 X:00 Y:FC S:EC P:NvUbdizc  $01:A8D5: BE 68 04 LDX $0468,Y @ $0564 = #$00
f224    c6648201     i57916892    A:00 X:00 Y:FC S:EC P:nvUbdiZc  $01:A8D8: B9 6A 04 LDA $046A,Y @ $0566 = #$00
f224    c6648206     i57916893    A:00 X:00 Y:FC S:EC P:nvUbdiZc  $01:A8DB: 29 0C    AND #$0C
f224    c6648208     i57916894    A:00 X:00 Y:FC S:EC P:nvUbdiZc  $01:A8DD: F0 02    BEQ $A8E1
f224    c6648211     i57916895    A:00 X:00 Y:FC S:EC P:nvUbdiZc  $01:A8E1: 8A       TXA
f224    c6648213     i57916896    A:00 X:00 Y:FC S:EC P:nvUbdiZc  $01:A8E2: 99 00 02 STA $0200,Y @ $02FC = #$00
f224    c6648218     i57916897    A:00 X:00 Y:FC S:EC P:nvUbdiZc  $01:A8E5: B9 69 04 LDA $0469,Y @ $0565 = #$00
f224    c6648223     i57916898    A:00 X:00 Y:FC S:EC P:nvUbdiZc  $01:A8E8: 99 01 02 STA $0201,Y @ $02FD = #$00
f224    c6648228     i57916899    A:00 X:00 Y:FC S:EC P:nvUbdiZc  $01:A8EB: B9 6A 04 LDA $046A,Y @ $0566 = #$00
f224    c6648233     i57916900    A:00 X:00 Y:FC S:EC P:nvUbdiZc  $01:A8EE: 99 02 02 STA $0202,Y @ $02FE = #$00
f224    c6648238     i57916901    A:00 X:00 Y:FC S:EC P:nvUbdiZc  $01:A8F1: B9 6B 04 LDA $046B,Y @ $0567 = #$F8
f224    c6648243     i57916902    A:F8 X:00 Y:FC S:EC P:NvUbdizc  $01:A8F4: 99 03 02 STA $0203,Y @ $02FF = #$F8
f224    c6648248     i57916903    A:F8 X:00 Y:FC S:EC P:NvUbdizc  $01:A8F7: C8       INY
f224    c6648250     i57916904    A:F8 X:00 Y:FD S:EC P:NvUbdizc  $01:A8F8: C8       INY
f224    c6648252     i57916905    A:F8 X:00 Y:FE S:EC P:NvUbdizc  $01:A8F9: C8       INY
f224    c6648254     i57916906    A:F8 X:00 Y:FF S:EC P:NvUbdizc  $01:A8FA: C8       INY
f224    c6648256     i57916907    A:F8 X:00 Y:00 S:EC P:nvUbdiZc  $01:A8FB: D0 D8    BNE $A8D5
f224    c6648258     i57916908    A:F8 X:00 Y:00 S:EC P:nvUbdiZc  $01:A8FD: 60       RTS (from $A215)
f224    c6648264     i57916909    A:F8 X:00 Y:00 S:EE P:nvUbdiZc  $00:8392: A2 06    LDX #$06
f224    c6648266     i57916910    A:F8 X:06 Y:00 S:EE P:nvUbdizc  $00:8394: 20 B9 C4 JSR $C4B9
f224    c6648272     i57916911    A:F8 X:06 Y:00 S:EC P:nvUbdizc  $0F:C4B9: 86 25    STX $25 = #$02
f224    c6648275     i57916912    A:F8 X:06 Y:00 S:EC P:nvUbdizc  $0F:C4BB: A9 07    LDA #$07
f224    c6648277     i57916913    A:07 X:06 Y:00 S:EC P:nvUbdizc  $0F:C4BD: 05 22    ORA $22 = #$00
f224    c6648280     i57916914    A:07 X:06 Y:00 S:EC P:nvUbdizc  $0F:C4BF: 85 23    STA $23 = #$06
f224    c6648283     i57916915    A:07 X:06 Y:00 S:EC P:nvUbdizc  $0F:C4C1: 8D 00 80 STA $8000 = #$A5
f224    c6648287     i57916916    A:07 X:06 Y:00 S:EC P:nvUbdizc  $0F:C4C4: 8E 01 80 STX $8001 = #$27
f224    c6648291     i57916917    A:07 X:06 Y:00 S:EC P:nvUbdizc  $0F:C4C7: 60       RTS (from $C4B9)
f224    c6648297     i57916918    A:07 X:06 Y:00 S:EE P:nvUbdizc  $00:8397: 60       RTS (from $838A)
f224    c6648303     i57916919    A:07 X:06 Y:00 S:F0 P:nvUbdizc  $00:82F0: A5 4C    LDA $4C = #$00
f224    c6648306     i57916920    A:00 X:06 Y:00 S:F0 P:nvUbdiZc  $00:82F2: 10 F9    BPL $82ED
f224    c6648309     i57916921    A:00 X:06 Y:00 S:F0 P:nvUbdiZc  $00:82ED: 20 8A 83 JSR $838A
f224    c6648315     i57916922    A:00 X:06 Y:00 S:EE P:nvUbdiZc  $00:838A: A2 02    LDX #$02
f224    c6648317     i57916923    A:00 X:02 Y:00 S:EE P:nvUbdizc  $00:838C: 20 B9 C4 JSR $C4B9
f224    c6658001     i57920149    A:40 X:19 Y:00 S:E0 P:nvUbdizC  $00:9F06: 10 FC    BPL $9F04
f224    c6658004     i57920150    A:40 X:19 Y:00 S:E0 P:nvUbdizC  $00:9F04: A5 1B    LDA $1B = #$40
f224    c6658007     i57920151    A:40 X:19 Y:00 S:E0 P:nvUbdizC  $00:9F06: 10 FC    BPL $9F04
f224    c6658010     i57920152    A:40 X:19 Y:00 S:E0 P:nvUbdizC  $00:9F04: A5 1B    LDA $1B = #$40
f224    c6658013     i57920153    A:40 X:19 Y:00 S:E0 P:nvUbdizC  $00:9F06: 10 FC    BPL $9F04
f224    c6658016     i57920154    A:40 X:19 Y:00 S:E0 P:nvUbdizC  $00:9F04: A5 1B    LDA $1B = #$40
f224    c6658019     i57920155    A:40 X:19 Y:00 S:E0 P:nvUbdizC  $00:9F06: 10 FC    BPL $9F04
f224    c6658022     i57920156    A:40 X:19 Y:00 S:E0 P:nvUbdizC  $00:9F04: A5 1B    LDA $1B = #$40
f224    c6658025     i57920157    A:40 X:19 Y:00 S:E0 P:nvUbdizC  $00:9F06: 10 FC    BPL $9F04
f224    c6658028     i57920158    A:40 X:19 Y:00 S:E0 P:nvUbdizC  $00:9F04: A5 1B    LDA $1B = #$40
f224    c6658031     i57920159    A:40 X:19 Y:00 S:E0 P:nvUbdizC  $00:9F06: 10 FC    BPL $9F04
f224    c6658034     i57920160    A:40 X:19 Y:00 S:E0 P:nvUbdizC  $00:9F04: A5 1B    LDA $1B = #$40
f224    c6658037     i57920161    A:40 X:19 Y:00 S:E0 P:nvUbdizC  $00:9F06: 10 FC    BPL $9F04
f224    c6658040     i57920162    A:40 X:19 Y:00 S:E0 P:nvUbdizC  $00:9F04: A5 1B    LDA $1B = #$40
f224    c6658043     i57920163    A:40 X:19 Y:00 S:E0 P:nvUbdizC  $00:9F06: 10 FC    BPL $9F04
f224    c6658046     i57920164    A:40 X:19 Y:00 S:E0 P:nvUbdizC  $00:9F04: A5 1B    LDA $1B = #$40
f224    c6658049     i57920165    A:40 X:19 Y:00 S:E0 P:nvUbdizC  $00:9F06: 10 FC    BPL $9F04
f224    c6658052     i57920166    A:40 X:19 Y:00 S:E0 P:nvUbdizC  $00:9F04: A5 1B    LDA $1B = #$40
f224    c6658055     i57920167    A:40 X:19 Y:00 S:E0 P:nvUbdizC  $00:9F06: 10 FC    BPL $9F04
f224    c6658058     i57920168    A:40 X:19 Y:00 S:E0 P:nvUbdizC  $00:9F04: A5 1B    LDA $1B = #$40
f224    c6658061     i57920169    A:40 X:19 Y:00 S:E0 P:nvUbdizC  $00:9F06: 10 FC    BPL $9F04
f224    c6658064     i57920170    A:40 X:19 Y:00 S:E0 P:nvUbdizC  $00:9F04: A5 1B    LDA $1B = #$40
f224    c6658067     i57920171    A:40 X:19 Y:00 S:E0 P:nvUbdizC  $00:9F06: 10 FC    BPL $9F04
f224    c6658070     i57920172    A:40 X:19 Y:00 S:E0 P:nvUbdizC  $00:9F04: A5 1B    LDA $1B = #$40
f224    c6658073     i57920173    A:40 X:19 Y:00 S:E0 P:nvUbdizC  $00:9F06: 10 FC    BPL $9F04
f224    c6658076     i57920174    A:40 X:19 Y:00 S:E0 P:nvUbdizC  $00:9F04: A5 1B    LDA $1B = #$40
f224    c6658086     i57920175    A:40 X:19 Y:00 S:DD P:nvUbdIzC  $0F:C506: 4C 21 C8 JMP $C821
f224    c6658089     i57920176    A:40 X:19 Y:00 S:DD P:nvUbdIzC  $0F:C821: 24 1B    BIT $1B = #$40
f224    c6658092     i57920177    A:40 X:19 Y:00 S:DD P:nVUbdIzC  $0F:C823: 50 03    BVC $C828
f224    c6658094     i57920178    A:40 X:19 Y:00 S:DD P:nVUbdIzC  $0F:C825: 4C 78 C4 JMP $C478
f224    c6658097     i57920179    A:40 X:19 Y:00 S:DD P:nVUbdIzC  $0F:C478: 24 3B    BIT $3B = #$55
f224    c6658100     i57920180    A:40 X:19 Y:00 S:DD P:nVUbdIzC  $0F:C47A: 30 32    BMI $C4AE
f224    c6658102     i57920181    A:40 X:19 Y:00 S:DD P:nVUbdIzC  $0F:C47C: 38       SEC
f224    c6658104     i57920182    A:40 X:19 Y:00 S:DD P:nVUbdIzC  $0F:C47D: 66 3B    ROR $3B = #$55
f224    c6658109     i57920183    A:40 X:19 Y:00 S:DD P:NVUbdIzC  $0F:C47F: 85 3C    STA $3C = #$40
f224    c6658112     i57920184    A:40 X:19 Y:00 S:DD P:NVUbdIzC  $0F:C481: 86 3D    STX $3D = #$19
f224    c6658115     i57920185    A:40 X:19 Y:00 S:DD P:NVUbdIzC  $0F:C483: 84 3E    STY $3E = #$00
f224    c6658118     i57920186    A:40 X:19 Y:00 S:DD P:NVUbdIzC  $0F:C485: A5 22    LDA $22 = #$00
f224    c6658121     i57920187    A:00 X:19 Y:00 S:DD P:nVUbdIZC  $0F:C487: 09 07    ORA #$07
f224    c6658123     i57920188    A:07 X:19 Y:00 S:DD P:nVUbdIzC  $0F:C489: 8D 00 80 STA $8000 = #$A5
f224    c6658127     i57920189    A:07 X:19 Y:00 S:DD P:nVUbdIzC  $0F:C48C: A9 02    LDA #$02
f224    c6658129     i57920190    A:02 X:19 Y:00 S:DD P:nVUbdIzC  $0F:C48E: 8D 01 80 STA $8001 = #$27
f226    c6702238     i57934300    A:0C X:00 Y:00 S:DB P:nVUbdIZc  $06:8002: BC 00 07 LDY $0700,X @ $0700 = #$00
f226    c6702242     i57934301    A:0C X:00 Y:00 S:DB P:nVUbdIZc  $06:8005: C0 32    CPY #$32
f226    c6702244     i57934302    A:0C X:00 Y:00 S:DB P:NVUbdIzc  $06:8007: B0 0E    BCS $8017
f226    c6702246     i57934303    A:0C X:00 Y:00 S:DB P:NVUbdIzc  $06:8009: A0 07    LDY #$07
f226    c6702248     i57934304    A:0C X:00 Y:07 S:DB P:nVUbdIzc  $06:800B: 8C 00 80 STY $8000 = #$A2
f226    c6702252     i57934305    A:0C X:00 Y:07 S:DB P:nVUbdIzc  $06:800E: AC FC 07 LDY $07FC = #$00
f226    c6702256     i57934306    A:0C X:00 Y:00 S:DB P:nVUbdIZc  $06:8011: 8C 01 80 STY $8001 = #$05
f226    c6702260     i57934307    A:0C X:00 Y:00 S:DB P:nVUbdIZc  $06:8014: 4C 5E 80 JMP $805E
f226    c6702263     i57934308    A:0C X:00 Y:00 S:DB P:nVUbdIZc  $06:805E: CA       DEX
f226    c6702265     i57934309    A:0C X:FF Y:00 S:DB P:NVUbdIzc  $06:805F: 10 A1    BPL $8002
f226    c6702267     i57934310    A:0C X:FF Y:00 S:DB P:NVUbdIzc  $06:8061: A2 05    LDX #$05
f226    c6702269     i57934311    A:0C X:05 Y:00 S:DB P:nVUbdIzc  $06:8063: BC 00 07 LDY $0700,X @ $0705 = #$00
f226    c6702273     i57934312    A:0C X:05 Y:00 S:DB P:nVUbdIZc  $06:8066: F0 4F    BEQ $80B7
f226    c6702276     i57934313    A:0C X:05 Y:00 S:DB P:nVUbdIZc  $06:80B7: CA       DEX
f226    c6702278     i57934314    A:0C X:04 Y:00 S:DB P:nVUbdIzc  $06:80B8: 10 A9    BPL $8063
f226    c6702281     i57934315    A:0C X:04 Y:00 S:DB P:nVUbdIzc  $06:8063: BC 00 07 LDY $0700,X @ $0704 = #$00
f226    c6702285     i57934316    A:0C X:04 Y:00 S:DB P:nVUbdIZc  $06:8066: F0 4F    BEQ $80B7
f226    c6702288     i57934317    A:0C X:04 Y:00 S:DB P:nVUbdIZc  $06:80B7: CA       DEX
f226    c6702290     i57934318    A:0C X:03 Y:00 S:DB P:nVUbdIzc  $06:80B8: 10 A9    BPL $8063
f226    c6702293     i57934319    A:0C X:03 Y:00 S:DB P:nVUbdIzc  $06:8063: BC 00 07 LDY $0700,X @ $0703 = #$00
f226    c6702297     i57934320    A:0C X:03 Y:00 S:DB P:nVUbdIZc  $06:8066: F0 4F    BEQ $80B7
f226    c6702300     i57934321    A:0C X:03 Y:00 S:DB P:nVUbdIZc  $06:80B7: CA       DEX
f226    c6702302     i57934322    A:0C X:02 Y:00 S:DB P:nVUbdIzc  $06:80B8: 10 A9    BPL $8063
f226    c6702305     i57934323    A:0C X:02 Y:00 S:DB P:nVUbdIzc  $06:8063: BC 00 07 LDY $0700,X @ $0702 = #$00
f226    c6702309     i57934324    A:0C X:02 Y:00 S:DB P:nVUbdIZc  $06:8066: F0 4F    BEQ $80B7
f226    c6702312     i57934325    A:0C X:02 Y:00 S:DB P:nVUbdIZc  $06:80B7: CA       DEX
f226    c6702314     i57934326    A:0C X:01 Y:00 S:DB P:nVUbdIzc  $06:80B8: 10 A9    BPL $8063
f226    c6702317     i57934327    A:0C X:01 Y:00 S:DB P:nVUbdIzc  $06:8063: BC 00 07 LDY $0700,X @ $0701 = #$00
f226    c6702321     i57934328    A:0C X:01 Y:00 S:DB P:nVUbdIZc  $06:8066: F0 4F    BEQ $80B7
f226    c6702324     i57934329    A:0C X:01 Y:00 S:DB P:nVUbdIZc  $06:80B7: CA       DEX
f226    c6702326     i57934330    A:0C X:00 Y:00 S:DB P:nVUbdIZc  $06:80B8: 10 A9    BPL $8063
f226    c6702329     i57934331    A:0C X:00 Y:00 S:DB P:nVUbdIZc  $06:8063: BC 00 07 LDY $0700,X @ $0700 = #$00
f226    c6702333     i57934332    A:0C X:00 Y:00 S:DB P:nVUbdIZc  $06:8066: F0 4F    BEQ $80B7
f226    c6702336     i57934333    A:0C X:00 Y:00 S:DB P:nVUbdIZc  $06:80B7: CA       DEX
f226    c6702338     i57934334    A:0C X:FF Y:00 S:DB P:NVUbdIzc  $06:80B8: 10 A9    BPL $8063
f226    c6702340     i57934335    A:0C X:FF Y:00 S:DB P:NVUbdIzc  $06:80BA: A9 27    LDA #$27
f226    c6702342     i57934336    A:27 X:FF Y:00 S:DB P:nVUbdIzc  $06:80BC: 85 F0    STA $F0 = #$67
f226    c6702345     i57934337    A:27 X:FF Y:00 S:DB P:nVUbdIzc  $06:80BE: A9 07    LDA #$07
f226    c6702347     i57934338    A:07 X:FF Y:00 S:DB P:nVUbdIzc  $06:80C0: 85 F1    STA $F1 = #$07
f226    c6702350     i57934339    A:07 X:FF Y:00 S:DB P:nVUbdIzc  $06:80C2: A9 00    LDA #$00
f226    c6702352     i57934340    A:00 X:FF Y:00 S:DB P:nVUbdIZc  $06:80C4: 85 F2    STA $F2 = #$FF
f226    c6702355     i57934341    A:00 X:FF Y:00 S:DB P:nVUbdIZc  $06:80C6: A0 08    LDY #$08
f228    c6760215     i57953000    A:40 X:19 Y:00 S:E0 P:nvUbdizC  $00:9F04: A5 1B    LDA $1B = #$40
f228    c6760218     i57953001    A:40 X:19 Y:00 S:E0 P:nvUbdizC  $00:9F06: 10 FC    BPL $9F04
f228    c6760221     i57953002    A:40 X:19 Y:00 S:E0 P:nvUbdizC  $00:9F04: A5 1B    LDA $1B = #$40
f228    c6760224     i57953003    A:40 X:19 Y:00 S:E0 P:nvUbdizC  $00:9F06: 10 FC    BPL $9F04
f228    c6760227     i57953004    A:40 X:19 Y:00 S:E0 P:nvUbdizC  $00:9F04: A5 1B    LDA $1B = #$40
f228    c6760230     i57953005    A:40 X:19 Y:00 S:E0 P:nvUbdizC  $00:9F06: 10 FC    BPL $9F04
f228    c6760233     i57953006    A:40 X:19 Y:00 S:E0 P:nvUbdizC  $00:9F04: A5 1B    LDA $1B = #$40
f228    c6760236     i57953007    A:40 X:19 Y:00 S:E0 P:nvUbdizC  $00:9F06: 10 FC    BPL $9F04
f228    c6760239     i57953008    A:40 X:19 Y:00 S:E0 P:nvUbdizC  $00:9F04: A5 1B    LDA $1B = #$40
f228    c6760242     i57953009    A:40 X:19 Y:00 S:E0 P:nvUbdizC  $00:9F06: 10 FC    BPL $9F04
f228    c6760245     i57953010    A:40 X:19 Y:00 S:E0 P:nvUbdizC  $00:9F04: A5 1B    LDA $1B = #$40
f228    c6760248     i57953011    A:40 X:19 Y:00 S:E0 P:nvUbdizC  $00:9F06: 10 FC    BPL $9F04
f228    c6760251     i57953012    A:40 X:19 Y:00 S:E0 P:nvUbdizC  $00:9F04: A5 1B    LDA $1B = #$40
f228    c6760254     i57953013    A:40 X:19 Y:00 S:E0 P:nvUbdizC  $00:9F06: 10 FC    BPL $9F04
f228    c6760257     i57953014    A:40 X:19 Y:00 S:E0 P:nvUbdizC  $00:9F04: A5 1B    LDA $1B = #$40
f228    c6760260     i57953015    A:40 X:19 Y:00 S:E0 P:nvUbdizC  $00:9F06: 10 FC    BPL $9F04
f228    c6760263     i57953016    A:40 X:19 Y:00 S:E0 P:nvUbdizC  $00:9F04: A5 1B    LDA $1B = #$40
f228    c6760266     i57953017    A:40 X:19 Y:00 S:E0 P:nvUbdizC  $00:9F06: 10 FC    BPL $9F04
f228    c6760269     i57953018    A:40 X:19 Y:00 S:E0 P:nvUbdizC  $00:9F04: A5 1B    LDA $1B = #$40
f228    c6760272     i57953019    A:40 X:19 Y:00 S:E0 P:nvUbdizC  $00:9F06: 10 FC    BPL $9F04
f228    c6760275     i57953020    A:40 X:19 Y:00 S:E0 P:nvUbdizC  $00:9F04: A5 1B    LDA $1B = #$40
f228    c6760278     i57953021    A:40 X:19 Y:00 S:E0 P:nvUbdizC  $00:9F06: 10 FC    BPL $9F04
f228    c6760281     i57953022    A:40 X:19 Y:00 S:E0 P:nvUbdizC  $00:9F04: A5 1B    LDA $1B = #$40
f228    c6760284     i57953023    A:40 X:19 Y:00 S:E0 P:nvUbdizC  $00:9F06: 10 FC    BPL $9F04
f228    c6760287     i57953024    A:40 X:19 Y:00 S:E0 P:nvUbdizC  $00:9F04: A5 1B    LDA $1B = #$40
f228    c6760290     i57953025    A:40 X:19 Y:00 S:E0 P:nvUbdizC  $00:9F06: 10 FC    BPL $9F04
f228    c6760300     i57953026    A:40 X:19 Y:00 S:DD P:nvUbdIzC  $0F:C500: 4C 6E C7 JMP $C76E
f228    c6760303     i57953027    A:40 X:19 Y:00 S:DD P:nvUbdIzC  $0F:C76E: 24 1B    BIT $1B = #$40
f228    c6760306     i57953028    A:40 X:19 Y:00 S:DD P:nVUbdIzC  $0F:C770: 50 03    BVC $C775
f228    c6760308     i57953029    A:40 X:19 Y:00 S:DD P:nVUbdIzC  $0F:C772: 4C 21 C4 JMP $C421
f228    c6760311     i57953030    A:40 X:19 Y:00 S:DD P:nVUbdIzC  $0F:C421: 24 3B    BIT $3B = #$55
f228    c6760314     i57953031    A:40 X:19 Y:00 S:DD P:nVUbdIzC  $0F:C423: 30 4D    BMI $C472
f228    c6760316     i57953032    A:40 X:19 Y:00 S:DD P:nVUbdIzC  $0F:C425: 38       SEC
f228    c6760318     i57953033    A:40 X:19 Y:00 S:DD P:nVUbdIzC  $0F:C426: 66 3B    ROR $3B = #$55
f228    c6760323     i57953034    A:40 X:19 Y:00 S:DD P:NVUbdIzC  $0F:C428: 85 3C    STA $3C = #$40
f228    c6760326     i57953035    A:40 X:19 Y:00 S:DD P:NVUbdIzC  $0F:C42A: 86 3D    STX $3D = #$19
f228    c6760329     i57953036    A:40 X:19 Y:00 S:DD P:NVUbdIzC  $0F:C42C: 84 3E    STY $3E = #$00
f228    c6760332     i57953037    A:40 X:19 Y:00 S:DD P:NVUbdIzC  $0F:C42E: A5 22    LDA $22 = #$00
f228    c6760335     i57953038    A:00 X:19 Y:00 S:DD P:nVUbdIZC  $0F:C430: 09 07    ORA #$07
f228    c6760337     i57953039    A:07 X:19 Y:00 S:DD P:nVUbdIzC  $0F:C432: 8D 00 80 STA $8000 = #$A5
f228    c6760341     i57953040    A:07 X:19 Y:00 S:DD P:nVUbdIzC  $0F:C435: A9 02    LDA #$02
f228    c6760343     i57953041    A:02 X:19 Y:00 S:DD P:nVUbdIzC  $0F:C437: 8D 01 80 STA $8001 = #$27
f233    c6910056     i58000748    A:00 X:02 Y:06 S:DB P:nVUbdIzc  $01:A0ED: BD 15 40 LDA $4015,X @ $4017 = #$01
f233    c6910060     i58000749    A:40 X:02 Y:06 S:DB P:nVUbdIzc  $01:A0F0: 4A       LSR
f233    c6910062     i58000750    A:20 X:02 Y:06 S:DB P:nVUbdIzc  $01:A0F1: 26 3F    ROL $3F = #$00
f233    c6910067     i58000751    A:20 X:02 Y:06 S:DB P:nVUbdIZc  $01:A0F3: 29 01    AND #$01
f233    c6910069     i58000752    A:00 X:02 Y:06 S:DB P:nVUbdIZc  $01:A0F5: 05 3F    ORA $3F = #$00
f233    c6910072     i58000753    A:00 X:02 Y:06 S:DB P:nVUbdIZc  $01:A0F7: 85 3F    STA $3F = #$00
f233    c6910075     i58000754    A:00 X:02 Y:06 S:DB P:nVUbdIZc  $01:A0F9: 88       DEY
f233    c6910077     i58000755    A:00 X:02 Y:05 S:DB P:nVUbdIzc  $01:A0FA: D0 F1    BNE $A0ED
f233    c6910080     i58000756    A:00 X:02 Y:05 S:DB P:nVUbdIzc  $01:A0ED: BD 15 40 LDA $4015,X @ $4017 = #$01
f233    c6910084     i58000757    A:40 X:02 Y:05 S:DB P:nVUbdIzc  $01:A0F0: 4A       LSR
f233    c6910086     i58000758    A:20 X:02 Y:05 S:DB P:nVUbdIzc  $01:A0F1: 26 3F    ROL $3F = #$00
f233    c6910091     i58000759    A:20 X:02 Y:05 S:DB P:nVUbdIZc  $01:A0F3: 29 01    AND #$01
f233    c6910093     i58000760    A:00 X:02 Y:05 S:DB P:nVUbdIZc  $01:A0F5: 05 3F    ORA $3F = #$00
f233    c6910096     i58000761    A:00 X:02 Y:05 S:DB P:nVUbdIZc  $01:A0F7: 85 3F    STA $3F = #$00
f233    c6910099     i58000762    A:00 X:02 Y:05 S:DB P:nVUbdIZc  $01:A0F9: 88       DEY
f233    c6910101     i58000763    A:00 X:02 Y:04 S:DB P:nVUbdIzc  $01:A0FA: D0 F1    BNE $A0ED
f233    c6910104     i58000764    A:00 X:02 Y:04 S:DB P:nVUbdIzc  $01:A0ED: BD 15 40 LDA $4015,X @ $4017 = #$01
f233    c6910108     i58000765    A:40 X:02 Y:04 S:DB P:nVUbdIzc  $01:A0F0: 4A       LSR
f233    c6910110     i58000766    A:20 X:02 Y:04 S:DB P:nVUbdIzc  $01:A0F1: 26 3F    ROL $3F = #$00
f233    c6910115     i58000767    A:20 X:02 Y:04 S:DB P:nVUbdIZc  $01:A0F3: 29 01    AND #$01
f233    c6910117     i58000768    A:00 X:02 Y:04 S:DB P:nVUbdIZc  $01:A0F5: 05 3F    ORA $3F = #$00
f233    c6910120     i58000769    A:00 X:02 Y:04 S:DB P:nVUbdIZc  $01:A0F7: 85 3F    STA $3F = #$00
f233    c6910123     i58000770    A:00 X:02 Y:04 S:DB P:nVUbdIZc  $01:A0F9: 88       DEY
f233    c6910125     i58000771    A:00 X:02 Y:03 S:DB P:nVUbdIzc  $01:A0FA: D0 F1    BNE $A0ED
f233    c6910128     i58000772    A:00 X:02 Y:03 S:DB P:nVUbdIzc  $01:A0ED: BD 15 40 LDA $4015,X @ $4017 = #$01
f233    c6910132     i58000773    A:40 X:02 Y:03 S:DB P:nVUbdIzc  $01:A0F0: 4A       LSR
f233    c6910134     i58000774    A:20 X:02 Y:03 S:DB P:nVUbdIzc  $01:A0F1: 26 3F    ROL $3F = #$00
f233    c6910139     i58000775    A:20 X:02 Y:03 S:DB P:nVUbdIZc  $01:A0F3: 29 01    AND #$01
f233    c6910141     i58000776    A:00 X:02 Y:03 S:DB P:nVUbdIZc  $01:A0F5: 05 3F    ORA $3F = #$00
f233    c6910144     i58000777    A:00 X:02 Y:03 S:DB P:nVUbdIZc  $01:A0F7: 85 3F    STA $3F = #$00
f233    c6910147     i58000778    A:00 X:02 Y:03 S:DB P:nVUbdIZc  $01:A0F9: 88       DEY
f233    c6910149     i58000779    A:00 X:02 Y:02 S:DB P:nVUbdIzc  $01:A0FA: D0 F1    BNE $A0ED
f233    c6910152     i58000780    A:00 X:02 Y:02 S:DB P:nVUbdIzc  $01:A0ED: BD 15 40 LDA $4015,X @ $4017 = #$01
f233    c6910156     i58000781    A:40 X:02 Y:02 S:DB P:nVUbdIzc  $01:A0F0: 4A       LSR
f233    c6910158     i58000782    A:20 X:02 Y:02 S:DB P:nVUbdIzc  $01:A0F1: 26 3F    ROL $3F = #$00
f233    c6910163     i58000783    A:20 X:02 Y:02 S:DB P:nVUbdIZc  $01:A0F3: 29 01    AND #$01
f233    c6910165     i58000784    A:00 X:02 Y:02 S:DB P:nVUbdIZc  $01:A0F5: 05 3F    ORA $3F = #$00
f233    c6910168     i58000785    A:00 X:02 Y:02 S:DB P:nVUbdIZc  $01:A0F7: 85 3F    STA $3F = #$00
f233    c6910171     i58000786    A:00 X:02 Y:02 S:DB P:nVUbdIZc  $01:A0F9: 88       DEY
f233    c6910173     i58000787    A:00 X:02 Y:01 S:DB P:nVUbdIzc  $01:A0FA: D0 F1    BNE $A0ED
f233    c6910176     i58000788    A:00 X:02 Y:01 S:DB P:nVUbdIzc  $01:A0ED: BD 15 40 LDA $4015,X @ $4017 = #$01
f233    c6910180     i58000789    A:40 X:02 Y:01 S:DB P:nVUbdIzc  $01:A0F0: 4A       LSR
f234    c6938901     i58010140    A:40 X:19 Y:00 S:E0 P:nvUbdizC  $00:9F04: A5 1B    LDA $1B = #$40
f234    c6938904     i58010141    A:40 X:19 Y:00 S:E0 P:nvUbdizC  $00:9F06: 10 FC    BPL $9F04
f234    c6938907     i58010142    A:40 X:19 Y:00 S:E0 P:nvUbdizC  $00:9F04: A5 1B    LDA $1B = #$40
f234    c6938910     i58010143    A:40 X:19 Y:00 S:E0 P:nvUbdizC  $00:9F06: 10 FC    BPL $9F04
f234    c6938913     i58010144    A:40 X:19 Y:00 S:E0 P:nvUbdizC  $00:9F04: A5 1B    LDA $1B = #$40
f234    c6938916     i58010145    A:40 X:19 Y:00 S:E0 P:nvUbdizC  $00:9F06: 10 FC    BPL $9F04
f234    c6938919     i58010146    A:40 X:19 Y:00 S:E0 P:nvUbdizC  $00:9F04: A5 1B    LDA $1B = #$40
f234    c6938922     i58010147    A:40 X:19 Y:00 S:E0 P:nvUbdizC  $00:9F06: 10 FC    BPL $9F04
f234    c6938925     i58010148    A:40 X:19 Y:00 S:E0 P:nvUbdizC  $00:9F04: A5 1B    LDA $1B = #$40
f234    c6938928     i58010149    A:40 X:19 Y:00 S:E0 P:nvUbdizC  $00:9F06: 10 FC    BPL $9F04
f234    c6938931     i58010150    A:40 X:19 Y:00 S:E0 P:nvUbdizC  $00:9F04: A5 1B    LDA $1B = #$40
f234    c6938934     i58010151    A:40 X:19 Y:00 S:E0 P:nvUbdizC  $00:9F06: 10 FC    BPL $9F04
f234    c6938937     i58010152    A:40 X:19 Y:00 S:E0 P:nvUbdizC  $00:9F04: A5 1B    LDA $1B = #$40
f234    c6938940     i58010153    A:40 X:19 Y:00 S:E0 P:nvUbdizC  $00:9F06: 10 FC    BPL $9F04
f234    c6938943     i58010154    A:40 X:19 Y:00 S:E0 P:nvUbdizC  $00:9F04: A5 1B    LDA $1B = #$40
f234    c6938946     i58010155    A:40 X:19 Y:00 S:E0 P:nvUbdizC  $00:9F06: 10 FC    BPL $9F04
f234    c6938949     i58010156    A:40 X:19 Y:00 S:E0 P:nvUbdizC  $00:9F04: A5 1B    LDA $1B = #$40
f234    c6938952     i58010157    A:40 X:19 Y:00 S:E0 P:nvUbdizC  $00:9F06: 10 FC    BPL $9F04
f234    c6938955     i58010158    A:40 X:19 Y:00 S:E0 P:nvUbdizC  $00:9F04: A5 1B    LDA $1B = #$40
f234    c6938958     i58010159    A:40 X:19 Y:00 S:E0 P:nvUbdizC  $00:9F06: 10 FC    BPL $9F04
f234    c6938961     i58010160    A:40 X:19 Y:00 S:E0 P:nvUbdizC  $00:9F04: A5 1B    LDA $1B = #$40
f234    c6938964     i58010161    A:40 X:19 Y:00 S:E0 P:nvUbdizC  $00:9F06: 10 FC    BPL $9F04
f234    c6938967     i58010162    A:40 X:19 Y:00 S:E0 P:nvUbdizC  $00:9F04: A5 1B    LDA $1B = #$40
f234    c6938970     i58010163    A:40 X:19 Y:00 S:E0 P:nvUbdizC  $00:9F06: 10 FC    BPL $9F04
f234    c6938973     i58010164    A:40 X:19 Y:00 S:E0 P:nvUbdizC  $00:9F04: A5 1B    LDA $1B = #$40
f234    c6938983     i58010165    A:40 X:19 Y:00 S:DD P:nvUbdIzC  $0F:C500: 4C 6E C7 JMP $C76E
f234    c6938986     i58010166    A:40 X:19 Y:00 S:DD P:nvUbdIzC  $0F:C76E: 24 1B    BIT $1B = #$40
f234    c6938989     i58010167    A:40 X:19 Y:00 S:DD P:nVUbdIzC  $0F:C770: 50 03    BVC $C775
f234    c6938991     i58010168    A:40 X:19 Y:00 S:DD P:nVUbdIzC  $0F:C772: 4C 21 C4 JMP $C421
f234    c6938994     i58010169    A:40 X:19 Y:00 S:DD P:nVUbdIzC  $0F:C421: 24 3B    BIT $3B = #$55
f234    c6938997     i58010170    A:40 X:19 Y:00 S:DD P:nVUbdIzC  $0F:C423: 30 4D    BMI $C472
f234    c6938999     i58010171    A:40 X:19 Y:00 S:DD P:nVUbdIzC  $0F:C425: 38       SEC
f234    c6939001     i58010172    A:40 X:19 Y:00 S:DD P:nVUbdIzC  $0F:C426: 66 3B    ROR $3B = #$55
f234    c6939006     i58010173    A:40 X:19 Y:00 S:DD P:NVUbdIzC  $0F:C428: 85 3C    STA $3C = #$40
f234    c6939009     i58010174    A:40 X:19 Y:00 S:DD P:NVUbdIzC  $0F:C42A: 86 3D    STX $3D = #$19
f234    c6939012     i58010175    A:40 X:19 Y:00 S:DD P:NVUbdIzC  $0F:C42C: 84 3E    STY $3E = #$00
f234    c6939015     i58010176    A:40 X:19 Y:00 S:DD P:NVUbdIzC  $0F:C42E: A5 22    LDA $22 = #$00
f234    c6939018     i58010177    A:00 X:19 Y:00 S:DD P:nVUbdIZC  $0F:C430: 09 07    ORA #$07
f234    c6939020     i58010178    A:07 X:19 Y:00 S:DD P:nVUbdIzC  $0F:C432: 8D 00 80 STA $8000 = #$A5
f234    c6939024     i58010179    A:07 X:19 Y:00 S:DD P:nVUbdIzC  $0F:C435: A9 02    LDA #$02
f234    c6939026     i58010180    A:02 X:19 Y:00 S:DD P:nVUbdIzC  $0F:C437: 8D 01 80 STA $8001 = #$27
f234    c6939030     i58010181    A:02 X:19 Y:00 S:DD P:nVUbdIzC  $0F:C43A: 20 00 A0 JSR $A000
f236    c6999348     i58029301    A:00 X:02 Y:08 S:DB P:nVUbdIzc  $01:A0ED: BD 15 40 LDA $4015,X @ $4017 = #$01
f236    c6999352     i58029302    A:40 X:02 Y:08 S:DB P:nVUbdIzc  $01:A0F0: 4A       LSR
f236    c6999354     i58029303    A:20 X:02 Y:08 S:DB P:nVUbdIzc  $01:A0F1: 26 3F    ROL $3F = #$00
f236    c6999359     i58029304    A:20 X:02 Y:08 S:DB P:nVUbdIZc  $01:A0F3: 29 01    AND #$01
f236    c6999361     i58029305    A:00 X:02 Y:08 S:DB P:nVUbdIZc  $01:A0F5: 05 3F    ORA $3F = #$00
f236    c6999364     i58029306    A:00 X:02 Y:08 S:DB P:nVUbdIZc  $01:A0F7: 85 3F    STA $3F = #$00
f236    c6999367     i58029307    A:00 X:02 Y:08 S:DB P:nVUbdIZc  $01:A0F9: 88       DEY
f236    c6999369     i58029308    A:00 X:02 Y:07 S:DB P:nVUbdIzc  $01:A0FA: D0 F1    BNE $A0ED
f236    c6999372     i58029309    A:00 X:02 Y:07 S:DB P:nVUbdIzc  $01:A0ED: BD 15 40 LDA $4015,X @ $4017 = #$01
f236    c6999376     i58029310    A:40 X:02 Y:07 S:DB P:nVUbdIzc  $01:A0F0: 4A       LSR
f236    c6999378     i58029311    A:20 X:02 Y:07 S:DB P:nVUbdIzc  $01:A0F1: 26 3F    ROL $3F = #$00
f236    c6999383     i58029312    A:20 X:02 Y:07 S:DB P:nVUbdIZc  $01:A0F3: 29 01    AND #$01
f236    c6999385     i58029313    A:00 X:02 Y:07 S:DB P:nVUbdIZc  $01:A0F5: 05 3F    ORA $3F = #$00
f236    c6999388     i58029314    A:00 X:02 Y:07 S:DB P:nVUbdIZc  $01:A0F7: 85 3F    STA $3F = #$00
f236    c6999391     i58029315    A:00 X:02 Y:07 S:DB P:nVUbdIZc  $01:A0F9: 88       DEY
f236    c6999393     i58029316    A:00 X:02 Y:06 S:DB P:nVUbdIzc  $01:A0FA: D0 F1    BNE $A0ED
f236    c6999396     i58029317    A:00 X:02 Y:06 S:DB P:nVUbdIzc  $01:A0ED: BD 15 40 LDA $4015,X @ $4017 = #$01
f236    c6999400     i58029318    A:40 X:02 Y:06 S:DB P:nVUbdIzc  $01:A0F0: 4A       LSR
f236    c6999402     i58029319    A:20 X:02 Y:06 S:DB P:nVUbdIzc  $01:A0F1: 26 3F    ROL $3F = #$00
f236    c6999407     i58029320    A:20 X:02 Y:06 S:DB P:nVUbdIZc  $01:A0F3: 29 01    AND #$01
f236    c6999409     i58029321    A:00 X:02 Y:06 S:DB P:nVUbdIZc  $01:A0F5: 05 3F    ORA $3F = #$00
f236    c6999412     i58029322    A:00 X:02 Y:06 S:DB P:nVUbdIZc  $01:A0F7: 85 3F    STA $3F = #$00
f236    c6999415     i58029323    A:00 X:02 Y:06 S:DB P:nVUbdIZc  $01:A0F9: 88       DEY
f236    c6999417     i58029324    A:00 X:02 Y:05 S:DB P:nVUbdIzc  $01:A0FA: D0 F1    BNE $A0ED
f236    c6999420     i58029325    A:00 X:02 Y:05 S:DB P:nVUbdIzc  $01:A0ED: BD 15 40 LDA $4015,X @ $4017 = #$01
f236    c6999424     i58029326    A:40 X:02 Y:05 S:DB P:nVUbdIzc  $01:A0F0: 4A       LSR
f236    c6999426     i58029327    A:20 X:02 Y:05 S:DB P:nVUbdIzc  $01:A0F1: 26 3F    ROL $3F = #$00
f236    c6999431     i58029328    A:20 X:02 Y:05 S:DB P:nVUbdIZc  $01:A0F3: 29 01    AND #$01
f236    c6999433     i58029329    A:00 X:02 Y:05 S:DB P:nVUbdIZc  $01:A0F5: 05 3F    ORA $3F = #$00
f236    c6999436     i58029330    A:00 X:02 Y:05 S:DB P:nVUbdIZc  $01:A0F7: 85 3F    STA $3F = #$00
f236    c6999439     i58029331    A:00 X:02 Y:05 S:DB P:nVUbdIZc  $01:A0F9: 88       DEY
f236    c6999441     i58029332    A:00 X:02 Y:04 S:DB P:nVUbdIzc  $01:A0FA: D0 F1    BNE $A0ED
f236    c6999444     i58029333    A:00 X:02 Y:04 S:DB P:nVUbdIzc  $01:A0ED: BD 15 40 LDA $4015,X @ $4017 = #$01
f236    c6999448     i58029334    A:40 X:02 Y:04 S:DB P:nVUbdIzc  $01:A0F0: 4A       LSR
f236    c6999450     i58029335    A:20 X:02 Y:04 S:DB P:nVUbdIzc  $01:A0F1: 26 3F    ROL $3F = #$00
f236    c6999455     i58029336    A:20 X:02 Y:04 S:DB P:nVUbdIZc  $01:A0F3: 29 01    AND #$01
f236    c6999457     i58029337    A:00 X:02 Y:04 S:DB P:nVUbdIZc  $01:A0F5: 05 3F    ORA $3F = #$00
f236    c6999460     i58029338    A:00 X:02 Y:04 S:DB P:nVUbdIZc  $01:A0F7: 85 3F    STA $3F = #$00
f236    c6999463     i58029339    A:00 X:02 Y:04 S:DB P:nVUbdIZc  $01:A0F9: 88       DEY
f236    c6999465     i58029340    A:00 X:02 Y:03 S:DB P:nVUbdIzc  $01:A0FA: D0 F1    BNE $A0ED
f236    c6999468     i58029341    A:00 X:02 Y:03 S:DB P:nVUbdIzc  $01:A0ED: BD 15 40 LDA $4015,X @ $4017 = #$01
f236    c6999472     i58029342    A:40 X:02 Y:03 S:DB P:nVUbdIzc  $01:A0F0: 4A       LSR
f240    c7124656     i58069253    A:00 X:00 Y:F8 S:EC P:nvUbdiZc  $01:A8EE: 99 02 02 STA $0202,Y @ $02FA = #$00
f240    c7124661     i58069254    A:00 X:00 Y:F8 S:EC P:nvUbdiZc  $01:A8F1: B9 6B 04 LDA $046B,Y @ $0563 = #$00
f240    c7124666     i58069255    A:00 X:00 Y:F8 S:EC P:nvUbdiZc  $01:A8F4: 99 03 02 STA $0203,Y @ $02FB = #$00
f240    c7124671     i58069256    A:00 X:00 Y:F8 S:EC P:nvUbdiZc  $01:A8F7: C8       INY
f240    c7124673     i58069257    A:00 X:00 Y:F9 S:EC P:NvUbdizc  $01:A8F8: C8       INY
f240    c7124675     i58069258    A:00 X:00 Y:FA S:EC P:NvUbdizc  $01:A8F9: C8       INY
f240    c7124677     i58069259    A:00 X:00 Y:FB S:EC P:NvUbdizc  $01:A8FA: C8       INY
f240    c7124679     i58069260    A:00 X:00 Y:FC S:EC P:NvUbdizc  $01:A8FB: D0 D8    BNE $A8D5
f240    c7124682     i58069261    A:00 X:00 Y:FC S:EC P:NvUbdizc  $01:A8D5: BE 68 04 LDX $0468,Y @ $0564 = #$00
f240    c7124687     i58069262    A:00 X:00 Y:FC S:EC P:nvUbdiZc  $01:A8D8: B9 6A 04 LDA $046A,Y @ $0566 = #$00
f240    c7124692     i58069263    A:00 X:00 Y:FC S:EC P:nvUbdiZc  $01:A8DB: 29 0C    AND #$0C
f240    c7124694     i58069264    A:00 X:00 Y:FC S:EC P:nvUbdiZc  $01:A8DD: F0 02    BEQ $A8E1
f240    c7124697     i58069265    A:00 X:00 Y:FC S:EC P:nvUbdiZc  $01:A8E1: 8A       TXA
f240    c7124699     i58069266    A:00 X:00 Y:FC S:EC P:nvUbdiZc  $01:A8E2: 99 00 02 STA $0200,Y @ $02FC = #$00
f240    c7124704     i58069267    A:00 X:00 Y:FC S:EC P:nvUbdiZc  $01:A8E5: B9 69 04 LDA $0469,Y @ $0565 = #$00
f240    c7124709     i58069268    A:00 X:00 Y:FC S:EC P:nvUbdiZc  $01:A8E8: 99 01 02 STA $0201,Y @ $02FD = #$00
f240    c7124714     i58069269    A:00 X:00 Y:FC S:EC P:nvUbdiZc  $01:A8EB: B9 6A 04 LDA $046A,Y @ $0566 = #$00
f240    c7124719     i58069270    A:00 X:00 Y:FC S:EC P:nvUbdiZc  $01:A8EE: 99 02 02 STA $0202,Y @ $02FE = #$00
f240    c7124724     i58069271    A:00 X:00 Y:FC S:EC P:nvUbdiZc  $01:A8F1: B9 6B 04 LDA $046B,Y @ $0567 = #$F8
f240    c7124729     i58069272    A:F8 X:00 Y:FC S:EC P:NvUbdizc  $01:A8F4: 99 03 02 STA $0203,Y @ $02FF = #$F8
f240    c7124734     i58069273    A:F8 X:00 Y:FC S:EC P:NvUbdizc  $01:A8F7: C8       INY
f240    c7124736     i58069274    A:F8 X:00 Y:FD S:EC P:NvUbdizc  $01:A8F8: C8       INY
f240    c7124738     i58069275    A:F8 X:00 Y:FE S:EC P:NvUbdizc  $01:A8F9: C8       INY
f240    c7124740     i58069276    A:F8 X:00 Y:FF S:EC P:NvUbdizc  $01:A8FA: C8       INY
f240    c7124742     i58069277    A:F8 X:00 Y:00 S:EC P:nvUbdiZc  $01:A8FB: D0 D8    BNE $A8D5
f240    c7124744     i58069278    A:F8 X:00 Y:00 S:EC P:nvUbdiZc  $01:A8FD: 60       RTS (from $A215)
f240    c7124750     i58069279    A:F8 X:00 Y:00 S:EE P:nvUbdiZc  $00:8392: A2 06    LDX #$06
f240    c7124752     i58069280    A:F8 X:06 Y:00 S:EE P:nvUbdizc  $00:8394: 20 B9 C4 JSR $C4B9
f240    c7124758     i58069281    A:F8 X:06 Y:00 S:EC P:nvUbdizc  $0F:C4B9: 86 25    STX $25 = #$02
f240    c7124761     i58069282    A:F8 X:06 Y:00 S:EC P:nvUbdizc  $0F:C4BB: A9 07    LDA #$07
f240    c7124763     i58069283    A:07 X:06 Y:00 S:EC P:nvUbdizc  $0F:C4BD: 05 22    ORA $22 = #$00
f240    c7124766     i58069284    A:07 X:06 Y:00 S:EC P:nvUbdizc  $0F:C4BF: 85 23    STA $23 = #$06
f240    c7124769     i58069285    A:07 X:06 Y:00 S:EC P:nvUbdizc  $0F:C4C1: 8D 00 80 STA $8000 = #$A5
f240    c7124773     i58069286    A:07 X:06 Y:00 S:EC P:nvUbdizc  $0F:C4C4: 8E 01 80 STX $8001 = #$27
f240    c7124777     i58069287    A:07 X:06 Y:00 S:EC P:nvUbdizc  $0F:C4C7: 60       RTS (from $C4B9)
f240    c7124783     i58069288    A:07 X:06 Y:00 S:EE P:nvUbdizc  $00:8397: 60       RTS (from $838A)
f240    c7124789     i58069289    A:07 X:06 Y:00 S:F0 P:nvUbdizc  $00:82F0: A5 4C    LDA $4C = #$00
f240    c7124792     i58069290    A:00 X:06 Y:00 S:F0 P:nvUbdiZc  $00:82F2: 10 F9    BPL $82ED
f240    c7124795     i58069291    A:00 X:06 Y:00 S:F0 P:nvUbdiZc  $00:82ED: 20 8A 83 JSR $838A
f240    c7124801     i58069292    A:00 X:06 Y:00 S:EE P:nvUbdiZc  $00:838A: A2 02    LDX #$02
f240    c7124803     i58069293    A:00 X:02 Y:00 S:EE P:nvUbdizc  $00:838C: 20 B9 C4 JSR $C4B9
f240    c7134487     i58072519    A:40 X:19 Y:00 S:E0 P:nvUbdizC  $00:9F06: 10 FC    BPL $9F04
f240    c7134490     i58072520    A:40 X:19 Y:00 S:E0 P:nvUbdizC  $00:9F04: A5 1B    LDA $1B = #$40
f240    c7134493     i58072521    A:40 X:19 Y:00 S:E0 P:nvUbdizC  $00:9F06: 10 FC    BPL $9F04
f240    c7134496     i58072522    A:40 X:19 Y:00 S:E0 P:nvUbdizC  $00:9F04: A5 1B    LDA $1B = #$40
f240    c7134499     i58072523    A:40 X:19 Y:00 S:E0 P:nvUbdizC  $00:9F06: 10 FC    BPL $9F04
f240    c7134502     i58072524    A:40 X:19 Y:00 S:E0 P:nvUbdizC  $00:9F04: A5 1B    LDA $1B = #$40
f240    c7134505     i58072525    A:40 X:19 Y:00 S:E0 P:nvUbdizC  $00:9F06: 10 FC    BPL $9F04
f240    c7134508     i58072526    A:40 X:19 Y:00 S:E0 P:nvUbdizC  $00:9F04: A5 1B    LDA $1B = #$40
f240    c7134511     i58072527    A:40 X:19 Y:00 S:E0 P:nvUbdizC  $00:9F06: 10 FC    BPL $9F04
f240    c7134514     i58072528    A:40 X:19 Y:00 S:E0 P:nvUbdizC  $00:9F04: A5 1B    LDA $1B = #$40
f240    c7134517     i58072529    A:40 X:19 Y:00 S:E0 P:nvUbdizC  $00:9F06: 10 FC    BPL $9F04
f240    c7134520     i58072530    A:40 X:19 Y:00 S:E0 P:nvUbdizC  $00:9F04: A5 1B    LDA $1B = #$40
f240    c7134523     i58072531    A:40 X:19 Y:00 S:E0 P:nvUbdizC  $00:9F06: 10 FC    BPL $9F04
f240    c7134526     i58072532    A:40 X:19 Y:00 S:E0 P:nvUbdizC  $00:9F04: A5 1B    LDA $1B = #$40
f240    c7134529     i58072533    A:40 X:19 Y:00 S:E0 P:nvUbdizC  $00:9F06: 10 FC    BPL $9F04
f240    c7134532     i58072534    A:40 X:19 Y:00 S:E0 P:nvUbdizC  $00:9F04: A5 1B    LDA $1B = #$40
f240    c7134535     i58072535    A:40 X:19 Y:00 S:E0 P:nvUbdizC  $00:9F06: 10 FC    BPL $9F04
f240    c7134538     i58072536    A:40 X:19 Y:00 S:E0 P:nvUbdizC  $00:9F04: A5 1B    LDA $1B = #$40
f240    c7134541     i58072537    A:40 X:19 Y:00 S:E0 P:nvUbdizC  $00:9F06: 10 FC    BPL $9F04
f240    c7134544     i58072538    A:40 X:19 Y:00 S:E0 P:nvUbdizC  $00:9F04: A5 1B    LDA $1B = #$40
f240    c7134547     i58072539    A:40 X:19 Y:00 S:E0 P:nvUbdizC  $00:9F06: 10 FC    BPL $9F04
f240    c7134550     i58072540    A:40 X:19 Y:00 S:E0 P:nvUbdizC  $00:9F04: A5 1B    LDA $1B = #$40
f240    c7134553     i58072541    A:40 X:19 Y:00 S:E0 P:nvUbdizC  $00:9F06: 10 FC    BPL $9F04
f240    c7134556     i58072542    A:40 X:19 Y:00 S:E0 P:nvUbdizC  $00:9F04: A5 1B    LDA $1B = #$40
f240    c7134559     i58072543    A:40 X:19 Y:00 S:E0 P:nvUbdizC  $00:9F06: 10 FC    BPL $9F04
f240    c7134562     i58072544    A:40 X:19 Y:00 S:E0 P:nvUbdizC  $00:9F04: A5 1B    LDA $1B = #$40
f240    c7134572     i58072545    A:40 X:19 Y:00 S:DD P:nvUbdIzC  $0F:C506: 4C 21 C8 JMP $C821
f240    c7134575     i58072546    A:40 X:19 Y:00 S:DD P:nvUbdIzC  $0F:C821: 24 1B    BIT $1B = #$40
f240    c7134578     i58072547    A:40 X:19 Y:00 S:DD P:nVUbdIzC  $0F:C823: 50 03    BVC $C828
f240    c7134580     i58072548    A:40 X:19 Y:00 S:DD P:nVUbdIzC  $0F:C825: 4C 78 C4 JMP $C478
f240    c7134583     i58072549    A:40 X:19 Y:00 S:DD P:nVUbdIzC  $0F:C478: 24 3B    BIT $3B = #$55
f240    c7134586     i58072550    A:40 X:19 Y:00 S:DD P:nVUbdIzC  $0F:C47A: 30 32    BMI $C4AE
f240    c7134588     i58072551    A:40 X:19 Y:00 S:DD P:nVUbdIzC  $0F:C47C: 38       SEC
f240    c7134590     i58072552    A:40 X:19 Y:00 S:DD P:nVUbdIzC  $0F:C47D: 66 3B    ROR $3B = #$55
f240    c7134595     i58072553    A:40 X:19 Y:00 S:DD P:NVUbdIzC  $0F:C47F: 85 3C    STA $3C = #$40
f240    c7134598     i58072554    A:40 X:19 Y:00 S:DD P:NVUbdIzC  $0F:C481: 86 3D    STX $3D = #$19
f240    c7134601     i58072555    A:40 X:19 Y:00 S:DD P:NVUbdIzC  $0F:C483: 84 3E    STY $3E = #$00
f240    c7134604     i58072556    A:40 X:19 Y:00 S:DD P:NVUbdIzC  $0F:C485: A5 22    LDA $22 = #$00
f240    c7134607     i58072557    A:00 X:19 Y:00 S:DD P:nVUbdIZC  $0F:C487: 09 07    ORA #$07
f240    c7134609     i58072558    A:07 X:19 Y:00 S:DD P:nVUbdIzC  $0F:C489: 8D 00 80 STA $8000 = #$A5
f240    c7134613     i58072559    A:07 X:19 Y:00 S:DD P:nVUbdIzC  $0F:C48C: A9 02    LDA #$02
f240    c7134615     i58072560    A:02 X:19 Y:00 S:DD P:nVUbdIzC  $0F:C48E: 8D 01 80 STA $8001 = #$27
f242    c7178724     i58086670    A:0C X:00 Y:00 S:DB P:nvUbdIZc  $06:8002: BC 00 07 LDY $0700,X @ $0700 = #$00
f242    c7178728     i58086671    A:0C X:00 Y:00 S:DB P:nvUbdIZc  $06:8005: C0 32    CPY #$32
f242    c7178730     i58086672    A:0C X:00 Y:00 S:DB P:NvUbdIzc  $06:8007: B0 0E    BCS $8017
f242    c7178732     i58086673    A:0C X:00 Y:00 S:DB P:NvUbdIzc  $06:8009: A0 07    LDY #$07
f242    c7178734     i58086674    A:0C X:00 Y:07 S:DB P:nvUbdIzc  $06:800B: 8C 00 80 STY $8000 = #$A2
f242    c7178738     i58086675    A:0C X:00 Y:07 S:DB P:nvUbdIzc  $06:800E: AC FC 07 LDY $07FC = #$00
f242    c7178742     i58086676    A:0C X:00 Y:00 S:DB P:nvUbdIZc  $06:8011: 8C 01 80 STY $8001 = #$05
f242    c7178746     i58086677    A:0C X:00 Y:00 S:DB P:nvUbdIZc  $06:8014: 4C 5E 80 JMP $805E
f242    c7178749     i58086678    A:0C X:00 Y:00 S:DB P:nvUbdIZc  $06:805E: CA       DEX
f242    c7178751     i58086679    A:0C X:FF Y:00 S:DB P:NvUbdIzc  $06:805F: 10 A1    BPL $8002
f242    c7178753     i58086680    A:0C X:FF Y:00 S:DB P:NvUbdIzc  $06:8061: A2 05    LDX #$05
f242    c7178755     i58086681    A:0C X:05 Y:00 S:DB P:nvUbdIzc  $06:8063: BC 00 07 LDY $0700,X @ $0705 = #$00
f242    c7178759     i58086682    A:0C X:05 Y:00 S:DB P:nvUbdIZc  $06:8066: F0 4F    BEQ $80B7
f242    c7178762     i58086683    A:0C X:05 Y:00 S:DB P:nvUbdIZc  $06:80B7: CA       DEX
f242    c7178764     i58086684    A:0C X:04 Y:00 S:DB P:nvUbdIzc  $06:80B8: 10 A9    BPL $8063
f242    c7178767     i58086685    A:0C X:04 Y:00 S:DB P:nvUbdIzc  $06:8063: BC 00 07 LDY $0700,X @ $0704 = #$00
f242    c7178771     i58086686    A:0C X:04 Y:00 S:DB P:nvUbdIZc  $06:8066: F0 4F    BEQ $80B7
f242    c7178774     i58086687    A:0C X:04 Y:00 S:DB P:nvUbdIZc  $06:80B7: CA       DEX
f242    c7178776     i58086688    A:0C X:03 Y:00 S:DB P:nvUbdIzc  $06:80B8: 10 A9    BPL $8063
f242    c7178779     i58086689    A:0C X:03 Y:00 S:DB P:nvUbdIzc  $06:8063: BC 00 07 LDY $0700,X @ $0703 = #$00
f242    c7178783     i58086690    A:0C X:03 Y:00 S:DB P:nvUbdIZc  $06:8066: F0 4F    BEQ $80B7
f242    c7178786     i58086691    A:0C X:03 Y:00 S:DB P:nvUbdIZc  $06:80B7: CA       DEX
f242    c7178788     i58086692    A:0C X:02 Y:00 S:DB P:nvUbdIzc  $06:80B8: 10 A9    BPL $8063
f242    c7178791     i58086693    A:0C X:02 Y:00 S:DB P:nvUbdIzc  $06:8063: BC 00 07 LDY $0700,X @ $0702 = #$00
f242    c7178795     i58086694    A:0C X:02 Y:00 S:DB P:nvUbdIZc  $06:8066: F0 4F    BEQ $80B7
f242    c7178798     i58086695    A:0C X:02 Y:00 S:DB P:nvUbdIZc  $06:80B7: CA       DEX
f242    c7178800     i58086696    A:0C X:01 Y:00 S:DB P:nvUbdIzc  $06:80B8: 10 A9    BPL $8063
f242    c7178803     i58086697    A:0C X:01 Y:00 S:DB P:nvUbdIzc  $06:8063: BC 00 07 LDY $0700,X @ $0701 = #$00
f242    c7178807     i58086698    A:0C X:01 Y:00 S:DB P:nvUbdIZc  $06:8066: F0 4F    BEQ $80B7
f242    c7178810     i58086699    A:0C X:01 Y:00 S:DB P:nvUbdIZc  $06:80B7: CA       DEX
f242    c7178812     i58086700    A:0C X:00 Y:00 S:DB P:nvUbdIZc  $06:80B8: 10 A9    BPL $8063
f242    c7178815     i58086701    A:0C X:00 Y:00 S:DB P:nvUbdIZc  $06:8063: BC 00 07 LDY $0700,X @ $0700 = #$00
f242    c7178819     i58086702    A:0C X:00 Y:00 S:DB P:nvUbdIZc  $06:8066: F0 4F    BEQ $80B7
f242    c7178822     i58086703    A:0C X:00 Y:00 S:DB P:nvUbdIZc  $06:80B7: CA       DEX
f242    c7178824     i58086704    A:0C X:FF Y:00 S:DB P:NvUbdIzc  $06:80B8: 10 A9    BPL $8063
f242    c7178826     i58086705    A:0C X:FF Y:00 S:DB P:NvUbdIzc  $06:80BA: A9 27    LDA #$27
f242    c7178828     i58086706    A:27 X:FF Y:00 S:DB P:nvUbdIzc  $06:80BC: 85 F0    STA $F0 = #$67
f242    c7178831     i58086707    A:27 X:FF Y:00 S:DB P:nvUbdIzc  $06:80BE: A9 07    LDA #$07
f242    c7178833     i58086708    A:07 X:FF Y:00 S:DB P:nvUbdIzc  $06:80C0: 85 F1    STA $F1 = #$07
f242    c7178836     i58086709    A:07 X:FF Y:00 S:DB P:nvUbdIzc  $06:80C2: A9 00    LDA #$00
f242    c7178838     i58086710    A:00 X:FF Y:00 S:DB P:nvUbdIZc  $06:80C4: 85 F2    STA $F2 = #$FF
f242    c7178841     i58086711    A:00 X:FF Y:00 S:DB P:nvUbdIZc  $06:80C6: A0 08    LDY #$08
f246    c7297154     i58124533    A:00 X:02 Y:08 S:DB P:nVUbdIzc  $01:A0ED: BD 15 40 LDA $4015,X @ $4017 = #$01
f246    c7297158     i58124534    A:40 X:02 Y:08 S:DB P:nVUbdIzc  $01:A0F0: 4A       LSR
f246    c7297160     i58124535    A:20 X:02 Y:08 S:DB P:nVUbdIzc  $01:A0F1: 26 3F    ROL $3F = #$00
f246    c7297165     i58124536    A:20 X:02 Y:08 S:DB P:nVUbdIZc  $01:A0F3: 29 01    AND #$01
f246    c7297167     i58124537    A:00 X:02 Y:08 S:DB P:nVUbdIZc  $01:A0F5: 05 3F    ORA $3F = #$00
f246    c7297170     i58124538    A:00 X:02 Y:08 S:DB P:nVUbdIZc  $01:A0F7: 85 3F    STA $3F = #$00
f246    c7297173     i58124539    A:00 X:02 Y:08 S:DB P:nVUbdIZc  $01:A0F9: 88       DEY
f246    c7297175     i58124540    A:00 X:02 Y:07 S:DB P:nVUbdIzc  $01:A0FA: D0 F1    BNE $A0ED
f246    c7297178     i58124541    A:00 X:02 Y:07 S:DB P:nVUbdIzc  $01:A0ED: BD 15 40 LDA $4015,X @ $4017 = #$01
f246    c7297182     i58124542    A:40 X:02 Y:07 S:DB P:nVUbdIzc  $01:A0F0: 4A       LSR
f246    c7297184     i58124543    A:20 X:02 Y:07 S:DB P:nVUbdIzc  $01:A0F1: 26 3F    ROL $3F = #$00
f246    c7297189     i58124544    A:20 X:02 Y:07 S:DB P:nVUbdIZc  $01:A0F3: 29 01    AND #$01
f246    c7297191     i58124545    A:00 X:02 Y:07 S:DB P:nVUbdIZc  $01:A0F5: 05 3F    ORA $3F = #$00
f246    c7297194     i58124546    A:00 X:02 Y:07 S:DB P:nVUbdIZc  $01:A0F7: 85 3F    STA $3F = #$00
f246    c7297197     i58124547    A:00 X:02 Y:07 S:DB P:nVUbdIZc  $01:A0F9: 88       DEY
f246    c7297199     i58124548    A:00 X:02 Y:06 S:DB P:nVUbdIzc  $01:A0FA: D0 F1    BNE $A0ED
f246    c7297202     i58124549    A:00 X:02 Y:06 S:DB P:nVUbdIzc  $01:A0ED: BD 15 40 LDA $4015,X @ $4017 = #$01
f246    c7297206     i58124550    A:40 X:02 Y:06 S:DB P:nVUbdIzc  $01:A0F0: 4A       LSR
f246    c7297208     i58124551    A:20 X:02 Y:06 S:DB P:nVUbdIzc  $01:A0F1: 26 3F    ROL $3F = #$00
f246    c7297213     i58124552    A:20 X:02 Y:06 S:DB P:nVUbdIZc  $01:A0F3: 29 01    AND #$01
f246    c7297215     i58124553    A:00 X:02 Y:06 S:DB P:nVUbdIZc  $01:A0F5: 05 3F    ORA $3F = #$00
f246    c7297218     i58124554    A:00 X:02 Y:06 S:DB P:nVUbdIZc  $01:A0F7: 85 3F    STA $3F = #$00
f246    c7297221     i58124555    A:00 X:02 Y:06 S:DB P:nVUbdIZc  $01:A0F9: 88       DEY
f246    c7297223     i58124556    A:00 X:02 Y:05 S:DB P:nVUbdIzc  $01:A0FA: D0 F1    BNE $A0ED
f246    c7297226     i58124557    A:00 X:02 Y:05 S:DB P:nVUbdIzc  $01:A0ED: BD 15 40 LDA $4015,X @ $4017 = #$01
f246    c7297230     i58124558    A:40 X:02 Y:05 S:DB P:nVUbdIzc  $01:A0F0: 4A       LSR
f246    c7297232     i58124559    A:20 X:02 Y:05 S:DB P:nVUbdIzc  $01:A0F1: 26 3F    ROL $3F = #$00
f246    c7297237     i58124560    A:20 X:02 Y:05 S:DB P:nVUbdIZc  $01:A0F3: 29 01    AND #$01
f246    c7297239     i58124561    A:00 X:02 Y:05 S:DB P:nVUbdIZc  $01:A0F5: 05 3F    ORA $3F = #$00
f246    c7297242     i58124562    A:00 X:02 Y:05 S:DB P:nVUbdIZc  $01:A0F7: 85 3F    STA $3F = #$00
f246    c7297245     i58124563    A:00 X:02 Y:05 S:DB P:nVUbdIZc  $01:A0F9: 88       DEY
f246    c7297247     i58124564    A:00 X:02 Y:04 S:DB P:nVUbdIzc  $01:A0FA: D0 F1    BNE $A0ED
f246    c7297250     i58124565    A:00 X:02 Y:04 S:DB P:nVUbdIzc  $01:A0ED: BD 15 40 LDA $4015,X @ $4017 = #$01
f246    c7297254     i58124566    A:40 X:02 Y:04 S:DB P:nVUbdIzc  $01:A0F0: 4A       LSR
f246    c7297256     i58124567    A:20 X:02 Y:04 S:DB P:nVUbdIzc  $01:A0F1: 26 3F    ROL $3F = #$00
f246    c7297261     i58124568    A:20 X:02 Y:04 S:DB P:nVUbdIZc  $01:A0F3: 29 01    AND #$01
f246    c7297263     i58124569    A:00 X:02 Y:04 S:DB P:nVUbdIZc  $01:A0F5: 05 3F    ORA $3F = #$00
f246    c7297266     i58124570    A:00 X:02 Y:04 S:DB P:nVUbdIZc  $01:A0F7: 85 3F    STA $3F = #$00
f246    c7297269     i58124571    A:00 X:02 Y:04 S:DB P:nVUbdIZc  $01:A0F9: 88       DEY
f246    c7297271     i58124572    A:00 X:02 Y:03 S:DB P:nVUbdIzc  $01:A0FA: D0 F1    BNE $A0ED
f246    c7297274     i58124573    A:00 X:02 Y:03 S:DB P:nVUbdIzc  $01:A0ED: BD 15 40 LDA $4015,X @ $4017 = #$01
f246    c7297278     i58124574    A:40 X:02 Y:03 S:DB P:nVUbdIzc  $01:A0F0: 4A       LSR
f250    c7416325     i58162642    A:00 X:02 Y:06 S:DB P:nVUbdIzc  $01:A0ED: BD 15 40 LDA $4015,X @ $4017 = #$01
f250    c7416329     i58162643    A:40 X:02 Y:06 S:DB P:nVUbdIzc  $01:A0F0: 4A       LSR
f250    c7416331     i58162644    A:20 X:02 Y:06 S:DB P:nVUbdIzc  $01:A0F1: 26 3F    ROL $3F = #$00
f250    c7416336     i58162645    A:20 X:02 Y:06 S:DB P:nVUbdIZc  $01:A0F3: 29 01    AND #$01
f250    c7416338     i58162646    A:00 X:02 Y:06 S:DB P:nVUbdIZc  $01:A0F5: 05 3F    ORA $3F = #$00
f250    c7416341     i58162647    A:00 X:02 Y:06 S:DB P:nVUbdIZc  $01:A0F7: 85 3F    STA $3F = #$00
f250    c7416344     i58162648    A:00 X:02 Y:06 S:DB P:nVUbdIZc  $01:A0F9: 88       DEY
f250    c7416346     i58162649    A:00 X:02 Y:05 S:DB P:nVUbdIzc  $01:A0FA: D0 F1    BNE $A0ED
f250    c7416349     i58162650    A:00 X:02 Y:05 S:DB P:nVUbdIzc  $01:A0ED: BD 15 40 LDA $4015,X @ $4017 = #$01
f250    c7416353     i58162651    A:40 X:02 Y:05 S:DB P:nVUbdIzc  $01:A0F0: 4A       LSR
f250    c7416355     i58162652    A:20 X:02 Y:05 S:DB P:nVUbdIzc  $01:A0F1: 26 3F    ROL $3F = #$00
f250    c7416360     i58162653    A:20 X:02 Y:05 S:DB P:nVUbdIZc  $01:A0F3: 29 01    AND #$01
f250    c7416362     i58162654    A:00 X:02 Y:05 S:DB P:nVUbdIZc  $01:A0F5: 05 3F    ORA $3F = #$00
f250    c7416365     i58162655    A:00 X:02 Y:05 S:DB P:nVUbdIZc  $01:A0F7: 85 3F    STA $3F = #$00
f250    c7416368     i58162656    A:00 X:02 Y:05 S:DB P:nVUbdIZc  $01:A0F9: 88       DEY
f250    c7416370     i58162657    A:00 X:02 Y:04 S:DB P:nVUbdIzc  $01:A0FA: D0 F1    BNE $A0ED
f250    c7416373     i58162658    A:00 X:02 Y:04 S:DB P:nVUbdIzc  $01:A0ED: BD 15 40 LDA $4015,X @ $4017 = #$01
f250    c7416377     i58162659    A:40 X:02 Y:04 S:DB P:nVUbdIzc  $01:A0F0: 4A       LSR
f250    c7416379     i58162660    A:20 X:02 Y:04 S:DB P:nVUbdIzc  $01:A0F1: 26 3F    ROL $3F = #$00
f250    c7416384     i58162661    A:20 X:02 Y:04 S:DB P:nVUbdIZc  $01:A0F3: 29 01    AND #$01
f250    c7416386     i58162662    A:00 X:02 Y:04 S:DB P:nVUbdIZc  $01:A0F5: 05 3F    ORA $3F = #$00
f250    c7416389     i58162663    A:00 X:02 Y:04 S:DB P:nVUbdIZc  $01:A0F7: 85 3F    STA $3F = #$00
f250    c7416392     i58162664    A:00 X:02 Y:04 S:DB P:nVUbdIZc  $01:A0F9: 88       DEY
f250    c7416394     i58162665    A:00 X:02 Y:03 S:DB P:nVUbdIzc  $01:A0FA: D0 F1    BNE $A0ED
f250    c7416397     i58162666    A:00 X:02 Y:03 S:DB P:nVUbdIzc  $01:A0ED: BD 15 40 LDA $4015,X @ $4017 = #$01
f250    c7416401     i58162667    A:40 X:02 Y:03 S:DB P:nVUbdIzc  $01:A0F0: 4A       LSR
f250    c7416403     i58162668    A:20 X:02 Y:03 S:DB P:nVUbdIzc  $01:A0F1: 26 3F    ROL $3F = #$00
f250    c7416408     i58162669    A:20 X:02 Y:03 S:DB P:nVUbdIZc  $01:A0F3: 29 01    AND #$01
f250    c7416410     i58162670    A:00 X:02 Y:03 S:DB P:nVUbdIZc  $01:A0F5: 05 3F    ORA $3F = #$00
f250    c7416413     i58162671    A:00 X:02 Y:03 S:DB P:nVUbdIZc  $01:A0F7: 85 3F    STA $3F = #$00
f250    c7416416     i58162672    A:00 X:02 Y:03 S:DB P:nVUbdIZc  $01:A0F9: 88       DEY
f250    c7416418     i58162673    A:00 X:02 Y:02 S:DB P:nVUbdIzc  $01:A0FA: D0 F1    BNE $A0ED
f250    c7416421     i58162674    A:00 X:02 Y:02 S:DB P:nVUbdIzc  $01:A0ED: BD 15 40 LDA $4015,X @ $4017 = #$01
f250    c7416425     i58162675    A:40 X:02 Y:02 S:DB P:nVUbdIzc  $01:A0F0: 4A       LSR
f250    c7416427     i58162676    A:20 X:02 Y:02 S:DB P:nVUbdIzc  $01:A0F1: 26 3F    ROL $3F = #$00
f250    c7416432     i58162677    A:20 X:02 Y:02 S:DB P:nVUbdIZc  $01:A0F3: 29 01    AND #$01
f250    c7416434     i58162678    A:00 X:02 Y:02 S:DB P:nVUbdIZc  $01:A0F5: 05 3F    ORA $3F = #$00
f250    c7416437     i58162679    A:00 X:02 Y:02 S:DB P:nVUbdIZc  $01:A0F7: 85 3F    STA $3F = #$00
f250    c7416440     i58162680    A:00 X:02 Y:02 S:DB P:nVUbdIZc  $01:A0F9: 88       DEY
f250    c7416442     i58162681    A:00 X:02 Y:01 S:DB P:nVUbdIzc  $01:A0FA: D0 F1    BNE $A0ED
f250    c7416445     i58162682    A:00 X:02 Y:01 S:DB P:nVUbdIzc  $01:A0ED: BD 15 40 LDA $4015,X @ $4017 = #$01
f250    c7416449     i58162683    A:40 X:02 Y:01 S:DB P:nVUbdIzc  $01:A0F0: 4A       LSR
f251    c7445167     i58172033    A:40 X:19 Y:00 S:E0 P:nvUbdizC  $00:9F04: A5 1B    LDA $1B = #$40
f251    c7445170     i58172034    A:40 X:19 Y:00 S:E0 P:nvUbdizC  $00:9F06: 10 FC    BPL $9F04
f251    c7445173     i58172035    A:40 X:19 Y:00 S:E0 P:nvUbdizC  $00:9F04: A5 1B    LDA $1B = #$40
f251    c7445176     i58172036    A:40 X:19 Y:00 S:E0 P:nvUbdizC  $00:9F06: 10 FC    BPL $9F04
f251    c7445179     i58172037    A:40 X:19 Y:00 S:E0 P:nvUbdizC  $00:9F04: A5 1B    LDA $1B = #$40
f251    c7445182     i58172038    A:40 X:19 Y:00 S:E0 P:nvUbdizC  $00:9F06: 10 FC    BPL $9F04
f251    c7445185     i58172039    A:40 X:19 Y:00 S:E0 P:nvUbdizC  $00:9F04: A5 1B    LDA $1B = #$40
f251    c7445188     i58172040    A:40 X:19 Y:00 S:E0 P:nvUbdizC  $00:9F06: 10 FC    BPL $9F04
f251    c7445191     i58172041    A:40 X:19 Y:00 S:E0 P:nvUbdizC  $00:9F04: A5 1B    LDA $1B = #$40
f251    c7445194     i58172042    A:40 X:19 Y:00 S:E0 P:nvUbdizC  $00:9F06: 10 FC    BPL $9F04
f251    c7445197     i58172043    A:40 X:19 Y:00 S:E0 P:nvUbdizC  $00:9F04: A5 1B    LDA $1B = #$40
f251    c7445200     i58172044    A:40 X:19 Y:00 S:E0 P:nvUbdizC  $00:9F06: 10 FC    BPL $9F04
f251    c7445203     i58172045    A:40 X:19 Y:00 S:E0 P:nvUbdizC  $00:9F04: A5 1B    LDA $1B = #$40
f251    c7445206     i58172046    A:40 X:19 Y:00 S:E0 P:nvUbdizC  $00:9F06: 10 FC    BPL $9F04
f251    c7445209     i58172047    A:40 X:19 Y:00 S:E0 P:nvUbdizC  $00:9F04: A5 1B    LDA $1B = #$40
f251    c7445212     i58172048    A:40 X:19 Y:00 S:E0 P:nvUbdizC  $00:9F06: 10 FC    BPL $9F04
f251    c7445215     i58172049    A:40 X:19 Y:00 S:E0 P:nvUbdizC  $00:9F04: A5 1B    LDA $1B = #$40
f251    c7445218     i58172050    A:40 X:19 Y:00 S:E0 P:nvUbdizC  $00:9F06: 10 FC    BPL $9F04
f251    c7445221     i58172051    A:40 X:19 Y:00 S:E0 P:nvUbdizC  $00:9F04: A5 1B    LDA $1B = #$40
f251    c7445224     i58172052    A:40 X:19 Y:00 S:E0 P:nvUbdizC  $00:9F06: 10 FC    BPL $9F04
f251    c7445227     i58172053    A:40 X:19 Y:00 S:E0 P:nvUbdizC  $00:9F04: A5 1B    LDA $1B = #$40
f251    c7445230     i58172054    A:40 X:19 Y:00 S:E0 P:nvUbdizC  $00:9F06: 10 FC    BPL $9F04
f251    c7445233     i58172055    A:40 X:19 Y:00 S:E0 P:nvUbdizC  $00:9F04: A5 1B    LDA $1B = #$40
f251    c7445236     i58172056    A:40 X:19 Y:00 S:E0 P:nvUbdizC  $00:9F06: 10 FC    BPL $9F04
f251    c7445239     i58172057    A:40 X:19 Y:00 S:E0 P:nvUbdizC  $00:9F04: A5 1B    LDA $1B = #$40
f251    c7445242     i58172058    A:40 X:19 Y:00 S:E0 P:nvUbdizC  $00:9F06: 10 FC    BPL $9F04
f251    c7445252     i58172059    A:40 X:19 Y:00 S:DD P:nvUbdIzC  $0F:C500: 4C 6E C7 JMP $C76E
f251    c7445255     i58172060    A:40 X:19 Y:00 S:DD P:nvUbdIzC  $0F:C76E: 24 1B    BIT $1B = #$40
f251    c7445258     i58172061    A:40 X:19 Y:00 S:DD P:nVUbdIzC  $0F:C770: 50 03    BVC $C775
f251    c7445260     i58172062    A:40 X:19 Y:00 S:DD P:nVUbdIzC  $0F:C772: 4C 21 C4 JMP $C421
f251    c7445263     i58172063    A:40 X:19 Y:00 S:DD P:nVUbdIzC  $0F:C421: 24 3B    BIT $3B = #$55
f251    c7445266     i58172064    A:40 X:19 Y:00 S:DD P:nVUbdIzC  $0F:C423: 30 4D    BMI $C472
f251    c7445268     i58172065    A:40 X:19 Y:00 S:DD P:nVUbdIzC  $0F:C425: 38       SEC
f251    c7445270     i58172066    A:40 X:19 Y:00 S:DD P:nVUbdIzC  $0F:C426: 66 3B    ROR $3B = #$55
f251    c7445275     i58172067    A:40 X:19 Y:00 S:DD P:NVUbdIzC  $0F:C428: 85 3C    STA $3C = #$40
f251    c7445278     i58172068    A:40 X:19 Y:00 S:DD P:NVUbdIzC  $0F:C42A: 86 3D    STX $3D = #$19
f251    c7445281     i58172069    A:40 X:19 Y:00 S:DD P:NVUbdIzC  $0F:C42C: 84 3E    STY $3E = #$00
f251    c7445284     i58172070    A:40 X:19 Y:00 S:DD P:NVUbdIzC  $0F:C42E: A5 22    LDA $22 = #$00
f251    c7445287     i58172071    A:00 X:19 Y:00 S:DD P:nVUbdIZC  $0F:C430: 09 07    ORA #$07
f251    c7445289     i58172072    A:07 X:19 Y:00 S:DD P:nVUbdIzC  $0F:C432: 8D 00 80 STA $8000 = #$A5
f251    c7445293     i58172073    A:07 X:19 Y:00 S:DD P:nVUbdIzC  $0F:C435: A9 02    LDA #$02
f251    c7445295     i58172074    A:02 X:19 Y:00 S:DD P:nVUbdIzC  $0F:C437: 8D 01 80 STA $8001 = #$27
f255    c7571362     i58212100    A:00 X:00 Y:F8 S:EC P:nvUbdiZc  $01:A8EE: 99 02 02 STA $0202,Y @ $02FA = #$00
f255    c7571367     i58212101    A:00 X:00 Y:F8 S:EC P:nvUbdiZc  $01:A8F1: B9 6B 04 LDA $046B,Y @ $0563 = #$00
f255    c7571372     i58212102    A:00 X:00 Y:F8 S:EC P:nvUbdiZc  $01:A8F4: 99 03 02 STA $0203,Y @ $02FB = #$00
f255    c7571377     i58212103    A:00 X:00 Y:F8 S:EC P:nvUbdiZc  $01:A8F7: C8       INY
f255    c7571379     i58212104    A:00 X:00 Y:F9 S:EC P:NvUbdizc  $01:A8F8: C8       INY
f255    c7571381     i58212105    A:00 X:00 Y:FA S:EC P:NvUbdizc  $01:A8F9: C8       INY
f255    c7571383     i58212106    A:00 X:00 Y:FB S:EC P:NvUbdizc  $01:A8FA: C8       INY
f255    c7571385     i58212107    A:00 X:00 Y:FC S:EC P:NvUbdizc  $01:A8FB: D0 D8    BNE $A8D5
f255    c7571388     i58212108    A:00 X:00 Y:FC S:EC P:NvUbdizc  $01:A8D5: BE 68 04 LDX $0468,Y @ $0564 = #$00
f255    c7571393     i58212109    A:00 X:00 Y:FC S:EC P:nvUbdiZc  $01:A8D8: B9 6A 04 LDA $046A,Y @ $0566 = #$00
f255    c7571398     i58212110    A:00 X:00 Y:FC S:EC P:nvUbdiZc  $01:A8DB: 29 0C    AND #$0C
f255    c7571400     i58212111    A:00 X:00 Y:FC S:EC P:nvUbdiZc  $01:A8DD: F0 02    BEQ $A8E1
f255    c7571403     i58212112    A:00 X:00 Y:FC S:EC P:nvUbdiZc  $01:A8E1: 8A       TXA
f255    c7571405     i58212113    A:00 X:00 Y:FC S:EC P:nvUbdiZc  $01:A8E2: 99 00 02 STA $0200,Y @ $02FC = #$00
f255    c7571410     i58212114    A:00 X:00 Y:FC S:EC P:nvUbdiZc  $01:A8E5: B9 69 04 LDA $0469,Y @ $0565 = #$00
f255    c7571415     i58212115    A:00 X:00 Y:FC S:EC P:nvUbdiZc  $01:A8E8: 99 01 02 STA $0201,Y @ $02FD = #$00
f255    c7571420     i58212116    A:00 X:00 Y:FC S:EC P:nvUbdiZc  $01:A8EB: B9 6A 04 LDA $046A,Y @ $0566 = #$00
f255    c7571425     i58212117    A:00 X:00 Y:FC S:EC P:nvUbdiZc  $01:A8EE: 99 02 02 STA $0202,Y @ $02FE = #$00
f255    c7571430     i58212118    A:00 X:00 Y:FC S:EC P:nvUbdiZc  $01:A8F1: B9 6B 04 LDA $046B,Y @ $0567 = #$F8
f255    c7571435     i58212119    A:F8 X:00 Y:FC S:EC P:NvUbdizc  $01:A8F4: 99 03 02 STA $0203,Y @ $02FF = #$F8
f255    c7571440     i58212120    A:F8 X:00 Y:FC S:EC P:NvUbdizc  $01:A8F7: C8       INY
f255    c7571442     i58212121    A:F8 X:00 Y:FD S:EC P:NvUbdizc  $01:A8F8: C8       INY
f255    c7571444     i58212122    A:F8 X:00 Y:FE S:EC P:NvUbdizc  $01:A8F9: C8       INY
f255    c7571446     i58212123    A:F8 X:00 Y:FF S:EC P:NvUbdizc  $01:A8FA: C8       INY
f255    c7571448     i58212124    A:F8 X:00 Y:00 S:EC P:nvUbdiZc  $01:A8FB: D0 D8    BNE $A8D5
f255    c7571450     i58212125    A:F8 X:00 Y:00 S:EC P:nvUbdiZc  $01:A8FD: 60       RTS (from $A215)
f255    c7571456     i58212126    A:F8 X:00 Y:00 S:EE P:nvUbdiZc  $00:8392: A2 06    LDX #$06
f255    c7571458     i58212127    A:F8 X:06 Y:00 S:EE P:nvUbdizc  $00:8394: 20 B9 C4 JSR $C4B9
f255    c7571464     i58212128    A:F8 X:06 Y:00 S:EC P:nvUbdizc  $0F:C4B9: 86 25    STX $25 = #$02
f255    c7571467     i58212129    A:F8 X:06 Y:00 S:EC P:nvUbdizc  $0F:C4BB: A9 07    LDA #$07
f255    c7571469     i58212130    A:07 X:06 Y:00 S:EC P:nvUbdizc  $0F:C4BD: 05 22    ORA $22 = #$00
f255    c7571472     i58212131    A:07 X:06 Y:00 S:EC P:nvUbdizc  $0F:C4BF: 85 23    STA $23 = #$06
f255    c7571475     i58212132    A:07 X:06 Y:00 S:EC P:nvUbdizc  $0F:C4C1: 8D 00 80 STA $8000 = #$A5
f255    c7571479     i58212133    A:07 X:06 Y:00 S:EC P:nvUbdizc  $0F:C4C4: 8E 01 80 STX $8001 = #$27
f255    c7571483     i58212134    A:07 X:06 Y:00 S:EC P:nvUbdizc  $0F:C4C7: 60       RTS (from $C4B9)
f255    c7571489     i58212135    A:07 X:06 Y:00 S:EE P:nvUbdizc  $00:8397: 60       RTS (from $838A)
f255    c7571495     i58212136    A:07 X:06 Y:00 S:F0 P:nvUbdizc  $00:82F0: A5 4C    LDA $4C = #$00
f255    c7571498     i58212137    A:00 X:06 Y:00 S:F0 P:nvUbdiZc  $00:82F2: 10 F9    BPL $82ED
f255    c7571501     i58212138    A:00 X:06 Y:00 S:F0 P:nvUbdiZc  $00:82ED: 20 8A 83 JSR $838A
f255    c7571507     i58212139    A:00 X:06 Y:00 S:EE P:nvUbdiZc  $00:838A: A2 02    LDX #$02
f255    c7571509     i58212140    A:00 X:02 Y:00 S:EE P:nvUbdizc  $00:838C: 20 B9 C4 JSR $C4B9
f259    c7683413     i58248219    A:40 X:19 Y:00 S:E0 P:nvUbdizC  $00:9F04: A5 1B    LDA $1B = #$40
f259    c7683416     i58248220    A:40 X:19 Y:00 S:E0 P:nvUbdizC  $00:9F06: 10 FC    BPL $9F04
f259    c7683419     i58248221    A:40 X:19 Y:00 S:E0 P:nvUbdizC  $00:9F04: A5 1B    LDA $1B = #$40
f259    c7683422     i58248222    A:40 X:19 Y:00 S:E0 P:nvUbdizC  $00:9F06: 10 FC    BPL $9F04
f259    c7683425     i58248223    A:40 X:19 Y:00 S:E0 P:nvUbdizC  $00:9F04: A5 1B    LDA $1B = #$40
f259    c7683428     i58248224    A:40 X:19 Y:00 S:E0 P:nvUbdizC  $00:9F06: 10 FC    BPL $9F04
f259    c7683431     i58248225    A:40 X:19 Y:00 S:E0 P:nvUbdizC  $00:9F04: A5 1B    LDA $1B = #$40
f259    c7683434     i58248226    A:40 X:19 Y:00 S:E0 P:nvUbdizC  $00:9F06: 10 FC    BPL $9F04
f259    c7683437     i58248227    A:40 X:19 Y:00 S:E0 P:nvUbdizC  $00:9F04: A5 1B    LDA $1B = #$40
f259    c7683440     i58248228    A:40 X:19 Y:00 S:E0 P:nvUbdizC  $00:9F06: 10 FC    BPL $9F04
f259    c7683443     i58248229    A:40 X:19 Y:00 S:E0 P:nvUbdizC  $00:9F04: A5 1B    LDA $1B = #$40
f259    c7683446     i58248230    A:40 X:19 Y:00 S:E0 P:nvUbdizC  $00:9F06: 10 FC    BPL $9F04
f259    c7683449     i58248231    A:40 X:19 Y:00 S:E0 P:nvUbdizC  $00:9F04: A5 1B    LDA $1B = #$40
f259    c7683452     i58248232    A:40 X:19 Y:00 S:E0 P:nvUbdizC  $00:9F06: 10 FC    BPL $9F04
f259    c7683455     i58248233    A:40 X:19 Y:00 S:E0 P:nvUbdizC  $00:9F04: A5 1B    LDA $1B = #$40
f259    c7683458     i58248234    A:40 X:19 Y:00 S:E0 P:nvUbdizC  $00:9F06: 10 FC    BPL $9F04
f259    c7683461     i58248235    A:40 X:19 Y:00 S:E0 P:nvUbdizC  $00:9F04: A5 1B    LDA $1B = #$40
f259    c7683464     i58248236    A:40 X:19 Y:00 S:E0 P:nvUbdizC  $00:9F06: 10 FC    BPL $9F04
f259    c7683467     i58248237    A:40 X:19 Y:00 S:E0 P:nvUbdizC  $00:9F04: A5 1B    LDA $1B = #$40
f259    c7683470     i58248238    A:40 X:19 Y:00 S:E0 P:nvUbdizC  $00:9F06: 10 FC    BPL $9F04
f259    c7683473     i58248239    A:40 X:19 Y:00 S:E0 P:nvUbdizC  $00:9F04: A5 1B    LDA $1B = #$40
f259    c7683476     i58248240    A:40 X:19 Y:00 S:E0 P:nvUbdizC  $00:9F06: 10 FC    BPL $9F04
f259    c7683479     i58248241    A:40 X:19 Y:00 S:E0 P:nvUbdizC  $00:9F04: A5 1B    LDA $1B = #$40
f259    c7683482     i58248242    A:40 X:19 Y:00 S:E0 P:nvUbdizC  $00:9F06: 10 FC    BPL $9F04
f259    c7683485     i58248243    A:40 X:19 Y:00 S:E0 P:nvUbdizC  $00:9F04: A5 1B    LDA $1B = #$40
f259    c7683495     i58248244    A:40 X:19 Y:00 S:DD P:nvUbdIzC  $0F:C500: 4C 6E C7 JMP $C76E
f259    c7683498     i58248245    A:40 X:19 Y:00 S:DD P:nvUbdIzC  $0F:C76E: 24 1B    BIT $1B = #$40
f259    c7683501     i58248246    A:40 X:19 Y:00 S:DD P:nVUbdIzC  $0F:C770: 50 03    BVC $C775
f259    c7683503     i58248247    A:40 X:19 Y:00 S:DD P:nVUbdIzC  $0F:C772: 4C 21 C4 JMP $C421
f259    c7683506     i58248248    A:40 X:19 Y:00 S:DD P:nVUbdIzC  $0F:C421: 24 3B    BIT $3B = #$55
f259    c7683509     i58248249    A:40 X:19 Y:00 S:DD P:nVUbdIzC  $0F:C423: 30 4D    BMI $C472
f259    c7683511     i58248250    A:40 X:19 Y:00 S:DD P:nVUbdIzC  $0F:C425: 38       SEC
f259    c7683513     i58248251    A:40 X:19 Y:00 S:DD P:nVUbdIzC  $0F:C426: 66 3B    ROR $3B = #$55
f259    c7683518     i58248252    A:40 X:19 Y:00 S:DD P:NVUbdIzC  $0F:C428: 85 3C    STA $3C = #$40
f259    c7683521     i58248253    A:40 X:19 Y:00 S:DD P:NVUbdIzC  $0F:C42A: 86 3D    STX $3D = #$19
f259    c7683524     i58248254    A:40 X:19 Y:00 S:DD P:NVUbdIzC  $0F:C42C: 84 3E    STY $3E = #$00
f259    c7683527     i58248255    A:40 X:19 Y:00 S:DD P:NVUbdIzC  $0F:C42E: A5 22    LDA $22 = #$00
f259    c7683530     i58248256    A:00 X:19 Y:00 S:DD P:nVUbdIZC  $0F:C430: 09 07    ORA #$07
f259    c7683532     i58248257    A:07 X:19 Y:00 S:DD P:nVUbdIzC  $0F:C432: 8D 00 80 STA $8000 = #$A5
f259    c7683536     i58248258    A:07 X:19 Y:00 S:DD P:nVUbdIzC  $0F:C435: A9 02    LDA #$02
f259    c7683538     i58248259    A:02 X:19 Y:00 S:DD P:nVUbdIzC  $0F:C437: 8D 01 80 STA $8001 = #$27
f259    c7683542     i58248260    A:02 X:19 Y:00 S:DD P:nVUbdIzC  $0F:C43A: 20 00 A0 JSR $A000
f260    c7714349     i58257946    A:00 X:01 Y:07 S:DB P:nVUbdIzc  $01:A0ED: BD 15 40 LDA $4015,X @ $4016 = #$00
f260    c7714353     i58257947    A:40 X:01 Y:07 S:DB P:nVUbdIzc  $01:A0F0: 4A       LSR
f260    c7714355     i58257948    A:20 X:01 Y:07 S:DB P:nVUbdIzc  $01:A0F1: 26 3F    ROL $3F = #$00
f260    c7714360     i58257949    A:20 X:01 Y:07 S:DB P:nVUbdIZc  $01:A0F3: 29 01    AND #$01
f260    c7714362     i58257950    A:00 X:01 Y:07 S:DB P:nVUbdIZc  $01:A0F5: 05 3F    ORA $3F = #$00
f260    c7714365     i58257951    A:00 X:01 Y:07 S:DB P:nVUbdIZc  $01:A0F7: 85 3F    STA $3F = #$00
f260    c7714368     i58257952    A:00 X:01 Y:07 S:DB P:nVUbdIZc  $01:A0F9: 88       DEY
f260    c7714370     i58257953    A:00 X:01 Y:06 S:DB P:nVUbdIzc  $01:A0FA: D0 F1    BNE $A0ED
f260    c7714373     i58257954    A:00 X:01 Y:06 S:DB P:nVUbdIzc  $01:A0ED: BD 15 40 LDA $4015,X @ $4016 = #$00
f260    c7714377     i58257955    A:40 X:01 Y:06 S:DB P:nVUbdIzc  $01:A0F0: 4A       LSR
f260    c7714379     i58257956    A:20 X:01 Y:06 S:DB P:nVUbdIzc  $01:A0F1: 26 3F    ROL $3F = #$00
f260    c7714384     i58257957    A:20 X:01 Y:06 S:DB P:nVUbdIZc  $01:A0F3: 29 01    AND #$01
f260    c7714386     i58257958    A:00 X:01 Y:06 S:DB P:nVUbdIZc  $01:A0F5: 05 3F    ORA $3F = #$00
f260    c7714389     i58257959    A:00 X:01 Y:06 S:DB P:nVUbdIZc  $01:A0F7: 85 3F    STA $3F = #$00
f260    c7714392     i58257960    A:00 X:01 Y:06 S:DB P:nVUbdIZc  $01:A0F9: 88       DEY
f260    c7714394     i58257961    A:00 X:01 Y:05 S:DB P:nVUbdIzc  $01:A0FA: D0 F1    BNE $A0ED
f260    c7714397     i58257962    A:00 X:01 Y:05 S:DB P:nVUbdIzc  $01:A0ED: BD 15 40 LDA $4015,X @ $4016 = #$00
f260    c7714401     i58257963    A:40 X:01 Y:05 S:DB P:nVUbdIzc  $01:A0F0: 4A       LSR
f260    c7714403     i58257964    A:20 X:01 Y:05 S:DB P:nVUbdIzc  $01:A0F1: 26 3F    ROL $3F = #$00
f260    c7714408     i58257965    A:20 X:01 Y:05 S:DB P:nVUbdIZc  $01:A0F3: 29 01    AND #$01
f260    c7714410     i58257966    A:00 X:01 Y:05 S:DB P:nVUbdIZc  $01:A0F5: 05 3F    ORA $3F = #$00
f260    c7714413     i58257967    A:00 X:01 Y:05 S:DB P:nVUbdIZc  $01:A0F7: 85 3F    STA $3F = #$00
f260    c7714416     i58257968    A:00 X:01 Y:05 S:DB P:nVUbdIZc  $01:A0F9: 88       DEY
f260    c7714418     i58257969    A:00 X:01 Y:04 S:DB P:nVUbdIzc  $01:A0FA: D0 F1    BNE $A0ED
f260    c7714421     i58257970    A:00 X:01 Y:04 S:DB P:nVUbdIzc  $01:A0ED: BD 15 40 LDA $4015,X @ $4016 = #$00
f260    c7714425     i58257971    A:40 X:01 Y:04 S:DB P:nVUbdIzc  $01:A0F0: 4A       LSR
f260    c7714427     i58257972    A:20 X:01 Y:04 S:DB P:nVUbdIzc  $01:A0F1: 26 3F    ROL $3F = #$00
f260    c7714432     i58257973    A:20 X:01 Y:04 S:DB P:nVUbdIZc  $01:A0F3: 29 01    AND #$01
f260    c7714434     i58257974    A:00 X:01 Y:04 S:DB P:nVUbdIZc  $01:A0F5: 05 3F    ORA $3F = #$00
f260    c7714437     i58257975    A:00 X:01 Y:04 S:DB P:nVUbdIZc  $01:A0F7: 85 3F    STA $3F = #$00
f260    c7714440     i58257976    A:00 X:01 Y:04 S:DB P:nVUbdIZc  $01:A0F9: 88       DEY
f260    c7714442     i58257977    A:00 X:01 Y:03 S:DB P:nVUbdIzc  $01:A0FA: D0 F1    BNE $A0ED
f260    c7714445     i58257978    A:00 X:01 Y:03 S:DB P:nVUbdIzc  $01:A0ED: BD 15 40 LDA $4015,X @ $4016 = #$00
f260    c7714449     i58257979    A:40 X:01 Y:03 S:DB P:nVUbdIzc  $01:A0F0: 4A       LSR
f260    c7714451     i58257980    A:20 X:01 Y:03 S:DB P:nVUbdIzc  $01:A0F1: 26 3F    ROL $3F = #$00
f260    c7714456     i58257981    A:20 X:01 Y:03 S:DB P:nVUbdIZc  $01:A0F3: 29 01    AND #$01
f260    c7714458     i58257982    A:00 X:01 Y:03 S:DB P:nVUbdIZc  $01:A0F5: 05 3F    ORA $3F = #$00
f260    c7714461     i58257983    A:00 X:01 Y:03 S:DB P:nVUbdIZc  $01:A0F7: 85 3F    STA $3F = #$00
f260    c7714464     i58257984    A:00 X:01 Y:03 S:DB P:nVUbdIZc  $01:A0F9: 88       DEY
f260    c7714466     i58257985    A:00 X:01 Y:02 S:DB P:nVUbdIzc  $01:A0FA: D0 F1    BNE $A0ED
f260    c7714469     i58257986    A:00 X:01 Y:02 S:DB P:nVUbdIzc  $01:A0ED: BD 15 40 LDA $4015,X @ $4016 = #$00
f260    c7714473     i58257987    A:40 X:01 Y:02 S:DB P:nVUbdIzc  $01:A0F0: 4A       LSR
f264    c7833251     i58295966    A:00 X:02 Y:06 S:DB P:nVUbdIzc  $01:A0ED: BD 15 40 LDA $4015,X @ $4017 = #$01
f264    c7833255     i58295967    A:40 X:02 Y:06 S:DB P:nVUbdIzc  $01:A0F0: 4A       LSR
f264    c7833257     i58295968    A:20 X:02 Y:06 S:DB P:nVUbdIzc  $01:A0F1: 26 3F    ROL $3F = #$00
f264    c7833262     i58295969    A:20 X:02 Y:06 S:DB P:nVUbdIZc  $01:A0F3: 29 01    AND #$01
f264    c7833264     i58295970    A:00 X:02 Y:06 S:DB P:nVUbdIZc  $01:A0F5: 05 3F    ORA $3F = #$00
f264    c7833267     i58295971    A:00 X:02 Y:06 S:DB P:nVUbdIZc  $01:A0F7: 85 3F    STA $3F = #$00
f264    c7833270     i58295972    A:00 X:02 Y:06 S:DB P:nVUbdIZc  $01:A0F9: 88       DEY
f264    c7833272     i58295973    A:00 X:02 Y:05 S:DB P:nVUbdIzc  $01:A0FA: D0 F1    BNE $A0ED
f264    c7833275     i58295974    A:00 X:02 Y:05 S:DB P:nVUbdIzc  $01:A0ED: BD 15 40 LDA $4015,X @ $4017 = #$01
f264    c7833279     i58295975    A:40 X:02 Y:05 S:DB P:nVUbdIzc  $01:A0F0: 4A       LSR
f264    c7833281     i58295976    A:20 X:02 Y:05 S:DB P:nVUbdIzc  $01:A0F1: 26 3F    ROL $3F = #$00
f264    c7833286     i58295977    A:20 X:02 Y:05 S:DB P:nVUbdIZc  $01:A0F3: 29 01    AND #$01
f264    c7833288     i58295978    A:00 X:02 Y:05 S:DB P:nVUbdIZc  $01:A0F5: 05 3F    ORA $3F = #$00
f264    c7833291     i58295979    A:00 X:02 Y:05 S:DB P:nVUbdIZc  $01:A0F7: 85 3F    STA $3F = #$00
f264    c7833294     i58295980    A:00 X:02 Y:05 S:DB P:nVUbdIZc  $01:A0F9: 88       DEY
f264    c7833296     i58295981    A:00 X:02 Y:04 S:DB P:nVUbdIzc  $01:A0FA: D0 F1    BNE $A0ED
f264    c7833299     i58295982    A:00 X:02 Y:04 S:DB P:nVUbdIzc  $01:A0ED: BD 15 40 LDA $4015,X @ $4017 = #$01
f264    c7833303     i58295983    A:40 X:02 Y:04 S:DB P:nVUbdIzc  $01:A0F0: 4A       LSR
f264    c7833305     i58295984    A:20 X:02 Y:04 S:DB P:nVUbdIzc  $01:A0F1: 26 3F    ROL $3F = #$00
f264    c7833310     i58295985    A:20 X:02 Y:04 S:DB P:nVUbdIZc  $01:A0F3: 29 01    AND #$01
f264    c7833312     i58295986    A:00 X:02 Y:04 S:DB P:nVUbdIZc  $01:A0F5: 05 3F    ORA $3F = #$00
f264    c7833315     i58295987    A:00 X:02 Y:04 S:DB P:nVUbdIZc  $01:A0F7: 85 3F    STA $3F = #$00
f264    c7833318     i58295988    A:00 X:02 Y:04 S:DB P:nVUbdIZc  $01:A0F9: 88       DEY
f264    c7833320     i58295989    A:00 X:02 Y:03 S:DB P:nVUbdIzc  $01:A0FA: D0 F1    BNE $A0ED
f264    c7833323     i58295990    A:00 X:02 Y:03 S:DB P:nVUbdIzc  $01:A0ED: BD 15 40 LDA $4015,X @ $4017 = #$01
f264    c7833327     i58295991    A:40 X:02 Y:03 S:DB P:nVUbdIzc  $01:A0F0: 4A       LSR
f264    c7833329     i58295992    A:20 X:02 Y:03 S:DB P:nVUbdIzc  $01:A0F1: 26 3F    ROL $3F = #$00
f264    c7833334     i58295993    A:20 X:02 Y:03 S:DB P:nVUbdIZc  $01:A0F3: 29 01    AND #$01
f264    c7833336     i58295994    A:00 X:02 Y:03 S:DB P:nVUbdIZc  $01:A0F5: 05 3F    ORA $3F = #$00
f264    c7833339     i58295995    A:00 X:02 Y:03 S:DB P:nVUbdIZc  $01:A0F7: 85 3F    STA $3F = #$00
f264    c7833342     i58295996    A:00 X:02 Y:03 S:DB P:nVUbdIZc  $01:A0F9: 88       DEY
f264    c7833344     i58295997    A:00 X:02 Y:02 S:DB P:nVUbdIzc  $01:A0FA: D0 F1    BNE $A0ED
f264    c7833347     i58295998    A:00 X:02 Y:02 S:DB P:nVUbdIzc  $01:A0ED: BD 15 40 LDA $4015,X @ $4017 = #$01
f264    c7833351     i58295999    A:40 X:02 Y:02 S:DB P:nVUbdIzc  $01:A0F0: 4A       LSR
f264    c7833353     i58296000    A:20 X:02 Y:02 S:DB P:nVUbdIzc  $01:A0F1: 26 3F    ROL $3F = #$00
f264    c7833358     i58296001    A:20 X:02 Y:02 S:DB P:nVUbdIZc  $01:A0F3: 29 01    AND #$01
f264    c7833360     i58296002    A:00 X:02 Y:02 S:DB P:nVUbdIZc  $01:A0F5: 05 3F    ORA $3F = #$00
f264    c7833363     i58296003    A:00 X:02 Y:02 S:DB P:nVUbdIZc  $01:A0F7: 85 3F    STA $3F = #$00
f264    c7833366     i58296004    A:00 X:02 Y:02 S:DB P:nVUbdIZc  $01:A0F9: 88       DEY
f264    c7833368     i58296005    A:00 X:02 Y:01 S:DB P:nVUbdIzc  $01:A0FA: D0 F1    BNE $A0ED
f264    c7833371     i58296006    A:00 X:02 Y:01 S:DB P:nVUbdIzc  $01:A0ED: BD 15 40 LDA $4015,X @ $4017 = #$01
f264    c7833375     i58296007    A:40 X:02 Y:01 S:DB P:nVUbdIzc  $01:A0F0: 4A       LSR
f265    c7862093     i58305357    A:40 X:19 Y:00 S:E0 P:nvUbdizC  $00:9F04: A5 1B    LDA $1B = #$40
f265    c7862096     i58305358    A:40 X:19 Y:00 S:E0 P:nvUbdizC  $00:9F06: 10 FC    BPL $9F04
f265    c7862099     i58305359    A:40 X:19 Y:00 S:E0 P:nvUbdizC  $00:9F04: A5 1B    LDA $1B = #$40
f265    c7862102     i58305360    A:40 X:19 Y:00 S:E0 P:nvUbdizC  $00:9F06: 10 FC    BPL $9F04
f265    c7862105     i58305361    A:40 X:19 Y:00 S:E0 P:nvUbdizC  $00:9F04: A5 1B    LDA $1B = #$40
f265    c7862108     i58305362    A:40 X:19 Y:00 S:E0 P:nvUbdizC  $00:9F06: 10 FC    BPL $9F04
f265    c7862111     i58305363    A:40 X:19 Y:00 S:E0 P:nvUbdizC  $00:9F04: A5 1B    LDA $1B = #$40
f265    c7862114     i58305364    A:40 X:19 Y:00 S:E0 P:nvUbdizC  $00:9F06: 10 FC    BPL $9F04
f265    c7862117     i58305365    A:40 X:19 Y:00 S:E0 P:nvUbdizC  $00:9F04: A5 1B    LDA $1B = #$40
f265    c7862120     i58305366    A:40 X:19 Y:00 S:E0 P:nvUbdizC  $00:9F06: 10 FC    BPL $9F04
f265    c7862123     i58305367    A:40 X:19 Y:00 S:E0 P:nvUbdizC  $00:9F04: A5 1B    LDA $1B = #$40
f265    c7862126     i58305368    A:40 X:19 Y:00 S:E0 P:nvUbdizC  $00:9F06: 10 FC    BPL $9F04
f265    c7862129     i58305369    A:40 X:19 Y:00 S:E0 P:nvUbdizC  $00:9F04: A5 1B    LDA $1B = #$40
f265    c7862132     i58305370    A:40 X:19 Y:00 S:E0 P:nvUbdizC  $00:9F06: 10 FC    BPL $9F04
f265    c7862135     i58305371    A:40 X:19 Y:00 S:E0 P:nvUbdizC  $00:9F04: A5 1B    LDA $1B = #$40
f265    c7862138     i58305372    A:40 X:19 Y:00 S:E0 P:nvUbdizC  $00:9F06: 10 FC    BPL $9F04
f265    c7862141     i58305373    A:40 X:19 Y:00 S:E0 P:nvUbdizC  $00:9F04: A5 1B    LDA $1B = #$40
f265    c7862144     i58305374    A:40 X:19 Y:00 S:E0 P:nvUbdizC  $00:9F06: 10 FC    BPL $9F04
f265    c7862147     i58305375    A:40 X:19 Y:00 S:E0 P:nvUbdizC  $00:9F04: A5 1B    LDA $1B = #$40
f265    c7862150     i58305376    A:40 X:19 Y:00 S:E0 P:nvUbdizC  $00:9F06: 10 FC    BPL $9F04
f265    c7862153     i58305377    A:40 X:19 Y:00 S:E0 P:nvUbdizC  $00:9F04: A5 1B    LDA $1B = #$40
f265    c7862156     i58305378    A:40 X:19 Y:00 S:E0 P:nvUbdizC  $00:9F06: 10 FC    BPL $9F04
f265    c7862159     i58305379    A:40 X:19 Y:00 S:E0 P:nvUbdizC  $00:9F04: A5 1B    LDA $1B = #$40
f265    c7862162     i58305380    A:40 X:19 Y:00 S:E0 P:nvUbdizC  $00:9F06: 10 FC    BPL $9F04
f265    c7862165     i58305381    A:40 X:19 Y:00 S:E0 P:nvUbdizC  $00:9F04: A5 1B    LDA $1B = #$40
f265    c7862168     i58305382    A:40 X:19 Y:00 S:E0 P:nvUbdizC  $00:9F06: 10 FC    BPL $9F04
f265    c7862178     i58305383    A:40 X:19 Y:00 S:DD P:nvUbdIzC  $0F:C500: 4C 6E C7 JMP $C76E
f265    c7862181     i58305384    A:40 X:19 Y:00 S:DD P:nvUbdIzC  $0F:C76E: 24 1B    BIT $1B = #$40
f265    c7862184     i58305385    A:40 X:19 Y:00 S:DD P:nVUbdIzC  $0F:C770: 50 03    BVC $C775
f265    c7862186     i58305386    A:40 X:19 Y:00 S:DD P:nVUbdIzC  $0F:C772: 4C 21 C4 JMP $C421
f265    c7862189     i58305387    A:40 X:19 Y:00 S:DD P:nVUbdIzC  $0F:C421: 24 3B    BIT $3B = #$55
f265    c7862192     i58305388    A:40 X:19 Y:00 S:DD P:nVUbdIzC  $0F:C423: 30 4D    BMI $C472
f265    c7862194     i58305389    A:40 X:19 Y:00 S:DD P:nVUbdIzC  $0F:C425: 38       SEC
f265    c7862196     i58305390    A:40 X:19 Y:00 S:DD P:nVUbdIzC  $0F:C426: 66 3B    ROR $3B = #$55
f265    c7862201     i58305391    A:40 X:19 Y:00 S:DD P:NVUbdIzC  $0F:C428: 85 3C    STA $3C = #$40
f265    c7862204     i58305392    A:40 X:19 Y:00 S:DD P:NVUbdIzC  $0F:C42A: 86 3D    STX $3D = #$19
f265    c7862207     i58305393    A:40 X:19 Y:00 S:DD P:NVUbdIzC  $0F:C42C: 84 3E    STY $3E = #$00
f265    c7862210     i58305394    A:40 X:19 Y:00 S:DD P:NVUbdIzC  $0F:C42E: A5 22    LDA $22 = #$00
f265    c7862213     i58305395    A:00 X:19 Y:00 S:DD P:nVUbdIZC  $0F:C430: 09 07    ORA #$07
f265    c7862215     i58305396    A:07 X:19 Y:00 S:DD P:nVUbdIzC  $0F:C432: 8D 00 80 STA $8000 = #$A5
f265    c7862219     i58305397    A:07 X:19 Y:00 S:DD P:nVUbdIzC  $0F:C435: A9 02    LDA #$02
f265    c7862221     i58305398    A:02 X:19 Y:00 S:DD P:nVUbdIzC  $0F:C437: 8D 01 80 STA $8001 = #$27
f282    c8397883     i58475220    A:F8 X:F8 Y:FC S:EC P:NvUbdizc  $01:A8FB: D0 D8    BNE $A8D5
f282    c8397886     i58475221    A:F8 X:F8 Y:FC S:EC P:NvUbdizc  $01:A8D5: BE 68 04 LDX $0468,Y @ $0564 = #$F8
f282    c8397891     i58475222    A:F8 X:F8 Y:FC S:EC P:NvUbdizc  $01:A8D8: B9 6A 04 LDA $046A,Y @ $0566 = #$F8
f282    c8397896     i58475223    A:F8 X:F8 Y:FC S:EC P:NvUbdizc  $01:A8DB: 29 0C    AND #$0C
f282    c8397898     i58475224    A:08 X:F8 Y:FC S:EC P:nvUbdizc  $01:A8DD: F0 02    BEQ $A8E1
f282    c8397900     i58475225    A:08 X:F8 Y:FC S:EC P:nvUbdizc  $01:A8DF: A2 F8    LDX #$F8
f282    c8397902     i58475226    A:08 X:F8 Y:FC S:EC P:NvUbdizc  $01:A8E1: 8A       TXA
f282    c8397904     i58475227    A:F8 X:F8 Y:FC S:EC P:NvUbdizc  $01:A8E2: 99 00 02 STA $0200,Y @ $02FC = #$F8
f282    c8397909     i58475228    A:F8 X:F8 Y:FC S:EC P:NvUbdizc  $01:A8E5: B9 69 04 LDA $0469,Y @ $0565 = #$F8
f282    c8397914     i58475229    A:F8 X:F8 Y:FC S:EC P:NvUbdizc  $01:A8E8: 99 01 02 STA $0201,Y @ $02FD = #$F8
f282    c8397919     i58475230    A:F8 X:F8 Y:FC S:EC P:NvUbdizc  $01:A8EB: B9 6A 04 LDA $046A,Y @ $0566 = #$F8
f282    c8397924     i58475231    A:F8 X:F8 Y:FC S:EC P:NvUbdizc  $01:A8EE: 99 02 02 STA $0202,Y @ $02FE = #$F8
f282    c8397929     i58475232    A:F8 X:F8 Y:FC S:EC P:NvUbdizc  $01:A8F1: B9 6B 04 LDA $046B,Y @ $0567 = #$F8
f282    c8397934     i58475233    A:F8 X:F8 Y:FC S:EC P:NvUbdizc  $01:A8F4: 99 03 02 STA $0203,Y @ $02FF = #$F8
f282    c8397939     i58475234    A:F8 X:F8 Y:FC S:EC P:NvUbdizc  $01:A8F7: C8       INY
f282    c8397941     i58475235    A:F8 X:F8 Y:FD S:EC P:NvUbdizc  $01:A8F8: C8       INY
f282    c8397943     i58475236    A:F8 X:F8 Y:FE S:EC P:NvUbdizc  $01:A8F9: C8       INY
f282    c8397945     i58475237    A:F8 X:F8 Y:FF S:EC P:NvUbdizc  $01:A8FA: C8       INY
f282    c8397947     i58475238    A:F8 X:F8 Y:00 S:EC P:nvUbdiZc  $01:A8FB: D0 D8    BNE $A8D5
f282    c8397949     i58475239    A:F8 X:F8 Y:00 S:EC P:nvUbdiZc  $01:A8FD: 60       RTS (from $A215)
f282    c8397955     i58475240    A:F8 X:F8 Y:00 S:EE P:nvUbdiZc  $00:8392: A2 06    LDX #$06
f282    c8397957     i58475241    A:F8 X:06 Y:00 S:EE P:nvUbdizc  $00:8394: 20 B9 C4 JSR $C4B9
f282    c8397963     i58475242    A:F8 X:06 Y:00 S:EC P:nvUbdizc  $0F:C4B9: 86 25    STX $25 = #$02
f282    c8397966     i58475243    A:F8 X:06 Y:00 S:EC P:nvUbdizc  $0F:C4BB: A9 07    LDA #$07
f282    c8397968     i58475244    A:07 X:06 Y:00 S:EC P:nvUbdizc  $0F:C4BD: 05 22    ORA $22 = #$00
f282    c8397971     i58475245    A:07 X:06 Y:00 S:EC P:nvUbdizc  $0F:C4BF: 85 23    STA $23 = #$06
f282    c8397974     i58475246    A:07 X:06 Y:00 S:EC P:nvUbdizc  $0F:C4C1: 8D 00 80 STA $8000 = #$A5
f282    c8397978     i58475247    A:07 X:06 Y:00 S:EC P:nvUbdizc  $0F:C4C4: 8E 01 80 STX $8001 = #$27
f282    c8397982     i58475248    A:07 X:06 Y:00 S:EC P:nvUbdizc  $0F:C4C7: 60       RTS (from $C4B9)
f282    c8397988     i58475249    A:07 X:06 Y:00 S:EE P:nvUbdizc  $00:8397: 60       RTS (from $838A)
f282    c8397994     i58475250    A:07 X:06 Y:00 S:F0 P:nvUbdizc  $00:82F0: A5 4C    LDA $4C = #$00
f282    c8397997     i58475251    A:00 X:06 Y:00 S:F0 P:nvUbdiZc  $00:82F2: 10 F9    BPL $82ED
f282    c8398000     i58475252    A:00 X:06 Y:00 S:F0 P:nvUbdiZc  $00:82ED: 20 8A 83 JSR $838A
f282    c8398006     i58475253    A:00 X:06 Y:00 S:EE P:nvUbdiZc  $00:838A: A2 02    LDX #$02
f282    c8398008     i58475254    A:00 X:02 Y:00 S:EE P:nvUbdizc  $00:838C: 20 B9 C4 JSR $C4B9
f282    c8398014     i58475255    A:00 X:02 Y:00 S:EC P:nvUbdizc  $0F:C4B9: 86 25    STX $25 = #$06
f282    c8398017     i58475256    A:00 X:02 Y:00 S:EC P:nvUbdizc  $0F:C4BB: A9 07    LDA #$07
f282    c8398019     i58475257    A:07 X:02 Y:00 S:EC P:nvUbdizc  $0F:C4BD: 05 22    ORA $22 = #$00
f282    c8398022     i58475258    A:07 X:02 Y:00 S:EC P:nvUbdizc  $0F:C4BF: 85 23    STA $23 = #$07
f282    c8398025     i58475259    A:07 X:02 Y:00 S:EC P:nvUbdizc  $0F:C4C1: 8D 00 80 STA $8000 = #$A5
f282    c8398029     i58475260    A:07 X:02 Y:00 S:EC P:nvUbdizc  $0F:C4C4: 8E 01 80 STX $8001 = #$27
f290    c8615589     i58544666    A:00 X:15 Y:00 S:E0 P:nvUbdiZc  $00:9FCF: 95 02    STA $02,X @ $0017 = #$00
f290    c8615593     i58544667    A:00 X:15 Y:00 S:E0 P:nvUbdiZc  $00:9FD1: AD 25 00 LDA $0025 = #$02
f290    c8615597     i58544668    A:02 X:15 Y:00 S:E0 P:nvUbdizc  $00:9FD4: 95 03    STA $03,X @ $0018 = #$02
f290    c8615601     i58544669    A:02 X:15 Y:00 S:E0 P:nvUbdizc  $00:9FD6: A5 19    LDA $19 = #$01
f290    c8615604     i58544670    A:01 X:15 Y:00 S:E0 P:nvUbdizc  $00:9FD8: F0 04    BEQ $9FDE
f290    c8615606     i58544671    A:01 X:15 Y:00 S:E0 P:nvUbdizc  $00:9FDA: C9 FF    CMP #$FF
f290    c8615608     i58544672    A:01 X:15 Y:00 S:E0 P:nvUbdizc  $00:9FDC: D0 02    BNE $9FE0
f290    c8615611     i58544673    A:01 X:15 Y:00 S:E0 P:nvUbdizc  $00:9FE0: 95 00    STA $00,X @ $0015 = #$00
f290    c8615615     i58544674    A:01 X:15 Y:00 S:E0 P:nvUbdizc  $00:9FE2: 4C FB 9E JMP $9EFB
f290    c8615618     i58544675    A:01 X:15 Y:00 S:E0 P:nvUbdizc  $00:9EFB: 8A       TXA
f290    c8615620     i58544676    A:15 X:15 Y:00 S:E0 P:nvUbdizc  $00:9EFC: 18       CLC
f290    c8615622     i58544677    A:15 X:15 Y:00 S:E0 P:nvUbdizc  $00:9EFD: 69 04    ADC #$04
f290    c8615624     i58544678    A:19 X:15 Y:00 S:E0 P:nvUbdizc  $00:9EFF: AA       TAX
f290    c8615626     i58544679    A:19 X:19 Y:00 S:E0 P:nvUbdizc  $00:9F00: E0 19    CPX #$19
f290    c8615628     i58544680    A:19 X:19 Y:00 S:E0 P:nvUbdiZC  $00:9F02: D0 EB    BNE $9EEF
f290    c8615630     i58544681    A:19 X:19 Y:00 S:E0 P:nvUbdiZC  $00:9F04: A5 1B    LDA $1B = #$40
f290    c8615633     i58544682    A:40 X:19 Y:00 S:E0 P:nvUbdizC  $00:9F06: 10 FC    BPL $9F04
f290    c8615636     i58544683    A:40 X:19 Y:00 S:E0 P:nvUbdizC  $00:9F04: A5 1B    LDA $1B = #$40
f290    c8615639     i58544684    A:40 X:19 Y:00 S:E0 P:nvUbdizC  $00:9F06: 10 FC    BPL $9F04
f290    c8615642     i58544685    A:40 X:19 Y:00 S:E0 P:nvUbdizC  $00:9F04: A5 1B    LDA $1B = #$40
f290    c8615645     i58544686    A:40 X:19 Y:00 S:E0 P:nvUbdizC  $00:9F06: 10 FC    BPL $9F04
f290    c8615648     i58544687    A:40 X:19 Y:00 S:E0 P:nvUbdizC  $00:9F04: A5 1B    LDA $1B = #$40
f290    c8615651     i58544688    A:40 X:19 Y:00 S:E0 P:nvUbdizC  $00:9F06: 10 FC    BPL $9F04
f290    c8615654     i58544689    A:40 X:19 Y:00 S:E0 P:nvUbdizC  $00:9F04: A5 1B    LDA $1B = #$40
f290    c8615657     i58544690    A:40 X:19 Y:00 S:E0 P:nvUbdizC  $00:9F06: 10 FC    BPL $9F04
f290    c8615660     i58544691    A:40 X:19 Y:00 S:E0 P:nvUbdizC  $00:9F04: A5 1B    LDA $1B = #$40
f290    c8615663     i58544692    A:40 X:19 Y:00 S:E0 P:nvUbdizC  $00:9F06: 10 FC    BPL $9F04
f290    c8615666     i58544693    A:40 X:19 Y:00 S:E0 P:nvUbdizC  $00:9F04: A5 1B    LDA $1B = #$40
f290    c8615669     i58544694    A:40 X:19 Y:00 S:E0 P:nvUbdizC  $00:9F06: 10 FC    BPL $9F04
f290    c8615672     i58544695    A:40 X:19 Y:00 S:E0 P:nvUbdizC  $00:9F04: A5 1B    LDA $1B = #$40
f290    c8615675     i58544696    A:40 X:19 Y:00 S:E0 P:nvUbdizC  $00:9F06: 10 FC    BPL $9F04
f290    c8615678     i58544697    A:40 X:19 Y:00 S:E0 P:nvUbdizC  $00:9F04: A5 1B    LDA $1B = #$40
f290    c8615681     i58544698    A:40 X:19 Y:00 S:E0 P:nvUbdizC  $00:9F06: 10 FC    BPL $9F04
f290    c8615684     i58544699    A:40 X:19 Y:00 S:E0 P:nvUbdizC  $00:9F04: A5 1B    LDA $1B = #$40
f290    c8615687     i58544700    A:40 X:19 Y:00 S:E0 P:nvUbdizC  $00:9F06: 10 FC    BPL $9F04
f290    c8615690     i58544701    A:40 X:19 Y:00 S:E0 P:nvUbdizC  $00:9F04: A5 1B    LDA $1B = #$40
f290    c8615693     i58544702    A:40 X:19 Y:00 S:E0 P:nvUbdizC  $00:9F06: 10 FC    BPL $9F04
f290    c8615696     i58544703    A:40 X:19 Y:00 S:E0 P:nvUbdizC  $00:9F04: A5 1B    LDA $1B = #$40
f290    c8615699     i58544704    A:40 X:19 Y:00 S:E0 P:nvUbdizC  $00:9F06: 10 FC    BPL $9F04
f290    c8615702     i58544705    A:40 X:19 Y:00 S:E0 P:nvUbdizC  $00:9F04: A5 1B    LDA $1B = #$40
f290    c8615705     i58544706    A:40 X:19 Y:00 S:E0 P:nvUbdizC  $00:9F06: 10 FC    BPL $9F04
f290    c8615708     i58544707    A:40 X:19 Y:00 S:E0 P:nvUbdizC  $00:9F04: A5 1B    LDA $1B = #$40
f291    c8638569     i58552128    A:0F X:A8 Y:05 S:D9 P:nvUbdIzC  $06:81EC: D0 45    BNE $8233
f291    c8638573     i58552129    A:0F X:A8 Y:05 S:D9 P:nvUbdIzC  $06:8233: A6 F2    LDX $F2 = #$14
f291    c8638576     i58552130    A:0F X:14 Y:05 S:D9 P:nvUbdIzC  $06:8235: BD 0A 07 LDA $070A,X @ $071E = #$0D
f291    c8638580     i58552131    A:0D X:14 Y:05 S:D9 P:nvUbdIzC  $06:8238: 38       SEC
f291    c8638582     i58552132    A:0D X:14 Y:05 S:D9 P:nvUbdIzC  $06:8239: E5 F7    SBC $F7 = #$0F
f291    c8638585     i58552133    A:FE X:14 Y:05 S:D9 P:NvUbdIzc  $06:823B: 10 02    BPL $823F
f291    c8638587     i58552134    A:FE X:14 Y:05 S:D9 P:NvUbdIzc  $06:823D: A9 00    LDA #$00
f291    c8638589     i58552135    A:00 X:14 Y:05 S:D9 P:nvUbdIZc  $06:823F: 05 F6    ORA $F6 = #$A0
f291    c8638592     i58552136    A:A0 X:14 Y:05 S:D9 P:NvUbdIzc  $06:8241: A0 06    LDY #$06
f291    c8638594     i58552137    A:A0 X:14 Y:06 S:D9 P:nvUbdIzc  $06:8243: 91 F0    STA ($F0),Y @ $077D = #$A0
f291    c8638600     i58552138    A:A0 X:14 Y:06 S:D9 P:nvUbdIzc  $06:8245: A6 F3    LDX $F3 = #$03
f291    c8638603     i58552139    A:A0 X:03 Y:06 S:D9 P:nvUbdIzc  $06:8247: CA       DEX
f291    c8638605     i58552140    A:A0 X:02 Y:06 S:D9 P:nvUbdIzc  $06:8248: BD AF 07 LDA $07AF,X @ $07B1 = #$01
f291    c8638609     i58552141    A:01 X:02 Y:06 S:D9 P:nvUbdIzc  $06:824B: C9 01    CMP #$01
f291    c8638611     i58552142    A:01 X:02 Y:06 S:D9 P:nvUbdIZC  $06:824D: F0 08    BEQ $8257
f291    c8638614     i58552143    A:01 X:02 Y:06 S:D9 P:nvUbdIZC  $06:8257: BD C7 07 LDA $07C7,X @ $07C9 = #$08
f291    c8638618     i58552144    A:08 X:02 Y:06 S:D9 P:nvUbdIzC  $06:825A: 0A       ASL
f291    c8638620     i58552145    A:10 X:02 Y:06 S:D9 P:nvUbdIzc  $06:825B: A8       TAY
f291    c8638622     i58552146    A:10 X:02 Y:10 S:D9 P:nvUbdIzc  $06:825C: B9 69 82 LDA $8269,Y @ $8279 = #$92
f291    c8638626     i58552147    A:92 X:02 Y:10 S:D9 P:NvUbdIzc  $06:825F: 85 F9    STA $F9 = #$7D
f291    c8638629     i58552148    A:92 X:02 Y:10 S:D9 P:NvUbdIzc  $06:8261: B9 6A 82 LDA $826A,Y @ $827A = #$82
f291    c8638633     i58552149    A:82 X:02 Y:10 S:D9 P:NvUbdIzc  $06:8264: 85 FA    STA $FA = #$82
f291    c8638636     i58552150    A:82 X:02 Y:10 S:D9 P:NvUbdIzc  $06:8266: 6C F9 00 JMP ($00F9) = $8292
f291    c8638641     i58552151    A:82 X:02 Y:10 S:D9 P:NvUbdIzc  $06:8292: A9 02    LDA #$02
f291    c8638643     i58552152    A:02 X:02 Y:10 S:D9 P:nvUbdIzc  $06:8294: 4C 7F 82 JMP $827F
f291    c8638646     i58552153    A:02 X:02 Y:10 S:D9 P:nvUbdIzc  $06:827F: 18       CLC
f291    c8638648     i58552154    A:02 X:02 Y:10 S:D9 P:nvUbdIzc  $06:8280: 7D B7 07 ADC $07B7,X @ $07B9 = #$00
f291    c8638652     i58552155    A:02 X:02 Y:10 S:D9 P:nvUbdIzc  $06:8283: A0 07    LDY #$07
f291    c8638654     i58552156    A:02 X:02 Y:07 S:D9 P:nvUbdIzc  $06:8285: 91 F0    STA ($F0),Y @ $077E = #$01
f291    c8638660     i58552157    A:02 X:02 Y:07 S:D9 P:nvUbdIzc  $06:8287: BD BF 07 LDA $07BF,X @ $07C1 = #$00
f291    c8638664     i58552158    A:00 X:02 Y:07 S:D9 P:nvUbdIZc  $06:828A: 69 00    ADC #$00
f291    c8638666     i58552159    A:00 X:02 Y:07 S:D9 P:nvUbdIZc  $06:828C: C8       INY
f291    c8638668     i58552160    A:00 X:02 Y:08 S:D9 P:nvUbdIzc  $06:828D: 91 F0    STA ($F0),Y @ $077F = #$00
f291    c8638674     i58552161    A:00 X:02 Y:08 S:D9 P:nvUbdIzc  $06:828F: 4C A4 82 JMP $82A4
f291    c8638677     i58552162    A:00 X:02 Y:08 S:D9 P:nvUbdIzc  $06:82A4: BD C7 07 LDA $07C7,X @ $07C9 = #$08
f291    c8638681     i58552163    A:08 X:02 Y:08 S:D9 P:nvUbdIzc  $06:82A7: 18       CLC
f291    c8638683     i58552164    A:08 X:02 Y:08 S:D9 P:nvUbdIzc  $06:82A8: 69 01    ADC #$01
f291    c8638685     i58552165    A:09 X:02 Y:08 S:D9 P:nvUbdIzc  $06:82AA: C9 0A    CMP #$0A
f291    c8638687     i58552166    A:09 X:02 Y:08 S:D9 P:NvUbdIzc  $06:82AC: D0 02    BNE $82B0
f291    c8638690     i58552167    A:09 X:02 Y:08 S:D9 P:NvUbdIzc  $06:82B0: 9D C7 07 STA $07C7,X @ $07C9 = #$08
f291    c8638695     i58552168    A:09 X:02 Y:08 S:D9 P:NvUbdIzc  $06:82B3: 60       RTS (from $81DB)
f304    c9026118     i58676371    A:85 X:14 Y:02 S:D9 P:NvUbdIzC  $06:8241: A0 06    LDY #$06
f304    c9026120     i58676372    A:85 X:14 Y:06 S:D9 P:nvUbdIzC  $06:8243: 91 F0    STA ($F0),Y @ $077D = #$87
f304    c9026126     i58676373    A:85 X:14 Y:06 S:D9 P:nvUbdIzC  $06:8245: A6 F3    LDX $F3 = #$03
f304    c9026129     i58676374    A:85 X:03 Y:06 S:D9 P:nvUbdIzC  $06:8247: CA       DEX
f304    c9026131     i58676375    A:85 X:02 Y:06 S:D9 P:nvUbdIzC  $06:8248: BD AF 07 LDA $07AF,X @ $07B1 = #$01
f304    c9026135     i58676376    A:01 X:02 Y:06 S:D9 P:nvUbdIzC  $06:824B: C9 01    CMP #$01
f304    c9026137     i58676377    A:01 X:02 Y:06 S:D9 P:nvUbdIZC  $06:824D: F0 08    BEQ $8257
f304    c9026140     i58676378    A:01 X:02 Y:06 S:D9 P:nvUbdIZC  $06:8257: BD C7 07 LDA $07C7,X @ $07C9 = #$01
f304    c9026144     i58676379    A:01 X:02 Y:06 S:D9 P:nvUbdIzC  $06:825A: 0A       ASL
f304    c9026146     i58676380    A:02 X:02 Y:06 S:D9 P:nvUbdIzc  $06:825B: A8       TAY
f304    c9026148     i58676381    A:02 X:02 Y:02 S:D9 P:nvUbdIzc  $06:825C: B9 69 82 LDA $8269,Y @ $826B = #$97
f304    c9026152     i58676382    A:97 X:02 Y:02 S:D9 P:NvUbdIzc  $06:825F: 85 F9    STA $F9 = #$97
f304    c9026155     i58676383    A:97 X:02 Y:02 S:D9 P:NvUbdIzc  $06:8261: B9 6A 82 LDA $826A,Y @ $826C = #$82
f304    c9026159     i58676384    A:82 X:02 Y:02 S:D9 P:NvUbdIzc  $06:8264: 85 FA    STA $FA = #$82
f304    c9026162     i58676385    A:82 X:02 Y:02 S:D9 P:NvUbdIzc  $06:8266: 6C F9 00 JMP ($00F9) = $8297
f304    c9026167     i58676386    A:82 X:02 Y:02 S:D9 P:NvUbdIzc  $06:8297: BD B7 07 LDA $07B7,X @ $07B9 = #$A0
f304    c9026171     i58676387    A:A0 X:02 Y:02 S:D9 P:NvUbdIzc  $06:829A: A0 07    LDY #$07
f304    c9026173     i58676388    A:A0 X:02 Y:07 S:D9 P:nvUbdIzc  $06:829C: 91 F0    STA ($F0),Y @ $077E = #$A0
f304    c9026179     i58676389    A:A0 X:02 Y:07 S:D9 P:nvUbdIzc  $06:829E: BD BF 07 LDA $07BF,X @ $07C1 = #$80
f304    c9026183     i58676390    A:80 X:02 Y:07 S:D9 P:NvUbdIzc  $06:82A1: C8       INY
f304    c9026185     i58676391    A:80 X:02 Y:08 S:D9 P:nvUbdIzc  $06:82A2: 91 F0    STA ($F0),Y @ $077F = #$80
f304    c9026191     i58676392    A:80 X:02 Y:08 S:D9 P:nvUbdIzc  $06:82A4: BD C7 07 LDA $07C7,X @ $07C9 = #$01
f304    c9026195     i58676393    A:01 X:02 Y:08 S:D9 P:nvUbdIzc  $06:82A7: 18       CLC
f304    c9026197     i58676394    A:01 X:02 Y:08 S:D9 P:nvUbdIzc  $06:82A8: 69 01    ADC #$01
f304    c9026199     i58676395    A:02 X:02 Y:08 S:D9 P:nvUbdIzc  $06:82AA: C9 0A    CMP #$0A
f304    c9026201     i58676396    A:02 X:02 Y:08 S:D9 P:NvUbdIzc  $06:82AC: D0 02    BNE $82B0
f304    c9026204     i58676397    A:02 X:02 Y:08 S:D9 P:NvUbdIzc  $06:82B0: 9D C7 07 STA $07C7,X @ $07C9 = #$01
f304    c9026209     i58676398    A:02 X:02 Y:08 S:D9 P:NvUbdIzc  $06:82B3: 60       RTS (from $81DB)
f304    c9026215     i58676399    A:02 X:02 Y:08 S:DB P:NvUbdIzc  $06:810C: 18       CLC
f304    c9026217     i58676400    A:02 X:02 Y:08 S:DB P:NvUbdIzc  $06:810D: A9 10    LDA #$10
f304    c9026219     i58676401    A:10 X:02 Y:08 S:DB P:nvUbdIzc  $06:810F: 65 F0    ADC $F0 = #$77
f304    c9026222     i58676402    A:87 X:02 Y:08 S:DB P:NVUbdIzc  $06:8111: 85 F0    STA $F0 = #$77
f304    c9026225     i58676403    A:87 X:02 Y:08 S:DB P:NVUbdIzc  $06:8113: A9 04    LDA #$04
f304    c9026227     i58676404    A:04 X:02 Y:08 S:DB P:nVUbdIzc  $06:8115: 65 F2    ADC $F2 = #$14
f304    c9026230     i58676405    A:18 X:02 Y:08 S:DB P:nvUbdIzc  $06:8117: 85 F2    STA $F2 = #$14
f304    c9026233     i58676406    A:18 X:02 Y:08 S:DB P:nvUbdIzc  $06:8119: C6 F3    DEC $F3 = #$03
f304    c9026238     i58676407    A:18 X:02 Y:08 S:DB P:nvUbdIzc  $06:811B: D0 AD    BNE $80CA
f304    c9026242     i58676408    A:18 X:02 Y:08 S:DB P:nvUbdIzc  $06:80CA: AD 06 07 LDA $0706 = #$C3
f304    c9026246     i58676409    A:C3 X:02 Y:08 S:DB P:NvUbdIzc  $06:80CD: 4A       LSR
f304    c9026248     i58676410    A:61 X:02 Y:08 S:DB P:nvUbdIzC  $06:80CE: 90 02    BCC $80D2
f304    c9026250     i58676411    A:61 X:02 Y:08 S:DB P:nvUbdIzC  $06:80D0: 09 80    ORA #$80
f308    c9150945     i58716296    A:F8 X:F8 Y:FC S:EC P:NvUbdizc  $01:A8FB: D0 D8    BNE $A8D5
f308    c9150948     i58716297    A:F8 X:F8 Y:FC S:EC P:NvUbdizc  $01:A8D5: BE 68 04 LDX $0468,Y @ $0564 = #$F8
f308    c9150953     i58716298    A:F8 X:F8 Y:FC S:EC P:NvUbdizc  $01:A8D8: B9 6A 04 LDA $046A,Y @ $0566 = #$F8
f308    c9150958     i58716299    A:F8 X:F8 Y:FC S:EC P:NvUbdizc  $01:A8DB: 29 0C    AND #$0C
f308    c9150960     i58716300    A:08 X:F8 Y:FC S:EC P:nvUbdizc  $01:A8DD: F0 02    BEQ $A8E1
f308    c9150962     i58716301    A:08 X:F8 Y:FC S:EC P:nvUbdizc  $01:A8DF: A2 F8    LDX #$F8
f308    c9150964     i58716302    A:08 X:F8 Y:FC S:EC P:NvUbdizc  $01:A8E1: 8A       TXA
f308    c9150966     i58716303    A:F8 X:F8 Y:FC S:EC P:NvUbdizc  $01:A8E2: 99 00 02 STA $0200,Y @ $02FC = #$F8
f308    c9150971     i58716304    A:F8 X:F8 Y:FC S:EC P:NvUbdizc  $01:A8E5: B9 69 04 LDA $0469,Y @ $0565 = #$F8
f308    c9150976     i58716305    A:F8 X:F8 Y:FC S:EC P:NvUbdizc  $01:A8E8: 99 01 02 STA $0201,Y @ $02FD = #$F8
f308    c9150981     i58716306    A:F8 X:F8 Y:FC S:EC P:NvUbdizc  $01:A8EB: B9 6A 04 LDA $046A,Y @ $0566 = #$F8
f308    c9150986     i58716307    A:F8 X:F8 Y:FC S:EC P:NvUbdizc  $01:A8EE: 99 02 02 STA $0202,Y @ $02FE = #$F8
f308    c9150991     i58716308    A:F8 X:F8 Y:FC S:EC P:NvUbdizc  $01:A8F1: B9 6B 04 LDA $046B,Y @ $0567 = #$F8
f308    c9150996     i58716309    A:F8 X:F8 Y:FC S:EC P:NvUbdizc  $01:A8F4: 99 03 02 STA $0203,Y @ $02FF = #$F8
f308    c9151001     i58716310    A:F8 X:F8 Y:FC S:EC P:NvUbdizc  $01:A8F7: C8       INY
f308    c9151003     i58716311    A:F8 X:F8 Y:FD S:EC P:NvUbdizc  $01:A8F8: C8       INY
f308    c9151005     i58716312    A:F8 X:F8 Y:FE S:EC P:NvUbdizc  $01:A8F9: C8       INY
f308    c9151007     i58716313    A:F8 X:F8 Y:FF S:EC P:NvUbdizc  $01:A8FA: C8       INY
f308    c9151009     i58716314    A:F8 X:F8 Y:00 S:EC P:nvUbdiZc  $01:A8FB: D0 D8    BNE $A8D5
f308    c9151011     i58716315    A:F8 X:F8 Y:00 S:EC P:nvUbdiZc  $01:A8FD: 60       RTS (from $A215)
f308    c9151017     i58716316    A:F8 X:F8 Y:00 S:EE P:nvUbdiZc  $00:8392: A2 06    LDX #$06
f308    c9151019     i58716317    A:F8 X:06 Y:00 S:EE P:nvUbdizc  $00:8394: 20 B9 C4 JSR $C4B9
f308    c9151025     i58716318    A:F8 X:06 Y:00 S:EC P:nvUbdizc  $0F:C4B9: 86 25    STX $25 = #$02
f308    c9151028     i58716319    A:F8 X:06 Y:00 S:EC P:nvUbdizc  $0F:C4BB: A9 07    LDA #$07
f308    c9151030     i58716320    A:07 X:06 Y:00 S:EC P:nvUbdizc  $0F:C4BD: 05 22    ORA $22 = #$00
f308    c9151033     i58716321    A:07 X:06 Y:00 S:EC P:nvUbdizc  $0F:C4BF: 85 23    STA $23 = #$06
f308    c9151036     i58716322    A:07 X:06 Y:00 S:EC P:nvUbdizc  $0F:C4C1: 8D 00 80 STA $8000 = #$A5
f308    c9151040     i58716323    A:07 X:06 Y:00 S:EC P:nvUbdizc  $0F:C4C4: 8E 01 80 STX $8001 = #$27
f308    c9151044     i58716324    A:07 X:06 Y:00 S:EC P:nvUbdizc  $0F:C4C7: 60       RTS (from $C4B9)
f308    c9151050     i58716325    A:07 X:06 Y:00 S:EE P:nvUbdizc  $00:8397: 60       RTS (from $838A)
f308    c9151056     i58716326    A:07 X:06 Y:00 S:F0 P:nvUbdizc  $00:82F0: A5 4C    LDA $4C = #$00
f308    c9151059     i58716327    A:00 X:06 Y:00 S:F0 P:nvUbdiZc  $00:82F2: 10 F9    BPL $82ED
f308    c9151062     i58716328    A:00 X:06 Y:00 S:F0 P:nvUbdiZc  $00:82ED: 20 8A 83 JSR $838A
f308    c9151068     i58716329    A:00 X:06 Y:00 S:EE P:nvUbdiZc  $00:838A: A2 02    LDX #$02
f308    c9151070     i58716330    A:00 X:02 Y:00 S:EE P:nvUbdizc  $00:838C: 20 B9 C4 JSR $C4B9
f308    c9151076     i58716331    A:00 X:02 Y:00 S:EC P:nvUbdizc  $0F:C4B9: 86 25    STX $25 = #$06
f308    c9151079     i58716332    A:00 X:02 Y:00 S:EC P:nvUbdizc  $0F:C4BB: A9 07    LDA #$07
f308    c9151081     i58716333    A:07 X:02 Y:00 S:EC P:nvUbdizc  $0F:C4BD: 05 22    ORA $22 = #$00
f308    c9151084     i58716334    A:07 X:02 Y:00 S:EC P:nvUbdizc  $0F:C4BF: 85 23    STA $23 = #$07
f308    c9151087     i58716335    A:07 X:02 Y:00 S:EC P:nvUbdizc  $0F:C4C1: 8D 00 80 STA $8000 = #$A5
f308    c9151091     i58716336    A:07 X:02 Y:00 S:EC P:nvUbdizc  $0F:C4C4: 8E 01 80 STX $8001 = #$27
f314    c9329626     i58773585    A:F8 X:F8 Y:FC S:EC P:NvUbdizc  $01:A8FB: D0 D8    BNE $A8D5
f314    c9329629     i58773586    A:F8 X:F8 Y:FC S:EC P:NvUbdizc  $01:A8D5: BE 68 04 LDX $0468,Y @ $0564 = #$F8
f314    c9329634     i58773587    A:F8 X:F8 Y:FC S:EC P:NvUbdizc  $01:A8D8: B9 6A 04 LDA $046A,Y @ $0566 = #$F8
f314    c9329639     i58773588    A:F8 X:F8 Y:FC S:EC P:NvUbdizc  $01:A8DB: 29 0C    AND #$0C
f314    c9329641     i58773589    A:08 X:F8 Y:FC S:EC P:nvUbdizc  $01:A8DD: F0 02    BEQ $A8E1
f314    c9329643     i58773590    A:08 X:F8 Y:FC S:EC P:nvUbdizc  $01:A8DF: A2 F8    LDX #$F8
f314    c9329645     i58773591    A:08 X:F8 Y:FC S:EC P:NvUbdizc  $01:A8E1: 8A       TXA
f314    c9329647     i58773592    A:F8 X:F8 Y:FC S:EC P:NvUbdizc  $01:A8E2: 99 00 02 STA $0200,Y @ $02FC = #$F8
f314    c9329652     i58773593    A:F8 X:F8 Y:FC S:EC P:NvUbdizc  $01:A8E5: B9 69 04 LDA $0469,Y @ $0565 = #$F8
f314    c9329657     i58773594    A:F8 X:F8 Y:FC S:EC P:NvUbdizc  $01:A8E8: 99 01 02 STA $0201,Y @ $02FD = #$F8
f314    c9329662     i58773595    A:F8 X:F8 Y:FC S:EC P:NvUbdizc  $01:A8EB: B9 6A 04 LDA $046A,Y @ $0566 = #$F8
f314    c9329667     i58773596    A:F8 X:F8 Y:FC S:EC P:NvUbdizc  $01:A8EE: 99 02 02 STA $0202,Y @ $02FE = #$F8
f314    c9329672     i58773597    A:F8 X:F8 Y:FC S:EC P:NvUbdizc  $01:A8F1: B9 6B 04 LDA $046B,Y @ $0567 = #$F8
f314    c9329677     i58773598    A:F8 X:F8 Y:FC S:EC P:NvUbdizc  $01:A8F4: 99 03 02 STA $0203,Y @ $02FF = #$F8
f314    c9329682     i58773599    A:F8 X:F8 Y:FC S:EC P:NvUbdizc  $01:A8F7: C8       INY
f314    c9329684     i58773600    A:F8 X:F8 Y:FD S:EC P:NvUbdizc  $01:A8F8: C8       INY
f314    c9329686     i58773601    A:F8 X:F8 Y:FE S:EC P:NvUbdizc  $01:A8F9: C8       INY
f314    c9329688     i58773602    A:F8 X:F8 Y:FF S:EC P:NvUbdizc  $01:A8FA: C8       INY
f314    c9329690     i58773603    A:F8 X:F8 Y:00 S:EC P:nvUbdiZc  $01:A8FB: D0 D8    BNE $A8D5
f314    c9329692     i58773604    A:F8 X:F8 Y:00 S:EC P:nvUbdiZc  $01:A8FD: 60       RTS (from $A215)
f314    c9329698     i58773605    A:F8 X:F8 Y:00 S:EE P:nvUbdiZc  $00:8392: A2 06    LDX #$06
f314    c9329700     i58773606    A:F8 X:06 Y:00 S:EE P:nvUbdizc  $00:8394: 20 B9 C4 JSR $C4B9
f314    c9329706     i58773607    A:F8 X:06 Y:00 S:EC P:nvUbdizc  $0F:C4B9: 86 25    STX $25 = #$02
f314    c9329709     i58773608    A:F8 X:06 Y:00 S:EC P:nvUbdizc  $0F:C4BB: A9 07    LDA #$07
f314    c9329711     i58773609    A:07 X:06 Y:00 S:EC P:nvUbdizc  $0F:C4BD: 05 22    ORA $22 = #$00
f314    c9329714     i58773610    A:07 X:06 Y:00 S:EC P:nvUbdizc  $0F:C4BF: 85 23    STA $23 = #$06
f314    c9329717     i58773611    A:07 X:06 Y:00 S:EC P:nvUbdizc  $0F:C4C1: 8D 00 80 STA $8000 = #$A5
f314    c9329721     i58773612    A:07 X:06 Y:00 S:EC P:nvUbdizc  $0F:C4C4: 8E 01 80 STX $8001 = #$27
f314    c9329725     i58773613    A:07 X:06 Y:00 S:EC P:nvUbdizc  $0F:C4C7: 60       RTS (from $C4B9)
f314    c9329731     i58773614    A:07 X:06 Y:00 S:EE P:nvUbdizc  $00:8397: 60       RTS (from $838A)
f314    c9329737     i58773615    A:07 X:06 Y:00 S:F0 P:nvUbdizc  $00:82F0: A5 4C    LDA $4C = #$00
f314    c9329740     i58773616    A:00 X:06 Y:00 S:F0 P:nvUbdiZc  $00:82F2: 10 F9    BPL $82ED
f314    c9329743     i58773617    A:00 X:06 Y:00 S:F0 P:nvUbdiZc  $00:82ED: 20 8A 83 JSR $838A
f314    c9329749     i58773618    A:00 X:06 Y:00 S:EE P:nvUbdiZc  $00:838A: A2 02    LDX #$02
f314    c9329751     i58773619    A:00 X:02 Y:00 S:EE P:nvUbdizc  $00:838C: 20 B9 C4 JSR $C4B9
f314    c9329757     i58773620    A:00 X:02 Y:00 S:EC P:nvUbdizc  $0F:C4B9: 86 25    STX $25 = #$06
f314    c9329760     i58773621    A:00 X:02 Y:00 S:EC P:nvUbdizc  $0F:C4BB: A9 07    LDA #$07
f314    c9329762     i58773622    A:07 X:02 Y:00 S:EC P:nvUbdizc  $0F:C4BD: 05 22    ORA $22 = #$00
f314    c9329765     i58773623    A:07 X:02 Y:00 S:EC P:nvUbdizc  $0F:C4BF: 85 23    STA $23 = #$07
f314    c9329768     i58773624    A:07 X:02 Y:00 S:EC P:nvUbdizc  $0F:C4C1: 8D 00 80 STA $8000 = #$A5
f314    c9329772     i58773625    A:07 X:02 Y:00 S:EC P:nvUbdizc  $0F:C4C4: 8E 01 80 STX $8001 = #$27
f328    c9746552     i58907243    A:F8 X:F8 Y:FC S:EC P:NvUbdizc  $01:A8FB: D0 D8    BNE $A8D5
f328    c9746555     i58907244    A:F8 X:F8 Y:FC S:EC P:NvUbdizc  $01:A8D5: BE 68 04 LDX $0468,Y @ $0564 = #$F8
f328    c9746560     i58907245    A:F8 X:F8 Y:FC S:EC P:NvUbdizc  $01:A8D8: B9 6A 04 LDA $046A,Y @ $0566 = #$F8
f328    c9746565     i58907246    A:F8 X:F8 Y:FC S:EC P:NvUbdizc  $01:A8DB: 29 0C    AND #$0C
f328    c9746567     i58907247    A:08 X:F8 Y:FC S:EC P:nvUbdizc  $01:A8DD: F0 02    BEQ $A8E1
f328    c9746569     i58907248    A:08 X:F8 Y:FC S:EC P:nvUbdizc  $01:A8DF: A2 F8    LDX #$F8
f328    c9746571     i58907249    A:08 X:F8 Y:FC S:EC P:NvUbdizc  $01:A8E1: 8A       TXA
f328    c9746573     i58907250    A:F8 X:F8 Y:FC S:EC P:NvUbdizc  $01:A8E2: 99 00 02 STA $0200,Y @ $02FC = #$F8
f328    c9746578     i58907251    A:F8 X:F8 Y:FC S:EC P:NvUbdizc  $01:A8E5: B9 69 04 LDA $0469,Y @ $0565 = #$F8
f328    c9746583     i58907252    A:F8 X:F8 Y:FC S:EC P:NvUbdizc  $01:A8E8: 99 01 02 STA $0201,Y @ $02FD = #$F8
f328    c9746588     i58907253    A:F8 X:F8 Y:FC S:EC P:NvUbdizc  $01:A8EB: B9 6A 04 LDA $046A,Y @ $0566 = #$F8
f328    c9746593     i58907254    A:F8 X:F8 Y:FC S:EC P:NvUbdizc  $01:A8EE: 99 02 02 STA $0202,Y @ $02FE = #$F8
f328    c9746598     i58907255    A:F8 X:F8 Y:FC S:EC P:NvUbdizc  $01:A8F1: B9 6B 04 LDA $046B,Y @ $0567 = #$F8
f328    c9746603     i58907256    A:F8 X:F8 Y:FC S:EC P:NvUbdizc  $01:A8F4: 99 03 02 STA $0203,Y @ $02FF = #$F8
f328    c9746608     i58907257    A:F8 X:F8 Y:FC S:EC P:NvUbdizc  $01:A8F7: C8       INY
f328    c9746610     i58907258    A:F8 X:F8 Y:FD S:EC P:NvUbdizc  $01:A8F8: C8       INY
f328    c9746612     i58907259    A:F8 X:F8 Y:FE S:EC P:NvUbdizc  $01:A8F9: C8       INY
f328    c9746614     i58907260    A:F8 X:F8 Y:FF S:EC P:NvUbdizc  $01:A8FA: C8       INY
f328    c9746616     i58907261    A:F8 X:F8 Y:00 S:EC P:nvUbdiZc  $01:A8FB: D0 D8    BNE $A8D5
f328    c9746618     i58907262    A:F8 X:F8 Y:00 S:EC P:nvUbdiZc  $01:A8FD: 60       RTS (from $A215)
f328    c9746624     i58907263    A:F8 X:F8 Y:00 S:EE P:nvUbdiZc  $00:8392: A2 06    LDX #$06
f328    c9746626     i58907264    A:F8 X:06 Y:00 S:EE P:nvUbdizc  $00:8394: 20 B9 C4 JSR $C4B9
f328    c9746632     i58907265    A:F8 X:06 Y:00 S:EC P:nvUbdizc  $0F:C4B9: 86 25    STX $25 = #$02
f328    c9746635     i58907266    A:F8 X:06 Y:00 S:EC P:nvUbdizc  $0F:C4BB: A9 07    LDA #$07
f328    c9746637     i58907267    A:07 X:06 Y:00 S:EC P:nvUbdizc  $0F:C4BD: 05 22    ORA $22 = #$00
f328    c9746640     i58907268    A:07 X:06 Y:00 S:EC P:nvUbdizc  $0F:C4BF: 85 23    STA $23 = #$06
f328    c9746643     i58907269    A:07 X:06 Y:00 S:EC P:nvUbdizc  $0F:C4C1: 8D 00 80 STA $8000 = #$A5
f328    c9746647     i58907270    A:07 X:06 Y:00 S:EC P:nvUbdizc  $0F:C4C4: 8E 01 80 STX $8001 = #$27
f328    c9746651     i58907271    A:07 X:06 Y:00 S:EC P:nvUbdizc  $0F:C4C7: 60       RTS (from $C4B9)
f328    c9746657     i58907272    A:07 X:06 Y:00 S:EE P:nvUbdizc  $00:8397: 60       RTS (from $838A)
f328    c9746663     i58907273    A:07 X:06 Y:00 S:F0 P:nvUbdizc  $00:82F0: A5 4C    LDA $4C = #$00
f328    c9746666     i58907274    A:00 X:06 Y:00 S:F0 P:nvUbdiZc  $00:82F2: 10 F9    BPL $82ED
f328    c9746669     i58907275    A:00 X:06 Y:00 S:F0 P:nvUbdiZc  $00:82ED: 20 8A 83 JSR $838A
f328    c9746675     i58907276    A:00 X:06 Y:00 S:EE P:nvUbdiZc  $00:838A: A2 02    LDX #$02
f328    c9746677     i58907277    A:00 X:02 Y:00 S:EE P:nvUbdizc  $00:838C: 20 B9 C4 JSR $C4B9
f328    c9746683     i58907278    A:00 X:02 Y:00 S:EC P:nvUbdizc  $0F:C4B9: 86 25    STX $25 = #$06
f328    c9746686     i58907279    A:00 X:02 Y:00 S:EC P:nvUbdizc  $0F:C4BB: A9 07    LDA #$07
f328    c9746688     i58907280    A:07 X:02 Y:00 S:EC P:nvUbdizc  $0F:C4BD: 05 22    ORA $22 = #$00
f328    c9746691     i58907281    A:07 X:02 Y:00 S:EC P:nvUbdizc  $0F:C4BF: 85 23    STA $23 = #$07
f328    c9746694     i58907282    A:07 X:02 Y:00 S:EC P:nvUbdizc  $0F:C4C1: 8D 00 80 STA $8000 = #$A5
f328    c9746698     i58907283    A:07 X:02 Y:00 S:EC P:nvUbdizc  $0F:C4C4: 8E 01 80 STX $8001 = #$27
f329    c9776335     i58916792    A:F8 X:F8 Y:FC S:EC P:NvUbdizc  $01:A8FB: D0 D8    BNE $A8D5
f329    c9776338     i58916793    A:F8 X:F8 Y:FC S:EC P:NvUbdizc  $01:A8D5: BE 68 04 LDX $0468,Y @ $0564 = #$F8
f329    c9776343     i58916794    A:F8 X:F8 Y:FC S:EC P:NvUbdizc  $01:A8D8: B9 6A 04 LDA $046A,Y @ $0566 = #$F8
f329    c9776348     i58916795    A:F8 X:F8 Y:FC S:EC P:NvUbdizc  $01:A8DB: 29 0C    AND #$0C
f329    c9776350     i58916796    A:08 X:F8 Y:FC S:EC P:nvUbdizc  $01:A8DD: F0 02    BEQ $A8E1
f329    c9776352     i58916797    A:08 X:F8 Y:FC S:EC P:nvUbdizc  $01:A8DF: A2 F8    LDX #$F8
f329    c9776354     i58916798    A:08 X:F8 Y:FC S:EC P:NvUbdizc  $01:A8E1: 8A       TXA
f329    c9776356     i58916799    A:F8 X:F8 Y:FC S:EC P:NvUbdizc  $01:A8E2: 99 00 02 STA $0200,Y @ $02FC = #$F8
f329    c9776361     i58916800    A:F8 X:F8 Y:FC S:EC P:NvUbdizc  $01:A8E5: B9 69 04 LDA $0469,Y @ $0565 = #$F8
f329    c9776366     i58916801    A:F8 X:F8 Y:FC S:EC P:NvUbdizc  $01:A8E8: 99 01 02 STA $0201,Y @ $02FD = #$F8
f329    c9776371     i58916802    A:F8 X:F8 Y:FC S:EC P:NvUbdizc  $01:A8EB: B9 6A 04 LDA $046A,Y @ $0566 = #$F8
f329    c9776376     i58916803    A:F8 X:F8 Y:FC S:EC P:NvUbdizc  $01:A8EE: 99 02 02 STA $0202,Y @ $02FE = #$F8
f329    c9776381     i58916804    A:F8 X:F8 Y:FC S:EC P:NvUbdizc  $01:A8F1: B9 6B 04 LDA $046B,Y @ $0567 = #$F8
f329    c9776386     i58916805    A:F8 X:F8 Y:FC S:EC P:NvUbdizc  $01:A8F4: 99 03 02 STA $0203,Y @ $02FF = #$F8
f329    c9776391     i58916806    A:F8 X:F8 Y:FC S:EC P:NvUbdizc  $01:A8F7: C8       INY
f329    c9776393     i58916807    A:F8 X:F8 Y:FD S:EC P:NvUbdizc  $01:A8F8: C8       INY
f329    c9776395     i58916808    A:F8 X:F8 Y:FE S:EC P:NvUbdizc  $01:A8F9: C8       INY
f329    c9776397     i58916809    A:F8 X:F8 Y:FF S:EC P:NvUbdizc  $01:A8FA: C8       INY
f329    c9776399     i58916810    A:F8 X:F8 Y:00 S:EC P:nvUbdiZc  $01:A8FB: D0 D8    BNE $A8D5
f329    c9776401     i58916811    A:F8 X:F8 Y:00 S:EC P:nvUbdiZc  $01:A8FD: 60       RTS (from $A215)
f329    c9776407     i58916812    A:F8 X:F8 Y:00 S:EE P:nvUbdiZc  $00:8392: A2 06    LDX #$06
f329    c9776409     i58916813    A:F8 X:06 Y:00 S:EE P:nvUbdizc  $00:8394: 20 B9 C4 JSR $C4B9
f329    c9776415     i58916814    A:F8 X:06 Y:00 S:EC P:nvUbdizc  $0F:C4B9: 86 25    STX $25 = #$02
f329    c9776418     i58916815    A:F8 X:06 Y:00 S:EC P:nvUbdizc  $0F:C4BB: A9 07    LDA #$07
f329    c9776420     i58916816    A:07 X:06 Y:00 S:EC P:nvUbdizc  $0F:C4BD: 05 22    ORA $22 = #$00
f329    c9776423     i58916817    A:07 X:06 Y:00 S:EC P:nvUbdizc  $0F:C4BF: 85 23    STA $23 = #$06
f329    c9776426     i58916818    A:07 X:06 Y:00 S:EC P:nvUbdizc  $0F:C4C1: 8D 00 80 STA $8000 = #$A5
f329    c9776430     i58916819    A:07 X:06 Y:00 S:EC P:nvUbdizc  $0F:C4C4: 8E 01 80 STX $8001 = #$27
f329    c9776434     i58916820    A:07 X:06 Y:00 S:EC P:nvUbdizc  $0F:C4C7: 60       RTS (from $C4B9)
f329    c9776440     i58916821    A:07 X:06 Y:00 S:EE P:nvUbdizc  $00:8397: 60       RTS (from $838A)
f329    c9776446     i58916822    A:07 X:06 Y:00 S:F0 P:nvUbdizc  $00:82F0: A5 4C    LDA $4C = #$00
f329    c9776449     i58916823    A:00 X:06 Y:00 S:F0 P:nvUbdiZc  $00:82F2: 10 F9    BPL $82ED
f329    c9776452     i58916824    A:00 X:06 Y:00 S:F0 P:nvUbdiZc  $00:82ED: 20 8A 83 JSR $838A
f329    c9776458     i58916825    A:00 X:06 Y:00 S:EE P:nvUbdiZc  $00:838A: A2 02    LDX #$02
f329    c9776460     i58916826    A:00 X:02 Y:00 S:EE P:nvUbdizc  $00:838C: 20 B9 C4 JSR $C4B9
f329    c9776466     i58916827    A:00 X:02 Y:00 S:EC P:nvUbdizc  $0F:C4B9: 86 25    STX $25 = #$06
f329    c9776469     i58916828    A:00 X:02 Y:00 S:EC P:nvUbdizc  $0F:C4BB: A9 07    LDA #$07
f329    c9776471     i58916829    A:07 X:02 Y:00 S:EC P:nvUbdizc  $0F:C4BD: 05 22    ORA $22 = #$00
f329    c9776474     i58916830    A:07 X:02 Y:00 S:EC P:nvUbdizc  $0F:C4BF: 85 23    STA $23 = #$07
f329    c9776477     i58916831    A:07 X:02 Y:00 S:EC P:nvUbdizc  $0F:C4C1: 8D 00 80 STA $8000 = #$A5
f329    c9776481     i58916832    A:07 X:02 Y:00 S:EC P:nvUbdizc  $0F:C4C4: 8E 01 80 STX $8001 = #$27
f332    c9866353     i58945653    A:F8 X:F8 Y:FC S:EC P:NvUbdizc  $01:A8FB: D0 D8    BNE $A8D5
f332    c9866356     i58945654    A:F8 X:F8 Y:FC S:EC P:NvUbdizc  $01:A8D5: BE 68 04 LDX $0468,Y @ $0564 = #$F8
f332    c9866361     i58945655    A:F8 X:F8 Y:FC S:EC P:NvUbdizc  $01:A8D8: B9 6A 04 LDA $046A,Y @ $0566 = #$F8
f332    c9866366     i58945656    A:F8 X:F8 Y:FC S:EC P:NvUbdizc  $01:A8DB: 29 0C    AND #$0C
f332    c9866368     i58945657    A:08 X:F8 Y:FC S:EC P:nvUbdizc  $01:A8DD: F0 02    BEQ $A8E1
f332    c9866370     i58945658    A:08 X:F8 Y:FC S:EC P:nvUbdizc  $01:A8DF: A2 F8    LDX #$F8
f332    c9866372     i58945659    A:08 X:F8 Y:FC S:EC P:NvUbdizc  $01:A8E1: 8A       TXA
f332    c9866374     i58945660    A:F8 X:F8 Y:FC S:EC P:NvUbdizc  $01:A8E2: 99 00 02 STA $0200,Y @ $02FC = #$F8
f332    c9866379     i58945661    A:F8 X:F8 Y:FC S:EC P:NvUbdizc  $01:A8E5: B9 69 04 LDA $0469,Y @ $0565 = #$F8
f332    c9866384     i58945662    A:F8 X:F8 Y:FC S:EC P:NvUbdizc  $01:A8E8: 99 01 02 STA $0201,Y @ $02FD = #$F8
f332    c9866389     i58945663    A:F8 X:F8 Y:FC S:EC P:NvUbdizc  $01:A8EB: B9 6A 04 LDA $046A,Y @ $0566 = #$F8
f332    c9866394     i58945664    A:F8 X:F8 Y:FC S:EC P:NvUbdizc  $01:A8EE: 99 02 02 STA $0202,Y @ $02FE = #$F8
f332    c9866399     i58945665    A:F8 X:F8 Y:FC S:EC P:NvUbdizc  $01:A8F1: B9 6B 04 LDA $046B,Y @ $0567 = #$F8
f332    c9866404     i58945666    A:F8 X:F8 Y:FC S:EC P:NvUbdizc  $01:A8F4: 99 03 02 STA $0203,Y @ $02FF = #$F8
f332    c9866409     i58945667    A:F8 X:F8 Y:FC S:EC P:NvUbdizc  $01:A8F7: C8       INY
f332    c9866411     i58945668    A:F8 X:F8 Y:FD S:EC P:NvUbdizc  $01:A8F8: C8       INY
f332    c9866413     i58945669    A:F8 X:F8 Y:FE S:EC P:NvUbdizc  $01:A8F9: C8       INY
f332    c9866415     i58945670    A:F8 X:F8 Y:FF S:EC P:NvUbdizc  $01:A8FA: C8       INY
f332    c9866417     i58945671    A:F8 X:F8 Y:00 S:EC P:nvUbdiZc  $01:A8FB: D0 D8    BNE $A8D5
f332    c9866419     i58945672    A:F8 X:F8 Y:00 S:EC P:nvUbdiZc  $01:A8FD: 60       RTS (from $A215)
f332    c9866425     i58945673    A:F8 X:F8 Y:00 S:EE P:nvUbdiZc  $00:8392: A2 06    LDX #$06
f332    c9866427     i58945674    A:F8 X:06 Y:00 S:EE P:nvUbdizc  $00:8394: 20 B9 C4 JSR $C4B9
f332    c9866433     i58945675    A:F8 X:06 Y:00 S:EC P:nvUbdizc  $0F:C4B9: 86 25    STX $25 = #$02
f332    c9866436     i58945676    A:F8 X:06 Y:00 S:EC P:nvUbdizc  $0F:C4BB: A9 07    LDA #$07
f332    c9866438     i58945677    A:07 X:06 Y:00 S:EC P:nvUbdizc  $0F:C4BD: 05 22    ORA $22 = #$00
f332    c9866441     i58945678    A:07 X:06 Y:00 S:EC P:nvUbdizc  $0F:C4BF: 85 23    STA $23 = #$06
f332    c9866444     i58945679    A:07 X:06 Y:00 S:EC P:nvUbdizc  $0F:C4C1: 8D 00 80 STA $8000 = #$A5
f332    c9866448     i58945680    A:07 X:06 Y:00 S:EC P:nvUbdizc  $0F:C4C4: 8E 01 80 STX $8001 = #$27
f332    c9866452     i58945681    A:07 X:06 Y:00 S:EC P:nvUbdizc  $0F:C4C7: 60       RTS (from $C4B9)
f332    c9866458     i58945682    A:07 X:06 Y:00 S:EE P:nvUbdizc  $00:8397: 60       RTS (from $838A)
f332    c9866464     i58945683    A:07 X:06 Y:00 S:F0 P:nvUbdizc  $00:82F0: A5 4C    LDA $4C = #$00
f332    c9866467     i58945684    A:00 X:06 Y:00 S:F0 P:nvUbdiZc  $00:82F2: 10 F9    BPL $82ED
f332    c9866470     i58945685    A:00 X:06 Y:00 S:F0 P:nvUbdiZc  $00:82ED: 20 8A 83 JSR $838A
f332    c9866476     i58945686    A:00 X:06 Y:00 S:EE P:nvUbdiZc  $00:838A: A2 02    LDX #$02
f332    c9866478     i58945687    A:00 X:02 Y:00 S:EE P:nvUbdizc  $00:838C: 20 B9 C4 JSR $C4B9
f332    c9866484     i58945688    A:00 X:02 Y:00 S:EC P:nvUbdizc  $0F:C4B9: 86 25    STX $25 = #$06
f332    c9866487     i58945689    A:00 X:02 Y:00 S:EC P:nvUbdizc  $0F:C4BB: A9 07    LDA #$07
f332    c9866489     i58945690    A:07 X:02 Y:00 S:EC P:nvUbdizc  $0F:C4BD: 05 22    ORA $22 = #$00
f332    c9866492     i58945691    A:07 X:02 Y:00 S:EC P:nvUbdizc  $0F:C4BF: 85 23    STA $23 = #$07
f332    c9866495     i58945692    A:07 X:02 Y:00 S:EC P:nvUbdizc  $0F:C4C1: 8D 00 80 STA $8000 = #$A5
f332    c9866499     i58945693    A:07 X:02 Y:00 S:EC P:nvUbdizc  $0F:C4C4: 8E 01 80 STX $8001 = #$27
f338    c10044361    i59002714    A:F8 X:F8 Y:FC S:EC P:NvUbdizc  $01:A8FB: D0 D8    BNE $A8D5
f338    c10044364    i59002715    A:F8 X:F8 Y:FC S:EC P:NvUbdizc  $01:A8D5: BE 68 04 LDX $0468,Y @ $0564 = #$F8
f338    c10044369    i59002716    A:F8 X:F8 Y:FC S:EC P:NvUbdizc  $01:A8D8: B9 6A 04 LDA $046A,Y @ $0566 = #$F8
f338    c10044374    i59002717    A:F8 X:F8 Y:FC S:EC P:NvUbdizc  $01:A8DB: 29 0C    AND #$0C
f338    c10044376    i59002718    A:08 X:F8 Y:FC S:EC P:nvUbdizc  $01:A8DD: F0 02    BEQ $A8E1
f338    c10044378    i59002719    A:08 X:F8 Y:FC S:EC P:nvUbdizc  $01:A8DF: A2 F8    LDX #$F8
f338    c10044380    i59002720    A:08 X:F8 Y:FC S:EC P:NvUbdizc  $01:A8E1: 8A       TXA
f338    c10044382    i59002721    A:F8 X:F8 Y:FC S:EC P:NvUbdizc  $01:A8E2: 99 00 02 STA $0200,Y @ $02FC = #$F8
f338    c10044387    i59002722    A:F8 X:F8 Y:FC S:EC P:NvUbdizc  $01:A8E5: B9 69 04 LDA $0469,Y @ $0565 = #$F8
f338    c10044392    i59002723    A:F8 X:F8 Y:FC S:EC P:NvUbdizc  $01:A8E8: 99 01 02 STA $0201,Y @ $02FD = #$F8
f338    c10044397    i59002724    A:F8 X:F8 Y:FC S:EC P:NvUbdizc  $01:A8EB: B9 6A 04 LDA $046A,Y @ $0566 = #$F8
f338    c10044402    i59002725    A:F8 X:F8 Y:FC S:EC P:NvUbdizc  $01:A8EE: 99 02 02 STA $0202,Y @ $02FE = #$F8
f338    c10044407    i59002726    A:F8 X:F8 Y:FC S:EC P:NvUbdizc  $01:A8F1: B9 6B 04 LDA $046B,Y @ $0567 = #$F8
f338    c10044412    i59002727    A:F8 X:F8 Y:FC S:EC P:NvUbdizc  $01:A8F4: 99 03 02 STA $0203,Y @ $02FF = #$F8
f338    c10044417    i59002728    A:F8 X:F8 Y:FC S:EC P:NvUbdizc  $01:A8F7: C8       INY
f338    c10044419    i59002729    A:F8 X:F8 Y:FD S:EC P:NvUbdizc  $01:A8F8: C8       INY
f338    c10044421    i59002730    A:F8 X:F8 Y:FE S:EC P:NvUbdizc  $01:A8F9: C8       INY
f338    c10044423    i59002731    A:F8 X:F8 Y:FF S:EC P:NvUbdizc  $01:A8FA: C8       INY
f338    c10044425    i59002732    A:F8 X:F8 Y:00 S:EC P:nvUbdiZc  $01:A8FB: D0 D8    BNE $A8D5
f338    c10044427    i59002733    A:F8 X:F8 Y:00 S:EC P:nvUbdiZc  $01:A8FD: 60       RTS (from $A215)
f338    c10044433    i59002734    A:F8 X:F8 Y:00 S:EE P:nvUbdiZc  $00:8392: A2 06    LDX #$06
f338    c10044435    i59002735    A:F8 X:06 Y:00 S:EE P:nvUbdizc  $00:8394: 20 B9 C4 JSR $C4B9
f338    c10044441    i59002736    A:F8 X:06 Y:00 S:EC P:nvUbdizc  $0F:C4B9: 86 25    STX $25 = #$02
f338    c10044444    i59002737    A:F8 X:06 Y:00 S:EC P:nvUbdizc  $0F:C4BB: A9 07    LDA #$07
f338    c10044446    i59002738    A:07 X:06 Y:00 S:EC P:nvUbdizc  $0F:C4BD: 05 22    ORA $22 = #$00
f338    c10044449    i59002739    A:07 X:06 Y:00 S:EC P:nvUbdizc  $0F:C4BF: 85 23    STA $23 = #$06
f338    c10044452    i59002740    A:07 X:06 Y:00 S:EC P:nvUbdizc  $0F:C4C1: 8D 00 80 STA $8000 = #$A5
f338    c10044456    i59002741    A:07 X:06 Y:00 S:EC P:nvUbdizc  $0F:C4C4: 8E 01 80 STX $8001 = #$27
f338    c10044460    i59002742    A:07 X:06 Y:00 S:EC P:nvUbdizc  $0F:C4C7: 60       RTS (from $C4B9)
f338    c10044466    i59002743    A:07 X:06 Y:00 S:EE P:nvUbdizc  $00:8397: 60       RTS (from $838A)
f338    c10044472    i59002744    A:07 X:06 Y:00 S:F0 P:nvUbdizc  $00:82F0: A5 4C    LDA $4C = #$00
f338    c10044475    i59002745    A:00 X:06 Y:00 S:F0 P:nvUbdiZc  $00:82F2: 10 F9    BPL $82ED
f338    c10044478    i59002746    A:00 X:06 Y:00 S:F0 P:nvUbdiZc  $00:82ED: 20 8A 83 JSR $838A
f338    c10044484    i59002747    A:00 X:06 Y:00 S:EE P:nvUbdiZc  $00:838A: A2 02    LDX #$02
f338    c10044486    i59002748    A:00 X:02 Y:00 S:EE P:nvUbdizc  $00:838C: 20 B9 C4 JSR $C4B9
f338    c10044492    i59002749    A:00 X:02 Y:00 S:EC P:nvUbdizc  $0F:C4B9: 86 25    STX $25 = #$06
f338    c10044495    i59002750    A:00 X:02 Y:00 S:EC P:nvUbdizc  $0F:C4BB: A9 07    LDA #$07
f338    c10044497    i59002751    A:07 X:02 Y:00 S:EC P:nvUbdizc  $0F:C4BD: 05 22    ORA $22 = #$00
f338    c10044500    i59002752    A:07 X:02 Y:00 S:EC P:nvUbdizc  $0F:C4BF: 85 23    STA $23 = #$07
f338    c10044503    i59002753    A:07 X:02 Y:00 S:EC P:nvUbdizc  $0F:C4C1: 8D 00 80 STA $8000 = #$A5
f338    c10044507    i59002754    A:07 X:02 Y:00 S:EC P:nvUbdizc  $0F:C4C4: 8E 01 80 STX $8001 = #$27
f344    c10217451    i59058148    A:08 X:FF Y:08 S:DB P:nvUbdIzc  $06:8119: C6 F3    DEC $F3 = #$07
f344    c10217456    i59058149    A:08 X:FF Y:08 S:DB P:nvUbdIzc  $06:811B: D0 AD    BNE $80CA
f344    c10217460    i59058150    A:08 X:FF Y:08 S:DB P:nvUbdIzc  $06:80CA: AD 06 07 LDA $0706 = #$3C
f344    c10217464    i59058151    A:3C X:FF Y:08 S:DB P:nvUbdIzc  $06:80CD: 4A       LSR
f344    c10217466    i59058152    A:1E X:FF Y:08 S:DB P:nvUbdIzc  $06:80CE: 90 02    BCC $80D2
f344    c10217469    i59058153    A:1E X:FF Y:08 S:DB P:nvUbdIzc  $06:80D2: 8D 06 07 STA $0706 = #$3C
f344    c10217473    i59058154    A:1E X:FF Y:08 S:DB P:nvUbdIzc  $06:80D5: 90 35    BCC $810C
f344    c10217477    i59058155    A:1E X:FF Y:08 S:DB P:nvUbdIzc  $06:810C: 18       CLC
f344    c10217479    i59058156    A:1E X:FF Y:08 S:DB P:nvUbdIzc  $06:810D: A9 10    LDA #$10
f344    c10217481    i59058157    A:10 X:FF Y:08 S:DB P:nvUbdIzc  $06:810F: 65 F0    ADC $F0 = #$47
f344    c10217484    i59058158    A:57 X:FF Y:08 S:DB P:nvUbdIzc  $06:8111: 85 F0    STA $F0 = #$47
f344    c10217487    i59058159    A:57 X:FF Y:08 S:DB P:nvUbdIzc  $06:8113: A9 04    LDA #$04
f344    c10217489    i59058160    A:04 X:FF Y:08 S:DB P:nvUbdIzc  $06:8115: 65 F2    ADC $F2 = #$08
f344    c10217492    i59058161    A:0C X:FF Y:08 S:DB P:nvUbdIzc  $06:8117: 85 F2    STA $F2 = #$08
f344    c10217495    i59058162    A:0C X:FF Y:08 S:DB P:nvUbdIzc  $06:8119: C6 F3    DEC $F3 = #$06
f344    c10217500    i59058163    A:0C X:FF Y:08 S:DB P:nvUbdIzc  $06:811B: D0 AD    BNE $80CA
f344    c10217504    i59058164    A:0C X:FF Y:08 S:DB P:nvUbdIzc  $06:80CA: AD 06 07 LDA $0706 = #$1E
f344    c10217508    i59058165    A:1E X:FF Y:08 S:DB P:nvUbdIzc  $06:80CD: 4A       LSR
f344    c10217510    i59058166    A:0F X:FF Y:08 S:DB P:nvUbdIzc  $06:80CE: 90 02    BCC $80D2
f344    c10217513    i59058167    A:0F X:FF Y:08 S:DB P:nvUbdIzc  $06:80D2: 8D 06 07 STA $0706 = #$1E
f344    c10217517    i59058168    A:0F X:FF Y:08 S:DB P:nvUbdIzc  $06:80D5: 90 35    BCC $810C
f344    c10217521    i59058169    A:0F X:FF Y:08 S:DB P:nvUbdIzc  $06:810C: 18       CLC
f344    c10217523    i59058170    A:0F X:FF Y:08 S:DB P:nvUbdIzc  $06:810D: A9 10    LDA #$10
f344    c10217525    i59058171    A:10 X:FF Y:08 S:DB P:nvUbdIzc  $06:810F: 65 F0    ADC $F0 = #$57
f344    c10217528    i59058172    A:67 X:FF Y:08 S:DB P:nvUbdIzc  $06:8111: 85 F0    STA $F0 = #$57
f344    c10217531    i59058173    A:67 X:FF Y:08 S:DB P:nvUbdIzc  $06:8113: A9 04    LDA #$04
f344    c10217533    i59058174    A:04 X:FF Y:08 S:DB P:nvUbdIzc  $06:8115: 65 F2    ADC $F2 = #$0C
f344    c10217536    i59058175    A:10 X:FF Y:08 S:DB P:nvUbdIzc  $06:8117: 85 F2    STA $F2 = #$0C
f344    c10217539    i59058176    A:10 X:FF Y:08 S:DB P:nvUbdIzc  $06:8119: C6 F3    DEC $F3 = #$05
f344    c10217544    i59058177    A:10 X:FF Y:08 S:DB P:nvUbdIzc  $06:811B: D0 AD    BNE $80CA
f344    c10217548    i59058178    A:10 X:FF Y:08 S:DB P:nvUbdIzc  $06:80CA: AD 06 07 LDA $0706 = #$0F
f344    c10217552    i59058179    A:0F X:FF Y:08 S:DB P:nvUbdIzc  $06:80CD: 4A       LSR
f344    c10217554    i59058180    A:07 X:FF Y:08 S:DB P:nvUbdIzC  $06:80CE: 90 02    BCC $80D2
f344    c10217556    i59058181    A:07 X:FF Y:08 S:DB P:nvUbdIzC  $06:80D0: 09 80    ORA #$80
f344    c10217558    i59058182    A:87 X:FF Y:08 S:DB P:NvUbdIzC  $06:80D2: 8D 06 07 STA $0706 = #$0F
f344    c10217562    i59058183    A:87 X:FF Y:08 S:DB P:NvUbdIzC  $06:80D5: 90 35    BCC $810C
f344    c10217564    i59058184    A:87 X:FF Y:08 S:DB P:NvUbdIzC  $06:80D7: A6 F2    LDX $F2 = #$10
f344    c10217567    i59058185    A:87 X:10 Y:08 S:DB P:nvUbdIzC  $06:80D9: DE 07 07 DEC $0707,X @ $0717 = #$03
f344    c10217574    i59058186    A:87 X:10 Y:08 S:DB P:nvUbdIzC  $06:80DC: D0 03    BNE $80E1
f344    c10217577    i59058187    A:87 X:10 Y:08 S:DB P:nvUbdIzC  $06:80E1: A6 F2    LDX $F2 = #$10
f344    c10217580    i59058188    A:87 X:10 Y:08 S:DB P:nvUbdIzC  $06:80E3: DE 09 07 DEC $0709,X @ $0719 = #$01
f344    c10217587    i59058189    A:87 X:10 Y:08 S:DB P:nvUbdIZC  $06:80E6: D0 21    BNE $8109
f344    c10227501    i59061245    A:00 X:15 Y:00 S:E0 P:nvUbdiZc  $00:9FCF: 95 02    STA $02,X @ $0017 = #$00
f344    c10227505    i59061246    A:00 X:15 Y:00 S:E0 P:nvUbdiZc  $00:9FD1: AD 25 00 LDA $0025 = #$02
f344    c10227509    i59061247    A:02 X:15 Y:00 S:E0 P:nvUbdizc  $00:9FD4: 95 03    STA $03,X @ $0018 = #$02
f344    c10227513    i59061248    A:02 X:15 Y:00 S:E0 P:nvUbdizc  $00:9FD6: A5 19    LDA $19 = #$01
f344    c10227516    i59061249    A:01 X:15 Y:00 S:E0 P:nvUbdizc  $00:9FD8: F0 04    BEQ $9FDE
f344    c10227518    i59061250    A:01 X:15 Y:00 S:E0 P:nvUbdizc  $00:9FDA: C9 FF    CMP #$FF
f344    c10227520    i59061251    A:01 X:15 Y:00 S:E0 P:nvUbdizc  $00:9FDC: D0 02    BNE $9FE0
f344    c10227523    i59061252    A:01 X:15 Y:00 S:E0 P:nvUbdizc  $00:9FE0: 95 00    STA $00,X @ $0015 = #$00
f344    c10227527    i59061253    A:01 X:15 Y:00 S:E0 P:nvUbdizc  $00:9FE2: 4C FB 9E JMP $9EFB
f344    c10227530    i59061254    A:01 X:15 Y:00 S:E0 P:nvUbdizc  $00:9EFB: 8A       TXA
f344    c10227532    i59061255    A:15 X:15 Y:00 S:E0 P:nvUbdizc  $00:9EFC: 18       CLC
f344    c10227534    i59061256    A:15 X:15 Y:00 S:E0 P:nvUbdizc  $00:9EFD: 69 04    ADC #$04
f344    c10227536    i59061257    A:19 X:15 Y:00 S:E0 P:nvUbdizc  $00:9EFF: AA       TAX
f344    c10227538    i59061258    A:19 X:19 Y:00 S:E0 P:nvUbdizc  $00:9F00: E0 19    CPX #$19
f344    c10227540    i59061259    A:19 X:19 Y:00 S:E0 P:nvUbdiZC  $00:9F02: D0 EB    BNE $9EEF
f344    c10227542    i59061260    A:19 X:19 Y:00 S:E0 P:nvUbdiZC  $00:9F04: A5 1B    LDA $1B = #$40
f344    c10227545    i59061261    A:40 X:19 Y:00 S:E0 P:nvUbdizC  $00:9F06: 10 FC    BPL $9F04
f344    c10227548    i59061262    A:40 X:19 Y:00 S:E0 P:nvUbdizC  $00:9F04: A5 1B    LDA $1B = #$40
f344    c10227551    i59061263    A:40 X:19 Y:00 S:E0 P:nvUbdizC  $00:9F06: 10 FC    BPL $9F04
f344    c10227554    i59061264    A:40 X:19 Y:00 S:E0 P:nvUbdizC  $00:9F04: A5 1B    LDA $1B = #$40
f344    c10227557    i59061265    A:40 X:19 Y:00 S:E0 P:nvUbdizC  $00:9F06: 10 FC    BPL $9F04
f344    c10227560    i59061266    A:40 X:19 Y:00 S:E0 P:nvUbdizC  $00:9F04: A5 1B    LDA $1B = #$40
f344    c10227563    i59061267    A:40 X:19 Y:00 S:E0 P:nvUbdizC  $00:9F06: 10 FC    BPL $9F04
f344    c10227566    i59061268    A:40 X:19 Y:00 S:E0 P:nvUbdizC  $00:9F04: A5 1B    LDA $1B = #$40
f344    c10227569    i59061269    A:40 X:19 Y:00 S:E0 P:nvUbdizC  $00:9F06: 10 FC    BPL $9F04
f344    c10227572    i59061270    A:40 X:19 Y:00 S:E0 P:nvUbdizC  $00:9F04: A5 1B    LDA $1B = #$40
f344    c10227575    i59061271    A:40 X:19 Y:00 S:E0 P:nvUbdizC  $00:9F06: 10 FC    BPL $9F04
f344    c10227578    i59061272    A:40 X:19 Y:00 S:E0 P:nvUbdizC  $00:9F04: A5 1B    LDA $1B = #$40
f344    c10227581    i59061273    A:40 X:19 Y:00 S:E0 P:nvUbdizC  $00:9F06: 10 FC    BPL $9F04
f344    c10227584    i59061274    A:40 X:19 Y:00 S:E0 P:nvUbdizC  $00:9F04: A5 1B    LDA $1B = #$40
f344    c10227587    i59061275    A:40 X:19 Y:00 S:E0 P:nvUbdizC  $00:9F06: 10 FC    BPL $9F04
f344    c10227590    i59061276    A:40 X:19 Y:00 S:E0 P:nvUbdizC  $00:9F04: A5 1B    LDA $1B = #$40
f344    c10227593    i59061277    A:40 X:19 Y:00 S:E0 P:nvUbdizC  $00:9F06: 10 FC    BPL $9F04
f344    c10227596    i59061278    A:40 X:19 Y:00 S:E0 P:nvUbdizC  $00:9F04: A5 1B    LDA $1B = #$40
f344    c10227599    i59061279    A:40 X:19 Y:00 S:E0 P:nvUbdizC  $00:9F06: 10 FC    BPL $9F04
f344    c10227602    i59061280    A:40 X:19 Y:00 S:E0 P:nvUbdizC  $00:9F04: A5 1B    LDA $1B = #$40
f344    c10227605    i59061281    A:40 X:19 Y:00 S:E0 P:nvUbdizC  $00:9F06: 10 FC    BPL $9F04
f344    c10227608    i59061282    A:40 X:19 Y:00 S:E0 P:nvUbdizC  $00:9F04: A5 1B    LDA $1B = #$40
f344    c10227611    i59061283    A:40 X:19 Y:00 S:E0 P:nvUbdizC  $00:9F06: 10 FC    BPL $9F04
f344    c10227614    i59061284    A:40 X:19 Y:00 S:E0 P:nvUbdizC  $00:9F04: A5 1B    LDA $1B = #$40
f344    c10227617    i59061285    A:40 X:19 Y:00 S:E0 P:nvUbdizC  $00:9F06: 10 FC    BPL $9F04
f344    c10227620    i59061286    A:40 X:19 Y:00 S:E0 P:nvUbdizC  $00:9F04: A5 1B    LDA $1B = #$40
f345    c10247230    i59067618    A:08 X:FF Y:08 S:DB P:nvUbdIzc  $06:8119: C6 F3    DEC $F3 = #$07
f345    c10247235    i59067619    A:08 X:FF Y:08 S:DB P:nvUbdIzc  $06:811B: D0 AD    BNE $80CA
f345    c10247239    i59067620    A:08 X:FF Y:08 S:DB P:nvUbdIzc  $06:80CA: AD 06 07 LDA $0706 = #$3C
f345    c10247243    i59067621    A:3C X:FF Y:08 S:DB P:nvUbdIzc  $06:80CD: 4A       LSR
f345    c10247245    i59067622    A:1E X:FF Y:08 S:DB P:nvUbdIzc  $06:80CE: 90 02    BCC $80D2
f345    c10247248    i59067623    A:1E X:FF Y:08 S:DB P:nvUbdIzc  $06:80D2: 8D 06 07 STA $0706 = #$3C
f345    c10247252    i59067624    A:1E X:FF Y:08 S:DB P:nvUbdIzc  $06:80D5: 90 35    BCC $810C
f345    c10247256    i59067625    A:1E X:FF Y:08 S:DB P:nvUbdIzc  $06:810C: 18       CLC
f345    c10247258    i59067626    A:1E X:FF Y:08 S:DB P:nvUbdIzc  $06:810D: A9 10    LDA #$10
f345    c10247260    i59067627    A:10 X:FF Y:08 S:DB P:nvUbdIzc  $06:810F: 65 F0    ADC $F0 = #$47
f345    c10247263    i59067628    A:57 X:FF Y:08 S:DB P:nvUbdIzc  $06:8111: 85 F0    STA $F0 = #$47
f345    c10247266    i59067629    A:57 X:FF Y:08 S:DB P:nvUbdIzc  $06:8113: A9 04    LDA #$04
f345    c10247268    i59067630    A:04 X:FF Y:08 S:DB P:nvUbdIzc  $06:8115: 65 F2    ADC $F2 = #$08
f345    c10247271    i59067631    A:0C X:FF Y:08 S:DB P:nvUbdIzc  $06:8117: 85 F2    STA $F2 = #$08
f345    c10247274    i59067632    A:0C X:FF Y:08 S:DB P:nvUbdIzc  $06:8119: C6 F3    DEC $F3 = #$06
f345    c10247279    i59067633    A:0C X:FF Y:08 S:DB P:nvUbdIzc  $06:811B: D0 AD    BNE $80CA
f345    c10247283    i59067634    A:0C X:FF Y:08 S:DB P:nvUbdIzc  $06:80CA: AD 06 07 LDA $0706 = #$1E
f345    c10247287    i59067635    A:1E X:FF Y:08 S:DB P:nvUbdIzc  $06:80CD: 4A       LSR
f345    c10247289    i59067636    A:0F X:FF Y:08 S:DB P:nvUbdIzc  $06:80CE: 90 02    BCC $80D2
f345    c10247292    i59067637    A:0F X:FF Y:08 S:DB P:nvUbdIzc  $06:80D2: 8D 06 07 STA $0706 = #$1E
f345    c10247296    i59067638    A:0F X:FF Y:08 S:DB P:nvUbdIzc  $06:80D5: 90 35    BCC $810C
f345    c10247300    i59067639    A:0F X:FF Y:08 S:DB P:nvUbdIzc  $06:810C: 18       CLC
f345    c10247302    i59067640    A:0F X:FF Y:08 S:DB P:nvUbdIzc  $06:810D: A9 10    LDA #$10
f345    c10247304    i59067641    A:10 X:FF Y:08 S:DB P:nvUbdIzc  $06:810F: 65 F0    ADC $F0 = #$57
f345    c10247307    i59067642    A:67 X:FF Y:08 S:DB P:nvUbdIzc  $06:8111: 85 F0    STA $F0 = #$57
f345    c10247310    i59067643    A:67 X:FF Y:08 S:DB P:nvUbdIzc  $06:8113: A9 04    LDA #$04
f345    c10247312    i59067644    A:04 X:FF Y:08 S:DB P:nvUbdIzc  $06:8115: 65 F2    ADC $F2 = #$0C
f345    c10247315    i59067645    A:10 X:FF Y:08 S:DB P:nvUbdIzc  $06:8117: 85 F2    STA $F2 = #$0C
f345    c10247318    i59067646    A:10 X:FF Y:08 S:DB P:nvUbdIzc  $06:8119: C6 F3    DEC $F3 = #$05
f345    c10247323    i59067647    A:10 X:FF Y:08 S:DB P:nvUbdIzc  $06:811B: D0 AD    BNE $80CA
f345    c10247327    i59067648    A:10 X:FF Y:08 S:DB P:nvUbdIzc  $06:80CA: AD 06 07 LDA $0706 = #$0F
f345    c10247331    i59067649    A:0F X:FF Y:08 S:DB P:nvUbdIzc  $06:80CD: 4A       LSR
f345    c10247333    i59067650    A:07 X:FF Y:08 S:DB P:nvUbdIzC  $06:80CE: 90 02    BCC $80D2
f345    c10247335    i59067651    A:07 X:FF Y:08 S:DB P:nvUbdIzC  $06:80D0: 09 80    ORA #$80
f345    c10247337    i59067652    A:87 X:FF Y:08 S:DB P:NvUbdIzC  $06:80D2: 8D 06 07 STA $0706 = #$0F
f345    c10247341    i59067653    A:87 X:FF Y:08 S:DB P:NvUbdIzC  $06:80D5: 90 35    BCC $810C
f345    c10247343    i59067654    A:87 X:FF Y:08 S:DB P:NvUbdIzC  $06:80D7: A6 F2    LDX $F2 = #$10
f345    c10247346    i59067655    A:87 X:10 Y:08 S:DB P:nvUbdIzC  $06:80D9: DE 07 07 DEC $0707,X @ $0717 = #$02
f345    c10247353    i59067656    A:87 X:10 Y:08 S:DB P:nvUbdIzC  $06:80DC: D0 03    BNE $80E1
f345    c10247356    i59067657    A:87 X:10 Y:08 S:DB P:nvUbdIzC  $06:80E1: A6 F2    LDX $F2 = #$10
f345    c10247359    i59067658    A:87 X:10 Y:08 S:DB P:nvUbdIzC  $06:80E3: DE 09 07 DEC $0709,X @ $0719 = #$FF
f345    c10247366    i59067659    A:87 X:10 Y:08 S:DB P:NvUbdIzC  $06:80E6: D0 21    BNE $8109
f345    c10249490    i59068335    A:AA X:3B Y:00 S:3D P:NvUbdizc  $00:9F3B: 68       PLA
f345    c10249494    i59068336    A:02 X:3B Y:00 S:3E P:nvUbdizc  $00:9F3C: 85 E8    STA $E8 = #$00
f345    c10249497    i59068337    A:02 X:3B Y:00 S:3E P:nvUbdizc  $00:9F3E: 68       PLA
f345    c10249501    i59068338    A:20 X:3B Y:00 S:3F P:nvUbdizc  $00:9F3F: 85 E9    STA $E9 = #$20
f345    c10249504    i59068339    A:20 X:3B Y:00 S:3F P:nvUbdizc  $00:9F41: 68       PLA
f345    c10249508    i59068340    A:6B X:3B Y:00 S:40 P:nvUbdizc  $00:9F42: 85 EA    STA $EA = #$00
f345    c10249511    i59068341    A:6B X:3B Y:00 S:40 P:nvUbdizc  $00:9F44: 68       PLA
f345    c10249515    i59068342    A:A4 X:3B Y:00 S:41 P:NvUbdizc  $00:9F45: 85 EB    STA $EB = #$55
f345    c10249518    i59068343    A:A4 X:3B Y:00 S:41 P:NvUbdizc  $00:9F47: 68       PLA
f345    c10249522    i59068344    A:40 X:3B Y:00 S:42 P:nvUbdizc  $00:9F48: 85 EC    STA $EC = #$00
f345    c10249525    i59068345    A:40 X:3B Y:00 S:42 P:nvUbdizc  $00:9F4A: 68       PLA
f345    c10249529    i59068346    A:0D X:3B Y:00 S:43 P:nvUbdizc  $00:9F4B: 85 ED    STA $ED = #$02
f345    c10249532    i59068347    A:0D X:3B Y:00 S:43 P:nvUbdizc  $00:9F4D: 68       PLA
f345    c10249536    i59068348    A:4C X:3B Y:00 S:44 P:nvUbdizc  $00:9F4E: A8       TAY
f345    c10249538    i59068349    A:4C X:3B Y:4C S:44 P:nvUbdizc  $00:9F4F: 68       PLA
f345    c10249542    i59068350    A:20 X:3B Y:4C S:45 P:nvUbdizc  $00:9F50: AA       TAX
f345    c10249544    i59068351    A:20 X:20 Y:4C S:45 P:nvUbdizc  $00:9F51: 60       RTS (from $9FA8)
f345    c10249550    i59068352    A:20 X:20 Y:4C S:47 P:nvUbdizc  $00:9B33: 68       PLA
f345    c10249554    i59068353    A:04 X:20 Y:4C S:48 P:nvUbdizc  $00:9B34: 4C 28 9B JMP $9B28
f345    c10249557    i59068354    A:04 X:20 Y:4C S:48 P:nvUbdizc  $00:9B28: 48       PHA
f345    c10249560    i59068355    A:04 X:20 Y:4C S:47 P:nvUbdizc  $00:9B29: 2C 29 06 BIT $0629 = #$04
f345    c10249564    i59068356    A:04 X:20 Y:4C S:47 P:nvUbdizc  $00:9B2C: 50 09    BVC $9B37
f345    c10249567    i59068357    A:04 X:20 Y:4C S:47 P:nvUbdizc  $00:9B37: 29 3F    AND #$3F
f345    c10249569    i59068358    A:04 X:20 Y:4C S:47 P:nvUbdizc  $00:9B39: 18       CLC
f345    c10249571    i59068359    A:04 X:20 Y:4C S:47 P:nvUbdizc  $00:9B3A: 6D 28 06 ADC $0628 = #$00
f345    c10249575    i59068360    A:04 X:20 Y:4C S:47 P:nvUbdizc  $00:9B3D: C9 3D    CMP #$3D
f345    c10249577    i59068361    A:04 X:20 Y:4C S:47 P:NvUbdizc  $00:9B3F: B0 ED    BCS $9B2E
f345    c10249579    i59068362    A:04 X:20 Y:4C S:47 P:NvUbdizc  $00:9B41: 68       PLA
f345    c10249583    i59068363    A:04 X:20 Y:4C S:48 P:nvUbdizc  $00:9B42: 09 40    ORA #$40
f345    c10249585    i59068364    A:44 X:20 Y:4C S:48 P:nvUbdizc  $00:9B44: 8D 29 06 STA $0629 = #$04
f345    c10249589    i59068365    A:44 X:20 Y:4C S:48 P:nvUbdizc  $00:9B47: 8A       TXA
f345    c10249591    i59068366    A:20 X:20 Y:4C S:48 P:nvUbdizc  $00:9B48: AE 28 06 LDX $0628 = #$00
f345    c10249595    i59068367    A:20 X:00 Y:4C S:48 P:nvUbdiZc  $00:9B4B: 9D EA 05 STA $05EA,X @ $05EA = #$20
f345    c10249600    i59068368    A:20 X:00 Y:4C S:48 P:nvUbdiZc  $00:9B4E: 98       TYA
f345    c10249602    i59068369    A:4C X:00 Y:4C S:48 P:nvUbdizc  $00:9B4F: 9D E9 05 STA $05E9,X @ $05E9 = #$64
f345    c10249607    i59068370    A:4C X:00 Y:4C S:48 P:nvUbdizc  $00:9B52: AD 29 06 LDA $0629 = #$44
f345    c10249611    i59068371    A:44 X:00 Y:4C S:48 P:nvUbdizc  $00:9B55: 29 BF    AND #$BF
f345    c10249613    i59068372    A:04 X:00 Y:4C S:48 P:nvUbdizc  $00:9B57: 9D E8 05 STA $05E8,X @ $05E8 = #$04
f345    c10249618    i59068373    A:04 X:00 Y:4C S:48 P:nvUbdizc  $00:9B5A: E8       INX
f345    c10249620    i59068374    A:04 X:01 Y:4C S:48 P:nvUbdizc  $00:9B5B: E8       INX
f345    c10249622    i59068375    A:04 X:02 Y:4C S:48 P:nvUbdizc  $00:9B5C: E8       INX
f345    c10249624    i59068376    A:04 X:03 Y:4C S:48 P:nvUbdizc  $00:9B5D: 60       RTS (from $9B28)
f345    c10249630    i59068377    A:04 X:03 Y:4C S:4A P:nvUbdizc  $00:8F47: A0 00    LDY #$00
f347    c10305226    i59086044    A:00 X:1C Y:01 S:DB P:nvUbdIzC  $01:A036: BD EB 05 LDA $05EB,X @ $0607 = #$00
f347    c10305231    i59086045    A:00 X:1C Y:01 S:DB P:nvUbdIZC  $01:A039: 8D 07 20 STA $2007 = #$00
f347    c10305235    i59086046    A:00 X:1C Y:01 S:DB P:nvUbdIZC  $01:A03C: E8       INX
f347    c10305237    i59086047    A:00 X:1D Y:01 S:DB P:nvUbdIzC  $01:A03D: 88       DEY
f347    c10305239    i59086048    A:00 X:1D Y:00 S:DB P:nvUbdIZC  $01:A03E: D0 F6    BNE $A036
f347    c10305241    i59086049    A:00 X:1D Y:00 S:DB P:nvUbdIZC  $01:A040: E8       INX
f347    c10305243    i59086050    A:00 X:1E Y:00 S:DB P:nvUbdIzC  $01:A041: E8       INX
f347    c10305245    i59086051    A:00 X:1F Y:00 S:DB P:nvUbdIzC  $01:A042: E8       INX
f347    c10305247    i59086052    A:00 X:20 Y:00 S:DB P:nvUbdIzC  $01:A043: BD E8 05 LDA $05E8,X @ $0608 = #$04
f347    c10305252    i59086053    A:04 X:20 Y:00 S:DB P:nvUbdIzC  $01:A046: D0 D3    BNE $A01B
f347    c10305255    i59086054    A:04 X:20 Y:00 S:DB P:nvUbdIzC  $01:A01B: A0 80    LDY #$80
f347    c10305257    i59086055    A:04 X:20 Y:80 S:DB P:NvUbdIzC  $01:A01D: BD E8 05 LDA $05E8,X @ $0608 = #$04
f347    c10305262    i59086056    A:04 X:20 Y:80 S:DB P:nvUbdIzC  $01:A020: 10 04    BPL $A026
f347    c10305265    i59086057    A:04 X:20 Y:80 S:DB P:nvUbdIzC  $01:A026: 8C 00 20 STY $2000 = #$80
f347    c10305269    i59086058    A:04 X:20 Y:80 S:DB P:nvUbdIzC  $01:A029: A8       TAY
f347    c10305271    i59086059    A:04 X:20 Y:04 S:DB P:nvUbdIzC  $01:A02A: BD EA 05 LDA $05EA,X @ $060A = #$20
f347    c10305276    i59086060    A:20 X:20 Y:04 S:DB P:nvUbdIzC  $01:A02D: 8D 06 20 STA $2006 = #$1C
f347    c10305280    i59086061    A:20 X:20 Y:04 S:DB P:nvUbdIzC  $01:A030: BD E9 05 LDA $05E9,X @ $0609 = #$38
f347    c10305285    i59086062    A:38 X:20 Y:04 S:DB P:nvUbdIzC  $01:A033: 8D 06 20 STA $2006 = #$1C
f347    c10305289    i59086063    A:38 X:20 Y:04 S:DB P:nvUbdIzC  $01:A036: BD EB 05 LDA $05EB,X @ $060B = #$00
f347    c10305294    i59086064    A:00 X:20 Y:04 S:DB P:nvUbdIZC  $01:A039: 8D 07 20 STA $2007 = #$00
f347    c10305298    i59086065    A:00 X:20 Y:04 S:DB P:nvUbdIZC  $01:A03C: E8       INX
f347    c10305300    i59086066    A:00 X:21 Y:04 S:DB P:nvUbdIzC  $01:A03D: 88       DEY
f347    c10305302    i59086067    A:00 X:21 Y:03 S:DB P:nvUbdIzC  $01:A03E: D0 F6    BNE $A036
f347    c10305305    i59086068    A:00 X:21 Y:03 S:DB P:nvUbdIzC  $01:A036: BD EB 05 LDA $05EB,X @ $060C = #$00
f347    c10305310    i59086069    A:00 X:21 Y:03 S:DB P:nvUbdIZC  $01:A039: 8D 07 20 STA $2007 = #$00
f347    c10305314    i59086070    A:00 X:21 Y:03 S:DB P:nvUbdIZC  $01:A03C: E8       INX
f347    c10305316    i59086071    A:00 X:22 Y:03 S:DB P:nvUbdIzC  $01:A03D: 88       DEY
f347    c10305318    i59086072    A:00 X:22 Y:02 S:DB P:nvUbdIzC  $01:A03E: D0 F6    BNE $A036
f347    c10305321    i59086073    A:00 X:22 Y:02 S:DB P:nvUbdIzC  $01:A036: BD EB 05 LDA $05EB,X @ $060D = #$00
f347    c10305326    i59086074    A:00 X:22 Y:02 S:DB P:nvUbdIZC  $01:A039: 8D 07 20 STA $2007 = #$00
f347    c10305330    i59086075    A:00 X:22 Y:02 S:DB P:nvUbdIZC  $01:A03C: E8       INX
f347    c10305332    i59086076    A:00 X:23 Y:02 S:DB P:nvUbdIzC  $01:A03D: 88       DEY
f347    c10305334    i59086077    A:00 X:23 Y:01 S:DB P:nvUbdIzC  $01:A03E: D0 F6    BNE $A036
f347    c10305337    i59086078    A:00 X:23 Y:01 S:DB P:nvUbdIzC  $01:A036: BD EB 05 LDA $05EB,X @ $060E = #$00
f347    c10305342    i59086079    A:00 X:23 Y:01 S:DB P:nvUbdIZC  $01:A039: 8D 07 20 STA $2007 = #$00
f347    c10305346    i59086080    A:00 X:23 Y:01 S:DB P:nvUbdIZC  $01:A03C: E8       INX
f347    c10305348    i59086081    A:00 X:24 Y:01 S:DB P:nvUbdIzC  $01:A03D: 88       DEY
f347    c10305350    i59086082    A:00 X:24 Y:00 S:DB P:nvUbdIZC  $01:A03E: D0 F6    BNE $A036
f347    c10305352    i59086083    A:00 X:24 Y:00 S:DB P:nvUbdIZC  $01:A040: E8       INX
f347    c10305354    i59086084    A:00 X:25 Y:00 S:DB P:nvUbdIzC  $01:A041: E8       INX
f347    c10305356    i59086085    A:00 X:26 Y:00 S:DB P:nvUbdIzC  $01:A042: E8       INX
f347    c10306166    i59086339    A:00 X:01 Y:07 S:DB P:nvUbdIzc  $01:A0ED: BD 15 40 LDA $4015,X @ $4016 = #$00
f347    c10306170    i59086340    A:40 X:01 Y:07 S:DB P:nvUbdIzc  $01:A0F0: 4A       LSR
f347    c10306172    i59086341    A:20 X:01 Y:07 S:DB P:nvUbdIzc  $01:A0F1: 26 3F    ROL $3F = #$00
f347    c10306177    i59086342    A:20 X:01 Y:07 S:DB P:nvUbdIZc  $01:A0F3: 29 01    AND #$01
f347    c10306179    i59086343    A:00 X:01 Y:07 S:DB P:nvUbdIZc  $01:A0F5: 05 3F    ORA $3F = #$00
f347    c10306182    i59086344    A:00 X:01 Y:07 S:DB P:nvUbdIZc  $01:A0F7: 85 3F    STA $3F = #$00
f347    c10306185    i59086345    A:00 X:01 Y:07 S:DB P:nvUbdIZc  $01:A0F9: 88       DEY
f347    c10306187    i59086346    A:00 X:01 Y:06 S:DB P:nvUbdIzc  $01:A0FA: D0 F1    BNE $A0ED
f347    c10306190    i59086347    A:00 X:01 Y:06 S:DB P:nvUbdIzc  $01:A0ED: BD 15 40 LDA $4015,X @ $4016 = #$00
f347    c10306194    i59086348    A:40 X:01 Y:06 S:DB P:nvUbdIzc  $01:A0F0: 4A       LSR
f347    c10306196    i59086349    A:20 X:01 Y:06 S:DB P:nvUbdIzc  $01:A0F1: 26 3F    ROL $3F = #$00
f347    c10306201    i59086350    A:20 X:01 Y:06 S:DB P:nvUbdIZc  $01:A0F3: 29 01    AND #$01
f347    c10306203    i59086351    A:00 X:01 Y:06 S:DB P:nvUbdIZc  $01:A0F5: 05 3F    ORA $3F = #$00
f347    c10306206    i59086352    A:00 X:01 Y:06 S:DB P:nvUbdIZc  $01:A0F7: 85 3F    STA $3F = #$00
f347    c10306209    i59086353    A:00 X:01 Y:06 S:DB P:nvUbdIZc  $01:A0F9: 88       DEY
f347    c10306211    i59086354    A:00 X:01 Y:05 S:DB P:nvUbdIzc  $01:A0FA: D0 F1    BNE $A0ED
f347    c10306214    i59086355    A:00 X:01 Y:05 S:DB P:nvUbdIzc  $01:A0ED: BD 15 40 LDA $4015,X @ $4016 = #$00
f347    c10306218    i59086356    A:40 X:01 Y:05 S:DB P:nvUbdIzc  $01:A0F0: 4A       LSR
f347    c10306220    i59086357    A:20 X:01 Y:05 S:DB P:nvUbdIzc  $01:A0F1: 26 3F    ROL $3F = #$00
f347    c10306225    i59086358    A:20 X:01 Y:05 S:DB P:nvUbdIZc  $01:A0F3: 29 01    AND #$01
f347    c10306227    i59086359    A:00 X:01 Y:05 S:DB P:nvUbdIZc  $01:A0F5: 05 3F    ORA $3F = #$00
f347    c10306230    i59086360    A:00 X:01 Y:05 S:DB P:nvUbdIZc  $01:A0F7: 85 3F    STA $3F = #$00
f347    c10306233    i59086361    A:00 X:01 Y:05 S:DB P:nvUbdIZc  $01:A0F9: 88       DEY
f347    c10306235    i59086362    A:00 X:01 Y:04 S:DB P:nvUbdIzc  $01:A0FA: D0 F1    BNE $A0ED
f347    c10306238    i59086363    A:00 X:01 Y:04 S:DB P:nvUbdIzc  $01:A0ED: BD 15 40 LDA $4015,X @ $4016 = #$00
f347    c10306242    i59086364    A:40 X:01 Y:04 S:DB P:nvUbdIzc  $01:A0F0: 4A       LSR
f347    c10306244    i59086365    A:20 X:01 Y:04 S:DB P:nvUbdIzc  $01:A0F1: 26 3F    ROL $3F = #$00
f347    c10306249    i59086366    A:20 X:01 Y:04 S:DB P:nvUbdIZc  $01:A0F3: 29 01    AND #$01
f347    c10306251    i59086367    A:00 X:01 Y:04 S:DB P:nvUbdIZc  $01:A0F5: 05 3F    ORA $3F = #$00
f347    c10306254    i59086368    A:00 X:01 Y:04 S:DB P:nvUbdIZc  $01:A0F7: 85 3F    STA $3F = #$00
f347    c10306257    i59086369    A:00 X:01 Y:04 S:DB P:nvUbdIZc  $01:A0F9: 88       DEY
f347    c10306259    i59086370    A:00 X:01 Y:03 S:DB P:nvUbdIzc  $01:A0FA: D0 F1    BNE $A0ED
f347    c10306262    i59086371    A:00 X:01 Y:03 S:DB P:nvUbdIzc  $01:A0ED: BD 15 40 LDA $4015,X @ $4016 = #$00
f347    c10306266    i59086372    A:40 X:01 Y:03 S:DB P:nvUbdIzc  $01:A0F0: 4A       LSR
f347    c10306268    i59086373    A:20 X:01 Y:03 S:DB P:nvUbdIzc  $01:A0F1: 26 3F    ROL $3F = #$00
f347    c10306273    i59086374    A:20 X:01 Y:03 S:DB P:nvUbdIZc  $01:A0F3: 29 01    AND #$01
f347    c10306275    i59086375    A:00 X:01 Y:03 S:DB P:nvUbdIZc  $01:A0F5: 05 3F    ORA $3F = #$00
f347    c10306278    i59086376    A:00 X:01 Y:03 S:DB P:nvUbdIZc  $01:A0F7: 85 3F    STA $3F = #$00
f347    c10306281    i59086377    A:00 X:01 Y:03 S:DB P:nvUbdIZc  $01:A0F9: 88       DEY
f347    c10306283    i59086378    A:00 X:01 Y:02 S:DB P:nvUbdIzc  $01:A0FA: D0 F1    BNE $A0ED
f347    c10306286    i59086379    A:00 X:01 Y:02 S:DB P:nvUbdIzc  $01:A0ED: BD 15 40 LDA $4015,X @ $4016 = #$00
f347    c10306290    i59086380    A:40 X:01 Y:02 S:DB P:nvUbdIzc  $01:A0F0: 4A       LSR
f348    c10335007    i59095519    A:C0 X:1C Y:01 S:DB P:NvUbdIzC  $01:A036: BD EB 05 LDA $05EB,X @ $0607 = #$AA
f348    c10335012    i59095520    A:AA X:1C Y:01 S:DB P:NvUbdIzC  $01:A039: 8D 07 20 STA $2007 = #$00
f348    c10335016    i59095521    A:AA X:1C Y:01 S:DB P:NvUbdIzC  $01:A03C: E8       INX
f348    c10335018    i59095522    A:AA X:1D Y:01 S:DB P:nvUbdIzC  $01:A03D: 88       DEY
f348    c10335020    i59095523    A:AA X:1D Y:00 S:DB P:nvUbdIZC  $01:A03E: D0 F6    BNE $A036
f348    c10335022    i59095524    A:AA X:1D Y:00 S:DB P:nvUbdIZC  $01:A040: E8       INX
f348    c10335024    i59095525    A:AA X:1E Y:00 S:DB P:nvUbdIzC  $01:A041: E8       INX
f348    c10335026    i59095526    A:AA X:1F Y:00 S:DB P:nvUbdIzC  $01:A042: E8       INX
f348    c10335028    i59095527    A:AA X:20 Y:00 S:DB P:nvUbdIzC  $01:A043: BD E8 05 LDA $05E8,X @ $0608 = #$04
f348    c10335033    i59095528    A:04 X:20 Y:00 S:DB P:nvUbdIzC  $01:A046: D0 D3    BNE $A01B
f348    c10335036    i59095529    A:04 X:20 Y:00 S:DB P:nvUbdIzC  $01:A01B: A0 80    LDY #$80
f348    c10335038    i59095530    A:04 X:20 Y:80 S:DB P:NvUbdIzC  $01:A01D: BD E8 05 LDA $05E8,X @ $0608 = #$04
f348    c10335043    i59095531    A:04 X:20 Y:80 S:DB P:nvUbdIzC  $01:A020: 10 04    BPL $A026
f348    c10335046    i59095532    A:04 X:20 Y:80 S:DB P:nvUbdIzC  $01:A026: 8C 00 20 STY $2000 = #$80
f348    c10335050    i59095533    A:04 X:20 Y:80 S:DB P:nvUbdIzC  $01:A029: A8       TAY
f348    c10335052    i59095534    A:04 X:20 Y:04 S:DB P:nvUbdIzC  $01:A02A: BD EA 05 LDA $05EA,X @ $060A = #$24
f348    c10335057    i59095535    A:24 X:20 Y:04 S:DB P:nvUbdIzC  $01:A02D: 8D 06 20 STA $2006 = #$C1
f348    c10335061    i59095536    A:24 X:20 Y:04 S:DB P:nvUbdIzC  $01:A030: BD E9 05 LDA $05E9,X @ $0609 = #$00
f348    c10335066    i59095537    A:00 X:20 Y:04 S:DB P:nvUbdIZC  $01:A033: 8D 06 20 STA $2006 = #$C1
f348    c10335070    i59095538    A:00 X:20 Y:04 S:DB P:nvUbdIZC  $01:A036: BD EB 05 LDA $05EB,X @ $060B = #$00
f348    c10335075    i59095539    A:00 X:20 Y:04 S:DB P:nvUbdIZC  $01:A039: 8D 07 20 STA $2007 = #$00
f348    c10335079    i59095540    A:00 X:20 Y:04 S:DB P:nvUbdIZC  $01:A03C: E8       INX
f348    c10335081    i59095541    A:00 X:21 Y:04 S:DB P:nvUbdIzC  $01:A03D: 88       DEY
f348    c10335083    i59095542    A:00 X:21 Y:03 S:DB P:nvUbdIzC  $01:A03E: D0 F6    BNE $A036
f348    c10335086    i59095543    A:00 X:21 Y:03 S:DB P:nvUbdIzC  $01:A036: BD EB 05 LDA $05EB,X @ $060C = #$00
f348    c10335091    i59095544    A:00 X:21 Y:03 S:DB P:nvUbdIZC  $01:A039: 8D 07 20 STA $2007 = #$00
f348    c10335095    i59095545    A:00 X:21 Y:03 S:DB P:nvUbdIZC  $01:A03C: E8       INX
f348    c10335097    i59095546    A:00 X:22 Y:03 S:DB P:nvUbdIzC  $01:A03D: 88       DEY
f348    c10335099    i59095547    A:00 X:22 Y:02 S:DB P:nvUbdIzC  $01:A03E: D0 F6    BNE $A036
f348    c10335102    i59095548    A:00 X:22 Y:02 S:DB P:nvUbdIzC  $01:A036: BD EB 05 LDA $05EB,X @ $060D = #$00
f348    c10335107    i59095549    A:00 X:22 Y:02 S:DB P:nvUbdIZC  $01:A039: 8D 07 20 STA $2007 = #$00
f348    c10335111    i59095550    A:00 X:22 Y:02 S:DB P:nvUbdIZC  $01:A03C: E8       INX
f348    c10335113    i59095551    A:00 X:23 Y:02 S:DB P:nvUbdIzC  $01:A03D: 88       DEY
f348    c10335115    i59095552    A:00 X:23 Y:01 S:DB P:nvUbdIzC  $01:A03E: D0 F6    BNE $A036
f348    c10335118    i59095553    A:00 X:23 Y:01 S:DB P:nvUbdIzC  $01:A036: BD EB 05 LDA $05EB,X @ $060E = #$00
f348    c10335123    i59095554    A:00 X:23 Y:01 S:DB P:nvUbdIZC  $01:A039: 8D 07 20 STA $2007 = #$00
f348    c10335127    i59095555    A:00 X:23 Y:01 S:DB P:nvUbdIZC  $01:A03C: E8       INX
f348    c10335129    i59095556    A:00 X:24 Y:01 S:DB P:nvUbdIzC  $01:A03D: 88       DEY
f348    c10335131    i59095557    A:00 X:24 Y:00 S:DB P:nvUbdIZC  $01:A03E: D0 F6    BNE $A036
f348    c10335133    i59095558    A:00 X:24 Y:00 S:DB P:nvUbdIZC  $01:A040: E8       INX
f348    c10335135    i59095559    A:00 X:25 Y:00 S:DB P:nvUbdIzC  $01:A041: E8       INX
f348    c10335137    i59095560    A:00 X:26 Y:00 S:DB P:nvUbdIzC  $01:A042: E8       INX
f349    c10366354    i59105501    A:08 X:FF Y:08 S:DB P:nvUbdIzc  $06:8119: C6 F3    DEC $F3 = #$07
f349    c10366359    i59105502    A:08 X:FF Y:08 S:DB P:nvUbdIzc  $06:811B: D0 AD    BNE $80CA
f349    c10366363    i59105503    A:08 X:FF Y:08 S:DB P:nvUbdIzc  $06:80CA: AD 06 07 LDA $0706 = #$3C
f349    c10366367    i59105504    A:3C X:FF Y:08 S:DB P:nvUbdIzc  $06:80CD: 4A       LSR
f349    c10366369    i59105505    A:1E X:FF Y:08 S:DB P:nvUbdIzc  $06:80CE: 90 02    BCC $80D2
f349    c10366372    i59105506    A:1E X:FF Y:08 S:DB P:nvUbdIzc  $06:80D2: 8D 06 07 STA $0706 = #$3C
f349    c10366376    i59105507    A:1E X:FF Y:08 S:DB P:nvUbdIzc  $06:80D5: 90 35    BCC $810C
f349    c10366380    i59105508    A:1E X:FF Y:08 S:DB P:nvUbdIzc  $06:810C: 18       CLC
f349    c10366382    i59105509    A:1E X:FF Y:08 S:DB P:nvUbdIzc  $06:810D: A9 10    LDA #$10
f349    c10366384    i59105510    A:10 X:FF Y:08 S:DB P:nvUbdIzc  $06:810F: 65 F0    ADC $F0 = #$47
f349    c10366387    i59105511    A:57 X:FF Y:08 S:DB P:nvUbdIzc  $06:8111: 85 F0    STA $F0 = #$47
f349    c10366390    i59105512    A:57 X:FF Y:08 S:DB P:nvUbdIzc  $06:8113: A9 04    LDA #$04
f349    c10366392    i59105513    A:04 X:FF Y:08 S:DB P:nvUbdIzc  $06:8115: 65 F2    ADC $F2 = #$08
f349    c10366395    i59105514    A:0C X:FF Y:08 S:DB P:nvUbdIzc  $06:8117: 85 F2    STA $F2 = #$08
f349    c10366398    i59105515    A:0C X:FF Y:08 S:DB P:nvUbdIzc  $06:8119: C6 F3    DEC $F3 = #$06
f349    c10366403    i59105516    A:0C X:FF Y:08 S:DB P:nvUbdIzc  $06:811B: D0 AD    BNE $80CA
f349    c10366407    i59105517    A:0C X:FF Y:08 S:DB P:nvUbdIzc  $06:80CA: AD 06 07 LDA $0706 = #$1E
f349    c10366411    i59105518    A:1E X:FF Y:08 S:DB P:nvUbdIzc  $06:80CD: 4A       LSR
f349    c10366413    i59105519    A:0F X:FF Y:08 S:DB P:nvUbdIzc  $06:80CE: 90 02    BCC $80D2
f349    c10366416    i59105520    A:0F X:FF Y:08 S:DB P:nvUbdIzc  $06:80D2: 8D 06 07 STA $0706 = #$1E
f349    c10366420    i59105521    A:0F X:FF Y:08 S:DB P:nvUbdIzc  $06:80D5: 90 35    BCC $810C
f349    c10366424    i59105522    A:0F X:FF Y:08 S:DB P:nvUbdIzc  $06:810C: 18       CLC
f349    c10366426    i59105523    A:0F X:FF Y:08 S:DB P:nvUbdIzc  $06:810D: A9 10    LDA #$10
f349    c10366428    i59105524    A:10 X:FF Y:08 S:DB P:nvUbdIzc  $06:810F: 65 F0    ADC $F0 = #$57
f349    c10366431    i59105525    A:67 X:FF Y:08 S:DB P:nvUbdIzc  $06:8111: 85 F0    STA $F0 = #$57
f349    c10366434    i59105526    A:67 X:FF Y:08 S:DB P:nvUbdIzc  $06:8113: A9 04    LDA #$04
f349    c10366436    i59105527    A:04 X:FF Y:08 S:DB P:nvUbdIzc  $06:8115: 65 F2    ADC $F2 = #$0C
f349    c10366439    i59105528    A:10 X:FF Y:08 S:DB P:nvUbdIzc  $06:8117: 85 F2    STA $F2 = #$0C
f349    c10366442    i59105529    A:10 X:FF Y:08 S:DB P:nvUbdIzc  $06:8119: C6 F3    DEC $F3 = #$05
f349    c10366447    i59105530    A:10 X:FF Y:08 S:DB P:nvUbdIzc  $06:811B: D0 AD    BNE $80CA
f349    c10366451    i59105531    A:10 X:FF Y:08 S:DB P:nvUbdIzc  $06:80CA: AD 06 07 LDA $0706 = #$0F
f349    c10366455    i59105532    A:0F X:FF Y:08 S:DB P:nvUbdIzc  $06:80CD: 4A       LSR
f349    c10366457    i59105533    A:07 X:FF Y:08 S:DB P:nvUbdIzC  $06:80CE: 90 02    BCC $80D2
f349    c10366459    i59105534    A:07 X:FF Y:08 S:DB P:nvUbdIzC  $06:80D0: 09 80    ORA #$80
f349    c10366461    i59105535    A:87 X:FF Y:08 S:DB P:NvUbdIzC  $06:80D2: 8D 06 07 STA $0706 = #$0F
f349    c10366465    i59105536    A:87 X:FF Y:08 S:DB P:NvUbdIzC  $06:80D5: 90 35    BCC $810C
f349    c10366467    i59105537    A:87 X:FF Y:08 S:DB P:NvUbdIzC  $06:80D7: A6 F2    LDX $F2 = #$10
f349    c10366470    i59105538    A:87 X:10 Y:08 S:DB P:nvUbdIzC  $06:80D9: DE 07 07 DEC $0707,X @ $0717 = #$05
f349    c10366477    i59105539    A:87 X:10 Y:08 S:DB P:nvUbdIzC  $06:80DC: D0 03    BNE $80E1
f349    c10366480    i59105540    A:87 X:10 Y:08 S:DB P:nvUbdIzC  $06:80E1: A6 F2    LDX $F2 = #$10
f349    c10366483    i59105541    A:87 X:10 Y:08 S:DB P:nvUbdIzC  $06:80E3: DE 09 07 DEC $0709,X @ $0719 = #$01
f349    c10366490    i59105542    A:87 X:10 Y:08 S:DB P:nvUbdIZC  $06:80E6: D0 21    BNE $8109
f350    c10396133    i59114971    A:08 X:FF Y:08 S:DB P:nvUbdIzc  $06:8119: C6 F3    DEC $F3 = #$07
f350    c10396138    i59114972    A:08 X:FF Y:08 S:DB P:nvUbdIzc  $06:811B: D0 AD    BNE $80CA
f350    c10396142    i59114973    A:08 X:FF Y:08 S:DB P:nvUbdIzc  $06:80CA: AD 06 07 LDA $0706 = #$3C
f350    c10396146    i59114974    A:3C X:FF Y:08 S:DB P:nvUbdIzc  $06:80CD: 4A       LSR
f350    c10396148    i59114975    A:1E X:FF Y:08 S:DB P:nvUbdIzc  $06:80CE: 90 02    BCC $80D2
f350    c10396151    i59114976    A:1E X:FF Y:08 S:DB P:nvUbdIzc  $06:80D2: 8D 06 07 STA $0706 = #$3C
f350    c10396155    i59114977    A:1E X:FF Y:08 S:DB P:nvUbdIzc  $06:80D5: 90 35    BCC $810C
f350    c10396159    i59114978    A:1E X:FF Y:08 S:DB P:nvUbdIzc  $06:810C: 18       CLC
f350    c10396161    i59114979    A:1E X:FF Y:08 S:DB P:nvUbdIzc  $06:810D: A9 10    LDA #$10
f350    c10396163    i59114980    A:10 X:FF Y:08 S:DB P:nvUbdIzc  $06:810F: 65 F0    ADC $F0 = #$47
f350    c10396166    i59114981    A:57 X:FF Y:08 S:DB P:nvUbdIzc  $06:8111: 85 F0    STA $F0 = #$47
f350    c10396169    i59114982    A:57 X:FF Y:08 S:DB P:nvUbdIzc  $06:8113: A9 04    LDA #$04
f350    c10396171    i59114983    A:04 X:FF Y:08 S:DB P:nvUbdIzc  $06:8115: 65 F2    ADC $F2 = #$08
f350    c10396174    i59114984    A:0C X:FF Y:08 S:DB P:nvUbdIzc  $06:8117: 85 F2    STA $F2 = #$08
f350    c10396177    i59114985    A:0C X:FF Y:08 S:DB P:nvUbdIzc  $06:8119: C6 F3    DEC $F3 = #$06
f350    c10396182    i59114986    A:0C X:FF Y:08 S:DB P:nvUbdIzc  $06:811B: D0 AD    BNE $80CA
f350    c10396186    i59114987    A:0C X:FF Y:08 S:DB P:nvUbdIzc  $06:80CA: AD 06 07 LDA $0706 = #$1E
f350    c10396190    i59114988    A:1E X:FF Y:08 S:DB P:nvUbdIzc  $06:80CD: 4A       LSR
f350    c10396192    i59114989    A:0F X:FF Y:08 S:DB P:nvUbdIzc  $06:80CE: 90 02    BCC $80D2
f350    c10396195    i59114990    A:0F X:FF Y:08 S:DB P:nvUbdIzc  $06:80D2: 8D 06 07 STA $0706 = #$1E
f350    c10396199    i59114991    A:0F X:FF Y:08 S:DB P:nvUbdIzc  $06:80D5: 90 35    BCC $810C
f350    c10396203    i59114992    A:0F X:FF Y:08 S:DB P:nvUbdIzc  $06:810C: 18       CLC
f350    c10396205    i59114993    A:0F X:FF Y:08 S:DB P:nvUbdIzc  $06:810D: A9 10    LDA #$10
f350    c10396207    i59114994    A:10 X:FF Y:08 S:DB P:nvUbdIzc  $06:810F: 65 F0    ADC $F0 = #$57
f350    c10396210    i59114995    A:67 X:FF Y:08 S:DB P:nvUbdIzc  $06:8111: 85 F0    STA $F0 = #$57
f350    c10396213    i59114996    A:67 X:FF Y:08 S:DB P:nvUbdIzc  $06:8113: A9 04    LDA #$04
f350    c10396215    i59114997    A:04 X:FF Y:08 S:DB P:nvUbdIzc  $06:8115: 65 F2    ADC $F2 = #$0C
f350    c10396218    i59114998    A:10 X:FF Y:08 S:DB P:nvUbdIzc  $06:8117: 85 F2    STA $F2 = #$0C
f350    c10396221    i59114999    A:10 X:FF Y:08 S:DB P:nvUbdIzc  $06:8119: C6 F3    DEC $F3 = #$05
f350    c10396226    i59115000    A:10 X:FF Y:08 S:DB P:nvUbdIzc  $06:811B: D0 AD    BNE $80CA
f350    c10396230    i59115001    A:10 X:FF Y:08 S:DB P:nvUbdIzc  $06:80CA: AD 06 07 LDA $0706 = #$0F
f350    c10396234    i59115002    A:0F X:FF Y:08 S:DB P:nvUbdIzc  $06:80CD: 4A       LSR
f350    c10396236    i59115003    A:07 X:FF Y:08 S:DB P:nvUbdIzC  $06:80CE: 90 02    BCC $80D2
f350    c10396238    i59115004    A:07 X:FF Y:08 S:DB P:nvUbdIzC  $06:80D0: 09 80    ORA #$80
f350    c10396240    i59115005    A:87 X:FF Y:08 S:DB P:NvUbdIzC  $06:80D2: 8D 06 07 STA $0706 = #$0F
f350    c10396244    i59115006    A:87 X:FF Y:08 S:DB P:NvUbdIzC  $06:80D5: 90 35    BCC $810C
f350    c10396246    i59115007    A:87 X:FF Y:08 S:DB P:NvUbdIzC  $06:80D7: A6 F2    LDX $F2 = #$10
f350    c10396249    i59115008    A:87 X:10 Y:08 S:DB P:nvUbdIzC  $06:80D9: DE 07 07 DEC $0707,X @ $0717 = #$04
f350    c10396256    i59115009    A:87 X:10 Y:08 S:DB P:nvUbdIzC  $06:80DC: D0 03    BNE $80E1
f350    c10396259    i59115010    A:87 X:10 Y:08 S:DB P:nvUbdIzC  $06:80E1: A6 F2    LDX $F2 = #$10
f350    c10396262    i59115011    A:87 X:10 Y:08 S:DB P:nvUbdIzC  $06:80E3: DE 09 07 DEC $0709,X @ $0719 = #$01
f350    c10396269    i59115012    A:87 X:10 Y:08 S:DB P:nvUbdIZC  $06:80E6: D0 21    BNE $8109
f351    c10425915    i59124443    A:08 X:FF Y:08 S:DB P:nvUbdIzc  $06:8119: C6 F3    DEC $F3 = #$07
f351    c10425920    i59124444    A:08 X:FF Y:08 S:DB P:nvUbdIzc  $06:811B: D0 AD    BNE $80CA
f351    c10425924    i59124445    A:08 X:FF Y:08 S:DB P:nvUbdIzc  $06:80CA: AD 06 07 LDA $0706 = #$3C
f351    c10425928    i59124446    A:3C X:FF Y:08 S:DB P:nvUbdIzc  $06:80CD: 4A       LSR
f351    c10425930    i59124447    A:1E X:FF Y:08 S:DB P:nvUbdIzc  $06:80CE: 90 02    BCC $80D2
f351    c10425933    i59124448    A:1E X:FF Y:08 S:DB P:nvUbdIzc  $06:80D2: 8D 06 07 STA $0706 = #$3C
f351    c10425937    i59124449    A:1E X:FF Y:08 S:DB P:nvUbdIzc  $06:80D5: 90 35    BCC $810C
f351    c10425941    i59124450    A:1E X:FF Y:08 S:DB P:nvUbdIzc  $06:810C: 18       CLC
f351    c10425943    i59124451    A:1E X:FF Y:08 S:DB P:nvUbdIzc  $06:810D: A9 10    LDA #$10
f351    c10425945    i59124452    A:10 X:FF Y:08 S:DB P:nvUbdIzc  $06:810F: 65 F0    ADC $F0 = #$47
f351    c10425948    i59124453    A:57 X:FF Y:08 S:DB P:nvUbdIzc  $06:8111: 85 F0    STA $F0 = #$47
f351    c10425951    i59124454    A:57 X:FF Y:08 S:DB P:nvUbdIzc  $06:8113: A9 04    LDA #$04
f351    c10425953    i59124455    A:04 X:FF Y:08 S:DB P:nvUbdIzc  $06:8115: 65 F2    ADC $F2 = #$08
f351    c10425956    i59124456    A:0C X:FF Y:08 S:DB P:nvUbdIzc  $06:8117: 85 F2    STA $F2 = #$08
f351    c10425959    i59124457    A:0C X:FF Y:08 S:DB P:nvUbdIzc  $06:8119: C6 F3    DEC $F3 = #$06
f351    c10425964    i59124458    A:0C X:FF Y:08 S:DB P:nvUbdIzc  $06:811B: D0 AD    BNE $80CA
f351    c10425968    i59124459    A:0C X:FF Y:08 S:DB P:nvUbdIzc  $06:80CA: AD 06 07 LDA $0706 = #$1E
f351    c10425972    i59124460    A:1E X:FF Y:08 S:DB P:nvUbdIzc  $06:80CD: 4A       LSR
f351    c10425974    i59124461    A:0F X:FF Y:08 S:DB P:nvUbdIzc  $06:80CE: 90 02    BCC $80D2
f351    c10425977    i59124462    A:0F X:FF Y:08 S:DB P:nvUbdIzc  $06:80D2: 8D 06 07 STA $0706 = #$1E
f351    c10425981    i59124463    A:0F X:FF Y:08 S:DB P:nvUbdIzc  $06:80D5: 90 35    BCC $810C
f351    c10425985    i59124464    A:0F X:FF Y:08 S:DB P:nvUbdIzc  $06:810C: 18       CLC
f351    c10425987    i59124465    A:0F X:FF Y:08 S:DB P:nvUbdIzc  $06:810D: A9 10    LDA #$10
f351    c10425989    i59124466    A:10 X:FF Y:08 S:DB P:nvUbdIzc  $06:810F: 65 F0    ADC $F0 = #$57
f351    c10425992    i59124467    A:67 X:FF Y:08 S:DB P:nvUbdIzc  $06:8111: 85 F0    STA $F0 = #$57
f351    c10425995    i59124468    A:67 X:FF Y:08 S:DB P:nvUbdIzc  $06:8113: A9 04    LDA #$04
f351    c10425997    i59124469    A:04 X:FF Y:08 S:DB P:nvUbdIzc  $06:8115: 65 F2    ADC $F2 = #$0C
f351    c10426000    i59124470    A:10 X:FF Y:08 S:DB P:nvUbdIzc  $06:8117: 85 F2    STA $F2 = #$0C
f351    c10426003    i59124471    A:10 X:FF Y:08 S:DB P:nvUbdIzc  $06:8119: C6 F3    DEC $F3 = #$05
f351    c10426008    i59124472    A:10 X:FF Y:08 S:DB P:nvUbdIzc  $06:811B: D0 AD    BNE $80CA
f351    c10426012    i59124473    A:10 X:FF Y:08 S:DB P:nvUbdIzc  $06:80CA: AD 06 07 LDA $0706 = #$0F
f351    c10426016    i59124474    A:0F X:FF Y:08 S:DB P:nvUbdIzc  $06:80CD: 4A       LSR
f351    c10426018    i59124475    A:07 X:FF Y:08 S:DB P:nvUbdIzC  $06:80CE: 90 02    BCC $80D2
f351    c10426020    i59124476    A:07 X:FF Y:08 S:DB P:nvUbdIzC  $06:80D0: 09 80    ORA #$80
f351    c10426022    i59124477    A:87 X:FF Y:08 S:DB P:NvUbdIzC  $06:80D2: 8D 06 07 STA $0706 = #$0F
f351    c10426026    i59124478    A:87 X:FF Y:08 S:DB P:NvUbdIzC  $06:80D5: 90 35    BCC $810C
f351    c10426028    i59124479    A:87 X:FF Y:08 S:DB P:NvUbdIzC  $06:80D7: A6 F2    LDX $F2 = #$10
f351    c10426031    i59124480    A:87 X:10 Y:08 S:DB P:nvUbdIzC  $06:80D9: DE 07 07 DEC $0707,X @ $0717 = #$03
f351    c10426038    i59124481    A:87 X:10 Y:08 S:DB P:nvUbdIzC  $06:80DC: D0 03    BNE $80E1
f351    c10426041    i59124482    A:87 X:10 Y:08 S:DB P:nvUbdIzC  $06:80E1: A6 F2    LDX $F2 = #$10
f351    c10426044    i59124483    A:87 X:10 Y:08 S:DB P:nvUbdIzC  $06:80E3: DE 09 07 DEC $0709,X @ $0719 = #$01
f351    c10426051    i59124484    A:87 X:10 Y:08 S:DB P:nvUbdIZC  $06:80E6: D0 21    BNE $8109
f352    c10454129    i59133416    A:00 X:1C Y:01 S:DB P:nvUbdIzC  $01:A036: BD EB 05 LDA $05EB,X @ $0607 = #$00
f352    c10454134    i59133417    A:00 X:1C Y:01 S:DB P:nvUbdIZC  $01:A039: 8D 07 20 STA $2007 = #$00
f352    c10454138    i59133418    A:00 X:1C Y:01 S:DB P:nvUbdIZC  $01:A03C: E8       INX
f352    c10454140    i59133419    A:00 X:1D Y:01 S:DB P:nvUbdIzC  $01:A03D: 88       DEY
f352    c10454142    i59133420    A:00 X:1D Y:00 S:DB P:nvUbdIZC  $01:A03E: D0 F6    BNE $A036
f352    c10454144    i59133421    A:00 X:1D Y:00 S:DB P:nvUbdIZC  $01:A040: E8       INX
f352    c10454146    i59133422    A:00 X:1E Y:00 S:DB P:nvUbdIzC  $01:A041: E8       INX
f352    c10454148    i59133423    A:00 X:1F Y:00 S:DB P:nvUbdIzC  $01:A042: E8       INX
f352    c10454150    i59133424    A:00 X:20 Y:00 S:DB P:nvUbdIzC  $01:A043: BD E8 05 LDA $05E8,X @ $0608 = #$04
f352    c10454155    i59133425    A:04 X:20 Y:00 S:DB P:nvUbdIzC  $01:A046: D0 D3    BNE $A01B
f352    c10454158    i59133426    A:04 X:20 Y:00 S:DB P:nvUbdIzC  $01:A01B: A0 80    LDY #$80
f352    c10454160    i59133427    A:04 X:20 Y:80 S:DB P:NvUbdIzC  $01:A01D: BD E8 05 LDA $05E8,X @ $0608 = #$04
f352    c10454165    i59133428    A:04 X:20 Y:80 S:DB P:nvUbdIzC  $01:A020: 10 04    BPL $A026
f352    c10454168    i59133429    A:04 X:20 Y:80 S:DB P:nvUbdIzC  $01:A026: 8C 00 20 STY $2000 = #$80
f352    c10454172    i59133430    A:04 X:20 Y:80 S:DB P:nvUbdIzC  $01:A029: A8       TAY
f352    c10454174    i59133431    A:04 X:20 Y:04 S:DB P:nvUbdIzC  $01:A02A: BD EA 05 LDA $05EA,X @ $060A = #$24
f352    c10454179    i59133432    A:24 X:20 Y:04 S:DB P:nvUbdIzC  $01:A02D: 8D 06 20 STA $2006 = #$20
f352    c10454183    i59133433    A:24 X:20 Y:04 S:DB P:nvUbdIzC  $01:A030: BD E9 05 LDA $05E9,X @ $0609 = #$3C
f352    c10454188    i59133434    A:3C X:20 Y:04 S:DB P:nvUbdIzC  $01:A033: 8D 06 20 STA $2006 = #$20
f352    c10454192    i59133435    A:3C X:20 Y:04 S:DB P:nvUbdIzC  $01:A036: BD EB 05 LDA $05EB,X @ $060B = #$00
f352    c10454197    i59133436    A:00 X:20 Y:04 S:DB P:nvUbdIZC  $01:A039: 8D 07 20 STA $2007 = #$00
f352    c10454201    i59133437    A:00 X:20 Y:04 S:DB P:nvUbdIZC  $01:A03C: E8       INX
f352    c10454203    i59133438    A:00 X:21 Y:04 S:DB P:nvUbdIzC  $01:A03D: 88       DEY
f352    c10454205    i59133439    A:00 X:21 Y:03 S:DB P:nvUbdIzC  $01:A03E: D0 F6    BNE $A036
f352    c10454208    i59133440    A:00 X:21 Y:03 S:DB P:nvUbdIzC  $01:A036: BD EB 05 LDA $05EB,X @ $060C = #$00
f352    c10454213    i59133441    A:00 X:21 Y:03 S:DB P:nvUbdIZC  $01:A039: 8D 07 20 STA $2007 = #$00
f352    c10454217    i59133442    A:00 X:21 Y:03 S:DB P:nvUbdIZC  $01:A03C: E8       INX
f352    c10454219    i59133443    A:00 X:22 Y:03 S:DB P:nvUbdIzC  $01:A03D: 88       DEY
f352    c10454221    i59133444    A:00 X:22 Y:02 S:DB P:nvUbdIzC  $01:A03E: D0 F6    BNE $A036
f352    c10454224    i59133445    A:00 X:22 Y:02 S:DB P:nvUbdIzC  $01:A036: BD EB 05 LDA $05EB,X @ $060D = #$00
f352    c10454229    i59133446    A:00 X:22 Y:02 S:DB P:nvUbdIZC  $01:A039: 8D 07 20 STA $2007 = #$00
f352    c10454233    i59133447    A:00 X:22 Y:02 S:DB P:nvUbdIZC  $01:A03C: E8       INX
f352    c10454235    i59133448    A:00 X:23 Y:02 S:DB P:nvUbdIzC  $01:A03D: 88       DEY
f352    c10454237    i59133449    A:00 X:23 Y:01 S:DB P:nvUbdIzC  $01:A03E: D0 F6    BNE $A036
f352    c10454240    i59133450    A:00 X:23 Y:01 S:DB P:nvUbdIzC  $01:A036: BD EB 05 LDA $05EB,X @ $060E = #$00
f352    c10454245    i59133451    A:00 X:23 Y:01 S:DB P:nvUbdIZC  $01:A039: 8D 07 20 STA $2007 = #$00
f352    c10454249    i59133452    A:00 X:23 Y:01 S:DB P:nvUbdIZC  $01:A03C: E8       INX
f352    c10454251    i59133453    A:00 X:24 Y:01 S:DB P:nvUbdIzC  $01:A03D: 88       DEY
f352    c10454253    i59133454    A:00 X:24 Y:00 S:DB P:nvUbdIZC  $01:A03E: D0 F6    BNE $A036
f352    c10454255    i59133455    A:00 X:24 Y:00 S:DB P:nvUbdIZC  $01:A040: E8       INX
f352    c10454257    i59133456    A:00 X:25 Y:00 S:DB P:nvUbdIzC  $01:A041: E8       INX
f352    c10454259    i59133457    A:00 X:26 Y:00 S:DB P:nvUbdIzC  $01:A042: E8       INX
f352    c10455069    i59133711    A:00 X:01 Y:07 S:DB P:nvUbdIzc  $01:A0ED: BD 15 40 LDA $4015,X @ $4016 = #$00
f352    c10455073    i59133712    A:40 X:01 Y:07 S:DB P:nvUbdIzc  $01:A0F0: 4A       LSR
f352    c10455075    i59133713    A:20 X:01 Y:07 S:DB P:nvUbdIzc  $01:A0F1: 26 3F    ROL $3F = #$00
f352    c10455080    i59133714    A:20 X:01 Y:07 S:DB P:nvUbdIZc  $01:A0F3: 29 01    AND #$01
f352    c10455082    i59133715    A:00 X:01 Y:07 S:DB P:nvUbdIZc  $01:A0F5: 05 3F    ORA $3F = #$00
f352    c10455085    i59133716    A:00 X:01 Y:07 S:DB P:nvUbdIZc  $01:A0F7: 85 3F    STA $3F = #$00
f352    c10455088    i59133717    A:00 X:01 Y:07 S:DB P:nvUbdIZc  $01:A0F9: 88       DEY
f352    c10455090    i59133718    A:00 X:01 Y:06 S:DB P:nvUbdIzc  $01:A0FA: D0 F1    BNE $A0ED
f352    c10455093    i59133719    A:00 X:01 Y:06 S:DB P:nvUbdIzc  $01:A0ED: BD 15 40 LDA $4015,X @ $4016 = #$00
f352    c10455097    i59133720    A:40 X:01 Y:06 S:DB P:nvUbdIzc  $01:A0F0: 4A       LSR
f352    c10455099    i59133721    A:20 X:01 Y:06 S:DB P:nvUbdIzc  $01:A0F1: 26 3F    ROL $3F = #$00
f352    c10455104    i59133722    A:20 X:01 Y:06 S:DB P:nvUbdIZc  $01:A0F3: 29 01    AND #$01
f352    c10455106    i59133723    A:00 X:01 Y:06 S:DB P:nvUbdIZc  $01:A0F5: 05 3F    ORA $3F = #$00
f352    c10455109    i59133724    A:00 X:01 Y:06 S:DB P:nvUbdIZc  $01:A0F7: 85 3F    STA $3F = #$00
f352    c10455112    i59133725    A:00 X:01 Y:06 S:DB P:nvUbdIZc  $01:A0F9: 88       DEY
f352    c10455114    i59133726    A:00 X:01 Y:05 S:DB P:nvUbdIzc  $01:A0FA: D0 F1    BNE $A0ED
f352    c10455117    i59133727    A:00 X:01 Y:05 S:DB P:nvUbdIzc  $01:A0ED: BD 15 40 LDA $4015,X @ $4016 = #$00
f352    c10455121    i59133728    A:40 X:01 Y:05 S:DB P:nvUbdIzc  $01:A0F0: 4A       LSR
f352    c10455123    i59133729    A:20 X:01 Y:05 S:DB P:nvUbdIzc  $01:A0F1: 26 3F    ROL $3F = #$00
f352    c10455128    i59133730    A:20 X:01 Y:05 S:DB P:nvUbdIZc  $01:A0F3: 29 01    AND #$01
f352    c10455130    i59133731    A:00 X:01 Y:05 S:DB P:nvUbdIZc  $01:A0F5: 05 3F    ORA $3F = #$00
f352    c10455133    i59133732    A:00 X:01 Y:05 S:DB P:nvUbdIZc  $01:A0F7: 85 3F    STA $3F = #$00
f352    c10455136    i59133733    A:00 X:01 Y:05 S:DB P:nvUbdIZc  $01:A0F9: 88       DEY
f352    c10455138    i59133734    A:00 X:01 Y:04 S:DB P:nvUbdIzc  $01:A0FA: D0 F1    BNE $A0ED
f352    c10455141    i59133735    A:00 X:01 Y:04 S:DB P:nvUbdIzc  $01:A0ED: BD 15 40 LDA $4015,X @ $4016 = #$00
f352    c10455145    i59133736    A:40 X:01 Y:04 S:DB P:nvUbdIzc  $01:A0F0: 4A       LSR
f352    c10455147    i59133737    A:20 X:01 Y:04 S:DB P:nvUbdIzc  $01:A0F1: 26 3F    ROL $3F = #$00
f352    c10455152    i59133738    A:20 X:01 Y:04 S:DB P:nvUbdIZc  $01:A0F3: 29 01    AND #$01
f352    c10455154    i59133739    A:00 X:01 Y:04 S:DB P:nvUbdIZc  $01:A0F5: 05 3F    ORA $3F = #$00
f352    c10455157    i59133740    A:00 X:01 Y:04 S:DB P:nvUbdIZc  $01:A0F7: 85 3F    STA $3F = #$00
f352    c10455160    i59133741    A:00 X:01 Y:04 S:DB P:nvUbdIZc  $01:A0F9: 88       DEY
f352    c10455162    i59133742    A:00 X:01 Y:03 S:DB P:nvUbdIzc  $01:A0FA: D0 F1    BNE $A0ED
f352    c10455165    i59133743    A:00 X:01 Y:03 S:DB P:nvUbdIzc  $01:A0ED: BD 15 40 LDA $4015,X @ $4016 = #$00
f352    c10455169    i59133744    A:40 X:01 Y:03 S:DB P:nvUbdIzc  $01:A0F0: 4A       LSR
f352    c10455171    i59133745    A:20 X:01 Y:03 S:DB P:nvUbdIzc  $01:A0F1: 26 3F    ROL $3F = #$00
f352    c10455176    i59133746    A:20 X:01 Y:03 S:DB P:nvUbdIZc  $01:A0F3: 29 01    AND #$01
f352    c10455178    i59133747    A:00 X:01 Y:03 S:DB P:nvUbdIZc  $01:A0F5: 05 3F    ORA $3F = #$00
f352    c10455181    i59133748    A:00 X:01 Y:03 S:DB P:nvUbdIZc  $01:A0F7: 85 3F    STA $3F = #$00
f352    c10455184    i59133749    A:00 X:01 Y:03 S:DB P:nvUbdIZc  $01:A0F9: 88       DEY
f352    c10455186    i59133750    A:00 X:01 Y:02 S:DB P:nvUbdIzc  $01:A0FA: D0 F1    BNE $A0ED
f352    c10455189    i59133751    A:00 X:01 Y:02 S:DB P:nvUbdIzc  $01:A0ED: BD 15 40 LDA $4015,X @ $4016 = #$00
f352    c10455193    i59133752    A:40 X:01 Y:02 S:DB P:nvUbdIzc  $01:A0F0: 4A       LSR
f352    c10465580    i59136975    A:00 X:02 Y:00 S:E0 P:nvUbdiZc  $00:9FC6: BA       TSX
f352    c10465582    i59136976    A:00 X:E0 Y:00 S:E0 P:NvUbdizc  $00:9FC7: 8A       TXA
f352    c10465584    i59136977    A:E0 X:E0 Y:00 S:E0 P:NvUbdizc  $00:9FC8: A6 00    LDX $00 = #$15
f352    c10465587    i59136978    A:E0 X:15 Y:00 S:E0 P:nvUbdizc  $00:9FCA: 95 01    STA $01,X @ $0016 = #$E0
f352    c10465591    i59136979    A:E0 X:15 Y:00 S:E0 P:nvUbdizc  $00:9FCC: AD 24 00 LDA $0024 = #$00
f352    c10465595    i59136980    A:00 X:15 Y:00 S:E0 P:nvUbdiZc  $00:9FCF: 95 02    STA $02,X @ $0017 = #$00
f352    c10465599    i59136981    A:00 X:15 Y:00 S:E0 P:nvUbdiZc  $00:9FD1: AD 25 00 LDA $0025 = #$02
f352    c10465603    i59136982    A:02 X:15 Y:00 S:E0 P:nvUbdizc  $00:9FD4: 95 03    STA $03,X @ $0018 = #$02
f352    c10465607    i59136983    A:02 X:15 Y:00 S:E0 P:nvUbdizc  $00:9FD6: A5 19    LDA $19 = #$01
f352    c10465610    i59136984    A:01 X:15 Y:00 S:E0 P:nvUbdizc  $00:9FD8: F0 04    BEQ $9FDE
f352    c10465612    i59136985    A:01 X:15 Y:00 S:E0 P:nvUbdizc  $00:9FDA: C9 FF    CMP #$FF
f352    c10465614    i59136986    A:01 X:15 Y:00 S:E0 P:nvUbdizc  $00:9FDC: D0 02    BNE $9FE0
f352    c10465617    i59136987    A:01 X:15 Y:00 S:E0 P:nvUbdizc  $00:9FE0: 95 00    STA $00,X @ $0015 = #$00
f352    c10465621    i59136988    A:01 X:15 Y:00 S:E0 P:nvUbdizc  $00:9FE2: 4C FB 9E JMP $9EFB
f352    c10465624    i59136989    A:01 X:15 Y:00 S:E0 P:nvUbdizc  $00:9EFB: 8A       TXA
f352    c10465626    i59136990    A:15 X:15 Y:00 S:E0 P:nvUbdizc  $00:9EFC: 18       CLC
f352    c10465628    i59136991    A:15 X:15 Y:00 S:E0 P:nvUbdizc  $00:9EFD: 69 04    ADC #$04
f352    c10465630    i59136992    A:19 X:15 Y:00 S:E0 P:nvUbdizc  $00:9EFF: AA       TAX
f352    c10465632    i59136993    A:19 X:19 Y:00 S:E0 P:nvUbdizc  $00:9F00: E0 19    CPX #$19
f352    c10465634    i59136994    A:19 X:19 Y:00 S:E0 P:nvUbdiZC  $00:9F02: D0 EB    BNE $9EEF
f352    c10465636    i59136995    A:19 X:19 Y:00 S:E0 P:nvUbdiZC  $00:9F04: A5 1B    LDA $1B = #$40
f352    c10465639    i59136996    A:40 X:19 Y:00 S:E0 P:nvUbdizC  $00:9F06: 10 FC    BPL $9F04
f352    c10465642    i59136997    A:40 X:19 Y:00 S:E0 P:nvUbdizC  $00:9F04: A5 1B    LDA $1B = #$40
f352    c10465645    i59136998    A:40 X:19 Y:00 S:E0 P:nvUbdizC  $00:9F06: 10 FC    BPL $9F04
f352    c10465648    i59136999    A:40 X:19 Y:00 S:E0 P:nvUbdizC  $00:9F04: A5 1B    LDA $1B = #$40
f352    c10465651    i59137000    A:40 X:19 Y:00 S:E0 P:nvUbdizC  $00:9F06: 10 FC    BPL $9F04
f352    c10465654    i59137001    A:40 X:19 Y:00 S:E0 P:nvUbdizC  $00:9F04: A5 1B    LDA $1B = #$40
f352    c10465657    i59137002    A:40 X:19 Y:00 S:E0 P:nvUbdizC  $00:9F06: 10 FC    BPL $9F04
f352    c10465660    i59137003    A:40 X:19 Y:00 S:E0 P:nvUbdizC  $00:9F04: A5 1B    LDA $1B = #$40
f352    c10465663    i59137004    A:40 X:19 Y:00 S:E0 P:nvUbdizC  $00:9F06: 10 FC    BPL $9F04
f352    c10465666    i59137005    A:40 X:19 Y:00 S:E0 P:nvUbdizC  $00:9F04: A5 1B    LDA $1B = #$40
f352    c10465669    i59137006    A:40 X:19 Y:00 S:E0 P:nvUbdizC  $00:9F06: 10 FC    BPL $9F04
f352    c10465672    i59137007    A:40 X:19 Y:00 S:E0 P:nvUbdizC  $00:9F04: A5 1B    LDA $1B = #$40
f352    c10465675    i59137008    A:40 X:19 Y:00 S:E0 P:nvUbdizC  $00:9F06: 10 FC    BPL $9F04
f352    c10465678    i59137009    A:40 X:19 Y:00 S:E0 P:nvUbdizC  $00:9F04: A5 1B    LDA $1B = #$40
f352    c10465681    i59137010    A:40 X:19 Y:00 S:E0 P:nvUbdizC  $00:9F06: 10 FC    BPL $9F04
f352    c10465684    i59137011    A:40 X:19 Y:00 S:E0 P:nvUbdizC  $00:9F04: A5 1B    LDA $1B = #$40
f352    c10465687    i59137012    A:40 X:19 Y:00 S:E0 P:nvUbdizC  $00:9F06: 10 FC    BPL $9F04
f352    c10465690    i59137013    A:40 X:19 Y:00 S:E0 P:nvUbdizC  $00:9F04: A5 1B    LDA $1B = #$40
f352    c10465693    i59137014    A:40 X:19 Y:00 S:E0 P:nvUbdizC  $00:9F06: 10 FC    BPL $9F04
f352    c10465696    i59137015    A:40 X:19 Y:00 S:E0 P:nvUbdizC  $00:9F04: A5 1B    LDA $1B = #$40
f352    c10465699    i59137016    A:40 X:19 Y:00 S:E0 P:nvUbdizC  $00:9F06: 10 FC    BPL $9F04
f353    c10483909    i59142898    A:C9 X:1C Y:01 S:DB P:NvUbdIzC  $01:A036: BD EB 05 LDA $05EB,X @ $0607 = #$AA
f353    c10483914    i59142899    A:AA X:1C Y:01 S:DB P:NvUbdIzC  $01:A039: 8D 07 20 STA $2007 = #$00
f353    c10483918    i59142900    A:AA X:1C Y:01 S:DB P:NvUbdIzC  $01:A03C: E8       INX
f353    c10483920    i59142901    A:AA X:1D Y:01 S:DB P:nvUbdIzC  $01:A03D: 88       DEY
f353    c10483922    i59142902    A:AA X:1D Y:00 S:DB P:nvUbdIZC  $01:A03E: D0 F6    BNE $A036
f353    c10483924    i59142903    A:AA X:1D Y:00 S:DB P:nvUbdIZC  $01:A040: E8       INX
f353    c10483926    i59142904    A:AA X:1E Y:00 S:DB P:nvUbdIzC  $01:A041: E8       INX
f353    c10483928    i59142905    A:AA X:1F Y:00 S:DB P:nvUbdIzC  $01:A042: E8       INX
f353    c10483930    i59142906    A:AA X:20 Y:00 S:DB P:nvUbdIzC  $01:A043: BD E8 05 LDA $05E8,X @ $0608 = #$04
f353    c10483935    i59142907    A:04 X:20 Y:00 S:DB P:nvUbdIzC  $01:A046: D0 D3    BNE $A01B
f353    c10483938    i59142908    A:04 X:20 Y:00 S:DB P:nvUbdIzC  $01:A01B: A0 80    LDY #$80
f353    c10483940    i59142909    A:04 X:20 Y:80 S:DB P:NvUbdIzC  $01:A01D: BD E8 05 LDA $05E8,X @ $0608 = #$04
f353    c10483945    i59142910    A:04 X:20 Y:80 S:DB P:nvUbdIzC  $01:A020: 10 04    BPL $A026
f353    c10483948    i59142911    A:04 X:20 Y:80 S:DB P:nvUbdIzC  $01:A026: 8C 00 20 STY $2000 = #$80
f353    c10483952    i59142912    A:04 X:20 Y:80 S:DB P:nvUbdIzC  $01:A029: A8       TAY
f353    c10483954    i59142913    A:04 X:20 Y:04 S:DB P:nvUbdIzC  $01:A02A: BD EA 05 LDA $05EA,X @ $060A = #$20
f353    c10483959    i59142914    A:20 X:20 Y:04 S:DB P:nvUbdIzC  $01:A02D: 8D 06 20 STA $2006 = #$CA
f353    c10483963    i59142915    A:20 X:20 Y:04 S:DB P:nvUbdIzC  $01:A030: BD E9 05 LDA $05E9,X @ $0609 = #$84
f353    c10483968    i59142916    A:84 X:20 Y:04 S:DB P:NvUbdIzC  $01:A033: 8D 06 20 STA $2006 = #$CA
f353    c10483972    i59142917    A:84 X:20 Y:04 S:DB P:NvUbdIzC  $01:A036: BD EB 05 LDA $05EB,X @ $060B = #$01
f353    c10483977    i59142918    A:01 X:20 Y:04 S:DB P:nvUbdIzC  $01:A039: 8D 07 20 STA $2007 = #$00
f353    c10483981    i59142919    A:01 X:20 Y:04 S:DB P:nvUbdIzC  $01:A03C: E8       INX
f353    c10483983    i59142920    A:01 X:21 Y:04 S:DB P:nvUbdIzC  $01:A03D: 88       DEY
f353    c10483985    i59142921    A:01 X:21 Y:03 S:DB P:nvUbdIzC  $01:A03E: D0 F6    BNE $A036
f353    c10483988    i59142922    A:01 X:21 Y:03 S:DB P:nvUbdIzC  $01:A036: BD EB 05 LDA $05EB,X @ $060C = #$01
f353    c10483993    i59142923    A:01 X:21 Y:03 S:DB P:nvUbdIzC  $01:A039: 8D 07 20 STA $2007 = #$00
f353    c10483997    i59142924    A:01 X:21 Y:03 S:DB P:nvUbdIzC  $01:A03C: E8       INX
f353    c10483999    i59142925    A:01 X:22 Y:03 S:DB P:nvUbdIzC  $01:A03D: 88       DEY
f353    c10484001    i59142926    A:01 X:22 Y:02 S:DB P:nvUbdIzC  $01:A03E: D0 F6    BNE $A036
f353    c10484004    i59142927    A:01 X:22 Y:02 S:DB P:nvUbdIzC  $01:A036: BD EB 05 LDA $05EB,X @ $060D = #$01
f353    c10484009    i59142928    A:01 X:22 Y:02 S:DB P:nvUbdIzC  $01:A039: 8D 07 20 STA $2007 = #$00
f353    c10484013    i59142929    A:01 X:22 Y:02 S:DB P:nvUbdIzC  $01:A03C: E8       INX
f353    c10484015    i59142930    A:01 X:23 Y:02 S:DB P:nvUbdIzC  $01:A03D: 88       DEY
f353    c10484017    i59142931    A:01 X:23 Y:01 S:DB P:nvUbdIzC  $01:A03E: D0 F6    BNE $A036
f353    c10484020    i59142932    A:01 X:23 Y:01 S:DB P:nvUbdIzC  $01:A036: BD EB 05 LDA $05EB,X @ $060E = #$01
f353    c10484025    i59142933    A:01 X:23 Y:01 S:DB P:nvUbdIzC  $01:A039: 8D 07 20 STA $2007 = #$00
f353    c10484029    i59142934    A:01 X:23 Y:01 S:DB P:nvUbdIzC  $01:A03C: E8       INX
f353    c10484031    i59142935    A:01 X:24 Y:01 S:DB P:nvUbdIzC  $01:A03D: 88       DEY
f353    c10484033    i59142936    A:01 X:24 Y:00 S:DB P:nvUbdIZC  $01:A03E: D0 F6    BNE $A036
f353    c10484035    i59142937    A:01 X:24 Y:00 S:DB P:nvUbdIZC  $01:A040: E8       INX
f353    c10484037    i59142938    A:01 X:25 Y:00 S:DB P:nvUbdIzC  $01:A041: E8       INX
f353    c10484039    i59142939    A:01 X:26 Y:00 S:DB P:nvUbdIzC  $01:A042: E8       INX
f354    c10515257    i59152866    A:08 X:FF Y:08 S:DB P:nvUbdIzc  $06:8119: C6 F3    DEC $F3 = #$07
f354    c10515262    i59152867    A:08 X:FF Y:08 S:DB P:nvUbdIzc  $06:811B: D0 AD    BNE $80CA
f354    c10515266    i59152868    A:08 X:FF Y:08 S:DB P:nvUbdIzc  $06:80CA: AD 06 07 LDA $0706 = #$3C
f354    c10515270    i59152869    A:3C X:FF Y:08 S:DB P:nvUbdIzc  $06:80CD: 4A       LSR
f354    c10515272    i59152870    A:1E X:FF Y:08 S:DB P:nvUbdIzc  $06:80CE: 90 02    BCC $80D2
f354    c10515275    i59152871    A:1E X:FF Y:08 S:DB P:nvUbdIzc  $06:80D2: 8D 06 07 STA $0706 = #$3C
f354    c10515279    i59152872    A:1E X:FF Y:08 S:DB P:nvUbdIzc  $06:80D5: 90 35    BCC $810C
f354    c10515283    i59152873    A:1E X:FF Y:08 S:DB P:nvUbdIzc  $06:810C: 18       CLC
f354    c10515285    i59152874    A:1E X:FF Y:08 S:DB P:nvUbdIzc  $06:810D: A9 10    LDA #$10
f354    c10515287    i59152875    A:10 X:FF Y:08 S:DB P:nvUbdIzc  $06:810F: 65 F0    ADC $F0 = #$47
f354    c10515290    i59152876    A:57 X:FF Y:08 S:DB P:nvUbdIzc  $06:8111: 85 F0    STA $F0 = #$47
f354    c10515293    i59152877    A:57 X:FF Y:08 S:DB P:nvUbdIzc  $06:8113: A9 04    LDA #$04
f354    c10515295    i59152878    A:04 X:FF Y:08 S:DB P:nvUbdIzc  $06:8115: 65 F2    ADC $F2 = #$08
f354    c10515298    i59152879    A:0C X:FF Y:08 S:DB P:nvUbdIzc  $06:8117: 85 F2    STA $F2 = #$08
f354    c10515301    i59152880    A:0C X:FF Y:08 S:DB P:nvUbdIzc  $06:8119: C6 F3    DEC $F3 = #$06
f354    c10515306    i59152881    A:0C X:FF Y:08 S:DB P:nvUbdIzc  $06:811B: D0 AD    BNE $80CA
f354    c10515310    i59152882    A:0C X:FF Y:08 S:DB P:nvUbdIzc  $06:80CA: AD 06 07 LDA $0706 = #$1E
f354    c10515314    i59152883    A:1E X:FF Y:08 S:DB P:nvUbdIzc  $06:80CD: 4A       LSR
f354    c10515316    i59152884    A:0F X:FF Y:08 S:DB P:nvUbdIzc  $06:80CE: 90 02    BCC $80D2
f354    c10515319    i59152885    A:0F X:FF Y:08 S:DB P:nvUbdIzc  $06:80D2: 8D 06 07 STA $0706 = #$1E
f354    c10515323    i59152886    A:0F X:FF Y:08 S:DB P:nvUbdIzc  $06:80D5: 90 35    BCC $810C
f354    c10515327    i59152887    A:0F X:FF Y:08 S:DB P:nvUbdIzc  $06:810C: 18       CLC
f354    c10515329    i59152888    A:0F X:FF Y:08 S:DB P:nvUbdIzc  $06:810D: A9 10    LDA #$10
f354    c10515331    i59152889    A:10 X:FF Y:08 S:DB P:nvUbdIzc  $06:810F: 65 F0    ADC $F0 = #$57
f354    c10515334    i59152890    A:67 X:FF Y:08 S:DB P:nvUbdIzc  $06:8111: 85 F0    STA $F0 = #$57
f354    c10515337    i59152891    A:67 X:FF Y:08 S:DB P:nvUbdIzc  $06:8113: A9 04    LDA #$04
f354    c10515339    i59152892    A:04 X:FF Y:08 S:DB P:nvUbdIzc  $06:8115: 65 F2    ADC $F2 = #$0C
f354    c10515342    i59152893    A:10 X:FF Y:08 S:DB P:nvUbdIzc  $06:8117: 85 F2    STA $F2 = #$0C
f354    c10515345    i59152894    A:10 X:FF Y:08 S:DB P:nvUbdIzc  $06:8119: C6 F3    DEC $F3 = #$05
f354    c10515350    i59152895    A:10 X:FF Y:08 S:DB P:nvUbdIzc  $06:811B: D0 AD    BNE $80CA
f354    c10515354    i59152896    A:10 X:FF Y:08 S:DB P:nvUbdIzc  $06:80CA: AD 06 07 LDA $0706 = #$0F
f354    c10515358    i59152897    A:0F X:FF Y:08 S:DB P:nvUbdIzc  $06:80CD: 4A       LSR
f354    c10515360    i59152898    A:07 X:FF Y:08 S:DB P:nvUbdIzC  $06:80CE: 90 02    BCC $80D2
f354    c10515362    i59152899    A:07 X:FF Y:08 S:DB P:nvUbdIzC  $06:80D0: 09 80    ORA #$80
f354    c10515364    i59152900    A:87 X:FF Y:08 S:DB P:NvUbdIzC  $06:80D2: 8D 06 07 STA $0706 = #$0F
f354    c10515368    i59152901    A:87 X:FF Y:08 S:DB P:NvUbdIzC  $06:80D5: 90 35    BCC $810C
f354    c10515370    i59152902    A:87 X:FF Y:08 S:DB P:NvUbdIzC  $06:80D7: A6 F2    LDX $F2 = #$10
f354    c10515373    i59152903    A:87 X:10 Y:08 S:DB P:nvUbdIzC  $06:80D9: DE 07 07 DEC $0707,X @ $0717 = #$07
f354    c10515380    i59152904    A:87 X:10 Y:08 S:DB P:nvUbdIzC  $06:80DC: D0 03    BNE $80E1
f354    c10515383    i59152905    A:87 X:10 Y:08 S:DB P:nvUbdIzC  $06:80E1: A6 F2    LDX $F2 = #$10
f354    c10515386    i59152906    A:87 X:10 Y:08 S:DB P:nvUbdIzC  $06:80E3: DE 09 07 DEC $0709,X @ $0719 = #$01
f354    c10515393    i59152907    A:87 X:10 Y:08 S:DB P:nvUbdIZC  $06:80E6: D0 21    BNE $8109
f355    c10545036    i59162336    A:08 X:FF Y:08 S:DB P:nvUbdIzc  $06:8119: C6 F3    DEC $F3 = #$07
f355    c10545041    i59162337    A:08 X:FF Y:08 S:DB P:nvUbdIzc  $06:811B: D0 AD    BNE $80CA
f355    c10545045    i59162338    A:08 X:FF Y:08 S:DB P:nvUbdIzc  $06:80CA: AD 06 07 LDA $0706 = #$3C
f355    c10545049    i59162339    A:3C X:FF Y:08 S:DB P:nvUbdIzc  $06:80CD: 4A       LSR
f355    c10545051    i59162340    A:1E X:FF Y:08 S:DB P:nvUbdIzc  $06:80CE: 90 02    BCC $80D2
f355    c10545054    i59162341    A:1E X:FF Y:08 S:DB P:nvUbdIzc  $06:80D2: 8D 06 07 STA $0706 = #$3C
f355    c10545058    i59162342    A:1E X:FF Y:08 S:DB P:nvUbdIzc  $06:80D5: 90 35    BCC $810C
f355    c10545062    i59162343    A:1E X:FF Y:08 S:DB P:nvUbdIzc  $06:810C: 18       CLC
f355    c10545064    i59162344    A:1E X:FF Y:08 S:DB P:nvUbdIzc  $06:810D: A9 10    LDA #$10
f355    c10545066    i59162345    A:10 X:FF Y:08 S:DB P:nvUbdIzc  $06:810F: 65 F0    ADC $F0 = #$47
f355    c10545069    i59162346    A:57 X:FF Y:08 S:DB P:nvUbdIzc  $06:8111: 85 F0    STA $F0 = #$47
f355    c10545072    i59162347    A:57 X:FF Y:08 S:DB P:nvUbdIzc  $06:8113: A9 04    LDA #$04
f355    c10545074    i59162348    A:04 X:FF Y:08 S:DB P:nvUbdIzc  $06:8115: 65 F2    ADC $F2 = #$08
f355    c10545077    i59162349    A:0C X:FF Y:08 S:DB P:nvUbdIzc  $06:8117: 85 F2    STA $F2 = #$08
f355    c10545080    i59162350    A:0C X:FF Y:08 S:DB P:nvUbdIzc  $06:8119: C6 F3    DEC $F3 = #$06
f355    c10545085    i59162351    A:0C X:FF Y:08 S:DB P:nvUbdIzc  $06:811B: D0 AD    BNE $80CA
f355    c10545089    i59162352    A:0C X:FF Y:08 S:DB P:nvUbdIzc  $06:80CA: AD 06 07 LDA $0706 = #$1E
f355    c10545093    i59162353    A:1E X:FF Y:08 S:DB P:nvUbdIzc  $06:80CD: 4A       LSR
f355    c10545095    i59162354    A:0F X:FF Y:08 S:DB P:nvUbdIzc  $06:80CE: 90 02    BCC $80D2
f355    c10545098    i59162355    A:0F X:FF Y:08 S:DB P:nvUbdIzc  $06:80D2: 8D 06 07 STA $0706 = #$1E
f355    c10545102    i59162356    A:0F X:FF Y:08 S:DB P:nvUbdIzc  $06:80D5: 90 35    BCC $810C
f355    c10545106    i59162357    A:0F X:FF Y:08 S:DB P:nvUbdIzc  $06:810C: 18       CLC
f355    c10545108    i59162358    A:0F X:FF Y:08 S:DB P:nvUbdIzc  $06:810D: A9 10    LDA #$10
f355    c10545110    i59162359    A:10 X:FF Y:08 S:DB P:nvUbdIzc  $06:810F: 65 F0    ADC $F0 = #$57
f355    c10545113    i59162360    A:67 X:FF Y:08 S:DB P:nvUbdIzc  $06:8111: 85 F0    STA $F0 = #$57
f355    c10545116    i59162361    A:67 X:FF Y:08 S:DB P:nvUbdIzc  $06:8113: A9 04    LDA #$04
f355    c10545118    i59162362    A:04 X:FF Y:08 S:DB P:nvUbdIzc  $06:8115: 65 F2    ADC $F2 = #$0C
f355    c10545121    i59162363    A:10 X:FF Y:08 S:DB P:nvUbdIzc  $06:8117: 85 F2    STA $F2 = #$0C
f355    c10545124    i59162364    A:10 X:FF Y:08 S:DB P:nvUbdIzc  $06:8119: C6 F3    DEC $F3 = #$05
f355    c10545129    i59162365    A:10 X:FF Y:08 S:DB P:nvUbdIzc  $06:811B: D0 AD    BNE $80CA
f355    c10545133    i59162366    A:10 X:FF Y:08 S:DB P:nvUbdIzc  $06:80CA: AD 06 07 LDA $0706 = #$0F
f355    c10545137    i59162367    A:0F X:FF Y:08 S:DB P:nvUbdIzc  $06:80CD: 4A       LSR
f355    c10545139    i59162368    A:07 X:FF Y:08 S:DB P:nvUbdIzC  $06:80CE: 90 02    BCC $80D2
f355    c10545141    i59162369    A:07 X:FF Y:08 S:DB P:nvUbdIzC  $06:80D0: 09 80    ORA #$80
f355    c10545143    i59162370    A:87 X:FF Y:08 S:DB P:NvUbdIzC  $06:80D2: 8D 06 07 STA $0706 = #$0F
f355    c10545147    i59162371    A:87 X:FF Y:08 S:DB P:NvUbdIzC  $06:80D5: 90 35    BCC $810C
f355    c10545149    i59162372    A:87 X:FF Y:08 S:DB P:NvUbdIzC  $06:80D7: A6 F2    LDX $F2 = #$10
f355    c10545152    i59162373    A:87 X:10 Y:08 S:DB P:nvUbdIzC  $06:80D9: DE 07 07 DEC $0707,X @ $0717 = #$06
f355    c10545159    i59162374    A:87 X:10 Y:08 S:DB P:nvUbdIzC  $06:80DC: D0 03    BNE $80E1
f355    c10545162    i59162375    A:87 X:10 Y:08 S:DB P:nvUbdIzC  $06:80E1: A6 F2    LDX $F2 = #$10
f355    c10545165    i59162376    A:87 X:10 Y:08 S:DB P:nvUbdIzC  $06:80E3: DE 09 07 DEC $0709,X @ $0719 = #$02
f355    c10545172    i59162377    A:87 X:10 Y:08 S:DB P:nvUbdIzC  $06:80E6: D0 21    BNE $8109
f355    c10546756    i59162883    A:01 X:08 Y:06 S:D8 P:nvUbdIZC  $06:8180: D0 07    BNE $8189
f355    c10546758    i59162884    A:01 X:08 Y:06 S:D8 P:nvUbdIZC  $06:8182: 68       PLA
f355    c10546762    i59162885    A:0F X:08 Y:06 S:D9 P:nvUbdIzC  $06:8183: 29 0F    AND #$0F
f355    c10546764    i59162886    A:0F X:08 Y:06 S:D9 P:nvUbdIzC  $06:8185: 09 80    ORA #$80
f355    c10546766    i59162887    A:8F X:08 Y:06 S:D9 P:NvUbdIzC  $06:8187: D0 1B    BNE $81A4
f355    c10546769    i59162888    A:8F X:08 Y:06 S:D9 P:NvUbdIzC  $06:81A4: 9D 00 40 STA $4000,X @ $4008 = #$8F
f355    c10546774    i59162889    A:8F X:08 Y:06 S:D9 P:NvUbdIzC  $06:81A7: A0 08    LDY #$08
f355    c10546776    i59162890    A:8F X:08 Y:08 S:D9 P:nvUbdIzC  $06:81A9: B1 F0    LDA ($F0),Y @ $078F = #$80
f355    c10546781    i59162891    A:80 X:08 Y:08 S:D9 P:NvUbdIzC  $06:81AB: 10 2D    BPL $81DA
f355    c10546783    i59162892    A:80 X:08 Y:08 S:D9 P:NvUbdIzC  $06:81AD: 29 7F    AND #$7F
f355    c10546785    i59162893    A:00 X:08 Y:08 S:D9 P:nvUbdIZC  $06:81AF: 91 F0    STA ($F0),Y @ $078F = #$80
f355    c10546791    i59162894    A:00 X:08 Y:08 S:D9 P:nvUbdIZC  $06:81B1: A0 07    LDY #$07
f355    c10546793    i59162895    A:00 X:08 Y:07 S:D9 P:nvUbdIzC  $06:81B3: B1 F0    LDA ($F0),Y @ $078E = #$86
f355    c10546798    i59162896    A:86 X:08 Y:07 S:D9 P:NvUbdIzC  $06:81B5: 9D 02 40 STA $4002,X @ $400A = #$7F
f355    c10546803    i59162897    A:86 X:08 Y:07 S:D9 P:NvUbdIzC  $06:81B8: C8       INY
f355    c10546805    i59162898    A:86 X:08 Y:08 S:D9 P:nvUbdIzC  $06:81B9: B1 F0    LDA ($F0),Y @ $078F = #$00
f355    c10546810    i59162899    A:00 X:08 Y:08 S:D9 P:nvUbdIZC  $06:81BB: 09 18    ORA #$18
f355    c10546812    i59162900    A:18 X:08 Y:08 S:D9 P:nvUbdIzC  $06:81BD: A4 FB    LDY $FB = #$01
f355    c10546815    i59162901    A:18 X:08 Y:01 S:D9 P:nvUbdIzC  $06:81BF: F0 09    BEQ $81CA
f355    c10546817    i59162902    A:18 X:08 Y:01 S:D9 P:nvUbdIzC  $06:81C1: C0 01    CPY #$01
f355    c10546819    i59162903    A:18 X:08 Y:01 S:D9 P:nvUbdIZC  $06:81C3: F0 05    BEQ $81CA
f355    c10546822    i59162904    A:18 X:08 Y:01 S:D9 P:nvUbdIZC  $06:81CA: 9D 03 40 STA $4003,X @ $400B = #$18
f355    c10546827    i59162905    A:18 X:08 Y:01 S:D9 P:nvUbdIZC  $06:81CD: 99 E0 07 STA $07E0,Y @ $07E1 = #$00
f355    c10546832    i59162906    A:18 X:08 Y:01 S:D9 P:nvUbdIZC  $06:81D0: B9 E4 07 LDA $07E4,Y @ $07E5 = #$00
f355    c10546836    i59162907    A:00 X:08 Y:01 S:D9 P:nvUbdIZC  $06:81D3: D0 05    BNE $81DA
f355    c10546838    i59162908    A:00 X:08 Y:01 S:D9 P:nvUbdIZC  $06:81D5: A9 00    LDA #$00
f355    c10546840    i59162909    A:00 X:08 Y:01 S:D9 P:nvUbdIZC  $06:81D7: 99 E0 07 STA $07E0,Y @ $07E1 = #$18
f355    c10546845    i59162910    A:00 X:08 Y:01 S:D9 P:nvUbdIZC  $06:81DA: 60       RTS (from $816E)
f355    c10546851    i59162911    A:00 X:08 Y:01 S:DB P:nvUbdIZC  $06:814C: 18       CLC
f355    c10546853    i59162912    A:00 X:08 Y:01 S:DB P:nvUbdIZc  $06:814D: A9 10    LDA #$10
f355    c10546855    i59162913    A:10 X:08 Y:01 S:DB P:nvUbdIzc  $06:814F: 65 FC    ADC $FC = #$47
f355    c10546858    i59162914    A:57 X:08 Y:01 S:DB P:nvUbdIzc  $06:8151: 85 FC    STA $FC = #$47
f355    c10546861    i59162915    A:57 X:08 Y:01 S:DB P:nvUbdIzc  $06:8153: 85 F0    STA $F0 = #$87
f355    c10546864    i59162916    A:57 X:08 Y:01 S:DB P:nvUbdIzc  $06:8155: A9 00    LDA #$00
f355    c10546866    i59162917    A:00 X:08 Y:01 S:DB P:nvUbdIZc  $06:8157: 65 FD    ADC $FD = #$07
f355    c10546869    i59162918    A:07 X:08 Y:01 S:DB P:nvUbdIzc  $06:8159: 85 FD    STA $FD = #$07
f355    c10546872    i59162919    A:07 X:08 Y:01 S:DB P:nvUbdIzc  $06:815B: 85 F1    STA $F1 = #$07
f355    c10546875    i59162920    A:07 X:08 Y:01 S:DB P:nvUbdIzc  $06:815D: 06 F3    ASL $F3 = #$44
f355    c10546880    i59162921    A:07 X:08 Y:01 S:DB P:NvUbdIzc  $06:815F: C6 F2    DEC $F2 = #$01
f355    c10546885    i59162922    A:07 X:08 Y:01 S:DB P:nvUbdIZc  $06:8161: 10 CE    BPL $8131
f355    c10546888    i59162923    A:07 X:08 Y:01 S:DB P:nvUbdIZc  $06:8131: AD 06 07 LDA $0706 = #$F0
f356    c10574818    i59171808    A:08 X:FF Y:08 S:DB P:nvUbdIzc  $06:8119: C6 F3    DEC $F3 = #$07
f356    c10574823    i59171809    A:08 X:FF Y:08 S:DB P:nvUbdIzc  $06:811B: D0 AD    BNE $80CA
f356    c10574827    i59171810    A:08 X:FF Y:08 S:DB P:nvUbdIzc  $06:80CA: AD 06 07 LDA $0706 = #$3C
f356    c10574831    i59171811    A:3C X:FF Y:08 S:DB P:nvUbdIzc  $06:80CD: 4A       LSR
f356    c10574833    i59171812    A:1E X:FF Y:08 S:DB P:nvUbdIzc  $06:80CE: 90 02    BCC $80D2
f356    c10574836    i59171813    A:1E X:FF Y:08 S:DB P:nvUbdIzc  $06:80D2: 8D 06 07 STA $0706 = #$3C
f356    c10574840    i59171814    A:1E X:FF Y:08 S:DB P:nvUbdIzc  $06:80D5: 90 35    BCC $810C
f356    c10574844    i59171815    A:1E X:FF Y:08 S:DB P:nvUbdIzc  $06:810C: 18       CLC
f356    c10574846    i59171816    A:1E X:FF Y:08 S:DB P:nvUbdIzc  $06:810D: A9 10    LDA #$10
f356    c10574848    i59171817    A:10 X:FF Y:08 S:DB P:nvUbdIzc  $06:810F: 65 F0    ADC $F0 = #$47
f356    c10574851    i59171818    A:57 X:FF Y:08 S:DB P:nvUbdIzc  $06:8111: 85 F0    STA $F0 = #$47
f356    c10574854    i59171819    A:57 X:FF Y:08 S:DB P:nvUbdIzc  $06:8113: A9 04    LDA #$04
f356    c10574856    i59171820    A:04 X:FF Y:08 S:DB P:nvUbdIzc  $06:8115: 65 F2    ADC $F2 = #$08
f356    c10574859    i59171821    A:0C X:FF Y:08 S:DB P:nvUbdIzc  $06:8117: 85 F2    STA $F2 = #$08
f356    c10574862    i59171822    A:0C X:FF Y:08 S:DB P:nvUbdIzc  $06:8119: C6 F3    DEC $F3 = #$06
f356    c10574867    i59171823    A:0C X:FF Y:08 S:DB P:nvUbdIzc  $06:811B: D0 AD    BNE $80CA
f356    c10574871    i59171824    A:0C X:FF Y:08 S:DB P:nvUbdIzc  $06:80CA: AD 06 07 LDA $0706 = #$1E
f356    c10574875    i59171825    A:1E X:FF Y:08 S:DB P:nvUbdIzc  $06:80CD: 4A       LSR
f356    c10574877    i59171826    A:0F X:FF Y:08 S:DB P:nvUbdIzc  $06:80CE: 90 02    BCC $80D2
f356    c10574880    i59171827    A:0F X:FF Y:08 S:DB P:nvUbdIzc  $06:80D2: 8D 06 07 STA $0706 = #$1E
f356    c10574884    i59171828    A:0F X:FF Y:08 S:DB P:nvUbdIzc  $06:80D5: 90 35    BCC $810C
f356    c10574888    i59171829    A:0F X:FF Y:08 S:DB P:nvUbdIzc  $06:810C: 18       CLC
f356    c10574890    i59171830    A:0F X:FF Y:08 S:DB P:nvUbdIzc  $06:810D: A9 10    LDA #$10
f356    c10574892    i59171831    A:10 X:FF Y:08 S:DB P:nvUbdIzc  $06:810F: 65 F0    ADC $F0 = #$57
f356    c10574895    i59171832    A:67 X:FF Y:08 S:DB P:nvUbdIzc  $06:8111: 85 F0    STA $F0 = #$57
f356    c10574898    i59171833    A:67 X:FF Y:08 S:DB P:nvUbdIzc  $06:8113: A9 04    LDA #$04
f356    c10574900    i59171834    A:04 X:FF Y:08 S:DB P:nvUbdIzc  $06:8115: 65 F2    ADC $F2 = #$0C
f356    c10574903    i59171835    A:10 X:FF Y:08 S:DB P:nvUbdIzc  $06:8117: 85 F2    STA $F2 = #$0C
f356    c10574906    i59171836    A:10 X:FF Y:08 S:DB P:nvUbdIzc  $06:8119: C6 F3    DEC $F3 = #$05
f356    c10574911    i59171837    A:10 X:FF Y:08 S:DB P:nvUbdIzc  $06:811B: D0 AD    BNE $80CA
f356    c10574915    i59171838    A:10 X:FF Y:08 S:DB P:nvUbdIzc  $06:80CA: AD 06 07 LDA $0706 = #$0F
f356    c10574919    i59171839    A:0F X:FF Y:08 S:DB P:nvUbdIzc  $06:80CD: 4A       LSR
f356    c10574921    i59171840    A:07 X:FF Y:08 S:DB P:nvUbdIzC  $06:80CE: 90 02    BCC $80D2
f356    c10574923    i59171841    A:07 X:FF Y:08 S:DB P:nvUbdIzC  $06:80D0: 09 80    ORA #$80
f356    c10574925    i59171842    A:87 X:FF Y:08 S:DB P:NvUbdIzC  $06:80D2: 8D 06 07 STA $0706 = #$0F
f356    c10574929    i59171843    A:87 X:FF Y:08 S:DB P:NvUbdIzC  $06:80D5: 90 35    BCC $810C
f356    c10574931    i59171844    A:87 X:FF Y:08 S:DB P:NvUbdIzC  $06:80D7: A6 F2    LDX $F2 = #$10
f356    c10574934    i59171845    A:87 X:10 Y:08 S:DB P:nvUbdIzC  $06:80D9: DE 07 07 DEC $0707,X @ $0717 = #$05
f356    c10574941    i59171846    A:87 X:10 Y:08 S:DB P:nvUbdIzC  $06:80DC: D0 03    BNE $80E1
f356    c10574944    i59171847    A:87 X:10 Y:08 S:DB P:nvUbdIzC  $06:80E1: A6 F2    LDX $F2 = #$10
f356    c10574947    i59171848    A:87 X:10 Y:08 S:DB P:nvUbdIzC  $06:80E3: DE 09 07 DEC $0709,X @ $0719 = #$01
f356    c10574954    i59171849    A:87 X:10 Y:08 S:DB P:nvUbdIZC  $06:80E6: D0 21    BNE $8109
f357    c10603032    i59180774    A:01 X:1C Y:01 S:DB P:nvUbdIzC  $01:A036: BD EB 05 LDA $05EB,X @ $0607 = #$01
f357    c10603037    i59180775    A:01 X:1C Y:01 S:DB P:nvUbdIzC  $01:A039: 8D 07 20 STA $2007 = #$00
f357    c10603041    i59180776    A:01 X:1C Y:01 S:DB P:nvUbdIzC  $01:A03C: E8       INX
f357    c10603043    i59180777    A:01 X:1D Y:01 S:DB P:nvUbdIzC  $01:A03D: 88       DEY
f357    c10603045    i59180778    A:01 X:1D Y:00 S:DB P:nvUbdIZC  $01:A03E: D0 F6    BNE $A036
f357    c10603047    i59180779    A:01 X:1D Y:00 S:DB P:nvUbdIZC  $01:A040: E8       INX
f357    c10603049    i59180780    A:01 X:1E Y:00 S:DB P:nvUbdIzC  $01:A041: E8       INX
f357    c10603051    i59180781    A:01 X:1F Y:00 S:DB P:nvUbdIzC  $01:A042: E8       INX
f357    c10603053    i59180782    A:01 X:20 Y:00 S:DB P:nvUbdIzC  $01:A043: BD E8 05 LDA $05E8,X @ $0608 = #$04
f357    c10603058    i59180783    A:04 X:20 Y:00 S:DB P:nvUbdIzC  $01:A046: D0 D3    BNE $A01B
f357    c10603061    i59180784    A:04 X:20 Y:00 S:DB P:nvUbdIzC  $01:A01B: A0 80    LDY #$80
f357    c10603063    i59180785    A:04 X:20 Y:80 S:DB P:NvUbdIzC  $01:A01D: BD E8 05 LDA $05E8,X @ $0608 = #$04
f357    c10603068    i59180786    A:04 X:20 Y:80 S:DB P:nvUbdIzC  $01:A020: 10 04    BPL $A026
f357    c10603071    i59180787    A:04 X:20 Y:80 S:DB P:nvUbdIzC  $01:A026: 8C 00 20 STY $2000 = #$80
f357    c10603075    i59180788    A:04 X:20 Y:80 S:DB P:nvUbdIzC  $01:A029: A8       TAY
f357    c10603077    i59180789    A:04 X:20 Y:04 S:DB P:nvUbdIzC  $01:A02A: BD EA 05 LDA $05EA,X @ $060A = #$24
f357    c10603082    i59180790    A:24 X:20 Y:04 S:DB P:nvUbdIzC  $01:A02D: 8D 06 20 STA $2006 = #$84
f357    c10603086    i59180791    A:24 X:20 Y:04 S:DB P:nvUbdIzC  $01:A030: BD E9 05 LDA $05E9,X @ $0609 = #$A0
f357    c10603091    i59180792    A:A0 X:20 Y:04 S:DB P:NvUbdIzC  $01:A033: 8D 06 20 STA $2006 = #$84
f357    c10603095    i59180793    A:A0 X:20 Y:04 S:DB P:NvUbdIzC  $01:A036: BD EB 05 LDA $05EB,X @ $060B = #$01
f357    c10603100    i59180794    A:01 X:20 Y:04 S:DB P:nvUbdIzC  $01:A039: 8D 07 20 STA $2007 = #$00
f357    c10603104    i59180795    A:01 X:20 Y:04 S:DB P:nvUbdIzC  $01:A03C: E8       INX
f357    c10603106    i59180796    A:01 X:21 Y:04 S:DB P:nvUbdIzC  $01:A03D: 88       DEY
f357    c10603108    i59180797    A:01 X:21 Y:03 S:DB P:nvUbdIzC  $01:A03E: D0 F6    BNE $A036
f357    c10603111    i59180798    A:01 X:21 Y:03 S:DB P:nvUbdIzC  $01:A036: BD EB 05 LDA $05EB,X @ $060C = #$01
f357    c10603116    i59180799    A:01 X:21 Y:03 S:DB P:nvUbdIzC  $01:A039: 8D 07 20 STA $2007 = #$00
f357    c10603120    i59180800    A:01 X:21 Y:03 S:DB P:nvUbdIzC  $01:A03C: E8       INX
f357    c10603122    i59180801    A:01 X:22 Y:03 S:DB P:nvUbdIzC  $01:A03D: 88       DEY
f357    c10603124    i59180802    A:01 X:22 Y:02 S:DB P:nvUbdIzC  $01:A03E: D0 F6    BNE $A036
f357    c10603127    i59180803    A:01 X:22 Y:02 S:DB P:nvUbdIzC  $01:A036: BD EB 05 LDA $05EB,X @ $060D = #$01
f357    c10603132    i59180804    A:01 X:22 Y:02 S:DB P:nvUbdIzC  $01:A039: 8D 07 20 STA $2007 = #$00
f357    c10603136    i59180805    A:01 X:22 Y:02 S:DB P:nvUbdIzC  $01:A03C: E8       INX
f357    c10603138    i59180806    A:01 X:23 Y:02 S:DB P:nvUbdIzC  $01:A03D: 88       DEY
f357    c10603140    i59180807    A:01 X:23 Y:01 S:DB P:nvUbdIzC  $01:A03E: D0 F6    BNE $A036
f357    c10603143    i59180808    A:01 X:23 Y:01 S:DB P:nvUbdIzC  $01:A036: BD EB 05 LDA $05EB,X @ $060E = #$01
f357    c10603148    i59180809    A:01 X:23 Y:01 S:DB P:nvUbdIzC  $01:A039: 8D 07 20 STA $2007 = #$00
f357    c10603152    i59180810    A:01 X:23 Y:01 S:DB P:nvUbdIzC  $01:A03C: E8       INX
f357    c10603154    i59180811    A:01 X:24 Y:01 S:DB P:nvUbdIzC  $01:A03D: 88       DEY
f357    c10603156    i59180812    A:01 X:24 Y:00 S:DB P:nvUbdIZC  $01:A03E: D0 F6    BNE $A036
f357    c10603158    i59180813    A:01 X:24 Y:00 S:DB P:nvUbdIZC  $01:A040: E8       INX
f357    c10603160    i59180814    A:01 X:25 Y:00 S:DB P:nvUbdIzC  $01:A041: E8       INX
f357    c10603162    i59180815    A:01 X:26 Y:00 S:DB P:nvUbdIzC  $01:A042: E8       INX
f357    c10603972    i59181069    A:00 X:01 Y:07 S:DB P:nvUbdIzc  $01:A0ED: BD 15 40 LDA $4015,X @ $4016 = #$00
f357    c10603976    i59181070    A:40 X:01 Y:07 S:DB P:nvUbdIzc  $01:A0F0: 4A       LSR
f357    c10603978    i59181071    A:20 X:01 Y:07 S:DB P:nvUbdIzc  $01:A0F1: 26 3F    ROL $3F = #$00
f357    c10603983    i59181072    A:20 X:01 Y:07 S:DB P:nvUbdIZc  $01:A0F3: 29 01    AND #$01
f357    c10603985    i59181073    A:00 X:01 Y:07 S:DB P:nvUbdIZc  $01:A0F5: 05 3F    ORA $3F = #$00
f357    c10603988    i59181074    A:00 X:01 Y:07 S:DB P:nvUbdIZc  $01:A0F7: 85 3F    STA $3F = #$00
f357    c10603991    i59181075    A:00 X:01 Y:07 S:DB P:nvUbdIZc  $01:A0F9: 88       DEY
f357    c10603993    i59181076    A:00 X:01 Y:06 S:DB P:nvUbdIzc  $01:A0FA: D0 F1    BNE $A0ED
f357    c10603996    i59181077    A:00 X:01 Y:06 S:DB P:nvUbdIzc  $01:A0ED: BD 15 40 LDA $4015,X @ $4016 = #$00
f357    c10604000    i59181078    A:40 X:01 Y:06 S:DB P:nvUbdIzc  $01:A0F0: 4A       LSR
f357    c10604002    i59181079    A:20 X:01 Y:06 S:DB P:nvUbdIzc  $01:A0F1: 26 3F    ROL $3F = #$00
f357    c10604007    i59181080    A:20 X:01 Y:06 S:DB P:nvUbdIZc  $01:A0F3: 29 01    AND #$01
f357    c10604009    i59181081    A:00 X:01 Y:06 S:DB P:nvUbdIZc  $01:A0F5: 05 3F    ORA $3F = #$00
f357    c10604012    i59181082    A:00 X:01 Y:06 S:DB P:nvUbdIZc  $01:A0F7: 85 3F    STA $3F = #$00
f357    c10604015    i59181083    A:00 X:01 Y:06 S:DB P:nvUbdIZc  $01:A0F9: 88       DEY
f357    c10604017    i59181084    A:00 X:01 Y:05 S:DB P:nvUbdIzc  $01:A0FA: D0 F1    BNE $A0ED
f357    c10604020    i59181085    A:00 X:01 Y:05 S:DB P:nvUbdIzc  $01:A0ED: BD 15 40 LDA $4015,X @ $4016 = #$00
f357    c10604024    i59181086    A:40 X:01 Y:05 S:DB P:nvUbdIzc  $01:A0F0: 4A       LSR
f357    c10604026    i59181087    A:20 X:01 Y:05 S:DB P:nvUbdIzc  $01:A0F1: 26 3F    ROL $3F = #$00
f357    c10604031    i59181088    A:20 X:01 Y:05 S:DB P:nvUbdIZc  $01:A0F3: 29 01    AND #$01
f357    c10604033    i59181089    A:00 X:01 Y:05 S:DB P:nvUbdIZc  $01:A0F5: 05 3F    ORA $3F = #$00
f357    c10604036    i59181090    A:00 X:01 Y:05 S:DB P:nvUbdIZc  $01:A0F7: 85 3F    STA $3F = #$00
f357    c10604039    i59181091    A:00 X:01 Y:05 S:DB P:nvUbdIZc  $01:A0F9: 88       DEY
f357    c10604041    i59181092    A:00 X:01 Y:04 S:DB P:nvUbdIzc  $01:A0FA: D0 F1    BNE $A0ED
f357    c10604044    i59181093    A:00 X:01 Y:04 S:DB P:nvUbdIzc  $01:A0ED: BD 15 40 LDA $4015,X @ $4016 = #$00
f357    c10604048    i59181094    A:40 X:01 Y:04 S:DB P:nvUbdIzc  $01:A0F0: 4A       LSR
f357    c10604050    i59181095    A:20 X:01 Y:04 S:DB P:nvUbdIzc  $01:A0F1: 26 3F    ROL $3F = #$00
f357    c10604055    i59181096    A:20 X:01 Y:04 S:DB P:nvUbdIZc  $01:A0F3: 29 01    AND #$01
f357    c10604057    i59181097    A:00 X:01 Y:04 S:DB P:nvUbdIZc  $01:A0F5: 05 3F    ORA $3F = #$00
f357    c10604060    i59181098    A:00 X:01 Y:04 S:DB P:nvUbdIZc  $01:A0F7: 85 3F    STA $3F = #$00
f357    c10604063    i59181099    A:00 X:01 Y:04 S:DB P:nvUbdIZc  $01:A0F9: 88       DEY
f357    c10604065    i59181100    A:00 X:01 Y:03 S:DB P:nvUbdIzc  $01:A0FA: D0 F1    BNE $A0ED
f357    c10604068    i59181101    A:00 X:01 Y:03 S:DB P:nvUbdIzc  $01:A0ED: BD 15 40 LDA $4015,X @ $4016 = #$00
f357    c10604072    i59181102    A:40 X:01 Y:03 S:DB P:nvUbdIzc  $01:A0F0: 4A       LSR
f357    c10604074    i59181103    A:20 X:01 Y:03 S:DB P:nvUbdIzc  $01:A0F1: 26 3F    ROL $3F = #$00
f357    c10604079    i59181104    A:20 X:01 Y:03 S:DB P:nvUbdIZc  $01:A0F3: 29 01    AND #$01
f357    c10604081    i59181105    A:00 X:01 Y:03 S:DB P:nvUbdIZc  $01:A0F5: 05 3F    ORA $3F = #$00
f357    c10604084    i59181106    A:00 X:01 Y:03 S:DB P:nvUbdIZc  $01:A0F7: 85 3F    STA $3F = #$00
f357    c10604087    i59181107    A:00 X:01 Y:03 S:DB P:nvUbdIZc  $01:A0F9: 88       DEY
f357    c10604089    i59181108    A:00 X:01 Y:02 S:DB P:nvUbdIzc  $01:A0FA: D0 F1    BNE $A0ED
f357    c10604092    i59181109    A:00 X:01 Y:02 S:DB P:nvUbdIzc  $01:A0ED: BD 15 40 LDA $4015,X @ $4016 = #$00
f357    c10604096    i59181110    A:40 X:01 Y:02 S:DB P:nvUbdIzc  $01:A0F0: 4A       LSR
f358    c10632813    i59190249    A:CA X:1C Y:01 S:DB P:NvUbdIzC  $01:A036: BD EB 05 LDA $05EB,X @ $0607 = #$AA
f358    c10632818    i59190250    A:AA X:1C Y:01 S:DB P:NvUbdIzC  $01:A039: 8D 07 20 STA $2007 = #$00
f358    c10632822    i59190251    A:AA X:1C Y:01 S:DB P:NvUbdIzC  $01:A03C: E8       INX
f358    c10632824    i59190252    A:AA X:1D Y:01 S:DB P:nvUbdIzC  $01:A03D: 88       DEY
f358    c10632826    i59190253    A:AA X:1D Y:00 S:DB P:nvUbdIZC  $01:A03E: D0 F6    BNE $A036
f358    c10632828    i59190254    A:AA X:1D Y:00 S:DB P:nvUbdIZC  $01:A040: E8       INX
f358    c10632830    i59190255    A:AA X:1E Y:00 S:DB P:nvUbdIzC  $01:A041: E8       INX
f358    c10632832    i59190256    A:AA X:1F Y:00 S:DB P:nvUbdIzC  $01:A042: E8       INX
f358    c10632834    i59190257    A:AA X:20 Y:00 S:DB P:nvUbdIzC  $01:A043: BD E8 05 LDA $05E8,X @ $0608 = #$04
f358    c10632839    i59190258    A:04 X:20 Y:00 S:DB P:nvUbdIzC  $01:A046: D0 D3    BNE $A01B
f358    c10632842    i59190259    A:04 X:20 Y:00 S:DB P:nvUbdIzC  $01:A01B: A0 80    LDY #$80
f358    c10632844    i59190260    A:04 X:20 Y:80 S:DB P:NvUbdIzC  $01:A01D: BD E8 05 LDA $05E8,X @ $0608 = #$04
f358    c10632849    i59190261    A:04 X:20 Y:80 S:DB P:nvUbdIzC  $01:A020: 10 04    BPL $A026
f358    c10632852    i59190262    A:04 X:20 Y:80 S:DB P:nvUbdIzC  $01:A026: 8C 00 20 STY $2000 = #$80
f358    c10632856    i59190263    A:04 X:20 Y:80 S:DB P:nvUbdIzC  $01:A029: A8       TAY
f358    c10632858    i59190264    A:04 X:20 Y:04 S:DB P:nvUbdIzC  $01:A02A: BD EA 05 LDA $05EA,X @ $060A = #$24
f358    c10632863    i59190265    A:24 X:20 Y:04 S:DB P:nvUbdIzC  $01:A02D: 8D 06 20 STA $2006 = #$CB
f358    c10632867    i59190266    A:24 X:20 Y:04 S:DB P:nvUbdIzC  $01:A030: BD E9 05 LDA $05E9,X @ $0609 = #$88
f358    c10632872    i59190267    A:88 X:20 Y:04 S:DB P:NvUbdIzC  $01:A033: 8D 06 20 STA $2006 = #$CB
f358    c10632876    i59190268    A:88 X:20 Y:04 S:DB P:NvUbdIzC  $01:A036: BD EB 05 LDA $05EB,X @ $060B = #$01
f358    c10632881    i59190269    A:01 X:20 Y:04 S:DB P:nvUbdIzC  $01:A039: 8D 07 20 STA $2007 = #$00
f358    c10632885    i59190270    A:01 X:20 Y:04 S:DB P:nvUbdIzC  $01:A03C: E8       INX
f358    c10632887    i59190271    A:01 X:21 Y:04 S:DB P:nvUbdIzC  $01:A03D: 88       DEY
f358    c10632889    i59190272    A:01 X:21 Y:03 S:DB P:nvUbdIzC  $01:A03E: D0 F6    BNE $A036
f358    c10632892    i59190273    A:01 X:21 Y:03 S:DB P:nvUbdIzC  $01:A036: BD EB 05 LDA $05EB,X @ $060C = #$01
f358    c10632897    i59190274    A:01 X:21 Y:03 S:DB P:nvUbdIzC  $01:A039: 8D 07 20 STA $2007 = #$00
f358    c10632901    i59190275    A:01 X:21 Y:03 S:DB P:nvUbdIzC  $01:A03C: E8       INX
f358    c10632903    i59190276    A:01 X:22 Y:03 S:DB P:nvUbdIzC  $01:A03D: 88       DEY
f358    c10632905    i59190277    A:01 X:22 Y:02 S:DB P:nvUbdIzC  $01:A03E: D0 F6    BNE $A036
f358    c10632908    i59190278    A:01 X:22 Y:02 S:DB P:nvUbdIzC  $01:A036: BD EB 05 LDA $05EB,X @ $060D = #$01
f358    c10632913    i59190279    A:01 X:22 Y:02 S:DB P:nvUbdIzC  $01:A039: 8D 07 20 STA $2007 = #$00
f358    c10632917    i59190280    A:01 X:22 Y:02 S:DB P:nvUbdIzC  $01:A03C: E8       INX
f358    c10632919    i59190281    A:01 X:23 Y:02 S:DB P:nvUbdIzC  $01:A03D: 88       DEY
f358    c10632921    i59190282    A:01 X:23 Y:01 S:DB P:nvUbdIzC  $01:A03E: D0 F6    BNE $A036
f358    c10632924    i59190283    A:01 X:23 Y:01 S:DB P:nvUbdIzC  $01:A036: BD EB 05 LDA $05EB,X @ $060E = #$01
f358    c10632929    i59190284    A:01 X:23 Y:01 S:DB P:nvUbdIzC  $01:A039: 8D 07 20 STA $2007 = #$00
f358    c10632933    i59190285    A:01 X:23 Y:01 S:DB P:nvUbdIzC  $01:A03C: E8       INX
f358    c10632935    i59190286    A:01 X:24 Y:01 S:DB P:nvUbdIzC  $01:A03D: 88       DEY
f358    c10632937    i59190287    A:01 X:24 Y:00 S:DB P:nvUbdIZC  $01:A03E: D0 F6    BNE $A036
f358    c10632939    i59190288    A:01 X:24 Y:00 S:DB P:nvUbdIZC  $01:A040: E8       INX
f358    c10632941    i59190289    A:01 X:25 Y:00 S:DB P:nvUbdIzC  $01:A041: E8       INX
f358    c10632943    i59190290    A:01 X:26 Y:00 S:DB P:nvUbdIzC  $01:A042: E8       INX
f358    c10644012    i59193723    A:F8 X:F8 Y:FC S:EC P:NvUbdizc  $01:A8FB: D0 D8    BNE $A8D5
f358    c10644015    i59193724    A:F8 X:F8 Y:FC S:EC P:NvUbdizc  $01:A8D5: BE 68 04 LDX $0468,Y @ $0564 = #$F8
f358    c10644020    i59193725    A:F8 X:F8 Y:FC S:EC P:NvUbdizc  $01:A8D8: B9 6A 04 LDA $046A,Y @ $0566 = #$F8
f358    c10644025    i59193726    A:F8 X:F8 Y:FC S:EC P:NvUbdizc  $01:A8DB: 29 0C    AND #$0C
f358    c10644027    i59193727    A:08 X:F8 Y:FC S:EC P:nvUbdizc  $01:A8DD: F0 02    BEQ $A8E1
f358    c10644029    i59193728    A:08 X:F8 Y:FC S:EC P:nvUbdizc  $01:A8DF: A2 F8    LDX #$F8
f358    c10644031    i59193729    A:08 X:F8 Y:FC S:EC P:NvUbdizc  $01:A8E1: 8A       TXA
f358    c10644033    i59193730    A:F8 X:F8 Y:FC S:EC P:NvUbdizc  $01:A8E2: 99 00 02 STA $0200,Y @ $02FC = #$F8
f358    c10644038    i59193731    A:F8 X:F8 Y:FC S:EC P:NvUbdizc  $01:A8E5: B9 69 04 LDA $0469,Y @ $0565 = #$F8
f358    c10644043    i59193732    A:F8 X:F8 Y:FC S:EC P:NvUbdizc  $01:A8E8: 99 01 02 STA $0201,Y @ $02FD = #$F8
f358    c10644048    i59193733    A:F8 X:F8 Y:FC S:EC P:NvUbdizc  $01:A8EB: B9 6A 04 LDA $046A,Y @ $0566 = #$F8
f358    c10644053    i59193734    A:F8 X:F8 Y:FC S:EC P:NvUbdizc  $01:A8EE: 99 02 02 STA $0202,Y @ $02FE = #$F8
f358    c10644058    i59193735    A:F8 X:F8 Y:FC S:EC P:NvUbdizc  $01:A8F1: B9 6B 04 LDA $046B,Y @ $0567 = #$F8
f358    c10644063    i59193736    A:F8 X:F8 Y:FC S:EC P:NvUbdizc  $01:A8F4: 99 03 02 STA $0203,Y @ $02FF = #$F8
f358    c10644068    i59193737    A:F8 X:F8 Y:FC S:EC P:NvUbdizc  $01:A8F7: C8       INY
f358    c10644070    i59193738    A:F8 X:F8 Y:FD S:EC P:NvUbdizc  $01:A8F8: C8       INY
f358    c10644072    i59193739    A:F8 X:F8 Y:FE S:EC P:NvUbdizc  $01:A8F9: C8       INY
f358    c10644074    i59193740    A:F8 X:F8 Y:FF S:EC P:NvUbdizc  $01:A8FA: C8       INY
f358    c10644076    i59193741    A:F8 X:F8 Y:00 S:EC P:nvUbdiZc  $01:A8FB: D0 D8    BNE $A8D5
f358    c10644078    i59193742    A:F8 X:F8 Y:00 S:EC P:nvUbdiZc  $01:A8FD: 60       RTS (from $A215)
f358    c10644084    i59193743    A:F8 X:F8 Y:00 S:EE P:nvUbdiZc  $00:8392: A2 06    LDX #$06
f358    c10644086    i59193744    A:F8 X:06 Y:00 S:EE P:nvUbdizc  $00:8394: 20 B9 C4 JSR $C4B9
f358    c10644092    i59193745    A:F8 X:06 Y:00 S:EC P:nvUbdizc  $0F:C4B9: 86 25    STX $25 = #$02
f358    c10644095    i59193746    A:F8 X:06 Y:00 S:EC P:nvUbdizc  $0F:C4BB: A9 07    LDA #$07
f358    c10644097    i59193747    A:07 X:06 Y:00 S:EC P:nvUbdizc  $0F:C4BD: 05 22    ORA $22 = #$00
f358    c10644100    i59193748    A:07 X:06 Y:00 S:EC P:nvUbdizc  $0F:C4BF: 85 23    STA $23 = #$06
f358    c10644103    i59193749    A:07 X:06 Y:00 S:EC P:nvUbdizc  $0F:C4C1: 8D 00 80 STA $8000 = #$A5
f358    c10644107    i59193750    A:07 X:06 Y:00 S:EC P:nvUbdizc  $0F:C4C4: 8E 01 80 STX $8001 = #$27
f358    c10644111    i59193751    A:07 X:06 Y:00 S:EC P:nvUbdizc  $0F:C4C7: 60       RTS (from $C4B9)
f358    c10644117    i59193752    A:07 X:06 Y:00 S:EE P:nvUbdizc  $00:8397: 60       RTS (from $838A)
f358    c10644123    i59193753    A:07 X:06 Y:00 S:F0 P:nvUbdizc  $00:82F0: A5 4C    LDA $4C = #$00
f358    c10644126    i59193754    A:00 X:06 Y:00 S:F0 P:nvUbdiZc  $00:82F2: 10 F9    BPL $82ED
f358    c10644129    i59193755    A:00 X:06 Y:00 S:F0 P:nvUbdiZc  $00:82ED: 20 8A 83 JSR $838A
f358    c10644135    i59193756    A:00 X:06 Y:00 S:EE P:nvUbdiZc  $00:838A: A2 02    LDX #$02
f358    c10644137    i59193757    A:00 X:02 Y:00 S:EE P:nvUbdizc  $00:838C: 20 B9 C4 JSR $C4B9
f358    c10644143    i59193758    A:00 X:02 Y:00 S:EC P:nvUbdizc  $0F:C4B9: 86 25    STX $25 = #$06
f358    c10644146    i59193759    A:00 X:02 Y:00 S:EC P:nvUbdizc  $0F:C4BB: A9 07    LDA #$07
f358    c10644148    i59193760    A:07 X:02 Y:00 S:EC P:nvUbdizc  $0F:C4BD: 05 22    ORA $22 = #$00
f358    c10644151    i59193761    A:07 X:02 Y:00 S:EC P:nvUbdizc  $0F:C4BF: 85 23    STA $23 = #$07
f358    c10644154    i59193762    A:07 X:02 Y:00 S:EC P:nvUbdizc  $0F:C4C1: 8D 00 80 STA $8000 = #$A5
f358    c10644158    i59193763    A:07 X:02 Y:00 S:EC P:nvUbdizc  $0F:C4C4: 8E 01 80 STX $8001 = #$27
f359    c10664158    i59200224    A:08 X:FF Y:08 S:DB P:nvUbdIzc  $06:8119: C6 F3    DEC $F3 = #$07
f359    c10664163    i59200225    A:08 X:FF Y:08 S:DB P:nvUbdIzc  $06:811B: D0 AD    BNE $80CA
f359    c10664167    i59200226    A:08 X:FF Y:08 S:DB P:nvUbdIzc  $06:80CA: AD 06 07 LDA $0706 = #$3C
f359    c10664171    i59200227    A:3C X:FF Y:08 S:DB P:nvUbdIzc  $06:80CD: 4A       LSR
f359    c10664173    i59200228    A:1E X:FF Y:08 S:DB P:nvUbdIzc  $06:80CE: 90 02    BCC $80D2
f359    c10664176    i59200229    A:1E X:FF Y:08 S:DB P:nvUbdIzc  $06:80D2: 8D 06 07 STA $0706 = #$3C
f359    c10664180    i59200230    A:1E X:FF Y:08 S:DB P:nvUbdIzc  $06:80D5: 90 35    BCC $810C
f359    c10664184    i59200231    A:1E X:FF Y:08 S:DB P:nvUbdIzc  $06:810C: 18       CLC
f359    c10664186    i59200232    A:1E X:FF Y:08 S:DB P:nvUbdIzc  $06:810D: A9 10    LDA #$10
f359    c10664188    i59200233    A:10 X:FF Y:08 S:DB P:nvUbdIzc  $06:810F: 65 F0    ADC $F0 = #$47
f359    c10664191    i59200234    A:57 X:FF Y:08 S:DB P:nvUbdIzc  $06:8111: 85 F0    STA $F0 = #$47
f359    c10664194    i59200235    A:57 X:FF Y:08 S:DB P:nvUbdIzc  $06:8113: A9 04    LDA #$04
f359    c10664196    i59200236    A:04 X:FF Y:08 S:DB P:nvUbdIzc  $06:8115: 65 F2    ADC $F2 = #$08
f359    c10664199    i59200237    A:0C X:FF Y:08 S:DB P:nvUbdIzc  $06:8117: 85 F2    STA $F2 = #$08
f359    c10664202    i59200238    A:0C X:FF Y:08 S:DB P:nvUbdIzc  $06:8119: C6 F3    DEC $F3 = #$06
f359    c10664207    i59200239    A:0C X:FF Y:08 S:DB P:nvUbdIzc  $06:811B: D0 AD    BNE $80CA
f359    c10664211    i59200240    A:0C X:FF Y:08 S:DB P:nvUbdIzc  $06:80CA: AD 06 07 LDA $0706 = #$1E
f359    c10664215    i59200241    A:1E X:FF Y:08 S:DB P:nvUbdIzc  $06:80CD: 4A       LSR
f359    c10664217    i59200242    A:0F X:FF Y:08 S:DB P:nvUbdIzc  $06:80CE: 90 02    BCC $80D2
f359    c10664220    i59200243    A:0F X:FF Y:08 S:DB P:nvUbdIzc  $06:80D2: 8D 06 07 STA $0706 = #$1E
f359    c10664224    i59200244    A:0F X:FF Y:08 S:DB P:nvUbdIzc  $06:80D5: 90 35    BCC $810C
f359    c10664228    i59200245    A:0F X:FF Y:08 S:DB P:nvUbdIzc  $06:810C: 18       CLC
f359    c10664230    i59200246    A:0F X:FF Y:08 S:DB P:nvUbdIzc  $06:810D: A9 10    LDA #$10
f359    c10664232    i59200247    A:10 X:FF Y:08 S:DB P:nvUbdIzc  $06:810F: 65 F0    ADC $F0 = #$57
f359    c10664235    i59200248    A:67 X:FF Y:08 S:DB P:nvUbdIzc  $06:8111: 85 F0    STA $F0 = #$57
f359    c10664238    i59200249    A:67 X:FF Y:08 S:DB P:nvUbdIzc  $06:8113: A9 04    LDA #$04
f359    c10664240    i59200250    A:04 X:FF Y:08 S:DB P:nvUbdIzc  $06:8115: 65 F2    ADC $F2 = #$0C
f359    c10664243    i59200251    A:10 X:FF Y:08 S:DB P:nvUbdIzc  $06:8117: 85 F2    STA $F2 = #$0C
f359    c10664246    i59200252    A:10 X:FF Y:08 S:DB P:nvUbdIzc  $06:8119: C6 F3    DEC $F3 = #$05
f359    c10664251    i59200253    A:10 X:FF Y:08 S:DB P:nvUbdIzc  $06:811B: D0 AD    BNE $80CA
f359    c10664255    i59200254    A:10 X:FF Y:08 S:DB P:nvUbdIzc  $06:80CA: AD 06 07 LDA $0706 = #$0F
f359    c10664259    i59200255    A:0F X:FF Y:08 S:DB P:nvUbdIzc  $06:80CD: 4A       LSR
f359    c10664261    i59200256    A:07 X:FF Y:08 S:DB P:nvUbdIzC  $06:80CE: 90 02    BCC $80D2
f359    c10664263    i59200257    A:07 X:FF Y:08 S:DB P:nvUbdIzC  $06:80D0: 09 80    ORA #$80
f359    c10664265    i59200258    A:87 X:FF Y:08 S:DB P:NvUbdIzC  $06:80D2: 8D 06 07 STA $0706 = #$0F
f359    c10664269    i59200259    A:87 X:FF Y:08 S:DB P:NvUbdIzC  $06:80D5: 90 35    BCC $810C
f359    c10664271    i59200260    A:87 X:FF Y:08 S:DB P:NvUbdIzC  $06:80D7: A6 F2    LDX $F2 = #$10
f359    c10664274    i59200261    A:87 X:10 Y:08 S:DB P:nvUbdIzC  $06:80D9: DE 07 07 DEC $0707,X @ $0717 = #$02
f359    c10664281    i59200262    A:87 X:10 Y:08 S:DB P:nvUbdIzC  $06:80DC: D0 03    BNE $80E1
f359    c10664284    i59200263    A:87 X:10 Y:08 S:DB P:nvUbdIzC  $06:80E1: A6 F2    LDX $F2 = #$10
f359    c10664287    i59200264    A:87 X:10 Y:08 S:DB P:nvUbdIzC  $06:80E3: DE 09 07 DEC $0709,X @ $0719 = #$FF
f359    c10664294    i59200265    A:87 X:10 Y:08 S:DB P:NvUbdIzC  $06:80E6: D0 21    BNE $8109
f360    c10694752    i59209954    A:84 X:14 Y:06 S:D9 P:nvUbdIzC  $06:8243: 91 F0    STA ($F0),Y @ $077D = #$84
f360    c10694758    i59209955    A:84 X:14 Y:06 S:D9 P:nvUbdIzC  $06:8245: A6 F3    LDX $F3 = #$03
f360    c10694761    i59209956    A:84 X:03 Y:06 S:D9 P:nvUbdIzC  $06:8247: CA       DEX
f360    c10694763    i59209957    A:84 X:02 Y:06 S:D9 P:nvUbdIzC  $06:8248: BD AF 07 LDA $07AF,X @ $07B1 = #$01
f360    c10694767    i59209958    A:01 X:02 Y:06 S:D9 P:nvUbdIzC  $06:824B: C9 01    CMP #$01
f360    c10694769    i59209959    A:01 X:02 Y:06 S:D9 P:nvUbdIZC  $06:824D: F0 08    BEQ $8257
f360    c10694772    i59209960    A:01 X:02 Y:06 S:D9 P:nvUbdIZC  $06:8257: BD C7 07 LDA $07C7,X @ $07C9 = #$07
f360    c10694776    i59209961    A:07 X:02 Y:06 S:D9 P:nvUbdIzC  $06:825A: 0A       ASL
f360    c10694778    i59209962    A:0E X:02 Y:06 S:D9 P:nvUbdIzc  $06:825B: A8       TAY
f360    c10694780    i59209963    A:0E X:02 Y:0E S:D9 P:nvUbdIzc  $06:825C: B9 69 82 LDA $8269,Y @ $8277 = #$7D
f360    c10694784    i59209964    A:7D X:02 Y:0E S:D9 P:nvUbdIzc  $06:825F: 85 F9    STA $F9 = #$97
f360    c10694787    i59209965    A:7D X:02 Y:0E S:D9 P:nvUbdIzc  $06:8261: B9 6A 82 LDA $826A,Y @ $8278 = #$82
f360    c10694791    i59209966    A:82 X:02 Y:0E S:D9 P:NvUbdIzc  $06:8264: 85 FA    STA $FA = #$82
f360    c10694794    i59209967    A:82 X:02 Y:0E S:D9 P:NvUbdIzc  $06:8266: 6C F9 00 JMP ($00F9) = $827D
f360    c10694799    i59209968    A:82 X:02 Y:0E S:D9 P:NvUbdIzc  $06:827D: A9 01    LDA #$01
f360    c10694801    i59209969    A:01 X:02 Y:0E S:D9 P:nvUbdIzc  $06:827F: 18       CLC
f360    c10694803    i59209970    A:01 X:02 Y:0E S:D9 P:nvUbdIzc  $06:8280: 7D B7 07 ADC $07B7,X @ $07B9 = #$1D
f360    c10694807    i59209971    A:1E X:02 Y:0E S:D9 P:nvUbdIzc  $06:8283: A0 07    LDY #$07
f360    c10694809    i59209972    A:1E X:02 Y:07 S:D9 P:nvUbdIzc  $06:8285: 91 F0    STA ($F0),Y @ $077E = #$1D
f360    c10694815    i59209973    A:1E X:02 Y:07 S:D9 P:nvUbdIzc  $06:8287: BD BF 07 LDA $07BF,X @ $07C1 = #$81
f360    c10694819    i59209974    A:81 X:02 Y:07 S:D9 P:NvUbdIzc  $06:828A: 69 00    ADC #$00
f360    c10694821    i59209975    A:81 X:02 Y:07 S:D9 P:NvUbdIzc  $06:828C: C8       INY
f360    c10694823    i59209976    A:81 X:02 Y:08 S:D9 P:nvUbdIzc  $06:828D: 91 F0    STA ($F0),Y @ $077F = #$81
f360    c10694829    i59209977    A:81 X:02 Y:08 S:D9 P:nvUbdIzc  $06:828F: 4C A4 82 JMP $82A4
f360    c10694832    i59209978    A:81 X:02 Y:08 S:D9 P:nvUbdIzc  $06:82A4: BD C7 07 LDA $07C7,X @ $07C9 = #$07
f360    c10694836    i59209979    A:07 X:02 Y:08 S:D9 P:nvUbdIzc  $06:82A7: 18       CLC
f360    c10694838    i59209980    A:07 X:02 Y:08 S:D9 P:nvUbdIzc  $06:82A8: 69 01    ADC #$01
f360    c10694840    i59209981    A:08 X:02 Y:08 S:D9 P:nvUbdIzc  $06:82AA: C9 0A    CMP #$0A
f360    c10694842    i59209982    A:08 X:02 Y:08 S:D9 P:NvUbdIzc  $06:82AC: D0 02    BNE $82B0
f360    c10694845    i59209983    A:08 X:02 Y:08 S:D9 P:NvUbdIzc  $06:82B0: 9D C7 07 STA $07C7,X @ $07C9 = #$07
f360    c10694850    i59209984    A:08 X:02 Y:08 S:D9 P:NvUbdIzc  $06:82B3: 60       RTS (from $81DB)
f360    c10694856    i59209985    A:08 X:02 Y:08 S:DB P:NvUbdIzc  $06:810C: 18       CLC
f360    c10694858    i59209986    A:08 X:02 Y:08 S:DB P:NvUbdIzc  $06:810D: A9 10    LDA #$10
f360    c10694860    i59209987    A:10 X:02 Y:08 S:DB P:nvUbdIzc  $06:810F: 65 F0    ADC $F0 = #$77
f360    c10694863    i59209988    A:87 X:02 Y:08 S:DB P:NVUbdIzc  $06:8111: 85 F0    STA $F0 = #$77
f360    c10694866    i59209989    A:87 X:02 Y:08 S:DB P:NVUbdIzc  $06:8113: A9 04    LDA #$04
f360    c10694868    i59209990    A:04 X:02 Y:08 S:DB P:nVUbdIzc  $06:8115: 65 F2    ADC $F2 = #$14
f360    c10694871    i59209991    A:18 X:02 Y:08 S:DB P:nvUbdIzc  $06:8117: 85 F2    STA $F2 = #$14
f360    c10694874    i59209992    A:18 X:02 Y:08 S:DB P:nvUbdIzc  $06:8119: C6 F3    DEC $F3 = #$03
f360    c10694879    i59209993    A:18 X:02 Y:08 S:DB P:nvUbdIzc  $06:811B: D0 AD    BNE $80CA
f360    c10694883    i59209994    A:18 X:02 Y:08 S:DB P:nvUbdIzc  $06:80CA: AD 06 07 LDA $0706 = #$C3
f361    c10723719    i59219173    A:08 X:FF Y:08 S:DB P:nvUbdIzc  $06:8119: C6 F3    DEC $F3 = #$07
f361    c10723724    i59219174    A:08 X:FF Y:08 S:DB P:nvUbdIzc  $06:811B: D0 AD    BNE $80CA
f361    c10723728    i59219175    A:08 X:FF Y:08 S:DB P:nvUbdIzc  $06:80CA: AD 06 07 LDA $0706 = #$3C
f361    c10723732    i59219176    A:3C X:FF Y:08 S:DB P:nvUbdIzc  $06:80CD: 4A       LSR
f361    c10723734    i59219177    A:1E X:FF Y:08 S:DB P:nvUbdIzc  $06:80CE: 90 02    BCC $80D2
f361    c10723737    i59219178    A:1E X:FF Y:08 S:DB P:nvUbdIzc  $06:80D2: 8D 06 07 STA $0706 = #$3C
f361    c10723741    i59219179    A:1E X:FF Y:08 S:DB P:nvUbdIzc  $06:80D5: 90 35    BCC $810C
f361    c10723745    i59219180    A:1E X:FF Y:08 S:DB P:nvUbdIzc  $06:810C: 18       CLC
f361    c10723747    i59219181    A:1E X:FF Y:08 S:DB P:nvUbdIzc  $06:810D: A9 10    LDA #$10
f361    c10723749    i59219182    A:10 X:FF Y:08 S:DB P:nvUbdIzc  $06:810F: 65 F0    ADC $F0 = #$47
f361    c10723752    i59219183    A:57 X:FF Y:08 S:DB P:nvUbdIzc  $06:8111: 85 F0    STA $F0 = #$47
f361    c10723755    i59219184    A:57 X:FF Y:08 S:DB P:nvUbdIzc  $06:8113: A9 04    LDA #$04
f361    c10723757    i59219185    A:04 X:FF Y:08 S:DB P:nvUbdIzc  $06:8115: 65 F2    ADC $F2 = #$08
f361    c10723760    i59219186    A:0C X:FF Y:08 S:DB P:nvUbdIzc  $06:8117: 85 F2    STA $F2 = #$08
f361    c10723763    i59219187    A:0C X:FF Y:08 S:DB P:nvUbdIzc  $06:8119: C6 F3    DEC $F3 = #$06
f361    c10723768    i59219188    A:0C X:FF Y:08 S:DB P:nvUbdIzc  $06:811B: D0 AD    BNE $80CA
f361    c10723772    i59219189    A:0C X:FF Y:08 S:DB P:nvUbdIzc  $06:80CA: AD 06 07 LDA $0706 = #$1E
f361    c10723776    i59219190    A:1E X:FF Y:08 S:DB P:nvUbdIzc  $06:80CD: 4A       LSR
f361    c10723778    i59219191    A:0F X:FF Y:08 S:DB P:nvUbdIzc  $06:80CE: 90 02    BCC $80D2
f361    c10723781    i59219192    A:0F X:FF Y:08 S:DB P:nvUbdIzc  $06:80D2: 8D 06 07 STA $0706 = #$1E
f361    c10723785    i59219193    A:0F X:FF Y:08 S:DB P:nvUbdIzc  $06:80D5: 90 35    BCC $810C
f361    c10723789    i59219194    A:0F X:FF Y:08 S:DB P:nvUbdIzc  $06:810C: 18       CLC
f361    c10723791    i59219195    A:0F X:FF Y:08 S:DB P:nvUbdIzc  $06:810D: A9 10    LDA #$10
f361    c10723793    i59219196    A:10 X:FF Y:08 S:DB P:nvUbdIzc  $06:810F: 65 F0    ADC $F0 = #$57
f361    c10723796    i59219197    A:67 X:FF Y:08 S:DB P:nvUbdIzc  $06:8111: 85 F0    STA $F0 = #$57
f361    c10723799    i59219198    A:67 X:FF Y:08 S:DB P:nvUbdIzc  $06:8113: A9 04    LDA #$04
f361    c10723801    i59219199    A:04 X:FF Y:08 S:DB P:nvUbdIzc  $06:8115: 65 F2    ADC $F2 = #$0C
f361    c10723804    i59219200    A:10 X:FF Y:08 S:DB P:nvUbdIzc  $06:8117: 85 F2    STA $F2 = #$0C
f361    c10723807    i59219201    A:10 X:FF Y:08 S:DB P:nvUbdIzc  $06:8119: C6 F3    DEC $F3 = #$05
f361    c10723812    i59219202    A:10 X:FF Y:08 S:DB P:nvUbdIzc  $06:811B: D0 AD    BNE $80CA
f361    c10723816    i59219203    A:10 X:FF Y:08 S:DB P:nvUbdIzc  $06:80CA: AD 06 07 LDA $0706 = #$0F
f361    c10723820    i59219204    A:0F X:FF Y:08 S:DB P:nvUbdIzc  $06:80CD: 4A       LSR
f361    c10723822    i59219205    A:07 X:FF Y:08 S:DB P:nvUbdIzC  $06:80CE: 90 02    BCC $80D2
f361    c10723824    i59219206    A:07 X:FF Y:08 S:DB P:nvUbdIzC  $06:80D0: 09 80    ORA #$80
f361    c10723826    i59219207    A:87 X:FF Y:08 S:DB P:NvUbdIzC  $06:80D2: 8D 06 07 STA $0706 = #$0F
f361    c10723830    i59219208    A:87 X:FF Y:08 S:DB P:NvUbdIzC  $06:80D5: 90 35    BCC $810C
f361    c10723832    i59219209    A:87 X:FF Y:08 S:DB P:NvUbdIzC  $06:80D7: A6 F2    LDX $F2 = #$10
f361    c10723835    i59219210    A:87 X:10 Y:08 S:DB P:nvUbdIzC  $06:80D9: DE 07 07 DEC $0707,X @ $0717 = #$07
f361    c10723842    i59219211    A:87 X:10 Y:08 S:DB P:nvUbdIzC  $06:80DC: D0 03    BNE $80E1
f361    c10723845    i59219212    A:87 X:10 Y:08 S:DB P:nvUbdIzC  $06:80E1: A6 F2    LDX $F2 = #$10
f361    c10723848    i59219213    A:87 X:10 Y:08 S:DB P:nvUbdIzC  $06:80E3: DE 09 07 DEC $0709,X @ $0719 = #$01
f361    c10723855    i59219214    A:87 X:10 Y:08 S:DB P:nvUbdIZC  $06:80E6: D0 21    BNE $8109
f362    c10751668    i59228054    A:68 X:0A Y:01 S:DB P:nvUbdIzC  $01:A039: 8D 07 20 STA $2007 = #$00
f362    c10751672    i59228055    A:68 X:0A Y:01 S:DB P:nvUbdIzC  $01:A03C: E8       INX
f362    c10751674    i59228056    A:68 X:0B Y:01 S:DB P:nvUbdIzC  $01:A03D: 88       DEY
f362    c10751676    i59228057    A:68 X:0B Y:00 S:DB P:nvUbdIZC  $01:A03E: D0 F6    BNE $A036
f362    c10751678    i59228058    A:68 X:0B Y:00 S:DB P:nvUbdIZC  $01:A040: E8       INX
f362    c10751680    i59228059    A:68 X:0C Y:00 S:DB P:nvUbdIzC  $01:A041: E8       INX
f362    c10751682    i59228060    A:68 X:0D Y:00 S:DB P:nvUbdIzC  $01:A042: E8       INX
f362    c10751684    i59228061    A:68 X:0E Y:00 S:DB P:nvUbdIzC  $01:A043: BD E8 05 LDA $05E8,X @ $05F6 = #$04
f362    c10751688    i59228062    A:04 X:0E Y:00 S:DB P:nvUbdIzC  $01:A046: D0 D3    BNE $A01B
f362    c10751691    i59228063    A:04 X:0E Y:00 S:DB P:nvUbdIzC  $01:A01B: A0 80    LDY #$80
f362    c10751693    i59228064    A:04 X:0E Y:80 S:DB P:NvUbdIzC  $01:A01D: BD E8 05 LDA $05E8,X @ $05F6 = #$04
f362    c10751697    i59228065    A:04 X:0E Y:80 S:DB P:nvUbdIzC  $01:A020: 10 04    BPL $A026
f362    c10751700    i59228066    A:04 X:0E Y:80 S:DB P:nvUbdIzC  $01:A026: 8C 00 20 STY $2000 = #$80
f362    c10751704    i59228067    A:04 X:0E Y:80 S:DB P:nvUbdIzC  $01:A029: A8       TAY
f362    c10751706    i59228068    A:04 X:0E Y:04 S:DB P:nvUbdIzC  $01:A02A: BD EA 05 LDA $05EA,X @ $05F8 = #$21
f362    c10751710    i59228069    A:21 X:0E Y:04 S:DB P:nvUbdIzC  $01:A02D: 8D 06 20 STA $2006 = #$44
f362    c10751714    i59228070    A:21 X:0E Y:04 S:DB P:nvUbdIzC  $01:A030: BD E9 05 LDA $05E9,X @ $05F7 = #$60
f362    c10751718    i59228071    A:60 X:0E Y:04 S:DB P:nvUbdIzC  $01:A033: 8D 06 20 STA $2006 = #$44
f362    c10751722    i59228072    A:60 X:0E Y:04 S:DB P:nvUbdIzC  $01:A036: BD EB 05 LDA $05EB,X @ $05F9 = #$6A
f362    c10751726    i59228073    A:6A X:0E Y:04 S:DB P:nvUbdIzC  $01:A039: 8D 07 20 STA $2007 = #$00
f362    c10751730    i59228074    A:6A X:0E Y:04 S:DB P:nvUbdIzC  $01:A03C: E8       INX
f362    c10751732    i59228075    A:6A X:0F Y:04 S:DB P:nvUbdIzC  $01:A03D: 88       DEY
f362    c10751734    i59228076    A:6A X:0F Y:03 S:DB P:nvUbdIzC  $01:A03E: D0 F6    BNE $A036
f362    c10751737    i59228077    A:6A X:0F Y:03 S:DB P:nvUbdIzC  $01:A036: BD EB 05 LDA $05EB,X @ $05FA = #$6A
f362    c10751741    i59228078    A:6A X:0F Y:03 S:DB P:nvUbdIzC  $01:A039: 8D 07 20 STA $2007 = #$00
f362    c10751745    i59228079    A:6A X:0F Y:03 S:DB P:nvUbdIzC  $01:A03C: E8       INX
f362    c10751747    i59228080    A:6A X:10 Y:03 S:DB P:nvUbdIzC  $01:A03D: 88       DEY
f362    c10751749    i59228081    A:6A X:10 Y:02 S:DB P:nvUbdIzC  $01:A03E: D0 F6    BNE $A036
f362    c10751752    i59228082    A:6A X:10 Y:02 S:DB P:nvUbdIzC  $01:A036: BD EB 05 LDA $05EB,X @ $05FB = #$6A
f362    c10751756    i59228083    A:6A X:10 Y:02 S:DB P:nvUbdIzC  $01:A039: 8D 07 20 STA $2007 = #$00
f362    c10751760    i59228084    A:6A X:10 Y:02 S:DB P:nvUbdIzC  $01:A03C: E8       INX
f362    c10751762    i59228085    A:6A X:11 Y:02 S:DB P:nvUbdIzC  $01:A03D: 88       DEY
f362    c10751764    i59228086    A:6A X:11 Y:01 S:DB P:nvUbdIzC  $01:A03E: D0 F6    BNE $A036
f362    c10751767    i59228087    A:6A X:11 Y:01 S:DB P:nvUbdIzC  $01:A036: BD EB 05 LDA $05EB,X @ $05FC = #$6A
f362    c10751771    i59228088    A:6A X:11 Y:01 S:DB P:nvUbdIzC  $01:A039: 8D 07 20 STA $2007 = #$00
f362    c10751775    i59228089    A:6A X:11 Y:01 S:DB P:nvUbdIzC  $01:A03C: E8       INX
f362    c10751777    i59228090    A:6A X:12 Y:01 S:DB P:nvUbdIzC  $01:A03D: 88       DEY
f362    c10751779    i59228091    A:6A X:12 Y:00 S:DB P:nvUbdIZC  $01:A03E: D0 F6    BNE $A036
f362    c10751781    i59228092    A:6A X:12 Y:00 S:DB P:nvUbdIZC  $01:A040: E8       INX
f362    c10751783    i59228093    A:6A X:13 Y:00 S:DB P:nvUbdIzC  $01:A041: E8       INX
f362    c10751785    i59228094    A:6A X:14 Y:00 S:DB P:nvUbdIzC  $01:A042: E8       INX
f362    c10751787    i59228095    A:6A X:15 Y:00 S:DB P:nvUbdIzC  $01:A043: BD E8 05 LDA $05E8,X @ $05FD = #$01
f362    c10753501    i59228645    A:08 X:FF Y:08 S:DB P:nvUbdIzc  $06:8119: C6 F3    DEC $F3 = #$07
f362    c10753506    i59228646    A:08 X:FF Y:08 S:DB P:nvUbdIzc  $06:811B: D0 AD    BNE $80CA
f362    c10753510    i59228647    A:08 X:FF Y:08 S:DB P:nvUbdIzc  $06:80CA: AD 06 07 LDA $0706 = #$3C
f362    c10753514    i59228648    A:3C X:FF Y:08 S:DB P:nvUbdIzc  $06:80CD: 4A       LSR
f362    c10753516    i59228649    A:1E X:FF Y:08 S:DB P:nvUbdIzc  $06:80CE: 90 02    BCC $80D2
f362    c10753519    i59228650    A:1E X:FF Y:08 S:DB P:nvUbdIzc  $06:80D2: 8D 06 07 STA $0706 = #$3C
f362    c10753523    i59228651    A:1E X:FF Y:08 S:DB P:nvUbdIzc  $06:80D5: 90 35    BCC $810C
f362    c10753527    i59228652    A:1E X:FF Y:08 S:DB P:nvUbdIzc  $06:810C: 18       CLC
f362    c10753529    i59228653    A:1E X:FF Y:08 S:DB P:nvUbdIzc  $06:810D: A9 10    LDA #$10
f362    c10753531    i59228654    A:10 X:FF Y:08 S:DB P:nvUbdIzc  $06:810F: 65 F0    ADC $F0 = #$47
f362    c10753534    i59228655    A:57 X:FF Y:08 S:DB P:nvUbdIzc  $06:8111: 85 F0    STA $F0 = #$47
f362    c10753537    i59228656    A:57 X:FF Y:08 S:DB P:nvUbdIzc  $06:8113: A9 04    LDA #$04
f362    c10753539    i59228657    A:04 X:FF Y:08 S:DB P:nvUbdIzc  $06:8115: 65 F2    ADC $F2 = #$08
f362    c10753542    i59228658    A:0C X:FF Y:08 S:DB P:nvUbdIzc  $06:8117: 85 F2    STA $F2 = #$08
f362    c10753545    i59228659    A:0C X:FF Y:08 S:DB P:nvUbdIzc  $06:8119: C6 F3    DEC $F3 = #$06
f362    c10753550    i59228660    A:0C X:FF Y:08 S:DB P:nvUbdIzc  $06:811B: D0 AD    BNE $80CA
f362    c10753554    i59228661    A:0C X:FF Y:08 S:DB P:nvUbdIzc  $06:80CA: AD 06 07 LDA $0706 = #$1E
f362    c10753558    i59228662    A:1E X:FF Y:08 S:DB P:nvUbdIzc  $06:80CD: 4A       LSR
f362    c10753560    i59228663    A:0F X:FF Y:08 S:DB P:nvUbdIzc  $06:80CE: 90 02    BCC $80D2
f362    c10753563    i59228664    A:0F X:FF Y:08 S:DB P:nvUbdIzc  $06:80D2: 8D 06 07 STA $0706 = #$1E
f362    c10753567    i59228665    A:0F X:FF Y:08 S:DB P:nvUbdIzc  $06:80D5: 90 35    BCC $810C
f362    c10753571    i59228666    A:0F X:FF Y:08 S:DB P:nvUbdIzc  $06:810C: 18       CLC
f362    c10753573    i59228667    A:0F X:FF Y:08 S:DB P:nvUbdIzc  $06:810D: A9 10    LDA #$10
f362    c10753575    i59228668    A:10 X:FF Y:08 S:DB P:nvUbdIzc  $06:810F: 65 F0    ADC $F0 = #$57
f362    c10753578    i59228669    A:67 X:FF Y:08 S:DB P:nvUbdIzc  $06:8111: 85 F0    STA $F0 = #$57
f362    c10753581    i59228670    A:67 X:FF Y:08 S:DB P:nvUbdIzc  $06:8113: A9 04    LDA #$04
f362    c10753583    i59228671    A:04 X:FF Y:08 S:DB P:nvUbdIzc  $06:8115: 65 F2    ADC $F2 = #$0C
f362    c10753586    i59228672    A:10 X:FF Y:08 S:DB P:nvUbdIzc  $06:8117: 85 F2    STA $F2 = #$0C
f362    c10753589    i59228673    A:10 X:FF Y:08 S:DB P:nvUbdIzc  $06:8119: C6 F3    DEC $F3 = #$05
f362    c10753594    i59228674    A:10 X:FF Y:08 S:DB P:nvUbdIzc  $06:811B: D0 AD    BNE $80CA
f362    c10753598    i59228675    A:10 X:FF Y:08 S:DB P:nvUbdIzc  $06:80CA: AD 06 07 LDA $0706 = #$0F
f362    c10753602    i59228676    A:0F X:FF Y:08 S:DB P:nvUbdIzc  $06:80CD: 4A       LSR
f362    c10753604    i59228677    A:07 X:FF Y:08 S:DB P:nvUbdIzC  $06:80CE: 90 02    BCC $80D2
f362    c10753606    i59228678    A:07 X:FF Y:08 S:DB P:nvUbdIzC  $06:80D0: 09 80    ORA #$80
f362    c10753608    i59228679    A:87 X:FF Y:08 S:DB P:NvUbdIzC  $06:80D2: 8D 06 07 STA $0706 = #$0F
f362    c10753612    i59228680    A:87 X:FF Y:08 S:DB P:NvUbdIzC  $06:80D5: 90 35    BCC $810C
f362    c10753614    i59228681    A:87 X:FF Y:08 S:DB P:NvUbdIzC  $06:80D7: A6 F2    LDX $F2 = #$10
f362    c10753617    i59228682    A:87 X:10 Y:08 S:DB P:nvUbdIzC  $06:80D9: DE 07 07 DEC $0707,X @ $0717 = #$06
f362    c10753624    i59228683    A:87 X:10 Y:08 S:DB P:nvUbdIzC  $06:80DC: D0 03    BNE $80E1
f362    c10753627    i59228684    A:87 X:10 Y:08 S:DB P:nvUbdIzC  $06:80E1: A6 F2    LDX $F2 = #$10
f362    c10753630    i59228685    A:87 X:10 Y:08 S:DB P:nvUbdIzC  $06:80E3: DE 09 07 DEC $0709,X @ $0719 = #$02
f362    c10753637    i59228686    A:87 X:10 Y:08 S:DB P:nvUbdIzC  $06:80E6: D0 21    BNE $8109
f363    c10781715    i59237618    A:D3 X:1C Y:01 S:DB P:NvUbdIzC  $01:A036: BD EB 05 LDA $05EB,X @ $0607 = #$FA
f363    c10781720    i59237619    A:FA X:1C Y:01 S:DB P:NvUbdIzC  $01:A039: 8D 07 20 STA $2007 = #$00
f363    c10781724    i59237620    A:FA X:1C Y:01 S:DB P:NvUbdIzC  $01:A03C: E8       INX
f363    c10781726    i59237621    A:FA X:1D Y:01 S:DB P:nvUbdIzC  $01:A03D: 88       DEY
f363    c10781728    i59237622    A:FA X:1D Y:00 S:DB P:nvUbdIZC  $01:A03E: D0 F6    BNE $A036
f363    c10781730    i59237623    A:FA X:1D Y:00 S:DB P:nvUbdIZC  $01:A040: E8       INX
f363    c10781732    i59237624    A:FA X:1E Y:00 S:DB P:nvUbdIzC  $01:A041: E8       INX
f363    c10781734    i59237625    A:FA X:1F Y:00 S:DB P:nvUbdIzC  $01:A042: E8       INX
f363    c10781736    i59237626    A:FA X:20 Y:00 S:DB P:nvUbdIzC  $01:A043: BD E8 05 LDA $05E8,X @ $0608 = #$04
f363    c10781741    i59237627    A:04 X:20 Y:00 S:DB P:nvUbdIzC  $01:A046: D0 D3    BNE $A01B
f363    c10781744    i59237628    A:04 X:20 Y:00 S:DB P:nvUbdIzC  $01:A01B: A0 80    LDY #$80
f363    c10781746    i59237629    A:04 X:20 Y:80 S:DB P:NvUbdIzC  $01:A01D: BD E8 05 LDA $05E8,X @ $0608 = #$04
f363    c10781751    i59237630    A:04 X:20 Y:80 S:DB P:nvUbdIzC  $01:A020: 10 04    BPL $A026
f363    c10781754    i59237631    A:04 X:20 Y:80 S:DB P:nvUbdIzC  $01:A026: 8C 00 20 STY $2000 = #$80
f363    c10781758    i59237632    A:04 X:20 Y:80 S:DB P:nvUbdIzC  $01:A029: A8       TAY
f363    c10781760    i59237633    A:04 X:20 Y:04 S:DB P:nvUbdIzC  $01:A02A: BD EA 05 LDA $05EA,X @ $060A = #$21
f363    c10781765    i59237634    A:21 X:20 Y:04 S:DB P:nvUbdIzC  $01:A02D: 8D 06 20 STA $2006 = #$D4
f363    c10781769    i59237635    A:21 X:20 Y:04 S:DB P:nvUbdIzC  $01:A030: BD E9 05 LDA $05E9,X @ $0609 = #$0C
f363    c10781774    i59237636    A:0C X:20 Y:04 S:DB P:nvUbdIzC  $01:A033: 8D 06 20 STA $2006 = #$D4
f363    c10781778    i59237637    A:0C X:20 Y:04 S:DB P:nvUbdIzC  $01:A036: BD EB 05 LDA $05EB,X @ $060B = #$60
f363    c10781783    i59237638    A:60 X:20 Y:04 S:DB P:nvUbdIzC  $01:A039: 8D 07 20 STA $2007 = #$00
f363    c10781787    i59237639    A:60 X:20 Y:04 S:DB P:nvUbdIzC  $01:A03C: E8       INX
f363    c10781789    i59237640    A:60 X:21 Y:04 S:DB P:nvUbdIzC  $01:A03D: 88       DEY
f363    c10781791    i59237641    A:60 X:21 Y:03 S:DB P:nvUbdIzC  $01:A03E: D0 F6    BNE $A036
f363    c10781794    i59237642    A:60 X:21 Y:03 S:DB P:nvUbdIzC  $01:A036: BD EB 05 LDA $05EB,X @ $060C = #$60
f363    c10781799    i59237643    A:60 X:21 Y:03 S:DB P:nvUbdIzC  $01:A039: 8D 07 20 STA $2007 = #$00
f363    c10781803    i59237644    A:60 X:21 Y:03 S:DB P:nvUbdIzC  $01:A03C: E8       INX
f363    c10781805    i59237645    A:60 X:22 Y:03 S:DB P:nvUbdIzC  $01:A03D: 88       DEY
f363    c10781807    i59237646    A:60 X:22 Y:02 S:DB P:nvUbdIzC  $01:A03E: D0 F6    BNE $A036
f363    c10781810    i59237647    A:60 X:22 Y:02 S:DB P:nvUbdIzC  $01:A036: BD EB 05 LDA $05EB,X @ $060D = #$60
f363    c10781815    i59237648    A:60 X:22 Y:02 S:DB P:nvUbdIzC  $01:A039: 8D 07 20 STA $2007 = #$00
f363    c10781819    i59237649    A:60 X:22 Y:02 S:DB P:nvUbdIzC  $01:A03C: E8       INX
f363    c10781821    i59237650    A:60 X:23 Y:02 S:DB P:nvUbdIzC  $01:A03D: 88       DEY
f363    c10781823    i59237651    A:60 X:23 Y:01 S:DB P:nvUbdIzC  $01:A03E: D0 F6    BNE $A036
f363    c10781826    i59237652    A:60 X:23 Y:01 S:DB P:nvUbdIzC  $01:A036: BD EB 05 LDA $05EB,X @ $060E = #$60
f363    c10781831    i59237653    A:60 X:23 Y:01 S:DB P:nvUbdIzC  $01:A039: 8D 07 20 STA $2007 = #$00
f363    c10781835    i59237654    A:60 X:23 Y:01 S:DB P:nvUbdIzC  $01:A03C: E8       INX
f363    c10781837    i59237655    A:60 X:24 Y:01 S:DB P:nvUbdIzC  $01:A03D: 88       DEY
f363    c10781839    i59237656    A:60 X:24 Y:00 S:DB P:nvUbdIZC  $01:A03E: D0 F6    BNE $A036
f363    c10781841    i59237657    A:60 X:24 Y:00 S:DB P:nvUbdIZC  $01:A040: E8       INX
f363    c10781843    i59237658    A:60 X:25 Y:00 S:DB P:nvUbdIzC  $01:A041: E8       INX
f363    c10781845    i59237659    A:60 X:26 Y:00 S:DB P:nvUbdIzC  $01:A042: E8       INX
f364    c10813062    i59247597    A:08 X:FF Y:08 S:DB P:nvUbdIzc  $06:8119: C6 F3    DEC $F3 = #$07
f364    c10813067    i59247598    A:08 X:FF Y:08 S:DB P:nvUbdIzc  $06:811B: D0 AD    BNE $80CA
f364    c10813071    i59247599    A:08 X:FF Y:08 S:DB P:nvUbdIzc  $06:80CA: AD 06 07 LDA $0706 = #$3C
f364    c10813075    i59247600    A:3C X:FF Y:08 S:DB P:nvUbdIzc  $06:80CD: 4A       LSR
f364    c10813077    i59247601    A:1E X:FF Y:08 S:DB P:nvUbdIzc  $06:80CE: 90 02    BCC $80D2
f364    c10813080    i59247602    A:1E X:FF Y:08 S:DB P:nvUbdIzc  $06:80D2: 8D 06 07 STA $0706 = #$3C
f364    c10813084    i59247603    A:1E X:FF Y:08 S:DB P:nvUbdIzc  $06:80D5: 90 35    BCC $810C
f364    c10813088    i59247604    A:1E X:FF Y:08 S:DB P:nvUbdIzc  $06:810C: 18       CLC
f364    c10813090    i59247605    A:1E X:FF Y:08 S:DB P:nvUbdIzc  $06:810D: A9 10    LDA #$10
f364    c10813092    i59247606    A:10 X:FF Y:08 S:DB P:nvUbdIzc  $06:810F: 65 F0    ADC $F0 = #$47
f364    c10813095    i59247607    A:57 X:FF Y:08 S:DB P:nvUbdIzc  $06:8111: 85 F0    STA $F0 = #$47
f364    c10813098    i59247608    A:57 X:FF Y:08 S:DB P:nvUbdIzc  $06:8113: A9 04    LDA #$04
f364    c10813100    i59247609    A:04 X:FF Y:08 S:DB P:nvUbdIzc  $06:8115: 65 F2    ADC $F2 = #$08
f364    c10813103    i59247610    A:0C X:FF Y:08 S:DB P:nvUbdIzc  $06:8117: 85 F2    STA $F2 = #$08
f364    c10813106    i59247611    A:0C X:FF Y:08 S:DB P:nvUbdIzc  $06:8119: C6 F3    DEC $F3 = #$06
f364    c10813111    i59247612    A:0C X:FF Y:08 S:DB P:nvUbdIzc  $06:811B: D0 AD    BNE $80CA
f364    c10813115    i59247613    A:0C X:FF Y:08 S:DB P:nvUbdIzc  $06:80CA: AD 06 07 LDA $0706 = #$1E
f364    c10813119    i59247614    A:1E X:FF Y:08 S:DB P:nvUbdIzc  $06:80CD: 4A       LSR
f364    c10813121    i59247615    A:0F X:FF Y:08 S:DB P:nvUbdIzc  $06:80CE: 90 02    BCC $80D2
f364    c10813124    i59247616    A:0F X:FF Y:08 S:DB P:nvUbdIzc  $06:80D2: 8D 06 07 STA $0706 = #$1E
f364    c10813128    i59247617    A:0F X:FF Y:08 S:DB P:nvUbdIzc  $06:80D5: 90 35    BCC $810C
f364    c10813132    i59247618    A:0F X:FF Y:08 S:DB P:nvUbdIzc  $06:810C: 18       CLC
f364    c10813134    i59247619    A:0F X:FF Y:08 S:DB P:nvUbdIzc  $06:810D: A9 10    LDA #$10
f364    c10813136    i59247620    A:10 X:FF Y:08 S:DB P:nvUbdIzc  $06:810F: 65 F0    ADC $F0 = #$57
f364    c10813139    i59247621    A:67 X:FF Y:08 S:DB P:nvUbdIzc  $06:8111: 85 F0    STA $F0 = #$57
f364    c10813142    i59247622    A:67 X:FF Y:08 S:DB P:nvUbdIzc  $06:8113: A9 04    LDA #$04
f364    c10813144    i59247623    A:04 X:FF Y:08 S:DB P:nvUbdIzc  $06:8115: 65 F2    ADC $F2 = #$0C
f364    c10813147    i59247624    A:10 X:FF Y:08 S:DB P:nvUbdIzc  $06:8117: 85 F2    STA $F2 = #$0C
f364    c10813150    i59247625    A:10 X:FF Y:08 S:DB P:nvUbdIzc  $06:8119: C6 F3    DEC $F3 = #$05
f364    c10813155    i59247626    A:10 X:FF Y:08 S:DB P:nvUbdIzc  $06:811B: D0 AD    BNE $80CA
f364    c10813159    i59247627    A:10 X:FF Y:08 S:DB P:nvUbdIzc  $06:80CA: AD 06 07 LDA $0706 = #$0F
f364    c10813163    i59247628    A:0F X:FF Y:08 S:DB P:nvUbdIzc  $06:80CD: 4A       LSR
f364    c10813165    i59247629    A:07 X:FF Y:08 S:DB P:nvUbdIzC  $06:80CE: 90 02    BCC $80D2
f364    c10813167    i59247630    A:07 X:FF Y:08 S:DB P:nvUbdIzC  $06:80D0: 09 80    ORA #$80
f364    c10813169    i59247631    A:87 X:FF Y:08 S:DB P:NvUbdIzC  $06:80D2: 8D 06 07 STA $0706 = #$0F
f364    c10813173    i59247632    A:87 X:FF Y:08 S:DB P:NvUbdIzC  $06:80D5: 90 35    BCC $810C
f364    c10813175    i59247633    A:87 X:FF Y:08 S:DB P:NvUbdIzC  $06:80D7: A6 F2    LDX $F2 = #$10
f364    c10813178    i59247634    A:87 X:10 Y:08 S:DB P:nvUbdIzC  $06:80D9: DE 07 07 DEC $0707,X @ $0717 = #$04
f364    c10813185    i59247635    A:87 X:10 Y:08 S:DB P:nvUbdIzC  $06:80DC: D0 03    BNE $80E1
f364    c10813188    i59247636    A:87 X:10 Y:08 S:DB P:nvUbdIzC  $06:80E1: A6 F2    LDX $F2 = #$10
f364    c10813191    i59247637    A:87 X:10 Y:08 S:DB P:nvUbdIzC  $06:80E3: DE 09 07 DEC $0709,X @ $0719 = #$01
f364    c10813198    i59247638    A:87 X:10 Y:08 S:DB P:nvUbdIZC  $06:80E6: D0 21    BNE $8109
f364    c10823110    i59250694    A:00 X:15 Y:00 S:E0 P:nvUbdiZc  $00:9FCF: 95 02    STA $02,X @ $0017 = #$00
f364    c10823114    i59250695    A:00 X:15 Y:00 S:E0 P:nvUbdiZc  $00:9FD1: AD 25 00 LDA $0025 = #$02
f364    c10823118    i59250696    A:02 X:15 Y:00 S:E0 P:nvUbdizc  $00:9FD4: 95 03    STA $03,X @ $0018 = #$02
f364    c10823122    i59250697    A:02 X:15 Y:00 S:E0 P:nvUbdizc  $00:9FD6: A5 19    LDA $19 = #$01
f364    c10823125    i59250698    A:01 X:15 Y:00 S:E0 P:nvUbdizc  $00:9FD8: F0 04    BEQ $9FDE
f364    c10823127    i59250699    A:01 X:15 Y:00 S:E0 P:nvUbdizc  $00:9FDA: C9 FF    CMP #$FF
f364    c10823129    i59250700    A:01 X:15 Y:00 S:E0 P:nvUbdizc  $00:9FDC: D0 02    BNE $9FE0
f364    c10823132    i59250701    A:01 X:15 Y:00 S:E0 P:nvUbdizc  $00:9FE0: 95 00    STA $00,X @ $0015 = #$00
f364    c10823136    i59250702    A:01 X:15 Y:00 S:E0 P:nvUbdizc  $00:9FE2: 4C FB 9E JMP $9EFB
f364    c10823139    i59250703    A:01 X:15 Y:00 S:E0 P:nvUbdizc  $00:9EFB: 8A       TXA
f364    c10823141    i59250704    A:15 X:15 Y:00 S:E0 P:nvUbdizc  $00:9EFC: 18       CLC
f364    c10823143    i59250705    A:15 X:15 Y:00 S:E0 P:nvUbdizc  $00:9EFD: 69 04    ADC #$04
f364    c10823145    i59250706    A:19 X:15 Y:00 S:E0 P:nvUbdizc  $00:9EFF: AA       TAX
f364    c10823147    i59250707    A:19 X:19 Y:00 S:E0 P:nvUbdizc  $00:9F00: E0 19    CPX #$19
f364    c10823149    i59250708    A:19 X:19 Y:00 S:E0 P:nvUbdiZC  $00:9F02: D0 EB    BNE $9EEF
f364    c10823151    i59250709    A:19 X:19 Y:00 S:E0 P:nvUbdiZC  $00:9F04: A5 1B    LDA $1B = #$40
f364    c10823154    i59250710    A:40 X:19 Y:00 S:E0 P:nvUbdizC  $00:9F06: 10 FC    BPL $9F04
f364    c10823157    i59250711    A:40 X:19 Y:00 S:E0 P:nvUbdizC  $00:9F04: A5 1B    LDA $1B = #$40
f364    c10823160    i59250712    A:40 X:19 Y:00 S:E0 P:nvUbdizC  $00:9F06: 10 FC    BPL $9F04
f364    c10823163    i59250713    A:40 X:19 Y:00 S:E0 P:nvUbdizC  $00:9F04: A5 1B    LDA $1B = #$40
f364    c10823166    i59250714    A:40 X:19 Y:00 S:E0 P:nvUbdizC  $00:9F06: 10 FC    BPL $9F04
f364    c10823169    i59250715    A:40 X:19 Y:00 S:E0 P:nvUbdizC  $00:9F04: A5 1B    LDA $1B = #$40
f364    c10823172    i59250716    A:40 X:19 Y:00 S:E0 P:nvUbdizC  $00:9F06: 10 FC    BPL $9F04
f364    c10823175    i59250717    A:40 X:19 Y:00 S:E0 P:nvUbdizC  $00:9F04: A5 1B    LDA $1B = #$40
f364    c10823178    i59250718    A:40 X:19 Y:00 S:E0 P:nvUbdizC  $00:9F06: 10 FC    BPL $9F04
f364    c10823181    i59250719    A:40 X:19 Y:00 S:E0 P:nvUbdizC  $00:9F04: A5 1B    LDA $1B = #$40
f364    c10823184    i59250720    A:40 X:19 Y:00 S:E0 P:nvUbdizC  $00:9F06: 10 FC    BPL $9F04
f364    c10823187    i59250721    A:40 X:19 Y:00 S:E0 P:nvUbdizC  $00:9F04: A5 1B    LDA $1B = #$40
f364    c10823190    i59250722    A:40 X:19 Y:00 S:E0 P:nvUbdizC  $00:9F06: 10 FC    BPL $9F04
f364    c10823193    i59250723    A:40 X:19 Y:00 S:E0 P:nvUbdizC  $00:9F04: A5 1B    LDA $1B = #$40
f364    c10823196    i59250724    A:40 X:19 Y:00 S:E0 P:nvUbdizC  $00:9F06: 10 FC    BPL $9F04
f364    c10823199    i59250725    A:40 X:19 Y:00 S:E0 P:nvUbdizC  $00:9F04: A5 1B    LDA $1B = #$40
f364    c10823202    i59250726    A:40 X:19 Y:00 S:E0 P:nvUbdizC  $00:9F06: 10 FC    BPL $9F04
f364    c10823205    i59250727    A:40 X:19 Y:00 S:E0 P:nvUbdizC  $00:9F04: A5 1B    LDA $1B = #$40
f364    c10823208    i59250728    A:40 X:19 Y:00 S:E0 P:nvUbdizC  $00:9F06: 10 FC    BPL $9F04
f364    c10823211    i59250729    A:40 X:19 Y:00 S:E0 P:nvUbdizC  $00:9F04: A5 1B    LDA $1B = #$40
f364    c10823214    i59250730    A:40 X:19 Y:00 S:E0 P:nvUbdizC  $00:9F06: 10 FC    BPL $9F04
f364    c10823217    i59250731    A:40 X:19 Y:00 S:E0 P:nvUbdizC  $00:9F04: A5 1B    LDA $1B = #$40
f364    c10823220    i59250732    A:40 X:19 Y:00 S:E0 P:nvUbdizC  $00:9F06: 10 FC    BPL $9F04
f364    c10823223    i59250733    A:40 X:19 Y:00 S:E0 P:nvUbdizC  $00:9F04: A5 1B    LDA $1B = #$40
f364    c10823226    i59250734    A:40 X:19 Y:00 S:E0 P:nvUbdizC  $00:9F06: 10 FC    BPL $9F04
f364    c10823229    i59250735    A:40 X:19 Y:00 S:E0 P:nvUbdizC  $00:9F04: A5 1B    LDA $1B = #$40
f365    c10842842    i59257068    A:08 X:FF Y:08 S:DB P:nvUbdIzc  $06:8119: C6 F3    DEC $F3 = #$07
f365    c10842847    i59257069    A:08 X:FF Y:08 S:DB P:nvUbdIzc  $06:811B: D0 AD    BNE $80CA
f365    c10842851    i59257070    A:08 X:FF Y:08 S:DB P:nvUbdIzc  $06:80CA: AD 06 07 LDA $0706 = #$3C
f365    c10842855    i59257071    A:3C X:FF Y:08 S:DB P:nvUbdIzc  $06:80CD: 4A       LSR
f365    c10842857    i59257072    A:1E X:FF Y:08 S:DB P:nvUbdIzc  $06:80CE: 90 02    BCC $80D2
f365    c10842860    i59257073    A:1E X:FF Y:08 S:DB P:nvUbdIzc  $06:80D2: 8D 06 07 STA $0706 = #$3C
f365    c10842864    i59257074    A:1E X:FF Y:08 S:DB P:nvUbdIzc  $06:80D5: 90 35    BCC $810C
f365    c10842868    i59257075    A:1E X:FF Y:08 S:DB P:nvUbdIzc  $06:810C: 18       CLC
f365    c10842870    i59257076    A:1E X:FF Y:08 S:DB P:nvUbdIzc  $06:810D: A9 10    LDA #$10
f365    c10842872    i59257077    A:10 X:FF Y:08 S:DB P:nvUbdIzc  $06:810F: 65 F0    ADC $F0 = #$47
f365    c10842875    i59257078    A:57 X:FF Y:08 S:DB P:nvUbdIzc  $06:8111: 85 F0    STA $F0 = #$47
f365    c10842878    i59257079    A:57 X:FF Y:08 S:DB P:nvUbdIzc  $06:8113: A9 04    LDA #$04
f365    c10842880    i59257080    A:04 X:FF Y:08 S:DB P:nvUbdIzc  $06:8115: 65 F2    ADC $F2 = #$08
f365    c10842883    i59257081    A:0C X:FF Y:08 S:DB P:nvUbdIzc  $06:8117: 85 F2    STA $F2 = #$08
f365    c10842886    i59257082    A:0C X:FF Y:08 S:DB P:nvUbdIzc  $06:8119: C6 F3    DEC $F3 = #$06
f365    c10842891    i59257083    A:0C X:FF Y:08 S:DB P:nvUbdIzc  $06:811B: D0 AD    BNE $80CA
f365    c10842895    i59257084    A:0C X:FF Y:08 S:DB P:nvUbdIzc  $06:80CA: AD 06 07 LDA $0706 = #$1E
f365    c10842899    i59257085    A:1E X:FF Y:08 S:DB P:nvUbdIzc  $06:80CD: 4A       LSR
f365    c10842901    i59257086    A:0F X:FF Y:08 S:DB P:nvUbdIzc  $06:80CE: 90 02    BCC $80D2
f365    c10842904    i59257087    A:0F X:FF Y:08 S:DB P:nvUbdIzc  $06:80D2: 8D 06 07 STA $0706 = #$1E
f365    c10842908    i59257088    A:0F X:FF Y:08 S:DB P:nvUbdIzc  $06:80D5: 90 35    BCC $810C
f365    c10842912    i59257089    A:0F X:FF Y:08 S:DB P:nvUbdIzc  $06:810C: 18       CLC
f365    c10842914    i59257090    A:0F X:FF Y:08 S:DB P:nvUbdIzc  $06:810D: A9 10    LDA #$10
f365    c10842916    i59257091    A:10 X:FF Y:08 S:DB P:nvUbdIzc  $06:810F: 65 F0    ADC $F0 = #$57
f365    c10842919    i59257092    A:67 X:FF Y:08 S:DB P:nvUbdIzc  $06:8111: 85 F0    STA $F0 = #$57
f365    c10842922    i59257093    A:67 X:FF Y:08 S:DB P:nvUbdIzc  $06:8113: A9 04    LDA #$04
f365    c10842924    i59257094    A:04 X:FF Y:08 S:DB P:nvUbdIzc  $06:8115: 65 F2    ADC $F2 = #$0C
f365    c10842927    i59257095    A:10 X:FF Y:08 S:DB P:nvUbdIzc  $06:8117: 85 F2    STA $F2 = #$0C
f365    c10842930    i59257096    A:10 X:FF Y:08 S:DB P:nvUbdIzc  $06:8119: C6 F3    DEC $F3 = #$05
f365    c10842935    i59257097    A:10 X:FF Y:08 S:DB P:nvUbdIzc  $06:811B: D0 AD    BNE $80CA
f365    c10842939    i59257098    A:10 X:FF Y:08 S:DB P:nvUbdIzc  $06:80CA: AD 06 07 LDA $0706 = #$0F
f365    c10842943    i59257099    A:0F X:FF Y:08 S:DB P:nvUbdIzc  $06:80CD: 4A       LSR
f365    c10842945    i59257100    A:07 X:FF Y:08 S:DB P:nvUbdIzC  $06:80CE: 90 02    BCC $80D2
f365    c10842947    i59257101    A:07 X:FF Y:08 S:DB P:nvUbdIzC  $06:80D0: 09 80    ORA #$80
f365    c10842949    i59257102    A:87 X:FF Y:08 S:DB P:NvUbdIzC  $06:80D2: 8D 06 07 STA $0706 = #$0F
f365    c10842953    i59257103    A:87 X:FF Y:08 S:DB P:NvUbdIzC  $06:80D5: 90 35    BCC $810C
f365    c10842955    i59257104    A:87 X:FF Y:08 S:DB P:NvUbdIzC  $06:80D7: A6 F2    LDX $F2 = #$10
f365    c10842958    i59257105    A:87 X:10 Y:08 S:DB P:nvUbdIzC  $06:80D9: DE 07 07 DEC $0707,X @ $0717 = #$03
f365    c10842965    i59257106    A:87 X:10 Y:08 S:DB P:nvUbdIzC  $06:80DC: D0 03    BNE $80E1
f365    c10842968    i59257107    A:87 X:10 Y:08 S:DB P:nvUbdIzC  $06:80E1: A6 F2    LDX $F2 = #$10
f365    c10842971    i59257108    A:87 X:10 Y:08 S:DB P:nvUbdIzC  $06:80E3: DE 09 07 DEC $0709,X @ $0719 = #$01
f365    c10842978    i59257109    A:87 X:10 Y:08 S:DB P:nvUbdIZC  $06:80E6: D0 21    BNE $8109
f366    c10872621    i59266542    A:08 X:FF Y:08 S:DB P:nvUbdIzc  $06:8119: C6 F3    DEC $F3 = #$07
f366    c10872626    i59266543    A:08 X:FF Y:08 S:DB P:nvUbdIzc  $06:811B: D0 AD    BNE $80CA
f366    c10872630    i59266544    A:08 X:FF Y:08 S:DB P:nvUbdIzc  $06:80CA: AD 06 07 LDA $0706 = #$3C
f366    c10872634    i59266545    A:3C X:FF Y:08 S:DB P:nvUbdIzc  $06:80CD: 4A       LSR
f366    c10872636    i59266546    A:1E X:FF Y:08 S:DB P:nvUbdIzc  $06:80CE: 90 02    BCC $80D2
f366    c10872639    i59266547    A:1E X:FF Y:08 S:DB P:nvUbdIzc  $06:80D2: 8D 06 07 STA $0706 = #$3C
f366    c10872643    i59266548    A:1E X:FF Y:08 S:DB P:nvUbdIzc  $06:80D5: 90 35    BCC $810C
f366    c10872647    i59266549    A:1E X:FF Y:08 S:DB P:nvUbdIzc  $06:810C: 18       CLC
f366    c10872649    i59266550    A:1E X:FF Y:08 S:DB P:nvUbdIzc  $06:810D: A9 10    LDA #$10
f366    c10872651    i59266551    A:10 X:FF Y:08 S:DB P:nvUbdIzc  $06:810F: 65 F0    ADC $F0 = #$47
f366    c10872654    i59266552    A:57 X:FF Y:08 S:DB P:nvUbdIzc  $06:8111: 85 F0    STA $F0 = #$47
f366    c10872657    i59266553    A:57 X:FF Y:08 S:DB P:nvUbdIzc  $06:8113: A9 04    LDA #$04
f366    c10872659    i59266554    A:04 X:FF Y:08 S:DB P:nvUbdIzc  $06:8115: 65 F2    ADC $F2 = #$08
f366    c10872662    i59266555    A:0C X:FF Y:08 S:DB P:nvUbdIzc  $06:8117: 85 F2    STA $F2 = #$08
f366    c10872665    i59266556    A:0C X:FF Y:08 S:DB P:nvUbdIzc  $06:8119: C6 F3    DEC $F3 = #$06
f366    c10872670    i59266557    A:0C X:FF Y:08 S:DB P:nvUbdIzc  $06:811B: D0 AD    BNE $80CA
f366    c10872674    i59266558    A:0C X:FF Y:08 S:DB P:nvUbdIzc  $06:80CA: AD 06 07 LDA $0706 = #$1E
f366    c10872678    i59266559    A:1E X:FF Y:08 S:DB P:nvUbdIzc  $06:80CD: 4A       LSR
f366    c10872680    i59266560    A:0F X:FF Y:08 S:DB P:nvUbdIzc  $06:80CE: 90 02    BCC $80D2
f366    c10872683    i59266561    A:0F X:FF Y:08 S:DB P:nvUbdIzc  $06:80D2: 8D 06 07 STA $0706 = #$1E
f366    c10872687    i59266562    A:0F X:FF Y:08 S:DB P:nvUbdIzc  $06:80D5: 90 35    BCC $810C
f366    c10872691    i59266563    A:0F X:FF Y:08 S:DB P:nvUbdIzc  $06:810C: 18       CLC
f366    c10872693    i59266564    A:0F X:FF Y:08 S:DB P:nvUbdIzc  $06:810D: A9 10    LDA #$10
f366    c10872695    i59266565    A:10 X:FF Y:08 S:DB P:nvUbdIzc  $06:810F: 65 F0    ADC $F0 = #$57
f366    c10872698    i59266566    A:67 X:FF Y:08 S:DB P:nvUbdIzc  $06:8111: 85 F0    STA $F0 = #$57
f366    c10872701    i59266567    A:67 X:FF Y:08 S:DB P:nvUbdIzc  $06:8113: A9 04    LDA #$04
f366    c10872703    i59266568    A:04 X:FF Y:08 S:DB P:nvUbdIzc  $06:8115: 65 F2    ADC $F2 = #$0C
f366    c10872706    i59266569    A:10 X:FF Y:08 S:DB P:nvUbdIzc  $06:8117: 85 F2    STA $F2 = #$0C
f366    c10872709    i59266570    A:10 X:FF Y:08 S:DB P:nvUbdIzc  $06:8119: C6 F3    DEC $F3 = #$05
f366    c10872714    i59266571    A:10 X:FF Y:08 S:DB P:nvUbdIzc  $06:811B: D0 AD    BNE $80CA
f366    c10872718    i59266572    A:10 X:FF Y:08 S:DB P:nvUbdIzc  $06:80CA: AD 06 07 LDA $0706 = #$0F
f366    c10872722    i59266573    A:0F X:FF Y:08 S:DB P:nvUbdIzc  $06:80CD: 4A       LSR
f366    c10872724    i59266574    A:07 X:FF Y:08 S:DB P:nvUbdIzC  $06:80CE: 90 02    BCC $80D2
f366    c10872726    i59266575    A:07 X:FF Y:08 S:DB P:nvUbdIzC  $06:80D0: 09 80    ORA #$80
f366    c10872728    i59266576    A:87 X:FF Y:08 S:DB P:NvUbdIzC  $06:80D2: 8D 06 07 STA $0706 = #$0F
f366    c10872732    i59266577    A:87 X:FF Y:08 S:DB P:NvUbdIzC  $06:80D5: 90 35    BCC $810C
f366    c10872734    i59266578    A:87 X:FF Y:08 S:DB P:NvUbdIzC  $06:80D7: A6 F2    LDX $F2 = #$10
f366    c10872737    i59266579    A:87 X:10 Y:08 S:DB P:nvUbdIzC  $06:80D9: DE 07 07 DEC $0707,X @ $0717 = #$02
f366    c10872744    i59266580    A:87 X:10 Y:08 S:DB P:nvUbdIzC  $06:80DC: D0 03    BNE $80E1
f366    c10872747    i59266581    A:87 X:10 Y:08 S:DB P:nvUbdIzC  $06:80E1: A6 F2    LDX $F2 = #$10
f366    c10872750    i59266582    A:87 X:10 Y:08 S:DB P:nvUbdIzC  $06:80E3: DE 09 07 DEC $0709,X @ $0719 = #$FF
f366    c10872757    i59266583    A:87 X:10 Y:08 S:DB P:NvUbdIzC  $06:80E6: D0 21    BNE $8109
f367    c10900836    i59275515    A:60 X:1C Y:01 S:DB P:nvUbdIzC  $01:A036: BD EB 05 LDA $05EB,X @ $0607 = #$60
f367    c10900841    i59275516    A:60 X:1C Y:01 S:DB P:nvUbdIzC  $01:A039: 8D 07 20 STA $2007 = #$00
f367    c10900845    i59275517    A:60 X:1C Y:01 S:DB P:nvUbdIzC  $01:A03C: E8       INX
f367    c10900847    i59275518    A:60 X:1D Y:01 S:DB P:nvUbdIzC  $01:A03D: 88       DEY
f367    c10900849    i59275519    A:60 X:1D Y:00 S:DB P:nvUbdIZC  $01:A03E: D0 F6    BNE $A036
f367    c10900851    i59275520    A:60 X:1D Y:00 S:DB P:nvUbdIZC  $01:A040: E8       INX
f367    c10900853    i59275521    A:60 X:1E Y:00 S:DB P:nvUbdIzC  $01:A041: E8       INX
f367    c10900855    i59275522    A:60 X:1F Y:00 S:DB P:nvUbdIzC  $01:A042: E8       INX
f367    c10900857    i59275523    A:60 X:20 Y:00 S:DB P:nvUbdIzC  $01:A043: BD E8 05 LDA $05E8,X @ $0608 = #$04
f367    c10900862    i59275524    A:04 X:20 Y:00 S:DB P:nvUbdIzC  $01:A046: D0 D3    BNE $A01B
f367    c10900865    i59275525    A:04 X:20 Y:00 S:DB P:nvUbdIzC  $01:A01B: A0 80    LDY #$80
f367    c10900867    i59275526    A:04 X:20 Y:80 S:DB P:NvUbdIzC  $01:A01D: BD E8 05 LDA $05E8,X @ $0608 = #$04
f367    c10900872    i59275527    A:04 X:20 Y:80 S:DB P:nvUbdIzC  $01:A020: 10 04    BPL $A026
f367    c10900875    i59275528    A:04 X:20 Y:80 S:DB P:nvUbdIzC  $01:A026: 8C 00 20 STY $2000 = #$80
f367    c10900879    i59275529    A:04 X:20 Y:80 S:DB P:nvUbdIzC  $01:A029: A8       TAY
f367    c10900881    i59275530    A:04 X:20 Y:04 S:DB P:nvUbdIzC  $01:A02A: BD EA 05 LDA $05EA,X @ $060A = #$25
f367    c10900886    i59275531    A:25 X:20 Y:04 S:DB P:nvUbdIzC  $01:A02D: 8D 06 20 STA $2006 = #$0C
f367    c10900890    i59275532    A:25 X:20 Y:04 S:DB P:nvUbdIzC  $01:A030: BD E9 05 LDA $05E9,X @ $0609 = #$28
f367    c10900895    i59275533    A:28 X:20 Y:04 S:DB P:nvUbdIzC  $01:A033: 8D 06 20 STA $2006 = #$0C
f367    c10900899    i59275534    A:28 X:20 Y:04 S:DB P:nvUbdIzC  $01:A036: BD EB 05 LDA $05EB,X @ $060B = #$62
f367    c10900904    i59275535    A:62 X:20 Y:04 S:DB P:nvUbdIzC  $01:A039: 8D 07 20 STA $2007 = #$00
f367    c10900908    i59275536    A:62 X:20 Y:04 S:DB P:nvUbdIzC  $01:A03C: E8       INX
f367    c10900910    i59275537    A:62 X:21 Y:04 S:DB P:nvUbdIzC  $01:A03D: 88       DEY
f367    c10900912    i59275538    A:62 X:21 Y:03 S:DB P:nvUbdIzC  $01:A03E: D0 F6    BNE $A036
f367    c10900915    i59275539    A:62 X:21 Y:03 S:DB P:nvUbdIzC  $01:A036: BD EB 05 LDA $05EB,X @ $060C = #$62
f367    c10900920    i59275540    A:62 X:21 Y:03 S:DB P:nvUbdIzC  $01:A039: 8D 07 20 STA $2007 = #$00
f367    c10900924    i59275541    A:62 X:21 Y:03 S:DB P:nvUbdIzC  $01:A03C: E8       INX
f367    c10900926    i59275542    A:62 X:22 Y:03 S:DB P:nvUbdIzC  $01:A03D: 88       DEY
f367    c10900928    i59275543    A:62 X:22 Y:02 S:DB P:nvUbdIzC  $01:A03E: D0 F6    BNE $A036
f367    c10900931    i59275544    A:62 X:22 Y:02 S:DB P:nvUbdIzC  $01:A036: BD EB 05 LDA $05EB,X @ $060D = #$62
f367    c10900936    i59275545    A:62 X:22 Y:02 S:DB P:nvUbdIzC  $01:A039: 8D 07 20 STA $2007 = #$00
f367    c10900940    i59275546    A:62 X:22 Y:02 S:DB P:nvUbdIzC  $01:A03C: E8       INX
f367    c10900942    i59275547    A:62 X:23 Y:02 S:DB P:nvUbdIzC  $01:A03D: 88       DEY
f367    c10900944    i59275548    A:62 X:23 Y:01 S:DB P:nvUbdIzC  $01:A03E: D0 F6    BNE $A036
f367    c10900947    i59275549    A:62 X:23 Y:01 S:DB P:nvUbdIzC  $01:A036: BD EB 05 LDA $05EB,X @ $060E = #$62
f367    c10900952    i59275550    A:62 X:23 Y:01 S:DB P:nvUbdIzC  $01:A039: 8D 07 20 STA $2007 = #$00
f367    c10900956    i59275551    A:62 X:23 Y:01 S:DB P:nvUbdIzC  $01:A03C: E8       INX
f367    c10900958    i59275552    A:62 X:24 Y:01 S:DB P:nvUbdIzC  $01:A03D: 88       DEY
f367    c10900960    i59275553    A:62 X:24 Y:00 S:DB P:nvUbdIZC  $01:A03E: D0 F6    BNE $A036
f367    c10900962    i59275554    A:62 X:24 Y:00 S:DB P:nvUbdIZC  $01:A040: E8       INX
f367    c10900964    i59275555    A:62 X:25 Y:00 S:DB P:nvUbdIzC  $01:A041: E8       INX
f367    c10900966    i59275556    A:62 X:26 Y:00 S:DB P:nvUbdIzC  $01:A042: E8       INX
f367    c10901776    i59275810    A:00 X:01 Y:07 S:DB P:nvUbdIzc  $01:A0ED: BD 15 40 LDA $4015,X @ $4016 = #$00
f367    c10901780    i59275811    A:40 X:01 Y:07 S:DB P:nvUbdIzc  $01:A0F0: 4A       LSR
f367    c10901782    i59275812    A:20 X:01 Y:07 S:DB P:nvUbdIzc  $01:A0F1: 26 3F    ROL $3F = #$00
f367    c10901787    i59275813    A:20 X:01 Y:07 S:DB P:nvUbdIZc  $01:A0F3: 29 01    AND #$01
f367    c10901789    i59275814    A:00 X:01 Y:07 S:DB P:nvUbdIZc  $01:A0F5: 05 3F    ORA $3F = #$00
f367    c10901792    i59275815    A:00 X:01 Y:07 S:DB P:nvUbdIZc  $01:A0F7: 85 3F    STA $3F = #$00
f367    c10901795    i59275816    A:00 X:01 Y:07 S:DB P:nvUbdIZc  $01:A0F9: 88       DEY
f367    c10901797    i59275817    A:00 X:01 Y:06 S:DB P:nvUbdIzc  $01:A0FA: D0 F1    BNE $A0ED
f367    c10901800    i59275818    A:00 X:01 Y:06 S:DB P:nvUbdIzc  $01:A0ED: BD 15 40 LDA $4015,X @ $4016 = #$00
f367    c10901804    i59275819    A:40 X:01 Y:06 S:DB P:nvUbdIzc  $01:A0F0: 4A       LSR
f367    c10901806    i59275820    A:20 X:01 Y:06 S:DB P:nvUbdIzc  $01:A0F1: 26 3F    ROL $3F = #$00
f367    c10901811    i59275821    A:20 X:01 Y:06 S:DB P:nvUbdIZc  $01:A0F3: 29 01    AND #$01
f367    c10901813    i59275822    A:00 X:01 Y:06 S:DB P:nvUbdIZc  $01:A0F5: 05 3F    ORA $3F = #$00
f367    c10901816    i59275823    A:00 X:01 Y:06 S:DB P:nvUbdIZc  $01:A0F7: 85 3F    STA $3F = #$00
f367    c10901819    i59275824    A:00 X:01 Y:06 S:DB P:nvUbdIZc  $01:A0F9: 88       DEY
f367    c10901821    i59275825    A:00 X:01 Y:05 S:DB P:nvUbdIzc  $01:A0FA: D0 F1    BNE $A0ED
f367    c10901824    i59275826    A:00 X:01 Y:05 S:DB P:nvUbdIzc  $01:A0ED: BD 15 40 LDA $4015,X @ $4016 = #$00
f367    c10901828    i59275827    A:40 X:01 Y:05 S:DB P:nvUbdIzc  $01:A0F0: 4A       LSR
f367    c10901830    i59275828    A:20 X:01 Y:05 S:DB P:nvUbdIzc  $01:A0F1: 26 3F    ROL $3F = #$00
f367    c10901835    i59275829    A:20 X:01 Y:05 S:DB P:nvUbdIZc  $01:A0F3: 29 01    AND #$01
f367    c10901837    i59275830    A:00 X:01 Y:05 S:DB P:nvUbdIZc  $01:A0F5: 05 3F    ORA $3F = #$00
f367    c10901840    i59275831    A:00 X:01 Y:05 S:DB P:nvUbdIZc  $01:A0F7: 85 3F    STA $3F = #$00
f367    c10901843    i59275832    A:00 X:01 Y:05 S:DB P:nvUbdIZc  $01:A0F9: 88       DEY
f367    c10901845    i59275833    A:00 X:01 Y:04 S:DB P:nvUbdIzc  $01:A0FA: D0 F1    BNE $A0ED
f367    c10901848    i59275834    A:00 X:01 Y:04 S:DB P:nvUbdIzc  $01:A0ED: BD 15 40 LDA $4015,X @ $4016 = #$00
f367    c10901852    i59275835    A:40 X:01 Y:04 S:DB P:nvUbdIzc  $01:A0F0: 4A       LSR
f367    c10901854    i59275836    A:20 X:01 Y:04 S:DB P:nvUbdIzc  $01:A0F1: 26 3F    ROL $3F = #$00
f367    c10901859    i59275837    A:20 X:01 Y:04 S:DB P:nvUbdIZc  $01:A0F3: 29 01    AND #$01
f367    c10901861    i59275838    A:00 X:01 Y:04 S:DB P:nvUbdIZc  $01:A0F5: 05 3F    ORA $3F = #$00
f367    c10901864    i59275839    A:00 X:01 Y:04 S:DB P:nvUbdIZc  $01:A0F7: 85 3F    STA $3F = #$00
f367    c10901867    i59275840    A:00 X:01 Y:04 S:DB P:nvUbdIZc  $01:A0F9: 88       DEY
f367    c10901869    i59275841    A:00 X:01 Y:03 S:DB P:nvUbdIzc  $01:A0FA: D0 F1    BNE $A0ED
f367    c10901872    i59275842    A:00 X:01 Y:03 S:DB P:nvUbdIzc  $01:A0ED: BD 15 40 LDA $4015,X @ $4016 = #$00
f367    c10901876    i59275843    A:40 X:01 Y:03 S:DB P:nvUbdIzc  $01:A0F0: 4A       LSR
f367    c10901878    i59275844    A:20 X:01 Y:03 S:DB P:nvUbdIzc  $01:A0F1: 26 3F    ROL $3F = #$00
f367    c10901883    i59275845    A:20 X:01 Y:03 S:DB P:nvUbdIZc  $01:A0F3: 29 01    AND #$01
f367    c10901885    i59275846    A:00 X:01 Y:03 S:DB P:nvUbdIZc  $01:A0F5: 05 3F    ORA $3F = #$00
f367    c10901888    i59275847    A:00 X:01 Y:03 S:DB P:nvUbdIZc  $01:A0F7: 85 3F    STA $3F = #$00
f367    c10901891    i59275848    A:00 X:01 Y:03 S:DB P:nvUbdIZc  $01:A0F9: 88       DEY
f367    c10901893    i59275849    A:00 X:01 Y:02 S:DB P:nvUbdIzc  $01:A0FA: D0 F1    BNE $A0ED
f367    c10901896    i59275850    A:00 X:01 Y:02 S:DB P:nvUbdIzc  $01:A0ED: BD 15 40 LDA $4015,X @ $4016 = #$00
f367    c10901900    i59275851    A:40 X:01 Y:02 S:DB P:nvUbdIzc  $01:A0F0: 4A       LSR
f367    c10902961    i59276190    A:00 X:03 Y:02 S:D9 P:nvUbdIzc  $06:83EB: 10 F2    BPL $83DF
f367    c10902964    i59276191    A:00 X:03 Y:02 S:D9 P:nvUbdIzc  $06:83DF: B1 F4    LDA ($F4),Y @ $B9A4 = #$E0
f367    c10902969    i59276192    A:E0 X:03 Y:02 S:D9 P:NvUbdIzc  $06:83E1: 10 21    BPL $8404
f367    c10902971    i59276193    A:E0 X:03 Y:02 S:D9 P:NvUbdIzc  $06:83E3: C8       INY
f367    c10902973    i59276194    A:E0 X:03 Y:03 S:D9 P:nvUbdIzc  $06:83E4: C9 E0    CMP #$E0
f367    c10902975    i59276195    A:E0 X:03 Y:03 S:D9 P:nvUbdIZC  $06:83E6: 90 05    BCC $83ED
f367    c10902977    i59276196    A:E0 X:03 Y:03 S:D9 P:nvUbdIZC  $06:83E8: 20 C9 84 JSR $84C9
f367    c10902983    i59276197    A:E0 X:03 Y:03 S:D7 P:nvUbdIZC  $06:84C9: 29 1F    AND #$1F
f367    c10902985    i59276198    A:00 X:03 Y:03 S:D7 P:nvUbdIZC  $06:84CB: 0A       ASL
f367    c10902987    i59276199    A:00 X:03 Y:03 S:D7 P:nvUbdIZc  $06:84CC: AA       TAX
f367    c10902989    i59276200    A:00 X:00 Y:03 S:D7 P:nvUbdIZc  $06:84CD: BD DA 84 LDA $84DA,X @ $84DA = #$44
f367    c10902993    i59276201    A:44 X:00 Y:03 S:D7 P:nvUbdIzc  $06:84D0: 85 F6    STA $F6 = #$81
f367    c10902996    i59276202    A:44 X:00 Y:03 S:D7 P:nvUbdIzc  $06:84D2: BD DB 84 LDA $84DB,X @ $84DB = #$85
f367    c10903000    i59276203    A:85 X:00 Y:03 S:D7 P:NvUbdIzc  $06:84D5: 85 F7    STA $F7 = #$86
f367    c10903003    i59276204    A:85 X:00 Y:03 S:D7 P:NvUbdIzc  $06:84D7: 6C F6 00 JMP ($00F6) = $8544
f367    c10903008    i59276205    A:85 X:00 Y:03 S:D7 P:NvUbdIzc  $06:8544: B1 F4    LDA ($F4),Y @ $B9A5 = #$23
f367    c10903013    i59276206    A:23 X:00 Y:03 S:D7 P:nvUbdIzc  $06:8546: C8       INY
f367    c10903015    i59276207    A:23 X:00 Y:04 S:D7 P:nvUbdIzc  $06:8547: 84 F6    STY $F6 = #$44
f367    c10903018    i59276208    A:23 X:00 Y:04 S:D7 P:nvUbdIzc  $06:8549: 0A       ASL
f367    c10903020    i59276209    A:46 X:00 Y:04 S:D7 P:nvUbdIzc  $06:854A: AA       TAX
f367    c10903022    i59276210    A:46 X:46 Y:04 S:D7 P:nvUbdIzc  $06:854B: BD 54 87 LDA $8754,X @ $879A = #$9C
f367    c10903026    i59276211    A:9C X:46 Y:04 S:D7 P:NvUbdIzc  $06:854E: A8       TAY
f367    c10903028    i59276212    A:9C X:46 Y:9C S:D7 P:NvUbdIzc  $06:854F: BD 55 87 LDA $8755,X @ $879B = #$88
f367    c10903032    i59276213    A:88 X:46 Y:9C S:D7 P:NvUbdIzc  $06:8552: AA       TAX
f367    c10903034    i59276214    A:88 X:88 Y:9C S:D7 P:NvUbdIzc  $06:8553: 98       TYA
f367    c10903036    i59276215    A:9C X:88 Y:9C S:D7 P:NvUbdIzc  $06:8554: A0 02    LDY #$02
f367    c10903038    i59276216    A:9C X:88 Y:02 S:D7 P:nvUbdIzc  $06:8556: 91 F0    STA ($F0),Y @ $0769 = #$92
f367    c10903044    i59276217    A:9C X:88 Y:02 S:D7 P:nvUbdIzc  $06:8558: C8       INY
f367    c10903046    i59276218    A:9C X:88 Y:03 S:D7 P:nvUbdIzc  $06:8559: 8A       TXA
f367    c10903048    i59276219    A:88 X:88 Y:03 S:D7 P:NvUbdIzc  $06:855A: 91 F0    STA ($F0),Y @ $076A = #$88
f367    c10903054    i59276220    A:88 X:88 Y:03 S:D7 P:NvUbdIzc  $06:855C: A4 F6    LDY $F6 = #$04
f367    c10903057    i59276221    A:88 X:88 Y:04 S:D7 P:nvUbdIzc  $06:855E: 60       RTS (from $84C9)
f367    c10903063    i59276222    A:88 X:88 Y:04 S:D9 P:nvUbdIzc  $06:83EB: 10 F2    BPL $83DF
f367    c10903066    i59276223    A:88 X:88 Y:04 S:D9 P:nvUbdIzc  $06:83DF: B1 F4    LDA ($F4),Y @ $B9A6 = #$8C
f367    c10903071    i59276224    A:8C X:88 Y:04 S:D9 P:NvUbdIzc  $06:83E1: 10 21    BPL $8404
f367    c10903073    i59276225    A:8C X:88 Y:04 S:D9 P:NvUbdIzc  $06:83E3: C8       INY
f367    c10903075    i59276226    A:8C X:88 Y:05 S:D9 P:nvUbdIzc  $06:83E4: C9 E0    CMP #$E0
f367    c10903077    i59276227    A:8C X:88 Y:05 S:D9 P:NvUbdIzc  $06:83E6: 90 05    BCC $83ED
f367    c10903080    i59276228    A:8C X:88 Y:05 S:D9 P:NvUbdIzc  $06:83ED: C9 B0    CMP #$B0
f367    c10903082    i59276229    A:8C X:88 Y:05 S:D9 P:NvUbdIzc  $06:83EF: 90 03    BCC $83F4
f367    c10903085    i59276230    A:8C X:88 Y:05 S:D9 P:NvUbdIzc  $06:83F4: 29 3F    AND #$3F
f367    c10903087    i59276231    A:0C X:88 Y:05 S:D9 P:nvUbdIzc  $06:83F6: AA       TAX
f367    c10903496    i59276358    A:C4 X:10 Y:03 S:D9 P:NvUbdIzC  $06:8241: A0 06    LDY #$06
f367    c10903498    i59276359    A:C4 X:10 Y:06 S:D9 P:nvUbdIzC  $06:8243: 91 F0    STA ($F0),Y @ $076D = #$02
f367    c10903504    i59276360    A:C4 X:10 Y:06 S:D9 P:nvUbdIzC  $06:8245: A6 F3    LDX $F3 = #$04
f367    c10903507    i59276361    A:C4 X:04 Y:06 S:D9 P:nvUbdIzC  $06:8247: CA       DEX
f367    c10903509    i59276362    A:C4 X:03 Y:06 S:D9 P:nvUbdIzC  $06:8248: BD AF 07 LDA $07AF,X @ $07B2 = #$01
f367    c10903513    i59276363    A:01 X:03 Y:06 S:D9 P:nvUbdIzC  $06:824B: C9 01    CMP #$01
f367    c10903515    i59276364    A:01 X:03 Y:06 S:D9 P:nvUbdIZC  $06:824D: F0 08    BEQ $8257
f367    c10903518    i59276365    A:01 X:03 Y:06 S:D9 P:nvUbdIZC  $06:8257: BD C7 07 LDA $07C7,X @ $07CA = #$00
f367    c10903522    i59276366    A:00 X:03 Y:06 S:D9 P:nvUbdIZC  $06:825A: 0A       ASL
f367    c10903524    i59276367    A:00 X:03 Y:06 S:D9 P:nvUbdIZc  $06:825B: A8       TAY
f367    c10903526    i59276368    A:00 X:03 Y:00 S:D9 P:nvUbdIZc  $06:825C: B9 69 82 LDA $8269,Y @ $8269 = #$97
f367    c10903530    i59276369    A:97 X:03 Y:00 S:D9 P:NvUbdIzc  $06:825F: 85 F9    STA $F9 = #$C9
f367    c10903533    i59276370    A:97 X:03 Y:00 S:D9 P:NvUbdIzc  $06:8261: B9 6A 82 LDA $826A,Y @ $826A = #$82
f367    c10903537    i59276371    A:82 X:03 Y:00 S:D9 P:NvUbdIzc  $06:8264: 85 FA    STA $FA = #$82
f367    c10903540    i59276372    A:82 X:03 Y:00 S:D9 P:NvUbdIzc  $06:8266: 6C F9 00 JMP ($00F9) = $8297
f367    c10903545    i59276373    A:82 X:03 Y:00 S:D9 P:NvUbdIzc  $06:8297: BD B7 07 LDA $07B7,X @ $07BA = #$AB
f367    c10903549    i59276374    A:AB X:03 Y:00 S:D9 P:NvUbdIzc  $06:829A: A0 07    LDY #$07
f367    c10903551    i59276375    A:AB X:03 Y:07 S:D9 P:nvUbdIzc  $06:829C: 91 F0    STA ($F0),Y @ $076E = #$AB
f367    c10903557    i59276376    A:AB X:03 Y:07 S:D9 P:nvUbdIzc  $06:829E: BD BF 07 LDA $07BF,X @ $07C2 = #$81
f367    c10903561    i59276377    A:81 X:03 Y:07 S:D9 P:NvUbdIzc  $06:82A1: C8       INY
f367    c10903563    i59276378    A:81 X:03 Y:08 S:D9 P:nvUbdIzc  $06:82A2: 91 F0    STA ($F0),Y @ $076F = #$81
f367    c10903569    i59276379    A:81 X:03 Y:08 S:D9 P:nvUbdIzc  $06:82A4: BD C7 07 LDA $07C7,X @ $07CA = #$00
f367    c10903573    i59276380    A:00 X:03 Y:08 S:D9 P:nvUbdIZc  $06:82A7: 18       CLC
f367    c10903575    i59276381    A:00 X:03 Y:08 S:D9 P:nvUbdIZc  $06:82A8: 69 01    ADC #$01
f367    c10903577    i59276382    A:01 X:03 Y:08 S:D9 P:nvUbdIzc  $06:82AA: C9 0A    CMP #$0A
f367    c10903579    i59276383    A:01 X:03 Y:08 S:D9 P:NvUbdIzc  $06:82AC: D0 02    BNE $82B0
f367    c10903582    i59276384    A:01 X:03 Y:08 S:D9 P:NvUbdIzc  $06:82B0: 9D C7 07 STA $07C7,X @ $07CA = #$00
f367    c10903587    i59276385    A:01 X:03 Y:08 S:D9 P:NvUbdIzc  $06:82B3: 60       RTS (from $81DB)
f367    c10903593    i59276386    A:01 X:03 Y:08 S:DB P:NvUbdIzc  $06:810C: 18       CLC
f367    c10903595    i59276387    A:01 X:03 Y:08 S:DB P:NvUbdIzc  $06:810D: A9 10    LDA #$10
f367    c10903597    i59276388    A:10 X:03 Y:08 S:DB P:nvUbdIzc  $06:810F: 65 F0    ADC $F0 = #$67
f367    c10903600    i59276389    A:77 X:03 Y:08 S:DB P:nvUbdIzc  $06:8111: 85 F0    STA $F0 = #$67
f367    c10903603    i59276390    A:77 X:03 Y:08 S:DB P:nvUbdIzc  $06:8113: A9 04    LDA #$04
f367    c10903605    i59276391    A:04 X:03 Y:08 S:DB P:nvUbdIzc  $06:8115: 65 F2    ADC $F2 = #$10
f367    c10903608    i59276392    A:14 X:03 Y:08 S:DB P:nvUbdIzc  $06:8117: 85 F2    STA $F2 = #$10
f367    c10903611    i59276393    A:14 X:03 Y:08 S:DB P:nvUbdIzc  $06:8119: C6 F3    DEC $F3 = #$04
f367    c10903616    i59276394    A:14 X:03 Y:08 S:DB P:nvUbdIzc  $06:811B: D0 AD    BNE $80CA
f367    c10903620    i59276395    A:14 X:03 Y:08 S:DB P:nvUbdIzc  $06:80CA: AD 06 07 LDA $0706 = #$87
f367    c10903624    i59276396    A:87 X:03 Y:08 S:DB P:NvUbdIzc  $06:80CD: 4A       LSR
f367    c10903626    i59276397    A:43 X:03 Y:08 S:DB P:nvUbdIzC  $06:80CE: 90 02    BCC $80D2
f367    c10903628    i59276398    A:43 X:03 Y:08 S:DB P:nvUbdIzC  $06:80D0: 09 80    ORA #$80
f368    c10930359    i59284776    A:62 X:0A Y:01 S:DB P:nvUbdIzC  $01:A039: 8D 07 20 STA $2007 = #$00
f368    c10930363    i59284777    A:62 X:0A Y:01 S:DB P:nvUbdIzC  $01:A03C: E8       INX
f368    c10930365    i59284778    A:62 X:0B Y:01 S:DB P:nvUbdIzC  $01:A03D: 88       DEY
f368    c10930367    i59284779    A:62 X:0B Y:00 S:DB P:nvUbdIZC  $01:A03E: D0 F6    BNE $A036
f368    c10930369    i59284780    A:62 X:0B Y:00 S:DB P:nvUbdIZC  $01:A040: E8       INX
f368    c10930371    i59284781    A:62 X:0C Y:00 S:DB P:nvUbdIzC  $01:A041: E8       INX
f368    c10930373    i59284782    A:62 X:0D Y:00 S:DB P:nvUbdIzC  $01:A042: E8       INX
f368    c10930375    i59284783    A:62 X:0E Y:00 S:DB P:nvUbdIzC  $01:A043: BD E8 05 LDA $05E8,X @ $05F6 = #$04
f368    c10930379    i59284784    A:04 X:0E Y:00 S:DB P:nvUbdIzC  $01:A046: D0 D3    BNE $A01B
f368    c10930382    i59284785    A:04 X:0E Y:00 S:DB P:nvUbdIzC  $01:A01B: A0 80    LDY #$80
f368    c10930384    i59284786    A:04 X:0E Y:80 S:DB P:NvUbdIzC  $01:A01D: BD E8 05 LDA $05E8,X @ $05F6 = #$04
f368    c10930388    i59284787    A:04 X:0E Y:80 S:DB P:nvUbdIzC  $01:A020: 10 04    BPL $A026
f368    c10930391    i59284788    A:04 X:0E Y:80 S:DB P:nvUbdIzC  $01:A026: 8C 00 20 STY $2000 = #$80
f368    c10930395    i59284789    A:04 X:0E Y:80 S:DB P:nvUbdIzC  $01:A029: A8       TAY
f368    c10930397    i59284790    A:04 X:0E Y:04 S:DB P:nvUbdIzC  $01:A02A: BD EA 05 LDA $05EA,X @ $05F8 = #$25
f368    c10930401    i59284791    A:25 X:0E Y:04 S:DB P:nvUbdIzC  $01:A02D: 8D 06 20 STA $2006 = #$30
f368    c10930405    i59284792    A:25 X:0E Y:04 S:DB P:nvUbdIzC  $01:A030: BD E9 05 LDA $05E9,X @ $05F7 = #$4C
f368    c10930409    i59284793    A:4C X:0E Y:04 S:DB P:nvUbdIzC  $01:A033: 8D 06 20 STA $2006 = #$30
f368    c10930413    i59284794    A:4C X:0E Y:04 S:DB P:nvUbdIzC  $01:A036: BD EB 05 LDA $05EB,X @ $05F9 = #$68
f368    c10930417    i59284795    A:68 X:0E Y:04 S:DB P:nvUbdIzC  $01:A039: 8D 07 20 STA $2007 = #$00
f368    c10930421    i59284796    A:68 X:0E Y:04 S:DB P:nvUbdIzC  $01:A03C: E8       INX
f368    c10930423    i59284797    A:68 X:0F Y:04 S:DB P:nvUbdIzC  $01:A03D: 88       DEY
f368    c10930425    i59284798    A:68 X:0F Y:03 S:DB P:nvUbdIzC  $01:A03E: D0 F6    BNE $A036
f368    c10930428    i59284799    A:68 X:0F Y:03 S:DB P:nvUbdIzC  $01:A036: BD EB 05 LDA $05EB,X @ $05FA = #$68
f368    c10930432    i59284800    A:68 X:0F Y:03 S:DB P:nvUbdIzC  $01:A039: 8D 07 20 STA $2007 = #$00
f368    c10930436    i59284801    A:68 X:0F Y:03 S:DB P:nvUbdIzC  $01:A03C: E8       INX
f368    c10930438    i59284802    A:68 X:10 Y:03 S:DB P:nvUbdIzC  $01:A03D: 88       DEY
f368    c10930440    i59284803    A:68 X:10 Y:02 S:DB P:nvUbdIzC  $01:A03E: D0 F6    BNE $A036
f368    c10930443    i59284804    A:68 X:10 Y:02 S:DB P:nvUbdIzC  $01:A036: BD EB 05 LDA $05EB,X @ $05FB = #$68
f368    c10930447    i59284805    A:68 X:10 Y:02 S:DB P:nvUbdIzC  $01:A039: 8D 07 20 STA $2007 = #$00
f368    c10930455    i59284806    A:68 X:10 Y:02 S:DB P:nvUbdIzC  $01:A03C: E8       INX
f368    c10930457    i59284807    A:68 X:11 Y:02 S:DB P:nvUbdIzC  $01:A03D: 88       DEY
f368    c10930459    i59284808    A:68 X:11 Y:01 S:DB P:nvUbdIzC  $01:A03E: D0 F6    BNE $A036
f368    c10930462    i59284809    A:68 X:11 Y:01 S:DB P:nvUbdIzC  $01:A036: BD EB 05 LDA $05EB,X @ $05FC = #$68
f368    c10930466    i59284810    A:68 X:11 Y:01 S:DB P:nvUbdIzC  $01:A039: 8D 07 20 STA $2007 = #$00
f368    c10930470    i59284811    A:68 X:11 Y:01 S:DB P:nvUbdIzC  $01:A03C: E8       INX
f368    c10930472    i59284812    A:68 X:12 Y:01 S:DB P:nvUbdIzC  $01:A03D: 88       DEY
f368    c10930474    i59284813    A:68 X:12 Y:00 S:DB P:nvUbdIZC  $01:A03E: D0 F6    BNE $A036
f368    c10930476    i59284814    A:68 X:12 Y:00 S:DB P:nvUbdIZC  $01:A040: E8       INX
f368    c10930478    i59284815    A:68 X:13 Y:00 S:DB P:nvUbdIzC  $01:A041: E8       INX
f368    c10930480    i59284816    A:68 X:14 Y:00 S:DB P:nvUbdIzC  $01:A042: E8       INX
f368    c10930482    i59284817    A:68 X:15 Y:00 S:DB P:nvUbdIzC  $01:A043: BD E8 05 LDA $05E8,X @ $05FD = #$04
f368    c10946387    i59289794    A:40 X:19 Y:00 S:E0 P:nvUbdizC  $00:9F06: 10 FC    BPL $9F04
f368    c10946390    i59289795    A:40 X:19 Y:00 S:E0 P:nvUbdizC  $00:9F04: A5 1B    LDA $1B = #$40
f368    c10946393    i59289796    A:40 X:19 Y:00 S:E0 P:nvUbdizC  $00:9F06: 10 FC    BPL $9F04
f368    c10946396    i59289797    A:40 X:19 Y:00 S:E0 P:nvUbdizC  $00:9F04: A5 1B    LDA $1B = #$40
f368    c10946399    i59289798    A:40 X:19 Y:00 S:E0 P:nvUbdizC  $00:9F06: 10 FC    BPL $9F04
f368    c10946402    i59289799    A:40 X:19 Y:00 S:E0 P:nvUbdizC  $00:9F04: A5 1B    LDA $1B = #$40
f368    c10946405    i59289800    A:40 X:19 Y:00 S:E0 P:nvUbdizC  $00:9F06: 10 FC    BPL $9F04
f368    c10946408    i59289801    A:40 X:19 Y:00 S:E0 P:nvUbdizC  $00:9F04: A5 1B    LDA $1B = #$40
f368    c10946411    i59289802    A:40 X:19 Y:00 S:E0 P:nvUbdizC  $00:9F06: 10 FC    BPL $9F04
f368    c10946414    i59289803    A:40 X:19 Y:00 S:E0 P:nvUbdizC  $00:9F04: A5 1B    LDA $1B = #$40
f368    c10946417    i59289804    A:40 X:19 Y:00 S:E0 P:nvUbdizC  $00:9F06: 10 FC    BPL $9F04
f368    c10946420    i59289805    A:40 X:19 Y:00 S:E0 P:nvUbdizC  $00:9F04: A5 1B    LDA $1B = #$40
f368    c10946423    i59289806    A:40 X:19 Y:00 S:E0 P:nvUbdizC  $00:9F06: 10 FC    BPL $9F04
f368    c10946426    i59289807    A:40 X:19 Y:00 S:E0 P:nvUbdizC  $00:9F04: A5 1B    LDA $1B = #$40
f368    c10946429    i59289808    A:40 X:19 Y:00 S:E0 P:nvUbdizC  $00:9F06: 10 FC    BPL $9F04
f368    c10946436    i59289809    A:40 X:19 Y:00 S:E0 P:nvUbdizC  $00:9F04: A5 1B    LDA $1B = #$40
f368    c10946439    i59289810    A:40 X:19 Y:00 S:E0 P:nvUbdizC  $00:9F06: 10 FC    BPL $9F04
f368    c10946442    i59289811    A:40 X:19 Y:00 S:E0 P:nvUbdizC  $00:9F04: A5 1B    LDA $1B = #$40
f368    c10946445    i59289812    A:40 X:19 Y:00 S:E0 P:nvUbdizC  $00:9F06: 10 FC    BPL $9F04
f368    c10946448    i59289813    A:40 X:19 Y:00 S:E0 P:nvUbdizC  $00:9F04: A5 1B    LDA $1B = #$40
f368    c10946451    i59289814    A:40 X:19 Y:00 S:E0 P:nvUbdizC  $00:9F06: 10 FC    BPL $9F04
f368    c10946454    i59289815    A:40 X:19 Y:00 S:E0 P:nvUbdizC  $00:9F04: A5 1B    LDA $1B = #$40
f368    c10946457    i59289816    A:40 X:19 Y:00 S:E0 P:nvUbdizC  $00:9F06: 10 FC    BPL $9F04
f368    c10946460    i59289817    A:40 X:19 Y:00 S:E0 P:nvUbdizC  $00:9F04: A5 1B    LDA $1B = #$40
f368    c10946463    i59289818    A:40 X:19 Y:00 S:E0 P:nvUbdizC  $00:9F06: 10 FC    BPL $9F04
f368    c10946466    i59289819    A:40 X:19 Y:00 S:E0 P:nvUbdizC  $00:9F04: A5 1B    LDA $1B = #$40
f368    c10946476    i59289820    A:40 X:19 Y:00 S:DD P:nvUbdIzC  $0F:C506: 4C 21 C8 JMP $C821
f368    c10946479    i59289821    A:40 X:19 Y:00 S:DD P:nvUbdIzC  $0F:C821: 24 1B    BIT $1B = #$40
f368    c10946482    i59289822    A:40 X:19 Y:00 S:DD P:nVUbdIzC  $0F:C823: 50 03    BVC $C828
f368    c10946484    i59289823    A:40 X:19 Y:00 S:DD P:nVUbdIzC  $0F:C825: 4C 78 C4 JMP $C478
f368    c10946487    i59289824    A:40 X:19 Y:00 S:DD P:nVUbdIzC  $0F:C478: 24 3B    BIT $3B = #$55
f368    c10946490    i59289825    A:40 X:19 Y:00 S:DD P:nVUbdIzC  $0F:C47A: 30 32    BMI $C4AE
f368    c10946492    i59289826    A:40 X:19 Y:00 S:DD P:nVUbdIzC  $0F:C47C: 38       SEC
f368    c10946494    i59289827    A:40 X:19 Y:00 S:DD P:nVUbdIzC  $0F:C47D: 66 3B    ROR $3B = #$55
f368    c10946499    i59289828    A:40 X:19 Y:00 S:DD P:NVUbdIzC  $0F:C47F: 85 3C    STA $3C = #$40
f368    c10946502    i59289829    A:40 X:19 Y:00 S:DD P:NVUbdIzC  $0F:C481: 86 3D    STX $3D = #$19
f368    c10946505    i59289830    A:40 X:19 Y:00 S:DD P:NVUbdIzC  $0F:C483: 84 3E    STY $3E = #$00
f368    c10946508    i59289831    A:40 X:19 Y:00 S:DD P:NVUbdIzC  $0F:C485: A5 22    LDA $22 = #$00
f368    c10946511    i59289832    A:00 X:19 Y:00 S:DD P:nVUbdIZC  $0F:C487: 09 07    ORA #$07
f368    c10946513    i59289833    A:07 X:19 Y:00 S:DD P:nVUbdIzC  $0F:C489: 8D 00 80 STA $8000 = #$A5
f368    c10946517    i59289834    A:07 X:19 Y:00 S:DD P:nVUbdIzC  $0F:C48C: A9 02    LDA #$02
f368    c10946519    i59289835    A:02 X:19 Y:00 S:DD P:nVUbdIzC  $0F:C48E: 8D 01 80 STA $8001 = #$27
f369    c10961990    i59294741    A:08 X:FF Y:08 S:DB P:nvUbdIzc  $06:8119: C6 F3    DEC $F3 = #$07
f369    c10961995    i59294742    A:08 X:FF Y:08 S:DB P:nvUbdIzc  $06:811B: D0 AD    BNE $80CA
f369    c10961999    i59294743    A:08 X:FF Y:08 S:DB P:nvUbdIzc  $06:80CA: AD 06 07 LDA $0706 = #$3C
f369    c10962003    i59294744    A:3C X:FF Y:08 S:DB P:nvUbdIzc  $06:80CD: 4A       LSR
f369    c10962005    i59294745    A:1E X:FF Y:08 S:DB P:nvUbdIzc  $06:80CE: 90 02    BCC $80D2
f369    c10962008    i59294746    A:1E X:FF Y:08 S:DB P:nvUbdIzc  $06:80D2: 8D 06 07 STA $0706 = #$3C
f369    c10962012    i59294747    A:1E X:FF Y:08 S:DB P:nvUbdIzc  $06:80D5: 90 35    BCC $810C
f369    c10962016    i59294748    A:1E X:FF Y:08 S:DB P:nvUbdIzc  $06:810C: 18       CLC
f369    c10962018    i59294749    A:1E X:FF Y:08 S:DB P:nvUbdIzc  $06:810D: A9 10    LDA #$10
f369    c10962020    i59294750    A:10 X:FF Y:08 S:DB P:nvUbdIzc  $06:810F: 65 F0    ADC $F0 = #$47
f369    c10962023    i59294751    A:57 X:FF Y:08 S:DB P:nvUbdIzc  $06:8111: 85 F0    STA $F0 = #$47
f369    c10962026    i59294752    A:57 X:FF Y:08 S:DB P:nvUbdIzc  $06:8113: A9 04    LDA #$04
f369    c10962028    i59294753    A:04 X:FF Y:08 S:DB P:nvUbdIzc  $06:8115: 65 F2    ADC $F2 = #$08
f369    c10962031    i59294754    A:0C X:FF Y:08 S:DB P:nvUbdIzc  $06:8117: 85 F2    STA $F2 = #$08
f369    c10962034    i59294755    A:0C X:FF Y:08 S:DB P:nvUbdIzc  $06:8119: C6 F3    DEC $F3 = #$06
f369    c10962039    i59294756    A:0C X:FF Y:08 S:DB P:nvUbdIzc  $06:811B: D0 AD    BNE $80CA
f369    c10962043    i59294757    A:0C X:FF Y:08 S:DB P:nvUbdIzc  $06:80CA: AD 06 07 LDA $0706 = #$1E
f369    c10962047    i59294758    A:1E X:FF Y:08 S:DB P:nvUbdIzc  $06:80CD: 4A       LSR
f369    c10962049    i59294759    A:0F X:FF Y:08 S:DB P:nvUbdIzc  $06:80CE: 90 02    BCC $80D2
f369    c10962052    i59294760    A:0F X:FF Y:08 S:DB P:nvUbdIzc  $06:80D2: 8D 06 07 STA $0706 = #$1E
f369    c10962056    i59294761    A:0F X:FF Y:08 S:DB P:nvUbdIzc  $06:80D5: 90 35    BCC $810C
f369    c10962060    i59294762    A:0F X:FF Y:08 S:DB P:nvUbdIzc  $06:810C: 18       CLC
f369    c10962062    i59294763    A:0F X:FF Y:08 S:DB P:nvUbdIzc  $06:810D: A9 10    LDA #$10
f369    c10962064    i59294764    A:10 X:FF Y:08 S:DB P:nvUbdIzc  $06:810F: 65 F0    ADC $F0 = #$57
f369    c10962067    i59294765    A:67 X:FF Y:08 S:DB P:nvUbdIzc  $06:8111: 85 F0    STA $F0 = #$57
f369    c10962070    i59294766    A:67 X:FF Y:08 S:DB P:nvUbdIzc  $06:8113: A9 04    LDA #$04
f369    c10962072    i59294767    A:04 X:FF Y:08 S:DB P:nvUbdIzc  $06:8115: 65 F2    ADC $F2 = #$0C
f369    c10962075    i59294768    A:10 X:FF Y:08 S:DB P:nvUbdIzc  $06:8117: 85 F2    STA $F2 = #$0C
f369    c10962078    i59294769    A:10 X:FF Y:08 S:DB P:nvUbdIzc  $06:8119: C6 F3    DEC $F3 = #$05
f369    c10962083    i59294770    A:10 X:FF Y:08 S:DB P:nvUbdIzc  $06:811B: D0 AD    BNE $80CA
f369    c10962087    i59294771    A:10 X:FF Y:08 S:DB P:nvUbdIzc  $06:80CA: AD 06 07 LDA $0706 = #$0F
f369    c10962091    i59294772    A:0F X:FF Y:08 S:DB P:nvUbdIzc  $06:80CD: 4A       LSR
f369    c10962093    i59294773    A:07 X:FF Y:08 S:DB P:nvUbdIzC  $06:80CE: 90 02    BCC $80D2
f369    c10962095    i59294774    A:07 X:FF Y:08 S:DB P:nvUbdIzC  $06:80D0: 09 80    ORA #$80
f369    c10962097    i59294775    A:87 X:FF Y:08 S:DB P:NvUbdIzC  $06:80D2: 8D 06 07 STA $0706 = #$0F
f369    c10962101    i59294776    A:87 X:FF Y:08 S:DB P:NvUbdIzC  $06:80D5: 90 35    BCC $810C
f369    c10962103    i59294777    A:87 X:FF Y:08 S:DB P:NvUbdIzC  $06:80D7: A6 F2    LDX $F2 = #$10
f369    c10962106    i59294778    A:87 X:10 Y:08 S:DB P:nvUbdIzC  $06:80D9: DE 07 07 DEC $0707,X @ $0717 = #$0D
f369    c10962113    i59294779    A:87 X:10 Y:08 S:DB P:nvUbdIzC  $06:80DC: D0 03    BNE $80E1
f369    c10962116    i59294780    A:87 X:10 Y:08 S:DB P:nvUbdIzC  $06:80E1: A6 F2    LDX $F2 = #$10
f369    c10962119    i59294781    A:87 X:10 Y:08 S:DB P:nvUbdIzC  $06:80E3: DE 09 07 DEC $0709,X @ $0719 = #$03
f369    c10962126    i59294782    A:87 X:10 Y:08 S:DB P:nvUbdIzC  $06:80E6: D0 21    BNE $8109
f369    c10962796    i59294993    A:01 X:18 Y:08 S:D9 P:nvUbdIzc  $06:84BA: A9 00    LDA #$00
f369    c10962798    i59294994    A:00 X:18 Y:08 S:D9 P:nvUbdIZc  $06:84BC: A0 04    LDY #$04
f369    c10962800    i59294995    A:00 X:18 Y:04 S:D9 P:nvUbdIzc  $06:84BE: 91 F0    STA ($F0),Y @ $078B = #$02
f369    c10962806    i59294996    A:00 X:18 Y:04 S:D9 P:nvUbdIzc  $06:84C0: A6 F2    LDX $F2 = #$18
f369    c10962809    i59294997    A:00 X:18 Y:04 S:D9 P:nvUbdIzc  $06:84C2: BD 08 07 LDA $0708,X @ $0720 = #$01
f369    c10962813    i59294998    A:01 X:18 Y:04 S:D9 P:nvUbdIzc  $06:84C5: 9D 07 07 STA $0707,X @ $071F = #$00
f369    c10962818    i59294999    A:01 X:18 Y:04 S:D9 P:nvUbdIzc  $06:84C8: 60       RTS (from $83CB)
f369    c10962824    i59295000    A:01 X:18 Y:04 S:DB P:nvUbdIzc  $06:80E1: A6 F2    LDX $F2 = #$18
f369    c10962827    i59295001    A:01 X:18 Y:04 S:DB P:nvUbdIzc  $06:80E3: DE 09 07 DEC $0709,X @ $0721 = #$01
f369    c10962834    i59295002    A:01 X:18 Y:04 S:DB P:nvUbdIZc  $06:80E6: D0 21    BNE $8109
f369    c10962836    i59295003    A:01 X:18 Y:04 S:DB P:nvUbdIZc  $06:80E8: A0 02    LDY #$02
f369    c10962838    i59295004    A:01 X:18 Y:02 S:DB P:nvUbdIzc  $06:80EA: B1 F0    LDA ($F0),Y @ $0789 = #$D6
f369    c10962843    i59295005    A:D6 X:18 Y:02 S:DB P:NvUbdIzc  $06:80EC: 85 F6    STA $F6 = #$00
f369    c10962850    i59295006    A:D6 X:18 Y:02 S:DB P:NvUbdIzc  $06:80EE: C8       INY
f369    c10962852    i59295007    A:D6 X:18 Y:03 S:DB P:nvUbdIzc  $06:80EF: B1 F0    LDA ($F0),Y @ $078A = #$8B
f369    c10962857    i59295008    A:8B X:18 Y:03 S:DB P:NvUbdIzc  $06:80F1: 85 F7    STA $F7 = #$09
f369    c10962860    i59295009    A:8B X:18 Y:03 S:DB P:NvUbdIzc  $06:80F3: C8       INY
f369    c10962862    i59295010    A:8B X:18 Y:04 S:DB P:nvUbdIzc  $06:80F4: B1 F0    LDA ($F0),Y @ $078B = #$00
f369    c10962867    i59295011    A:00 X:18 Y:04 S:DB P:nvUbdIZc  $06:80F6: 48       PHA
f369    c10962870    i59295012    A:00 X:18 Y:04 S:DA P:nvUbdIZc  $06:80F7: 18       CLC
f369    c10962872    i59295013    A:00 X:18 Y:04 S:DA P:nvUbdIZc  $06:80F8: 69 02    ADC #$02
f369    c10962874    i59295014    A:02 X:18 Y:04 S:DA P:nvUbdIzc  $06:80FA: 91 F0    STA ($F0),Y @ $078B = #$00
f369    c10962880    i59295015    A:02 X:18 Y:04 S:DA P:nvUbdIzc  $06:80FC: 68       PLA
f369    c10962884    i59295016    A:00 X:18 Y:04 S:DB P:nvUbdIZc  $06:80FD: A8       TAY
f369    c10962886    i59295017    A:00 X:18 Y:00 S:DB P:nvUbdIZc  $06:80FE: B1 F6    LDA ($F6),Y @ $8BD6 = #$0E
f369    c10962891    i59295018    A:0E X:18 Y:00 S:DB P:nvUbdIzc  $06:8100: 9D 09 07 STA $0709,X @ $0721 = #$00
f369    c10962896    i59295019    A:0E X:18 Y:00 S:DB P:nvUbdIzc  $06:8103: C8       INY
f369    c10962898    i59295020    A:0E X:18 Y:01 S:DB P:nvUbdIzc  $06:8104: B1 F6    LDA ($F6),Y @ $8BD7 = #$0F
f369    c10962903    i59295021    A:0F X:18 Y:01 S:DB P:nvUbdIzc  $06:8106: 9D 0A 07 STA $070A,X @ $0722 = #$0F
f369    c10962908    i59295022    A:0F X:18 Y:01 S:DB P:nvUbdIzc  $06:8109: 20 DB 81 JSR $81DB
f369    c10962914    i59295023    A:0F X:18 Y:01 S:D9 P:nvUbdIzc  $06:81DB: A0 05    LDY #$05
f369    c10962916    i59295024    A:0F X:18 Y:05 S:D9 P:nvUbdIzc  $06:81DD: B1 F0    LDA ($F0),Y @ $078C = #$00
f369    c10962921    i59295025    A:00 X:18 Y:05 S:D9 P:nvUbdIZc  $06:81DF: AA       TAX
f369    c10962923    i59295026    A:00 X:00 Y:05 S:D9 P:nvUbdIZc  $06:81E0: 29 F0    AND #$F0
f369    c10962925    i59295027    A:00 X:00 Y:05 S:D9 P:nvUbdIZc  $06:81E2: 85 F6    STA $F6 = #$D6
f369    c10962928    i59295028    A:00 X:00 Y:05 S:D9 P:nvUbdIZc  $06:81E4: 29 20    AND #$20
f369    c10962930    i59295029    A:00 X:00 Y:05 S:D9 P:nvUbdIZc  $06:81E6: F0 06    BEQ $81EE
f369    c10962933    i59295030    A:00 X:00 Y:05 S:D9 P:nvUbdIZc  $06:81EE: 8A       TXA
f369    c10962935    i59295031    A:00 X:00 Y:05 S:D9 P:nvUbdIZc  $06:81EF: 29 0F    AND #$0F
f369    c10962937    i59295032    A:00 X:00 Y:05 S:D9 P:nvUbdIZc  $06:81F1: 85 F7    STA $F7 = #$8B
f369    c10962940    i59295033    A:00 X:00 Y:05 S:D9 P:nvUbdIZc  $06:81F3: A4 F3    LDY $F3 = #$02
f370    c10991767    i59304127    A:08 X:FF Y:08 S:DB P:nvUbdIzc  $06:8119: C6 F3    DEC $F3 = #$07
f370    c10991772    i59304128    A:08 X:FF Y:08 S:DB P:nvUbdIzc  $06:811B: D0 AD    BNE $80CA
f370    c10991776    i59304129    A:08 X:FF Y:08 S:DB P:nvUbdIzc  $06:80CA: AD 06 07 LDA $0706 = #$3C
f370    c10991780    i59304130    A:3C X:FF Y:08 S:DB P:nvUbdIzc  $06:80CD: 4A       LSR
f370    c10991782    i59304131    A:1E X:FF Y:08 S:DB P:nvUbdIzc  $06:80CE: 90 02    BCC $80D2
f370    c10991785    i59304132    A:1E X:FF Y:08 S:DB P:nvUbdIzc  $06:80D2: 8D 06 07 STA $0706 = #$3C
f370    c10991789    i59304133    A:1E X:FF Y:08 S:DB P:nvUbdIzc  $06:80D5: 90 35    BCC $810C
f370    c10991797    i59304134    A:1E X:FF Y:08 S:DB P:nvUbdIzc  $06:810C: 18       CLC
f370    c10991799    i59304135    A:1E X:FF Y:08 S:DB P:nvUbdIzc  $06:810D: A9 10    LDA #$10
f370    c10991801    i59304136    A:10 X:FF Y:08 S:DB P:nvUbdIzc  $06:810F: 65 F0    ADC $F0 = #$47
f370    c10991804    i59304137    A:57 X:FF Y:08 S:DB P:nvUbdIzc  $06:8111: 85 F0    STA $F0 = #$47
f370    c10991807    i59304138    A:57 X:FF Y:08 S:DB P:nvUbdIzc  $06:8113: A9 04    LDA #$04
f370    c10991809    i59304139    A:04 X:FF Y:08 S:DB P:nvUbdIzc  $06:8115: 65 F2    ADC $F2 = #$08
f370    c10991812    i59304140    A:0C X:FF Y:08 S:DB P:nvUbdIzc  $06:8117: 85 F2    STA $F2 = #$08
f370    c10991815    i59304141    A:0C X:FF Y:08 S:DB P:nvUbdIzc  $06:8119: C6 F3    DEC $F3 = #$06
f370    c10991820    i59304142    A:0C X:FF Y:08 S:DB P:nvUbdIzc  $06:811B: D0 AD    BNE $80CA
f370    c10991824    i59304143    A:0C X:FF Y:08 S:DB P:nvUbdIzc  $06:80CA: AD 06 07 LDA $0706 = #$1E
f370    c10991828    i59304144    A:1E X:FF Y:08 S:DB P:nvUbdIzc  $06:80CD: 4A       LSR
f370    c10991830    i59304145    A:0F X:FF Y:08 S:DB P:nvUbdIzc  $06:80CE: 90 02    BCC $80D2
f370    c10991833    i59304146    A:0F X:FF Y:08 S:DB P:nvUbdIzc  $06:80D2: 8D 06 07 STA $0706 = #$1E
f370    c10991837    i59304147    A:0F X:FF Y:08 S:DB P:nvUbdIzc  $06:80D5: 90 35    BCC $810C
f370    c10991841    i59304148    A:0F X:FF Y:08 S:DB P:nvUbdIzc  $06:810C: 18       CLC
f370    c10991843    i59304149    A:0F X:FF Y:08 S:DB P:nvUbdIzc  $06:810D: A9 10    LDA #$10
f370    c10991845    i59304150    A:10 X:FF Y:08 S:DB P:nvUbdIzc  $06:810F: 65 F0    ADC $F0 = #$57
f370    c10991848    i59304151    A:67 X:FF Y:08 S:DB P:nvUbdIzc  $06:8111: 85 F0    STA $F0 = #$57
f370    c10991851    i59304152    A:67 X:FF Y:08 S:DB P:nvUbdIzc  $06:8113: A9 04    LDA #$04
f370    c10991853    i59304153    A:04 X:FF Y:08 S:DB P:nvUbdIzc  $06:8115: 65 F2    ADC $F2 = #$0C
f370    c10991856    i59304154    A:10 X:FF Y:08 S:DB P:nvUbdIzc  $06:8117: 85 F2    STA $F2 = #$0C
f370    c10991859    i59304155    A:10 X:FF Y:08 S:DB P:nvUbdIzc  $06:8119: C6 F3    DEC $F3 = #$05
f370    c10991864    i59304156    A:10 X:FF Y:08 S:DB P:nvUbdIzc  $06:811B: D0 AD    BNE $80CA
f370    c10991868    i59304157    A:10 X:FF Y:08 S:DB P:nvUbdIzc  $06:80CA: AD 06 07 LDA $0706 = #$0F
f370    c10991872    i59304158    A:0F X:FF Y:08 S:DB P:nvUbdIzc  $06:80CD: 4A       LSR
f370    c10991874    i59304159    A:07 X:FF Y:08 S:DB P:nvUbdIzC  $06:80CE: 90 02    BCC $80D2
f370    c10991876    i59304160    A:07 X:FF Y:08 S:DB P:nvUbdIzC  $06:80D0: 09 80    ORA #$80
f370    c10991878    i59304161    A:87 X:FF Y:08 S:DB P:NvUbdIzC  $06:80D2: 8D 06 07 STA $0706 = #$0F
f370    c10991882    i59304162    A:87 X:FF Y:08 S:DB P:NvUbdIzC  $06:80D5: 90 35    BCC $810C
f370    c10991884    i59304163    A:87 X:FF Y:08 S:DB P:NvUbdIzC  $06:80D7: A6 F2    LDX $F2 = #$10
f370    c10991887    i59304164    A:87 X:10 Y:08 S:DB P:nvUbdIzC  $06:80D9: DE 07 07 DEC $0707,X @ $0717 = #$0C
f370    c10991894    i59304165    A:87 X:10 Y:08 S:DB P:nvUbdIzC  $06:80DC: D0 03    BNE $80E1
f370    c10991897    i59304166    A:87 X:10 Y:08 S:DB P:nvUbdIzC  $06:80E1: A6 F2    LDX $F2 = #$10
f370    c10991900    i59304167    A:87 X:10 Y:08 S:DB P:nvUbdIzC  $06:80E3: DE 09 07 DEC $0709,X @ $0719 = #$02
f370    c10991907    i59304168    A:87 X:10 Y:08 S:DB P:nvUbdIzC  $06:80E6: D0 21    BNE $8109
f371    c11021544    i59313506    A:08 X:FF Y:08 S:DB P:nvUbdIzc  $06:8119: C6 F3    DEC $F3 = #$07
f371    c11021549    i59313507    A:08 X:FF Y:08 S:DB P:nvUbdIzc  $06:811B: D0 AD    BNE $80CA
f371    c11021553    i59313508    A:08 X:FF Y:08 S:DB P:nvUbdIzc  $06:80CA: AD 06 07 LDA $0706 = #$3C
f371    c11021557    i59313509    A:3C X:FF Y:08 S:DB P:nvUbdIzc  $06:80CD: 4A       LSR
f371    c11021559    i59313510    A:1E X:FF Y:08 S:DB P:nvUbdIzc  $06:80CE: 90 02    BCC $80D2
f371    c11021562    i59313511    A:1E X:FF Y:08 S:DB P:nvUbdIzc  $06:80D2: 8D 06 07 STA $0706 = #$3C
f371    c11021566    i59313512    A:1E X:FF Y:08 S:DB P:nvUbdIzc  $06:80D5: 90 35    BCC $810C
f371    c11021570    i59313513    A:1E X:FF Y:08 S:DB P:nvUbdIzc  $06:810C: 18       CLC
f371    c11021572    i59313514    A:1E X:FF Y:08 S:DB P:nvUbdIzc  $06:810D: A9 10    LDA #$10
f371    c11021574    i59313515    A:10 X:FF Y:08 S:DB P:nvUbdIzc  $06:810F: 65 F0    ADC $F0 = #$47
f371    c11021577    i59313516    A:57 X:FF Y:08 S:DB P:nvUbdIzc  $06:8111: 85 F0    STA $F0 = #$47
f371    c11021580    i59313517    A:57 X:FF Y:08 S:DB P:nvUbdIzc  $06:8113: A9 04    LDA #$04
f371    c11021582    i59313518    A:04 X:FF Y:08 S:DB P:nvUbdIzc  $06:8115: 65 F2    ADC $F2 = #$08
f371    c11021585    i59313519    A:0C X:FF Y:08 S:DB P:nvUbdIzc  $06:8117: 85 F2    STA $F2 = #$08
f371    c11021588    i59313520    A:0C X:FF Y:08 S:DB P:nvUbdIzc  $06:8119: C6 F3    DEC $F3 = #$06
f371    c11021593    i59313521    A:0C X:FF Y:08 S:DB P:nvUbdIzc  $06:811B: D0 AD    BNE $80CA
f371    c11021597    i59313522    A:0C X:FF Y:08 S:DB P:nvUbdIzc  $06:80CA: AD 06 07 LDA $0706 = #$1E
f371    c11021605    i59313523    A:1E X:FF Y:08 S:DB P:nvUbdIzc  $06:80CD: 4A       LSR
f371    c11021607    i59313524    A:0F X:FF Y:08 S:DB P:nvUbdIzc  $06:80CE: 90 02    BCC $80D2
f371    c11021610    i59313525    A:0F X:FF Y:08 S:DB P:nvUbdIzc  $06:80D2: 8D 06 07 STA $0706 = #$1E
f371    c11021614    i59313526    A:0F X:FF Y:08 S:DB P:nvUbdIzc  $06:80D5: 90 35    BCC $810C
f371    c11021618    i59313527    A:0F X:FF Y:08 S:DB P:nvUbdIzc  $06:810C: 18       CLC
f371    c11021620    i59313528    A:0F X:FF Y:08 S:DB P:nvUbdIzc  $06:810D: A9 10    LDA #$10
f371    c11021622    i59313529    A:10 X:FF Y:08 S:DB P:nvUbdIzc  $06:810F: 65 F0    ADC $F0 = #$57
f371    c11021625    i59313530    A:67 X:FF Y:08 S:DB P:nvUbdIzc  $06:8111: 85 F0    STA $F0 = #$57
f371    c11021628    i59313531    A:67 X:FF Y:08 S:DB P:nvUbdIzc  $06:8113: A9 04    LDA #$04
f371    c11021630    i59313532    A:04 X:FF Y:08 S:DB P:nvUbdIzc  $06:8115: 65 F2    ADC $F2 = #$0C
f371    c11021633    i59313533    A:10 X:FF Y:08 S:DB P:nvUbdIzc  $06:8117: 85 F2    STA $F2 = #$0C
f371    c11021636    i59313534    A:10 X:FF Y:08 S:DB P:nvUbdIzc  $06:8119: C6 F3    DEC $F3 = #$05
f371    c11021641    i59313535    A:10 X:FF Y:08 S:DB P:nvUbdIzc  $06:811B: D0 AD    BNE $80CA
f371    c11021645    i59313536    A:10 X:FF Y:08 S:DB P:nvUbdIzc  $06:80CA: AD 06 07 LDA $0706 = #$0F
f371    c11021649    i59313537    A:0F X:FF Y:08 S:DB P:nvUbdIzc  $06:80CD: 4A       LSR
f371    c11021651    i59313538    A:07 X:FF Y:08 S:DB P:nvUbdIzC  $06:80CE: 90 02    BCC $80D2
f371    c11021653    i59313539    A:07 X:FF Y:08 S:DB P:nvUbdIzC  $06:80D0: 09 80    ORA #$80
f371    c11021655    i59313540    A:87 X:FF Y:08 S:DB P:NvUbdIzC  $06:80D2: 8D 06 07 STA $0706 = #$0F
f371    c11021659    i59313541    A:87 X:FF Y:08 S:DB P:NvUbdIzC  $06:80D5: 90 35    BCC $810C
f371    c11021661    i59313542    A:87 X:FF Y:08 S:DB P:NvUbdIzC  $06:80D7: A6 F2    LDX $F2 = #$10
f371    c11021664    i59313543    A:87 X:10 Y:08 S:DB P:nvUbdIzC  $06:80D9: DE 07 07 DEC $0707,X @ $0717 = #$0B
f371    c11021671    i59313544    A:87 X:10 Y:08 S:DB P:nvUbdIzC  $06:80DC: D0 03    BNE $80E1
f371    c11021674    i59313545    A:87 X:10 Y:08 S:DB P:nvUbdIzC  $06:80E1: A6 F2    LDX $F2 = #$10
f371    c11021677    i59313546    A:87 X:10 Y:08 S:DB P:nvUbdIzC  $06:80E3: DE 09 07 DEC $0709,X @ $0719 = #$01
f371    c11021684    i59313547    A:87 X:10 Y:08 S:DB P:nvUbdIZC  $06:80E6: D0 21    BNE $8109
f371    c11035735    i59317935    A:40 X:19 Y:00 S:E0 P:nvUbdizC  $00:9F06: 10 FC    BPL $9F04
f371    c11035738    i59317936    A:40 X:19 Y:00 S:E0 P:nvUbdizC  $00:9F04: A5 1B    LDA $1B = #$40
f371    c11035741    i59317937    A:40 X:19 Y:00 S:E0 P:nvUbdizC  $00:9F06: 10 FC    BPL $9F04
f371    c11035744    i59317938    A:40 X:19 Y:00 S:E0 P:nvUbdizC  $00:9F04: A5 1B    LDA $1B = #$40
f371    c11035747    i59317939    A:40 X:19 Y:00 S:E0 P:nvUbdizC  $00:9F06: 10 FC    BPL $9F04
f371    c11035750    i59317940    A:40 X:19 Y:00 S:E0 P:nvUbdizC  $00:9F04: A5 1B    LDA $1B = #$40
f371    c11035753    i59317941    A:40 X:19 Y:00 S:E0 P:nvUbdizC  $00:9F06: 10 FC    BPL $9F04
f371    c11035756    i59317942    A:40 X:19 Y:00 S:E0 P:nvUbdizC  $00:9F04: A5 1B    LDA $1B = #$40
f371    c11035759    i59317943    A:40 X:19 Y:00 S:E0 P:nvUbdizC  $00:9F06: 10 FC    BPL $9F04
f371    c11035762    i59317944    A:40 X:19 Y:00 S:E0 P:nvUbdizC  $00:9F04: A5 1B    LDA $1B = #$40
f371    c11035765    i59317945    A:40 X:19 Y:00 S:E0 P:nvUbdizC  $00:9F06: 10 FC    BPL $9F04
f371    c11035768    i59317946    A:40 X:19 Y:00 S:E0 P:nvUbdizC  $00:9F04: A5 1B    LDA $1B = #$40
f371    c11035771    i59317947    A:40 X:19 Y:00 S:E0 P:nvUbdizC  $00:9F06: 10 FC    BPL $9F04
f371    c11035774    i59317948    A:40 X:19 Y:00 S:E0 P:nvUbdizC  $00:9F04: A5 1B    LDA $1B = #$40
f371    c11035777    i59317949    A:40 X:19 Y:00 S:E0 P:nvUbdizC  $00:9F06: 10 FC    BPL $9F04
f371    c11035780    i59317950    A:40 X:19 Y:00 S:E0 P:nvUbdizC  $00:9F04: A5 1B    LDA $1B = #$40
f371    c11035783    i59317951    A:40 X:19 Y:00 S:E0 P:nvUbdizC  $00:9F06: 10 FC    BPL $9F04
f371    c11035786    i59317952    A:40 X:19 Y:00 S:E0 P:nvUbdizC  $00:9F04: A5 1B    LDA $1B = #$40
f371    c11035789    i59317953    A:40 X:19 Y:00 S:E0 P:nvUbdizC  $00:9F06: 10 FC    BPL $9F04
f371    c11035792    i59317954    A:40 X:19 Y:00 S:E0 P:nvUbdizC  $00:9F04: A5 1B    LDA $1B = #$40
f371    c11035795    i59317955    A:40 X:19 Y:00 S:E0 P:nvUbdizC  $00:9F06: 10 FC    BPL $9F04
f371    c11035798    i59317956    A:40 X:19 Y:00 S:E0 P:nvUbdizC  $00:9F04: A5 1B    LDA $1B = #$40
f371    c11035801    i59317957    A:40 X:19 Y:00 S:E0 P:nvUbdizC  $00:9F06: 10 FC    BPL $9F04
f371    c11035804    i59317958    A:40 X:19 Y:00 S:E0 P:nvUbdizC  $00:9F04: A5 1B    LDA $1B = #$40
f371    c11035807    i59317959    A:40 X:19 Y:00 S:E0 P:nvUbdizC  $00:9F06: 10 FC    BPL $9F04
f371    c11035810    i59317960    A:40 X:19 Y:00 S:E0 P:nvUbdizC  $00:9F04: A5 1B    LDA $1B = #$40
f371    c11035820    i59317961    A:40 X:19 Y:00 S:DD P:nvUbdIzC  $0F:C506: 4C 21 C8 JMP $C821
f371    c11035823    i59317962    A:40 X:19 Y:00 S:DD P:nvUbdIzC  $0F:C821: 24 1B    BIT $1B = #$40
f371    c11035826    i59317963    A:40 X:19 Y:00 S:DD P:nVUbdIzC  $0F:C823: 50 03    BVC $C828
f371    c11035828    i59317964    A:40 X:19 Y:00 S:DD P:nVUbdIzC  $0F:C825: 4C 78 C4 JMP $C478
f371    c11035831    i59317965    A:40 X:19 Y:00 S:DD P:nVUbdIzC  $0F:C478: 24 3B    BIT $3B = #$55
f371    c11035834    i59317966    A:40 X:19 Y:00 S:DD P:nVUbdIzC  $0F:C47A: 30 32    BMI $C4AE
f371    c11035836    i59317967    A:40 X:19 Y:00 S:DD P:nVUbdIzC  $0F:C47C: 38       SEC
f371    c11035838    i59317968    A:40 X:19 Y:00 S:DD P:nVUbdIzC  $0F:C47D: 66 3B    ROR $3B = #$55
f371    c11035843    i59317969    A:40 X:19 Y:00 S:DD P:NVUbdIzC  $0F:C47F: 85 3C    STA $3C = #$40
f371    c11035846    i59317970    A:40 X:19 Y:00 S:DD P:NVUbdIzC  $0F:C481: 86 3D    STX $3D = #$19
f371    c11035849    i59317971    A:40 X:19 Y:00 S:DD P:NVUbdIzC  $0F:C483: 84 3E    STY $3E = #$00
f371    c11035852    i59317972    A:40 X:19 Y:00 S:DD P:NVUbdIzC  $0F:C485: A5 22    LDA $22 = #$00
f371    c11035859    i59317973    A:00 X:19 Y:00 S:DD P:nVUbdIZC  $0F:C487: 09 07    ORA #$07
f371    c11035861    i59317974    A:07 X:19 Y:00 S:DD P:nVUbdIzC  $0F:C489: 8D 00 80 STA $8000 = #$A5
f371    c11035865    i59317975    A:07 X:19 Y:00 S:DD P:nVUbdIzC  $0F:C48C: A9 02    LDA #$02
f371    c11035867    i59317976    A:02 X:19 Y:00 S:DD P:nVUbdIzC  $0F:C48E: 8D 01 80 STA $8001 = #$27
f372    c11049747    i59322375    A:61 X:1C Y:01 S:DB P:nvUbdIzC  $01:A036: BD EB 05 LDA $05EB,X @ $0607 = #$61
f372    c11049752    i59322376    A:61 X:1C Y:01 S:DB P:nvUbdIzC  $01:A039: 8D 07 20 STA $2007 = #$00
f372    c11049756    i59322377    A:61 X:1C Y:01 S:DB P:nvUbdIzC  $01:A03C: E8       INX
f372    c11049758    i59322378    A:61 X:1D Y:01 S:DB P:nvUbdIzC  $01:A03D: 88       DEY
f372    c11049760    i59322379    A:61 X:1D Y:00 S:DB P:nvUbdIZC  $01:A03E: D0 F6    BNE $A036
f372    c11049762    i59322380    A:61 X:1D Y:00 S:DB P:nvUbdIZC  $01:A040: E8       INX
f372    c11049764    i59322381    A:61 X:1E Y:00 S:DB P:nvUbdIzC  $01:A041: E8       INX
f372    c11049766    i59322382    A:61 X:1F Y:00 S:DB P:nvUbdIzC  $01:A042: E8       INX
f372    c11049768    i59322383    A:61 X:20 Y:00 S:DB P:nvUbdIzC  $01:A043: BD E8 05 LDA $05E8,X @ $0608 = #$04
f372    c11049773    i59322384    A:04 X:20 Y:00 S:DB P:nvUbdIzC  $01:A046: D0 D3    BNE $A01B
f372    c11049776    i59322385    A:04 X:20 Y:00 S:DB P:nvUbdIzC  $01:A01B: A0 80    LDY #$80
f372    c11049778    i59322386    A:04 X:20 Y:80 S:DB P:NvUbdIzC  $01:A01D: BD E8 05 LDA $05E8,X @ $0608 = #$04
f372    c11049783    i59322387    A:04 X:20 Y:80 S:DB P:nvUbdIzC  $01:A020: 10 04    BPL $A026
f372    c11049786    i59322388    A:04 X:20 Y:80 S:DB P:nvUbdIzC  $01:A026: 8C 00 20 STY $2000 = #$80
f372    c11049790    i59322389    A:04 X:20 Y:80 S:DB P:nvUbdIzC  $01:A029: A8       TAY
f372    c11049792    i59322390    A:04 X:20 Y:04 S:DB P:nvUbdIzC  $01:A02A: BD EA 05 LDA $05EA,X @ $060A = #$21
f372    c11049797    i59322391    A:21 X:20 Y:04 S:DB P:nvUbdIzC  $01:A02D: 8D 06 20 STA $2006 = #$90
f372    c11049801    i59322392    A:21 X:20 Y:04 S:DB P:nvUbdIzC  $01:A030: BD E9 05 LDA $05E9,X @ $0609 = #$AC
f372    c11049806    i59322393    A:AC X:20 Y:04 S:DB P:NvUbdIzC  $01:A033: 8D 06 20 STA $2006 = #$90
f372    c11049810    i59322394    A:AC X:20 Y:04 S:DB P:NvUbdIzC  $01:A036: BD EB 05 LDA $05EB,X @ $060B = #$63
f372    c11049815    i59322395    A:63 X:20 Y:04 S:DB P:nvUbdIzC  $01:A039: 8D 07 20 STA $2007 = #$00
f372    c11049819    i59322396    A:63 X:20 Y:04 S:DB P:nvUbdIzC  $01:A03C: E8       INX
f372    c11049821    i59322397    A:63 X:21 Y:04 S:DB P:nvUbdIzC  $01:A03D: 88       DEY
f372    c11049823    i59322398    A:63 X:21 Y:03 S:DB P:nvUbdIzC  $01:A03E: D0 F6    BNE $A036
f372    c11049826    i59322399    A:63 X:21 Y:03 S:DB P:nvUbdIzC  $01:A036: BD EB 05 LDA $05EB,X @ $060C = #$63
f372    c11049831    i59322400    A:63 X:21 Y:03 S:DB P:nvUbdIzC  $01:A039: 8D 07 20 STA $2007 = #$00
f372    c11049835    i59322401    A:63 X:21 Y:03 S:DB P:nvUbdIzC  $01:A03C: E8       INX
f372    c11049837    i59322402    A:63 X:22 Y:03 S:DB P:nvUbdIzC  $01:A03D: 88       DEY
f372    c11049839    i59322403    A:63 X:22 Y:02 S:DB P:nvUbdIzC  $01:A03E: D0 F6    BNE $A036
f372    c11049842    i59322404    A:63 X:22 Y:02 S:DB P:nvUbdIzC  $01:A036: BD EB 05 LDA $05EB,X @ $060D = #$63
f372    c11049847    i59322405    A:63 X:22 Y:02 S:DB P:nvUbdIzC  $01:A039: 8D 07 20 STA $2007 = #$00
f372    c11049851    i59322406    A:63 X:22 Y:02 S:DB P:nvUbdIzC  $01:A03C: E8       INX
f372    c11049853    i59322407    A:63 X:23 Y:02 S:DB P:nvUbdIzC  $01:A03D: 88       DEY
f372    c11049855    i59322408    A:63 X:23 Y:01 S:DB P:nvUbdIzC  $01:A03E: D0 F6    BNE $A036
f372    c11049858    i59322409    A:63 X:23 Y:01 S:DB P:nvUbdIzC  $01:A036: BD EB 05 LDA $05EB,X @ $060E = #$63
f372    c11049863    i59322410    A:63 X:23 Y:01 S:DB P:nvUbdIzC  $01:A039: 8D 07 20 STA $2007 = #$00
f372    c11049867    i59322411    A:63 X:23 Y:01 S:DB P:nvUbdIzC  $01:A03C: E8       INX
f372    c11049869    i59322412    A:63 X:24 Y:01 S:DB P:nvUbdIzC  $01:A03D: 88       DEY
f372    c11049871    i59322413    A:63 X:24 Y:00 S:DB P:nvUbdIZC  $01:A03E: D0 F6    BNE $A036
f372    c11049873    i59322414    A:63 X:24 Y:00 S:DB P:nvUbdIZC  $01:A040: E8       INX
f372    c11049875    i59322415    A:63 X:25 Y:00 S:DB P:nvUbdIzC  $01:A041: E8       INX
f372    c11049877    i59322416    A:63 X:26 Y:00 S:DB P:nvUbdIzC  $01:A042: E8       INX
f372    c11050695    i59322670    A:00 X:01 Y:07 S:DB P:nvUbdIzc  $01:A0ED: BD 15 40 LDA $4015,X @ $4016 = #$00
f372    c11050699    i59322671    A:40 X:01 Y:07 S:DB P:nvUbdIzc  $01:A0F0: 4A       LSR
f372    c11050701    i59322672    A:20 X:01 Y:07 S:DB P:nvUbdIzc  $01:A0F1: 26 3F    ROL $3F = #$00
f372    c11050706    i59322673    A:20 X:01 Y:07 S:DB P:nvUbdIZc  $01:A0F3: 29 01    AND #$01
f372    c11050708    i59322674    A:00 X:01 Y:07 S:DB P:nvUbdIZc  $01:A0F5: 05 3F    ORA $3F = #$00
f372    c11050711    i59322675    A:00 X:01 Y:07 S:DB P:nvUbdIZc  $01:A0F7: 85 3F    STA $3F = #$00
f372    c11050714    i59322676    A:00 X:01 Y:07 S:DB P:nvUbdIZc  $01:A0F9: 88       DEY
f372    c11050716    i59322677    A:00 X:01 Y:06 S:DB P:nvUbdIzc  $01:A0FA: D0 F1    BNE $A0ED
f372    c11050719    i59322678    A:00 X:01 Y:06 S:DB P:nvUbdIzc  $01:A0ED: BD 15 40 LDA $4015,X @ $4016 = #$00
f372    c11050723    i59322679    A:40 X:01 Y:06 S:DB P:nvUbdIzc  $01:A0F0: 4A       LSR
f372    c11050725    i59322680    A:20 X:01 Y:06 S:DB P:nvUbdIzc  $01:A0F1: 26 3F    ROL $3F = #$00
f372    c11050730    i59322681    A:20 X:01 Y:06 S:DB P:nvUbdIZc  $01:A0F3: 29 01    AND #$01
f372    c11050732    i59322682    A:00 X:01 Y:06 S:DB P:nvUbdIZc  $01:A0F5: 05 3F    ORA $3F = #$00
f372    c11050735    i59322683    A:00 X:01 Y:06 S:DB P:nvUbdIZc  $01:A0F7: 85 3F    STA $3F = #$00
f372    c11050738    i59322684    A:00 X:01 Y:06 S:DB P:nvUbdIZc  $01:A0F9: 88       DEY
f372    c11050740    i59322685    A:00 X:01 Y:05 S:DB P:nvUbdIzc  $01:A0FA: D0 F1    BNE $A0ED
f372    c11050743    i59322686    A:00 X:01 Y:05 S:DB P:nvUbdIzc  $01:A0ED: BD 15 40 LDA $4015,X @ $4016 = #$00
f372    c11050747    i59322687    A:40 X:01 Y:05 S:DB P:nvUbdIzc  $01:A0F0: 4A       LSR
f372    c11050749    i59322688    A:20 X:01 Y:05 S:DB P:nvUbdIzc  $01:A0F1: 26 3F    ROL $3F = #$00
f372    c11050754    i59322689    A:20 X:01 Y:05 S:DB P:nvUbdIZc  $01:A0F3: 29 01    AND #$01
f372    c11050756    i59322690    A:00 X:01 Y:05 S:DB P:nvUbdIZc  $01:A0F5: 05 3F    ORA $3F = #$00
f372    c11050759    i59322691    A:00 X:01 Y:05 S:DB P:nvUbdIZc  $01:A0F7: 85 3F    STA $3F = #$00
f372    c11050762    i59322692    A:00 X:01 Y:05 S:DB P:nvUbdIZc  $01:A0F9: 88       DEY
f372    c11050764    i59322693    A:00 X:01 Y:04 S:DB P:nvUbdIzc  $01:A0FA: D0 F1    BNE $A0ED
f372    c11050767    i59322694    A:00 X:01 Y:04 S:DB P:nvUbdIzc  $01:A0ED: BD 15 40 LDA $4015,X @ $4016 = #$00
f372    c11050771    i59322695    A:40 X:01 Y:04 S:DB P:nvUbdIzc  $01:A0F0: 4A       LSR
f372    c11050773    i59322696    A:20 X:01 Y:04 S:DB P:nvUbdIzc  $01:A0F1: 26 3F    ROL $3F = #$00
f372    c11050778    i59322697    A:20 X:01 Y:04 S:DB P:nvUbdIZc  $01:A0F3: 29 01    AND #$01
f372    c11050780    i59322698    A:00 X:01 Y:04 S:DB P:nvUbdIZc  $01:A0F5: 05 3F    ORA $3F = #$00
f372    c11050783    i59322699    A:00 X:01 Y:04 S:DB P:nvUbdIZc  $01:A0F7: 85 3F    STA $3F = #$00
f372    c11050786    i59322700    A:00 X:01 Y:04 S:DB P:nvUbdIZc  $01:A0F9: 88       DEY
f372    c11050788    i59322701    A:00 X:01 Y:03 S:DB P:nvUbdIzc  $01:A0FA: D0 F1    BNE $A0ED
f372    c11050791    i59322702    A:00 X:01 Y:03 S:DB P:nvUbdIzc  $01:A0ED: BD 15 40 LDA $4015,X @ $4016 = #$00
f372    c11050795    i59322703    A:40 X:01 Y:03 S:DB P:nvUbdIzc  $01:A0F0: 4A       LSR
f372    c11050797    i59322704    A:20 X:01 Y:03 S:DB P:nvUbdIzc  $01:A0F1: 26 3F    ROL $3F = #$00
f372    c11050802    i59322705    A:20 X:01 Y:03 S:DB P:nvUbdIZc  $01:A0F3: 29 01    AND #$01
f372    c11050804    i59322706    A:00 X:01 Y:03 S:DB P:nvUbdIZc  $01:A0F5: 05 3F    ORA $3F = #$00
f372    c11050807    i59322707    A:00 X:01 Y:03 S:DB P:nvUbdIZc  $01:A0F7: 85 3F    STA $3F = #$00
f372    c11050810    i59322708    A:00 X:01 Y:03 S:DB P:nvUbdIZc  $01:A0F9: 88       DEY
f372    c11050812    i59322709    A:00 X:01 Y:02 S:DB P:nvUbdIzc  $01:A0FA: D0 F1    BNE $A0ED
f372    c11050815    i59322710    A:00 X:01 Y:02 S:DB P:nvUbdIzc  $01:A0ED: BD 15 40 LDA $4015,X @ $4016 = #$00
f372    c11050819    i59322711    A:40 X:01 Y:02 S:DB P:nvUbdIzc  $01:A0F0: 4A       LSR
f373    c11079527    i59331752    A:DD X:1C Y:01 S:DB P:NvUbdIzC  $01:A036: BD EB 05 LDA $05EB,X @ $0607 = #$FF
f373    c11079532    i59331753    A:FF X:1C Y:01 S:DB P:NvUbdIzC  $01:A039: 8D 07 20 STA $2007 = #$00
f373    c11079536    i59331754    A:FF X:1C Y:01 S:DB P:NvUbdIzC  $01:A03C: E8       INX
f373    c11079538    i59331755    A:FF X:1D Y:01 S:DB P:nvUbdIzC  $01:A03D: 88       DEY
f373    c11079540    i59331756    A:FF X:1D Y:00 S:DB P:nvUbdIZC  $01:A03E: D0 F6    BNE $A036
f373    c11079542    i59331757    A:FF X:1D Y:00 S:DB P:nvUbdIZC  $01:A040: E8       INX
f373    c11079544    i59331758    A:FF X:1E Y:00 S:DB P:nvUbdIzC  $01:A041: E8       INX
f373    c11079546    i59331759    A:FF X:1F Y:00 S:DB P:nvUbdIzC  $01:A042: E8       INX
f373    c11079548    i59331760    A:FF X:20 Y:00 S:DB P:nvUbdIzC  $01:A043: BD E8 05 LDA $05E8,X @ $0608 = #$04
f373    c11079553    i59331761    A:04 X:20 Y:00 S:DB P:nvUbdIzC  $01:A046: D0 D3    BNE $A01B
f373    c11079556    i59331762    A:04 X:20 Y:00 S:DB P:nvUbdIzC  $01:A01B: A0 80    LDY #$80
f373    c11079558    i59331763    A:04 X:20 Y:80 S:DB P:NvUbdIzC  $01:A01D: BD E8 05 LDA $05E8,X @ $0608 = #$04
f373    c11079563    i59331764    A:04 X:20 Y:80 S:DB P:nvUbdIzC  $01:A020: 10 04    BPL $A026
f373    c11079566    i59331765    A:04 X:20 Y:80 S:DB P:nvUbdIzC  $01:A026: 8C 00 20 STY $2000 = #$80
f373    c11079570    i59331766    A:04 X:20 Y:80 S:DB P:nvUbdIzC  $01:A029: A8       TAY
f373    c11079572    i59331767    A:04 X:20 Y:04 S:DB P:nvUbdIzC  $01:A02A: BD EA 05 LDA $05EA,X @ $060A = #$21
f373    c11079577    i59331768    A:21 X:20 Y:04 S:DB P:nvUbdIzC  $01:A02D: 8D 06 20 STA $2006 = #$DE
f373    c11079581    i59331769    A:21 X:20 Y:04 S:DB P:nvUbdIzC  $01:A030: BD E9 05 LDA $05E9,X @ $0609 = #$94
f373    c11079586    i59331770    A:94 X:20 Y:04 S:DB P:NvUbdIzC  $01:A033: 8D 06 20 STA $2006 = #$DE
f373    c11079590    i59331771    A:94 X:20 Y:04 S:DB P:NvUbdIzC  $01:A036: BD EB 05 LDA $05EB,X @ $060B = #$61
f373    c11079595    i59331772    A:61 X:20 Y:04 S:DB P:nvUbdIzC  $01:A039: 8D 07 20 STA $2007 = #$00
f373    c11079599    i59331773    A:61 X:20 Y:04 S:DB P:nvUbdIzC  $01:A03C: E8       INX
f373    c11079601    i59331774    A:61 X:21 Y:04 S:DB P:nvUbdIzC  $01:A03D: 88       DEY
f373    c11079603    i59331775    A:61 X:21 Y:03 S:DB P:nvUbdIzC  $01:A03E: D0 F6    BNE $A036
f373    c11079606    i59331776    A:61 X:21 Y:03 S:DB P:nvUbdIzC  $01:A036: BD EB 05 LDA $05EB,X @ $060C = #$61
f373    c11079611    i59331777    A:61 X:21 Y:03 S:DB P:nvUbdIzC  $01:A039: 8D 07 20 STA $2007 = #$00
f373    c11079615    i59331778    A:61 X:21 Y:03 S:DB P:nvUbdIzC  $01:A03C: E8       INX
f373    c11079617    i59331779    A:61 X:22 Y:03 S:DB P:nvUbdIzC  $01:A03D: 88       DEY
f373    c11079619    i59331780    A:61 X:22 Y:02 S:DB P:nvUbdIzC  $01:A03E: D0 F6    BNE $A036
f373    c11079622    i59331781    A:61 X:22 Y:02 S:DB P:nvUbdIzC  $01:A036: BD EB 05 LDA $05EB,X @ $060D = #$61
f373    c11079627    i59331782    A:61 X:22 Y:02 S:DB P:nvUbdIzC  $01:A039: 8D 07 20 STA $2007 = #$00
f373    c11079631    i59331783    A:61 X:22 Y:02 S:DB P:nvUbdIzC  $01:A03C: E8       INX
f373    c11079633    i59331784    A:61 X:23 Y:02 S:DB P:nvUbdIzC  $01:A03D: 88       DEY
f373    c11079635    i59331785    A:61 X:23 Y:01 S:DB P:nvUbdIzC  $01:A03E: D0 F6    BNE $A036
f373    c11079638    i59331786    A:61 X:23 Y:01 S:DB P:nvUbdIzC  $01:A036: BD EB 05 LDA $05EB,X @ $060E = #$61
f373    c11079643    i59331787    A:61 X:23 Y:01 S:DB P:nvUbdIzC  $01:A039: 8D 07 20 STA $2007 = #$00
f373    c11079647    i59331788    A:61 X:23 Y:01 S:DB P:nvUbdIzC  $01:A03C: E8       INX
f373    c11079649    i59331789    A:61 X:24 Y:01 S:DB P:nvUbdIzC  $01:A03D: 88       DEY
f373    c11079651    i59331790    A:61 X:24 Y:00 S:DB P:nvUbdIZC  $01:A03E: D0 F6    BNE $A036
f373    c11079653    i59331791    A:61 X:24 Y:00 S:DB P:nvUbdIZC  $01:A040: E8       INX
f373    c11079655    i59331792    A:61 X:25 Y:00 S:DB P:nvUbdIzC  $01:A041: E8       INX
f373    c11079657    i59331793    A:61 X:26 Y:00 S:DB P:nvUbdIzC  $01:A042: E8       INX
f374    c11110890    i59341638    A:08 X:FF Y:08 S:DB P:nvUbdIzc  $06:8119: C6 F3    DEC $F3 = #$07
f374    c11110895    i59341639    A:08 X:FF Y:08 S:DB P:nvUbdIzc  $06:811B: D0 AD    BNE $80CA
f374    c11110899    i59341640    A:08 X:FF Y:08 S:DB P:nvUbdIzc  $06:80CA: AD 06 07 LDA $0706 = #$3C
f374    c11110903    i59341641    A:3C X:FF Y:08 S:DB P:nvUbdIzc  $06:80CD: 4A       LSR
f374    c11110905    i59341642    A:1E X:FF Y:08 S:DB P:nvUbdIzc  $06:80CE: 90 02    BCC $80D2
f374    c11110908    i59341643    A:1E X:FF Y:08 S:DB P:nvUbdIzc  $06:80D2: 8D 06 07 STA $0706 = #$3C
f374    c11110912    i59341644    A:1E X:FF Y:08 S:DB P:nvUbdIzc  $06:80D5: 90 35    BCC $810C
f374    c11110916    i59341645    A:1E X:FF Y:08 S:DB P:nvUbdIzc  $06:810C: 18       CLC
f374    c11110918    i59341646    A:1E X:FF Y:08 S:DB P:nvUbdIzc  $06:810D: A9 10    LDA #$10
f374    c11110920    i59341647    A:10 X:FF Y:08 S:DB P:nvUbdIzc  $06:810F: 65 F0    ADC $F0 = #$47
f374    c11110923    i59341648    A:57 X:FF Y:08 S:DB P:nvUbdIzc  $06:8111: 85 F0    STA $F0 = #$47
f374    c11110926    i59341649    A:57 X:FF Y:08 S:DB P:nvUbdIzc  $06:8113: A9 04    LDA #$04
f374    c11110928    i59341650    A:04 X:FF Y:08 S:DB P:nvUbdIzc  $06:8115: 65 F2    ADC $F2 = #$08
f374    c11110931    i59341651    A:0C X:FF Y:08 S:DB P:nvUbdIzc  $06:8117: 85 F2    STA $F2 = #$08
f374    c11110934    i59341652    A:0C X:FF Y:08 S:DB P:nvUbdIzc  $06:8119: C6 F3    DEC $F3 = #$06
f374    c11110939    i59341653    A:0C X:FF Y:08 S:DB P:nvUbdIzc  $06:811B: D0 AD    BNE $80CA
f374    c11110943    i59341654    A:0C X:FF Y:08 S:DB P:nvUbdIzc  $06:80CA: AD 06 07 LDA $0706 = #$1E
f374    c11110947    i59341655    A:1E X:FF Y:08 S:DB P:nvUbdIzc  $06:80CD: 4A       LSR
f374    c11110949    i59341656    A:0F X:FF Y:08 S:DB P:nvUbdIzc  $06:80CE: 90 02    BCC $80D2
f374    c11110952    i59341657    A:0F X:FF Y:08 S:DB P:nvUbdIzc  $06:80D2: 8D 06 07 STA $0706 = #$1E
f374    c11110956    i59341658    A:0F X:FF Y:08 S:DB P:nvUbdIzc  $06:80D5: 90 35    BCC $810C
f374    c11110960    i59341659    A:0F X:FF Y:08 S:DB P:nvUbdIzc  $06:810C: 18       CLC
f374    c11110962    i59341660    A:0F X:FF Y:08 S:DB P:nvUbdIzc  $06:810D: A9 10    LDA #$10
f374    c11110964    i59341661    A:10 X:FF Y:08 S:DB P:nvUbdIzc  $06:810F: 65 F0    ADC $F0 = #$57
f374    c11110967    i59341662    A:67 X:FF Y:08 S:DB P:nvUbdIzc  $06:8111: 85 F0    STA $F0 = #$57
f374    c11110970    i59341663    A:67 X:FF Y:08 S:DB P:nvUbdIzc  $06:8113: A9 04    LDA #$04
f374    c11110972    i59341664    A:04 X:FF Y:08 S:DB P:nvUbdIzc  $06:8115: 65 F2    ADC $F2 = #$0C
f374    c11110975    i59341665    A:10 X:FF Y:08 S:DB P:nvUbdIzc  $06:8117: 85 F2    STA $F2 = #$0C
f374    c11110978    i59341666    A:10 X:FF Y:08 S:DB P:nvUbdIzc  $06:8119: C6 F3    DEC $F3 = #$05
f374    c11110983    i59341667    A:10 X:FF Y:08 S:DB P:nvUbdIzc  $06:811B: D0 AD    BNE $80CA
f374    c11110987    i59341668    A:10 X:FF Y:08 S:DB P:nvUbdIzc  $06:80CA: AD 06 07 LDA $0706 = #$0F
f374    c11110991    i59341669    A:0F X:FF Y:08 S:DB P:nvUbdIzc  $06:80CD: 4A       LSR
f374    c11110993    i59341670    A:07 X:FF Y:08 S:DB P:nvUbdIzC  $06:80CE: 90 02    BCC $80D2
f374    c11110995    i59341671    A:07 X:FF Y:08 S:DB P:nvUbdIzC  $06:80D0: 09 80    ORA #$80
f374    c11110997    i59341672    A:87 X:FF Y:08 S:DB P:NvUbdIzC  $06:80D2: 8D 06 07 STA $0706 = #$0F
f374    c11111001    i59341673    A:87 X:FF Y:08 S:DB P:NvUbdIzC  $06:80D5: 90 35    BCC $810C
f374    c11111003    i59341674    A:87 X:FF Y:08 S:DB P:NvUbdIzC  $06:80D7: A6 F2    LDX $F2 = #$10
f374    c11111006    i59341675    A:87 X:10 Y:08 S:DB P:nvUbdIzC  $06:80D9: DE 07 07 DEC $0707,X @ $0717 = #$08
f374    c11111013    i59341676    A:87 X:10 Y:08 S:DB P:nvUbdIzC  $06:80DC: D0 03    BNE $80E1
f374    c11111016    i59341677    A:87 X:10 Y:08 S:DB P:nvUbdIzC  $06:80E1: A6 F2    LDX $F2 = #$10
f374    c11111019    i59341678    A:87 X:10 Y:08 S:DB P:nvUbdIzC  $06:80E3: DE 09 07 DEC $0709,X @ $0719 = #$02
f374    c11111030    i59341679    A:87 X:10 Y:08 S:DB P:nvUbdIzC  $06:80E6: D0 21    BNE $8109
f374    c11111700    i59341890    A:01 X:18 Y:08 S:D9 P:nvUbdIzc  $06:84BA: A9 00    LDA #$00
f374    c11111702    i59341891    A:00 X:18 Y:08 S:D9 P:nvUbdIZc  $06:84BC: A0 04    LDY #$04
f374    c11111704    i59341892    A:00 X:18 Y:04 S:D9 P:nvUbdIzc  $06:84BE: 91 F0    STA ($F0),Y @ $078B = #$02
f374    c11111710    i59341893    A:00 X:18 Y:04 S:D9 P:nvUbdIzc  $06:84C0: A6 F2    LDX $F2 = #$18
f374    c11111713    i59341894    A:00 X:18 Y:04 S:D9 P:nvUbdIzc  $06:84C2: BD 08 07 LDA $0708,X @ $0720 = #$01
f374    c11111717    i59341895    A:01 X:18 Y:04 S:D9 P:nvUbdIzc  $06:84C5: 9D 07 07 STA $0707,X @ $071F = #$00
f374    c11111722    i59341896    A:01 X:18 Y:04 S:D9 P:nvUbdIzc  $06:84C8: 60       RTS (from $83CB)
f374    c11111728    i59341897    A:01 X:18 Y:04 S:DB P:nvUbdIzc  $06:80E1: A6 F2    LDX $F2 = #$18
f374    c11111731    i59341898    A:01 X:18 Y:04 S:DB P:nvUbdIzc  $06:80E3: DE 09 07 DEC $0709,X @ $0721 = #$01
f374    c11111738    i59341899    A:01 X:18 Y:04 S:DB P:nvUbdIZc  $06:80E6: D0 21    BNE $8109
f374    c11111740    i59341900    A:01 X:18 Y:04 S:DB P:nvUbdIZc  $06:80E8: A0 02    LDY #$02
f374    c11111742    i59341901    A:01 X:18 Y:02 S:DB P:nvUbdIzc  $06:80EA: B1 F0    LDA ($F0),Y @ $0789 = #$D6
f374    c11111747    i59341902    A:D6 X:18 Y:02 S:DB P:NvUbdIzc  $06:80EC: 85 F6    STA $F6 = #$00
f374    c11111750    i59341903    A:D6 X:18 Y:02 S:DB P:NvUbdIzc  $06:80EE: C8       INY
f374    c11111752    i59341904    A:D6 X:18 Y:03 S:DB P:nvUbdIzc  $06:80EF: B1 F0    LDA ($F0),Y @ $078A = #$8B
f374    c11111757    i59341905    A:8B X:18 Y:03 S:DB P:NvUbdIzc  $06:80F1: 85 F7    STA $F7 = #$09
f374    c11111760    i59341906    A:8B X:18 Y:03 S:DB P:NvUbdIzc  $06:80F3: C8       INY
f374    c11111762    i59341907    A:8B X:18 Y:04 S:DB P:nvUbdIzc  $06:80F4: B1 F0    LDA ($F0),Y @ $078B = #$00
f374    c11111767    i59341908    A:00 X:18 Y:04 S:DB P:nvUbdIZc  $06:80F6: 48       PHA
f374    c11111770    i59341909    A:00 X:18 Y:04 S:DA P:nvUbdIZc  $06:80F7: 18       CLC
f374    c11111772    i59341910    A:00 X:18 Y:04 S:DA P:nvUbdIZc  $06:80F8: 69 02    ADC #$02
f374    c11111774    i59341911    A:02 X:18 Y:04 S:DA P:nvUbdIzc  $06:80FA: 91 F0    STA ($F0),Y @ $078B = #$00
f374    c11111780    i59341912    A:02 X:18 Y:04 S:DA P:nvUbdIzc  $06:80FC: 68       PLA
f374    c11111784    i59341913    A:00 X:18 Y:04 S:DB P:nvUbdIZc  $06:80FD: A8       TAY
f374    c11111786    i59341914    A:00 X:18 Y:00 S:DB P:nvUbdIZc  $06:80FE: B1 F6    LDA ($F6),Y @ $8BD6 = #$0E
f374    c11111791    i59341915    A:0E X:18 Y:00 S:DB P:nvUbdIzc  $06:8100: 9D 09 07 STA $0709,X @ $0721 = #$00
f374    c11111796    i59341916    A:0E X:18 Y:00 S:DB P:nvUbdIzc  $06:8103: C8       INY
f374    c11111798    i59341917    A:0E X:18 Y:01 S:DB P:nvUbdIzc  $06:8104: B1 F6    LDA ($F6),Y @ $8BD7 = #$0F
f374    c11111803    i59341918    A:0F X:18 Y:01 S:DB P:nvUbdIzc  $06:8106: 9D 0A 07 STA $070A,X @ $0722 = #$0F
f374    c11111808    i59341919    A:0F X:18 Y:01 S:DB P:nvUbdIzc  $06:8109: 20 DB 81 JSR $81DB
f374    c11111814    i59341920    A:0F X:18 Y:01 S:D9 P:nvUbdIzc  $06:81DB: A0 05    LDY #$05
f374    c11111816    i59341921    A:0F X:18 Y:05 S:D9 P:nvUbdIzc  $06:81DD: B1 F0    LDA ($F0),Y @ $078C = #$00
f374    c11111821    i59341922    A:00 X:18 Y:05 S:D9 P:nvUbdIZc  $06:81DF: AA       TAX
f374    c11111823    i59341923    A:00 X:00 Y:05 S:D9 P:nvUbdIZc  $06:81E0: 29 F0    AND #$F0
f374    c11111825    i59341924    A:00 X:00 Y:05 S:D9 P:nvUbdIZc  $06:81E2: 85 F6    STA $F6 = #$D6
f374    c11111828    i59341925    A:00 X:00 Y:05 S:D9 P:nvUbdIZc  $06:81E4: 29 20    AND #$20
f374    c11111830    i59341926    A:00 X:00 Y:05 S:D9 P:nvUbdIZc  $06:81E6: F0 06    BEQ $81EE
f374    c11111833    i59341927    A:00 X:00 Y:05 S:D9 P:nvUbdIZc  $06:81EE: 8A       TXA
f374    c11111835    i59341928    A:00 X:00 Y:05 S:D9 P:nvUbdIZc  $06:81EF: 29 0F    AND #$0F
f374    c11111837    i59341929    A:00 X:00 Y:05 S:D9 P:nvUbdIZc  $06:81F1: 85 F7    STA $F7 = #$8B
f374    c11111840    i59341930    A:00 X:00 Y:05 S:D9 P:nvUbdIZc  $06:81F3: A4 F3    LDY $F3 = #$02
f375    c11140671    i59351012    A:08 X:FF Y:08 S:DB P:nvUbdIzc  $06:8119: C6 F3    DEC $F3 = #$07
f375    c11140676    i59351013    A:08 X:FF Y:08 S:DB P:nvUbdIzc  $06:811B: D0 AD    BNE $80CA
f375    c11140680    i59351014    A:08 X:FF Y:08 S:DB P:nvUbdIzc  $06:80CA: AD 06 07 LDA $0706 = #$3C
f375    c11140684    i59351015    A:3C X:FF Y:08 S:DB P:nvUbdIzc  $06:80CD: 4A       LSR
f375    c11140686    i59351016    A:1E X:FF Y:08 S:DB P:nvUbdIzc  $06:80CE: 90 02    BCC $80D2
f375    c11140689    i59351017    A:1E X:FF Y:08 S:DB P:nvUbdIzc  $06:80D2: 8D 06 07 STA $0706 = #$3C
f375    c11140693    i59351018    A:1E X:FF Y:08 S:DB P:nvUbdIzc  $06:80D5: 90 35    BCC $810C
f375    c11140697    i59351019    A:1E X:FF Y:08 S:DB P:nvUbdIzc  $06:810C: 18       CLC
f375    c11140699    i59351020    A:1E X:FF Y:08 S:DB P:nvUbdIzc  $06:810D: A9 10    LDA #$10
f375    c11140701    i59351021    A:10 X:FF Y:08 S:DB P:nvUbdIzc  $06:810F: 65 F0    ADC $F0 = #$47
f375    c11140704    i59351022    A:57 X:FF Y:08 S:DB P:nvUbdIzc  $06:8111: 85 F0    STA $F0 = #$47
f375    c11140707    i59351023    A:57 X:FF Y:08 S:DB P:nvUbdIzc  $06:8113: A9 04    LDA #$04
f375    c11140709    i59351024    A:04 X:FF Y:08 S:DB P:nvUbdIzc  $06:8115: 65 F2    ADC $F2 = #$08
f375    c11140712    i59351025    A:0C X:FF Y:08 S:DB P:nvUbdIzc  $06:8117: 85 F2    STA $F2 = #$08
f375    c11140715    i59351026    A:0C X:FF Y:08 S:DB P:nvUbdIzc  $06:8119: C6 F3    DEC $F3 = #$06
f375    c11140720    i59351027    A:0C X:FF Y:08 S:DB P:nvUbdIzc  $06:811B: D0 AD    BNE $80CA
f375    c11140724    i59351028    A:0C X:FF Y:08 S:DB P:nvUbdIzc  $06:80CA: AD 06 07 LDA $0706 = #$1E
f375    c11140728    i59351029    A:1E X:FF Y:08 S:DB P:nvUbdIzc  $06:80CD: 4A       LSR
f375    c11140730    i59351030    A:0F X:FF Y:08 S:DB P:nvUbdIzc  $06:80CE: 90 02    BCC $80D2
f375    c11140733    i59351031    A:0F X:FF Y:08 S:DB P:nvUbdIzc  $06:80D2: 8D 06 07 STA $0706 = #$1E
f375    c11140737    i59351032    A:0F X:FF Y:08 S:DB P:nvUbdIzc  $06:80D5: 90 35    BCC $810C
f375    c11140741    i59351033    A:0F X:FF Y:08 S:DB P:nvUbdIzc  $06:810C: 18       CLC
f375    c11140743    i59351034    A:0F X:FF Y:08 S:DB P:nvUbdIzc  $06:810D: A9 10    LDA #$10
f375    c11140745    i59351035    A:10 X:FF Y:08 S:DB P:nvUbdIzc  $06:810F: 65 F0    ADC $F0 = #$57
f375    c11140748    i59351036    A:67 X:FF Y:08 S:DB P:nvUbdIzc  $06:8111: 85 F0    STA $F0 = #$57
f375    c11140751    i59351037    A:67 X:FF Y:08 S:DB P:nvUbdIzc  $06:8113: A9 04    LDA #$04
f375    c11140753    i59351038    A:04 X:FF Y:08 S:DB P:nvUbdIzc  $06:8115: 65 F2    ADC $F2 = #$0C
f375    c11140756    i59351039    A:10 X:FF Y:08 S:DB P:nvUbdIzc  $06:8117: 85 F2    STA $F2 = #$0C
f375    c11140759    i59351040    A:10 X:FF Y:08 S:DB P:nvUbdIzc  $06:8119: C6 F3    DEC $F3 = #$05
f375    c11140764    i59351041    A:10 X:FF Y:08 S:DB P:nvUbdIzc  $06:811B: D0 AD    BNE $80CA
f375    c11140768    i59351042    A:10 X:FF Y:08 S:DB P:nvUbdIzc  $06:80CA: AD 06 07 LDA $0706 = #$0F
f375    c11140772    i59351043    A:0F X:FF Y:08 S:DB P:nvUbdIzc  $06:80CD: 4A       LSR
f375    c11140774    i59351044    A:07 X:FF Y:08 S:DB P:nvUbdIzC  $06:80CE: 90 02    BCC $80D2
f375    c11140776    i59351045    A:07 X:FF Y:08 S:DB P:nvUbdIzC  $06:80D0: 09 80    ORA #$80
f375    c11140778    i59351046    A:87 X:FF Y:08 S:DB P:NvUbdIzC  $06:80D2: 8D 06 07 STA $0706 = #$0F
f375    c11140782    i59351047    A:87 X:FF Y:08 S:DB P:NvUbdIzC  $06:80D5: 90 35    BCC $810C
f375    c11140784    i59351048    A:87 X:FF Y:08 S:DB P:NvUbdIzC  $06:80D7: A6 F2    LDX $F2 = #$10
f375    c11140787    i59351049    A:87 X:10 Y:08 S:DB P:nvUbdIzC  $06:80D9: DE 07 07 DEC $0707,X @ $0717 = #$07
f375    c11140794    i59351050    A:87 X:10 Y:08 S:DB P:nvUbdIzC  $06:80DC: D0 03    BNE $80E1
f375    c11140797    i59351051    A:87 X:10 Y:08 S:DB P:nvUbdIzC  $06:80E1: A6 F2    LDX $F2 = #$10
f375    c11140800    i59351052    A:87 X:10 Y:08 S:DB P:nvUbdIzC  $06:80E3: DE 09 07 DEC $0709,X @ $0719 = #$01
f375    c11140807    i59351053    A:87 X:10 Y:08 S:DB P:nvUbdIZC  $06:80E6: D0 21    BNE $8109
f375    c11154856    i59355439    A:40 X:19 Y:00 S:E0 P:nvUbdizC  $00:9F06: 10 FC    BPL $9F04
f375    c11154859    i59355440    A:40 X:19 Y:00 S:E0 P:nvUbdizC  $00:9F04: A5 1B    LDA $1B = #$40
f375    c11154862    i59355441    A:40 X:19 Y:00 S:E0 P:nvUbdizC  $00:9F06: 10 FC    BPL $9F04
f375    c11154865    i59355442    A:40 X:19 Y:00 S:E0 P:nvUbdizC  $00:9F04: A5 1B    LDA $1B = #$40
f375    c11154868    i59355443    A:40 X:19 Y:00 S:E0 P:nvUbdizC  $00:9F06: 10 FC    BPL $9F04
f375    c11154871    i59355444    A:40 X:19 Y:00 S:E0 P:nvUbdizC  $00:9F04: A5 1B    LDA $1B = #$40
f375    c11154874    i59355445    A:40 X:19 Y:00 S:E0 P:nvUbdizC  $00:9F06: 10 FC    BPL $9F04
f375    c11154877    i59355446    A:40 X:19 Y:00 S:E0 P:nvUbdizC  $00:9F04: A5 1B    LDA $1B = #$40
f375    c11154880    i59355447    A:40 X:19 Y:00 S:E0 P:nvUbdizC  $00:9F06: 10 FC    BPL $9F04
f375    c11154883    i59355448    A:40 X:19 Y:00 S:E0 P:nvUbdizC  $00:9F04: A5 1B    LDA $1B = #$40
f375    c11154886    i59355449    A:40 X:19 Y:00 S:E0 P:nvUbdizC  $00:9F06: 10 FC    BPL $9F04
f375    c11154889    i59355450    A:40 X:19 Y:00 S:E0 P:nvUbdizC  $00:9F04: A5 1B    LDA $1B = #$40
f375    c11154892    i59355451    A:40 X:19 Y:00 S:E0 P:nvUbdizC  $00:9F06: 10 FC    BPL $9F04
f375    c11154895    i59355452    A:40 X:19 Y:00 S:E0 P:nvUbdizC  $00:9F04: A5 1B    LDA $1B = #$40
f375    c11154898    i59355453    A:40 X:19 Y:00 S:E0 P:nvUbdizC  $00:9F06: 10 FC    BPL $9F04
f375    c11154901    i59355454    A:40 X:19 Y:00 S:E0 P:nvUbdizC  $00:9F04: A5 1B    LDA $1B = #$40
f375    c11154904    i59355455    A:40 X:19 Y:00 S:E0 P:nvUbdizC  $00:9F06: 10 FC    BPL $9F04
f375    c11154907    i59355456    A:40 X:19 Y:00 S:E0 P:nvUbdizC  $00:9F04: A5 1B    LDA $1B = #$40
f375    c11154910    i59355457    A:40 X:19 Y:00 S:E0 P:nvUbdizC  $00:9F06: 10 FC    BPL $9F04
f375    c11154913    i59355458    A:40 X:19 Y:00 S:E0 P:nvUbdizC  $00:9F04: A5 1B    LDA $1B = #$40
f375    c11154916    i59355459    A:40 X:19 Y:00 S:E0 P:nvUbdizC  $00:9F06: 10 FC    BPL $9F04
f375    c11154919    i59355460    A:40 X:19 Y:00 S:E0 P:nvUbdizC  $00:9F04: A5 1B    LDA $1B = #$40
f375    c11154922    i59355461    A:40 X:19 Y:00 S:E0 P:nvUbdizC  $00:9F06: 10 FC    BPL $9F04
f375    c11154925    i59355462    A:40 X:19 Y:00 S:E0 P:nvUbdizC  $00:9F04: A5 1B    LDA $1B = #$40
f375    c11154928    i59355463    A:40 X:19 Y:00 S:E0 P:nvUbdizC  $00:9F06: 10 FC    BPL $9F04
f375    c11154931    i59355464    A:40 X:19 Y:00 S:E0 P:nvUbdizC  $00:9F04: A5 1B    LDA $1B = #$40
f375    c11154941    i59355465    A:40 X:19 Y:00 S:DD P:nvUbdIzC  $0F:C506: 4C 21 C8 JMP $C821
f375    c11154944    i59355466    A:40 X:19 Y:00 S:DD P:nvUbdIzC  $0F:C821: 24 1B    BIT $1B = #$40
f375    c11154947    i59355467    A:40 X:19 Y:00 S:DD P:nVUbdIzC  $0F:C823: 50 03    BVC $C828
f375    c11154949    i59355468    A:40 X:19 Y:00 S:DD P:nVUbdIzC  $0F:C825: 4C 78 C4 JMP $C478
f375    c11154952    i59355469    A:40 X:19 Y:00 S:DD P:nVUbdIzC  $0F:C478: 24 3B    BIT $3B = #$55
f375    c11154955    i59355470    A:40 X:19 Y:00 S:DD P:nVUbdIzC  $0F:C47A: 30 32    BMI $C4AE
f375    c11154957    i59355471    A:40 X:19 Y:00 S:DD P:nVUbdIzC  $0F:C47C: 38       SEC
f375    c11154959    i59355472    A:40 X:19 Y:00 S:DD P:nVUbdIzC  $0F:C47D: 66 3B    ROR $3B = #$55
f375    c11154964    i59355473    A:40 X:19 Y:00 S:DD P:NVUbdIzC  $0F:C47F: 85 3C    STA $3C = #$40
f375    c11154967    i59355474    A:40 X:19 Y:00 S:DD P:NVUbdIzC  $0F:C481: 86 3D    STX $3D = #$19
f375    c11154970    i59355475    A:40 X:19 Y:00 S:DD P:NVUbdIzC  $0F:C483: 84 3E    STY $3E = #$00
f375    c11154973    i59355476    A:40 X:19 Y:00 S:DD P:NVUbdIzC  $0F:C485: A5 22    LDA $22 = #$00
f375    c11154976    i59355477    A:00 X:19 Y:00 S:DD P:nVUbdIZC  $0F:C487: 09 07    ORA #$07
f375    c11154978    i59355478    A:07 X:19 Y:00 S:DD P:nVUbdIzC  $0F:C489: 8D 00 80 STA $8000 = #$A5
f375    c11154982    i59355479    A:07 X:19 Y:00 S:DD P:nVUbdIzC  $0F:C48C: A9 02    LDA #$02
f375    c11154984    i59355480    A:02 X:19 Y:00 S:DD P:nVUbdIzC  $0F:C48E: 8D 01 80 STA $8001 = #$27
f376    c11170452    i59360385    A:08 X:FF Y:08 S:DB P:nvUbdIzc  $06:8119: C6 F3    DEC $F3 = #$07
f376    c11170457    i59360386    A:08 X:FF Y:08 S:DB P:nvUbdIzc  $06:811B: D0 AD    BNE $80CA
f376    c11170461    i59360387    A:08 X:FF Y:08 S:DB P:nvUbdIzc  $06:80CA: AD 06 07 LDA $0706 = #$3C
f376    c11170465    i59360388    A:3C X:FF Y:08 S:DB P:nvUbdIzc  $06:80CD: 4A       LSR
f376    c11170467    i59360389    A:1E X:FF Y:08 S:DB P:nvUbdIzc  $06:80CE: 90 02    BCC $80D2
f376    c11170470    i59360390    A:1E X:FF Y:08 S:DB P:nvUbdIzc  $06:80D2: 8D 06 07 STA $0706 = #$3C
f376    c11170474    i59360391    A:1E X:FF Y:08 S:DB P:nvUbdIzc  $06:80D5: 90 35    BCC $810C
f376    c11170478    i59360392    A:1E X:FF Y:08 S:DB P:nvUbdIzc  $06:810C: 18       CLC
f376    c11170480    i59360393    A:1E X:FF Y:08 S:DB P:nvUbdIzc  $06:810D: A9 10    LDA #$10
f376    c11170482    i59360394    A:10 X:FF Y:08 S:DB P:nvUbdIzc  $06:810F: 65 F0    ADC $F0 = #$47
f376    c11170485    i59360395    A:57 X:FF Y:08 S:DB P:nvUbdIzc  $06:8111: 85 F0    STA $F0 = #$47
f376    c11170488    i59360396    A:57 X:FF Y:08 S:DB P:nvUbdIzc  $06:8113: A9 04    LDA #$04
f376    c11170490    i59360397    A:04 X:FF Y:08 S:DB P:nvUbdIzc  $06:8115: 65 F2    ADC $F2 = #$08
f376    c11170493    i59360398    A:0C X:FF Y:08 S:DB P:nvUbdIzc  $06:8117: 85 F2    STA $F2 = #$08
f376    c11170496    i59360399    A:0C X:FF Y:08 S:DB P:nvUbdIzc  $06:8119: C6 F3    DEC $F3 = #$06
f376    c11170501    i59360400    A:0C X:FF Y:08 S:DB P:nvUbdIzc  $06:811B: D0 AD    BNE $80CA
f376    c11170505    i59360401    A:0C X:FF Y:08 S:DB P:nvUbdIzc  $06:80CA: AD 06 07 LDA $0706 = #$1E
f376    c11170509    i59360402    A:1E X:FF Y:08 S:DB P:nvUbdIzc  $06:80CD: 4A       LSR
f376    c11170511    i59360403    A:0F X:FF Y:08 S:DB P:nvUbdIzc  $06:80CE: 90 02    BCC $80D2
f376    c11170514    i59360404    A:0F X:FF Y:08 S:DB P:nvUbdIzc  $06:80D2: 8D 06 07 STA $0706 = #$1E
f376    c11170518    i59360405    A:0F X:FF Y:08 S:DB P:nvUbdIzc  $06:80D5: 90 35    BCC $810C
f376    c11170522    i59360406    A:0F X:FF Y:08 S:DB P:nvUbdIzc  $06:810C: 18       CLC
f376    c11170524    i59360407    A:0F X:FF Y:08 S:DB P:nvUbdIzc  $06:810D: A9 10    LDA #$10
f376    c11170526    i59360408    A:10 X:FF Y:08 S:DB P:nvUbdIzc  $06:810F: 65 F0    ADC $F0 = #$57
f376    c11170529    i59360409    A:67 X:FF Y:08 S:DB P:nvUbdIzc  $06:8111: 85 F0    STA $F0 = #$57
f376    c11170532    i59360410    A:67 X:FF Y:08 S:DB P:nvUbdIzc  $06:8113: A9 04    LDA #$04
f376    c11170534    i59360411    A:04 X:FF Y:08 S:DB P:nvUbdIzc  $06:8115: 65 F2    ADC $F2 = #$0C
f376    c11170537    i59360412    A:10 X:FF Y:08 S:DB P:nvUbdIzc  $06:8117: 85 F2    STA $F2 = #$0C
f376    c11170540    i59360413    A:10 X:FF Y:08 S:DB P:nvUbdIzc  $06:8119: C6 F3    DEC $F3 = #$05
f376    c11170545    i59360414    A:10 X:FF Y:08 S:DB P:nvUbdIzc  $06:811B: D0 AD    BNE $80CA
f376    c11170549    i59360415    A:10 X:FF Y:08 S:DB P:nvUbdIzc  $06:80CA: AD 06 07 LDA $0706 = #$0F
f376    c11170553    i59360416    A:0F X:FF Y:08 S:DB P:nvUbdIzc  $06:80CD: 4A       LSR
f376    c11170555    i59360417    A:07 X:FF Y:08 S:DB P:nvUbdIzC  $06:80CE: 90 02    BCC $80D2
f376    c11170557    i59360418    A:07 X:FF Y:08 S:DB P:nvUbdIzC  $06:80D0: 09 80    ORA #$80
f376    c11170559    i59360419    A:87 X:FF Y:08 S:DB P:NvUbdIzC  $06:80D2: 8D 06 07 STA $0706 = #$0F
f376    c11170563    i59360420    A:87 X:FF Y:08 S:DB P:NvUbdIzC  $06:80D5: 90 35    BCC $810C
f376    c11170565    i59360421    A:87 X:FF Y:08 S:DB P:NvUbdIzC  $06:80D7: A6 F2    LDX $F2 = #$10
f376    c11170568    i59360422    A:87 X:10 Y:08 S:DB P:nvUbdIzC  $06:80D9: DE 07 07 DEC $0707,X @ $0717 = #$06
f376    c11170575    i59360423    A:87 X:10 Y:08 S:DB P:nvUbdIzC  $06:80DC: D0 03    BNE $80E1
f376    c11170578    i59360424    A:87 X:10 Y:08 S:DB P:nvUbdIzC  $06:80E1: A6 F2    LDX $F2 = #$10
f376    c11170581    i59360425    A:87 X:10 Y:08 S:DB P:nvUbdIzC  $06:80E3: DE 09 07 DEC $0709,X @ $0719 = #$FF
f376    c11170588    i59360426    A:87 X:10 Y:08 S:DB P:NvUbdIzC  $06:80E6: D0 21    BNE $8109
f377    c11198650    i59369259    A:61 X:1C Y:01 S:DB P:nvUbdIzC  $01:A036: BD EB 05 LDA $05EB,X @ $0607 = #$61
f377    c11198655    i59369260    A:61 X:1C Y:01 S:DB P:nvUbdIzC  $01:A039: 8D 07 20 STA $2007 = #$00
f377    c11198659    i59369261    A:61 X:1C Y:01 S:DB P:nvUbdIzC  $01:A03C: E8       INX
f377    c11198661    i59369262    A:61 X:1D Y:01 S:DB P:nvUbdIzC  $01:A03D: 88       DEY
f377    c11198663    i59369263    A:61 X:1D Y:00 S:DB P:nvUbdIZC  $01:A03E: D0 F6    BNE $A036
f377    c11198665    i59369264    A:61 X:1D Y:00 S:DB P:nvUbdIZC  $01:A040: E8       INX
f377    c11198667    i59369265    A:61 X:1E Y:00 S:DB P:nvUbdIzC  $01:A041: E8       INX
f377    c11198669    i59369266    A:61 X:1F Y:00 S:DB P:nvUbdIzC  $01:A042: E8       INX
f377    c11198671    i59369267    A:61 X:20 Y:00 S:DB P:nvUbdIzC  $01:A043: BD E8 05 LDA $05E8,X @ $0608 = #$04
f377    c11198676    i59369268    A:04 X:20 Y:00 S:DB P:nvUbdIzC  $01:A046: D0 D3    BNE $A01B
f377    c11198679    i59369269    A:04 X:20 Y:00 S:DB P:nvUbdIzC  $01:A01B: A0 80    LDY #$80
f377    c11198681    i59369270    A:04 X:20 Y:80 S:DB P:NvUbdIzC  $01:A01D: BD E8 05 LDA $05E8,X @ $0608 = #$04
f377    c11198686    i59369271    A:04 X:20 Y:80 S:DB P:nvUbdIzC  $01:A020: 10 04    BPL $A026
f377    c11198689    i59369272    A:04 X:20 Y:80 S:DB P:nvUbdIzC  $01:A026: 8C 00 20 STY $2000 = #$80
f377    c11198693    i59369273    A:04 X:20 Y:80 S:DB P:nvUbdIzC  $01:A029: A8       TAY
f377    c11198695    i59369274    A:04 X:20 Y:04 S:DB P:nvUbdIzC  $01:A02A: BD EA 05 LDA $05EA,X @ $060A = #$25
f377    c11198700    i59369275    A:25 X:20 Y:04 S:DB P:nvUbdIzC  $01:A02D: 8D 06 20 STA $2006 = #$94
f377    c11198704    i59369276    A:25 X:20 Y:04 S:DB P:nvUbdIzC  $01:A030: BD E9 05 LDA $05E9,X @ $0609 = #$B0
f377    c11198709    i59369277    A:B0 X:20 Y:04 S:DB P:NvUbdIzC  $01:A033: 8D 06 20 STA $2006 = #$94
f377    c11198713    i59369278    A:B0 X:20 Y:04 S:DB P:NvUbdIzC  $01:A036: BD EB 05 LDA $05EB,X @ $060B = #$63
f377    c11198718    i59369279    A:63 X:20 Y:04 S:DB P:nvUbdIzC  $01:A039: 8D 07 20 STA $2007 = #$00
f377    c11198726    i59369280    A:63 X:20 Y:04 S:DB P:nvUbdIzC  $01:A03C: E8       INX
f377    c11198728    i59369281    A:63 X:21 Y:04 S:DB P:nvUbdIzC  $01:A03D: 88       DEY
f377    c11198730    i59369282    A:63 X:21 Y:03 S:DB P:nvUbdIzC  $01:A03E: D0 F6    BNE $A036
f377    c11198733    i59369283    A:63 X:21 Y:03 S:DB P:nvUbdIzC  $01:A036: BD EB 05 LDA $05EB,X @ $060C = #$63
f377    c11198738    i59369284    A:63 X:21 Y:03 S:DB P:nvUbdIzC  $01:A039: 8D 07 20 STA $2007 = #$00
f377    c11198742    i59369285    A:63 X:21 Y:03 S:DB P:nvUbdIzC  $01:A03C: E8       INX
f377    c11198744    i59369286    A:63 X:22 Y:03 S:DB P:nvUbdIzC  $01:A03D: 88       DEY
f377    c11198746    i59369287    A:63 X:22 Y:02 S:DB P:nvUbdIzC  $01:A03E: D0 F6    BNE $A036
f377    c11198749    i59369288    A:63 X:22 Y:02 S:DB P:nvUbdIzC  $01:A036: BD EB 05 LDA $05EB,X @ $060D = #$63
f377    c11198754    i59369289    A:63 X:22 Y:02 S:DB P:nvUbdIzC  $01:A039: 8D 07 20 STA $2007 = #$00
f377    c11198758    i59369290    A:63 X:22 Y:02 S:DB P:nvUbdIzC  $01:A03C: E8       INX
f377    c11198760    i59369291    A:63 X:23 Y:02 S:DB P:nvUbdIzC  $01:A03D: 88       DEY
f377    c11198762    i59369292    A:63 X:23 Y:01 S:DB P:nvUbdIzC  $01:A03E: D0 F6    BNE $A036
f377    c11198765    i59369293    A:63 X:23 Y:01 S:DB P:nvUbdIzC  $01:A036: BD EB 05 LDA $05EB,X @ $060E = #$63
f377    c11198770    i59369294    A:63 X:23 Y:01 S:DB P:nvUbdIzC  $01:A039: 8D 07 20 STA $2007 = #$00
f377    c11198774    i59369295    A:63 X:23 Y:01 S:DB P:nvUbdIzC  $01:A03C: E8       INX
f377    c11198776    i59369296    A:63 X:24 Y:01 S:DB P:nvUbdIzC  $01:A03D: 88       DEY
f377    c11198778    i59369297    A:63 X:24 Y:00 S:DB P:nvUbdIZC  $01:A03E: D0 F6    BNE $A036
f377    c11198780    i59369298    A:63 X:24 Y:00 S:DB P:nvUbdIZC  $01:A040: E8       INX
f377    c11198782    i59369299    A:63 X:25 Y:00 S:DB P:nvUbdIzC  $01:A041: E8       INX
f377    c11198784    i59369300    A:63 X:26 Y:00 S:DB P:nvUbdIzC  $01:A042: E8       INX
f377    c11199602    i59369554    A:00 X:01 Y:07 S:DB P:nvUbdIzc  $01:A0ED: BD 15 40 LDA $4015,X @ $4016 = #$00
f377    c11199606    i59369555    A:40 X:01 Y:07 S:DB P:nvUbdIzc  $01:A0F0: 4A       LSR
f377    c11199608    i59369556    A:20 X:01 Y:07 S:DB P:nvUbdIzc  $01:A0F1: 26 3F    ROL $3F = #$00
f377    c11199613    i59369557    A:20 X:01 Y:07 S:DB P:nvUbdIZc  $01:A0F3: 29 01    AND #$01
f377    c11199615    i59369558    A:00 X:01 Y:07 S:DB P:nvUbdIZc  $01:A0F5: 05 3F    ORA $3F = #$00
f377    c11199618    i59369559    A:00 X:01 Y:07 S:DB P:nvUbdIZc  $01:A0F7: 85 3F    STA $3F = #$00
f377    c11199621    i59369560    A:00 X:01 Y:07 S:DB P:nvUbdIZc  $01:A0F9: 88       DEY
f377    c11199623    i59369561    A:00 X:01 Y:06 S:DB P:nvUbdIzc  $01:A0FA: D0 F1    BNE $A0ED
f377    c11199626    i59369562    A:00 X:01 Y:06 S:DB P:nvUbdIzc  $01:A0ED: BD 15 40 LDA $4015,X @ $4016 = #$00
f377    c11199630    i59369563    A:40 X:01 Y:06 S:DB P:nvUbdIzc  $01:A0F0: 4A       LSR
f377    c11199632    i59369564    A:20 X:01 Y:06 S:DB P:nvUbdIzc  $01:A0F1: 26 3F    ROL $3F = #$00
f377    c11199637    i59369565    A:20 X:01 Y:06 S:DB P:nvUbdIZc  $01:A0F3: 29 01    AND #$01
f377    c11199639    i59369566    A:00 X:01 Y:06 S:DB P:nvUbdIZc  $01:A0F5: 05 3F    ORA $3F = #$00
f377    c11199642    i59369567    A:00 X:01 Y:06 S:DB P:nvUbdIZc  $01:A0F7: 85 3F    STA $3F = #$00
f377    c11199645    i59369568    A:00 X:01 Y:06 S:DB P:nvUbdIZc  $01:A0F9: 88       DEY
f377    c11199647    i59369569    A:00 X:01 Y:05 S:DB P:nvUbdIzc  $01:A0FA: D0 F1    BNE $A0ED
f377    c11199650    i59369570    A:00 X:01 Y:05 S:DB P:nvUbdIzc  $01:A0ED: BD 15 40 LDA $4015,X @ $4016 = #$00
f377    c11199654    i59369571    A:40 X:01 Y:05 S:DB P:nvUbdIzc  $01:A0F0: 4A       LSR
f377    c11199656    i59369572    A:20 X:01 Y:05 S:DB P:nvUbdIzc  $01:A0F1: 26 3F    ROL $3F = #$00
f377    c11199661    i59369573    A:20 X:01 Y:05 S:DB P:nvUbdIZc  $01:A0F3: 29 01    AND #$01
f377    c11199663    i59369574    A:00 X:01 Y:05 S:DB P:nvUbdIZc  $01:A0F5: 05 3F    ORA $3F = #$00
f377    c11199666    i59369575    A:00 X:01 Y:05 S:DB P:nvUbdIZc  $01:A0F7: 85 3F    STA $3F = #$00
f377    c11199669    i59369576    A:00 X:01 Y:05 S:DB P:nvUbdIZc  $01:A0F9: 88       DEY
f377    c11199671    i59369577    A:00 X:01 Y:04 S:DB P:nvUbdIzc  $01:A0FA: D0 F1    BNE $A0ED
f377    c11199674    i59369578    A:00 X:01 Y:04 S:DB P:nvUbdIzc  $01:A0ED: BD 15 40 LDA $4015,X @ $4016 = #$00
f377    c11199678    i59369579    A:40 X:01 Y:04 S:DB P:nvUbdIzc  $01:A0F0: 4A       LSR
f377    c11199680    i59369580    A:20 X:01 Y:04 S:DB P:nvUbdIzc  $01:A0F1: 26 3F    ROL $3F = #$00
f377    c11199685    i59369581    A:20 X:01 Y:04 S:DB P:nvUbdIZc  $01:A0F3: 29 01    AND #$01
f377    c11199687    i59369582    A:00 X:01 Y:04 S:DB P:nvUbdIZc  $01:A0F5: 05 3F    ORA $3F = #$00
f377    c11199690    i59369583    A:00 X:01 Y:04 S:DB P:nvUbdIZc  $01:A0F7: 85 3F    STA $3F = #$00
f377    c11199693    i59369584    A:00 X:01 Y:04 S:DB P:nvUbdIZc  $01:A0F9: 88       DEY
f377    c11199695    i59369585    A:00 X:01 Y:03 S:DB P:nvUbdIzc  $01:A0FA: D0 F1    BNE $A0ED
f377    c11199698    i59369586    A:00 X:01 Y:03 S:DB P:nvUbdIzc  $01:A0ED: BD 15 40 LDA $4015,X @ $4016 = #$00
f377    c11199702    i59369587    A:40 X:01 Y:03 S:DB P:nvUbdIzc  $01:A0F0: 4A       LSR
f377    c11199704    i59369588    A:20 X:01 Y:03 S:DB P:nvUbdIzc  $01:A0F1: 26 3F    ROL $3F = #$00
f377    c11199709    i59369589    A:20 X:01 Y:03 S:DB P:nvUbdIZc  $01:A0F3: 29 01    AND #$01
f377    c11199711    i59369590    A:00 X:01 Y:03 S:DB P:nvUbdIZc  $01:A0F5: 05 3F    ORA $3F = #$00
f377    c11199714    i59369591    A:00 X:01 Y:03 S:DB P:nvUbdIZc  $01:A0F7: 85 3F    STA $3F = #$00
f377    c11199717    i59369592    A:00 X:01 Y:03 S:DB P:nvUbdIZc  $01:A0F9: 88       DEY
f377    c11199719    i59369593    A:00 X:01 Y:02 S:DB P:nvUbdIzc  $01:A0FA: D0 F1    BNE $A0ED
f377    c11199722    i59369594    A:00 X:01 Y:02 S:DB P:nvUbdIzc  $01:A0ED: BD 15 40 LDA $4015,X @ $4016 = #$00
f377    c11199726    i59369595    A:40 X:01 Y:02 S:DB P:nvUbdIzc  $01:A0F0: 4A       LSR
f378    c11228430    i59378640    A:DE X:1C Y:01 S:DB P:NvUbdIzC  $01:A036: BD EB 05 LDA $05EB,X @ $0607 = #$FF
f378    c11228435    i59378641    A:FF X:1C Y:01 S:DB P:NvUbdIzC  $01:A039: 8D 07 20 STA $2007 = #$00
f378    c11228439    i59378642    A:FF X:1C Y:01 S:DB P:NvUbdIzC  $01:A03C: E8       INX
f378    c11228441    i59378643    A:FF X:1D Y:01 S:DB P:nvUbdIzC  $01:A03D: 88       DEY
f378    c11228443    i59378644    A:FF X:1D Y:00 S:DB P:nvUbdIZC  $01:A03E: D0 F6    BNE $A036
f378    c11228445    i59378645    A:FF X:1D Y:00 S:DB P:nvUbdIZC  $01:A040: E8       INX
f378    c11228447    i59378646    A:FF X:1E Y:00 S:DB P:nvUbdIzC  $01:A041: E8       INX
f378    c11228449    i59378647    A:FF X:1F Y:00 S:DB P:nvUbdIzC  $01:A042: E8       INX
f378    c11228451    i59378648    A:FF X:20 Y:00 S:DB P:nvUbdIzC  $01:A043: BD E8 05 LDA $05E8,X @ $0608 = #$04
f378    c11228456    i59378649    A:04 X:20 Y:00 S:DB P:nvUbdIzC  $01:A046: D0 D3    BNE $A01B
f378    c11228459    i59378650    A:04 X:20 Y:00 S:DB P:nvUbdIzC  $01:A01B: A0 80    LDY #$80
f378    c11228461    i59378651    A:04 X:20 Y:80 S:DB P:NvUbdIzC  $01:A01D: BD E8 05 LDA $05E8,X @ $0608 = #$04
f378    c11228466    i59378652    A:04 X:20 Y:80 S:DB P:nvUbdIzC  $01:A020: 10 04    BPL $A026
f378    c11228469    i59378653    A:04 X:20 Y:80 S:DB P:nvUbdIzC  $01:A026: 8C 00 20 STY $2000 = #$80
f378    c11228473    i59378654    A:04 X:20 Y:80 S:DB P:nvUbdIzC  $01:A029: A8       TAY
f378    c11228475    i59378655    A:04 X:20 Y:04 S:DB P:nvUbdIzC  $01:A02A: BD EA 05 LDA $05EA,X @ $060A = #$25
f378    c11228480    i59378656    A:25 X:20 Y:04 S:DB P:nvUbdIzC  $01:A02D: 8D 06 20 STA $2006 = #$DF
f378    c11228484    i59378657    A:25 X:20 Y:04 S:DB P:nvUbdIzC  $01:A030: BD E9 05 LDA $05E9,X @ $0609 = #$98
f378    c11228489    i59378658    A:98 X:20 Y:04 S:DB P:NvUbdIzC  $01:A033: 8D 06 20 STA $2006 = #$DF
f378    c11228493    i59378659    A:98 X:20 Y:04 S:DB P:NvUbdIzC  $01:A036: BD EB 05 LDA $05EB,X @ $060B = #$61
f378    c11228498    i59378660    A:61 X:20 Y:04 S:DB P:nvUbdIzC  $01:A039: 8D 07 20 STA $2007 = #$00
f378    c11228502    i59378661    A:61 X:20 Y:04 S:DB P:nvUbdIzC  $01:A03C: E8       INX
f378    c11228504    i59378662    A:61 X:21 Y:04 S:DB P:nvUbdIzC  $01:A03D: 88       DEY
f378    c11228506    i59378663    A:61 X:21 Y:03 S:DB P:nvUbdIzC  $01:A03E: D0 F6    BNE $A036
f378    c11228509    i59378664    A:61 X:21 Y:03 S:DB P:nvUbdIzC  $01:A036: BD EB 05 LDA $05EB,X @ $060C = #$61
f378    c11228514    i59378665    A:61 X:21 Y:03 S:DB P:nvUbdIzC  $01:A039: 8D 07 20 STA $2007 = #$00
f378    c11228518    i59378666    A:61 X:21 Y:03 S:DB P:nvUbdIzC  $01:A03C: E8       INX
f378    c11228520    i59378667    A:61 X:22 Y:03 S:DB P:nvUbdIzC  $01:A03D: 88       DEY
f378    c11228522    i59378668    A:61 X:22 Y:02 S:DB P:nvUbdIzC  $01:A03E: D0 F6    BNE $A036
f378    c11228525    i59378669    A:61 X:22 Y:02 S:DB P:nvUbdIzC  $01:A036: BD EB 05 LDA $05EB,X @ $060D = #$61
f378    c11228534    i59378670    A:61 X:22 Y:02 S:DB P:nvUbdIzC  $01:A039: 8D 07 20 STA $2007 = #$00
f378    c11228538    i59378671    A:61 X:22 Y:02 S:DB P:nvUbdIzC  $01:A03C: E8       INX
f378    c11228540    i59378672    A:61 X:23 Y:02 S:DB P:nvUbdIzC  $01:A03D: 88       DEY
f378    c11228542    i59378673    A:61 X:23 Y:01 S:DB P:nvUbdIzC  $01:A03E: D0 F6    BNE $A036
f378    c11228545    i59378674    A:61 X:23 Y:01 S:DB P:nvUbdIzC  $01:A036: BD EB 05 LDA $05EB,X @ $060E = #$61
f378    c11228550    i59378675    A:61 X:23 Y:01 S:DB P:nvUbdIzC  $01:A039: 8D 07 20 STA $2007 = #$00
f378    c11228554    i59378676    A:61 X:23 Y:01 S:DB P:nvUbdIzC  $01:A03C: E8       INX
f378    c11228556    i59378677    A:61 X:24 Y:01 S:DB P:nvUbdIzC  $01:A03D: 88       DEY
f378    c11228558    i59378678    A:61 X:24 Y:00 S:DB P:nvUbdIZC  $01:A03E: D0 F6    BNE $A036
f378    c11228560    i59378679    A:61 X:24 Y:00 S:DB P:nvUbdIZC  $01:A040: E8       INX
f378    c11228562    i59378680    A:61 X:25 Y:00 S:DB P:nvUbdIzC  $01:A041: E8       INX
f378    c11228564    i59378681    A:61 X:26 Y:00 S:DB P:nvUbdIzC  $01:A042: E8       INX
f379    c11258492    i59388266    A:00 X:02 Y:08 S:E7 P:nvUbdIzc  $01:A0ED: BD 15 40 LDA $4015,X @ $4017 = #$01
f379    c11258496    i59388267    A:40 X:02 Y:08 S:E7 P:nvUbdIzc  $01:A0F0: 4A       LSR
f379    c11258498    i59388268    A:20 X:02 Y:08 S:E7 P:nvUbdIzc  $01:A0F1: 26 3F    ROL $3F = #$00
f379    c11258503    i59388269    A:20 X:02 Y:08 S:E7 P:nvUbdIZc  $01:A0F3: 29 01    AND #$01
f379    c11258505    i59388270    A:00 X:02 Y:08 S:E7 P:nvUbdIZc  $01:A0F5: 05 3F    ORA $3F = #$00
f379    c11258508    i59388271    A:00 X:02 Y:08 S:E7 P:nvUbdIZc  $01:A0F7: 85 3F    STA $3F = #$00
f379    c11258511    i59388272    A:00 X:02 Y:08 S:E7 P:nvUbdIZc  $01:A0F9: 88       DEY
f379    c11258513    i59388273    A:00 X:02 Y:07 S:E7 P:nvUbdIzc  $01:A0FA: D0 F1    BNE $A0ED
f379    c11258516    i59388274    A:00 X:02 Y:07 S:E7 P:nvUbdIzc  $01:A0ED: BD 15 40 LDA $4015,X @ $4017 = #$01
f379    c11258520    i59388275    A:40 X:02 Y:07 S:E7 P:nvUbdIzc  $01:A0F0: 4A       LSR
f379    c11258522    i59388276    A:20 X:02 Y:07 S:E7 P:nvUbdIzc  $01:A0F1: 26 3F    ROL $3F = #$00
f379    c11258527    i59388277    A:20 X:02 Y:07 S:E7 P:nvUbdIZc  $01:A0F3: 29 01    AND #$01
f379    c11258529    i59388278    A:00 X:02 Y:07 S:E7 P:nvUbdIZc  $01:A0F5: 05 3F    ORA $3F = #$00
f379    c11258532    i59388279    A:00 X:02 Y:07 S:E7 P:nvUbdIZc  $01:A0F7: 85 3F    STA $3F = #$00
f379    c11258535    i59388280    A:00 X:02 Y:07 S:E7 P:nvUbdIZc  $01:A0F9: 88       DEY
f379    c11258537    i59388281    A:00 X:02 Y:06 S:E7 P:nvUbdIzc  $01:A0FA: D0 F1    BNE $A0ED
f379    c11258540    i59388282    A:00 X:02 Y:06 S:E7 P:nvUbdIzc  $01:A0ED: BD 15 40 LDA $4015,X @ $4017 = #$01
f379    c11258544    i59388283    A:40 X:02 Y:06 S:E7 P:nvUbdIzc  $01:A0F0: 4A       LSR
f379    c11258546    i59388284    A:20 X:02 Y:06 S:E7 P:nvUbdIzc  $01:A0F1: 26 3F    ROL $3F = #$00
f379    c11258551    i59388285    A:20 X:02 Y:06 S:E7 P:nvUbdIZc  $01:A0F3: 29 01    AND #$01
f379    c11258553    i59388286    A:00 X:02 Y:06 S:E7 P:nvUbdIZc  $01:A0F5: 05 3F    ORA $3F = #$00
f379    c11258556    i59388287    A:00 X:02 Y:06 S:E7 P:nvUbdIZc  $01:A0F7: 85 3F    STA $3F = #$00
f379    c11258559    i59388288    A:00 X:02 Y:06 S:E7 P:nvUbdIZc  $01:A0F9: 88       DEY
f379    c11258561    i59388289    A:00 X:02 Y:05 S:E7 P:nvUbdIzc  $01:A0FA: D0 F1    BNE $A0ED
f379    c11258564    i59388290    A:00 X:02 Y:05 S:E7 P:nvUbdIzc  $01:A0ED: BD 15 40 LDA $4015,X @ $4017 = #$01
f379    c11258568    i59388291    A:40 X:02 Y:05 S:E7 P:nvUbdIzc  $01:A0F0: 4A       LSR
f379    c11258570    i59388292    A:20 X:02 Y:05 S:E7 P:nvUbdIzc  $01:A0F1: 26 3F    ROL $3F = #$00
f379    c11258575    i59388293    A:20 X:02 Y:05 S:E7 P:nvUbdIZc  $01:A0F3: 29 01    AND #$01
f379    c11258577    i59388294    A:00 X:02 Y:05 S:E7 P:nvUbdIZc  $01:A0F5: 05 3F    ORA $3F = #$00
f379    c11258580    i59388295    A:00 X:02 Y:05 S:E7 P:nvUbdIZc  $01:A0F7: 85 3F    STA $3F = #$00
f379    c11258583    i59388296    A:00 X:02 Y:05 S:E7 P:nvUbdIZc  $01:A0F9: 88       DEY
f379    c11258585    i59388297    A:00 X:02 Y:04 S:E7 P:nvUbdIzc  $01:A0FA: D0 F1    BNE $A0ED
f379    c11258588    i59388298    A:00 X:02 Y:04 S:E7 P:nvUbdIzc  $01:A0ED: BD 15 40 LDA $4015,X @ $4017 = #$01
f379    c11258592    i59388299    A:40 X:02 Y:04 S:E7 P:nvUbdIzc  $01:A0F0: 4A       LSR
f379    c11258594    i59388300    A:20 X:02 Y:04 S:E7 P:nvUbdIzc  $01:A0F1: 26 3F    ROL $3F = #$00
f379    c11258599    i59388301    A:20 X:02 Y:04 S:E7 P:nvUbdIZc  $01:A0F3: 29 01    AND #$01
f379    c11258601    i59388302    A:00 X:02 Y:04 S:E7 P:nvUbdIZc  $01:A0F5: 05 3F    ORA $3F = #$00
f379    c11258604    i59388303    A:00 X:02 Y:04 S:E7 P:nvUbdIZc  $01:A0F7: 85 3F    STA $3F = #$00
f379    c11258607    i59388304    A:00 X:02 Y:04 S:E7 P:nvUbdIZc  $01:A0F9: 88       DEY
f379    c11258609    i59388305    A:00 X:02 Y:03 S:E7 P:nvUbdIzc  $01:A0FA: D0 F1    BNE $A0ED
f379    c11258612    i59388306    A:00 X:02 Y:03 S:E7 P:nvUbdIzc  $01:A0ED: BD 15 40 LDA $4015,X @ $4017 = #$01
f379    c11258616    i59388307    A:40 X:02 Y:03 S:E7 P:nvUbdIzc  $01:A0F0: 4A       LSR
f379    c11266373    i59390640    A:00 X:0F Y:04 S:4C P:nvUbdiZc  $00:9AA8: B9 2A 06 LDA $062A,Y @ $062E = #$0F
f379    c11266377    i59390641    A:0F X:0F Y:04 S:4C P:nvUbdizc  $00:9AAB: 29 0F    AND #$0F
f379    c11266379    i59390642    A:0F X:0F Y:04 S:4C P:nvUbdizc  $00:9AAD: 05 E6    ORA $E6 = #$00
f379    c11266382    i59390643    A:0F X:0F Y:04 S:4C P:nvUbdizc  $00:9AAF: A6 E7    LDX $E7 = #$07
f379    c11266385    i59390644    A:0F X:07 Y:04 S:4C P:nvUbdizc  $00:9AB1: 9D E8 05 STA $05E8,X @ $05EF = #$61
f379    c11266390    i59390645    A:0F X:07 Y:04 S:4C P:nvUbdizc  $00:9AB4: E6 E7    INC $E7 = #$07
f379    c11266395    i59390646    A:0F X:07 Y:04 S:4C P:nvUbdizc  $00:9AB6: C8       INY
f379    c11266397    i59390647    A:0F X:07 Y:05 S:4C P:nvUbdizc  $00:9AB7: 60       RTS (from $9AA2)
f379    c11266403    i59390648    A:0F X:07 Y:05 S:4E P:nvUbdizc  $00:9A89: C0 10    CPY #$10
f379    c11266405    i59390649    A:0F X:07 Y:05 S:4E P:NvUbdizc  $00:9A8B: D0 F1    BNE $9A7E
f379    c11266408    i59390650    A:0F X:07 Y:05 S:4E P:NvUbdizc  $00:9A7E: B9 2A 06 LDA $062A,Y @ $062F = #$36
f379    c11266412    i59390651    A:36 X:07 Y:05 S:4E P:nvUbdizc  $00:9A81: 29 30    AND #$30
f379    c11266414    i59390652    A:30 X:07 Y:05 S:4E P:nvUbdizc  $00:9A83: 18       CLC
f379    c11266416    i59390653    A:30 X:07 Y:05 S:4E P:nvUbdizc  $00:9A84: 65 4A    ADC $4A = #$0F
f379    c11266419    i59390654    A:3F X:07 Y:05 S:4E P:nvUbdizc  $00:9A86: 20 A2 9A JSR $9AA2
f379    c11266425    i59390655    A:3F X:07 Y:05 S:4C P:nvUbdizc  $00:9AA2: AA       TAX
f379    c11266427    i59390656    A:3F X:3F Y:05 S:4C P:nvUbdizc  $00:9AA3: BD A2 9E LDA $9EA2,X @ $9EE1 = #$30
f379    c11266431    i59390657    A:30 X:3F Y:05 S:4C P:nvUbdizc  $00:9AA6: 85 E6    STA $E6 = #$00
f379    c11266434    i59390658    A:30 X:3F Y:05 S:4C P:nvUbdizc  $00:9AA8: B9 2A 06 LDA $062A,Y @ $062F = #$36
f379    c11266438    i59390659    A:36 X:3F Y:05 S:4C P:nvUbdizc  $00:9AAB: 29 0F    AND #$0F
f379    c11266440    i59390660    A:06 X:3F Y:05 S:4C P:nvUbdizc  $00:9AAD: 05 E6    ORA $E6 = #$30
f379    c11266443    i59390661    A:36 X:3F Y:05 S:4C P:nvUbdizc  $00:9AAF: A6 E7    LDX $E7 = #$08
f379    c11266446    i59390662    A:36 X:08 Y:05 S:4C P:nvUbdizc  $00:9AB1: 9D E8 05 STA $05E8,X @ $05F0 = #$61
f379    c11266451    i59390663    A:36 X:08 Y:05 S:4C P:nvUbdizc  $00:9AB4: E6 E7    INC $E7 = #$08
f379    c11266456    i59390664    A:36 X:08 Y:05 S:4C P:nvUbdizc  $00:9AB6: C8       INY
f379    c11266458    i59390665    A:36 X:08 Y:06 S:4C P:nvUbdizc  $00:9AB7: 60       RTS (from $9AA2)
f379    c11266464    i59390666    A:36 X:08 Y:06 S:4E P:nvUbdizc  $00:9A89: C0 10    CPY #$10
f379    c11266466    i59390667    A:36 X:08 Y:06 S:4E P:NvUbdizc  $00:9A8B: D0 F1    BNE $9A7E
f379    c11266469    i59390668    A:36 X:08 Y:06 S:4E P:NvUbdizc  $00:9A7E: B9 2A 06 LDA $062A,Y @ $0630 = #$25
f379    c11266473    i59390669    A:25 X:08 Y:06 S:4E P:nvUbdizc  $00:9A81: 29 30    AND #$30
f379    c11266475    i59390670    A:20 X:08 Y:06 S:4E P:nvUbdizc  $00:9A83: 18       CLC
f379    c11266477    i59390671    A:20 X:08 Y:06 S:4E P:nvUbdizc  $00:9A84: 65 4A    ADC $4A = #$0F
f379    c11266480    i59390672    A:2F X:08 Y:06 S:4E P:nvUbdizc  $00:9A86: 20 A2 9A JSR $9AA2
f379    c11266486    i59390673    A:2F X:08 Y:06 S:4C P:nvUbdizc  $00:9AA2: AA       TAX
f379    c11266488    i59390674    A:2F X:2F Y:06 S:4C P:nvUbdizc  $00:9AA3: BD A2 9E LDA $9EA2,X @ $9ED1 = #$20
f379    c11266492    i59390675    A:20 X:2F Y:06 S:4C P:nvUbdizc  $00:9AA6: 85 E6    STA $E6 = #$30
f379    c11266495    i59390676    A:20 X:2F Y:06 S:4C P:nvUbdizc  $00:9AA8: B9 2A 06 LDA $062A,Y @ $0630 = #$25
f379    c11266499    i59390677    A:25 X:2F Y:06 S:4C P:nvUbdizc  $00:9AAB: 29 0F    AND #$0F
f379    c11266501    i59390678    A:05 X:2F Y:06 S:4C P:nvUbdizc  $00:9AAD: 05 E6    ORA $E6 = #$20
f379    c11266504    i59390679    A:25 X:2F Y:06 S:4C P:nvUbdizc  $00:9AAF: A6 E7    LDX $E7 = #$09
f379    c11266507    i59390680    A:25 X:09 Y:06 S:4C P:nvUbdizc  $00:9AB1: 9D E8 05 STA $05E8,X @ $05F1 = #$61
f379    c11267378    i59390933    A:0F X:0F Y:11 S:4C P:nvUbdizc  $00:9AA3: BD A2 9E LDA $9EA2,X @ $9EB1 = #$00
f379    c11267382    i59390934    A:00 X:0F Y:11 S:4C P:nvUbdiZc  $00:9AA6: 85 E6    STA $E6 = #$00
f379    c11267385    i59390935    A:00 X:0F Y:11 S:4C P:nvUbdiZc  $00:9AA8: B9 2A 06 LDA $062A,Y @ $063B = #$0F
f379    c11267389    i59390936    A:0F X:0F Y:11 S:4C P:nvUbdizc  $00:9AAB: 29 0F    AND #$0F
f379    c11267391    i59390937    A:0F X:0F Y:11 S:4C P:nvUbdizc  $00:9AAD: 05 E6    ORA $E6 = #$00
f379    c11267394    i59390938    A:0F X:0F Y:11 S:4C P:nvUbdizc  $00:9AAF: A6 E7    LDX $E7 = #$14
f379    c11267397    i59390939    A:0F X:14 Y:11 S:4C P:nvUbdizc  $00:9AB1: 9D E8 05 STA $05E8,X @ $05FC = #$25
f379    c11267402    i59390940    A:0F X:14 Y:11 S:4C P:nvUbdizc  $00:9AB4: E6 E7    INC $E7 = #$14
f379    c11267407    i59390941    A:0F X:14 Y:11 S:4C P:nvUbdizc  $00:9AB6: C8       INY
f379    c11267413    i59390942    A:0F X:14 Y:12 S:4C P:nvUbdizc  $00:9AB7: 60       RTS (from $9AA2)
f379    c11267419    i59390943    A:0F X:14 Y:12 S:4E P:nvUbdizc  $00:9A98: C0 20    CPY #$20
f379    c11267421    i59390944    A:0F X:14 Y:12 S:4E P:NvUbdizc  $00:9A9A: D0 F1    BNE $9A8D
f379    c11267424    i59390945    A:0F X:14 Y:12 S:4E P:NvUbdizc  $00:9A8D: B9 2A 06 LDA $062A,Y @ $063C = #$0F
f379    c11267428    i59390946    A:0F X:14 Y:12 S:4E P:nvUbdizc  $00:9A90: 29 30    AND #$30
f379    c11267430    i59390947    A:00 X:14 Y:12 S:4E P:nvUbdiZc  $00:9A92: 18       CLC
f379    c11267432    i59390948    A:00 X:14 Y:12 S:4E P:nvUbdiZc  $00:9A93: 65 4B    ADC $4B = #$0F
f379    c11267435    i59390949    A:0F X:14 Y:12 S:4E P:nvUbdizc  $00:9A95: 20 A2 9A JSR $9AA2
f379    c11267441    i59390950    A:0F X:14 Y:12 S:4C P:nvUbdizc  $00:9AA2: AA       TAX
f379    c11267443    i59390951    A:0F X:0F Y:12 S:4C P:nvUbdizc  $00:9AA3: BD A2 9E LDA $9EA2,X @ $9EB1 = #$00
f379    c11267447    i59390952    A:00 X:0F Y:12 S:4C P:nvUbdiZc  $00:9AA6: 85 E6    STA $E6 = #$00
f379    c11267450    i59390953    A:00 X:0F Y:12 S:4C P:nvUbdiZc  $00:9AA8: B9 2A 06 LDA $062A,Y @ $063C = #$0F
f379    c11267454    i59390954    A:0F X:0F Y:12 S:4C P:nvUbdizc  $00:9AAB: 29 0F    AND #$0F
f379    c11267456    i59390955    A:0F X:0F Y:12 S:4C P:nvUbdizc  $00:9AAD: 05 E6    ORA $E6 = #$00
f379    c11267459    i59390956    A:0F X:0F Y:12 S:4C P:nvUbdizc  $00:9AAF: A6 E7    LDX $E7 = #$15
f379    c11267462    i59390957    A:0F X:15 Y:12 S:4C P:nvUbdizc  $00:9AB1: 9D E8 05 STA $05E8,X @ $05FD = #$69
f379    c11267467    i59390958    A:0F X:15 Y:12 S:4C P:nvUbdizc  $00:9AB4: E6 E7    INC $E7 = #$15
f379    c11267472    i59390959    A:0F X:15 Y:12 S:4C P:nvUbdizc  $00:9AB6: C8       INY
f379    c11267474    i59390960    A:0F X:15 Y:13 S:4C P:nvUbdizc  $00:9AB7: 60       RTS (from $9AA2)
f379    c11267480    i59390961    A:0F X:15 Y:13 S:4E P:nvUbdizc  $00:9A98: C0 20    CPY #$20
f379    c11267482    i59390962    A:0F X:15 Y:13 S:4E P:NvUbdizc  $00:9A9A: D0 F1    BNE $9A8D
f379    c11267485    i59390963    A:0F X:15 Y:13 S:4E P:NvUbdizc  $00:9A8D: B9 2A 06 LDA $062A,Y @ $063D = #$36
f379    c11267489    i59390964    A:36 X:15 Y:13 S:4E P:nvUbdizc  $00:9A90: 29 30    AND #$30
f379    c11267491    i59390965    A:30 X:15 Y:13 S:4E P:nvUbdizc  $00:9A92: 18       CLC
f379    c11267493    i59390966    A:30 X:15 Y:13 S:4E P:nvUbdizc  $00:9A93: 65 4B    ADC $4B = #$0F
f379    c11267496    i59390967    A:3F X:15 Y:13 S:4E P:nvUbdizc  $00:9A95: 20 A2 9A JSR $9AA2
f379    c11267502    i59390968    A:3F X:15 Y:13 S:4C P:nvUbdizc  $00:9AA2: AA       TAX
f379    c11267504    i59390969    A:3F X:3F Y:13 S:4C P:nvUbdizc  $00:9AA3: BD A2 9E LDA $9EA2,X @ $9EE1 = #$30
f379    c11267508    i59390970    A:30 X:3F Y:13 S:4C P:nvUbdizc  $00:9AA6: 85 E6    STA $E6 = #$00
f379    c11267511    i59390971    A:30 X:3F Y:13 S:4C P:nvUbdizc  $00:9AA8: B9 2A 06 LDA $062A,Y @ $063D = #$36
f379    c11267515    i59390972    A:36 X:3F Y:13 S:4C P:nvUbdizc  $00:9AAB: 29 0F    AND #$0F
f379    c11267517    i59390973    A:06 X:3F Y:13 S:4C P:nvUbdizc  $00:9AAD: 05 E6    ORA $E6 = #$30
f380    c11297938    i59400524    A:85 X:68 Y:10 S:C8 P:NvUbdizC  $00:91E1: 10 08    BPL $91EB
f380    c11297940    i59400525    A:85 X:68 Y:10 S:C8 P:NvUbdizC  $00:91E3: BD 6A 04 LDA $046A,X @ $04D2 = #$46
f380    c11297944    i59400526    A:46 X:68 Y:10 S:C8 P:nvUbdizC  $00:91E6: 49 04    EOR #$04
f380    c11297946    i59400527    A:42 X:68 Y:10 S:C8 P:nvUbdizC  $00:91E8: 9D 6A 04 STA $046A,X @ $04D2 = #$46
f380    c11297951    i59400528    A:42 X:68 Y:10 S:C8 P:nvUbdizC  $00:91EB: 8A       TXA
f380    c11297953    i59400529    A:68 X:68 Y:10 S:C8 P:nvUbdizC  $00:91EC: 18       CLC
f380    c11297955    i59400530    A:68 X:68 Y:10 S:C8 P:nvUbdizc  $00:91ED: 69 04    ADC #$04
f380    c11297957    i59400531    A:6C X:68 Y:10 S:C8 P:nvUbdizc  $00:91EF: AA       TAX
f380    c11297959    i59400532    A:6C X:6C Y:10 S:C8 P:nvUbdizc  $00:91F0: 88       DEY
f380    c11297961    i59400533    A:6C X:6C Y:0F S:C8 P:nvUbdizc  $00:91F1: D0 CC    BNE $91BF
f380    c11297964    i59400534    A:6C X:6C Y:0F S:C8 P:nvUbdizc  $00:91BF: A5 E6    LDA $E6 = #$00
f380    c11297967    i59400535    A:00 X:6C Y:0F S:C8 P:nvUbdiZc  $00:91C1: 18       CLC
f380    c11297969    i59400536    A:00 X:6C Y:0F S:C8 P:nvUbdiZc  $00:91C2: 7D 68 04 ADC $0468,X @ $04D4 = #$44
f380    c11297973    i59400537    A:44 X:6C Y:0F S:C8 P:nvUbdizc  $00:91C5: 9D 68 04 STA $0468,X @ $04D4 = #$44
f380    c11297978    i59400538    A:44 X:6C Y:0F S:C8 P:nvUbdizc  $00:91C8: 6A       ROR
f380    c11297980    i59400539    A:22 X:6C Y:0F S:C8 P:nvUbdizc  $00:91C9: 45 E6    EOR $E6 = #$00
f380    c11297983    i59400540    A:22 X:6C Y:0F S:C8 P:nvUbdizc  $00:91CB: 10 08    BPL $91D5
f380    c11297986    i59400541    A:22 X:6C Y:0F S:C8 P:nvUbdizc  $00:91D5: A5 E8    LDA $E8 = #$05
f380    c11297989    i59400542    A:05 X:6C Y:0F S:C8 P:nvUbdizc  $00:91D7: 18       CLC
f380    c11297991    i59400543    A:05 X:6C Y:0F S:C8 P:nvUbdizc  $00:91D8: 7D 6B 04 ADC $046B,X @ $04D7 = #$F4
f380    c11297995    i59400544    A:F9 X:6C Y:0F S:C8 P:NvUbdizc  $00:91DB: 9D 6B 04 STA $046B,X @ $04D7 = #$F4
f380    c11298000    i59400545    A:F9 X:6C Y:0F S:C8 P:NvUbdizc  $00:91DE: 6A       ROR
f380    c11298002    i59400546    A:7C X:6C Y:0F S:C8 P:nvUbdizC  $00:91DF: 45 E8    EOR $E8 = #$05
f380    c11298005    i59400547    A:79 X:6C Y:0F S:C8 P:nvUbdizC  $00:91E1: 10 08    BPL $91EB
f380    c11298008    i59400548    A:79 X:6C Y:0F S:C8 P:nvUbdizC  $00:91EB: 8A       TXA
f380    c11298010    i59400549    A:6C X:6C Y:0F S:C8 P:nvUbdizC  $00:91EC: 18       CLC
f380    c11298012    i59400550    A:6C X:6C Y:0F S:C8 P:nvUbdizc  $00:91ED: 69 04    ADC #$04
f380    c11298014    i59400551    A:70 X:6C Y:0F S:C8 P:nvUbdizc  $00:91EF: AA       TAX
f380    c11298016    i59400552    A:70 X:70 Y:0F S:C8 P:nvUbdizc  $00:91F0: 88       DEY
f380    c11298018    i59400553    A:70 X:70 Y:0E S:C8 P:nvUbdizc  $00:91F1: D0 CC    BNE $91BF
f380    c11298021    i59400554    A:70 X:70 Y:0E S:C8 P:nvUbdizc  $00:91BF: A5 E6    LDA $E6 = #$00
f380    c11298024    i59400555    A:00 X:70 Y:0E S:C8 P:nvUbdiZc  $00:91C1: 18       CLC
f380    c11298026    i59400556    A:00 X:70 Y:0E S:C8 P:nvUbdiZc  $00:91C2: 7D 68 04 ADC $0468,X @ $04D8 = #$4C
f380    c11298030    i59400557    A:4C X:70 Y:0E S:C8 P:nvUbdizc  $00:91C5: 9D 68 04 STA $0468,X @ $04D8 = #$4C
f380    c11298035    i59400558    A:4C X:70 Y:0E S:C8 P:nvUbdizc  $00:91C8: 6A       ROR
f380    c11298037    i59400559    A:26 X:70 Y:0E S:C8 P:nvUbdizc  $00:91C9: 45 E6    EOR $E6 = #$00
f380    c11298040    i59400560    A:26 X:70 Y:0E S:C8 P:nvUbdizc  $00:91CB: 10 08    BPL $91D5
f380    c11298043    i59400561    A:26 X:70 Y:0E S:C8 P:nvUbdizc  $00:91D5: A5 E8    LDA $E8 = #$05
f380    c11298046    i59400562    A:05 X:70 Y:0E S:C8 P:nvUbdizc  $00:91D7: 18       CLC
f380    c11298048    i59400563    A:05 X:70 Y:0E S:C8 P:nvUbdizc  $00:91D8: 7D 6B 04 ADC $046B,X @ $04DB = #$F9
f380    c11298052    i59400564    A:FE X:70 Y:0E S:C8 P:NvUbdizc  $00:91DB: 9D 6B 04 STA $046B,X @ $04DB = #$F9
f380    c11298057    i59400565    A:FE X:70 Y:0E S:C8 P:NvUbdizc  $00:91DE: 6A       ROR
f380    c11313576    i59405804    A:1F X:1F Y:02 S:EC P:nvUbdizc  $00:9AA3: BD A2 9E LDA $9EA2,X @ $9EC1 = #$10
f380    c11313580    i59405805    A:10 X:1F Y:02 S:EC P:nvUbdizc  $00:9AA6: 85 E6    STA $E6 = #$10
f380    c11313583    i59405806    A:10 X:1F Y:02 S:EC P:nvUbdizc  $00:9AA8: B9 2A 06 LDA $062A,Y @ $062C = #$18
f380    c11313587    i59405807    A:18 X:1F Y:02 S:EC P:nvUbdizc  $00:9AAB: 29 0F    AND #$0F
f380    c11313589    i59405808    A:08 X:1F Y:02 S:EC P:nvUbdizc  $00:9AAD: 05 E6    ORA $E6 = #$10
f380    c11313592    i59405809    A:18 X:1F Y:02 S:EC P:nvUbdizc  $00:9AAF: A6 E7    LDX $E7 = #$1A
f380    c11313595    i59405810    A:18 X:1A Y:02 S:EC P:nvUbdizc  $00:9AB1: 9D E8 05 STA $05E8,X @ $0602 = #$36
f380    c11313600    i59405811    A:18 X:1A Y:02 S:EC P:nvUbdizc  $00:9AB4: E6 E7    INC $E7 = #$1A
f380    c11313605    i59405812    A:18 X:1A Y:02 S:EC P:nvUbdizc  $00:9AB6: C8       INY
f380    c11313607    i59405813    A:18 X:1A Y:03 S:EC P:nvUbdizc  $00:9AB7: 60       RTS (from $9AA2)
f380    c11313613    i59405814    A:18 X:1A Y:03 S:EE P:nvUbdizc  $00:9A89: C0 10    CPY #$10
f380    c11313615    i59405815    A:18 X:1A Y:03 S:EE P:NvUbdizc  $00:9A8B: D0 F1    BNE $9A7E
f380    c11313618    i59405816    A:18 X:1A Y:03 S:EE P:NvUbdizc  $00:9A7E: B9 2A 06 LDA $062A,Y @ $062D = #$30
f380    c11313622    i59405817    A:30 X:1A Y:03 S:EE P:nvUbdizc  $00:9A81: 29 30    AND #$30
f380    c11313624    i59405818    A:30 X:1A Y:03 S:EE P:nvUbdizc  $00:9A83: 18       CLC
f380    c11313626    i59405819    A:30 X:1A Y:03 S:EE P:nvUbdizc  $00:9A84: 65 4A    ADC $4A = #$0F
f380    c11313629    i59405820    A:3F X:1A Y:03 S:EE P:nvUbdizc  $00:9A86: 20 A2 9A JSR $9AA2
f380    c11313635    i59405821    A:3F X:1A Y:03 S:EC P:nvUbdizc  $00:9AA2: AA       TAX
f380    c11313637    i59405822    A:3F X:3F Y:03 S:EC P:nvUbdizc  $00:9AA3: BD A2 9E LDA $9EA2,X @ $9EE1 = #$30
f380    c11313641    i59405823    A:30 X:3F Y:03 S:EC P:nvUbdizc  $00:9AA6: 85 E6    STA $E6 = #$10
f380    c11313644    i59405824    A:30 X:3F Y:03 S:EC P:nvUbdizc  $00:9AA8: B9 2A 06 LDA $062A,Y @ $062D = #$30
f380    c11313648    i59405825    A:30 X:3F Y:03 S:EC P:nvUbdizc  $00:9AAB: 29 0F    AND #$0F
f380    c11313650    i59405826    A:00 X:3F Y:03 S:EC P:nvUbdiZc  $00:9AAD: 05 E6    ORA $E6 = #$30
f380    c11313653    i59405827    A:30 X:3F Y:03 S:EC P:nvUbdizc  $00:9AAF: A6 E7    LDX $E7 = #$1B
f380    c11313656    i59405828    A:30 X:1B Y:03 S:EC P:nvUbdizc  $00:9AB1: 9D E8 05 STA $05E8,X @ $0603 = #$0F
f380    c11313661    i59405829    A:30 X:1B Y:03 S:EC P:nvUbdizc  $00:9AB4: E6 E7    INC $E7 = #$1B
f380    c11313666    i59405830    A:30 X:1B Y:03 S:EC P:nvUbdizc  $00:9AB6: C8       INY
f380    c11313668    i59405831    A:30 X:1B Y:04 S:EC P:nvUbdizc  $00:9AB7: 60       RTS (from $9AA2)
f380    c11313674    i59405832    A:30 X:1B Y:04 S:EE P:nvUbdizc  $00:9A89: C0 10    CPY #$10
f380    c11313676    i59405833    A:30 X:1B Y:04 S:EE P:NvUbdizc  $00:9A8B: D0 F1    BNE $9A7E
f380    c11313679    i59405834    A:30 X:1B Y:04 S:EE P:NvUbdizc  $00:9A7E: B9 2A 06 LDA $062A,Y @ $062E = #$0F
f380    c11313683    i59405835    A:0F X:1B Y:04 S:EE P:nvUbdizc  $00:9A81: 29 30    AND #$30
f380    c11313685    i59405836    A:00 X:1B Y:04 S:EE P:nvUbdiZc  $00:9A83: 18       CLC
f380    c11313687    i59405837    A:00 X:1B Y:04 S:EE P:nvUbdiZc  $00:9A84: 65 4A    ADC $4A = #$0F
f380    c11313690    i59405838    A:0F X:1B Y:04 S:EE P:nvUbdizc  $00:9A86: 20 A2 9A JSR $9AA2
f380    c11313696    i59405839    A:0F X:1B Y:04 S:EC P:nvUbdizc  $00:9AA2: AA       TAX
f380    c11313698    i59405840    A:0F X:0F Y:04 S:EC P:nvUbdizc  $00:9AA3: BD A2 9E LDA $9EA2,X @ $9EB1 = #$00
f380    c11313702    i59405841    A:00 X:0F Y:04 S:EC P:nvUbdiZc  $00:9AA6: 85 E6    STA $E6 = #$30
f380    c11313705    i59405842    A:00 X:0F Y:04 S:EC P:nvUbdiZc  $00:9AA8: B9 2A 06 LDA $062A,Y @ $062E = #$0F
f380    c11313709    i59405843    A:0F X:0F Y:04 S:EC P:nvUbdizc  $00:9AAB: 29 0F    AND #$0F
f380    c11313711    i59405844    A:0F X:0F Y:04 S:EC P:nvUbdizc  $00:9AAD: 05 E6    ORA $E6 = #$00
